wanted_auth_no,company,title,wage,region,cert,education,career,reg_date,due_date,detail_url
KF10532609180003,대동재가노인복지센터,재가요양보호사 모집[북면 신촌리],"시급10,320 원 이상 ~ 10,320 원 이하",경남 창원시 의창구,[인증],,관계없음,26-09-18,26-11-17,http://www.work.go.kr/empInfo/empInfoSrch/detail/empDetailAuthView.do?callPage=detail&wantedAuthNo=KF10532609180003
KF10532609180002,제일전자,품질검사원 모집,"시급10,500 원 이상 ~ 10,500 원 이하",경남 창원시 의창구,[인증],,경력 1년,26-09-18,26-11-17,http://www.work.go.kr/empInfo/empInfoSrch/detail/empDetailAuthView.do?callPage=detail&wantedAuthNo=KF10532609180002
KJBM002609180025,쿠팡풀필먼트서비스 유한회사(Coupang Fulfillment Services Ltd.),【2026 수영구 일자리박람회(10.7 수요일) 직접참여】 큐팡 물류센터 물류사원 채용,월급230 만원 이상 ~ 290 만원 이하,경남 창원시 진해구,[인증],,신입,26-09-18,26-10-07,http://www.work.go.kr/empInfo/empInfoSrch/detail/empDetailAuthView.do?callPage=detail&wantedAuthNo=KJBM002609180025
K131132609180043,코드엔지니어링,"전기, 통신, 소방 설계원 채용","연봉3,000 만원 이상",경남 창원시 성산구,[인증],,관계없음,26-09-18,26-10-25,http://www.work.go.kr/empInfo/empInfoSrch/detail/empDetailAuthView.do?callPage=detail&wantedAuthNo=K131132609180043
KJSP002609180001,(주)대현종합관리,급구)아파트 내 미화원채용,"시급10,320 원 이상 ~ 10,320 원 이하",경남 창원시 성산구,[인증],,관계없음,26-09-18,26-11-17,http://www.work.go.kr/empInfo/empInfoSrch/detail/empDetailAuthView.do?callPage=detail&wantedAuthNo=KJSP002609180001
K131132609180042,대영정공,기계조립 및 검사사원 모집,"시급10,320 원 이상",경남 창원시 성산구,[인증],,관계없음,26-09-18,26-10-02,http://www.work.go.kr/empInfo/empInfoSrch/detail/empDetailAuthView.do?callPage=detail&wantedAuthNo=K131132609180042
K131132609180041,(주)에코여행사,에코여행사 상담업무직원 채용,"시급10,320 원 이상",경남 창원시 성산구,[인증],,신입,26-09-18,26-11-16,http://www.work.go.kr/empInfo/empInfoSrch/detail/empDetailAuthView.do?callPage=detail&wantedAuthNo=K131132609180041
K131132609180040,(주)삼정글로텍,물류보세창고 내 4.5톤 이상 지게차 운전  경력자 모집,월급350 만원 이상 ~ 400 만원 이하,경남 창원시 진해구,[인증],,경력 2년,26-09-18,26-11-17,http://www.work.go.kr/empInfo/empInfoSrch/detail/empDetailAuthView.do?callPage=detail&wantedAuthNo=K131132609180040
K131132609180039,（주）동경플라텍,[자동차부품] 품질관리팀 경력직 채용,"연봉4,000 만원 이상",경남 창원시 의창구,[인증],,경력 3년,26-09-18,26-11-17,http://www.work.go.kr/empInfo/empInfoSrch/detail/empDetailAuthView.do?callPage=detail&wantedAuthNo=K131132609180039
KEC0132609180002,(주)유성안전시스템,"(진해 장천동 병원)조리원 채용(오전, 종일 근무 각 1명)",월급315 만원 이상 ~ 330 만원 이하,경남 창원시 진해구,[인증],,관계없음,26-09-18,26-10-17,http://www.work.go.kr/empInfo/empInfoSrch/detail/empDetailAuthView.do?callPage=detail&wantedAuthNo=KEC0132609180002
K131132609180038,주식회사세인에스앤씨,케이조선내 협력업체 경리사무원 모집,월급230 만원 이상,경남 창원시 진해구,[인증],,관계없음,26-09-18,26-11-15,http://www.work.go.kr/empInfo/empInfoSrch/detail/empDetailAuthView.do?callPage=detail&wantedAuthNo=K131132609180038
K131132609180037,성원동화나라어린이집,애정 가득한 0세반 담임교사를 찾습니다.,월급216 만원 이상 ~ 256 만원 이하,경남 창원시 성산구,[인증],,신입,26-09-18,26-09-30,http://www.work.go.kr/empInfo/empInfoSrch/detail/empDetailAuthView.do?callPage=detail&wantedAuthNo=K131132609180037
K131112609180022,주식회사유니스타,주재원 승용차 출퇴근 운전기사 모집 (해운대 인근 거주자),월급216 만원 이상,경남 창원시 진해구,[인증],,관계없음,26-09-18,26-11-17,http://www.work.go.kr/empInfo/empInfoSrch/detail/empDetailAuthView.do?callPage=detail&wantedAuthNo=K131112609180022
K131132609180036,도해정밀,"반도체 및 금형 제품 검사 및 포장, CAD편집","시급10,320 원 이상",경남 창원시 의창구,[인증],,관계없음,26-09-18,26-10-18,http://www.work.go.kr/empInfo/empInfoSrch/detail/empDetailAuthView.do?callPage=detail&wantedAuthNo=K131132609180036
K131132609180034,더그린 주식회사,진해아트홀 안내지원(주말) 근무자 임시계약직 모집,월급119 만원 이상 ~ 119 만원 이하,경남 창원시 진해구,[인증],,관계없음,26-09-18,26-10-02,http://www.work.go.kr/empInfo/empInfoSrch/detail/empDetailAuthView.do?callPage=detail&wantedAuthNo=K131132609180034
K131132609180033,주식회사동경씨에스,편집인원구인,"연봉3,500 만원 이상",경남 창원시 성산구,[인증],,경력 1년,26-09-18,26-10-02,http://www.work.go.kr/empInfo/empInfoSrch/detail/empDetailAuthView.do?callPage=detail&wantedAuthNo=K131132609180033
K131132609180032,블루텍(bluetec),CNC선반 경력자 모집 합니다.,"연봉4,500 만원 이상 ~ 5,500 만원 이하",경남 창원시 의창구,[인증],,경력 3년,26-09-18,26-09-30,http://www.work.go.kr/empInfo/empInfoSrch/detail/empDetailAuthView.do?callPage=detail&wantedAuthNo=K131132609180032
K131132609180031,（주）동경플라텍,[자동차부품] 사출성형 생산직 모집,"시급10,320 원 이상",경남 창원시 의창구,[인증],,관계없음,26-09-18,26-11-17,http://www.work.go.kr/empInfo/empInfoSrch/detail/empDetailAuthView.do?callPage=detail&wantedAuthNo=K131132609180031
K131132609180030,(주)하나푸드,cj제일제당 배송직원 모집,월급260 만원 이상 ~ 280 만원 이하,경남 창원시 의창구,[인증],,경력 1년,26-09-18,26-11-17,http://www.work.go.kr/empInfo/empInfoSrch/detail/empDetailAuthView.do?callPage=detail&wantedAuthNo=K131132609180030
K131132609180029,주식회사 리컴퍼니,총무분야 업무지원 경력직 채용,"연봉2,600 만원 이상",경남 창원시 성산구,[인증],,경력 1년,26-09-18,26-11-17,http://www.work.go.kr/empInfo/empInfoSrch/detail/empDetailAuthView.do?callPage=detail&wantedAuthNo=K131132609180029
K131132609180028,주식회사 건우엠티씨,자재 구매 인재 모집,"연봉3,500 만원 이상 ~ 4,000 만원 이하",경남 창원시 의창구,[인증],,경력 1년,26-09-18,26-10-17,http://www.work.go.kr/empInfo/empInfoSrch/detail/empDetailAuthView.do?callPage=detail&wantedAuthNo=K131132609180028
K131132609180027,주식회사 건우엠티씨,MCT 가공원 모집,"시급10,320 원 이상 ~ 10,700 원 이하",경남 창원시 의창구,[인증],,경력 1년,26-09-18,26-10-17,http://www.work.go.kr/empInfo/empInfoSrch/detail/empDetailAuthView.do?callPage=detail&wantedAuthNo=K131132609180027
K131132609180026,동은금속,생산직 사원모집 (자동차부품 표면처리),"일급82,560 원 이상",경남 창원시 성산구,[인증],,관계없음,26-09-18,26-11-17,http://www.work.go.kr/empInfo/empInfoSrch/detail/empDetailAuthView.do?callPage=detail&wantedAuthNo=K131132609180026
K131132609180025,수성기체산업(주),수성기체산업(주) 사무직 신입 사원 모집(해외 구매업무),월급250 만원 이상,경남 창원시 성산구,[인증],,관계없음,26-09-18,26-10-01,http://www.work.go.kr/empInfo/empInfoSrch/detail/empDetailAuthView.do?callPage=detail&wantedAuthNo=K131132609180025
K131132609180024,덕보기계,방산 범용선반 사원모집 [경력무관],"시급10,320 원 이상 ~ 10,320 원 이하",경남 창원시 의창구,[인증],,관계없음,26-09-18,26-10-17,http://www.work.go.kr/empInfo/empInfoSrch/detail/empDetailAuthView.do?callPage=detail&wantedAuthNo=K131132609180024
K131132609180023,효주기업,CAD CAM 기능원,"연봉3,200 만원 이상 ~ 3,200 만원 이하",경남 창원시 의창구,[인증],,경력 1년,26-09-18,26-11-17,http://www.work.go.kr/empInfo/empInfoSrch/detail/empDetailAuthView.do?callPage=detail&wantedAuthNo=K131132609180023
K131132609180022,주식회사킴텍,플라스틱 사출기 오퍼레이터 구인,"시급10,320 원 이상 ~ 10,320 원 이하",경남 창원시 의창구,[인증],,경력  6개월,26-09-18,26-10-02,http://www.work.go.kr/empInfo/empInfoSrch/detail/empDetailAuthView.do?callPage=detail&wantedAuthNo=K131132609180022
K131132609180021,주식회사킴텍,"플라스틱 사출, 납품보조 구인(월수금 출근)","시급10,320 원 이상 ~ 10,320 원 이하",경남 창원시 의창구,[인증],,관계없음,26-09-18,26-10-02,http://www.work.go.kr/empInfo/empInfoSrch/detail/empDetailAuthView.do?callPage=detail&wantedAuthNo=K131132609180021
K131132609180020,주식회사 대호기업,품질 LQC 검사원 모집,월급300 만원 이상,경남 창원시 진해구,[인증],,관계없음,26-09-18,26-11-17,http://www.work.go.kr/empInfo/empInfoSrch/detail/empDetailAuthView.do?callPage=detail&wantedAuthNo=K131132609180020
K131132609180019,주식회사지니테크,스마트 공장 자동화를 이끌어갈 능력 있는 C++ 개발자를 모집합니다.,"연봉3,500 만원 이상",경남 창원시 성산구,[인증],,관계없음,26-09-18,26-10-31,http://www.work.go.kr/empInfo/empInfoSrch/detail/empDetailAuthView.do?callPage=detail&wantedAuthNo=K131132609180019
K131132609180018,용한건설 (주),전문건설 토목직 본사/현장 관리자(기술자) 모집,월급250 만원 이상 ~ 350 만원 이하,경남 창원시 성산구,[인증],,경력 3년,26-09-18,26-11-17,http://www.work.go.kr/empInfo/empInfoSrch/detail/empDetailAuthView.do?callPage=detail&wantedAuthNo=K131132609180018
K131132609180017,두산지게차경남서부전동판매주,사무실 보조 직원 구합니다,월급120 만원 이상,경남 창원시 의창구,[인증],,신입,26-09-18,26-10-02,http://www.work.go.kr/empInfo/empInfoSrch/detail/empDetailAuthView.do?callPage=detail&wantedAuthNo=K131132609180017
K131132609180016,주식회사성산글로팩,제품설계(CAD) 담당자 모집(신입),"연봉3,240 만원 이상",경남 창원시 성산구,[인증],,신입,26-09-18,26-10-07,http://www.work.go.kr/empInfo/empInfoSrch/detail/empDetailAuthView.do?callPage=detail&wantedAuthNo=K131132609180016
K131132609180015,주식회사킴텍,플라스틱 사출 소재담당자 구인,"시급10,320 원 이상 ~ 10,320 원 이하",경남 창원시 의창구,[인증],,관계없음,26-09-18,26-10-02,http://www.work.go.kr/empInfo/empInfoSrch/detail/empDetailAuthView.do?callPage=detail&wantedAuthNo=K131132609180015
K131132609180014,(주)신승정밀,CNC선반 조작원 채용,"연봉4,000 만원 이상 ~ 4,500 만원 이하",경남 창원시 성산구,[인증],,경력 3년,26-09-18,26-10-30,http://www.work.go.kr/empInfo/empInfoSrch/detail/empDetailAuthView.do?callPage=detail&wantedAuthNo=K131132609180014
KF10802609180003,한국폴리텍대학 창원캠퍼스,[한국폴리텍대학 창원캠퍼스] 단시간근로 조리업무보조원,"시급10,320 원 이상",경남 창원시 성산구,[인증],,신입,26-09-18,26-11-17,http://www.work.go.kr/empInfo/empInfoSrch/detail/empDetailAuthView.do?callPage=detail&wantedAuthNo=KF10802609180003
K131132609180012,삼명기계공업(주),삼명기계공업(주) 품질관리부 사원 모집,"연봉3,200 만원 이상",경남 창원시 성산구,[인증],,경력 2년,26-09-18,26-11-16,http://www.work.go.kr/empInfo/empInfoSrch/detail/empDetailAuthView.do?callPage=detail&wantedAuthNo=K131132609180012
KF10802609180001,한국폴리텍대학 창원캠퍼스,[한국폴리텍대학 창원캠퍼스] 무기계약직 조리원 채용,"연봉3,021 만원 이상",경남 창원시 성산구,[인증],,신입,26-09-18,26-11-17,http://www.work.go.kr/empInfo/empInfoSrch/detail/empDetailAuthView.do?callPage=detail&wantedAuthNo=KF10802609180001
K131132609180011,팜텍,2026년 상반기 MCT기계가공조작원 정규직 모집 (경력직),월급300 만원 이상 ~ 450 만원 이하,경남 창원시 의창구,[인증],,경력 1년,26-09-18,26-11-17,http://www.work.go.kr/empInfo/empInfoSrch/detail/empDetailAuthView.do?callPage=detail&wantedAuthNo=K131132609180011
K131132609180010,주식회사중원,"조선 전장 포설, 결선 작업자 구함","시급10,320 원 이상",경남 창원시 진해구,[인증],,관계없음,26-09-18,26-11-17,http://www.work.go.kr/empInfo/empInfoSrch/detail/empDetailAuthView.do?callPage=detail&wantedAuthNo=K131132609180010
KF10792609180004,우리재가복지센터,재가요양보호사 구인(마산새일 채용대행),"시급13,100 원 이상 ~ 13,100 원 이하",경남 창원시 성산구,[인증],,관계없음,26-09-18,26-11-15,http://www.work.go.kr/empInfo/empInfoSrch/detail/empDetailAuthView.do?callPage=detail&wantedAuthNo=KF10792609180004
K131132609180009,주식회사 세영테크놀러지,세영테크놀러지 - 개발팀 관리자 신입&경력 모집,"연봉3,200 만원 이상 ~ 3,800 만원 이하",경남 창원시 성산구,[인증],,관계없음,26-09-18,26-09-30,http://www.work.go.kr/empInfo/empInfoSrch/detail/empDetailAuthView.do?callPage=detail&wantedAuthNo=K131132609180009
K131132609180008,창원세무법인상남지점,회계사무원 모집,"연봉2,600 만원 이상 ~ 2,600 만원 이하",경남 창원시 성산구,[인증],,경력 1년,26-09-18,26-11-17,http://www.work.go.kr/empInfo/empInfoSrch/detail/empDetailAuthView.do?callPage=detail&wantedAuthNo=K131132609180008
K131132609180007,제이텍,창원)LG 전자 가전 제품  개발( 설계변경 및 편집 ) 연구원/신입가능,"연봉3,500 만원 이상",경남 창원시 성산구,[인증],,관계없음,26-09-18,26-11-17,http://www.work.go.kr/empInfo/empInfoSrch/detail/empDetailAuthView.do?callPage=detail&wantedAuthNo=K131132609180007
K131132609180006,희연재활병원,"[간호조무사] 간호·간병통합병동 (3교대 1, 야간전담 1)","연봉3,108 만원 이상 ~ 3,372 만원 이하",경남 창원시 성산구,[인증],,관계없음,26-09-18,26-10-02,http://www.work.go.kr/empInfo/empInfoSrch/detail/empDetailAuthView.do?callPage=detail&wantedAuthNo=K131132609180006
K131132609180005,희연재활병원,감염관리간호사 모집,"연봉3,500 만원 이상 ~ 4,000 만원 이하",경남 창원시 성산구,[인증],,경력 1년,26-09-18,26-10-02,http://www.work.go.kr/empInfo/empInfoSrch/detail/empDetailAuthView.do?callPage=detail&wantedAuthNo=K131132609180005
KF10792609180002,기운찬재가복지센터,[진해구 익선동] 재가요양보호사 모집,"시급10,320 원 이상",경남 창원시 진해구,[인증],,관계없음,26-09-18,26-11-17,http://www.work.go.kr/empInfo/empInfoSrch/detail/empDetailAuthView.do?callPage=detail&wantedAuthNo=KF10792609180002
K131132609180004,주식회사 신화엠티,MCT 생산직 모집,"시급11,000 원 이상",경남 창원시 의창구,[인증],,관계없음,26-09-18,26-10-17,http://www.work.go.kr/empInfo/empInfoSrch/detail/empDetailAuthView.do?callPage=detail&wantedAuthNo=K131132609180004
K131132609180003,지티원테크,MCT 조작원 (경력) 모집,"연봉5,500 만원 이상",경남 창원시 의창구,[인증],,경력 5년,26-09-18,26-11-17,http://www.work.go.kr/empInfo/empInfoSrch/detail/empDetailAuthView.do?callPage=detail&wantedAuthNo=K131132609180003
K131132609180002,（주）주승테크엠 창원지점,주승테크엠 - 천장크레인운전 사원 및 운반공,"시급11,550 원 이상",경남 창원시 성산구,[인증],,관계없음,26-09-18,26-10-02,http://www.work.go.kr/empInfo/empInfoSrch/detail/empDetailAuthView.do?callPage=detail&wantedAuthNo=K131132609180002
K131132609180001,(주)한올,캐드원 및 사무지원 직원 모집,"연봉3,200 만원 이상 ~ 4,000 만원 이하",경남 창원시 성산구,[인증],,관계없음,26-09-18,26-11-17,http://www.work.go.kr/empInfo/empInfoSrch/detail/empDetailAuthView.do?callPage=detail&wantedAuthNo=K131132609180001
KF10532609180001,사단법인 경상남도장애인부모연대,(서상동)발달장애인 주간활동서비스 제공인력 채용공고,월급162 만원 이상,경남 창원시 의창구,[인증],,관계없음,26-09-18,26-09-28,http://www.work.go.kr/empInfo/empInfoSrch/detail/empDetailAuthView.do?callPage=detail&wantedAuthNo=KF10532609180001
K131132609170064,불닭발땡초동대문엽기떡볶이 창원대방점,동대문엽기떡볶이 창원대방점에서  성실한 조리사/주방보조원을 모집합니다.,"시급10,320 원 이상",경남 창원시 성산구,[인증],,관계없음,26-09-17,26-09-30,http://www.work.go.kr/empInfo/empInfoSrch/detail/empDetailAuthView.do?callPage=detail&wantedAuthNo=K131132609170064
KJSP002609170003,오늘도봄재가방문요양센터,재가요양보호사 모집(남양동),"시급10,320 원 이상",경남 창원시 성산구,[인증],,관계없음,26-09-17,26-11-16,http://www.work.go.kr/empInfo/empInfoSrch/detail/empDetailAuthView.do?callPage=detail&wantedAuthNo=KJSP002609170003
K131132609170061,한울,[경력무관] 케이블 조립 생산직 사원 모집 🚨[창원고용센터 일자리 채용행사],"시급10,320 원 이상",경남 창원시 의창구,[인증],,관계없음,26-09-17,26-09-30,http://www.work.go.kr/empInfo/empInfoSrch/detail/empDetailAuthView.do?callPage=detail&wantedAuthNo=K131132609170061
K131132609170060,"(주)지와이앤지엘에스(GYNGLS CO.,LTD)",GYNGLS 수출포장관련 경력직 사원모집,월급280 만원 이상 ~ 280 만원 이하,경남 창원시 진해구,[인증],,경력 3년,26-09-17,26-11-16,http://www.work.go.kr/empInfo/empInfoSrch/detail/empDetailAuthView.do?callPage=detail&wantedAuthNo=K131132609170060
K131132609170059,칠성산업(주),생산관리 직원 모집 [정규직/경력무관],월급251 만원 이상,경남 창원시 의창구,[인증],,관계없음,26-09-17,26-10-16,http://www.work.go.kr/empInfo/empInfoSrch/detail/empDetailAuthView.do?callPage=detail&wantedAuthNo=K131132609170059
KF10802609170010,창원재가방문요양센터,요양보호사 모집,"시급10,320 원 이상 ~ 10,320 원 이하",경남 창원시 진해구,[인증],,관계없음,26-09-17,26-10-01,http://www.work.go.kr/empInfo/empInfoSrch/detail/empDetailAuthView.do?callPage=detail&wantedAuthNo=KF10802609170010
KF10802609170008,맘편한재가노인복지센터,[의창구 ]재가요양보호사 모집,"시급10,320 원 이상 ~ 13,100 원 이하",경남 창원시 의창구,[인증],,관계없음,26-09-17,26-11-16,http://www.work.go.kr/empInfo/empInfoSrch/detail/empDetailAuthView.do?callPage=detail&wantedAuthNo=KF10802609170008
KF10802609170007,선일노인재가복지센터,[단시간 ] 요양보호사모집,"시급10,320 원 이상 ~ 13,000 원 이하",경남 창원시 성산구,[인증],,경력 1년,26-09-17,26-11-16,http://www.work.go.kr/empInfo/empInfoSrch/detail/empDetailAuthView.do?callPage=detail&wantedAuthNo=KF10802609170007
K131132609170057,동행인재가복지센터,(석동 엘에이치 아파트) 요양보호사 선생님 모집,"시급10,320 원 이상",경남 창원시 진해구,[인증],,관계없음,26-09-17,26-11-16,http://www.work.go.kr/empInfo/empInfoSrch/detail/empDetailAuthView.do?callPage=detail&wantedAuthNo=K131132609170057
KF10532609170002,다가정공,품질검사 및 관리원 모집(상용직 신규채용),"연봉2,800 만원 이상 ~ 2,800 만원 이하",경남 창원시 의창구,[인증],,경력 1년,26-09-17,26-11-16,http://www.work.go.kr/empInfo/empInfoSrch/detail/empDetailAuthView.do?callPage=detail&wantedAuthNo=KF10532609170002
K131132609170056,태형금속공업(주),태형금속공업㈜  주조품공정검사원,"시급14,000 원 이상",경남 창원시 진해구,[인증],,관계없음,26-09-17,26-10-05,http://www.work.go.kr/empInfo/empInfoSrch/detail/empDetailAuthView.do?callPage=detail&wantedAuthNo=K131132609170056
K131132609170055,태형금속공업(주),"태형금속공업㈜  생산직 사원모집 (도장, 용해, 조형, 사상)","시급14,000 원 이상",경남 창원시 진해구,[인증],,신입,26-09-17,26-10-05,http://www.work.go.kr/empInfo/empInfoSrch/detail/empDetailAuthView.do?callPage=detail&wantedAuthNo=K131132609170055
K131132609170054,(주)에스제이에이치,"유압기기 세척 및 조립, 시험원 모집","시급10,320 원 이상",경남 창원시 의창구,[인증],,경력 3년,26-09-17,26-11-16,http://www.work.go.kr/empInfo/empInfoSrch/detail/empDetailAuthView.do?callPage=detail&wantedAuthNo=K131132609170054
K131132609170053,주식회사마크,[주식회사마크] 홍보팀 추가 채용 (본사 상주근무 필수!),월급220 만원 이상,경남 창원시 성산구,[인증],,관계없음,26-09-17,26-11-16,http://www.work.go.kr/empInfo/empInfoSrch/detail/empDetailAuthView.do?callPage=detail&wantedAuthNo=K131132609170053
K131132609170052,법무사 성희원 사무소,법무사 사무실 경력직 채용합니다.,월급230 만원 이상,경남 창원시 성산구,[인증],,경력 5년,26-09-17,26-11-16,http://www.work.go.kr/empInfo/empInfoSrch/detail/empDetailAuthView.do?callPage=detail&wantedAuthNo=K131132609170052
K131132609170051,주식회사 건우엔지니어링,"생산,품질 관련 신입 채용합니다","연봉2,700 만원 이상 ~ 3,000 만원 이하",경남 창원시 진해구,[인증],,신입,26-09-17,26-10-01,http://www.work.go.kr/empInfo/empInfoSrch/detail/empDetailAuthView.do?callPage=detail&wantedAuthNo=K131132609170051
K131132609170050,주식회사 건우엔지니어링,"생산,품질, 외주관리자 모집",월급300 만원 이상 ~ 400 만원 이하,경남 창원시 진해구,[인증],,경력 1년,26-09-17,26-10-01,http://www.work.go.kr/empInfo/empInfoSrch/detail/empDetailAuthView.do?callPage=detail&wantedAuthNo=K131132609170050
K131132609170048,가온데이케어센터,성산구 상남동 가온데이케어센터에서 따뜻한 마음으로 어르신들을 돌보세요! 요양보호사(노인요양사) 채용합니다.,월급216 만원 이상,경남 창원시 성산구,[인증],,신입,26-09-17,26-11-16,http://www.work.go.kr/empInfo/empInfoSrch/detail/empDetailAuthView.do?callPage=detail&wantedAuthNo=K131132609170048
K131132609170046,주식회사좋은이웃마트,"(주)좋은이웃마트 사업확장[창원점 계산원_신입, 경력]",월급234 만원 이상 ~ 234 만원 이하,경남 창원시 의창구,[인증],,관계없음,26-09-17,26-10-01,http://www.work.go.kr/empInfo/empInfoSrch/detail/empDetailAuthView.do?callPage=detail&wantedAuthNo=K131132609170046
K131132609170043,주현테크,CNC  금형 및 단품 가공 사원 모집(경력),"연봉4,500 만원 이상",경남 창원시 성산구,[인증],,경력 5년,26-09-17,26-10-31,http://www.work.go.kr/empInfo/empInfoSrch/detail/empDetailAuthView.do?callPage=detail&wantedAuthNo=K131132609170043
K131132609170042,주현테크,납품영업 및 외주관리 사원 모집,"연봉4,000 만원 이상",경남 창원시 성산구,[인증],,경력 2년,26-09-17,26-10-31,http://www.work.go.kr/empInfo/empInfoSrch/detail/empDetailAuthView.do?callPage=detail&wantedAuthNo=K131132609170042
KF10802609170005,나은재가노인복지센터,[진해구 속천수협인근] 4등급어르신 케어,"시급10,320 원 이상",경남 창원시 진해구,[인증],,관계없음,26-09-17,26-11-16,http://www.work.go.kr/empInfo/empInfoSrch/detail/empDetailAuthView.do?callPage=detail&wantedAuthNo=KF10802609170005
K131132609170041,희망병원,"내과&정형외과  병동 3교대. D&E-keep,N-keep,S-keep.","연봉2,600 만원 이상 ~ 3,000 만원 이하",경남 창원시 진해구,[인증],,경력 1년,26-09-17,26-11-16,http://www.work.go.kr/empInfo/empInfoSrch/detail/empDetailAuthView.do?callPage=detail&wantedAuthNo=K131132609170041
KF10802609170004,나래재가복지센터,[경화동_포스코더샵APT] 재가 요양보호사 구인,"시급10,320 원 이상 ~ 13,000 원 이하",경남 창원시 진해구,[인증],,관계없음,26-09-17,26-11-16,http://www.work.go.kr/empInfo/empInfoSrch/detail/empDetailAuthView.do?callPage=detail&wantedAuthNo=KF10802609170004
K131132609170040,희망병원,"내과병동 수간호사,병동 3교대 & D/E-keep, N-keep 간호사.(경력자 우대)","연봉3,500 만원 이상 ~ 4,800 만원 이하",경남 창원시 진해구,[인증],,경력 1년,26-09-17,26-11-16,http://www.work.go.kr/empInfo/empInfoSrch/detail/empDetailAuthView.do?callPage=detail&wantedAuthNo=K131132609170040
K131132609170039,용원청춘노인주간보호센터,용원청춘노인주간보호센터 요양보호사구함,월급216 만원 이상,경남 창원시 진해구,[인증],,관계없음,26-09-17,26-11-16,http://www.work.go.kr/empInfo/empInfoSrch/detail/empDetailAuthView.do?callPage=detail&wantedAuthNo=K131132609170039
KF10802609170003,창원여성인력개발센터,[창원여성새로일하기센터] 취업상담사 채용 (*육아휴직대체),월급228 만원 이상 ~ 228 만원 이하,경남 창원시 성산구,[인증],,관계없음,26-09-17,26-09-30,http://www.work.go.kr/empInfo/empInfoSrch/detail/empDetailAuthView.do?callPage=detail&wantedAuthNo=KF10802609170003
K131132609170038,재승허브,자동차 부품 납품 영업  및 물류 창고 관리 지원 직원 모집,월급270 만원 이상 ~ 270 만원 이하,경남 창원시 성산구,[인증],,경력 1년,26-09-17,26-10-16,http://www.work.go.kr/empInfo/empInfoSrch/detail/empDetailAuthView.do?callPage=detail&wantedAuthNo=K131132609170038
K131132609170037,에이치엔씨산업 주식회사,세아창원특수강 내 운송하역(출하 부분) 모집,"시급11,809 원 이상",경남 창원시 성산구,[인증],,관계없음,26-09-17,26-11-16,http://www.work.go.kr/empInfo/empInfoSrch/detail/empDetailAuthView.do?callPage=detail&wantedAuthNo=K131132609170037
K131132609170036,성신메카텍 주식회사,[창원] MCT 가공직원 모집 (정규직) (상여금있음),"시급10,320 원 이상",경남 창원시 의창구,[인증],,신입,26-09-17,26-11-16,http://www.work.go.kr/empInfo/empInfoSrch/detail/empDetailAuthView.do?callPage=detail&wantedAuthNo=K131132609170036
K131132609170035,주식회사 대성금속,생산직 사원 모집,"시급10,320 원 이상 ~ 13,000 원 이하",경남 창원시 성산구,[인증],,관계없음,26-09-17,26-11-13,http://www.work.go.kr/empInfo/empInfoSrch/detail/empDetailAuthView.do?callPage=detail&wantedAuthNo=K131132609170035
K131132609170034,동원정밀 주식회사,[사세확장] 조립 인원 모집_경력무관,"시급10,320 원 이상",경남 창원시 의창구,[인증],,관계없음,26-09-17,26-10-03,http://www.work.go.kr/empInfo/empInfoSrch/detail/empDetailAuthView.do?callPage=detail&wantedAuthNo=K131132609170034
K131132609170033,삼천산업(주),"사내 청소, 미화원 계약직 구인 건","시급10,320 원 이상 ~ 10,320 원 이하",경남 창원시 의창구,[인증],,관계없음,26-09-17,26-10-01,http://www.work.go.kr/empInfo/empInfoSrch/detail/empDetailAuthView.do?callPage=detail&wantedAuthNo=K131132609170033
K131132609170032,일월포장물류,목재 나무박스 제작 및 포장 업무 사원 추가 모집,"시급10,320 원 이상 ~ 10,320 원 이하",경남 창원시 성산구,[인증],,관계없음,26-09-17,26-10-01,http://www.work.go.kr/empInfo/empInfoSrch/detail/empDetailAuthView.do?callPage=detail&wantedAuthNo=K131132609170032
K131132609170031,희연요양병원,[병동 간호사] 창원지역 요양병원 최고 연봉,"연봉4,002 만원 이상 ~ 4,600 만원 이하",경남 창원시 성산구,[인증],,관계없음,26-09-17,26-10-01,http://www.work.go.kr/empInfo/empInfoSrch/detail/empDetailAuthView.do?callPage=detail&wantedAuthNo=K131132609170031
K131132609170030,주식회사승은테크,사상원 모집,"시급12,000 원 이상",경남 창원시 성산구,[인증],,관계없음,26-09-17,26-10-01,http://www.work.go.kr/empInfo/empInfoSrch/detail/empDetailAuthView.do?callPage=detail&wantedAuthNo=K131132609170030
KEC0132609170008,(사)경남경영자총협회,경남경영자총협회 인력양성팀 전담인력(연구원) 채용공고,"연봉3,000 만원 이상 ~ 3,600 만원 이하",경남 창원시 성산구,[인증],,관계없음,26-09-17,26-10-01,http://www.work.go.kr/empInfo/empInfoSrch/detail/empDetailAuthView.do?callPage=detail&wantedAuthNo=KEC0132609170008
KF10802609170001,나누리재가복지센터,"[반지동, 반림동] 요양보호사 모집","시급10,320 원 이상 ~ 10,320 원 이하",경남 창원시 성산구,[인증],,관계없음,26-09-17,26-10-01,http://www.work.go.kr/empInfo/empInfoSrch/detail/empDetailAuthView.do?callPage=detail&wantedAuthNo=KF10802609170001
K131132609170029,정우세탁산업,세탁물포장업무(수건접기),월급216 만원 이상,경남 창원시 의창구,[인증],,관계없음,26-09-17,26-11-16,http://www.work.go.kr/empInfo/empInfoSrch/detail/empDetailAuthView.do?callPage=detail&wantedAuthNo=K131132609170029
K131132609170028,우진이디엠,방전기 조작원 모집,"시급10,320 원 이상",경남 창원시 의창구,[인증],,관계없음,26-09-17,26-11-16,http://www.work.go.kr/empInfo/empInfoSrch/detail/empDetailAuthView.do?callPage=detail&wantedAuthNo=K131132609170028
K131132609170027,창현정밀,MCT 조작원,"연봉6,000 만원 이상 ~ 6,000 만원 이하",경남 창원시 성산구,[인증],,경력 4년,26-09-17,26-11-14,http://www.work.go.kr/empInfo/empInfoSrch/detail/empDetailAuthView.do?callPage=detail&wantedAuthNo=K131132609170027
K131112609170018,늘푸른 주식회사,가음동 아파트 미화원 구인,월급77 만원 이상,경남 창원시 성산구,[인증],,관계없음,26-09-17,26-11-16,http://www.work.go.kr/empInfo/empInfoSrch/detail/empDetailAuthView.do?callPage=detail&wantedAuthNo=K131112609170018
K131132609170026,수성기체산업(주),수성기체산업 생산직 사원 채용(항공기 부품 기계가공),"시급10,320 원 이상",경남 창원시 성산구,[인증],,경력 1년,26-09-17,26-10-01,http://www.work.go.kr/empInfo/empInfoSrch/detail/empDetailAuthView.do?callPage=detail&wantedAuthNo=K131132609170026
KJSP002609170001,주식회사 캡스텍 영남지점,한국지엠 창원 공장 보안 근무자 모집,월급307 만원 이상 ~ 307 만원 이하,경남 창원시 성산구,[인증],,관계없음,26-09-17,26-11-16,http://www.work.go.kr/empInfo/empInfoSrch/detail/empDetailAuthView.do?callPage=detail&wantedAuthNo=KJSP002609170001
K131132609170025,창원시노인주간보호센터,재가센터 방문요양 요양보호사(성산구 신촌동) 모집합니다.,"시급10,320 원 이상 ~ 10,320 원 이하",경남 창원시 성산구,[인증],,관계없음,26-09-17,26-11-16,http://www.work.go.kr/empInfo/empInfoSrch/detail/empDetailAuthView.do?callPage=detail&wantedAuthNo=K131132609170025
K131132609170023,(주)에이치에스코프레이션,생산관리팀 경력직 채용 [경력직 3년이상],"연봉2,700 만원 이상 ~ 4,000 만원 이하",경남 창원시 의창구,[인증],,경력 3년,26-09-17,26-10-16,http://www.work.go.kr/empInfo/empInfoSrch/detail/empDetailAuthView.do?callPage=detail&wantedAuthNo=K131132609170023
K131132609170022,재단법인 경상남도인재평생교육진흥원,경상남도인재평생교육진흥원 2026년 제7회 직원 채용(경남앵커센터 전문임기제 2급 팀장 2명),"연봉5,100 만원 이상 ~ 7,894 만원 이하",경남 창원시 성산구,[인증],,경력 2년,26-09-17,26-10-02,http://www.work.go.kr/empInfo/empInfoSrch/detail/empDetailAuthView.do?callPage=detail&wantedAuthNo=K131132609170022
K131132609170021,(주)에이치에스코프레이션,생산직 모집 [계약직/경력무관],"시급10,320 원 이상 ~ 10,320 원 이하",경남 창원시 의창구,[인증],,관계없음,26-09-17,26-10-16,http://www.work.go.kr/empInfo/empInfoSrch/detail/empDetailAuthView.do?callPage=detail&wantedAuthNo=K131132609170021
K131132609170020,재단법인 경상남도인재평생교육진흥원,경남인재평생교육진흥원  2026년 제7회 직원 채용 공고(경남앵커센터 임기제 4급 과장),"연봉4,000 만원 이상 ~ 6,388 만원 이하",경남 창원시 성산구,[인증],,경력 1년,26-09-17,26-10-02,http://www.work.go.kr/empInfo/empInfoSrch/detail/empDetailAuthView.do?callPage=detail&wantedAuthNo=K131132609170020
K131132609170019,재단법인 경상남도인재평생교육진흥원,경상남도인재평생교육진흥원 2026년 제7회 직원 채용(경남앵커센터 전문임기제 5급 대리),"연봉3,500 만원 이상 ~ 5,668 만원 이하",경남 창원시 성산구,[인증],,경력 2년,26-09-17,26-10-02,http://www.work.go.kr/empInfo/empInfoSrch/detail/empDetailAuthView.do?callPage=detail&wantedAuthNo=K131132609170019
K131112609170012,화림,[창원] 가전제품생산 / 수당지급 / 정규직검토 / 조립 사원 채용,"시급10,320 원 이상 ~ 10,320 원 이하",경남 창원시 성산구,[인증],,관계없음,26-09-17,26-10-01,http://www.work.go.kr/empInfo/empInfoSrch/detail/empDetailAuthView.do?callPage=detail&wantedAuthNo=K131112609170012
K131132609170018,재단법인 경상남도인재평생교육진흥원,(재)경상남도평생교육진흥원 2026년 제7회 직원 채용 공고(경상남도앵커센터 센터장),"연봉6,400 만원 이상",경남 창원시 성산구,[인증],,경력 3년,26-09-17,26-10-02,http://www.work.go.kr/empInfo/empInfoSrch/detail/empDetailAuthView.do?callPage=detail&wantedAuthNo=K131132609170018
K131132609170017,세계미크론,원통연삭 기능공  모집,"연봉3,600 만원 이상",경남 창원시 의창구,[인증],,경력 2년,26-09-17,26-11-16,http://www.work.go.kr/empInfo/empInfoSrch/detail/empDetailAuthView.do?callPage=detail&wantedAuthNo=K131132609170017
K131132609170016,SM측량공사,[측량팀] 지적측량 기술자 모집(신입가능),"연봉2,600 만원 이상 ~ 4,000 만원 이하",경남 창원시 성산구,[인증],,관계없음,26-09-17,26-11-15,http://www.work.go.kr/empInfo/empInfoSrch/detail/empDetailAuthView.do?callPage=detail&wantedAuthNo=K131132609170016
K131132609170015,주식회사한전금속,생산관리(대리급) 모집합니다.,"연봉4,200 만원 이상 ~ 4,200 만원 이하",경남 창원시 진해구,[인증],,관계없음,26-09-17,26-10-16,http://www.work.go.kr/empInfo/empInfoSrch/detail/empDetailAuthView.do?callPage=detail&wantedAuthNo=K131132609170015
KJBB002609170002,(주)호성식품,진해 제2부두 내 산업체 구내식당 조리원 구인,월급220 만원 이상 ~ 220 만원 이하,경남 창원시 진해구,[인증],,경력 1년,26-09-17,26-11-15,http://www.work.go.kr/empInfo/empInfoSrch/detail/empDetailAuthView.do?callPage=detail&wantedAuthNo=KJBB002609170002
K131132609170014,한신ENG,생산직 사원 모집,월급250 만원 이상,경남 창원시 진해구,[인증],,신입,26-09-17,26-10-01,http://www.work.go.kr/empInfo/empInfoSrch/detail/empDetailAuthView.do?callPage=detail&wantedAuthNo=K131132609170014
K131132609170013,(주) 새롬아이디,성장하는 건설 업계를 함께 이끌어갈 건설 현장 전문가를 모집합니다.,"연봉3,500 만원 이상",경남 창원시 성산구,[인증],,경력 2년,26-09-17,26-11-16,http://www.work.go.kr/empInfo/empInfoSrch/detail/empDetailAuthView.do?callPage=detail&wantedAuthNo=K131132609170013
K131132609170012,농업회사법인 합자회사 거성,사무직 사원모집,월급250 만원 이상 ~ 300 만원 이하,경남 창원시 의창구,[인증],,관계없음,26-09-17,26-11-15,http://www.work.go.kr/empInfo/empInfoSrch/detail/empDetailAuthView.do?callPage=detail&wantedAuthNo=K131132609170012
K131132609170011,농업회사법인 합자회사 거성,대리점 및 거래처 배송 납품 업무,월급250 만원 이상 ~ 300 만원 이하,경남 창원시 의창구,[인증],,관계없음,26-09-17,26-11-16,http://www.work.go.kr/empInfo/empInfoSrch/detail/empDetailAuthView.do?callPage=detail&wantedAuthNo=K131132609170011
KEC0132609170007,누림재가복지센터,"[사림동 오후 2시~5시 화,목,토] 재가요양보호사 구합니다.","시급13,000 원 이상 ~ 13,000 원 이하",경남 창원시 의창구,[인증],,관계없음,26-09-17,26-11-16,http://www.work.go.kr/empInfo/empInfoSrch/detail/empDetailAuthView.do?callPage=detail&wantedAuthNo=KEC0132609170007
K131132609170010,유창ENG,유창ENG - (2.5톤전동지게차운전원) 정규직원모집,"시급10,320 원 이상",경남 창원시 성산구,[인증],,관계없음,26-09-17,26-10-05,http://www.work.go.kr/empInfo/empInfoSrch/detail/empDetailAuthView.do?callPage=detail&wantedAuthNo=K131132609170010
K131132609170009,만호제강(주)창원공장,만호제강 생산직 사원 모집 (창원공장),"시급10,320 원 이상",경남 창원시 성산구,[인증],,관계없음,26-09-17,26-09-24,http://www.work.go.kr/empInfo/empInfoSrch/detail/empDetailAuthView.do?callPage=detail&wantedAuthNo=K131132609170009
K120412609170008,포트렌탈주식회사,"[부산신항]하역장비,물류운송장비(디젤,전기) / 지게차 / 리치스태커-정비,수리,AS 직원 모집(신입,경력)",월급320 만원 이상,경남 창원시 진해구,[인증],,관계없음,26-09-17,26-11-16,http://www.work.go.kr/empInfo/empInfoSrch/detail/empDetailAuthView.do?callPage=detail&wantedAuthNo=K120412609170008
KEC0132609170006,연세재가복지센터,(진해구 경화동 오전)요양보호사 선생님을 구합니다.,"시급10,320 원 이상 ~ 10,320 원 이하",경남 창원시 진해구,[인증],,관계없음,26-09-17,26-11-15,http://www.work.go.kr/empInfo/empInfoSrch/detail/empDetailAuthView.do?callPage=detail&wantedAuthNo=KEC0132609170006
K131132609170008,오아시스템,사무 및 무역 경험이 풍부한 수출입 사무원을 모집합니다.,월급230 만원 이상 ~ 330 만원 이하,경남 창원시 의창구,[인증],,경력 3년,26-09-17,26-11-15,http://www.work.go.kr/empInfo/empInfoSrch/detail/empDetailAuthView.do?callPage=detail&wantedAuthNo=K131132609170008
K131132609170007,희연재활병원,[종일반 1명] 조리원 모집,월급290 만원 이상 ~ 330 만원 이하,경남 창원시 성산구,[인증],,관계없음,26-09-17,26-10-01,http://www.work.go.kr/empInfo/empInfoSrch/detail/empDetailAuthView.do?callPage=detail&wantedAuthNo=K131132609170007
K131132609170006,경남글로비스,수출 포장 생산직 및 목재 파레트/목상자 제작 생산직 모집,월급280 만원 이상,경남 창원시 의창구,[인증],,관계없음,26-09-17,26-09-28,http://www.work.go.kr/empInfo/empInfoSrch/detail/empDetailAuthView.do?callPage=detail&wantedAuthNo=K131132609170006
KEC0132609170005,주식회사 인시스(INSYS),[창원 용호동] 오피스텔 경비원 모집,월급240 만원 이상 ~ 240 만원 이하,경남 창원시 성산구,[인증],,관계없음,26-09-17,26-10-16,http://www.work.go.kr/empInfo/empInfoSrch/detail/empDetailAuthView.do?callPage=detail&wantedAuthNo=KEC0132609170005
KEC0132609170004,주식회사 인시스(INSYS),[창원 서상동] 메트로병원 미화원 채용,"시급10,320 원 이상 ~ 10,320 원 이하",경남 창원시 의창구,[인증],,경력 1년,26-09-17,26-10-16,http://www.work.go.kr/empInfo/empInfoSrch/detail/empDetailAuthView.do?callPage=detail&wantedAuthNo=KEC0132609170004
KEC0132609170003,봄누리노인재가센터,(진해구 장천동 오후) 재가 요양보호사 모집합니다.,"시급10,320 원 이상 ~ 10,320 원 이하",경남 창원시 진해구,[인증],,관계없음,26-09-17,26-11-16,http://www.work.go.kr/empInfo/empInfoSrch/detail/empDetailAuthView.do?callPage=detail&wantedAuthNo=KEC0132609170003
K131132609170005,SMC,하네스 및 케이블 생산직 모집,"시급10,320 원 이상",경남 창원시 의창구,[인증],,경력 1년,26-09-17,26-10-01,http://www.work.go.kr/empInfo/empInfoSrch/detail/empDetailAuthView.do?callPage=detail&wantedAuthNo=K131132609170005
KEC0132609170002,봄누리노인재가센터,(진해구 태백동 오전)재가 요양보호사 모집합니다.,"시급10,320 원 이상 ~ 10,320 원 이하",경남 창원시 진해구,[인증],,관계없음,26-09-17,26-11-16,http://www.work.go.kr/empInfo/empInfoSrch/detail/empDetailAuthView.do?callPage=detail&wantedAuthNo=KEC0132609170002
K131132609170004,(주)지성큐앤텍,지성큐엔텍 가공 작업자(오퍼레이터) 모집 (경력),"시급18,000 원 이상",경남 창원시 성산구,[인증],,경력 10년,26-09-17,26-10-01,http://www.work.go.kr/empInfo/empInfoSrch/detail/empDetailAuthView.do?callPage=detail&wantedAuthNo=K131132609170004
K131132609170003,(주)지성큐앤텍,특수차량 부품 조립 사원 모집(단기직 6개월),"시급11,500 원 이상",경남 창원시 성산구,[인증],,관계없음,26-09-17,26-10-01,http://www.work.go.kr/empInfo/empInfoSrch/detail/empDetailAuthView.do?callPage=detail&wantedAuthNo=K131132609170003
K131112609170001,행복한재가장기요양센터,재가요양보호사,"시급10,320 원 이상 ~ 10,320 원 이하",경남 창원시 진해구,[인증],,관계없음,26-09-17,26-09-30,http://www.work.go.kr/empInfo/empInfoSrch/detail/empDetailAuthView.do?callPage=detail&wantedAuthNo=K131112609170001
KEC0132609170001,창원성심원（사회복지）,[9/30(수)14:00 보건.돌봄종사자 특화 일자리수요데이 직접 참여업체] (북면)창원성심요양원 3교대 요양보호사 채용,월급270 만원 이상,경남 창원시 의창구,[인증],,관계없음,26-09-17,26-10-06,http://www.work.go.kr/empInfo/empInfoSrch/detail/empDetailAuthView.do?callPage=detail&wantedAuthNo=KEC0132609170001
K131132609170002,영인전력(주),전기공사( 변전설비 ) 현장직 모집 합니다.,"연봉3,100 만원 이상 ~ 6,000 만원 이하",경남 창원시 의창구,[인증],,관계없음,26-09-17,26-10-04,http://www.work.go.kr/empInfo/empInfoSrch/detail/empDetailAuthView.do?callPage=detail&wantedAuthNo=K131132609170002
K131132609170001,에이피엠글로벌 주식회사,CNC / MCT / NC/ 범용 정규직 신입/경력사원 모집,"시급10,320 원 이상",경남 창원시 성산구,[인증],,관계없음,26-09-17,26-11-15,http://www.work.go.kr/empInfo/empInfoSrch/detail/empDetailAuthView.do?callPage=detail&wantedAuthNo=K131132609170001
KF10532609160006,창원가족재가복지센터,재가요양보호사 모집,"시급10,320 원 이상 ~ 10,320 원 이하",경남 창원시 성산구,[인증],,신입,26-09-16,26-11-15,http://www.work.go.kr/empInfo/empInfoSrch/detail/empDetailAuthView.do?callPage=detail&wantedAuthNo=KF10532609160006
KF10802609160007,희망찬재가복지센터,재가요양보호사 모집,"시급10,320 원 이상 ~ 14,000 원 이하",경남 창원시 진해구,[인증],,관계없음,26-09-16,26-11-15,http://www.work.go.kr/empInfo/empInfoSrch/detail/empDetailAuthView.do?callPage=detail&wantedAuthNo=KF10802609160007
K131132609160047,주식회사 리컴퍼니,공공 디자인 전문 회사에서 경력 디자이너를 모집합니다.,"연봉3,500 만원 이상",경남 창원시 성산구,[인증],,경력 5년,26-09-16,26-11-15,http://www.work.go.kr/empInfo/empInfoSrch/detail/empDetailAuthView.do?callPage=detail&wantedAuthNo=K131132609160047
KF10802609160006,지온재가복지센터,[도계동] 요양보호사 모집,"시급10,320 원 이상 ~ 10,320 원 이하",경남 창원시 의창구,[인증],,관계없음,26-09-16,26-11-15,http://www.work.go.kr/empInfo/empInfoSrch/detail/empDetailAuthView.do?callPage=detail&wantedAuthNo=KF10802609160006
KF10802609160005,창원방문요양센터,[창원 성산구 대방동 대동아파트] 요양보호사 모집,"시급13,000 원 이상",경남 창원시 성산구,[인증],,경력  3개월,26-09-16,26-10-09,http://www.work.go.kr/empInfo/empInfoSrch/detail/empDetailAuthView.do?callPage=detail&wantedAuthNo=KF10802609160005
KF10532609160005,다시봄요양센터,다시봄요양센터 간호조무사 신규 채용,월급220 만원 이상 ~ 230 만원 이하,경남 창원시 의창구,[인증],,관계없음,26-09-16,26-09-30,http://www.work.go.kr/empInfo/empInfoSrch/detail/empDetailAuthView.do?callPage=detail&wantedAuthNo=KF10532609160005
KF10532609160004,큰사랑노인복지센터,큰사랑 노인복지센터 사회복지사(방문) 구인,월급216 만원 이상 ~ 216 만원 이하,경남 창원시 의창구,[인증],,경력  6개월,26-09-16,26-10-20,http://www.work.go.kr/empInfo/empInfoSrch/detail/empDetailAuthView.do?callPage=detail&wantedAuthNo=KF10532609160004
K131132609160046,대산주간요양센터,주간보호 사회복지사 모집,"시급10,320 원 이상 ~ 10,320 원 이하",경남 창원시 의창구,[인증],,관계없음,26-09-16,26-11-15,http://www.work.go.kr/empInfo/empInfoSrch/detail/empDetailAuthView.do?callPage=detail&wantedAuthNo=K131132609160046
K131132609160045,(주)셀앤밀 리즈누아,베이커리 제빵사를 찾고 있습니다. [경력 1년이상 우대],월급216 만원 이상 ~ 350 만원 이하,경남 창원시 진해구,[인증],,경력 1년,26-09-16,26-11-15,http://www.work.go.kr/empInfo/empInfoSrch/detail/empDetailAuthView.do?callPage=detail&wantedAuthNo=K131132609160045
K131132609160044,주식회사에이치앤씨,"MCT , CNC조작원 모집","연봉3,600 만원 이상 ~ 6,000 만원 이하",경남 창원시 성산구,[인증],,경력 5년,26-09-16,26-11-15,http://www.work.go.kr/empInfo/empInfoSrch/detail/empDetailAuthView.do?callPage=detail&wantedAuthNo=K131132609160044
K131132609160043,정민회계사무소,회계사무원 경력자를 모집합니다.,"연봉3,000 만원 이상 ~ 4,000 만원 이하",경남 창원시 의창구,[인증],,경력 3년,26-09-16,26-11-15,http://www.work.go.kr/empInfo/empInfoSrch/detail/empDetailAuthView.do?callPage=detail&wantedAuthNo=K131132609160043
K131132609160042,주식회사건담,철강 절단.포장.후처리직 모집(세아창원특수강내),"연봉4,500 만원 이상",경남 창원시 성산구,[인증],,신입,26-09-16,26-09-30,http://www.work.go.kr/empInfo/empInfoSrch/detail/empDetailAuthView.do?callPage=detail&wantedAuthNo=K131132609160042
K131132609160041,몽고식품（주）창원1공장,몽고식품(주) 창원공장 생산직 사원 모집,월급233 만원 이상,경남 창원시 의창구,[인증],,관계없음,26-09-16,26-10-15,http://www.work.go.kr/empInfo/empInfoSrch/detail/empDetailAuthView.do?callPage=detail&wantedAuthNo=K131132609160041
K131112609160032,일성종합건설(주),"품질관리자 및 시공기술자 (건축, 토목 )",월급400 만원 이상,경남 창원시 성산구,[인증],,경력 5년,26-09-16,26-11-15,http://www.work.go.kr/empInfo/empInfoSrch/detail/empDetailAuthView.do?callPage=detail&wantedAuthNo=K131112609160032
K131132609160040,(주)동경ENG,자동 용접사 구합니다,"시급10,320 원 이상",경남 창원시 성산구,[인증],,신입,26-09-16,26-09-23,http://www.work.go.kr/empInfo/empInfoSrch/detail/empDetailAuthView.do?callPage=detail&wantedAuthNo=K131132609160040
K131132609160039,범우유통,납품 영업직 채용,월급250 만원 이상 ~ 340 만원 이하,경남 창원시 의창구,[인증],,관계없음,26-09-16,26-10-15,http://www.work.go.kr/empInfo/empInfoSrch/detail/empDetailAuthView.do?callPage=detail&wantedAuthNo=K131132609160039
KJSP002609160003,중앙재가복지센터,재가요양보호사 모집( 진해 중앙동 3등급),"시급10,320 원 이상",경남 창원시 진해구,[인증],,관계없음,26-09-16,26-10-15,http://www.work.go.kr/empInfo/empInfoSrch/detail/empDetailAuthView.do?callPage=detail&wantedAuthNo=KJSP002609160003
KJSP002609160002,더원재가노인복지센터,재가 요양보호사 모집! ( 진해구 자은동 ),"시급10,320 원 이상",경남 창원시 진해구,[인증],,관계없음,26-09-16,26-10-15,http://www.work.go.kr/empInfo/empInfoSrch/detail/empDetailAuthView.do?callPage=detail&wantedAuthNo=KJSP002609160002
K131132609160037,주식회사 세인솔루션,"공작기계 설치,정비원 모집합니다.[신입]","연봉3,400 만원 이상",경남 창원시 의창구,[인증],,신입,26-09-16,26-09-30,http://www.work.go.kr/empInfo/empInfoSrch/detail/empDetailAuthView.do?callPage=detail&wantedAuthNo=K131132609160037
K131132609160036,주식회사 세인솔루션,공작기계 관련 생산 및 품질관리원 모집합니다.,"연봉3,400 만원 이상",경남 창원시 의창구,[인증],,신입,26-09-16,26-09-30,http://www.work.go.kr/empInfo/empInfoSrch/detail/empDetailAuthView.do?callPage=detail&wantedAuthNo=K131132609160036
KF10802609160004,마산대학교산학협력단,마산대학교 신체건강증진서비스 운동서비스 제공인력,"시급22,500 원 이상",경남 창원시 성산구,[인증],,관계없음,26-09-16,26-11-15,http://www.work.go.kr/empInfo/empInfoSrch/detail/empDetailAuthView.do?callPage=detail&wantedAuthNo=KF10802609160004
K131132609160035,주식회사동경씨에스,동경씨에스 - 레이저 오퍼레이터  모집,"연봉4,000 만원 이상 ~ 4,500 만원 이하",경남 창원시 성산구,[인증],,경력 2년,26-09-16,26-09-30,http://www.work.go.kr/empInfo/empInfoSrch/detail/empDetailAuthView.do?callPage=detail&wantedAuthNo=K131132609160035
K131132609160034,주식회사 신진에스엠,밀링작업자 및 소재절단작업자 모집,월급275 만원 이상 ~ 300 만원 이하,경남 창원시 성산구,[인증],,관계없음,26-09-16,26-11-13,http://www.work.go.kr/empInfo/empInfoSrch/detail/empDetailAuthView.do?callPage=detail&wantedAuthNo=K131132609160034
K131132609160033,주식회사 폴리코리아,[품질관리팀] 사원~주임급 채용,"연봉2,800 만원 이상 ~ 3,700 만원 이하",경남 창원시 성산구,[인증],,경력  6개월,26-09-16,26-09-30,http://www.work.go.kr/empInfo/empInfoSrch/detail/empDetailAuthView.do?callPage=detail&wantedAuthNo=K131132609160033
K131132609160031,현신테크,제조업 현장 환경미화원 구인,"시급10,320 원 이상 ~ 10,320 원 이하",경남 창원시 성산구,[인증],,경력 1년,26-09-16,26-09-30,http://www.work.go.kr/empInfo/empInfoSrch/detail/empDetailAuthView.do?callPage=detail&wantedAuthNo=K131132609160031
KF10532609160003,우정재가노인복지센터,재가요양보호사 모집,"시급10,320 원 이상",경남 창원시 성산구,[인증],,관계없음,26-09-16,26-11-15,http://www.work.go.kr/empInfo/empInfoSrch/detail/empDetailAuthView.do?callPage=detail&wantedAuthNo=KF10532609160003
K131132609160030,ISL계기 (유),[경남] 계기 및 계장 관련 기술자 모집,"연봉5,200 만원 이상 ~ 7,000 만원 이하",경남 창원시 의창구,[인증],,경력 3년,26-09-16,26-10-15,http://www.work.go.kr/empInfo/empInfoSrch/detail/empDetailAuthView.do?callPage=detail&wantedAuthNo=K131132609160030
KEC0802609160003,남부건업(주),아파트 경비원(진해 대동빌라트) 모집,월급244 만원 이상 ~ 244 만원 이하,경남 창원시 진해구,[인증],,경력  6개월,26-09-16,26-09-30,http://www.work.go.kr/empInfo/empInfoSrch/detail/empDetailAuthView.do?callPage=detail&wantedAuthNo=KEC0802609160003
K131132609160029,대성테크,사상 작업자 모집,월급300 만원 이상 ~ 330 만원 이하,경남 창원시 의창구,[인증],,관계없음,26-09-16,26-11-15,http://www.work.go.kr/empInfo/empInfoSrch/detail/empDetailAuthView.do?callPage=detail&wantedAuthNo=K131132609160029
K131132609160028,대성테크,밀링 및 사상 작업자 모집,"연봉3,600 만원 이상",경남 창원시 의창구,[인증],,경력 5년,26-09-16,26-11-15,http://www.work.go.kr/empInfo/empInfoSrch/detail/empDetailAuthView.do?callPage=detail&wantedAuthNo=K131132609160028
K131132609160027,주식회사 더심온,경남 지역 '찾아가는 상담실' 전문 상담사 채용 공고,"시급30,000 원 이상 ~ 50,000 원 이하",경남 창원시 성산구,[인증],,경력 1년,26-09-16,26-11-15,http://www.work.go.kr/empInfo/empInfoSrch/detail/empDetailAuthView.do?callPage=detail&wantedAuthNo=K131132609160027
K131132609160026,주식회사 이와,[품질 사무] 품질 담당자 모집,월급250 만원 이상,경남 창원시 의창구,[인증],,경력 1년,26-09-16,26-10-15,http://www.work.go.kr/empInfo/empInfoSrch/detail/empDetailAuthView.do?callPage=detail&wantedAuthNo=K131132609160026
K131132609160025,주식회사 이와,개발 담당 관련업무 (견적 업무) 🚩경력무관,월급250 만원 이상,경남 창원시 의창구,[인증],,관계없음,26-09-16,26-10-15,http://www.work.go.kr/empInfo/empInfoSrch/detail/empDetailAuthView.do?callPage=detail&wantedAuthNo=K131132609160025
KF10802609160003,우진하이테크,기계 가공품 사상(초보자 가능),월급216 만원 이상 ~ 330 만원 이하,경남 창원시 성산구,[인증],,관계없음,26-09-16,26-11-15,http://www.work.go.kr/empInfo/empInfoSrch/detail/empDetailAuthView.do?callPage=detail&wantedAuthNo=KF10802609160003
K131132609160023,하이에스지,MCT 가공 (H-MCT),"연봉3,700 만원 이상 ~ 4,500 만원 이하",경남 창원시 성산구,[인증],,경력 3년,26-09-16,26-11-15,http://www.work.go.kr/empInfo/empInfoSrch/detail/empDetailAuthView.do?callPage=detail&wantedAuthNo=K131132609160023
K131132609160022,주식회사인터뱅크,사무보조원 모집,"시급10,320 원 이상 ~ 11,000 원 이하",경남 창원시 성산구,[인증],,경력 3년,26-09-16,26-11-15,http://www.work.go.kr/empInfo/empInfoSrch/detail/empDetailAuthView.do?callPage=detail&wantedAuthNo=K131132609160022
K131132609160020,케이원텍,방위 산업 분야 납품 및 자재·구매 관리 사무원 모집,"연봉3,300 만원 이상",경남 창원시 성산구,[인증],,관계없음,26-09-16,26-11-15,http://www.work.go.kr/empInfo/empInfoSrch/detail/empDetailAuthView.do?callPage=detail&wantedAuthNo=K131132609160020
K131132609160019,사단법인 신호등도움회,활동지원사 모집,월급216 만원 이상,경남 창원시 성산구,[인증],,경력  3개월,26-09-16,26-09-30,http://www.work.go.kr/empInfo/empInfoSrch/detail/empDetailAuthView.do?callPage=detail&wantedAuthNo=K131132609160019
K131132609160018,사단법인 신호등도움회,사회복지사 모집,월급216 만원 이상,경남 창원시 성산구,[인증],,관계없음,26-09-16,26-09-30,http://www.work.go.kr/empInfo/empInfoSrch/detail/empDetailAuthView.do?callPage=detail&wantedAuthNo=K131132609160018
K131132609160017,사단법인 신호등도움회,주방 보조(2교대),"시급10,320 원 이상",경남 창원시 성산구,[인증],,관계없음,26-09-16,26-09-30,http://www.work.go.kr/empInfo/empInfoSrch/detail/empDetailAuthView.do?callPage=detail&wantedAuthNo=K131132609160017
KEC0132609160001,주식회사 남도유통,납품운전원 / 주류판매 / 배송기사 채용,월급290 만원 이상,경남 창원시 의창구,[인증],,관계없음,26-09-16,26-09-30,http://www.work.go.kr/empInfo/empInfoSrch/detail/empDetailAuthView.do?callPage=detail&wantedAuthNo=KEC0132609160001
K131132609160016,경남에너지진해고객센터 주식회사,"경남에너지 진해고객센터 안전매니저(검침,점검)모집","연봉3,200 만원 이상",경남 창원시 진해구,[인증],,관계없음,26-09-16,26-09-30,http://www.work.go.kr/empInfo/empInfoSrch/detail/empDetailAuthView.do?callPage=detail&wantedAuthNo=K131132609160016
K131132609160015,사단법인 경상남도장애인부모연대 진해분회,[긴급](사)경상남도장애인부모연대 진해분회 청소년방과후활동서비스 사회복지사 채용 공고,"시급13,000 원 이상",경남 창원시 진해구,[인증],,신입,26-09-16,26-09-26,http://www.work.go.kr/empInfo/empInfoSrch/detail/empDetailAuthView.do?callPage=detail&wantedAuthNo=K131132609160015
K131132609160014,이롬회계법인,회계사무실 사무원(신입),월급216 만원 이상 ~ 220 만원 이하,경남 창원시 성산구,[인증],,신입,26-09-16,26-11-15,http://www.work.go.kr/empInfo/empInfoSrch/detail/empDetailAuthView.do?callPage=detail&wantedAuthNo=K131132609160014
K131132609160013,주식회사 가치제작소,"목재 가구 제작 및 설치, 배송 업무를 맡고 싶으신 분을 찾습니다.",월급250 만원 이상 ~ 250 만원 이하,경남 창원시 진해구,[인증],,관계없음,26-09-16,26-09-30,http://www.work.go.kr/empInfo/empInfoSrch/detail/empDetailAuthView.do?callPage=detail&wantedAuthNo=K131132609160013
K131132609160012,주식회사 광동플렌트,발전설비 제작 업무 제관 인력 모집,"일급150,000 원 이상 ~ 170,000 원 이하",경남 창원시 성산구,[인증],,경력 1년,26-09-16,26-11-15,http://www.work.go.kr/empInfo/empInfoSrch/detail/empDetailAuthView.do?callPage=detail&wantedAuthNo=K131132609160012
K180412609160010,동원건설산업 주식회사,[창원/4교대] 동원글로벌터미널부산(신항) 시설관리직(기전) 모집,월급290 만원 이상 ~ 290 만원 이하,경남 창원시 진해구,[인증],,경력 3년,26-09-16,26-11-14,http://www.work.go.kr/empInfo/empInfoSrch/detail/empDetailAuthView.do?callPage=detail&wantedAuthNo=K180412609160010
K131132609160011,(유)에이치에스관리,창원 신촌 성원아파트 경리 주임 모집,월급235 만원 이상 ~ 235 만원 이하,경남 창원시 성산구,[인증],,경력 1년 1개월,26-09-16,26-11-15,http://www.work.go.kr/empInfo/empInfoSrch/detail/empDetailAuthView.do?callPage=detail&wantedAuthNo=K131132609160011
K131332609160005,주식회사 정인티비엠,강림중공업 창원공장 정리팀 채용,월급162 만원 이상,경남 창원시 성산구,[인증],,관계없음,26-09-16,26-11-14,http://www.work.go.kr/empInfo/empInfoSrch/detail/empDetailAuthView.do?callPage=detail&wantedAuthNo=K131332609160005
K131132609160010,주식회사 신진기전사,전기공사 현장직 내선전공 모집 (경력무관),"연봉3,600 만원 이상 ~ 4,200 만원 이하",경남 창원시 의창구,[인증],,관계없음,26-09-16,26-09-30,http://www.work.go.kr/empInfo/empInfoSrch/detail/empDetailAuthView.do?callPage=detail&wantedAuthNo=K131132609160010
K131132609160009,주식회사 문화엔터프라이즈,총무팀 행정업무 보조사원 모집합니다,월급220 만원 이상 ~ 300 만원 이하,경남 창원시 의창구,[인증],,경력 1년,26-09-16,26-11-14,http://www.work.go.kr/empInfo/empInfoSrch/detail/empDetailAuthView.do?callPage=detail&wantedAuthNo=K131132609160009
K131132609160008,아주레이저,캐드원 모집,"연봉4,000 만원 이상 ~ 4,100 만원 이하",경남 창원시 성산구,[인증],,경력 3년,26-09-16,26-11-15,http://www.work.go.kr/empInfo/empInfoSrch/detail/empDetailAuthView.do?callPage=detail&wantedAuthNo=K131132609160008
K131132609160007,슈톤서비스,현장에서 실력을 향상시키고 싶은 로봇 및 공작기계 수리 하실 분 모집합니다.,월급270 만원 이상 ~ 300 만원 이하,경남 창원시 성산구,[인증],,관계없음,26-09-16,26-11-14,http://www.work.go.kr/empInfo/empInfoSrch/detail/empDetailAuthView.do?callPage=detail&wantedAuthNo=K131132609160007
K131132609160005,문현회계사무소,문현회계사무소 - 회계사무원(3년이상 )경력자를 모집합니다.,"연봉3,500 만원 이상 ~ 4,000 만원 이하",경남 창원시 성산구,[인증],,경력 3년,26-09-16,26-11-15,http://www.work.go.kr/empInfo/empInfoSrch/detail/empDetailAuthView.do?callPage=detail&wantedAuthNo=K131132609160005
KF10532609160001,(주)참다올푸드,구내식당 찬모 모집,"시급11,000 원 이상 ~ 11,000 원 이하",경남 창원시 의창구,[인증],,경력 2년,26-09-16,26-11-15,http://www.work.go.kr/empInfo/empInfoSrch/detail/empDetailAuthView.do?callPage=detail&wantedAuthNo=KF10532609160001
K131132609160004,선일포장산업(주),납품 및 창고관리 직원을 모집합니다.,"연봉3,120 만원 이상",경남 창원시 의창구,[인증],,관계없음,26-09-16,26-09-30,http://www.work.go.kr/empInfo/empInfoSrch/detail/empDetailAuthView.do?callPage=detail&wantedAuthNo=K131132609160004
K131132609160003,주식회사동진생명연구원,식품사업부 마케팅/고객관리(시료수거) 인원 채용,"연봉3,000 만원 이상 ~ 3,000 만원 이하",경남 창원시 의창구,[인증],,관계없음,26-09-16,26-11-14,http://www.work.go.kr/empInfo/empInfoSrch/detail/empDetailAuthView.do?callPage=detail&wantedAuthNo=K131132609160003
K131112609160003,국군복지단,군 영외마트 주차관리 모집,"시급10,320 원 이상 ~ 10,320 원 이하",경남 창원시 진해구,[인증],,관계없음,26-09-16,26-09-21,http://www.work.go.kr/empInfo/empInfoSrch/detail/empDetailAuthView.do?callPage=detail&wantedAuthNo=K131112609160003
K131132609160002,효성중공업(주) 창원1공장,효성중공업(주) 창원공장 구매 사무계약직 모집,월급251 만원 이상,경남 창원시 성산구,[인증],,관계없음,26-09-16,26-11-14,http://www.work.go.kr/empInfo/empInfoSrch/detail/empDetailAuthView.do?callPage=detail&wantedAuthNo=K131132609160002
K131112609160001,국군복지단,군 영외마트 청소관리 모집,"시급10,320 원 이상 ~ 10,320 원 이하",경남 창원시 진해구,[인증],,관계없음,26-09-16,26-09-21,http://www.work.go.kr/empInfo/empInfoSrch/detail/empDetailAuthView.do?callPage=detail&wantedAuthNo=K131112609160001
K131132609160001,주식회사원우이엔지,원우이엔지 [발주서관리.납품일정.납품.등] 모집,월급330 만원 이상 ~ 330 만원 이하,경남 창원시 성산구,[인증],,경력 3년,26-09-16,26-11-01,http://www.work.go.kr/empInfo/empInfoSrch/detail/empDetailAuthView.do?callPage=detail&wantedAuthNo=K131132609160001
K180012609160003,효천재가복지센터,※요양보호사 모집※ - 진해구 이동,"시급10,320 원 이상 ~ 10,320 원 이하",경남 창원시 진해구,[인증],,관계없음,26-09-16,26-09-29,http://www.work.go.kr/empInfo/empInfoSrch/detail/empDetailAuthView.do?callPage=detail&wantedAuthNo=K180012609160003
KJSA002609150001,금손주간보호센터,주간보호 요양보호사 구인,"시급10,320 원 이상 ~ 10,320 원 이하",경남 창원시 의창구,[인증],,관계없음,26-09-15,26-10-14,http://www.work.go.kr/empInfo/empInfoSrch/detail/empDetailAuthView.do?callPage=detail&wantedAuthNo=KJSA002609150001
K131132609150056,광진ENG,편의점유지보수기사,월급310 만원 이상,경남 창원시 의창구,[인증],,관계없음,26-09-15,26-09-30,http://www.work.go.kr/empInfo/empInfoSrch/detail/empDetailAuthView.do?callPage=detail&wantedAuthNo=K131132609150056
K131132609150055,사랑의어린이집,조리사 선생님 모집합니다!,월급223 만원 이상 ~ 223 만원 이하,경남 창원시 의창구,[인증],,경력 1년,26-09-15,26-09-30,http://www.work.go.kr/empInfo/empInfoSrch/detail/empDetailAuthView.do?callPage=detail&wantedAuthNo=K131132609150055
K131132609150054,시립창원요양병원,요양보호사님 구인합니다. 시립창원요양병원-2교대(북면),월급288 만원 이상,경남 창원시 의창구,[인증],,관계없음,26-09-15,26-10-01,http://www.work.go.kr/empInfo/empInfoSrch/detail/empDetailAuthView.do?callPage=detail&wantedAuthNo=K131132609150054
KEC0132609150005,희연재가커뮤니티케어센터,[9/30(수)14:00 보건.돌봄종사자 특화 일자리수요데이 직접 참여업체] 통합돌봄 지원사 모집(무자격 응시가능),"시급14,500 원 이상 ~ 14,500 원 이하",경남 창원시 성산구,[인증],,신입,26-09-15,26-10-14,http://www.work.go.kr/empInfo/empInfoSrch/detail/empDetailAuthView.do?callPage=detail&wantedAuthNo=KEC0132609150005
KF10772609150010,바른재가노인복지센터,바른재가노인복지센터와 함께하실 방문 요양보호사 선생님 모십니다,"시급10,320 원 이상 ~ 10,320 원 이하",경남 창원시 진해구,[인증],,관계없음,26-09-15,26-11-07,http://www.work.go.kr/empInfo/empInfoSrch/detail/empDetailAuthView.do?callPage=detail&wantedAuthNo=KF10772609150010
K131132609150052,강진건설 주식회사,도시가스 배관공사 현장 작업자 모집,월급350 만원 이상,경남 창원시 성산구,[인증],,관계없음,26-09-15,26-11-14,http://www.work.go.kr/empInfo/empInfoSrch/detail/empDetailAuthView.do?callPage=detail&wantedAuthNo=K131132609150052
K131132609150051,행복나무사회적협동조합,발달장애인 주간활동서비스를 함께 할 사회복지사님을 모집합니다.,월급230 만원 이상 ~ 240 만원 이하,경남 창원시 의창구,[인증],,관계없음,26-09-15,26-09-27,http://www.work.go.kr/empInfo/empInfoSrch/detail/empDetailAuthView.do?callPage=detail&wantedAuthNo=K131132609150051
K131132609150050,현대시스템(주),기업체 물품 출하업무 인원 모집,월급228 만원 이상 ~ 228 만원 이하,경남 창원시 성산구,[인증],,관계없음,26-09-15,26-11-14,http://www.work.go.kr/empInfo/empInfoSrch/detail/empDetailAuthView.do?callPage=detail&wantedAuthNo=K131132609150050
K131132609150048,해인로즈빌아파트입주자대표회의,관리사무소 시설관리기사 채용,월급300 만원 이상,경남 창원시 진해구,[인증],,관계없음,26-09-15,26-09-23,http://www.work.go.kr/empInfo/empInfoSrch/detail/empDetailAuthView.do?callPage=detail&wantedAuthNo=K131132609150048
K131132609150047,주식회사제이에스코리아,생산직 모집 ( 검사포장 및 디핑 작업)(초보자가능),"시급10,320 원 이상 ~ 10,320 원 이하",경남 창원시 의창구,[인증],,관계없음,26-09-15,26-09-30,http://www.work.go.kr/empInfo/empInfoSrch/detail/empDetailAuthView.do?callPage=detail&wantedAuthNo=K131132609150047
K131132609150046,하람어린이집,어린이집 담임 교사 채용,월급216 만원 이상 ~ 216 만원 이하,경남 창원시 성산구,[인증],,경력 1년,26-09-15,26-09-30,http://www.work.go.kr/empInfo/empInfoSrch/detail/empDetailAuthView.do?callPage=detail&wantedAuthNo=K131132609150046
K131132609150045,주식회사제이에스코리아,프레스 생산직 모집(초보자가능),"시급10,320 원 이상 ~ 10,320 원 이하",경남 창원시 의창구,[인증],,관계없음,26-09-15,26-09-30,http://www.work.go.kr/empInfo/empInfoSrch/detail/empDetailAuthView.do?callPage=detail&wantedAuthNo=K131132609150045
K131132609150044,(주)웨스코일렉트로드,(주)웨스코일렉트로드 플랜트 계약직 채용 공고,월급216 만원 이상,경남 창원시 성산구,[인증],,관계없음,26-09-15,26-10-15,http://www.work.go.kr/empInfo/empInfoSrch/detail/empDetailAuthView.do?callPage=detail&wantedAuthNo=K131132609150044
K131132609150043,주식회사 현일산업,자동화기계 단순 조작원 모집(경력무관),"시급11,350 원 이상",경남 창원시 의창구,[인증],,관계없음,26-09-15,26-10-14,http://www.work.go.kr/empInfo/empInfoSrch/detail/empDetailAuthView.do?callPage=detail&wantedAuthNo=K131132609150043
K131132609150042,주식회사좋은이웃마트,"(주)좋은이웃마트 사업확장 [창원점 축산(정육) 채용_신입, 경력]",월급303 만원 이상,경남 창원시 의창구,[인증],,관계없음,26-09-15,26-09-29,http://www.work.go.kr/empInfo/empInfoSrch/detail/empDetailAuthView.do?callPage=detail&wantedAuthNo=K131132609150042
K131132609150041,창원시노인주간보호센터,재가센터 방문요양 요양보호사(창원시 의창구 팔용동) 모집합니다.,"시급10,320 원 이상 ~ 10,320 원 이하",경남 창원시 의창구,[인증],,관계없음,26-09-15,26-11-14,http://www.work.go.kr/empInfo/empInfoSrch/detail/empDetailAuthView.do?callPage=detail&wantedAuthNo=K131132609150041
K131132609150040,주식회사 범한엔지니어링,창원본사 건설사업관리본부 직원모집(신입가능),"연봉3,600 만원 이상 ~ 4,000 만원 이하",경남 창원시 의창구,[인증],,신입,26-09-15,26-11-14,http://www.work.go.kr/empInfo/empInfoSrch/detail/empDetailAuthView.do?callPage=detail&wantedAuthNo=K131132609150040
K131132609150039,성보테크,"CNC 선반 가공원 모집 - 능력을 인정받고 열심히 일하고 싶은 분, 지원하세요!",월급300 만원 이상 ~ 600 만원 이하,경남 창원시 성산구,[인증],,경력 5년,26-09-15,26-11-14,http://www.work.go.kr/empInfo/empInfoSrch/detail/empDetailAuthView.do?callPage=detail&wantedAuthNo=K131132609150039
K131132609150038,（주）엔에스씨인더스트리,자동차 부품 3차원측정 품질인원 모집,"연봉3,200 만원 이상 ~ 3,700 만원 이하",경남 창원시 진해구,[인증],,관계없음,26-09-15,26-11-14,http://www.work.go.kr/empInfo/empInfoSrch/detail/empDetailAuthView.do?callPage=detail&wantedAuthNo=K131132609150038
K131132609150037,신일화학(주),로만시스/창원-도장직 및 철도차량 마스킹 작업,"시급10,320 원 이상 ~ 10,320 원 이하",경남 창원시 성산구,[인증],,관계없음,26-09-15,26-09-20,http://www.work.go.kr/empInfo/empInfoSrch/detail/empDetailAuthView.do?callPage=detail&wantedAuthNo=K131132609150037
K131132609150036,（주）엔에스씨인더스트리,[알루미늄 T6 열처리] 현장 생산직 채용 - 초보 가능/동종 경력 우대,"시급10,320 원 이상 ~ 10,320 원 이하",경남 창원시 진해구,[인증],,신입,26-09-15,26-11-14,http://www.work.go.kr/empInfo/empInfoSrch/detail/empDetailAuthView.do?callPage=detail&wantedAuthNo=K131132609150036
K131132609150035,주식회사 한성디에스,한성디에스 - 공작기계 조립원 모집,"일급83,000 원 이상",경남 창원시 성산구,[인증],,관계없음,26-09-15,26-10-02,http://www.work.go.kr/empInfo/empInfoSrch/detail/empDetailAuthView.do?callPage=detail&wantedAuthNo=K131132609150035
K131132609150034,화창 주식회사,YT(야드트렉터)기사를 모집합니다.,월급290 만원 이상,경남 창원시 진해구,[인증],,관계없음,26-09-15,26-11-14,http://www.work.go.kr/empInfo/empInfoSrch/detail/empDetailAuthView.do?callPage=detail&wantedAuthNo=K131132609150034
K131132609150033,미래조경건설 주식회사,진해나래울학교 조경공사 현장소장,월급400 만원 이상 ~ 450 만원 이하,경남 창원시 진해구,[인증],,경력 3년,26-09-15,26-09-30,http://www.work.go.kr/empInfo/empInfoSrch/detail/empDetailAuthView.do?callPage=detail&wantedAuthNo=K131132609150033
KF10802609150007,주식회사미소,(주)미소 창원파티마병원 간호지원사 모집,월급230 만원 이상 ~ 230 만원 이하,경남 창원시 의창구,[인증],,관계없음,26-09-15,26-11-14,http://www.work.go.kr/empInfo/empInfoSrch/detail/empDetailAuthView.do?callPage=detail&wantedAuthNo=KF10802609150007
K131132609150032,팔미금속공업(주),주조 생산관리원,"시급10,320 원 이상 ~ 10,320 원 이하",경남 창원시 진해구,[인증],,신입,26-09-15,26-11-14,http://www.work.go.kr/empInfo/empInfoSrch/detail/empDetailAuthView.do?callPage=detail&wantedAuthNo=K131132609150032
KF10802609150006,태양재가노인복지센터,[성산구 용호동] 재가 요양보호사 구인,"시급10,320 원 이상",경남 창원시 성산구,[인증],,관계없음,26-09-15,26-11-14,http://www.work.go.kr/empInfo/empInfoSrch/detail/empDetailAuthView.do?callPage=detail&wantedAuthNo=KF10802609150006
K131132609150031,주식회사 무진중공업,[ 케이조선 내 협력사 (주)무진중공업 ] LINE QC(품질관리) 담당자 모집,"시급10,320 원 이상",경남 창원시 진해구,[인증],,관계없음,26-09-15,26-11-14,http://www.work.go.kr/empInfo/empInfoSrch/detail/empDetailAuthView.do?callPage=detail&wantedAuthNo=K131132609150031
K131132609150030,주식회사도경테크,타워 크레인 신호수 모집,"시급10,320 원 이상",경남 창원시 진해구,[인증],,관계없음,26-09-15,26-11-14,http://www.work.go.kr/empInfo/empInfoSrch/detail/empDetailAuthView.do?callPage=detail&wantedAuthNo=K131132609150030
KF10802609150005,행복한재가방문요양센터,[동읍 신촌 인근]재가 요양보호사 구인,"시급10,320 원 이상 ~ 13,000 원 이하",경남 창원시 의창구,[인증],,관계없음,26-09-15,26-11-14,http://www.work.go.kr/empInfo/empInfoSrch/detail/empDetailAuthView.do?callPage=detail&wantedAuthNo=KF10802609150005
KJSP002609150005,주식회사 무림개발,부산신항로얄팰리스 2차 경리과장 구인,월급290 만원 이상 ~ 290 만원 이하,경남 창원시 진해구,[인증],,관계없음,26-09-15,26-11-14,http://www.work.go.kr/empInfo/empInfoSrch/detail/empDetailAuthView.do?callPage=detail&wantedAuthNo=KJSP002609150005
KJSP012609150001,스마일시니어올바른재가복지센터,재가 요양보호사 모집( 웅천고 인근 ),"시급10,320 원 이상 ~ 10,320 원 이하",경남 창원시 진해구,[인증],,관계없음,26-09-15,26-11-14,http://www.work.go.kr/empInfo/empInfoSrch/detail/empDetailAuthView.do?callPage=detail&wantedAuthNo=KJSP012609150001
K131132609150029,신흥공업(주),일반사무원 모집(제조업),"연봉2,760 만원 이상",경남 창원시 성산구,[인증],,관계없음,26-09-15,26-09-28,http://www.work.go.kr/empInfo/empInfoSrch/detail/empDetailAuthView.do?callPage=detail&wantedAuthNo=K131132609150029
K131132609150028,대경정밀공업(주),cnc가공 사원 모집_창원 팔용동 [경력무관],"시급10,400 원 이상 ~ 10,500 원 이하",경남 창원시 의창구,[인증],,관계없음,26-09-15,26-09-30,http://www.work.go.kr/empInfo/empInfoSrch/detail/empDetailAuthView.do?callPage=detail&wantedAuthNo=K131132609150028
K131132609150027,한성기계공업사,생산직 기계조작원 모집,"일급85,000 원 이상",경남 창원시 의창구,[인증],,관계없음,26-09-15,26-10-02,http://www.work.go.kr/empInfo/empInfoSrch/detail/empDetailAuthView.do?callPage=detail&wantedAuthNo=K131132609150027
K131132609150026,주식회사 창원산업,160T NC 보링가공자 모집,"시급13,000 원 이상 ~ 16,000 원 이하",경남 창원시 의창구,[인증],,경력 3년,26-09-15,26-10-02,http://www.work.go.kr/empInfo/empInfoSrch/detail/empDetailAuthView.do?callPage=detail&wantedAuthNo=K131132609150026
KEC0132609150002,창원노인통합센터,주간보호에서 근무하실 요양보호사 선생님을모십니다.,월급216 만원 이상 ~ 216 만원 이하,경남 창원시 의창구,[인증],,관계없음,26-09-15,26-11-14,http://www.work.go.kr/empInfo/empInfoSrch/detail/empDetailAuthView.do?callPage=detail&wantedAuthNo=KEC0132609150002
KJSP002609150004,중앙재가복지센터,급구)재가요양보호사 모집,"시급12,820 원 이상",경남 창원시 진해구,[인증],,관계없음,26-09-15,26-09-29,http://www.work.go.kr/empInfo/empInfoSrch/detail/empDetailAuthView.do?callPage=detail&wantedAuthNo=KJSP002609150004
K131132609150024,"주식회사지이브이솔루션(GEVSolutionCO.,Ltd.)",금속기계/금속부품 조립 및 포장 [계약직 사원] 모집,"시급10,320 원 이상 ~ 10,320 원 이하",경남 창원시 의창구,[인증],,관계없음,26-09-15,26-11-14,http://www.work.go.kr/empInfo/empInfoSrch/detail/empDetailAuthView.do?callPage=detail&wantedAuthNo=K131132609150024
KF10802609150004,손길재가복지센터,[석동_롯데마트 인근] 재가 요양보호사 구인,"시급10,320 원 이상 ~ 13,000 원 이하",경남 창원시 진해구,[인증],,관계없음,26-09-15,26-11-14,http://www.work.go.kr/empInfo/empInfoSrch/detail/empDetailAuthView.do?callPage=detail&wantedAuthNo=KF10802609150004
K131132609150023,주식회사만수,암롤차량 및 대형화물 기사모집(경력환영-신입가능),월급330 만원 이상 ~ 380 만원 이하,경남 창원시 의창구,[인증],,관계없음,26-09-15,26-10-14,http://www.work.go.kr/empInfo/empInfoSrch/detail/empDetailAuthView.do?callPage=detail&wantedAuthNo=K131132609150023
K131132609150022,주식회사동경씨에스,CNC컴퓨터 조작원 모집,"연봉3,500 만원 이상",경남 창원시 성산구,[인증],,경력 1년,26-09-15,26-09-29,http://www.work.go.kr/empInfo/empInfoSrch/detail/empDetailAuthView.do?callPage=detail&wantedAuthNo=K131132609150022
K131132609150021,(주)제이엠종합건설,건설현장 현장반장 모집합니다,"연봉5,000 만원 이상",경남 창원시 진해구,[인증],,경력 5년,26-09-15,26-11-13,http://www.work.go.kr/empInfo/empInfoSrch/detail/empDetailAuthView.do?callPage=detail&wantedAuthNo=K131132609150021
KF10802609150003,창원시티재가노인복지센타,[석동체육공원 인근 빌라] 재가 요양보호사 구인,"시급10,320 원 이상 ~ 13,100 원 이하",경남 창원시 진해구,[인증],,관계없음,26-09-15,26-11-14,http://www.work.go.kr/empInfo/empInfoSrch/detail/empDetailAuthView.do?callPage=detail&wantedAuthNo=KF10802609150003
K131132609150020,(주)서부엔진,현장직 채용 모집 / 한화엔진 내 대형선박 엔진 소조립,"시급10,500 원 이상 ~ 10,500 원 이하",경남 창원시 성산구,[인증],,관계없음,26-09-15,26-09-29,http://www.work.go.kr/empInfo/empInfoSrch/detail/empDetailAuthView.do?callPage=detail&wantedAuthNo=K131132609150020
K131132609150019,파티마안과의원,시티세븐파티마안과 마케팅디자이너 모집,"연봉2,800 만원 이상",경남 창원시 성산구,[인증],,관계없음,26-09-15,26-10-14,http://www.work.go.kr/empInfo/empInfoSrch/detail/empDetailAuthView.do?callPage=detail&wantedAuthNo=K131132609150019
K131132609150018,우주테크(주),자동차부품 사출성형 생산직 모집,"시급10,320 원 이상",경남 창원시 의창구,[인증],,신입,26-09-15,26-11-14,http://www.work.go.kr/empInfo/empInfoSrch/detail/empDetailAuthView.do?callPage=detail&wantedAuthNo=K131132609150018
K131132609150017,(주)부경,(주)부경 MCT 조작원 (경력자) 모집,"시급10,600 원 이상",경남 창원시 성산구,[인증],,경력 3년,26-09-15,26-11-14,http://www.work.go.kr/empInfo/empInfoSrch/detail/empDetailAuthView.do?callPage=detail&wantedAuthNo=K131132609150017
K131132609150016,주식회사 두영,두영 - 품질관리 직원을 모십니다.,"연봉3,360 만원 이상 ~ 3,360 만원 이하",경남 창원시 성산구,[인증],,경력 1년,26-09-15,26-09-29,http://www.work.go.kr/empInfo/empInfoSrch/detail/empDetailAuthView.do?callPage=detail&wantedAuthNo=K131132609150016
K131132609150015,(주)화신정밀,오면가공기작업자 및 MCT. 호리젠탈 실무경력 경험자 채용,월급350 만원 이상,경남 창원시 성산구,[인증],,경력 2년,26-09-15,26-11-14,http://www.work.go.kr/empInfo/empInfoSrch/detail/empDetailAuthView.do?callPage=detail&wantedAuthNo=K131132609150015
KF10802609150002,주식회사컨트로맥스（Contromax）,창원지점 행정서무 채용 [창원여성새일센터 채용대행],"연봉2,800 만원 이상 ~ 4,000 만원 이하",경남 창원시 의창구,[인증],,경력 2년,26-09-15,26-11-14,http://www.work.go.kr/empInfo/empInfoSrch/detail/empDetailAuthView.do?callPage=detail&wantedAuthNo=KF10802609150002
KJSP002609150003,(주)진광,아파트 미화원모집,"시급10,320 원 이상 ~ 10,320 원 이하",경남 창원시 진해구,[인증],,관계없음,26-09-15,26-09-29,http://www.work.go.kr/empInfo/empInfoSrch/detail/empDetailAuthView.do?callPage=detail&wantedAuthNo=KJSP002609150003
KF10532609150003,선일포장산업(주),생산직 직원 모집,"시급10,320 원 이상 ~ 10,320 원 이하",경남 창원시 의창구,[인증],,관계없음,26-09-15,26-11-14,http://www.work.go.kr/empInfo/empInfoSrch/detail/empDetailAuthView.do?callPage=detail&wantedAuthNo=KF10532609150003
KJSP002609150002,(주)진광,아파트 미화원모집,월급162 만원 이상,경남 창원시 진해구,[인증],,관계없음,26-09-15,26-09-29,http://www.work.go.kr/empInfo/empInfoSrch/detail/empDetailAuthView.do?callPage=detail&wantedAuthNo=KJSP002609150002
K131132609150012,엠에스텍,자동차 부품 품질관리 사무원 [정규직/신입],"연봉3,800 만원 이상",경남 창원시 의창구,[인증],,신입,26-09-15,26-09-29,http://www.work.go.kr/empInfo/empInfoSrch/detail/empDetailAuthView.do?callPage=detail&wantedAuthNo=K131132609150012
K131132609150011,주식회사오성연마,[창원] 산업용품(연마자재) 영업사원 모집(신입 및 경력 ),"연봉3,400 만원 이상",경남 창원시 의창구,[인증],,관계없음,26-09-15,26-09-30,http://www.work.go.kr/empInfo/empInfoSrch/detail/empDetailAuthView.do?callPage=detail&wantedAuthNo=K131132609150011
K131132609150010,우주기전(주),"CNC 선반, MCT 분야 경력 10년 이상의 반장급을 모집합니다.","연봉6,500 만원 이상",경남 창원시 의창구,[인증],,경력 10년,26-09-15,26-09-30,http://www.work.go.kr/empInfo/empInfoSrch/detail/empDetailAuthView.do?callPage=detail&wantedAuthNo=K131132609150010
K131132609150009,우주기전(주),[기술영업 담당자 모집] 기어 연삭 / 산업기계 영업 (신규 제품 영업),"연봉4,000 만원 이상",경남 창원시 의창구,[인증],,경력 1년,26-09-15,26-09-30,http://www.work.go.kr/empInfo/empInfoSrch/detail/empDetailAuthView.do?callPage=detail&wantedAuthNo=K131132609150009
K131132609150008,우주기전(주),[기어 연삭 담당자 모집] 클링겔베르크 장비 운영 / P·G 조작 우대,"연봉5,000 만원 이상",경남 창원시 의창구,[인증],,경력 1년,26-09-15,26-09-30,http://www.work.go.kr/empInfo/empInfoSrch/detail/empDetailAuthView.do?callPage=detail&wantedAuthNo=K131132609150008
K131132609150007,(주)가야테크,프레스 정밀 금형 부품 가공 전문 회사 [품질검사]  구인,"시급10,320 원 이상",경남 창원시 의창구,[인증],,관계없음,26-09-15,26-11-14,http://www.work.go.kr/empInfo/empInfoSrch/detail/empDetailAuthView.do?callPage=detail&wantedAuthNo=K131132609150007
K131132609150006,(주)가야테크,평면 연삭기 조작원 경력 채용,월급300 만원 이상 ~ 400 만원 이하,경남 창원시 의창구,[인증],,경력 2년,26-09-15,26-11-14,http://www.work.go.kr/empInfo/empInfoSrch/detail/empDetailAuthView.do?callPage=detail&wantedAuthNo=K131132609150006
KEC0132609150001,남부건업(주),아파트 미화원 모집 (창원 북면 감계힐스테이트1차),"시급10,320 원 이상 ~ 10,320 원 이하",경남 창원시 의창구,[인증],,경력  6개월,26-09-15,26-11-13,http://www.work.go.kr/empInfo/empInfoSrch/detail/empDetailAuthView.do?callPage=detail&wantedAuthNo=KEC0132609150001
K131132609150005,남도하이텍주식회사,[남도하이텍] 품질보증 경력자 모십니다.,"연봉3,400 만원 이상 ~ 4,300 만원 이하",경남 창원시 의창구,[인증],,경력 3년,26-09-15,26-09-30,http://www.work.go.kr/empInfo/empInfoSrch/detail/empDetailAuthView.do?callPage=detail&wantedAuthNo=K131132609150005
K131132609150004,남도하이텍주식회사,MCT 가공 경력직 모집,"연봉3,800 만원 이상 ~ 4,500 만원 이하",경남 창원시 의창구,[인증],,경력 5년,26-09-15,26-09-30,http://www.work.go.kr/empInfo/empInfoSrch/detail/empDetailAuthView.do?callPage=detail&wantedAuthNo=K131132609150004
K131132609150003,효성중공업(주) 창원1공장,효성중공업(주) 창원공장 물류팀 계약직 모집,월급251 만원 이상,경남 창원시 성산구,[인증],,관계없음,26-09-15,26-11-14,http://www.work.go.kr/empInfo/empInfoSrch/detail/empDetailAuthView.do?callPage=detail&wantedAuthNo=K131132609150003
K131132609150002,희연요양병원,요양병원 간호조무사 (병동 3교대),월급252 만원 이상,경남 창원시 성산구,[인증],,관계없음,26-09-15,26-09-29,http://www.work.go.kr/empInfo/empInfoSrch/detail/empDetailAuthView.do?callPage=detail&wantedAuthNo=K131132609150002
KHA1212609150001,국립창원대학교,2026년 국립창원대학교 대학일자리플러스센터 기간제근로자(컨설턴트) 채용 공고,"연봉3,600 만원 이상 ~ 3,600 만원 이하",경남 창원시 의창구,[인증],,경력 1년,26-09-15,26-09-29,http://www.work.go.kr/empInfo/empInfoSrch/detail/empDetailAuthView.do?callPage=detail&wantedAuthNo=KHA1212609150001
K120312609150007,사조푸디스트 주식회사,푸디스트(주)해군사관학교 단체급식 찬모/조리원 구인,"시급10,400 원 이상 ~ 11,800 원 이하",경남 창원시 진해구,[인증],,경력 1년,26-09-15,26-11-13,http://www.work.go.kr/empInfo/empInfoSrch/detail/empDetailAuthView.do?callPage=detail&wantedAuthNo=K120312609150007
K131132609150001,EBY어학원,EBY 어학원 상남분원에서 영어 선생님을 모집합니다!,월급250 만원 이상 ~ 580 만원 이하,경남 창원시 성산구,[인증],,관계없음,26-09-15,26-10-17,http://www.work.go.kr/empInfo/empInfoSrch/detail/empDetailAuthView.do?callPage=detail&wantedAuthNo=K131132609150001
KEC0682609150001,(주)따뜻한사람들,케이지모빌리티 창원점 구내식당 조리보조원 채용,월급136 만원 이상,경남 창원시 성산구,[인증],,관계없음,26-09-15,26-09-30,http://www.work.go.kr/empInfo/empInfoSrch/detail/empDetailAuthView.do?callPage=detail&wantedAuthNo=KEC0682609150001
KF10532609140004,（주）대한라이징,생산직 사원모집,"시급10,320 원 이상",경남 창원시 의창구,[인증],,관계없음,26-09-14,26-10-12,http://www.work.go.kr/empInfo/empInfoSrch/detail/empDetailAuthView.do?callPage=detail&wantedAuthNo=KF10532609140004
K131132609140086,(주)제이엠종합건설,건축 공무 채용,"연봉5,500 만원 이상",경남 창원시 진해구,[인증],,경력 5년,26-09-14,26-11-13,http://www.work.go.kr/empInfo/empInfoSrch/detail/empDetailAuthView.do?callPage=detail&wantedAuthNo=K131132609140086
K131132609140085,희연재활병원,【 재활병원 간호간병통합 간호사 모집  】,"연봉3,180 만원 이상 ~ 5,000 만원 이하",경남 창원시 성산구,[인증],,관계없음,26-09-14,26-09-28,http://www.work.go.kr/empInfo/empInfoSrch/detail/empDetailAuthView.do?callPage=detail&wantedAuthNo=K131132609140085
K131132609140084,주식회사제이솔루션,방송통신 및 AV 공사 분야 프로젝트 관리 전문가(PM)를 모집합니다.,"연봉2,900 만원 이상",경남 창원시 성산구,[인증],,경력 1년,26-09-14,26-11-13,http://www.work.go.kr/empInfo/empInfoSrch/detail/empDetailAuthView.do?callPage=detail&wantedAuthNo=K131132609140084
K131132609140083,리드웰테크,금속가공 검사원,"시급10,320 원 이상",경남 창원시 의창구,[인증],,관계없음,26-09-14,26-09-28,http://www.work.go.kr/empInfo/empInfoSrch/detail/empDetailAuthView.do?callPage=detail&wantedAuthNo=K131132609140083
K131132609140082,윈테크,방산 PCB 코팅 작업자 모집합니다,"시급10,320 원 이상",경남 창원시 의창구,[인증],,관계없음,26-09-14,26-09-30,http://www.work.go.kr/empInfo/empInfoSrch/detail/empDetailAuthView.do?callPage=detail&wantedAuthNo=K131132609140082
K131132609140079,덕보기계,MCT 가공 모집,"시급10,320 원 이상 ~ 10,320 원 이하",경남 창원시 의창구,[인증],,관계없음,26-09-14,26-10-13,http://www.work.go.kr/empInfo/empInfoSrch/detail/empDetailAuthView.do?callPage=detail&wantedAuthNo=K131132609140079
K131132609140077,주식회사 승산정밀,방산품 자재 관리 사원,"연봉4,100 만원 이상 ~ 4,300 만원 이하",경남 창원시 의창구,[인증],,관계없음,26-09-14,26-09-30,http://www.work.go.kr/empInfo/empInfoSrch/detail/empDetailAuthView.do?callPage=detail&wantedAuthNo=K131132609140077
K131132609140078,유창공업(주),품질관리 사원 모집,월급300 만원 이상 ~ 330 만원 이하,경남 창원시 성산구,[인증],,신입,26-09-14,26-09-30,http://www.work.go.kr/empInfo/empInfoSrch/detail/empDetailAuthView.do?callPage=detail&wantedAuthNo=K131132609140078
K131132609140076,주식회사삼성씨에스,[창원-현대산업]아파트 기전주임 모집,월급316 만원 이상 ~ 316 만원 이하,경남 창원시 성산구,[인증],,관계없음,26-09-14,26-09-28,http://www.work.go.kr/empInfo/empInfoSrch/detail/empDetailAuthView.do?callPage=detail&wantedAuthNo=K131132609140076
K131132609140075,주식회사 플랜트코리아,"보일러 배관/설비, 위생설비 경력자 구인",월급300 만원 이상 ~ 450 만원 이하,경남 창원시 의창구,[인증],,경력 3년,26-09-14,26-10-09,http://www.work.go.kr/empInfo/empInfoSrch/detail/empDetailAuthView.do?callPage=detail&wantedAuthNo=K131132609140075
K131132609140074,한국농협김치조합공동사업법인 경남지사,생산직 사원모집,"시급10,320 원 이상",경남 창원시 진해구,[인증],,관계없음,26-09-14,26-11-13,http://www.work.go.kr/empInfo/empInfoSrch/detail/empDetailAuthView.do?callPage=detail&wantedAuthNo=K131132609140074
K131132609140073,주식회사 혜림건설산업,도시가스 시공 건설작업자 및 반장님 구인합니다.,월급310 만원 이상,경남 창원시 의창구,[인증],,관계없음,26-09-14,26-10-14,http://www.work.go.kr/empInfo/empInfoSrch/detail/empDetailAuthView.do?callPage=detail&wantedAuthNo=K131132609140073
K131132609140072,진오테크,자재및 품질사무원,"연봉3,500 만원 이상",경남 창원시 의창구,[인증],,경력 2년,26-09-14,26-09-30,http://www.work.go.kr/empInfo/empInfoSrch/detail/empDetailAuthView.do?callPage=detail&wantedAuthNo=K131132609140072
KF10802609140005,창원 당당한방병원,"병동 간호사(D/E, 3교대) 채용","연봉3,400 만원 이상",경남 창원시 성산구,[인증],,관계없음,26-09-14,26-09-28,http://www.work.go.kr/empInfo/empInfoSrch/detail/empDetailAuthView.do?callPage=detail&wantedAuthNo=KF10802609140005
KJSP002609140002,조이어르신주간보호센터,주간보호센터 조리사,월급216 만원 이상 ~ 216 만원 이하,경남 창원시 진해구,[인증],,관계없음,26-09-14,26-10-13,http://www.work.go.kr/empInfo/empInfoSrch/detail/empDetailAuthView.do?callPage=detail&wantedAuthNo=KJSP002609140002
K131132609140071,진성씨앤아이(주)창원공장,생산팀 CO2 용접 및 로봇용접 작업자 모집,"시급10,320 원 이상 ~ 11,000 원 이하",경남 창원시 성산구,[인증],,경력 3년,26-09-14,26-11-13,http://www.work.go.kr/empInfo/empInfoSrch/detail/empDetailAuthView.do?callPage=detail&wantedAuthNo=K131132609140071
K131132609140070,주식회사코만,"CNC 기계부품 가공 사원모집[신입/경력무관]-일반 1명, 병역특례 현역 1명 모집","시급11,380 원 이상 ~ 12,380 원 이하",경남 창원시 의창구,[인증],,관계없음,26-09-14,26-10-13,http://www.work.go.kr/empInfo/empInfoSrch/detail/empDetailAuthView.do?callPage=detail&wantedAuthNo=K131132609140070
K131132609140068,남부건업(주),창원포레힐스데시앙 시설주임 구인,월급326 만원 이상 ~ 326 만원 이하,경남 창원시 의창구,[인증],,경력 1년,26-09-14,26-09-28,http://www.work.go.kr/empInfo/empInfoSrch/detail/empDetailAuthView.do?callPage=detail&wantedAuthNo=K131132609140068
K131132609140067,남부건업(주),창원 포레힐스데시앙아파트 서무구인,월급238 만원 이상 ~ 238 만원 이하,경남 창원시 의창구,[인증],,경력 2년,26-09-14,26-09-28,http://www.work.go.kr/empInfo/empInfoSrch/detail/empDetailAuthView.do?callPage=detail&wantedAuthNo=K131132609140067
KEC0132609140010,사랑방재가복지센터,[창원시 외동] 재가요양보호사 채용 (09시~12시),"시급10,320 원 이상 ~ 13,000 원 이하",경남 창원시 성산구,[인증],,관계없음,26-09-14,26-11-13,http://www.work.go.kr/empInfo/empInfoSrch/detail/empDetailAuthView.do?callPage=detail&wantedAuthNo=KEC0132609140010
K131132609140066,주식회사경원,생산직 사원 모집,"시급10,320 원 이상",경남 창원시 성산구,[인증],,관계없음,26-09-14,26-11-13,http://www.work.go.kr/empInfo/empInfoSrch/detail/empDetailAuthView.do?callPage=detail&wantedAuthNo=K131132609140066
K131132609140065,주식회사제이솔루션,제이솔루션 창원지사 C.A팀(설계팀) 신입 및 경력 채용,"연봉2,870 만원 이상",경남 창원시 성산구,[인증],,경력 1년,26-09-14,26-11-13,http://www.work.go.kr/empInfo/empInfoSrch/detail/empDetailAuthView.do?callPage=detail&wantedAuthNo=K131132609140065
K131132609140064,한영레이저,레이저 오퍼레이터 [경력직] 모집,"시급13,000 원 이상",경남 창원시 성산구,[인증],,경력 3년,26-09-14,26-09-28,http://www.work.go.kr/empInfo/empInfoSrch/detail/empDetailAuthView.do?callPage=detail&wantedAuthNo=K131132609140064
K131132609140063,심강보,연근 재배 및 수확 작업자 모집,"일급82,560 원 이상 ~ 82,560 원 이하",경남 창원시 의창구,[인증],,관계없음,26-09-14,26-11-13,http://www.work.go.kr/empInfo/empInfoSrch/detail/empDetailAuthView.do?callPage=detail&wantedAuthNo=K131132609140063
K131132609140062,한영레이저,레이저 오퍼레이터 [신입] 모집,"시급10,500 원 이상",경남 창원시 성산구,[인증],,신입,26-09-14,26-09-28,http://www.work.go.kr/empInfo/empInfoSrch/detail/empDetailAuthView.do?callPage=detail&wantedAuthNo=K131132609140062
K131132609140060,대원기전,방산 PCB 제작 및 Rework 업무,"연봉3,376 만원 이상",경남 창원시 성산구,[인증],,관계없음,26-09-14,26-11-13,http://www.work.go.kr/empInfo/empInfoSrch/detail/empDetailAuthView.do?callPage=detail&wantedAuthNo=K131132609140060
K131132609140059,대경진공열처리,열처리 생산직 모집(3조2교대),"연봉3,600 만원 이상",경남 창원시 성산구,[인증],,관계없음,26-09-14,26-10-31,http://www.work.go.kr/empInfo/empInfoSrch/detail/empDetailAuthView.do?callPage=detail&wantedAuthNo=K131132609140059
KEC0132609140008,연세재가복지센터,진해 여좌동 재가요양보호사 모집,"시급10,320 원 이상 ~ 10,320 원 이하",경남 창원시 진해구,[인증],,관계없음,26-09-14,26-10-13,http://www.work.go.kr/empInfo/empInfoSrch/detail/empDetailAuthView.do?callPage=detail&wantedAuthNo=KEC0132609140008
K131132609140058,진오테크,품질검사,"연봉3,600 만원 이상",경남 창원시 의창구,[인증],,경력 2년,26-09-14,26-09-30,http://www.work.go.kr/empInfo/empInfoSrch/detail/empDetailAuthView.do?callPage=detail&wantedAuthNo=K131132609140058
K131132609140057,아이누리어린이집,보육교사,월급216 만원 이상 ~ 216 만원 이하,경남 창원시 성산구,[인증],,관계없음,26-09-14,26-11-13,http://www.work.go.kr/empInfo/empInfoSrch/detail/empDetailAuthView.do?callPage=detail&wantedAuthNo=K131132609140057
K131132609140056,（주）신진정공,생산부 현장직 모집,"시급10,320 원 이상",경남 창원시 의창구,[인증],,관계없음,26-09-14,26-09-30,http://www.work.go.kr/empInfo/empInfoSrch/detail/empDetailAuthView.do?callPage=detail&wantedAuthNo=K131132609140056
K131132609140055,주식회사 이와,납품기사 모집[1톤운전/경력무관],월급240 만원 이상,경남 창원시 의창구,[인증],,관계없음,26-09-14,26-10-13,http://www.work.go.kr/empInfo/empInfoSrch/detail/empDetailAuthView.do?callPage=detail&wantedAuthNo=K131132609140055
K131132609140054,주식회사동경씨에스,현장 보조업무 구인,"시급10,320 원 이상 ~ 10,320 원 이하",경남 창원시 성산구,[인증],,관계없음,26-09-14,26-09-28,http://www.work.go.kr/empInfo/empInfoSrch/detail/empDetailAuthView.do?callPage=detail&wantedAuthNo=K131132609140054
K131132609140053,주식회사성호전자,[긴급채용] 전산 및 정보보안 담당자 채용,"시급11,000 원 이상",경남 창원시 의창구,[인증],,관계없음,26-09-14,26-09-30,http://www.work.go.kr/empInfo/empInfoSrch/detail/empDetailAuthView.do?callPage=detail&wantedAuthNo=K131132609140053
K131132609140051,제이텍,창원) LG 연구 개발 시험원 모집 (신입우대),"시급12,000 원 이상",경남 창원시 성산구,[인증],,신입,26-09-14,26-11-13,http://www.work.go.kr/empInfo/empInfoSrch/detail/empDetailAuthView.do?callPage=detail&wantedAuthNo=K131132609140051
K130232609140042,(주)빅맨솔루션,병원 시설 경비 업무,"시급10,320 원 이상 ~ 10,320 원 이하",경남 창원시 진해구,[인증],,관계없음,26-09-14,26-10-31,http://www.work.go.kr/empInfo/empInfoSrch/detail/empDetailAuthView.do?callPage=detail&wantedAuthNo=K130232609140042
K131132609140050,주식회사로텍,품질관리팀 종합검사원 모집 [경력무관],"시급10,320 원 이상",경남 창원시 의창구,[인증],,관계없음,26-09-14,26-09-30,http://www.work.go.kr/empInfo/empInfoSrch/detail/empDetailAuthView.do?callPage=detail&wantedAuthNo=K131132609140050
K131132609140049,동아산기(주),"용접 및 기계조립, 제관 경력자 모집","연봉4,000 만원 이상",경남 창원시 의창구,[인증],,경력 1년,26-09-14,26-09-29,http://www.work.go.kr/empInfo/empInfoSrch/detail/empDetailAuthView.do?callPage=detail&wantedAuthNo=K131132609140049
K131132609140048,유한회사 대신회계법인,대신회계법인(605호)-회계사무실 신입직원 모집합니다.,월급216 만원 이상 ~ 220 만원 이하,경남 창원시 성산구,[인증],,신입,26-09-14,26-11-13,http://www.work.go.kr/empInfo/empInfoSrch/detail/empDetailAuthView.do?callPage=detail&wantedAuthNo=K131132609140048
K131132609140046,신한금속(주),주조업체 직원 모집,"시급10,320 원 이상",경남 창원시 진해구,[인증],,관계없음,26-09-14,26-11-13,http://www.work.go.kr/empInfo/empInfoSrch/detail/empDetailAuthView.do?callPage=detail&wantedAuthNo=K131132609140046
K131132609140045,케이원텍,기계설계 기술자 모집,"연봉3,300 만원 이상",경남 창원시 성산구,[인증],,관계없음,26-09-14,26-11-13,http://www.work.go.kr/empInfo/empInfoSrch/detail/empDetailAuthView.do?callPage=detail&wantedAuthNo=K131132609140045
K131132609140044,대아산업,생산직 모집,"시급10,320 원 이상",경남 창원시 진해구,[인증],,관계없음,26-09-14,26-11-13,http://www.work.go.kr/empInfo/empInfoSrch/detail/empDetailAuthView.do?callPage=detail&wantedAuthNo=K131132609140044
K131132609140043,동행인재가복지센터,(이동) 요양보호사 선생님 모집,"시급10,320 원 이상",경남 창원시 진해구,[인증],,관계없음,26-09-14,26-11-13,http://www.work.go.kr/empInfo/empInfoSrch/detail/empDetailAuthView.do?callPage=detail&wantedAuthNo=K131132609140043
K131132609140042,태림,[태림] LG전자1차 협력업체 - 생산조립 및 물류 생산사원 모집,월급216 만원 이상 ~ 216 만원 이하,경남 창원시 성산구,[인증],,관계없음,26-09-14,26-09-28,http://www.work.go.kr/empInfo/empInfoSrch/detail/empDetailAuthView.do?callPage=detail&wantedAuthNo=K131132609140042
K131132609140041,주식회사 부성이엔지,케이조선 사상 용접 모집,"시급10,320 원 이상",경남 창원시 진해구,[인증],,관계없음,26-09-14,26-09-30,http://www.work.go.kr/empInfo/empInfoSrch/detail/empDetailAuthView.do?callPage=detail&wantedAuthNo=K131132609140041
K131132609140040,늘푸른어린이집,보육교사를 모집합니다.,월급216 만원 이상,경남 창원시 진해구,[인증],,관계없음,26-09-14,26-09-30,http://www.work.go.kr/empInfo/empInfoSrch/detail/empDetailAuthView.do?callPage=detail&wantedAuthNo=K131132609140040
K131132609140039,주식회사코아텍시스템즈,(주)코아텍시스템즈 생산직(정규직) 사원모집 공고,"시급10,320 원 이상",경남 창원시 성산구,[인증],,관계없음,26-09-14,26-10-16,http://www.work.go.kr/empInfo/empInfoSrch/detail/empDetailAuthView.do?callPage=detail&wantedAuthNo=K131132609140039
K131132609140038,（주）석지,"5톤  하이카, 집게차 고액 연봉 기사님 모십니다",월급400 만원 이상,경남 창원시 성산구,[인증],,경력 2년,26-09-14,26-11-13,http://www.work.go.kr/empInfo/empInfoSrch/detail/empDetailAuthView.do?callPage=detail&wantedAuthNo=K131132609140038
K131132609140037,태형금속공업(주),태형금속공업 전기 기계 설비 크레인 정비 공무 모집,"시급15,000 원 이상",경남 창원시 진해구,[인증],,경력 1년,26-09-14,26-09-29,http://www.work.go.kr/empInfo/empInfoSrch/detail/empDetailAuthView.do?callPage=detail&wantedAuthNo=K131132609140037
K131132609140036,주식회사 오투드림,편집 디자이너 모집합니다.(급여협의가능합니다),월급240 만원 이상,경남 창원시 성산구,[인증],,관계없음,26-09-14,26-11-13,http://www.work.go.kr/empInfo/empInfoSrch/detail/empDetailAuthView.do?callPage=detail&wantedAuthNo=K131132609140036
K131132609140034,세원기계,공정 품질관리원 모집 (자동차부품),"시급10,320 원 이상",경남 창원시 성산구,[인증],,관계없음,26-09-14,26-11-13,http://www.work.go.kr/empInfo/empInfoSrch/detail/empDetailAuthView.do?callPage=detail&wantedAuthNo=K131132609140034
K131132609140033,공간애,캐드/도면,월급240 만원 이상,경남 창원시 의창구,[인증],,경력 1년,26-09-14,26-11-13,http://www.work.go.kr/empInfo/empInfoSrch/detail/empDetailAuthView.do?callPage=detail&wantedAuthNo=K131132609140033
K131132609140032,대동테크,소화가스 배관보조공 배우실분 구합니다.,"일급150,000 원 이상",경남 창원시 의창구,[인증],,관계없음,26-09-14,26-10-11,http://www.work.go.kr/empInfo/empInfoSrch/detail/empDetailAuthView.do?callPage=detail&wantedAuthNo=K131132609140032
K131132609140031,창원시립 명곡포엘른어린이집,"육아휴직, 출산휴가 대체교사 모집",월급220 만원 이상 ~ 300 만원 이하,경남 창원시 의창구,[인증],,관계없음,26-09-14,26-10-08,http://www.work.go.kr/empInfo/empInfoSrch/detail/empDetailAuthView.do?callPage=detail&wantedAuthNo=K131132609140031
K131132609140030,대경테크,CNC가공 관리자(프로그램가능/관리자),"연봉7,000 만원 이상 ~ 8,000 만원 이하",경남 창원시 성산구,[인증],,경력 10년 3개월,26-09-14,26-09-30,http://www.work.go.kr/empInfo/empInfoSrch/detail/empDetailAuthView.do?callPage=detail&wantedAuthNo=K131132609140030
K120612609140011,에이스종합관리(주),[신화더플렉스시티] 미화원 구인,월급207 만원 이상 ~ 207 만원 이하,경남 창원시 의창구,[인증],,경력 1년,26-09-14,26-11-13,http://www.work.go.kr/empInfo/empInfoSrch/detail/empDetailAuthView.do?callPage=detail&wantedAuthNo=K120612609140011
K131132609140029,주식회사예성기공,예성기공 - 사무직 생산관리팀 사원 모집,"연봉3,000 만원 이상",경남 창원시 성산구,[인증],,관계없음,26-09-14,26-09-29,http://www.work.go.kr/empInfo/empInfoSrch/detail/empDetailAuthView.do?callPage=detail&wantedAuthNo=K131132609140029
K131132609140028,주식회사예성기공,예성기공 - 사무직 품질관리팀 사원 모집,"연봉3,000 만원 이상",경남 창원시 성산구,[인증],,관계없음,26-09-14,26-09-29,http://www.work.go.kr/empInfo/empInfoSrch/detail/empDetailAuthView.do?callPage=detail&wantedAuthNo=K131132609140028
K131132609140027,(주)동구기업,프레스금형 영업(관리)팀 담당자 모집,"연봉3,600 만원 이상",경남 창원시 성산구,[인증],,관계없음,26-09-14,26-11-13,http://www.work.go.kr/empInfo/empInfoSrch/detail/empDetailAuthView.do?callPage=detail&wantedAuthNo=K131132609140027
K131132609140026,기성하이스트,금형의 완성도를 만드는 성형연마 직원 구인(경력우대/초보가능),"시급10,320 원 이상 ~ 14,000 원 이하",경남 창원시 성산구,[인증],,관계없음,26-09-14,26-09-29,http://www.work.go.kr/empInfo/empInfoSrch/detail/empDetailAuthView.do?callPage=detail&wantedAuthNo=K131132609140026
K131132609140025,기성하이스트,NC선반 작업자 (위아 NC선반 有경험자),"시급10,320 원 이상 ~ 14,000 원 이하",경남 창원시 성산구,[인증],,경력 1년,26-09-14,26-09-29,http://www.work.go.kr/empInfo/empInfoSrch/detail/empDetailAuthView.do?callPage=detail&wantedAuthNo=K131132609140025
K131132609140024,삼천산업(주),영업팀(마케팅팀)  팀원 모집,"연봉3,000 만원 이상 ~ 3,600 만원 이하",경남 창원시 의창구,[인증],,경력 3년,26-09-14,26-09-30,http://www.work.go.kr/empInfo/empInfoSrch/detail/empDetailAuthView.do?callPage=detail&wantedAuthNo=K131132609140024
KJSA002609140012,한국쯔바키모토오토모티브 주식회사,"[2026년 경상남도 일자리 종합 박람회]사무직 (품질보증, 기술) 담당자 채용 공고","시급10,320 원 이상",경남 창원시 진해구,[인증],,경력 1년,26-09-14,26-11-13,http://www.work.go.kr/empInfo/empInfoSrch/detail/empDetailAuthView.do?callPage=detail&wantedAuthNo=KJSA002609140012
K170082609140010,주식회사 케이알서비스,한국 폴리텍대학교 창원캠퍼스 미화원 채용(6.5시간 주 5일근무  / 청소미화원),월급175 만원 이상 ~ 175 만원 이하,경남 창원시 성산구,[인증],,경력 1년,26-09-14,26-11-13,http://www.work.go.kr/empInfo/empInfoSrch/detail/empDetailAuthView.do?callPage=detail&wantedAuthNo=K170082609140010
K131132609140020,（주）보성레미콘,레미콘 시험실 품질관리 사원모집,"연봉3,200 만원 이상 ~ 3,200 만원 이하",경남 창원시 의창구,[인증],,관계없음,26-09-14,26-09-30,http://www.work.go.kr/empInfo/empInfoSrch/detail/empDetailAuthView.do?callPage=detail&wantedAuthNo=K131132609140020
K131132609140019,주식회사좋은이웃마트,"(주)좋은이웃마트 사업확장[창원점 야채_신입, 경력]",월급303 만원 이상,경남 창원시 의창구,[인증],,관계없음,26-09-14,26-09-28,http://www.work.go.kr/empInfo/empInfoSrch/detail/empDetailAuthView.do?callPage=detail&wantedAuthNo=K131132609140019
KF10532609140001,파워솔루션 주식회사,방산 품질보증 및 ISO 관리 담당자 모집,월급230 만원 이상 ~ 278 만원 이하,경남 창원시 성산구,[인증],,관계없음,26-09-14,26-09-18,http://www.work.go.kr/empInfo/empInfoSrch/detail/empDetailAuthView.do?callPage=detail&wantedAuthNo=KF10532609140001
K131132609140018,(주)동영이엔지,철도차량 제작 작업자 모집(경력무관)(내장),"시급10,320 원 이상 ~ 11,000 원 이하",경남 창원시 성산구,[인증],,관계없음,26-09-14,26-09-30,http://www.work.go.kr/empInfo/empInfoSrch/detail/empDetailAuthView.do?callPage=detail&wantedAuthNo=K131132609140018
K131132609140017,윤현테크,MCT 작업자 모집합니다.,"연봉4,200 만원 이상",경남 창원시 의창구,[인증],,경력 2년,26-09-14,26-09-28,http://www.work.go.kr/empInfo/empInfoSrch/detail/empDetailAuthView.do?callPage=detail&wantedAuthNo=K131132609140017
K131132609140016,(유)범아산전,공작기계용 CABLE 하네스제조,월급216 만원 이상,경남 창원시 의창구,[인증],,경력 1년 6개월,26-09-14,26-09-30,http://www.work.go.kr/empInfo/empInfoSrch/detail/empDetailAuthView.do?callPage=detail&wantedAuthNo=K131132609140016
K131132609140015,(주)아원이노텍,[방산] W/H(케이블) 생산팀 중간관리자 채용,"연봉4,500 만원 이상",경남 창원시 의창구,[인증],,경력 5년,26-09-14,26-09-30,http://www.work.go.kr/empInfo/empInfoSrch/detail/empDetailAuthView.do?callPage=detail&wantedAuthNo=K131132609140015
KF10802609140003,신항인력관리주식회사,[경상남도 일자리 종합박람회 직접참여] 부산신항 야드트레일러 운전원 모집,"일급140,000 원 이상 ~ 180,000 원 이하",경남 창원시 진해구,[인증],,관계없음,26-09-14,26-11-13,http://www.work.go.kr/empInfo/empInfoSrch/detail/empDetailAuthView.do?callPage=detail&wantedAuthNo=KF10802609140003
KEC0132609140007,(주)유성안전시스템,(팔용동 창원공동물류센터) 검수 포장 단기근무 채용,월급240 만원 이상 ~ 250 만원 이하,경남 창원시 의창구,[인증],,관계없음,26-09-14,26-09-30,http://www.work.go.kr/empInfo/empInfoSrch/detail/empDetailAuthView.do?callPage=detail&wantedAuthNo=KEC0132609140007
K130042609140020,(주)태준물류,칼마 장비  기사님 모집,월급350 만원 이상,경남 창원시 진해구,[인증],,신입,26-09-14,26-11-10,http://www.work.go.kr/empInfo/empInfoSrch/detail/empDetailAuthView.do?callPage=detail&wantedAuthNo=K130042609140020
KEC0132609140006,주식회사예성기공,예성기공 - 자동차부품 단순생산직 인원 모집(신입 가능),"시급11,000 원 이상",경남 창원시 성산구,[인증],,관계없음,26-09-14,26-09-29,http://www.work.go.kr/empInfo/empInfoSrch/detail/empDetailAuthView.do?callPage=detail&wantedAuthNo=KEC0132609140006
KEC0132609140005,주식회사경한코리아,기술개발부_정규직 채용,"연봉3,000 만원 이상 ~ 3,500 만원 이하",경남 창원시 성산구,[인증],,관계없음,26-09-14,26-10-13,http://www.work.go.kr/empInfo/empInfoSrch/detail/empDetailAuthView.do?callPage=detail&wantedAuthNo=KEC0132609140005
KEC0132609140002,주식회사경한코리아,품질보증부-품질관리 모집,"연봉3,000 만원 이상 ~ 3,500 만원 이하",경남 창원시 성산구,[인증],,관계없음,26-09-14,26-10-13,http://www.work.go.kr/empInfo/empInfoSrch/detail/empDetailAuthView.do?callPage=detail&wantedAuthNo=KEC0132609140002
K131132609140014,윤현테크,CNC 작업자 모집(NC 프로그램 가능자),"연봉4,400 만원 이상",경남 창원시 의창구,[인증],,경력 3년,26-09-14,26-09-28,http://www.work.go.kr/empInfo/empInfoSrch/detail/empDetailAuthView.do?callPage=detail&wantedAuthNo=K131132609140014
K131132609140013,키즈힐스어린이집,보조교사,월급114 만원 이상,경남 창원시 의창구,[인증],,관계없음,26-09-14,26-11-10,http://www.work.go.kr/empInfo/empInfoSrch/detail/empDetailAuthView.do?callPage=detail&wantedAuthNo=K131132609140013
K131132609140012,부송테크,부송테크 - 품질팀장 모집(연봉은 경력에 따라 협의가능),"연봉4,500 만원 이상 ~ 5,500 만원 이하",경남 창원시 성산구,[인증],,경력 5년,26-09-14,26-09-28,http://www.work.go.kr/empInfo/empInfoSrch/detail/empDetailAuthView.do?callPage=detail&wantedAuthNo=K131132609140012
K131132609140011,창원삼성요양병원,"창원삼성요양병원에서 D-E, E-N 간호사 모집","연봉3,100 만원 이상 ~ 3,600 만원 이하",경남 창원시 의창구,[인증],,관계없음,26-09-14,26-09-28,http://www.work.go.kr/empInfo/empInfoSrch/detail/empDetailAuthView.do?callPage=detail&wantedAuthNo=K131132609140011
K131132609140010,거성정밀,"MCT3축,  터닝, NC  주야간 작업자 모집","연봉3,000 만원 이상",경남 창원시 성산구,[인증],,신입,26-09-14,26-11-10,http://www.work.go.kr/empInfo/empInfoSrch/detail/empDetailAuthView.do?callPage=detail&wantedAuthNo=K131132609140010
K131132609140009,우창기계(주),MCT (머시닝센터) 조작원 모집,"시급10,320 원 이상",경남 창원시 성산구,[인증],,관계없음,26-09-14,26-10-18,http://www.work.go.kr/empInfo/empInfoSrch/detail/empDetailAuthView.do?callPage=detail&wantedAuthNo=K131132609140009
K131132609140008,주식회사성산글로팩,수출 기계(대형기계) 포장 현장직 모집(경력무관),"시급11,000 원 이상",경남 창원시 성산구,[인증],,관계없음,26-09-14,26-09-30,http://www.work.go.kr/empInfo/empInfoSrch/detail/empDetailAuthView.do?callPage=detail&wantedAuthNo=K131132609140008
K131132609140007,주식회사현대정밀,[생산기술] CNC/MCT/MCH 프로그램 셋팅 및 현장관리 경력직 모집,"연봉4,000 만원 이상 ~ 4,300 만원 이하",경남 창원시 의창구,[인증],,경력 1년,26-09-14,26-10-13,http://www.work.go.kr/empInfo/empInfoSrch/detail/empDetailAuthView.do?callPage=detail&wantedAuthNo=K131132609140007
K131132609140006,주식회사현대정밀,품질관리원(품질보증) 모집 합니다.[신입/경력무관],"연봉3,400 만원 이상 ~ 3,500 만원 이하",경남 창원시 의창구,[인증],,관계없음,26-09-14,26-10-13,http://www.work.go.kr/empInfo/empInfoSrch/detail/empDetailAuthView.do?callPage=detail&wantedAuthNo=K131132609140006
K131132609140005,（주）청우,조선업 크레인 신호수 모집,"시급10,500 원 이상",경남 창원시 진해구,[인증],,관계없음,26-09-14,26-09-30,http://www.work.go.kr/empInfo/empInfoSrch/detail/empDetailAuthView.do?callPage=detail&wantedAuthNo=K131132609140005
K131132609140004,주식회사성산글로팩,지게차 수신호 작업자 모집,"시급10,320 원 이상 ~ 10,320 원 이하",경남 창원시 성산구,[인증],,신입,26-09-14,26-09-30,http://www.work.go.kr/empInfo/empInfoSrch/detail/empDetailAuthView.do?callPage=detail&wantedAuthNo=K131132609140004
K120032609140003,주식회사 라셋,무역센터(경남무역회관) 미화원 모집,월급212 만원 이상 ~ 212 만원 이하,경남 창원시 성산구,[인증],,관계없음,26-09-14,26-11-13,http://www.work.go.kr/empInfo/empInfoSrch/detail/empDetailAuthView.do?callPage=detail&wantedAuthNo=K120032609140003
K131132609140003,우성알앤디(주),생산직 사원 모집,"시급10,320 원 이상 ~ 10,320 원 이하",경남 창원시 의창구,[인증],,관계없음,26-09-14,26-11-13,http://www.work.go.kr/empInfo/empInfoSrch/detail/empDetailAuthView.do?callPage=detail&wantedAuthNo=K131132609140003
K131212609140001,(주)삼성물류넷,11톤 윙바디 차량 운전 기사님 모집합니다.,월급340 만원 이상 ~ 340 만원 이하,경남 창원시 의창구,[인증],,경력 3년,26-09-14,26-11-13,http://www.work.go.kr/empInfo/empInfoSrch/detail/empDetailAuthView.do?callPage=detail&wantedAuthNo=K131212609140001
K131132609140002,주식회사 닥터스핀들,공작기계 스핀들(주축) 조립 직원모집(신입 및 경력),"시급10,340 원 이상 ~ 25,000 원 이하",경남 창원시 의창구,[인증],,관계없음,26-09-14,26-11-13,http://www.work.go.kr/empInfo/empInfoSrch/detail/empDetailAuthView.do?callPage=detail&wantedAuthNo=K131132609140002
KJSA002609140009,해암테크(주),"[9/16 경상남도 일자리 종합 박람회]해암테크 - 생산관리 직원 모집 (각종기계부품, 기어, 동력전달장치용 부품 작업표준서 및 공정도 작성 등)","연봉3,800 만원 이상",경남 창원시 성산구,[인증],,경력 1년,26-09-14,26-11-13,http://www.work.go.kr/empInfo/empInfoSrch/detail/empDetailAuthView.do?callPage=detail&wantedAuthNo=KJSA002609140009
K131132609140001,호은테크,MCT 사원모집,"시급10,500 원 이상",경남 창원시 성산구,[인증],,관계없음,26-09-14,26-09-28,http://www.work.go.kr/empInfo/empInfoSrch/detail/empDetailAuthView.do?callPage=detail&wantedAuthNo=K131132609140001
KEC0132609140001,다시봄요양센터,(사림동) 다시봄요양센터 3교대 요양보호사 채용,월급216 만원 이상 ~ 216 만원 이하,경남 창원시 의창구,[인증],,관계없음,26-09-14,26-09-30,http://www.work.go.kr/empInfo/empInfoSrch/detail/empDetailAuthView.do?callPage=detail&wantedAuthNo=KEC0132609140001
KJSA002609140008,해암테크(주),"[2026년 경상남도 일자리종합박람회]해암테크 - 기술연구소 선임연구원 모집 (기어, 동력전달, 유압부품 및 국책과제, 국산화개발 관리 등)","연봉4,000 만원 이상",경남 창원시 성산구,[인증],,경력 1년,26-09-14,26-11-13,http://www.work.go.kr/empInfo/empInfoSrch/detail/empDetailAuthView.do?callPage=detail&wantedAuthNo=KJSA002609140008
KJSA002609140007,해암테크(주),"[9/16 경상남도 일자리 종합 박람회 ]해암테크 - 기어연삭,연삭기 및 cnc 선반 조작원 모집 (각종 기어부품 가공)","연봉3,600 만원 이상",경남 창원시 성산구,[인증],,경력 1년,26-09-14,26-11-13,http://www.work.go.kr/empInfo/empInfoSrch/detail/empDetailAuthView.do?callPage=detail&wantedAuthNo=KJSA002609140007
KJSA002609140002,(주)경인테크,[9/16 경남일자리종합박람회] (주)경인테크-기구설계,"시급10,320 원 이상",경남 창원시 의창구,[인증],,관계없음,26-09-14,26-11-13,http://www.work.go.kr/empInfo/empInfoSrch/detail/empDetailAuthView.do?callPage=detail&wantedAuthNo=KJSA002609140002
KJSA002609140001,(주)경인테크,[9/16 경남일자리종합박람회](주)경인테크 - 해외.국내 영업,"시급10,320 원 이상",경남 창원시 의창구,[인증],,관계없음,26-09-14,26-11-13,http://www.work.go.kr/empInfo/empInfoSrch/detail/empDetailAuthView.do?callPage=detail&wantedAuthNo=KJSA002609140001
K150012609110080,(주)한성정공,납품 직원 채용,"연봉3,200 만원 이상 ~ 3,200 만원 이하",경남 창원시 의창구,[인증],,관계없음,26-09-11,26-09-22,http://www.work.go.kr/empInfo/empInfoSrch/detail/empDetailAuthView.do?callPage=detail&wantedAuthNo=K150012609110080
K131132609110057,사회적협동조합 창원도우누리,창원도우누리 발달장애인 주간활동 제공인력(대체인력) 채용공고,월급162 만원 이상 ~ 162 만원 이하,경남 창원시 의창구,[인증],,관계없음,26-09-11,26-09-25,http://www.work.go.kr/empInfo/empInfoSrch/detail/empDetailAuthView.do?callPage=detail&wantedAuthNo=K131132609110057
K131132609110056,금성약품주식회사,전문의약품 도매상 12:30분~18:00시까지 시간제 배송직원 모집합니다.,"시급10,320 원 이상",경남 창원시 의창구,[인증],,관계없음,26-09-11,26-09-30,http://www.work.go.kr/empInfo/empInfoSrch/detail/empDetailAuthView.do?callPage=detail&wantedAuthNo=K131132609110056
K131132609110055,혜송산업,사상공 모집,"시급10,320 원 이상",경남 창원시 의창구,[인증],,경력 5년,26-09-11,26-09-27,http://www.work.go.kr/empInfo/empInfoSrch/detail/empDetailAuthView.do?callPage=detail&wantedAuthNo=K131132609110055
K131132609110054,쿠팡풀필먼트서비스 유한회사(Coupang Fulfillment Services Ltd.),[쿠팡FS] 창원4 물류센터 HR 행정 장애인 사원 모집/장애인채용,월급112 만원 이상 ~ 112 만원 이하,경남 창원시 진해구,[인증],,신입,26-09-11,26-11-09,http://www.work.go.kr/empInfo/empInfoSrch/detail/empDetailAuthView.do?callPage=detail&wantedAuthNo=K131132609110054
KF10802609110008,주식회사 이화케어,[북면 온천초등학교] 요양보호사 선생님 구합니다.,"시급10,320 원 이상 ~ 10,320 원 이하",경남 창원시 의창구,[인증],,경력  1개월,26-09-11,26-11-10,http://www.work.go.kr/empInfo/empInfoSrch/detail/empDetailAuthView.do?callPage=detail&wantedAuthNo=KF10802609110008
K131132609110053,(주)베스트솔루션,부산신항 물류회사 근무자 모집 - 제품 포장 및 지게차 상차 업무,월급240 만원 이상 ~ 240 만원 이하,경남 창원시 진해구,[인증],,관계없음,26-09-11,26-09-25,http://www.work.go.kr/empInfo/empInfoSrch/detail/empDetailAuthView.do?callPage=detail&wantedAuthNo=K131132609110053
K131132609110051,주식회사 벤텍,산업 환경 및 대기 컨설팅 담당자 모집,"연봉3,500 만원 이상 ~ 4,000 만원 이하",경남 창원시 의창구,[인증],,관계없음,26-09-11,26-11-10,http://www.work.go.kr/empInfo/empInfoSrch/detail/empDetailAuthView.do?callPage=detail&wantedAuthNo=K131132609110051
K131132609110050,몽고식품（주）창원1공장,[식품회사] 품질관리팀 팀원 모집-제품분석,"연봉3,000 만원 이상",경남 창원시 의창구,[인증],,관계없음,26-09-11,26-11-10,http://www.work.go.kr/empInfo/empInfoSrch/detail/empDetailAuthView.do?callPage=detail&wantedAuthNo=K131132609110050
K131132609110049,제이와이,제이와이 - [통근버스운행] 모터 생산 권선 작업자 채용,"시급10,320 원 이상",경남 창원시 성산구,[인증],,관계없음,26-09-11,26-09-25,http://www.work.go.kr/empInfo/empInfoSrch/detail/empDetailAuthView.do?callPage=detail&wantedAuthNo=K131132609110049
K131132609110048,한성기계공업사,CNC 터닝 선반 및 5축가공 경력직 모집,"시급13,000 원 이상",경남 창원시 의창구,[인증],,경력 4년,26-09-11,26-09-28,http://www.work.go.kr/empInfo/empInfoSrch/detail/empDetailAuthView.do?callPage=detail&wantedAuthNo=K131132609110048
KJSP002609110002,창원나래재가복지센터,재가 요양보호사 모집,"시급10,320 원 이상 ~ 13,000 원 이하",경남 창원시 의창구,[인증],,관계없음,26-09-11,26-11-10,http://www.work.go.kr/empInfo/empInfoSrch/detail/empDetailAuthView.do?callPage=detail&wantedAuthNo=KJSP002609110002
K131132609110047,（주）청우,조선소 형강 절단 및 사상원 모집,"시급10,320 원 이상",경남 창원시 진해구,[인증],,관계없음,26-09-11,26-09-30,http://www.work.go.kr/empInfo/empInfoSrch/detail/empDetailAuthView.do?callPage=detail&wantedAuthNo=K131132609110047
K131132609110046,（주）청우,조선업 크레인 기사 모집,"시급11,300 원 이상",경남 창원시 진해구,[인증],,관계없음,26-09-11,26-09-30,http://www.work.go.kr/empInfo/empInfoSrch/detail/empDetailAuthView.do?callPage=detail&wantedAuthNo=K131132609110046
K131132609110045,진영에이치앤에스,자동차 사출부품 개발 경력자 모집 공고,"연봉4,300 만원 이상 ~ 4,500 만원 이하",경남 창원시 의창구,[인증],,경력 3년 5개월,26-09-11,26-11-10,http://www.work.go.kr/empInfo/empInfoSrch/detail/empDetailAuthView.do?callPage=detail&wantedAuthNo=K131132609110045
K131112609110024,화림,[창원] 제조업 하네스 조립 인원채용,"시급10,320 원 이상 ~ 10,320 원 이하",경남 창원시 성산구,[인증],,경력  6개월,26-09-11,26-09-25,http://www.work.go.kr/empInfo/empInfoSrch/detail/empDetailAuthView.do?callPage=detail&wantedAuthNo=K131112609110024
K131132609110043,성산항공주식회사,항공 엔진 부품 가공 NC 프로그램 전문가를 모집합니다.,"연봉5,000 만원 이상",경남 창원시 성산구,[인증],,경력 3년,26-09-11,26-11-10,http://www.work.go.kr/empInfo/empInfoSrch/detail/empDetailAuthView.do?callPage=detail&wantedAuthNo=K131132609110043
K131132609110042,성산항공주식회사,성산항공(주) 생산팀 CNC 선반 경력직 채용,"시급12,000 원 이상",경남 창원시 성산구,[인증],,경력 1년,26-09-11,26-11-10,http://www.work.go.kr/empInfo/empInfoSrch/detail/empDetailAuthView.do?callPage=detail&wantedAuthNo=K131132609110042
K131132609110041,성산항공주식회사,항공기 엔진 부품 가공용 5축 MCT(DMG-SIEMENS) 조작원을 채용합니다.,"시급12,000 원 이상",경남 창원시 성산구,[인증],,경력 1년,26-09-11,26-11-10,http://www.work.go.kr/empInfo/empInfoSrch/detail/empDetailAuthView.do?callPage=detail&wantedAuthNo=K131132609110041
KF10532609110003,쿠팡풀필먼트서비스 유한회사(Coupang Fulfillment Services Ltd.),"<쿠팡 구인구직만남의날 면접행사>(창원 1,2,3,4센터 모집)",월급230 만원 이상 ~ 290 만원 이하,경남 창원시 진해구,[인증],,신입,26-09-11,26-11-10,http://www.work.go.kr/empInfo/empInfoSrch/detail/empDetailAuthView.do?callPage=detail&wantedAuthNo=KF10532609110003
K131132609110040,이제이테크,머시닝센터 (MCT) 작업자 구합니다.,"연봉4,000 만원 이상 ~ 6,000 만원 이하",경남 창원시 성산구,[인증],,경력 1년,26-09-11,26-11-10,http://www.work.go.kr/empInfo/empInfoSrch/detail/empDetailAuthView.do?callPage=detail&wantedAuthNo=K131132609110040
K131132609110038,더마켓,마트 경리사무원 모집합니다.,"시급10,320 원 이상",경남 창원시 의창구,[인증],,관계없음,26-09-11,26-09-30,http://www.work.go.kr/empInfo/empInfoSrch/detail/empDetailAuthView.do?callPage=detail&wantedAuthNo=K131132609110038
K131132609110037,주식회사 인시스(INSYS),(주)인시스 영업 관리자 채용 (신입/경력),"연봉3,500 만원 이상 ~ 4,300 만원 이하",경남 창원시 의창구,[인증],,관계없음,26-09-11,26-09-25,http://www.work.go.kr/empInfo/empInfoSrch/detail/empDetailAuthView.do?callPage=detail&wantedAuthNo=K131132609110037
K131132609110035,주식회사 인시스(INSYS),(주)인시스 건물관리자 채용 (신입/경력),"연봉3,500 만원 이상 ~ 4,300 만원 이하",경남 창원시 의창구,[인증],,관계없음,26-09-11,26-09-25,http://www.work.go.kr/empInfo/empInfoSrch/detail/empDetailAuthView.do?callPage=detail&wantedAuthNo=K131132609110035
K131132609110034,주식회사 인시스(INSYS),(주)인시스 인사/노무 관리자 채용 (신입/경력),"연봉3,500 만원 이상 ~ 4,300 만원 이하",경남 창원시 의창구,[인증],,관계없음,26-09-11,26-09-25,http://www.work.go.kr/empInfo/empInfoSrch/detail/empDetailAuthView.do?callPage=detail&wantedAuthNo=K131132609110034
K131132609110033,에이스튜브,HD현대마린엔진 내 에이스튜브 엔진 배관조립 작업을 함께 일하실 분 모집합니다. (신입가능),"시급11,000 원 이상 ~ 11,000 원 이하",경남 창원시 성산구,[인증],,관계없음,26-09-11,26-09-25,http://www.work.go.kr/empInfo/empInfoSrch/detail/empDetailAuthView.do?callPage=detail&wantedAuthNo=K131132609110033
K131132609110031,키즈힐스어린이집,영아반보육교사모집,월급216 만원 이상,경남 창원시 의창구,[인증],,관계없음,26-09-11,26-11-10,http://www.work.go.kr/empInfo/empInfoSrch/detail/empDetailAuthView.do?callPage=detail&wantedAuthNo=K131132609110031
K131132609110030,（주）피스코,하수관로 CCTV촬영 및 준설 현장 보조작업자 모집합니다,월급320 만원 이상,경남 창원시 성산구,[인증],,관계없음,26-09-11,26-09-30,http://www.work.go.kr/empInfo/empInfoSrch/detail/empDetailAuthView.do?callPage=detail&wantedAuthNo=K131132609110030
K131132609110029,한국종합산업주식회사,1톤 화물차 납품 및 거래처 관리 직원 모집,"연봉3,240 만원 이상 ~ 3,360 만원 이하",경남 창원시 의창구,[인증],,관계없음,26-09-11,26-10-10,http://www.work.go.kr/empInfo/empInfoSrch/detail/empDetailAuthView.do?callPage=detail&wantedAuthNo=K131132609110029
K131132609110028,제이와이엠,함께 일할 가족 찾습니다 [CNC 선반조작원],"연봉4,500 만원 이상 ~ 5,000 만원 이하",경남 창원시 의창구,[인증],,경력 5년,26-09-11,26-09-18,http://www.work.go.kr/empInfo/empInfoSrch/detail/empDetailAuthView.do?callPage=detail&wantedAuthNo=K131132609110028
K131132609110027,(주)신일이엔지,생산 및 공정관리 직원모집,월급300 만원 이상,경남 창원시 의창구,[인증],,관계없음,26-09-11,26-11-10,http://www.work.go.kr/empInfo/empInfoSrch/detail/empDetailAuthView.do?callPage=detail&wantedAuthNo=K131132609110027
K131132609110026,이드원(주),보링가공 신입사원 모집 (KBN135),"연봉3,600 만원 이상 ~ 3,600 만원 이하",경남 창원시 성산구,[인증],,신입,26-09-11,26-09-26,http://www.work.go.kr/empInfo/empInfoSrch/detail/empDetailAuthView.do?callPage=detail&wantedAuthNo=K131132609110026
K131132609110025,이드원(주),MCT 가공 경력사원 모집 (프로그램 가능자),"연봉4,800 만원 이상 ~ 5,000 만원 이하",경남 창원시 성산구,[인증],,경력 5년,26-09-11,26-09-26,http://www.work.go.kr/empInfo/empInfoSrch/detail/empDetailAuthView.do?callPage=detail&wantedAuthNo=K131132609110025
KF10802609110004,제이와이테크,[창원새일센터 채용대행] 대규모 채용_주/야 2교대 생산직 남여 지원 모두가능,월급280 만원 이상 ~ 320 만원 이하,경남 창원시 진해구,[인증],,관계없음,26-09-11,26-11-10,http://www.work.go.kr/empInfo/empInfoSrch/detail/empDetailAuthView.do?callPage=detail&wantedAuthNo=KF10802609110004
K131132609110024,주식회사 장풍,자동차 부품포장 사원 모집,월급226 만원 이상,경남 창원시 성산구,[인증],,관계없음,26-09-11,26-09-30,http://www.work.go.kr/empInfo/empInfoSrch/detail/empDetailAuthView.do?callPage=detail&wantedAuthNo=K131132609110024
K131132609110023,국제엔지니어링,계장 Hook-Up 설계자 모집 (초보자 지원 가능),"연봉3,000 만원 이상",경남 창원시 의창구,[인증],,관계없음,26-09-11,26-11-10,http://www.work.go.kr/empInfo/empInfoSrch/detail/empDetailAuthView.do?callPage=detail&wantedAuthNo=K131132609110023
K131132609110021,주식회사 두영,두영 - 신입 도장기사를 모십니다.(자동차부품 스프레이도장),"시급11,000 원 이상 ~ 11,000 원 이하",경남 창원시 성산구,[인증],,신입,26-09-11,26-09-25,http://www.work.go.kr/empInfo/empInfoSrch/detail/empDetailAuthView.do?callPage=detail&wantedAuthNo=K131132609110021
K131132609110020,국제엔지니어링,(E&I) 전기결선 작업자 구인 합니다.(초보가능),"연봉3,000 만원 이상",경남 창원시 의창구,[인증],,관계없음,26-09-11,26-11-10,http://www.work.go.kr/empInfo/empInfoSrch/detail/empDetailAuthView.do?callPage=detail&wantedAuthNo=K131132609110020
KF10792609110001,아름노인복지센터,(명서동) 재가 요양보호사 모집,"시급10,320 원 이상 ~ 10,320 원 이하",경남 창원시 의창구,[인증],,관계없음,26-09-11,26-09-24,http://www.work.go.kr/empInfo/empInfoSrch/detail/empDetailAuthView.do?callPage=detail&wantedAuthNo=KF10792609110001
K131132609110019,국제엔지니어링,품질관리 담당자 모집,"연봉3,000 만원 이상",경남 창원시 의창구,[인증],,관계없음,26-09-11,26-11-10,http://www.work.go.kr/empInfo/empInfoSrch/detail/empDetailAuthView.do?callPage=detail&wantedAuthNo=K131132609110019
K131132609110018,삼원테크,CNC 가공품 현장 측정 검사원 모집,"시급10,320 원 이상",경남 창원시 의창구,[인증],,신입,26-09-11,26-11-10,http://www.work.go.kr/empInfo/empInfoSrch/detail/empDetailAuthView.do?callPage=detail&wantedAuthNo=K131132609110018
KEC0132609110005,남부건업(주),아파트 미화원 모집 [창원 신월 센트럴아이파크],"시급10,320 원 이상 ~ 10,320 원 이하",경남 창원시 성산구,[인증],,관계없음,26-09-11,26-11-10,http://www.work.go.kr/empInfo/empInfoSrch/detail/empDetailAuthView.do?callPage=detail&wantedAuthNo=KEC0132609110005
K131132609110017,해룡공업,선별포장 단순작업자 구인,"시급10,320 원 이상",경남 창원시 진해구,[인증],,관계없음,26-09-11,26-11-10,http://www.work.go.kr/empInfo/empInfoSrch/detail/empDetailAuthView.do?callPage=detail&wantedAuthNo=K131132609110017
K131132609110016,최매해,농업 단순노무자 채용,"시급10,320 원 이상",경남 창원시 의창구,[인증],,관계없음,26-09-11,26-11-10,http://www.work.go.kr/empInfo/empInfoSrch/detail/empDetailAuthView.do?callPage=detail&wantedAuthNo=K131132609110016
K131132609110015,(주)세진정공,"품질검사원 (파이프스풀, 유니트) 신입 및 경력 모집","연봉3,150 만원 이상",경남 창원시 진해구,[인증],,관계없음,26-09-11,26-10-11,http://www.work.go.kr/empInfo/empInfoSrch/detail/empDetailAuthView.do?callPage=detail&wantedAuthNo=K131132609110015
K131132609110014,대명,생산직사원모집,월급300 만원 이상 ~ 400 만원 이하,경남 창원시 의창구,[인증],,경력 1년 3개월,26-09-11,26-09-25,http://www.work.go.kr/empInfo/empInfoSrch/detail/empDetailAuthView.do?callPage=detail&wantedAuthNo=K131132609110014
K131132609110013,호은테크,"기계부품 조립,및 검사모집","시급10,320 원 이상",경남 창원시 성산구,[인증],,관계없음,26-09-11,26-09-25,http://www.work.go.kr/empInfo/empInfoSrch/detail/empDetailAuthView.do?callPage=detail&wantedAuthNo=K131132609110013
K131132609110011,케이제이테크,자동차 부품 풀리 검사 및 조립원,"시급10,320 원 이상",경남 창원시 의창구,[인증],,관계없음,26-09-11,26-11-10,http://www.work.go.kr/empInfo/empInfoSrch/detail/empDetailAuthView.do?callPage=detail&wantedAuthNo=K131132609110011
K131132609110010,한영정밀(주),품질사무원 방산 [경력직] 모집,월급350 만원 이상,경남 창원시 의창구,[인증],,경력 3년,26-09-11,26-09-25,http://www.work.go.kr/empInfo/empInfoSrch/detail/empDetailAuthView.do?callPage=detail&wantedAuthNo=K131132609110010
K131132609110009,성신메카텍 주식회사,[생산관리] 신규 인원 채용,"시급10,320 원 이상",경남 창원시 의창구,[인증],,관계없음,26-09-11,26-11-10,http://www.work.go.kr/empInfo/empInfoSrch/detail/empDetailAuthView.do?callPage=detail&wantedAuthNo=K131132609110009
K131132609110008,주식회사덕보테크,생산관리 담당자 모집,"연봉3,800 만원 이상 ~ 4,300 만원 이하",경남 창원시 의창구,[인증],,경력 1년,26-09-11,26-10-10,http://www.work.go.kr/empInfo/empInfoSrch/detail/empDetailAuthView.do?callPage=detail&wantedAuthNo=K131132609110008
K131132609110007,주식회사덕보테크,"연마(원통,내외경) 작업자 경력직 모집","시급12,000 원 이상 ~ 15,000 원 이하",경남 창원시 의창구,[인증],,경력 5년,26-09-11,26-10-10,http://www.work.go.kr/empInfo/empInfoSrch/detail/empDetailAuthView.do?callPage=detail&wantedAuthNo=K131132609110007
KEC0132609110002,건영테크주식회사,생산관리 및 구매업무 담당자 모집,월급270 만원 이상,경남 창원시 성산구,[인증],,관계없음,26-09-11,26-10-10,http://www.work.go.kr/empInfo/empInfoSrch/detail/empDetailAuthView.do?callPage=detail&wantedAuthNo=KEC0132609110002
KEC0132609110001,누림재가복지센터,누림재가복지센터 사회복지사님 모십니다.,월급220 만원 이상 ~ 235 만원 이하,경남 창원시 의창구,[인증],,경력 1년,26-09-11,26-10-10,http://www.work.go.kr/empInfo/empInfoSrch/detail/empDetailAuthView.do?callPage=detail&wantedAuthNo=KEC0132609110001
KF10532609110001,주식회사 윈테크,[삼성전기협력사] 반도체 설비OP 모집/ 통근버스운행,"시급10,460 원 이상",경남 창원시 진해구,[인증],,관계없음,26-09-11,26-09-27,http://www.work.go.kr/empInfo/empInfoSrch/detail/empDetailAuthView.do?callPage=detail&wantedAuthNo=KF10532609110001
K131132609110005,주식회사 대성건설,캐드원 채용,월급230 만원 이상,경남 창원시 의창구,[인증],,관계없음,26-09-11,26-11-09,http://www.work.go.kr/empInfo/empInfoSrch/detail/empDetailAuthView.do?callPage=detail&wantedAuthNo=K131132609110005
K131132609110003,국제정밀,생산직 [MCT 가공] 모집,"시급13,000 원 이상 ~ 13,500 원 이하",경남 창원시 의창구,[인증],,경력 2년,26-09-11,26-11-10,http://www.work.go.kr/empInfo/empInfoSrch/detail/empDetailAuthView.do?callPage=detail&wantedAuthNo=K131132609110003
K131132609110002,모젠코리아,모터 및 발전기 관련 제품 생산,"시급10,320 원 이상",경남 창원시 의창구,[인증],,관계없음,26-09-11,26-11-09,http://www.work.go.kr/empInfo/empInfoSrch/detail/empDetailAuthView.do?callPage=detail&wantedAuthNo=K131132609110002
K131132609110001,가온테크,"세탁기, 건조기 개발 연구원 모집","시급10,500 원 이상",경남 창원시 성산구,[인증],,관계없음,26-09-11,26-11-10,http://www.work.go.kr/empInfo/empInfoSrch/detail/empDetailAuthView.do?callPage=detail&wantedAuthNo=K131132609110001
KJSA002609100044,주식회사 뮤즈블라썸,[9/16 경남일자리종합박람회 직접참여] 주식회사 뮤즈블라썸_음원생성 및 관리,"연봉2,600 만원 이상",경남 창원시 의창구,[인증],,경력  6개월,26-09-10,26-09-24,http://www.work.go.kr/empInfo/empInfoSrch/detail/empDetailAuthView.do?callPage=detail&wantedAuthNo=KJSA002609100044
K131132609100057,"주식회사지디씨(G.D.C.Co.,Ltd.)",물류센터 제품 스티커 부착 작업 정직원 모집,"연봉2,828 만원 이상 ~ 2,828 만원 이하",경남 창원시 진해구,[인증],,관계없음,26-09-10,26-11-09,http://www.work.go.kr/empInfo/empInfoSrch/detail/empDetailAuthView.do?callPage=detail&wantedAuthNo=K131132609100057
KJSA002609100043,주식회사 뮤즈블라썸,[9/16 경남일자리종합박람회 직접참여] 주식회사 뮤즈블라썸_데이터/보고서관리 및 웹모니터링,"연봉2,600 만원 이상",경남 창원시 의창구,[인증],,경력  6개월,26-09-10,26-09-24,http://www.work.go.kr/empInfo/empInfoSrch/detail/empDetailAuthView.do?callPage=detail&wantedAuthNo=KJSA002609100043
K131132609100055,(유)진해주류판매상사,배송 납품 사원 모집,"연봉3,700 만원 이상 ~ 4,000 만원 이하",경남 창원시 진해구,[인증],,경력 1년,26-09-10,26-09-25,http://www.work.go.kr/empInfo/empInfoSrch/detail/empDetailAuthView.do?callPage=detail&wantedAuthNo=K131132609100055
K131132609100054,신항내과의원,"간호조무사, 간호사 모집",월급216 만원 이상,경남 창원시 진해구,[인증],,경력 1년,26-09-10,26-11-09,http://www.work.go.kr/empInfo/empInfoSrch/detail/empDetailAuthView.do?callPage=detail&wantedAuthNo=K131132609100054
K131132609100053,늘푸른어르신주야간보호센터,**주간보호센터 사회복지사 구인**,월급216 만원 이상 ~ 216 만원 이하,경남 창원시 진해구,[인증],,관계없음,26-09-10,26-11-09,http://www.work.go.kr/empInfo/empInfoSrch/detail/empDetailAuthView.do?callPage=detail&wantedAuthNo=K131132609100053
K131132609100052,신항내과의원,임상병리사 구함,"연봉2,900 만원 이상",경남 창원시 진해구,[인증],,경력 1년,26-09-10,26-11-09,http://www.work.go.kr/empInfo/empInfoSrch/detail/empDetailAuthView.do?callPage=detail&wantedAuthNo=K131132609100052
K131132609100051,(주)대진고속관광,일반관광 / 통근 / 셔틀 버스 운전기사 모집합니다.,월급220 만원 이상 ~ 220 만원 이하,경남 창원시 진해구,[인증],,경력 1년,26-09-10,26-11-09,http://www.work.go.kr/empInfo/empInfoSrch/detail/empDetailAuthView.do?callPage=detail&wantedAuthNo=K131132609100051
K131132609100050,주식회사 엘소 창원공장,물류(지게차)관리자 모집,"시급11,000 원 이상",경남 창원시 성산구,[인증],,관계없음,26-09-10,26-09-25,http://www.work.go.kr/empInfo/empInfoSrch/detail/empDetailAuthView.do?callPage=detail&wantedAuthNo=K131132609100050
K131132609100049,성협나노텍,와이어컷팅부서 사원 및 관리자 모집,"연봉4,000 만원 이상 ~ 5,500 만원 이하",경남 창원시 의창구,[인증],,경력 1년,26-09-10,26-09-26,http://www.work.go.kr/empInfo/empInfoSrch/detail/empDetailAuthView.do?callPage=detail&wantedAuthNo=K131132609100049
K151222609100060,(주)미래도시건설,부산신항 현장 토목 공무 모집합니다.,월급400 만원 이상 ~ 700 만원 이하,경남 창원시 진해구,[인증],,경력 5년,26-09-10,26-09-30,http://www.work.go.kr/empInfo/empInfoSrch/detail/empDetailAuthView.do?callPage=detail&wantedAuthNo=K151222609100060
KF10532609100005,주식회사 비에스씨,pcb마스킹 & 코팅 및 조립 생산직 모집[방산업체/팔용동],"시급10,320 원 이상 ~ 10,320 원 이하",경남 창원시 의창구,[인증],,경력 1년,26-09-10,26-11-09,http://www.work.go.kr/empInfo/empInfoSrch/detail/empDetailAuthView.do?callPage=detail&wantedAuthNo=KF10532609100005
KF10532609100004,파워솔루션 주식회사,방산 및 수소연료전지용 [케이블 하네스 생산업무]를 담당하는 인재를 모집합니다.,월급230 만원 이상 ~ 260 만원 이하,경남 창원시 성산구,[인증],,관계없음,26-09-10,26-09-18,http://www.work.go.kr/empInfo/empInfoSrch/detail/empDetailAuthView.do?callPage=detail&wantedAuthNo=KF10532609100004
KF10532609100003,파워솔루션 주식회사,사업관리 및 자재관리자 담당자 모집,월급230 만원 이상 ~ 260 만원 이하,경남 창원시 성산구,[인증],,경력 1년,26-09-10,26-09-18,http://www.work.go.kr/empInfo/empInfoSrch/detail/empDetailAuthView.do?callPage=detail&wantedAuthNo=KF10532609100003
K131132609100048,우주기전(주),품질부서 직원(자동차부품),"연봉3,200 만원 이상 ~ 3,500 만원 이하",경남 창원시 의창구,[인증],,경력 1년,26-09-10,26-09-30,http://www.work.go.kr/empInfo/empInfoSrch/detail/empDetailAuthView.do?callPage=detail&wantedAuthNo=K131132609100048
K161142609100007,수퍼빈 주식회사,[수퍼빈] 김해 압축장 생산직 정규직 (지게차 필수),"시급11,060 원 이상 ~ 11,060 원 이하",경남 창원시 의창구,[인증],,관계없음,26-09-10,26-11-09,http://www.work.go.kr/empInfo/empInfoSrch/detail/empDetailAuthView.do?callPage=detail&wantedAuthNo=K161142609100007
KEC0132609100003,창원영호노인요양원,노인요양시설 요양보호사 모집,월급216 만원 이상 ~ 216 만원 이하,경남 창원시 의창구,[인증],,관계없음,26-09-10,26-11-09,http://www.work.go.kr/empInfo/empInfoSrch/detail/empDetailAuthView.do?callPage=detail&wantedAuthNo=KEC0132609100003
K131132609100046,(주)금아금속,레이저 절단 및 프레스 절곡 경력사원 모집,"연봉4,400 만원 이상",경남 창원시 성산구,[인증],,경력 5년,26-09-10,26-11-09,http://www.work.go.kr/empInfo/empInfoSrch/detail/empDetailAuthView.do?callPage=detail&wantedAuthNo=K131132609100046
K131132609100045,에이스튜브,에이스튜브 - HD현대마린엔진 내 엔진 배관조립 경력자를 모집합니다.,"시급15,000 원 이상",경남 창원시 성산구,[인증],,경력 3년,26-09-10,26-09-24,http://www.work.go.kr/empInfo/empInfoSrch/detail/empDetailAuthView.do?callPage=detail&wantedAuthNo=K131132609100045
K131132609100044,호운전기,HD현대마린엔진 내 호운전기 전장(전로) 구인(신입가능),"시급11,000 원 이상",경남 창원시 성산구,[인증],,관계없음,26-09-10,26-09-24,http://www.work.go.kr/empInfo/empInfoSrch/detail/empDetailAuthView.do?callPage=detail&wantedAuthNo=K131132609100044
K131132609100043,영동테크(YDTECH),머시닝 센터 가공 인원 모집,"연봉4,500 만원 이상 ~ 6,000 만원 이하",경남 창원시 성산구,[인증],,관계없음,26-09-10,26-09-24,http://www.work.go.kr/empInfo/empInfoSrch/detail/empDetailAuthView.do?callPage=detail&wantedAuthNo=K131132609100043
KJSA002609100034,에스지솔루션(주),[9/16 경남일자리종합박람회 직접참여] 에스지솔루션(주)_총무,"연봉2,600 만원 이상",경남 창원시 성산구,[인증],,경력 3년,26-09-10,26-09-24,http://www.work.go.kr/empInfo/empInfoSrch/detail/empDetailAuthView.do?callPage=detail&wantedAuthNo=KJSA002609100034
K131132609100042,주식회사 태광파인텍,뛰어난 생산 관리 전문가를 찾습니다.,월급216 만원 이상,경남 창원시 성산구,[인증],,관계없음,26-09-10,26-09-30,http://www.work.go.kr/empInfo/empInfoSrch/detail/empDetailAuthView.do?callPage=detail&wantedAuthNo=K131132609100042
KJSA002609100033,에스지솔루션(주),[9/16 경남일자리종합박람회 직접참여] 에스지솔루션(주)_품질,"연봉2,600 만원 이상",경남 창원시 성산구,[인증],,관계없음,26-09-10,26-09-24,http://www.work.go.kr/empInfo/empInfoSrch/detail/empDetailAuthView.do?callPage=detail&wantedAuthNo=KJSA002609100033
K131132609100041,태원,[기계설계] 설계 사원 모집(경력/신입 ),"연봉3,600 만원 이상",경남 창원시 성산구,[인증],,경력 2년,26-09-10,26-11-01,http://www.work.go.kr/empInfo/empInfoSrch/detail/empDetailAuthView.do?callPage=detail&wantedAuthNo=K131132609100041
K131132609100040,부광정밀공업(주),자동차부품 가공 조작원,"시급10,320 원 이상 ~ 10,320 원 이하",경남 창원시 의창구,[인증],,관계없음,26-09-10,26-11-09,http://www.work.go.kr/empInfo/empInfoSrch/detail/empDetailAuthView.do?callPage=detail&wantedAuthNo=K131132609100040
KJSA002609100032,에스지솔루션(주),[9/16 경남일자리종합박람회 직접참여] 에스지솔루션(주)_생산,"연봉2,600 만원 이상",경남 창원시 성산구,[인증],,관계없음,26-09-10,26-09-24,http://www.work.go.kr/empInfo/empInfoSrch/detail/empDetailAuthView.do?callPage=detail&wantedAuthNo=KJSA002609100032
K131132609100037,월드에너지솔루션(주),"경영본부(인사,노무,재무,회계,안전 등) 부서장을 모십니다.","연봉5,000 만원 이상 ~ 5,500 만원 이하",경남 창원시 의창구,[인증],,경력 25년,26-09-10,26-10-09,http://www.work.go.kr/empInfo/empInfoSrch/detail/empDetailAuthView.do?callPage=detail&wantedAuthNo=K131132609100037
K131132609100036,고려메탈주식회사,"단조기 조작원, 단열공, 호이스트 운전원을 모집합니다.","시급10,320 원 이상",경남 창원시 성산구,[인증],,신입,26-09-10,26-09-30,http://www.work.go.kr/empInfo/empInfoSrch/detail/empDetailAuthView.do?callPage=detail&wantedAuthNo=K131132609100036
K131132609100035,주식회사코만,"조립, 호스조립 신입사원 모집","시급11,380 원 이상 ~ 11,380 원 이하",경남 창원시 의창구,[인증],,신입,26-09-10,26-10-09,http://www.work.go.kr/empInfo/empInfoSrch/detail/empDetailAuthView.do?callPage=detail&wantedAuthNo=K131132609100035
K131132609100034,신한밸브주식회사,신한밸브 - 성형 연마 모집,"시급12,000 원 이상",경남 창원시 성산구,[인증],,관계없음,26-09-10,26-09-25,http://www.work.go.kr/empInfo/empInfoSrch/detail/empDetailAuthView.do?callPage=detail&wantedAuthNo=K131132609100034
K131132609100033,남흥정밀,"MCT,CNC 운용가능자  모집(치수보정가능자 환영)","시급10,320 원 이상 ~ 11,000 원 이하",경남 창원시 의창구,[인증],,관계없음,26-09-10,26-10-23,http://www.work.go.kr/empInfo/empInfoSrch/detail/empDetailAuthView.do?callPage=detail&wantedAuthNo=K131132609100033
KJSA002609100031,에스지솔루션(주),[9/16 경남일자리종합박람회 직접참여] 에스지솔루션(주)_영업,"연봉2,600 만원 이상",경남 창원시 성산구,[인증],,관계없음,26-09-10,26-09-24,http://www.work.go.kr/empInfo/empInfoSrch/detail/empDetailAuthView.do?callPage=detail&wantedAuthNo=KJSA002609100031
K131132609100032,(주)미트벨리,(주)미트벨리 생산 및 포장직 정직원 모집(주간조),월급238 만원 이상,경남 창원시 진해구,[인증],,관계없음,26-09-10,26-11-09,http://www.work.go.kr/empInfo/empInfoSrch/detail/empDetailAuthView.do?callPage=detail&wantedAuthNo=K131132609100032
K131132609100031,신한밸브주식회사,신한밸브 - 프레스 금형 관리 및 보수직 모집,"시급12,000 원 이상",경남 창원시 성산구,[인증],,관계없음,26-09-10,26-09-25,http://www.work.go.kr/empInfo/empInfoSrch/detail/empDetailAuthView.do?callPage=detail&wantedAuthNo=K131132609100031
KJSA002609100030,에스지솔루션(주),[9/16 경남일자리종합박람회 직접참여] 에스지솔루션(주)_연구원,"연봉2,600 만원 이상",경남 창원시 성산구,[인증],,관계없음,26-09-10,26-09-24,http://www.work.go.kr/empInfo/empInfoSrch/detail/empDetailAuthView.do?callPage=detail&wantedAuthNo=KJSA002609100030
K180332609100019,（주）케이알산업,창원부산간도로 불모산터널 요금소 징수원(계약직) 채용,"시급10,320 원 이상 ~ 10,320 원 이하",경남 창원시 성산구,[인증],,관계없음,26-09-10,26-11-08,http://www.work.go.kr/empInfo/empInfoSrch/detail/empDetailAuthView.do?callPage=detail&wantedAuthNo=K180332609100019
K131132609100030,디티케이(주),식품제조업체 포장사원 모집,"시급10,320 원 이상 ~ 10,630 원 이하",경남 창원시 성산구,[인증],,경력  1개월,26-09-10,26-09-28,http://www.work.go.kr/empInfo/empInfoSrch/detail/empDetailAuthView.do?callPage=detail&wantedAuthNo=K131132609100030
K131132609100028,(주)파잇츠,스마트 공정 자동제어 엔지니어 모집,"연봉2,800 만원 이상 ~ 4,000 만원 이하",경남 창원시 성산구,[인증],,관계없음,26-09-10,26-11-09,http://www.work.go.kr/empInfo/empInfoSrch/detail/empDetailAuthView.do?callPage=detail&wantedAuthNo=K131132609100028
KEC0132609100002,주식회사화인텍,자동차 부품 단순생산직 모집,"시급10,320 원 이상 ~ 10,320 원 이하",경남 창원시 성산구,[인증],,관계없음,26-09-10,26-10-09,http://www.work.go.kr/empInfo/empInfoSrch/detail/empDetailAuthView.do?callPage=detail&wantedAuthNo=KEC0132609100002
K131132609100027,다은 데이케어센터,다은데이케어센터 노인주간보호센터 조리원 모집,월급216 만원 이상 ~ 216 만원 이하,경남 창원시 성산구,[인증],,경력 1년,26-09-10,26-11-09,http://www.work.go.kr/empInfo/empInfoSrch/detail/empDetailAuthView.do?callPage=detail&wantedAuthNo=K131132609100027
K131132609100025,（주）유니온,경리 회계 사무원 모집 [정규직/경력무관],"연봉2,760 만원 이상 ~ 2,940 만원 이하",경남 창원시 의창구,[인증],,관계없음,26-09-10,26-10-09,http://www.work.go.kr/empInfo/empInfoSrch/detail/empDetailAuthView.do?callPage=detail&wantedAuthNo=K131132609100025
K131132609100024,소답노인요양센터,소답노인요양센터 요양보호사 채용공고,월급223 만원 이상 ~ 226 만원 이하,경남 창원시 의창구,[인증],,관계없음,26-09-10,26-11-09,http://www.work.go.kr/empInfo/empInfoSrch/detail/empDetailAuthView.do?callPage=detail&wantedAuthNo=K131132609100024
KJSA002609100021,한국맥도날드유한회사,[9/16 경남일자리종합박람회 직접참여] (유)한국맥도날드_창원사파DT점 직원,"시급10,320 원 이상",경남 창원시 성산구,[인증],,관계없음,26-09-10,26-09-24,http://www.work.go.kr/empInfo/empInfoSrch/detail/empDetailAuthView.do?callPage=detail&wantedAuthNo=KJSA002609100021
KJSA002609100020,한국맥도날드유한회사,[9/16 경남일자리종합박람회 직접참여] (유)한국맥도날드_창원역DT점 직원,"시급10,320 원 이상",경남 창원시 의창구,[인증],,관계없음,26-09-10,26-09-24,http://www.work.go.kr/empInfo/empInfoSrch/detail/empDetailAuthView.do?callPage=detail&wantedAuthNo=KJSA002609100020
KJSA002609100019,한국맥도날드유한회사,[9/16 경남일자리종합박람회 직접참여] (유)한국맥도날드_창원시티세븐점 직원,"시급10,320 원 이상",경남 창원시 성산구,[인증],,관계없음,26-09-10,26-09-24,http://www.work.go.kr/empInfo/empInfoSrch/detail/empDetailAuthView.do?callPage=detail&wantedAuthNo=KJSA002609100019
K131132609100022,(주)삼기코아,성형연삭 경력사원 모집,"시급12,000 원 이상 ~ 16,000 원 이하",경남 창원시 의창구,[인증],,경력 1년,26-09-10,26-11-09,http://www.work.go.kr/empInfo/empInfoSrch/detail/empDetailAuthView.do?callPage=detail&wantedAuthNo=K131132609100022
K131132609100021,다은 데이케어센터,노인주간보호센터 사회복지사 구인 공고,월급216 만원 이상 ~ 216 만원 이하,경남 창원시 성산구,[인증],,관계없음,26-09-10,26-11-09,http://www.work.go.kr/empInfo/empInfoSrch/detail/empDetailAuthView.do?callPage=detail&wantedAuthNo=K131132609100021
K131312609100022,주식회사더식탁,창원 단체급식 조리실장 구인,월급270 만원 이상 ~ 350 만원 이하,경남 창원시 의창구,[인증],,경력 3년,26-09-10,26-11-02,http://www.work.go.kr/empInfo/empInfoSrch/detail/empDetailAuthView.do?callPage=detail&wantedAuthNo=K131312609100022
KJSA002609100016,고려정밀공업(주),[9/16 경남일자리종합박람회 직접참여] 고려정밀공업(주)_품질,"연봉3,100 만원 이상",경남 창원시 의창구,[인증],,관계없음,26-09-10,26-09-24,http://www.work.go.kr/empInfo/empInfoSrch/detail/empDetailAuthView.do?callPage=detail&wantedAuthNo=KJSA002609100016
KJSA002609100015,고려정밀공업(주),[9/16 경남일자리종합박람회 직접참여] 고려정밀공업(주)_연구,"연봉3,100 만원 이상",경남 창원시 의창구,[인증],,관계없음,26-09-10,26-09-24,http://www.work.go.kr/empInfo/empInfoSrch/detail/empDetailAuthView.do?callPage=detail&wantedAuthNo=KJSA002609100015
K131132609100019,태인정밀,생산관리 사원 모집 (납품영업 포함),"연봉4,200 만원 이상",경남 창원시 의창구,[인증],,경력 3년,26-09-10,26-10-09,http://www.work.go.kr/empInfo/empInfoSrch/detail/empDetailAuthView.do?callPage=detail&wantedAuthNo=K131132609100019
K131132609100018,태인정밀,생산직 사원 모집[조립 및 사상],"연봉4,200 만원 이상",경남 창원시 의창구,[인증],,관계없음,26-09-10,26-10-09,http://www.work.go.kr/empInfo/empInfoSrch/detail/empDetailAuthView.do?callPage=detail&wantedAuthNo=K131132609100018
K131132609100014,주식회사 삼양통상,"선용품 납품(운전직) 직원 채용 -경남창원,부산 사상구 사하구 강서구 (인근거주자) 우대-1톤트럭 출퇴근지원","연봉3,600 만원 이상",경남 창원시 진해구,[인증],,관계없음,26-09-10,26-09-24,http://www.work.go.kr/empInfo/empInfoSrch/detail/empDetailAuthView.do?callPage=detail&wantedAuthNo=K131132609100014
K131132609100013,사단법인 신호등도움회,사회복지 회계담당 모집,월급216 만원 이상,경남 창원시 성산구,[인증],,경력 1년,26-09-10,26-09-24,http://www.work.go.kr/empInfo/empInfoSrch/detail/empDetailAuthView.do?callPage=detail&wantedAuthNo=K131132609100013
K131132609100012,주식회사수경,레미콘 아스콘 영업 직원 채용,"연봉3,600 만원 이상 ~ 3,600 만원 이하",경남 창원시 진해구,[인증],,관계없음,26-09-10,26-09-24,http://www.work.go.kr/empInfo/empInfoSrch/detail/empDetailAuthView.do?callPage=detail&wantedAuthNo=K131132609100012
K131132609100011,정다운 사회적협동조합,정다운 발달장애인 주간활동센터 제공인력(사회복지사) 모집,월급216 만원 이상,경남 창원시 진해구,[인증],,신입,26-09-10,26-09-24,http://www.work.go.kr/empInfo/empInfoSrch/detail/empDetailAuthView.do?callPage=detail&wantedAuthNo=K131132609100011
K131132609100010,주식회사 삼사이엔지,조선업 발판 설치 및 해체 작업자 모집,"일급130,000 원 이상",경남 창원시 진해구,[인증],,관계없음,26-09-10,26-10-31,http://www.work.go.kr/empInfo/empInfoSrch/detail/empDetailAuthView.do?callPage=detail&wantedAuthNo=K131132609100010
K131132609100009,김명용,채소 재배 단순노무자,"시급10,320 원 이상",경남 창원시 의창구,[인증],,관계없음,26-09-10,26-11-09,http://www.work.go.kr/empInfo/empInfoSrch/detail/empDetailAuthView.do?callPage=detail&wantedAuthNo=K131132609100009
K131132609100008,대명산업주식회사,단조 생산사원 모집 - 베어링 제조,"시급10,320 원 이상",경남 창원시 성산구,[인증],,경력 1년,26-09-10,26-11-09,http://www.work.go.kr/empInfo/empInfoSrch/detail/empDetailAuthView.do?callPage=detail&wantedAuthNo=K131132609100008
K131132609100007,주식회사 삼사이엔지,조선소 발판 자재관리 모집,"일급130,000 원 이상 ~ 140,000 원 이하",경남 창원시 진해구,[인증],,관계없음,26-09-10,26-10-31,http://www.work.go.kr/empInfo/empInfoSrch/detail/empDetailAuthView.do?callPage=detail&wantedAuthNo=K131132609100007
K131132609100006,주식회사 태양에스씨알,[창원/연봉협의] 가전제품 제조업 품질팀 팀장급 채용,"연봉3,900 만원 이상 ~ 4,300 만원 이하",경남 창원시 성산구,[인증],,경력 2년,26-09-10,26-11-09,http://www.work.go.kr/empInfo/empInfoSrch/detail/empDetailAuthView.do?callPage=detail&wantedAuthNo=K131132609100006
KF10912609100003,(주)제이에이치관리,[창원] 강림중공업(주) 경비 업무,월급242 만원 이상,경남 창원시 성산구,[인증],,관계없음,26-09-10,26-10-20,http://www.work.go.kr/empInfo/empInfoSrch/detail/empDetailAuthView.do?callPage=detail&wantedAuthNo=KF10912609100003
K131132609100004,주식회사경남안전기술단,산업안전관리자 채용,월급270 만원 이상 ~ 350 만원 이하,경남 창원시 의창구,[인증],,경력 2년,26-09-10,26-09-24,http://www.work.go.kr/empInfo/empInfoSrch/detail/empDetailAuthView.do?callPage=detail&wantedAuthNo=K131132609100004
K131132609100003,영창이엔지주식회사,물류팀 납품준비 및 납품기사 모집합니다.,"시급11,500 원 이상 ~ 12,500 원 이하",경남 창원시 의창구,[인증],,경력 5년,26-09-10,26-09-24,http://www.work.go.kr/empInfo/empInfoSrch/detail/empDetailAuthView.do?callPage=detail&wantedAuthNo=K131132609100003
K131132609100002,영창이엔지주식회사,영창이엔지에서 CNC선반 조작원 모집합니다.,"시급12,000 원 이상 ~ 14,000 원 이하",경남 창원시 의창구,[인증],,경력 5년,26-09-10,26-09-24,http://www.work.go.kr/empInfo/empInfoSrch/detail/empDetailAuthView.do?callPage=detail&wantedAuthNo=K131132609100002
K131132609100001,（주）동원에프앤비창원공장,기계유지보수,"연봉4,100 만원 이상",경남 창원시 성산구,[인증],,경력 5년,26-09-10,26-11-09,http://www.work.go.kr/empInfo/empInfoSrch/detail/empDetailAuthView.do?callPage=detail&wantedAuthNo=K131132609100001
KJSA002609090073,(주)동구기업,[9/16 경남일자리종합박람회 직접참여] (주)동구기업_품질,"시급10,320 원 이상 ~ 11,000 원 이하",경남 창원시 성산구,[인증],,관계없음,26-09-09,26-09-23,http://www.work.go.kr/empInfo/empInfoSrch/detail/empDetailAuthView.do?callPage=detail&wantedAuthNo=KJSA002609090073
KJSA002609090072,(주)동구기업,[9/16 경남일자리종합박람회 직접참여] (주)동구기업_금형조립,"시급10,320 원 이상 ~ 11,000 원 이하",경남 창원시 성산구,[인증],,관계없음,26-09-09,26-09-23,http://www.work.go.kr/empInfo/empInfoSrch/detail/empDetailAuthView.do?callPage=detail&wantedAuthNo=KJSA002609090072
KJSA002609090068,(주)삼영엠아이텍,[9/16 경남일자리종합박람회 직접참여] (주)삼영엠아이텍_비파괴검사원,"연봉3,200 만원 이상",경남 창원시 의창구,[인증],,관계없음,26-09-09,26-09-23,http://www.work.go.kr/empInfo/empInfoSrch/detail/empDetailAuthView.do?callPage=detail&wantedAuthNo=KJSA002609090068
KJSA002609090063,대원기전,[9/16 경남일자리종합박람회 직접참여] 대원기전_생산기술,"연봉3,900 만원 이상",경남 창원시 성산구,[인증],,관계없음,26-09-09,26-09-23,http://www.work.go.kr/empInfo/empInfoSrch/detail/empDetailAuthView.do?callPage=detail&wantedAuthNo=KJSA002609090063
KJSA002609090062,주식회사 이플로우,[9/16 경남일자리종합박람회 직접참여] 주식회사 이플로우_기술직,"연봉3,300 만원 이상",경남 창원시 성산구,[인증],,관계없음,26-09-09,26-09-23,http://www.work.go.kr/empInfo/empInfoSrch/detail/empDetailAuthView.do?callPage=detail&wantedAuthNo=KJSA002609090062
KJSA002609090061,주식회사 이플로우,[9/16 경남일자리종합박람회 직접참여] 주식회사 이플로우_연구직,"연봉3,300 만원 이상",경남 창원시 성산구,[인증],,관계없음,26-09-09,26-09-23,http://www.work.go.kr/empInfo/empInfoSrch/detail/empDetailAuthView.do?callPage=detail&wantedAuthNo=KJSA002609090061
KF10802609090009,건행재가노인복지센터,[의창구 사림동] 재가 요양보호사 구인,"시급10,320 원 이상",경남 창원시 의창구,[인증],,관계없음,26-09-09,26-10-24,http://www.work.go.kr/empInfo/empInfoSrch/detail/empDetailAuthView.do?callPage=detail&wantedAuthNo=KF10802609090009
KEC0132609090006,장복데이케어센터,[진해 경화동] 요양보호사 선생님을 모십니다.,"시급10,320 원 이상 ~ 10,320 원 이하",경남 창원시 진해구,[인증],,관계없음,26-09-09,26-11-08,http://www.work.go.kr/empInfo/empInfoSrch/detail/empDetailAuthView.do?callPage=detail&wantedAuthNo=KEC0132609090006
KEC0132609090005,남부건업(주),창원 중동 대동다숲 미화원 구인,"시급10,320 원 이상 ~ 10,320 원 이하",경남 창원시 의창구,[인증],,경력  6개월,26-09-09,26-11-08,http://www.work.go.kr/empInfo/empInfoSrch/detail/empDetailAuthView.do?callPage=detail&wantedAuthNo=KEC0132609090005
K131132609090053,(주)대원정공,[방산] 생산기술/설계 사원 모집,"연봉4,200 만원 이상 ~ 6,000 만원 이하",경남 창원시 성산구,[인증],,경력 2년,26-09-09,26-11-08,http://www.work.go.kr/empInfo/empInfoSrch/detail/empDetailAuthView.do?callPage=detail&wantedAuthNo=K131132609090053
K131132609090052,주식회사신광테크,"자동차 부품 단순 조립,검사원 모집[주야교대 근무필수]","시급10,320 원 이상",경남 창원시 의창구,[인증],,관계없음,26-09-09,26-09-30,http://www.work.go.kr/empInfo/empInfoSrch/detail/empDetailAuthView.do?callPage=detail&wantedAuthNo=K131132609090052
KF10802609090007,선일실버케어요양원,요양원 요양보호사 모집,월급216 만원 이상,경남 창원시 의창구,[인증],,관계없음,26-09-09,26-09-30,http://www.work.go.kr/empInfo/empInfoSrch/detail/empDetailAuthView.do?callPage=detail&wantedAuthNo=KF10802609090007
KF10802609090006,선일데이케어센터,[9/16 경남일자리종합박람회 직접참여] 주간보호센터 작업치료사모집,"시급10,320 원 이상",경남 창원시 의창구,[인증],,관계없음,26-09-09,26-09-30,http://www.work.go.kr/empInfo/empInfoSrch/detail/empDetailAuthView.do?callPage=detail&wantedAuthNo=KF10802609090006
K131132609090051,창원시립봉곡어린이집,출산휴가및 육아휴직 대체교사,월급231 만원 이상,경남 창원시 의창구,[인증],,관계없음,26-09-09,26-11-08,http://www.work.go.kr/empInfo/empInfoSrch/detail/empDetailAuthView.do?callPage=detail&wantedAuthNo=K131132609090051
K131132609090050,골든힐골프연습장(주),골프장 안내데스크 직원 모집,월급274 만원 이상 ~ 274 만원 이하,경남 창원시 성산구,[인증],,관계없음,26-09-09,26-09-24,http://www.work.go.kr/empInfo/empInfoSrch/detail/empDetailAuthView.do?callPage=detail&wantedAuthNo=K131132609090050
K131132609090049,주식회사 인서비스원,[창원/대기업 사내 협력업체] 생산 보조 작업자모집,"시급12,500 원 이상 ~ 12,500 원 이하",경남 창원시 성산구,[인증],,관계없음,26-09-09,26-09-30,http://www.work.go.kr/empInfo/empInfoSrch/detail/empDetailAuthView.do?callPage=detail&wantedAuthNo=K131132609090049
KJSA002609090045,주식회사 엠앤씨솔루션,[9/16 경남일자리종합박람회 직접참여]엠앤씨솔루션_사무직,"연봉4,000 만원 이상 ~ 4,650 만원 이하",경남 창원시 성산구,[인증],,신입,26-09-09,26-09-23,http://www.work.go.kr/empInfo/empInfoSrch/detail/empDetailAuthView.do?callPage=detail&wantedAuthNo=KJSA002609090045
KF10802609090005,선일실버케어요양원,[9/16 경남일자리종합박람회 직접참여] 요양원 물리치료사 채용,"시급10,320 원 이상",경남 창원시 의창구,[인증],,관계없음,26-09-09,26-09-30,http://www.work.go.kr/empInfo/empInfoSrch/detail/empDetailAuthView.do?callPage=detail&wantedAuthNo=KF10802609090005
K131132609090048,효산농장,축산업 종사원,"시급10,320 원 이상",경남 창원시 진해구,[인증],,신입,26-09-09,26-11-08,http://www.work.go.kr/empInfo/empInfoSrch/detail/empDetailAuthView.do?callPage=detail&wantedAuthNo=K131132609090048
K131132609090047,주식회사 인시스(INSYS),(주)인시스 경리·회계 사무원 모집 (경력무관/초보가능/정규직),"연봉2,800 만원 이상",경남 창원시 의창구,[인증],,관계없음,26-09-09,26-09-23,http://www.work.go.kr/empInfo/empInfoSrch/detail/empDetailAuthView.do?callPage=detail&wantedAuthNo=K131132609090047
K131132609090046,주식회사 인시스(INSYS),AI혁신연구소 소프트웨어 연구원 (R&D),"연봉3,200 만원 이상 ~ 3,500 만원 이하",경남 창원시 의창구,[인증],,관계없음,26-09-09,26-09-23,http://www.work.go.kr/empInfo/empInfoSrch/detail/empDetailAuthView.do?callPage=detail&wantedAuthNo=K131132609090046
K131132609090045,주식회사 인시스(INSYS),AI혁신연구개발실 기계설계 연구원(R&D),"연봉3,200 만원 이상 ~ 3,500 만원 이하",경남 창원시 의창구,[인증],,관계없음,26-09-09,26-09-23,http://www.work.go.kr/empInfo/empInfoSrch/detail/empDetailAuthView.do?callPage=detail&wantedAuthNo=K131132609090045
KJSP002609090004,늘함께재가복지센터,성실한 요양사 모집,"시급10,320 원 이상 ~ 13,000 원 이하",경남 창원시 의창구,[인증],,관계없음,26-09-09,26-09-24,http://www.work.go.kr/empInfo/empInfoSrch/detail/empDetailAuthView.do?callPage=detail&wantedAuthNo=KJSP002609090004
K131132609090044,주식회사케이에스엘코리아,CAD(캐드)  및 공정 관리 지원 담당자 채용,월급250 만원 이상 ~ 300 만원 이하,경남 창원시 의창구,[인증],,관계없음,26-09-09,26-09-30,http://www.work.go.kr/empInfo/empInfoSrch/detail/empDetailAuthView.do?callPage=detail&wantedAuthNo=K131132609090044
K131132609090043,(주)제이오하이테크,"NC, CNC 생산직 모집[로기스 측정 가능한 자]","시급10,320 원 이상 ~ 12,000 원 이하",경남 창원시 의창구,[인증],,관계없음,26-09-09,26-09-23,http://www.work.go.kr/empInfo/empInfoSrch/detail/empDetailAuthView.do?callPage=detail&wantedAuthNo=K131132609090043
KJSA002609090009,(주)삼화양행진해,[9/16 경남일자리종합박람회 직접참여] (주)삼화양행 진해_품질관리,"연봉4,300 만원 이상 ~ 4,300 만원 이하",경남 창원시 진해구,[인증],,경력 1년,26-09-09,26-09-23,http://www.work.go.kr/empInfo/empInfoSrch/detail/empDetailAuthView.do?callPage=detail&wantedAuthNo=KJSA002609090009
KJSA002609090007,(주)삼화양행진해,"[9/16 경남일자리종합박람회 직접참여] (주)삼화양행 진해_생산(CO2 OP, 검사 OP)","연봉4,300 만원 이상 ~ 4,300 만원 이하",경남 창원시 진해구,[인증],,관계없음,26-09-09,26-09-23,http://www.work.go.kr/empInfo/empInfoSrch/detail/empDetailAuthView.do?callPage=detail&wantedAuthNo=KJSA002609090007
KEC0132609090003,대산주간요양센터,주간보호 요양보호사 모집,"시급10,320 원 이상 ~ 10,320 원 이하",경남 창원시 의창구,[인증],,관계없음,26-09-09,26-11-08,http://www.work.go.kr/empInfo/empInfoSrch/detail/empDetailAuthView.do?callPage=detail&wantedAuthNo=KEC0132609090003
K131132609090042,주식회사 파인(PINE),경리 사무원 모집(정규직),"연봉2,800 만원 이상",경남 창원시 의창구,[인증],,관계없음,26-09-09,26-09-23,http://www.work.go.kr/empInfo/empInfoSrch/detail/empDetailAuthView.do?callPage=detail&wantedAuthNo=K131132609090042
K131112609090037,(주)진주스틸,폐기물회사 하이카기사(창원 동읍),"연봉4,000 만원 이상 ~ 4,000 만원 이하",경남 창원시 의창구,[인증],,관계없음,26-09-09,26-09-30,http://www.work.go.kr/empInfo/empInfoSrch/detail/empDetailAuthView.do?callPage=detail&wantedAuthNo=K131112609090037
K131132609090041,(유)영진기업,strip 기계 용접 단기근무자 모집합니다. (초보자 가능),"시급11,000 원 이상 ~ 11,000 원 이하",경남 창원시 성산구,[인증],,신입,26-09-09,26-10-03,http://www.work.go.kr/empInfo/empInfoSrch/detail/empDetailAuthView.do?callPage=detail&wantedAuthNo=K131132609090041
K131132609090040,대영에스앤씨주식회사,당사의 물량증가와 결원을 보충하기 위하여 성실한 직원을 모집 합니다,"시급11,000 원 이상",경남 창원시 성산구,[인증],,경력 2년 2개월,26-09-09,26-09-23,http://www.work.go.kr/empInfo/empInfoSrch/detail/empDetailAuthView.do?callPage=detail&wantedAuthNo=K131132609090040
K131132609090039,(주) 스모트로닉,"스모트로닉 [자동차 부품 제조사] CNC,MCT 가공 직원 채용","시급10,320 원 이상 ~ 10,320 원 이하",경남 창원시 성산구,[인증],,관계없음,26-09-09,26-09-23,http://www.work.go.kr/empInfo/empInfoSrch/detail/empDetailAuthView.do?callPage=detail&wantedAuthNo=K131132609090039
K131132609090038,파티마안과의원,시티세븐 파티마안과  검안사 (안경사) 주5일 상시 모집,"연봉2,600 만원 이상",경남 창원시 성산구,[인증],,관계없음,26-09-09,26-10-08,http://www.work.go.kr/empInfo/empInfoSrch/detail/empDetailAuthView.do?callPage=detail&wantedAuthNo=K131132609090038
K131132609090037,파티마안과의원,시티세븐파티마안과   대외협력 외부영업 홍보 마케팅 직원모집,"연봉2,600 만원 이상",경남 창원시 성산구,[인증],,관계없음,26-09-09,26-10-08,http://www.work.go.kr/empInfo/empInfoSrch/detail/empDetailAuthView.do?callPage=detail&wantedAuthNo=K131132609090037
K131132609090036,파티마안과의원,시티세븐 파티마안과 외래팀 간호사 간호조무사 채용공고,"연봉2,600 만원 이상",경남 창원시 성산구,[인증],,관계없음,26-09-09,26-10-08,http://www.work.go.kr/empInfo/empInfoSrch/detail/empDetailAuthView.do?callPage=detail&wantedAuthNo=K131132609090036
K131132609090035,부송테크,부송테크 면취 및 단수 사상 작업 직원 모집,"시급10,320 원 이상",경남 창원시 성산구,[인증],,관계없음,26-09-09,26-09-23,http://www.work.go.kr/empInfo/empInfoSrch/detail/empDetailAuthView.do?callPage=detail&wantedAuthNo=K131132609090035
K131132609090034,유덕산업,생산직 사원 모집(롤 포밍),월급270 만원 이상 ~ 270 만원 이하,경남 창원시 의창구,[인증],,관계없음,26-09-09,26-11-08,http://www.work.go.kr/empInfo/empInfoSrch/detail/empDetailAuthView.do?callPage=detail&wantedAuthNo=K131132609090034
K131132609090033,부송테크,부송테크 머시닝센터(MCT) 조작원(신입=>완전초보도 가능)모집,"시급10,320 원 이상",경남 창원시 성산구,[인증],,관계없음,26-09-09,26-09-23,http://www.work.go.kr/empInfo/empInfoSrch/detail/empDetailAuthView.do?callPage=detail&wantedAuthNo=K131132609090033
K131132609090032,창화,창화 -안전벨트 제조 단순 작업자 채용_ 야간 근무,"시급10,320 원 이상 ~ 10,320 원 이하",경남 창원시 성산구,[인증],,관계없음,26-09-09,26-09-23,http://www.work.go.kr/empInfo/empInfoSrch/detail/empDetailAuthView.do?callPage=detail&wantedAuthNo=K131132609090032
KF10532609090004,삼명기계공업(주),삼명기계공업(주) 회계•총무 담당 경력직 채용,"연봉3,200 만원 이상 ~ 4,000 만원 이하",경남 창원시 성산구,[인증],,경력 4년,26-09-09,26-10-08,http://www.work.go.kr/empInfo/empInfoSrch/detail/empDetailAuthView.do?callPage=detail&wantedAuthNo=KF10532609090004
K131132609090030,수주간보호센터(창원점),팔용동 주간보호센터 사회복지사(경력직) 모집,월급216 만원 이상,경남 창원시 의창구,[인증],,경력 3년,26-09-09,26-11-08,http://www.work.go.kr/empInfo/empInfoSrch/detail/empDetailAuthView.do?callPage=detail&wantedAuthNo=K131132609090030
K131132609090029,(주)지성큐앤텍,지성큐앤텍 - 제관/취부 경력사원 모집,"시급15,000 원 이상",경남 창원시 성산구,[인증],,경력 10년,26-09-09,26-09-23,http://www.work.go.kr/empInfo/empInfoSrch/detail/empDetailAuthView.do?callPage=detail&wantedAuthNo=K131132609090029
KJSP002609090003,대한물산,납품 직원 모집,"시급10,320 원 이상",경남 창원시 의창구,[인증],,관계없음,26-09-09,26-11-08,http://www.work.go.kr/empInfo/empInfoSrch/detail/empDetailAuthView.do?callPage=detail&wantedAuthNo=KJSP002609090003
K131132609090028,사회복지법인실버덴,사회복지사 채용공고,월급250 만원 이상,경남 창원시 의창구,[인증],,관계없음,26-09-09,26-09-30,http://www.work.go.kr/empInfo/empInfoSrch/detail/empDetailAuthView.do?callPage=detail&wantedAuthNo=K131132609090028
K131132609090027,주식회사강림테크,제조업체 생산관리 모집합니다.,"연봉4,000 만원 이상 ~ 4,500 만원 이하",경남 창원시 성산구,[인증],,경력 3년,26-09-09,26-09-18,http://www.work.go.kr/empInfo/empInfoSrch/detail/empDetailAuthView.do?callPage=detail&wantedAuthNo=K131132609090027
K131132609090026,위드드림,사회복지사 모집,"시급10,320 원 이상",경남 창원시 의창구,[인증],,신입,26-09-09,26-11-08,http://www.work.go.kr/empInfo/empInfoSrch/detail/empDetailAuthView.do?callPage=detail&wantedAuthNo=K131132609090026
K131132609090022,(주)범아정밀,품질관리사원모집,"시급12,000 원 이상 ~ 12,000 원 이하",경남 창원시 의창구,[인증],,관계없음,26-09-09,26-11-08,http://www.work.go.kr/empInfo/empInfoSrch/detail/empDetailAuthView.do?callPage=detail&wantedAuthNo=K131132609090022
K130112609090037,주식회사 하나종합관리,신방대한아파트 경비원 모집,월급228 만원 이상 ~ 228 만원 이하,경남 창원시 의창구,[인증],,관계없음,26-09-09,26-11-08,http://www.work.go.kr/empInfo/empInfoSrch/detail/empDetailAuthView.do?callPage=detail&wantedAuthNo=K130112609090037
K130112609090030,(주)굿서비스,창원 도계동 학교 경비원 채용,"시급10,320 원 이상 ~ 10,320 원 이하",경남 창원시 의창구,[인증],,관계없음,26-09-09,26-11-08,http://www.work.go.kr/empInfo/empInfoSrch/detail/empDetailAuthView.do?callPage=detail&wantedAuthNo=K130112609090030
K131132609090021,신흥글로벌(주),신흘글로벌(주) 물류혁신팀 지게차기사 채용,"일급90,560 원 이상 ~ 100,000 원 이하",경남 창원시 성산구,[인증],,경력 5년,26-09-09,26-11-08,http://www.work.go.kr/empInfo/empInfoSrch/detail/empDetailAuthView.do?callPage=detail&wantedAuthNo=K131132609090021
K131132609090020,농업회사법인맑은내일주식회사,귀산동 맑은내일(주) 생산직 모집,월급226 만원 이상 ~ 226 만원 이하,경남 창원시 성산구,[인증],,신입,26-09-09,26-09-30,http://www.work.go.kr/empInfo/empInfoSrch/detail/empDetailAuthView.do?callPage=detail&wantedAuthNo=K131132609090020
K131132609090019,（주）중앙유앤아이,생산관리원 모집(견적업무 포함),월급350 만원 이상,경남 창원시 의창구,[인증],,경력 3년,26-09-09,26-11-08,http://www.work.go.kr/empInfo/empInfoSrch/detail/empDetailAuthView.do?callPage=detail&wantedAuthNo=K131132609090019
KF10792609090004,정다운재가센터,재가요양보호사 모집(마산새일센터 채용대행),"시급13,100 원 이상 ~ 13,100 원 이하",경남 창원시 의창구,[인증],,관계없음,26-09-09,26-11-08,http://www.work.go.kr/empInfo/empInfoSrch/detail/empDetailAuthView.do?callPage=detail&wantedAuthNo=KF10792609090004
K131332609090015,주식회사 보람관리,[채용대행] 야간 전자제품 수출  검수 모집,월급340 만원 이상,경남 창원시 진해구,[인증],,관계없음,26-09-09,26-09-23,http://www.work.go.kr/empInfo/empInfoSrch/detail/empDetailAuthView.do?callPage=detail&wantedAuthNo=K131332609090015
K131132609090018,태진테크(주),"조립 및 제품 검사, 포장. 꾸준한 성장을 함께 이뤄갈 인력을 모집합니다.",월급300 만원 이상,경남 창원시 성산구,[인증],,관계없음,26-09-09,26-09-22,http://www.work.go.kr/empInfo/empInfoSrch/detail/empDetailAuthView.do?callPage=detail&wantedAuthNo=K131132609090018
K131132609090017,디티케이(주),식품회사 지게차기사 모집,월급320 만원 이상,경남 창원시 성산구,[인증],,경력  6개월,26-09-09,26-10-14,http://www.work.go.kr/empInfo/empInfoSrch/detail/empDetailAuthView.do?callPage=detail&wantedAuthNo=K131132609090017
K131132609090016,나드리노인주간보호센터,주간보호센터 요양보호사 채용,월급220 만원 이상,경남 창원시 의창구,[인증],,관계없음,26-09-09,26-09-30,http://www.work.go.kr/empInfo/empInfoSrch/detail/empDetailAuthView.do?callPage=detail&wantedAuthNo=K131132609090016
K131132609090015,주식회사좋은이웃마트,"좋은이웃마트(창원점) 공산 담당(신입, 경력)",월급234 만원 이상 ~ 234 만원 이하,경남 창원시 의창구,[인증],,관계없음,26-09-09,26-09-23,http://www.work.go.kr/empInfo/empInfoSrch/detail/empDetailAuthView.do?callPage=detail&wantedAuthNo=K131132609090015
K131132609090014,제이엠에스티 주식회사,마산항 5부두 내 조선업 관련 강재 철판 선별직 모집(후판 이동적치 및 선별 업무),"연봉5,200 만원 이상 ~ 5,500 만원 이하",경남 창원시 성산구,[인증],,관계없음,26-09-09,26-09-23,http://www.work.go.kr/empInfo/empInfoSrch/detail/empDetailAuthView.do?callPage=detail&wantedAuthNo=K131132609090014
KEC0132609090001,남부건업(주),아파트 경비원 (남산동 대우1차 아파트),"시급10,320 원 이상 ~ 10,320 원 이하",경남 창원시 성산구,[인증],,경력 1년,26-09-09,26-11-08,http://www.work.go.kr/empInfo/empInfoSrch/detail/empDetailAuthView.do?callPage=detail&wantedAuthNo=KEC0132609090001
KF10792609090003,새경남 노인복지센터,재가센터 사회복지사,"시급10,320 원 이상 ~ 10,320 원 이하",경남 창원시 성산구,[인증],,관계없음,26-09-09,26-11-08,http://www.work.go.kr/empInfo/empInfoSrch/detail/empDetailAuthView.do?callPage=detail&wantedAuthNo=KF10792609090003
K131132609090012,동우테크윈,기계설계 사원 구인,"연봉4,000 만원 이상",경남 창원시 성산구,[인증],,관계없음,26-09-09,26-09-23,http://www.work.go.kr/empInfo/empInfoSrch/detail/empDetailAuthView.do?callPage=detail&wantedAuthNo=K131132609090012
K131132609090011,진성개발(주),건물 방역 및 저수조 청소 직원 채용,월급220 만원 이상 ~ 220 만원 이하,경남 창원시 성산구,[인증],,신입,26-09-09,26-11-07,http://www.work.go.kr/empInfo/empInfoSrch/detail/empDetailAuthView.do?callPage=detail&wantedAuthNo=K131132609090011
K131132609090010,희연재활병원,희연재활병원 약사 모집,월급650 만원 이상,경남 창원시 성산구,[인증],,관계없음,26-09-09,26-09-22,http://www.work.go.kr/empInfo/empInfoSrch/detail/empDetailAuthView.do?callPage=detail&wantedAuthNo=K131132609090010
K131132609090009,남부건업(주),사화공원 롯데캐슬포레스트1단지아파트 시설기사 구인,월급319 만원 이상 ~ 319 만원 이하,경남 창원시 의창구,[인증],,관계없음,26-09-09,26-09-23,http://www.work.go.kr/empInfo/empInfoSrch/detail/empDetailAuthView.do?callPage=detail&wantedAuthNo=K131132609090009
K131132609090008,주식회사 현테크,제품 출하검사원 모집,"시급10,320 원 이상",경남 창원시 의창구,[인증],,경력 1년,26-09-09,26-09-23,http://www.work.go.kr/empInfo/empInfoSrch/detail/empDetailAuthView.do?callPage=detail&wantedAuthNo=K131132609090008
K131132609090006,성현회계법인,"회계사무실 기장대리 및 세무조정_신입,경력(5년이하) 모집","연봉3,000 만원 이상",경남 창원시 성산구,[인증],,관계없음,26-09-09,26-11-08,http://www.work.go.kr/empInfo/empInfoSrch/detail/empDetailAuthView.do?callPage=detail&wantedAuthNo=K131132609090006
K131132609090005,주식회사신한,구매자재관리 직원 모집,월급300 만원 이상,경남 창원시 의창구,[인증],,관계없음,26-09-09,26-09-30,http://www.work.go.kr/empInfo/empInfoSrch/detail/empDetailAuthView.do?callPage=detail&wantedAuthNo=K131132609090005
K131132609090004,케이제이에스인터밸브 주식회사,인사·총무·회계 담당 직원 채용,월급270 만원 이상 ~ 300 만원 이하,경남 창원시 성산구,[인증],,관계없음,26-09-09,26-11-07,http://www.work.go.kr/empInfo/empInfoSrch/detail/empDetailAuthView.do?callPage=detail&wantedAuthNo=K131132609090004
KJSP002609090002,실로암요양원,경험이 있으신 성실한 조리원  선생님을 모집합니다.,월급216 만원 이상 ~ 216 만원 이하,경남 창원시 진해구,[인증],,관계없음,26-09-09,26-11-08,http://www.work.go.kr/empInfo/empInfoSrch/detail/empDetailAuthView.do?callPage=detail&wantedAuthNo=KJSP002609090002
K131132609090003,리드웰테크,자재관리,"시급10,320 원 이상",경남 창원시 의창구,[인증],,관계없음,26-09-09,26-09-22,http://www.work.go.kr/empInfo/empInfoSrch/detail/empDetailAuthView.do?callPage=detail&wantedAuthNo=K131132609090003
K131132609090002,세무법인티에스,(세무법인티에스) 회계사무원 구인,월급280 만원 이상 ~ 280 만원 이하,경남 창원시 성산구,[인증],,경력 8년,26-09-09,26-11-07,http://www.work.go.kr/empInfo/empInfoSrch/detail/empDetailAuthView.do?callPage=detail&wantedAuthNo=K131132609090002
KF10532609090002,(주) 디펜스코리아,(팔용동)(주)디펜스코리아 하네스/케이블 조립 생산 모집,"시급10,350 원 이상",경남 창원시 의창구,[인증],,관계없음,26-09-09,26-11-08,http://www.work.go.kr/empInfo/empInfoSrch/detail/empDetailAuthView.do?callPage=detail&wantedAuthNo=KF10532609090002
KJSP002609090001,채움재가센터,명서동 요양보호사 구인합니다.,"시급10,320 원 이상",경남 창원시 의창구,[인증],,신입,26-09-09,26-11-07,http://www.work.go.kr/empInfo/empInfoSrch/detail/empDetailAuthView.do?callPage=detail&wantedAuthNo=KJSP002609090001
KF10532609090001,사단법인 경상남도장애인부모연대,사회복지사(육아휴직 대체인력) 채용,월급227 만원 이상,경남 창원시 의창구,[인증],,관계없음,26-09-09,26-09-21,http://www.work.go.kr/empInfo/empInfoSrch/detail/empDetailAuthView.do?callPage=detail&wantedAuthNo=KF10532609090001
K131132609080098,태성정밀,MCT 작업자 모집,"시급10,320 원 이상",경남 창원시 의창구,[인증],,관계없음,26-09-08,26-09-27,http://www.work.go.kr/empInfo/empInfoSrch/detail/empDetailAuthView.do?callPage=detail&wantedAuthNo=K131132609080098
K131322609080023,주식회사 부경테크윈,생산직(수작업-사상) 직원을 모집합니다.,"시급11,000 원 이상",경남 창원시 성산구,[인증],,관계없음,26-09-08,26-10-31,http://www.work.go.kr/empInfo/empInfoSrch/detail/empDetailAuthView.do?callPage=detail&wantedAuthNo=K131322609080023
K131132609080097,(주)라온컴퍼니,"자동차 부품 조립검사/프레스,탭작업(토요일 유급)","시급10,320 원 이상",경남 창원시 성산구,[인증],,관계없음,26-09-08,26-09-30,http://www.work.go.kr/empInfo/empInfoSrch/detail/empDetailAuthView.do?callPage=detail&wantedAuthNo=K131132609080097
K131132609080096,(주)이성산업,전자제품 품질 관리 담당자 모집[경력무관],"연봉2,600 만원 이상 ~ 3,500 만원 이하",경남 창원시 의창구,[인증],,관계없음,26-09-08,26-10-07,http://www.work.go.kr/empInfo/empInfoSrch/detail/empDetailAuthView.do?callPage=detail&wantedAuthNo=K131132609080096
K131132609080094,（주）대명,생산관리 및 외주관리 경력사원 모집,"연봉4,000 만원 이상 ~ 4,500 만원 이하",경남 창원시 의창구,[인증],,경력 3년,26-09-08,26-11-07,http://www.work.go.kr/empInfo/empInfoSrch/detail/empDetailAuthView.do?callPage=detail&wantedAuthNo=K131132609080094
K131132609080093,주식회사현대정밀,MCT 조작원 모집 [경력무관],"시급11,700 원 이상 ~ 12,000 원 이하",경남 창원시 의창구,[인증],,관계없음,26-09-08,26-10-07,http://www.work.go.kr/empInfo/empInfoSrch/detail/empDetailAuthView.do?callPage=detail&wantedAuthNo=K131132609080093
K131132609080091,도해정밀,프로파일  및 성형 연삭 신입 구함,"시급13,000 원 이상",경남 창원시 의창구,[인증],,신입,26-09-08,26-10-09,http://www.work.go.kr/empInfo/empInfoSrch/detail/empDetailAuthView.do?callPage=detail&wantedAuthNo=K131132609080091
K131132609080090,부경신항수산업협동조합,부경신항수협 유통사업팀 종사원 계약직 모집,월급300 만원 이상 ~ 300 만원 이하,경남 창원시 진해구,[인증],,경력  6개월,26-09-08,26-09-18,http://www.work.go.kr/empInfo/empInfoSrch/detail/empDetailAuthView.do?callPage=detail&wantedAuthNo=K131132609080090
K131132609080089,부경신항수산업협동조합,부경신항수협 영업점 텔러 계약직 채용,월급238 만원 이상 ~ 238 만원 이하,경남 창원시 진해구,[인증],,경력  6개월,26-09-08,26-09-18,http://www.work.go.kr/empInfo/empInfoSrch/detail/empDetailAuthView.do?callPage=detail&wantedAuthNo=K131132609080089
K131132609080088,부국금속(주),주물공장 공무부 직원 구인,"연봉4,500 만원 이상 ~ 5,000 만원 이하",경남 창원시 진해구,[인증],,경력 5년,26-09-08,26-11-07,http://www.work.go.kr/empInfo/empInfoSrch/detail/empDetailAuthView.do?callPage=detail&wantedAuthNo=K131132609080088
K131132609080087,태연정공,cnc 조작원 모집,"시급10,320 원 이상",경남 창원시 성산구,[인증],,관계없음,26-09-08,26-11-07,http://www.work.go.kr/empInfo/empInfoSrch/detail/empDetailAuthView.do?callPage=detail&wantedAuthNo=K131132609080087
K131132609080086,주식회사원우이엔지,"원우이엔지 - 기계 부품 검사원, 품질 관리원 모집",월급300 만원 이상 ~ 330 만원 이하,경남 창원시 성산구,[인증],,경력 2년,26-09-08,26-11-05,http://www.work.go.kr/empInfo/empInfoSrch/detail/empDetailAuthView.do?callPage=detail&wantedAuthNo=K131132609080086
K131132609080085,주식회사원우이엔지,원우이엔지 - CNC 선반 경력자 모집,월급300 만원 이상 ~ 300 만원 이하,경남 창원시 성산구,[인증],,경력 3년,26-09-08,26-11-07,http://www.work.go.kr/empInfo/empInfoSrch/detail/empDetailAuthView.do?callPage=detail&wantedAuthNo=K131132609080085
K131132609080084,(주)리베라관광개발,리베라컨벤션 직원식사 조리사 모집,"연봉2,600 만원 이상",경남 창원시 성산구,[인증],,경력 1년,26-09-08,26-11-07,http://www.work.go.kr/empInfo/empInfoSrch/detail/empDetailAuthView.do?callPage=detail&wantedAuthNo=K131132609080084
K131132609080083,현신테크,현신테크 - 지게차 운전원 구인,"시급10,320 원 이상",경남 창원시 성산구,[인증],,경력 1년,26-09-08,26-09-22,http://www.work.go.kr/empInfo/empInfoSrch/detail/empDetailAuthView.do?callPage=detail&wantedAuthNo=K131132609080083
K131132609080082,주식회사 세영테크놀러지,세영테크놀러지 [영업팀] 출하업무 관리자 모집,"연봉3,200 만원 이상 ~ 3,600 만원 이하",경남 창원시 성산구,[인증],,관계없음,26-09-08,26-09-25,http://www.work.go.kr/empInfo/empInfoSrch/detail/empDetailAuthView.do?callPage=detail&wantedAuthNo=K131132609080082
K131132609080081,주식회사 세영테크놀러지,세영테크놀러지 [자재팀] 자재관리 신입&경력 모집,"연봉3,200 만원 이상 ~ 3,600 만원 이하",경남 창원시 성산구,[인증],,관계없음,26-09-08,26-09-25,http://www.work.go.kr/empInfo/empInfoSrch/detail/empDetailAuthView.do?callPage=detail&wantedAuthNo=K131132609080081
K131132609080080,대경기업,제조 검사원 모집합니다.,"시급10,320 원 이상",경남 창원시 성산구,[인증],,경력  6개월,26-09-08,26-11-07,http://www.work.go.kr/empInfo/empInfoSrch/detail/empDetailAuthView.do?callPage=detail&wantedAuthNo=K131132609080080
K131132609080079,창원시립유니시티2단지어린이집,대체교사 모집 공고 (담임교사),월급230 만원 이상 ~ 250 만원 이하,경남 창원시 의창구,[인증],,관계없음,26-09-08,26-09-23,http://www.work.go.kr/empInfo/empInfoSrch/detail/empDetailAuthView.do?callPage=detail&wantedAuthNo=K131132609080079
K131132609080075,대주회계법인경남지사,회계사무실 경력 사원 모집,"연봉3,000 만원 이상",경남 창원시 성산구,[인증],,경력 3년,26-09-08,26-11-07,http://www.work.go.kr/empInfo/empInfoSrch/detail/empDetailAuthView.do?callPage=detail&wantedAuthNo=K131132609080075
KF10802609080002,자재원재가복지센터,[덕산초등학교 인근] 요양보호사 채용,"시급13,000 원 이상 ~ 13,000 원 이하",경남 창원시 진해구,[인증],,경력 1년,26-09-08,26-11-07,http://www.work.go.kr/empInfo/empInfoSrch/detail/empDetailAuthView.do?callPage=detail&wantedAuthNo=KF10802609080002
K131132609080074,세무법인세원창원중앙지점,세원창원중앙지점 - 회계사무실 육아휴직대체자 모집 ( 16개월 계약 / 경력직),"연봉3,770 만원 이상 ~ 3,770 만원 이하",경남 창원시 성산구,[인증],,경력 5년,26-09-08,26-11-07,http://www.work.go.kr/empInfo/empInfoSrch/detail/empDetailAuthView.do?callPage=detail&wantedAuthNo=K131132609080074
K131132609080073,세무법인세원창원중앙지점,세원창원중앙지점 - 회계사무실 경력직(3년) 모집,"연봉3,000 만원 이상 ~ 4,000 만원 이하",경남 창원시 성산구,[인증],,경력 3년,26-09-08,26-11-07,http://www.work.go.kr/empInfo/empInfoSrch/detail/empDetailAuthView.do?callPage=detail&wantedAuthNo=K131132609080073
K131132609080072,주식회사 거송,거송 - 납품 보조인원 모집 ( 12개월 계약),"시급10,320 원 이상 ~ 10,320 원 이하",경남 창원시 성산구,[인증],,관계없음,26-09-08,26-09-22,http://www.work.go.kr/empInfo/empInfoSrch/detail/empDetailAuthView.do?callPage=detail&wantedAuthNo=K131132609080072
K131132609080071,주식회사 거송,금형원 모집,"연봉4,000 만원 이상",경남 창원시 성산구,[인증],,관계없음,26-09-08,26-09-22,http://www.work.go.kr/empInfo/empInfoSrch/detail/empDetailAuthView.do?callPage=detail&wantedAuthNo=K131132609080071
K131132609080070,"세무회계형설, 세무사황일숙사무소",회계사무실 (하반기 격주 4일 근무제),"연봉3,500 만원 이상 ~ 4,000 만원 이하",경남 창원시 성산구,[인증],,경력 3년,26-09-08,26-11-07,http://www.work.go.kr/empInfo/empInfoSrch/detail/empDetailAuthView.do?callPage=detail&wantedAuthNo=K131132609080070
K131132609080069,주식회사 거송,프레스 인원 모집,"시급11,000 원 이상 ~ 11,000 원 이하",경남 창원시 성산구,[인증],,관계없음,26-09-08,26-09-22,http://www.work.go.kr/empInfo/empInfoSrch/detail/empDetailAuthView.do?callPage=detail&wantedAuthNo=K131132609080069
K131132609080068,대영에스앤씨주식회사,생산직 사상(버핑)직원 모집,"시급10,320 원 이상",경남 창원시 성산구,[인증],,관계없음,26-09-08,26-09-22,http://www.work.go.kr/empInfo/empInfoSrch/detail/empDetailAuthView.do?callPage=detail&wantedAuthNo=K131132609080068
K131132609080064,유한책임회사하이모창원시청지점,[정직원] 창원 중앙동 하이모에서 함께 근무 할 헤어디자이너를 모집합니다.,"연봉3,200 만원 이상",경남 창원시 성산구,[인증],,경력 2년,26-09-08,26-11-07,http://www.work.go.kr/empInfo/empInfoSrch/detail/empDetailAuthView.do?callPage=detail&wantedAuthNo=K131132609080064
K131132609080063,(주)베스트솔루션,부산신항 물류센터 컨테이너 입출고 단순작업자 모집,월급240 만원 이상 ~ 280 만원 이하,경남 창원시 진해구,[인증],,관계없음,26-09-08,26-09-22,http://www.work.go.kr/empInfo/empInfoSrch/detail/empDetailAuthView.do?callPage=detail&wantedAuthNo=K131132609080063
K131132609080062,이카운트다운,네이버 스마트스토어 운영·마케팅 담당자 모집 (진해 웅천),"연봉3,600 만원 이상",경남 창원시 진해구,[인증],,경력 2년,26-09-08,26-11-07,http://www.work.go.kr/empInfo/empInfoSrch/detail/empDetailAuthView.do?callPage=detail&wantedAuthNo=K131132609080062
K131132609080061,화천기계(주),안전보건 관리자 모집,"연봉4,790 만원 이상 ~ 5,160 만원 이하",경남 창원시 성산구,[인증],,신입,26-09-08,26-09-27,http://www.work.go.kr/empInfo/empInfoSrch/detail/empDetailAuthView.do?callPage=detail&wantedAuthNo=K131132609080061
K131132609080060,이카운트다운,사무직 사원 모집,"연봉3,000 만원 이상",경남 창원시 진해구,[인증],,관계없음,26-09-08,26-11-07,http://www.work.go.kr/empInfo/empInfoSrch/detail/empDetailAuthView.do?callPage=detail&wantedAuthNo=K131132609080060
K131132609080058,주식회사아올,M.C.T 조작원 모집,"연봉6,000 만원 이상",경남 창원시 성산구,[인증],,경력 5년,26-09-08,26-09-22,http://www.work.go.kr/empInfo/empInfoSrch/detail/empDetailAuthView.do?callPage=detail&wantedAuthNo=K131132609080058
K131132609080057,강동 주식회사,조선소 협력업체 족장 설치 및 해체업체 자재수 보조 구함,"시급10,320 원 이상 ~ 10,320 원 이하",경남 창원시 진해구,[인증],,관계없음,26-09-08,26-09-30,http://www.work.go.kr/empInfo/empInfoSrch/detail/empDetailAuthView.do?callPage=detail&wantedAuthNo=K131132609080057
K131132609080056,주식회사 대동유로모터스,(주)대동유로모터스 MAN트럭 부산신항센터 서비스 어드바이저 모집,"연봉3,400 만원 이상",경남 창원시 진해구,[인증],,경력 1년,26-09-08,26-09-30,http://www.work.go.kr/empInfo/empInfoSrch/detail/empDetailAuthView.do?callPage=detail&wantedAuthNo=K131132609080056
K131132609080055,한울테크,한울테크 - 자재 구매 및 발주 관리자 모집,"시급10,320 원 이상",경남 창원시 성산구,[인증],,관계없음,26-09-08,26-11-06,http://www.work.go.kr/empInfo/empInfoSrch/detail/empDetailAuthView.do?callPage=detail&wantedAuthNo=K131132609080055
K131132609080054,블루텍(bluetec),MCT 경력자 구합니다.,"연봉5,000 만원 이상 ~ 6,000 만원 이하",경남 창원시 의창구,[인증],,경력 3년,26-09-08,26-09-30,http://www.work.go.kr/empInfo/empInfoSrch/detail/empDetailAuthView.do?callPage=detail&wantedAuthNo=K131132609080054
K131132609080053,창원시노인주간보호센터,주간보호센터  간호조무사 충원,월급216 만원 이상 ~ 216 만원 이하,경남 창원시 의창구,[인증],,관계없음,26-09-08,26-11-07,http://www.work.go.kr/empInfo/empInfoSrch/detail/empDetailAuthView.do?callPage=detail&wantedAuthNo=K131132609080053
K131132609080049,주식회사 하이에프디,조달업무(나라장터업무),"연봉3,000 만원 이상 ~ 3,000 만원 이하",경남 창원시 의창구,[인증],,관계없음,26-09-08,26-11-07,http://www.work.go.kr/empInfo/empInfoSrch/detail/empDetailAuthView.do?callPage=detail&wantedAuthNo=K131132609080049
K131132609080048,주식회사 하이에프디,캐드 및 인테리어 제안,"연봉3,000 만원 이상 ~ 3,000 만원 이하",경남 창원시 의창구,[인증],,관계없음,26-09-08,26-11-07,http://www.work.go.kr/empInfo/empInfoSrch/detail/empDetailAuthView.do?callPage=detail&wantedAuthNo=K131132609080048
K131132609080047,부송테크,"부송테크 - 품질팀 3차원 측정 및 검사원 모집(2명)-대리, 과장급","연봉4,000 만원 이상 ~ 4,500 만원 이하",경남 창원시 성산구,[인증],,경력 3년,26-09-08,26-09-22,http://www.work.go.kr/empInfo/empInfoSrch/detail/empDetailAuthView.do?callPage=detail&wantedAuthNo=K131132609080047
K131132609080046,(주)천호하이드로릭,cnc 선반 생산직 사원 모집,"시급10,320 원 이상",경남 창원시 성산구,[인증],,경력 1년,26-09-08,26-11-07,http://www.work.go.kr/empInfo/empInfoSrch/detail/empDetailAuthView.do?callPage=detail&wantedAuthNo=K131132609080046
K131132609080045,주식회사 하이에프디,사무용가구 제조 공장장을 모집합니다.,월급300 만원 이상 ~ 400 만원 이하,경남 창원시 의창구,[인증],,경력 5년,26-09-08,26-11-07,http://www.work.go.kr/empInfo/empInfoSrch/detail/empDetailAuthView.do?callPage=detail&wantedAuthNo=K131132609080045
K131132609080044,주식회사 하이에프디,"사무용가구 재단, 엣지, 포인트, 조립 담당자를 모집합니다.",월급250 만원 이상 ~ 250 만원 이하,경남 창원시 의창구,[인증],,관계없음,26-09-08,26-11-07,http://www.work.go.kr/empInfo/empInfoSrch/detail/empDetailAuthView.do?callPage=detail&wantedAuthNo=K131132609080044
K131132609080043,부송테크,"부송테크 - 자재관리(반도체 장비부품류), 사급관리(경력) 사원 모집","연봉3,300 만원 이상 ~ 4,200 만원 이하",경남 창원시 성산구,[인증],,관계없음,26-09-08,26-09-22,http://www.work.go.kr/empInfo/empInfoSrch/detail/empDetailAuthView.do?callPage=detail&wantedAuthNo=K131132609080043
K131132609080042,주식회사 해운이엔지,(주)동림공업 내 협력사 조선선박 배관 설치 공사 용접사 모집합니다.,"일급120,000 원 이상 ~ 200,000 원 이하",경남 창원시 성산구,[인증],,관계없음,26-09-08,26-11-07,http://www.work.go.kr/empInfo/empInfoSrch/detail/empDetailAuthView.do?callPage=detail&wantedAuthNo=K131132609080042
K131132609080040,인구보건복지협회경상남도지회,계약직 직원모집공고(간호사) - 인구보건복지협회 경남지회,월급250 만원 이상 ~ 250 만원 이하,경남 창원시 성산구,[인증],,관계없음,26-09-08,26-09-22,http://www.work.go.kr/empInfo/empInfoSrch/detail/empDetailAuthView.do?callPage=detail&wantedAuthNo=K131132609080040
K131132609080039,한영정밀(주),[자동차 제조] 영업관리 및 납품 [경력직] 모집,월급350 만원 이상,경남 창원시 의창구,[인증],,경력 3년,26-09-08,26-09-22,http://www.work.go.kr/empInfo/empInfoSrch/detail/empDetailAuthView.do?callPage=detail&wantedAuthNo=K131132609080039
K131132609080038,(주)성진테크,다이캐스팅 금형 가공원 모집(초보가능),"시급11,000 원 이상 ~ 11,000 원 이하",경남 창원시 성산구,[인증],,관계없음,26-09-08,26-09-22,http://www.work.go.kr/empInfo/empInfoSrch/detail/empDetailAuthView.do?callPage=detail&wantedAuthNo=K131132609080038
K170052609080021,주식회사 인코스,[경력] 발전소 계장/계측 설계 엔지니어 모집,"연봉4,500 만원 이상 ~ 6,000 만원 이하",경남 창원시 의창구,[인증],,경력 3년,26-09-08,26-09-25,http://www.work.go.kr/empInfo/empInfoSrch/detail/empDetailAuthView.do?callPage=detail&wantedAuthNo=K170052609080021
K170052609080020,주식회사 인코스,[신입] 발전소 계장/계측 설계 엔지니어 모집,"연봉3,200 만원 이상 ~ 3,600 만원 이하",경남 창원시 의창구,[인증],,신입,26-09-08,26-09-25,http://www.work.go.kr/empInfo/empInfoSrch/detail/empDetailAuthView.do?callPage=detail&wantedAuthNo=K170052609080020
K131132609080035,사회복지법인바른손복지재단(바른손어린이집),유아특수(유치원과정)교사 또는 장애영유아 보육교사 구인,월급232 만원 이상 ~ 232 만원 이하,경남 창원시 의창구,[인증],,관계없음,26-09-08,26-11-07,http://www.work.go.kr/empInfo/empInfoSrch/detail/empDetailAuthView.do?callPage=detail&wantedAuthNo=K131132609080035
K131132609080034,다나병원,[진해구 다나병원] 조리사 및 조리원 구인,월급230 만원 이상,경남 창원시 진해구,[인증],,관계없음,26-09-08,26-11-07,http://www.work.go.kr/empInfo/empInfoSrch/detail/empDetailAuthView.do?callPage=detail&wantedAuthNo=K131132609080034
K131132609080033,주식회사 동화에이앤티,"생산, 자재관리 모집(기계 가공품 등)","연봉3,500 만원 이상",경남 창원시 의창구,[인증],,관계없음,26-09-08,26-09-23,http://www.work.go.kr/empInfo/empInfoSrch/detail/empDetailAuthView.do?callPage=detail&wantedAuthNo=K131132609080033
K131132609080032,주식회사 연두네방앗간,고춧가루 및 참기름 제조원 모집,월급216 만원 이상 ~ 250 만원 이하,경남 창원시 의창구,[인증],,신입,26-09-08,26-11-07,http://www.work.go.kr/empInfo/empInfoSrch/detail/empDetailAuthView.do?callPage=detail&wantedAuthNo=K131132609080032
KEC0132609080005,믿음재가복지센터,명서동 요양보호사 모집,"시급10,320 원 이상 ~ 10,320 원 이하",경남 창원시 의창구,[인증],,경력 1년,26-09-08,26-10-07,http://www.work.go.kr/empInfo/empInfoSrch/detail/empDetailAuthView.do?callPage=detail&wantedAuthNo=KEC0132609080005
K131132609080031,주식회사 동화에이앤티,기계부품 사상공 모집,"시급10,320 원 이상",경남 창원시 의창구,[인증],,관계없음,26-09-08,26-09-23,http://www.work.go.kr/empInfo/empInfoSrch/detail/empDetailAuthView.do?callPage=detail&wantedAuthNo=K131132609080031
K131132609080030,주식회사 동화에이앤티,자재 및 납품관리 모집(기계 가공품 등),"연봉3,500 만원 이상",경남 창원시 의창구,[인증],,관계없음,26-09-08,26-09-23,http://www.work.go.kr/empInfo/empInfoSrch/detail/empDetailAuthView.do?callPage=detail&wantedAuthNo=K131132609080030
K131132609080029,주식회사선우도장,"철도차량 도장작업자 채용(신입, 경력)","시급10,320 원 이상 ~ 13,000 원 이하",경남 창원시 성산구,[인증],,관계없음,26-09-08,26-09-30,http://www.work.go.kr/empInfo/empInfoSrch/detail/empDetailAuthView.do?callPage=detail&wantedAuthNo=K131132609080029
K131132609080028,주식회사풍왕,주식회사 풍왕 - 프레스 작업 및 포장 직원 구인 (초보자가능),월급230 만원 이상 ~ 230 만원 이하,경남 창원시 진해구,[인증],,신입,26-09-08,26-10-07,http://www.work.go.kr/empInfo/empInfoSrch/detail/empDetailAuthView.do?callPage=detail&wantedAuthNo=K131132609080028
K131132609080027,(주)대웅셀테크,중자 성형 조작 및 후처리 생산직 구인,"시급10,320 원 이상",경남 창원시 진해구,[인증],,관계없음,26-09-08,26-09-30,http://www.work.go.kr/empInfo/empInfoSrch/detail/empDetailAuthView.do?callPage=detail&wantedAuthNo=K131132609080027
K131132609080024,미래로유치원,2026학년도 담임교사 모집,월급216 만원 이상,경남 창원시 진해구,[인증],,관계없음,26-09-08,26-09-22,http://www.work.go.kr/empInfo/empInfoSrch/detail/empDetailAuthView.do?callPage=detail&wantedAuthNo=K131132609080024
K131132609080023,몽고식품（주）창원1공장,몽고식품(주) 해외영업팀 영업 관리 담당자 모집(신입),월급233 만원 이상,경남 창원시 의창구,[인증],,신입,26-09-08,26-09-30,http://www.work.go.kr/empInfo/empInfoSrch/detail/empDetailAuthView.do?callPage=detail&wantedAuthNo=K131132609080023
K131132609080022,테크원,방산_도장공 모집,월급350 만원 이상,경남 창원시 의창구,[인증],,경력 1년,26-09-08,26-09-22,http://www.work.go.kr/empInfo/empInfoSrch/detail/empDetailAuthView.do?callPage=detail&wantedAuthNo=K131132609080022
K131132609080021,주식회사 보훈,(주)보훈 2026년 하반기 퍼포먼스 마케터 채용(경력직),"연봉3,000 만원 이상 ~ 3,000 만원 이하",경남 창원시 의창구,[인증],,경력 1년,26-09-08,26-09-30,http://www.work.go.kr/empInfo/empInfoSrch/detail/empDetailAuthView.do?callPage=detail&wantedAuthNo=K131132609080021
K131132609080020,주식회사 인시스(INSYS),[창원 신촌동] 사무보조 담당자 모집 (출산·육아휴직 대체),월급250 만원 이상 ~ 250 만원 이하,경남 창원시 성산구,[인증],,신입,26-09-08,26-09-22,http://www.work.go.kr/empInfo/empInfoSrch/detail/empDetailAuthView.do?callPage=detail&wantedAuthNo=K131132609080020
K131132609080019,주식회사 폴리코리아,[생산팀] MCT/CNC선반 조작원 채용 공고,월급294 만원 이상 ~ 294 만원 이하,경남 창원시 성산구,[인증],,경력  3개월,26-09-08,26-09-22,http://www.work.go.kr/empInfo/empInfoSrch/detail/empDetailAuthView.do?callPage=detail&wantedAuthNo=K131132609080019
K131132609080018,주식회사 폴리코리아,[생산팀] MCT/CNC선반 조작원 계약직 채용 공고,월급294 만원 이상 ~ 294 만원 이하,경남 창원시 성산구,[인증],,경력  3개월,26-09-08,26-09-22,http://www.work.go.kr/empInfo/empInfoSrch/detail/empDetailAuthView.do?callPage=detail&wantedAuthNo=K131132609080018
K131132609080016,에스제이메카텍(주),단순 사상원 구인,"시급10,320 원 이상",경남 창원시 성산구,[인증],,관계없음,26-09-08,26-11-07,http://www.work.go.kr/empInfo/empInfoSrch/detail/empDetailAuthView.do?callPage=detail&wantedAuthNo=K131132609080016
K131132609080015,지엠진성주식회사,품질관리 사무원 모집(경력),"연봉4,000 만원 이상 ~ 4,800 만원 이하",경남 창원시 성산구,[인증],,경력 3년,26-09-08,26-09-30,http://www.work.go.kr/empInfo/empInfoSrch/detail/empDetailAuthView.do?callPage=detail&wantedAuthNo=K131132609080015
K131132609080014,주식회사신광테크,전기·설비 보전 경력직 채용,"연봉5,000 만원 이상",경남 창원시 의창구,[인증],,경력 5년,26-09-08,26-09-30,http://www.work.go.kr/empInfo/empInfoSrch/detail/empDetailAuthView.do?callPage=detail&wantedAuthNo=K131132609080014
K131132609080013,（주）한국건설시험연구소,건설품질시험에 관심이 있으신 신입 인재를 모십니다.,"연봉3,000 만원 이상",경남 창원시 의창구,[인증],,신입,26-09-08,26-09-30,http://www.work.go.kr/empInfo/empInfoSrch/detail/empDetailAuthView.do?callPage=detail&wantedAuthNo=K131132609080013
K131132609080012,주식회사신광테크,생산기술팀장 모집,"연봉6,000 만원 이상",경남 창원시 의창구,[인증],,경력 5년,26-09-08,26-09-30,http://www.work.go.kr/empInfo/empInfoSrch/detail/empDetailAuthView.do?callPage=detail&wantedAuthNo=K131132609080012
K131132609080009,창원미래 신용협동조합,2026년 하반기 창원미래신협 신규 직원 채용,"연봉3,200 만원 이상",경남 창원시 의창구,[인증],,관계없음,26-09-08,26-09-23,http://www.work.go.kr/empInfo/empInfoSrch/detail/empDetailAuthView.do?callPage=detail&wantedAuthNo=K131132609080009
K130112609080012,(주)동아지질,동아지질 부산 진해신항 컨테이너부두 1-1단계현장 / DCM공사 현장 단순 보통인부 모집,월급430 만원 이상 ~ 450 만원 이하,경남 창원시 진해구,[인증],,신입,26-09-08,26-11-06,http://www.work.go.kr/empInfo/empInfoSrch/detail/empDetailAuthView.do?callPage=detail&wantedAuthNo=K130112609080012
KEC0132609080002,희연재가커뮤니티케어센터,[방문목욕 / 방문요양] 요양보호사 모집,"시급10,320 원 이상 ~ 10,320 원 이하",경남 창원시 성산구,[인증],,관계없음,26-09-08,26-09-21,http://www.work.go.kr/empInfo/empInfoSrch/detail/empDetailAuthView.do?callPage=detail&wantedAuthNo=KEC0132609080002
K131132609080007,에이펙스정밀,CNC 선반 가공기술인력 모집,"연봉5,500 만원 이상",경남 창원시 성산구,[인증],,경력 7년,26-09-08,26-09-22,http://www.work.go.kr/empInfo/empInfoSrch/detail/empDetailAuthView.do?callPage=detail&wantedAuthNo=K131132609080007
K131132609080006,영창이엔지주식회사,MCT 작업자 모집,"시급12,000 원 이상 ~ 14,000 원 이하",경남 창원시 의창구,[인증],,경력 3년,26-09-08,26-09-22,http://www.work.go.kr/empInfo/empInfoSrch/detail/empDetailAuthView.do?callPage=detail&wantedAuthNo=K131132609080006
K131132609080005,에이펙스정밀,품질 검사 모집,"시급10,500 원 이상",경남 창원시 성산구,[인증],,관계없음,26-09-08,26-09-22,http://www.work.go.kr/empInfo/empInfoSrch/detail/empDetailAuthView.do?callPage=detail&wantedAuthNo=K131132609080005
K131132609080004,에이펙스정밀,MCT 가공기술인력 모집,"연봉6,000 만원 이상",경남 창원시 성산구,[인증],,경력 7년,26-09-08,26-09-22,http://www.work.go.kr/empInfo/empInfoSrch/detail/empDetailAuthView.do?callPage=detail&wantedAuthNo=K131132609080004
K131132609080003,에이펙스정밀,CNC 선반 사원 모집,"시급11,000 원 이상",경남 창원시 성산구,[인증],,경력 3년,26-09-08,26-09-22,http://www.work.go.kr/empInfo/empInfoSrch/detail/empDetailAuthView.do?callPage=detail&wantedAuthNo=K131132609080003
K131132609080002,현대자동차（진해점）,현대자동차 블루핸즈서비스 진해점(정비기사모집),월급300 만원 이상 ~ 400 만원 이하,경남 창원시 진해구,[인증],,경력 1년,26-09-08,26-11-06,http://www.work.go.kr/empInfo/empInfoSrch/detail/empDetailAuthView.do?callPage=detail&wantedAuthNo=K131132609080002
K131132609080001,삼성다이나에이치백 (주),삼성다이나에이치백(주) 경영지원부 신입/경력직(사원급) 채용 공고,월급245 만원 이상 ~ 300 만원 이하,경남 창원시 성산구,[인증],,관계없음,26-09-08,26-11-06,http://www.work.go.kr/empInfo/empInfoSrch/detail/empDetailAuthView.do?callPage=detail&wantedAuthNo=K131132609080001
K131132609070091,주식회사 대근산업,영업(납품)사원,"연봉3,800 만원 이상",경남 창원시 의창구,[인증],,경력 5년,26-09-07,26-09-21,http://www.work.go.kr/empInfo/empInfoSrch/detail/empDetailAuthView.do?callPage=detail&wantedAuthNo=K131132609070091
K131132609070090,사회복지법인바른손복지재단(바른손어린이집),어린이집 운전기사 구인합니다.,월급223 만원 이상 ~ 223 만원 이하,경남 창원시 의창구,[인증],,관계없음,26-09-07,26-09-30,http://www.work.go.kr/empInfo/empInfoSrch/detail/empDetailAuthView.do?callPage=detail&wantedAuthNo=K131132609070090
K131132609070089,용마테크,cnc 수직선반,월급450 만원 이상 ~ 480 만원 이하,경남 창원시 성산구,[인증],,경력 3년 5개월,26-09-07,26-11-06,http://www.work.go.kr/empInfo/empInfoSrch/detail/empDetailAuthView.do?callPage=detail&wantedAuthNo=K131132609070089
K131132609070088,삼일직업전문학교,교육영업 담당자 채용,월급250 만원 이상 ~ 300 만원 이하,경남 창원시 성산구,[인증],,신입,26-09-07,26-11-06,http://www.work.go.kr/empInfo/empInfoSrch/detail/empDetailAuthView.do?callPage=detail&wantedAuthNo=K131132609070088
K131132609070087,웰피아 마천,중자 생산원 모집,"시급10,320 원 이상",경남 창원시 진해구,[인증],,관계없음,26-09-07,26-09-21,http://www.work.go.kr/empInfo/empInfoSrch/detail/empDetailAuthView.do?callPage=detail&wantedAuthNo=K131132609070087
K131132609070086,주식회사 성현,제관원  신규채용,"시급10,320 원 이상",경남 창원시 성산구,[인증],,신입,26-09-07,26-09-21,http://www.work.go.kr/empInfo/empInfoSrch/detail/empDetailAuthView.do?callPage=detail&wantedAuthNo=K131132609070086
K131132609070083,B&P,CNC선반 조작원(NC프로그램 가능자),"연봉5,000 만원 이상",경남 창원시 성산구,[인증],,경력 2년,26-09-07,26-09-30,http://www.work.go.kr/empInfo/empInfoSrch/detail/empDetailAuthView.do?callPage=detail&wantedAuthNo=K131132609070083
K131132609070082,주식회사 피케이(PK),현대비앤지스틸(주) 內 미화원1명,월급216 만원 이상 ~ 216 만원 이하,경남 창원시 성산구,[인증],,관계없음,26-09-07,26-11-06,http://www.work.go.kr/empInfo/empInfoSrch/detail/empDetailAuthView.do?callPage=detail&wantedAuthNo=K131132609070082
K131132609070081,주식회사 지에스파워팩,주식회사 지에스파워팩 수출목포장 사원모집,"시급10,320 원 이상 ~ 10,320 원 이하",경남 창원시 성산구,[인증],,관계없음,26-09-07,26-09-22,http://www.work.go.kr/empInfo/empInfoSrch/detail/empDetailAuthView.do?callPage=detail&wantedAuthNo=K131132609070081
K131132609070080,상진정밀주식회사,"품질관리(공정,수입) 모집합니다.",월급300 만원 이상,경남 창원시 성산구,[인증],,신입,26-09-07,26-09-22,http://www.work.go.kr/empInfo/empInfoSrch/detail/empDetailAuthView.do?callPage=detail&wantedAuthNo=K131132609070080
K131132609070078,주식회사유원,전기 감리 신입 사원모집,월급230 만원 이상,경남 창원시 성산구,[인증],,신입,26-09-07,26-10-15,http://www.work.go.kr/empInfo/empInfoSrch/detail/empDetailAuthView.do?callPage=detail&wantedAuthNo=K131132609070078
K131132609070075,희연재가커뮤니티케어센터,[경력직] 주간보호센터 요양보호사 증원,월급242 만원 이상,경남 창원시 성산구,[인증],,경력 1년,26-09-07,26-09-21,http://www.work.go.kr/empInfo/empInfoSrch/detail/empDetailAuthView.do?callPage=detail&wantedAuthNo=K131132609070075
K131132609070074,동광케미칼,(플라스틱사출 조작원) 함께 일하실분 모집합니다,"시급10,320 원 이상",경남 창원시 의창구,[인증],,경력 1년,26-09-07,26-11-06,http://www.work.go.kr/empInfo/empInfoSrch/detail/empDetailAuthView.do?callPage=detail&wantedAuthNo=K131132609070074
K131132609070073,대한민국상이군경회경남지부,관리사무장 채용 (상이군경 대상자 채용),월급250 만원 이상 ~ 250 만원 이하,경남 창원시 성산구,[인증],,관계없음,26-09-07,26-11-06,http://www.work.go.kr/empInfo/empInfoSrch/detail/empDetailAuthView.do?callPage=detail&wantedAuthNo=K131132609070073
K131132609070072,주식회사 광동플렌트,발전설비제작공장 현장 보조원 (지게차우대),"일급140,000 원 이상 ~ 160,000 원 이하",경남 창원시 성산구,[인증],,경력 2년,26-09-07,26-11-04,http://www.work.go.kr/empInfo/empInfoSrch/detail/empDetailAuthView.do?callPage=detail&wantedAuthNo=K131132609070072
K131132609070071,주식회사 선진에스텍,선진에스텍 - 자동차부품 생산직 모집,월급280 만원 이상 ~ 360 만원 이하,경남 창원시 성산구,[인증],,관계없음,26-09-07,26-09-21,http://www.work.go.kr/empInfo/empInfoSrch/detail/empDetailAuthView.do?callPage=detail&wantedAuthNo=K131132609070071
K131132609070070,제일금속(주),알루미늄 인발기 및 교정기 작업 기술자 모집,"연봉4,000 만원 이상",경남 창원시 의창구,[인증],,경력 2년,26-09-07,26-09-21,http://www.work.go.kr/empInfo/empInfoSrch/detail/empDetailAuthView.do?callPage=detail&wantedAuthNo=K131132609070070
K150112609070021,지엠종합관리주식회사,[경상남도 창원] 현대썬앤빌 더스퀘어 시설과장 채용 (기계설비유지관리자 특급),월급340 만원 이상 ~ 340 만원 이하,경남 창원시 의창구,[인증],,경력 1년,26-09-07,26-09-22,http://www.work.go.kr/empInfo/empInfoSrch/detail/empDetailAuthView.do?callPage=detail&wantedAuthNo=K150112609070021
K131132609070069,주식회사 선진에스텍,선진에스텍 - 자동차부품 생산직 모집,"시급10,500 원 이상 ~ 12,000 원 이하",경남 창원시 성산구,[인증],,관계없음,26-09-07,26-09-21,http://www.work.go.kr/empInfo/empInfoSrch/detail/empDetailAuthView.do?callPage=detail&wantedAuthNo=K131132609070069
K131132609070065,슈퍼키즈어린이집,어린이집 조리사 구인공고,월급110 만원 이상,경남 창원시 진해구,[인증],,경력 1년,26-09-07,26-10-03,http://www.work.go.kr/empInfo/empInfoSrch/detail/empDetailAuthView.do?callPage=detail&wantedAuthNo=K131132609070065
K131132609070064,웰드웰 주식회사,웰드웰(주) 오비탈자동용접기 수리기사 채용(경력무관),"연봉3,000 만원 이상 ~ 3,500 만원 이하",경남 창원시 성산구,[인증],,관계없음,26-09-07,26-10-15,http://www.work.go.kr/empInfo/empInfoSrch/detail/empDetailAuthView.do?callPage=detail&wantedAuthNo=K131132609070064
K131132609070062,경동엔지니어링,"CNC, 조작원 구인","시급10,400 원 이상 ~ 13,000 원 이하",경남 창원시 의창구,[인증],,경력 3년,26-09-07,26-11-06,http://www.work.go.kr/empInfo/empInfoSrch/detail/empDetailAuthView.do?callPage=detail&wantedAuthNo=K131132609070062
K131132609070060,사랑방 주.야간복지센터,사랑방주야간복지센터에서 주간보호 사회복지사 선생님을 모집합니다.,월급216 만원 이상 ~ 216 만원 이하,경남 창원시 진해구,[인증],,관계없음,26-09-07,26-09-25,http://www.work.go.kr/empInfo/empInfoSrch/detail/empDetailAuthView.do?callPage=detail&wantedAuthNo=K131132609070060
K131132609070058,주식회사덕유,프레스 부품 세척 및 포장 작업자-1명 구인,"시급10,320 원 이상",경남 창원시 성산구,[인증],,신입,26-09-07,26-09-23,http://www.work.go.kr/empInfo/empInfoSrch/detail/empDetailAuthView.do?callPage=detail&wantedAuthNo=K131132609070058
K131132609070057,주식회사케이로직스,[엘지전자창원물류센터] 입출고 전동 지게차 운전원 모집(주야간),월급350 만원 이상,경남 창원시 의창구,[인증],,경력 1년,26-09-07,26-09-30,http://www.work.go.kr/empInfo/empInfoSrch/detail/empDetailAuthView.do?callPage=detail&wantedAuthNo=K131132609070057
K131132609070056,주식회사아올,아올 - CNC 선반 조작원 (경력),"연봉5,000 만원 이상",경남 창원시 성산구,[인증],,경력 2년,26-09-07,26-09-20,http://www.work.go.kr/empInfo/empInfoSrch/detail/empDetailAuthView.do?callPage=detail&wantedAuthNo=K131132609070056
K131132609070055,마서테크,생산직(사상)사원모집,"시급10,320 원 이상",경남 창원시 진해구,[인증],,관계없음,26-09-07,26-11-06,http://www.work.go.kr/empInfo/empInfoSrch/detail/empDetailAuthView.do?callPage=detail&wantedAuthNo=K131132609070055
K131132609070054,금강산업,천장크레인 운전기사 모집,월급305 만원 이상 ~ 305 만원 이하,경남 창원시 성산구,[인증],,경력 10년,26-09-07,26-11-06,http://www.work.go.kr/empInfo/empInfoSrch/detail/empDetailAuthView.do?callPage=detail&wantedAuthNo=K131132609070054
K131132609070052,보다엠 주식회사,보다엠 - [정규직] 통합체계지원 IPS 개발 경력직 채용,"연봉3,200 만원 이상 ~ 3,400 만원 이하",경남 창원시 성산구,[인증],,경력 1년,26-09-07,26-09-30,http://www.work.go.kr/empInfo/empInfoSrch/detail/empDetailAuthView.do?callPage=detail&wantedAuthNo=K131132609070052
K131132609070051,보다엠 주식회사,보다엠 [K방산]  무기시스템 분석자 사무직 연구원(이공계열 전공자 우대) 신입 채용,"연봉3,000 만원 이상 ~ 3,200 만원 이하",경남 창원시 성산구,[인증],,신입,26-09-07,26-09-30,http://www.work.go.kr/empInfo/empInfoSrch/detail/empDetailAuthView.do?callPage=detail&wantedAuthNo=K131132609070051
K131132609070047,S-TECH전자,S-TECH전자 -전기전자부품 조립및 검사 직원 모집,"시급10,320 원 이상",경남 창원시 성산구,[인증],,관계없음,26-09-07,26-09-30,http://www.work.go.kr/empInfo/empInfoSrch/detail/empDetailAuthView.do?callPage=detail&wantedAuthNo=K131132609070047
K131132609070046,주식회사동환시스템,케이블/하네스 도면 및 bom 작성가능자 모집,"연봉3,500 만원 이상",경남 창원시 성산구,[인증],,경력 3년,26-09-07,26-09-23,http://www.work.go.kr/empInfo/empInfoSrch/detail/empDetailAuthView.do?callPage=detail&wantedAuthNo=K131132609070046
KEC0132609070006,하이젠알앤엠 주식회사,"[2026년 경상남도 일자리 종합 박람회 직접 참여업체] 기계기구 설계(감속기, 엑추에이터)","연봉4,000 만원 이상",경남 창원시 성산구,[인증],,경력 3년,26-09-07,26-10-06,http://www.work.go.kr/empInfo/empInfoSrch/detail/empDetailAuthView.do?callPage=detail&wantedAuthNo=KEC0132609070006
K131132609070045,주식회사삼성씨에스,[창원-피닉스포레] 아파트 전기과장 모집,월급346 만원 이상 ~ 346 만원 이하,경남 창원시 의창구,[인증],,경력 2년,26-09-07,26-09-21,http://www.work.go.kr/empInfo/empInfoSrch/detail/empDetailAuthView.do?callPage=detail&wantedAuthNo=K131132609070045
K131132609070044,주식회사신광테크,주조기 조작원(다이캐스팅기 조작원 포함) 모집[주야교대 근무],"시급10,320 원 이상",경남 창원시 의창구,[인증],,관계없음,26-09-07,26-09-27,http://www.work.go.kr/empInfo/empInfoSrch/detail/empDetailAuthView.do?callPage=detail&wantedAuthNo=K131132609070044
K131132609070043,부송테크,부송테크 - 조립 생산직 모집,"시급10,320 원 이상",경남 창원시 성산구,[인증],,관계없음,26-09-07,26-09-21,http://www.work.go.kr/empInfo/empInfoSrch/detail/empDetailAuthView.do?callPage=detail&wantedAuthNo=K131132609070043
K131132609070042,아이사랑어린이집,어린이집교사,월급189 만원 이상 ~ 189 만원 이하,경남 창원시 의창구,[인증],,관계없음,26-09-07,26-09-19,http://www.work.go.kr/empInfo/empInfoSrch/detail/empDetailAuthView.do?callPage=detail&wantedAuthNo=K131132609070042
KEC0132609070005,하이젠알앤엠 주식회사,[2026년 경상남도 일자리 종합 박람회 직접 참여업체] PLC 설계 및 자동화설비(회로 설계 경력)모집,"연봉4,000 만원 이상",경남 창원시 성산구,[인증],,경력 5년,26-09-07,26-10-06,http://www.work.go.kr/empInfo/empInfoSrch/detail/empDetailAuthView.do?callPage=detail&wantedAuthNo=KEC0132609070005
KF10802609070005,의료법인청민의료재단 몸편한 한방병원,[청민의료재단 몸편한한방병원] 조리사 구인,월급250 만원 이상 ~ 260 만원 이하,경남 창원시 의창구,[인증],,관계없음,26-09-07,26-11-06,http://www.work.go.kr/empInfo/empInfoSrch/detail/empDetailAuthView.do?callPage=detail&wantedAuthNo=KF10802609070005
KEC0132609070004,하이젠알앤엠 주식회사,[2026년 경상남도 일자리 종합 박람회 직접 참여업체] 모터조립 생산,"시급10,320 원 이상 ~ 10,320 원 이하",경남 창원시 성산구,[인증],,관계없음,26-09-07,26-10-06,http://www.work.go.kr/empInfo/empInfoSrch/detail/empDetailAuthView.do?callPage=detail&wantedAuthNo=KEC0132609070004
KJSP002609070002,주식회사 캡스텍 영남지점,볼보그룹코리아 미화 근무자 모집(창원),월급216 만원 이상 ~ 216 만원 이하,경남 창원시 성산구,[인증],,관계없음,26-09-07,26-09-21,http://www.work.go.kr/empInfo/empInfoSrch/detail/empDetailAuthView.do?callPage=detail&wantedAuthNo=KJSP002609070002
K131132609070039,우진테크,해상 전기판넬 및 콘트롤판넬 제작 사원 모집,"연봉2,600 만원 이상 ~ 5,000 만원 이하",경남 창원시 의창구,[인증],,관계없음,26-09-07,26-11-06,http://www.work.go.kr/empInfo/empInfoSrch/detail/empDetailAuthView.do?callPage=detail&wantedAuthNo=K131132609070039
K131132609070038,（주）중앙유앤아이,"연마, 연삭 생산원 모집","시급10,320 원 이상",경남 창원시 의창구,[인증],,관계없음,26-09-07,26-11-06,http://www.work.go.kr/empInfo/empInfoSrch/detail/empDetailAuthView.do?callPage=detail&wantedAuthNo=K131132609070038
K131132609070036,농업회사법인주식회사제이엠푸드,김치제조 생산직 모집합니다.,"시급10,320 원 이상",경남 창원시 의창구,[인증],,관계없음,26-09-07,26-10-10,http://www.work.go.kr/empInfo/empInfoSrch/detail/empDetailAuthView.do?callPage=detail&wantedAuthNo=K131132609070036
K131132609070034,구미금속,주물제품 트리밍(프레스) 작업 생산직 구인!,"일급82,560 원 이상 ~ 83,000 원 이하",경남 창원시 진해구,[인증],,관계없음,26-09-07,26-11-06,http://www.work.go.kr/empInfo/empInfoSrch/detail/empDetailAuthView.do?callPage=detail&wantedAuthNo=K131132609070034
KF10802609070004,한마음실버센터,재가 요양보호사 모집,"시급10,320 원 이상",경남 창원시 의창구,[인증],,관계없음,26-09-07,26-11-03,http://www.work.go.kr/empInfo/empInfoSrch/detail/empDetailAuthView.do?callPage=detail&wantedAuthNo=KF10802609070004
K131132609070031,주식회사 태광수출포장,제조업 생산관리자 구인,"시급12,000 원 이상",경남 창원시 의창구,[인증],,경력 2년,26-09-07,26-11-06,http://www.work.go.kr/empInfo/empInfoSrch/detail/empDetailAuthView.do?callPage=detail&wantedAuthNo=K131132609070031
K131132609070030,창원삼성요양병원,창원삼성요양병원 병동 3교대 간호조무사 모집합니다.,"시급10,320 원 이상",경남 창원시 의창구,[인증],,관계없음,26-09-07,26-09-21,http://www.work.go.kr/empInfo/empInfoSrch/detail/empDetailAuthView.do?callPage=detail&wantedAuthNo=K131132609070030
K131132609070029,창원삼성요양병원,창원삼성요양병원 나이트킵 간호사 구인합니다.,"연봉3,500 만원 이상 ~ 4,000 만원 이하",경남 창원시 의창구,[인증],,관계없음,26-09-07,26-09-21,http://www.work.go.kr/empInfo/empInfoSrch/detail/empDetailAuthView.do?callPage=detail&wantedAuthNo=K131132609070029
K131132609070028,영풍정밀,CNC선반 경력직 사원 모집,"시급15,000 원 이상",경남 창원시 성산구,[인증],,경력 5년,26-09-07,26-09-21,http://www.work.go.kr/empInfo/empInfoSrch/detail/empDetailAuthView.do?callPage=detail&wantedAuthNo=K131132609070028
K131132609070026,우선테크,MCT 경력10년이상 경력자모집,"연봉6,000 만원 이상",경남 창원시 성산구,[인증],,경력 10년,26-09-07,26-11-06,http://www.work.go.kr/empInfo/empInfoSrch/detail/empDetailAuthView.do?callPage=detail&wantedAuthNo=K131132609070026
K131132609070025,대명기계,"금형가공 업체, MCT 가공 경력자를 모집합니다.",월급380 만원 이상 ~ 400 만원 이하,경남 창원시 성산구,[인증],,경력 3년,26-09-07,26-11-04,http://www.work.go.kr/empInfo/empInfoSrch/detail/empDetailAuthView.do?callPage=detail&wantedAuthNo=K131132609070025
K131132609070024,(주)가현,중장비 부품 용접(가접)원 모집,"시급12,000 원 이상 ~ 12,000 원 이하",경남 창원시 의창구,[인증],,경력 1년,26-09-07,26-09-21,http://www.work.go.kr/empInfo/empInfoSrch/detail/empDetailAuthView.do?callPage=detail&wantedAuthNo=K131132609070024
K131132609070023,태영정밀,자동차 부품 생산직 모집,"시급10,320 원 이상 ~ 11,000 원 이하",경남 창원시 성산구,[인증],,관계없음,26-09-07,26-11-06,http://www.work.go.kr/empInfo/empInfoSrch/detail/empDetailAuthView.do?callPage=detail&wantedAuthNo=K131132609070023
K131132609070022,(주)가현,사상공 모집,"시급12,000 원 이상 ~ 12,000 원 이하",경남 창원시 의창구,[인증],,경력 1년,26-09-07,26-09-21,http://www.work.go.kr/empInfo/empInfoSrch/detail/empDetailAuthView.do?callPage=detail&wantedAuthNo=K131132609070022
KF10802609070003,희망찬재가복지센터,사회복지사 모집,월급230 만원 이상 ~ 250 만원 이하,경남 창원시 성산구,[인증],,관계없음,26-09-07,26-11-05,http://www.work.go.kr/empInfo/empInfoSrch/detail/empDetailAuthView.do?callPage=detail&wantedAuthNo=KF10802609070003
K131132609070021,창원중앙병원,시설관리 직원 모집,"연봉3,000 만원 이상",경남 창원시 성산구,[인증],,관계없음,26-09-07,26-11-06,http://www.work.go.kr/empInfo/empInfoSrch/detail/empDetailAuthView.do?callPage=detail&wantedAuthNo=K131132609070021
K131132609070020,영창이엔지주식회사,제조분야 생산관리 팀장급 모집,"연봉4,500 만원 이상 ~ 5,000 만원 이하",경남 창원시 의창구,[인증],,경력 5년,26-09-07,26-09-21,http://www.work.go.kr/empInfo/empInfoSrch/detail/empDetailAuthView.do?callPage=detail&wantedAuthNo=K131132609070020
KJSA002609070001,농업회사법인 (주) 쌀스토리,[사업확장에 따른 추가채용] 작업반장(복지사업 운영),"시급10,320 원 이상 ~ 10,320 원 이하",경남 창원시 성산구,[인증],,관계없음,26-09-07,26-09-21,http://www.work.go.kr/empInfo/empInfoSrch/detail/empDetailAuthView.do?callPage=detail&wantedAuthNo=KJSA002609070001
K131132609070019,영창이엔지주식회사,생산기술 경력자 모집,"연봉5,000 만원 이상 ~ 5,500 만원 이하",경남 창원시 의창구,[인증],,경력 5년,26-09-07,26-09-21,http://www.work.go.kr/empInfo/empInfoSrch/detail/empDetailAuthView.do?callPage=detail&wantedAuthNo=K131132609070019
K131132609070018,(주)가현,생산 및 물류관리 대리~과장급 팀원 모집,"연봉3,400 만원 이상 ~ 3,600 만원 이하",경남 창원시 의창구,[인증],,경력 1년,26-09-07,26-09-21,http://www.work.go.kr/empInfo/empInfoSrch/detail/empDetailAuthView.do?callPage=detail&wantedAuthNo=K131132609070018
K131132609070017,소답노인요양센터,소답노인요양센터 간호조무사 채용공고,월급230 만원 이상,경남 창원시 의창구,[인증],,경력 1년 6개월,26-09-07,26-11-05,http://www.work.go.kr/empInfo/empInfoSrch/detail/empDetailAuthView.do?callPage=detail&wantedAuthNo=K131132609070017
K131132609070016,소답노인요양센터,소답노인요양센터 간호사 채용공고,월급250 만원 이상,경남 창원시 의창구,[인증],,경력 1년 6개월,26-09-07,26-11-05,http://www.work.go.kr/empInfo/empInfoSrch/detail/empDetailAuthView.do?callPage=detail&wantedAuthNo=K131132609070016
K131132609070015,소답노인요양센터,소답노인요양센터 사회복지사 채용공고,월급230 만원 이상,경남 창원시 의창구,[인증],,경력 1년 6개월,26-09-07,26-09-20,http://www.work.go.kr/empInfo/empInfoSrch/detail/empDetailAuthView.do?callPage=detail&wantedAuthNo=K131132609070015
K131132609070014,주식회사 오브,미디어 콘텐츠 제작 및 관리,월급200 만원 이상 ~ 250 만원 이하,경남 창원시 성산구,[인증],,경력 3년,26-09-07,26-09-21,http://www.work.go.kr/empInfo/empInfoSrch/detail/empDetailAuthView.do?callPage=detail&wantedAuthNo=K131132609070014
K131132609070013,시은테크,"자동화장비,지그류 판넬제작,배선,설치",월급270 만원 이상 ~ 450 만원 이하,경남 창원시 의창구,[인증],,관계없음,26-09-07,26-09-30,http://www.work.go.kr/empInfo/empInfoSrch/detail/empDetailAuthView.do?callPage=detail&wantedAuthNo=K131132609070013
KF10802609070001,맘편한재가노인복지센터,[북면 ]재가요양보호사 모집,"시급10,320 원 이상 ~ 13,100 원 이하",경남 창원시 의창구,[인증],,관계없음,26-09-07,26-11-06,http://www.work.go.kr/empInfo/empInfoSrch/detail/empDetailAuthView.do?callPage=detail&wantedAuthNo=KF10802609070001
K131132609070012,지성정판,배송 운전원 & 인쇄 작업 지원,"시급10,500 원 이상",경남 창원시 성산구,[인증],,신입,26-09-07,26-09-22,http://www.work.go.kr/empInfo/empInfoSrch/detail/empDetailAuthView.do?callPage=detail&wantedAuthNo=K131132609070012
K131132609070011,(주)삼소재건축사사무소,건축감리 경력직 모집,월급300 만원 이상,경남 창원시 성산구,[인증],,경력 3년,26-09-07,26-11-03,http://www.work.go.kr/empInfo/empInfoSrch/detail/empDetailAuthView.do?callPage=detail&wantedAuthNo=K131132609070011
K131132609070010,주식회사 오토시스템,내선전공 및 보조직원 구함,월급270 만원 이상 ~ 290 만원 이하,경남 창원시 의창구,[인증],,신입,26-09-07,26-09-23,http://www.work.go.kr/empInfo/empInfoSrch/detail/empDetailAuthView.do?callPage=detail&wantedAuthNo=K131132609070010
K131132609070008,창원노인주간복지센터,노인주간복지센터에서 물리치료사를 모집합니다,월급250 만원 이상 ~ 250 만원 이하,경남 창원시 성산구,[인증],,관계없음,26-09-07,26-09-21,http://www.work.go.kr/empInfo/empInfoSrch/detail/empDetailAuthView.do?callPage=detail&wantedAuthNo=K131132609070008
D,한국전기연구원,2026년도 제4차 한국전기연구원 별정직 채용(창원),월급162 만원 이상 ~ 162 만원 이하,경남 창원시 성산구,[인증],,관계없음,26-09-07,26-09-21,http://www.work.go.kr/empInfo/empInfoSrch/detail/empDetailAuthView.do?callPage=detail&wantedAuthNo=Dd04052609070012
K131132609070007,창원노인주간복지센터,노인주간보호센터 요양보호사 모집,월급216 만원 이상,경남 창원시 성산구,[인증],,관계없음,26-09-07,26-09-21,http://www.work.go.kr/empInfo/empInfoSrch/detail/empDetailAuthView.do?callPage=detail&wantedAuthNo=K131132609070007
K130112609070021,안경회계법인,(창원) 안경회계법인 경남본부에서 기장팀 경력사원 모집합니다.,"연봉4,000 만원 이상",경남 창원시 성산구,[인증],,경력 5년,26-09-07,26-09-25,http://www.work.go.kr/empInfo/empInfoSrch/detail/empDetailAuthView.do?callPage=detail&wantedAuthNo=K130112609070021
K131132609070006,주식회사성호전자,[신입/경력] 항공 생산기술원 모집,"시급11,000 원 이상",경남 창원시 의창구,[인증],,관계없음,26-09-07,26-09-25,http://www.work.go.kr/empInfo/empInfoSrch/detail/empDetailAuthView.do?callPage=detail&wantedAuthNo=K131132609070006
K131132609070004,혜송산업,NC선반 조작원 모집 (신입 및 경력자),"시급10,320 원 이상",경남 창원시 의창구,[인증],,관계없음,26-09-07,26-09-21,http://www.work.go.kr/empInfo/empInfoSrch/detail/empDetailAuthView.do?callPage=detail&wantedAuthNo=K131132609070004
K131132609070003,주식회사 장풍,호텔 객실 청소원(룸메이드),월급229 만원 이상,경남 창원시 성산구,[인증],,경력 1년,26-09-07,26-09-30,http://www.work.go.kr/empInfo/empInfoSrch/detail/empDetailAuthView.do?callPage=detail&wantedAuthNo=K131132609070003
K131132609070002,유로테크(주),금속가공제품 검사원 구인,"연봉4,200 만원 이상 ~ 4,600 만원 이하",경남 창원시 성산구,[인증],,경력 3년,26-09-07,26-11-04,http://www.work.go.kr/empInfo/empInfoSrch/detail/empDetailAuthView.do?callPage=detail&wantedAuthNo=K131132609070002
K131132609070001,주식회사 장풍,보안근무자(한마음병원),월급285 만원 이상,경남 창원시 의창구,[인증],,관계없음,26-09-07,26-09-30,http://www.work.go.kr/empInfo/empInfoSrch/detail/empDetailAuthView.do?callPage=detail&wantedAuthNo=K131132609070001
K131132609040054,(주)선광테크윈,MCT오퍼레이터 유경험자 모집합니다.,"연봉3,500 만원 이상",경남 창원시 성산구,[인증],,경력 3년,26-09-04,26-11-03,http://www.work.go.kr/empInfo/empInfoSrch/detail/empDetailAuthView.do?callPage=detail&wantedAuthNo=K131132609040054
K131132609040051,무지개어린이집,어린이집 반 증설로 2세(만0세) 보육교사 모집합니다.,월급216 만원 이상,경남 창원시 진해구,[인증],,관계없음,26-09-04,26-11-03,http://www.work.go.kr/empInfo/empInfoSrch/detail/empDetailAuthView.do?callPage=detail&wantedAuthNo=K131132609040051
K131132609040050,일성정공글로벌 주식회사,[생산팀] 자동차부품 사출 경력자 모집,"연봉5,000 만원 이상 ~ 5,000 만원 이하",경남 창원시 의창구,[인증],,경력 1년,26-09-04,26-09-19,http://www.work.go.kr/empInfo/empInfoSrch/detail/empDetailAuthView.do?callPage=detail&wantedAuthNo=K131132609040050
K131132609040048,3엠테크(TECH),설비 보수 및 안전관리 담당자 모집,월급300 만원 이상,경남 창원시 성산구,[인증],,경력 2년,26-09-04,26-09-30,http://www.work.go.kr/empInfo/empInfoSrch/detail/empDetailAuthView.do?callPage=detail&wantedAuthNo=K131132609040048
K131132609040046,희연재활병원,희연재활병원 영양사 모집,"연봉2,964 만원 이상",경남 창원시 성산구,[인증],,관계없음,26-09-04,26-09-18,http://www.work.go.kr/empInfo/empInfoSrch/detail/empDetailAuthView.do?callPage=detail&wantedAuthNo=K131132609040046
K131132609040045,주식회사성호전자,[긴급채용] 총무 및 산업안전 행정 사무원 채용,"시급11,000 원 이상",경남 창원시 성산구,[인증],,관계없음,26-09-04,26-09-20,http://www.work.go.kr/empInfo/empInfoSrch/detail/empDetailAuthView.do?callPage=detail&wantedAuthNo=K131132609040045
K131132609040044,주식회사 대근산업,품질관리사무원,"연봉3,700 만원 이상 ~ 3,800 만원 이하",경남 창원시 의창구,[인증],,관계없음,26-09-04,26-09-20,http://www.work.go.kr/empInfo/empInfoSrch/detail/empDetailAuthView.do?callPage=detail&wantedAuthNo=K131132609040044
K131132609040042,(주)신한정기,납품원(정규직/경력자),"시급10,320 원 이상",경남 창원시 성산구,[인증],,경력 1년,26-09-04,26-11-03,http://www.work.go.kr/empInfo/empInfoSrch/detail/empDetailAuthView.do?callPage=detail&wantedAuthNo=K131132609040042
K131132609040041,주식회사 국성,생산관리자모집(기계가공),"연봉4,500 만원 이상 ~ 5,500 만원 이하",경남 창원시 의창구,[인증],,경력 5년,26-09-04,26-09-18,http://www.work.go.kr/empInfo/empInfoSrch/detail/empDetailAuthView.do?callPage=detail&wantedAuthNo=K131132609040041
K131132609040040,(주)신한정기,공작기계 조립원,"시급10,320 원 이상",경남 창원시 성산구,[인증],,경력 2년,26-09-04,26-11-03,http://www.work.go.kr/empInfo/empInfoSrch/detail/empDetailAuthView.do?callPage=detail&wantedAuthNo=K131132609040040
K131132609040039,한국전기연구원,2026년도 제4차 별정직 공개경쟁 채용 공고(창원),월급216 만원 이상 ~ 216 만원 이하,경남 창원시 성산구,[인증],,관계없음,26-09-04,26-09-20,http://www.work.go.kr/empInfo/empInfoSrch/detail/empDetailAuthView.do?callPage=detail&wantedAuthNo=K131132609040039
K131132609040037,주식회사 우신솔루션,소형부품 세척 및 포장/마스킹 인원 모집,"시급10,500 원 이상 ~ 11,000 원 이하",경남 창원시 의창구,[인증],,관계없음,26-09-04,26-11-03,http://www.work.go.kr/empInfo/empInfoSrch/detail/empDetailAuthView.do?callPage=detail&wantedAuthNo=K131132609040037
KF10792609040006,교방노인복지센터,[자은동]재가요양보호사,"시급10,320 원 이상 ~ 10,320 원 이하",경남 창원시 진해구,[인증],,관계없음,26-09-04,26-11-03,http://www.work.go.kr/empInfo/empInfoSrch/detail/empDetailAuthView.do?callPage=detail&wantedAuthNo=KF10792609040006
K131132609040035,숲속나라어르신집,주간보호 요양보호사,월급216 만원 이상 ~ 216 만원 이하,경남 창원시 의창구,[인증],,관계없음,26-09-04,26-11-03,http://www.work.go.kr/empInfo/empInfoSrch/detail/empDetailAuthView.do?callPage=detail&wantedAuthNo=K131132609040035
K131132609040032,세무법인세양,세무대리 업무로서 전문성을 발휘하세요 - 세무회계사무원을 모집합니다.,월급216 만원 이상,경남 창원시 의창구,[인증],,신입,26-09-04,26-11-03,http://www.work.go.kr/empInfo/empInfoSrch/detail/empDetailAuthView.do?callPage=detail&wantedAuthNo=K131132609040032
K131132609040031,주식회사 아라온종합건설,경리사무직원을 모집합니다.,월급250 만원 이상,경남 창원시 성산구,[인증],,경력 3년,26-09-04,26-11-03,http://www.work.go.kr/empInfo/empInfoSrch/detail/empDetailAuthView.do?callPage=detail&wantedAuthNo=K131132609040031
K131132609040030,디티케이(주),식품제조업체 환경미화원 모집,"시급10,630 원 이상",경남 창원시 성산구,[인증],,관계없음,26-09-04,26-09-22,http://www.work.go.kr/empInfo/empInfoSrch/detail/empDetailAuthView.do?callPage=detail&wantedAuthNo=K131132609040030
K131132609040029,시민주야간센터,시민주야간보호센터 간호사 모집합니다.,월급216 만원 이상 ~ 250 만원 이하,경남 창원시 의창구,[인증],,관계없음,26-09-04,26-11-03,http://www.work.go.kr/empInfo/empInfoSrch/detail/empDetailAuthView.do?callPage=detail&wantedAuthNo=K131132609040029
K131132609040028,승민테크,머시닝센터(MCT)조작원 모집,"시급14,000 원 이상",경남 창원시 의창구,[인증],,경력 7년,26-09-04,26-11-03,http://www.work.go.kr/empInfo/empInfoSrch/detail/empDetailAuthView.do?callPage=detail&wantedAuthNo=K131132609040028
K131132609040027,동림공업주식회사,동림공업(주) 창원 조선사업부 조립팀 자재 채용,월급260 만원 이상 ~ 500 만원 이하,경남 창원시 성산구,[인증],,경력 5년,26-09-04,26-11-03,http://www.work.go.kr/empInfo/empInfoSrch/detail/empDetailAuthView.do?callPage=detail&wantedAuthNo=K131132609040027
K131132609040025,창원시립무동별빛어린이집,"임신출산휴가 대체교사 2세담임 1명  ,보조,오후연장담임1명",월급232 만원 이상,경남 창원시 의창구,[인증],,관계없음,26-09-04,26-09-18,http://www.work.go.kr/empInfo/empInfoSrch/detail/empDetailAuthView.do?callPage=detail&wantedAuthNo=K131132609040025
K131132609040024,동림공업주식회사,동림공업(주) 품질팀 경력직 채용,월급260 만원 이상 ~ 500 만원 이하,경남 창원시 성산구,[인증],,경력 5년,26-09-04,26-11-03,http://www.work.go.kr/empInfo/empInfoSrch/detail/empDetailAuthView.do?callPage=detail&wantedAuthNo=K131132609040024
K131132609040023,주식회사 동진금속,도금/피막 생산 실무자를 모집합니다.,"시급10,320 원 이상",경남 창원시 성산구,[인증],,관계없음,26-09-04,26-11-03,http://www.work.go.kr/empInfo/empInfoSrch/detail/empDetailAuthView.do?callPage=detail&wantedAuthNo=K131132609040023
K131132609040022,동림공업주식회사,동림공업(주) 안전관리자(HSE) 경력직 채용,월급260 만원 이상 ~ 500 만원 이하,경남 창원시 성산구,[인증],,경력 5년,26-09-04,26-11-03,http://www.work.go.kr/empInfo/empInfoSrch/detail/empDetailAuthView.do?callPage=detail&wantedAuthNo=K131132609040022
K131132609040020,대화상용브레이크,대화상용브레이크 - 자동차부품 조립원(주간) 모집,"시급10,320 원 이상 ~ 10,500 원 이하",경남 창원시 성산구,[인증],,관계없음,26-09-04,26-11-03,http://www.work.go.kr/empInfo/empInfoSrch/detail/empDetailAuthView.do?callPage=detail&wantedAuthNo=K131132609040020
KF10802609040001,내 곁에 재가복지센터,(북면) 3등급 어르신 케어 요양보호사 구인,"시급10,320 원 이상",경남 창원시 의창구,[인증],,관계없음,26-09-04,26-09-29,http://www.work.go.kr/empInfo/empInfoSrch/detail/empDetailAuthView.do?callPage=detail&wantedAuthNo=KF10802609040001
K131132609040019,(주)진해현대서비스,진해현대서비스 as 엔지니어 모집합니다,월급300 만원 이상,경남 창원시 진해구,[인증],,경력 3년,26-09-04,26-11-03,http://www.work.go.kr/empInfo/empInfoSrch/detail/empDetailAuthView.do?callPage=detail&wantedAuthNo=K131132609040019
K131132609040018,웅천지역아동센터,[웅천지역아동센터] 조리사 모집,월급65 만원 이상,경남 창원시 진해구,[인증],,경력 1년,26-09-04,26-11-03,http://www.work.go.kr/empInfo/empInfoSrch/detail/empDetailAuthView.do?callPage=detail&wantedAuthNo=K131132609040018
K131132609040016,주식회사성호전자,[신입/경력] 품질보증 사무원 모집,"시급11,000 원 이상",경남 창원시 의창구,[인증],,관계없음,26-09-04,26-09-25,http://www.work.go.kr/empInfo/empInfoSrch/detail/empDetailAuthView.do?callPage=detail&wantedAuthNo=K131132609040016
K131132609040015,주식회사대건테크,방산 케이블 하네스 생산·기술 신입 및 경력자 채용,"시급10,320 원 이상",경남 창원시 의창구,[인증],,관계없음,26-09-04,26-11-03,http://www.work.go.kr/empInfo/empInfoSrch/detail/empDetailAuthView.do?callPage=detail&wantedAuthNo=K131132609040015
K131132609040014,주식회사영일비철금속,비철금속 절단 및 가공 생산직 채용공고,월급370 만원 이상,경남 창원시 의창구,[인증],,관계없음,26-09-04,26-09-18,http://www.work.go.kr/empInfo/empInfoSrch/detail/empDetailAuthView.do?callPage=detail&wantedAuthNo=K131132609040014
K131112609040026,한국플랜테크,발전설비 제작/조립 생산직 모집,"연봉3,500 만원 이상 ~ 3,500 만원 이하",경남 창원시 의창구,[인증],,신입,26-09-04,26-09-19,http://www.work.go.kr/empInfo/empInfoSrch/detail/empDetailAuthView.do?callPage=detail&wantedAuthNo=K131112609040026
K131132609040011,주식회사 도영,품질및생산관리,"연봉4,300 만원 이상",경남 창원시 의창구,[인증],,경력 3년,26-09-04,26-09-21,http://www.work.go.kr/empInfo/empInfoSrch/detail/empDetailAuthView.do?callPage=detail&wantedAuthNo=K131132609040011
K130052609040003,동해항운（주）,수출입 화물쇼링 고박작업자 모집,월급290 만원 이상 ~ 350 만원 이하,경남 창원시 진해구,[인증],,관계없음,26-09-04,26-11-02,http://www.work.go.kr/empInfo/empInfoSrch/detail/empDetailAuthView.do?callPage=detail&wantedAuthNo=K130052609040003
KJSP002609040002,(주)아람인테크,두산에너빌리티 구내식당(플랜트) 야간 조리사 직원 모집,월급380 만원 이상 ~ 380 만원 이하,경남 창원시 성산구,[인증],,경력  1개월,26-09-04,26-09-30,http://www.work.go.kr/empInfo/empInfoSrch/detail/empDetailAuthView.do?callPage=detail&wantedAuthNo=KJSP002609040002
KJSP002609040001,해군군수사령부지출관,26-9차 해군 군수사령부 한시임기제군무원 채용,"시급10,320 원 이상",경남 창원시 진해구,[인증],,관계없음,26-09-04,26-09-18,http://www.work.go.kr/empInfo/empInfoSrch/detail/empDetailAuthView.do?callPage=detail&wantedAuthNo=KJSP002609040001
K131132609040010,주식회사한창테크,건축 창호공사 관리직 모집,"연봉5,000 만원 이상 ~ 7,000 만원 이하",경남 창원시 진해구,[인증],,경력 10년,26-09-04,26-09-30,http://www.work.go.kr/empInfo/empInfoSrch/detail/empDetailAuthView.do?callPage=detail&wantedAuthNo=K131132609040010
K131132609040008,혜송산업,머시닝센터(MCT) 조작원 모집 (공장장 급),"연봉6,000 만원 이상 ~ 7,000 만원 이하",경남 창원시 의창구,[인증],,경력 10년,26-09-04,26-09-20,http://www.work.go.kr/empInfo/empInfoSrch/detail/empDetailAuthView.do?callPage=detail&wantedAuthNo=K131132609040008
K131132609040006,주식회사 디에이치하이드로릭,품질 관리 직원 모집 (3차원 측정),"시급10,320 원 이상",경남 창원시 의창구,[인증],,관계없음,26-09-04,26-11-03,http://www.work.go.kr/empInfo/empInfoSrch/detail/empDetailAuthView.do?callPage=detail&wantedAuthNo=K131132609040006
K131132609040004,주식회사 창원,"차단기 GIB ,GIS 조립사원 모집합니다.","시급10,320 원 이상 ~ 11,000 원 이하",경남 창원시 의창구,[인증],,경력 1년,26-09-04,26-09-18,http://www.work.go.kr/empInfo/empInfoSrch/detail/empDetailAuthView.do?callPage=detail&wantedAuthNo=K131132609040004
K131132609030066,일성테크,공작기계조립 채용 공고,"연봉4,000 만원 이상",경남 창원시 성산구,[인증],,관계없음,26-09-03,26-10-31,http://www.work.go.kr/empInfo/empInfoSrch/detail/empDetailAuthView.do?callPage=detail&wantedAuthNo=K131132609030066
K131132609030065,바른재활병원,"창원 바른재활병원 간호사 모집(3교대,DE,S,E-KEEP)",월급316 만원 이상,경남 창원시 성산구,[인증],,관계없음,26-09-03,26-11-02,http://www.work.go.kr/empInfo/empInfoSrch/detail/empDetailAuthView.do?callPage=detail&wantedAuthNo=K131132609030065
K131132609030064,범안과,안과 환자안내 및 검사보조업무 (3개월계약직) 하실 분 모집합니다,"시급10,320 원 이상 ~ 10,320 원 이하",경남 창원시 성산구,[인증],,신입,26-09-03,26-11-02,http://www.work.go.kr/empInfo/empInfoSrch/detail/empDetailAuthView.do?callPage=detail&wantedAuthNo=K131132609030064
K131132609030062,(주)카스윈(KASWIN),MCT 공작기계원 모집,"시급12,500 원 이상",경남 창원시 성산구,[인증],,관계없음,26-09-03,26-11-02,http://www.work.go.kr/empInfo/empInfoSrch/detail/empDetailAuthView.do?callPage=detail&wantedAuthNo=K131132609030062
K131132609030061,주식회사 디알드라이브,(주)디알드라이브 기술영업 신규 인력 채용,"연봉3,000 만원 이상 ~ 6,000 만원 이하",경남 창원시 의창구,[인증],,관계없음,26-09-03,26-11-02,http://www.work.go.kr/empInfo/empInfoSrch/detail/empDetailAuthView.do?callPage=detail&wantedAuthNo=K131132609030061
K131132609030060,주식회사 디알드라이브,(주)디알드라이브 기계 및 전기제어 신규 인력 채용 공고,"연봉3,000 만원 이상 ~ 6,000 만원 이하",경남 창원시 의창구,[인증],,관계없음,26-09-03,26-11-02,http://www.work.go.kr/empInfo/empInfoSrch/detail/empDetailAuthView.do?callPage=detail&wantedAuthNo=K131132609030060
K131132609030057,HSG중공업（주）,HSG중공업 생산기술부 경력 사원 모집 (조선/해양 설계),"연봉3,800 만원 이상",경남 창원시 성산구,[인증],,경력 2년,26-09-03,26-11-02,http://www.work.go.kr/empInfo/empInfoSrch/detail/empDetailAuthView.do?callPage=detail&wantedAuthNo=K131132609030057
K131612609030025,정도이엔씨(주),정도이엔씨(주) 창원 범한메카텍(구 두산메카텍) 내 금속열처리원 모집,월급250 만원 이상 ~ 450 만원 이하,경남 창원시 성산구,[인증],,관계없음,26-09-03,26-09-30,http://www.work.go.kr/empInfo/empInfoSrch/detail/empDetailAuthView.do?callPage=detail&wantedAuthNo=K131612609030025
K131132609030056,(주)로텍엔지니어링,로텍엔지니어링 - 토목설계사무실 경리사무원,"연봉3,400 만원 이상 ~ 4,000 만원 이하",경남 창원시 성산구,[인증],,경력 2년,26-09-03,26-09-18,http://www.work.go.kr/empInfo/empInfoSrch/detail/empDetailAuthView.do?callPage=detail&wantedAuthNo=K131132609030056
K131132609030054,정일기업,납품 및 영업원 모집,월급250 만원 이상 ~ 300 만원 이하,경남 창원시 성산구,[인증],,경력 2년,26-09-03,26-11-02,http://www.work.go.kr/empInfo/empInfoSrch/detail/empDetailAuthView.do?callPage=detail&wantedAuthNo=K131132609030054
K131132609030053,부강주택관리（주）,부산신항 사랑으로 13단지 부영아파트 설비기사 구인,월급340 만원 이상,경남 창원시 진해구,[인증],,관계없음,26-09-03,26-11-02,http://www.work.go.kr/empInfo/empInfoSrch/detail/empDetailAuthView.do?callPage=detail&wantedAuthNo=K131132609030053
K131132609030051,시은테크,"철도차량 및 방산 JIG,장비 도면 설계",월급270 만원 이상 ~ 500 만원 이하,경남 창원시 의창구,[인증],,관계없음,26-09-03,26-09-30,http://www.work.go.kr/empInfo/empInfoSrch/detail/empDetailAuthView.do?callPage=detail&wantedAuthNo=K131132609030051
K131132609030047,주원푸드,주방보조원(식품조리),월급110 만원 이상,경남 창원시 의창구,[인증],,관계없음,26-09-03,26-11-02,http://www.work.go.kr/empInfo/empInfoSrch/detail/empDetailAuthView.do?callPage=detail&wantedAuthNo=K131132609030047
K131132609030046,창원키즈,납품 운전,월급220 만원 이상 ~ 230 만원 이하,경남 창원시 의창구,[인증],,신입,26-09-03,26-11-02,http://www.work.go.kr/empInfo/empInfoSrch/detail/empDetailAuthView.do?callPage=detail&wantedAuthNo=K131132609030046
K131312609030063,（주）에스엔피,한화에어로창원1사업장 직원식당 조리원 모집,"시급10,530 원 이상 ~ 10,530 원 이하",경남 창원시 성산구,[인증],,관계없음,26-09-03,26-11-02,http://www.work.go.kr/empInfo/empInfoSrch/detail/empDetailAuthView.do?callPage=detail&wantedAuthNo=K131312609030063
K131132609030045,주식회사우승테크,(주)케이조선 내 도장업체 도막(측정)/품질관리(QC)모집,월급270 만원 이상 ~ 300 만원 이하,경남 창원시 진해구,[인증],,관계없음,26-09-03,26-11-02,http://www.work.go.kr/empInfo/empInfoSrch/detail/empDetailAuthView.do?callPage=detail&wantedAuthNo=K131132609030045
K130042609030037,(주）영진에셋,영진에셋 [창원권 사업단] 보험총무사무원 및 보험설계지원 경력자 채용 공고,월급280 만원 이상,경남 창원시 성산구,[인증],,경력 2년,26-09-03,26-09-30,http://www.work.go.kr/empInfo/empInfoSrch/detail/empDetailAuthView.do?callPage=detail&wantedAuthNo=K130042609030037
K131132609030040,가람재가복지센터,[창원 북면 감계] 재가 요양보호사 모집,"시급10,320 원 이상 ~ 10,320 원 이하",경남 창원시 의창구,[인증],,관계없음,26-09-03,26-11-01,http://www.work.go.kr/empInfo/empInfoSrch/detail/empDetailAuthView.do?callPage=detail&wantedAuthNo=K131132609030040
K131132609030039,가람재가복지센터,[진해구 경화동] 재가 요양보호사 모집,"시급10,320 원 이상 ~ 10,320 원 이하",경남 창원시 진해구,[인증],,관계없음,26-09-03,26-11-02,http://www.work.go.kr/empInfo/empInfoSrch/detail/empDetailAuthView.do?callPage=detail&wantedAuthNo=K131132609030039
K131132609030038,주식회사로텍,영업팀 과장급 모집 [경력직],"연봉4,500 만원 이상",경남 창원시 의창구,[인증],,경력 5년,26-09-03,26-09-20,http://www.work.go.kr/empInfo/empInfoSrch/detail/empDetailAuthView.do?callPage=detail&wantedAuthNo=K131132609030038
K131132609030037,주식회사로텍,구매팀(구매 및 조달 업무) 사원급 모집,"연봉3,000 만원 이상",경남 창원시 의창구,[인증],,신입,26-09-03,26-09-20,http://www.work.go.kr/empInfo/empInfoSrch/detail/empDetailAuthView.do?callPage=detail&wantedAuthNo=K131132609030037
K131132609030036,주식회사힐스,작업환경측정-분석 전문가 채용,"연봉2,800 만원 이상",경남 창원시 의창구,[인증],,신입,26-09-03,26-10-31,http://www.work.go.kr/empInfo/empInfoSrch/detail/empDetailAuthView.do?callPage=detail&wantedAuthNo=K131132609030036
KEC0132609030005,건영테크주식회사,"중장비 내장 부품 납품관리, 고객사관리 등 영업관리자 모집",월급300 만원 이상,경남 창원시 성산구,[인증],,경력 1년,26-09-03,26-10-02,http://www.work.go.kr/empInfo/empInfoSrch/detail/empDetailAuthView.do?callPage=detail&wantedAuthNo=KEC0132609030005
K131132609030035,테크원,"방산 현장 품질관리 [도금,도장 경력자] 모집","시급10,320 원 이상 ~ 10,320 원 이하",경남 창원시 의창구,[인증],,경력 1년,26-09-03,26-09-20,http://www.work.go.kr/empInfo/empInfoSrch/detail/empDetailAuthView.do?callPage=detail&wantedAuthNo=K131132609030035
KF10802609030007,나누리재가복지센터,[봉곡동] 요양보호사 모집,"시급10,320 원 이상 ~ 10,320 원 이하",경남 창원시 의창구,[인증],,관계없음,26-09-03,26-09-27,http://www.work.go.kr/empInfo/empInfoSrch/detail/empDetailAuthView.do?callPage=detail&wantedAuthNo=KF10802609030007
KEC0132609030004,진해금강요양원,진해금강요양원 요양보호사 모집,월급237 만원 이상,경남 창원시 진해구,[인증],,관계없음,26-09-03,26-09-18,http://www.work.go.kr/empInfo/empInfoSrch/detail/empDetailAuthView.do?callPage=detail&wantedAuthNo=KEC0132609030004
K131132609030033,케이트렌스주식회사,창고 입출고 관리원,"연봉3,240 만원 이상",경남 창원시 진해구,[인증],,관계없음,26-09-03,26-09-30,http://www.work.go.kr/empInfo/empInfoSrch/detail/empDetailAuthView.do?callPage=detail&wantedAuthNo=K131132609030033
K131132609030032,대광테크윈주식회사,설비보전팀 경력사원 모집,"연봉3,500 만원 이상",경남 창원시 진해구,[인증],,경력 2년,26-09-03,26-09-18,http://www.work.go.kr/empInfo/empInfoSrch/detail/empDetailAuthView.do?callPage=detail&wantedAuthNo=K131132609030032
K131132609030031,정혜원진해요양원,정혜원진해요양원 시설 요양보호사 모집,월급230 만원 이상 ~ 254 만원 이하,경남 창원시 진해구,[인증],,관계없음,26-09-03,26-09-30,http://www.work.go.kr/empInfo/empInfoSrch/detail/empDetailAuthView.do?callPage=detail&wantedAuthNo=K131132609030031
KF10772609030003,코아사글로벌 주식회사(KOASA GLOBAL CORPORATION),김 제조/가공 생산직 사원 모집 (라인증설 충원),"시급10,320 원 이상",경남 창원시 진해구,[인증],,관계없음,26-09-03,26-11-02,http://www.work.go.kr/empInfo/empInfoSrch/detail/empDetailAuthView.do?callPage=detail&wantedAuthNo=KF10772609030003
K131132609030029,(주)에스제이에이치,품질검사원 사원모집,월급300 만원 이상 ~ 330 만원 이하,경남 창원시 의창구,[인증],,경력 3년,26-09-03,26-11-02,http://www.work.go.kr/empInfo/empInfoSrch/detail/empDetailAuthView.do?callPage=detail&wantedAuthNo=K131132609030029
K131132609030028,(주)에스제이에이치,품질 부서장 모집 _ 영어가능자 우대,월급400 만원 이상 ~ 450 만원 이하,경남 창원시 의창구,[인증],,경력 10년,26-09-03,26-11-02,http://www.work.go.kr/empInfo/empInfoSrch/detail/empDetailAuthView.do?callPage=detail&wantedAuthNo=K131132609030028
K131132609030027,영일이앤씨주식회사,"전기공사 기술자(전기,통신,소방 관급공사 공무 업무)",월급350 만원 이상 ~ 500 만원 이하,경남 창원시 성산구,[인증],,경력 3년,26-09-03,26-09-27,http://www.work.go.kr/empInfo/empInfoSrch/detail/empDetailAuthView.do?callPage=detail&wantedAuthNo=K131132609030027
K131132609030025,케이원텍,하네스 및 케이블 생산직 채용,"시급10,320 원 이상",경남 창원시 성산구,[인증],,관계없음,26-09-03,26-11-02,http://www.work.go.kr/empInfo/empInfoSrch/detail/empDetailAuthView.do?callPage=detail&wantedAuthNo=K131132609030025
K131132609030024,우리로지스틱스(주),입식 전동 지게차 (리치),월급296 만원 이상,경남 창원시 진해구,[인증],,경력 2년,26-09-03,26-09-30,http://www.work.go.kr/empInfo/empInfoSrch/detail/empDetailAuthView.do?callPage=detail&wantedAuthNo=K131132609030024
K131132609030023,정혜원진해요양원,정혜원 진해요양원 조리원 채용공고,월급251 만원 이상 ~ 251 만원 이하,경남 창원시 진해구,[인증],,관계없음,26-09-03,26-09-30,http://www.work.go.kr/empInfo/empInfoSrch/detail/empDetailAuthView.do?callPage=detail&wantedAuthNo=K131132609030023
K131132609030022,정혜원진해요양원,효림요양원 간호조무사 채용(일근),월급236 만원 이상 ~ 236 만원 이하,경남 창원시 진해구,[인증],,관계없음,26-09-03,26-09-30,http://www.work.go.kr/empInfo/empInfoSrch/detail/empDetailAuthView.do?callPage=detail&wantedAuthNo=K131132609030022
K131132609030021,브레인 영재 어린이집,"보육교사,연장교사, 시간연장교사모집","시급10,320 원 이상",경남 창원시 의창구,[인증],,경력 1년,26-09-03,26-11-02,http://www.work.go.kr/empInfo/empInfoSrch/detail/empDetailAuthView.do?callPage=detail&wantedAuthNo=K131132609030021
K131132609030020,지안어린이집,어린이집 연장반 교사를 채용합니다.,월급114 만원 이상 ~ 114 만원 이하,경남 창원시 의창구,[인증],,관계없음,26-09-03,26-09-30,http://www.work.go.kr/empInfo/empInfoSrch/detail/empDetailAuthView.do?callPage=detail&wantedAuthNo=K131132609030020
K131132609030018,주식회사 케이앤엘,케이앤엘(코스그룹) 지게차 랜탈사업부 정비팀장 채용,"연봉6,500 만원 이상",경남 창원시 성산구,[인증],,경력 10년,26-09-03,26-10-15,http://www.work.go.kr/empInfo/empInfoSrch/detail/empDetailAuthView.do?callPage=detail&wantedAuthNo=K131132609030018
K131132609030017,정혜원진해요양원,정혜원진해요양원 사무원 직원모집,월급236 만원 이상,경남 창원시 진해구,[인증],,관계없음,26-09-03,26-09-30,http://www.work.go.kr/empInfo/empInfoSrch/detail/empDetailAuthView.do?callPage=detail&wantedAuthNo=K131132609030017
K131132609030016,주식회사우승테크,(주)케이조선 협력사/도장공장 기계실 수치기록 및 도장장비관리 나이무관 초보가능,"시급10,320 원 이상 ~ 10,320 원 이하",경남 창원시 진해구,[인증],,관계없음,26-09-03,26-11-02,http://www.work.go.kr/empInfo/empInfoSrch/detail/empDetailAuthView.do?callPage=detail&wantedAuthNo=K131132609030016
K131132609030015,(주)옥토,조선소 데크하우스 청소 모집,"시급10,320 원 이상 ~ 10,500 원 이하",경남 창원시 진해구,[인증],,경력 1년 1개월,26-09-03,26-11-02,http://www.work.go.kr/empInfo/empInfoSrch/detail/empDetailAuthView.do?callPage=detail&wantedAuthNo=K131132609030015
K131132609030014,주식회사한창테크,경리 및 총무 사무원 모집,"연봉3,000 만원 이상",경남 창원시 진해구,[인증],,경력 2년,26-09-03,26-09-30,http://www.work.go.kr/empInfo/empInfoSrch/detail/empDetailAuthView.do?callPage=detail&wantedAuthNo=K131132609030014
K131312609030026,주식회사 일석토건,건설업 현장 소장,월급300 만원 이상,경남 창원시 성산구,[인증],,경력 3년,26-09-03,26-09-30,http://www.work.go.kr/empInfo/empInfoSrch/detail/empDetailAuthView.do?callPage=detail&wantedAuthNo=K131312609030026
KEC0132609030002,누림재가복지센터,의창구 서상동 재가 요양보호사 모집,"시급10,320 원 이상 ~ 10,320 원 이하",경남 창원시 의창구,[인증],,관계없음,26-09-03,26-10-02,http://www.work.go.kr/empInfo/empInfoSrch/detail/empDetailAuthView.do?callPage=detail&wantedAuthNo=KEC0132609030002
K131132609030010,미래기전,하네스 공정 조립라인 작업자 모집,"시급10,320 원 이상",경남 창원시 성산구,[인증],,관계없음,26-09-03,26-09-18,http://www.work.go.kr/empInfo/empInfoSrch/detail/empDetailAuthView.do?callPage=detail&wantedAuthNo=K131132609030010
K131132609030008,(주)연암테크,"MCT(3축,5축) 항공 및 방산제품 가공 경력인원 모집","시급12,000 원 이상 ~ 15,000 원 이하",경남 창원시 성산구,[인증],,경력 2년,26-09-03,26-11-02,http://www.work.go.kr/empInfo/empInfoSrch/detail/empDetailAuthView.do?callPage=detail&wantedAuthNo=K131132609030008
K131132609030002,주식회사 보훈,국가유공자의 마지막 길을 함께할 전문 행정사를 찾습니다.,"연봉3,000 만원 이상 ~ 3,000 만원 이하",경남 창원시 의창구,[인증],,경력 5년,26-09-03,26-11-01,http://www.work.go.kr/empInfo/empInfoSrch/detail/empDetailAuthView.do?callPage=detail&wantedAuthNo=K131132609030002
K131132609030001,창원성심원（사회복지）,간호조무사 채용,월급255 만원 이상 ~ 265 만원 이하,경남 창원시 의창구,[인증],,경력 1년,26-09-03,26-10-01,http://www.work.go.kr/empInfo/empInfoSrch/detail/empDetailAuthView.do?callPage=detail&wantedAuthNo=K131132609030001
K131132609020076,시은테크,현장직 구함,월급270 만원 이상 ~ 350 만원 이하,경남 창원시 의창구,[인증],,관계없음,26-09-02,26-09-30,http://www.work.go.kr/empInfo/empInfoSrch/detail/empDetailAuthView.do?callPage=detail&wantedAuthNo=K131132609020076
K131132609020074,주식회사 화이트폭스,국방 CBT 개발 사업관리(PM) 경력 채용,"연봉5,000 만원 이상",경남 창원시 의창구,[인증],,경력 3년,26-09-02,26-09-30,http://www.work.go.kr/empInfo/empInfoSrch/detail/empDetailAuthView.do?callPage=detail&wantedAuthNo=K131132609020074
K131132609020071,제이에이치산업 주식회사,조립 보조공 및 조립원,"시급12,000 원 이상",경남 창원시 성산구,[인증],,신입,26-09-02,26-09-30,http://www.work.go.kr/empInfo/empInfoSrch/detail/empDetailAuthView.do?callPage=detail&wantedAuthNo=K131132609020071
K131132609020070,주식회사풍산정밀,자동차 부품 검사원 채용,"시급10,320 원 이상 ~ 10,320 원 이하",경남 창원시 진해구,[인증],,경력 1년,26-09-02,26-11-01,http://www.work.go.kr/empInfo/empInfoSrch/detail/empDetailAuthView.do?callPage=detail&wantedAuthNo=K131132609020070
KJSP002609020002,더원재가노인복지센터,재가 요양보호사 모집! ( 진해구 명동 ),"시급10,320 원 이상",경남 창원시 진해구,[인증],,관계없음,26-09-02,26-11-01,http://www.work.go.kr/empInfo/empInfoSrch/detail/empDetailAuthView.do?callPage=detail&wantedAuthNo=KJSP002609020002
K131132609020069,1004,"피부관리사 / 육아휴직 대체인력 / 주2회(협의) / 1일 5시간 / 약 1년 근무 가능자, 경력자 우대","시급13,000 원 이상",경남 창원시 성산구,[인증],,경력 1년,26-09-02,26-11-01,http://www.work.go.kr/empInfo/empInfoSrch/detail/empDetailAuthView.do?callPage=detail&wantedAuthNo=K131132609020069
K131132609020068,(주)한림이앤지,승강기 유지보수 사원모집,월급250 만원 이상 ~ 300 만원 이하,경남 창원시 의창구,[인증],,신입,26-09-02,26-10-01,http://www.work.go.kr/empInfo/empInfoSrch/detail/empDetailAuthView.do?callPage=detail&wantedAuthNo=K131132609020068
K131132609020067,주식회사대운이엔지,조립 파트 사상공 모집,"시급10,320 원 이상 ~ 13,000 원 이하",경남 창원시 진해구,[인증],,신입,26-09-02,26-11-01,http://www.work.go.kr/empInfo/empInfoSrch/detail/empDetailAuthView.do?callPage=detail&wantedAuthNo=K131132609020067
K131132609020066,링크오니아,머시닝센터 가공 경력직 모집,"연봉3,600 만원 이상 ~ 6,000 만원 이하",경남 창원시 의창구,[인증],,경력 2년,26-09-02,26-10-01,http://www.work.go.kr/empInfo/empInfoSrch/detail/empDetailAuthView.do?callPage=detail&wantedAuthNo=K131132609020066
K131132609020065,주식회사대건테크,산업용 강전반 기술·생산관리 담당자 채용,"연봉3,000 만원 이상",경남 창원시 의창구,[인증],,경력 1년,26-09-02,26-11-01,http://www.work.go.kr/empInfo/empInfoSrch/detail/empDetailAuthView.do?callPage=detail&wantedAuthNo=K131132609020065
K131132609020063,새창원교회부설어린이집,장애영유아를 위한 보육교사 & 유아특수교사를 찾고 있습니다.,월급232 만원 이상 ~ 260 만원 이하,경남 창원시 의창구,[인증],,관계없음,26-09-02,26-09-19,http://www.work.go.kr/empInfo/empInfoSrch/detail/empDetailAuthView.do?callPage=detail&wantedAuthNo=K131132609020063
K131132609020062,창원시노인주간보호센터,노인주간보호센터 요양보호사 선생님 모집합니다.,월급221 만원 이상,경남 창원시 의창구,[인증],,관계없음,26-09-02,26-11-01,http://www.work.go.kr/empInfo/empInfoSrch/detail/empDetailAuthView.do?callPage=detail&wantedAuthNo=K131132609020062
K131132609020061,유한회사 하나소방,"소방기사,내선 전기공 모집","연봉4,000 만원 이상",경남 창원시 의창구,[인증],,관계없음,26-09-02,26-09-20,http://www.work.go.kr/empInfo/empInfoSrch/detail/empDetailAuthView.do?callPage=detail&wantedAuthNo=K131132609020061
K131132609020058,국제엔지니어링,계장 Hook-Up 설계자 모집 (경력직),"연봉5,000 만원 이상",경남 창원시 의창구,[인증],,경력 3년,26-09-02,26-11-01,http://www.work.go.kr/empInfo/empInfoSrch/detail/empDetailAuthView.do?callPage=detail&wantedAuthNo=K131132609020058
K131132609020055,지엠진성주식회사,생산관리 사원 모집,"시급10,320 원 이상",경남 창원시 성산구,[인증],,관계없음,26-09-02,26-09-18,http://www.work.go.kr/empInfo/empInfoSrch/detail/empDetailAuthView.do?callPage=detail&wantedAuthNo=K131132609020055
K131132609020054,신흥공업(주),생산직 사원모집(자격증 보유자),월급230 만원 이상,경남 창원시 성산구,[인증],,관계없음,26-09-02,26-09-21,http://www.work.go.kr/empInfo/empInfoSrch/detail/empDetailAuthView.do?callPage=detail&wantedAuthNo=K131132609020054
K131132609020053,주식회사 대현전력,전기공사 공무 및 현장 관리자 모집,"연봉3,500 만원 이상",경남 창원시 진해구,[인증],,관계없음,26-09-02,26-11-01,http://www.work.go.kr/empInfo/empInfoSrch/detail/empDetailAuthView.do?callPage=detail&wantedAuthNo=K131132609020053
K131132609020052,에셀나무어린이집,연장반 교사 모집,월급114 만원 이상,경남 창원시 진해구,[인증],,관계없음,26-09-02,26-09-19,http://www.work.go.kr/empInfo/empInfoSrch/detail/empDetailAuthView.do?callPage=detail&wantedAuthNo=K131132609020052
K131132609020051,동연오토텍주식회사,동연오토텍㈜마천공장 생산팀 생산직 구인,"시급10,320 원 이상",경남 창원시 진해구,[인증],,관계없음,26-09-02,26-10-31,http://www.work.go.kr/empInfo/empInfoSrch/detail/empDetailAuthView.do?callPage=detail&wantedAuthNo=K131132609020051
K180512609020074,주식회사골프프렌드,(주) 골프프렌드 [창원점] 골프용품 판매 및 고객응대 사원 집중 채용,"연봉3,620 만원 이상 ~ 3,620 만원 이하",경남 창원시 성산구,[인증],,관계없음,26-09-02,26-09-30,http://www.work.go.kr/empInfo/empInfoSrch/detail/empDetailAuthView.do?callPage=detail&wantedAuthNo=K180512609020074
K131112609020046,재현종합건설주식회사,건설현장 소장,"연봉6,000 만원 이상 ~ 7,000 만원 이하",경남 창원시 성산구,[인증],,경력 7년,26-09-02,26-09-30,http://www.work.go.kr/empInfo/empInfoSrch/detail/empDetailAuthView.do?callPage=detail&wantedAuthNo=K131112609020046
K131132609020044,（주）중앙유앤아이,용접원 정규직/경력직 모집,"시급12,000 원 이상 ~ 15,000 원 이하",경남 창원시 의창구,[인증],,경력 3년,26-09-02,26-11-01,http://www.work.go.kr/empInfo/empInfoSrch/detail/empDetailAuthView.do?callPage=detail&wantedAuthNo=K131132609020044
K131132609020043,（주）중앙유앤아이,캐드 작업자 정규직 모집(견적업무 포함),"연봉4,800 만원 이상 ~ 5,100 만원 이하",경남 창원시 의창구,[인증],,관계없음,26-09-02,26-11-01,http://www.work.go.kr/empInfo/empInfoSrch/detail/empDetailAuthView.do?callPage=detail&wantedAuthNo=K131132609020043
K131132609020042,박승민세무회계사무소,박승민세무회계 사무소에서 신입 직원을 채용합니다.,월급216 만원 이상 ~ 216 만원 이하,경남 창원시 성산구,[인증],,신입,26-09-02,26-11-01,http://www.work.go.kr/empInfo/empInfoSrch/detail/empDetailAuthView.do?callPage=detail&wantedAuthNo=K131132609020042
K131132609020041,（주）석지,현장 단순 노무직 모집,월급310 만원 이상,경남 창원시 성산구,[인증],,경력 2년,26-09-02,26-11-01,http://www.work.go.kr/empInfo/empInfoSrch/detail/empDetailAuthView.do?callPage=detail&wantedAuthNo=K131132609020041
K131132609020039,주식회사 유한이엔지,생산직 사원모집,"연봉3,600 만원 이상 ~ 3,600 만원 이하",경남 창원시 의창구,[인증],,관계없음,26-09-02,26-09-30,http://www.work.go.kr/empInfo/empInfoSrch/detail/empDetailAuthView.do?callPage=detail&wantedAuthNo=K131132609020039
K131132609020038,주식회사 금아에스앤피,금아에스앤피 - 페인트 터치업,"시급11,700 원 이상 ~ 12,000 원 이하",경남 창원시 성산구,[인증],,경력  6개월,26-09-02,26-11-01,http://www.work.go.kr/empInfo/empInfoSrch/detail/empDetailAuthView.do?callPage=detail&wantedAuthNo=K131132609020038
K131112609020037,대한복지진흥협회용역센터,"지구대,파출소 청소원 1명 모집","시급10,320 원 이상 ~ 10,320 원 이하",경남 창원시 성산구,[인증],,관계없음,26-09-02,26-09-30,http://www.work.go.kr/empInfo/empInfoSrch/detail/empDetailAuthView.do?callPage=detail&wantedAuthNo=K131112609020037
K131132609020035,꿈누리어린이집,좋으신 만0세반 선생님 모십니다.,월급232 만원 이상 ~ 232 만원 이하,경남 창원시 성산구,[인증],,경력 2년,26-09-02,26-09-18,http://www.work.go.kr/empInfo/empInfoSrch/detail/empDetailAuthView.do?callPage=detail&wantedAuthNo=K131132609020035
KEC0132609020005,해피요양원,해피요양원 간호사 모집합니다,월급260 만원 이상,경남 창원시 진해구,[인증],,관계없음,26-09-02,26-11-01,http://www.work.go.kr/empInfo/empInfoSrch/detail/empDetailAuthView.do?callPage=detail&wantedAuthNo=KEC0132609020005
KEC0132609020004,봄재활주간보호센터,봄재활주간보호센터 요양보호사 채용,월급240 만원 이상,경남 창원시 의창구,[인증],,관계없음,26-09-02,26-09-30,http://www.work.go.kr/empInfo/empInfoSrch/detail/empDetailAuthView.do?callPage=detail&wantedAuthNo=KEC0132609020004
K131132609020031,주식회사현대고속관광,통근버스운전원 모집,월급180 만원 이상 ~ 350 만원 이하,경남 창원시 의창구,[인증],,경력 1년,26-09-02,26-11-01,http://www.work.go.kr/empInfo/empInfoSrch/detail/empDetailAuthView.do?callPage=detail&wantedAuthNo=K131132609020031
K131132609020029,(주)신한정기,MCT 가공조작원(정규직/경력자),"시급10,320 원 이상",경남 창원시 성산구,[인증],,경력 1년,26-09-02,26-11-01,http://www.work.go.kr/empInfo/empInfoSrch/detail/empDetailAuthView.do?callPage=detail&wantedAuthNo=K131132609020029
K131132609020027,주식회사 로볼루션,사세 확장으로 인한 로봇 조립 작업자 채용,"시급10,320 원 이상",경남 창원시 의창구,[인증],,관계없음,26-09-02,26-11-01,http://www.work.go.kr/empInfo/empInfoSrch/detail/empDetailAuthView.do?callPage=detail&wantedAuthNo=K131132609020027
K131132609020026,주식회사 로볼루션,MCT 조작원 구인,"시급13,000 원 이상",경남 창원시 의창구,[인증],,경력 2년,26-09-02,26-11-01,http://www.work.go.kr/empInfo/empInfoSrch/detail/empDetailAuthView.do?callPage=detail&wantedAuthNo=K131132609020026
K131132609020023,(주)서진정공,금속가공기계(CNC/MCT)  조작원(경력자모집),월급340 만원 이상 ~ 350 만원 이하,경남 창원시 의창구,[인증],,경력 3년,26-09-02,26-11-01,http://www.work.go.kr/empInfo/empInfoSrch/detail/empDetailAuthView.do?callPage=detail&wantedAuthNo=K131132609020023
K131132609020018,바른유통,청정원/종가집 대리점 배송 및 관리 영업사원 채용,월급250 만원 이상,경남 창원시 의창구,[인증],,관계없음,26-09-02,26-11-01,http://www.work.go.kr/empInfo/empInfoSrch/detail/empDetailAuthView.do?callPage=detail&wantedAuthNo=K131132609020018
K131132609020016,(주)에스제이엠,"품질관리(헥사곤 3차원 측정,프로그램 가능자) 구인","연봉4,500 만원 이상 ~ 5,500 만원 이하",경남 창원시 성산구,[인증],,경력 5년,26-09-02,26-10-31,http://www.work.go.kr/empInfo/empInfoSrch/detail/empDetailAuthView.do?callPage=detail&wantedAuthNo=K131132609020016
K131132609020015,성광엠티,반도체 검사용 부품 생산직을 모집합니다.,"시급11,000 원 이상 ~ 11,000 원 이하",경남 창원시 의창구,[인증],,관계없음,26-09-02,26-10-31,http://www.work.go.kr/empInfo/empInfoSrch/detail/empDetailAuthView.do?callPage=detail&wantedAuthNo=K131132609020015
K131162609020005,(유)정일,대형차량 정비사 모집,"연봉3,250 만원 이상",경남 창원시 의창구,[인증],,관계없음,26-09-02,26-11-01,http://www.work.go.kr/empInfo/empInfoSrch/detail/empDetailAuthView.do?callPage=detail&wantedAuthNo=K131162609020005
KEC0132609020002,해피요양원,해피요양원 요양보호사 팀장 채용공고,월급260 만원 이상,경남 창원시 진해구,[인증],,경력 5년,26-09-02,26-10-31,http://www.work.go.kr/empInfo/empInfoSrch/detail/empDetailAuthView.do?callPage=detail&wantedAuthNo=KEC0132609020002
KC5U452609020001,주식회사 에이케이지 창원지점,㈜에이케이지 창원지점_전직지원팀 업무담당자 모집 (직업상담사),"연봉2,600 만원 이상",경남 창원시 성산구,[인증],,관계없음,26-09-02,26-11-01,http://www.work.go.kr/empInfo/empInfoSrch/detail/empDetailAuthView.do?callPage=detail&wantedAuthNo=KC5U452609020001
KJSA002609010001,（주）대명,품질관리 경력사원 (서류작성 업무) 모집,"연봉3,000 만원 이상 ~ 3,200 만원 이하",경남 창원시 의창구,[인증],,경력 3년,26-09-01,26-10-31,http://www.work.go.kr/empInfo/empInfoSrch/detail/empDetailAuthView.do?callPage=detail&wantedAuthNo=KJSA002609010001
K180412609010035,리뉴어스 주식회사,리뉴어스(주) 창원재활용종합단지 재활용품 선별원 모집,월급230 만원 이상 ~ 240 만원 이하,경남 창원시 성산구,[인증],,관계없음,26-09-01,26-10-31,http://www.work.go.kr/empInfo/empInfoSrch/detail/empDetailAuthView.do?callPage=detail&wantedAuthNo=K180412609010035
K131132609010057,대원기전,대원기전 방산 하네스 업무,"연봉3,376 만원 이상",경남 창원시 성산구,[인증],,관계없음,26-09-01,26-09-30,http://www.work.go.kr/empInfo/empInfoSrch/detail/empDetailAuthView.do?callPage=detail&wantedAuthNo=K131132609010057
K131132609010056,주식회사대한정기,현장 관리직 모집,월급300 만원 이상 ~ 320 만원 이하,경남 창원시 의창구,[인증],,경력 3년,26-09-01,26-10-31,http://www.work.go.kr/empInfo/empInfoSrch/detail/empDetailAuthView.do?callPage=detail&wantedAuthNo=K131132609010056
K131132609010054,채움언어심리감각운동발달센터,언어재활사  모집합니다.,월급220 만원 이상,경남 창원시 진해구,[인증],,신입,26-09-01,26-10-30,http://www.work.go.kr/empInfo/empInfoSrch/detail/empDetailAuthView.do?callPage=detail&wantedAuthNo=K131132609010054
K131132609010053,명창정밀,품질관리(SQ) 사원 모집,"시급10,320 원 이상",경남 창원시 성산구,[인증],,신입,26-09-01,26-10-31,http://www.work.go.kr/empInfo/empInfoSrch/detail/empDetailAuthView.do?callPage=detail&wantedAuthNo=K131132609010053
K131132609010052,명창정밀,품질관리(SQ) 경력자 모집,"연봉3,500 만원 이상",경남 창원시 성산구,[인증],,경력 1년,26-09-01,26-10-31,http://www.work.go.kr/empInfo/empInfoSrch/detail/empDetailAuthView.do?callPage=detail&wantedAuthNo=K131132609010052
K131132609010051,주식회사동양기업,기계업종 경리업무 담당자 모집[인원충원],"연봉3,060 만원 이상 ~ 3,500 만원 이하",경남 창원시 의창구,[인증],,경력 3년,26-09-01,26-09-30,http://www.work.go.kr/empInfo/empInfoSrch/detail/empDetailAuthView.do?callPage=detail&wantedAuthNo=K131132609010051
K131132609010050,주식회사 다인열처리,(주)다인열처리 현장직(열처리) 사원을 모집합니다.,"연봉3,800 만원 이상 ~ 4,500 만원 이하",경남 창원시 성산구,[인증],,관계없음,26-09-01,26-10-28,http://www.work.go.kr/empInfo/empInfoSrch/detail/empDetailAuthView.do?callPage=detail&wantedAuthNo=K131132609010050
K131132609010049,주식회사코만,"조립부, 가공부 단순생산 [기간제 사원] 모집","시급10,320 원 이상 ~ 10,320 원 이하",경남 창원시 의창구,[인증],,신입,26-09-01,26-10-31,http://www.work.go.kr/empInfo/empInfoSrch/detail/empDetailAuthView.do?callPage=detail&wantedAuthNo=K131132609010049
KF11312609010009,（주）케이원시스템,창원병원 야간전담 원무 당직자 모집,"시급10,500 원 이상",경남 창원시 성산구,[인증],,관계없음,26-09-01,26-10-31,http://www.work.go.kr/empInfo/empInfoSrch/detail/empDetailAuthView.do?callPage=detail&wantedAuthNo=KF11312609010009
K131132609010048,굳뉴스지역아동센터,굳뉴스지역아동센터 시설장 채용,월급270 만원 이상,경남 창원시 의창구,[인증],,관계없음,26-09-01,26-09-24,http://www.work.go.kr/empInfo/empInfoSrch/detail/empDetailAuthView.do?callPage=detail&wantedAuthNo=K131132609010048
K131132609010047,주식회사동양기업,기술영업직 모집,"연봉4,300 만원 이상 ~ 5,300 만원 이하",경남 창원시 의창구,[인증],,경력 5년,26-09-01,26-09-30,http://www.work.go.kr/empInfo/empInfoSrch/detail/empDetailAuthView.do?callPage=detail&wantedAuthNo=K131132609010047
K131132609010044,주식회사 동아종합정비,상용차 하체 전문 정비사를 모집합니다.,월급300 만원 이상 ~ 500 만원 이하,경남 창원시 의창구,[인증],,경력 1년,26-09-01,26-10-31,http://www.work.go.kr/empInfo/empInfoSrch/detail/empDetailAuthView.do?callPage=detail&wantedAuthNo=K131132609010044
K131132609010043,대광테크윈주식회사,개발팀 관리자 경력직 모집[자동차 부품],"연봉4,300 만원 이상",경남 창원시 진해구,[인증],,경력 3년,26-09-01,26-09-18,http://www.work.go.kr/empInfo/empInfoSrch/detail/empDetailAuthView.do?callPage=detail&wantedAuthNo=K131132609010043
K131132609010042,ISL계기 (유),[정규직] 기술영업직 모집,"연봉5,000 만원 이상 ~ 6,500 만원 이하",경남 창원시 의창구,[인증],,경력 3년,26-09-01,26-09-30,http://www.work.go.kr/empInfo/empInfoSrch/detail/empDetailAuthView.do?callPage=detail&wantedAuthNo=K131132609010042
K131132609010040,주식회사신한,와이어컷팅 경력직 모집,"연봉4,500 만원 이상 ~ 5,000 만원 이하",경남 창원시 의창구,[인증],,경력 1년,26-09-01,26-09-30,http://www.work.go.kr/empInfo/empInfoSrch/detail/empDetailAuthView.do?callPage=detail&wantedAuthNo=K131132609010040
K131132609010039,주식회사신한,프로파일 정규직 모집,"시급10,320 원 이상",경남 창원시 의창구,[인증],,관계없음,26-09-01,26-09-30,http://www.work.go.kr/empInfo/empInfoSrch/detail/empDetailAuthView.do?callPage=detail&wantedAuthNo=K131132609010039
K131132609010038,주식회사신한,밀링 작업 정규직 모집,"시급10,320 원 이상",경남 창원시 의창구,[인증],,관계없음,26-09-01,26-09-30,http://www.work.go.kr/empInfo/empInfoSrch/detail/empDetailAuthView.do?callPage=detail&wantedAuthNo=K131132609010038
K131132609010037,(주)비엠금속,생산직(주조품) 사원모집,"시급10,320 원 이상",경남 창원시 진해구,[인증],,관계없음,26-09-01,26-10-31,http://www.work.go.kr/empInfo/empInfoSrch/detail/empDetailAuthView.do?callPage=detail&wantedAuthNo=K131132609010037
K131132609010036,주식회사신한,슈퍼드릴 정규직 모집,"시급10,320 원 이상",경남 창원시 의창구,[인증],,신입,26-09-01,26-09-30,http://www.work.go.kr/empInfo/empInfoSrch/detail/empDetailAuthView.do?callPage=detail&wantedAuthNo=K131132609010036
KF10532609010003,다시봄요양센터,다시봄요양센터 조리원 신규 채용,월급270 만원 이상 ~ 270 만원 이하,경남 창원시 의창구,[인증],,관계없음,26-09-01,26-09-30,http://www.work.go.kr/empInfo/empInfoSrch/detail/empDetailAuthView.do?callPage=detail&wantedAuthNo=KF10532609010003
K131132609010035,(합자)대창강업,건설현장 안전관리자 모집.,"연봉4,000 만원 이상",경남 창원시 성산구,[인증],,경력 1년,26-09-01,26-09-30,http://www.work.go.kr/empInfo/empInfoSrch/detail/empDetailAuthView.do?callPage=detail&wantedAuthNo=K131132609010035
K131132609010034,(합자)대창강업,건축기사 모집.,"연봉5,300 만원 이상",경남 창원시 의창구,[인증],,경력 10년,26-09-01,26-09-30,http://www.work.go.kr/empInfo/empInfoSrch/detail/empDetailAuthView.do?callPage=detail&wantedAuthNo=K131132609010034
K131132609010030,무생세무법인창원지점,세무회계 모집,"연봉2,800 만원 이상",경남 창원시 성산구,[인증],,경력 2년,26-09-01,26-09-30,http://www.work.go.kr/empInfo/empInfoSrch/detail/empDetailAuthView.do?callPage=detail&wantedAuthNo=K131132609010030
K131132609010025,태광이엠씨,전기공사 직원모집,"연봉3,400 만원 이상",경남 창원시 의창구,[인증],,신입,26-09-01,26-10-31,http://www.work.go.kr/empInfo/empInfoSrch/detail/empDetailAuthView.do?callPage=detail&wantedAuthNo=K131132609010025
K131132609010019,디지털코리아,"인쇄및 기계조작, 컴퓨터업무 직원구합니다","연봉2,700 만원 이상",경남 창원시 성산구,[인증],,신입,26-09-01,26-10-31,http://www.work.go.kr/empInfo/empInfoSrch/detail/empDetailAuthView.do?callPage=detail&wantedAuthNo=K131132609010019
K131132609010016,주식회사 제일기술감리,"배전 상주감리원(중급,고급)을 모십니다","연봉4,000 만원 이상 ~ 4,200 만원 이하",경남 창원시 성산구,[인증],,경력 5년,26-09-01,26-09-30,http://www.work.go.kr/empInfo/empInfoSrch/detail/empDetailAuthView.do?callPage=detail&wantedAuthNo=K131132609010016
K131132609010015,다음회계법인,다음회계법인 경력직 직원채용,"연봉2,900 만원 이상 ~ 3,400 만원 이하",경남 창원시 성산구,[인증],,경력 3년,26-09-01,26-09-30,http://www.work.go.kr/empInfo/empInfoSrch/detail/empDetailAuthView.do?callPage=detail&wantedAuthNo=K131132609010015
K131132609010013,(유)티에스,MCT 가공 경력자 모집,"시급11,000 원 이상 ~ 13,000 원 이하",경남 창원시 의창구,[인증],,경력 1년,26-09-01,26-10-31,http://www.work.go.kr/empInfo/empInfoSrch/detail/empDetailAuthView.do?callPage=detail&wantedAuthNo=K131132609010013
K131132609010012,(주)세종,지게차 정비기사 모집 [경력무관],"연봉3,800 만원 이상 ~ 4,500 만원 이하",경남 창원시 의창구,[인증],,관계없음,26-09-01,26-09-30,http://www.work.go.kr/empInfo/empInfoSrch/detail/empDetailAuthView.do?callPage=detail&wantedAuthNo=K131132609010012
KF10802609010004,마미캠프산후조리원,신생아실 교대 근무자(간호조무사 및 간호사) 모집,"시급10,320 원 이상 ~ 10,320 원 이하",경남 창원시 성산구,[인증],,관계없음,26-09-01,26-10-31,http://www.work.go.kr/empInfo/empInfoSrch/detail/empDetailAuthView.do?callPage=detail&wantedAuthNo=KF10802609010004
K131132609010011,대신금속（주）,공무팀 팀장 모집,"연봉6,000 만원 이상",경남 창원시 의창구,[인증],,경력 10년,26-09-01,26-10-31,http://www.work.go.kr/empInfo/empInfoSrch/detail/empDetailAuthView.do?callPage=detail&wantedAuthNo=K131132609010011
K131132609010010,대신금속（주）,기술연구소 팀장 채용,"연봉5,000 만원 이상",경남 창원시 의창구,[인증],,경력 10년,26-09-01,26-10-31,http://www.work.go.kr/empInfo/empInfoSrch/detail/empDetailAuthView.do?callPage=detail&wantedAuthNo=K131132609010010
K131132609010009,케이제이테크,CNC 선반 가공 기능 보유자 모집,"시급10,320 원 이상 ~ 10,320 원 이하",경남 창원시 의창구,[인증],,관계없음,26-09-01,26-10-31,http://www.work.go.kr/empInfo/empInfoSrch/detail/empDetailAuthView.do?callPage=detail&wantedAuthNo=K131132609010009
KJSP002609010001,(주)아람인테크,[주5일]델파이 구내식당 주방 세척 및 보조 구인,"시급12,000 원 이상 ~ 12,000 원 이하",경남 창원시 성산구,[인증],,경력  6개월,26-09-01,26-10-31,http://www.work.go.kr/empInfo/empInfoSrch/detail/empDetailAuthView.do?callPage=detail&wantedAuthNo=KJSP002609010001
KEC0132609010001,우리재가노인복지센터,요양보호사 구인합니다(이동목욕),"시급10,320 원 이상 ~ 10,320 원 이하",경남 창원시 성산구,[인증],,관계없음,26-09-01,26-09-30,http://www.work.go.kr/empInfo/empInfoSrch/detail/empDetailAuthView.do?callPage=detail&wantedAuthNo=KEC0132609010001
K131132609010007,성원코리아주식회사,NC 오퍼레이터 [경력무관] 채용,"시급10,320 원 이상 ~ 10,320 원 이하",경남 창원시 의창구,[인증],,관계없음,26-09-01,26-09-30,http://www.work.go.kr/empInfo/empInfoSrch/detail/empDetailAuthView.do?callPage=detail&wantedAuthNo=K131132609010007
K131132609010004,주식회사 창원컨트리클럽,(주)창원컨트리클럽 코스관리부 계약직원 모집,월급285 만원 이상 ~ 285 만원 이하,경남 창원시 의창구,[인증],,관계없음,26-09-01,26-10-30,http://www.work.go.kr/empInfo/empInfoSrch/detail/empDetailAuthView.do?callPage=detail&wantedAuthNo=K131132609010004
K131132609010002,미래엔지니어링 주식회사,토목분야(안전진단) 신입 및 경력 정규직 채용공고,"연봉3,000 만원 이상",경남 창원시 진해구,[인증],,관계없음,26-09-01,26-09-30,http://www.work.go.kr/empInfo/empInfoSrch/detail/empDetailAuthView.do?callPage=detail&wantedAuthNo=K131132609010002
K131132609010001,주식회사대경열처리,품질관리 사원 모집,"연봉3,600 만원 이상",경남 창원시 성산구,[인증],,관계없음,26-09-01,26-09-30,http://www.work.go.kr/empInfo/empInfoSrch/detail/empDetailAuthView.do?callPage=detail&wantedAuthNo=K131132609010001
KEC0542608310002,마음동행재가복지센터,의창구 명서동 요양보호사 선생님 구인 합니다.,"시급10,320 원 이상 ~ 10,320 원 이하",경남 창원시 의창구,[인증],,관계없음,26-08-31,26-10-30,http://www.work.go.kr/empInfo/empInfoSrch/detail/empDetailAuthView.do?callPage=detail&wantedAuthNo=KEC0542608310002
K131132608310089,(주)후남운수,유럽트럭 대형차(수입차) 정비기사님을 모집합니다.,월급270 만원 이상 ~ 600 만원 이하,경남 창원시 진해구,[인증],,관계없음,26-08-31,26-10-30,http://www.work.go.kr/empInfo/empInfoSrch/detail/empDetailAuthView.do?callPage=detail&wantedAuthNo=K131132608310089
K131132608310088,동행인재가복지센터,(진해구 청안동 부영아파트) 요양보호사 선생님 모집,"시급10,320 원 이상",경남 창원시 진해구,[인증],,관계없음,26-08-31,26-10-30,http://www.work.go.kr/empInfo/empInfoSrch/detail/empDetailAuthView.do?callPage=detail&wantedAuthNo=K131132608310088
K131132608310086,주식회사명성유통,(주)명성유통 입출고관리원 구인,월급270 만원 이상 ~ 270 만원 이하,경남 창원시 의창구,[인증],,관계없음,26-08-31,26-09-23,http://www.work.go.kr/empInfo/empInfoSrch/detail/empDetailAuthView.do?callPage=detail&wantedAuthNo=K131132608310086
K131132608310085,(주)케이인터내셔날,[신입] 해외영업/해외마케팅 사원 채용,월급290 만원 이상,경남 창원시 의창구,[인증],,신입,26-08-31,26-10-30,http://www.work.go.kr/empInfo/empInfoSrch/detail/empDetailAuthView.do?callPage=detail&wantedAuthNo=K131132608310085
K131132608310084,(주)케이인터내셔날,[경력] 스페인어 해외영업/해외마케팅 사원 채용,월급330 만원 이상,경남 창원시 의창구,[인증],,경력 2년,26-08-31,26-10-30,http://www.work.go.kr/empInfo/empInfoSrch/detail/empDetailAuthView.do?callPage=detail&wantedAuthNo=K131132608310084
K131132608310082,삼원테크,CNC자동선반 검사실 검사원 및 관리자(주임/대리) 모집,"시급11,000 원 이상",경남 창원시 의창구,[인증],,경력 3년,26-08-31,26-09-30,http://www.work.go.kr/empInfo/empInfoSrch/detail/empDetailAuthView.do?callPage=detail&wantedAuthNo=K131132608310082
K131132608310081,(주)케이인터내셔날,[경력] 해외영업/해외마케팅 경력사원 채용,월급330 만원 이상,경남 창원시 의창구,[인증],,경력 2년,26-08-31,26-10-30,http://www.work.go.kr/empInfo/empInfoSrch/detail/empDetailAuthView.do?callPage=detail&wantedAuthNo=K131132608310081
K131132608310080,삼원테크,한화자동선반 복합기  가공생산업무 근무자를 모집합니다.,"시급13,000 원 이상 ~ 15,000 원 이하",경남 창원시 의창구,[인증],,경력 3년,26-08-31,26-09-30,http://www.work.go.kr/empInfo/empInfoSrch/detail/empDetailAuthView.do?callPage=detail&wantedAuthNo=K131132608310080
K131132608310078,성우정밀（주),"사출 금형조립 및 사상원, MCT기계 모집","시급12,000 원 이상 ~ 12,000 원 이하",경남 창원시 성산구,[인증],,신입,26-08-31,26-09-18,http://www.work.go.kr/empInfo/empInfoSrch/detail/empDetailAuthView.do?callPage=detail&wantedAuthNo=K131132608310078
K131132608310077,손수,손수식품 사무직 직원 채용공고(1명),"시급10,320 원 이상 ~ 11,000 원 이하",경남 창원시 의창구,[인증],,관계없음,26-08-31,26-10-30,http://www.work.go.kr/empInfo/empInfoSrch/detail/empDetailAuthView.do?callPage=detail&wantedAuthNo=K131132608310077
K131132608310076,씨엠케이로지스틱스 주식회사,검수(창고장) 경력직 구인합니다.,"연봉3,600 만원 이상 ~ 4,000 만원 이하",경남 창원시 진해구,[인증],,경력 3년,26-08-31,26-10-30,http://www.work.go.kr/empInfo/empInfoSrch/detail/empDetailAuthView.do?callPage=detail&wantedAuthNo=K131132608310076
K131132608310075,주식회사호성,생산직 사원모집,월급300 만원 이상 ~ 300 만원 이하,경남 창원시 성산구,[인증],,관계없음,26-08-31,26-10-30,http://www.work.go.kr/empInfo/empInfoSrch/detail/empDetailAuthView.do?callPage=detail&wantedAuthNo=K131132608310075
K131132608310073,유진메탈 주식회사,유진메탈 - 범용선반 직원 모집(경력직 및 초보),"연봉4,600 만원 이상",경남 창원시 성산구,[인증],,관계없음,26-08-31,26-10-30,http://www.work.go.kr/empInfo/empInfoSrch/detail/empDetailAuthView.do?callPage=detail&wantedAuthNo=K131132608310073
K131132608310072,최익수의원,원무과 직원모집,월급247 만원 이상,경남 창원시 의창구,[인증],,관계없음,26-08-31,26-10-30,http://www.work.go.kr/empInfo/empInfoSrch/detail/empDetailAuthView.do?callPage=detail&wantedAuthNo=K131132608310072
K131132608310070,동양산업 주식회사,동양산업- 단조기 조작원 모집,"시급10,320 원 이상",경남 창원시 성산구,[인증],,관계없음,26-08-31,26-10-30,http://www.work.go.kr/empInfo/empInfoSrch/detail/empDetailAuthView.do?callPage=detail&wantedAuthNo=K131132608310070
K131132608310066,주식회사 에스엔디,단순 사상원,"시급10,500 원 이상",경남 창원시 의창구,[인증],,관계없음,26-08-31,26-10-30,http://www.work.go.kr/empInfo/empInfoSrch/detail/empDetailAuthView.do?callPage=detail&wantedAuthNo=K131132608310066
K131132608310059,(주)하은,MCT 가공 현장 경력자 모집,"시급12,000 원 이상",경남 창원시 성산구,[인증],,경력  6개월,26-08-31,26-10-30,http://www.work.go.kr/empInfo/empInfoSrch/detail/empDetailAuthView.do?callPage=detail&wantedAuthNo=K131132608310059
KEC0132608310003,시민주야간센터,"시민주야간보호센터 요양보호사 모집 (주간, 주말)",월급216 만원 이상 ~ 221 만원 이하,경남 창원시 의창구,[인증],,관계없음,26-08-31,26-10-27,http://www.work.go.kr/empInfo/empInfoSrch/detail/empDetailAuthView.do?callPage=detail&wantedAuthNo=KEC0132608310003
K131312608310075,（주）에스엔피,한화에어로창원3사업장 직원식당 조리원 모집,"시급10,530 원 이상 ~ 10,530 원 이하",경남 창원시 성산구,[인증],,관계없음,26-08-31,26-10-30,http://www.work.go.kr/empInfo/empInfoSrch/detail/empDetailAuthView.do?callPage=detail&wantedAuthNo=K131312608310075
K131312608310066,（주）에스엔피,효성중공업 직원식당 조리원 모집,"시급10,320 원 이상 ~ 10,320 원 이하",경남 창원시 성산구,[인증],,관계없음,26-08-31,26-10-30,http://www.work.go.kr/empInfo/empInfoSrch/detail/empDetailAuthView.do?callPage=detail&wantedAuthNo=K131312608310066
K131132608310054,주식회사 진영테크,진영테크 - 영업납품 관리원모집,"연봉4,000 만원 이상",경남 창원시 성산구,[인증],,경력 3년,26-08-31,26-09-19,http://www.work.go.kr/empInfo/empInfoSrch/detail/empDetailAuthView.do?callPage=detail&wantedAuthNo=K131132608310054
K130042608310037,노인행복복지센터,창원 요양보호사 선생님을 모집합니다.,"시급10,320 원 이상 ~ 10,320 원 이하",경남 창원시 성산구,[인증],,관계없음,26-08-31,26-10-30,http://www.work.go.kr/empInfo/empInfoSrch/detail/empDetailAuthView.do?callPage=detail&wantedAuthNo=K130042608310037
K131132608310053,(주)원진이엔씨,토목현장 공무보실 분을 모집합니다.,월급400 만원 이상,경남 창원시 의창구,[인증],,경력 1년,26-08-31,26-10-30,http://www.work.go.kr/empInfo/empInfoSrch/detail/empDetailAuthView.do?callPage=detail&wantedAuthNo=K131132608310053
K131132608310052,경인기업,LG 세탁기 부품 조립원 모집,"시급10,320 원 이상",경남 창원시 성산구,[인증],,관계없음,26-08-31,26-10-30,http://www.work.go.kr/empInfo/empInfoSrch/detail/empDetailAuthView.do?callPage=detail&wantedAuthNo=K131132608310052
K131132608310048,(주) 서연팩,생산직 사원모집,"연봉2,900 만원 이상",경남 창원시 의창구,[인증],,신입,26-08-31,26-10-30,http://www.work.go.kr/empInfo/empInfoSrch/detail/empDetailAuthView.do?callPage=detail&wantedAuthNo=K131132608310048
K131132608310046,이지스모터스,국산차 수입차 전문정비사,월급270 만원 이상 ~ 550 만원 이하,경남 창원시 성산구,[인증],,관계없음,26-08-31,26-09-30,http://www.work.go.kr/empInfo/empInfoSrch/detail/empDetailAuthView.do?callPage=detail&wantedAuthNo=K131132608310046
K131132608310044,하이에스지,조립 및 사상원 모집,"연봉3,560 만원 이상",경남 창원시 성산구,[인증],,경력 3년,26-08-31,26-10-30,http://www.work.go.kr/empInfo/empInfoSrch/detail/empDetailAuthView.do?callPage=detail&wantedAuthNo=K131132608310044
KF10802608310008,협성TECH,[협성TECH] 자동차 부품 외관 검사 및 포장 공정 정규직 모집(주간/주 40시간),"시급10,320 원 이상",경남 창원시 성산구,[인증],,경력 1년,26-08-31,26-10-30,http://www.work.go.kr/empInfo/empInfoSrch/detail/empDetailAuthView.do?callPage=detail&wantedAuthNo=KF10802608310008
K131132608310042,굳뉴스지역아동센터,굳뉴스지역아동센터 생활복지사 채용,월급220 만원 이상 ~ 300 만원 이하,경남 창원시 의창구,[인증],,관계없음,26-08-31,26-09-24,http://www.work.go.kr/empInfo/empInfoSrch/detail/empDetailAuthView.do?callPage=detail&wantedAuthNo=K131132608310042
K131132608310041,(주)엠제이테크,"용접, 취부, 사상 구인!~","시급10,320 원 이상",경남 창원시 진해구,[인증],,관계없음,26-08-31,26-10-30,http://www.work.go.kr/empInfo/empInfoSrch/detail/empDetailAuthView.do?callPage=detail&wantedAuthNo=K131132608310041
K131132608310039,(주)대원기전,공작기계 강전반 ASSY 품질 관리 및 생산 관리,"연봉3,500 만원 이상",경남 창원시 의창구,[인증],,경력 3년,26-08-31,26-10-30,http://www.work.go.kr/empInfo/empInfoSrch/detail/empDetailAuthView.do?callPage=detail&wantedAuthNo=K131132608310039
KF10792608310010,베베루미아 창원지사,창원 베베루미나 산후도우미  모십니다,"시급10,320 원 이상 ~ 10,320 원 이하",경남 창원시 의창구,[인증],,관계없음,26-08-31,26-10-27,http://www.work.go.kr/empInfo/empInfoSrch/detail/empDetailAuthView.do?callPage=detail&wantedAuthNo=KF10792608310010
K131132608310038,이좋은수치과의원,치과위생사  치과조무사 모집,월급230 만원 이상 ~ 300 만원 이하,경남 창원시 의창구,[인증],,관계없음,26-08-31,26-10-30,http://www.work.go.kr/empInfo/empInfoSrch/detail/empDetailAuthView.do?callPage=detail&wantedAuthNo=K131132608310038
K131132608310037,(주)대경정공,"대경정공 - 영업관리 및 영업과장,차장모집","연봉4,200 만원 이상 ~ 4,650 만원 이하",경남 창원시 성산구,[인증],,경력 6년,26-08-31,26-09-22,http://www.work.go.kr/empInfo/empInfoSrch/detail/empDetailAuthView.do?callPage=detail&wantedAuthNo=K131132608310037
K131132608310036,의료법인심연의료재단세명병원,병동 교대  근무자 및 병동 상근 모집합니다.,월급281 만원 이상 ~ 380 만원 이하,경남 창원시 진해구,[인증],,경력 3년,26-08-31,26-10-30,http://www.work.go.kr/empInfo/empInfoSrch/detail/empDetailAuthView.do?callPage=detail&wantedAuthNo=K131132608310036
K131132608310032,진양테크,생산직 사원 모집 (신입 사원 및 경력사원),"시급10,700 원 이상",경남 창원시 성산구,[인증],,관계없음,26-08-31,26-10-30,http://www.work.go.kr/empInfo/empInfoSrch/detail/empDetailAuthView.do?callPage=detail&wantedAuthNo=K131132608310032
K131132608310031,진양테크,엔진분해/조립/방청 모집,"시급10,700 원 이상",경남 창원시 성산구,[인증],,관계없음,26-08-31,26-10-30,http://www.work.go.kr/empInfo/empInfoSrch/detail/empDetailAuthView.do?callPage=detail&wantedAuthNo=K131132608310031
K131132608310025,기원정밀,원통 연마 작업자 모집,월급300 만원 이상 ~ 400 만원 이하,경남 창원시 의창구,[인증],,경력 2년,26-08-31,26-10-30,http://www.work.go.kr/empInfo/empInfoSrch/detail/empDetailAuthView.do?callPage=detail&wantedAuthNo=K131132608310025
K131132608310024,세무법인조은,세무법인 조은 본점 직원 채용 [경력직],월급330 만원 이상,경남 창원시 의창구,[인증],,경력 10년,26-08-31,26-09-30,http://www.work.go.kr/empInfo/empInfoSrch/detail/empDetailAuthView.do?callPage=detail&wantedAuthNo=K131132608310024
K131132608310021,"마이 주식회사(M.A.I Co.,Ltd)",MAI 품질관리팀 채용공고,"연봉3,500 만원 이상",경남 창원시 성산구,[인증],,관계없음,26-08-31,26-10-30,http://www.work.go.kr/empInfo/empInfoSrch/detail/empDetailAuthView.do?callPage=detail&wantedAuthNo=K131132608310021
K131132608310018,(주)우현테크,소화가스 배관  피복아크 용접공 경력자 공고(제관 용접 가능하신분 우대),"일급200,000 원 이상",경남 창원시 의창구,[인증],,경력 5년,26-08-31,26-09-20,http://www.work.go.kr/empInfo/empInfoSrch/detail/empDetailAuthView.do?callPage=detail&wantedAuthNo=K131132608310018
KF10802608310004,모란여성병원,모란여성병원 간호조무사 모집,월급236 만원 이상,경남 창원시 성산구,[인증],,관계없음,26-08-31,26-10-30,http://www.work.go.kr/empInfo/empInfoSrch/detail/empDetailAuthView.do?callPage=detail&wantedAuthNo=KF10802608310004
K131132608310015,대동테크,소화가스 배관 피복아크 용접공 경력자 구합니다.(제관 용접 가능하신 분 우대),"일급200,000 원 이상",경남 창원시 의창구,[인증],,경력 1년,26-08-31,26-09-20,http://www.work.go.kr/empInfo/empInfoSrch/detail/empDetailAuthView.do?callPage=detail&wantedAuthNo=K131132608310015
K131132608310014,시은테크,생산관리 채용,월급290 만원 이상 ~ 400 만원 이하,경남 창원시 의창구,[인증],,관계없음,26-08-31,26-09-30,http://www.work.go.kr/empInfo/empInfoSrch/detail/empDetailAuthView.do?callPage=detail&wantedAuthNo=K131132608310014
K131132608310013,주식회사 다온에이치에스,지엠비코리아 내 (주)다온에이치에스 미화(청소) 사원모집,"시급10,320 원 이상 ~ 10,320 원 이하",경남 창원시 성산구,[인증],,관계없음,26-08-31,26-09-30,http://www.work.go.kr/empInfo/empInfoSrch/detail/empDetailAuthView.do?callPage=detail&wantedAuthNo=K131132608310013
K131132608310012,신진정밀,"생산,품질관리자 (CNC,MCT,연마)","시급15,000 원 이상",경남 창원시 의창구,[인증],,경력 5년,26-08-31,26-10-30,http://www.work.go.kr/empInfo/empInfoSrch/detail/empDetailAuthView.do?callPage=detail&wantedAuthNo=K131132608310012
K131132608310011,(주)농협하나로유통하나로마트창원점,하나로마트 창원점 계약직(마트사업) 채용 공고,"시급10,320 원 이상 ~ 10,320 원 이하",경남 창원시 의창구,[인증],,관계없음,26-08-31,26-09-30,http://www.work.go.kr/empInfo/empInfoSrch/detail/empDetailAuthView.do?callPage=detail&wantedAuthNo=K131132608310011
K131132608310009,코끼리자원,11톤 카고차량 운전직,월급280 만원 이상 ~ 280 만원 이하,경남 창원시 의창구,[인증],,경력 1년,26-08-31,26-10-30,http://www.work.go.kr/empInfo/empInfoSrch/detail/empDetailAuthView.do?callPage=detail&wantedAuthNo=K131132608310009
K131132608310006,창원시노인주간보호센터,재가센터 방문요양 요양보호사(의창구 대산면 가술리) 모집합니다.,"시급10,320 원 이상 ~ 10,320 원 이하",경남 창원시 의창구,[인증],,관계없음,26-08-31,26-10-27,http://www.work.go.kr/empInfo/empInfoSrch/detail/empDetailAuthView.do?callPage=detail&wantedAuthNo=K131132608310006
K131112608310005,래보테크주식회사,"철강 설비 점검, 보수 경력 사원 모집","시급13,400 원 이상 ~ 13,450 원 이하",경남 창원시 성산구,[인증],,경력 1년,26-08-31,26-10-30,http://www.work.go.kr/empInfo/empInfoSrch/detail/empDetailAuthView.do?callPage=detail&wantedAuthNo=K131112608310005
K131132608310003,주식회사 디에스이아이,선박 용도 DOOR  생산관리 경력자 모집,월급275 만원 이상,경남 창원시 진해구,[인증],,경력 2년,26-08-31,26-10-27,http://www.work.go.kr/empInfo/empInfoSrch/detail/empDetailAuthView.do?callPage=detail&wantedAuthNo=K131132608310003
K131132608310002,주식회사 디에스이아이,조선 기자재 선실 DOOR 제작 설계 신입 & 경력자 모집,월급216 만원 이상,경남 창원시 진해구,[인증],,관계없음,26-08-31,26-10-27,http://www.work.go.kr/empInfo/empInfoSrch/detail/empDetailAuthView.do?callPage=detail&wantedAuthNo=K131132608310002
K131132608280054,주식회사이온,수배전반 및 분전반 생산 조립원 모집,"연봉2,800 만원 이상",경남 창원시 의창구,[인증],,신입,26-08-28,26-10-27,http://www.work.go.kr/empInfo/empInfoSrch/detail/empDetailAuthView.do?callPage=detail&wantedAuthNo=K131132608280054
K131132608280050,(유）진복주류판매상사,업체주류납품 사원모집합니다.,"연봉3,300 만원 이상",경남 창원시 의창구,[인증],,관계없음,26-08-28,26-10-24,http://www.work.go.kr/empInfo/empInfoSrch/detail/empDetailAuthView.do?callPage=detail&wantedAuthNo=K131132608280050
K131132608280048,케이(K) ENG,생산직 사원,"시급10,320 원 이상",경남 창원시 의창구,[인증],,관계없음,26-08-28,26-10-27,http://www.work.go.kr/empInfo/empInfoSrch/detail/empDetailAuthView.do?callPage=detail&wantedAuthNo=K131132608280048
K131112608280030,(주)기창건설,"건설현장  (공무,공사에 관한 경험자), 토목기사 합니다","연봉5,000 만원 이상 ~ 6,000 만원 이하",경남 창원시 진해구,[인증],,경력 5년,26-08-28,26-10-27,http://www.work.go.kr/empInfo/empInfoSrch/detail/empDetailAuthView.do?callPage=detail&wantedAuthNo=K131112608280030
K131132608280043,(주)삼정글로텍,[경력직] 국제물류 포워딩 CS·수출입 실무 담당자 채용,월급250 만원 이상 ~ 330 만원 이하,경남 창원시 진해구,[인증],,경력 1년,26-08-28,26-10-27,http://www.work.go.kr/empInfo/empInfoSrch/detail/empDetailAuthView.do?callPage=detail&wantedAuthNo=K131132608280043
KF10532608280002,디엠테크주식회사,디엠테크(주) 자동차 부품 공정 검사원 채용공고,"시급10,320 원 이상",경남 창원시 성산구,[인증],,관계없음,26-08-28,26-09-19,http://www.work.go.kr/empInfo/empInfoSrch/detail/empDetailAuthView.do?callPage=detail&wantedAuthNo=KF10532608280002
K131132608280039,주식회사캐스탑,생산직(용해수) 사원모집,"시급11,000 원 이상",경남 창원시 의창구,[인증],,관계없음,26-08-28,26-10-27,http://www.work.go.kr/empInfo/empInfoSrch/detail/empDetailAuthView.do?callPage=detail&wantedAuthNo=K131132608280039
K131132608280037,성오기업주식회사,부산신항 물류센터 조선기자재 입출고관리 채용,월급280 만원 이상 ~ 300 만원 이하,경남 창원시 진해구,[인증],,관계없음,26-08-28,26-10-27,http://www.work.go.kr/empInfo/empInfoSrch/detail/empDetailAuthView.do?callPage=detail&wantedAuthNo=K131132608280037
K131312608280040,(주)영일,(주)영일 창원파티마병원 영양팀 배식원 모집,월급265 만원 이상 ~ 265 만원 이하,경남 창원시 의창구,[인증],,신입,26-08-28,26-09-21,http://www.work.go.kr/empInfo/empInfoSrch/detail/empDetailAuthView.do?callPage=detail&wantedAuthNo=K131312608280040
K131132608280033,나눔재가노인복지센터,재가요양보호사 모집공고,"시급10,320 원 이상",경남 창원시 진해구,[인증],,관계없음,26-08-28,26-10-27,http://www.work.go.kr/empInfo/empInfoSrch/detail/empDetailAuthView.do?callPage=detail&wantedAuthNo=K131132608280033
KEC0132608280002,주식회사 로볼루션,[2026년 경상남도 일자리 종합 박람회 직접 참여업체] (주)로볼루션 기업부설 연구소 인력 채용,"연봉3,700 만원 이상",경남 창원시 의창구,[인증],,경력 3년,26-08-28,26-10-27,http://www.work.go.kr/empInfo/empInfoSrch/detail/empDetailAuthView.do?callPage=detail&wantedAuthNo=KEC0132608280002
K131132608280022,(주) 디펜스코리아,(주)디펜스코리아 R&D 연구원 정규직 채용,"연봉3,000 만원 이상",경남 창원시 의창구,[인증],,경력 1년,26-08-28,26-10-20,http://www.work.go.kr/empInfo/empInfoSrch/detail/empDetailAuthView.do?callPage=detail&wantedAuthNo=K131132608280022
K131132608280021,주식회사카스글로벌,쇼링파트(컨테이너 수출화물 고정 작업) 직원을 모집합니다.,월급250 만원 이상 ~ 250 만원 이하,경남 창원시 진해구,[인증],,관계없음,26-08-28,26-10-27,http://www.work.go.kr/empInfo/empInfoSrch/detail/empDetailAuthView.do?callPage=detail&wantedAuthNo=K131132608280021
K131132608280019,(주)대진정보네트웍,통신공사(엘지유플러스)현장직 신입 및 경력사원 모집합니다,"연봉3,300 만원 이상 ~ 5,000 만원 이하",경남 창원시 의창구,[인증],,관계없음,26-08-28,26-10-27,http://www.work.go.kr/empInfo/empInfoSrch/detail/empDetailAuthView.do?callPage=detail&wantedAuthNo=K131132608280019
K131132608280017,주식회사케이에스엘코리아,성형연삭 담당자 모집,월급300 만원 이상 ~ 400 만원 이하,경남 창원시 의창구,[인증],,경력 1년,26-08-28,26-09-30,http://www.work.go.kr/empInfo/empInfoSrch/detail/empDetailAuthView.do?callPage=detail&wantedAuthNo=K131132608280017
K131132608280016,주식회사 리컴퍼니,3D Max 및 도면 전문가를 모집합니다.,"연봉4,500 만원 이상",경남 창원시 성산구,[인증],,경력 5년,26-08-28,26-10-27,http://www.work.go.kr/empInfo/empInfoSrch/detail/empDetailAuthView.do?callPage=detail&wantedAuthNo=K131132608280016
K131132608280015,은우하이텍 주식회사,"CNC,MCT,세이퍼,연삭기 조작원 채용","시급10,320 원 이상",경남 창원시 성산구,[인증],,관계없음,26-08-28,26-10-26,http://www.work.go.kr/empInfo/empInfoSrch/detail/empDetailAuthView.do?callPage=detail&wantedAuthNo=K131132608280015
K131312608280004,(주)한솔로지스틱스,소형 로봇단조(주/야간),"시급11,000 원 이상 ~ 11,000 원 이하",경남 창원시 성산구,[인증],,관계없음,26-08-28,26-09-18,http://www.work.go.kr/empInfo/empInfoSrch/detail/empDetailAuthView.do?callPage=detail&wantedAuthNo=K131312608280004
K131132608280009,(주)티엠씨테크,자동차 부품 생산직 사원 모집,"시급10,320 원 이상",경남 창원시 성산구,[인증],,관계없음,26-08-28,26-10-27,http://www.work.go.kr/empInfo/empInfoSrch/detail/empDetailAuthView.do?callPage=detail&wantedAuthNo=K131132608280009
K131132608280008,주식회사코드원,창원 성산구 소재 특수경비원 모집,월급300 만원 이상 ~ 300 만원 이하,경남 창원시 성산구,[인증],,관계없음,26-08-28,26-10-26,http://www.work.go.kr/empInfo/empInfoSrch/detail/empDetailAuthView.do?callPage=detail&wantedAuthNo=K131132608280008
K131132608280006,주식회사 경일웰드텍,품질관리(공정/수입),"시급13,000 원 이상",경남 창원시 성산구,[인증],,신입,26-08-28,26-10-27,http://www.work.go.kr/empInfo/empInfoSrch/detail/empDetailAuthView.do?callPage=detail&wantedAuthNo=K131132608280006
KJSP002608280003,더리본 주식회사,장례의전도우미 모집,"일급120,000 원 이상 ~ 160,000 원 이하",경남 창원시 성산구,[인증],,관계없음,26-08-28,26-10-26,http://www.work.go.kr/empInfo/empInfoSrch/detail/empDetailAuthView.do?callPage=detail&wantedAuthNo=KJSP002608280003
KJSP002608280001,더리본 주식회사,웨딩 수모 및 헬퍼 모집,"일급150,000 원 이상 ~ 180,000 원 이하",경남 창원시 성산구,[인증],,관계없음,26-08-28,26-10-26,http://www.work.go.kr/empInfo/empInfoSrch/detail/empDetailAuthView.do?callPage=detail&wantedAuthNo=KJSP002608280001
K131132608270051,광림테크,"성형연삭,평면연마 신규및 경력사원 모집","연봉3,000 만원 이상 ~ 7,000 만원 이하",경남 창원시 의창구,[인증],,관계없음,26-08-27,26-10-26,http://www.work.go.kr/empInfo/empInfoSrch/detail/empDetailAuthView.do?callPage=detail&wantedAuthNo=K131132608270051
K131132608270050,(주)창원청과시장,[모집] 경매보조(신입가능),"연봉3,200 만원 이상",경남 창원시 의창구,[인증],,관계없음,26-08-27,26-10-26,http://www.work.go.kr/empInfo/empInfoSrch/detail/empDetailAuthView.do?callPage=detail&wantedAuthNo=K131132608270050
K131132608270048,현대자동차블루핸즈동전산단점,"현대블루핸즈에서 가족과 같이 일하실분 본인의 능력 인정받고 싶으신분 딱 한분만을 모집합니다,,",월급280 만원 이상,경남 창원시 의창구,[인증],,경력 4년,26-08-27,26-10-26,http://www.work.go.kr/empInfo/empInfoSrch/detail/empDetailAuthView.do?callPage=detail&wantedAuthNo=K131132608270048
K131132608270047,제이피코(주）,"현장직 배관공, 용접공( 단기계약, 계약종료 후 연장 검토)","일급140,000 원 이상 ~ 200,000 원 이하",경남 창원시 성산구,[인증],,경력 3년,26-08-27,26-10-26,http://www.work.go.kr/empInfo/empInfoSrch/detail/empDetailAuthView.do?callPage=detail&wantedAuthNo=K131132608270047
K131132608270046,주식회사 키움커리어,국민취업지원제도 업무담당자 경력 및 신입 채용,"연봉2,640 만원 이상",경남 창원시 의창구,[인증],,관계없음,26-08-27,26-10-26,http://www.work.go.kr/empInfo/empInfoSrch/detail/empDetailAuthView.do?callPage=detail&wantedAuthNo=K131132608270046
K131132608270044,나우텍주식회사,금형조립원 모집,"연봉4,500 만원 이상",경남 창원시 의창구,[인증],,경력 1년,26-08-27,26-10-26,http://www.work.go.kr/empInfo/empInfoSrch/detail/empDetailAuthView.do?callPage=detail&wantedAuthNo=K131132608270044
K131132608270042,나우텍주식회사,금형개발보조원 모집,"시급10,320 원 이상",경남 창원시 의창구,[인증],,관계없음,26-08-27,26-10-26,http://www.work.go.kr/empInfo/empInfoSrch/detail/empDetailAuthView.do?callPage=detail&wantedAuthNo=K131132608270042
K131132608270041,농업회사법인한세상주식회사,식품 생산 직원 모집,"시급10,320 원 이상 ~ 10,320 원 이하",경남 창원시 의창구,[인증],,신입,26-08-27,26-10-12,http://www.work.go.kr/empInfo/empInfoSrch/detail/empDetailAuthView.do?callPage=detail&wantedAuthNo=K131132608270041
K131132608270040,(주)부경,공무팀 인원 모집합니다,"연봉4,000 만원 이상",경남 창원시 성산구,[인증],,경력 5년,26-08-27,26-10-26,http://www.work.go.kr/empInfo/empInfoSrch/detail/empDetailAuthView.do?callPage=detail&wantedAuthNo=K131132608270040
K131132608270036,주식회사 아라온종합건설,건축 및 실내건축 시공 및 현장관리자 모집,월급450 만원 이상 ~ 500 만원 이하,경남 창원시 성산구,[인증],,경력 3년,26-08-27,26-10-26,http://www.work.go.kr/empInfo/empInfoSrch/detail/empDetailAuthView.do?callPage=detail&wantedAuthNo=K131132608270036
K131132608270032,주식회사대륭도장,생산관리원 채용,"연봉3,300 만원 이상",경남 창원시 성산구,[인증],,관계없음,26-08-27,26-10-26,http://www.work.go.kr/empInfo/empInfoSrch/detail/empDetailAuthView.do?callPage=detail&wantedAuthNo=K131132608270032
K130232608270046,주식회사 케이엘로지스,"부산 신항 및 북항, 컨테이너 쇼링&라이싱 작업 전문가를 찾습니다!","연봉3,120 만원 이상",경남 창원시 진해구,[인증],,관계없음,26-08-27,26-10-26,http://www.work.go.kr/empInfo/empInfoSrch/detail/empDetailAuthView.do?callPage=detail&wantedAuthNo=K130232608270046
K131132608270026,부성A-TECH,프로파일성형연삭,"시급10,320 원 이상 ~ 12,000 원 이하",경남 창원시 의창구,[인증],,관계없음,26-08-27,26-10-26,http://www.work.go.kr/empInfo/empInfoSrch/detail/empDetailAuthView.do?callPage=detail&wantedAuthNo=K131132608270026
K131112608270021,(주)화성산업,창원 성산구 웅남동 회사 청소원 구인,월급197 만원 이상 ~ 197 만원 이하,경남 창원시 성산구,[인증],,경력 1년,26-08-27,26-09-20,http://www.work.go.kr/empInfo/empInfoSrch/detail/empDetailAuthView.do?callPage=detail&wantedAuthNo=K131112608270021
K131132608270021,누림재가복지센터,창원동읍 방문간호사구인합니다,"시급37,000 원 이상 ~ 38,000 원 이하",경남 창원시 의창구,[인증],,경력 2년,26-08-27,26-10-26,http://www.work.go.kr/empInfo/empInfoSrch/detail/empDetailAuthView.do?callPage=detail&wantedAuthNo=K131132608270021
K131132608270020,(주)우현테크,소화가스 배관 보조공 채용합니다.,"일급150,000 원 이상",경남 창원시 의창구,[인증],,관계없음,26-08-27,26-09-20,http://www.work.go.kr/empInfo/empInfoSrch/detail/empDetailAuthView.do?callPage=detail&wantedAuthNo=K131132608270020
KF10802608270004,주식회사 파이토메이드,인터넷 쇼핑몰 관리 직원 모집,"연봉2,600 만원 이상 ~ 2,600 만원 이하",경남 창원시 의창구,[인증],,관계없음,26-08-27,26-10-26,http://www.work.go.kr/empInfo/empInfoSrch/detail/empDetailAuthView.do?callPage=detail&wantedAuthNo=KF10802608270004
K131132608270012,로즈맘여성산부인과의원,산부인과 분만실 병동간호조무사 모집,"시급10,320 원 이상",경남 창원시 의창구,[인증],,관계없음,26-08-27,26-10-26,http://www.work.go.kr/empInfo/empInfoSrch/detail/empDetailAuthView.do?callPage=detail&wantedAuthNo=K131132608270012
KF10802608270003,해피케어실버요양센터,(동읍 용정길) 4등급 할머니요양보호사 구인,"시급10,320 원 이상 ~ 10,320 원 이하",경남 창원시 의창구,[인증],,관계없음,26-08-27,26-10-26,http://www.work.go.kr/empInfo/empInfoSrch/detail/empDetailAuthView.do?callPage=detail&wantedAuthNo=KF10802608270003
KJSP002608270002,(주)아람인테크,두산에너빌리티 신규오픈 식당 주방보조 직원 모집,"시급10,320 원 이상 ~ 10,320 원 이하",경남 창원시 성산구,[인증],,경력  1개월,26-08-27,26-09-30,http://www.work.go.kr/empInfo/empInfoSrch/detail/empDetailAuthView.do?callPage=detail&wantedAuthNo=KJSP002608270002
KJSP002608270001,(주)아람인테크,[주5일] 두산 구내식당(원자력) 주방보조 직원 모집,"시급10,320 원 이상 ~ 10,320 원 이하",경남 창원시 성산구,[인증],,경력  1개월,26-08-27,26-09-30,http://www.work.go.kr/empInfo/empInfoSrch/detail/empDetailAuthView.do?callPage=detail&wantedAuthNo=KJSP002608270001
K131132608270005,(주)한올,한올 - 유압기계 및 일반기계 조립 인원 모집,"연봉3,000 만원 이상 ~ 5,000 만원 이하",경남 창원시 성산구,[인증],,관계없음,26-08-27,26-10-25,http://www.work.go.kr/empInfo/empInfoSrch/detail/empDetailAuthView.do?callPage=detail&wantedAuthNo=K131132608270005
K131132608270003,주식회사선우도장,단순 생산직 모집(도장보조),"시급10,320 원 이상 ~ 11,000 원 이하",경남 창원시 성산구,[인증],,관계없음,26-08-27,26-09-30,http://www.work.go.kr/empInfo/empInfoSrch/detail/empDetailAuthView.do?callPage=detail&wantedAuthNo=K131132608270003
K131132608260085,연세에스병원,진해)연세에스병원/조리원 구인 /자격증 우대,월급298 만원 이상,경남 창원시 진해구,[인증],,관계없음,26-08-26,26-10-25,http://www.work.go.kr/empInfo/empInfoSrch/detail/empDetailAuthView.do?callPage=detail&wantedAuthNo=K131132608260085
K131132608260080,주식회사해광이엔지,성실한 직원 채용공고,"시급10,320 원 이상",경남 창원시 진해구,[인증],,신입,26-08-26,26-10-25,http://www.work.go.kr/empInfo/empInfoSrch/detail/empDetailAuthView.do?callPage=detail&wantedAuthNo=K131132608260080
K131132608260079,(주)효림HF(HiForging),효림HF 열간단조 프레스원 현장직 채용,월급400 만원 이상,경남 창원시 성산구,[인증],,관계없음,26-08-26,26-09-23,http://www.work.go.kr/empInfo/empInfoSrch/detail/empDetailAuthView.do?callPage=detail&wantedAuthNo=K131132608260079
K131132608260078,(주) 마크프로,직원 채용(품질검사원),"시급10,320 원 이상 ~ 10,400 원 이하",경남 창원시 성산구,[인증],,경력 2년,26-08-26,26-10-25,http://www.work.go.kr/empInfo/empInfoSrch/detail/empDetailAuthView.do?callPage=detail&wantedAuthNo=K131132608260078
K131132608260076,은빛노인센터,노인 공동생활 가정 요양보호사 선생님 구합니다,월급216 만원 이상 ~ 216 만원 이하,경남 창원시 진해구,[인증],,관계없음,26-08-26,26-09-30,http://www.work.go.kr/empInfo/empInfoSrch/detail/empDetailAuthView.do?callPage=detail&wantedAuthNo=K131132608260076
K131132608260072,다옴,배송 및 창고 입출고 관리자 모집,"연봉3,000 만원 이상 ~ 3,600 만원 이하",경남 창원시 의창구,[인증],,관계없음,26-08-26,26-10-25,http://www.work.go.kr/empInfo/empInfoSrch/detail/empDetailAuthView.do?callPage=detail&wantedAuthNo=K131132608260072
K180422608260012,더함비즈 주식회사,주차관제 현장관리 및 A/S 신입/경력 직원을 모집합니다.,"연봉2,600 만원 이상 ~ 3,000 만원 이하",경남 창원시 의창구,[인증],,관계없음,26-08-26,26-10-25,http://www.work.go.kr/empInfo/empInfoSrch/detail/empDetailAuthView.do?callPage=detail&wantedAuthNo=K180422608260012
K131132608260071,주식회사도경테크,(주)도경테크 수압검사원 모집,월급300 만원 이상,경남 창원시 진해구,[인증],,관계없음,26-08-26,26-10-25,http://www.work.go.kr/empInfo/empInfoSrch/detail/empDetailAuthView.do?callPage=detail&wantedAuthNo=K131132608260071
K131132608260069,주식회사 디에스엠 (DSM Corporation),디에스엠 생산직 모집,"시급10,320 원 이상",경남 창원시 성산구,[인증],,관계없음,26-08-26,26-09-25,http://www.work.go.kr/empInfo/empInfoSrch/detail/empDetailAuthView.do?callPage=detail&wantedAuthNo=K131132608260069
K131132608260068,주식회사 태동기업,함께 성실히 조선소 내 발판 및 비계 설치 해체 신규 직원을 찾습니다.,"시급10,320 원 이상",경남 창원시 진해구,[인증],,관계없음,26-08-26,26-10-25,http://www.work.go.kr/empInfo/empInfoSrch/detail/empDetailAuthView.do?callPage=detail&wantedAuthNo=K131132608260068
K131132608260061,성원코리아주식회사,"품질(보증,QC)모집-경력자우대","연봉4,000 만원 이상",경남 창원시 의창구,[인증],,경력 3년,26-08-26,26-09-25,http://www.work.go.kr/empInfo/empInfoSrch/detail/empDetailAuthView.do?callPage=detail&wantedAuthNo=K131132608260061
K131132608260059,삼영정공(주),▩삼영정공(주)▩부설연구소 연구원(신입 or 경력)을 모십니다▩창원 신촌동▩,"연봉3,800 만원 이상",경남 창원시 성산구,[인증],,관계없음,26-08-26,26-10-25,http://www.work.go.kr/empInfo/empInfoSrch/detail/empDetailAuthView.do?callPage=detail&wantedAuthNo=K131132608260059
K131132608260058,주식회사율곡,(주)율곡 창원공장(사상) 정규직 채용,"시급10,320 원 이상",경남 창원시 성산구,[인증],,경력 3년,26-08-26,26-10-25,http://www.work.go.kr/empInfo/empInfoSrch/detail/empDetailAuthView.do?callPage=detail&wantedAuthNo=K131132608260058
K131132608260056,주식회사율곡,(주)율곡 창원공장 (MCT 가공) 정규직 채용,"시급10,320 원 이상",경남 창원시 성산구,[인증],,경력 1년,26-08-26,26-10-25,http://www.work.go.kr/empInfo/empInfoSrch/detail/empDetailAuthView.do?callPage=detail&wantedAuthNo=K131132608260056
K131132608260052,주식회사마크,[주식회사마크] 시각디자이너를 모집합니다. (본사 상주근무 필수!),월급220 만원 이상,경남 창원시 성산구,[인증],,경력 1년,26-08-26,26-10-25,http://www.work.go.kr/empInfo/empInfoSrch/detail/empDetailAuthView.do?callPage=detail&wantedAuthNo=K131132608260052
K131132608260050,주식회사 피앰케이,순환골재 건설용골재 사무직을 채용합니다,월급350 만원 이상,경남 창원시 성산구,[인증],,경력 1년,26-08-26,26-10-25,http://www.work.go.kr/empInfo/empInfoSrch/detail/empDetailAuthView.do?callPage=detail&wantedAuthNo=K131132608260050
K131132608260048,주식회사송원테크,[정규직] 철강 코일센터 생산직 사원 - 추가모집,"연봉4,300 만원 이상 ~ 4,500 만원 이하",경남 창원시 의창구,[인증],,관계없음,26-08-26,26-09-25,http://www.work.go.kr/empInfo/empInfoSrch/detail/empDetailAuthView.do?callPage=detail&wantedAuthNo=K131132608260048
K131132608260046,주식회사성현기업,선박엔진 배관조립원 모십니다.,"시급10,400 원 이상",경남 창원시 성산구,[인증],,관계없음,26-08-26,26-10-25,http://www.work.go.kr/empInfo/empInfoSrch/detail/empDetailAuthView.do?callPage=detail&wantedAuthNo=K131132608260046
K131132608260045,우성테크,프로파일 가공 [경력자] 모집합니다.,월급350 만원 이상 ~ 400 만원 이하,경남 창원시 의창구,[인증],,경력 5년,26-08-26,26-09-25,http://www.work.go.kr/empInfo/empInfoSrch/detail/empDetailAuthView.do?callPage=detail&wantedAuthNo=K131132608260045
K131132608260044,주식회사 태광파인텍,[태광파인텍]품질관리원 모집,월급216 만원 이상,경남 창원시 성산구,[인증],,경력 1년,26-08-26,26-09-20,http://www.work.go.kr/empInfo/empInfoSrch/detail/empDetailAuthView.do?callPage=detail&wantedAuthNo=K131132608260044
K131132608260043,우성테크,성형 연삭 [경력자] 모집,월급350 만원 이상 ~ 400 만원 이하,경남 창원시 의창구,[인증],,경력 5년,26-08-26,26-09-25,http://www.work.go.kr/empInfo/empInfoSrch/detail/empDetailAuthView.do?callPage=detail&wantedAuthNo=K131132608260043
K131132608260042,주식회사 태광파인텍,[태광파인텍] 납품 관리 기사 모집,월급216 만원 이상,경남 창원시 성산구,[인증],,경력 1년,26-08-26,26-09-20,http://www.work.go.kr/empInfo/empInfoSrch/detail/empDetailAuthView.do?callPage=detail&wantedAuthNo=K131132608260042
K131132608260041,주식회사 태광파인텍,"[태광파인텍] 범용 선반, 밀링 기사 모집",월급216 만원 이상,경남 창원시 성산구,[인증],,경력 1년,26-08-26,26-09-20,http://www.work.go.kr/empInfo/empInfoSrch/detail/empDetailAuthView.do?callPage=detail&wantedAuthNo=K131132608260041
KF10532608260004,고고쇼핑,(중앙동) 온라인 쇼핑몰 어드민관리자 모집,"시급10,320 원 이상 ~ 10,320 원 이하",경남 창원시 성산구,[인증],,신입,26-08-26,26-10-25,http://www.work.go.kr/empInfo/empInfoSrch/detail/empDetailAuthView.do?callPage=detail&wantedAuthNo=KF10532608260004
K131132608260037,사회적협동조합민들레,발달장애인 주간활동서비스 사회복지사 모집,월급220 만원 이상 ~ 230 만원 이하,경남 창원시 성산구,[인증],,관계없음,26-08-26,26-10-25,http://www.work.go.kr/empInfo/empInfoSrch/detail/empDetailAuthView.do?callPage=detail&wantedAuthNo=K131132608260037
K131132608260024,삼정테크,생산관리 담당자 모집,"연봉4,500 만원 이상",경남 창원시 성산구,[인증],,경력 3년,26-08-26,26-10-25,http://www.work.go.kr/empInfo/empInfoSrch/detail/empDetailAuthView.do?callPage=detail&wantedAuthNo=K131132608260024
KEC0132608260004,주식회사화인텍,생산 자동화 설비 유지 보수 정비원 모집,월급300 만원 이상 ~ 350 만원 이하,경남 창원시 성산구,[인증],,경력 1년,26-08-26,26-09-25,http://www.work.go.kr/empInfo/empInfoSrch/detail/empDetailAuthView.do?callPage=detail&wantedAuthNo=KEC0132608260004
K131132608260023,부광정밀공업(주),자동차부품 출하 검사원 모집,"시급10,320 원 이상",경남 창원시 의창구,[인증],,관계없음,26-08-26,26-10-25,http://www.work.go.kr/empInfo/empInfoSrch/detail/empDetailAuthView.do?callPage=detail&wantedAuthNo=K131132608260023
K131132608260022,창원시립은성어린이집,창원시립은성어린이집 영아반 담임교사(육아휴직대체교사) 모집합니다,월급240 만원 이상 ~ 260 만원 이하,경남 창원시 진해구,[인증],,경력 3년,26-08-26,26-09-30,http://www.work.go.kr/empInfo/empInfoSrch/detail/empDetailAuthView.do?callPage=detail&wantedAuthNo=K131132608260022
K131132608260021,부광정밀공업(주),자동차부품 생산관리 모집,"연봉4,200 만원 이상 ~ 4,700 만원 이하",경남 창원시 의창구,[인증],,경력 5년,26-08-26,26-10-25,http://www.work.go.kr/empInfo/empInfoSrch/detail/empDetailAuthView.do?callPage=detail&wantedAuthNo=K131132608260021
K131132608260020,(주)창원레미콘,"레미콘 생산직 구인(신입,경력)","연봉3,200 만원 이상",경남 창원시 의창구,[인증],,관계없음,26-08-26,26-10-25,http://www.work.go.kr/empInfo/empInfoSrch/detail/empDetailAuthView.do?callPage=detail&wantedAuthNo=K131132608260020
K131132608260011,(의)한마음국제의료재단,창원한마음병원 시설안전팀 시설안전직 채용,월급250 만원 이상 ~ 350 만원 이하,경남 창원시 의창구,[인증],,관계없음,26-08-26,26-10-25,http://www.work.go.kr/empInfo/empInfoSrch/detail/empDetailAuthView.do?callPage=detail&wantedAuthNo=K131132608260011
K131132608260010,주식회사 에스지정공,CNC 선반 및 MCT 가공 보조원,"연봉3,800 만원 이상",경남 창원시 의창구,[인증],,경력 3년,26-08-26,26-10-24,http://www.work.go.kr/empInfo/empInfoSrch/detail/empDetailAuthView.do?callPage=detail&wantedAuthNo=K131132608260010
K131132608260007,주식회사올니스,(주)올니스 CNC선반 조작원 모집,"시급10,320 원 이상 ~ 11,500 원 이하",경남 창원시 의창구,[인증],,경력 3년,26-08-26,26-10-24,http://www.work.go.kr/empInfo/empInfoSrch/detail/empDetailAuthView.do?callPage=detail&wantedAuthNo=K131132608260007
K131132608260006,남경식품(참그린김치),생산직 사원모집,"시급10,320 원 이상",경남 창원시 의창구,[인증],,관계없음,26-08-26,26-09-20,http://www.work.go.kr/empInfo/empInfoSrch/detail/empDetailAuthView.do?callPage=detail&wantedAuthNo=K131132608260006
KEC0132608260001,해피요양원,해피요양원 3조 2교대 요양보호사 모집합니다,월급250 만원 이상 ~ 255 만원 이하,경남 창원시 진해구,[인증],,관계없음,26-08-26,26-10-24,http://www.work.go.kr/empInfo/empInfoSrch/detail/empDetailAuthView.do?callPage=detail&wantedAuthNo=KEC0132608260001
K131132608250063,(주)영신엔지니어링,가스 기술연구 사무직 사원모집,"연봉3,000 만원 이상",경남 창원시 성산구,[인증],,관계없음,26-08-25,26-09-30,http://www.work.go.kr/empInfo/empInfoSrch/detail/empDetailAuthView.do?callPage=detail&wantedAuthNo=K131132608250063
KF10802608250010,주원테크,주/야 근무 전자제품 조립 및 검사원,"시급10,320 원 이상",경남 창원시 성산구,[인증],,관계없음,26-08-25,26-10-24,http://www.work.go.kr/empInfo/empInfoSrch/detail/empDetailAuthView.do?callPage=detail&wantedAuthNo=KF10802608250010
K131132608250060,주식회사에스엠이코리아,중국 시장 진출을 위한 해외 영업원/무역 사무원/통역가를 찾습니다.,"시급10,320 원 이상 ~ 10,320 원 이하",경남 창원시 의창구,[인증],,관계없음,26-08-25,26-10-24,http://www.work.go.kr/empInfo/empInfoSrch/detail/empDetailAuthView.do?callPage=detail&wantedAuthNo=K131132608250060
K131132608250058,주식회사 이앤에스코리아,"기계설계, 캐드원 모집","연봉2,800 만원 이상 ~ 5,000 만원 이하",경남 창원시 진해구,[인증],,관계없음,26-08-25,26-10-24,http://www.work.go.kr/empInfo/empInfoSrch/detail/empDetailAuthView.do?callPage=detail&wantedAuthNo=K131132608250058
K131132608250057,진해수산업협동조합,진해수협 가공공장 가공원 채용공고,월급189 만원 이상 ~ 189 만원 이하,경남 창원시 진해구,[인증],,관계없음,26-08-25,26-10-24,http://www.work.go.kr/empInfo/empInfoSrch/detail/empDetailAuthView.do?callPage=detail&wantedAuthNo=K131132608250057
K131132608250055,주식회사 혜송종합건설,건설 현장공무 및 현장기사 함께하실  인재 모집합니다.,"연봉4,000 만원 이상 ~ 4,500 만원 이하",경남 창원시 진해구,[인증],,경력 3년,26-08-25,26-10-24,http://www.work.go.kr/empInfo/empInfoSrch/detail/empDetailAuthView.do?callPage=detail&wantedAuthNo=K131132608250055
KF10802608250006,건행재가노인복지센터,[성산구 가음동] 재가 요양보호사 구인,"시급10,320 원 이상",경남 창원시 성산구,[인증],,관계없음,26-08-25,26-10-24,http://www.work.go.kr/empInfo/empInfoSrch/detail/empDetailAuthView.do?callPage=detail&wantedAuthNo=KF10802608250006
K131132608250045,코코테크,머시닝센터 작업자 모집합니다.,"시급10,500 원 이상",경남 창원시 성산구,[인증],,경력 1년,26-08-25,26-09-30,http://www.work.go.kr/empInfo/empInfoSrch/detail/empDetailAuthView.do?callPage=detail&wantedAuthNo=K131132608250045
K131132608250044,동명테크,CNC/MCT 경력사원 모집,월급300 만원 이상 ~ 500 만원 이하,경남 창원시 성산구,[인증],,경력 3년,26-08-25,26-10-24,http://www.work.go.kr/empInfo/empInfoSrch/detail/empDetailAuthView.do?callPage=detail&wantedAuthNo=K131132608250044
K131132608250043,청원메가텍(주),MCT 작업자 모집,"연봉5,000 만원 이상 ~ 5,500 만원 이하",경남 창원시 성산구,[인증],,경력 10년,26-08-25,26-10-24,http://www.work.go.kr/empInfo/empInfoSrch/detail/empDetailAuthView.do?callPage=detail&wantedAuthNo=K131132608250043
K131132608250038,(주)우리가스산업,산업용가스 충전 및 배송 업무를 책임질 신규 및 경력직 지원자를 모집합니다.,월급280 만원 이상,경남 창원시 진해구,[인증],,관계없음,26-08-25,26-10-23,http://www.work.go.kr/empInfo/empInfoSrch/detail/empDetailAuthView.do?callPage=detail&wantedAuthNo=K131132608250038
K131132608250035,이지스타이어,국산차 수입차 전문정비사,월급270 만원 이상 ~ 550 만원 이하,경남 창원시 성산구,[인증],,경력 1년,26-08-25,26-09-30,http://www.work.go.kr/empInfo/empInfoSrch/detail/empDetailAuthView.do?callPage=detail&wantedAuthNo=K131132608250035
K131132608250034,(주)삼현,[생산관리팀] 물류담당자 모집,"연봉3,400 만원 이상 ~ 4,000 만원 이하",경남 창원시 의창구,[인증],,관계없음,26-08-25,26-09-20,http://www.work.go.kr/empInfo/empInfoSrch/detail/empDetailAuthView.do?callPage=detail&wantedAuthNo=K131132608250034
K131132608250033,(의)한마음국제의료재단,[창원한마음병원]구매관리팀 세탁원,"시급10,320 원 이상",경남 창원시 의창구,[인증],,관계없음,26-08-25,26-10-24,http://www.work.go.kr/empInfo/empInfoSrch/detail/empDetailAuthView.do?callPage=detail&wantedAuthNo=K131132608250033
KF10532608250003,주식회사 뉴하이텍,인쇄회로기판 현미경 검사,"시급10,320 원 이상",경남 창원시 의창구,[인증],,관계없음,26-08-25,26-10-24,http://www.work.go.kr/empInfo/empInfoSrch/detail/empDetailAuthView.do?callPage=detail&wantedAuthNo=KF10532608250003
K131132608250031,하신테크,알루미늄 주조 다이캐스팅 생산직 모집,"시급10,320 원 이상 ~ 10,320 원 이하",경남 창원시 성산구,[인증],,관계없음,26-08-25,26-10-24,http://www.work.go.kr/empInfo/empInfoSrch/detail/empDetailAuthView.do?callPage=detail&wantedAuthNo=K131132608250031
K131132608250029,피앤엠(P&M),MCT 조작원 구합니다,"연봉4,500 만원 이상",경남 창원시 성산구,[인증],,경력 5년,26-08-25,26-10-24,http://www.work.go.kr/empInfo/empInfoSrch/detail/empDetailAuthView.do?callPage=detail&wantedAuthNo=K131132608250029
K131132608250028,경남산소,고압가스 납품 기사님 모집합니다.,"연봉3,400 만원 이상 ~ 3,800 만원 이하",경남 창원시 의창구,[인증],,관계없음,26-08-25,26-10-24,http://www.work.go.kr/empInfo/empInfoSrch/detail/empDetailAuthView.do?callPage=detail&wantedAuthNo=K131132608250028
KF10792608250002,송정노인복지센터,[진해 자은동]재가요양보호사,"시급10,320 원 이상",경남 창원시 진해구,[인증],,관계없음,26-08-25,26-10-24,http://www.work.go.kr/empInfo/empInfoSrch/detail/empDetailAuthView.do?callPage=detail&wantedAuthNo=KF10792608250002
K131132608250026,태성건설,[태성건설] 조립식판넬 현장직(초보환영/준기공/기공) 채용 공고,"일급150,000 원 이상 ~ 150,000 원 이하",경남 창원시 의창구,[인증],,관계없음,26-08-25,26-10-23,http://www.work.go.kr/empInfo/empInfoSrch/detail/empDetailAuthView.do?callPage=detail&wantedAuthNo=K131132608250026
K131132608250024,두원세무회계,"회계사무실 경력직, 신입 직원 모집합니다.",월급216 만원 이상,경남 창원시 성산구,[인증],,관계없음,26-08-25,26-09-24,http://www.work.go.kr/empInfo/empInfoSrch/detail/empDetailAuthView.do?callPage=detail&wantedAuthNo=K131132608250024
K131132608250022,청강재가노인복지센터,요양보호사 선생님을 구합니다.,"시급10,320 원 이상",경남 창원시 진해구,[인증],,관계없음,26-08-25,26-10-23,http://www.work.go.kr/empInfo/empInfoSrch/detail/empDetailAuthView.do?callPage=detail&wantedAuthNo=K131132608250022
K131132608250017,이안엔지니어링,파이프 정리 하실 현장 작업자 모집 합니다.,"연봉3,000 만원 이상 ~ 3,600 만원 이하",경남 창원시 진해구,[인증],,관계없음,26-08-25,26-10-24,http://www.work.go.kr/empInfo/empInfoSrch/detail/empDetailAuthView.do?callPage=detail&wantedAuthNo=K131132608250017
K131132608250015,사회복지법인성주원,2026년 영아반 담임교사(영아반증설),월급232 만원 이상,경남 창원시 성산구,[인증],,경력 3년,26-08-25,26-10-24,http://www.work.go.kr/empInfo/empInfoSrch/detail/empDetailAuthView.do?callPage=detail&wantedAuthNo=K131132608250015
K131132608250013,세기산업,"산업기계,공작기계 유지보전/정비업무","시급12,000 원 이상",경남 창원시 성산구,[인증],,경력 1년,26-08-25,26-10-24,http://www.work.go.kr/empInfo/empInfoSrch/detail/empDetailAuthView.do?callPage=detail&wantedAuthNo=K131132608250013
K131132608250009,에스에이치이엔지,자동화 시스템 설계 및 생산 관리 경험을 가진 경력자를 모집합니다.,"연봉4,500 만원 이상 ~ 7,000 만원 이하",경남 창원시 의창구,[인증],,경력 5년,26-08-25,26-09-30,http://www.work.go.kr/empInfo/empInfoSrch/detail/empDetailAuthView.do?callPage=detail&wantedAuthNo=K131132608250009
KEC0132608250005,태광엠앤에스 주식회사,[2026년 경상남도 일자리 종합 박람회 직접 참여업체]레이저절단 기술영업직 채용공고,"연봉5,000 만원 이상 ~ 6,000 만원 이하",경남 창원시 성산구,[인증],,경력 10년,26-08-25,26-09-24,http://www.work.go.kr/empInfo/empInfoSrch/detail/empDetailAuthView.do?callPage=detail&wantedAuthNo=KEC0132608250005
K131132608250004,세진산업(주),[품질] 배관품질팀 경력직 채용[팀원],"연봉3,800 만원 이상",경남 창원시 성산구,[인증],,경력 5년,26-08-25,26-09-27,http://www.work.go.kr/empInfo/empInfoSrch/detail/empDetailAuthView.do?callPage=detail&wantedAuthNo=K131132608250004
K131132608250003,세진산업(주),조선 및 발전 플랜트용 UNIT 설계(정규직) 신입/경력 모집,"연봉3,200 만원 이상 ~ 4,000 만원 이하",경남 창원시 진해구,[인증],,관계없음,26-08-25,26-09-27,http://www.work.go.kr/empInfo/empInfoSrch/detail/empDetailAuthView.do?callPage=detail&wantedAuthNo=K131132608250003
K131132608250001,(주)코어마린,레저보트 엔진 설치 및 정비 기사 구인,월급220 만원 이상 ~ 250 만원 이하,경남 창원시 진해구,[인증],,신입,26-08-25,26-09-25,http://www.work.go.kr/empInfo/empInfoSrch/detail/empDetailAuthView.do?callPage=detail&wantedAuthNo=K131132608250001
KF10532608240003,벡터산업,생산 및 품질관리 사무원,월급217 만원 이상,경남 창원시 의창구,[인증],,경력 2년,26-08-24,26-10-23,http://www.work.go.kr/empInfo/empInfoSrch/detail/empDetailAuthView.do?callPage=detail&wantedAuthNo=KF10532608240003
K131132608240082,삼한테크,MCT 직원모집,월급350 만원 이상 ~ 400 만원 이하,경남 창원시 의창구,[인증],,관계없음,26-08-24,26-09-22,http://www.work.go.kr/empInfo/empInfoSrch/detail/empDetailAuthView.do?callPage=detail&wantedAuthNo=K131132608240082
K131132608240079,더블피씨(주),자동차수입 부품 검수 직원,월급256 만원 이상 ~ 260 만원 이하,경남 창원시 진해구,[인증],,신입,26-08-24,26-10-23,http://www.work.go.kr/empInfo/empInfoSrch/detail/empDetailAuthView.do?callPage=detail&wantedAuthNo=K131132608240079
K131132608240076,이안과의원,창원 이안과 검안사 구합니다(육아휴직대체자),월급216 만원 이상 ~ 250 만원 이하,경남 창원시 의창구,[인증],,관계없음,26-08-24,26-10-23,http://www.work.go.kr/empInfo/empInfoSrch/detail/empDetailAuthView.do?callPage=detail&wantedAuthNo=K131132608240076
K131132608240071,이순열세무회계사무소,회계사무소 경력직 직원 채용,"연봉3,000 만원 이상",경남 창원시 성산구,[인증],,경력 1년,26-08-24,26-10-23,http://www.work.go.kr/empInfo/empInfoSrch/detail/empDetailAuthView.do?callPage=detail&wantedAuthNo=K131132608240071
K131132608240070,주식회사 농부고기백화점 팔용지점,정육점 매장 운영을 책임질 직원을 찾습니다.,월급252 만원 이상 ~ 252 만원 이하,경남 창원시 의창구,[인증],,경력 1년,26-08-24,26-10-21,http://www.work.go.kr/empInfo/empInfoSrch/detail/empDetailAuthView.do?callPage=detail&wantedAuthNo=K131132608240070
K131132608240064,(주)씨앤지,씨앤지 - 품질문서 관리 및 전산입력 사무원,"연봉2,600 만원 이상 ~ 3,500 만원 이하",경남 창원시 성산구,[인증],,경력 1년,26-08-24,26-10-23,http://www.work.go.kr/empInfo/empInfoSrch/detail/empDetailAuthView.do?callPage=detail&wantedAuthNo=K131132608240064
K131132608240060,재성테크,CNC 선반 경력자 모집,"연봉4,000 만원 이상 ~ 5,000 만원 이하",경남 창원시 의창구,[인증],,경력 5년,26-08-24,26-10-23,http://www.work.go.kr/empInfo/empInfoSrch/detail/empDetailAuthView.do?callPage=detail&wantedAuthNo=K131132608240060
K131132608240059,주식회사 위너텍,공작기계 수리 기사 모집합니다.[경력직],월급280 만원 이상 ~ 350 만원 이하,경남 창원시 의창구,[인증],,경력 3년,26-08-24,26-10-23,http://www.work.go.kr/empInfo/empInfoSrch/detail/empDetailAuthView.do?callPage=detail&wantedAuthNo=K131132608240059
K131132608240050,(주)화인전력,자재관리 및 사무직 사원 모집,"연봉3,000 만원 이상 ~ 5,000 만원 이하",경남 창원시 성산구,[인증],,관계없음,26-08-24,26-10-23,http://www.work.go.kr/empInfo/empInfoSrch/detail/empDetailAuthView.do?callPage=detail&wantedAuthNo=K131132608240050
K131132608240049,창원정보테크(주),통신공사 현장 경험을 쌓고 싶은 통신 기술자를 모집합니다.,"연봉3,000 만원 이상 ~ 4,000 만원 이하",경남 창원시 의창구,[인증],,신입,26-08-24,26-10-23,http://www.work.go.kr/empInfo/empInfoSrch/detail/empDetailAuthView.do?callPage=detail&wantedAuthNo=K131132608240049
K131132608240048,주식회사 영광,"프레나밀러, 선반 생산 가공직 사원 모집 (초보자 가능)","시급10,320 원 이상",경남 창원시 성산구,[인증],,경력 5년,26-08-24,26-10-23,http://www.work.go.kr/empInfo/empInfoSrch/detail/empDetailAuthView.do?callPage=detail&wantedAuthNo=K131132608240048
K131132608240045,부성A-TECH,성형 연삭 가공 /프로파일 성형 연삭,"시급10,320 원 이상 ~ 12,000 원 이하",경남 창원시 의창구,[인증],,관계없음,26-08-24,26-10-23,http://www.work.go.kr/empInfo/empInfoSrch/detail/empDetailAuthView.do?callPage=detail&wantedAuthNo=K131132608240045
K131132608240041,주식회사 보훈,CS/고객관리 담당자 채용(추가모집),"연봉2,700 만원 이상 ~ 2,700 만원 이하",경남 창원시 의창구,[인증],,관계없음,26-08-24,26-09-24,http://www.work.go.kr/empInfo/empInfoSrch/detail/empDetailAuthView.do?callPage=detail&wantedAuthNo=K131132608240041
K131132608240032,(주）맥서브（Maxerve Co．，Ltd．）,진해 톨게이트 요금수압 및 단속원 모집,"시급10,320 원 이상",경남 창원시 진해구,[인증],,관계없음,26-08-24,26-10-23,http://www.work.go.kr/empInfo/empInfoSrch/detail/empDetailAuthView.do?callPage=detail&wantedAuthNo=K131132608240032
K131132608240031,명창정밀,"금형설계사무직 경력, 보조직원모집합니다.","연봉2,900 만원 이상",경남 창원시 성산구,[인증],,경력 1년,26-08-24,26-09-30,http://www.work.go.kr/empInfo/empInfoSrch/detail/empDetailAuthView.do?callPage=detail&wantedAuthNo=K131132608240031
K131132608240030,명창정밀,방전가공원 경력자,"연봉4,000 만원 이상",경남 창원시 성산구,[인증],,경력 1년,26-08-24,26-09-30,http://www.work.go.kr/empInfo/empInfoSrch/detail/empDetailAuthView.do?callPage=detail&wantedAuthNo=K131132608240030
KEC0542608240004,안정재활요양원,대산면 안정재활요양원 요양보호사  모집,월급253 만원 이상,경남 창원시 의창구,[인증],,관계없음,26-08-24,26-09-23,http://www.work.go.kr/empInfo/empInfoSrch/detail/empDetailAuthView.do?callPage=detail&wantedAuthNo=KEC0542608240004
K131132608240021,(주)대원정공,[모집] 방산 용접 인원 (MIG/CO2/TIG),"연봉3,800 만원 이상 ~ 5,500 만원 이하",경남 창원시 성산구,[인증],,경력 3년,26-08-24,26-10-23,http://www.work.go.kr/empInfo/empInfoSrch/detail/empDetailAuthView.do?callPage=detail&wantedAuthNo=K131132608240021
K131132608240019,(주)신승정밀,품질관리 검사원 모집 (방산/항공),"연봉3,560 만원 이상 ~ 4,500 만원 이하",경남 창원시 성산구,[인증],,경력 3년,26-08-24,26-09-30,http://www.work.go.kr/empInfo/empInfoSrch/detail/empDetailAuthView.do?callPage=detail&wantedAuthNo=K131132608240019
K131132608240017,제이에스엔지니어링(주),현장 시공 및 관리,월급300 만원 이상,경남 창원시 성산구,[인증],,경력 5년,26-08-24,26-10-22,http://www.work.go.kr/empInfo/empInfoSrch/detail/empDetailAuthView.do?callPage=detail&wantedAuthNo=K131132608240017
K131132608240013,주식회사 탑엔지니어링,철근콘크리트 건설현장(공무보조or 안전서류 )담당자 모집합니다(경남창원),월급300 만원 이상 ~ 400 만원 이하,경남 창원시 의창구,[인증],,경력 1년,26-08-24,26-10-23,http://www.work.go.kr/empInfo/empInfoSrch/detail/empDetailAuthView.do?callPage=detail&wantedAuthNo=K131132608240013
K131132608240010,서광테크,품질관리(생산) 경력사원 모집,"시급13,000 원 이상 ~ 15,000 원 이하",경남 창원시 의창구,[인증],,경력 2년,26-08-24,26-10-20,http://www.work.go.kr/empInfo/empInfoSrch/detail/empDetailAuthView.do?callPage=detail&wantedAuthNo=K131132608240010
K131132608240005,주식회사 안국,㈜ 안국,"시급10,320 원 이상 ~ 10,320 원 이하",경남 창원시 의창구,[인증],,관계없음,26-08-24,26-10-18,http://www.work.go.kr/empInfo/empInfoSrch/detail/empDetailAuthView.do?callPage=detail&wantedAuthNo=K131132608240005
K131132608240004,주식회사 다윈이엔씨,[정규직] 영업관리 사무직 채용,"연봉2,800 만원 이상 ~ 3,400 만원 이하",경남 창원시 의창구,[인증],,관계없음,26-08-24,26-09-18,http://www.work.go.kr/empInfo/empInfoSrch/detail/empDetailAuthView.do?callPage=detail&wantedAuthNo=K131132608240004
K131132608240003,주식회사 에스엔디,프레스 성형 및 판금 생산직,"연봉5,000 만원 이상 ~ 6,000 만원 이하",경남 창원시 의창구,[인증],,경력 2년,26-08-24,26-10-21,http://www.work.go.kr/empInfo/empInfoSrch/detail/empDetailAuthView.do?callPage=detail&wantedAuthNo=K131132608240003
K131132608210058,주식회사 경성,(주)경성 자재관리 팀원 채용,"연봉3,000 만원 이상",경남 창원시 진해구,[인증],,관계없음,26-08-21,26-10-20,http://www.work.go.kr/empInfo/empInfoSrch/detail/empDetailAuthView.do?callPage=detail&wantedAuthNo=K131132608210058
K131132608210052,（주）정일테크,공작기계 부품 조립 및 보조원,"시급10,320 원 이상",경남 창원시 의창구,[인증],,관계없음,26-08-21,26-10-20,http://www.work.go.kr/empInfo/empInfoSrch/detail/empDetailAuthView.do?callPage=detail&wantedAuthNo=K131132608210052
KF10532608210003,안정재활재가센터,방문요양보호사,"시급13,000 원 이상",경남 창원시 의창구,[인증],,관계없음,26-08-21,26-09-30,http://www.work.go.kr/empInfo/empInfoSrch/detail/empDetailAuthView.do?callPage=detail&wantedAuthNo=KF10532608210003
K131132608210049,주식회사금정테크,평면연삭(연마) 기능공,월급350 만원 이상 ~ 350 만원 이하,경남 창원시 의창구,[인증],,경력 3년,26-08-21,26-10-20,http://www.work.go.kr/empInfo/empInfoSrch/detail/empDetailAuthView.do?callPage=detail&wantedAuthNo=K131132608210049
K131132608210043,주식회사 기미전자 창원공장,"프레스 금형 제조, 조작 및 수리 경험을 갖춘 전문가를 찾습니다.","연봉5,000 만원 이상 ~ 5,500 만원 이하",경남 창원시 성산구,[인증],,경력 1년,26-08-21,26-10-20,http://www.work.go.kr/empInfo/empInfoSrch/detail/empDetailAuthView.do?callPage=detail&wantedAuthNo=K131132608210043
K131132608210042,주식회사 기미전자 창원공장,프레스 금형 제조 및 프레스 기계 조작 인재를 모집합니다.,"연봉4,000 만원 이상 ~ 4,300 만원 이하",경남 창원시 성산구,[인증],,경력 1년,26-08-21,26-10-20,http://www.work.go.kr/empInfo/empInfoSrch/detail/empDetailAuthView.do?callPage=detail&wantedAuthNo=K131132608210042
K131132608210041,SSENG,CNC 선반원(경력) 모집,월급450 만원 이상,경남 창원시 성산구,[인증],,경력 5년,26-08-21,26-09-25,http://www.work.go.kr/empInfo/empInfoSrch/detail/empDetailAuthView.do?callPage=detail&wantedAuthNo=K131132608210041
K131132608210040,주식회사 도성산업,선박 건조 프로젝트에 필요한 실력있는 비계 공급자를 찾습니다.,"일급130,000 원 이상 ~ 180,000 원 이하",경남 창원시 성산구,[인증],,신입,26-08-21,26-10-18,http://www.work.go.kr/empInfo/empInfoSrch/detail/empDetailAuthView.do?callPage=detail&wantedAuthNo=K131132608210040
K131132608210037,루코정밀,공작기계 조립 및 A/S 전문가를 채용합니다.,월급270 만원 이상 ~ 300 만원 이하,경남 창원시 진해구,[인증],,경력 5년,26-08-21,26-10-20,http://www.work.go.kr/empInfo/empInfoSrch/detail/empDetailAuthView.do?callPage=detail&wantedAuthNo=K131132608210037
K131132608210034,(주)동명산업,생산직(선박포장작업) 사원 모집,"시급11,250 원 이상",경남 창원시 성산구,[인증],,관계없음,26-08-21,26-09-18,http://www.work.go.kr/empInfo/empInfoSrch/detail/empDetailAuthView.do?callPage=detail&wantedAuthNo=K131132608210034
K131132608210030,제이앤제이테크,머시닝센터(MCT) 경력사원 모집,"연봉5,000 만원 이상",경남 창원시 성산구,[인증],,경력 10년,26-08-21,26-10-17,http://www.work.go.kr/empInfo/empInfoSrch/detail/empDetailAuthView.do?callPage=detail&wantedAuthNo=K131132608210030
K131132608210026,(주)나산전기산업,생산 관리 및 입출고 관리원 신입 모집,"연봉3,200 만원 이상 ~ 3,200 만원 이하",경남 창원시 의창구,[인증],,신입,26-08-21,26-09-20,http://www.work.go.kr/empInfo/empInfoSrch/detail/empDetailAuthView.do?callPage=detail&wantedAuthNo=K131132608210026
K131132608210025,(주)나산전기산업,생산 관리 및 입출고 관리원 경력 모집,"연봉3,500 만원 이상 ~ 3,500 만원 이하",경남 창원시 의창구,[인증],,경력 3년,26-08-21,26-09-20,http://www.work.go.kr/empInfo/empInfoSrch/detail/empDetailAuthView.do?callPage=detail&wantedAuthNo=K131132608210025
K131132608210018,한텍,고객사 영업관리 인원 모집,"연봉3,000 만원 이상 ~ 3,000 만원 이하",경남 창원시 의창구,[인증],,관계없음,26-08-21,26-10-20,http://www.work.go.kr/empInfo/empInfoSrch/detail/empDetailAuthView.do?callPage=detail&wantedAuthNo=K131132608210018
K131132608210014,디에스（DS）테크,"케이블 ,하네스 제작 및 조립 (납땜 작업자 우대)(경력자 우대)","시급10,320 원 이상 ~ 13,000 원 이하",경남 창원시 의창구,[인증],,관계없음,26-08-21,26-10-20,http://www.work.go.kr/empInfo/empInfoSrch/detail/empDetailAuthView.do?callPage=detail&wantedAuthNo=K131132608210014
K131132608210013,디에스（DS）테크,생산관리 업무 / 내부 생산관리 / 자재관리,"연봉3,500 만원 이상 ~ 4,500 만원 이하",경남 창원시 의창구,[인증],,관계없음,26-08-21,26-10-20,http://www.work.go.kr/empInfo/empInfoSrch/detail/empDetailAuthView.do?callPage=detail&wantedAuthNo=K131132608210013
K131132608210012,주식회사 신화엠티,CNC선반 생산직 모집,"시급11,000 원 이상",경남 창원시 의창구,[인증],,관계없음,26-08-21,26-10-20,http://www.work.go.kr/empInfo/empInfoSrch/detail/empDetailAuthView.do?callPage=detail&wantedAuthNo=K131132608210012
KF10532608210001,（주）진오텍,생산직 신입 및 경력 사원 모집,"시급10,320 원 이상 ~ 10,320 원 이하",경남 창원시 성산구,[인증],,경력 1년,26-08-21,26-10-20,http://www.work.go.kr/empInfo/empInfoSrch/detail/empDetailAuthView.do?callPage=detail&wantedAuthNo=KF10532608210001
K131132608210009,수정테크,MCT. CNC 경력자 및 가공단순작업자 모집,"시급10,320 원 이상 ~ 10,320 원 이하",경남 창원시 성산구,[인증],,관계없음,26-08-21,26-10-20,http://www.work.go.kr/empInfo/empInfoSrch/detail/empDetailAuthView.do?callPage=detail&wantedAuthNo=K131132608210009
K131132608210008,삼성다이나에이치백 (주),삼성다이나에이치백(주) 경영지원부 경력직(과장급) 채용 공고,월급300 만원 이상 ~ 390 만원 이하,경남 창원시 성산구,[인증],,경력 2년,26-08-21,26-10-20,http://www.work.go.kr/empInfo/empInfoSrch/detail/empDetailAuthView.do?callPage=detail&wantedAuthNo=K131132608210008
K131132608200052,대한기전,전기 자재 및 창고 관리원,월급230 만원 이상,경남 창원시 성산구,[인증],,관계없음,26-08-20,26-10-19,http://www.work.go.kr/empInfo/empInfoSrch/detail/empDetailAuthView.do?callPage=detail&wantedAuthNo=K131132608200052
K131132608200049,블루돌핀어학원,초등어학원 담임 강사 모집,"시급15,000 원 이상 ~ 15,000 원 이하",경남 창원시 성산구,[인증],,관계없음,26-08-20,26-10-19,http://www.work.go.kr/empInfo/empInfoSrch/detail/empDetailAuthView.do?callPage=detail&wantedAuthNo=K131132608200049
K131132608200045,（주）세복,세복 - 품질관리직 정규직 채용,"연봉4,500 만원 이상",경남 창원시 성산구,[인증],,경력 5년,26-08-20,26-09-30,http://www.work.go.kr/empInfo/empInfoSrch/detail/empDetailAuthView.do?callPage=detail&wantedAuthNo=K131132608200045
K131132608200044,HSG중공업（주）,HSG중공업[창원공장] 자재관리 정규직 채용 공고,"연봉3,900 만원 이상",경남 창원시 성산구,[인증],,신입,26-08-20,26-10-19,http://www.work.go.kr/empInfo/empInfoSrch/detail/empDetailAuthView.do?callPage=detail&wantedAuthNo=K131132608200044
K131132608200041,세원기계,CNC선반 조작원,"시급10,320 원 이상",경남 창원시 성산구,[인증],,관계없음,26-08-20,26-10-19,http://www.work.go.kr/empInfo/empInfoSrch/detail/empDetailAuthView.do?callPage=detail&wantedAuthNo=K131132608200041
K131132608200040,주식회사 엔케이시,Project Manager(해외구매관리자) 모집,"연봉3,000 만원 이상 ~ 5,000 만원 이하",경남 창원시 성산구,[인증],,관계없음,26-08-20,26-10-19,http://www.work.go.kr/empInfo/empInfoSrch/detail/empDetailAuthView.do?callPage=detail&wantedAuthNo=K131132608200040
K131132608200039,더프라임분양대행컨설팅,경리 및 사무 업무 지원을 위한 전문 인력 모집,"연봉3,000 만원 이상",경남 창원시 성산구,[인증],,경력 3년,26-08-20,26-10-19,http://www.work.go.kr/empInfo/empInfoSrch/detail/empDetailAuthView.do?callPage=detail&wantedAuthNo=K131132608200039
K131132608200032,주식회사재영테크,인원관리 담당자(자차필수),월급210 만원 이상 ~ 250 만원 이하,경남 창원시 의창구,[인증],,관계없음,26-08-20,26-10-19,http://www.work.go.kr/empInfo/empInfoSrch/detail/empDetailAuthView.do?callPage=detail&wantedAuthNo=K131132608200032
KF10532608200002,주식회사 디에스엠 (DSM Corporation),(성산구 외동)자재팀 사원 모집(증원),"시급10,320 원 이상",경남 창원시 성산구,[인증],,신입,26-08-20,26-10-19,http://www.work.go.kr/empInfo/empInfoSrch/detail/empDetailAuthView.do?callPage=detail&wantedAuthNo=KF10532608200002
KF10532608200001,(주)현진코리아,베어링 외관 검사자 모집,"시급10,320 원 이상",경남 창원시 의창구,[인증],,경력 1년,26-08-20,26-10-19,http://www.work.go.kr/empInfo/empInfoSrch/detail/empDetailAuthView.do?callPage=detail&wantedAuthNo=KF10532608200001
K131132608200018,(주)나산전기산업,선박 제어 콘솔 전기 설계 모집,"연봉3,200 만원 이상",경남 창원시 의창구,[인증],,관계없음,26-08-20,26-10-19,http://www.work.go.kr/empInfo/empInfoSrch/detail/empDetailAuthView.do?callPage=detail&wantedAuthNo=K131132608200018
K131132608200017,디엘씨주식회사,시설관리 공무직 채용,"연봉3,300 만원 이상",경남 창원시 진해구,[인증],,관계없음,26-08-20,26-10-19,http://www.work.go.kr/empInfo/empInfoSrch/detail/empDetailAuthView.do?callPage=detail&wantedAuthNo=K131132608200017
K131132608200013,창원장애인자립생활센터,창원장애인자립생활센터 장애인활동지원사업 전담인력(코디네이터) 채용,월급223 만원 이상,경남 창원시 성산구,[인증],,관계없음,26-08-20,26-10-18,http://www.work.go.kr/empInfo/empInfoSrch/detail/empDetailAuthView.do?callPage=detail&wantedAuthNo=K131132608200013
KF10792608200005,송학노인복지센터,방문요양 사회복지사 구인,월급216 만원 이상,경남 창원시 의창구,[인증],,관계없음,26-08-20,26-10-19,http://www.work.go.kr/empInfo/empInfoSrch/detail/empDetailAuthView.do?callPage=detail&wantedAuthNo=KF10792608200005
K131132608200012,(주)케이알텍,용접사 직원채용(제관 및 용접-방산품 경력자 우대),"시급11,000 원 이상 ~ 18,000 원 이하",경남 창원시 성산구,[인증],,경력 3년,26-08-20,26-10-19,http://www.work.go.kr/empInfo/empInfoSrch/detail/empDetailAuthView.do?callPage=detail&wantedAuthNo=K131132608200012
K131312608200010,주식회사 한솔엠앤에이치,방산품 조립/검사,"시급10,320 원 이상 ~ 11,000 원 이하",경남 창원시 의창구,[인증],,관계없음,26-08-20,26-09-21,http://www.work.go.kr/empInfo/empInfoSrch/detail/empDetailAuthView.do?callPage=detail&wantedAuthNo=K131312608200010
K131132608200007,삼성터보서비스주식회사,삼성터보서비스 - 서비스엔지니어 채용,"연봉2,800 만원 이상 ~ 3,500 만원 이하",경남 창원시 성산구,[인증],,관계없음,26-08-20,26-09-25,http://www.work.go.kr/empInfo/empInfoSrch/detail/empDetailAuthView.do?callPage=detail&wantedAuthNo=K131132608200007
K131132608200004,성미카엘요양병원,성미카엘요양병원(창원)에서 간호조무사(3교대)를 구인합니다.(신규병동오픈예정),"연봉3,200 만원 이상 ~ 3,300 만원 이하",경남 창원시 의창구,[인증],,관계없음,26-08-20,26-09-30,http://www.work.go.kr/empInfo/empInfoSrch/detail/empDetailAuthView.do?callPage=detail&wantedAuthNo=K131132608200004
KEC0132608190007,(주)조은사람들,호텔 객실 청소원 모집,"시급10,320 원 이상 ~ 10,320 원 이하",경남 창원시 성산구,[인증],,관계없음,26-08-19,26-10-18,http://www.work.go.kr/empInfo/empInfoSrch/detail/empDetailAuthView.do?callPage=detail&wantedAuthNo=KEC0132608190007
K131132608190063,김철곤세무회계사무소,회계사무실 신입(혹은 경력직) 모집 합니다.,월급220 만원 이상 ~ 220 만원 이하,경남 창원시 성산구,[인증],,관계없음,26-08-19,26-10-18,http://www.work.go.kr/empInfo/empInfoSrch/detail/empDetailAuthView.do?callPage=detail&wantedAuthNo=K131132608190063
KF10802608190011,짐스아쿠아,어린이 보호차량 동승도우미 직원 모집,"시급10,320 원 이상",경남 창원시 성산구,[인증],,관계없음,26-08-19,26-10-18,http://www.work.go.kr/empInfo/empInfoSrch/detail/empDetailAuthView.do?callPage=detail&wantedAuthNo=KF10802608190011
KF10802608190010,짐스아쿠아,어린이 수영장 통학 셔틀 기사 모집,"시급10,320 원 이상",경남 창원시 성산구,[인증],,관계없음,26-08-19,26-10-18,http://www.work.go.kr/empInfo/empInfoSrch/detail/empDetailAuthView.do?callPage=detail&wantedAuthNo=KF10802608190010
K131132608190060,(주)에스제이케이,"자동선반, CNC선반 생산직 모집","시급10,320 원 이상",경남 창원시 의창구,[인증],,경력 1년,26-08-19,26-10-18,http://www.work.go.kr/empInfo/empInfoSrch/detail/empDetailAuthView.do?callPage=detail&wantedAuthNo=K131132608190060
KF10532608190010,안정재활요양원,안정재활요양원 조리원 구인,월급261 만원 이상,경남 창원시 의창구,[인증],,관계없음,26-08-19,26-10-18,http://www.work.go.kr/empInfo/empInfoSrch/detail/empDetailAuthView.do?callPage=detail&wantedAuthNo=KF10532608190010
K131132608190057,주식회사효림산업,제조업 선박도장원 생산보조 신입 및 경력 모집,"시급10,320 원 이상",경남 창원시 성산구,[인증],,관계없음,26-08-19,26-10-18,http://www.work.go.kr/empInfo/empInfoSrch/detail/empDetailAuthView.do?callPage=detail&wantedAuthNo=K131132608190057
K131132608190056,주식회사엠피콘,리치스태커 또는 R/S 장비기사님 구합니다,월급300 만원 이상,경남 창원시 진해구,[인증],,관계없음,26-08-19,26-10-18,http://www.work.go.kr/empInfo/empInfoSrch/detail/empDetailAuthView.do?callPage=detail&wantedAuthNo=K131132608190056
K131132608190055,신영정공,MCT및CNC선반 생산 및 관리,"시급12,000 원 이상 ~ 14,500 원 이하",경남 창원시 성산구,[인증],,경력 3년,26-08-19,26-10-18,http://www.work.go.kr/empInfo/empInfoSrch/detail/empDetailAuthView.do?callPage=detail&wantedAuthNo=K131132608190055
K131132608190054,주식회사 태광수출포장,"수출용 포장 목상자 제작, 포장 생산직 모집","시급12,000 원 이상",경남 창원시 의창구,[인증],,경력 2년,26-08-19,26-10-18,http://www.work.go.kr/empInfo/empInfoSrch/detail/empDetailAuthView.do?callPage=detail&wantedAuthNo=K131132608190054
K131132608190052,주식회사 태광수출포장,제조업 사무직 관리업무,월급230 만원 이상,경남 창원시 의창구,[인증],,경력 1년,26-08-19,26-10-18,http://www.work.go.kr/empInfo/empInfoSrch/detail/empDetailAuthView.do?callPage=detail&wantedAuthNo=K131132608190052
K131132608190051,정일기업,품질관리원 모집,월급250 만원 이상 ~ 300 만원 이하,경남 창원시 성산구,[인증],,경력 2년,26-08-19,26-10-18,http://www.work.go.kr/empInfo/empInfoSrch/detail/empDetailAuthView.do?callPage=detail&wantedAuthNo=K131132608190051
K131132608190050,하이젠알앤엠 주식회사,PLC 자동화 CAD,"연봉4,000 만원 이상",경남 창원시 성산구,[인증],,경력 3년,26-08-19,26-10-18,http://www.work.go.kr/empInfo/empInfoSrch/detail/empDetailAuthView.do?callPage=detail&wantedAuthNo=K131132608190050
K131132608190049,주식회사 문화엔터프라이즈,함께일할 경력직 2D 그래픽 디자이너분 모집합니다.,"연봉2,590 만원 이상 ~ 4,000 만원 이하",경남 창원시 의창구,[인증],,경력 3년,26-08-19,26-10-18,http://www.work.go.kr/empInfo/empInfoSrch/detail/empDetailAuthView.do?callPage=detail&wantedAuthNo=K131132608190049
KF10532608190005,주식회사 윈테크,[삼성전기협력사/초보가능]반도체 기판검사 모집/ 통근버스운행,"시급10,320 원 이상 ~ 10,320 원 이하",경남 창원시 진해구,[인증],,관계없음,26-08-19,26-09-20,http://www.work.go.kr/empInfo/empInfoSrch/detail/empDetailAuthView.do?callPage=detail&wantedAuthNo=KF10532608190005
K131132608190044,(주)나산전기산업,배전반 설계직원 모집,"연봉3,200 만원 이상",경남 창원시 의창구,[인증],,관계없음,26-08-19,26-09-18,http://www.work.go.kr/empInfo/empInfoSrch/detail/empDetailAuthView.do?callPage=detail&wantedAuthNo=K131132608190044
K131132608190043,(주)나산전기산업,품질관리 책임자 및 검사원 모집,"연봉3,200 만원 이상",경남 창원시 의창구,[인증],,관계없음,26-08-19,26-09-18,http://www.work.go.kr/empInfo/empInfoSrch/detail/empDetailAuthView.do?callPage=detail&wantedAuthNo=K131132608190043
K131132608190042,(주)나산전기산업,계장제어 설계직원 모집,"연봉3,200 만원 이상",경남 창원시 의창구,[인증],,관계없음,26-08-19,26-09-18,http://www.work.go.kr/empInfo/empInfoSrch/detail/empDetailAuthView.do?callPage=detail&wantedAuthNo=K131132608190042
KF10532608190003,주식회사 윈테크,(주) 윈테크 현장 전산원 모집 합니다.,"시급10,320 원 이상 ~ 10,320 원 이하",경남 창원시 진해구,[인증],,관계없음,26-08-19,26-09-18,http://www.work.go.kr/empInfo/empInfoSrch/detail/empDetailAuthView.do?callPage=detail&wantedAuthNo=KF10532608190003
KF10802608190006,활기찬신경외과의원,병원 코디네이터 신입 및 경력지원 구인합니다.,"시급10,320 원 이상",경남 창원시 성산구,[인증],,관계없음,26-08-19,26-10-18,http://www.work.go.kr/empInfo/empInfoSrch/detail/empDetailAuthView.do?callPage=detail&wantedAuthNo=KF10802608190006
KF10802608190005,활기찬신경외과의원,간호조무사 신입 및 경력지원 구인합니다.,"연봉2,600 만원 이상 ~ 2,800 만원 이하",경남 창원시 성산구,[인증],,관계없음,26-08-19,26-10-18,http://www.work.go.kr/empInfo/empInfoSrch/detail/empDetailAuthView.do?callPage=detail&wantedAuthNo=KF10802608190005
K131132608190039,주식회사장비하는사람들,급구급구~~스카이 고소 작업차 기사님을 모십니다,"연봉3,000 만원 이상",경남 창원시 성산구,[인증],,관계없음,26-08-19,26-10-18,http://www.work.go.kr/empInfo/empInfoSrch/detail/empDetailAuthView.do?callPage=detail&wantedAuthNo=K131132608190039
K131132608190037,(주)럭키테크,"생산직(플라스틱조립) 채용, (LG협력사 경험자 환영)","시급11,000 원 이상 ~ 11,500 원 이하",경남 창원시 의창구,[인증],,경력 1년,26-08-19,26-10-18,http://www.work.go.kr/empInfo/empInfoSrch/detail/empDetailAuthView.do?callPage=detail&wantedAuthNo=K131132608190037
K131132608190035,(주)케이알텍,자재관리 직원채용(방산업체 유경험자 우대),"연봉3,600 만원 이상",경남 창원시 성산구,[인증],,경력 3년,26-08-19,26-10-18,http://www.work.go.kr/empInfo/empInfoSrch/detail/empDetailAuthView.do?callPage=detail&wantedAuthNo=K131132608190035
K131132608190029,주식회사 금아하이드파워,금아하이드파워 - 도장 및 쇼트 모집공고,"시급12,000 원 이상",경남 창원시 성산구,[인증],,관계없음,26-08-19,26-09-28,http://www.work.go.kr/empInfo/empInfoSrch/detail/empDetailAuthView.do?callPage=detail&wantedAuthNo=K131132608190029
K131132608190028,(주)웨스코일렉트로드,(주)웨스코일렉트로드 팔용지점 약품제조 업무 계약직 1명,월급216 만원 이상,경남 창원시 의창구,[인증],,관계없음,26-08-19,26-09-18,http://www.work.go.kr/empInfo/empInfoSrch/detail/empDetailAuthView.do?callPage=detail&wantedAuthNo=K131132608190028
K131132608190023,（주）정일테크,공작기계 자재·구매 관리,월급300 만원 이상 ~ 350 만원 이하,경남 창원시 의창구,[인증],,경력 2년,26-08-19,26-10-18,http://www.work.go.kr/empInfo/empInfoSrch/detail/empDetailAuthView.do?callPage=detail&wantedAuthNo=K131132608190023
KF10532608190001,(주)케이엠아이텍,[성주동]방산 케이블조립원 모집,"시급10,320 원 이상 ~ 10,320 원 이하",경남 창원시 성산구,[인증],,관계없음,26-08-19,26-09-18,http://www.work.go.kr/empInfo/empInfoSrch/detail/empDetailAuthView.do?callPage=detail&wantedAuthNo=KF10532608190001
K131132608190021,위드모터스 창원서비스센터,"포드링컨 자동차 위드모터스 창원서비스센터 리셉션 (정비 예약 접수, 고객 응대) 모집",월급216 만원 이상,경남 창원시 성산구,[인증],,관계없음,26-08-19,26-10-18,http://www.work.go.kr/empInfo/empInfoSrch/detail/empDetailAuthView.do?callPage=detail&wantedAuthNo=K131132608190021
K130042608190018,주식회사에스비시큐리티,창원 감계 힐스테이트2차 아파트 보안요원 모집,월급283 만원 이상 ~ 283 만원 이하,경남 창원시 의창구,[인증],,관계없음,26-08-19,26-10-18,http://www.work.go.kr/empInfo/empInfoSrch/detail/empDetailAuthView.do?callPage=detail&wantedAuthNo=K130042608190018
K131132608190020,주식회사 스타원,전기제품 제작 및 조립원,"시급11,000 원 이상 ~ 35,000 원 이하",경남 창원시 의창구,[인증],,경력 1년,26-08-19,26-09-18,http://www.work.go.kr/empInfo/empInfoSrch/detail/empDetailAuthView.do?callPage=detail&wantedAuthNo=K131132608190020
K131132608190017,신서림에스앤에스(주),영업관리직 모집,월급300 만원 이상,경남 창원시 성산구,[인증],,경력 1년,26-08-19,26-10-18,http://www.work.go.kr/empInfo/empInfoSrch/detail/empDetailAuthView.do?callPage=detail&wantedAuthNo=K131132608190017
K131132608190015,주)유림종합상사,철강유통 배관자재 납품 및 판매관리직 채용,"연봉3,000 만원 이상",경남 창원시 의창구,[인증],,관계없음,26-08-19,26-10-18,http://www.work.go.kr/empInfo/empInfoSrch/detail/empDetailAuthView.do?callPage=detail&wantedAuthNo=K131132608190015
K131132608190014,주식회사중앙감정평가법인경남중부지사,중앙감정평가법인 경남중부지사 전산사무직 경력직 채용,월급216 만원 이상 ~ 216 만원 이하,경남 창원시 의창구,[인증],,경력  6개월,26-08-19,26-10-18,http://www.work.go.kr/empInfo/empInfoSrch/detail/empDetailAuthView.do?callPage=detail&wantedAuthNo=K131132608190014
K131132608190012,삼우금속공업（주）,설비유지 관리 및 보수 인원 구인,"시급10,320 원 이상",경남 창원시 성산구,[인증],,관계없음,26-08-19,26-10-18,http://www.work.go.kr/empInfo/empInfoSrch/detail/empDetailAuthView.do?callPage=detail&wantedAuthNo=K131132608190012
K131132608180102,성진테크,자동차(독일/벤츠) 차량부품 생산업체로  경력 및 견습공  을  모집 합니다. (청년일자리도약 가능),"시급10,320 원 이상 ~ 12,000 원 이하",경남 창원시 성산구,[인증],,관계없음,26-08-18,26-10-17,http://www.work.go.kr/empInfo/empInfoSrch/detail/empDetailAuthView.do?callPage=detail&wantedAuthNo=K131132608180102
K131132608180098,금창테크,MCT 조작원 채용,"연봉3,600 만원 이상 ~ 4,000 만원 이하",경남 창원시 의창구,[인증],,경력 3년,26-08-18,26-10-17,http://www.work.go.kr/empInfo/empInfoSrch/detail/empDetailAuthView.do?callPage=detail&wantedAuthNo=K131132608180098
K131132608180097,(주)동진공,자재 관리 납품 및 영업직 신입 사원 모집,"연봉3,200 만원 이상 ~ 3,300 만원 이하",경남 창원시 의창구,[인증],,신입,26-08-18,26-10-17,http://www.work.go.kr/empInfo/empInfoSrch/detail/empDetailAuthView.do?callPage=detail&wantedAuthNo=K131132608180097
K131132608180096,김대현세무회계사무소,회계사무원 구합니다.,"연봉3,200 만원 이상 ~ 3,200 만원 이하",경남 창원시 성산구,[인증],,경력 3년,26-08-18,26-10-17,http://www.work.go.kr/empInfo/empInfoSrch/detail/empDetailAuthView.do?callPage=detail&wantedAuthNo=K131132608180096
K131132608180094,대흥산업,생산직(주물 후처리) 모집,"일급82,560 원 이상",경남 창원시 진해구,[인증],,신입,26-08-18,26-10-17,http://www.work.go.kr/empInfo/empInfoSrch/detail/empDetailAuthView.do?callPage=detail&wantedAuthNo=K131132608180094
KJSP002608180005,나누리재가복지센터,재가 요양보호사 모집,"시급10,320 원 이상",경남 창원시 성산구,[인증],,관계없음,26-08-18,26-10-17,http://www.work.go.kr/empInfo/empInfoSrch/detail/empDetailAuthView.do?callPage=detail&wantedAuthNo=KJSP002608180005
K131132608180087,주식회사 올댓오토메이션,[신입/경력] PLC·자동화 제어 및 로봇 프로그래밍 엔지니어 채용,월급220 만원 이상 ~ 300 만원 이하,경남 창원시 의창구,[인증],,관계없음,26-08-18,26-10-17,http://www.work.go.kr/empInfo/empInfoSrch/detail/empDetailAuthView.do?callPage=detail&wantedAuthNo=K131132608180087
K131132608180075,제이앤제이테크,CNC 선반 조작원 (경력) 모집,"연봉5,000 만원 이상",경남 창원시 성산구,[인증],,경력 10년,26-08-18,26-10-17,http://www.work.go.kr/empInfo/empInfoSrch/detail/empDetailAuthView.do?callPage=detail&wantedAuthNo=K131132608180075
K131132608180072,삼일직업전문학교,건축설비산업기사 훈련강사 모집,월급260 만원 이상 ~ 300 만원 이하,경남 창원시 성산구,[인증],,경력 2년,26-08-18,26-10-17,http://www.work.go.kr/empInfo/empInfoSrch/detail/empDetailAuthView.do?callPage=detail&wantedAuthNo=K131132608180072
K131132608180067,(주)진승테크,HD현대 마린엔진(내) 설비보전 및 시설관리 업무,"연봉3,500 만원 이상 ~ 5,000 만원 이하",경남 창원시 성산구,[인증],,경력 3년,26-08-18,26-10-17,http://www.work.go.kr/empInfo/empInfoSrch/detail/empDetailAuthView.do?callPage=detail&wantedAuthNo=K131132608180067
K131132608180058,원테크,원테크(두산 에너빌리티 1차 협력업체)_생산직 (방전가공) 경력자 모집,"연봉4,000 만원 이상",경남 창원시 성산구,[인증],,경력 2년,26-08-18,26-10-17,http://www.work.go.kr/empInfo/empInfoSrch/detail/empDetailAuthView.do?callPage=detail&wantedAuthNo=K131132608180058
K131132608180054,(유)동일로지스,"추레라 충청,경기이남(부산 라운드) 운송을 책임지는 숙련된 운전자를 모집합니다.",월급420 만원 이상,경남 창원시 진해구,[인증],,경력 2년,26-08-18,26-10-17,http://www.work.go.kr/empInfo/empInfoSrch/detail/empDetailAuthView.do?callPage=detail&wantedAuthNo=K131132608180054
K131132608180051,대한사상,알루미늄 사상공 모집,"시급10,500 원 이상",경남 창원시 성산구,[인증],,관계없음,26-08-18,26-10-17,http://www.work.go.kr/empInfo/empInfoSrch/detail/empDetailAuthView.do?callPage=detail&wantedAuthNo=K131132608180051
K131132608180049,대한다이캐스팅,대형 다이캐스팅 장비 운용원 모집,"시급10,500 원 이상 ~ 11,000 원 이하",경남 창원시 성산구,[인증],,관계없음,26-08-18,26-10-17,http://www.work.go.kr/empInfo/empInfoSrch/detail/empDetailAuthView.do?callPage=detail&wantedAuthNo=K131132608180049
K131132608180047,주식회사 유한이엔에스,기술연구소 경력 및 신입 인력 채용,"연봉3,000 만원 이상 ~ 4,000 만원 이하",경남 창원시 성산구,[인증],,관계없음,26-08-18,26-10-17,http://www.work.go.kr/empInfo/empInfoSrch/detail/empDetailAuthView.do?callPage=detail&wantedAuthNo=K131132608180047
K131132608180046,주식회사 유한이엔에스,품질 생산팀 경력 및 신입 인원 충원,"연봉3,000 만원 이상 ~ 4,000 만원 이하",경남 창원시 성산구,[인증],,관계없음,26-08-18,26-10-17,http://www.work.go.kr/empInfo/empInfoSrch/detail/empDetailAuthView.do?callPage=detail&wantedAuthNo=K131132608180046
K131112608180032,행복가득한재가노인복지센터,북면 동전로86  감계힐스테이트 거주 어르신 돌보실 재가 요양보호사 모집합니다,"시급10,320 원 이상 ~ 10,320 원 이하",경남 창원시 의창구,[인증],,관계없음,26-08-18,26-09-30,http://www.work.go.kr/empInfo/empInfoSrch/detail/empDetailAuthView.do?callPage=detail&wantedAuthNo=K131112608180032
K131132608180044,디지우드,[디지우드] 제품 배송 및 현장 설치 기사 모집 / 4개월 계약직,월급290 만원 이상 ~ 290 만원 이하,경남 창원시 의창구,[인증],,관계없음,26-08-18,26-10-17,http://www.work.go.kr/empInfo/empInfoSrch/detail/empDetailAuthView.do?callPage=detail&wantedAuthNo=K131132608180044
K131132608180038,상신테크,경리사무원 채용,"연봉3,300 만원 이상",경남 창원시 의창구,[인증],,경력 2년,26-08-18,26-10-17,http://www.work.go.kr/empInfo/empInfoSrch/detail/empDetailAuthView.do?callPage=detail&wantedAuthNo=K131132608180038
K131132608180032,주식회사미래정보통신,LG유플러스 기업 유무선 유치 영업사원 채용,"연봉3,000 만원 이상 ~ 5,000 만원 이하",경남 창원시 성산구,[인증],,경력 1년,26-08-18,26-10-14,http://www.work.go.kr/empInfo/empInfoSrch/detail/empDetailAuthView.do?callPage=detail&wantedAuthNo=K131132608180032
K131132608180031,주식회사미래정보통신,LG U+ 전산 입력 및 고객 CS 경력 인재를 찾습니다.LG U+유큐브 전산 입력 경력자만 지원부탁드립니다,"연봉3,000 만원 이상 ~ 3,500 만원 이하",경남 창원시 성산구,[인증],,경력 1년,26-08-18,26-10-14,http://www.work.go.kr/empInfo/empInfoSrch/detail/empDetailAuthView.do?callPage=detail&wantedAuthNo=K131132608180031
K131132608180027,주식회사 와이케이기업,조선소 취부사인원 모집,"시급21,000 원 이상",경남 창원시 진해구,[인증],,경력 5년,26-08-18,26-10-17,http://www.work.go.kr/empInfo/empInfoSrch/detail/empDetailAuthView.do?callPage=detail&wantedAuthNo=K131132608180027
K131132608180025,주식회사 조원,케이조선 내 협력사 라인 QC 모집합니다.,월급300 만원 이상 ~ 350 만원 이하,경남 창원시 진해구,[인증],,경력 1년,26-08-18,26-10-17,http://www.work.go.kr/empInfo/empInfoSrch/detail/empDetailAuthView.do?callPage=detail&wantedAuthNo=K131132608180025
K131132608180021,신흥연삭,연삭기 및 프로파일  작업자 구함,"연봉4,000 만원 이상 ~ 7,000 만원 이하",경남 창원시 의창구,[인증],,경력 1년,26-08-18,26-10-17,http://www.work.go.kr/empInfo/empInfoSrch/detail/empDetailAuthView.do?callPage=detail&wantedAuthNo=K131132608180021
K130042608180018,주식회사에스비시큐리티,창원 마린푸르지오1차 아파트 경비/보안요원 구인,월급305 만원 이상 ~ 305 만원 이하,경남 창원시 진해구,[인증],,관계없음,26-08-18,26-10-17,http://www.work.go.kr/empInfo/empInfoSrch/detail/empDetailAuthView.do?callPage=detail&wantedAuthNo=K130042608180018
K131132608180014,영호노인전문요양원,창원 영호노인전문요양원 요양보호사 모집,월급223 만원 이상 ~ 267 만원 이하,경남 창원시 의창구,[인증],,관계없음,26-08-18,26-10-17,http://www.work.go.kr/empInfo/empInfoSrch/detail/empDetailAuthView.do?callPage=detail&wantedAuthNo=K131132608180014
K131132608180012,창원노인통합센터,주간보호센터에서 근무하실 간호 조무사 선생님을 모십니다,월급216 만원 이상 ~ 216 만원 이하,경남 창원시 의창구,[인증],,관계없음,26-08-18,26-10-16,http://www.work.go.kr/empInfo/empInfoSrch/detail/empDetailAuthView.do?callPage=detail&wantedAuthNo=K131132608180012
K131132608180010,다다솔루션,기계설계,"연봉2,800 만원 이상 ~ 5,000 만원 이하",경남 창원시 성산구,[인증],,경력 1년,26-08-18,26-10-16,http://www.work.go.kr/empInfo/empInfoSrch/detail/empDetailAuthView.do?callPage=detail&wantedAuthNo=K131132608180010
K131132608180009,다다솔루션,생산직(가공) 사원모집,"시급10,500 원 이상 ~ 13,000 원 이하",경남 창원시 성산구,[인증],,경력 1년,26-08-18,26-10-16,http://www.work.go.kr/empInfo/empInfoSrch/detail/empDetailAuthView.do?callPage=detail&wantedAuthNo=K131132608180009
K131132608180006,세무법인세양,[세무법인 세양]회계사무소 경력직원 모집,"연봉3,000 만원 이상",경남 창원시 의창구,[인증],,경력 3년,26-08-18,26-10-14,http://www.work.go.kr/empInfo/empInfoSrch/detail/empDetailAuthView.do?callPage=detail&wantedAuthNo=K131132608180006
K131132608180005,주식회사덕보테크,MCT 운영자 모집,"연봉4,000 만원 이상 ~ 5,000 만원 이하",경남 창원시 의창구,[인증],,경력 5년,26-08-18,26-10-17,http://www.work.go.kr/empInfo/empInfoSrch/detail/empDetailAuthView.do?callPage=detail&wantedAuthNo=K131132608180005
K131132608140051,경남에너지의창고객센터 주식회사,경남에너지 의창고객센터(주) 검침.점검원 채용(정규직),월급240 만원 이상 ~ 260 만원 이하,경남 창원시 의창구,[인증],,관계없음,26-08-14,26-10-13,http://www.work.go.kr/empInfo/empInfoSrch/detail/empDetailAuthView.do?callPage=detail&wantedAuthNo=K131132608140051
K131132608140050,강진산업주식회사,생산직 사원 모집,월급280 만원 이상 ~ 330 만원 이하,경남 창원시 성산구,[인증],,관계없음,26-08-14,26-10-13,http://www.work.go.kr/empInfo/empInfoSrch/detail/empDetailAuthView.do?callPage=detail&wantedAuthNo=K131132608140050
K131132608140049,주식회사상미씨앤에스,보안직 모집(근무지:세아창원특수강),"연봉4,000 만원 이상",경남 창원시 성산구,[인증],,관계없음,26-08-14,26-10-13,http://www.work.go.kr/empInfo/empInfoSrch/detail/empDetailAuthView.do?callPage=detail&wantedAuthNo=K131132608140049
K131132608140047,주식회사 디에스엠 (DSM Corporation),디에스엠 - 금형 제작 및 가공 사원 모집,"일급82,560 원 이상",경남 창원시 성산구,[인증],,관계없음,26-08-14,26-10-13,http://www.work.go.kr/empInfo/empInfoSrch/detail/empDetailAuthView.do?callPage=detail&wantedAuthNo=K131132608140047
K131132608140046,주식회사 디에스엠 (DSM Corporation),디에스엠 - 프레스 가공 사원 모집,"일급82,560 원 이상",경남 창원시 성산구,[인증],,관계없음,26-08-14,26-10-13,http://www.work.go.kr/empInfo/empInfoSrch/detail/empDetailAuthView.do?callPage=detail&wantedAuthNo=K131132608140046
K131132608140042,성우테크론(주),장비사업부 제어설계팀 PLC 엔지니어 모집,"연봉3,800 만원 이상 ~ 3,800 만원 이하",경남 창원시 성산구,[인증],,관계없음,26-08-14,26-10-13,http://www.work.go.kr/empInfo/empInfoSrch/detail/empDetailAuthView.do?callPage=detail&wantedAuthNo=K131132608140042
K131132608140039,유한회사에코힐링,사무 총무 회계 행정 직원 모집,월급216 만원 이상 ~ 216 만원 이하,경남 창원시 진해구,[인증],,관계없음,26-08-14,26-10-13,http://www.work.go.kr/empInfo/empInfoSrch/detail/empDetailAuthView.do?callPage=detail&wantedAuthNo=K131132608140039
K170052608140023,성민산업(주),[진해] 건설 현장 공무 모집,월급400 만원 이상 ~ 450 만원 이하,경남 창원시 진해구,[인증],,경력 5년,26-08-14,26-10-13,http://www.work.go.kr/empInfo/empInfoSrch/detail/empDetailAuthView.do?callPage=detail&wantedAuthNo=K170052608140023
K131132608140024,주식회사 가온특수(Gaon Special),안정적인 운송 서비스를 위한 능동적인 배차 매니저를 찾습니다.,"연봉2,800 만원 이상 ~ 3,200 만원 이하",경남 창원시 진해구,[인증],,관계없음,26-08-14,26-10-13,http://www.work.go.kr/empInfo/empInfoSrch/detail/empDetailAuthView.do?callPage=detail&wantedAuthNo=K131132608140024
K131132608140019,사회복지법인실버덴,요양보호사 채용공고,월급250 만원 이상,경남 창원시 의창구,[인증],,관계없음,26-08-14,26-10-13,http://www.work.go.kr/empInfo/empInfoSrch/detail/empDetailAuthView.do?callPage=detail&wantedAuthNo=K131132608140019
KF10532608140001,코리아엠피지(KOREAMPG),하네스 제조 생산직 모집,"시급10,320 원 이상",경남 창원시 의창구,[인증],,경력 1년,26-08-14,26-10-13,http://www.work.go.kr/empInfo/empInfoSrch/detail/empDetailAuthView.do?callPage=detail&wantedAuthNo=KF10532608140001
KN50092608140001,해군사관학교,[채용대행] ’26-1차 해군사관학교 한시임기제군무원 채용 계획,월급205 만원 이상 ~ 205 만원 이하,경남 창원시 진해구,[인증],,관계없음,26-08-14,26-10-13,http://www.work.go.kr/empInfo/empInfoSrch/detail/empDetailAuthView.do?callPage=detail&wantedAuthNo=KN50092608140001
KF10792608140001,늘 한마음 재가노인복지센터,재가요양보호사 모집(마산새일센터 채용대행),"시급13,000 원 이상 ~ 13,000 원 이하",경남 창원시 의창구,[인증],,관계없음,26-08-14,26-10-13,http://www.work.go.kr/empInfo/empInfoSrch/detail/empDetailAuthView.do?callPage=detail&wantedAuthNo=KF10792608140001
K131132608140008,주식회사 그랜드시티오퍼레이션즈,그랜드시티호텔 창원 프론트 사원 신입 및 경력직 사원 채용,"연봉3,000 만원 이상",경남 창원시 성산구,[인증],,관계없음,26-08-14,26-10-12,http://www.work.go.kr/empInfo/empInfoSrch/detail/empDetailAuthView.do?callPage=detail&wantedAuthNo=K131132608140008
K131132608140007,주식회사 플라즈마홀딩스,"일반기계기사, 건설기계기사, 기계설계기사, 화공기사, 공업화학기사, 토목기사  모집합니다.","연봉3,000 만원 이상",경남 창원시 성산구,[인증],,관계없음,26-08-14,26-10-12,http://www.work.go.kr/empInfo/empInfoSrch/detail/empDetailAuthView.do?callPage=detail&wantedAuthNo=K131132608140007
K131132608140005,우진,프레스 오퍼레이터 모집,"시급10,320 원 이상 ~ 10,320 원 이하",경남 창원시 의창구,[인증],,관계없음,26-08-14,26-10-12,http://www.work.go.kr/empInfo/empInfoSrch/detail/empDetailAuthView.do?callPage=detail&wantedAuthNo=K131132608140005
K131132608140002,국립창원대학교생활협동조합,[국립창원대학교생활협동조합] 창원대학교 내 식당 파트타임 추가 모집,"시급11,000 원 이상",경남 창원시 의창구,[인증],,경력 1년,26-08-14,26-10-13,http://www.work.go.kr/empInfo/empInfoSrch/detail/empDetailAuthView.do?callPage=detail&wantedAuthNo=K131132608140002
K131132608130060,창원시립 신흥어린이집,보육교직원,월급232 만원 이상 ~ 317 만원 이하,경남 창원시 진해구,[인증],,관계없음,26-08-13,26-09-30,http://www.work.go.kr/empInfo/empInfoSrch/detail/empDetailAuthView.do?callPage=detail&wantedAuthNo=K131132608130060
K131132608130058,에이피엠글로벌 주식회사,관리직 모집(신입/경력),"연봉3,551 만원 이상",경남 창원시 성산구,[인증],,관계없음,26-08-13,26-10-12,http://www.work.go.kr/empInfo/empInfoSrch/detail/empDetailAuthView.do?callPage=detail&wantedAuthNo=K131132608130058
K120032608130034,주식회사 스타스코,"생산 및 출하관리, 소재발주 및 재고관리(1명)/품질(검사, 성적서 등록, 클레임대응) 및 실적관리(1명)","연봉3,000 만원 이상 ~ 3,500 만원 이하",경남 창원시 성산구,[인증],,관계없음,26-08-13,26-10-12,http://www.work.go.kr/empInfo/empInfoSrch/detail/empDetailAuthView.do?callPage=detail&wantedAuthNo=K120032608130034
K131132608130056,의창서비스기아오토큐주식회사,기아자동차 서비스센터 신설 업체에 함께 성장하는 관리사무원를 모집합니다.,월급250 만원 이상 ~ 300 만원 이하,경남 창원시 의창구,[인증],,경력 1년,26-08-13,26-10-12,http://www.work.go.kr/empInfo/empInfoSrch/detail/empDetailAuthView.do?callPage=detail&wantedAuthNo=K131132608130056
K131132608130054,유럽트럭(대원모터스),대형차정비소 청소원 채용,"시급10,330 원 이상",경남 창원시 진해구,[인증],,관계없음,26-08-13,26-10-12,http://www.work.go.kr/empInfo/empInfoSrch/detail/empDetailAuthView.do?callPage=detail&wantedAuthNo=K131132608130054
K131132608130053,의창서비스기아오토큐주식회사,기아자동차 서비스센터 신설 업체에 함께 성장하는 정비 전문가를 모집합니다.,월급250 만원 이상 ~ 500 만원 이하,경남 창원시 의창구,[인증],,경력 3년,26-08-13,26-10-12,http://www.work.go.kr/empInfo/empInfoSrch/detail/empDetailAuthView.do?callPage=detail&wantedAuthNo=K131132608130053
K131132608130043,(주) 디엔엠,NC 선반 경력사원 모집,"연봉6,000 만원 이상 ~ 7,000 만원 이하",경남 창원시 의창구,[인증],,경력 5년,26-08-13,26-09-18,http://www.work.go.kr/empInfo/empInfoSrch/detail/empDetailAuthView.do?callPage=detail&wantedAuthNo=K131132608130043
K131132608130038,(주)효림HF(HiForging),효림HF 설비보전팀 공무전기담당 채용,"연봉4,000 만원 이상",경남 창원시 성산구,[인증],,경력 2년,26-08-13,26-10-12,http://www.work.go.kr/empInfo/empInfoSrch/detail/empDetailAuthView.do?callPage=detail&wantedAuthNo=K131132608130038
KF10532608130005,진영티비엑스주식회사,"(내동)사상, 포장원 모집","시급10,320 원 이상 ~ 10,320 원 이하",경남 창원시 성산구,[인증],,관계없음,26-08-13,26-10-12,http://www.work.go.kr/empInfo/empInfoSrch/detail/empDetailAuthView.do?callPage=detail&wantedAuthNo=KF10532608130005
K131132608130019,주식회사 유원감리,전기감리 기술 신입을 위한 기회: 뛰어난 전문성을 키워나가세요,월급230 만원 이상,경남 창원시 성산구,[인증],,신입,26-08-13,26-10-12,http://www.work.go.kr/empInfo/empInfoSrch/detail/empDetailAuthView.do?callPage=detail&wantedAuthNo=K131132608130019
K131312608130019,엠아이엔테크(MIN TECH),펌웨어 및 하드웨어 개발자 모집,"연봉6,000 만원 이상 ~ 9,000 만원 이하",경남 창원시 성산구,[인증],,경력 3년 1개월,26-08-13,26-10-12,http://www.work.go.kr/empInfo/empInfoSrch/detail/empDetailAuthView.do?callPage=detail&wantedAuthNo=K131312608130019
KF10532608130003,(주)부산정밀공업사,생산직 자동차부품 검사원 모집[팔용동],"시급10,320 원 이상 ~ 10,320 원 이하",경남 창원시 의창구,[인증],,신입,26-08-13,26-10-12,http://www.work.go.kr/empInfo/empInfoSrch/detail/empDetailAuthView.do?callPage=detail&wantedAuthNo=KF10532608130003
K131132608130011,진영티비엑스주식회사,2026 MCT 가공 엔지니어 모집,"시급10,320 원 이상 ~ 15,000 원 이하",경남 창원시 성산구,[인증],,관계없음,26-08-13,26-10-12,http://www.work.go.kr/empInfo/empInfoSrch/detail/empDetailAuthView.do?callPage=detail&wantedAuthNo=K131132608130011
K150112608130006,지엠종합관리주식회사,[경상남도 창원] 오피스텔 미화팀 미화원 채용건,월급180 만원 이상 ~ 180 만원 이하,경남 창원시 의창구,[인증],,관계없음,26-08-13,26-09-30,http://www.work.go.kr/empInfo/empInfoSrch/detail/empDetailAuthView.do?callPage=detail&wantedAuthNo=K150112608130006
K131132608130009,주식회사 디케이산업,구인 모집-지게차 유도자,"시급10,320 원 이상 ~ 10,320 원 이하",경남 창원시 성산구,[인증],,경력 1년,26-08-13,26-10-11,http://www.work.go.kr/empInfo/empInfoSrch/detail/empDetailAuthView.do?callPage=detail&wantedAuthNo=K131132608130009
K131132608130008,원스탑주식회사,창원시 읍면동 안전요원 모집,월급250 만원 이상 ~ 250 만원 이하,경남 창원시 진해구,[인증],,관계없음,26-08-13,26-10-12,http://www.work.go.kr/empInfo/empInfoSrch/detail/empDetailAuthView.do?callPage=detail&wantedAuthNo=K131132608130008
K131132608130004,신성에레베이터(주),승강기 유지보수원 모집공고,"연봉4,500 만원 이상 ~ 5,000 만원 이하",경남 창원시 의창구,[인증],,경력 2년,26-08-13,26-10-12,http://www.work.go.kr/empInfo/empInfoSrch/detail/empDetailAuthView.do?callPage=detail&wantedAuthNo=K131132608130004
KC5U472608120001,주식회사케이엔잡,국민취업지원제도 직업상담사 경력자 충원 (채용시 마감),월급234 만원 이상 ~ 390 만원 이하,경남 창원시 성산구,[인증],,경력 1년,26-08-12,26-10-11,http://www.work.go.kr/empInfo/empInfoSrch/detail/empDetailAuthView.do?callPage=detail&wantedAuthNo=KC5U472608120001
K131132608120068,제이테크(JTech),CNC 자동선반 / 연삭기 조작원  모집,"시급10,600 원 이상 ~ 13,000 원 이하",경남 창원시 성산구,[인증],,관계없음,26-08-12,26-10-11,http://www.work.go.kr/empInfo/empInfoSrch/detail/empDetailAuthView.do?callPage=detail&wantedAuthNo=K131132608120068
K131132608120067,진영에이치앤에스,금형 고속가공 및 CAM 작업자 경력 채용,"연봉4,200 만원 이상",경남 창원시 의창구,[인증],,경력 5년,26-08-12,26-10-11,http://www.work.go.kr/empInfo/empInfoSrch/detail/empDetailAuthView.do?callPage=detail&wantedAuthNo=K131132608120067
K131132608120066,진영에이치앤에스,금형 방전가공 작업자 경력 채용,"연봉4,200 만원 이상",경남 창원시 의창구,[인증],,경력 5년,26-08-12,26-10-11,http://www.work.go.kr/empInfo/empInfoSrch/detail/empDetailAuthView.do?callPage=detail&wantedAuthNo=K131132608120066
K131132608120065,주식회사성오테크,생산관리부 책임자 구인,"연봉4,500 만원 이상",경남 창원시 성산구,[인증],,경력 3년,26-08-12,26-10-11,http://www.work.go.kr/empInfo/empInfoSrch/detail/empDetailAuthView.do?callPage=detail&wantedAuthNo=K131132608120065
K131132608120057,태영메탈주식회사 진해공장,"조형원, 쇼트작업","일급85,000 원 이상 ~ 90,000 원 이하",경남 창원시 진해구,[인증],,관계없음,26-08-12,26-10-11,http://www.work.go.kr/empInfo/empInfoSrch/detail/empDetailAuthView.do?callPage=detail&wantedAuthNo=K131132608120057
K131132608120056,(주)화신정밀,전산관리 사무원,"연봉2,588 만원 이상",경남 창원시 성산구,[인증],,신입,26-08-12,26-10-11,http://www.work.go.kr/empInfo/empInfoSrch/detail/empDetailAuthView.do?callPage=detail&wantedAuthNo=K131132608120056
K131132608120055,주식회사 해운이엔지,(주)동림공업 내 협력사 조선선박 배관 설치 공사 취부경력자 모집합니다.,"일급120,000 원 이상 ~ 200,000 원 이하",경남 창원시 성산구,[인증],,경력 1년,26-08-12,26-10-11,http://www.work.go.kr/empInfo/empInfoSrch/detail/empDetailAuthView.do?callPage=detail&wantedAuthNo=K131132608120055
K131132608120054,(주)화신정밀,생산관리부 책임자 구인,"연봉4,500 만원 이상",경남 창원시 성산구,[인증],,경력 3년,26-08-12,26-10-11,http://www.work.go.kr/empInfo/empInfoSrch/detail/empDetailAuthView.do?callPage=detail&wantedAuthNo=K131132608120054
K131132608120038,보성정밀,머시닝센터(MCT) 세팅  (cam 프로그램 가능자)  경력모집,"시급12,000 원 이상 ~ 13,000 원 이하",경남 창원시 성산구,[인증],,경력 4년,26-08-12,26-10-11,http://www.work.go.kr/empInfo/empInfoSrch/detail/empDetailAuthView.do?callPage=detail&wantedAuthNo=K131132608120038
K180612608120009,주식회사 케이웍스허브,[(주)케이웍스허브] 창원문성대학교  고교재학생맞춤형컨설턴트 채용(1명),"연봉3,000 만원 이상 ~ 3,100 만원 이하",경남 창원시 성산구,[인증],,경력 1년,26-08-12,26-10-11,http://www.work.go.kr/empInfo/empInfoSrch/detail/empDetailAuthView.do?callPage=detail&wantedAuthNo=K180612608120009
K131132608120034,주식회사 명성프로텍,(주)명성프로텍 방산업체 와이어하네스/케이블조립체 생산 모집,"시급10,420 원 이상 ~ 10,420 원 이하",경남 창원시 의창구,[인증],,관계없음,26-08-12,26-10-11,http://www.work.go.kr/empInfo/empInfoSrch/detail/empDetailAuthView.do?callPage=detail&wantedAuthNo=K131132608120034
K131132608120033,주식회사 명성프로텍,(주)명성프로텍 와이어하네스/케이블조립체 [품질부서원] 모집,"시급10,420 원 이상 ~ 10,420 원 이하",경남 창원시 의창구,[인증],,관계없음,26-08-12,26-10-11,http://www.work.go.kr/empInfo/empInfoSrch/detail/empDetailAuthView.do?callPage=detail&wantedAuthNo=K131132608120033
K131132608120020,티씨에스코리아,티씨에스코리아 - 품질관리 직원 모집  (품질 사무 업무 / 제품 검사),"연봉3,000 만원 이상 ~ 3,600 만원 이하",경남 창원시 성산구,[인증],,관계없음,26-08-12,26-10-11,http://www.work.go.kr/empInfo/empInfoSrch/detail/empDetailAuthView.do?callPage=detail&wantedAuthNo=K131132608120020
KF10772608120003,코아사글로벌 주식회사(KOASA GLOBAL CORPORATION),김 제조/가공 식품회사 품질관리원 채용 (육아휴직 대체근로/계약직),"연봉3,300 만원 이상",경남 창원시 진해구,[인증],,관계없음,26-08-12,26-09-18,http://www.work.go.kr/empInfo/empInfoSrch/detail/empDetailAuthView.do?callPage=detail&wantedAuthNo=KF10772608120003
K131112608120007,주식회사한진시스텍,품질관리,"연봉3,200 만원 이상 ~ 3,500 만원 이하",경남 창원시 의창구,[인증],,경력 5년,26-08-12,26-10-09,http://www.work.go.kr/empInfo/empInfoSrch/detail/empDetailAuthView.do?callPage=detail&wantedAuthNo=K131112608120007
K131132608120002,무지개어린이집,365열린어린이집  휴일보육 교사 모집합니다.,"시급11,220 원 이상",경남 창원시 진해구,[인증],,신입,26-08-12,26-10-10,http://www.work.go.kr/empInfo/empInfoSrch/detail/empDetailAuthView.do?callPage=detail&wantedAuthNo=K131132608120002
K131132608110061,경일산업,"알루미늄티그(알곤) 용접사 경력자(책임감 있는분) - 알루미늄 제관, 용접 (방산제품)","연봉5,500 만원 이상",경남 창원시 의창구,[인증],,경력 3년,26-08-11,26-10-10,http://www.work.go.kr/empInfo/empInfoSrch/detail/empDetailAuthView.do?callPage=detail&wantedAuthNo=K131132608110061
K131132608110058,수주간보호센터(창원점),요양보호사 모집 (팔용동 주간보호센터),월급216 만원 이상,경남 창원시 의창구,[인증],,관계없음,26-08-11,26-10-10,http://www.work.go.kr/empInfo/empInfoSrch/detail/empDetailAuthView.do?callPage=detail&wantedAuthNo=K131132608110058
K131132608110054,주식회사부강테크,(주)부강테크  단순 종사원 모집(청소 및 정리정돈 업무),"시급10,320 원 이상",경남 창원시 진해구,[인증],,신입,26-08-11,26-10-10,http://www.work.go.kr/empInfo/empInfoSrch/detail/empDetailAuthView.do?callPage=detail&wantedAuthNo=K131132608110054
K131132608110052,주식회사부강테크,성실한 직원 채용공고,"시급10,320 원 이상",경남 창원시 진해구,[인증],,관계없음,26-08-11,26-10-10,http://www.work.go.kr/empInfo/empInfoSrch/detail/empDetailAuthView.do?callPage=detail&wantedAuthNo=K131132608110052
KF10792608110014,창원성심노인전문요양원,요양원 요양보호사 구인,월급273 만원 이상 ~ 273 만원 이하,경남 창원시 의창구,[인증],,관계없음,26-08-11,26-10-10,http://www.work.go.kr/empInfo/empInfoSrch/detail/empDetailAuthView.do?callPage=detail&wantedAuthNo=KF10792608110014
K131132608110044,제이앤제이테크,CNC 선반 조작원 모집,"시급10,320 원 이상",경남 창원시 성산구,[인증],,관계없음,26-08-11,26-10-10,http://www.work.go.kr/empInfo/empInfoSrch/detail/empDetailAuthView.do?callPage=detail&wantedAuthNo=K131132608110044
K131132608110033,주식회사 이환인테리어,"실내인테리어 현장직 신입·경력 직원 모집  “인테리어 기술을 제대로 배우고, 현장 전문가로 성장하고 싶은 분","연봉3,300 만원 이상 ~ 4,200 만원 이하",경남 창원시 의창구,[인증],,경력 1년,26-08-11,26-10-10,http://www.work.go.kr/empInfo/empInfoSrch/detail/empDetailAuthView.do?callPage=detail&wantedAuthNo=K131132608110033
K131132608110031,대동테크,한화에어로스페이스 1차협력업체에서 정밀사상 전문가를 모집합니다.,"시급11,000 원 이상",경남 창원시 성산구,[인증],,관계없음,26-08-11,26-10-10,http://www.work.go.kr/empInfo/empInfoSrch/detail/empDetailAuthView.do?callPage=detail&wantedAuthNo=K131132608110031
KF10802608110004,내 곁에 재가복지센터,(봉림동 휴먼시아) 3등급 어르신 케어 요양보호사 구인,"시급10,320 원 이상",경남 창원시 의창구,[인증],,관계없음,26-08-11,26-09-29,http://www.work.go.kr/empInfo/empInfoSrch/detail/empDetailAuthView.do?callPage=detail&wantedAuthNo=KF10802608110004
K131212608110035,（주）주일건설,(주)주일건설 - 안전관리자 채용(경남 창원시 진해구 여좌동),"연봉5,000 만원 이상 ~ 6,000 만원 이하",경남 창원시 진해구,[인증],,경력 1년,26-08-11,26-10-10,http://www.work.go.kr/empInfo/empInfoSrch/detail/empDetailAuthView.do?callPage=detail&wantedAuthNo=K131212608110035
K131132608110022,동진로텍주식회사,용접직 사원 모집,"연봉4,500 만원 이상",경남 창원시 성산구,[인증],,관계없음,26-08-11,26-10-09,http://www.work.go.kr/empInfo/empInfoSrch/detail/empDetailAuthView.do?callPage=detail&wantedAuthNo=K131132608110022
K131132608110018,창원시노인주간보호센터,재가센터 방문요양 요양보호사(성산구 가음동 은아아파트) 모집합니다.,"시급10,320 원 이상 ~ 10,320 원 이하",경남 창원시 성산구,[인증],,관계없음,26-08-11,26-10-10,http://www.work.go.kr/empInfo/empInfoSrch/detail/empDetailAuthView.do?callPage=detail&wantedAuthNo=K131132608110018
K131132608110017,주식회사신세계엘리베이터,"승강기 유지관리,A/S기사 모집","연봉3,000 만원 이상 ~ 4,000 만원 이하",경남 창원시 의창구,[인증],,경력 5년,26-08-11,26-10-10,http://www.work.go.kr/empInfo/empInfoSrch/detail/empDetailAuthView.do?callPage=detail&wantedAuthNo=K131132608110017
K131132608110016,세훈 TECH,함께 일하실 밀링공 모집합니다 (경력),"시급10,320 원 이상 ~ 10,320 원 이하",경남 창원시 성산구,[인증],,경력 5년,26-08-11,26-10-06,http://www.work.go.kr/empInfo/empInfoSrch/detail/empDetailAuthView.do?callPage=detail&wantedAuthNo=K131132608110016
KF10532608110003,대동재가노인복지센터,재가요양보호사 모집[북면],"시급10,320 원 이상 ~ 10,320 원 이하",경남 창원시 의창구,[인증],,관계없음,26-08-11,26-10-10,http://www.work.go.kr/empInfo/empInfoSrch/detail/empDetailAuthView.do?callPage=detail&wantedAuthNo=KF10532608110003
K131132608110008,제이와이(JY) 유통,삼립제빵 및 스낵류 배송 및 진열 담당 모집,월급287 만원 이상 ~ 300 만원 이하,경남 창원시 의창구,[인증],,관계없음,26-08-11,26-09-30,http://www.work.go.kr/empInfo/empInfoSrch/detail/empDetailAuthView.do?callPage=detail&wantedAuthNo=K131132608110008
K131112608110009,주식회사유니스타,"자동차 부품 조립, 검사 등 생산직 사원 모집",월급216 만원 이상,경남 창원시 진해구,[인증],,관계없음,26-08-11,26-10-10,http://www.work.go.kr/empInfo/empInfoSrch/detail/empDetailAuthView.do?callPage=detail&wantedAuthNo=K131112608110009
K131132608110005,주식회사 세하,"도장업체 (S/P,T/UP) 모집","시급10,320 원 이상",경남 창원시 진해구,[인증],,신입,26-08-11,26-10-10,http://www.work.go.kr/empInfo/empInfoSrch/detail/empDetailAuthView.do?callPage=detail&wantedAuthNo=K131132608110005
K120032608110004,동부건설（주）,안전하고 건강한 작업 환경을 만들어가는 건설 현장 산업보건 관리 기술자를 모집합니다.,"연봉3,900 만원 이상 ~ 4,700 만원 이하",경남 창원시 진해구,[인증],,경력 3년,26-08-11,26-10-10,http://www.work.go.kr/empInfo/empInfoSrch/detail/empDetailAuthView.do?callPage=detail&wantedAuthNo=K120032608110004
K131132608110002,(주)부경,(주)부경 CNC 수직선반 조작원 경력직 모집,"시급10,600 원 이상",경남 창원시 성산구,[인증],,경력 3년,26-08-11,26-10-10,http://www.work.go.kr/empInfo/empInfoSrch/detail/empDetailAuthView.do?callPage=detail&wantedAuthNo=K131132608110002
K131132608100105,주식회사시온,본사 정규직 현장관리직 사원 모집,"연봉3,400 만원 이상 ~ 3,500 만원 이하",경남 창원시 의창구,[인증],,경력 1년,26-08-10,26-10-09,http://www.work.go.kr/empInfo/empInfoSrch/detail/empDetailAuthView.do?callPage=detail&wantedAuthNo=K131132608100105
K131312608100094,주식회사휴밀,[주식회사 휴밀] 사업전략부 영업팀 해외영업,"연봉3,300 만원 이상 ~ 3,300 만원 이하",경남 창원시 의창구,[인증],,경력 3년,26-08-10,26-10-09,http://www.work.go.kr/empInfo/empInfoSrch/detail/empDetailAuthView.do?callPage=detail&wantedAuthNo=K131312608100094
K131312608100093,주식회사휴밀,[주식회사 휴밀] 사업전략부 영업팀 국내영업,"연봉3,300 만원 이상 ~ 3,300 만원 이하",경남 창원시 의창구,[인증],,경력 3년,26-08-10,26-10-09,http://www.work.go.kr/empInfo/empInfoSrch/detail/empDetailAuthView.do?callPage=detail&wantedAuthNo=K131312608100093
K131312608100092,주식회사휴밀,[주식회사 휴밀] 차세대 푸드 트렌드를 함께 만들어갈 상품기획자를 찾습니다.,"연봉3,300 만원 이상 ~ 3,300 만원 이하",경남 창원시 의창구,[인증],,경력 3년,26-08-10,26-10-09,http://www.work.go.kr/empInfo/empInfoSrch/detail/empDetailAuthView.do?callPage=detail&wantedAuthNo=K131312608100092
K131132608100103,보성정밀,사상원 모집합니다.,"시급10,320 원 이상 ~ 11,000 원 이하",경남 창원시 성산구,[인증],,경력 2년,26-08-10,26-10-09,http://www.work.go.kr/empInfo/empInfoSrch/detail/empDetailAuthView.do?callPage=detail&wantedAuthNo=K131132608100103
K131132608100101,위드모터스 창원서비스센터,포드링컨 자동차 위드모터스 창원서비스센터 테크니션(정비사) 모집,월급250 만원 이상,경남 창원시 성산구,[인증],,관계없음,26-08-10,26-10-09,http://www.work.go.kr/empInfo/empInfoSrch/detail/empDetailAuthView.do?callPage=detail&wantedAuthNo=K131132608100101
K131132608100098,가람재가복지센터,[진해구 제황산동] 재가 요양보호사 모집,"시급10,320 원 이상 ~ 10,320 원 이하",경남 창원시 진해구,[인증],,관계없음,26-08-10,26-10-09,http://www.work.go.kr/empInfo/empInfoSrch/detail/empDetailAuthView.do?callPage=detail&wantedAuthNo=K131132608100098
K131132608100096,주식회사 유즈디자인,"인테리어 현장직, 인테리어 디자이너 구인",월급250 만원 이상 ~ 400 만원 이하,경남 창원시 성산구,[인증],,경력 3년,26-08-10,26-10-09,http://www.work.go.kr/empInfo/empInfoSrch/detail/empDetailAuthView.do?callPage=detail&wantedAuthNo=K131132608100096
K131132608100095,물랑,제과 제빵을 사랑하시는 과장급을 모십니다,월급252 만원 이상 ~ 252 만원 이하,경남 창원시 진해구,[인증],,경력  6개월,26-08-10,26-10-09,http://www.work.go.kr/empInfo/empInfoSrch/detail/empDetailAuthView.do?callPage=detail&wantedAuthNo=K131132608100095
K131132608100094,삼성다이나에이치백 (주),삼성다이나에이치백(주) 기술연구소 연구원 및 연구소장 채용,월급260 만원 이상,경남 창원시 성산구,[인증],,관계없음,26-08-10,26-10-09,http://www.work.go.kr/empInfo/empInfoSrch/detail/empDetailAuthView.do?callPage=detail&wantedAuthNo=K131132608100094
K131132608100091,주식회사삼일산업,선박관리 및 부속구매,월급270 만원 이상 ~ 300 만원 이하,경남 창원시 진해구,[인증],,신입,26-08-10,26-10-09,http://www.work.go.kr/empInfo/empInfoSrch/detail/empDetailAuthView.do?callPage=detail&wantedAuthNo=K131132608100091
KEC0132608100007,다온재활주간보호센터,(사림동)다온재활주간보호센터 요양보호사 채용,월급216 만원 이상 ~ 216 만원 이하,경남 창원시 의창구,[인증],,관계없음,26-08-10,26-10-01,http://www.work.go.kr/empInfo/empInfoSrch/detail/empDetailAuthView.do?callPage=detail&wantedAuthNo=KEC0132608100007
KEC0132608100006,해피노인복지센터,해피노인복지센터 운전원 모집,월급216 만원 이상,경남 창원시 진해구,[인증],,관계없음,26-08-10,26-10-09,http://www.work.go.kr/empInfo/empInfoSrch/detail/empDetailAuthView.do?callPage=detail&wantedAuthNo=KEC0132608100006
K131132608100082,선우종합개발,건설공무 경력자를 채용합니다.,월급300 만원 이상 ~ 350 만원 이하,경남 창원시 진해구,[인증],,경력 2년,26-08-10,26-10-09,http://www.work.go.kr/empInfo/empInfoSrch/detail/empDetailAuthView.do?callPage=detail&wantedAuthNo=K131132608100082
K131132608100077,창원시노인주간보호센터,재가센터 방문요양 요양보호사(의창구 명서동 두산위브아파트) 모집합니다.,"시급10,320 원 이상 ~ 10,320 원 이하",경남 창원시 의창구,[인증],,관계없음,26-08-10,26-10-09,http://www.work.go.kr/empInfo/empInfoSrch/detail/empDetailAuthView.do?callPage=detail&wantedAuthNo=K131132608100077
K131132608100069,명성전기통신,전기공사 공무담당 모십니다,"연봉2,600 만원 이상",경남 창원시 의창구,[인증],,관계없음,26-08-10,26-10-09,http://www.work.go.kr/empInfo/empInfoSrch/detail/empDetailAuthView.do?callPage=detail&wantedAuthNo=K131132608100069
K131132608100061,창원기술정공,자재관리 및 구매/납품 운전원(1톤 수동) 계약직 채용합니다.,월급290 만원 이상 ~ 290 만원 이하,경남 창원시 성산구,[인증],,관계없음,26-08-10,26-10-09,http://www.work.go.kr/empInfo/empInfoSrch/detail/empDetailAuthView.do?callPage=detail&wantedAuthNo=K131132608100061
K131132608100059,(주)마디미 에너지,태양광 발전소 사업 지원을 담당하는 열정적인 영업 지원 전문가를 모집합니다.,"연봉3,400 만원 이상 ~ 3,600 만원 이하",경남 창원시 성산구,[인증],,경력 2년,26-08-10,26-10-09,http://www.work.go.kr/empInfo/empInfoSrch/detail/empDetailAuthView.do?callPage=detail&wantedAuthNo=K131132608100059
K131132608100060,창원기술정공,자재관리 및 납품 지원 계약직 채용합니다.,월급280 만원 이상 ~ 280 만원 이하,경남 창원시 성산구,[인증],,관계없음,26-08-10,26-10-09,http://www.work.go.kr/empInfo/empInfoSrch/detail/empDetailAuthView.do?callPage=detail&wantedAuthNo=K131132608100060
K131132608100048,진영(眞榮)세무회계&부동산중개사무소,진영세무회계&부동산중개사무소 - 세무회계 경력자 모집,"연봉3,600 만원 이상 ~ 4,000 만원 이하",경남 창원시 성산구,[인증],,경력 5년,26-08-10,26-10-09,http://www.work.go.kr/empInfo/empInfoSrch/detail/empDetailAuthView.do?callPage=detail&wantedAuthNo=K131132608100048
K131132608100042,믿음의집,조리원 구인(요양원),월급216 만원 이상,경남 창원시 의창구,[인증],,관계없음,26-08-10,26-10-09,http://www.work.go.kr/empInfo/empInfoSrch/detail/empDetailAuthView.do?callPage=detail&wantedAuthNo=K131132608100042
K131132608100034,성진정밀,cnc선반 조작원 모집,"연봉4,800 만원 이상 ~ 5,200 만원 이하",경남 창원시 성산구,[인증],,경력 3년,26-08-10,26-10-09,http://www.work.go.kr/empInfo/empInfoSrch/detail/empDetailAuthView.do?callPage=detail&wantedAuthNo=K131132608100034
K120312608100010,사조푸디스트 주식회사,[사조 푸디스트] 구내식당 찬모 및 조리원을 채용합니다.,"시급10,500 원 이상 ~ 12,500 원 이하",경남 창원시 진해구,[인증],,관계없음,26-08-10,26-10-08,http://www.work.go.kr/empInfo/empInfoSrch/detail/empDetailAuthView.do?callPage=detail&wantedAuthNo=K120312608100010
K131132608100024,(주)골프박스,여행사 국내골프투어 / 일본랜드 OP 모집 - 재택가능,"연봉3,000 만원 이상 ~ 3,600 만원 이하",경남 창원시 성산구,[인증],,경력 1년,26-08-10,26-10-05,http://www.work.go.kr/empInfo/empInfoSrch/detail/empDetailAuthView.do?callPage=detail&wantedAuthNo=K131132608100024
K131132608100023,카넬로(Canelo),창원 성주동 카넬로에서 같이 일하실 양식조리사  채용합니다. (이탈리안 레스토랑),월급260 만원 이상 ~ 290 만원 이하,경남 창원시 성산구,[인증],,신입,26-08-10,26-10-07,http://www.work.go.kr/empInfo/empInfoSrch/detail/empDetailAuthView.do?callPage=detail&wantedAuthNo=K131132608100023
K131132608100015,화창 주식회사,안전하고 효율적인 항만 운영을 책임지는 ECH 운전원을 찾습니다.,월급290 만원 이상 ~ 365 만원 이하,경남 창원시 진해구,[인증],,관계없음,26-08-10,26-10-07,http://www.work.go.kr/empInfo/empInfoSrch/detail/empDetailAuthView.do?callPage=detail&wantedAuthNo=K131132608100015
K131132608100013,시민주야간센터,시민주야간보호센터 사회복지사 모집합니다.(경력직우대),월급220 만원 이상,경남 창원시 의창구,[인증],,경력 1년,26-08-10,26-10-05,http://www.work.go.kr/empInfo/empInfoSrch/detail/empDetailAuthView.do?callPage=detail&wantedAuthNo=K131132608100013
K131132608100006,(주)창원청과시장,[모집] 경력직 경매사,"연봉3,500 만원 이상",경남 창원시 의창구,[인증],,경력 1년,26-08-10,26-10-09,http://www.work.go.kr/empInfo/empInfoSrch/detail/empDetailAuthView.do?callPage=detail&wantedAuthNo=K131132608100006
K120412608100004,포트렌탈주식회사,[긴급][부산신항]리치스태커 / 엠티핸들러 -운전기사 모집(경력자 우대),월급300 만원 이상 ~ 370 만원 이하,경남 창원시 진해구,[인증],,관계없음,26-08-10,26-10-06,http://www.work.go.kr/empInfo/empInfoSrch/detail/empDetailAuthView.do?callPage=detail&wantedAuthNo=K120412608100004
K131132608070063,야긴건설（주）,토목기술자 모집,"연봉6,000 만원 이상",경남 창원시 성산구,[인증],,경력 5년,26-08-07,26-10-06,http://www.work.go.kr/empInfo/empInfoSrch/detail/empDetailAuthView.do?callPage=detail&wantedAuthNo=K131132608070063
KF10802608070010,(주)아람인테크,[주5일] 근로복지공단 창원병원식당 조리원 구인,"시급10,320 원 이상",경남 창원시 성산구,[인증],,경력  6개월,26-08-07,26-09-23,http://www.work.go.kr/empInfo/empInfoSrch/detail/empDetailAuthView.do?callPage=detail&wantedAuthNo=KF10802608070010
K131132608070056,주식회사 오케이114,정보확인 및 광고상담안내 공고,월급211 만원 이상 ~ 240 만원 이하,경남 창원시 의창구,[인증],,관계없음,26-08-07,26-10-06,http://www.work.go.kr/empInfo/empInfoSrch/detail/empDetailAuthView.do?callPage=detail&wantedAuthNo=K131132608070056
K131132608070055,주식회사 금아하이드파워,금아하이드파워 영업직 모집,"연봉3,800 만원 이상",경남 창원시 성산구,[인증],,관계없음,26-08-07,26-10-06,http://www.work.go.kr/empInfo/empInfoSrch/detail/empDetailAuthView.do?callPage=detail&wantedAuthNo=K131132608070055
K131132608070045,티지원,MCT경력자모집합니다,"연봉4,500 만원 이상 ~ 5,500 만원 이하",경남 창원시 성산구,[인증],,경력 5년,26-08-07,26-10-06,http://www.work.go.kr/empInfo/empInfoSrch/detail/empDetailAuthView.do?callPage=detail&wantedAuthNo=K131132608070045
K131132608070044,다솜창원노인복지센터,다솜창원노인복지센터 요양보호사 모집공고,월급216 만원 이상 ~ 220 만원 이하,경남 창원시 의창구,[인증],,관계없음,26-08-07,26-09-30,http://www.work.go.kr/empInfo/empInfoSrch/detail/empDetailAuthView.do?callPage=detail&wantedAuthNo=K131132608070044
K131112608070030,주식회사 옥산아이엠티,에너지 사업팀 기계 설계 분야 경력사원(차장급) 채용,"연봉5,000 만원 이상",경남 창원시 의창구,[인증],,경력 5년,26-08-07,26-10-06,http://www.work.go.kr/empInfo/empInfoSrch/detail/empDetailAuthView.do?callPage=detail&wantedAuthNo=K131112608070030
K131132608070028,서울패밀리병원,"창원 서울패밀리병원  D/E,  간호사 구인합니다.","연봉3,600 만원 이상 ~ 3,960 만원 이하",경남 창원시 성산구,[인증],,관계없음,26-08-07,26-09-30,http://www.work.go.kr/empInfo/empInfoSrch/detail/empDetailAuthView.do?callPage=detail&wantedAuthNo=K131132608070028
K131132608070026,주식회사동경씨에스,실크 스크린 인쇄기사 모집,"연봉4,000 만원 이상",경남 창원시 성산구,[인증],,경력 5년,26-08-07,26-10-06,http://www.work.go.kr/empInfo/empInfoSrch/detail/empDetailAuthView.do?callPage=detail&wantedAuthNo=K131132608070026
K131132608070018,쿠팡풀필먼트서비스 유한회사(Coupang Fulfillment Services Ltd.),[쿠팡FS] 창원1 물류센터 HR 급여 마감 장애인 사원 모집,월급140 만원 이상 ~ 140 만원 이하,경남 창원시 진해구,[인증],,경력 1년,26-08-07,26-10-05,http://www.work.go.kr/empInfo/empInfoSrch/detail/empDetailAuthView.do?callPage=detail&wantedAuthNo=K131132608070018
K131132608070017,하우요,창원마산 하우요커피 바리스타 모집,월급220 만원 이상,경남 창원시 성산구,[인증],,관계없음,26-08-07,26-10-05,http://www.work.go.kr/empInfo/empInfoSrch/detail/empDetailAuthView.do?callPage=detail&wantedAuthNo=K131132608070017
K131132608070016,(의)한마음국제의료재단,창원한마음병원 기획조정팀 행정직 채용,월급250 만원 이상 ~ 300 만원 이하,경남 창원시 의창구,[인증],,관계없음,26-08-07,26-10-06,http://www.work.go.kr/empInfo/empInfoSrch/detail/empDetailAuthView.do?callPage=detail&wantedAuthNo=K131132608070016
K131132608070007,주식회사 솔찬,(주)솔찬 선박제조업 사원 모집,"일급82,560 원 이상 ~ 82,560 원 이하",경남 창원시 진해구,[인증],,관계없음,26-08-07,26-10-05,http://www.work.go.kr/empInfo/empInfoSrch/detail/empDetailAuthView.do?callPage=detail&wantedAuthNo=K131132608070007
K131132608070006,화성금속 주식회사,주물업체 공무부 사원 채용,"일급100,000 원 이상 ~ 120,000 원 이하",경남 창원시 진해구,[인증],,경력 2년,26-08-07,26-10-06,http://www.work.go.kr/empInfo/empInfoSrch/detail/empDetailAuthView.do?callPage=detail&wantedAuthNo=K131132608070006
K131132608070005,화성금속 주식회사,주물 생산직 사원 모집,"일급100,000 원 이상 ~ 110,000 원 이하",경남 창원시 진해구,[인증],,경력 3년 1개월,26-08-07,26-10-06,http://www.work.go.kr/empInfo/empInfoSrch/detail/empDetailAuthView.do?callPage=detail&wantedAuthNo=K131132608070005
K131132608060049,주식회사 인서비스원,[창원] 포장재 생산직 (특수포장 종이박스 생산 업무),"시급11,000 원 이상 ~ 11,000 원 이하",경남 창원시 성산구,[인증],,관계없음,26-08-06,26-10-05,http://www.work.go.kr/empInfo/empInfoSrch/detail/empDetailAuthView.do?callPage=detail&wantedAuthNo=K131132608060049
K131132608060048,주식회사 인서비스원,[창원] 창원공단 내 회사직영 구내식당  조리원,월급270 만원 이상 ~ 300 만원 이하,경남 창원시 성산구,[인증],,관계없음,26-08-06,26-10-05,http://www.work.go.kr/empInfo/empInfoSrch/detail/empDetailAuthView.do?callPage=detail&wantedAuthNo=K131132608060048
K131132608060041,(주)동구기업,동구기업 프레스 조작원 경력/신입사원 모집,"시급10,320 원 이상 ~ 11,000 원 이하",경남 창원시 성산구,[인증],,관계없음,26-08-06,26-10-05,http://www.work.go.kr/empInfo/empInfoSrch/detail/empDetailAuthView.do?callPage=detail&wantedAuthNo=K131132608060041
K131132608060040,주식회사 다온에이치에스,"(주)다온HS 신설 법인 본사 직원채용  파견,아웃소싱,헤드헌팅 전문기업/ 함께 성장할 직원을 모집합니다.",월급216 만원 이상 ~ 216 만원 이하,경남 창원시 성산구,[인증],,관계없음,26-08-06,26-10-05,http://www.work.go.kr/empInfo/empInfoSrch/detail/empDetailAuthView.do?callPage=detail&wantedAuthNo=K131132608060040
KF11472608060003,강서방문요양센터,재가요양보호사 채용,"시급10,320 원 이상 ~ 10,320 원 이하",경남 창원시 진해구,[인증],,관계없음,26-08-06,26-10-05,http://www.work.go.kr/empInfo/empInfoSrch/detail/empDetailAuthView.do?callPage=detail&wantedAuthNo=KF11472608060003
KF10802608060006,선일데이케어센터,[9/16 경남일자리종합박람회 직접참여] 주간보호센터 요양보호사 모집,"시급10,320 원 이상",경남 창원시 의창구,[인증],,관계없음,26-08-06,26-10-05,http://www.work.go.kr/empInfo/empInfoSrch/detail/empDetailAuthView.do?callPage=detail&wantedAuthNo=KF10802608060006
KF10532608060003,하이테크,(팔용동)하네스조립원 (증원) 모집,"시급10,320 원 이상",경남 창원시 의창구,[인증],,관계없음,26-08-06,26-10-05,http://www.work.go.kr/empInfo/empInfoSrch/detail/empDetailAuthView.do?callPage=detail&wantedAuthNo=KF10532608060003
K131132608060024,창조산업,MCT 가공 경력사원 모집,"연봉3,600 만원 이상 ~ 6,000 만원 이하",경남 창원시 성산구,[인증],,경력 5년,26-08-06,26-10-05,http://www.work.go.kr/empInfo/empInfoSrch/detail/empDetailAuthView.do?callPage=detail&wantedAuthNo=K131132608060024
K131132608060022,디티케이(주),식품가공 사원모집,"시급10,320 원 이상",경남 창원시 성산구,[인증],,관계없음,26-08-06,26-10-05,http://www.work.go.kr/empInfo/empInfoSrch/detail/empDetailAuthView.do?callPage=detail&wantedAuthNo=K131132608060022
K131132608060018,(주)피엔에스커튼월,생산관리 및 시설관리자 채용,"연봉3,200 만원 이상 ~ 5,000 만원 이하",경남 창원시 성산구,[인증],,관계없음,26-08-06,26-10-05,http://www.work.go.kr/empInfo/empInfoSrch/detail/empDetailAuthView.do?callPage=detail&wantedAuthNo=K131132608060018
K131132608060017,생각의힘 영어수학학원,"초, 중, 고 수준 수학 강사를 찾고 있습니다.",월급230 만원 이상 ~ 250 만원 이하,경남 창원시 의창구,[인증],,관계없음,26-08-06,26-10-05,http://www.work.go.kr/empInfo/empInfoSrch/detail/empDetailAuthView.do?callPage=detail&wantedAuthNo=K131132608060017
K131132608060016,유럽트럭(대원모터스),청소정리 및 간단한 사무업무,"시급10,320 원 이상",경남 창원시 진해구,[인증],,관계없음,26-08-06,26-10-05,http://www.work.go.kr/empInfo/empInfoSrch/detail/empDetailAuthView.do?callPage=detail&wantedAuthNo=K131132608060016
K131132608060010,씨에스레이저(CS LASER),절곡기 조작원 모집,"시급11,000 원 이상 ~ 12,000 원 이하",경남 창원시 성산구,[인증],,경력 1년,26-08-06,26-10-05,http://www.work.go.kr/empInfo/empInfoSrch/detail/empDetailAuthView.do?callPage=detail&wantedAuthNo=K131132608060010
KEC0132608060001,(주)조은사람들,창원 한마음병원(사림동) 미화원 모집,"시급10,320 원 이상 ~ 10,320 원 이하",경남 창원시 의창구,[인증],,관계없음,26-08-06,26-10-05,http://www.work.go.kr/empInfo/empInfoSrch/detail/empDetailAuthView.do?callPage=detail&wantedAuthNo=KEC0132608060001
K131132608060007,문테크,CNC 및 MCT 선반 가공 구인,"시급10,320 원 이상",경남 창원시 성산구,[인증],,관계없음,26-08-06,26-10-05,http://www.work.go.kr/empInfo/empInfoSrch/detail/empDetailAuthView.do?callPage=detail&wantedAuthNo=K131132608060007
KF10802608060002,경남노인통합지원센터,[노인맞춤돌봄사업] 퇴원환자 단기집중 서비스 요양보호사 모집,"시급16,410 원 이상",경남 창원시 진해구,[인증],,관계없음,26-08-06,26-10-05,http://www.work.go.kr/empInfo/empInfoSrch/detail/empDetailAuthView.do?callPage=detail&wantedAuthNo=KF10802608060002
K131132608060002,주식회사지앤지,보세창고 수출입 창고장. 검수원,월급250 만원 이상 ~ 300 만원 이하,경남 창원시 진해구,[인증],,신입,26-08-06,26-10-04,http://www.work.go.kr/empInfo/empInfoSrch/detail/empDetailAuthView.do?callPage=detail&wantedAuthNo=K131132608060002
K131132608060001,주식회사 시원트래비즈,여행사 항공예약 및 OP업무직,월급216 만원 이상,경남 창원시 의창구,[인증],,관계없음,26-08-06,26-10-04,http://www.work.go.kr/empInfo/empInfoSrch/detail/empDetailAuthView.do?callPage=detail&wantedAuthNo=K131132608060001
K131132608050053,반도디에스코리아 주식회사,"반도디에스코리아 - 개발연구 부문 채용(AutoCAD, Inventor)","연봉3,000 만원 이상 ~ 3,600 만원 이하",경남 창원시 성산구,[인증],,경력 2년,26-08-05,26-10-04,http://www.work.go.kr/empInfo/empInfoSrch/detail/empDetailAuthView.do?callPage=detail&wantedAuthNo=K131132608050053
K131132608050047,주식회사 이앤에스코리아,제관사 모집,월급350 만원 이상,경남 창원시 진해구,[인증],,관계없음,26-08-05,26-10-04,http://www.work.go.kr/empInfo/empInfoSrch/detail/empDetailAuthView.do?callPage=detail&wantedAuthNo=K131132608050047
K131132608050044,주식회사 이앤에스코리아,용접원 모집,월급350 만원 이상,경남 창원시 진해구,[인증],,관계없음,26-08-05,26-10-04,http://www.work.go.kr/empInfo/empInfoSrch/detail/empDetailAuthView.do?callPage=detail&wantedAuthNo=K131132608050044
K131132608050042,보성정밀,생산지원(납품·포장·품질관리) 담당자 채용,"시급10,320 원 이상 ~ 11,000 원 이하",경남 창원시 성산구,[인증],,신입,26-08-05,26-10-04,http://www.work.go.kr/empInfo/empInfoSrch/detail/empDetailAuthView.do?callPage=detail&wantedAuthNo=K131132608050042
KEC0132608050006,장복데이케어센터,[주간보호센터 조리원 모집],"시급10,320 원 이상 ~ 10,320 원 이하",경남 창원시 진해구,[인증],,관계없음,26-08-05,26-10-04,http://www.work.go.kr/empInfo/empInfoSrch/detail/empDetailAuthView.do?callPage=detail&wantedAuthNo=KEC0132608050006
K131132608050028,사단법인 경남한우리,사회복지시설에서 따뜻한 마음으로 소중한 사람들을 돕는 사회복지사를 모집합니다.,월급216 만원 이상,경남 창원시 진해구,[인증],,경력 5년,26-08-05,26-10-04,http://www.work.go.kr/empInfo/empInfoSrch/detail/empDetailAuthView.do?callPage=detail&wantedAuthNo=K131132608050028
K131132608050026,효림요양원,효림요양원 시설요양보호사 구인,월급230 만원 이상 ~ 254 만원 이하,경남 창원시 진해구,[인증],,관계없음,26-08-05,26-09-30,http://www.work.go.kr/empInfo/empInfoSrch/detail/empDetailAuthView.do?callPage=detail&wantedAuthNo=K131132608050026
K131132608050024,신은정밀,성형연마 경력사원 모집,"연봉5,000 만원 이상 ~ 6,000 만원 이하",경남 창원시 의창구,[인증],,경력 3년,26-08-05,26-10-04,http://www.work.go.kr/empInfo/empInfoSrch/detail/empDetailAuthView.do?callPage=detail&wantedAuthNo=K131132608050024
KF10802608050005,선일실버케어요양원,[9/16 경남일자리종합박람회 직접참여] 요양원 사회복지사 채용,"시급10,320 원 이상",경남 창원시 의창구,[인증],,경력 1년,26-08-05,26-10-04,http://www.work.go.kr/empInfo/empInfoSrch/detail/empDetailAuthView.do?callPage=detail&wantedAuthNo=KF10802608050005
K131132608050012,창원시노인주간보호센터,주간보호센터  물리치료사 구인 (오전),"시급10,320 원 이상 ~ 10,320 원 이하",경남 창원시 의창구,[인증],,신입,26-08-05,26-10-04,http://www.work.go.kr/empInfo/empInfoSrch/detail/empDetailAuthView.do?callPage=detail&wantedAuthNo=K131132608050012
K131132608050001,나라기업 주식회사,해외영업 및 사내 영어 강사 및 단순사무(영어 홈페이지 관리 등),"연봉2,700 만원 이상",경남 창원시 의창구,[인증],,관계없음,26-08-05,26-10-03,http://www.work.go.kr/empInfo/empInfoSrch/detail/empDetailAuthView.do?callPage=detail&wantedAuthNo=K131132608050001
KEC0132608040008,대동산업,도장작업 전후 마무리 작업 생산직 모집,"시급10,320 원 이상 ~ 10,320 원 이하",경남 창원시 성산구,[인증],,관계없음,26-08-04,26-10-03,http://www.work.go.kr/empInfo/empInfoSrch/detail/empDetailAuthView.do?callPage=detail&wantedAuthNo=KEC0132608040008
KEC0132608040007,대동산업,쇼트기사 모집,월급240 만원 이상 ~ 300 만원 이하,경남 창원시 성산구,[인증],,경력  6개월,26-08-04,26-10-03,http://www.work.go.kr/empInfo/empInfoSrch/detail/empDetailAuthView.do?callPage=detail&wantedAuthNo=KEC0132608040007
KEC0132608040006,대동산업,페인트 도장사 모집,월급240 만원 이상 ~ 300 만원 이하,경남 창원시 성산구,[인증],,경력  6개월,26-08-04,26-10-03,http://www.work.go.kr/empInfo/empInfoSrch/detail/empDetailAuthView.do?callPage=detail&wantedAuthNo=KEC0132608040006
KF10792608040009,늘사랑노인재가복지센터,[창원 대원동] 재가 요양보호사 모집,"시급10,320 원 이상 ~ 13,000 원 이하",경남 창원시 성산구,[인증],,관계없음,26-08-04,26-10-03,http://www.work.go.kr/empInfo/empInfoSrch/detail/empDetailAuthView.do?callPage=detail&wantedAuthNo=KF10792608040009
K131132608040037,진해마을버스주식회사,마을버스 운전직 사원 모집,"연봉3,200 만원 이상",경남 창원시 진해구,[인증],,신입,26-08-04,26-10-03,http://www.work.go.kr/empInfo/empInfoSrch/detail/empDetailAuthView.do?callPage=detail&wantedAuthNo=K131132608040037
K131132608040035,진해여객자동차(주),시내버스 운전직 사원모집,"연봉4,500 만원 이상",경남 창원시 진해구,[인증],,신입,26-08-04,26-10-03,http://www.work.go.kr/empInfo/empInfoSrch/detail/empDetailAuthView.do?callPage=detail&wantedAuthNo=K131132608040035
K131132608040033,유로테크(주),원통연삭 조작원 모집,"연봉4,800 만원 이상 ~ 5,400 만원 이하",경남 창원시 성산구,[인증],,경력 5년,26-08-04,26-10-03,http://www.work.go.kr/empInfo/empInfoSrch/detail/empDetailAuthView.do?callPage=detail&wantedAuthNo=K131132608040033
KF10802608040007,주식회사 참사랑어머니회,산후조리종사원(산모신생아 건강관리사) 모집,"일급109,800 원 이상 ~ 109,800 원 이하",경남 창원시 성산구,[인증],,관계없음,26-08-04,26-10-02,http://www.work.go.kr/empInfo/empInfoSrch/detail/empDetailAuthView.do?callPage=detail&wantedAuthNo=KF10802608040007
K131132608040029,하이젠알앤엠 주식회사,유도전동기 설계 사원 모집,"연봉3,400 만원 이상",경남 창원시 성산구,[인증],,경력 1년,26-08-04,26-10-03,http://www.work.go.kr/empInfo/empInfoSrch/detail/empDetailAuthView.do?callPage=detail&wantedAuthNo=K131132608040029
K131132608040026,주식회사 현대미디어에이스,마케팅 책임 및 영상제작관리를 할수 있는 직원을 모집합니다,"연봉3,500 만원 이상 ~ 5,000 만원 이하",경남 창원시 의창구,[인증],,경력 2년,26-08-04,26-10-03,http://www.work.go.kr/empInfo/empInfoSrch/detail/empDetailAuthView.do?callPage=detail&wantedAuthNo=K131132608040026
KEC0132608040005,주식회사 삼구에프에스,쿠팡창원진해물류센터 직원식당 조리원 모집,"시급11,000 원 이상 ~ 11,000 원 이하",경남 창원시 진해구,[인증],,관계없음,26-08-04,26-10-03,http://www.work.go.kr/empInfo/empInfoSrch/detail/empDetailAuthView.do?callPage=detail&wantedAuthNo=KEC0132608040005
K131132608040019,진성기계,자동차부품 주조원 모집,"일급82,560 원 이상",경남 창원시 성산구,[인증],,관계없음,26-08-04,26-10-03,http://www.work.go.kr/empInfo/empInfoSrch/detail/empDetailAuthView.do?callPage=detail&wantedAuthNo=K131132608040019
K131132608040014,여명전력（주）,전기공사 현장직 모집,"연봉3,400 만원 이상",경남 창원시 의창구,[인증],,관계없음,26-08-04,26-10-03,http://www.work.go.kr/empInfo/empInfoSrch/detail/empDetailAuthView.do?callPage=detail&wantedAuthNo=K131132608040014
K131132608040010,(주)케이알텍,MCT 가공장비 운용 직원 채용,"시급15,000 원 이상 ~ 17,000 원 이하",경남 창원시 성산구,[인증],,경력 3년,26-08-04,26-10-03,http://www.work.go.kr/empInfo/empInfoSrch/detail/empDetailAuthView.do?callPage=detail&wantedAuthNo=K131132608040010
K131132608040009,거산기전,"기계설비, 전기 기술자 모집","연봉5,000 만원 이상 ~ 6,000 만원 이하",경남 창원시 의창구,[인증],,경력 1년,26-08-04,26-10-03,http://www.work.go.kr/empInfo/empInfoSrch/detail/empDetailAuthView.do?callPage=detail&wantedAuthNo=K131132608040009
K131132608040008,주식회사 도훈인터내셔널,쇼핑몰 영업지원 및 CS 업무,월급220 만원 이상,경남 창원시 의창구,[인증],,경력 1년,26-08-04,26-10-02,http://www.work.go.kr/empInfo/empInfoSrch/detail/empDetailAuthView.do?callPage=detail&wantedAuthNo=K131132608040008
K131132608040005,주식회사 도훈인터내셔널,쇼핑몰 웹디자이너 채용 공고,월급240 만원 이상,경남 창원시 의창구,[인증],,경력 1년,26-08-04,26-10-02,http://www.work.go.kr/empInfo/empInfoSrch/detail/empDetailAuthView.do?callPage=detail&wantedAuthNo=K131132608040005
K131132608030062,주식회사 유림로지스틱스,부산신항 물류창고 지게차 운전자 채용,"연봉3,500 만원 이상 ~ 3,500 만원 이하",경남 창원시 진해구,[인증],,관계없음,26-08-03,26-10-02,http://www.work.go.kr/empInfo/empInfoSrch/detail/empDetailAuthView.do?callPage=detail&wantedAuthNo=K131132608030062
K131112608030026,늘푸른 주식회사,창원 중앙역 인근 오피스텔 미화원 구인,월급180 만원 이상,경남 창원시 의창구,[인증],,관계없음,26-08-03,26-10-02,http://www.work.go.kr/empInfo/empInfoSrch/detail/empDetailAuthView.do?callPage=detail&wantedAuthNo=K131112608030026
K131112608030025,늘푸른 주식회사,창원 중앙역 인근 오피스텔 시설기사 구인,월급292 만원 이상,경남 창원시 의창구,[인증],,관계없음,26-08-03,26-10-02,http://www.work.go.kr/empInfo/empInfoSrch/detail/empDetailAuthView.do?callPage=detail&wantedAuthNo=K131112608030025
K131132608030059,쿠팡풀필먼트서비스 유한회사(Coupang Fulfillment Services Ltd.),[쿠팡FS] 창원1 물류센터 HR 행정 장애인 사원 모집,월급140 만원 이상 ~ 140 만원 이하,경남 창원시 진해구,[인증],,관계없음,26-08-03,26-10-02,http://www.work.go.kr/empInfo/empInfoSrch/detail/empDetailAuthView.do?callPage=detail&wantedAuthNo=K131132608030059
K131132608030058,주식회사 선진기술,자동화 시스템 기구부 설계자 모집,"연봉3,000 만원 이상 ~ 5,000 만원 이하",경남 창원시 의창구,[인증],,관계없음,26-08-03,26-10-02,http://www.work.go.kr/empInfo/empInfoSrch/detail/empDetailAuthView.do?callPage=detail&wantedAuthNo=K131132608030058
K131132608030057,주식회사 선진기술,"AMR로봇 센서 융합, 자율주행 프로그램 개발자","연봉4,000 만원 이상 ~ 6,000 만원 이하",경남 창원시 의창구,[인증],,경력 3년,26-08-03,26-10-02,http://www.work.go.kr/empInfo/empInfoSrch/detail/empDetailAuthView.do?callPage=detail&wantedAuthNo=K131132608030057
KEC0132608030006,주식회사 삼구에프에스,두산에너빌리티 직원식당 조리원 모집,"시급10,320 원 이상",경남 창원시 성산구,[인증],,관계없음,26-08-03,26-10-02,http://www.work.go.kr/empInfo/empInfoSrch/detail/empDetailAuthView.do?callPage=detail&wantedAuthNo=KEC0132608030006
K131132608030041,더화이트클린,세탁물포장업무(수건접기),월급216 만원 이상,경남 창원시 의창구,[인증],,관계없음,26-08-03,26-10-02,http://www.work.go.kr/empInfo/empInfoSrch/detail/empDetailAuthView.do?callPage=detail&wantedAuthNo=K131132608030041
K131132608030034,(주)케이알텍,납품 및 공정관리 직원 채용(방산업체 유경험자 우대),"연봉3,600 만원 이상 ~ 3,800 만원 이하",경남 창원시 성산구,[인증],,관계없음,26-08-03,26-10-02,http://www.work.go.kr/empInfo/empInfoSrch/detail/empDetailAuthView.do?callPage=detail&wantedAuthNo=K131132608030034
KJSP012608030002,스마일시니어올바른재가복지센터,재가 요양보호사 모집(진해 명동 ),"시급10,320 원 이상",경남 창원시 진해구,[인증],,관계없음,26-08-03,26-10-02,http://www.work.go.kr/empInfo/empInfoSrch/detail/empDetailAuthView.do?callPage=detail&wantedAuthNo=KJSP012608030002
K180312608030034,（주）아거스,(주)아거스 비파괴검사원 채용(경력)_(두산에너빌리티 현장),"연봉5,000 만원 이상",경남 창원시 성산구,[인증],,경력 5년,26-08-03,26-10-02,http://www.work.go.kr/empInfo/empInfoSrch/detail/empDetailAuthView.do?callPage=detail&wantedAuthNo=K180312608030034
K131132608030021,(의)한마음국제의료재단,조경 업무 1명,"시급10,320 원 이상 ~ 10,320 원 이하",경남 창원시 의창구,[인증],,관계없음,26-08-03,26-09-30,http://www.work.go.kr/empInfo/empInfoSrch/detail/empDetailAuthView.do?callPage=detail&wantedAuthNo=K131132608030021
K131112608030012,주식회사 에스에이치엔지니어링,시설정비(전기)유지보수 인원모집,"연봉4,000 만원 이상 ~ 4,500 만원 이하",경남 창원시 성산구,[인증],,경력 3년,26-08-03,26-10-02,http://www.work.go.kr/empInfo/empInfoSrch/detail/empDetailAuthView.do?callPage=detail&wantedAuthNo=K131112608030012
K131132608030004,케이트렌스주식회사,선박 용품 납품 검수 사원 모집,"연봉3,240 만원 이상 ~ 3,600 만원 이하",경남 창원시 진해구,[인증],,관계없음,26-08-03,26-10-02,http://www.work.go.kr/empInfo/empInfoSrch/detail/empDetailAuthView.do?callPage=detail&wantedAuthNo=K131132608030004
K131132608030002,효림요양원,효림요양원 간호조무사 채용(일근),월급236 만원 이상 ~ 236 만원 이하,경남 창원시 진해구,[인증],,관계없음,26-08-03,26-09-29,http://www.work.go.kr/empInfo/empInfoSrch/detail/empDetailAuthView.do?callPage=detail&wantedAuthNo=K131132608030002
K131132608030001,반도디에스코리아 주식회사,반도디에스코리아 - 생산관리 모집,"연봉3,200 만원 이상",경남 창원시 성산구,[인증],,경력 2년 5개월,26-08-03,26-09-29,http://www.work.go.kr/empInfo/empInfoSrch/detail/empDetailAuthView.do?callPage=detail&wantedAuthNo=K131132608030001
K131132607310033,주식회사 파인(PINE),자동차 베어링 생산 및 품질 관리원 모집,월급300 만원 이상 ~ 320 만원 이하,경남 창원시 성산구,[인증],,신입,26-07-31,26-09-29,http://www.work.go.kr/empInfo/empInfoSrch/detail/empDetailAuthView.do?callPage=detail&wantedAuthNo=K131132607310033
K131132607310030,진성산업（주）,플라스틱 사출생산 사원 모집( 사상 가능자),"시급10,320 원 이상",경남 창원시 성산구,[인증],,경력 5년,26-07-31,26-09-29,http://www.work.go.kr/empInfo/empInfoSrch/detail/empDetailAuthView.do?callPage=detail&wantedAuthNo=K131132607310030
K131132607310027,허&리병원,수술실 간호조무사를 구합니다,"연봉3,000 만원 이상 ~ 3,000 만원 이하",경남 창원시 의창구,[인증],,관계없음,26-07-31,26-09-29,http://www.work.go.kr/empInfo/empInfoSrch/detail/empDetailAuthView.do?callPage=detail&wantedAuthNo=K131132607310027
KEC0042607310007,주식회사 삼구에프에스,[주5일/ 일5시간] 부산신항만 서측식당 조리원 모집,"시급10,400 원 이상",경남 창원시 진해구,[인증],,관계없음,26-07-31,26-09-22,http://www.work.go.kr/empInfo/empInfoSrch/detail/empDetailAuthView.do?callPage=detail&wantedAuthNo=KEC0042607310007
K131132607310022,주식회사동신지티아이,"공공측량(측지), GIS DB구축 분야 정규직(외근직) 채용","연봉3,000 만원 이상 ~ 3,300 만원 이하",경남 창원시 의창구,[인증],,관계없음,26-07-31,26-09-29,http://www.work.go.kr/empInfo/empInfoSrch/detail/empDetailAuthView.do?callPage=detail&wantedAuthNo=K131132607310022
K131132607310021,주식회사엠지아이티,[창원본사] 온라인 MD · 채널운영,"연봉3,000 만원 이상 ~ 3,400 만원 이하",경남 창원시 의창구,[인증],,관계없음,26-07-31,26-09-29,http://www.work.go.kr/empInfo/empInfoSrch/detail/empDetailAuthView.do?callPage=detail&wantedAuthNo=K131132607310021
K131132607310020,주식회사엠지아이티,[창원본사/정규직] 산업용 드론 및 스마트 장비 기술지원,"연봉3,400 만원 이상 ~ 3,800 만원 이하",경남 창원시 의창구,[인증],,관계없음,26-07-31,26-09-29,http://www.work.go.kr/empInfo/empInfoSrch/detail/empDetailAuthView.do?callPage=detail&wantedAuthNo=K131132607310020
K131132607310018,(주)대한엘리베이터,(창원)엘리베이터 유지관리자 구인,"연봉4,000 만원 이상",경남 창원시 성산구,[인증],,관계없음,26-07-31,26-09-29,http://www.work.go.kr/empInfo/empInfoSrch/detail/empDetailAuthView.do?callPage=detail&wantedAuthNo=K131132607310018
K131112607310012,(주)승현알엔티,덤프트럭 운전기사(경력자) 모집,"연봉4,000 만원 이상 ~ 4,500 만원 이하",경남 창원시 의창구,[인증],,경력 3년,26-07-31,26-09-29,http://www.work.go.kr/empInfo/empInfoSrch/detail/empDetailAuthView.do?callPage=detail&wantedAuthNo=K131112607310012
K120032607310014,주식회사 로이안에이치앤에프,깨끗하고 쾌적한 아파트 공간을 만들어 나갈 청결 미화원을 모집합니다.,월급164 만원 이상 ~ 173 만원 이하,경남 창원시 의창구,[인증],,관계없음,26-07-31,26-09-28,http://www.work.go.kr/empInfo/empInfoSrch/detail/empDetailAuthView.do?callPage=detail&wantedAuthNo=K120032607310014
K131132607310011,사랑별어린이집,보육교사를 모집합니다,월급216 만원 이상 ~ 220 만원 이하,경남 창원시 진해구,[인증],,경력 1년,26-07-31,26-09-29,http://www.work.go.kr/empInfo/empInfoSrch/detail/empDetailAuthView.do?callPage=detail&wantedAuthNo=K131132607310011
K131132607310010,주식회사두웅,설계부 인원모집,"연봉4,100 만원 이상",경남 창원시 의창구,[인증],,관계없음,26-07-31,26-09-29,http://www.work.go.kr/empInfo/empInfoSrch/detail/empDetailAuthView.do?callPage=detail&wantedAuthNo=K131132607310010
K131132607310009,주식회사두웅,기술영업부 직원 모집,"연봉4,100 만원 이상",경남 창원시 의창구,[인증],,관계없음,26-07-31,26-09-29,http://www.work.go.kr/empInfo/empInfoSrch/detail/empDetailAuthView.do?callPage=detail&wantedAuthNo=K131132607310009
K131132607300042,허&리병원,병동 3교대 간호조무사를 구합니다,"연봉3,000 만원 이상 ~ 3,200 만원 이하",경남 창원시 의창구,[인증],,경력 1년,26-07-30,26-09-29,http://www.work.go.kr/empInfo/empInfoSrch/detail/empDetailAuthView.do?callPage=detail&wantedAuthNo=K131132607300042
K131132607300040,사회복지법인동진,동진노인복지센터(요양원) 요양보호사 모집,월급230 만원 이상 ~ 245 만원 이하,경남 창원시 의창구,[인증],,관계없음,26-07-30,26-09-29,http://www.work.go.kr/empInfo/empInfoSrch/detail/empDetailAuthView.do?callPage=detail&wantedAuthNo=K131132607300040
K131132607300039,사회복지법인동진,조리원 채용,월급230 만원 이상,경남 창원시 의창구,[인증],,관계없음,26-07-30,26-09-29,http://www.work.go.kr/empInfo/empInfoSrch/detail/empDetailAuthView.do?callPage=detail&wantedAuthNo=K131132607300039
K131132607300029,(주)큰그림,"[큰그림]유튜브,SNS 기획 및 구성 작가(경력) 모집합니다","연봉3,000 만원 이상",경남 창원시 의창구,[인증],,경력 5년,26-07-30,26-09-29,http://www.work.go.kr/empInfo/empInfoSrch/detail/empDetailAuthView.do?callPage=detail&wantedAuthNo=K131132607300029
K131132607300026,주식회사 디케이해양,해양 잠수사 채용공고,"연봉2,700 만원 이상",경남 창원시 의창구,[인증],,관계없음,26-07-30,26-09-29,http://www.work.go.kr/empInfo/empInfoSrch/detail/empDetailAuthView.do?callPage=detail&wantedAuthNo=K131132607300026
K131132607300022,현대정밀기계주식회사,CNC자동선반 생산직,"시급10,320 원 이상",경남 창원시 의창구,[인증],,경력 2년,26-07-30,26-09-29,http://www.work.go.kr/empInfo/empInfoSrch/detail/empDetailAuthView.do?callPage=detail&wantedAuthNo=K131132607300022
K131132607300019,반도디에스코리아 주식회사,반도디에스코리아 납품 및 배송 경력사원 모집,"연봉3,200 만원 이상",경남 창원시 의창구,[인증],,경력 1년,26-07-30,26-09-29,http://www.work.go.kr/empInfo/empInfoSrch/detail/empDetailAuthView.do?callPage=detail&wantedAuthNo=K131132607300019
K131132607300018,항만물류주식회사,컨테이너 리치기사 모집,월급310 만원 이상 ~ 350 만원 이하,경남 창원시 진해구,[인증],,경력  6개월,26-07-30,26-09-28,http://www.work.go.kr/empInfo/empInfoSrch/detail/empDetailAuthView.do?callPage=detail&wantedAuthNo=K131132607300018
K131132607300016,주식회사 디케이해양,"해양물리 및 해양생태,환경 관련 채용모집","연봉2,700 만원 이상 ~ 3,000 만원 이하",경남 창원시 의창구,[인증],,관계없음,26-07-30,26-09-29,http://www.work.go.kr/empInfo/empInfoSrch/detail/empDetailAuthView.do?callPage=detail&wantedAuthNo=K131132607300016
K131132607300015,반도디에스코리아 주식회사,반도디에스코리아 생산직 사원 채용,"시급10,500 원 이상 ~ 11,500 원 이하",경남 창원시 의창구,[인증],,경력 1년,26-07-30,26-09-29,http://www.work.go.kr/empInfo/empInfoSrch/detail/empDetailAuthView.do?callPage=detail&wantedAuthNo=K131132607300015
K131132607300009,주식회사에스비산업,생산 관련 단순 노무직,월급250 만원 이상 ~ 250 만원 이하,경남 창원시 진해구,[인증],,관계없음,26-07-30,26-09-29,http://www.work.go.kr/empInfo/empInfoSrch/detail/empDetailAuthView.do?callPage=detail&wantedAuthNo=K131132607300009
K131132607300003,이앤엑스 주식회사,기술연구팀 기계분야 연구원 모집[경력],"연봉3,500 만원 이상 ~ 5,500 만원 이하",경남 창원시 의창구,[인증],,경력 3년,26-07-30,26-09-28,http://www.work.go.kr/empInfo/empInfoSrch/detail/empDetailAuthView.do?callPage=detail&wantedAuthNo=K131132607300003
KJSA002607300001,해찬솔요양원,요양원 요양보호사 모집합니다.,"시급10,320 원 이상",경남 창원시 의창구,[인증],,관계없음,26-07-30,26-09-29,http://www.work.go.kr/empInfo/empInfoSrch/detail/empDetailAuthView.do?callPage=detail&wantedAuthNo=KJSA002607300001
K131132607290040,(주)경남통계리서치,정책 및 행정 분야의 전문가로서 학술 연구원을 모집합니다.,월급200 만원 이상 ~ 250 만원 이하,경남 창원시 의창구,[인증],,경력 3년,26-07-29,26-09-28,http://www.work.go.kr/empInfo/empInfoSrch/detail/empDetailAuthView.do?callPage=detail&wantedAuthNo=K131132607290040
K131132607290036,에프엠디자인,시각디자이너 모십니다,"연봉3,000 만원 이상",경남 창원시 의창구,[인증],,경력 1년,26-07-29,26-09-28,http://www.work.go.kr/empInfo/empInfoSrch/detail/empDetailAuthView.do?callPage=detail&wantedAuthNo=K131132607290036
K131132607290027,(주)태원산업,환경(수질) 초급기술자,"연봉2,600 만원 이상",경남 창원시 의창구,[인증],,경력 4년,26-07-29,26-09-28,http://www.work.go.kr/empInfo/empInfoSrch/detail/empDetailAuthView.do?callPage=detail&wantedAuthNo=K131132607290027
K131132607290022,주식회사승지디앤씨,전산 및 경리사원 모집,월급230 만원 이상 ~ 250 만원 이하,경남 창원시 성산구,[인증],,경력 3년,26-07-29,26-09-27,http://www.work.go.kr/empInfo/empInfoSrch/detail/empDetailAuthView.do?callPage=detail&wantedAuthNo=K131132607290022
K131132607290018,(瞳暎)동영미디어,신사업 기획 및 마케팅 전략 수립을 책임질 비즈니스 홍보 전문가를 모집합니다.,월급220 만원 이상,경남 창원시 의창구,[인증],,관계없음,26-07-29,26-09-28,http://www.work.go.kr/empInfo/empInfoSrch/detail/empDetailAuthView.do?callPage=detail&wantedAuthNo=K131132607290018
K131132607290017,(瞳暎)동영미디어,"[마케팅, 전시컨벤션] 끼가넘치는 인재를 모집합니다",월급220 만원 이상,경남 창원시 의창구,[인증],,관계없음,26-07-29,26-09-28,http://www.work.go.kr/empInfo/empInfoSrch/detail/empDetailAuthView.do?callPage=detail&wantedAuthNo=K131132607290017
K131132607290016,두산에너빌리티(주),건설현장 안전관리자 경력직 채용,"연봉3,600 만원 이상",경남 창원시 진해구,[인증],,경력 3년,26-07-29,26-09-28,http://www.work.go.kr/empInfo/empInfoSrch/detail/empDetailAuthView.do?callPage=detail&wantedAuthNo=K131132607290016
K131132607290012,(주)토건컨설팅,미화청소 구인,"시급14,000 원 이상 ~ 14,000 원 이하",경남 창원시 진해구,[인증],,관계없음,26-07-29,26-09-27,http://www.work.go.kr/empInfo/empInfoSrch/detail/empDetailAuthView.do?callPage=detail&wantedAuthNo=K131132607290012
K131132607290010,(주)신일환경산업개발,가로청소 환경미화원 신규 채용,월급390 만원 이상,경남 창원시 진해구,[인증],,신입,26-07-29,26-09-27,http://www.work.go.kr/empInfo/empInfoSrch/detail/empDetailAuthView.do?callPage=detail&wantedAuthNo=K131132607290010
K131132607290009,좋은기술,캐드 기계설계 경력자 모집,"연봉3,725 만원 이상 ~ 5,000 만원 이하",경남 창원시 의창구,[인증],,경력 3년,26-07-29,26-09-28,http://www.work.go.kr/empInfo/empInfoSrch/detail/empDetailAuthView.do?callPage=detail&wantedAuthNo=K131132607290009
K131132607290008,좋은기술,장비조립 담당자 모집,"시급10,320 원 이상 ~ 10,320 원 이하",경남 창원시 의창구,[인증],,관계없음,26-07-29,26-09-28,http://www.work.go.kr/empInfo/empInfoSrch/detail/empDetailAuthView.do?callPage=detail&wantedAuthNo=K131132607290008
K131132607290007,좋은기술,전기 PLC 프로그램 작성,"연봉3,725 만원 이상 ~ 5,000 만원 이하",경남 창원시 의창구,[인증],,경력 3년,26-07-29,26-09-28,http://www.work.go.kr/empInfo/empInfoSrch/detail/empDetailAuthView.do?callPage=detail&wantedAuthNo=K131132607290007
K131132607290004,주식회사동진생명연구원,"환경분야 (수질, 폐기물분야) 연구원 채용","연봉3,000 만원 이상 ~ 3,000 만원 이하",경남 창원시 의창구,[인증],,관계없음,26-07-29,26-09-27,http://www.work.go.kr/empInfo/empInfoSrch/detail/empDetailAuthView.do?callPage=detail&wantedAuthNo=K131132607290004
K131132607280030,대왕금속열처리,금속열처리 생산직 사원모집,"시급10,320 원 이상",경남 창원시 의창구,[인증],,관계없음,26-07-28,26-09-27,http://www.work.go.kr/empInfo/empInfoSrch/detail/empDetailAuthView.do?callPage=detail&wantedAuthNo=K131132607280030
KF10802607280012,아진테크,생산직사원 모집,"시급10,320 원 이상 ~ 10,320 원 이하",경남 창원시 성산구,[인증],,관계없음,26-07-28,26-09-27,http://www.work.go.kr/empInfo/empInfoSrch/detail/empDetailAuthView.do?callPage=detail&wantedAuthNo=KF10802607280012
K131132607280019,한국쏠라뱅크주식회사,태양광 인허가 추가 구인합니다,"연봉2,800 만원 이상",경남 창원시 의창구,[인증],,관계없음,26-07-28,26-09-27,http://www.work.go.kr/empInfo/empInfoSrch/detail/empDetailAuthView.do?callPage=detail&wantedAuthNo=K131132607280019
K131132607280016,창원노인통합센터,주간보호센터에서 근무하실 사회복지사 선생님을 모십니다.,월급216 만원 이상 ~ 216 만원 이하,경남 창원시 의창구,[인증],,관계없음,26-07-28,26-09-27,http://www.work.go.kr/empInfo/empInfoSrch/detail/empDetailAuthView.do?callPage=detail&wantedAuthNo=K131132607280016
K131132607280015,주식회사 길상엔지니어링,(주)길상엔지니어링에서 열처리 기술자 (신입·경력)를 모집합니다,"연봉3,200 만원 이상",경남 창원시 성산구,[인증],,관계없음,26-07-28,26-09-27,http://www.work.go.kr/empInfo/empInfoSrch/detail/empDetailAuthView.do?callPage=detail&wantedAuthNo=K131132607280015
K130042607280032,주식회사에스비시큐리티,창원시 북면 감계 힐스테이트1차 보안요원 모집 (경비신임이수증 및 보건소 채용신체검사서 필수),월급301 만원 이상 ~ 301 만원 이하,경남 창원시 의창구,[인증],,관계없음,26-07-28,26-09-27,http://www.work.go.kr/empInfo/empInfoSrch/detail/empDetailAuthView.do?callPage=detail&wantedAuthNo=K130042607280032
K131112607280003,천무차 농장,운전직 모집,월급250 만원 이상 ~ 250 만원 이하,경남 창원시 의창구,[인증],,관계없음,26-07-28,26-09-27,http://www.work.go.kr/empInfo/empInfoSrch/detail/empDetailAuthView.do?callPage=detail&wantedAuthNo=K131112607280003
K131112607280002,천무차 농장,경리사무원 모집,월급220 만원 이상 ~ 220 만원 이하,경남 창원시 의창구,[인증],,관계없음,26-07-28,26-09-27,http://www.work.go.kr/empInfo/empInfoSrch/detail/empDetailAuthView.do?callPage=detail&wantedAuthNo=K131112607280002
KJSP002607280002,더원재가노인복지센터,재가 요양보호사 모집! ( 진해구 자은동 ),"시급10,320 원 이상",경남 창원시 진해구,[인증],,관계없음,26-07-28,26-09-26,http://www.work.go.kr/empInfo/empInfoSrch/detail/empDetailAuthView.do?callPage=detail&wantedAuthNo=KJSP002607280002
KF10802607270012,활기찬신경외과의원,방사선사 채용,월급300 만원 이상,경남 창원시 성산구,[인증],,관계없음,26-07-27,26-09-26,http://www.work.go.kr/empInfo/empInfoSrch/detail/empDetailAuthView.do?callPage=detail&wantedAuthNo=KF10802607270012
K131132607270066,주식회사금정테크,MCT조작원 모집(경력직),월급400 만원 이상 ~ 420 만원 이하,경남 창원시 의창구,[인증],,경력 3년,26-07-27,26-09-26,http://www.work.go.kr/empInfo/empInfoSrch/detail/empDetailAuthView.do?callPage=detail&wantedAuthNo=K131132607270066
K131132607270063,(주) 유담,케이조선 사내협력사 선목작업원 모집,"시급10,320 원 이상",경남 창원시 진해구,[인증],,신입,26-07-27,26-09-26,http://www.work.go.kr/empInfo/empInfoSrch/detail/empDetailAuthView.do?callPage=detail&wantedAuthNo=K131132607270063
K131132607270061,주식회사 웨이브썸,비키비키를  함께 이끌어갈 팀원을 찾습니다.,월급240 만원 이상,경남 창원시 의창구,[인증],,관계없음,26-07-27,26-09-26,http://www.work.go.kr/empInfo/empInfoSrch/detail/empDetailAuthView.do?callPage=detail&wantedAuthNo=K131132607270061
K131132607270057,삼양리퍼케어(주),동원글로벌터미널부산 진해 게이트 ECO 직원 모집,"연봉3,303 만원 이상",경남 창원시 진해구,[인증],,신입,26-07-27,26-09-26,http://www.work.go.kr/empInfo/empInfoSrch/detail/empDetailAuthView.do?callPage=detail&wantedAuthNo=K131132607270057
K131132607270049,아라테크,치구 설계 신입 및 경력자 모집합니다,"연봉3,200 만원 이상 ~ 6,000 만원 이하",경남 창원시 성산구,[인증],,관계없음,26-07-27,26-09-26,http://www.work.go.kr/empInfo/empInfoSrch/detail/empDetailAuthView.do?callPage=detail&wantedAuthNo=K131132607270049
K131132607270045,"빅토리아 발달장애인 활동 제공기관(주간활동,최중증,방과 후)",빅토리아 발달장애인 활동서비스(주간·방과후·최중증) 전담인력 모집 공고,월급220 만원 이상 ~ 230 만원 이하,경남 창원시 의창구,[인증],,경력 1년,26-07-27,26-09-26,http://www.work.go.kr/empInfo/empInfoSrch/detail/empDetailAuthView.do?callPage=detail&wantedAuthNo=K131132607270045
K131132607270043,동일목재,못 박는 작업자 모집,"시급11,000 원 이상 ~ 12,000 원 이하",경남 창원시 의창구,[인증],,관계없음,26-07-27,26-09-26,http://www.work.go.kr/empInfo/empInfoSrch/detail/empDetailAuthView.do?callPage=detail&wantedAuthNo=K131132607270043
K131332607270035,주식회사 보람관리,[채용대행] 엘지 가전제품 취급직원( 전동지게차 운전원) 모집/주간,"연봉3,600 만원 이상 ~ 4,000 만원 이하",경남 창원시 진해구,[인증],,경력 1년,26-07-27,26-09-26,http://www.work.go.kr/empInfo/empInfoSrch/detail/empDetailAuthView.do?callPage=detail&wantedAuthNo=K131332607270035
K131132607270041,주식회사 미텍이엔이,안전진단 및 비파괴검사 전문가를 모집합니다,"연봉2,600 만원 이상",경남 창원시 의창구,[인증],,관계없음,26-07-27,26-09-24,http://www.work.go.kr/empInfo/empInfoSrch/detail/empDetailAuthView.do?callPage=detail&wantedAuthNo=K131132607270041
K131132607270035,의료법인심연의료재단세명병원,병동 N keep  또는 병동 교대 근무 간호사 모집합니다.,"연봉3,700 만원 이상 ~ 4,400 만원 이하",경남 창원시 진해구,[인증],,경력 3년,26-07-27,26-09-26,http://www.work.go.kr/empInfo/empInfoSrch/detail/empDetailAuthView.do?callPage=detail&wantedAuthNo=K131132607270035
K131132607270033,제이엔산업,제인엔산업 - 자동차 부품 조립사원 모집중( 초보 지원가능  ),"시급10,320 원 이상 ~ 10,320 원 이하",경남 창원시 성산구,[인증],,신입,26-07-27,26-09-26,http://www.work.go.kr/empInfo/empInfoSrch/detail/empDetailAuthView.do?callPage=detail&wantedAuthNo=K131132607270033
K131132607270026,은광재가복지센터,요양보호사 모집,"시급10,320 원 이상 ~ 13,000 원 이하",경남 창원시 성산구,[인증],,관계없음,26-07-27,26-09-26,http://www.work.go.kr/empInfo/empInfoSrch/detail/empDetailAuthView.do?callPage=detail&wantedAuthNo=K131132607270026
K131132607270024,주식회사 에스브이엔지니어링,5면가공기 오퍼레이터 채용 공고,월급550 만원 이상,경남 창원시 성산구,[인증],,경력 5년,26-07-27,26-09-24,http://www.work.go.kr/empInfo/empInfoSrch/detail/empDetailAuthView.do?callPage=detail&wantedAuthNo=K131132607270024
K131132607270009,서광테크,"(생산) cnc자동선반, 부품검사, 생산지원 사원모집","시급10,320 원 이상",경남 창원시 의창구,[인증],,관계없음,26-07-27,26-09-25,http://www.work.go.kr/empInfo/empInfoSrch/detail/empDetailAuthView.do?callPage=detail&wantedAuthNo=K131132607270009
K131132607270001,아란 디자인,"영남, 호남권 창호 영업사원 채용(자동차 필수)",월급260 만원 이상 ~ 300 만원 이하,경남 창원시 진해구,[인증],,관계없음,26-07-27,26-09-24,http://www.work.go.kr/empInfo/empInfoSrch/detail/empDetailAuthView.do?callPage=detail&wantedAuthNo=K131132607270001
K131132607240062,창원시노인주간보호센터,재가센터 방문요양 요양보호사(의창구 명서동) 모집합니다.,"시급10,320 원 이상 ~ 10,320 원 이하",경남 창원시 의창구,[인증],,관계없음,26-07-24,26-09-23,http://www.work.go.kr/empInfo/empInfoSrch/detail/empDetailAuthView.do?callPage=detail&wantedAuthNo=K131132607240062
K131132607240058,금호테크,주조(다이캐스팅)원을 모집합니다.,"시급11,000 원 이상 ~ 15,000 원 이하",경남 창원시 성산구,[인증],,관계없음,26-07-24,26-09-23,http://www.work.go.kr/empInfo/empInfoSrch/detail/empDetailAuthView.do?callPage=detail&wantedAuthNo=K131132607240058
K131132607240057,주식회사 인서비스원,[진해] 현미경 검사원 모집 / 3조2교대 (성과급),"시급10,320 원 이상 ~ 10,790 원 이하",경남 창원시 진해구,[인증],,관계없음,26-07-24,26-09-23,http://www.work.go.kr/empInfo/empInfoSrch/detail/empDetailAuthView.do?callPage=detail&wantedAuthNo=K131132607240057
K131132607240054,이에스텍(주),이에스텍(주) 사출 생산직원 모집,"시급10,320 원 이상 ~ 10,320 원 이하",경남 창원시 의창구,[인증],,관계없음,26-07-24,26-09-23,http://www.work.go.kr/empInfo/empInfoSrch/detail/empDetailAuthView.do?callPage=detail&wantedAuthNo=K131132607240054
K131132607240052,(주)신성에코텍,대기환경측정팀 사원모집,"연봉2,800 만원 이상 ~ 3,000 만원 이하",경남 창원시 의창구,[인증],,관계없음,26-07-24,26-09-23,http://www.work.go.kr/empInfo/empInfoSrch/detail/empDetailAuthView.do?callPage=detail&wantedAuthNo=K131132607240052
K131132607240050,주식회사 비에스파인시스,"전기,통신 설비원 모집","연봉3,000 만원 이상 ~ 3,400 만원 이하",경남 창원시 의창구,[인증],,신입,26-07-24,26-09-23,http://www.work.go.kr/empInfo/empInfoSrch/detail/empDetailAuthView.do?callPage=detail&wantedAuthNo=K131132607240050
K130112607240036,해운대고속 주식회사,"창원 시외버스 승무원 모집(경력 필수, 창원 거주자)",월급300 만원 이상,경남 창원시 의창구,[인증],,경력 2년,26-07-24,26-09-23,http://www.work.go.kr/empInfo/empInfoSrch/detail/empDetailAuthView.do?callPage=detail&wantedAuthNo=K130112607240036
K131132607240040,에스비(SB) 3D,3D 프린터 전문가 및 온라인 마케팅 전문가를 찾습니다.,월급350 만원 이상,경남 창원시 의창구,[인증],,관계없음,26-07-24,26-09-23,http://www.work.go.kr/empInfo/empInfoSrch/detail/empDetailAuthView.do?callPage=detail&wantedAuthNo=K131132607240040
KEC0132607240002,주식회사 삼구에프에스,해군교육사령부 영내 식당 조리원 모집,"시급10,400 원 이상",경남 창원시 진해구,[인증],,관계없음,26-07-24,26-09-22,http://www.work.go.kr/empInfo/empInfoSrch/detail/empDetailAuthView.do?callPage=detail&wantedAuthNo=KEC0132607240002
K131132607240027,디티케이(주),선물세트 포장사원 모집(단기),"시급10,320 원 이상 ~ 11,000 원 이하",경남 창원시 성산구,[인증],,관계없음,26-07-24,26-09-23,http://www.work.go.kr/empInfo/empInfoSrch/detail/empDetailAuthView.do?callPage=detail&wantedAuthNo=K131132607240027
K131132607240022,이에스텍(주),이에스텍 창원공장 플라스틱 사출품 출하 검사 및 생산지원,"시급10,320 원 이상 ~ 10,320 원 이하",경남 창원시 의창구,[인증],,관계없음,26-07-24,26-09-23,http://www.work.go.kr/empInfo/empInfoSrch/detail/empDetailAuthView.do?callPage=detail&wantedAuthNo=K131132607240022
K131132607240017,철원정밀공업사,CNC 선반 조작원 모집,"시급13,000 원 이상 ~ 16,000 원 이하",경남 창원시 의창구,[인증],,경력 5년,26-07-24,26-09-23,http://www.work.go.kr/empInfo/empInfoSrch/detail/empDetailAuthView.do?callPage=detail&wantedAuthNo=K131132607240017
K131132607240007,주식회사한경산업,생산직 7인치 사상원 모집,월급300 만원 이상 ~ 300 만원 이하,경남 창원시 의창구,[인증],,관계없음,26-07-24,26-09-22,http://www.work.go.kr/empInfo/empInfoSrch/detail/empDetailAuthView.do?callPage=detail&wantedAuthNo=K131132607240007
KJSP012607240001,스마일시니어올바른재가복지센터,재가 요양보호사 모집( 남문동 ),"시급10,320 원 이상",경남 창원시 진해구,[인증],,관계없음,26-07-24,26-09-23,http://www.work.go.kr/empInfo/empInfoSrch/detail/empDetailAuthView.do?callPage=detail&wantedAuthNo=KJSP012607240001
K131132607230053,(주)에스엠티,머시닝센터(MCT) 기술자를 모집합니다.,"시급10,320 원 이상",경남 창원시 성산구,[인증],,경력  6개월,26-07-23,26-09-22,http://www.work.go.kr/empInfo/empInfoSrch/detail/empDetailAuthView.do?callPage=detail&wantedAuthNo=K131132607230053
K131132607230050,푸드젠 컴퍼니,"사무 경리직원 모집(일3시간근무,주5일)",월급86 만원 이상,경남 창원시 진해구,[인증],,경력 1년,26-07-23,26-09-22,http://www.work.go.kr/empInfo/empInfoSrch/detail/empDetailAuthView.do?callPage=detail&wantedAuthNo=K131132607230050
K131132607230049,행복다문화협동조합,요양보호사 자격과정교육이 가능한 간호사경력 3년이상 강사님을 모집합니다.,"시급20,000 원 이상",경남 창원시 성산구,[인증],,경력 3년,26-07-23,26-09-22,http://www.work.go.kr/empInfo/empInfoSrch/detail/empDetailAuthView.do?callPage=detail&wantedAuthNo=K131132607230049
K131132607230047,창원시노인주간보호센터,재가센터 방문요양 요양보호사(의창구 도계동) 모집합니다.,"시급10,320 원 이상 ~ 10,320 원 이하",경남 창원시 의창구,[인증],,관계없음,26-07-23,26-09-22,http://www.work.go.kr/empInfo/empInfoSrch/detail/empDetailAuthView.do?callPage=detail&wantedAuthNo=K131132607230047
K131132607230038,(주)흐름코퍼레이션,웹디자이너 모집,월급220 만원 이상,경남 창원시 의창구,[인증],,경력 2년,26-07-23,26-09-22,http://www.work.go.kr/empInfo/empInfoSrch/detail/empDetailAuthView.do?callPage=detail&wantedAuthNo=K131132607230038
K131132607230023,주식회사 신우원,생산직 모집,"연봉2,600 만원 이상 ~ 4,500 만원 이하",경남 창원시 의창구,[인증],,경력 5년,26-07-23,26-09-22,http://www.work.go.kr/empInfo/empInfoSrch/detail/empDetailAuthView.do?callPage=detail&wantedAuthNo=K131132607230023
K131132607230022,주식회사 신우원,영업 및 자재 관리자 모집,"연봉2,600 만원 이상 ~ 3,500 만원 이하",경남 창원시 의창구,[인증],,경력 1년,26-07-23,26-09-22,http://www.work.go.kr/empInfo/empInfoSrch/detail/empDetailAuthView.do?callPage=detail&wantedAuthNo=K131132607230022
K131132607230020,에스에프하이월드주식회사,기계부품 조립 가공 생산직 사원 채용,"시급10,320 원 이상",경남 창원시 성산구,[인증],,신입,26-07-23,26-09-22,http://www.work.go.kr/empInfo/empInfoSrch/detail/empDetailAuthView.do?callPage=detail&wantedAuthNo=K131132607230020
KF10532607230001,주식회사대영진흥,자동차부품 생산직 직원 구인,"시급10,320 원 이상 ~ 10,320 원 이하",경남 창원시 성산구,[인증],,관계없음,26-07-23,26-09-22,http://www.work.go.kr/empInfo/empInfoSrch/detail/empDetailAuthView.do?callPage=detail&wantedAuthNo=KF10532607230001
K152512607230002,주식회사 맨땅(MD),농협하나로마트 팝업매장MD모집,월급220 만원 이상 ~ 250 만원 이하,경남 창원시 의창구,[인증],,관계없음,26-07-23,26-09-21,http://www.work.go.kr/empInfo/empInfoSrch/detail/empDetailAuthView.do?callPage=detail&wantedAuthNo=K152512607230002
K162122607230003,성문 주식회사,성문 진해공장 설계부 신입/경력 모집,"연봉3,000 만원 이상 ~ 4,000 만원 이하",경남 창원시 진해구,[인증],,관계없음,26-07-23,26-09-21,http://www.work.go.kr/empInfo/empInfoSrch/detail/empDetailAuthView.do?callPage=detail&wantedAuthNo=K162122607230003
K161222607220013,주식회사 은성오엔씨,(주)은성오엔씨 해상 건설현장 시공관리 신입 채용,"연봉3,500 만원 이상 ~ 4,500 만원 이하",경남 창원시 진해구,[인증],,신입,26-07-22,26-09-21,http://www.work.go.kr/empInfo/empInfoSrch/detail/empDetailAuthView.do?callPage=detail&wantedAuthNo=K161222607220013
K131132607220064,한국쏠라뱅크주식회사,태양광발전 사업 인허가 전문가 (과장이상)를 모집합니다,월급270 만원 이상 ~ 400 만원 이하,경남 창원시 의창구,[인증],,경력 1년,26-07-22,26-09-21,http://www.work.go.kr/empInfo/empInfoSrch/detail/empDetailAuthView.do?callPage=detail&wantedAuthNo=K131132607220064
K131132607220062,삼일직업전문학교,전기내선공사 및 태양광 훈련교강사 모집,월급280 만원 이상 ~ 300 만원 이하,경남 창원시 성산구,[인증],,경력 3년,26-07-22,26-09-21,http://www.work.go.kr/empInfo/empInfoSrch/detail/empDetailAuthView.do?callPage=detail&wantedAuthNo=K131132607220062
K131132607220052,유창공업(주),생산관리 모집,월급250 만원 이상 ~ 330 만원 이하,경남 창원시 성산구,[인증],,신입,26-07-22,26-09-21,http://www.work.go.kr/empInfo/empInfoSrch/detail/empDetailAuthView.do?callPage=detail&wantedAuthNo=K131132607220052
K131132607220050,보성테크,3차원 측정이 가능한 품질검사원 모집,"시급11,000 원 이상",경남 창원시 성산구,[인증],,경력 5년,26-07-22,26-09-21,http://www.work.go.kr/empInfo/empInfoSrch/detail/empDetailAuthView.do?callPage=detail&wantedAuthNo=K131132607220050
K131132607220049,주식회사 에스아이테크,사원 모집,월급250 만원 이상 ~ 450 만원 이하,경남 창원시 의창구,[인증],,관계없음,26-07-22,26-09-21,http://www.work.go.kr/empInfo/empInfoSrch/detail/empDetailAuthView.do?callPage=detail&wantedAuthNo=K131132607220049
K131132607220047,삼명기계공업(주),삼명기계공업(주) 자동차 부품 생산직 사원 모집,"시급10,320 원 이상 ~ 10,320 원 이하",경남 창원시 성산구,[인증],,신입,26-07-22,26-09-21,http://www.work.go.kr/empInfo/empInfoSrch/detail/empDetailAuthView.do?callPage=detail&wantedAuthNo=K131132607220047
K131132607220038,주식회사 와이이에스,(주)와이이에스 태양광 사업 전문가 총괄책임자 및 영업이사 모집,"연봉6,000 만원 이상",경남 창원시 성산구,[인증],,경력 1년,26-07-22,26-09-21,http://www.work.go.kr/empInfo/empInfoSrch/detail/empDetailAuthView.do?callPage=detail&wantedAuthNo=K131132607220038
K131132607220037,대원기전,"대원기전 - 품질보증, 제품검사 업무 인원채용","연봉3,300 만원 이상 ~ 3,500 만원 이하",경남 창원시 성산구,[인증],,신입,26-07-22,26-09-20,http://www.work.go.kr/empInfo/empInfoSrch/detail/empDetailAuthView.do?callPage=detail&wantedAuthNo=K131132607220037
K131132607220035,창조정밀,CNC 선반공 경력직 모집,월급300 만원 이상 ~ 400 만원 이하,경남 창원시 성산구,[인증],,경력 2년,26-07-22,26-09-21,http://www.work.go.kr/empInfo/empInfoSrch/detail/empDetailAuthView.do?callPage=detail&wantedAuthNo=K131132607220035
K131132607220034,영풍전자(주),영풍전자(주) 생산팀 하네스 & 케이블 제작인원 모집 [경력자 우대],"시급10,320 원 이상",경남 창원시 의창구,[인증],,경력 1년,26-07-22,26-09-21,http://www.work.go.kr/empInfo/empInfoSrch/detail/empDetailAuthView.do?callPage=detail&wantedAuthNo=K131132607220034
K131132607220010,에이피에스（APS）,"유압/수압, 산업기기 등 제작,설치 인원채용",월급280 만원 이상 ~ 350 만원 이하,경남 창원시 성산구,[인증],,경력 3년,26-07-22,26-09-21,http://www.work.go.kr/empInfo/empInfoSrch/detail/empDetailAuthView.do?callPage=detail&wantedAuthNo=K131132607220010
K131132607220008,시민주야간센터,시민주야간보호센터 운전능숙하신 운전원 모집합니다,"시급17,000 원 이상",경남 창원시 의창구,[인증],,관계없음,26-07-22,26-09-21,http://www.work.go.kr/empInfo/empInfoSrch/detail/empDetailAuthView.do?callPage=detail&wantedAuthNo=K131132607220008
K131322607210009,(주)케이에스이피,(주)KSEP 기업부설연구소 연구원모집,"연봉3,200 만원 이상 ~ 4,500 만원 이하",경남 창원시 의창구,[인증],,관계없음,26-07-21,26-09-20,http://www.work.go.kr/empInfo/empInfoSrch/detail/empDetailAuthView.do?callPage=detail&wantedAuthNo=K131322607210009
K131132607210054,(주)연암테크,항공 및 방산 정밀제품 사상 경력자 모집,"시급11,000 원 이상 ~ 13,000 원 이하",경남 창원시 성산구,[인증],,경력 2년,26-07-21,26-09-20,http://www.work.go.kr/empInfo/empInfoSrch/detail/empDetailAuthView.do?callPage=detail&wantedAuthNo=K131132607210054
K131132607210050,조은물류 (주),조은물류 사무 직원 구인합니다 (배차),"연봉3,000 만원 이상 ~ 3,200 만원 이하",경남 창원시 진해구,[인증],,관계없음,26-07-21,26-09-20,http://www.work.go.kr/empInfo/empInfoSrch/detail/empDetailAuthView.do?callPage=detail&wantedAuthNo=K131132607210050
KF10802607210008,휴먼리소스뱅크(주),엘지전자 창원공장 파견사무직 모집(채용대행),"연봉3,150 만원 이상 ~ 3,150 만원 이하",경남 창원시 성산구,[인증],,관계없음,26-07-21,26-09-20,http://www.work.go.kr/empInfo/empInfoSrch/detail/empDetailAuthView.do?callPage=detail&wantedAuthNo=KF10802607210008
K131132607210045,주식회사 가람,[주식회사 가람] 레디알 드릴가공 생산직 모집합니다.,월급350 만원 이상,경남 창원시 진해구,[인증],,경력 5년,26-07-21,26-09-20,http://www.work.go.kr/empInfo/empInfoSrch/detail/empDetailAuthView.do?callPage=detail&wantedAuthNo=K131132607210045
K131132607210044,유영테크놀로지,자동화설비 생산 및 생산관리,월급300 만원 이상,경남 창원시 성산구,[인증],,경력 1년,26-07-21,26-09-20,http://www.work.go.kr/empInfo/empInfoSrch/detail/empDetailAuthView.do?callPage=detail&wantedAuthNo=K131132607210044
K131132607210039,주식회사 케이엠이（K．M．E）,엘리베이터 유지보수 관리원 및 안전관리자 모집,"연봉3,000 만원 이상 ~ 6,000 만원 이하",경남 창원시 성산구,[인증],,관계없음,26-07-21,26-09-20,http://www.work.go.kr/empInfo/empInfoSrch/detail/empDetailAuthView.do?callPage=detail&wantedAuthNo=K131132607210039
K131132607210035,대성활어 동부지사,"활어 납품 및 배송 기사님 모집(1종보통 운전면허증 소지자,초보가능)",월급380 만원 이상,경남 창원시 의창구,[인증],,관계없음,26-07-21,26-09-20,http://www.work.go.kr/empInfo/empInfoSrch/detail/empDetailAuthView.do?callPage=detail&wantedAuthNo=K131132607210035
K131132607210031,(주)포렉스,(주)포렉스 창원사업장 - 3축 5축 MCT 조작원 모집,"시급10,320 원 이상",경남 창원시 성산구,[인증],,관계없음,26-07-21,26-09-20,http://www.work.go.kr/empInfo/empInfoSrch/detail/empDetailAuthView.do?callPage=detail&wantedAuthNo=K131132607210031
KJSP002607210003,(A+)수복노인복지센터,재가 요양보호사 모집 [진해 웅천],"시급10,320 원 이상 ~ 13,000 원 이하",경남 창원시 진해구,[인증],,관계없음,26-07-21,26-09-20,http://www.work.go.kr/empInfo/empInfoSrch/detail/empDetailAuthView.do?callPage=detail&wantedAuthNo=KJSP002607210003
K131132607210021,창원퍼스트피부과의원,창원퍼스트피부과에서 함께 일할 코디네이터를 모십니다,"연봉2,588 만원 이상",경남 창원시 의창구,[인증],,관계없음,26-07-21,26-09-20,http://www.work.go.kr/empInfo/empInfoSrch/detail/empDetailAuthView.do?callPage=detail&wantedAuthNo=K131132607210021
K131132607210019,의료법인창아의료재단,창원 푸른요양병원 3교대 간호조무사 모집,월급241 만원 이상,경남 창원시 성산구,[인증],,관계없음,26-07-21,26-09-20,http://www.work.go.kr/empInfo/empInfoSrch/detail/empDetailAuthView.do?callPage=detail&wantedAuthNo=K131132607210019
K131132607210018,의료법인창아의료재단,창원 푸른요양병원 3교대 간호사 모집,"연봉3,534 만원 이상 ~ 3,894 만원 이하",경남 창원시 성산구,[인증],,관계없음,26-07-21,26-09-20,http://www.work.go.kr/empInfo/empInfoSrch/detail/empDetailAuthView.do?callPage=detail&wantedAuthNo=K131132607210018
K131412607210003,주식회사 에스엠,창원대학교 BTL생활관 전기안전관리자 구인(필수선임),월급300 만원 이상,경남 창원시 의창구,[인증],,경력 2년,26-07-21,26-09-19,http://www.work.go.kr/empInfo/empInfoSrch/detail/empDetailAuthView.do?callPage=detail&wantedAuthNo=K131412607210003
K131132607210005,성미카엘요양병원,"성미카엘요양병원(창원) 간호사(D+E, S+E, E-KEEP, 3교대)모집 - 신규병동 오픈예정","연봉3,300 만원 이상 ~ 3,900 만원 이하",경남 창원시 의창구,[인증],,관계없음,26-07-21,26-09-20,http://www.work.go.kr/empInfo/empInfoSrch/detail/empDetailAuthView.do?callPage=detail&wantedAuthNo=K131132607210005
K131132607210001,한성Tech,기어가공(호빙) 작업자 모집,"연봉3,800 만원 이상 ~ 4,500 만원 이하",경남 창원시 의창구,[인증],,관계없음,26-07-21,26-09-19,http://www.work.go.kr/empInfo/empInfoSrch/detail/empDetailAuthView.do?callPage=detail&wantedAuthNo=K131132607210001
K131132607200094,진해여객자동차(주),시내버스 정비직 사원 모집,"연봉3,600 만원 이상",경남 창원시 진해구,[인증],,관계없음,26-07-20,26-09-19,http://www.work.go.kr/empInfo/empInfoSrch/detail/empDetailAuthView.do?callPage=detail&wantedAuthNo=K131132607200094
K131132607200075,동진로텍주식회사,"생산직(3교대)-벽돌조적, 축로 신입, 경력직원 모집","연봉5,000 만원 이상",경남 창원시 성산구,[인증],,관계없음,26-07-20,26-09-19,http://www.work.go.kr/empInfo/empInfoSrch/detail/empDetailAuthView.do?callPage=detail&wantedAuthNo=K131132607200075
K131132607200070,금호농장,양돈 사양관리 및 출하원 채용,"시급10,320 원 이상",경남 창원시 의창구,[인증],,관계없음,26-07-20,26-09-19,http://www.work.go.kr/empInfo/empInfoSrch/detail/empDetailAuthView.do?callPage=detail&wantedAuthNo=K131132607200070
K131312607200058,（주）에스엔피,케이조선(진해) 직원식당 조리원 및 조리보조원 모집,"시급12,570 원 이상",경남 창원시 진해구,[인증],,관계없음,26-07-20,26-09-19,http://www.work.go.kr/empInfo/empInfoSrch/detail/empDetailAuthView.do?callPage=detail&wantedAuthNo=K131312607200058
K131132607200068,믿음의집,시설 요양보호사 구인,월급216 만원 이상,경남 창원시 의창구,[인증],,관계없음,26-07-20,26-09-19,http://www.work.go.kr/empInfo/empInfoSrch/detail/empDetailAuthView.do?callPage=detail&wantedAuthNo=K131132607200068
K131132607200044,성진이노텍,반도체 부품 원통 연마가공 생산직 모집합니다.,"시급10,320 원 이상 ~ 11,000 원 이하",경남 창원시 의창구,[인증],,관계없음,26-07-20,26-09-19,http://www.work.go.kr/empInfo/empInfoSrch/detail/empDetailAuthView.do?callPage=detail&wantedAuthNo=K131132607200044
K131132607200039,태양재활용산업,2.5톤 / 1톤  운전기사 모집합니다,월급295 만원 이상,경남 창원시 의창구,[인증],,관계없음,26-07-20,26-09-19,http://www.work.go.kr/empInfo/empInfoSrch/detail/empDetailAuthView.do?callPage=detail&wantedAuthNo=K131132607200039
K131132607200038,한국중소기업 경영지원센터,마케팅 담당 직원 구인합니다.,월급230 만원 이상 ~ 300 만원 이하,경남 창원시 성산구,[인증],,경력 1년,26-07-20,26-09-19,http://www.work.go.kr/empInfo/empInfoSrch/detail/empDetailAuthView.do?callPage=detail&wantedAuthNo=K131132607200038
K131132607200037,더본타이어주식회사,타이어테크 상남점에서 근무할 직원을 모십니다.,월급320 만원 이상,경남 창원시 성산구,[인증],,경력 1년,26-07-20,26-09-19,http://www.work.go.kr/empInfo/empInfoSrch/detail/empDetailAuthView.do?callPage=detail&wantedAuthNo=K131132607200037
K131132607200035,고려정밀공업(주),"국책과제 총괄 관리자(부서장, 책임연구원)를 모집합니다.","연봉5,000 만원 이상",경남 창원시 의창구,[인증],,경력 3년,26-07-20,26-09-18,http://www.work.go.kr/empInfo/empInfoSrch/detail/empDetailAuthView.do?callPage=detail&wantedAuthNo=K131132607200035
K130042607200030,주식회사에스비시큐리티,창원 감계힐스테이트4차 보안경비원모집,월급251 만원 이상 ~ 251 만원 이하,경남 창원시 의창구,[인증],,관계없음,26-07-20,26-09-19,http://www.work.go.kr/empInfo/empInfoSrch/detail/empDetailAuthView.do?callPage=detail&wantedAuthNo=K130042607200030
KF10802607200005,서울어린이치과의원,창원서울어린이치과에서 치위생사선생님을 찾습니다(계약직 5개월),월급216 만원 이상,경남 창원시 성산구,[인증],,관계없음,26-07-20,26-09-19,http://www.work.go.kr/empInfo/empInfoSrch/detail/empDetailAuthView.do?callPage=detail&wantedAuthNo=KF10802607200005
