period,scope,region_or_industry_code,region_or_industry,bsi_code,indicator,mapped_kicox_industry,mapping_grade,value,months,value_lag4,change_vs_year_ago_pt,below_100,source_table_code,geography,coverage_flag,role,usage_note
2021Q1,경남(지역),Z22,경남,AA,업황BSI,,,69.33,3,,,True,512Y019,경상남도,region_manufacturing_aggregate,CONTEXT / BUSINESS_SENTIMENT,업종별 자동판정에 쓰지 않는다. 전국 업종 BSI 를 창원국가산단 개별 업종의 신호라고 부르지 않는다.
2021Q2,경남(지역),Z22,경남,AA,업황BSI,,,76.33,3,,,True,512Y019,경상남도,region_manufacturing_aggregate,CONTEXT / BUSINESS_SENTIMENT,업종별 자동판정에 쓰지 않는다. 전국 업종 BSI 를 창원국가산단 개별 업종의 신호라고 부르지 않는다.
2021Q3,경남(지역),Z22,경남,AA,업황BSI,,,70.33,3,,,True,512Y019,경상남도,region_manufacturing_aggregate,CONTEXT / BUSINESS_SENTIMENT,업종별 자동판정에 쓰지 않는다. 전국 업종 BSI 를 창원국가산단 개별 업종의 신호라고 부르지 않는다.
2021Q4,경남(지역),Z22,경남,AA,업황BSI,,,68.33,3,,,True,512Y019,경상남도,region_manufacturing_aggregate,CONTEXT / BUSINESS_SENTIMENT,업종별 자동판정에 쓰지 않는다. 전국 업종 BSI 를 창원국가산단 개별 업종의 신호라고 부르지 않는다.
2022Q1,경남(지역),Z22,경남,AA,업황BSI,,,75.0,3,69.33,5.67,True,512Y019,경상남도,region_manufacturing_aggregate,CONTEXT / BUSINESS_SENTIMENT,업종별 자동판정에 쓰지 않는다. 전국 업종 BSI 를 창원국가산단 개별 업종의 신호라고 부르지 않는다.
2022Q2,경남(지역),Z22,경남,AA,업황BSI,,,74.33,3,76.33,-2.0,True,512Y019,경상남도,region_manufacturing_aggregate,CONTEXT / BUSINESS_SENTIMENT,업종별 자동판정에 쓰지 않는다. 전국 업종 BSI 를 창원국가산단 개별 업종의 신호라고 부르지 않는다.
2022Q3,경남(지역),Z22,경남,AA,업황BSI,,,68.0,3,70.33,-2.33,True,512Y019,경상남도,region_manufacturing_aggregate,CONTEXT / BUSINESS_SENTIMENT,업종별 자동판정에 쓰지 않는다. 전국 업종 BSI 를 창원국가산단 개별 업종의 신호라고 부르지 않는다.
2022Q4,경남(지역),Z22,경남,AA,업황BSI,,,70.67,3,68.33,2.34,True,512Y019,경상남도,region_manufacturing_aggregate,CONTEXT / BUSINESS_SENTIMENT,업종별 자동판정에 쓰지 않는다. 전국 업종 BSI 를 창원국가산단 개별 업종의 신호라고 부르지 않는다.
2023Q1,경남(지역),Z22,경남,AA,업황BSI,,,74.0,3,75.0,-1.0,True,512Y019,경상남도,region_manufacturing_aggregate,CONTEXT / BUSINESS_SENTIMENT,업종별 자동판정에 쓰지 않는다. 전국 업종 BSI 를 창원국가산단 개별 업종의 신호라고 부르지 않는다.
2023Q2,경남(지역),Z22,경남,AA,업황BSI,,,77.67,3,74.33,3.34,True,512Y019,경상남도,region_manufacturing_aggregate,CONTEXT / BUSINESS_SENTIMENT,업종별 자동판정에 쓰지 않는다. 전국 업종 BSI 를 창원국가산단 개별 업종의 신호라고 부르지 않는다.
2023Q3,경남(지역),Z22,경남,AA,업황BSI,,,81.0,3,68.0,13.0,True,512Y019,경상남도,region_manufacturing_aggregate,CONTEXT / BUSINESS_SENTIMENT,업종별 자동판정에 쓰지 않는다. 전국 업종 BSI 를 창원국가산단 개별 업종의 신호라고 부르지 않는다.
2023Q4,경남(지역),Z22,경남,AA,업황BSI,,,75.0,3,70.67,4.33,True,512Y019,경상남도,region_manufacturing_aggregate,CONTEXT / BUSINESS_SENTIMENT,업종별 자동판정에 쓰지 않는다. 전국 업종 BSI 를 창원국가산단 개별 업종의 신호라고 부르지 않는다.
2024Q1,경남(지역),Z22,경남,AA,업황BSI,,,76.67,3,74.0,2.67,True,512Y019,경상남도,region_manufacturing_aggregate,CONTEXT / BUSINESS_SENTIMENT,업종별 자동판정에 쓰지 않는다. 전국 업종 BSI 를 창원국가산단 개별 업종의 신호라고 부르지 않는다.
2024Q2,경남(지역),Z22,경남,AA,업황BSI,,,79.67,3,77.67,2.0,True,512Y019,경상남도,region_manufacturing_aggregate,CONTEXT / BUSINESS_SENTIMENT,업종별 자동판정에 쓰지 않는다. 전국 업종 BSI 를 창원국가산단 개별 업종의 신호라고 부르지 않는다.
2024Q3,경남(지역),Z22,경남,AA,업황BSI,,,68.67,3,81.0,-12.33,True,512Y019,경상남도,region_manufacturing_aggregate,CONTEXT / BUSINESS_SENTIMENT,업종별 자동판정에 쓰지 않는다. 전국 업종 BSI 를 창원국가산단 개별 업종의 신호라고 부르지 않는다.
2024Q4,경남(지역),Z22,경남,AA,업황BSI,,,62.33,3,75.0,-12.67,True,512Y019,경상남도,region_manufacturing_aggregate,CONTEXT / BUSINESS_SENTIMENT,업종별 자동판정에 쓰지 않는다. 전국 업종 BSI 를 창원국가산단 개별 업종의 신호라고 부르지 않는다.
2025Q1,경남(지역),Z22,경남,AA,업황BSI,,,65.0,3,76.67,-11.67,True,512Y019,경상남도,region_manufacturing_aggregate,CONTEXT / BUSINESS_SENTIMENT,업종별 자동판정에 쓰지 않는다. 전국 업종 BSI 를 창원국가산단 개별 업종의 신호라고 부르지 않는다.
2025Q2,경남(지역),Z22,경남,AA,업황BSI,,,68.33,3,79.67,-11.34,True,512Y019,경상남도,region_manufacturing_aggregate,CONTEXT / BUSINESS_SENTIMENT,업종별 자동판정에 쓰지 않는다. 전국 업종 BSI 를 창원국가산단 개별 업종의 신호라고 부르지 않는다.
2025Q3,경남(지역),Z22,경남,AA,업황BSI,,,67.67,3,68.67,-1.0,True,512Y019,경상남도,region_manufacturing_aggregate,CONTEXT / BUSINESS_SENTIMENT,업종별 자동판정에 쓰지 않는다. 전국 업종 BSI 를 창원국가산단 개별 업종의 신호라고 부르지 않는다.
2025Q4,경남(지역),Z22,경남,AA,업황BSI,,,65.33,3,62.33,3.0,True,512Y019,경상남도,region_manufacturing_aggregate,CONTEXT / BUSINESS_SENTIMENT,업종별 자동판정에 쓰지 않는다. 전국 업종 BSI 를 창원국가산단 개별 업종의 신호라고 부르지 않는다.
2026Q1,경남(지역),Z22,경남,AA,업황BSI,,,71.33,3,65.0,6.33,True,512Y019,경상남도,region_manufacturing_aggregate,CONTEXT / BUSINESS_SENTIMENT,업종별 자동판정에 쓰지 않는다. 전국 업종 BSI 를 창원국가산단 개별 업종의 신호라고 부르지 않는다.
2026Q2,경남(지역),Z22,경남,AA,업황BSI,,,74.67,3,68.33,6.34,True,512Y019,경상남도,region_manufacturing_aggregate,CONTEXT / BUSINESS_SENTIMENT,업종별 자동판정에 쓰지 않는다. 전국 업종 BSI 를 창원국가산단 개별 업종의 신호라고 부르지 않는다.
2026Q3,경남(지역),Z22,경남,AA,업황BSI,,,80.5,2,67.67,12.83,True,512Y019,경상남도,region_manufacturing_aggregate,CONTEXT / BUSINESS_SENTIMENT,업종별 자동판정에 쓰지 않는다. 전국 업종 BSI 를 창원국가산단 개별 업종의 신호라고 부르지 않는다.
2021Q1,경남(지역),Z22,경남,AC,생산BSI,,,86.33,3,,,True,512Y019,경상남도,region_manufacturing_aggregate,CONTEXT / BUSINESS_SENTIMENT,업종별 자동판정에 쓰지 않는다. 전국 업종 BSI 를 창원국가산단 개별 업종의 신호라고 부르지 않는다.
2021Q2,경남(지역),Z22,경남,AC,생산BSI,,,95.0,3,,,True,512Y019,경상남도,region_manufacturing_aggregate,CONTEXT / BUSINESS_SENTIMENT,업종별 자동판정에 쓰지 않는다. 전국 업종 BSI 를 창원국가산단 개별 업종의 신호라고 부르지 않는다.
2021Q3,경남(지역),Z22,경남,AC,생산BSI,,,90.33,3,,,True,512Y019,경상남도,region_manufacturing_aggregate,CONTEXT / BUSINESS_SENTIMENT,업종별 자동판정에 쓰지 않는다. 전국 업종 BSI 를 창원국가산단 개별 업종의 신호라고 부르지 않는다.
2021Q4,경남(지역),Z22,경남,AC,생산BSI,,,88.33,3,,,True,512Y019,경상남도,region_manufacturing_aggregate,CONTEXT / BUSINESS_SENTIMENT,업종별 자동판정에 쓰지 않는다. 전국 업종 BSI 를 창원국가산단 개별 업종의 신호라고 부르지 않는다.
2022Q1,경남(지역),Z22,경남,AC,생산BSI,,,91.0,3,86.33,4.67,True,512Y019,경상남도,region_manufacturing_aggregate,CONTEXT / BUSINESS_SENTIMENT,업종별 자동판정에 쓰지 않는다. 전국 업종 BSI 를 창원국가산단 개별 업종의 신호라고 부르지 않는다.
2022Q2,경남(지역),Z22,경남,AC,생산BSI,,,92.33,3,95.0,-2.67,True,512Y019,경상남도,region_manufacturing_aggregate,CONTEXT / BUSINESS_SENTIMENT,업종별 자동판정에 쓰지 않는다. 전국 업종 BSI 를 창원국가산단 개별 업종의 신호라고 부르지 않는다.
2022Q3,경남(지역),Z22,경남,AC,생산BSI,,,90.33,3,90.33,0.0,True,512Y019,경상남도,region_manufacturing_aggregate,CONTEXT / BUSINESS_SENTIMENT,업종별 자동판정에 쓰지 않는다. 전국 업종 BSI 를 창원국가산단 개별 업종의 신호라고 부르지 않는다.
2022Q4,경남(지역),Z22,경남,AC,생산BSI,,,90.67,3,88.33,2.34,True,512Y019,경상남도,region_manufacturing_aggregate,CONTEXT / BUSINESS_SENTIMENT,업종별 자동판정에 쓰지 않는다. 전국 업종 BSI 를 창원국가산단 개별 업종의 신호라고 부르지 않는다.
2023Q1,경남(지역),Z22,경남,AC,생산BSI,,,91.33,3,91.0,0.33,True,512Y019,경상남도,region_manufacturing_aggregate,CONTEXT / BUSINESS_SENTIMENT,업종별 자동판정에 쓰지 않는다. 전국 업종 BSI 를 창원국가산단 개별 업종의 신호라고 부르지 않는다.
2023Q2,경남(지역),Z22,경남,AC,생산BSI,,,96.33,3,92.33,4.0,True,512Y019,경상남도,region_manufacturing_aggregate,CONTEXT / BUSINESS_SENTIMENT,업종별 자동판정에 쓰지 않는다. 전국 업종 BSI 를 창원국가산단 개별 업종의 신호라고 부르지 않는다.
2023Q3,경남(지역),Z22,경남,AC,생산BSI,,,95.0,3,90.33,4.67,True,512Y019,경상남도,region_manufacturing_aggregate,CONTEXT / BUSINESS_SENTIMENT,업종별 자동판정에 쓰지 않는다. 전국 업종 BSI 를 창원국가산단 개별 업종의 신호라고 부르지 않는다.
2023Q4,경남(지역),Z22,경남,AC,생산BSI,,,90.0,3,90.67,-0.67,True,512Y019,경상남도,region_manufacturing_aggregate,CONTEXT / BUSINESS_SENTIMENT,업종별 자동판정에 쓰지 않는다. 전국 업종 BSI 를 창원국가산단 개별 업종의 신호라고 부르지 않는다.
2024Q1,경남(지역),Z22,경남,AC,생산BSI,,,95.0,3,91.33,3.67,True,512Y019,경상남도,region_manufacturing_aggregate,CONTEXT / BUSINESS_SENTIMENT,업종별 자동판정에 쓰지 않는다. 전국 업종 BSI 를 창원국가산단 개별 업종의 신호라고 부르지 않는다.
2024Q2,경남(지역),Z22,경남,AC,생산BSI,,,92.33,3,96.33,-4.0,True,512Y019,경상남도,region_manufacturing_aggregate,CONTEXT / BUSINESS_SENTIMENT,업종별 자동판정에 쓰지 않는다. 전국 업종 BSI 를 창원국가산단 개별 업종의 신호라고 부르지 않는다.
2024Q3,경남(지역),Z22,경남,AC,생산BSI,,,83.67,3,95.0,-11.33,True,512Y019,경상남도,region_manufacturing_aggregate,CONTEXT / BUSINESS_SENTIMENT,업종별 자동판정에 쓰지 않는다. 전국 업종 BSI 를 창원국가산단 개별 업종의 신호라고 부르지 않는다.
2024Q4,경남(지역),Z22,경남,AC,생산BSI,,,77.0,3,90.0,-13.0,True,512Y019,경상남도,region_manufacturing_aggregate,CONTEXT / BUSINESS_SENTIMENT,업종별 자동판정에 쓰지 않는다. 전국 업종 BSI 를 창원국가산단 개별 업종의 신호라고 부르지 않는다.
2025Q1,경남(지역),Z22,경남,AC,생산BSI,,,73.0,3,95.0,-22.0,True,512Y019,경상남도,region_manufacturing_aggregate,CONTEXT / BUSINESS_SENTIMENT,업종별 자동판정에 쓰지 않는다. 전국 업종 BSI 를 창원국가산단 개별 업종의 신호라고 부르지 않는다.
2025Q2,경남(지역),Z22,경남,AC,생산BSI,,,82.33,3,92.33,-10.0,True,512Y019,경상남도,region_manufacturing_aggregate,CONTEXT / BUSINESS_SENTIMENT,업종별 자동판정에 쓰지 않는다. 전국 업종 BSI 를 창원국가산단 개별 업종의 신호라고 부르지 않는다.
2025Q3,경남(지역),Z22,경남,AC,생산BSI,,,80.33,3,83.67,-3.34,True,512Y019,경상남도,region_manufacturing_aggregate,CONTEXT / BUSINESS_SENTIMENT,업종별 자동판정에 쓰지 않는다. 전국 업종 BSI 를 창원국가산단 개별 업종의 신호라고 부르지 않는다.
2025Q4,경남(지역),Z22,경남,AC,생산BSI,,,75.0,3,77.0,-2.0,True,512Y019,경상남도,region_manufacturing_aggregate,CONTEXT / BUSINESS_SENTIMENT,업종별 자동판정에 쓰지 않는다. 전국 업종 BSI 를 창원국가산단 개별 업종의 신호라고 부르지 않는다.
2026Q1,경남(지역),Z22,경남,AC,생산BSI,,,83.33,3,73.0,10.33,True,512Y019,경상남도,region_manufacturing_aggregate,CONTEXT / BUSINESS_SENTIMENT,업종별 자동판정에 쓰지 않는다. 전국 업종 BSI 를 창원국가산단 개별 업종의 신호라고 부르지 않는다.
2026Q2,경남(지역),Z22,경남,AC,생산BSI,,,91.0,3,82.33,8.67,True,512Y019,경상남도,region_manufacturing_aggregate,CONTEXT / BUSINESS_SENTIMENT,업종별 자동판정에 쓰지 않는다. 전국 업종 BSI 를 창원국가산단 개별 업종의 신호라고 부르지 않는다.
2026Q3,경남(지역),Z22,경남,AC,생산BSI,,,97.0,2,80.33,16.67,True,512Y019,경상남도,region_manufacturing_aggregate,CONTEXT / BUSINESS_SENTIMENT,업종별 자동판정에 쓰지 않는다. 전국 업종 BSI 를 창원국가산단 개별 업종의 신호라고 부르지 않는다.
2021Q1,경남(지역),Z22,경남,AD,신규수주BSI,,,87.0,3,,,True,512Y019,경상남도,region_manufacturing_aggregate,CONTEXT / BUSINESS_SENTIMENT,업종별 자동판정에 쓰지 않는다. 전국 업종 BSI 를 창원국가산단 개별 업종의 신호라고 부르지 않는다.
2021Q2,경남(지역),Z22,경남,AD,신규수주BSI,,,93.33,3,,,True,512Y019,경상남도,region_manufacturing_aggregate,CONTEXT / BUSINESS_SENTIMENT,업종별 자동판정에 쓰지 않는다. 전국 업종 BSI 를 창원국가산단 개별 업종의 신호라고 부르지 않는다.
2021Q3,경남(지역),Z22,경남,AD,신규수주BSI,,,88.33,3,,,True,512Y019,경상남도,region_manufacturing_aggregate,CONTEXT / BUSINESS_SENTIMENT,업종별 자동판정에 쓰지 않는다. 전국 업종 BSI 를 창원국가산단 개별 업종의 신호라고 부르지 않는다.
2021Q4,경남(지역),Z22,경남,AD,신규수주BSI,,,87.67,3,,,True,512Y019,경상남도,region_manufacturing_aggregate,CONTEXT / BUSINESS_SENTIMENT,업종별 자동판정에 쓰지 않는다. 전국 업종 BSI 를 창원국가산단 개별 업종의 신호라고 부르지 않는다.
2022Q1,경남(지역),Z22,경남,AD,신규수주BSI,,,86.67,3,87.0,-0.33,True,512Y019,경상남도,region_manufacturing_aggregate,CONTEXT / BUSINESS_SENTIMENT,업종별 자동판정에 쓰지 않는다. 전국 업종 BSI 를 창원국가산단 개별 업종의 신호라고 부르지 않는다.
2022Q2,경남(지역),Z22,경남,AD,신규수주BSI,,,89.67,3,93.33,-3.66,True,512Y019,경상남도,region_manufacturing_aggregate,CONTEXT / BUSINESS_SENTIMENT,업종별 자동판정에 쓰지 않는다. 전국 업종 BSI 를 창원국가산단 개별 업종의 신호라고 부르지 않는다.
2022Q3,경남(지역),Z22,경남,AD,신규수주BSI,,,83.67,3,88.33,-4.66,True,512Y019,경상남도,region_manufacturing_aggregate,CONTEXT / BUSINESS_SENTIMENT,업종별 자동판정에 쓰지 않는다. 전국 업종 BSI 를 창원국가산단 개별 업종의 신호라고 부르지 않는다.
2022Q4,경남(지역),Z22,경남,AD,신규수주BSI,,,82.67,3,87.67,-5.0,True,512Y019,경상남도,region_manufacturing_aggregate,CONTEXT / BUSINESS_SENTIMENT,업종별 자동판정에 쓰지 않는다. 전국 업종 BSI 를 창원국가산단 개별 업종의 신호라고 부르지 않는다.
2023Q1,경남(지역),Z22,경남,AD,신규수주BSI,,,83.33,3,86.67,-3.34,True,512Y019,경상남도,region_manufacturing_aggregate,CONTEXT / BUSINESS_SENTIMENT,업종별 자동판정에 쓰지 않는다. 전국 업종 BSI 를 창원국가산단 개별 업종의 신호라고 부르지 않는다.
2023Q2,경남(지역),Z22,경남,AD,신규수주BSI,,,87.67,3,89.67,-2.0,True,512Y019,경상남도,region_manufacturing_aggregate,CONTEXT / BUSINESS_SENTIMENT,업종별 자동판정에 쓰지 않는다. 전국 업종 BSI 를 창원국가산단 개별 업종의 신호라고 부르지 않는다.
2023Q3,경남(지역),Z22,경남,AD,신규수주BSI,,,87.0,3,83.67,3.33,True,512Y019,경상남도,region_manufacturing_aggregate,CONTEXT / BUSINESS_SENTIMENT,업종별 자동판정에 쓰지 않는다. 전국 업종 BSI 를 창원국가산단 개별 업종의 신호라고 부르지 않는다.
2023Q4,경남(지역),Z22,경남,AD,신규수주BSI,,,82.67,3,82.67,0.0,True,512Y019,경상남도,region_manufacturing_aggregate,CONTEXT / BUSINESS_SENTIMENT,업종별 자동판정에 쓰지 않는다. 전국 업종 BSI 를 창원국가산단 개별 업종의 신호라고 부르지 않는다.
2024Q1,경남(지역),Z22,경남,AD,신규수주BSI,,,87.0,3,83.33,3.67,True,512Y019,경상남도,region_manufacturing_aggregate,CONTEXT / BUSINESS_SENTIMENT,업종별 자동판정에 쓰지 않는다. 전국 업종 BSI 를 창원국가산단 개별 업종의 신호라고 부르지 않는다.
2024Q2,경남(지역),Z22,경남,AD,신규수주BSI,,,87.33,3,87.67,-0.34,True,512Y019,경상남도,region_manufacturing_aggregate,CONTEXT / BUSINESS_SENTIMENT,업종별 자동판정에 쓰지 않는다. 전국 업종 BSI 를 창원국가산단 개별 업종의 신호라고 부르지 않는다.
2024Q3,경남(지역),Z22,경남,AD,신규수주BSI,,,78.0,3,87.0,-9.0,True,512Y019,경상남도,region_manufacturing_aggregate,CONTEXT / BUSINESS_SENTIMENT,업종별 자동판정에 쓰지 않는다. 전국 업종 BSI 를 창원국가산단 개별 업종의 신호라고 부르지 않는다.
2024Q4,경남(지역),Z22,경남,AD,신규수주BSI,,,71.0,3,82.67,-11.67,True,512Y019,경상남도,region_manufacturing_aggregate,CONTEXT / BUSINESS_SENTIMENT,업종별 자동판정에 쓰지 않는다. 전국 업종 BSI 를 창원국가산단 개별 업종의 신호라고 부르지 않는다.
2025Q1,경남(지역),Z22,경남,AD,신규수주BSI,,,68.33,3,87.0,-18.67,True,512Y019,경상남도,region_manufacturing_aggregate,CONTEXT / BUSINESS_SENTIMENT,업종별 자동판정에 쓰지 않는다. 전국 업종 BSI 를 창원국가산단 개별 업종의 신호라고 부르지 않는다.
2025Q2,경남(지역),Z22,경남,AD,신규수주BSI,,,76.33,3,87.33,-11.0,True,512Y019,경상남도,region_manufacturing_aggregate,CONTEXT / BUSINESS_SENTIMENT,업종별 자동판정에 쓰지 않는다. 전국 업종 BSI 를 창원국가산단 개별 업종의 신호라고 부르지 않는다.
2025Q3,경남(지역),Z22,경남,AD,신규수주BSI,,,74.67,3,78.0,-3.33,True,512Y019,경상남도,region_manufacturing_aggregate,CONTEXT / BUSINESS_SENTIMENT,업종별 자동판정에 쓰지 않는다. 전국 업종 BSI 를 창원국가산단 개별 업종의 신호라고 부르지 않는다.
2025Q4,경남(지역),Z22,경남,AD,신규수주BSI,,,70.0,3,71.0,-1.0,True,512Y019,경상남도,region_manufacturing_aggregate,CONTEXT / BUSINESS_SENTIMENT,업종별 자동판정에 쓰지 않는다. 전국 업종 BSI 를 창원국가산단 개별 업종의 신호라고 부르지 않는다.
2026Q1,경남(지역),Z22,경남,AD,신규수주BSI,,,76.67,3,68.33,8.34,True,512Y019,경상남도,region_manufacturing_aggregate,CONTEXT / BUSINESS_SENTIMENT,업종별 자동판정에 쓰지 않는다. 전국 업종 BSI 를 창원국가산단 개별 업종의 신호라고 부르지 않는다.
2026Q2,경남(지역),Z22,경남,AD,신규수주BSI,,,85.33,3,76.33,9.0,True,512Y019,경상남도,region_manufacturing_aggregate,CONTEXT / BUSINESS_SENTIMENT,업종별 자동판정에 쓰지 않는다. 전국 업종 BSI 를 창원국가산단 개별 업종의 신호라고 부르지 않는다.
2026Q3,경남(지역),Z22,경남,AD,신규수주BSI,,,95.5,2,74.67,20.83,True,512Y019,경상남도,region_manufacturing_aggregate,CONTEXT / BUSINESS_SENTIMENT,업종별 자동판정에 쓰지 않는다. 전국 업종 BSI 를 창원국가산단 개별 업종의 신호라고 부르지 않는다.
2021Q1,경남(지역),Z22,경남,AJ,인력사정BSI,,,99.33,3,,,True,512Y019,경상남도,region_manufacturing_aggregate,CONTEXT / BUSINESS_SENTIMENT,업종별 자동판정에 쓰지 않는다. 전국 업종 BSI 를 창원국가산단 개별 업종의 신호라고 부르지 않는다.
2021Q2,경남(지역),Z22,경남,AJ,인력사정BSI,,,90.33,3,,,True,512Y019,경상남도,region_manufacturing_aggregate,CONTEXT / BUSINESS_SENTIMENT,업종별 자동판정에 쓰지 않는다. 전국 업종 BSI 를 창원국가산단 개별 업종의 신호라고 부르지 않는다.
2021Q3,경남(지역),Z22,경남,AJ,인력사정BSI,,,90.0,3,,,True,512Y019,경상남도,region_manufacturing_aggregate,CONTEXT / BUSINESS_SENTIMENT,업종별 자동판정에 쓰지 않는다. 전국 업종 BSI 를 창원국가산단 개별 업종의 신호라고 부르지 않는다.
2021Q4,경남(지역),Z22,경남,AJ,인력사정BSI,,,90.67,3,,,True,512Y019,경상남도,region_manufacturing_aggregate,CONTEXT / BUSINESS_SENTIMENT,업종별 자동판정에 쓰지 않는다. 전국 업종 BSI 를 창원국가산단 개별 업종의 신호라고 부르지 않는다.
2022Q1,경남(지역),Z22,경남,AJ,인력사정BSI,,,82.67,3,99.33,-16.66,True,512Y019,경상남도,region_manufacturing_aggregate,CONTEXT / BUSINESS_SENTIMENT,업종별 자동판정에 쓰지 않는다. 전국 업종 BSI 를 창원국가산단 개별 업종의 신호라고 부르지 않는다.
2022Q2,경남(지역),Z22,경남,AJ,인력사정BSI,,,74.67,3,90.33,-15.66,True,512Y019,경상남도,region_manufacturing_aggregate,CONTEXT / BUSINESS_SENTIMENT,업종별 자동판정에 쓰지 않는다. 전국 업종 BSI 를 창원국가산단 개별 업종의 신호라고 부르지 않는다.
2022Q3,경남(지역),Z22,경남,AJ,인력사정BSI,,,77.33,3,90.0,-12.67,True,512Y019,경상남도,region_manufacturing_aggregate,CONTEXT / BUSINESS_SENTIMENT,업종별 자동판정에 쓰지 않는다. 전국 업종 BSI 를 창원국가산단 개별 업종의 신호라고 부르지 않는다.
2022Q4,경남(지역),Z22,경남,AJ,인력사정BSI,,,77.33,3,90.67,-13.34,True,512Y019,경상남도,region_manufacturing_aggregate,CONTEXT / BUSINESS_SENTIMENT,업종별 자동판정에 쓰지 않는다. 전국 업종 BSI 를 창원국가산단 개별 업종의 신호라고 부르지 않는다.
2023Q1,경남(지역),Z22,경남,AJ,인력사정BSI,,,77.67,3,82.67,-5.0,True,512Y019,경상남도,region_manufacturing_aggregate,CONTEXT / BUSINESS_SENTIMENT,업종별 자동판정에 쓰지 않는다. 전국 업종 BSI 를 창원국가산단 개별 업종의 신호라고 부르지 않는다.
2023Q2,경남(지역),Z22,경남,AJ,인력사정BSI,,,79.33,3,74.67,4.66,True,512Y019,경상남도,region_manufacturing_aggregate,CONTEXT / BUSINESS_SENTIMENT,업종별 자동판정에 쓰지 않는다. 전국 업종 BSI 를 창원국가산단 개별 업종의 신호라고 부르지 않는다.
2023Q3,경남(지역),Z22,경남,AJ,인력사정BSI,,,77.33,3,77.33,0.0,True,512Y019,경상남도,region_manufacturing_aggregate,CONTEXT / BUSINESS_SENTIMENT,업종별 자동판정에 쓰지 않는다. 전국 업종 BSI 를 창원국가산단 개별 업종의 신호라고 부르지 않는다.
2023Q4,경남(지역),Z22,경남,AJ,인력사정BSI,,,80.33,3,77.33,3.0,True,512Y019,경상남도,region_manufacturing_aggregate,CONTEXT / BUSINESS_SENTIMENT,업종별 자동판정에 쓰지 않는다. 전국 업종 BSI 를 창원국가산단 개별 업종의 신호라고 부르지 않는다.
2024Q1,경남(지역),Z22,경남,AJ,인력사정BSI,,,81.0,3,77.67,3.33,True,512Y019,경상남도,region_manufacturing_aggregate,CONTEXT / BUSINESS_SENTIMENT,업종별 자동판정에 쓰지 않는다. 전국 업종 BSI 를 창원국가산단 개별 업종의 신호라고 부르지 않는다.
2024Q2,경남(지역),Z22,경남,AJ,인력사정BSI,,,84.33,3,79.33,5.0,True,512Y019,경상남도,region_manufacturing_aggregate,CONTEXT / BUSINESS_SENTIMENT,업종별 자동판정에 쓰지 않는다. 전국 업종 BSI 를 창원국가산단 개별 업종의 신호라고 부르지 않는다.
2024Q3,경남(지역),Z22,경남,AJ,인력사정BSI,,,82.67,3,77.33,5.34,True,512Y019,경상남도,region_manufacturing_aggregate,CONTEXT / BUSINESS_SENTIMENT,업종별 자동판정에 쓰지 않는다. 전국 업종 BSI 를 창원국가산단 개별 업종의 신호라고 부르지 않는다.
2024Q4,경남(지역),Z22,경남,AJ,인력사정BSI,,,89.33,3,80.33,9.0,True,512Y019,경상남도,region_manufacturing_aggregate,CONTEXT / BUSINESS_SENTIMENT,업종별 자동판정에 쓰지 않는다. 전국 업종 BSI 를 창원국가산단 개별 업종의 신호라고 부르지 않는다.
2025Q1,경남(지역),Z22,경남,AJ,인력사정BSI,,,89.0,3,81.0,8.0,True,512Y019,경상남도,region_manufacturing_aggregate,CONTEXT / BUSINESS_SENTIMENT,업종별 자동판정에 쓰지 않는다. 전국 업종 BSI 를 창원국가산단 개별 업종의 신호라고 부르지 않는다.
2025Q2,경남(지역),Z22,경남,AJ,인력사정BSI,,,90.33,3,84.33,6.0,True,512Y019,경상남도,region_manufacturing_aggregate,CONTEXT / BUSINESS_SENTIMENT,업종별 자동판정에 쓰지 않는다. 전국 업종 BSI 를 창원국가산단 개별 업종의 신호라고 부르지 않는다.
2025Q3,경남(지역),Z22,경남,AJ,인력사정BSI,,,92.0,3,82.67,9.33,True,512Y019,경상남도,region_manufacturing_aggregate,CONTEXT / BUSINESS_SENTIMENT,업종별 자동판정에 쓰지 않는다. 전국 업종 BSI 를 창원국가산단 개별 업종의 신호라고 부르지 않는다.
2025Q4,경남(지역),Z22,경남,AJ,인력사정BSI,,,95.0,3,89.33,5.67,True,512Y019,경상남도,region_manufacturing_aggregate,CONTEXT / BUSINESS_SENTIMENT,업종별 자동판정에 쓰지 않는다. 전국 업종 BSI 를 창원국가산단 개별 업종의 신호라고 부르지 않는다.
2026Q1,경남(지역),Z22,경남,AJ,인력사정BSI,,,91.33,3,89.0,2.33,True,512Y019,경상남도,region_manufacturing_aggregate,CONTEXT / BUSINESS_SENTIMENT,업종별 자동판정에 쓰지 않는다. 전국 업종 BSI 를 창원국가산단 개별 업종의 신호라고 부르지 않는다.
2026Q2,경남(지역),Z22,경남,AJ,인력사정BSI,,,89.67,3,90.33,-0.66,True,512Y019,경상남도,region_manufacturing_aggregate,CONTEXT / BUSINESS_SENTIMENT,업종별 자동판정에 쓰지 않는다. 전국 업종 BSI 를 창원국가산단 개별 업종의 신호라고 부르지 않는다.
2026Q3,경남(지역),Z22,경남,AJ,인력사정BSI,,,83.5,2,92.0,-8.5,True,512Y019,경상남도,region_manufacturing_aggregate,CONTEXT / BUSINESS_SENTIMENT,업종별 자동판정에 쓰지 않는다. 전국 업종 BSI 를 창원국가산단 개별 업종의 신호라고 부르지 않는다.
2021Q1,경남(지역),Z22,경남,AK,가동률BSI,,,85.33,3,,,True,512Y019,경상남도,region_manufacturing_aggregate,CONTEXT / BUSINESS_SENTIMENT,업종별 자동판정에 쓰지 않는다. 전국 업종 BSI 를 창원국가산단 개별 업종의 신호라고 부르지 않는다.
2021Q2,경남(지역),Z22,경남,AK,가동률BSI,,,97.0,3,,,True,512Y019,경상남도,region_manufacturing_aggregate,CONTEXT / BUSINESS_SENTIMENT,업종별 자동판정에 쓰지 않는다. 전국 업종 BSI 를 창원국가산단 개별 업종의 신호라고 부르지 않는다.
2021Q3,경남(지역),Z22,경남,AK,가동률BSI,,,92.0,3,,,True,512Y019,경상남도,region_manufacturing_aggregate,CONTEXT / BUSINESS_SENTIMENT,업종별 자동판정에 쓰지 않는다. 전국 업종 BSI 를 창원국가산단 개별 업종의 신호라고 부르지 않는다.
2021Q4,경남(지역),Z22,경남,AK,가동률BSI,,,88.33,3,,,True,512Y019,경상남도,region_manufacturing_aggregate,CONTEXT / BUSINESS_SENTIMENT,업종별 자동판정에 쓰지 않는다. 전국 업종 BSI 를 창원국가산단 개별 업종의 신호라고 부르지 않는다.
2022Q1,경남(지역),Z22,경남,AK,가동률BSI,,,90.67,3,85.33,5.34,True,512Y019,경상남도,region_manufacturing_aggregate,CONTEXT / BUSINESS_SENTIMENT,업종별 자동판정에 쓰지 않는다. 전국 업종 BSI 를 창원국가산단 개별 업종의 신호라고 부르지 않는다.
2022Q2,경남(지역),Z22,경남,AK,가동률BSI,,,90.33,3,97.0,-6.67,True,512Y019,경상남도,region_manufacturing_aggregate,CONTEXT / BUSINESS_SENTIMENT,업종별 자동판정에 쓰지 않는다. 전국 업종 BSI 를 창원국가산단 개별 업종의 신호라고 부르지 않는다.
2022Q3,경남(지역),Z22,경남,AK,가동률BSI,,,87.67,3,92.0,-4.33,True,512Y019,경상남도,region_manufacturing_aggregate,CONTEXT / BUSINESS_SENTIMENT,업종별 자동판정에 쓰지 않는다. 전국 업종 BSI 를 창원국가산단 개별 업종의 신호라고 부르지 않는다.
2022Q4,경남(지역),Z22,경남,AK,가동률BSI,,,88.67,3,88.33,0.34,True,512Y019,경상남도,region_manufacturing_aggregate,CONTEXT / BUSINESS_SENTIMENT,업종별 자동판정에 쓰지 않는다. 전국 업종 BSI 를 창원국가산단 개별 업종의 신호라고 부르지 않는다.
2023Q1,경남(지역),Z22,경남,AK,가동률BSI,,,90.0,3,90.67,-0.67,True,512Y019,경상남도,region_manufacturing_aggregate,CONTEXT / BUSINESS_SENTIMENT,업종별 자동판정에 쓰지 않는다. 전국 업종 BSI 를 창원국가산단 개별 업종의 신호라고 부르지 않는다.
2023Q2,경남(지역),Z22,경남,AK,가동률BSI,,,94.67,3,90.33,4.34,True,512Y019,경상남도,region_manufacturing_aggregate,CONTEXT / BUSINESS_SENTIMENT,업종별 자동판정에 쓰지 않는다. 전국 업종 BSI 를 창원국가산단 개별 업종의 신호라고 부르지 않는다.
2023Q3,경남(지역),Z22,경남,AK,가동률BSI,,,96.0,3,87.67,8.33,True,512Y019,경상남도,region_manufacturing_aggregate,CONTEXT / BUSINESS_SENTIMENT,업종별 자동판정에 쓰지 않는다. 전국 업종 BSI 를 창원국가산단 개별 업종의 신호라고 부르지 않는다.
2023Q4,경남(지역),Z22,경남,AK,가동률BSI,,,88.67,3,88.67,0.0,True,512Y019,경상남도,region_manufacturing_aggregate,CONTEXT / BUSINESS_SENTIMENT,업종별 자동판정에 쓰지 않는다. 전국 업종 BSI 를 창원국가산단 개별 업종의 신호라고 부르지 않는다.
2024Q1,경남(지역),Z22,경남,AK,가동률BSI,,,94.0,3,90.0,4.0,True,512Y019,경상남도,region_manufacturing_aggregate,CONTEXT / BUSINESS_SENTIMENT,업종별 자동판정에 쓰지 않는다. 전국 업종 BSI 를 창원국가산단 개별 업종의 신호라고 부르지 않는다.
2024Q2,경남(지역),Z22,경남,AK,가동률BSI,,,93.0,3,94.67,-1.67,True,512Y019,경상남도,region_manufacturing_aggregate,CONTEXT / BUSINESS_SENTIMENT,업종별 자동판정에 쓰지 않는다. 전국 업종 BSI 를 창원국가산단 개별 업종의 신호라고 부르지 않는다.
2024Q3,경남(지역),Z22,경남,AK,가동률BSI,,,83.33,3,96.0,-12.67,True,512Y019,경상남도,region_manufacturing_aggregate,CONTEXT / BUSINESS_SENTIMENT,업종별 자동판정에 쓰지 않는다. 전국 업종 BSI 를 창원국가산단 개별 업종의 신호라고 부르지 않는다.
2024Q4,경남(지역),Z22,경남,AK,가동률BSI,,,77.67,3,88.67,-11.0,True,512Y019,경상남도,region_manufacturing_aggregate,CONTEXT / BUSINESS_SENTIMENT,업종별 자동판정에 쓰지 않는다. 전국 업종 BSI 를 창원국가산단 개별 업종의 신호라고 부르지 않는다.
2025Q1,경남(지역),Z22,경남,AK,가동률BSI,,,73.67,3,94.0,-20.33,True,512Y019,경상남도,region_manufacturing_aggregate,CONTEXT / BUSINESS_SENTIMENT,업종별 자동판정에 쓰지 않는다. 전국 업종 BSI 를 창원국가산단 개별 업종의 신호라고 부르지 않는다.
2025Q2,경남(지역),Z22,경남,AK,가동률BSI,,,81.33,3,93.0,-11.67,True,512Y019,경상남도,region_manufacturing_aggregate,CONTEXT / BUSINESS_SENTIMENT,업종별 자동판정에 쓰지 않는다. 전국 업종 BSI 를 창원국가산단 개별 업종의 신호라고 부르지 않는다.
2025Q3,경남(지역),Z22,경남,AK,가동률BSI,,,78.67,3,83.33,-4.66,True,512Y019,경상남도,region_manufacturing_aggregate,CONTEXT / BUSINESS_SENTIMENT,업종별 자동판정에 쓰지 않는다. 전국 업종 BSI 를 창원국가산단 개별 업종의 신호라고 부르지 않는다.
2025Q4,경남(지역),Z22,경남,AK,가동률BSI,,,76.67,3,77.67,-1.0,True,512Y019,경상남도,region_manufacturing_aggregate,CONTEXT / BUSINESS_SENTIMENT,업종별 자동판정에 쓰지 않는다. 전국 업종 BSI 를 창원국가산단 개별 업종의 신호라고 부르지 않는다.
2026Q1,경남(지역),Z22,경남,AK,가동률BSI,,,82.33,3,73.67,8.66,True,512Y019,경상남도,region_manufacturing_aggregate,CONTEXT / BUSINESS_SENTIMENT,업종별 자동판정에 쓰지 않는다. 전국 업종 BSI 를 창원국가산단 개별 업종의 신호라고 부르지 않는다.
2026Q2,경남(지역),Z22,경남,AK,가동률BSI,,,91.67,3,81.33,10.34,True,512Y019,경상남도,region_manufacturing_aggregate,CONTEXT / BUSINESS_SENTIMENT,업종별 자동판정에 쓰지 않는다. 전국 업종 BSI 를 창원국가산단 개별 업종의 신호라고 부르지 않는다.
2026Q3,경남(지역),Z22,경남,AK,가동률BSI,,,97.0,2,78.67,18.33,True,512Y019,경상남도,region_manufacturing_aggregate,CONTEXT / BUSINESS_SENTIMENT,업종별 자동판정에 쓰지 않는다. 전국 업종 BSI 를 창원국가산단 개별 업종의 신호라고 부르지 않는다.
2021Q1,전국(업종),C0000,제조업,AA,업황BSI,해당없음(제조업 총계),B,85.33,3,,,True,512Y007,전국,national_by_industry,CONTEXT / BUSINESS_SENTIMENT,업종별 자동판정에 쓰지 않는다. 전국 업종 BSI 를 창원국가산단 개별 업종의 신호라고 부르지 않는다.
2021Q2,전국(업종),C0000,제조업,AA,업황BSI,해당없음(제조업 총계),B,96.67,3,,,True,512Y007,전국,national_by_industry,CONTEXT / BUSINESS_SENTIMENT,업종별 자동판정에 쓰지 않는다. 전국 업종 BSI 를 창원국가산단 개별 업종의 신호라고 부르지 않는다.
2021Q3,전국(업종),C0000,제조업,AA,업황BSI,해당없음(제조업 총계),B,94.0,3,,,True,512Y007,전국,national_by_industry,CONTEXT / BUSINESS_SENTIMENT,업종별 자동판정에 쓰지 않는다. 전국 업종 BSI 를 창원국가산단 개별 업종의 신호라고 부르지 않는다.
2021Q4,전국(업종),C0000,제조업,AA,업황BSI,해당없음(제조업 총계),B,91.67,3,,,True,512Y007,전국,national_by_industry,CONTEXT / BUSINESS_SENTIMENT,업종별 자동판정에 쓰지 않는다. 전국 업종 BSI 를 창원국가산단 개별 업종의 신호라고 부르지 않는다.
2022Q1,전국(업종),C0000,제조업,AA,업황BSI,해당없음(제조업 총계),B,88.33,3,85.33,3.0,True,512Y007,전국,national_by_industry,CONTEXT / BUSINESS_SENTIMENT,업종별 자동판정에 쓰지 않는다. 전국 업종 BSI 를 창원국가산단 개별 업종의 신호라고 부르지 않는다.
2022Q2,전국(업종),C0000,제조업,AA,업황BSI,해당없음(제조업 총계),B,85.33,3,96.67,-11.34,True,512Y007,전국,national_by_industry,CONTEXT / BUSINESS_SENTIMENT,업종별 자동판정에 쓰지 않는다. 전국 업종 BSI 를 창원국가산단 개별 업종의 신호라고 부르지 않는다.
2022Q3,전국(업종),C0000,제조업,AA,업황BSI,해당없음(제조업 총계),B,78.0,3,94.0,-16.0,True,512Y007,전국,national_by_industry,CONTEXT / BUSINESS_SENTIMENT,업종별 자동판정에 쓰지 않는다. 전국 업종 BSI 를 창원국가산단 개별 업종의 신호라고 부르지 않는다.
2022Q4,전국(업종),C0000,제조업,AA,업황BSI,해당없음(제조업 총계),B,72.33,3,91.67,-19.34,True,512Y007,전국,national_by_industry,CONTEXT / BUSINESS_SENTIMENT,업종별 자동판정에 쓰지 않는다. 전국 업종 BSI 를 창원국가산단 개별 업종의 신호라고 부르지 않는다.
2023Q1,전국(업종),C0000,제조업,AA,업황BSI,해당없음(제조업 총계),B,66.33,3,88.33,-22.0,True,512Y007,전국,national_by_industry,CONTEXT / BUSINESS_SENTIMENT,업종별 자동판정에 쓰지 않는다. 전국 업종 BSI 를 창원국가산단 개별 업종의 신호라고 부르지 않는다.
2023Q2,전국(업종),C0000,제조업,AA,업황BSI,해당없음(제조업 총계),B,72.0,3,85.33,-13.33,True,512Y007,전국,national_by_industry,CONTEXT / BUSINESS_SENTIMENT,업종별 자동판정에 쓰지 않는다. 전국 업종 BSI 를 창원국가산단 개별 업종의 신호라고 부르지 않는다.
2023Q3,전국(업종),C0000,제조업,AA,업황BSI,해당없음(제조업 총계),B,69.0,3,78.0,-9.0,True,512Y007,전국,national_by_industry,CONTEXT / BUSINESS_SENTIMENT,업종별 자동판정에 쓰지 않는다. 전국 업종 BSI 를 창원국가산단 개별 업종의 신호라고 부르지 않는다.
2023Q4,전국(업종),C0000,제조업,AA,업황BSI,해당없음(제조업 총계),B,69.67,3,72.33,-2.66,True,512Y007,전국,national_by_industry,CONTEXT / BUSINESS_SENTIMENT,업종별 자동판정에 쓰지 않는다. 전국 업종 BSI 를 창원국가산단 개별 업종의 신호라고 부르지 않는다.
2024Q1,전국(업종),C0000,제조업,AA,업황BSI,해당없음(제조업 총계),B,70.67,3,66.33,4.34,True,512Y007,전국,national_by_industry,CONTEXT / BUSINESS_SENTIMENT,업종별 자동판정에 쓰지 않는다. 전국 업종 BSI 를 창원국가산단 개별 업종의 신호라고 부르지 않는다.
2024Q2,전국(업종),C0000,제조업,AA,업황BSI,해당없음(제조업 총계),B,75.0,3,72.0,3.0,True,512Y007,전국,national_by_industry,CONTEXT / BUSINESS_SENTIMENT,업종별 자동판정에 쓰지 않는다. 전국 업종 BSI 를 창원국가산단 개별 업종의 신호라고 부르지 않는다.
2024Q3,전국(업종),C0000,제조업,AA,업황BSI,해당없음(제조업 총계),B,71.0,3,69.0,2.0,True,512Y007,전국,national_by_industry,CONTEXT / BUSINESS_SENTIMENT,업종별 자동판정에 쓰지 않는다. 전국 업종 BSI 를 창원국가산단 개별 업종의 신호라고 부르지 않는다.
2024Q4,전국(업종),C0000,제조업,AA,업황BSI,해당없음(제조업 총계),B,66.33,3,69.67,-3.34,True,512Y007,전국,national_by_industry,CONTEXT / BUSINESS_SENTIMENT,업종별 자동판정에 쓰지 않는다. 전국 업종 BSI 를 창원국가산단 개별 업종의 신호라고 부르지 않는다.
2025Q1,전국(업종),C0000,제조업,AA,업황BSI,해당없음(제조업 총계),B,65.33,3,70.67,-5.34,True,512Y007,전국,national_by_industry,CONTEXT / BUSINESS_SENTIMENT,업종별 자동판정에 쓰지 않는다. 전국 업종 BSI 를 창원국가산단 개별 업종의 신호라고 부르지 않는다.
2025Q2,전국(업종),C0000,제조업,AA,업황BSI,해당없음(제조업 총계),B,70.33,3,75.0,-4.67,True,512Y007,전국,national_by_industry,CONTEXT / BUSINESS_SENTIMENT,업종별 자동판정에 쓰지 않는다. 전국 업종 BSI 를 창원국가산단 개별 업종의 신호라고 부르지 않는다.
2025Q3,전국(업종),C0000,제조업,AA,업황BSI,해당없음(제조업 총계),B,69.33,3,71.0,-1.67,True,512Y007,전국,national_by_industry,CONTEXT / BUSINESS_SENTIMENT,업종별 자동판정에 쓰지 않는다. 전국 업종 BSI 를 창원국가산단 개별 업종의 신호라고 부르지 않는다.
2025Q4,전국(업종),C0000,제조업,AA,업황BSI,해당없음(제조업 총계),B,69.33,3,66.33,3.0,True,512Y007,전국,national_by_industry,CONTEXT / BUSINESS_SENTIMENT,업종별 자동판정에 쓰지 않는다. 전국 업종 BSI 를 창원국가산단 개별 업종의 신호라고 부르지 않는다.
2026Q1,전국(업종),C0000,제조업,AA,업황BSI,해당없음(제조업 총계),B,72.0,3,65.33,6.67,True,512Y007,전국,national_by_industry,CONTEXT / BUSINESS_SENTIMENT,업종별 자동판정에 쓰지 않는다. 전국 업종 BSI 를 창원국가산단 개별 업종의 신호라고 부르지 않는다.
2026Q2,전국(업종),C0000,제조업,AA,업황BSI,해당없음(제조업 총계),B,77.67,3,70.33,7.34,True,512Y007,전국,national_by_industry,CONTEXT / BUSINESS_SENTIMENT,업종별 자동판정에 쓰지 않는다. 전국 업종 BSI 를 창원국가산단 개별 업종의 신호라고 부르지 않는다.
2026Q3,전국(업종),C0000,제조업,AA,업황BSI,해당없음(제조업 총계),B,81.5,2,69.33,12.17,True,512Y007,전국,national_by_industry,CONTEXT / BUSINESS_SENTIMENT,업종별 자동판정에 쓰지 않는다. 전국 업종 BSI 를 창원국가산단 개별 업종의 신호라고 부르지 않는다.
2021Q1,전국(업종),C0000,제조업,AC,생산BSI,해당없음(제조업 총계),B,95.33,3,,,True,512Y007,전국,national_by_industry,CONTEXT / BUSINESS_SENTIMENT,업종별 자동판정에 쓰지 않는다. 전국 업종 BSI 를 창원국가산단 개별 업종의 신호라고 부르지 않는다.
2021Q2,전국(업종),C0000,제조업,AC,생산BSI,해당없음(제조업 총계),B,110.0,3,,,False,512Y007,전국,national_by_industry,CONTEXT / BUSINESS_SENTIMENT,업종별 자동판정에 쓰지 않는다. 전국 업종 BSI 를 창원국가산단 개별 업종의 신호라고 부르지 않는다.
2021Q3,전국(업종),C0000,제조업,AC,생산BSI,해당없음(제조업 총계),B,105.33,3,,,False,512Y007,전국,national_by_industry,CONTEXT / BUSINESS_SENTIMENT,업종별 자동판정에 쓰지 않는다. 전국 업종 BSI 를 창원국가산단 개별 업종의 신호라고 부르지 않는다.
2021Q4,전국(업종),C0000,제조업,AC,생산BSI,해당없음(제조업 총계),B,102.67,3,,,False,512Y007,전국,national_by_industry,CONTEXT / BUSINESS_SENTIMENT,업종별 자동판정에 쓰지 않는다. 전국 업종 BSI 를 창원국가산단 개별 업종의 신호라고 부르지 않는다.
2022Q1,전국(업종),C0000,제조업,AC,생산BSI,해당없음(제조업 총계),B,102.0,3,95.33,6.67,False,512Y007,전국,national_by_industry,CONTEXT / BUSINESS_SENTIMENT,업종별 자동판정에 쓰지 않는다. 전국 업종 BSI 를 창원국가산단 개별 업종의 신호라고 부르지 않는다.
2022Q2,전국(업종),C0000,제조업,AC,생산BSI,해당없음(제조업 총계),B,99.67,3,110.0,-10.33,True,512Y007,전국,national_by_industry,CONTEXT / BUSINESS_SENTIMENT,업종별 자동판정에 쓰지 않는다. 전국 업종 BSI 를 창원국가산단 개별 업종의 신호라고 부르지 않는다.
2022Q3,전국(업종),C0000,제조업,AC,생산BSI,해당없음(제조업 총계),B,94.33,3,105.33,-11.0,True,512Y007,전국,national_by_industry,CONTEXT / BUSINESS_SENTIMENT,업종별 자동판정에 쓰지 않는다. 전국 업종 BSI 를 창원국가산단 개별 업종의 신호라고 부르지 않는다.
2022Q4,전국(업종),C0000,제조업,AC,생산BSI,해당없음(제조업 총계),B,87.67,3,102.67,-15.0,True,512Y007,전국,national_by_industry,CONTEXT / BUSINESS_SENTIMENT,업종별 자동판정에 쓰지 않는다. 전국 업종 BSI 를 창원국가산단 개별 업종의 신호라고 부르지 않는다.
2023Q1,전국(업종),C0000,제조업,AC,생산BSI,해당없음(제조업 총계),B,79.0,3,102.0,-23.0,True,512Y007,전국,national_by_industry,CONTEXT / BUSINESS_SENTIMENT,업종별 자동판정에 쓰지 않는다. 전국 업종 BSI 를 창원국가산단 개별 업종의 신호라고 부르지 않는다.
2023Q2,전국(업종),C0000,제조업,AC,생산BSI,해당없음(제조업 총계),B,83.0,3,99.67,-16.67,True,512Y007,전국,national_by_industry,CONTEXT / BUSINESS_SENTIMENT,업종별 자동판정에 쓰지 않는다. 전국 업종 BSI 를 창원국가산단 개별 업종의 신호라고 부르지 않는다.
2023Q3,전국(업종),C0000,제조업,AC,생산BSI,해당없음(제조업 총계),B,79.33,3,94.33,-15.0,True,512Y007,전국,national_by_industry,CONTEXT / BUSINESS_SENTIMENT,업종별 자동판정에 쓰지 않는다. 전국 업종 BSI 를 창원국가산단 개별 업종의 신호라고 부르지 않는다.
2023Q4,전국(업종),C0000,제조업,AC,생산BSI,해당없음(제조업 총계),B,79.67,3,87.67,-8.0,True,512Y007,전국,national_by_industry,CONTEXT / BUSINESS_SENTIMENT,업종별 자동판정에 쓰지 않는다. 전국 업종 BSI 를 창원국가산단 개별 업종의 신호라고 부르지 않는다.
2024Q1,전국(업종),C0000,제조업,AC,생산BSI,해당없음(제조업 총계),B,80.0,3,79.0,1.0,True,512Y007,전국,national_by_industry,CONTEXT / BUSINESS_SENTIMENT,업종별 자동판정에 쓰지 않는다. 전국 업종 BSI 를 창원국가산단 개별 업종의 신호라고 부르지 않는다.
2024Q2,전국(업종),C0000,제조업,AC,생산BSI,해당없음(제조업 총계),B,85.67,3,83.0,2.67,True,512Y007,전국,national_by_industry,CONTEXT / BUSINESS_SENTIMENT,업종별 자동판정에 쓰지 않는다. 전국 업종 BSI 를 창원국가산단 개별 업종의 신호라고 부르지 않는다.
2024Q3,전국(업종),C0000,제조업,AC,생산BSI,해당없음(제조업 총계),B,83.33,3,79.33,4.0,True,512Y007,전국,national_by_industry,CONTEXT / BUSINESS_SENTIMENT,업종별 자동판정에 쓰지 않는다. 전국 업종 BSI 를 창원국가산단 개별 업종의 신호라고 부르지 않는다.
2024Q4,전국(업종),C0000,제조업,AC,생산BSI,해당없음(제조업 총계),B,78.67,3,79.67,-1.0,True,512Y007,전국,national_by_industry,CONTEXT / BUSINESS_SENTIMENT,업종별 자동판정에 쓰지 않는다. 전국 업종 BSI 를 창원국가산단 개별 업종의 신호라고 부르지 않는다.
2025Q1,전국(업종),C0000,제조업,AC,생산BSI,해당없음(제조업 총계),B,79.67,3,80.0,-0.33,True,512Y007,전국,national_by_industry,CONTEXT / BUSINESS_SENTIMENT,업종별 자동판정에 쓰지 않는다. 전국 업종 BSI 를 창원국가산단 개별 업종의 신호라고 부르지 않는다.
2025Q2,전국(업종),C0000,제조업,AC,생산BSI,해당없음(제조업 총계),B,83.33,3,85.67,-2.34,True,512Y007,전국,national_by_industry,CONTEXT / BUSINESS_SENTIMENT,업종별 자동판정에 쓰지 않는다. 전국 업종 BSI 를 창원국가산단 개별 업종의 신호라고 부르지 않는다.
2025Q3,전국(업종),C0000,제조업,AC,생산BSI,해당없음(제조업 총계),B,81.33,3,83.33,-2.0,True,512Y007,전국,national_by_industry,CONTEXT / BUSINESS_SENTIMENT,업종별 자동판정에 쓰지 않는다. 전국 업종 BSI 를 창원국가산단 개별 업종의 신호라고 부르지 않는다.
2025Q4,전국(업종),C0000,제조업,AC,생산BSI,해당없음(제조업 총계),B,80.33,3,78.67,1.66,True,512Y007,전국,national_by_industry,CONTEXT / BUSINESS_SENTIMENT,업종별 자동판정에 쓰지 않는다. 전국 업종 BSI 를 창원국가산단 개별 업종의 신호라고 부르지 않는다.
2026Q1,전국(업종),C0000,제조업,AC,생산BSI,해당없음(제조업 총계),B,86.67,3,79.67,7.0,True,512Y007,전국,national_by_industry,CONTEXT / BUSINESS_SENTIMENT,업종별 자동판정에 쓰지 않는다. 전국 업종 BSI 를 창원국가산단 개별 업종의 신호라고 부르지 않는다.
2026Q2,전국(업종),C0000,제조업,AC,생산BSI,해당없음(제조업 총계),B,89.33,3,83.33,6.0,True,512Y007,전국,national_by_industry,CONTEXT / BUSINESS_SENTIMENT,업종별 자동판정에 쓰지 않는다. 전국 업종 BSI 를 창원국가산단 개별 업종의 신호라고 부르지 않는다.
2026Q3,전국(업종),C0000,제조업,AC,생산BSI,해당없음(제조업 총계),B,92.5,2,81.33,11.17,True,512Y007,전국,national_by_industry,CONTEXT / BUSINESS_SENTIMENT,업종별 자동판정에 쓰지 않는다. 전국 업종 BSI 를 창원국가산단 개별 업종의 신호라고 부르지 않는다.
2021Q1,전국(업종),C0000,제조업,AD,신규수주BSI,해당없음(제조업 총계),B,91.0,3,,,True,512Y007,전국,national_by_industry,CONTEXT / BUSINESS_SENTIMENT,업종별 자동판정에 쓰지 않는다. 전국 업종 BSI 를 창원국가산단 개별 업종의 신호라고 부르지 않는다.
2021Q2,전국(업종),C0000,제조업,AD,신규수주BSI,해당없음(제조업 총계),B,109.0,3,,,False,512Y007,전국,national_by_industry,CONTEXT / BUSINESS_SENTIMENT,업종별 자동판정에 쓰지 않는다. 전국 업종 BSI 를 창원국가산단 개별 업종의 신호라고 부르지 않는다.
2021Q3,전국(업종),C0000,제조업,AD,신규수주BSI,해당없음(제조업 총계),B,103.0,3,,,False,512Y007,전국,national_by_industry,CONTEXT / BUSINESS_SENTIMENT,업종별 자동판정에 쓰지 않는다. 전국 업종 BSI 를 창원국가산단 개별 업종의 신호라고 부르지 않는다.
2021Q4,전국(업종),C0000,제조업,AD,신규수주BSI,해당없음(제조업 총계),B,99.33,3,,,True,512Y007,전국,national_by_industry,CONTEXT / BUSINESS_SENTIMENT,업종별 자동판정에 쓰지 않는다. 전국 업종 BSI 를 창원국가산단 개별 업종의 신호라고 부르지 않는다.
2022Q1,전국(업종),C0000,제조업,AD,신규수주BSI,해당없음(제조업 총계),B,100.33,3,91.0,9.33,False,512Y007,전국,national_by_industry,CONTEXT / BUSINESS_SENTIMENT,업종별 자동판정에 쓰지 않는다. 전국 업종 BSI 를 창원국가산단 개별 업종의 신호라고 부르지 않는다.
2022Q2,전국(업종),C0000,제조업,AD,신규수주BSI,해당없음(제조업 총계),B,98.0,3,109.0,-11.0,True,512Y007,전국,national_by_industry,CONTEXT / BUSINESS_SENTIMENT,업종별 자동판정에 쓰지 않는다. 전국 업종 BSI 를 창원국가산단 개별 업종의 신호라고 부르지 않는다.
2022Q3,전국(업종),C0000,제조업,AD,신규수주BSI,해당없음(제조업 총계),B,89.33,3,103.0,-13.67,True,512Y007,전국,national_by_industry,CONTEXT / BUSINESS_SENTIMENT,업종별 자동판정에 쓰지 않는다. 전국 업종 BSI 를 창원국가산단 개별 업종의 신호라고 부르지 않는다.
2022Q4,전국(업종),C0000,제조업,AD,신규수주BSI,해당없음(제조업 총계),B,81.67,3,99.33,-17.66,True,512Y007,전국,national_by_industry,CONTEXT / BUSINESS_SENTIMENT,업종별 자동판정에 쓰지 않는다. 전국 업종 BSI 를 창원국가산단 개별 업종의 신호라고 부르지 않는다.
2023Q1,전국(업종),C0000,제조업,AD,신규수주BSI,해당없음(제조업 총계),B,73.0,3,100.33,-27.33,True,512Y007,전국,national_by_industry,CONTEXT / BUSINESS_SENTIMENT,업종별 자동판정에 쓰지 않는다. 전국 업종 BSI 를 창원국가산단 개별 업종의 신호라고 부르지 않는다.
2023Q2,전국(업종),C0000,제조업,AD,신규수주BSI,해당없음(제조업 총계),B,76.67,3,98.0,-21.33,True,512Y007,전국,national_by_industry,CONTEXT / BUSINESS_SENTIMENT,업종별 자동판정에 쓰지 않는다. 전국 업종 BSI 를 창원국가산단 개별 업종의 신호라고 부르지 않는다.
2023Q3,전국(업종),C0000,제조업,AD,신규수주BSI,해당없음(제조업 총계),B,74.0,3,89.33,-15.33,True,512Y007,전국,national_by_industry,CONTEXT / BUSINESS_SENTIMENT,업종별 자동판정에 쓰지 않는다. 전국 업종 BSI 를 창원국가산단 개별 업종의 신호라고 부르지 않는다.
2023Q4,전국(업종),C0000,제조업,AD,신규수주BSI,해당없음(제조업 총계),B,74.33,3,81.67,-7.34,True,512Y007,전국,national_by_industry,CONTEXT / BUSINESS_SENTIMENT,업종별 자동판정에 쓰지 않는다. 전국 업종 BSI 를 창원국가산단 개별 업종의 신호라고 부르지 않는다.
2024Q1,전국(업종),C0000,제조업,AD,신규수주BSI,해당없음(제조업 총계),B,75.33,3,73.0,2.33,True,512Y007,전국,national_by_industry,CONTEXT / BUSINESS_SENTIMENT,업종별 자동판정에 쓰지 않는다. 전국 업종 BSI 를 창원국가산단 개별 업종의 신호라고 부르지 않는다.
2024Q2,전국(업종),C0000,제조업,AD,신규수주BSI,해당없음(제조업 총계),B,79.67,3,76.67,3.0,True,512Y007,전국,national_by_industry,CONTEXT / BUSINESS_SENTIMENT,업종별 자동판정에 쓰지 않는다. 전국 업종 BSI 를 창원국가산단 개별 업종의 신호라고 부르지 않는다.
2024Q3,전국(업종),C0000,제조업,AD,신규수주BSI,해당없음(제조업 총계),B,78.67,3,74.0,4.67,True,512Y007,전국,national_by_industry,CONTEXT / BUSINESS_SENTIMENT,업종별 자동판정에 쓰지 않는다. 전국 업종 BSI 를 창원국가산단 개별 업종의 신호라고 부르지 않는다.
2024Q4,전국(업종),C0000,제조업,AD,신규수주BSI,해당없음(제조업 총계),B,74.0,3,74.33,-0.33,True,512Y007,전국,national_by_industry,CONTEXT / BUSINESS_SENTIMENT,업종별 자동판정에 쓰지 않는다. 전국 업종 BSI 를 창원국가산단 개별 업종의 신호라고 부르지 않는다.
2025Q1,전국(업종),C0000,제조업,AD,신규수주BSI,해당없음(제조업 총계),B,74.67,3,75.33,-0.66,True,512Y007,전국,national_by_industry,CONTEXT / BUSINESS_SENTIMENT,업종별 자동판정에 쓰지 않는다. 전국 업종 BSI 를 창원국가산단 개별 업종의 신호라고 부르지 않는다.
2025Q2,전국(업종),C0000,제조업,AD,신규수주BSI,해당없음(제조업 총계),B,78.33,3,79.67,-1.34,True,512Y007,전국,national_by_industry,CONTEXT / BUSINESS_SENTIMENT,업종별 자동판정에 쓰지 않는다. 전국 업종 BSI 를 창원국가산단 개별 업종의 신호라고 부르지 않는다.
2025Q3,전국(업종),C0000,제조업,AD,신규수주BSI,해당없음(제조업 총계),B,76.0,3,78.67,-2.67,True,512Y007,전국,national_by_industry,CONTEXT / BUSINESS_SENTIMENT,업종별 자동판정에 쓰지 않는다. 전국 업종 BSI 를 창원국가산단 개별 업종의 신호라고 부르지 않는다.
2025Q4,전국(업종),C0000,제조업,AD,신규수주BSI,해당없음(제조업 총계),B,77.0,3,74.0,3.0,True,512Y007,전국,national_by_industry,CONTEXT / BUSINESS_SENTIMENT,업종별 자동판정에 쓰지 않는다. 전국 업종 BSI 를 창원국가산단 개별 업종의 신호라고 부르지 않는다.
2026Q1,전국(업종),C0000,제조업,AD,신규수주BSI,해당없음(제조업 총계),B,82.67,3,74.67,8.0,True,512Y007,전국,national_by_industry,CONTEXT / BUSINESS_SENTIMENT,업종별 자동판정에 쓰지 않는다. 전국 업종 BSI 를 창원국가산단 개별 업종의 신호라고 부르지 않는다.
2026Q2,전국(업종),C0000,제조업,AD,신규수주BSI,해당없음(제조업 총계),B,86.67,3,78.33,8.34,True,512Y007,전국,national_by_industry,CONTEXT / BUSINESS_SENTIMENT,업종별 자동판정에 쓰지 않는다. 전국 업종 BSI 를 창원국가산단 개별 업종의 신호라고 부르지 않는다.
2026Q3,전국(업종),C0000,제조업,AD,신규수주BSI,해당없음(제조업 총계),B,92.0,2,76.0,16.0,True,512Y007,전국,national_by_industry,CONTEXT / BUSINESS_SENTIMENT,업종별 자동판정에 쓰지 않는다. 전국 업종 BSI 를 창원국가산단 개별 업종의 신호라고 부르지 않는다.
2021Q1,전국(업종),C0000,제조업,AJ,인력사정BSI,해당없음(제조업 총계),B,90.33,3,,,True,512Y007,전국,national_by_industry,CONTEXT / BUSINESS_SENTIMENT,업종별 자동판정에 쓰지 않는다. 전국 업종 BSI 를 창원국가산단 개별 업종의 신호라고 부르지 않는다.
2021Q2,전국(업종),C0000,제조업,AJ,인력사정BSI,해당없음(제조업 총계),B,85.67,3,,,True,512Y007,전국,national_by_industry,CONTEXT / BUSINESS_SENTIMENT,업종별 자동판정에 쓰지 않는다. 전국 업종 BSI 를 창원국가산단 개별 업종의 신호라고 부르지 않는다.
2021Q3,전국(업종),C0000,제조업,AJ,인력사정BSI,해당없음(제조업 총계),B,85.0,3,,,True,512Y007,전국,national_by_industry,CONTEXT / BUSINESS_SENTIMENT,업종별 자동판정에 쓰지 않는다. 전국 업종 BSI 를 창원국가산단 개별 업종의 신호라고 부르지 않는다.
2021Q4,전국(업종),C0000,제조업,AJ,인력사정BSI,해당없음(제조업 총계),B,83.33,3,,,True,512Y007,전국,national_by_industry,CONTEXT / BUSINESS_SENTIMENT,업종별 자동판정에 쓰지 않는다. 전국 업종 BSI 를 창원국가산단 개별 업종의 신호라고 부르지 않는다.
2022Q1,전국(업종),C0000,제조업,AJ,인력사정BSI,해당없음(제조업 총계),B,83.0,3,90.33,-7.33,True,512Y007,전국,national_by_industry,CONTEXT / BUSINESS_SENTIMENT,업종별 자동판정에 쓰지 않는다. 전국 업종 BSI 를 창원국가산단 개별 업종의 신호라고 부르지 않는다.
2022Q2,전국(업종),C0000,제조업,AJ,인력사정BSI,해당없음(제조업 총계),B,81.33,3,85.67,-4.34,True,512Y007,전국,national_by_industry,CONTEXT / BUSINESS_SENTIMENT,업종별 자동판정에 쓰지 않는다. 전국 업종 BSI 를 창원국가산단 개별 업종의 신호라고 부르지 않는다.
2022Q3,전국(업종),C0000,제조업,AJ,인력사정BSI,해당없음(제조업 총계),B,83.33,3,85.0,-1.67,True,512Y007,전국,national_by_industry,CONTEXT / BUSINESS_SENTIMENT,업종별 자동판정에 쓰지 않는다. 전국 업종 BSI 를 창원국가산단 개별 업종의 신호라고 부르지 않는다.
2022Q4,전국(업종),C0000,제조업,AJ,인력사정BSI,해당없음(제조업 총계),B,87.0,3,83.33,3.67,True,512Y007,전국,national_by_industry,CONTEXT / BUSINESS_SENTIMENT,업종별 자동판정에 쓰지 않는다. 전국 업종 BSI 를 창원국가산단 개별 업종의 신호라고 부르지 않는다.
2023Q1,전국(업종),C0000,제조업,AJ,인력사정BSI,해당없음(제조업 총계),B,89.67,3,83.0,6.67,True,512Y007,전국,national_by_industry,CONTEXT / BUSINESS_SENTIMENT,업종별 자동판정에 쓰지 않는다. 전국 업종 BSI 를 창원국가산단 개별 업종의 신호라고 부르지 않는다.
2023Q2,전국(업종),C0000,제조업,AJ,인력사정BSI,해당없음(제조업 총계),B,91.33,3,81.33,10.0,True,512Y007,전국,national_by_industry,CONTEXT / BUSINESS_SENTIMENT,업종별 자동판정에 쓰지 않는다. 전국 업종 BSI 를 창원국가산단 개별 업종의 신호라고 부르지 않는다.
2023Q3,전국(업종),C0000,제조업,AJ,인력사정BSI,해당없음(제조업 총계),B,92.67,3,83.33,9.34,True,512Y007,전국,national_by_industry,CONTEXT / BUSINESS_SENTIMENT,업종별 자동판정에 쓰지 않는다. 전국 업종 BSI 를 창원국가산단 개별 업종의 신호라고 부르지 않는다.
2023Q4,전국(업종),C0000,제조업,AJ,인력사정BSI,해당없음(제조업 총계),B,87.67,3,87.0,0.67,True,512Y007,전국,national_by_industry,CONTEXT / BUSINESS_SENTIMENT,업종별 자동판정에 쓰지 않는다. 전국 업종 BSI 를 창원국가산단 개별 업종의 신호라고 부르지 않는다.
2024Q1,전국(업종),C0000,제조업,AJ,인력사정BSI,해당없음(제조업 총계),B,89.0,3,89.67,-0.67,True,512Y007,전국,national_by_industry,CONTEXT / BUSINESS_SENTIMENT,업종별 자동판정에 쓰지 않는다. 전국 업종 BSI 를 창원국가산단 개별 업종의 신호라고 부르지 않는다.
2024Q2,전국(업종),C0000,제조업,AJ,인력사정BSI,해당없음(제조업 총계),B,91.0,3,91.33,-0.33,True,512Y007,전국,national_by_industry,CONTEXT / BUSINESS_SENTIMENT,업종별 자동판정에 쓰지 않는다. 전국 업종 BSI 를 창원국가산단 개별 업종의 신호라고 부르지 않는다.
2024Q3,전국(업종),C0000,제조업,AJ,인력사정BSI,해당없음(제조업 총계),B,90.67,3,92.67,-2.0,True,512Y007,전국,national_by_industry,CONTEXT / BUSINESS_SENTIMENT,업종별 자동판정에 쓰지 않는다. 전국 업종 BSI 를 창원국가산단 개별 업종의 신호라고 부르지 않는다.
2024Q4,전국(업종),C0000,제조업,AJ,인력사정BSI,해당없음(제조업 총계),B,93.0,3,87.67,5.33,True,512Y007,전국,national_by_industry,CONTEXT / BUSINESS_SENTIMENT,업종별 자동판정에 쓰지 않는다. 전국 업종 BSI 를 창원국가산단 개별 업종의 신호라고 부르지 않는다.
2025Q1,전국(업종),C0000,제조업,AJ,인력사정BSI,해당없음(제조업 총계),B,93.67,3,89.0,4.67,True,512Y007,전국,national_by_industry,CONTEXT / BUSINESS_SENTIMENT,업종별 자동판정에 쓰지 않는다. 전국 업종 BSI 를 창원국가산단 개별 업종의 신호라고 부르지 않는다.
2025Q2,전국(업종),C0000,제조업,AJ,인력사정BSI,해당없음(제조업 총계),B,93.67,3,91.0,2.67,True,512Y007,전국,national_by_industry,CONTEXT / BUSINESS_SENTIMENT,업종별 자동판정에 쓰지 않는다. 전국 업종 BSI 를 창원국가산단 개별 업종의 신호라고 부르지 않는다.
2025Q3,전국(업종),C0000,제조업,AJ,인력사정BSI,해당없음(제조업 총계),B,95.0,3,90.67,4.33,True,512Y007,전국,national_by_industry,CONTEXT / BUSINESS_SENTIMENT,업종별 자동판정에 쓰지 않는다. 전국 업종 BSI 를 창원국가산단 개별 업종의 신호라고 부르지 않는다.
2025Q4,전국(업종),C0000,제조업,AJ,인력사정BSI,해당없음(제조업 총계),B,95.67,3,93.0,2.67,True,512Y007,전국,national_by_industry,CONTEXT / BUSINESS_SENTIMENT,업종별 자동판정에 쓰지 않는다. 전국 업종 BSI 를 창원국가산단 개별 업종의 신호라고 부르지 않는다.
2026Q1,전국(업종),C0000,제조업,AJ,인력사정BSI,해당없음(제조업 총계),B,95.67,3,93.67,2.0,True,512Y007,전국,national_by_industry,CONTEXT / BUSINESS_SENTIMENT,업종별 자동판정에 쓰지 않는다. 전국 업종 BSI 를 창원국가산단 개별 업종의 신호라고 부르지 않는다.
2026Q2,전국(업종),C0000,제조업,AJ,인력사정BSI,해당없음(제조업 총계),B,94.33,3,93.67,0.66,True,512Y007,전국,national_by_industry,CONTEXT / BUSINESS_SENTIMENT,업종별 자동판정에 쓰지 않는다. 전국 업종 BSI 를 창원국가산단 개별 업종의 신호라고 부르지 않는다.
2026Q3,전국(업종),C0000,제조업,AJ,인력사정BSI,해당없음(제조업 총계),B,94.5,2,95.0,-0.5,True,512Y007,전국,national_by_industry,CONTEXT / BUSINESS_SENTIMENT,업종별 자동판정에 쓰지 않는다. 전국 업종 BSI 를 창원국가산단 개별 업종의 신호라고 부르지 않는다.
2021Q1,전국(업종),C0000,제조업,AK,가동률BSI,해당없음(제조업 총계),B,94.0,3,,,True,512Y007,전국,national_by_industry,CONTEXT / BUSINESS_SENTIMENT,업종별 자동판정에 쓰지 않는다. 전국 업종 BSI 를 창원국가산단 개별 업종의 신호라고 부르지 않는다.
2021Q2,전국(업종),C0000,제조업,AK,가동률BSI,해당없음(제조업 총계),B,109.33,3,,,False,512Y007,전국,national_by_industry,CONTEXT / BUSINESS_SENTIMENT,업종별 자동판정에 쓰지 않는다. 전국 업종 BSI 를 창원국가산단 개별 업종의 신호라고 부르지 않는다.
2021Q3,전국(업종),C0000,제조업,AK,가동률BSI,해당없음(제조업 총계),B,103.67,3,,,False,512Y007,전국,national_by_industry,CONTEXT / BUSINESS_SENTIMENT,업종별 자동판정에 쓰지 않는다. 전국 업종 BSI 를 창원국가산단 개별 업종의 신호라고 부르지 않는다.
2021Q4,전국(업종),C0000,제조업,AK,가동률BSI,해당없음(제조업 총계),B,102.0,3,,,False,512Y007,전국,national_by_industry,CONTEXT / BUSINESS_SENTIMENT,업종별 자동판정에 쓰지 않는다. 전국 업종 BSI 를 창원국가산단 개별 업종의 신호라고 부르지 않는다.
2022Q1,전국(업종),C0000,제조업,AK,가동률BSI,해당없음(제조업 총계),B,100.67,3,94.0,6.67,False,512Y007,전국,national_by_industry,CONTEXT / BUSINESS_SENTIMENT,업종별 자동판정에 쓰지 않는다. 전국 업종 BSI 를 창원국가산단 개별 업종의 신호라고 부르지 않는다.
2022Q2,전국(업종),C0000,제조업,AK,가동률BSI,해당없음(제조업 총계),B,97.67,3,109.33,-11.66,True,512Y007,전국,national_by_industry,CONTEXT / BUSINESS_SENTIMENT,업종별 자동판정에 쓰지 않는다. 전국 업종 BSI 를 창원국가산단 개별 업종의 신호라고 부르지 않는다.
2022Q3,전국(업종),C0000,제조업,AK,가동률BSI,해당없음(제조업 총계),B,92.67,3,103.67,-11.0,True,512Y007,전국,national_by_industry,CONTEXT / BUSINESS_SENTIMENT,업종별 자동판정에 쓰지 않는다. 전국 업종 BSI 를 창원국가산단 개별 업종의 신호라고 부르지 않는다.
2022Q4,전국(업종),C0000,제조업,AK,가동률BSI,해당없음(제조업 총계),B,86.0,3,102.0,-16.0,True,512Y007,전국,national_by_industry,CONTEXT / BUSINESS_SENTIMENT,업종별 자동판정에 쓰지 않는다. 전국 업종 BSI 를 창원국가산단 개별 업종의 신호라고 부르지 않는다.
2023Q1,전국(업종),C0000,제조업,AK,가동률BSI,해당없음(제조업 총계),B,77.67,3,100.67,-23.0,True,512Y007,전국,national_by_industry,CONTEXT / BUSINESS_SENTIMENT,업종별 자동판정에 쓰지 않는다. 전국 업종 BSI 를 창원국가산단 개별 업종의 신호라고 부르지 않는다.
2023Q2,전국(업종),C0000,제조업,AK,가동률BSI,해당없음(제조업 총계),B,82.33,3,97.67,-15.34,True,512Y007,전국,national_by_industry,CONTEXT / BUSINESS_SENTIMENT,업종별 자동판정에 쓰지 않는다. 전국 업종 BSI 를 창원국가산단 개별 업종의 신호라고 부르지 않는다.
2023Q3,전국(업종),C0000,제조업,AK,가동률BSI,해당없음(제조업 총계),B,78.67,3,92.67,-14.0,True,512Y007,전국,national_by_industry,CONTEXT / BUSINESS_SENTIMENT,업종별 자동판정에 쓰지 않는다. 전국 업종 BSI 를 창원국가산단 개별 업종의 신호라고 부르지 않는다.
2023Q4,전국(업종),C0000,제조업,AK,가동률BSI,해당없음(제조업 총계),B,79.0,3,86.0,-7.0,True,512Y007,전국,national_by_industry,CONTEXT / BUSINESS_SENTIMENT,업종별 자동판정에 쓰지 않는다. 전국 업종 BSI 를 창원국가산단 개별 업종의 신호라고 부르지 않는다.
2024Q1,전국(업종),C0000,제조업,AK,가동률BSI,해당없음(제조업 총계),B,79.67,3,77.67,2.0,True,512Y007,전국,national_by_industry,CONTEXT / BUSINESS_SENTIMENT,업종별 자동판정에 쓰지 않는다. 전국 업종 BSI 를 창원국가산단 개별 업종의 신호라고 부르지 않는다.
2024Q2,전국(업종),C0000,제조업,AK,가동률BSI,해당없음(제조업 총계),B,85.33,3,82.33,3.0,True,512Y007,전국,national_by_industry,CONTEXT / BUSINESS_SENTIMENT,업종별 자동판정에 쓰지 않는다. 전국 업종 BSI 를 창원국가산단 개별 업종의 신호라고 부르지 않는다.
2024Q3,전국(업종),C0000,제조업,AK,가동률BSI,해당없음(제조업 총계),B,82.67,3,78.67,4.0,True,512Y007,전국,national_by_industry,CONTEXT / BUSINESS_SENTIMENT,업종별 자동판정에 쓰지 않는다. 전국 업종 BSI 를 창원국가산단 개별 업종의 신호라고 부르지 않는다.
2024Q4,전국(업종),C0000,제조업,AK,가동률BSI,해당없음(제조업 총계),B,78.0,3,79.0,-1.0,True,512Y007,전국,national_by_industry,CONTEXT / BUSINESS_SENTIMENT,업종별 자동판정에 쓰지 않는다. 전국 업종 BSI 를 창원국가산단 개별 업종의 신호라고 부르지 않는다.
2025Q1,전국(업종),C0000,제조업,AK,가동률BSI,해당없음(제조업 총계),B,79.67,3,79.67,0.0,True,512Y007,전국,national_by_industry,CONTEXT / BUSINESS_SENTIMENT,업종별 자동판정에 쓰지 않는다. 전국 업종 BSI 를 창원국가산단 개별 업종의 신호라고 부르지 않는다.
2025Q2,전국(업종),C0000,제조업,AK,가동률BSI,해당없음(제조업 총계),B,84.33,3,85.33,-1.0,True,512Y007,전국,national_by_industry,CONTEXT / BUSINESS_SENTIMENT,업종별 자동판정에 쓰지 않는다. 전국 업종 BSI 를 창원국가산단 개별 업종의 신호라고 부르지 않는다.
2025Q3,전국(업종),C0000,제조업,AK,가동률BSI,해당없음(제조업 총계),B,82.33,3,82.67,-0.34,True,512Y007,전국,national_by_industry,CONTEXT / BUSINESS_SENTIMENT,업종별 자동판정에 쓰지 않는다. 전국 업종 BSI 를 창원국가산단 개별 업종의 신호라고 부르지 않는다.
2025Q4,전국(업종),C0000,제조업,AK,가동률BSI,해당없음(제조업 총계),B,80.33,3,78.0,2.33,True,512Y007,전국,national_by_industry,CONTEXT / BUSINESS_SENTIMENT,업종별 자동판정에 쓰지 않는다. 전국 업종 BSI 를 창원국가산단 개별 업종의 신호라고 부르지 않는다.
2026Q1,전국(업종),C0000,제조업,AK,가동률BSI,해당없음(제조업 총계),B,85.67,3,79.67,6.0,True,512Y007,전국,national_by_industry,CONTEXT / BUSINESS_SENTIMENT,업종별 자동판정에 쓰지 않는다. 전국 업종 BSI 를 창원국가산단 개별 업종의 신호라고 부르지 않는다.
2026Q2,전국(업종),C0000,제조업,AK,가동률BSI,해당없음(제조업 총계),B,89.0,3,84.33,4.67,True,512Y007,전국,national_by_industry,CONTEXT / BUSINESS_SENTIMENT,업종별 자동판정에 쓰지 않는다. 전국 업종 BSI 를 창원국가산단 개별 업종의 신호라고 부르지 않는다.
2026Q3,전국(업종),C0000,제조업,AK,가동률BSI,해당없음(제조업 총계),B,91.5,2,82.33,9.17,True,512Y007,전국,national_by_industry,CONTEXT / BUSINESS_SENTIMENT,업종별 자동판정에 쓰지 않는다. 전국 업종 BSI 를 창원국가산단 개별 업종의 신호라고 부르지 않는다.
2021Q1,전국(업종),C1000,식료품,AA,업황BSI,음식료,A,82.33,3,,,True,512Y007,전국,national_by_industry,CONTEXT / BUSINESS_SENTIMENT,업종별 자동판정에 쓰지 않는다. 전국 업종 BSI 를 창원국가산단 개별 업종의 신호라고 부르지 않는다.
2021Q2,전국(업종),C1000,식료품,AA,업황BSI,음식료,A,90.0,3,,,True,512Y007,전국,national_by_industry,CONTEXT / BUSINESS_SENTIMENT,업종별 자동판정에 쓰지 않는다. 전국 업종 BSI 를 창원국가산단 개별 업종의 신호라고 부르지 않는다.
2021Q3,전국(업종),C1000,식료품,AA,업황BSI,음식료,A,88.33,3,,,True,512Y007,전국,national_by_industry,CONTEXT / BUSINESS_SENTIMENT,업종별 자동판정에 쓰지 않는다. 전국 업종 BSI 를 창원국가산단 개별 업종의 신호라고 부르지 않는다.
2021Q4,전국(업종),C1000,식료품,AA,업황BSI,음식료,A,85.67,3,,,True,512Y007,전국,national_by_industry,CONTEXT / BUSINESS_SENTIMENT,업종별 자동판정에 쓰지 않는다. 전국 업종 BSI 를 창원국가산단 개별 업종의 신호라고 부르지 않는다.
2022Q1,전국(업종),C1000,식료품,AA,업황BSI,음식료,A,80.0,3,82.33,-2.33,True,512Y007,전국,national_by_industry,CONTEXT / BUSINESS_SENTIMENT,업종별 자동판정에 쓰지 않는다. 전국 업종 BSI 를 창원국가산단 개별 업종의 신호라고 부르지 않는다.
2022Q2,전국(업종),C1000,식료품,AA,업황BSI,음식료,A,77.0,3,90.0,-13.0,True,512Y007,전국,national_by_industry,CONTEXT / BUSINESS_SENTIMENT,업종별 자동판정에 쓰지 않는다. 전국 업종 BSI 를 창원국가산단 개별 업종의 신호라고 부르지 않는다.
2022Q3,전국(업종),C1000,식료품,AA,업황BSI,음식료,A,77.33,3,88.33,-11.0,True,512Y007,전국,national_by_industry,CONTEXT / BUSINESS_SENTIMENT,업종별 자동판정에 쓰지 않는다. 전국 업종 BSI 를 창원국가산단 개별 업종의 신호라고 부르지 않는다.
2022Q4,전국(업종),C1000,식료품,AA,업황BSI,음식료,A,74.33,3,85.67,-11.34,True,512Y007,전국,national_by_industry,CONTEXT / BUSINESS_SENTIMENT,업종별 자동판정에 쓰지 않는다. 전국 업종 BSI 를 창원국가산단 개별 업종의 신호라고 부르지 않는다.
2023Q1,전국(업종),C1000,식료품,AA,업황BSI,음식료,A,72.33,3,80.0,-7.67,True,512Y007,전국,national_by_industry,CONTEXT / BUSINESS_SENTIMENT,업종별 자동판정에 쓰지 않는다. 전국 업종 BSI 를 창원국가산단 개별 업종의 신호라고 부르지 않는다.
2023Q2,전국(업종),C1000,식료품,AA,업황BSI,음식료,A,79.33,3,77.0,2.33,True,512Y007,전국,national_by_industry,CONTEXT / BUSINESS_SENTIMENT,업종별 자동판정에 쓰지 않는다. 전국 업종 BSI 를 창원국가산단 개별 업종의 신호라고 부르지 않는다.
2023Q3,전국(업종),C1000,식료품,AA,업황BSI,음식료,A,75.33,3,77.33,-2.0,True,512Y007,전국,national_by_industry,CONTEXT / BUSINESS_SENTIMENT,업종별 자동판정에 쓰지 않는다. 전국 업종 BSI 를 창원국가산단 개별 업종의 신호라고 부르지 않는다.
2023Q4,전국(업종),C1000,식료품,AA,업황BSI,음식료,A,82.33,3,74.33,8.0,True,512Y007,전국,national_by_industry,CONTEXT / BUSINESS_SENTIMENT,업종별 자동판정에 쓰지 않는다. 전국 업종 BSI 를 창원국가산단 개별 업종의 신호라고 부르지 않는다.
2024Q1,전국(업종),C1000,식료품,AA,업황BSI,음식료,A,82.67,3,72.33,10.34,True,512Y007,전국,national_by_industry,CONTEXT / BUSINESS_SENTIMENT,업종별 자동판정에 쓰지 않는다. 전국 업종 BSI 를 창원국가산단 개별 업종의 신호라고 부르지 않는다.
2024Q2,전국(업종),C1000,식료품,AA,업황BSI,음식료,A,80.0,3,79.33,0.67,True,512Y007,전국,national_by_industry,CONTEXT / BUSINESS_SENTIMENT,업종별 자동판정에 쓰지 않는다. 전국 업종 BSI 를 창원국가산단 개별 업종의 신호라고 부르지 않는다.
2024Q3,전국(업종),C1000,식료품,AA,업황BSI,음식료,A,77.0,3,75.33,1.67,True,512Y007,전국,national_by_industry,CONTEXT / BUSINESS_SENTIMENT,업종별 자동판정에 쓰지 않는다. 전국 업종 BSI 를 창원국가산단 개별 업종의 신호라고 부르지 않는다.
2024Q4,전국(업종),C1000,식료품,AA,업황BSI,음식료,A,68.67,3,82.33,-13.66,True,512Y007,전국,national_by_industry,CONTEXT / BUSINESS_SENTIMENT,업종별 자동판정에 쓰지 않는다. 전국 업종 BSI 를 창원국가산단 개별 업종의 신호라고 부르지 않는다.
2025Q1,전국(업종),C1000,식료품,AA,업황BSI,음식료,A,66.67,3,82.67,-16.0,True,512Y007,전국,national_by_industry,CONTEXT / BUSINESS_SENTIMENT,업종별 자동판정에 쓰지 않는다. 전국 업종 BSI 를 창원국가산단 개별 업종의 신호라고 부르지 않는다.
2025Q2,전국(업종),C1000,식료품,AA,업황BSI,음식료,A,74.0,3,80.0,-6.0,True,512Y007,전국,national_by_industry,CONTEXT / BUSINESS_SENTIMENT,업종별 자동판정에 쓰지 않는다. 전국 업종 BSI 를 창원국가산단 개별 업종의 신호라고 부르지 않는다.
2025Q3,전국(업종),C1000,식료품,AA,업황BSI,음식료,A,75.67,3,77.0,-1.33,True,512Y007,전국,national_by_industry,CONTEXT / BUSINESS_SENTIMENT,업종별 자동판정에 쓰지 않는다. 전국 업종 BSI 를 창원국가산단 개별 업종의 신호라고 부르지 않는다.
2025Q4,전국(업종),C1000,식료품,AA,업황BSI,음식료,A,77.0,3,68.67,8.33,True,512Y007,전국,national_by_industry,CONTEXT / BUSINESS_SENTIMENT,업종별 자동판정에 쓰지 않는다. 전국 업종 BSI 를 창원국가산단 개별 업종의 신호라고 부르지 않는다.
2026Q1,전국(업종),C1000,식료품,AA,업황BSI,음식료,A,77.67,3,66.67,11.0,True,512Y007,전국,national_by_industry,CONTEXT / BUSINESS_SENTIMENT,업종별 자동판정에 쓰지 않는다. 전국 업종 BSI 를 창원국가산단 개별 업종의 신호라고 부르지 않는다.
2026Q2,전국(업종),C1000,식료품,AA,업황BSI,음식료,A,76.33,3,74.0,2.33,True,512Y007,전국,national_by_industry,CONTEXT / BUSINESS_SENTIMENT,업종별 자동판정에 쓰지 않는다. 전국 업종 BSI 를 창원국가산단 개별 업종의 신호라고 부르지 않는다.
2026Q3,전국(업종),C1000,식료품,AA,업황BSI,음식료,A,73.0,2,75.67,-2.67,True,512Y007,전국,national_by_industry,CONTEXT / BUSINESS_SENTIMENT,업종별 자동판정에 쓰지 않는다. 전국 업종 BSI 를 창원국가산단 개별 업종의 신호라고 부르지 않는다.
2021Q1,전국(업종),C1000,식료품,AC,생산BSI,음식료,A,92.33,3,,,True,512Y007,전국,national_by_industry,CONTEXT / BUSINESS_SENTIMENT,업종별 자동판정에 쓰지 않는다. 전국 업종 BSI 를 창원국가산단 개별 업종의 신호라고 부르지 않는다.
2021Q2,전국(업종),C1000,식료품,AC,생산BSI,음식료,A,95.33,3,,,True,512Y007,전국,national_by_industry,CONTEXT / BUSINESS_SENTIMENT,업종별 자동판정에 쓰지 않는다. 전국 업종 BSI 를 창원국가산단 개별 업종의 신호라고 부르지 않는다.
2021Q3,전국(업종),C1000,식료품,AC,생산BSI,음식료,A,95.67,3,,,True,512Y007,전국,national_by_industry,CONTEXT / BUSINESS_SENTIMENT,업종별 자동판정에 쓰지 않는다. 전국 업종 BSI 를 창원국가산단 개별 업종의 신호라고 부르지 않는다.
2021Q4,전국(업종),C1000,식료품,AC,생산BSI,음식료,A,98.67,3,,,True,512Y007,전국,national_by_industry,CONTEXT / BUSINESS_SENTIMENT,업종별 자동판정에 쓰지 않는다. 전국 업종 BSI 를 창원국가산단 개별 업종의 신호라고 부르지 않는다.
2022Q1,전국(업종),C1000,식료품,AC,생산BSI,음식료,A,100.33,3,92.33,8.0,False,512Y007,전국,national_by_industry,CONTEXT / BUSINESS_SENTIMENT,업종별 자동판정에 쓰지 않는다. 전국 업종 BSI 를 창원국가산단 개별 업종의 신호라고 부르지 않는다.
2022Q2,전국(업종),C1000,식료품,AC,생산BSI,음식료,A,100.33,3,95.33,5.0,False,512Y007,전국,national_by_industry,CONTEXT / BUSINESS_SENTIMENT,업종별 자동판정에 쓰지 않는다. 전국 업종 BSI 를 창원국가산단 개별 업종의 신호라고 부르지 않는다.
2022Q3,전국(업종),C1000,식료품,AC,생산BSI,음식료,A,100.0,3,95.67,4.33,False,512Y007,전국,national_by_industry,CONTEXT / BUSINESS_SENTIMENT,업종별 자동판정에 쓰지 않는다. 전국 업종 BSI 를 창원국가산단 개별 업종의 신호라고 부르지 않는다.
2022Q4,전국(업종),C1000,식료품,AC,생산BSI,음식료,A,98.0,3,98.67,-0.67,True,512Y007,전국,national_by_industry,CONTEXT / BUSINESS_SENTIMENT,업종별 자동판정에 쓰지 않는다. 전국 업종 BSI 를 창원국가산단 개별 업종의 신호라고 부르지 않는다.
2023Q1,전국(업종),C1000,식료품,AC,생산BSI,음식료,A,87.67,3,100.33,-12.66,True,512Y007,전국,national_by_industry,CONTEXT / BUSINESS_SENTIMENT,업종별 자동판정에 쓰지 않는다. 전국 업종 BSI 를 창원국가산단 개별 업종의 신호라고 부르지 않는다.
2023Q2,전국(업종),C1000,식료품,AC,생산BSI,음식료,A,86.33,3,100.33,-14.0,True,512Y007,전국,national_by_industry,CONTEXT / BUSINESS_SENTIMENT,업종별 자동판정에 쓰지 않는다. 전국 업종 BSI 를 창원국가산단 개별 업종의 신호라고 부르지 않는다.
2023Q3,전국(업종),C1000,식료품,AC,생산BSI,음식료,A,90.0,3,100.0,-10.0,True,512Y007,전국,national_by_industry,CONTEXT / BUSINESS_SENTIMENT,업종별 자동판정에 쓰지 않는다. 전국 업종 BSI 를 창원국가산단 개별 업종의 신호라고 부르지 않는다.
2023Q4,전국(업종),C1000,식료품,AC,생산BSI,음식료,A,95.33,3,98.0,-2.67,True,512Y007,전국,national_by_industry,CONTEXT / BUSINESS_SENTIMENT,업종별 자동판정에 쓰지 않는다. 전국 업종 BSI 를 창원국가산단 개별 업종의 신호라고 부르지 않는다.
2024Q1,전국(업종),C1000,식료품,AC,생산BSI,음식료,A,94.67,3,87.67,7.0,True,512Y007,전국,national_by_industry,CONTEXT / BUSINESS_SENTIMENT,업종별 자동판정에 쓰지 않는다. 전국 업종 BSI 를 창원국가산단 개별 업종의 신호라고 부르지 않는다.
2024Q2,전국(업종),C1000,식료품,AC,생산BSI,음식료,A,97.33,3,86.33,11.0,True,512Y007,전국,national_by_industry,CONTEXT / BUSINESS_SENTIMENT,업종별 자동판정에 쓰지 않는다. 전국 업종 BSI 를 창원국가산단 개별 업종의 신호라고 부르지 않는다.
2024Q3,전국(업종),C1000,식료품,AC,생산BSI,음식료,A,94.67,3,90.0,4.67,True,512Y007,전국,national_by_industry,CONTEXT / BUSINESS_SENTIMENT,업종별 자동판정에 쓰지 않는다. 전국 업종 BSI 를 창원국가산단 개별 업종의 신호라고 부르지 않는다.
2024Q4,전국(업종),C1000,식료품,AC,생산BSI,음식료,A,91.67,3,95.33,-3.66,True,512Y007,전국,national_by_industry,CONTEXT / BUSINESS_SENTIMENT,업종별 자동판정에 쓰지 않는다. 전국 업종 BSI 를 창원국가산단 개별 업종의 신호라고 부르지 않는다.
2025Q1,전국(업종),C1000,식료품,AC,생산BSI,음식료,A,88.67,3,94.67,-6.0,True,512Y007,전국,national_by_industry,CONTEXT / BUSINESS_SENTIMENT,업종별 자동판정에 쓰지 않는다. 전국 업종 BSI 를 창원국가산단 개별 업종의 신호라고 부르지 않는다.
2025Q2,전국(업종),C1000,식료품,AC,생산BSI,음식료,A,94.0,3,97.33,-3.33,True,512Y007,전국,national_by_industry,CONTEXT / BUSINESS_SENTIMENT,업종별 자동판정에 쓰지 않는다. 전국 업종 BSI 를 창원국가산단 개별 업종의 신호라고 부르지 않는다.
2025Q3,전국(업종),C1000,식료품,AC,생산BSI,음식료,A,85.0,3,94.67,-9.67,True,512Y007,전국,national_by_industry,CONTEXT / BUSINESS_SENTIMENT,업종별 자동판정에 쓰지 않는다. 전국 업종 BSI 를 창원국가산단 개별 업종의 신호라고 부르지 않는다.
2025Q4,전국(업종),C1000,식료품,AC,생산BSI,음식료,A,94.67,3,91.67,3.0,True,512Y007,전국,national_by_industry,CONTEXT / BUSINESS_SENTIMENT,업종별 자동판정에 쓰지 않는다. 전국 업종 BSI 를 창원국가산단 개별 업종의 신호라고 부르지 않는다.
2026Q1,전국(업종),C1000,식료품,AC,생산BSI,음식료,A,95.33,3,88.67,6.66,True,512Y007,전국,national_by_industry,CONTEXT / BUSINESS_SENTIMENT,업종별 자동판정에 쓰지 않는다. 전국 업종 BSI 를 창원국가산단 개별 업종의 신호라고 부르지 않는다.
2026Q2,전국(업종),C1000,식료품,AC,생산BSI,음식료,A,94.67,3,94.0,0.67,True,512Y007,전국,national_by_industry,CONTEXT / BUSINESS_SENTIMENT,업종별 자동판정에 쓰지 않는다. 전국 업종 BSI 를 창원국가산단 개별 업종의 신호라고 부르지 않는다.
2026Q3,전국(업종),C1000,식료품,AC,생산BSI,음식료,A,97.0,2,85.0,12.0,True,512Y007,전국,national_by_industry,CONTEXT / BUSINESS_SENTIMENT,업종별 자동판정에 쓰지 않는다. 전국 업종 BSI 를 창원국가산단 개별 업종의 신호라고 부르지 않는다.
2021Q1,전국(업종),C1000,식료품,AD,신규수주BSI,음식료,A,85.67,3,,,True,512Y007,전국,national_by_industry,CONTEXT / BUSINESS_SENTIMENT,업종별 자동판정에 쓰지 않는다. 전국 업종 BSI 를 창원국가산단 개별 업종의 신호라고 부르지 않는다.
2021Q2,전국(업종),C1000,식료품,AD,신규수주BSI,음식료,A,92.33,3,,,True,512Y007,전국,national_by_industry,CONTEXT / BUSINESS_SENTIMENT,업종별 자동판정에 쓰지 않는다. 전국 업종 BSI 를 창원국가산단 개별 업종의 신호라고 부르지 않는다.
2021Q3,전국(업종),C1000,식료품,AD,신규수주BSI,음식료,A,93.33,3,,,True,512Y007,전국,national_by_industry,CONTEXT / BUSINESS_SENTIMENT,업종별 자동판정에 쓰지 않는다. 전국 업종 BSI 를 창원국가산단 개별 업종의 신호라고 부르지 않는다.
2021Q4,전국(업종),C1000,식료품,AD,신규수주BSI,음식료,A,97.0,3,,,True,512Y007,전국,national_by_industry,CONTEXT / BUSINESS_SENTIMENT,업종별 자동판정에 쓰지 않는다. 전국 업종 BSI 를 창원국가산단 개별 업종의 신호라고 부르지 않는다.
2022Q1,전국(업종),C1000,식료품,AD,신규수주BSI,음식료,A,95.33,3,85.67,9.66,True,512Y007,전국,national_by_industry,CONTEXT / BUSINESS_SENTIMENT,업종별 자동판정에 쓰지 않는다. 전국 업종 BSI 를 창원국가산단 개별 업종의 신호라고 부르지 않는다.
2022Q2,전국(업종),C1000,식료품,AD,신규수주BSI,음식료,A,95.0,3,92.33,2.67,True,512Y007,전국,national_by_industry,CONTEXT / BUSINESS_SENTIMENT,업종별 자동판정에 쓰지 않는다. 전국 업종 BSI 를 창원국가산단 개별 업종의 신호라고 부르지 않는다.
2022Q3,전국(업종),C1000,식료품,AD,신규수주BSI,음식료,A,90.67,3,93.33,-2.66,True,512Y007,전국,national_by_industry,CONTEXT / BUSINESS_SENTIMENT,업종별 자동판정에 쓰지 않는다. 전국 업종 BSI 를 창원국가산단 개별 업종의 신호라고 부르지 않는다.
2022Q4,전국(업종),C1000,식료품,AD,신규수주BSI,음식료,A,88.33,3,97.0,-8.67,True,512Y007,전국,national_by_industry,CONTEXT / BUSINESS_SENTIMENT,업종별 자동판정에 쓰지 않는다. 전국 업종 BSI 를 창원국가산단 개별 업종의 신호라고 부르지 않는다.
2023Q1,전국(업종),C1000,식료품,AD,신규수주BSI,음식료,A,84.33,3,95.33,-11.0,True,512Y007,전국,national_by_industry,CONTEXT / BUSINESS_SENTIMENT,업종별 자동판정에 쓰지 않는다. 전국 업종 BSI 를 창원국가산단 개별 업종의 신호라고 부르지 않는다.
2023Q2,전국(업종),C1000,식료품,AD,신규수주BSI,음식료,A,80.67,3,95.0,-14.33,True,512Y007,전국,national_by_industry,CONTEXT / BUSINESS_SENTIMENT,업종별 자동판정에 쓰지 않는다. 전국 업종 BSI 를 창원국가산단 개별 업종의 신호라고 부르지 않는다.
2023Q3,전국(업종),C1000,식료품,AD,신규수주BSI,음식료,A,86.67,3,90.67,-4.0,True,512Y007,전국,national_by_industry,CONTEXT / BUSINESS_SENTIMENT,업종별 자동판정에 쓰지 않는다. 전국 업종 BSI 를 창원국가산단 개별 업종의 신호라고 부르지 않는다.
2023Q4,전국(업종),C1000,식료품,AD,신규수주BSI,음식료,A,93.0,3,88.33,4.67,True,512Y007,전국,national_by_industry,CONTEXT / BUSINESS_SENTIMENT,업종별 자동판정에 쓰지 않는다. 전국 업종 BSI 를 창원국가산단 개별 업종의 신호라고 부르지 않는다.
2024Q1,전국(업종),C1000,식료품,AD,신규수주BSI,음식료,A,88.33,3,84.33,4.0,True,512Y007,전국,national_by_industry,CONTEXT / BUSINESS_SENTIMENT,업종별 자동판정에 쓰지 않는다. 전국 업종 BSI 를 창원국가산단 개별 업종의 신호라고 부르지 않는다.
2024Q2,전국(업종),C1000,식료품,AD,신규수주BSI,음식료,A,91.33,3,80.67,10.66,True,512Y007,전국,national_by_industry,CONTEXT / BUSINESS_SENTIMENT,업종별 자동판정에 쓰지 않는다. 전국 업종 BSI 를 창원국가산단 개별 업종의 신호라고 부르지 않는다.
2024Q3,전국(업종),C1000,식료품,AD,신규수주BSI,음식료,A,85.0,3,86.67,-1.67,True,512Y007,전국,national_by_industry,CONTEXT / BUSINESS_SENTIMENT,업종별 자동판정에 쓰지 않는다. 전국 업종 BSI 를 창원국가산단 개별 업종의 신호라고 부르지 않는다.
2024Q4,전국(업종),C1000,식료품,AD,신규수주BSI,음식료,A,84.0,3,93.0,-9.0,True,512Y007,전국,national_by_industry,CONTEXT / BUSINESS_SENTIMENT,업종별 자동판정에 쓰지 않는다. 전국 업종 BSI 를 창원국가산단 개별 업종의 신호라고 부르지 않는다.
2025Q1,전국(업종),C1000,식료품,AD,신규수주BSI,음식료,A,78.0,3,88.33,-10.33,True,512Y007,전국,national_by_industry,CONTEXT / BUSINESS_SENTIMENT,업종별 자동판정에 쓰지 않는다. 전국 업종 BSI 를 창원국가산단 개별 업종의 신호라고 부르지 않는다.
2025Q2,전국(업종),C1000,식료품,AD,신규수주BSI,음식료,A,87.67,3,91.33,-3.66,True,512Y007,전국,national_by_industry,CONTEXT / BUSINESS_SENTIMENT,업종별 자동판정에 쓰지 않는다. 전국 업종 BSI 를 창원국가산단 개별 업종의 신호라고 부르지 않는다.
2025Q3,전국(업종),C1000,식료품,AD,신규수주BSI,음식료,A,80.33,3,85.0,-4.67,True,512Y007,전국,national_by_industry,CONTEXT / BUSINESS_SENTIMENT,업종별 자동판정에 쓰지 않는다. 전국 업종 BSI 를 창원국가산단 개별 업종의 신호라고 부르지 않는다.
2025Q4,전국(업종),C1000,식료품,AD,신규수주BSI,음식료,A,88.67,3,84.0,4.67,True,512Y007,전국,national_by_industry,CONTEXT / BUSINESS_SENTIMENT,업종별 자동판정에 쓰지 않는다. 전국 업종 BSI 를 창원국가산단 개별 업종의 신호라고 부르지 않는다.
2026Q1,전국(업종),C1000,식료품,AD,신규수주BSI,음식료,A,89.33,3,78.0,11.33,True,512Y007,전국,national_by_industry,CONTEXT / BUSINESS_SENTIMENT,업종별 자동판정에 쓰지 않는다. 전국 업종 BSI 를 창원국가산단 개별 업종의 신호라고 부르지 않는다.
2026Q2,전국(업종),C1000,식료품,AD,신규수주BSI,음식료,A,93.67,3,87.67,6.0,True,512Y007,전국,national_by_industry,CONTEXT / BUSINESS_SENTIMENT,업종별 자동판정에 쓰지 않는다. 전국 업종 BSI 를 창원국가산단 개별 업종의 신호라고 부르지 않는다.
2026Q3,전국(업종),C1000,식료품,AD,신규수주BSI,음식료,A,93.5,2,80.33,13.17,True,512Y007,전국,national_by_industry,CONTEXT / BUSINESS_SENTIMENT,업종별 자동판정에 쓰지 않는다. 전국 업종 BSI 를 창원국가산단 개별 업종의 신호라고 부르지 않는다.
2021Q1,전국(업종),C1000,식료품,AJ,인력사정BSI,음식료,A,86.67,3,,,True,512Y007,전국,national_by_industry,CONTEXT / BUSINESS_SENTIMENT,업종별 자동판정에 쓰지 않는다. 전국 업종 BSI 를 창원국가산단 개별 업종의 신호라고 부르지 않는다.
2021Q2,전국(업종),C1000,식료품,AJ,인력사정BSI,음식료,A,84.67,3,,,True,512Y007,전국,national_by_industry,CONTEXT / BUSINESS_SENTIMENT,업종별 자동판정에 쓰지 않는다. 전국 업종 BSI 를 창원국가산단 개별 업종의 신호라고 부르지 않는다.
2021Q3,전국(업종),C1000,식료품,AJ,인력사정BSI,음식료,A,81.67,3,,,True,512Y007,전국,national_by_industry,CONTEXT / BUSINESS_SENTIMENT,업종별 자동판정에 쓰지 않는다. 전국 업종 BSI 를 창원국가산단 개별 업종의 신호라고 부르지 않는다.
2021Q4,전국(업종),C1000,식료품,AJ,인력사정BSI,음식료,A,77.0,3,,,True,512Y007,전국,national_by_industry,CONTEXT / BUSINESS_SENTIMENT,업종별 자동판정에 쓰지 않는다. 전국 업종 BSI 를 창원국가산단 개별 업종의 신호라고 부르지 않는다.
2022Q1,전국(업종),C1000,식료품,AJ,인력사정BSI,음식료,A,79.33,3,86.67,-7.34,True,512Y007,전국,national_by_industry,CONTEXT / BUSINESS_SENTIMENT,업종별 자동판정에 쓰지 않는다. 전국 업종 BSI 를 창원국가산단 개별 업종의 신호라고 부르지 않는다.
2022Q2,전국(업종),C1000,식료품,AJ,인력사정BSI,음식료,A,73.0,3,84.67,-11.67,True,512Y007,전국,national_by_industry,CONTEXT / BUSINESS_SENTIMENT,업종별 자동판정에 쓰지 않는다. 전국 업종 BSI 를 창원국가산단 개별 업종의 신호라고 부르지 않는다.
2022Q3,전국(업종),C1000,식료품,AJ,인력사정BSI,음식료,A,78.0,3,81.67,-3.67,True,512Y007,전국,national_by_industry,CONTEXT / BUSINESS_SENTIMENT,업종별 자동판정에 쓰지 않는다. 전국 업종 BSI 를 창원국가산단 개별 업종의 신호라고 부르지 않는다.
2022Q4,전국(업종),C1000,식료품,AJ,인력사정BSI,음식료,A,74.67,3,77.0,-2.33,True,512Y007,전국,national_by_industry,CONTEXT / BUSINESS_SENTIMENT,업종별 자동판정에 쓰지 않는다. 전국 업종 BSI 를 창원국가산단 개별 업종의 신호라고 부르지 않는다.
2023Q1,전국(업종),C1000,식료품,AJ,인력사정BSI,음식료,A,79.33,3,79.33,0.0,True,512Y007,전국,national_by_industry,CONTEXT / BUSINESS_SENTIMENT,업종별 자동판정에 쓰지 않는다. 전국 업종 BSI 를 창원국가산단 개별 업종의 신호라고 부르지 않는다.
2023Q2,전국(업종),C1000,식료품,AJ,인력사정BSI,음식료,A,80.33,3,73.0,7.33,True,512Y007,전국,national_by_industry,CONTEXT / BUSINESS_SENTIMENT,업종별 자동판정에 쓰지 않는다. 전국 업종 BSI 를 창원국가산단 개별 업종의 신호라고 부르지 않는다.
2023Q3,전국(업종),C1000,식료품,AJ,인력사정BSI,음식료,A,83.0,3,78.0,5.0,True,512Y007,전국,national_by_industry,CONTEXT / BUSINESS_SENTIMENT,업종별 자동판정에 쓰지 않는다. 전국 업종 BSI 를 창원국가산단 개별 업종의 신호라고 부르지 않는다.
2023Q4,전국(업종),C1000,식료품,AJ,인력사정BSI,음식료,A,76.67,3,74.67,2.0,True,512Y007,전국,national_by_industry,CONTEXT / BUSINESS_SENTIMENT,업종별 자동판정에 쓰지 않는다. 전국 업종 BSI 를 창원국가산단 개별 업종의 신호라고 부르지 않는다.
2024Q1,전국(업종),C1000,식료품,AJ,인력사정BSI,음식료,A,79.33,3,79.33,0.0,True,512Y007,전국,national_by_industry,CONTEXT / BUSINESS_SENTIMENT,업종별 자동판정에 쓰지 않는다. 전국 업종 BSI 를 창원국가산단 개별 업종의 신호라고 부르지 않는다.
2024Q2,전국(업종),C1000,식료품,AJ,인력사정BSI,음식료,A,82.33,3,80.33,2.0,True,512Y007,전국,national_by_industry,CONTEXT / BUSINESS_SENTIMENT,업종별 자동판정에 쓰지 않는다. 전국 업종 BSI 를 창원국가산단 개별 업종의 신호라고 부르지 않는다.
2024Q3,전국(업종),C1000,식료품,AJ,인력사정BSI,음식료,A,80.33,3,83.0,-2.67,True,512Y007,전국,national_by_industry,CONTEXT / BUSINESS_SENTIMENT,업종별 자동판정에 쓰지 않는다. 전국 업종 BSI 를 창원국가산단 개별 업종의 신호라고 부르지 않는다.
2024Q4,전국(업종),C1000,식료품,AJ,인력사정BSI,음식료,A,83.0,3,76.67,6.33,True,512Y007,전국,national_by_industry,CONTEXT / BUSINESS_SENTIMENT,업종별 자동판정에 쓰지 않는다. 전국 업종 BSI 를 창원국가산단 개별 업종의 신호라고 부르지 않는다.
2025Q1,전국(업종),C1000,식료품,AJ,인력사정BSI,음식료,A,86.67,3,79.33,7.34,True,512Y007,전국,national_by_industry,CONTEXT / BUSINESS_SENTIMENT,업종별 자동판정에 쓰지 않는다. 전국 업종 BSI 를 창원국가산단 개별 업종의 신호라고 부르지 않는다.
2025Q2,전국(업종),C1000,식료품,AJ,인력사정BSI,음식료,A,83.33,3,82.33,1.0,True,512Y007,전국,national_by_industry,CONTEXT / BUSINESS_SENTIMENT,업종별 자동판정에 쓰지 않는다. 전국 업종 BSI 를 창원국가산단 개별 업종의 신호라고 부르지 않는다.
2025Q3,전국(업종),C1000,식료품,AJ,인력사정BSI,음식료,A,84.67,3,80.33,4.34,True,512Y007,전국,national_by_industry,CONTEXT / BUSINESS_SENTIMENT,업종별 자동판정에 쓰지 않는다. 전국 업종 BSI 를 창원국가산단 개별 업종의 신호라고 부르지 않는다.
2025Q4,전국(업종),C1000,식료품,AJ,인력사정BSI,음식료,A,85.33,3,83.0,2.33,True,512Y007,전국,national_by_industry,CONTEXT / BUSINESS_SENTIMENT,업종별 자동판정에 쓰지 않는다. 전국 업종 BSI 를 창원국가산단 개별 업종의 신호라고 부르지 않는다.
2026Q1,전국(업종),C1000,식료품,AJ,인력사정BSI,음식료,A,81.0,3,86.67,-5.67,True,512Y007,전국,national_by_industry,CONTEXT / BUSINESS_SENTIMENT,업종별 자동판정에 쓰지 않는다. 전국 업종 BSI 를 창원국가산단 개별 업종의 신호라고 부르지 않는다.
2026Q2,전국(업종),C1000,식료품,AJ,인력사정BSI,음식료,A,84.67,3,83.33,1.34,True,512Y007,전국,national_by_industry,CONTEXT / BUSINESS_SENTIMENT,업종별 자동판정에 쓰지 않는다. 전국 업종 BSI 를 창원국가산단 개별 업종의 신호라고 부르지 않는다.
2026Q3,전국(업종),C1000,식료품,AJ,인력사정BSI,음식료,A,79.5,2,84.67,-5.17,True,512Y007,전국,national_by_industry,CONTEXT / BUSINESS_SENTIMENT,업종별 자동판정에 쓰지 않는다. 전국 업종 BSI 를 창원국가산단 개별 업종의 신호라고 부르지 않는다.
2021Q1,전국(업종),C1000,식료품,AK,가동률BSI,음식료,A,88.67,3,,,True,512Y007,전국,national_by_industry,CONTEXT / BUSINESS_SENTIMENT,업종별 자동판정에 쓰지 않는다. 전국 업종 BSI 를 창원국가산단 개별 업종의 신호라고 부르지 않는다.
2021Q2,전국(업종),C1000,식료품,AK,가동률BSI,음식료,A,96.67,3,,,True,512Y007,전국,national_by_industry,CONTEXT / BUSINESS_SENTIMENT,업종별 자동판정에 쓰지 않는다. 전국 업종 BSI 를 창원국가산단 개별 업종의 신호라고 부르지 않는다.
2021Q3,전국(업종),C1000,식료품,AK,가동률BSI,음식료,A,95.0,3,,,True,512Y007,전국,national_by_industry,CONTEXT / BUSINESS_SENTIMENT,업종별 자동판정에 쓰지 않는다. 전국 업종 BSI 를 창원국가산단 개별 업종의 신호라고 부르지 않는다.
2021Q4,전국(업종),C1000,식료품,AK,가동률BSI,음식료,A,98.0,3,,,True,512Y007,전국,national_by_industry,CONTEXT / BUSINESS_SENTIMENT,업종별 자동판정에 쓰지 않는다. 전국 업종 BSI 를 창원국가산단 개별 업종의 신호라고 부르지 않는다.
2022Q1,전국(업종),C1000,식료품,AK,가동률BSI,음식료,A,96.67,3,88.67,8.0,True,512Y007,전국,national_by_industry,CONTEXT / BUSINESS_SENTIMENT,업종별 자동판정에 쓰지 않는다. 전국 업종 BSI 를 창원국가산단 개별 업종의 신호라고 부르지 않는다.
2022Q2,전국(업종),C1000,식료품,AK,가동률BSI,음식료,A,98.33,3,96.67,1.66,True,512Y007,전국,national_by_industry,CONTEXT / BUSINESS_SENTIMENT,업종별 자동판정에 쓰지 않는다. 전국 업종 BSI 를 창원국가산단 개별 업종의 신호라고 부르지 않는다.
2022Q3,전국(업종),C1000,식료품,AK,가동률BSI,음식료,A,99.67,3,95.0,4.67,True,512Y007,전국,national_by_industry,CONTEXT / BUSINESS_SENTIMENT,업종별 자동판정에 쓰지 않는다. 전국 업종 BSI 를 창원국가산단 개별 업종의 신호라고 부르지 않는다.
2022Q4,전국(업종),C1000,식료품,AK,가동률BSI,음식료,A,94.67,3,98.0,-3.33,True,512Y007,전국,national_by_industry,CONTEXT / BUSINESS_SENTIMENT,업종별 자동판정에 쓰지 않는다. 전국 업종 BSI 를 창원국가산단 개별 업종의 신호라고 부르지 않는다.
2023Q1,전국(업종),C1000,식료품,AK,가동률BSI,음식료,A,87.67,3,96.67,-9.0,True,512Y007,전국,national_by_industry,CONTEXT / BUSINESS_SENTIMENT,업종별 자동판정에 쓰지 않는다. 전국 업종 BSI 를 창원국가산단 개별 업종의 신호라고 부르지 않는다.
2023Q2,전국(업종),C1000,식료품,AK,가동률BSI,음식료,A,86.0,3,98.33,-12.33,True,512Y007,전국,national_by_industry,CONTEXT / BUSINESS_SENTIMENT,업종별 자동판정에 쓰지 않는다. 전국 업종 BSI 를 창원국가산단 개별 업종의 신호라고 부르지 않는다.
2023Q3,전국(업종),C1000,식료품,AK,가동률BSI,음식료,A,92.33,3,99.67,-7.34,True,512Y007,전국,national_by_industry,CONTEXT / BUSINESS_SENTIMENT,업종별 자동판정에 쓰지 않는다. 전국 업종 BSI 를 창원국가산단 개별 업종의 신호라고 부르지 않는다.
2023Q4,전국(업종),C1000,식료품,AK,가동률BSI,음식료,A,98.33,3,94.67,3.66,True,512Y007,전국,national_by_industry,CONTEXT / BUSINESS_SENTIMENT,업종별 자동판정에 쓰지 않는다. 전국 업종 BSI 를 창원국가산단 개별 업종의 신호라고 부르지 않는다.
2024Q1,전국(업종),C1000,식료품,AK,가동률BSI,음식료,A,95.0,3,87.67,7.33,True,512Y007,전국,national_by_industry,CONTEXT / BUSINESS_SENTIMENT,업종별 자동판정에 쓰지 않는다. 전국 업종 BSI 를 창원국가산단 개별 업종의 신호라고 부르지 않는다.
2024Q2,전국(업종),C1000,식료품,AK,가동률BSI,음식료,A,94.67,3,86.0,8.67,True,512Y007,전국,national_by_industry,CONTEXT / BUSINESS_SENTIMENT,업종별 자동판정에 쓰지 않는다. 전국 업종 BSI 를 창원국가산단 개별 업종의 신호라고 부르지 않는다.
2024Q3,전국(업종),C1000,식료품,AK,가동률BSI,음식료,A,93.67,3,92.33,1.34,True,512Y007,전국,national_by_industry,CONTEXT / BUSINESS_SENTIMENT,업종별 자동판정에 쓰지 않는다. 전국 업종 BSI 를 창원국가산단 개별 업종의 신호라고 부르지 않는다.
2024Q4,전국(업종),C1000,식료품,AK,가동률BSI,음식료,A,91.33,3,98.33,-7.0,True,512Y007,전국,national_by_industry,CONTEXT / BUSINESS_SENTIMENT,업종별 자동판정에 쓰지 않는다. 전국 업종 BSI 를 창원국가산단 개별 업종의 신호라고 부르지 않는다.
2025Q1,전국(업종),C1000,식료품,AK,가동률BSI,음식료,A,91.0,3,95.0,-4.0,True,512Y007,전국,national_by_industry,CONTEXT / BUSINESS_SENTIMENT,업종별 자동판정에 쓰지 않는다. 전국 업종 BSI 를 창원국가산단 개별 업종의 신호라고 부르지 않는다.
2025Q2,전국(업종),C1000,식료품,AK,가동률BSI,음식료,A,96.33,3,94.67,1.66,True,512Y007,전국,national_by_industry,CONTEXT / BUSINESS_SENTIMENT,업종별 자동판정에 쓰지 않는다. 전국 업종 BSI 를 창원국가산단 개별 업종의 신호라고 부르지 않는다.
2025Q3,전국(업종),C1000,식료품,AK,가동률BSI,음식료,A,87.33,3,93.67,-6.34,True,512Y007,전국,national_by_industry,CONTEXT / BUSINESS_SENTIMENT,업종별 자동판정에 쓰지 않는다. 전국 업종 BSI 를 창원국가산단 개별 업종의 신호라고 부르지 않는다.
2025Q4,전국(업종),C1000,식료품,AK,가동률BSI,음식료,A,95.0,3,91.33,3.67,True,512Y007,전국,national_by_industry,CONTEXT / BUSINESS_SENTIMENT,업종별 자동판정에 쓰지 않는다. 전국 업종 BSI 를 창원국가산단 개별 업종의 신호라고 부르지 않는다.
2026Q1,전국(업종),C1000,식료품,AK,가동률BSI,음식료,A,94.33,3,91.0,3.33,True,512Y007,전국,national_by_industry,CONTEXT / BUSINESS_SENTIMENT,업종별 자동판정에 쓰지 않는다. 전국 업종 BSI 를 창원국가산단 개별 업종의 신호라고 부르지 않는다.
2026Q2,전국(업종),C1000,식료품,AK,가동률BSI,음식료,A,95.0,3,96.33,-1.33,True,512Y007,전국,national_by_industry,CONTEXT / BUSINESS_SENTIMENT,업종별 자동판정에 쓰지 않는다. 전국 업종 BSI 를 창원국가산단 개별 업종의 신호라고 부르지 않는다.
2026Q3,전국(업종),C1000,식료품,AK,가동률BSI,음식료,A,99.5,2,87.33,12.17,True,512Y007,전국,national_by_industry,CONTEXT / BUSINESS_SENTIMENT,업종별 자동판정에 쓰지 않는다. 전국 업종 BSI 를 창원국가산단 개별 업종의 신호라고 부르지 않는다.
2021Q1,전국(업종),C1100,음료,AA,업황BSI,음식료,A,65.67,3,,,True,512Y007,전국,national_by_industry,CONTEXT / BUSINESS_SENTIMENT,업종별 자동판정에 쓰지 않는다. 전국 업종 BSI 를 창원국가산단 개별 업종의 신호라고 부르지 않는다.
2021Q2,전국(업종),C1100,음료,AA,업황BSI,음식료,A,77.33,3,,,True,512Y007,전국,national_by_industry,CONTEXT / BUSINESS_SENTIMENT,업종별 자동판정에 쓰지 않는다. 전국 업종 BSI 를 창원국가산단 개별 업종의 신호라고 부르지 않는다.
2021Q3,전국(업종),C1100,음료,AA,업황BSI,음식료,A,80.33,3,,,True,512Y007,전국,national_by_industry,CONTEXT / BUSINESS_SENTIMENT,업종별 자동판정에 쓰지 않는다. 전국 업종 BSI 를 창원국가산단 개별 업종의 신호라고 부르지 않는다.
2021Q4,전국(업종),C1100,음료,AA,업황BSI,음식료,A,79.67,3,,,True,512Y007,전국,national_by_industry,CONTEXT / BUSINESS_SENTIMENT,업종별 자동판정에 쓰지 않는다. 전국 업종 BSI 를 창원국가산단 개별 업종의 신호라고 부르지 않는다.
2022Q1,전국(업종),C1100,음료,AA,업황BSI,음식료,A,72.67,3,65.67,7.0,True,512Y007,전국,national_by_industry,CONTEXT / BUSINESS_SENTIMENT,업종별 자동판정에 쓰지 않는다. 전국 업종 BSI 를 창원국가산단 개별 업종의 신호라고 부르지 않는다.
2022Q2,전국(업종),C1100,음료,AA,업황BSI,음식료,A,81.0,3,77.33,3.67,True,512Y007,전국,national_by_industry,CONTEXT / BUSINESS_SENTIMENT,업종별 자동판정에 쓰지 않는다. 전국 업종 BSI 를 창원국가산단 개별 업종의 신호라고 부르지 않는다.
2022Q3,전국(업종),C1100,음료,AA,업황BSI,음식료,A,74.67,3,80.33,-5.66,True,512Y007,전국,national_by_industry,CONTEXT / BUSINESS_SENTIMENT,업종별 자동판정에 쓰지 않는다. 전국 업종 BSI 를 창원국가산단 개별 업종의 신호라고 부르지 않는다.
2022Q4,전국(업종),C1100,음료,AA,업황BSI,음식료,A,70.67,3,79.67,-9.0,True,512Y007,전국,national_by_industry,CONTEXT / BUSINESS_SENTIMENT,업종별 자동판정에 쓰지 않는다. 전국 업종 BSI 를 창원국가산단 개별 업종의 신호라고 부르지 않는다.
2023Q1,전국(업종),C1100,음료,AA,업황BSI,음식료,A,69.0,3,72.67,-3.67,True,512Y007,전국,national_by_industry,CONTEXT / BUSINESS_SENTIMENT,업종별 자동판정에 쓰지 않는다. 전국 업종 BSI 를 창원국가산단 개별 업종의 신호라고 부르지 않는다.
2023Q2,전국(업종),C1100,음료,AA,업황BSI,음식료,A,75.67,3,81.0,-5.33,True,512Y007,전국,national_by_industry,CONTEXT / BUSINESS_SENTIMENT,업종별 자동판정에 쓰지 않는다. 전국 업종 BSI 를 창원국가산단 개별 업종의 신호라고 부르지 않는다.
2023Q3,전국(업종),C1100,음료,AA,업황BSI,음식료,A,78.33,3,74.67,3.66,True,512Y007,전국,national_by_industry,CONTEXT / BUSINESS_SENTIMENT,업종별 자동판정에 쓰지 않는다. 전국 업종 BSI 를 창원국가산단 개별 업종의 신호라고 부르지 않는다.
2023Q4,전국(업종),C1100,음료,AA,업황BSI,음식료,A,71.67,3,70.67,1.0,True,512Y007,전국,national_by_industry,CONTEXT / BUSINESS_SENTIMENT,업종별 자동판정에 쓰지 않는다. 전국 업종 BSI 를 창원국가산단 개별 업종의 신호라고 부르지 않는다.
2024Q1,전국(업종),C1100,음료,AA,업황BSI,음식료,A,81.33,3,69.0,12.33,True,512Y007,전국,national_by_industry,CONTEXT / BUSINESS_SENTIMENT,업종별 자동판정에 쓰지 않는다. 전국 업종 BSI 를 창원국가산단 개별 업종의 신호라고 부르지 않는다.
2024Q2,전국(업종),C1100,음료,AA,업황BSI,음식료,A,73.33,3,75.67,-2.34,True,512Y007,전국,national_by_industry,CONTEXT / BUSINESS_SENTIMENT,업종별 자동판정에 쓰지 않는다. 전국 업종 BSI 를 창원국가산단 개별 업종의 신호라고 부르지 않는다.
2024Q3,전국(업종),C1100,음료,AA,업황BSI,음식료,A,70.0,3,78.33,-8.33,True,512Y007,전국,national_by_industry,CONTEXT / BUSINESS_SENTIMENT,업종별 자동판정에 쓰지 않는다. 전국 업종 BSI 를 창원국가산단 개별 업종의 신호라고 부르지 않는다.
2024Q4,전국(업종),C1100,음료,AA,업황BSI,음식료,A,69.0,3,71.67,-2.67,True,512Y007,전국,national_by_industry,CONTEXT / BUSINESS_SENTIMENT,업종별 자동판정에 쓰지 않는다. 전국 업종 BSI 를 창원국가산단 개별 업종의 신호라고 부르지 않는다.
2025Q1,전국(업종),C1100,음료,AA,업황BSI,음식료,A,64.67,3,81.33,-16.66,True,512Y007,전국,national_by_industry,CONTEXT / BUSINESS_SENTIMENT,업종별 자동판정에 쓰지 않는다. 전국 업종 BSI 를 창원국가산단 개별 업종의 신호라고 부르지 않는다.
2025Q2,전국(업종),C1100,음료,AA,업황BSI,음식료,A,61.33,3,73.33,-12.0,True,512Y007,전국,national_by_industry,CONTEXT / BUSINESS_SENTIMENT,업종별 자동판정에 쓰지 않는다. 전국 업종 BSI 를 창원국가산단 개별 업종의 신호라고 부르지 않는다.
2025Q3,전국(업종),C1100,음료,AA,업황BSI,음식료,A,61.0,3,70.0,-9.0,True,512Y007,전국,national_by_industry,CONTEXT / BUSINESS_SENTIMENT,업종별 자동판정에 쓰지 않는다. 전국 업종 BSI 를 창원국가산단 개별 업종의 신호라고 부르지 않는다.
2025Q4,전국(업종),C1100,음료,AA,업황BSI,음식료,A,61.0,3,69.0,-8.0,True,512Y007,전국,national_by_industry,CONTEXT / BUSINESS_SENTIMENT,업종별 자동판정에 쓰지 않는다. 전국 업종 BSI 를 창원국가산단 개별 업종의 신호라고 부르지 않는다.
2026Q1,전국(업종),C1100,음료,AA,업황BSI,음식료,A,59.0,3,64.67,-5.67,True,512Y007,전국,national_by_industry,CONTEXT / BUSINESS_SENTIMENT,업종별 자동판정에 쓰지 않는다. 전국 업종 BSI 를 창원국가산단 개별 업종의 신호라고 부르지 않는다.
2026Q2,전국(업종),C1100,음료,AA,업황BSI,음식료,A,56.0,3,61.33,-5.33,True,512Y007,전국,national_by_industry,CONTEXT / BUSINESS_SENTIMENT,업종별 자동판정에 쓰지 않는다. 전국 업종 BSI 를 창원국가산단 개별 업종의 신호라고 부르지 않는다.
2026Q3,전국(업종),C1100,음료,AA,업황BSI,음식료,A,60.5,2,61.0,-0.5,True,512Y007,전국,national_by_industry,CONTEXT / BUSINESS_SENTIMENT,업종별 자동판정에 쓰지 않는다. 전국 업종 BSI 를 창원국가산단 개별 업종의 신호라고 부르지 않는다.
2021Q1,전국(업종),C1100,음료,AC,생산BSI,음식료,A,84.0,3,,,True,512Y007,전국,national_by_industry,CONTEXT / BUSINESS_SENTIMENT,업종별 자동판정에 쓰지 않는다. 전국 업종 BSI 를 창원국가산단 개별 업종의 신호라고 부르지 않는다.
2021Q2,전국(업종),C1100,음료,AC,생산BSI,음식료,A,92.33,3,,,True,512Y007,전국,national_by_industry,CONTEXT / BUSINESS_SENTIMENT,업종별 자동판정에 쓰지 않는다. 전국 업종 BSI 를 창원국가산단 개별 업종의 신호라고 부르지 않는다.
2021Q3,전국(업종),C1100,음료,AC,생산BSI,음식료,A,93.67,3,,,True,512Y007,전국,national_by_industry,CONTEXT / BUSINESS_SENTIMENT,업종별 자동판정에 쓰지 않는다. 전국 업종 BSI 를 창원국가산단 개별 업종의 신호라고 부르지 않는다.
2021Q4,전국(업종),C1100,음료,AC,생산BSI,음식료,A,91.33,3,,,True,512Y007,전국,national_by_industry,CONTEXT / BUSINESS_SENTIMENT,업종별 자동판정에 쓰지 않는다. 전국 업종 BSI 를 창원국가산단 개별 업종의 신호라고 부르지 않는다.
2022Q1,전국(업종),C1100,음료,AC,생산BSI,음식료,A,94.33,3,84.0,10.33,True,512Y007,전국,national_by_industry,CONTEXT / BUSINESS_SENTIMENT,업종별 자동판정에 쓰지 않는다. 전국 업종 BSI 를 창원국가산단 개별 업종의 신호라고 부르지 않는다.
2022Q2,전국(업종),C1100,음료,AC,생산BSI,음식료,A,98.67,3,92.33,6.34,True,512Y007,전국,national_by_industry,CONTEXT / BUSINESS_SENTIMENT,업종별 자동판정에 쓰지 않는다. 전국 업종 BSI 를 창원국가산단 개별 업종의 신호라고 부르지 않는다.
2022Q3,전국(업종),C1100,음료,AC,생산BSI,음식료,A,104.67,3,93.67,11.0,False,512Y007,전국,national_by_industry,CONTEXT / BUSINESS_SENTIMENT,업종별 자동판정에 쓰지 않는다. 전국 업종 BSI 를 창원국가산단 개별 업종의 신호라고 부르지 않는다.
2022Q4,전국(업종),C1100,음료,AC,생산BSI,음식료,A,86.67,3,91.33,-4.66,True,512Y007,전국,national_by_industry,CONTEXT / BUSINESS_SENTIMENT,업종별 자동판정에 쓰지 않는다. 전국 업종 BSI 를 창원국가산단 개별 업종의 신호라고 부르지 않는다.
2023Q1,전국(업종),C1100,음료,AC,생산BSI,음식료,A,77.67,3,94.33,-16.66,True,512Y007,전국,national_by_industry,CONTEXT / BUSINESS_SENTIMENT,업종별 자동판정에 쓰지 않는다. 전국 업종 BSI 를 창원국가산단 개별 업종의 신호라고 부르지 않는다.
2023Q2,전국(업종),C1100,음료,AC,생산BSI,음식료,A,82.67,3,98.67,-16.0,True,512Y007,전국,national_by_industry,CONTEXT / BUSINESS_SENTIMENT,업종별 자동판정에 쓰지 않는다. 전국 업종 BSI 를 창원국가산단 개별 업종의 신호라고 부르지 않는다.
2023Q3,전국(업종),C1100,음료,AC,생산BSI,음식료,A,83.0,3,104.67,-21.67,True,512Y007,전국,national_by_industry,CONTEXT / BUSINESS_SENTIMENT,업종별 자동판정에 쓰지 않는다. 전국 업종 BSI 를 창원국가산단 개별 업종의 신호라고 부르지 않는다.
2023Q4,전국(업종),C1100,음료,AC,생산BSI,음식료,A,84.33,3,86.67,-2.34,True,512Y007,전국,national_by_industry,CONTEXT / BUSINESS_SENTIMENT,업종별 자동판정에 쓰지 않는다. 전국 업종 BSI 를 창원국가산단 개별 업종의 신호라고 부르지 않는다.
2024Q1,전국(업종),C1100,음료,AC,생산BSI,음식료,A,87.0,3,77.67,9.33,True,512Y007,전국,national_by_industry,CONTEXT / BUSINESS_SENTIMENT,업종별 자동판정에 쓰지 않는다. 전국 업종 BSI 를 창원국가산단 개별 업종의 신호라고 부르지 않는다.
2024Q2,전국(업종),C1100,음료,AC,생산BSI,음식료,A,80.33,3,82.67,-2.34,True,512Y007,전국,national_by_industry,CONTEXT / BUSINESS_SENTIMENT,업종별 자동판정에 쓰지 않는다. 전국 업종 BSI 를 창원국가산단 개별 업종의 신호라고 부르지 않는다.
2024Q3,전국(업종),C1100,음료,AC,생산BSI,음식료,A,81.67,3,83.0,-1.33,True,512Y007,전국,national_by_industry,CONTEXT / BUSINESS_SENTIMENT,업종별 자동판정에 쓰지 않는다. 전국 업종 BSI 를 창원국가산단 개별 업종의 신호라고 부르지 않는다.
2024Q4,전국(업종),C1100,음료,AC,생산BSI,음식료,A,80.67,3,84.33,-3.66,True,512Y007,전국,national_by_industry,CONTEXT / BUSINESS_SENTIMENT,업종별 자동판정에 쓰지 않는다. 전국 업종 BSI 를 창원국가산단 개별 업종의 신호라고 부르지 않는다.
2025Q1,전국(업종),C1100,음료,AC,생산BSI,음식료,A,76.67,3,87.0,-10.33,True,512Y007,전국,national_by_industry,CONTEXT / BUSINESS_SENTIMENT,업종별 자동판정에 쓰지 않는다. 전국 업종 BSI 를 창원국가산단 개별 업종의 신호라고 부르지 않는다.
2025Q2,전국(업종),C1100,음료,AC,생산BSI,음식료,A,77.0,3,80.33,-3.33,True,512Y007,전국,national_by_industry,CONTEXT / BUSINESS_SENTIMENT,업종별 자동판정에 쓰지 않는다. 전국 업종 BSI 를 창원국가산단 개별 업종의 신호라고 부르지 않는다.
2025Q3,전국(업종),C1100,음료,AC,생산BSI,음식료,A,76.33,3,81.67,-5.34,True,512Y007,전국,national_by_industry,CONTEXT / BUSINESS_SENTIMENT,업종별 자동판정에 쓰지 않는다. 전국 업종 BSI 를 창원국가산단 개별 업종의 신호라고 부르지 않는다.
2025Q4,전국(업종),C1100,음료,AC,생산BSI,음식료,A,63.0,3,80.67,-17.67,True,512Y007,전국,national_by_industry,CONTEXT / BUSINESS_SENTIMENT,업종별 자동판정에 쓰지 않는다. 전국 업종 BSI 를 창원국가산단 개별 업종의 신호라고 부르지 않는다.
2026Q1,전국(업종),C1100,음료,AC,생산BSI,음식료,A,73.0,3,76.67,-3.67,True,512Y007,전국,national_by_industry,CONTEXT / BUSINESS_SENTIMENT,업종별 자동판정에 쓰지 않는다. 전국 업종 BSI 를 창원국가산단 개별 업종의 신호라고 부르지 않는다.
2026Q2,전국(업종),C1100,음료,AC,생산BSI,음식료,A,72.33,3,77.0,-4.67,True,512Y007,전국,national_by_industry,CONTEXT / BUSINESS_SENTIMENT,업종별 자동판정에 쓰지 않는다. 전국 업종 BSI 를 창원국가산단 개별 업종의 신호라고 부르지 않는다.
2026Q3,전국(업종),C1100,음료,AC,생산BSI,음식료,A,74.0,2,76.33,-2.33,True,512Y007,전국,national_by_industry,CONTEXT / BUSINESS_SENTIMENT,업종별 자동판정에 쓰지 않는다. 전국 업종 BSI 를 창원국가산단 개별 업종의 신호라고 부르지 않는다.
2021Q1,전국(업종),C1100,음료,AD,신규수주BSI,음식료,A,78.67,3,,,True,512Y007,전국,national_by_industry,CONTEXT / BUSINESS_SENTIMENT,업종별 자동판정에 쓰지 않는다. 전국 업종 BSI 를 창원국가산단 개별 업종의 신호라고 부르지 않는다.
2021Q2,전국(업종),C1100,음료,AD,신규수주BSI,음식료,A,88.33,3,,,True,512Y007,전국,national_by_industry,CONTEXT / BUSINESS_SENTIMENT,업종별 자동판정에 쓰지 않는다. 전국 업종 BSI 를 창원국가산단 개별 업종의 신호라고 부르지 않는다.
2021Q3,전국(업종),C1100,음료,AD,신규수주BSI,음식료,A,87.67,3,,,True,512Y007,전국,national_by_industry,CONTEXT / BUSINESS_SENTIMENT,업종별 자동판정에 쓰지 않는다. 전국 업종 BSI 를 창원국가산단 개별 업종의 신호라고 부르지 않는다.
2021Q4,전국(업종),C1100,음료,AD,신규수주BSI,음식료,A,88.0,3,,,True,512Y007,전국,national_by_industry,CONTEXT / BUSINESS_SENTIMENT,업종별 자동판정에 쓰지 않는다. 전국 업종 BSI 를 창원국가산단 개별 업종의 신호라고 부르지 않는다.
2022Q1,전국(업종),C1100,음료,AD,신규수주BSI,음식료,A,87.67,3,78.67,9.0,True,512Y007,전국,national_by_industry,CONTEXT / BUSINESS_SENTIMENT,업종별 자동판정에 쓰지 않는다. 전국 업종 BSI 를 창원국가산단 개별 업종의 신호라고 부르지 않는다.
2022Q2,전국(업종),C1100,음료,AD,신규수주BSI,음식료,A,103.33,3,88.33,15.0,False,512Y007,전국,national_by_industry,CONTEXT / BUSINESS_SENTIMENT,업종별 자동판정에 쓰지 않는다. 전국 업종 BSI 를 창원국가산단 개별 업종의 신호라고 부르지 않는다.
2022Q3,전국(업종),C1100,음료,AD,신규수주BSI,음식료,A,92.33,3,87.67,4.66,True,512Y007,전국,national_by_industry,CONTEXT / BUSINESS_SENTIMENT,업종별 자동판정에 쓰지 않는다. 전국 업종 BSI 를 창원국가산단 개별 업종의 신호라고 부르지 않는다.
2022Q4,전국(업종),C1100,음료,AD,신규수주BSI,음식료,A,85.67,3,88.0,-2.33,True,512Y007,전국,national_by_industry,CONTEXT / BUSINESS_SENTIMENT,업종별 자동판정에 쓰지 않는다. 전국 업종 BSI 를 창원국가산단 개별 업종의 신호라고 부르지 않는다.
2023Q1,전국(업종),C1100,음료,AD,신규수주BSI,음식료,A,79.67,3,87.67,-8.0,True,512Y007,전국,national_by_industry,CONTEXT / BUSINESS_SENTIMENT,업종별 자동판정에 쓰지 않는다. 전국 업종 BSI 를 창원국가산단 개별 업종의 신호라고 부르지 않는다.
2023Q2,전국(업종),C1100,음료,AD,신규수주BSI,음식료,A,82.33,3,103.33,-21.0,True,512Y007,전국,national_by_industry,CONTEXT / BUSINESS_SENTIMENT,업종별 자동판정에 쓰지 않는다. 전국 업종 BSI 를 창원국가산단 개별 업종의 신호라고 부르지 않는다.
2023Q3,전국(업종),C1100,음료,AD,신규수주BSI,음식료,A,88.0,3,92.33,-4.33,True,512Y007,전국,national_by_industry,CONTEXT / BUSINESS_SENTIMENT,업종별 자동판정에 쓰지 않는다. 전국 업종 BSI 를 창원국가산단 개별 업종의 신호라고 부르지 않는다.
2023Q4,전국(업종),C1100,음료,AD,신규수주BSI,음식료,A,81.33,3,85.67,-4.34,True,512Y007,전국,national_by_industry,CONTEXT / BUSINESS_SENTIMENT,업종별 자동판정에 쓰지 않는다. 전국 업종 BSI 를 창원국가산단 개별 업종의 신호라고 부르지 않는다.
2024Q1,전국(업종),C1100,음료,AD,신규수주BSI,음식료,A,86.33,3,79.67,6.66,True,512Y007,전국,national_by_industry,CONTEXT / BUSINESS_SENTIMENT,업종별 자동판정에 쓰지 않는다. 전국 업종 BSI 를 창원국가산단 개별 업종의 신호라고 부르지 않는다.
2024Q2,전국(업종),C1100,음료,AD,신규수주BSI,음식료,A,81.33,3,82.33,-1.0,True,512Y007,전국,national_by_industry,CONTEXT / BUSINESS_SENTIMENT,업종별 자동판정에 쓰지 않는다. 전국 업종 BSI 를 창원국가산단 개별 업종의 신호라고 부르지 않는다.
2024Q3,전국(업종),C1100,음료,AD,신규수주BSI,음식료,A,82.33,3,88.0,-5.67,True,512Y007,전국,national_by_industry,CONTEXT / BUSINESS_SENTIMENT,업종별 자동판정에 쓰지 않는다. 전국 업종 BSI 를 창원국가산단 개별 업종의 신호라고 부르지 않는다.
2024Q4,전국(업종),C1100,음료,AD,신규수주BSI,음식료,A,75.67,3,81.33,-5.66,True,512Y007,전국,national_by_industry,CONTEXT / BUSINESS_SENTIMENT,업종별 자동판정에 쓰지 않는다. 전국 업종 BSI 를 창원국가산단 개별 업종의 신호라고 부르지 않는다.
2025Q1,전국(업종),C1100,음료,AD,신규수주BSI,음식료,A,76.0,3,86.33,-10.33,True,512Y007,전국,national_by_industry,CONTEXT / BUSINESS_SENTIMENT,업종별 자동판정에 쓰지 않는다. 전국 업종 BSI 를 창원국가산단 개별 업종의 신호라고 부르지 않는다.
2025Q2,전국(업종),C1100,음료,AD,신규수주BSI,음식료,A,79.67,3,81.33,-1.66,True,512Y007,전국,national_by_industry,CONTEXT / BUSINESS_SENTIMENT,업종별 자동판정에 쓰지 않는다. 전국 업종 BSI 를 창원국가산단 개별 업종의 신호라고 부르지 않는다.
2025Q3,전국(업종),C1100,음료,AD,신규수주BSI,음식료,A,76.33,3,82.33,-6.0,True,512Y007,전국,national_by_industry,CONTEXT / BUSINESS_SENTIMENT,업종별 자동판정에 쓰지 않는다. 전국 업종 BSI 를 창원국가산단 개별 업종의 신호라고 부르지 않는다.
2025Q4,전국(업종),C1100,음료,AD,신규수주BSI,음식료,A,69.67,3,75.67,-6.0,True,512Y007,전국,national_by_industry,CONTEXT / BUSINESS_SENTIMENT,업종별 자동판정에 쓰지 않는다. 전국 업종 BSI 를 창원국가산단 개별 업종의 신호라고 부르지 않는다.
2026Q1,전국(업종),C1100,음료,AD,신규수주BSI,음식료,A,71.67,3,76.0,-4.33,True,512Y007,전국,national_by_industry,CONTEXT / BUSINESS_SENTIMENT,업종별 자동판정에 쓰지 않는다. 전국 업종 BSI 를 창원국가산단 개별 업종의 신호라고 부르지 않는다.
2026Q2,전국(업종),C1100,음료,AD,신규수주BSI,음식료,A,69.67,3,79.67,-10.0,True,512Y007,전국,national_by_industry,CONTEXT / BUSINESS_SENTIMENT,업종별 자동판정에 쓰지 않는다. 전국 업종 BSI 를 창원국가산단 개별 업종의 신호라고 부르지 않는다.
2026Q3,전국(업종),C1100,음료,AD,신규수주BSI,음식료,A,75.5,2,76.33,-0.83,True,512Y007,전국,national_by_industry,CONTEXT / BUSINESS_SENTIMENT,업종별 자동판정에 쓰지 않는다. 전국 업종 BSI 를 창원국가산단 개별 업종의 신호라고 부르지 않는다.
2021Q1,전국(업종),C1100,음료,AJ,인력사정BSI,음식료,A,93.0,3,,,True,512Y007,전국,national_by_industry,CONTEXT / BUSINESS_SENTIMENT,업종별 자동판정에 쓰지 않는다. 전국 업종 BSI 를 창원국가산단 개별 업종의 신호라고 부르지 않는다.
2021Q2,전국(업종),C1100,음료,AJ,인력사정BSI,음식료,A,94.67,3,,,True,512Y007,전국,national_by_industry,CONTEXT / BUSINESS_SENTIMENT,업종별 자동판정에 쓰지 않는다. 전국 업종 BSI 를 창원국가산단 개별 업종의 신호라고 부르지 않는다.
2021Q3,전국(업종),C1100,음료,AJ,인력사정BSI,음식료,A,91.33,3,,,True,512Y007,전국,national_by_industry,CONTEXT / BUSINESS_SENTIMENT,업종별 자동판정에 쓰지 않는다. 전국 업종 BSI 를 창원국가산단 개별 업종의 신호라고 부르지 않는다.
2021Q4,전국(업종),C1100,음료,AJ,인력사정BSI,음식료,A,90.67,3,,,True,512Y007,전국,national_by_industry,CONTEXT / BUSINESS_SENTIMENT,업종별 자동판정에 쓰지 않는다. 전국 업종 BSI 를 창원국가산단 개별 업종의 신호라고 부르지 않는다.
2022Q1,전국(업종),C1100,음료,AJ,인력사정BSI,음식료,A,88.33,3,93.0,-4.67,True,512Y007,전국,national_by_industry,CONTEXT / BUSINESS_SENTIMENT,업종별 자동판정에 쓰지 않는다. 전국 업종 BSI 를 창원국가산단 개별 업종의 신호라고 부르지 않는다.
2022Q2,전국(업종),C1100,음료,AJ,인력사정BSI,음식료,A,88.33,3,94.67,-6.34,True,512Y007,전국,national_by_industry,CONTEXT / BUSINESS_SENTIMENT,업종별 자동판정에 쓰지 않는다. 전국 업종 BSI 를 창원국가산단 개별 업종의 신호라고 부르지 않는다.
2022Q3,전국(업종),C1100,음료,AJ,인력사정BSI,음식료,A,84.33,3,91.33,-7.0,True,512Y007,전국,national_by_industry,CONTEXT / BUSINESS_SENTIMENT,업종별 자동판정에 쓰지 않는다. 전국 업종 BSI 를 창원국가산단 개별 업종의 신호라고 부르지 않는다.
2022Q4,전국(업종),C1100,음료,AJ,인력사정BSI,음식료,A,87.33,3,90.67,-3.34,True,512Y007,전국,national_by_industry,CONTEXT / BUSINESS_SENTIMENT,업종별 자동판정에 쓰지 않는다. 전국 업종 BSI 를 창원국가산단 개별 업종의 신호라고 부르지 않는다.
2023Q1,전국(업종),C1100,음료,AJ,인력사정BSI,음식료,A,85.67,3,88.33,-2.66,True,512Y007,전국,national_by_industry,CONTEXT / BUSINESS_SENTIMENT,업종별 자동판정에 쓰지 않는다. 전국 업종 BSI 를 창원국가산단 개별 업종의 신호라고 부르지 않는다.
2023Q2,전국(업종),C1100,음료,AJ,인력사정BSI,음식료,A,86.33,3,88.33,-2.0,True,512Y007,전국,national_by_industry,CONTEXT / BUSINESS_SENTIMENT,업종별 자동판정에 쓰지 않는다. 전국 업종 BSI 를 창원국가산단 개별 업종의 신호라고 부르지 않는다.
2023Q3,전국(업종),C1100,음료,AJ,인력사정BSI,음식료,A,84.33,3,84.33,0.0,True,512Y007,전국,national_by_industry,CONTEXT / BUSINESS_SENTIMENT,업종별 자동판정에 쓰지 않는다. 전국 업종 BSI 를 창원국가산단 개별 업종의 신호라고 부르지 않는다.
2023Q4,전국(업종),C1100,음료,AJ,인력사정BSI,음식료,A,90.0,3,87.33,2.67,True,512Y007,전국,national_by_industry,CONTEXT / BUSINESS_SENTIMENT,업종별 자동판정에 쓰지 않는다. 전국 업종 BSI 를 창원국가산단 개별 업종의 신호라고 부르지 않는다.
2024Q1,전국(업종),C1100,음료,AJ,인력사정BSI,음식료,A,86.67,3,85.67,1.0,True,512Y007,전국,national_by_industry,CONTEXT / BUSINESS_SENTIMENT,업종별 자동판정에 쓰지 않는다. 전국 업종 BSI 를 창원국가산단 개별 업종의 신호라고 부르지 않는다.
2024Q2,전국(업종),C1100,음료,AJ,인력사정BSI,음식료,A,89.33,3,86.33,3.0,True,512Y007,전국,national_by_industry,CONTEXT / BUSINESS_SENTIMENT,업종별 자동판정에 쓰지 않는다. 전국 업종 BSI 를 창원국가산단 개별 업종의 신호라고 부르지 않는다.
2024Q3,전국(업종),C1100,음료,AJ,인력사정BSI,음식료,A,86.33,3,84.33,2.0,True,512Y007,전국,national_by_industry,CONTEXT / BUSINESS_SENTIMENT,업종별 자동판정에 쓰지 않는다. 전국 업종 BSI 를 창원국가산단 개별 업종의 신호라고 부르지 않는다.
2024Q4,전국(업종),C1100,음료,AJ,인력사정BSI,음식료,A,84.0,3,90.0,-6.0,True,512Y007,전국,national_by_industry,CONTEXT / BUSINESS_SENTIMENT,업종별 자동판정에 쓰지 않는다. 전국 업종 BSI 를 창원국가산단 개별 업종의 신호라고 부르지 않는다.
2025Q1,전국(업종),C1100,음료,AJ,인력사정BSI,음식료,A,86.0,3,86.67,-0.67,True,512Y007,전국,national_by_industry,CONTEXT / BUSINESS_SENTIMENT,업종별 자동판정에 쓰지 않는다. 전국 업종 BSI 를 창원국가산단 개별 업종의 신호라고 부르지 않는다.
2025Q2,전국(업종),C1100,음료,AJ,인력사정BSI,음식료,A,84.67,3,89.33,-4.66,True,512Y007,전국,national_by_industry,CONTEXT / BUSINESS_SENTIMENT,업종별 자동판정에 쓰지 않는다. 전국 업종 BSI 를 창원국가산단 개별 업종의 신호라고 부르지 않는다.
2025Q3,전국(업종),C1100,음료,AJ,인력사정BSI,음식료,A,85.0,3,86.33,-1.33,True,512Y007,전국,national_by_industry,CONTEXT / BUSINESS_SENTIMENT,업종별 자동판정에 쓰지 않는다. 전국 업종 BSI 를 창원국가산단 개별 업종의 신호라고 부르지 않는다.
2025Q4,전국(업종),C1100,음료,AJ,인력사정BSI,음식료,A,79.0,3,84.0,-5.0,True,512Y007,전국,national_by_industry,CONTEXT / BUSINESS_SENTIMENT,업종별 자동판정에 쓰지 않는다. 전국 업종 BSI 를 창원국가산단 개별 업종의 신호라고 부르지 않는다.
2026Q1,전국(업종),C1100,음료,AJ,인력사정BSI,음식료,A,80.0,3,86.0,-6.0,True,512Y007,전국,national_by_industry,CONTEXT / BUSINESS_SENTIMENT,업종별 자동판정에 쓰지 않는다. 전국 업종 BSI 를 창원국가산단 개별 업종의 신호라고 부르지 않는다.
2026Q2,전국(업종),C1100,음료,AJ,인력사정BSI,음식료,A,87.33,3,84.67,2.66,True,512Y007,전국,national_by_industry,CONTEXT / BUSINESS_SENTIMENT,업종별 자동판정에 쓰지 않는다. 전국 업종 BSI 를 창원국가산단 개별 업종의 신호라고 부르지 않는다.
2026Q3,전국(업종),C1100,음료,AJ,인력사정BSI,음식료,A,85.0,2,85.0,0.0,True,512Y007,전국,national_by_industry,CONTEXT / BUSINESS_SENTIMENT,업종별 자동판정에 쓰지 않는다. 전국 업종 BSI 를 창원국가산단 개별 업종의 신호라고 부르지 않는다.
2021Q1,전국(업종),C1100,음료,AK,가동률BSI,음식료,A,81.0,3,,,True,512Y007,전국,national_by_industry,CONTEXT / BUSINESS_SENTIMENT,업종별 자동판정에 쓰지 않는다. 전국 업종 BSI 를 창원국가산단 개별 업종의 신호라고 부르지 않는다.
2021Q2,전국(업종),C1100,음료,AK,가동률BSI,음식료,A,89.0,3,,,True,512Y007,전국,national_by_industry,CONTEXT / BUSINESS_SENTIMENT,업종별 자동판정에 쓰지 않는다. 전국 업종 BSI 를 창원국가산단 개별 업종의 신호라고 부르지 않는다.
2021Q3,전국(업종),C1100,음료,AK,가동률BSI,음식료,A,91.33,3,,,True,512Y007,전국,national_by_industry,CONTEXT / BUSINESS_SENTIMENT,업종별 자동판정에 쓰지 않는다. 전국 업종 BSI 를 창원국가산단 개별 업종의 신호라고 부르지 않는다.
2021Q4,전국(업종),C1100,음료,AK,가동률BSI,음식료,A,87.0,3,,,True,512Y007,전국,national_by_industry,CONTEXT / BUSINESS_SENTIMENT,업종별 자동판정에 쓰지 않는다. 전국 업종 BSI 를 창원국가산단 개별 업종의 신호라고 부르지 않는다.
2022Q1,전국(업종),C1100,음료,AK,가동률BSI,음식료,A,93.33,3,81.0,12.33,True,512Y007,전국,national_by_industry,CONTEXT / BUSINESS_SENTIMENT,업종별 자동판정에 쓰지 않는다. 전국 업종 BSI 를 창원국가산단 개별 업종의 신호라고 부르지 않는다.
2022Q2,전국(업종),C1100,음료,AK,가동률BSI,음식료,A,98.67,3,89.0,9.67,True,512Y007,전국,national_by_industry,CONTEXT / BUSINESS_SENTIMENT,업종별 자동판정에 쓰지 않는다. 전국 업종 BSI 를 창원국가산단 개별 업종의 신호라고 부르지 않는다.
2022Q3,전국(업종),C1100,음료,AK,가동률BSI,음식료,A,97.33,3,91.33,6.0,True,512Y007,전국,national_by_industry,CONTEXT / BUSINESS_SENTIMENT,업종별 자동판정에 쓰지 않는다. 전국 업종 BSI 를 창원국가산단 개별 업종의 신호라고 부르지 않는다.
2022Q4,전국(업종),C1100,음료,AK,가동률BSI,음식료,A,85.0,3,87.0,-2.0,True,512Y007,전국,national_by_industry,CONTEXT / BUSINESS_SENTIMENT,업종별 자동판정에 쓰지 않는다. 전국 업종 BSI 를 창원국가산단 개별 업종의 신호라고 부르지 않는다.
2023Q1,전국(업종),C1100,음료,AK,가동률BSI,음식료,A,76.33,3,93.33,-17.0,True,512Y007,전국,national_by_industry,CONTEXT / BUSINESS_SENTIMENT,업종별 자동판정에 쓰지 않는다. 전국 업종 BSI 를 창원국가산단 개별 업종의 신호라고 부르지 않는다.
2023Q2,전국(업종),C1100,음료,AK,가동률BSI,음식료,A,80.33,3,98.67,-18.34,True,512Y007,전국,national_by_industry,CONTEXT / BUSINESS_SENTIMENT,업종별 자동판정에 쓰지 않는다. 전국 업종 BSI 를 창원국가산단 개별 업종의 신호라고 부르지 않는다.
2023Q3,전국(업종),C1100,음료,AK,가동률BSI,음식료,A,83.0,3,97.33,-14.33,True,512Y007,전국,national_by_industry,CONTEXT / BUSINESS_SENTIMENT,업종별 자동판정에 쓰지 않는다. 전국 업종 BSI 를 창원국가산단 개별 업종의 신호라고 부르지 않는다.
2023Q4,전국(업종),C1100,음료,AK,가동률BSI,음식료,A,82.67,3,85.0,-2.33,True,512Y007,전국,national_by_industry,CONTEXT / BUSINESS_SENTIMENT,업종별 자동판정에 쓰지 않는다. 전국 업종 BSI 를 창원국가산단 개별 업종의 신호라고 부르지 않는다.
2024Q1,전국(업종),C1100,음료,AK,가동률BSI,음식료,A,81.0,3,76.33,4.67,True,512Y007,전국,national_by_industry,CONTEXT / BUSINESS_SENTIMENT,업종별 자동판정에 쓰지 않는다. 전국 업종 BSI 를 창원국가산단 개별 업종의 신호라고 부르지 않는다.
2024Q2,전국(업종),C1100,음료,AK,가동률BSI,음식료,A,79.33,3,80.33,-1.0,True,512Y007,전국,national_by_industry,CONTEXT / BUSINESS_SENTIMENT,업종별 자동판정에 쓰지 않는다. 전국 업종 BSI 를 창원국가산단 개별 업종의 신호라고 부르지 않는다.
2024Q3,전국(업종),C1100,음료,AK,가동률BSI,음식료,A,81.0,3,83.0,-2.0,True,512Y007,전국,national_by_industry,CONTEXT / BUSINESS_SENTIMENT,업종별 자동판정에 쓰지 않는다. 전국 업종 BSI 를 창원국가산단 개별 업종의 신호라고 부르지 않는다.
2024Q4,전국(업종),C1100,음료,AK,가동률BSI,음식료,A,79.33,3,82.67,-3.34,True,512Y007,전국,national_by_industry,CONTEXT / BUSINESS_SENTIMENT,업종별 자동판정에 쓰지 않는다. 전국 업종 BSI 를 창원국가산단 개별 업종의 신호라고 부르지 않는다.
2025Q1,전국(업종),C1100,음료,AK,가동률BSI,음식료,A,76.67,3,81.0,-4.33,True,512Y007,전국,national_by_industry,CONTEXT / BUSINESS_SENTIMENT,업종별 자동판정에 쓰지 않는다. 전국 업종 BSI 를 창원국가산단 개별 업종의 신호라고 부르지 않는다.
2025Q2,전국(업종),C1100,음료,AK,가동률BSI,음식료,A,78.0,3,79.33,-1.33,True,512Y007,전국,national_by_industry,CONTEXT / BUSINESS_SENTIMENT,업종별 자동판정에 쓰지 않는다. 전국 업종 BSI 를 창원국가산단 개별 업종의 신호라고 부르지 않는다.
2025Q3,전국(업종),C1100,음료,AK,가동률BSI,음식료,A,77.0,3,81.0,-4.0,True,512Y007,전국,national_by_industry,CONTEXT / BUSINESS_SENTIMENT,업종별 자동판정에 쓰지 않는다. 전국 업종 BSI 를 창원국가산단 개별 업종의 신호라고 부르지 않는다.
2025Q4,전국(업종),C1100,음료,AK,가동률BSI,음식료,A,62.33,3,79.33,-17.0,True,512Y007,전국,national_by_industry,CONTEXT / BUSINESS_SENTIMENT,업종별 자동판정에 쓰지 않는다. 전국 업종 BSI 를 창원국가산단 개별 업종의 신호라고 부르지 않는다.
2026Q1,전국(업종),C1100,음료,AK,가동률BSI,음식료,A,74.67,3,76.67,-2.0,True,512Y007,전국,national_by_industry,CONTEXT / BUSINESS_SENTIMENT,업종별 자동판정에 쓰지 않는다. 전국 업종 BSI 를 창원국가산단 개별 업종의 신호라고 부르지 않는다.
2026Q2,전국(업종),C1100,음료,AK,가동률BSI,음식료,A,72.0,3,78.0,-6.0,True,512Y007,전국,national_by_industry,CONTEXT / BUSINESS_SENTIMENT,업종별 자동판정에 쓰지 않는다. 전국 업종 BSI 를 창원국가산단 개별 업종의 신호라고 부르지 않는다.
2026Q3,전국(업종),C1100,음료,AK,가동률BSI,음식료,A,72.0,2,77.0,-5.0,True,512Y007,전국,national_by_industry,CONTEXT / BUSINESS_SENTIMENT,업종별 자동판정에 쓰지 않는다. 전국 업종 BSI 를 창원국가산단 개별 업종의 신호라고 부르지 않는다.
2021Q1,전국(업종),C1300,섬유,AA,업황BSI,섬유의복,A,56.33,3,,,True,512Y007,전국,national_by_industry,CONTEXT / BUSINESS_SENTIMENT,업종별 자동판정에 쓰지 않는다. 전국 업종 BSI 를 창원국가산단 개별 업종의 신호라고 부르지 않는다.
2021Q2,전국(업종),C1300,섬유,AA,업황BSI,섬유의복,A,68.67,3,,,True,512Y007,전국,national_by_industry,CONTEXT / BUSINESS_SENTIMENT,업종별 자동판정에 쓰지 않는다. 전국 업종 BSI 를 창원국가산단 개별 업종의 신호라고 부르지 않는다.
2021Q3,전국(업종),C1300,섬유,AA,업황BSI,섬유의복,A,66.0,3,,,True,512Y007,전국,national_by_industry,CONTEXT / BUSINESS_SENTIMENT,업종별 자동판정에 쓰지 않는다. 전국 업종 BSI 를 창원국가산단 개별 업종의 신호라고 부르지 않는다.
2021Q4,전국(업종),C1300,섬유,AA,업황BSI,섬유의복,A,70.0,3,,,True,512Y007,전국,national_by_industry,CONTEXT / BUSINESS_SENTIMENT,업종별 자동판정에 쓰지 않는다. 전국 업종 BSI 를 창원국가산단 개별 업종의 신호라고 부르지 않는다.
2022Q1,전국(업종),C1300,섬유,AA,업황BSI,섬유의복,A,66.33,3,56.33,10.0,True,512Y007,전국,national_by_industry,CONTEXT / BUSINESS_SENTIMENT,업종별 자동판정에 쓰지 않는다. 전국 업종 BSI 를 창원국가산단 개별 업종의 신호라고 부르지 않는다.
2022Q2,전국(업종),C1300,섬유,AA,업황BSI,섬유의복,A,64.33,3,68.67,-4.34,True,512Y007,전국,national_by_industry,CONTEXT / BUSINESS_SENTIMENT,업종별 자동판정에 쓰지 않는다. 전국 업종 BSI 를 창원국가산단 개별 업종의 신호라고 부르지 않는다.
2022Q3,전국(업종),C1300,섬유,AA,업황BSI,섬유의복,A,47.67,3,66.0,-18.33,True,512Y007,전국,national_by_industry,CONTEXT / BUSINESS_SENTIMENT,업종별 자동판정에 쓰지 않는다. 전국 업종 BSI 를 창원국가산단 개별 업종의 신호라고 부르지 않는다.
2022Q4,전국(업종),C1300,섬유,AA,업황BSI,섬유의복,A,46.67,3,70.0,-23.33,True,512Y007,전국,national_by_industry,CONTEXT / BUSINESS_SENTIMENT,업종별 자동판정에 쓰지 않는다. 전국 업종 BSI 를 창원국가산단 개별 업종의 신호라고 부르지 않는다.
2023Q1,전국(업종),C1300,섬유,AA,업황BSI,섬유의복,A,46.0,3,66.33,-20.33,True,512Y007,전국,national_by_industry,CONTEXT / BUSINESS_SENTIMENT,업종별 자동판정에 쓰지 않는다. 전국 업종 BSI 를 창원국가산단 개별 업종의 신호라고 부르지 않는다.
2023Q2,전국(업종),C1300,섬유,AA,업황BSI,섬유의복,A,50.0,3,64.33,-14.33,True,512Y007,전국,national_by_industry,CONTEXT / BUSINESS_SENTIMENT,업종별 자동판정에 쓰지 않는다. 전국 업종 BSI 를 창원국가산단 개별 업종의 신호라고 부르지 않는다.
2023Q3,전국(업종),C1300,섬유,AA,업황BSI,섬유의복,A,47.0,3,47.67,-0.67,True,512Y007,전국,national_by_industry,CONTEXT / BUSINESS_SENTIMENT,업종별 자동판정에 쓰지 않는다. 전국 업종 BSI 를 창원국가산단 개별 업종의 신호라고 부르지 않는다.
2023Q4,전국(업종),C1300,섬유,AA,업황BSI,섬유의복,A,43.33,3,46.67,-3.34,True,512Y007,전국,national_by_industry,CONTEXT / BUSINESS_SENTIMENT,업종별 자동판정에 쓰지 않는다. 전국 업종 BSI 를 창원국가산단 개별 업종의 신호라고 부르지 않는다.
2024Q1,전국(업종),C1300,섬유,AA,업황BSI,섬유의복,A,45.0,3,46.0,-1.0,True,512Y007,전국,national_by_industry,CONTEXT / BUSINESS_SENTIMENT,업종별 자동판정에 쓰지 않는다. 전국 업종 BSI 를 창원국가산단 개별 업종의 신호라고 부르지 않는다.
2024Q2,전국(업종),C1300,섬유,AA,업황BSI,섬유의복,A,54.0,3,50.0,4.0,True,512Y007,전국,national_by_industry,CONTEXT / BUSINESS_SENTIMENT,업종별 자동판정에 쓰지 않는다. 전국 업종 BSI 를 창원국가산단 개별 업종의 신호라고 부르지 않는다.
2024Q3,전국(업종),C1300,섬유,AA,업황BSI,섬유의복,A,54.33,3,47.0,7.33,True,512Y007,전국,national_by_industry,CONTEXT / BUSINESS_SENTIMENT,업종별 자동판정에 쓰지 않는다. 전국 업종 BSI 를 창원국가산단 개별 업종의 신호라고 부르지 않는다.
2024Q4,전국(업종),C1300,섬유,AA,업황BSI,섬유의복,A,54.0,3,43.33,10.67,True,512Y007,전국,national_by_industry,CONTEXT / BUSINESS_SENTIMENT,업종별 자동판정에 쓰지 않는다. 전국 업종 BSI 를 창원국가산단 개별 업종의 신호라고 부르지 않는다.
2025Q1,전국(업종),C1300,섬유,AA,업황BSI,섬유의복,A,56.67,3,45.0,11.67,True,512Y007,전국,national_by_industry,CONTEXT / BUSINESS_SENTIMENT,업종별 자동판정에 쓰지 않는다. 전국 업종 BSI 를 창원국가산단 개별 업종의 신호라고 부르지 않는다.
2025Q2,전국(업종),C1300,섬유,AA,업황BSI,섬유의복,A,51.33,3,54.0,-2.67,True,512Y007,전국,national_by_industry,CONTEXT / BUSINESS_SENTIMENT,업종별 자동판정에 쓰지 않는다. 전국 업종 BSI 를 창원국가산단 개별 업종의 신호라고 부르지 않는다.
2025Q3,전국(업종),C1300,섬유,AA,업황BSI,섬유의복,A,54.33,3,54.33,0.0,True,512Y007,전국,national_by_industry,CONTEXT / BUSINESS_SENTIMENT,업종별 자동판정에 쓰지 않는다. 전국 업종 BSI 를 창원국가산단 개별 업종의 신호라고 부르지 않는다.
2025Q4,전국(업종),C1300,섬유,AA,업황BSI,섬유의복,A,52.33,3,54.0,-1.67,True,512Y007,전국,national_by_industry,CONTEXT / BUSINESS_SENTIMENT,업종별 자동판정에 쓰지 않는다. 전국 업종 BSI 를 창원국가산단 개별 업종의 신호라고 부르지 않는다.
2026Q1,전국(업종),C1300,섬유,AA,업황BSI,섬유의복,A,54.0,3,56.67,-2.67,True,512Y007,전국,national_by_industry,CONTEXT / BUSINESS_SENTIMENT,업종별 자동판정에 쓰지 않는다. 전국 업종 BSI 를 창원국가산단 개별 업종의 신호라고 부르지 않는다.
2026Q2,전국(업종),C1300,섬유,AA,업황BSI,섬유의복,A,52.0,3,51.33,0.67,True,512Y007,전국,national_by_industry,CONTEXT / BUSINESS_SENTIMENT,업종별 자동판정에 쓰지 않는다. 전국 업종 BSI 를 창원국가산단 개별 업종의 신호라고 부르지 않는다.
2026Q3,전국(업종),C1300,섬유,AA,업황BSI,섬유의복,A,58.5,2,54.33,4.17,True,512Y007,전국,national_by_industry,CONTEXT / BUSINESS_SENTIMENT,업종별 자동판정에 쓰지 않는다. 전국 업종 BSI 를 창원국가산단 개별 업종의 신호라고 부르지 않는다.
2021Q1,전국(업종),C1300,섬유,AC,생산BSI,섬유의복,A,68.33,3,,,True,512Y007,전국,national_by_industry,CONTEXT / BUSINESS_SENTIMENT,업종별 자동판정에 쓰지 않는다. 전국 업종 BSI 를 창원국가산단 개별 업종의 신호라고 부르지 않는다.
2021Q2,전국(업종),C1300,섬유,AC,생산BSI,섬유의복,A,84.33,3,,,True,512Y007,전국,national_by_industry,CONTEXT / BUSINESS_SENTIMENT,업종별 자동판정에 쓰지 않는다. 전국 업종 BSI 를 창원국가산단 개별 업종의 신호라고 부르지 않는다.
2021Q3,전국(업종),C1300,섬유,AC,생산BSI,섬유의복,A,82.33,3,,,True,512Y007,전국,national_by_industry,CONTEXT / BUSINESS_SENTIMENT,업종별 자동판정에 쓰지 않는다. 전국 업종 BSI 를 창원국가산단 개별 업종의 신호라고 부르지 않는다.
2021Q4,전국(업종),C1300,섬유,AC,생산BSI,섬유의복,A,86.33,3,,,True,512Y007,전국,national_by_industry,CONTEXT / BUSINESS_SENTIMENT,업종별 자동판정에 쓰지 않는다. 전국 업종 BSI 를 창원국가산단 개별 업종의 신호라고 부르지 않는다.
2022Q1,전국(업종),C1300,섬유,AC,생산BSI,섬유의복,A,81.67,3,68.33,13.34,True,512Y007,전국,national_by_industry,CONTEXT / BUSINESS_SENTIMENT,업종별 자동판정에 쓰지 않는다. 전국 업종 BSI 를 창원국가산단 개별 업종의 신호라고 부르지 않는다.
2022Q2,전국(업종),C1300,섬유,AC,생산BSI,섬유의복,A,81.0,3,84.33,-3.33,True,512Y007,전국,national_by_industry,CONTEXT / BUSINESS_SENTIMENT,업종별 자동판정에 쓰지 않는다. 전국 업종 BSI 를 창원국가산단 개별 업종의 신호라고 부르지 않는다.
2022Q3,전국(업종),C1300,섬유,AC,생산BSI,섬유의복,A,67.67,3,82.33,-14.66,True,512Y007,전국,national_by_industry,CONTEXT / BUSINESS_SENTIMENT,업종별 자동판정에 쓰지 않는다. 전국 업종 BSI 를 창원국가산단 개별 업종의 신호라고 부르지 않는다.
2022Q4,전국(업종),C1300,섬유,AC,생산BSI,섬유의복,A,61.0,3,86.33,-25.33,True,512Y007,전국,national_by_industry,CONTEXT / BUSINESS_SENTIMENT,업종별 자동판정에 쓰지 않는다. 전국 업종 BSI 를 창원국가산단 개별 업종의 신호라고 부르지 않는다.
2023Q1,전국(업종),C1300,섬유,AC,생산BSI,섬유의복,A,63.33,3,81.67,-18.34,True,512Y007,전국,national_by_industry,CONTEXT / BUSINESS_SENTIMENT,업종별 자동판정에 쓰지 않는다. 전국 업종 BSI 를 창원국가산단 개별 업종의 신호라고 부르지 않는다.
2023Q2,전국(업종),C1300,섬유,AC,생산BSI,섬유의복,A,67.33,3,81.0,-13.67,True,512Y007,전국,national_by_industry,CONTEXT / BUSINESS_SENTIMENT,업종별 자동판정에 쓰지 않는다. 전국 업종 BSI 를 창원국가산단 개별 업종의 신호라고 부르지 않는다.
2023Q3,전국(업종),C1300,섬유,AC,생산BSI,섬유의복,A,63.33,3,67.67,-4.34,True,512Y007,전국,national_by_industry,CONTEXT / BUSINESS_SENTIMENT,업종별 자동판정에 쓰지 않는다. 전국 업종 BSI 를 창원국가산단 개별 업종의 신호라고 부르지 않는다.
2023Q4,전국(업종),C1300,섬유,AC,생산BSI,섬유의복,A,52.33,3,61.0,-8.67,True,512Y007,전국,national_by_industry,CONTEXT / BUSINESS_SENTIMENT,업종별 자동판정에 쓰지 않는다. 전국 업종 BSI 를 창원국가산단 개별 업종의 신호라고 부르지 않는다.
2024Q1,전국(업종),C1300,섬유,AC,생산BSI,섬유의복,A,62.67,3,63.33,-0.66,True,512Y007,전국,national_by_industry,CONTEXT / BUSINESS_SENTIMENT,업종별 자동판정에 쓰지 않는다. 전국 업종 BSI 를 창원국가산단 개별 업종의 신호라고 부르지 않는다.
2024Q2,전국(업종),C1300,섬유,AC,생산BSI,섬유의복,A,67.0,3,67.33,-0.33,True,512Y007,전국,national_by_industry,CONTEXT / BUSINESS_SENTIMENT,업종별 자동판정에 쓰지 않는다. 전국 업종 BSI 를 창원국가산단 개별 업종의 신호라고 부르지 않는다.
2024Q3,전국(업종),C1300,섬유,AC,생산BSI,섬유의복,A,66.67,3,63.33,3.34,True,512Y007,전국,national_by_industry,CONTEXT / BUSINESS_SENTIMENT,업종별 자동판정에 쓰지 않는다. 전국 업종 BSI 를 창원국가산단 개별 업종의 신호라고 부르지 않는다.
2024Q4,전국(업종),C1300,섬유,AC,생산BSI,섬유의복,A,73.67,3,52.33,21.34,True,512Y007,전국,national_by_industry,CONTEXT / BUSINESS_SENTIMENT,업종별 자동판정에 쓰지 않는다. 전국 업종 BSI 를 창원국가산단 개별 업종의 신호라고 부르지 않는다.
2025Q1,전국(업종),C1300,섬유,AC,생산BSI,섬유의복,A,66.0,3,62.67,3.33,True,512Y007,전국,national_by_industry,CONTEXT / BUSINESS_SENTIMENT,업종별 자동판정에 쓰지 않는다. 전국 업종 BSI 를 창원국가산단 개별 업종의 신호라고 부르지 않는다.
2025Q2,전국(업종),C1300,섬유,AC,생산BSI,섬유의복,A,62.0,3,67.0,-5.0,True,512Y007,전국,national_by_industry,CONTEXT / BUSINESS_SENTIMENT,업종별 자동판정에 쓰지 않는다. 전국 업종 BSI 를 창원국가산단 개별 업종의 신호라고 부르지 않는다.
2025Q3,전국(업종),C1300,섬유,AC,생산BSI,섬유의복,A,64.67,3,66.67,-2.0,True,512Y007,전국,national_by_industry,CONTEXT / BUSINESS_SENTIMENT,업종별 자동판정에 쓰지 않는다. 전국 업종 BSI 를 창원국가산단 개별 업종의 신호라고 부르지 않는다.
2025Q4,전국(업종),C1300,섬유,AC,생산BSI,섬유의복,A,62.0,3,73.67,-11.67,True,512Y007,전국,national_by_industry,CONTEXT / BUSINESS_SENTIMENT,업종별 자동판정에 쓰지 않는다. 전국 업종 BSI 를 창원국가산단 개별 업종의 신호라고 부르지 않는다.
2026Q1,전국(업종),C1300,섬유,AC,생산BSI,섬유의복,A,69.67,3,66.0,3.67,True,512Y007,전국,national_by_industry,CONTEXT / BUSINESS_SENTIMENT,업종별 자동판정에 쓰지 않는다. 전국 업종 BSI 를 창원국가산단 개별 업종의 신호라고 부르지 않는다.
2026Q2,전국(업종),C1300,섬유,AC,생산BSI,섬유의복,A,65.33,3,62.0,3.33,True,512Y007,전국,national_by_industry,CONTEXT / BUSINESS_SENTIMENT,업종별 자동판정에 쓰지 않는다. 전국 업종 BSI 를 창원국가산단 개별 업종의 신호라고 부르지 않는다.
2026Q3,전국(업종),C1300,섬유,AC,생산BSI,섬유의복,A,72.0,2,64.67,7.33,True,512Y007,전국,national_by_industry,CONTEXT / BUSINESS_SENTIMENT,업종별 자동판정에 쓰지 않는다. 전국 업종 BSI 를 창원국가산단 개별 업종의 신호라고 부르지 않는다.
2021Q1,전국(업종),C1300,섬유,AD,신규수주BSI,섬유의복,A,60.67,3,,,True,512Y007,전국,national_by_industry,CONTEXT / BUSINESS_SENTIMENT,업종별 자동판정에 쓰지 않는다. 전국 업종 BSI 를 창원국가산단 개별 업종의 신호라고 부르지 않는다.
2021Q2,전국(업종),C1300,섬유,AD,신규수주BSI,섬유의복,A,78.67,3,,,True,512Y007,전국,national_by_industry,CONTEXT / BUSINESS_SENTIMENT,업종별 자동판정에 쓰지 않는다. 전국 업종 BSI 를 창원국가산단 개별 업종의 신호라고 부르지 않는다.
2021Q3,전국(업종),C1300,섬유,AD,신규수주BSI,섬유의복,A,77.67,3,,,True,512Y007,전국,national_by_industry,CONTEXT / BUSINESS_SENTIMENT,업종별 자동판정에 쓰지 않는다. 전국 업종 BSI 를 창원국가산단 개별 업종의 신호라고 부르지 않는다.
2021Q4,전국(업종),C1300,섬유,AD,신규수주BSI,섬유의복,A,82.33,3,,,True,512Y007,전국,national_by_industry,CONTEXT / BUSINESS_SENTIMENT,업종별 자동판정에 쓰지 않는다. 전국 업종 BSI 를 창원국가산단 개별 업종의 신호라고 부르지 않는다.
2022Q1,전국(업종),C1300,섬유,AD,신규수주BSI,섬유의복,A,77.0,3,60.67,16.33,True,512Y007,전국,national_by_industry,CONTEXT / BUSINESS_SENTIMENT,업종별 자동판정에 쓰지 않는다. 전국 업종 BSI 를 창원국가산단 개별 업종의 신호라고 부르지 않는다.
2022Q2,전국(업종),C1300,섬유,AD,신규수주BSI,섬유의복,A,70.33,3,78.67,-8.34,True,512Y007,전국,national_by_industry,CONTEXT / BUSINESS_SENTIMENT,업종별 자동판정에 쓰지 않는다. 전국 업종 BSI 를 창원국가산단 개별 업종의 신호라고 부르지 않는다.
2022Q3,전국(업종),C1300,섬유,AD,신규수주BSI,섬유의복,A,57.33,3,77.67,-20.34,True,512Y007,전국,national_by_industry,CONTEXT / BUSINESS_SENTIMENT,업종별 자동판정에 쓰지 않는다. 전국 업종 BSI 를 창원국가산단 개별 업종의 신호라고 부르지 않는다.
2022Q4,전국(업종),C1300,섬유,AD,신규수주BSI,섬유의복,A,49.33,3,82.33,-33.0,True,512Y007,전국,national_by_industry,CONTEXT / BUSINESS_SENTIMENT,업종별 자동판정에 쓰지 않는다. 전국 업종 BSI 를 창원국가산단 개별 업종의 신호라고 부르지 않는다.
2023Q1,전국(업종),C1300,섬유,AD,신규수주BSI,섬유의복,A,52.33,3,77.0,-24.67,True,512Y007,전국,national_by_industry,CONTEXT / BUSINESS_SENTIMENT,업종별 자동판정에 쓰지 않는다. 전국 업종 BSI 를 창원국가산단 개별 업종의 신호라고 부르지 않는다.
2023Q2,전국(업종),C1300,섬유,AD,신규수주BSI,섬유의복,A,60.0,3,70.33,-10.33,True,512Y007,전국,national_by_industry,CONTEXT / BUSINESS_SENTIMENT,업종별 자동판정에 쓰지 않는다. 전국 업종 BSI 를 창원국가산단 개별 업종의 신호라고 부르지 않는다.
2023Q3,전국(업종),C1300,섬유,AD,신규수주BSI,섬유의복,A,56.33,3,57.33,-1.0,True,512Y007,전국,national_by_industry,CONTEXT / BUSINESS_SENTIMENT,업종별 자동판정에 쓰지 않는다. 전국 업종 BSI 를 창원국가산단 개별 업종의 신호라고 부르지 않는다.
2023Q4,전국(업종),C1300,섬유,AD,신규수주BSI,섬유의복,A,46.33,3,49.33,-3.0,True,512Y007,전국,national_by_industry,CONTEXT / BUSINESS_SENTIMENT,업종별 자동판정에 쓰지 않는다. 전국 업종 BSI 를 창원국가산단 개별 업종의 신호라고 부르지 않는다.
2024Q1,전국(업종),C1300,섬유,AD,신규수주BSI,섬유의복,A,54.67,3,52.33,2.34,True,512Y007,전국,national_by_industry,CONTEXT / BUSINESS_SENTIMENT,업종별 자동판정에 쓰지 않는다. 전국 업종 BSI 를 창원국가산단 개별 업종의 신호라고 부르지 않는다.
2024Q2,전국(업종),C1300,섬유,AD,신규수주BSI,섬유의복,A,62.67,3,60.0,2.67,True,512Y007,전국,national_by_industry,CONTEXT / BUSINESS_SENTIMENT,업종별 자동판정에 쓰지 않는다. 전국 업종 BSI 를 창원국가산단 개별 업종의 신호라고 부르지 않는다.
2024Q3,전국(업종),C1300,섬유,AD,신규수주BSI,섬유의복,A,61.67,3,56.33,5.34,True,512Y007,전국,national_by_industry,CONTEXT / BUSINESS_SENTIMENT,업종별 자동판정에 쓰지 않는다. 전국 업종 BSI 를 창원국가산단 개별 업종의 신호라고 부르지 않는다.
2024Q4,전국(업종),C1300,섬유,AD,신규수주BSI,섬유의복,A,66.0,3,46.33,19.67,True,512Y007,전국,national_by_industry,CONTEXT / BUSINESS_SENTIMENT,업종별 자동판정에 쓰지 않는다. 전국 업종 BSI 를 창원국가산단 개별 업종의 신호라고 부르지 않는다.
2025Q1,전국(업종),C1300,섬유,AD,신규수주BSI,섬유의복,A,60.67,3,54.67,6.0,True,512Y007,전국,national_by_industry,CONTEXT / BUSINESS_SENTIMENT,업종별 자동판정에 쓰지 않는다. 전국 업종 BSI 를 창원국가산단 개별 업종의 신호라고 부르지 않는다.
2025Q2,전국(업종),C1300,섬유,AD,신규수주BSI,섬유의복,A,55.67,3,62.67,-7.0,True,512Y007,전국,national_by_industry,CONTEXT / BUSINESS_SENTIMENT,업종별 자동판정에 쓰지 않는다. 전국 업종 BSI 를 창원국가산단 개별 업종의 신호라고 부르지 않는다.
2025Q3,전국(업종),C1300,섬유,AD,신규수주BSI,섬유의복,A,60.67,3,61.67,-1.0,True,512Y007,전국,national_by_industry,CONTEXT / BUSINESS_SENTIMENT,업종별 자동판정에 쓰지 않는다. 전국 업종 BSI 를 창원국가산단 개별 업종의 신호라고 부르지 않는다.
2025Q4,전국(업종),C1300,섬유,AD,신규수주BSI,섬유의복,A,55.0,3,66.0,-11.0,True,512Y007,전국,national_by_industry,CONTEXT / BUSINESS_SENTIMENT,업종별 자동판정에 쓰지 않는다. 전국 업종 BSI 를 창원국가산단 개별 업종의 신호라고 부르지 않는다.
2026Q1,전국(업종),C1300,섬유,AD,신규수주BSI,섬유의복,A,64.67,3,60.67,4.0,True,512Y007,전국,national_by_industry,CONTEXT / BUSINESS_SENTIMENT,업종별 자동판정에 쓰지 않는다. 전국 업종 BSI 를 창원국가산단 개별 업종의 신호라고 부르지 않는다.
2026Q2,전국(업종),C1300,섬유,AD,신규수주BSI,섬유의복,A,64.0,3,55.67,8.33,True,512Y007,전국,national_by_industry,CONTEXT / BUSINESS_SENTIMENT,업종별 자동판정에 쓰지 않는다. 전국 업종 BSI 를 창원국가산단 개별 업종의 신호라고 부르지 않는다.
2026Q3,전국(업종),C1300,섬유,AD,신규수주BSI,섬유의복,A,67.0,2,60.67,6.33,True,512Y007,전국,national_by_industry,CONTEXT / BUSINESS_SENTIMENT,업종별 자동판정에 쓰지 않는다. 전국 업종 BSI 를 창원국가산단 개별 업종의 신호라고 부르지 않는다.
2021Q1,전국(업종),C1300,섬유,AJ,인력사정BSI,섬유의복,A,93.67,3,,,True,512Y007,전국,national_by_industry,CONTEXT / BUSINESS_SENTIMENT,업종별 자동판정에 쓰지 않는다. 전국 업종 BSI 를 창원국가산단 개별 업종의 신호라고 부르지 않는다.
2021Q2,전국(업종),C1300,섬유,AJ,인력사정BSI,섬유의복,A,88.33,3,,,True,512Y007,전국,national_by_industry,CONTEXT / BUSINESS_SENTIMENT,업종별 자동판정에 쓰지 않는다. 전국 업종 BSI 를 창원국가산단 개별 업종의 신호라고 부르지 않는다.
2021Q3,전국(업종),C1300,섬유,AJ,인력사정BSI,섬유의복,A,89.33,3,,,True,512Y007,전국,national_by_industry,CONTEXT / BUSINESS_SENTIMENT,업종별 자동판정에 쓰지 않는다. 전국 업종 BSI 를 창원국가산단 개별 업종의 신호라고 부르지 않는다.
2021Q4,전국(업종),C1300,섬유,AJ,인력사정BSI,섬유의복,A,88.0,3,,,True,512Y007,전국,national_by_industry,CONTEXT / BUSINESS_SENTIMENT,업종별 자동판정에 쓰지 않는다. 전국 업종 BSI 를 창원국가산단 개별 업종의 신호라고 부르지 않는다.
2022Q1,전국(업종),C1300,섬유,AJ,인력사정BSI,섬유의복,A,87.67,3,93.67,-6.0,True,512Y007,전국,national_by_industry,CONTEXT / BUSINESS_SENTIMENT,업종별 자동판정에 쓰지 않는다. 전국 업종 BSI 를 창원국가산단 개별 업종의 신호라고 부르지 않는다.
2022Q2,전국(업종),C1300,섬유,AJ,인력사정BSI,섬유의복,A,86.67,3,88.33,-1.66,True,512Y007,전국,national_by_industry,CONTEXT / BUSINESS_SENTIMENT,업종별 자동판정에 쓰지 않는다. 전국 업종 BSI 를 창원국가산단 개별 업종의 신호라고 부르지 않는다.
2022Q3,전국(업종),C1300,섬유,AJ,인력사정BSI,섬유의복,A,93.0,3,89.33,3.67,True,512Y007,전국,national_by_industry,CONTEXT / BUSINESS_SENTIMENT,업종별 자동판정에 쓰지 않는다. 전국 업종 BSI 를 창원국가산단 개별 업종의 신호라고 부르지 않는다.
2022Q4,전국(업종),C1300,섬유,AJ,인력사정BSI,섬유의복,A,95.0,3,88.0,7.0,True,512Y007,전국,national_by_industry,CONTEXT / BUSINESS_SENTIMENT,업종별 자동판정에 쓰지 않는다. 전국 업종 BSI 를 창원국가산단 개별 업종의 신호라고 부르지 않는다.
2023Q1,전국(업종),C1300,섬유,AJ,인력사정BSI,섬유의복,A,94.67,3,87.67,7.0,True,512Y007,전국,national_by_industry,CONTEXT / BUSINESS_SENTIMENT,업종별 자동판정에 쓰지 않는다. 전국 업종 BSI 를 창원국가산단 개별 업종의 신호라고 부르지 않는다.
2023Q2,전국(업종),C1300,섬유,AJ,인력사정BSI,섬유의복,A,92.67,3,86.67,6.0,True,512Y007,전국,national_by_industry,CONTEXT / BUSINESS_SENTIMENT,업종별 자동판정에 쓰지 않는다. 전국 업종 BSI 를 창원국가산단 개별 업종의 신호라고 부르지 않는다.
2023Q3,전국(업종),C1300,섬유,AJ,인력사정BSI,섬유의복,A,100.0,3,93.0,7.0,False,512Y007,전국,national_by_industry,CONTEXT / BUSINESS_SENTIMENT,업종별 자동판정에 쓰지 않는다. 전국 업종 BSI 를 창원국가산단 개별 업종의 신호라고 부르지 않는다.
2023Q4,전국(업종),C1300,섬유,AJ,인력사정BSI,섬유의복,A,96.0,3,95.0,1.0,True,512Y007,전국,national_by_industry,CONTEXT / BUSINESS_SENTIMENT,업종별 자동판정에 쓰지 않는다. 전국 업종 BSI 를 창원국가산단 개별 업종의 신호라고 부르지 않는다.
2024Q1,전국(업종),C1300,섬유,AJ,인력사정BSI,섬유의복,A,95.33,3,94.67,0.66,True,512Y007,전국,national_by_industry,CONTEXT / BUSINESS_SENTIMENT,업종별 자동판정에 쓰지 않는다. 전국 업종 BSI 를 창원국가산단 개별 업종의 신호라고 부르지 않는다.
2024Q2,전국(업종),C1300,섬유,AJ,인력사정BSI,섬유의복,A,92.33,3,92.67,-0.34,True,512Y007,전국,national_by_industry,CONTEXT / BUSINESS_SENTIMENT,업종별 자동판정에 쓰지 않는다. 전국 업종 BSI 를 창원국가산단 개별 업종의 신호라고 부르지 않는다.
2024Q3,전국(업종),C1300,섬유,AJ,인력사정BSI,섬유의복,A,88.67,3,100.0,-11.33,True,512Y007,전국,national_by_industry,CONTEXT / BUSINESS_SENTIMENT,업종별 자동판정에 쓰지 않는다. 전국 업종 BSI 를 창원국가산단 개별 업종의 신호라고 부르지 않는다.
2024Q4,전국(업종),C1300,섬유,AJ,인력사정BSI,섬유의복,A,92.33,3,96.0,-3.67,True,512Y007,전국,national_by_industry,CONTEXT / BUSINESS_SENTIMENT,업종별 자동판정에 쓰지 않는다. 전국 업종 BSI 를 창원국가산단 개별 업종의 신호라고 부르지 않는다.
2025Q1,전국(업종),C1300,섬유,AJ,인력사정BSI,섬유의복,A,93.0,3,95.33,-2.33,True,512Y007,전국,national_by_industry,CONTEXT / BUSINESS_SENTIMENT,업종별 자동판정에 쓰지 않는다. 전국 업종 BSI 를 창원국가산단 개별 업종의 신호라고 부르지 않는다.
2025Q2,전국(업종),C1300,섬유,AJ,인력사정BSI,섬유의복,A,95.67,3,92.33,3.34,True,512Y007,전국,national_by_industry,CONTEXT / BUSINESS_SENTIMENT,업종별 자동판정에 쓰지 않는다. 전국 업종 BSI 를 창원국가산단 개별 업종의 신호라고 부르지 않는다.
2025Q3,전국(업종),C1300,섬유,AJ,인력사정BSI,섬유의복,A,91.33,3,88.67,2.66,True,512Y007,전국,national_by_industry,CONTEXT / BUSINESS_SENTIMENT,업종별 자동판정에 쓰지 않는다. 전국 업종 BSI 를 창원국가산단 개별 업종의 신호라고 부르지 않는다.
2025Q4,전국(업종),C1300,섬유,AJ,인력사정BSI,섬유의복,A,92.0,3,92.33,-0.33,True,512Y007,전국,national_by_industry,CONTEXT / BUSINESS_SENTIMENT,업종별 자동판정에 쓰지 않는다. 전국 업종 BSI 를 창원국가산단 개별 업종의 신호라고 부르지 않는다.
2026Q1,전국(업종),C1300,섬유,AJ,인력사정BSI,섬유의복,A,93.33,3,93.0,0.33,True,512Y007,전국,national_by_industry,CONTEXT / BUSINESS_SENTIMENT,업종별 자동판정에 쓰지 않는다. 전국 업종 BSI 를 창원국가산단 개별 업종의 신호라고 부르지 않는다.
2026Q2,전국(업종),C1300,섬유,AJ,인력사정BSI,섬유의복,A,92.67,3,95.67,-3.0,True,512Y007,전국,national_by_industry,CONTEXT / BUSINESS_SENTIMENT,업종별 자동판정에 쓰지 않는다. 전국 업종 BSI 를 창원국가산단 개별 업종의 신호라고 부르지 않는다.
2026Q3,전국(업종),C1300,섬유,AJ,인력사정BSI,섬유의복,A,94.0,2,91.33,2.67,True,512Y007,전국,national_by_industry,CONTEXT / BUSINESS_SENTIMENT,업종별 자동판정에 쓰지 않는다. 전국 업종 BSI 를 창원국가산단 개별 업종의 신호라고 부르지 않는다.
2021Q1,전국(업종),C1300,섬유,AK,가동률BSI,섬유의복,A,65.0,3,,,True,512Y007,전국,national_by_industry,CONTEXT / BUSINESS_SENTIMENT,업종별 자동판정에 쓰지 않는다. 전국 업종 BSI 를 창원국가산단 개별 업종의 신호라고 부르지 않는다.
2021Q2,전국(업종),C1300,섬유,AK,가동률BSI,섬유의복,A,85.67,3,,,True,512Y007,전국,national_by_industry,CONTEXT / BUSINESS_SENTIMENT,업종별 자동판정에 쓰지 않는다. 전국 업종 BSI 를 창원국가산단 개별 업종의 신호라고 부르지 않는다.
2021Q3,전국(업종),C1300,섬유,AK,가동률BSI,섬유의복,A,81.33,3,,,True,512Y007,전국,national_by_industry,CONTEXT / BUSINESS_SENTIMENT,업종별 자동판정에 쓰지 않는다. 전국 업종 BSI 를 창원국가산단 개별 업종의 신호라고 부르지 않는다.
2021Q4,전국(업종),C1300,섬유,AK,가동률BSI,섬유의복,A,85.33,3,,,True,512Y007,전국,national_by_industry,CONTEXT / BUSINESS_SENTIMENT,업종별 자동판정에 쓰지 않는다. 전국 업종 BSI 를 창원국가산단 개별 업종의 신호라고 부르지 않는다.
2022Q1,전국(업종),C1300,섬유,AK,가동률BSI,섬유의복,A,79.33,3,65.0,14.33,True,512Y007,전국,national_by_industry,CONTEXT / BUSINESS_SENTIMENT,업종별 자동판정에 쓰지 않는다. 전국 업종 BSI 를 창원국가산단 개별 업종의 신호라고 부르지 않는다.
2022Q2,전국(업종),C1300,섬유,AK,가동률BSI,섬유의복,A,76.33,3,85.67,-9.34,True,512Y007,전국,national_by_industry,CONTEXT / BUSINESS_SENTIMENT,업종별 자동판정에 쓰지 않는다. 전국 업종 BSI 를 창원국가산단 개별 업종의 신호라고 부르지 않는다.
2022Q3,전국(업종),C1300,섬유,AK,가동률BSI,섬유의복,A,65.67,3,81.33,-15.66,True,512Y007,전국,national_by_industry,CONTEXT / BUSINESS_SENTIMENT,업종별 자동판정에 쓰지 않는다. 전국 업종 BSI 를 창원국가산단 개별 업종의 신호라고 부르지 않는다.
2022Q4,전국(업종),C1300,섬유,AK,가동률BSI,섬유의복,A,57.33,3,85.33,-28.0,True,512Y007,전국,national_by_industry,CONTEXT / BUSINESS_SENTIMENT,업종별 자동판정에 쓰지 않는다. 전국 업종 BSI 를 창원국가산단 개별 업종의 신호라고 부르지 않는다.
2023Q1,전국(업종),C1300,섬유,AK,가동률BSI,섬유의복,A,58.67,3,79.33,-20.66,True,512Y007,전국,national_by_industry,CONTEXT / BUSINESS_SENTIMENT,업종별 자동판정에 쓰지 않는다. 전국 업종 BSI 를 창원국가산단 개별 업종의 신호라고 부르지 않는다.
2023Q2,전국(업종),C1300,섬유,AK,가동률BSI,섬유의복,A,67.67,3,76.33,-8.66,True,512Y007,전국,national_by_industry,CONTEXT / BUSINESS_SENTIMENT,업종별 자동판정에 쓰지 않는다. 전국 업종 BSI 를 창원국가산단 개별 업종의 신호라고 부르지 않는다.
2023Q3,전국(업종),C1300,섬유,AK,가동률BSI,섬유의복,A,56.33,3,65.67,-9.34,True,512Y007,전국,national_by_industry,CONTEXT / BUSINESS_SENTIMENT,업종별 자동판정에 쓰지 않는다. 전국 업종 BSI 를 창원국가산단 개별 업종의 신호라고 부르지 않는다.
2023Q4,전국(업종),C1300,섬유,AK,가동률BSI,섬유의복,A,52.33,3,57.33,-5.0,True,512Y007,전국,national_by_industry,CONTEXT / BUSINESS_SENTIMENT,업종별 자동판정에 쓰지 않는다. 전국 업종 BSI 를 창원국가산단 개별 업종의 신호라고 부르지 않는다.
2024Q1,전국(업종),C1300,섬유,AK,가동률BSI,섬유의복,A,61.67,3,58.67,3.0,True,512Y007,전국,national_by_industry,CONTEXT / BUSINESS_SENTIMENT,업종별 자동판정에 쓰지 않는다. 전국 업종 BSI 를 창원국가산단 개별 업종의 신호라고 부르지 않는다.
2024Q2,전국(업종),C1300,섬유,AK,가동률BSI,섬유의복,A,68.33,3,67.67,0.66,True,512Y007,전국,national_by_industry,CONTEXT / BUSINESS_SENTIMENT,업종별 자동판정에 쓰지 않는다. 전국 업종 BSI 를 창원국가산단 개별 업종의 신호라고 부르지 않는다.
2024Q3,전국(업종),C1300,섬유,AK,가동률BSI,섬유의복,A,69.33,3,56.33,13.0,True,512Y007,전국,national_by_industry,CONTEXT / BUSINESS_SENTIMENT,업종별 자동판정에 쓰지 않는다. 전국 업종 BSI 를 창원국가산단 개별 업종의 신호라고 부르지 않는다.
2024Q4,전국(업종),C1300,섬유,AK,가동률BSI,섬유의복,A,75.0,3,52.33,22.67,True,512Y007,전국,national_by_industry,CONTEXT / BUSINESS_SENTIMENT,업종별 자동판정에 쓰지 않는다. 전국 업종 BSI 를 창원국가산단 개별 업종의 신호라고 부르지 않는다.
2025Q1,전국(업종),C1300,섬유,AK,가동률BSI,섬유의복,A,66.0,3,61.67,4.33,True,512Y007,전국,national_by_industry,CONTEXT / BUSINESS_SENTIMENT,업종별 자동판정에 쓰지 않는다. 전국 업종 BSI 를 창원국가산단 개별 업종의 신호라고 부르지 않는다.
2025Q2,전국(업종),C1300,섬유,AK,가동률BSI,섬유의복,A,63.67,3,68.33,-4.66,True,512Y007,전국,national_by_industry,CONTEXT / BUSINESS_SENTIMENT,업종별 자동판정에 쓰지 않는다. 전국 업종 BSI 를 창원국가산단 개별 업종의 신호라고 부르지 않는다.
2025Q3,전국(업종),C1300,섬유,AK,가동률BSI,섬유의복,A,65.0,3,69.33,-4.33,True,512Y007,전국,national_by_industry,CONTEXT / BUSINESS_SENTIMENT,업종별 자동판정에 쓰지 않는다. 전국 업종 BSI 를 창원국가산단 개별 업종의 신호라고 부르지 않는다.
2025Q4,전국(업종),C1300,섬유,AK,가동률BSI,섬유의복,A,61.0,3,75.0,-14.0,True,512Y007,전국,national_by_industry,CONTEXT / BUSINESS_SENTIMENT,업종별 자동판정에 쓰지 않는다. 전국 업종 BSI 를 창원국가산단 개별 업종의 신호라고 부르지 않는다.
2026Q1,전국(업종),C1300,섬유,AK,가동률BSI,섬유의복,A,69.67,3,66.0,3.67,True,512Y007,전국,national_by_industry,CONTEXT / BUSINESS_SENTIMENT,업종별 자동판정에 쓰지 않는다. 전국 업종 BSI 를 창원국가산단 개별 업종의 신호라고 부르지 않는다.
2026Q2,전국(업종),C1300,섬유,AK,가동률BSI,섬유의복,A,66.33,3,63.67,2.66,True,512Y007,전국,national_by_industry,CONTEXT / BUSINESS_SENTIMENT,업종별 자동판정에 쓰지 않는다. 전국 업종 BSI 를 창원국가산단 개별 업종의 신호라고 부르지 않는다.
2026Q3,전국(업종),C1300,섬유,AK,가동률BSI,섬유의복,A,71.5,2,65.0,6.5,True,512Y007,전국,national_by_industry,CONTEXT / BUSINESS_SENTIMENT,업종별 자동판정에 쓰지 않는다. 전국 업종 BSI 를 창원국가산단 개별 업종의 신호라고 부르지 않는다.
2021Q1,전국(업종),C1400,의복모피,AA,업황BSI,섬유의복,A,66.0,3,,,True,512Y007,전국,national_by_industry,CONTEXT / BUSINESS_SENTIMENT,업종별 자동판정에 쓰지 않는다. 전국 업종 BSI 를 창원국가산단 개별 업종의 신호라고 부르지 않는다.
2021Q2,전국(업종),C1400,의복모피,AA,업황BSI,섬유의복,A,94.0,3,,,True,512Y007,전국,national_by_industry,CONTEXT / BUSINESS_SENTIMENT,업종별 자동판정에 쓰지 않는다. 전국 업종 BSI 를 창원국가산단 개별 업종의 신호라고 부르지 않는다.
2021Q3,전국(업종),C1400,의복모피,AA,업황BSI,섬유의복,A,75.67,3,,,True,512Y007,전국,national_by_industry,CONTEXT / BUSINESS_SENTIMENT,업종별 자동판정에 쓰지 않는다. 전국 업종 BSI 를 창원국가산단 개별 업종의 신호라고 부르지 않는다.
2021Q4,전국(업종),C1400,의복모피,AA,업황BSI,섬유의복,A,90.33,3,,,True,512Y007,전국,national_by_industry,CONTEXT / BUSINESS_SENTIMENT,업종별 자동판정에 쓰지 않는다. 전국 업종 BSI 를 창원국가산단 개별 업종의 신호라고 부르지 않는다.
2022Q1,전국(업종),C1400,의복모피,AA,업황BSI,섬유의복,A,93.33,3,66.0,27.33,True,512Y007,전국,national_by_industry,CONTEXT / BUSINESS_SENTIMENT,업종별 자동판정에 쓰지 않는다. 전국 업종 BSI 를 창원국가산단 개별 업종의 신호라고 부르지 않는다.
2022Q2,전국(업종),C1400,의복모피,AA,업황BSI,섬유의복,A,85.33,3,94.0,-8.67,True,512Y007,전국,national_by_industry,CONTEXT / BUSINESS_SENTIMENT,업종별 자동판정에 쓰지 않는다. 전국 업종 BSI 를 창원국가산단 개별 업종의 신호라고 부르지 않는다.
2022Q3,전국(업종),C1400,의복모피,AA,업황BSI,섬유의복,A,79.67,3,75.67,4.0,True,512Y007,전국,national_by_industry,CONTEXT / BUSINESS_SENTIMENT,업종별 자동판정에 쓰지 않는다. 전국 업종 BSI 를 창원국가산단 개별 업종의 신호라고 부르지 않는다.
2022Q4,전국(업종),C1400,의복모피,AA,업황BSI,섬유의복,A,67.67,3,90.33,-22.66,True,512Y007,전국,national_by_industry,CONTEXT / BUSINESS_SENTIMENT,업종별 자동판정에 쓰지 않는다. 전국 업종 BSI 를 창원국가산단 개별 업종의 신호라고 부르지 않는다.
2023Q1,전국(업종),C1400,의복모피,AA,업황BSI,섬유의복,A,61.0,3,93.33,-32.33,True,512Y007,전국,national_by_industry,CONTEXT / BUSINESS_SENTIMENT,업종별 자동판정에 쓰지 않는다. 전국 업종 BSI 를 창원국가산단 개별 업종의 신호라고 부르지 않는다.
2023Q2,전국(업종),C1400,의복모피,AA,업황BSI,섬유의복,A,62.0,3,85.33,-23.33,True,512Y007,전국,national_by_industry,CONTEXT / BUSINESS_SENTIMENT,업종별 자동판정에 쓰지 않는다. 전국 업종 BSI 를 창원국가산단 개별 업종의 신호라고 부르지 않는다.
2023Q3,전국(업종),C1400,의복모피,AA,업황BSI,섬유의복,A,57.33,3,79.67,-22.34,True,512Y007,전국,national_by_industry,CONTEXT / BUSINESS_SENTIMENT,업종별 자동판정에 쓰지 않는다. 전국 업종 BSI 를 창원국가산단 개별 업종의 신호라고 부르지 않는다.
2023Q4,전국(업종),C1400,의복모피,AA,업황BSI,섬유의복,A,61.33,3,67.67,-6.34,True,512Y007,전국,national_by_industry,CONTEXT / BUSINESS_SENTIMENT,업종별 자동판정에 쓰지 않는다. 전국 업종 BSI 를 창원국가산단 개별 업종의 신호라고 부르지 않는다.
2024Q1,전국(업종),C1400,의복모피,AA,업황BSI,섬유의복,A,64.33,3,61.0,3.33,True,512Y007,전국,national_by_industry,CONTEXT / BUSINESS_SENTIMENT,업종별 자동판정에 쓰지 않는다. 전국 업종 BSI 를 창원국가산단 개별 업종의 신호라고 부르지 않는다.
2024Q2,전국(업종),C1400,의복모피,AA,업황BSI,섬유의복,A,69.67,3,62.0,7.67,True,512Y007,전국,national_by_industry,CONTEXT / BUSINESS_SENTIMENT,업종별 자동판정에 쓰지 않는다. 전국 업종 BSI 를 창원국가산단 개별 업종의 신호라고 부르지 않는다.
2024Q3,전국(업종),C1400,의복모피,AA,업황BSI,섬유의복,A,66.0,3,57.33,8.67,True,512Y007,전국,national_by_industry,CONTEXT / BUSINESS_SENTIMENT,업종별 자동판정에 쓰지 않는다. 전국 업종 BSI 를 창원국가산단 개별 업종의 신호라고 부르지 않는다.
2024Q4,전국(업종),C1400,의복모피,AA,업황BSI,섬유의복,A,61.67,3,61.33,0.34,True,512Y007,전국,national_by_industry,CONTEXT / BUSINESS_SENTIMENT,업종별 자동판정에 쓰지 않는다. 전국 업종 BSI 를 창원국가산단 개별 업종의 신호라고 부르지 않는다.
2025Q1,전국(업종),C1400,의복모피,AA,업황BSI,섬유의복,A,59.33,3,64.33,-5.0,True,512Y007,전국,national_by_industry,CONTEXT / BUSINESS_SENTIMENT,업종별 자동판정에 쓰지 않는다. 전국 업종 BSI 를 창원국가산단 개별 업종의 신호라고 부르지 않는다.
2025Q2,전국(업종),C1400,의복모피,AA,업황BSI,섬유의복,A,55.33,3,69.67,-14.34,True,512Y007,전국,national_by_industry,CONTEXT / BUSINESS_SENTIMENT,업종별 자동판정에 쓰지 않는다. 전국 업종 BSI 를 창원국가산단 개별 업종의 신호라고 부르지 않는다.
2025Q3,전국(업종),C1400,의복모피,AA,업황BSI,섬유의복,A,59.67,3,66.0,-6.33,True,512Y007,전국,national_by_industry,CONTEXT / BUSINESS_SENTIMENT,업종별 자동판정에 쓰지 않는다. 전국 업종 BSI 를 창원국가산단 개별 업종의 신호라고 부르지 않는다.
2025Q4,전국(업종),C1400,의복모피,AA,업황BSI,섬유의복,A,63.33,3,61.67,1.66,True,512Y007,전국,national_by_industry,CONTEXT / BUSINESS_SENTIMENT,업종별 자동판정에 쓰지 않는다. 전국 업종 BSI 를 창원국가산단 개별 업종의 신호라고 부르지 않는다.
2026Q1,전국(업종),C1400,의복모피,AA,업황BSI,섬유의복,A,68.67,3,59.33,9.34,True,512Y007,전국,national_by_industry,CONTEXT / BUSINESS_SENTIMENT,업종별 자동판정에 쓰지 않는다. 전국 업종 BSI 를 창원국가산단 개별 업종의 신호라고 부르지 않는다.
2026Q2,전국(업종),C1400,의복모피,AA,업황BSI,섬유의복,A,68.33,3,55.33,13.0,True,512Y007,전국,national_by_industry,CONTEXT / BUSINESS_SENTIMENT,업종별 자동판정에 쓰지 않는다. 전국 업종 BSI 를 창원국가산단 개별 업종의 신호라고 부르지 않는다.
2026Q3,전국(업종),C1400,의복모피,AA,업황BSI,섬유의복,A,74.0,2,59.67,14.33,True,512Y007,전국,national_by_industry,CONTEXT / BUSINESS_SENTIMENT,업종별 자동판정에 쓰지 않는다. 전국 업종 BSI 를 창원국가산단 개별 업종의 신호라고 부르지 않는다.
2021Q1,전국(업종),C1400,의복모피,AC,생산BSI,섬유의복,A,77.67,3,,,True,512Y007,전국,national_by_industry,CONTEXT / BUSINESS_SENTIMENT,업종별 자동판정에 쓰지 않는다. 전국 업종 BSI 를 창원국가산단 개별 업종의 신호라고 부르지 않는다.
2021Q2,전국(업종),C1400,의복모피,AC,생산BSI,섬유의복,A,103.0,3,,,False,512Y007,전국,national_by_industry,CONTEXT / BUSINESS_SENTIMENT,업종별 자동판정에 쓰지 않는다. 전국 업종 BSI 를 창원국가산단 개별 업종의 신호라고 부르지 않는다.
2021Q3,전국(업종),C1400,의복모피,AC,생산BSI,섬유의복,A,93.0,3,,,True,512Y007,전국,national_by_industry,CONTEXT / BUSINESS_SENTIMENT,업종별 자동판정에 쓰지 않는다. 전국 업종 BSI 를 창원국가산단 개별 업종의 신호라고 부르지 않는다.
2021Q4,전국(업종),C1400,의복모피,AC,생산BSI,섬유의복,A,96.67,3,,,True,512Y007,전국,national_by_industry,CONTEXT / BUSINESS_SENTIMENT,업종별 자동판정에 쓰지 않는다. 전국 업종 BSI 를 창원국가산단 개별 업종의 신호라고 부르지 않는다.
2022Q1,전국(업종),C1400,의복모피,AC,생산BSI,섬유의복,A,105.67,3,77.67,28.0,False,512Y007,전국,national_by_industry,CONTEXT / BUSINESS_SENTIMENT,업종별 자동판정에 쓰지 않는다. 전국 업종 BSI 를 창원국가산단 개별 업종의 신호라고 부르지 않는다.
2022Q2,전국(업종),C1400,의복모피,AC,생산BSI,섬유의복,A,98.33,3,103.0,-4.67,True,512Y007,전국,national_by_industry,CONTEXT / BUSINESS_SENTIMENT,업종별 자동판정에 쓰지 않는다. 전국 업종 BSI 를 창원국가산단 개별 업종의 신호라고 부르지 않는다.
2022Q3,전국(업종),C1400,의복모피,AC,생산BSI,섬유의복,A,98.33,3,93.0,5.33,True,512Y007,전국,national_by_industry,CONTEXT / BUSINESS_SENTIMENT,업종별 자동판정에 쓰지 않는다. 전국 업종 BSI 를 창원국가산단 개별 업종의 신호라고 부르지 않는다.
2022Q4,전국(업종),C1400,의복모피,AC,생산BSI,섬유의복,A,85.33,3,96.67,-11.34,True,512Y007,전국,national_by_industry,CONTEXT / BUSINESS_SENTIMENT,업종별 자동판정에 쓰지 않는다. 전국 업종 BSI 를 창원국가산단 개별 업종의 신호라고 부르지 않는다.
2023Q1,전국(업종),C1400,의복모피,AC,생산BSI,섬유의복,A,77.33,3,105.67,-28.34,True,512Y007,전국,national_by_industry,CONTEXT / BUSINESS_SENTIMENT,업종별 자동판정에 쓰지 않는다. 전국 업종 BSI 를 창원국가산단 개별 업종의 신호라고 부르지 않는다.
2023Q2,전국(업종),C1400,의복모피,AC,생산BSI,섬유의복,A,76.0,3,98.33,-22.33,True,512Y007,전국,national_by_industry,CONTEXT / BUSINESS_SENTIMENT,업종별 자동판정에 쓰지 않는다. 전국 업종 BSI 를 창원국가산단 개별 업종의 신호라고 부르지 않는다.
2023Q3,전국(업종),C1400,의복모피,AC,생산BSI,섬유의복,A,69.67,3,98.33,-28.66,True,512Y007,전국,national_by_industry,CONTEXT / BUSINESS_SENTIMENT,업종별 자동판정에 쓰지 않는다. 전국 업종 BSI 를 창원국가산단 개별 업종의 신호라고 부르지 않는다.
2023Q4,전국(업종),C1400,의복모피,AC,생산BSI,섬유의복,A,73.0,3,85.33,-12.33,True,512Y007,전국,national_by_industry,CONTEXT / BUSINESS_SENTIMENT,업종별 자동판정에 쓰지 않는다. 전국 업종 BSI 를 창원국가산단 개별 업종의 신호라고 부르지 않는다.
2024Q1,전국(업종),C1400,의복모피,AC,생산BSI,섬유의복,A,77.67,3,77.33,0.34,True,512Y007,전국,national_by_industry,CONTEXT / BUSINESS_SENTIMENT,업종별 자동판정에 쓰지 않는다. 전국 업종 BSI 를 창원국가산단 개별 업종의 신호라고 부르지 않는다.
2024Q2,전국(업종),C1400,의복모피,AC,생산BSI,섬유의복,A,82.67,3,76.0,6.67,True,512Y007,전국,national_by_industry,CONTEXT / BUSINESS_SENTIMENT,업종별 자동판정에 쓰지 않는다. 전국 업종 BSI 를 창원국가산단 개별 업종의 신호라고 부르지 않는다.
2024Q3,전국(업종),C1400,의복모피,AC,생산BSI,섬유의복,A,84.67,3,69.67,15.0,True,512Y007,전국,national_by_industry,CONTEXT / BUSINESS_SENTIMENT,업종별 자동판정에 쓰지 않는다. 전국 업종 BSI 를 창원국가산단 개별 업종의 신호라고 부르지 않는다.
2024Q4,전국(업종),C1400,의복모피,AC,생산BSI,섬유의복,A,79.67,3,73.0,6.67,True,512Y007,전국,national_by_industry,CONTEXT / BUSINESS_SENTIMENT,업종별 자동판정에 쓰지 않는다. 전국 업종 BSI 를 창원국가산단 개별 업종의 신호라고 부르지 않는다.
2025Q1,전국(업종),C1400,의복모피,AC,생산BSI,섬유의복,A,82.67,3,77.67,5.0,True,512Y007,전국,national_by_industry,CONTEXT / BUSINESS_SENTIMENT,업종별 자동판정에 쓰지 않는다. 전국 업종 BSI 를 창원국가산단 개별 업종의 신호라고 부르지 않는다.
2025Q2,전국(업종),C1400,의복모피,AC,생산BSI,섬유의복,A,85.67,3,82.67,3.0,True,512Y007,전국,national_by_industry,CONTEXT / BUSINESS_SENTIMENT,업종별 자동판정에 쓰지 않는다. 전국 업종 BSI 를 창원국가산단 개별 업종의 신호라고 부르지 않는다.
2025Q3,전국(업종),C1400,의복모피,AC,생산BSI,섬유의복,A,76.0,3,84.67,-8.67,True,512Y007,전국,national_by_industry,CONTEXT / BUSINESS_SENTIMENT,업종별 자동판정에 쓰지 않는다. 전국 업종 BSI 를 창원국가산단 개별 업종의 신호라고 부르지 않는다.
2025Q4,전국(업종),C1400,의복모피,AC,생산BSI,섬유의복,A,77.33,3,79.67,-2.34,True,512Y007,전국,national_by_industry,CONTEXT / BUSINESS_SENTIMENT,업종별 자동판정에 쓰지 않는다. 전국 업종 BSI 를 창원국가산단 개별 업종의 신호라고 부르지 않는다.
2026Q1,전국(업종),C1400,의복모피,AC,생산BSI,섬유의복,A,82.33,3,82.67,-0.34,True,512Y007,전국,national_by_industry,CONTEXT / BUSINESS_SENTIMENT,업종별 자동판정에 쓰지 않는다. 전국 업종 BSI 를 창원국가산단 개별 업종의 신호라고 부르지 않는다.
2026Q2,전국(업종),C1400,의복모피,AC,생산BSI,섬유의복,A,85.0,3,85.67,-0.67,True,512Y007,전국,national_by_industry,CONTEXT / BUSINESS_SENTIMENT,업종별 자동판정에 쓰지 않는다. 전국 업종 BSI 를 창원국가산단 개별 업종의 신호라고 부르지 않는다.
2026Q3,전국(업종),C1400,의복모피,AC,생산BSI,섬유의복,A,83.5,2,76.0,7.5,True,512Y007,전국,national_by_industry,CONTEXT / BUSINESS_SENTIMENT,업종별 자동판정에 쓰지 않는다. 전국 업종 BSI 를 창원국가산단 개별 업종의 신호라고 부르지 않는다.
2021Q1,전국(업종),C1400,의복모피,AD,신규수주BSI,섬유의복,A,78.0,3,,,True,512Y007,전국,national_by_industry,CONTEXT / BUSINESS_SENTIMENT,업종별 자동판정에 쓰지 않는다. 전국 업종 BSI 를 창원국가산단 개별 업종의 신호라고 부르지 않는다.
2021Q2,전국(업종),C1400,의복모피,AD,신규수주BSI,섬유의복,A,111.0,3,,,False,512Y007,전국,national_by_industry,CONTEXT / BUSINESS_SENTIMENT,업종별 자동판정에 쓰지 않는다. 전국 업종 BSI 를 창원국가산단 개별 업종의 신호라고 부르지 않는다.
2021Q3,전국(업종),C1400,의복모피,AD,신규수주BSI,섬유의복,A,94.0,3,,,True,512Y007,전국,national_by_industry,CONTEXT / BUSINESS_SENTIMENT,업종별 자동판정에 쓰지 않는다. 전국 업종 BSI 를 창원국가산단 개별 업종의 신호라고 부르지 않는다.
2021Q4,전국(업종),C1400,의복모피,AD,신규수주BSI,섬유의복,A,104.0,3,,,False,512Y007,전국,national_by_industry,CONTEXT / BUSINESS_SENTIMENT,업종별 자동판정에 쓰지 않는다. 전국 업종 BSI 를 창원국가산단 개별 업종의 신호라고 부르지 않는다.
2022Q1,전국(업종),C1400,의복모피,AD,신규수주BSI,섬유의복,A,107.67,3,78.0,29.67,False,512Y007,전국,national_by_industry,CONTEXT / BUSINESS_SENTIMENT,업종별 자동판정에 쓰지 않는다. 전국 업종 BSI 를 창원국가산단 개별 업종의 신호라고 부르지 않는다.
2022Q2,전국(업종),C1400,의복모피,AD,신규수주BSI,섬유의복,A,99.33,3,111.0,-11.67,True,512Y007,전국,national_by_industry,CONTEXT / BUSINESS_SENTIMENT,업종별 자동판정에 쓰지 않는다. 전국 업종 BSI 를 창원국가산단 개별 업종의 신호라고 부르지 않는다.
2022Q3,전국(업종),C1400,의복모피,AD,신규수주BSI,섬유의복,A,92.67,3,94.0,-1.33,True,512Y007,전국,national_by_industry,CONTEXT / BUSINESS_SENTIMENT,업종별 자동판정에 쓰지 않는다. 전국 업종 BSI 를 창원국가산단 개별 업종의 신호라고 부르지 않는다.
2022Q4,전국(업종),C1400,의복모피,AD,신규수주BSI,섬유의복,A,81.0,3,104.0,-23.0,True,512Y007,전국,national_by_industry,CONTEXT / BUSINESS_SENTIMENT,업종별 자동판정에 쓰지 않는다. 전국 업종 BSI 를 창원국가산단 개별 업종의 신호라고 부르지 않는다.
2023Q1,전국(업종),C1400,의복모피,AD,신규수주BSI,섬유의복,A,70.67,3,107.67,-37.0,True,512Y007,전국,national_by_industry,CONTEXT / BUSINESS_SENTIMENT,업종별 자동판정에 쓰지 않는다. 전국 업종 BSI 를 창원국가산단 개별 업종의 신호라고 부르지 않는다.
2023Q2,전국(업종),C1400,의복모피,AD,신규수주BSI,섬유의복,A,65.67,3,99.33,-33.66,True,512Y007,전국,national_by_industry,CONTEXT / BUSINESS_SENTIMENT,업종별 자동판정에 쓰지 않는다. 전국 업종 BSI 를 창원국가산단 개별 업종의 신호라고 부르지 않는다.
2023Q3,전국(업종),C1400,의복모피,AD,신규수주BSI,섬유의복,A,63.0,3,92.67,-29.67,True,512Y007,전국,national_by_industry,CONTEXT / BUSINESS_SENTIMENT,업종별 자동판정에 쓰지 않는다. 전국 업종 BSI 를 창원국가산단 개별 업종의 신호라고 부르지 않는다.
2023Q4,전국(업종),C1400,의복모피,AD,신규수주BSI,섬유의복,A,69.33,3,81.0,-11.67,True,512Y007,전국,national_by_industry,CONTEXT / BUSINESS_SENTIMENT,업종별 자동판정에 쓰지 않는다. 전국 업종 BSI 를 창원국가산단 개별 업종의 신호라고 부르지 않는다.
2024Q1,전국(업종),C1400,의복모피,AD,신규수주BSI,섬유의복,A,72.0,3,70.67,1.33,True,512Y007,전국,national_by_industry,CONTEXT / BUSINESS_SENTIMENT,업종별 자동판정에 쓰지 않는다. 전국 업종 BSI 를 창원국가산단 개별 업종의 신호라고 부르지 않는다.
2024Q2,전국(업종),C1400,의복모피,AD,신규수주BSI,섬유의복,A,76.67,3,65.67,11.0,True,512Y007,전국,national_by_industry,CONTEXT / BUSINESS_SENTIMENT,업종별 자동판정에 쓰지 않는다. 전국 업종 BSI 를 창원국가산단 개별 업종의 신호라고 부르지 않는다.
2024Q3,전국(업종),C1400,의복모피,AD,신규수주BSI,섬유의복,A,82.67,3,63.0,19.67,True,512Y007,전국,national_by_industry,CONTEXT / BUSINESS_SENTIMENT,업종별 자동판정에 쓰지 않는다. 전국 업종 BSI 를 창원국가산단 개별 업종의 신호라고 부르지 않는다.
2024Q4,전국(업종),C1400,의복모피,AD,신규수주BSI,섬유의복,A,81.33,3,69.33,12.0,True,512Y007,전국,national_by_industry,CONTEXT / BUSINESS_SENTIMENT,업종별 자동판정에 쓰지 않는다. 전국 업종 BSI 를 창원국가산단 개별 업종의 신호라고 부르지 않는다.
2025Q1,전국(업종),C1400,의복모피,AD,신규수주BSI,섬유의복,A,79.33,3,72.0,7.33,True,512Y007,전국,national_by_industry,CONTEXT / BUSINESS_SENTIMENT,업종별 자동판정에 쓰지 않는다. 전국 업종 BSI 를 창원국가산단 개별 업종의 신호라고 부르지 않는다.
2025Q2,전국(업종),C1400,의복모피,AD,신규수주BSI,섬유의복,A,83.0,3,76.67,6.33,True,512Y007,전국,national_by_industry,CONTEXT / BUSINESS_SENTIMENT,업종별 자동판정에 쓰지 않는다. 전국 업종 BSI 를 창원국가산단 개별 업종의 신호라고 부르지 않는다.
2025Q3,전국(업종),C1400,의복모피,AD,신규수주BSI,섬유의복,A,71.33,3,82.67,-11.34,True,512Y007,전국,national_by_industry,CONTEXT / BUSINESS_SENTIMENT,업종별 자동판정에 쓰지 않는다. 전국 업종 BSI 를 창원국가산단 개별 업종의 신호라고 부르지 않는다.
2025Q4,전국(업종),C1400,의복모피,AD,신규수주BSI,섬유의복,A,73.33,3,81.33,-8.0,True,512Y007,전국,national_by_industry,CONTEXT / BUSINESS_SENTIMENT,업종별 자동판정에 쓰지 않는다. 전국 업종 BSI 를 창원국가산단 개별 업종의 신호라고 부르지 않는다.
2026Q1,전국(업종),C1400,의복모피,AD,신규수주BSI,섬유의복,A,82.67,3,79.33,3.34,True,512Y007,전국,national_by_industry,CONTEXT / BUSINESS_SENTIMENT,업종별 자동판정에 쓰지 않는다. 전국 업종 BSI 를 창원국가산단 개별 업종의 신호라고 부르지 않는다.
2026Q2,전국(업종),C1400,의복모피,AD,신규수주BSI,섬유의복,A,82.67,3,83.0,-0.33,True,512Y007,전국,national_by_industry,CONTEXT / BUSINESS_SENTIMENT,업종별 자동판정에 쓰지 않는다. 전국 업종 BSI 를 창원국가산단 개별 업종의 신호라고 부르지 않는다.
2026Q3,전국(업종),C1400,의복모피,AD,신규수주BSI,섬유의복,A,84.5,2,71.33,13.17,True,512Y007,전국,national_by_industry,CONTEXT / BUSINESS_SENTIMENT,업종별 자동판정에 쓰지 않는다. 전국 업종 BSI 를 창원국가산단 개별 업종의 신호라고 부르지 않는다.
2021Q1,전국(업종),C1400,의복모피,AJ,인력사정BSI,섬유의복,A,101.0,3,,,False,512Y007,전국,national_by_industry,CONTEXT / BUSINESS_SENTIMENT,업종별 자동판정에 쓰지 않는다. 전국 업종 BSI 를 창원국가산단 개별 업종의 신호라고 부르지 않는다.
2021Q2,전국(업종),C1400,의복모피,AJ,인력사정BSI,섬유의복,A,95.33,3,,,True,512Y007,전국,national_by_industry,CONTEXT / BUSINESS_SENTIMENT,업종별 자동판정에 쓰지 않는다. 전국 업종 BSI 를 창원국가산단 개별 업종의 신호라고 부르지 않는다.
2021Q3,전국(업종),C1400,의복모피,AJ,인력사정BSI,섬유의복,A,91.33,3,,,True,512Y007,전국,national_by_industry,CONTEXT / BUSINESS_SENTIMENT,업종별 자동판정에 쓰지 않는다. 전국 업종 BSI 를 창원국가산단 개별 업종의 신호라고 부르지 않는다.
2021Q4,전국(업종),C1400,의복모피,AJ,인력사정BSI,섬유의복,A,89.67,3,,,True,512Y007,전국,national_by_industry,CONTEXT / BUSINESS_SENTIMENT,업종별 자동판정에 쓰지 않는다. 전국 업종 BSI 를 창원국가산단 개별 업종의 신호라고 부르지 않는다.
2022Q1,전국(업종),C1400,의복모피,AJ,인력사정BSI,섬유의복,A,85.67,3,101.0,-15.33,True,512Y007,전국,national_by_industry,CONTEXT / BUSINESS_SENTIMENT,업종별 자동판정에 쓰지 않는다. 전국 업종 BSI 를 창원국가산단 개별 업종의 신호라고 부르지 않는다.
2022Q2,전국(업종),C1400,의복모피,AJ,인력사정BSI,섬유의복,A,88.0,3,95.33,-7.33,True,512Y007,전국,national_by_industry,CONTEXT / BUSINESS_SENTIMENT,업종별 자동판정에 쓰지 않는다. 전국 업종 BSI 를 창원국가산단 개별 업종의 신호라고 부르지 않는다.
2022Q3,전국(업종),C1400,의복모피,AJ,인력사정BSI,섬유의복,A,91.67,3,91.33,0.34,True,512Y007,전국,national_by_industry,CONTEXT / BUSINESS_SENTIMENT,업종별 자동판정에 쓰지 않는다. 전국 업종 BSI 를 창원국가산단 개별 업종의 신호라고 부르지 않는다.
2022Q4,전국(업종),C1400,의복모피,AJ,인력사정BSI,섬유의복,A,96.33,3,89.67,6.66,True,512Y007,전국,national_by_industry,CONTEXT / BUSINESS_SENTIMENT,업종별 자동판정에 쓰지 않는다. 전국 업종 BSI 를 창원국가산단 개별 업종의 신호라고 부르지 않는다.
2023Q1,전국(업종),C1400,의복모피,AJ,인력사정BSI,섬유의복,A,96.33,3,85.67,10.66,True,512Y007,전국,national_by_industry,CONTEXT / BUSINESS_SENTIMENT,업종별 자동판정에 쓰지 않는다. 전국 업종 BSI 를 창원국가산단 개별 업종의 신호라고 부르지 않는다.
2023Q2,전국(업종),C1400,의복모피,AJ,인력사정BSI,섬유의복,A,93.0,3,88.0,5.0,True,512Y007,전국,national_by_industry,CONTEXT / BUSINESS_SENTIMENT,업종별 자동판정에 쓰지 않는다. 전국 업종 BSI 를 창원국가산단 개별 업종의 신호라고 부르지 않는다.
2023Q3,전국(업종),C1400,의복모피,AJ,인력사정BSI,섬유의복,A,91.67,3,91.67,0.0,True,512Y007,전국,national_by_industry,CONTEXT / BUSINESS_SENTIMENT,업종별 자동판정에 쓰지 않는다. 전국 업종 BSI 를 창원국가산단 개별 업종의 신호라고 부르지 않는다.
2023Q4,전국(업종),C1400,의복모피,AJ,인력사정BSI,섬유의복,A,91.33,3,96.33,-5.0,True,512Y007,전국,national_by_industry,CONTEXT / BUSINESS_SENTIMENT,업종별 자동판정에 쓰지 않는다. 전국 업종 BSI 를 창원국가산단 개별 업종의 신호라고 부르지 않는다.
2024Q1,전국(업종),C1400,의복모피,AJ,인력사정BSI,섬유의복,A,90.67,3,96.33,-5.66,True,512Y007,전국,national_by_industry,CONTEXT / BUSINESS_SENTIMENT,업종별 자동판정에 쓰지 않는다. 전국 업종 BSI 를 창원국가산단 개별 업종의 신호라고 부르지 않는다.
2024Q2,전국(업종),C1400,의복모피,AJ,인력사정BSI,섬유의복,A,90.67,3,93.0,-2.33,True,512Y007,전국,national_by_industry,CONTEXT / BUSINESS_SENTIMENT,업종별 자동판정에 쓰지 않는다. 전국 업종 BSI 를 창원국가산단 개별 업종의 신호라고 부르지 않는다.
2024Q3,전국(업종),C1400,의복모피,AJ,인력사정BSI,섬유의복,A,87.33,3,91.67,-4.34,True,512Y007,전국,national_by_industry,CONTEXT / BUSINESS_SENTIMENT,업종별 자동판정에 쓰지 않는다. 전국 업종 BSI 를 창원국가산단 개별 업종의 신호라고 부르지 않는다.
2024Q4,전국(업종),C1400,의복모피,AJ,인력사정BSI,섬유의복,A,88.67,3,91.33,-2.66,True,512Y007,전국,national_by_industry,CONTEXT / BUSINESS_SENTIMENT,업종별 자동판정에 쓰지 않는다. 전국 업종 BSI 를 창원국가산단 개별 업종의 신호라고 부르지 않는다.
2025Q1,전국(업종),C1400,의복모피,AJ,인력사정BSI,섬유의복,A,96.0,3,90.67,5.33,True,512Y007,전국,national_by_industry,CONTEXT / BUSINESS_SENTIMENT,업종별 자동판정에 쓰지 않는다. 전국 업종 BSI 를 창원국가산단 개별 업종의 신호라고 부르지 않는다.
2025Q2,전국(업종),C1400,의복모피,AJ,인력사정BSI,섬유의복,A,90.0,3,90.67,-0.67,True,512Y007,전국,national_by_industry,CONTEXT / BUSINESS_SENTIMENT,업종별 자동판정에 쓰지 않는다. 전국 업종 BSI 를 창원국가산단 개별 업종의 신호라고 부르지 않는다.
2025Q3,전국(업종),C1400,의복모피,AJ,인력사정BSI,섬유의복,A,95.33,3,87.33,8.0,True,512Y007,전국,national_by_industry,CONTEXT / BUSINESS_SENTIMENT,업종별 자동판정에 쓰지 않는다. 전국 업종 BSI 를 창원국가산단 개별 업종의 신호라고 부르지 않는다.
2025Q4,전국(업종),C1400,의복모피,AJ,인력사정BSI,섬유의복,A,94.33,3,88.67,5.66,True,512Y007,전국,national_by_industry,CONTEXT / BUSINESS_SENTIMENT,업종별 자동판정에 쓰지 않는다. 전국 업종 BSI 를 창원국가산단 개별 업종의 신호라고 부르지 않는다.
2026Q1,전국(업종),C1400,의복모피,AJ,인력사정BSI,섬유의복,A,95.67,3,96.0,-0.33,True,512Y007,전국,national_by_industry,CONTEXT / BUSINESS_SENTIMENT,업종별 자동판정에 쓰지 않는다. 전국 업종 BSI 를 창원국가산단 개별 업종의 신호라고 부르지 않는다.
2026Q2,전국(업종),C1400,의복모피,AJ,인력사정BSI,섬유의복,A,95.0,3,90.0,5.0,True,512Y007,전국,national_by_industry,CONTEXT / BUSINESS_SENTIMENT,업종별 자동판정에 쓰지 않는다. 전국 업종 BSI 를 창원국가산단 개별 업종의 신호라고 부르지 않는다.
2026Q3,전국(업종),C1400,의복모피,AJ,인력사정BSI,섬유의복,A,96.5,2,95.33,1.17,True,512Y007,전국,national_by_industry,CONTEXT / BUSINESS_SENTIMENT,업종별 자동판정에 쓰지 않는다. 전국 업종 BSI 를 창원국가산단 개별 업종의 신호라고 부르지 않는다.
2021Q1,전국(업종),C1400,의복모피,AK,가동률BSI,섬유의복,A,74.33,3,,,True,512Y007,전국,national_by_industry,CONTEXT / BUSINESS_SENTIMENT,업종별 자동판정에 쓰지 않는다. 전국 업종 BSI 를 창원국가산단 개별 업종의 신호라고 부르지 않는다.
2021Q2,전국(업종),C1400,의복모피,AK,가동률BSI,섬유의복,A,107.33,3,,,False,512Y007,전국,national_by_industry,CONTEXT / BUSINESS_SENTIMENT,업종별 자동판정에 쓰지 않는다. 전국 업종 BSI 를 창원국가산단 개별 업종의 신호라고 부르지 않는다.
2021Q3,전국(업종),C1400,의복모피,AK,가동률BSI,섬유의복,A,87.67,3,,,True,512Y007,전국,national_by_industry,CONTEXT / BUSINESS_SENTIMENT,업종별 자동판정에 쓰지 않는다. 전국 업종 BSI 를 창원국가산단 개별 업종의 신호라고 부르지 않는다.
2021Q4,전국(업종),C1400,의복모피,AK,가동률BSI,섬유의복,A,97.33,3,,,True,512Y007,전국,national_by_industry,CONTEXT / BUSINESS_SENTIMENT,업종별 자동판정에 쓰지 않는다. 전국 업종 BSI 를 창원국가산단 개별 업종의 신호라고 부르지 않는다.
2022Q1,전국(업종),C1400,의복모피,AK,가동률BSI,섬유의복,A,104.33,3,74.33,30.0,False,512Y007,전국,national_by_industry,CONTEXT / BUSINESS_SENTIMENT,업종별 자동판정에 쓰지 않는다. 전국 업종 BSI 를 창원국가산단 개별 업종의 신호라고 부르지 않는다.
2022Q2,전국(업종),C1400,의복모피,AK,가동률BSI,섬유의복,A,97.33,3,107.33,-10.0,True,512Y007,전국,national_by_industry,CONTEXT / BUSINESS_SENTIMENT,업종별 자동판정에 쓰지 않는다. 전국 업종 BSI 를 창원국가산단 개별 업종의 신호라고 부르지 않는다.
2022Q3,전국(업종),C1400,의복모피,AK,가동률BSI,섬유의복,A,96.33,3,87.67,8.66,True,512Y007,전국,national_by_industry,CONTEXT / BUSINESS_SENTIMENT,업종별 자동판정에 쓰지 않는다. 전국 업종 BSI 를 창원국가산단 개별 업종의 신호라고 부르지 않는다.
2022Q4,전국(업종),C1400,의복모피,AK,가동률BSI,섬유의복,A,78.33,3,97.33,-19.0,True,512Y007,전국,national_by_industry,CONTEXT / BUSINESS_SENTIMENT,업종별 자동판정에 쓰지 않는다. 전국 업종 BSI 를 창원국가산단 개별 업종의 신호라고 부르지 않는다.
2023Q1,전국(업종),C1400,의복모피,AK,가동률BSI,섬유의복,A,76.0,3,104.33,-28.33,True,512Y007,전국,national_by_industry,CONTEXT / BUSINESS_SENTIMENT,업종별 자동판정에 쓰지 않는다. 전국 업종 BSI 를 창원국가산단 개별 업종의 신호라고 부르지 않는다.
2023Q2,전국(업종),C1400,의복모피,AK,가동률BSI,섬유의복,A,74.33,3,97.33,-23.0,True,512Y007,전국,national_by_industry,CONTEXT / BUSINESS_SENTIMENT,업종별 자동판정에 쓰지 않는다. 전국 업종 BSI 를 창원국가산단 개별 업종의 신호라고 부르지 않는다.
2023Q3,전국(업종),C1400,의복모피,AK,가동률BSI,섬유의복,A,68.0,3,96.33,-28.33,True,512Y007,전국,national_by_industry,CONTEXT / BUSINESS_SENTIMENT,업종별 자동판정에 쓰지 않는다. 전국 업종 BSI 를 창원국가산단 개별 업종의 신호라고 부르지 않는다.
2023Q4,전국(업종),C1400,의복모피,AK,가동률BSI,섬유의복,A,74.67,3,78.33,-3.66,True,512Y007,전국,national_by_industry,CONTEXT / BUSINESS_SENTIMENT,업종별 자동판정에 쓰지 않는다. 전국 업종 BSI 를 창원국가산단 개별 업종의 신호라고 부르지 않는다.
2024Q1,전국(업종),C1400,의복모피,AK,가동률BSI,섬유의복,A,74.67,3,76.0,-1.33,True,512Y007,전국,national_by_industry,CONTEXT / BUSINESS_SENTIMENT,업종별 자동판정에 쓰지 않는다. 전국 업종 BSI 를 창원국가산단 개별 업종의 신호라고 부르지 않는다.
2024Q2,전국(업종),C1400,의복모피,AK,가동률BSI,섬유의복,A,84.67,3,74.33,10.34,True,512Y007,전국,national_by_industry,CONTEXT / BUSINESS_SENTIMENT,업종별 자동판정에 쓰지 않는다. 전국 업종 BSI 를 창원국가산단 개별 업종의 신호라고 부르지 않는다.
2024Q3,전국(업종),C1400,의복모피,AK,가동률BSI,섬유의복,A,84.67,3,68.0,16.67,True,512Y007,전국,national_by_industry,CONTEXT / BUSINESS_SENTIMENT,업종별 자동판정에 쓰지 않는다. 전국 업종 BSI 를 창원국가산단 개별 업종의 신호라고 부르지 않는다.
2024Q4,전국(업종),C1400,의복모피,AK,가동률BSI,섬유의복,A,79.0,3,74.67,4.33,True,512Y007,전국,national_by_industry,CONTEXT / BUSINESS_SENTIMENT,업종별 자동판정에 쓰지 않는다. 전국 업종 BSI 를 창원국가산단 개별 업종의 신호라고 부르지 않는다.
2025Q1,전국(업종),C1400,의복모피,AK,가동률BSI,섬유의복,A,81.0,3,74.67,6.33,True,512Y007,전국,national_by_industry,CONTEXT / BUSINESS_SENTIMENT,업종별 자동판정에 쓰지 않는다. 전국 업종 BSI 를 창원국가산단 개별 업종의 신호라고 부르지 않는다.
2025Q2,전국(업종),C1400,의복모피,AK,가동률BSI,섬유의복,A,84.33,3,84.67,-0.34,True,512Y007,전국,national_by_industry,CONTEXT / BUSINESS_SENTIMENT,업종별 자동판정에 쓰지 않는다. 전국 업종 BSI 를 창원국가산단 개별 업종의 신호라고 부르지 않는다.
2025Q3,전국(업종),C1400,의복모피,AK,가동률BSI,섬유의복,A,79.0,3,84.67,-5.67,True,512Y007,전국,national_by_industry,CONTEXT / BUSINESS_SENTIMENT,업종별 자동판정에 쓰지 않는다. 전국 업종 BSI 를 창원국가산단 개별 업종의 신호라고 부르지 않는다.
2025Q4,전국(업종),C1400,의복모피,AK,가동률BSI,섬유의복,A,78.33,3,79.0,-0.67,True,512Y007,전국,national_by_industry,CONTEXT / BUSINESS_SENTIMENT,업종별 자동판정에 쓰지 않는다. 전국 업종 BSI 를 창원국가산단 개별 업종의 신호라고 부르지 않는다.
2026Q1,전국(업종),C1400,의복모피,AK,가동률BSI,섬유의복,A,86.0,3,81.0,5.0,True,512Y007,전국,national_by_industry,CONTEXT / BUSINESS_SENTIMENT,업종별 자동판정에 쓰지 않는다. 전국 업종 BSI 를 창원국가산단 개별 업종의 신호라고 부르지 않는다.
2026Q2,전국(업종),C1400,의복모피,AK,가동률BSI,섬유의복,A,87.67,3,84.33,3.34,True,512Y007,전국,national_by_industry,CONTEXT / BUSINESS_SENTIMENT,업종별 자동판정에 쓰지 않는다. 전국 업종 BSI 를 창원국가산단 개별 업종의 신호라고 부르지 않는다.
2026Q3,전국(업종),C1400,의복모피,AK,가동률BSI,섬유의복,A,87.0,2,79.0,8.0,True,512Y007,전국,national_by_industry,CONTEXT / BUSINESS_SENTIMENT,업종별 자동판정에 쓰지 않는다. 전국 업종 BSI 를 창원국가산단 개별 업종의 신호라고 부르지 않는다.
2021Q1,전국(업종),C1600,목재·나무,AA,업황BSI,목재종이,A,74.67,3,,,True,512Y007,전국,national_by_industry,CONTEXT / BUSINESS_SENTIMENT,업종별 자동판정에 쓰지 않는다. 전국 업종 BSI 를 창원국가산단 개별 업종의 신호라고 부르지 않는다.
2021Q2,전국(업종),C1600,목재·나무,AA,업황BSI,목재종이,A,90.0,3,,,True,512Y007,전국,national_by_industry,CONTEXT / BUSINESS_SENTIMENT,업종별 자동판정에 쓰지 않는다. 전국 업종 BSI 를 창원국가산단 개별 업종의 신호라고 부르지 않는다.
2021Q3,전국(업종),C1600,목재·나무,AA,업황BSI,목재종이,A,84.0,3,,,True,512Y007,전국,national_by_industry,CONTEXT / BUSINESS_SENTIMENT,업종별 자동판정에 쓰지 않는다. 전국 업종 BSI 를 창원국가산단 개별 업종의 신호라고 부르지 않는다.
2021Q4,전국(업종),C1600,목재·나무,AA,업황BSI,목재종이,A,84.33,3,,,True,512Y007,전국,national_by_industry,CONTEXT / BUSINESS_SENTIMENT,업종별 자동판정에 쓰지 않는다. 전국 업종 BSI 를 창원국가산단 개별 업종의 신호라고 부르지 않는다.
2022Q1,전국(업종),C1600,목재·나무,AA,업황BSI,목재종이,A,77.67,3,74.67,3.0,True,512Y007,전국,national_by_industry,CONTEXT / BUSINESS_SENTIMENT,업종별 자동판정에 쓰지 않는다. 전국 업종 BSI 를 창원국가산단 개별 업종의 신호라고 부르지 않는다.
2022Q2,전국(업종),C1600,목재·나무,AA,업황BSI,목재종이,A,60.0,3,90.0,-30.0,True,512Y007,전국,national_by_industry,CONTEXT / BUSINESS_SENTIMENT,업종별 자동판정에 쓰지 않는다. 전국 업종 BSI 를 창원국가산단 개별 업종의 신호라고 부르지 않는다.
2022Q3,전국(업종),C1600,목재·나무,AA,업황BSI,목재종이,A,53.67,3,84.0,-30.33,True,512Y007,전국,national_by_industry,CONTEXT / BUSINESS_SENTIMENT,업종별 자동판정에 쓰지 않는다. 전국 업종 BSI 를 창원국가산단 개별 업종의 신호라고 부르지 않는다.
2022Q4,전국(업종),C1600,목재·나무,AA,업황BSI,목재종이,A,48.0,3,84.33,-36.33,True,512Y007,전국,national_by_industry,CONTEXT / BUSINESS_SENTIMENT,업종별 자동판정에 쓰지 않는다. 전국 업종 BSI 를 창원국가산단 개별 업종의 신호라고 부르지 않는다.
2023Q1,전국(업종),C1600,목재·나무,AA,업황BSI,목재종이,A,48.67,3,77.67,-29.0,True,512Y007,전국,national_by_industry,CONTEXT / BUSINESS_SENTIMENT,업종별 자동판정에 쓰지 않는다. 전국 업종 BSI 를 창원국가산단 개별 업종의 신호라고 부르지 않는다.
2023Q2,전국(업종),C1600,목재·나무,AA,업황BSI,목재종이,A,53.0,3,60.0,-7.0,True,512Y007,전국,national_by_industry,CONTEXT / BUSINESS_SENTIMENT,업종별 자동판정에 쓰지 않는다. 전국 업종 BSI 를 창원국가산단 개별 업종의 신호라고 부르지 않는다.
2023Q3,전국(업종),C1600,목재·나무,AA,업황BSI,목재종이,A,53.67,3,53.67,0.0,True,512Y007,전국,national_by_industry,CONTEXT / BUSINESS_SENTIMENT,업종별 자동판정에 쓰지 않는다. 전국 업종 BSI 를 창원국가산단 개별 업종의 신호라고 부르지 않는다.
2023Q4,전국(업종),C1600,목재·나무,AA,업황BSI,목재종이,A,52.67,3,48.0,4.67,True,512Y007,전국,national_by_industry,CONTEXT / BUSINESS_SENTIMENT,업종별 자동판정에 쓰지 않는다. 전국 업종 BSI 를 창원국가산단 개별 업종의 신호라고 부르지 않는다.
2024Q1,전국(업종),C1600,목재·나무,AA,업황BSI,목재종이,A,53.33,3,48.67,4.66,True,512Y007,전국,national_by_industry,CONTEXT / BUSINESS_SENTIMENT,업종별 자동판정에 쓰지 않는다. 전국 업종 BSI 를 창원국가산단 개별 업종의 신호라고 부르지 않는다.
2024Q2,전국(업종),C1600,목재·나무,AA,업황BSI,목재종이,A,50.0,3,53.0,-3.0,True,512Y007,전국,national_by_industry,CONTEXT / BUSINESS_SENTIMENT,업종별 자동판정에 쓰지 않는다. 전국 업종 BSI 를 창원국가산단 개별 업종의 신호라고 부르지 않는다.
2024Q3,전국(업종),C1600,목재·나무,AA,업황BSI,목재종이,A,43.0,3,53.67,-10.67,True,512Y007,전국,national_by_industry,CONTEXT / BUSINESS_SENTIMENT,업종별 자동판정에 쓰지 않는다. 전국 업종 BSI 를 창원국가산단 개별 업종의 신호라고 부르지 않는다.
2024Q4,전국(업종),C1600,목재·나무,AA,업황BSI,목재종이,A,40.67,3,52.67,-12.0,True,512Y007,전국,national_by_industry,CONTEXT / BUSINESS_SENTIMENT,업종별 자동판정에 쓰지 않는다. 전국 업종 BSI 를 창원국가산단 개별 업종의 신호라고 부르지 않는다.
2025Q1,전국(업종),C1600,목재·나무,AA,업황BSI,목재종이,A,35.67,3,53.33,-17.66,True,512Y007,전국,national_by_industry,CONTEXT / BUSINESS_SENTIMENT,업종별 자동판정에 쓰지 않는다. 전국 업종 BSI 를 창원국가산단 개별 업종의 신호라고 부르지 않는다.
2025Q2,전국(업종),C1600,목재·나무,AA,업황BSI,목재종이,A,38.67,3,50.0,-11.33,True,512Y007,전국,national_by_industry,CONTEXT / BUSINESS_SENTIMENT,업종별 자동판정에 쓰지 않는다. 전국 업종 BSI 를 창원국가산단 개별 업종의 신호라고 부르지 않는다.
2025Q3,전국(업종),C1600,목재·나무,AA,업황BSI,목재종이,A,38.0,3,43.0,-5.0,True,512Y007,전국,national_by_industry,CONTEXT / BUSINESS_SENTIMENT,업종별 자동판정에 쓰지 않는다. 전국 업종 BSI 를 창원국가산단 개별 업종의 신호라고 부르지 않는다.
2025Q4,전국(업종),C1600,목재·나무,AA,업황BSI,목재종이,A,29.67,3,40.67,-11.0,True,512Y007,전국,national_by_industry,CONTEXT / BUSINESS_SENTIMENT,업종별 자동판정에 쓰지 않는다. 전국 업종 BSI 를 창원국가산단 개별 업종의 신호라고 부르지 않는다.
2026Q1,전국(업종),C1600,목재·나무,AA,업황BSI,목재종이,A,41.0,3,35.67,5.33,True,512Y007,전국,national_by_industry,CONTEXT / BUSINESS_SENTIMENT,업종별 자동판정에 쓰지 않는다. 전국 업종 BSI 를 창원국가산단 개별 업종의 신호라고 부르지 않는다.
2026Q2,전국(업종),C1600,목재·나무,AA,업황BSI,목재종이,A,50.0,3,38.67,11.33,True,512Y007,전국,national_by_industry,CONTEXT / BUSINESS_SENTIMENT,업종별 자동판정에 쓰지 않는다. 전국 업종 BSI 를 창원국가산단 개별 업종의 신호라고 부르지 않는다.
2026Q3,전국(업종),C1600,목재·나무,AA,업황BSI,목재종이,A,38.5,2,38.0,0.5,True,512Y007,전국,national_by_industry,CONTEXT / BUSINESS_SENTIMENT,업종별 자동판정에 쓰지 않는다. 전국 업종 BSI 를 창원국가산단 개별 업종의 신호라고 부르지 않는다.
2021Q1,전국(업종),C1600,목재·나무,AC,생산BSI,목재종이,A,84.67,3,,,True,512Y007,전국,national_by_industry,CONTEXT / BUSINESS_SENTIMENT,업종별 자동판정에 쓰지 않는다. 전국 업종 BSI 를 창원국가산단 개별 업종의 신호라고 부르지 않는다.
2021Q2,전국(업종),C1600,목재·나무,AC,생산BSI,목재종이,A,97.0,3,,,True,512Y007,전국,national_by_industry,CONTEXT / BUSINESS_SENTIMENT,업종별 자동판정에 쓰지 않는다. 전국 업종 BSI 를 창원국가산단 개별 업종의 신호라고 부르지 않는다.
2021Q3,전국(업종),C1600,목재·나무,AC,생산BSI,목재종이,A,93.33,3,,,True,512Y007,전국,national_by_industry,CONTEXT / BUSINESS_SENTIMENT,업종별 자동판정에 쓰지 않는다. 전국 업종 BSI 를 창원국가산단 개별 업종의 신호라고 부르지 않는다.
2021Q4,전국(업종),C1600,목재·나무,AC,생산BSI,목재종이,A,97.33,3,,,True,512Y007,전국,national_by_industry,CONTEXT / BUSINESS_SENTIMENT,업종별 자동판정에 쓰지 않는다. 전국 업종 BSI 를 창원국가산단 개별 업종의 신호라고 부르지 않는다.
2022Q1,전국(업종),C1600,목재·나무,AC,생산BSI,목재종이,A,86.0,3,84.67,1.33,True,512Y007,전국,national_by_industry,CONTEXT / BUSINESS_SENTIMENT,업종별 자동판정에 쓰지 않는다. 전국 업종 BSI 를 창원국가산단 개별 업종의 신호라고 부르지 않는다.
2022Q2,전국(업종),C1600,목재·나무,AC,생산BSI,목재종이,A,76.33,3,97.0,-20.67,True,512Y007,전국,national_by_industry,CONTEXT / BUSINESS_SENTIMENT,업종별 자동판정에 쓰지 않는다. 전국 업종 BSI 를 창원국가산단 개별 업종의 신호라고 부르지 않는다.
2022Q3,전국(업종),C1600,목재·나무,AC,생산BSI,목재종이,A,72.0,3,93.33,-21.33,True,512Y007,전국,national_by_industry,CONTEXT / BUSINESS_SENTIMENT,업종별 자동판정에 쓰지 않는다. 전국 업종 BSI 를 창원국가산단 개별 업종의 신호라고 부르지 않는다.
2022Q4,전국(업종),C1600,목재·나무,AC,생산BSI,목재종이,A,65.0,3,97.33,-32.33,True,512Y007,전국,national_by_industry,CONTEXT / BUSINESS_SENTIMENT,업종별 자동판정에 쓰지 않는다. 전국 업종 BSI 를 창원국가산단 개별 업종의 신호라고 부르지 않는다.
2023Q1,전국(업종),C1600,목재·나무,AC,생산BSI,목재종이,A,65.33,3,86.0,-20.67,True,512Y007,전국,national_by_industry,CONTEXT / BUSINESS_SENTIMENT,업종별 자동판정에 쓰지 않는다. 전국 업종 BSI 를 창원국가산단 개별 업종의 신호라고 부르지 않는다.
2023Q2,전국(업종),C1600,목재·나무,AC,생산BSI,목재종이,A,69.0,3,76.33,-7.33,True,512Y007,전국,national_by_industry,CONTEXT / BUSINESS_SENTIMENT,업종별 자동판정에 쓰지 않는다. 전국 업종 BSI 를 창원국가산단 개별 업종의 신호라고 부르지 않는다.
2023Q3,전국(업종),C1600,목재·나무,AC,생산BSI,목재종이,A,64.67,3,72.0,-7.33,True,512Y007,전국,national_by_industry,CONTEXT / BUSINESS_SENTIMENT,업종별 자동판정에 쓰지 않는다. 전국 업종 BSI 를 창원국가산단 개별 업종의 신호라고 부르지 않는다.
2023Q4,전국(업종),C1600,목재·나무,AC,생산BSI,목재종이,A,61.0,3,65.0,-4.0,True,512Y007,전국,national_by_industry,CONTEXT / BUSINESS_SENTIMENT,업종별 자동판정에 쓰지 않는다. 전국 업종 BSI 를 창원국가산단 개별 업종의 신호라고 부르지 않는다.
2024Q1,전국(업종),C1600,목재·나무,AC,생산BSI,목재종이,A,71.67,3,65.33,6.34,True,512Y007,전국,national_by_industry,CONTEXT / BUSINESS_SENTIMENT,업종별 자동판정에 쓰지 않는다. 전국 업종 BSI 를 창원국가산단 개별 업종의 신호라고 부르지 않는다.
2024Q2,전국(업종),C1600,목재·나무,AC,생산BSI,목재종이,A,68.67,3,69.0,-0.33,True,512Y007,전국,national_by_industry,CONTEXT / BUSINESS_SENTIMENT,업종별 자동판정에 쓰지 않는다. 전국 업종 BSI 를 창원국가산단 개별 업종의 신호라고 부르지 않는다.
2024Q3,전국(업종),C1600,목재·나무,AC,생산BSI,목재종이,A,60.0,3,64.67,-4.67,True,512Y007,전국,national_by_industry,CONTEXT / BUSINESS_SENTIMENT,업종별 자동판정에 쓰지 않는다. 전국 업종 BSI 를 창원국가산단 개별 업종의 신호라고 부르지 않는다.
2024Q4,전국(업종),C1600,목재·나무,AC,생산BSI,목재종이,A,60.67,3,61.0,-0.33,True,512Y007,전국,national_by_industry,CONTEXT / BUSINESS_SENTIMENT,업종별 자동판정에 쓰지 않는다. 전국 업종 BSI 를 창원국가산단 개별 업종의 신호라고 부르지 않는다.
2025Q1,전국(업종),C1600,목재·나무,AC,생산BSI,목재종이,A,55.67,3,71.67,-16.0,True,512Y007,전국,national_by_industry,CONTEXT / BUSINESS_SENTIMENT,업종별 자동판정에 쓰지 않는다. 전국 업종 BSI 를 창원국가산단 개별 업종의 신호라고 부르지 않는다.
2025Q2,전국(업종),C1600,목재·나무,AC,생산BSI,목재종이,A,56.67,3,68.67,-12.0,True,512Y007,전국,national_by_industry,CONTEXT / BUSINESS_SENTIMENT,업종별 자동판정에 쓰지 않는다. 전국 업종 BSI 를 창원국가산단 개별 업종의 신호라고 부르지 않는다.
2025Q3,전국(업종),C1600,목재·나무,AC,생산BSI,목재종이,A,51.33,3,60.0,-8.67,True,512Y007,전국,national_by_industry,CONTEXT / BUSINESS_SENTIMENT,업종별 자동판정에 쓰지 않는다. 전국 업종 BSI 를 창원국가산단 개별 업종의 신호라고 부르지 않는다.
2025Q4,전국(업종),C1600,목재·나무,AC,생산BSI,목재종이,A,48.67,3,60.67,-12.0,True,512Y007,전국,national_by_industry,CONTEXT / BUSINESS_SENTIMENT,업종별 자동판정에 쓰지 않는다. 전국 업종 BSI 를 창원국가산단 개별 업종의 신호라고 부르지 않는다.
2026Q1,전국(업종),C1600,목재·나무,AC,생산BSI,목재종이,A,64.33,3,55.67,8.66,True,512Y007,전국,national_by_industry,CONTEXT / BUSINESS_SENTIMENT,업종별 자동판정에 쓰지 않는다. 전국 업종 BSI 를 창원국가산단 개별 업종의 신호라고 부르지 않는다.
2026Q2,전국(업종),C1600,목재·나무,AC,생산BSI,목재종이,A,65.0,3,56.67,8.33,True,512Y007,전국,national_by_industry,CONTEXT / BUSINESS_SENTIMENT,업종별 자동판정에 쓰지 않는다. 전국 업종 BSI 를 창원국가산단 개별 업종의 신호라고 부르지 않는다.
2026Q3,전국(업종),C1600,목재·나무,AC,생산BSI,목재종이,A,55.5,2,51.33,4.17,True,512Y007,전국,national_by_industry,CONTEXT / BUSINESS_SENTIMENT,업종별 자동판정에 쓰지 않는다. 전국 업종 BSI 를 창원국가산단 개별 업종의 신호라고 부르지 않는다.
2021Q1,전국(업종),C1600,목재·나무,AD,신규수주BSI,목재종이,A,77.0,3,,,True,512Y007,전국,national_by_industry,CONTEXT / BUSINESS_SENTIMENT,업종별 자동판정에 쓰지 않는다. 전국 업종 BSI 를 창원국가산단 개별 업종의 신호라고 부르지 않는다.
2021Q2,전국(업종),C1600,목재·나무,AD,신규수주BSI,목재종이,A,97.33,3,,,True,512Y007,전국,national_by_industry,CONTEXT / BUSINESS_SENTIMENT,업종별 자동판정에 쓰지 않는다. 전국 업종 BSI 를 창원국가산단 개별 업종의 신호라고 부르지 않는다.
2021Q3,전국(업종),C1600,목재·나무,AD,신규수주BSI,목재종이,A,91.33,3,,,True,512Y007,전국,national_by_industry,CONTEXT / BUSINESS_SENTIMENT,업종별 자동판정에 쓰지 않는다. 전국 업종 BSI 를 창원국가산단 개별 업종의 신호라고 부르지 않는다.
2021Q4,전국(업종),C1600,목재·나무,AD,신규수주BSI,목재종이,A,99.33,3,,,True,512Y007,전국,national_by_industry,CONTEXT / BUSINESS_SENTIMENT,업종별 자동판정에 쓰지 않는다. 전국 업종 BSI 를 창원국가산단 개별 업종의 신호라고 부르지 않는다.
2022Q1,전국(업종),C1600,목재·나무,AD,신규수주BSI,목재종이,A,88.67,3,77.0,11.67,True,512Y007,전국,national_by_industry,CONTEXT / BUSINESS_SENTIMENT,업종별 자동판정에 쓰지 않는다. 전국 업종 BSI 를 창원국가산단 개별 업종의 신호라고 부르지 않는다.
2022Q2,전국(업종),C1600,목재·나무,AD,신규수주BSI,목재종이,A,71.67,3,97.33,-25.66,True,512Y007,전국,national_by_industry,CONTEXT / BUSINESS_SENTIMENT,업종별 자동판정에 쓰지 않는다. 전국 업종 BSI 를 창원국가산단 개별 업종의 신호라고 부르지 않는다.
2022Q3,전국(업종),C1600,목재·나무,AD,신규수주BSI,목재종이,A,66.0,3,91.33,-25.33,True,512Y007,전국,national_by_industry,CONTEXT / BUSINESS_SENTIMENT,업종별 자동판정에 쓰지 않는다. 전국 업종 BSI 를 창원국가산단 개별 업종의 신호라고 부르지 않는다.
2022Q4,전국(업종),C1600,목재·나무,AD,신규수주BSI,목재종이,A,54.33,3,99.33,-45.0,True,512Y007,전국,national_by_industry,CONTEXT / BUSINESS_SENTIMENT,업종별 자동판정에 쓰지 않는다. 전국 업종 BSI 를 창원국가산단 개별 업종의 신호라고 부르지 않는다.
2023Q1,전국(업종),C1600,목재·나무,AD,신규수주BSI,목재종이,A,54.0,3,88.67,-34.67,True,512Y007,전국,national_by_industry,CONTEXT / BUSINESS_SENTIMENT,업종별 자동판정에 쓰지 않는다. 전국 업종 BSI 를 창원국가산단 개별 업종의 신호라고 부르지 않는다.
2023Q2,전국(업종),C1600,목재·나무,AD,신규수주BSI,목재종이,A,54.33,3,71.67,-17.34,True,512Y007,전국,national_by_industry,CONTEXT / BUSINESS_SENTIMENT,업종별 자동판정에 쓰지 않는다. 전국 업종 BSI 를 창원국가산단 개별 업종의 신호라고 부르지 않는다.
2023Q3,전국(업종),C1600,목재·나무,AD,신규수주BSI,목재종이,A,63.0,3,66.0,-3.0,True,512Y007,전국,national_by_industry,CONTEXT / BUSINESS_SENTIMENT,업종별 자동판정에 쓰지 않는다. 전국 업종 BSI 를 창원국가산단 개별 업종의 신호라고 부르지 않는다.
2023Q4,전국(업종),C1600,목재·나무,AD,신규수주BSI,목재종이,A,52.33,3,54.33,-2.0,True,512Y007,전국,national_by_industry,CONTEXT / BUSINESS_SENTIMENT,업종별 자동판정에 쓰지 않는다. 전국 업종 BSI 를 창원국가산단 개별 업종의 신호라고 부르지 않는다.
2024Q1,전국(업종),C1600,목재·나무,AD,신규수주BSI,목재종이,A,64.33,3,54.0,10.33,True,512Y007,전국,national_by_industry,CONTEXT / BUSINESS_SENTIMENT,업종별 자동판정에 쓰지 않는다. 전국 업종 BSI 를 창원국가산단 개별 업종의 신호라고 부르지 않는다.
2024Q2,전국(업종),C1600,목재·나무,AD,신규수주BSI,목재종이,A,55.33,3,54.33,1.0,True,512Y007,전국,national_by_industry,CONTEXT / BUSINESS_SENTIMENT,업종별 자동판정에 쓰지 않는다. 전국 업종 BSI 를 창원국가산단 개별 업종의 신호라고 부르지 않는다.
2024Q3,전국(업종),C1600,목재·나무,AD,신규수주BSI,목재종이,A,44.0,3,63.0,-19.0,True,512Y007,전국,national_by_industry,CONTEXT / BUSINESS_SENTIMENT,업종별 자동판정에 쓰지 않는다. 전국 업종 BSI 를 창원국가산단 개별 업종의 신호라고 부르지 않는다.
2024Q4,전국(업종),C1600,목재·나무,AD,신규수주BSI,목재종이,A,48.0,3,52.33,-4.33,True,512Y007,전국,national_by_industry,CONTEXT / BUSINESS_SENTIMENT,업종별 자동판정에 쓰지 않는다. 전국 업종 BSI 를 창원국가산단 개별 업종의 신호라고 부르지 않는다.
2025Q1,전국(업종),C1600,목재·나무,AD,신규수주BSI,목재종이,A,47.33,3,64.33,-17.0,True,512Y007,전국,national_by_industry,CONTEXT / BUSINESS_SENTIMENT,업종별 자동판정에 쓰지 않는다. 전국 업종 BSI 를 창원국가산단 개별 업종의 신호라고 부르지 않는다.
2025Q2,전국(업종),C1600,목재·나무,AD,신규수주BSI,목재종이,A,47.67,3,55.33,-7.66,True,512Y007,전국,national_by_industry,CONTEXT / BUSINESS_SENTIMENT,업종별 자동판정에 쓰지 않는다. 전국 업종 BSI 를 창원국가산단 개별 업종의 신호라고 부르지 않는다.
2025Q3,전국(업종),C1600,목재·나무,AD,신규수주BSI,목재종이,A,45.67,3,44.0,1.67,True,512Y007,전국,national_by_industry,CONTEXT / BUSINESS_SENTIMENT,업종별 자동판정에 쓰지 않는다. 전국 업종 BSI 를 창원국가산단 개별 업종의 신호라고 부르지 않는다.
2025Q4,전국(업종),C1600,목재·나무,AD,신규수주BSI,목재종이,A,42.33,3,48.0,-5.67,True,512Y007,전국,national_by_industry,CONTEXT / BUSINESS_SENTIMENT,업종별 자동판정에 쓰지 않는다. 전국 업종 BSI 를 창원국가산단 개별 업종의 신호라고 부르지 않는다.
2026Q1,전국(업종),C1600,목재·나무,AD,신규수주BSI,목재종이,A,56.33,3,47.33,9.0,True,512Y007,전국,national_by_industry,CONTEXT / BUSINESS_SENTIMENT,업종별 자동판정에 쓰지 않는다. 전국 업종 BSI 를 창원국가산단 개별 업종의 신호라고 부르지 않는다.
2026Q2,전국(업종),C1600,목재·나무,AD,신규수주BSI,목재종이,A,63.67,3,47.67,16.0,True,512Y007,전국,national_by_industry,CONTEXT / BUSINESS_SENTIMENT,업종별 자동판정에 쓰지 않는다. 전국 업종 BSI 를 창원국가산단 개별 업종의 신호라고 부르지 않는다.
2026Q3,전국(업종),C1600,목재·나무,AD,신규수주BSI,목재종이,A,55.5,2,45.67,9.83,True,512Y007,전국,national_by_industry,CONTEXT / BUSINESS_SENTIMENT,업종별 자동판정에 쓰지 않는다. 전국 업종 BSI 를 창원국가산단 개별 업종의 신호라고 부르지 않는다.
2021Q1,전국(업종),C1600,목재·나무,AJ,인력사정BSI,목재종이,A,79.0,3,,,True,512Y007,전국,national_by_industry,CONTEXT / BUSINESS_SENTIMENT,업종별 자동판정에 쓰지 않는다. 전국 업종 BSI 를 창원국가산단 개별 업종의 신호라고 부르지 않는다.
2021Q2,전국(업종),C1600,목재·나무,AJ,인력사정BSI,목재종이,A,70.67,3,,,True,512Y007,전국,national_by_industry,CONTEXT / BUSINESS_SENTIMENT,업종별 자동판정에 쓰지 않는다. 전국 업종 BSI 를 창원국가산단 개별 업종의 신호라고 부르지 않는다.
2021Q3,전국(업종),C1600,목재·나무,AJ,인력사정BSI,목재종이,A,67.67,3,,,True,512Y007,전국,national_by_industry,CONTEXT / BUSINESS_SENTIMENT,업종별 자동판정에 쓰지 않는다. 전국 업종 BSI 를 창원국가산단 개별 업종의 신호라고 부르지 않는다.
2021Q4,전국(업종),C1600,목재·나무,AJ,인력사정BSI,목재종이,A,61.33,3,,,True,512Y007,전국,national_by_industry,CONTEXT / BUSINESS_SENTIMENT,업종별 자동판정에 쓰지 않는다. 전국 업종 BSI 를 창원국가산단 개별 업종의 신호라고 부르지 않는다.
2022Q1,전국(업종),C1600,목재·나무,AJ,인력사정BSI,목재종이,A,62.67,3,79.0,-16.33,True,512Y007,전국,national_by_industry,CONTEXT / BUSINESS_SENTIMENT,업종별 자동판정에 쓰지 않는다. 전국 업종 BSI 를 창원국가산단 개별 업종의 신호라고 부르지 않는다.
2022Q2,전국(업종),C1600,목재·나무,AJ,인력사정BSI,목재종이,A,62.33,3,70.67,-8.34,True,512Y007,전국,national_by_industry,CONTEXT / BUSINESS_SENTIMENT,업종별 자동판정에 쓰지 않는다. 전국 업종 BSI 를 창원국가산단 개별 업종의 신호라고 부르지 않는다.
2022Q3,전국(업종),C1600,목재·나무,AJ,인력사정BSI,목재종이,A,67.33,3,67.67,-0.34,True,512Y007,전국,national_by_industry,CONTEXT / BUSINESS_SENTIMENT,업종별 자동판정에 쓰지 않는다. 전국 업종 BSI 를 창원국가산단 개별 업종의 신호라고 부르지 않는다.
2022Q4,전국(업종),C1600,목재·나무,AJ,인력사정BSI,목재종이,A,75.33,3,61.33,14.0,True,512Y007,전국,national_by_industry,CONTEXT / BUSINESS_SENTIMENT,업종별 자동판정에 쓰지 않는다. 전국 업종 BSI 를 창원국가산단 개별 업종의 신호라고 부르지 않는다.
2023Q1,전국(업종),C1600,목재·나무,AJ,인력사정BSI,목재종이,A,85.33,3,62.67,22.66,True,512Y007,전국,national_by_industry,CONTEXT / BUSINESS_SENTIMENT,업종별 자동판정에 쓰지 않는다. 전국 업종 BSI 를 창원국가산단 개별 업종의 신호라고 부르지 않는다.
2023Q2,전국(업종),C1600,목재·나무,AJ,인력사정BSI,목재종이,A,82.0,3,62.33,19.67,True,512Y007,전국,national_by_industry,CONTEXT / BUSINESS_SENTIMENT,업종별 자동판정에 쓰지 않는다. 전국 업종 BSI 를 창원국가산단 개별 업종의 신호라고 부르지 않는다.
2023Q3,전국(업종),C1600,목재·나무,AJ,인력사정BSI,목재종이,A,88.67,3,67.33,21.34,True,512Y007,전국,national_by_industry,CONTEXT / BUSINESS_SENTIMENT,업종별 자동판정에 쓰지 않는다. 전국 업종 BSI 를 창원국가산단 개별 업종의 신호라고 부르지 않는다.
2023Q4,전국(업종),C1600,목재·나무,AJ,인력사정BSI,목재종이,A,84.0,3,75.33,8.67,True,512Y007,전국,national_by_industry,CONTEXT / BUSINESS_SENTIMENT,업종별 자동판정에 쓰지 않는다. 전국 업종 BSI 를 창원국가산단 개별 업종의 신호라고 부르지 않는다.
2024Q1,전국(업종),C1600,목재·나무,AJ,인력사정BSI,목재종이,A,87.67,3,85.33,2.34,True,512Y007,전국,national_by_industry,CONTEXT / BUSINESS_SENTIMENT,업종별 자동판정에 쓰지 않는다. 전국 업종 BSI 를 창원국가산단 개별 업종의 신호라고 부르지 않는다.
2024Q2,전국(업종),C1600,목재·나무,AJ,인력사정BSI,목재종이,A,97.0,3,82.0,15.0,True,512Y007,전국,national_by_industry,CONTEXT / BUSINESS_SENTIMENT,업종별 자동판정에 쓰지 않는다. 전국 업종 BSI 를 창원국가산단 개별 업종의 신호라고 부르지 않는다.
2024Q3,전국(업종),C1600,목재·나무,AJ,인력사정BSI,목재종이,A,94.0,3,88.67,5.33,True,512Y007,전국,national_by_industry,CONTEXT / BUSINESS_SENTIMENT,업종별 자동판정에 쓰지 않는다. 전국 업종 BSI 를 창원국가산단 개별 업종의 신호라고 부르지 않는다.
2024Q4,전국(업종),C1600,목재·나무,AJ,인력사정BSI,목재종이,A,90.33,3,84.0,6.33,True,512Y007,전국,national_by_industry,CONTEXT / BUSINESS_SENTIMENT,업종별 자동판정에 쓰지 않는다. 전국 업종 BSI 를 창원국가산단 개별 업종의 신호라고 부르지 않는다.
2025Q1,전국(업종),C1600,목재·나무,AJ,인력사정BSI,목재종이,A,96.0,3,87.67,8.33,True,512Y007,전국,national_by_industry,CONTEXT / BUSINESS_SENTIMENT,업종별 자동판정에 쓰지 않는다. 전국 업종 BSI 를 창원국가산단 개별 업종의 신호라고 부르지 않는다.
2025Q2,전국(업종),C1600,목재·나무,AJ,인력사정BSI,목재종이,A,99.0,3,97.0,2.0,True,512Y007,전국,national_by_industry,CONTEXT / BUSINESS_SENTIMENT,업종별 자동판정에 쓰지 않는다. 전국 업종 BSI 를 창원국가산단 개별 업종의 신호라고 부르지 않는다.
2025Q3,전국(업종),C1600,목재·나무,AJ,인력사정BSI,목재종이,A,93.0,3,94.0,-1.0,True,512Y007,전국,national_by_industry,CONTEXT / BUSINESS_SENTIMENT,업종별 자동판정에 쓰지 않는다. 전국 업종 BSI 를 창원국가산단 개별 업종의 신호라고 부르지 않는다.
2025Q4,전국(업종),C1600,목재·나무,AJ,인력사정BSI,목재종이,A,96.33,3,90.33,6.0,True,512Y007,전국,national_by_industry,CONTEXT / BUSINESS_SENTIMENT,업종별 자동판정에 쓰지 않는다. 전국 업종 BSI 를 창원국가산단 개별 업종의 신호라고 부르지 않는다.
2026Q1,전국(업종),C1600,목재·나무,AJ,인력사정BSI,목재종이,A,88.33,3,96.0,-7.67,True,512Y007,전국,national_by_industry,CONTEXT / BUSINESS_SENTIMENT,업종별 자동판정에 쓰지 않는다. 전국 업종 BSI 를 창원국가산단 개별 업종의 신호라고 부르지 않는다.
2026Q2,전국(업종),C1600,목재·나무,AJ,인력사정BSI,목재종이,A,94.67,3,99.0,-4.33,True,512Y007,전국,national_by_industry,CONTEXT / BUSINESS_SENTIMENT,업종별 자동판정에 쓰지 않는다. 전국 업종 BSI 를 창원국가산단 개별 업종의 신호라고 부르지 않는다.
2026Q3,전국(업종),C1600,목재·나무,AJ,인력사정BSI,목재종이,A,92.5,2,93.0,-0.5,True,512Y007,전국,national_by_industry,CONTEXT / BUSINESS_SENTIMENT,업종별 자동판정에 쓰지 않는다. 전국 업종 BSI 를 창원국가산단 개별 업종의 신호라고 부르지 않는다.
2021Q1,전국(업종),C1600,목재·나무,AK,가동률BSI,목재종이,A,87.33,3,,,True,512Y007,전국,national_by_industry,CONTEXT / BUSINESS_SENTIMENT,업종별 자동판정에 쓰지 않는다. 전국 업종 BSI 를 창원국가산단 개별 업종의 신호라고 부르지 않는다.
2021Q2,전국(업종),C1600,목재·나무,AK,가동률BSI,목재종이,A,99.0,3,,,True,512Y007,전국,national_by_industry,CONTEXT / BUSINESS_SENTIMENT,업종별 자동판정에 쓰지 않는다. 전국 업종 BSI 를 창원국가산단 개별 업종의 신호라고 부르지 않는다.
2021Q3,전국(업종),C1600,목재·나무,AK,가동률BSI,목재종이,A,94.67,3,,,True,512Y007,전국,national_by_industry,CONTEXT / BUSINESS_SENTIMENT,업종별 자동판정에 쓰지 않는다. 전국 업종 BSI 를 창원국가산단 개별 업종의 신호라고 부르지 않는다.
2021Q4,전국(업종),C1600,목재·나무,AK,가동률BSI,목재종이,A,95.0,3,,,True,512Y007,전국,national_by_industry,CONTEXT / BUSINESS_SENTIMENT,업종별 자동판정에 쓰지 않는다. 전국 업종 BSI 를 창원국가산단 개별 업종의 신호라고 부르지 않는다.
2022Q1,전국(업종),C1600,목재·나무,AK,가동률BSI,목재종이,A,89.33,3,87.33,2.0,True,512Y007,전국,national_by_industry,CONTEXT / BUSINESS_SENTIMENT,업종별 자동판정에 쓰지 않는다. 전국 업종 BSI 를 창원국가산단 개별 업종의 신호라고 부르지 않는다.
2022Q2,전국(업종),C1600,목재·나무,AK,가동률BSI,목재종이,A,75.33,3,99.0,-23.67,True,512Y007,전국,national_by_industry,CONTEXT / BUSINESS_SENTIMENT,업종별 자동판정에 쓰지 않는다. 전국 업종 BSI 를 창원국가산단 개별 업종의 신호라고 부르지 않는다.
2022Q3,전국(업종),C1600,목재·나무,AK,가동률BSI,목재종이,A,63.0,3,94.67,-31.67,True,512Y007,전국,national_by_industry,CONTEXT / BUSINESS_SENTIMENT,업종별 자동판정에 쓰지 않는다. 전국 업종 BSI 를 창원국가산단 개별 업종의 신호라고 부르지 않는다.
2022Q4,전국(업종),C1600,목재·나무,AK,가동률BSI,목재종이,A,61.33,3,95.0,-33.67,True,512Y007,전국,national_by_industry,CONTEXT / BUSINESS_SENTIMENT,업종별 자동판정에 쓰지 않는다. 전국 업종 BSI 를 창원국가산단 개별 업종의 신호라고 부르지 않는다.
2023Q1,전국(업종),C1600,목재·나무,AK,가동률BSI,목재종이,A,57.67,3,89.33,-31.66,True,512Y007,전국,national_by_industry,CONTEXT / BUSINESS_SENTIMENT,업종별 자동판정에 쓰지 않는다. 전국 업종 BSI 를 창원국가산단 개별 업종의 신호라고 부르지 않는다.
2023Q2,전국(업종),C1600,목재·나무,AK,가동률BSI,목재종이,A,67.0,3,75.33,-8.33,True,512Y007,전국,national_by_industry,CONTEXT / BUSINESS_SENTIMENT,업종별 자동판정에 쓰지 않는다. 전국 업종 BSI 를 창원국가산단 개별 업종의 신호라고 부르지 않는다.
2023Q3,전국(업종),C1600,목재·나무,AK,가동률BSI,목재종이,A,63.0,3,63.0,0.0,True,512Y007,전국,national_by_industry,CONTEXT / BUSINESS_SENTIMENT,업종별 자동판정에 쓰지 않는다. 전국 업종 BSI 를 창원국가산단 개별 업종의 신호라고 부르지 않는다.
2023Q4,전국(업종),C1600,목재·나무,AK,가동률BSI,목재종이,A,60.67,3,61.33,-0.66,True,512Y007,전국,national_by_industry,CONTEXT / BUSINESS_SENTIMENT,업종별 자동판정에 쓰지 않는다. 전국 업종 BSI 를 창원국가산단 개별 업종의 신호라고 부르지 않는다.
2024Q1,전국(업종),C1600,목재·나무,AK,가동률BSI,목재종이,A,72.0,3,57.67,14.33,True,512Y007,전국,national_by_industry,CONTEXT / BUSINESS_SENTIMENT,업종별 자동판정에 쓰지 않는다. 전국 업종 BSI 를 창원국가산단 개별 업종의 신호라고 부르지 않는다.
2024Q2,전국(업종),C1600,목재·나무,AK,가동률BSI,목재종이,A,66.0,3,67.0,-1.0,True,512Y007,전국,national_by_industry,CONTEXT / BUSINESS_SENTIMENT,업종별 자동판정에 쓰지 않는다. 전국 업종 BSI 를 창원국가산단 개별 업종의 신호라고 부르지 않는다.
2024Q3,전국(업종),C1600,목재·나무,AK,가동률BSI,목재종이,A,57.0,3,63.0,-6.0,True,512Y007,전국,national_by_industry,CONTEXT / BUSINESS_SENTIMENT,업종별 자동판정에 쓰지 않는다. 전국 업종 BSI 를 창원국가산단 개별 업종의 신호라고 부르지 않는다.
2024Q4,전국(업종),C1600,목재·나무,AK,가동률BSI,목재종이,A,57.67,3,60.67,-3.0,True,512Y007,전국,national_by_industry,CONTEXT / BUSINESS_SENTIMENT,업종별 자동판정에 쓰지 않는다. 전국 업종 BSI 를 창원국가산단 개별 업종의 신호라고 부르지 않는다.
2025Q1,전국(업종),C1600,목재·나무,AK,가동률BSI,목재종이,A,54.33,3,72.0,-17.67,True,512Y007,전국,national_by_industry,CONTEXT / BUSINESS_SENTIMENT,업종별 자동판정에 쓰지 않는다. 전국 업종 BSI 를 창원국가산단 개별 업종의 신호라고 부르지 않는다.
2025Q2,전국(업종),C1600,목재·나무,AK,가동률BSI,목재종이,A,56.67,3,66.0,-9.33,True,512Y007,전국,national_by_industry,CONTEXT / BUSINESS_SENTIMENT,업종별 자동판정에 쓰지 않는다. 전국 업종 BSI 를 창원국가산단 개별 업종의 신호라고 부르지 않는다.
2025Q3,전국(업종),C1600,목재·나무,AK,가동률BSI,목재종이,A,51.33,3,57.0,-5.67,True,512Y007,전국,national_by_industry,CONTEXT / BUSINESS_SENTIMENT,업종별 자동판정에 쓰지 않는다. 전국 업종 BSI 를 창원국가산단 개별 업종의 신호라고 부르지 않는다.
2025Q4,전국(업종),C1600,목재·나무,AK,가동률BSI,목재종이,A,51.0,3,57.67,-6.67,True,512Y007,전국,national_by_industry,CONTEXT / BUSINESS_SENTIMENT,업종별 자동판정에 쓰지 않는다. 전국 업종 BSI 를 창원국가산단 개별 업종의 신호라고 부르지 않는다.
2026Q1,전국(업종),C1600,목재·나무,AK,가동률BSI,목재종이,A,64.67,3,54.33,10.34,True,512Y007,전국,national_by_industry,CONTEXT / BUSINESS_SENTIMENT,업종별 자동판정에 쓰지 않는다. 전국 업종 BSI 를 창원국가산단 개별 업종의 신호라고 부르지 않는다.
2026Q2,전국(업종),C1600,목재·나무,AK,가동률BSI,목재종이,A,67.33,3,56.67,10.66,True,512Y007,전국,national_by_industry,CONTEXT / BUSINESS_SENTIMENT,업종별 자동판정에 쓰지 않는다. 전국 업종 BSI 를 창원국가산단 개별 업종의 신호라고 부르지 않는다.
2026Q3,전국(업종),C1600,목재·나무,AK,가동률BSI,목재종이,A,60.0,2,51.33,8.67,True,512Y007,전국,national_by_industry,CONTEXT / BUSINESS_SENTIMENT,업종별 자동판정에 쓰지 않는다. 전국 업종 BSI 를 창원국가산단 개별 업종의 신호라고 부르지 않는다.
2021Q1,전국(업종),C1700,펄프·종이,AA,업황BSI,목재종이,A,95.67,3,,,True,512Y007,전국,national_by_industry,CONTEXT / BUSINESS_SENTIMENT,업종별 자동판정에 쓰지 않는다. 전국 업종 BSI 를 창원국가산단 개별 업종의 신호라고 부르지 않는다.
2021Q2,전국(업종),C1700,펄프·종이,AA,업황BSI,목재종이,A,92.67,3,,,True,512Y007,전국,national_by_industry,CONTEXT / BUSINESS_SENTIMENT,업종별 자동판정에 쓰지 않는다. 전국 업종 BSI 를 창원국가산단 개별 업종의 신호라고 부르지 않는다.
2021Q3,전국(업종),C1700,펄프·종이,AA,업황BSI,목재종이,A,77.67,3,,,True,512Y007,전국,national_by_industry,CONTEXT / BUSINESS_SENTIMENT,업종별 자동판정에 쓰지 않는다. 전국 업종 BSI 를 창원국가산단 개별 업종의 신호라고 부르지 않는다.
2021Q4,전국(업종),C1700,펄프·종이,AA,업황BSI,목재종이,A,76.0,3,,,True,512Y007,전국,national_by_industry,CONTEXT / BUSINESS_SENTIMENT,업종별 자동판정에 쓰지 않는다. 전국 업종 BSI 를 창원국가산단 개별 업종의 신호라고 부르지 않는다.
2022Q1,전국(업종),C1700,펄프·종이,AA,업황BSI,목재종이,A,73.67,3,95.67,-22.0,True,512Y007,전국,national_by_industry,CONTEXT / BUSINESS_SENTIMENT,업종별 자동판정에 쓰지 않는다. 전국 업종 BSI 를 창원국가산단 개별 업종의 신호라고 부르지 않는다.
2022Q2,전국(업종),C1700,펄프·종이,AA,업황BSI,목재종이,A,74.33,3,92.67,-18.34,True,512Y007,전국,national_by_industry,CONTEXT / BUSINESS_SENTIMENT,업종별 자동판정에 쓰지 않는다. 전국 업종 BSI 를 창원국가산단 개별 업종의 신호라고 부르지 않는다.
2022Q3,전국(업종),C1700,펄프·종이,AA,업황BSI,목재종이,A,67.0,3,77.67,-10.67,True,512Y007,전국,national_by_industry,CONTEXT / BUSINESS_SENTIMENT,업종별 자동판정에 쓰지 않는다. 전국 업종 BSI 를 창원국가산단 개별 업종의 신호라고 부르지 않는다.
2022Q4,전국(업종),C1700,펄프·종이,AA,업황BSI,목재종이,A,62.0,3,76.0,-14.0,True,512Y007,전국,national_by_industry,CONTEXT / BUSINESS_SENTIMENT,업종별 자동판정에 쓰지 않는다. 전국 업종 BSI 를 창원국가산단 개별 업종의 신호라고 부르지 않는다.
2023Q1,전국(업종),C1700,펄프·종이,AA,업황BSI,목재종이,A,57.0,3,73.67,-16.67,True,512Y007,전국,national_by_industry,CONTEXT / BUSINESS_SENTIMENT,업종별 자동판정에 쓰지 않는다. 전국 업종 BSI 를 창원국가산단 개별 업종의 신호라고 부르지 않는다.
2023Q2,전국(업종),C1700,펄프·종이,AA,업황BSI,목재종이,A,64.33,3,74.33,-10.0,True,512Y007,전국,national_by_industry,CONTEXT / BUSINESS_SENTIMENT,업종별 자동판정에 쓰지 않는다. 전국 업종 BSI 를 창원국가산단 개별 업종의 신호라고 부르지 않는다.
2023Q3,전국(업종),C1700,펄프·종이,AA,업황BSI,목재종이,A,59.67,3,67.0,-7.33,True,512Y007,전국,national_by_industry,CONTEXT / BUSINESS_SENTIMENT,업종별 자동판정에 쓰지 않는다. 전국 업종 BSI 를 창원국가산단 개별 업종의 신호라고 부르지 않는다.
2023Q4,전국(업종),C1700,펄프·종이,AA,업황BSI,목재종이,A,66.0,3,62.0,4.0,True,512Y007,전국,national_by_industry,CONTEXT / BUSINESS_SENTIMENT,업종별 자동판정에 쓰지 않는다. 전국 업종 BSI 를 창원국가산단 개별 업종의 신호라고 부르지 않는다.
2024Q1,전국(업종),C1700,펄프·종이,AA,업황BSI,목재종이,A,66.67,3,57.0,9.67,True,512Y007,전국,national_by_industry,CONTEXT / BUSINESS_SENTIMENT,업종별 자동판정에 쓰지 않는다. 전국 업종 BSI 를 창원국가산단 개별 업종의 신호라고 부르지 않는다.
2024Q2,전국(업종),C1700,펄프·종이,AA,업황BSI,목재종이,A,63.33,3,64.33,-1.0,True,512Y007,전국,national_by_industry,CONTEXT / BUSINESS_SENTIMENT,업종별 자동판정에 쓰지 않는다. 전국 업종 BSI 를 창원국가산단 개별 업종의 신호라고 부르지 않는다.
2024Q3,전국(업종),C1700,펄프·종이,AA,업황BSI,목재종이,A,59.0,3,59.67,-0.67,True,512Y007,전국,national_by_industry,CONTEXT / BUSINESS_SENTIMENT,업종별 자동판정에 쓰지 않는다. 전국 업종 BSI 를 창원국가산단 개별 업종의 신호라고 부르지 않는다.
2024Q4,전국(업종),C1700,펄프·종이,AA,업황BSI,목재종이,A,62.0,3,66.0,-4.0,True,512Y007,전국,national_by_industry,CONTEXT / BUSINESS_SENTIMENT,업종별 자동판정에 쓰지 않는다. 전국 업종 BSI 를 창원국가산단 개별 업종의 신호라고 부르지 않는다.
2025Q1,전국(업종),C1700,펄프·종이,AA,업황BSI,목재종이,A,57.33,3,66.67,-9.34,True,512Y007,전국,national_by_industry,CONTEXT / BUSINESS_SENTIMENT,업종별 자동판정에 쓰지 않는다. 전국 업종 BSI 를 창원국가산단 개별 업종의 신호라고 부르지 않는다.
2025Q2,전국(업종),C1700,펄프·종이,AA,업황BSI,목재종이,A,53.0,3,63.33,-10.33,True,512Y007,전국,national_by_industry,CONTEXT / BUSINESS_SENTIMENT,업종별 자동판정에 쓰지 않는다. 전국 업종 BSI 를 창원국가산단 개별 업종의 신호라고 부르지 않는다.
2025Q3,전국(업종),C1700,펄프·종이,AA,업황BSI,목재종이,A,57.67,3,59.0,-1.33,True,512Y007,전국,national_by_industry,CONTEXT / BUSINESS_SENTIMENT,업종별 자동판정에 쓰지 않는다. 전국 업종 BSI 를 창원국가산단 개별 업종의 신호라고 부르지 않는다.
2025Q4,전국(업종),C1700,펄프·종이,AA,업황BSI,목재종이,A,54.0,3,62.0,-8.0,True,512Y007,전국,national_by_industry,CONTEXT / BUSINESS_SENTIMENT,업종별 자동판정에 쓰지 않는다. 전국 업종 BSI 를 창원국가산단 개별 업종의 신호라고 부르지 않는다.
2026Q1,전국(업종),C1700,펄프·종이,AA,업황BSI,목재종이,A,56.67,3,57.33,-0.66,True,512Y007,전국,national_by_industry,CONTEXT / BUSINESS_SENTIMENT,업종별 자동판정에 쓰지 않는다. 전국 업종 BSI 를 창원국가산단 개별 업종의 신호라고 부르지 않는다.
2026Q2,전국(업종),C1700,펄프·종이,AA,업황BSI,목재종이,A,69.33,3,53.0,16.33,True,512Y007,전국,national_by_industry,CONTEXT / BUSINESS_SENTIMENT,업종별 자동판정에 쓰지 않는다. 전국 업종 BSI 를 창원국가산단 개별 업종의 신호라고 부르지 않는다.
2026Q3,전국(업종),C1700,펄프·종이,AA,업황BSI,목재종이,A,70.5,2,57.67,12.83,True,512Y007,전국,national_by_industry,CONTEXT / BUSINESS_SENTIMENT,업종별 자동판정에 쓰지 않는다. 전국 업종 BSI 를 창원국가산단 개별 업종의 신호라고 부르지 않는다.
2021Q1,전국(업종),C1700,펄프·종이,AC,생산BSI,목재종이,A,96.67,3,,,True,512Y007,전국,national_by_industry,CONTEXT / BUSINESS_SENTIMENT,업종별 자동판정에 쓰지 않는다. 전국 업종 BSI 를 창원국가산단 개별 업종의 신호라고 부르지 않는다.
2021Q2,전국(업종),C1700,펄프·종이,AC,생산BSI,목재종이,A,96.33,3,,,True,512Y007,전국,national_by_industry,CONTEXT / BUSINESS_SENTIMENT,업종별 자동판정에 쓰지 않는다. 전국 업종 BSI 를 창원국가산단 개별 업종의 신호라고 부르지 않는다.
2021Q3,전국(업종),C1700,펄프·종이,AC,생산BSI,목재종이,A,90.67,3,,,True,512Y007,전국,national_by_industry,CONTEXT / BUSINESS_SENTIMENT,업종별 자동판정에 쓰지 않는다. 전국 업종 BSI 를 창원국가산단 개별 업종의 신호라고 부르지 않는다.
2021Q4,전국(업종),C1700,펄프·종이,AC,생산BSI,목재종이,A,92.33,3,,,True,512Y007,전국,national_by_industry,CONTEXT / BUSINESS_SENTIMENT,업종별 자동판정에 쓰지 않는다. 전국 업종 BSI 를 창원국가산단 개별 업종의 신호라고 부르지 않는다.
2022Q1,전국(업종),C1700,펄프·종이,AC,생산BSI,목재종이,A,95.33,3,96.67,-1.34,True,512Y007,전국,national_by_industry,CONTEXT / BUSINESS_SENTIMENT,업종별 자동판정에 쓰지 않는다. 전국 업종 BSI 를 창원국가산단 개별 업종의 신호라고 부르지 않는다.
2022Q2,전국(업종),C1700,펄프·종이,AC,생산BSI,목재종이,A,94.0,3,96.33,-2.33,True,512Y007,전국,national_by_industry,CONTEXT / BUSINESS_SENTIMENT,업종별 자동판정에 쓰지 않는다. 전국 업종 BSI 를 창원국가산단 개별 업종의 신호라고 부르지 않는다.
2022Q3,전국(업종),C1700,펄프·종이,AC,생산BSI,목재종이,A,89.33,3,90.67,-1.34,True,512Y007,전국,national_by_industry,CONTEXT / BUSINESS_SENTIMENT,업종별 자동판정에 쓰지 않는다. 전국 업종 BSI 를 창원국가산단 개별 업종의 신호라고 부르지 않는다.
2022Q4,전국(업종),C1700,펄프·종이,AC,생산BSI,목재종이,A,81.67,3,92.33,-10.66,True,512Y007,전국,national_by_industry,CONTEXT / BUSINESS_SENTIMENT,업종별 자동판정에 쓰지 않는다. 전국 업종 BSI 를 창원국가산단 개별 업종의 신호라고 부르지 않는다.
2023Q1,전국(업종),C1700,펄프·종이,AC,생산BSI,목재종이,A,75.0,3,95.33,-20.33,True,512Y007,전국,national_by_industry,CONTEXT / BUSINESS_SENTIMENT,업종별 자동판정에 쓰지 않는다. 전국 업종 BSI 를 창원국가산단 개별 업종의 신호라고 부르지 않는다.
2023Q2,전국(업종),C1700,펄프·종이,AC,생산BSI,목재종이,A,76.67,3,94.0,-17.33,True,512Y007,전국,national_by_industry,CONTEXT / BUSINESS_SENTIMENT,업종별 자동판정에 쓰지 않는다. 전국 업종 BSI 를 창원국가산단 개별 업종의 신호라고 부르지 않는다.
2023Q3,전국(업종),C1700,펄프·종이,AC,생산BSI,목재종이,A,76.0,3,89.33,-13.33,True,512Y007,전국,national_by_industry,CONTEXT / BUSINESS_SENTIMENT,업종별 자동판정에 쓰지 않는다. 전국 업종 BSI 를 창원국가산단 개별 업종의 신호라고 부르지 않는다.
2023Q4,전국(업종),C1700,펄프·종이,AC,생산BSI,목재종이,A,84.0,3,81.67,2.33,True,512Y007,전국,national_by_industry,CONTEXT / BUSINESS_SENTIMENT,업종별 자동판정에 쓰지 않는다. 전국 업종 BSI 를 창원국가산단 개별 업종의 신호라고 부르지 않는다.
2024Q1,전국(업종),C1700,펄프·종이,AC,생산BSI,목재종이,A,89.0,3,75.0,14.0,True,512Y007,전국,national_by_industry,CONTEXT / BUSINESS_SENTIMENT,업종별 자동판정에 쓰지 않는다. 전국 업종 BSI 를 창원국가산단 개별 업종의 신호라고 부르지 않는다.
2024Q2,전국(업종),C1700,펄프·종이,AC,생산BSI,목재종이,A,84.33,3,76.67,7.66,True,512Y007,전국,national_by_industry,CONTEXT / BUSINESS_SENTIMENT,업종별 자동판정에 쓰지 않는다. 전국 업종 BSI 를 창원국가산단 개별 업종의 신호라고 부르지 않는다.
2024Q3,전국(업종),C1700,펄프·종이,AC,생산BSI,목재종이,A,81.0,3,76.0,5.0,True,512Y007,전국,national_by_industry,CONTEXT / BUSINESS_SENTIMENT,업종별 자동판정에 쓰지 않는다. 전국 업종 BSI 를 창원국가산단 개별 업종의 신호라고 부르지 않는다.
2024Q4,전국(업종),C1700,펄프·종이,AC,생산BSI,목재종이,A,82.0,3,84.0,-2.0,True,512Y007,전국,national_by_industry,CONTEXT / BUSINESS_SENTIMENT,업종별 자동판정에 쓰지 않는다. 전국 업종 BSI 를 창원국가산단 개별 업종의 신호라고 부르지 않는다.
2025Q1,전국(업종),C1700,펄프·종이,AC,생산BSI,목재종이,A,80.0,3,89.0,-9.0,True,512Y007,전국,national_by_industry,CONTEXT / BUSINESS_SENTIMENT,업종별 자동판정에 쓰지 않는다. 전국 업종 BSI 를 창원국가산단 개별 업종의 신호라고 부르지 않는다.
2025Q2,전국(업종),C1700,펄프·종이,AC,생산BSI,목재종이,A,77.67,3,84.33,-6.66,True,512Y007,전국,national_by_industry,CONTEXT / BUSINESS_SENTIMENT,업종별 자동판정에 쓰지 않는다. 전국 업종 BSI 를 창원국가산단 개별 업종의 신호라고 부르지 않는다.
2025Q3,전국(업종),C1700,펄프·종이,AC,생산BSI,목재종이,A,73.67,3,81.0,-7.33,True,512Y007,전국,national_by_industry,CONTEXT / BUSINESS_SENTIMENT,업종별 자동판정에 쓰지 않는다. 전국 업종 BSI 를 창원국가산단 개별 업종의 신호라고 부르지 않는다.
2025Q4,전국(업종),C1700,펄프·종이,AC,생산BSI,목재종이,A,83.33,3,82.0,1.33,True,512Y007,전국,national_by_industry,CONTEXT / BUSINESS_SENTIMENT,업종별 자동판정에 쓰지 않는다. 전국 업종 BSI 를 창원국가산단 개별 업종의 신호라고 부르지 않는다.
2026Q1,전국(업종),C1700,펄프·종이,AC,생산BSI,목재종이,A,84.33,3,80.0,4.33,True,512Y007,전국,national_by_industry,CONTEXT / BUSINESS_SENTIMENT,업종별 자동판정에 쓰지 않는다. 전국 업종 BSI 를 창원국가산단 개별 업종의 신호라고 부르지 않는다.
2026Q2,전국(업종),C1700,펄프·종이,AC,생산BSI,목재종이,A,92.0,3,77.67,14.33,True,512Y007,전국,national_by_industry,CONTEXT / BUSINESS_SENTIMENT,업종별 자동판정에 쓰지 않는다. 전국 업종 BSI 를 창원국가산단 개별 업종의 신호라고 부르지 않는다.
2026Q3,전국(업종),C1700,펄프·종이,AC,생산BSI,목재종이,A,86.0,2,73.67,12.33,True,512Y007,전국,national_by_industry,CONTEXT / BUSINESS_SENTIMENT,업종별 자동판정에 쓰지 않는다. 전국 업종 BSI 를 창원국가산단 개별 업종의 신호라고 부르지 않는다.
2021Q1,전국(업종),C1700,펄프·종이,AD,신규수주BSI,목재종이,A,92.33,3,,,True,512Y007,전국,national_by_industry,CONTEXT / BUSINESS_SENTIMENT,업종별 자동판정에 쓰지 않는다. 전국 업종 BSI 를 창원국가산단 개별 업종의 신호라고 부르지 않는다.
2021Q2,전국(업종),C1700,펄프·종이,AD,신규수주BSI,목재종이,A,95.67,3,,,True,512Y007,전국,national_by_industry,CONTEXT / BUSINESS_SENTIMENT,업종별 자동판정에 쓰지 않는다. 전국 업종 BSI 를 창원국가산단 개별 업종의 신호라고 부르지 않는다.
2021Q3,전국(업종),C1700,펄프·종이,AD,신규수주BSI,목재종이,A,86.33,3,,,True,512Y007,전국,national_by_industry,CONTEXT / BUSINESS_SENTIMENT,업종별 자동판정에 쓰지 않는다. 전국 업종 BSI 를 창원국가산단 개별 업종의 신호라고 부르지 않는다.
2021Q4,전국(업종),C1700,펄프·종이,AD,신규수주BSI,목재종이,A,87.0,3,,,True,512Y007,전국,national_by_industry,CONTEXT / BUSINESS_SENTIMENT,업종별 자동판정에 쓰지 않는다. 전국 업종 BSI 를 창원국가산단 개별 업종의 신호라고 부르지 않는다.
2022Q1,전국(업종),C1700,펄프·종이,AD,신규수주BSI,목재종이,A,85.0,3,92.33,-7.33,True,512Y007,전국,national_by_industry,CONTEXT / BUSINESS_SENTIMENT,업종별 자동판정에 쓰지 않는다. 전국 업종 BSI 를 창원국가산단 개별 업종의 신호라고 부르지 않는다.
2022Q2,전국(업종),C1700,펄프·종이,AD,신규수주BSI,목재종이,A,85.67,3,95.67,-10.0,True,512Y007,전국,national_by_industry,CONTEXT / BUSINESS_SENTIMENT,업종별 자동판정에 쓰지 않는다. 전국 업종 BSI 를 창원국가산단 개별 업종의 신호라고 부르지 않는다.
2022Q3,전국(업종),C1700,펄프·종이,AD,신규수주BSI,목재종이,A,82.67,3,86.33,-3.66,True,512Y007,전국,national_by_industry,CONTEXT / BUSINESS_SENTIMENT,업종별 자동판정에 쓰지 않는다. 전국 업종 BSI 를 창원국가산단 개별 업종의 신호라고 부르지 않는다.
2022Q4,전국(업종),C1700,펄프·종이,AD,신규수주BSI,목재종이,A,73.33,3,87.0,-13.67,True,512Y007,전국,national_by_industry,CONTEXT / BUSINESS_SENTIMENT,업종별 자동판정에 쓰지 않는다. 전국 업종 BSI 를 창원국가산단 개별 업종의 신호라고 부르지 않는다.
2023Q1,전국(업종),C1700,펄프·종이,AD,신규수주BSI,목재종이,A,72.0,3,85.0,-13.0,True,512Y007,전국,national_by_industry,CONTEXT / BUSINESS_SENTIMENT,업종별 자동판정에 쓰지 않는다. 전국 업종 BSI 를 창원국가산단 개별 업종의 신호라고 부르지 않는다.
2023Q2,전국(업종),C1700,펄프·종이,AD,신규수주BSI,목재종이,A,69.67,3,85.67,-16.0,True,512Y007,전국,national_by_industry,CONTEXT / BUSINESS_SENTIMENT,업종별 자동판정에 쓰지 않는다. 전국 업종 BSI 를 창원국가산단 개별 업종의 신호라고 부르지 않는다.
2023Q3,전국(업종),C1700,펄프·종이,AD,신규수주BSI,목재종이,A,70.0,3,82.67,-12.67,True,512Y007,전국,national_by_industry,CONTEXT / BUSINESS_SENTIMENT,업종별 자동판정에 쓰지 않는다. 전국 업종 BSI 를 창원국가산단 개별 업종의 신호라고 부르지 않는다.
2023Q4,전국(업종),C1700,펄프·종이,AD,신규수주BSI,목재종이,A,75.33,3,73.33,2.0,True,512Y007,전국,national_by_industry,CONTEXT / BUSINESS_SENTIMENT,업종별 자동판정에 쓰지 않는다. 전국 업종 BSI 를 창원국가산단 개별 업종의 신호라고 부르지 않는다.
2024Q1,전국(업종),C1700,펄프·종이,AD,신규수주BSI,목재종이,A,82.0,3,72.0,10.0,True,512Y007,전국,national_by_industry,CONTEXT / BUSINESS_SENTIMENT,업종별 자동판정에 쓰지 않는다. 전국 업종 BSI 를 창원국가산단 개별 업종의 신호라고 부르지 않는다.
2024Q2,전국(업종),C1700,펄프·종이,AD,신규수주BSI,목재종이,A,77.67,3,69.67,8.0,True,512Y007,전국,national_by_industry,CONTEXT / BUSINESS_SENTIMENT,업종별 자동판정에 쓰지 않는다. 전국 업종 BSI 를 창원국가산단 개별 업종의 신호라고 부르지 않는다.
2024Q3,전국(업종),C1700,펄프·종이,AD,신규수주BSI,목재종이,A,75.33,3,70.0,5.33,True,512Y007,전국,national_by_industry,CONTEXT / BUSINESS_SENTIMENT,업종별 자동판정에 쓰지 않는다. 전국 업종 BSI 를 창원국가산단 개별 업종의 신호라고 부르지 않는다.
2024Q4,전국(업종),C1700,펄프·종이,AD,신규수주BSI,목재종이,A,72.33,3,75.33,-3.0,True,512Y007,전국,national_by_industry,CONTEXT / BUSINESS_SENTIMENT,업종별 자동판정에 쓰지 않는다. 전국 업종 BSI 를 창원국가산단 개별 업종의 신호라고 부르지 않는다.
2025Q1,전국(업종),C1700,펄프·종이,AD,신규수주BSI,목재종이,A,72.67,3,82.0,-9.33,True,512Y007,전국,national_by_industry,CONTEXT / BUSINESS_SENTIMENT,업종별 자동판정에 쓰지 않는다. 전국 업종 BSI 를 창원국가산단 개별 업종의 신호라고 부르지 않는다.
2025Q2,전국(업종),C1700,펄프·종이,AD,신규수주BSI,목재종이,A,69.0,3,77.67,-8.67,True,512Y007,전국,national_by_industry,CONTEXT / BUSINESS_SENTIMENT,업종별 자동판정에 쓰지 않는다. 전국 업종 BSI 를 창원국가산단 개별 업종의 신호라고 부르지 않는다.
2025Q3,전국(업종),C1700,펄프·종이,AD,신규수주BSI,목재종이,A,73.0,3,75.33,-2.33,True,512Y007,전국,national_by_industry,CONTEXT / BUSINESS_SENTIMENT,업종별 자동판정에 쓰지 않는다. 전국 업종 BSI 를 창원국가산단 개별 업종의 신호라고 부르지 않는다.
2025Q4,전국(업종),C1700,펄프·종이,AD,신규수주BSI,목재종이,A,82.33,3,72.33,10.0,True,512Y007,전국,national_by_industry,CONTEXT / BUSINESS_SENTIMENT,업종별 자동판정에 쓰지 않는다. 전국 업종 BSI 를 창원국가산단 개별 업종의 신호라고 부르지 않는다.
2026Q1,전국(업종),C1700,펄프·종이,AD,신규수주BSI,목재종이,A,75.0,3,72.67,2.33,True,512Y007,전국,national_by_industry,CONTEXT / BUSINESS_SENTIMENT,업종별 자동판정에 쓰지 않는다. 전국 업종 BSI 를 창원국가산단 개별 업종의 신호라고 부르지 않는다.
2026Q2,전국(업종),C1700,펄프·종이,AD,신규수주BSI,목재종이,A,89.0,3,69.0,20.0,True,512Y007,전국,national_by_industry,CONTEXT / BUSINESS_SENTIMENT,업종별 자동판정에 쓰지 않는다. 전국 업종 BSI 를 창원국가산단 개별 업종의 신호라고 부르지 않는다.
2026Q3,전국(업종),C1700,펄프·종이,AD,신규수주BSI,목재종이,A,88.0,2,73.0,15.0,True,512Y007,전국,national_by_industry,CONTEXT / BUSINESS_SENTIMENT,업종별 자동판정에 쓰지 않는다. 전국 업종 BSI 를 창원국가산단 개별 업종의 신호라고 부르지 않는다.
2021Q1,전국(업종),C1700,펄프·종이,AJ,인력사정BSI,목재종이,A,80.33,3,,,True,512Y007,전국,national_by_industry,CONTEXT / BUSINESS_SENTIMENT,업종별 자동판정에 쓰지 않는다. 전국 업종 BSI 를 창원국가산단 개별 업종의 신호라고 부르지 않는다.
2021Q2,전국(업종),C1700,펄프·종이,AJ,인력사정BSI,목재종이,A,76.33,3,,,True,512Y007,전국,national_by_industry,CONTEXT / BUSINESS_SENTIMENT,업종별 자동판정에 쓰지 않는다. 전국 업종 BSI 를 창원국가산단 개별 업종의 신호라고 부르지 않는다.
2021Q3,전국(업종),C1700,펄프·종이,AJ,인력사정BSI,목재종이,A,77.0,3,,,True,512Y007,전국,national_by_industry,CONTEXT / BUSINESS_SENTIMENT,업종별 자동판정에 쓰지 않는다. 전국 업종 BSI 를 창원국가산단 개별 업종의 신호라고 부르지 않는다.
2021Q4,전국(업종),C1700,펄프·종이,AJ,인력사정BSI,목재종이,A,74.67,3,,,True,512Y007,전국,national_by_industry,CONTEXT / BUSINESS_SENTIMENT,업종별 자동판정에 쓰지 않는다. 전국 업종 BSI 를 창원국가산단 개별 업종의 신호라고 부르지 않는다.
2022Q1,전국(업종),C1700,펄프·종이,AJ,인력사정BSI,목재종이,A,73.0,3,80.33,-7.33,True,512Y007,전국,national_by_industry,CONTEXT / BUSINESS_SENTIMENT,업종별 자동판정에 쓰지 않는다. 전국 업종 BSI 를 창원국가산단 개별 업종의 신호라고 부르지 않는다.
2022Q2,전국(업종),C1700,펄프·종이,AJ,인력사정BSI,목재종이,A,71.0,3,76.33,-5.33,True,512Y007,전국,national_by_industry,CONTEXT / BUSINESS_SENTIMENT,업종별 자동판정에 쓰지 않는다. 전국 업종 BSI 를 창원국가산단 개별 업종의 신호라고 부르지 않는다.
2022Q3,전국(업종),C1700,펄프·종이,AJ,인력사정BSI,목재종이,A,66.67,3,77.0,-10.33,True,512Y007,전국,national_by_industry,CONTEXT / BUSINESS_SENTIMENT,업종별 자동판정에 쓰지 않는다. 전국 업종 BSI 를 창원국가산단 개별 업종의 신호라고 부르지 않는다.
2022Q4,전국(업종),C1700,펄프·종이,AJ,인력사정BSI,목재종이,A,73.33,3,74.67,-1.34,True,512Y007,전국,national_by_industry,CONTEXT / BUSINESS_SENTIMENT,업종별 자동판정에 쓰지 않는다. 전국 업종 BSI 를 창원국가산단 개별 업종의 신호라고 부르지 않는다.
2023Q1,전국(업종),C1700,펄프·종이,AJ,인력사정BSI,목재종이,A,78.67,3,73.0,5.67,True,512Y007,전국,national_by_industry,CONTEXT / BUSINESS_SENTIMENT,업종별 자동판정에 쓰지 않는다. 전국 업종 BSI 를 창원국가산단 개별 업종의 신호라고 부르지 않는다.
2023Q2,전국(업종),C1700,펄프·종이,AJ,인력사정BSI,목재종이,A,80.67,3,71.0,9.67,True,512Y007,전국,national_by_industry,CONTEXT / BUSINESS_SENTIMENT,업종별 자동판정에 쓰지 않는다. 전국 업종 BSI 를 창원국가산단 개별 업종의 신호라고 부르지 않는다.
2023Q3,전국(업종),C1700,펄프·종이,AJ,인력사정BSI,목재종이,A,81.33,3,66.67,14.66,True,512Y007,전국,national_by_industry,CONTEXT / BUSINESS_SENTIMENT,업종별 자동판정에 쓰지 않는다. 전국 업종 BSI 를 창원국가산단 개별 업종의 신호라고 부르지 않는다.
2023Q4,전국(업종),C1700,펄프·종이,AJ,인력사정BSI,목재종이,A,76.33,3,73.33,3.0,True,512Y007,전국,national_by_industry,CONTEXT / BUSINESS_SENTIMENT,업종별 자동판정에 쓰지 않는다. 전국 업종 BSI 를 창원국가산단 개별 업종의 신호라고 부르지 않는다.
2024Q1,전국(업종),C1700,펄프·종이,AJ,인력사정BSI,목재종이,A,78.33,3,78.67,-0.34,True,512Y007,전국,national_by_industry,CONTEXT / BUSINESS_SENTIMENT,업종별 자동판정에 쓰지 않는다. 전국 업종 BSI 를 창원국가산단 개별 업종의 신호라고 부르지 않는다.
2024Q2,전국(업종),C1700,펄프·종이,AJ,인력사정BSI,목재종이,A,82.0,3,80.67,1.33,True,512Y007,전국,national_by_industry,CONTEXT / BUSINESS_SENTIMENT,업종별 자동판정에 쓰지 않는다. 전국 업종 BSI 를 창원국가산단 개별 업종의 신호라고 부르지 않는다.
2024Q3,전국(업종),C1700,펄프·종이,AJ,인력사정BSI,목재종이,A,78.33,3,81.33,-3.0,True,512Y007,전국,national_by_industry,CONTEXT / BUSINESS_SENTIMENT,업종별 자동판정에 쓰지 않는다. 전국 업종 BSI 를 창원국가산단 개별 업종의 신호라고 부르지 않는다.
2024Q4,전국(업종),C1700,펄프·종이,AJ,인력사정BSI,목재종이,A,86.33,3,76.33,10.0,True,512Y007,전국,national_by_industry,CONTEXT / BUSINESS_SENTIMENT,업종별 자동판정에 쓰지 않는다. 전국 업종 BSI 를 창원국가산단 개별 업종의 신호라고 부르지 않는다.
2025Q1,전국(업종),C1700,펄프·종이,AJ,인력사정BSI,목재종이,A,86.33,3,78.33,8.0,True,512Y007,전국,national_by_industry,CONTEXT / BUSINESS_SENTIMENT,업종별 자동판정에 쓰지 않는다. 전국 업종 BSI 를 창원국가산단 개별 업종의 신호라고 부르지 않는다.
2025Q2,전국(업종),C1700,펄프·종이,AJ,인력사정BSI,목재종이,A,87.67,3,82.0,5.67,True,512Y007,전국,national_by_industry,CONTEXT / BUSINESS_SENTIMENT,업종별 자동판정에 쓰지 않는다. 전국 업종 BSI 를 창원국가산단 개별 업종의 신호라고 부르지 않는다.
2025Q3,전국(업종),C1700,펄프·종이,AJ,인력사정BSI,목재종이,A,86.0,3,78.33,7.67,True,512Y007,전국,national_by_industry,CONTEXT / BUSINESS_SENTIMENT,업종별 자동판정에 쓰지 않는다. 전국 업종 BSI 를 창원국가산단 개별 업종의 신호라고 부르지 않는다.
2025Q4,전국(업종),C1700,펄프·종이,AJ,인력사정BSI,목재종이,A,87.33,3,86.33,1.0,True,512Y007,전국,national_by_industry,CONTEXT / BUSINESS_SENTIMENT,업종별 자동판정에 쓰지 않는다. 전국 업종 BSI 를 창원국가산단 개별 업종의 신호라고 부르지 않는다.
2026Q1,전국(업종),C1700,펄프·종이,AJ,인력사정BSI,목재종이,A,89.0,3,86.33,2.67,True,512Y007,전국,national_by_industry,CONTEXT / BUSINESS_SENTIMENT,업종별 자동판정에 쓰지 않는다. 전국 업종 BSI 를 창원국가산단 개별 업종의 신호라고 부르지 않는다.
2026Q2,전국(업종),C1700,펄프·종이,AJ,인력사정BSI,목재종이,A,95.0,3,87.67,7.33,True,512Y007,전국,national_by_industry,CONTEXT / BUSINESS_SENTIMENT,업종별 자동판정에 쓰지 않는다. 전국 업종 BSI 를 창원국가산단 개별 업종의 신호라고 부르지 않는다.
2026Q3,전국(업종),C1700,펄프·종이,AJ,인력사정BSI,목재종이,A,92.5,2,86.0,6.5,True,512Y007,전국,national_by_industry,CONTEXT / BUSINESS_SENTIMENT,업종별 자동판정에 쓰지 않는다. 전국 업종 BSI 를 창원국가산단 개별 업종의 신호라고 부르지 않는다.
2021Q1,전국(업종),C1700,펄프·종이,AK,가동률BSI,목재종이,A,95.0,3,,,True,512Y007,전국,national_by_industry,CONTEXT / BUSINESS_SENTIMENT,업종별 자동판정에 쓰지 않는다. 전국 업종 BSI 를 창원국가산단 개별 업종의 신호라고 부르지 않는다.
2021Q2,전국(업종),C1700,펄프·종이,AK,가동률BSI,목재종이,A,93.33,3,,,True,512Y007,전국,national_by_industry,CONTEXT / BUSINESS_SENTIMENT,업종별 자동판정에 쓰지 않는다. 전국 업종 BSI 를 창원국가산단 개별 업종의 신호라고 부르지 않는다.
2021Q3,전국(업종),C1700,펄프·종이,AK,가동률BSI,목재종이,A,89.67,3,,,True,512Y007,전국,national_by_industry,CONTEXT / BUSINESS_SENTIMENT,업종별 자동판정에 쓰지 않는다. 전국 업종 BSI 를 창원국가산단 개별 업종의 신호라고 부르지 않는다.
2021Q4,전국(업종),C1700,펄프·종이,AK,가동률BSI,목재종이,A,90.33,3,,,True,512Y007,전국,national_by_industry,CONTEXT / BUSINESS_SENTIMENT,업종별 자동판정에 쓰지 않는다. 전국 업종 BSI 를 창원국가산단 개별 업종의 신호라고 부르지 않는다.
2022Q1,전국(업종),C1700,펄프·종이,AK,가동률BSI,목재종이,A,89.33,3,95.0,-5.67,True,512Y007,전국,national_by_industry,CONTEXT / BUSINESS_SENTIMENT,업종별 자동판정에 쓰지 않는다. 전국 업종 BSI 를 창원국가산단 개별 업종의 신호라고 부르지 않는다.
2022Q2,전국(업종),C1700,펄프·종이,AK,가동률BSI,목재종이,A,90.67,3,93.33,-2.66,True,512Y007,전국,national_by_industry,CONTEXT / BUSINESS_SENTIMENT,업종별 자동판정에 쓰지 않는다. 전국 업종 BSI 를 창원국가산단 개별 업종의 신호라고 부르지 않는다.
2022Q3,전국(업종),C1700,펄프·종이,AK,가동률BSI,목재종이,A,89.33,3,89.67,-0.34,True,512Y007,전국,national_by_industry,CONTEXT / BUSINESS_SENTIMENT,업종별 자동판정에 쓰지 않는다. 전국 업종 BSI 를 창원국가산단 개별 업종의 신호라고 부르지 않는다.
2022Q4,전국(업종),C1700,펄프·종이,AK,가동률BSI,목재종이,A,79.67,3,90.33,-10.66,True,512Y007,전국,national_by_industry,CONTEXT / BUSINESS_SENTIMENT,업종별 자동판정에 쓰지 않는다. 전국 업종 BSI 를 창원국가산단 개별 업종의 신호라고 부르지 않는다.
2023Q1,전국(업종),C1700,펄프·종이,AK,가동률BSI,목재종이,A,72.33,3,89.33,-17.0,True,512Y007,전국,national_by_industry,CONTEXT / BUSINESS_SENTIMENT,업종별 자동판정에 쓰지 않는다. 전국 업종 BSI 를 창원국가산단 개별 업종의 신호라고 부르지 않는다.
2023Q2,전국(업종),C1700,펄프·종이,AK,가동률BSI,목재종이,A,73.33,3,90.67,-17.34,True,512Y007,전국,national_by_industry,CONTEXT / BUSINESS_SENTIMENT,업종별 자동판정에 쓰지 않는다. 전국 업종 BSI 를 창원국가산단 개별 업종의 신호라고 부르지 않는다.
2023Q3,전국(업종),C1700,펄프·종이,AK,가동률BSI,목재종이,A,75.0,3,89.33,-14.33,True,512Y007,전국,national_by_industry,CONTEXT / BUSINESS_SENTIMENT,업종별 자동판정에 쓰지 않는다. 전국 업종 BSI 를 창원국가산단 개별 업종의 신호라고 부르지 않는다.
2023Q4,전국(업종),C1700,펄프·종이,AK,가동률BSI,목재종이,A,80.33,3,79.67,0.66,True,512Y007,전국,national_by_industry,CONTEXT / BUSINESS_SENTIMENT,업종별 자동판정에 쓰지 않는다. 전국 업종 BSI 를 창원국가산단 개별 업종의 신호라고 부르지 않는다.
2024Q1,전국(업종),C1700,펄프·종이,AK,가동률BSI,목재종이,A,84.33,3,72.33,12.0,True,512Y007,전국,national_by_industry,CONTEXT / BUSINESS_SENTIMENT,업종별 자동판정에 쓰지 않는다. 전국 업종 BSI 를 창원국가산단 개별 업종의 신호라고 부르지 않는다.
2024Q2,전국(업종),C1700,펄프·종이,AK,가동률BSI,목재종이,A,83.0,3,73.33,9.67,True,512Y007,전국,national_by_industry,CONTEXT / BUSINESS_SENTIMENT,업종별 자동판정에 쓰지 않는다. 전국 업종 BSI 를 창원국가산단 개별 업종의 신호라고 부르지 않는다.
2024Q3,전국(업종),C1700,펄프·종이,AK,가동률BSI,목재종이,A,78.33,3,75.0,3.33,True,512Y007,전국,national_by_industry,CONTEXT / BUSINESS_SENTIMENT,업종별 자동판정에 쓰지 않는다. 전국 업종 BSI 를 창원국가산단 개별 업종의 신호라고 부르지 않는다.
2024Q4,전국(업종),C1700,펄프·종이,AK,가동률BSI,목재종이,A,81.0,3,80.33,0.67,True,512Y007,전국,national_by_industry,CONTEXT / BUSINESS_SENTIMENT,업종별 자동판정에 쓰지 않는다. 전국 업종 BSI 를 창원국가산단 개별 업종의 신호라고 부르지 않는다.
2025Q1,전국(업종),C1700,펄프·종이,AK,가동률BSI,목재종이,A,78.33,3,84.33,-6.0,True,512Y007,전국,national_by_industry,CONTEXT / BUSINESS_SENTIMENT,업종별 자동판정에 쓰지 않는다. 전국 업종 BSI 를 창원국가산단 개별 업종의 신호라고 부르지 않는다.
2025Q2,전국(업종),C1700,펄프·종이,AK,가동률BSI,목재종이,A,75.67,3,83.0,-7.33,True,512Y007,전국,national_by_industry,CONTEXT / BUSINESS_SENTIMENT,업종별 자동판정에 쓰지 않는다. 전국 업종 BSI 를 창원국가산단 개별 업종의 신호라고 부르지 않는다.
2025Q3,전국(업종),C1700,펄프·종이,AK,가동률BSI,목재종이,A,76.0,3,78.33,-2.33,True,512Y007,전국,national_by_industry,CONTEXT / BUSINESS_SENTIMENT,업종별 자동판정에 쓰지 않는다. 전국 업종 BSI 를 창원국가산단 개별 업종의 신호라고 부르지 않는다.
2025Q4,전국(업종),C1700,펄프·종이,AK,가동률BSI,목재종이,A,79.33,3,81.0,-1.67,True,512Y007,전국,national_by_industry,CONTEXT / BUSINESS_SENTIMENT,업종별 자동판정에 쓰지 않는다. 전국 업종 BSI 를 창원국가산단 개별 업종의 신호라고 부르지 않는다.
2026Q1,전국(업종),C1700,펄프·종이,AK,가동률BSI,목재종이,A,82.67,3,78.33,4.34,True,512Y007,전국,national_by_industry,CONTEXT / BUSINESS_SENTIMENT,업종별 자동판정에 쓰지 않는다. 전국 업종 BSI 를 창원국가산단 개별 업종의 신호라고 부르지 않는다.
2026Q2,전국(업종),C1700,펄프·종이,AK,가동률BSI,목재종이,A,91.0,3,75.67,15.33,True,512Y007,전국,national_by_industry,CONTEXT / BUSINESS_SENTIMENT,업종별 자동판정에 쓰지 않는다. 전국 업종 BSI 를 창원국가산단 개별 업종의 신호라고 부르지 않는다.
2026Q3,전국(업종),C1700,펄프·종이,AK,가동률BSI,목재종이,A,85.5,2,76.0,9.5,True,512Y007,전국,national_by_industry,CONTEXT / BUSINESS_SENTIMENT,업종별 자동판정에 쓰지 않는다. 전국 업종 BSI 를 창원국가산단 개별 업종의 신호라고 부르지 않는다.
2021Q1,전국(업종),C1900,석유정제·코크스,AA,업황BSI,석유화학,A,78.0,3,,,True,512Y007,전국,national_by_industry,CONTEXT / BUSINESS_SENTIMENT,업종별 자동판정에 쓰지 않는다. 전국 업종 BSI 를 창원국가산단 개별 업종의 신호라고 부르지 않는다.
2021Q2,전국(업종),C1900,석유정제·코크스,AA,업황BSI,석유화학,A,91.33,3,,,True,512Y007,전국,national_by_industry,CONTEXT / BUSINESS_SENTIMENT,업종별 자동판정에 쓰지 않는다. 전국 업종 BSI 를 창원국가산단 개별 업종의 신호라고 부르지 않는다.
2021Q3,전국(업종),C1900,석유정제·코크스,AA,업황BSI,석유화학,A,86.67,3,,,True,512Y007,전국,national_by_industry,CONTEXT / BUSINESS_SENTIMENT,업종별 자동판정에 쓰지 않는다. 전국 업종 BSI 를 창원국가산단 개별 업종의 신호라고 부르지 않는다.
2021Q4,전국(업종),C1900,석유정제·코크스,AA,업황BSI,석유화학,A,96.33,3,,,True,512Y007,전국,national_by_industry,CONTEXT / BUSINESS_SENTIMENT,업종별 자동판정에 쓰지 않는다. 전국 업종 BSI 를 창원국가산단 개별 업종의 신호라고 부르지 않는다.
2022Q1,전국(업종),C1900,석유정제·코크스,AA,업황BSI,석유화학,A,88.67,3,78.0,10.67,True,512Y007,전국,national_by_industry,CONTEXT / BUSINESS_SENTIMENT,업종별 자동판정에 쓰지 않는다. 전국 업종 BSI 를 창원국가산단 개별 업종의 신호라고 부르지 않는다.
2022Q2,전국(업종),C1900,석유정제·코크스,AA,업황BSI,석유화학,A,87.0,3,91.33,-4.33,True,512Y007,전국,national_by_industry,CONTEXT / BUSINESS_SENTIMENT,업종별 자동판정에 쓰지 않는다. 전국 업종 BSI 를 창원국가산단 개별 업종의 신호라고 부르지 않는다.
2022Q3,전국(업종),C1900,석유정제·코크스,AA,업황BSI,석유화학,A,72.0,3,86.67,-14.67,True,512Y007,전국,national_by_industry,CONTEXT / BUSINESS_SENTIMENT,업종별 자동판정에 쓰지 않는다. 전국 업종 BSI 를 창원국가산단 개별 업종의 신호라고 부르지 않는다.
2022Q4,전국(업종),C1900,석유정제·코크스,AA,업황BSI,석유화학,A,78.67,3,96.33,-17.66,True,512Y007,전국,national_by_industry,CONTEXT / BUSINESS_SENTIMENT,업종별 자동판정에 쓰지 않는다. 전국 업종 BSI 를 창원국가산단 개별 업종의 신호라고 부르지 않는다.
2023Q1,전국(업종),C1900,석유정제·코크스,AA,업황BSI,석유화학,A,84.0,3,88.67,-4.67,True,512Y007,전국,national_by_industry,CONTEXT / BUSINESS_SENTIMENT,업종별 자동판정에 쓰지 않는다. 전국 업종 BSI 를 창원국가산단 개별 업종의 신호라고 부르지 않는다.
2023Q2,전국(업종),C1900,석유정제·코크스,AA,업황BSI,석유화학,A,82.33,3,87.0,-4.67,True,512Y007,전국,national_by_industry,CONTEXT / BUSINESS_SENTIMENT,업종별 자동판정에 쓰지 않는다. 전국 업종 BSI 를 창원국가산단 개별 업종의 신호라고 부르지 않는다.
2023Q3,전국(업종),C1900,석유정제·코크스,AA,업황BSI,석유화학,A,86.67,3,72.0,14.67,True,512Y007,전국,national_by_industry,CONTEXT / BUSINESS_SENTIMENT,업종별 자동판정에 쓰지 않는다. 전국 업종 BSI 를 창원국가산단 개별 업종의 신호라고 부르지 않는다.
2023Q4,전국(업종),C1900,석유정제·코크스,AA,업황BSI,석유화학,A,84.67,3,78.67,6.0,True,512Y007,전국,national_by_industry,CONTEXT / BUSINESS_SENTIMENT,업종별 자동판정에 쓰지 않는다. 전국 업종 BSI 를 창원국가산단 개별 업종의 신호라고 부르지 않는다.
2024Q1,전국(업종),C1900,석유정제·코크스,AA,업황BSI,석유화학,A,78.67,3,84.0,-5.33,True,512Y007,전국,national_by_industry,CONTEXT / BUSINESS_SENTIMENT,업종별 자동판정에 쓰지 않는다. 전국 업종 BSI 를 창원국가산단 개별 업종의 신호라고 부르지 않는다.
2024Q2,전국(업종),C1900,석유정제·코크스,AA,업황BSI,석유화학,A,78.33,3,82.33,-4.0,True,512Y007,전국,national_by_industry,CONTEXT / BUSINESS_SENTIMENT,업종별 자동판정에 쓰지 않는다. 전국 업종 BSI 를 창원국가산단 개별 업종의 신호라고 부르지 않는다.
2024Q3,전국(업종),C1900,석유정제·코크스,AA,업황BSI,석유화학,A,76.67,3,86.67,-10.0,True,512Y007,전국,national_by_industry,CONTEXT / BUSINESS_SENTIMENT,업종별 자동판정에 쓰지 않는다. 전국 업종 BSI 를 창원국가산단 개별 업종의 신호라고 부르지 않는다.
2024Q4,전국(업종),C1900,석유정제·코크스,AA,업황BSI,석유화학,A,76.0,3,84.67,-8.67,True,512Y007,전국,national_by_industry,CONTEXT / BUSINESS_SENTIMENT,업종별 자동판정에 쓰지 않는다. 전국 업종 BSI 를 창원국가산단 개별 업종의 신호라고 부르지 않는다.
2025Q1,전국(업종),C1900,석유정제·코크스,AA,업황BSI,석유화학,A,62.0,3,78.67,-16.67,True,512Y007,전국,national_by_industry,CONTEXT / BUSINESS_SENTIMENT,업종별 자동판정에 쓰지 않는다. 전국 업종 BSI 를 창원국가산단 개별 업종의 신호라고 부르지 않는다.
2025Q2,전국(업종),C1900,석유정제·코크스,AA,업황BSI,석유화학,A,70.0,3,78.33,-8.33,True,512Y007,전국,national_by_industry,CONTEXT / BUSINESS_SENTIMENT,업종별 자동판정에 쓰지 않는다. 전국 업종 BSI 를 창원국가산단 개별 업종의 신호라고 부르지 않는다.
2025Q3,전국(업종),C1900,석유정제·코크스,AA,업황BSI,석유화학,A,70.67,3,76.67,-6.0,True,512Y007,전국,national_by_industry,CONTEXT / BUSINESS_SENTIMENT,업종별 자동판정에 쓰지 않는다. 전국 업종 BSI 를 창원국가산단 개별 업종의 신호라고 부르지 않는다.
2025Q4,전국(업종),C1900,석유정제·코크스,AA,업황BSI,석유화학,A,77.33,3,76.0,1.33,True,512Y007,전국,national_by_industry,CONTEXT / BUSINESS_SENTIMENT,업종별 자동판정에 쓰지 않는다. 전국 업종 BSI 를 창원국가산단 개별 업종의 신호라고 부르지 않는다.
2026Q1,전국(업종),C1900,석유정제·코크스,AA,업황BSI,석유화학,A,77.0,3,62.0,15.0,True,512Y007,전국,national_by_industry,CONTEXT / BUSINESS_SENTIMENT,업종별 자동판정에 쓰지 않는다. 전국 업종 BSI 를 창원국가산단 개별 업종의 신호라고 부르지 않는다.
2026Q2,전국(업종),C1900,석유정제·코크스,AA,업황BSI,석유화학,A,76.0,3,70.0,6.0,True,512Y007,전국,national_by_industry,CONTEXT / BUSINESS_SENTIMENT,업종별 자동판정에 쓰지 않는다. 전국 업종 BSI 를 창원국가산단 개별 업종의 신호라고 부르지 않는다.
2026Q3,전국(업종),C1900,석유정제·코크스,AA,업황BSI,석유화학,A,88.5,2,70.67,17.83,True,512Y007,전국,national_by_industry,CONTEXT / BUSINESS_SENTIMENT,업종별 자동판정에 쓰지 않는다. 전국 업종 BSI 를 창원국가산단 개별 업종의 신호라고 부르지 않는다.
2021Q1,전국(업종),C1900,석유정제·코크스,AC,생산BSI,석유화학,A,77.67,3,,,True,512Y007,전국,national_by_industry,CONTEXT / BUSINESS_SENTIMENT,업종별 자동판정에 쓰지 않는다. 전국 업종 BSI 를 창원국가산단 개별 업종의 신호라고 부르지 않는다.
2021Q2,전국(업종),C1900,석유정제·코크스,AC,생산BSI,석유화학,A,97.67,3,,,True,512Y007,전국,national_by_industry,CONTEXT / BUSINESS_SENTIMENT,업종별 자동판정에 쓰지 않는다. 전국 업종 BSI 를 창원국가산단 개별 업종의 신호라고 부르지 않는다.
2021Q3,전국(업종),C1900,석유정제·코크스,AC,생산BSI,석유화학,A,111.67,3,,,False,512Y007,전국,national_by_industry,CONTEXT / BUSINESS_SENTIMENT,업종별 자동판정에 쓰지 않는다. 전국 업종 BSI 를 창원국가산단 개별 업종의 신호라고 부르지 않는다.
2021Q4,전국(업종),C1900,석유정제·코크스,AC,생산BSI,석유화학,A,115.33,3,,,False,512Y007,전국,national_by_industry,CONTEXT / BUSINESS_SENTIMENT,업종별 자동판정에 쓰지 않는다. 전국 업종 BSI 를 창원국가산단 개별 업종의 신호라고 부르지 않는다.
2022Q1,전국(업종),C1900,석유정제·코크스,AC,생산BSI,석유화학,A,122.0,3,77.67,44.33,False,512Y007,전국,national_by_industry,CONTEXT / BUSINESS_SENTIMENT,업종별 자동판정에 쓰지 않는다. 전국 업종 BSI 를 창원국가산단 개별 업종의 신호라고 부르지 않는다.
2022Q2,전국(업종),C1900,석유정제·코크스,AC,생산BSI,석유화학,A,105.0,3,97.67,7.33,False,512Y007,전국,national_by_industry,CONTEXT / BUSINESS_SENTIMENT,업종별 자동판정에 쓰지 않는다. 전국 업종 BSI 를 창원국가산단 개별 업종의 신호라고 부르지 않는다.
2022Q3,전국(업종),C1900,석유정제·코크스,AC,생산BSI,석유화학,A,99.0,3,111.67,-12.67,True,512Y007,전국,national_by_industry,CONTEXT / BUSINESS_SENTIMENT,업종별 자동판정에 쓰지 않는다. 전국 업종 BSI 를 창원국가산단 개별 업종의 신호라고 부르지 않는다.
2022Q4,전국(업종),C1900,석유정제·코크스,AC,생산BSI,석유화학,A,104.0,3,115.33,-11.33,False,512Y007,전국,national_by_industry,CONTEXT / BUSINESS_SENTIMENT,업종별 자동판정에 쓰지 않는다. 전국 업종 BSI 를 창원국가산단 개별 업종의 신호라고 부르지 않는다.
2023Q1,전국(업종),C1900,석유정제·코크스,AC,생산BSI,석유화학,A,98.67,3,122.0,-23.33,True,512Y007,전국,national_by_industry,CONTEXT / BUSINESS_SENTIMENT,업종별 자동판정에 쓰지 않는다. 전국 업종 BSI 를 창원국가산단 개별 업종의 신호라고 부르지 않는다.
2023Q2,전국(업종),C1900,석유정제·코크스,AC,생산BSI,석유화학,A,98.0,3,105.0,-7.0,True,512Y007,전국,national_by_industry,CONTEXT / BUSINESS_SENTIMENT,업종별 자동판정에 쓰지 않는다. 전국 업종 BSI 를 창원국가산단 개별 업종의 신호라고 부르지 않는다.
2023Q3,전국(업종),C1900,석유정제·코크스,AC,생산BSI,석유화학,A,90.33,3,99.0,-8.67,True,512Y007,전국,national_by_industry,CONTEXT / BUSINESS_SENTIMENT,업종별 자동판정에 쓰지 않는다. 전국 업종 BSI 를 창원국가산단 개별 업종의 신호라고 부르지 않는다.
2023Q4,전국(업종),C1900,석유정제·코크스,AC,생산BSI,석유화학,A,93.0,3,104.0,-11.0,True,512Y007,전국,national_by_industry,CONTEXT / BUSINESS_SENTIMENT,업종별 자동판정에 쓰지 않는다. 전국 업종 BSI 를 창원국가산단 개별 업종의 신호라고 부르지 않는다.
2024Q1,전국(업종),C1900,석유정제·코크스,AC,생산BSI,석유화학,A,94.0,3,98.67,-4.67,True,512Y007,전국,national_by_industry,CONTEXT / BUSINESS_SENTIMENT,업종별 자동판정에 쓰지 않는다. 전국 업종 BSI 를 창원국가산단 개별 업종의 신호라고 부르지 않는다.
2024Q2,전국(업종),C1900,석유정제·코크스,AC,생산BSI,석유화학,A,98.67,3,98.0,0.67,True,512Y007,전국,national_by_industry,CONTEXT / BUSINESS_SENTIMENT,업종별 자동판정에 쓰지 않는다. 전국 업종 BSI 를 창원국가산단 개별 업종의 신호라고 부르지 않는다.
2024Q3,전국(업종),C1900,석유정제·코크스,AC,생산BSI,석유화학,A,86.33,3,90.33,-4.0,True,512Y007,전국,national_by_industry,CONTEXT / BUSINESS_SENTIMENT,업종별 자동판정에 쓰지 않는다. 전국 업종 BSI 를 창원국가산단 개별 업종의 신호라고 부르지 않는다.
2024Q4,전국(업종),C1900,석유정제·코크스,AC,생산BSI,석유화학,A,85.67,3,93.0,-7.33,True,512Y007,전국,national_by_industry,CONTEXT / BUSINESS_SENTIMENT,업종별 자동판정에 쓰지 않는다. 전국 업종 BSI 를 창원국가산단 개별 업종의 신호라고 부르지 않는다.
2025Q1,전국(업종),C1900,석유정제·코크스,AC,생산BSI,석유화학,A,82.33,3,94.0,-11.67,True,512Y007,전국,national_by_industry,CONTEXT / BUSINESS_SENTIMENT,업종별 자동판정에 쓰지 않는다. 전국 업종 BSI 를 창원국가산단 개별 업종의 신호라고 부르지 않는다.
2025Q2,전국(업종),C1900,석유정제·코크스,AC,생산BSI,석유화학,A,81.67,3,98.67,-17.0,True,512Y007,전국,national_by_industry,CONTEXT / BUSINESS_SENTIMENT,업종별 자동판정에 쓰지 않는다. 전국 업종 BSI 를 창원국가산단 개별 업종의 신호라고 부르지 않는다.
2025Q3,전국(업종),C1900,석유정제·코크스,AC,생산BSI,석유화학,A,78.33,3,86.33,-8.0,True,512Y007,전국,national_by_industry,CONTEXT / BUSINESS_SENTIMENT,업종별 자동판정에 쓰지 않는다. 전국 업종 BSI 를 창원국가산단 개별 업종의 신호라고 부르지 않는다.
2025Q4,전국(업종),C1900,석유정제·코크스,AC,생산BSI,석유화학,A,84.67,3,85.67,-1.0,True,512Y007,전국,national_by_industry,CONTEXT / BUSINESS_SENTIMENT,업종별 자동판정에 쓰지 않는다. 전국 업종 BSI 를 창원국가산단 개별 업종의 신호라고 부르지 않는다.
2026Q1,전국(업종),C1900,석유정제·코크스,AC,생산BSI,석유화학,A,87.33,3,82.33,5.0,True,512Y007,전국,national_by_industry,CONTEXT / BUSINESS_SENTIMENT,업종별 자동판정에 쓰지 않는다. 전국 업종 BSI 를 창원국가산단 개별 업종의 신호라고 부르지 않는다.
2026Q2,전국(업종),C1900,석유정제·코크스,AC,생산BSI,석유화학,A,78.33,3,81.67,-3.34,True,512Y007,전국,national_by_industry,CONTEXT / BUSINESS_SENTIMENT,업종별 자동판정에 쓰지 않는다. 전국 업종 BSI 를 창원국가산단 개별 업종의 신호라고 부르지 않는다.
2026Q3,전국(업종),C1900,석유정제·코크스,AC,생산BSI,석유화학,A,92.5,2,78.33,14.17,True,512Y007,전국,national_by_industry,CONTEXT / BUSINESS_SENTIMENT,업종별 자동판정에 쓰지 않는다. 전국 업종 BSI 를 창원국가산단 개별 업종의 신호라고 부르지 않는다.
2021Q1,전국(업종),C1900,석유정제·코크스,AD,신규수주BSI,석유화학,A,74.0,3,,,True,512Y007,전국,national_by_industry,CONTEXT / BUSINESS_SENTIMENT,업종별 자동판정에 쓰지 않는다. 전국 업종 BSI 를 창원국가산단 개별 업종의 신호라고 부르지 않는다.
2021Q2,전국(업종),C1900,석유정제·코크스,AD,신규수주BSI,석유화학,A,101.33,3,,,False,512Y007,전국,national_by_industry,CONTEXT / BUSINESS_SENTIMENT,업종별 자동판정에 쓰지 않는다. 전국 업종 BSI 를 창원국가산단 개별 업종의 신호라고 부르지 않는다.
2021Q3,전국(업종),C1900,석유정제·코크스,AD,신규수주BSI,석유화학,A,94.0,3,,,True,512Y007,전국,national_by_industry,CONTEXT / BUSINESS_SENTIMENT,업종별 자동판정에 쓰지 않는다. 전국 업종 BSI 를 창원국가산단 개별 업종의 신호라고 부르지 않는다.
2021Q4,전국(업종),C1900,석유정제·코크스,AD,신규수주BSI,석유화학,A,106.33,3,,,False,512Y007,전국,national_by_industry,CONTEXT / BUSINESS_SENTIMENT,업종별 자동판정에 쓰지 않는다. 전국 업종 BSI 를 창원국가산단 개별 업종의 신호라고 부르지 않는다.
2022Q1,전국(업종),C1900,석유정제·코크스,AD,신규수주BSI,석유화학,A,111.33,3,74.0,37.33,False,512Y007,전국,national_by_industry,CONTEXT / BUSINESS_SENTIMENT,업종별 자동판정에 쓰지 않는다. 전국 업종 BSI 를 창원국가산단 개별 업종의 신호라고 부르지 않는다.
2022Q2,전국(업종),C1900,석유정제·코크스,AD,신규수주BSI,석유화학,A,95.0,3,101.33,-6.33,True,512Y007,전국,national_by_industry,CONTEXT / BUSINESS_SENTIMENT,업종별 자동판정에 쓰지 않는다. 전국 업종 BSI 를 창원국가산단 개별 업종의 신호라고 부르지 않는다.
2022Q3,전국(업종),C1900,석유정제·코크스,AD,신규수주BSI,석유화학,A,78.67,3,94.0,-15.33,True,512Y007,전국,national_by_industry,CONTEXT / BUSINESS_SENTIMENT,업종별 자동판정에 쓰지 않는다. 전국 업종 BSI 를 창원국가산단 개별 업종의 신호라고 부르지 않는다.
2022Q4,전국(업종),C1900,석유정제·코크스,AD,신규수주BSI,석유화학,A,94.67,3,106.33,-11.66,True,512Y007,전국,national_by_industry,CONTEXT / BUSINESS_SENTIMENT,업종별 자동판정에 쓰지 않는다. 전국 업종 BSI 를 창원국가산단 개별 업종의 신호라고 부르지 않는다.
2023Q1,전국(업종),C1900,석유정제·코크스,AD,신규수주BSI,석유화학,A,85.0,3,111.33,-26.33,True,512Y007,전국,national_by_industry,CONTEXT / BUSINESS_SENTIMENT,업종별 자동판정에 쓰지 않는다. 전국 업종 BSI 를 창원국가산단 개별 업종의 신호라고 부르지 않는다.
2023Q2,전국(업종),C1900,석유정제·코크스,AD,신규수주BSI,석유화학,A,96.67,3,95.0,1.67,True,512Y007,전국,national_by_industry,CONTEXT / BUSINESS_SENTIMENT,업종별 자동판정에 쓰지 않는다. 전국 업종 BSI 를 창원국가산단 개별 업종의 신호라고 부르지 않는다.
2023Q3,전국(업종),C1900,석유정제·코크스,AD,신규수주BSI,석유화학,A,98.67,3,78.67,20.0,True,512Y007,전국,national_by_industry,CONTEXT / BUSINESS_SENTIMENT,업종별 자동판정에 쓰지 않는다. 전국 업종 BSI 를 창원국가산단 개별 업종의 신호라고 부르지 않는다.
2023Q4,전국(업종),C1900,석유정제·코크스,AD,신규수주BSI,석유화학,A,82.33,3,94.67,-12.34,True,512Y007,전국,national_by_industry,CONTEXT / BUSINESS_SENTIMENT,업종별 자동판정에 쓰지 않는다. 전국 업종 BSI 를 창원국가산단 개별 업종의 신호라고 부르지 않는다.
2024Q1,전국(업종),C1900,석유정제·코크스,AD,신규수주BSI,석유화학,A,78.67,3,85.0,-6.33,True,512Y007,전국,national_by_industry,CONTEXT / BUSINESS_SENTIMENT,업종별 자동판정에 쓰지 않는다. 전국 업종 BSI 를 창원국가산단 개별 업종의 신호라고 부르지 않는다.
2024Q2,전국(업종),C1900,석유정제·코크스,AD,신규수주BSI,석유화학,A,84.33,3,96.67,-12.34,True,512Y007,전국,national_by_industry,CONTEXT / BUSINESS_SENTIMENT,업종별 자동판정에 쓰지 않는다. 전국 업종 BSI 를 창원국가산단 개별 업종의 신호라고 부르지 않는다.
2024Q3,전국(업종),C1900,석유정제·코크스,AD,신규수주BSI,석유화학,A,77.67,3,98.67,-21.0,True,512Y007,전국,national_by_industry,CONTEXT / BUSINESS_SENTIMENT,업종별 자동판정에 쓰지 않는다. 전국 업종 BSI 를 창원국가산단 개별 업종의 신호라고 부르지 않는다.
2024Q4,전국(업종),C1900,석유정제·코크스,AD,신규수주BSI,석유화학,A,74.0,3,82.33,-8.33,True,512Y007,전국,national_by_industry,CONTEXT / BUSINESS_SENTIMENT,업종별 자동판정에 쓰지 않는다. 전국 업종 BSI 를 창원국가산단 개별 업종의 신호라고 부르지 않는다.
2025Q1,전국(업종),C1900,석유정제·코크스,AD,신규수주BSI,석유화학,A,69.0,3,78.67,-9.67,True,512Y007,전국,national_by_industry,CONTEXT / BUSINESS_SENTIMENT,업종별 자동판정에 쓰지 않는다. 전국 업종 BSI 를 창원국가산단 개별 업종의 신호라고 부르지 않는다.
2025Q2,전국(업종),C1900,석유정제·코크스,AD,신규수주BSI,석유화학,A,66.33,3,84.33,-18.0,True,512Y007,전국,national_by_industry,CONTEXT / BUSINESS_SENTIMENT,업종별 자동판정에 쓰지 않는다. 전국 업종 BSI 를 창원국가산단 개별 업종의 신호라고 부르지 않는다.
2025Q3,전국(업종),C1900,석유정제·코크스,AD,신규수주BSI,석유화학,A,65.0,3,77.67,-12.67,True,512Y007,전국,national_by_industry,CONTEXT / BUSINESS_SENTIMENT,업종별 자동판정에 쓰지 않는다. 전국 업종 BSI 를 창원국가산단 개별 업종의 신호라고 부르지 않는다.
2025Q4,전국(업종),C1900,석유정제·코크스,AD,신규수주BSI,석유화학,A,80.67,3,74.0,6.67,True,512Y007,전국,national_by_industry,CONTEXT / BUSINESS_SENTIMENT,업종별 자동판정에 쓰지 않는다. 전국 업종 BSI 를 창원국가산단 개별 업종의 신호라고 부르지 않는다.
2026Q1,전국(업종),C1900,석유정제·코크스,AD,신규수주BSI,석유화학,A,81.0,3,69.0,12.0,True,512Y007,전국,national_by_industry,CONTEXT / BUSINESS_SENTIMENT,업종별 자동판정에 쓰지 않는다. 전국 업종 BSI 를 창원국가산단 개별 업종의 신호라고 부르지 않는다.
2026Q2,전국(업종),C1900,석유정제·코크스,AD,신규수주BSI,석유화학,A,88.0,3,66.33,21.67,True,512Y007,전국,national_by_industry,CONTEXT / BUSINESS_SENTIMENT,업종별 자동판정에 쓰지 않는다. 전국 업종 BSI 를 창원국가산단 개별 업종의 신호라고 부르지 않는다.
2026Q3,전국(업종),C1900,석유정제·코크스,AD,신규수주BSI,석유화학,A,86.5,2,65.0,21.5,True,512Y007,전국,national_by_industry,CONTEXT / BUSINESS_SENTIMENT,업종별 자동판정에 쓰지 않는다. 전국 업종 BSI 를 창원국가산단 개별 업종의 신호라고 부르지 않는다.
2021Q1,전국(업종),C1900,석유정제·코크스,AJ,인력사정BSI,석유화학,A,92.67,3,,,True,512Y007,전국,national_by_industry,CONTEXT / BUSINESS_SENTIMENT,업종별 자동판정에 쓰지 않는다. 전국 업종 BSI 를 창원국가산단 개별 업종의 신호라고 부르지 않는다.
2021Q2,전국(업종),C1900,석유정제·코크스,AJ,인력사정BSI,석유화학,A,92.67,3,,,True,512Y007,전국,national_by_industry,CONTEXT / BUSINESS_SENTIMENT,업종별 자동판정에 쓰지 않는다. 전국 업종 BSI 를 창원국가산단 개별 업종의 신호라고 부르지 않는다.
2021Q3,전국(업종),C1900,석유정제·코크스,AJ,인력사정BSI,석유화학,A,90.33,3,,,True,512Y007,전국,national_by_industry,CONTEXT / BUSINESS_SENTIMENT,업종별 자동판정에 쓰지 않는다. 전국 업종 BSI 를 창원국가산단 개별 업종의 신호라고 부르지 않는다.
2021Q4,전국(업종),C1900,석유정제·코크스,AJ,인력사정BSI,석유화학,A,87.0,3,,,True,512Y007,전국,national_by_industry,CONTEXT / BUSINESS_SENTIMENT,업종별 자동판정에 쓰지 않는다. 전국 업종 BSI 를 창원국가산단 개별 업종의 신호라고 부르지 않는다.
2022Q1,전국(업종),C1900,석유정제·코크스,AJ,인력사정BSI,석유화학,A,90.33,3,92.67,-2.34,True,512Y007,전국,national_by_industry,CONTEXT / BUSINESS_SENTIMENT,업종별 자동판정에 쓰지 않는다. 전국 업종 BSI 를 창원국가산단 개별 업종의 신호라고 부르지 않는다.
2022Q2,전국(업종),C1900,석유정제·코크스,AJ,인력사정BSI,석유화학,A,95.0,3,92.67,2.33,True,512Y007,전국,national_by_industry,CONTEXT / BUSINESS_SENTIMENT,업종별 자동판정에 쓰지 않는다. 전국 업종 BSI 를 창원국가산단 개별 업종의 신호라고 부르지 않는다.
2022Q3,전국(업종),C1900,석유정제·코크스,AJ,인력사정BSI,석유화학,A,89.33,3,90.33,-1.0,True,512Y007,전국,national_by_industry,CONTEXT / BUSINESS_SENTIMENT,업종별 자동판정에 쓰지 않는다. 전국 업종 BSI 를 창원국가산단 개별 업종의 신호라고 부르지 않는다.
2022Q4,전국(업종),C1900,석유정제·코크스,AJ,인력사정BSI,석유화학,A,92.33,3,87.0,5.33,True,512Y007,전국,national_by_industry,CONTEXT / BUSINESS_SENTIMENT,업종별 자동판정에 쓰지 않는다. 전국 업종 BSI 를 창원국가산단 개별 업종의 신호라고 부르지 않는다.
2023Q1,전국(업종),C1900,석유정제·코크스,AJ,인력사정BSI,석유화학,A,89.0,3,90.33,-1.33,True,512Y007,전국,national_by_industry,CONTEXT / BUSINESS_SENTIMENT,업종별 자동판정에 쓰지 않는다. 전국 업종 BSI 를 창원국가산단 개별 업종의 신호라고 부르지 않는다.
2023Q2,전국(업종),C1900,석유정제·코크스,AJ,인력사정BSI,석유화학,A,91.67,3,95.0,-3.33,True,512Y007,전국,national_by_industry,CONTEXT / BUSINESS_SENTIMENT,업종별 자동판정에 쓰지 않는다. 전국 업종 BSI 를 창원국가산단 개별 업종의 신호라고 부르지 않는다.
2023Q3,전국(업종),C1900,석유정제·코크스,AJ,인력사정BSI,석유화학,A,90.67,3,89.33,1.34,True,512Y007,전국,national_by_industry,CONTEXT / BUSINESS_SENTIMENT,업종별 자동판정에 쓰지 않는다. 전국 업종 BSI 를 창원국가산단 개별 업종의 신호라고 부르지 않는다.
2023Q4,전국(업종),C1900,석유정제·코크스,AJ,인력사정BSI,석유화학,A,93.0,3,92.33,0.67,True,512Y007,전국,national_by_industry,CONTEXT / BUSINESS_SENTIMENT,업종별 자동판정에 쓰지 않는다. 전국 업종 BSI 를 창원국가산단 개별 업종의 신호라고 부르지 않는다.
2024Q1,전국(업종),C1900,석유정제·코크스,AJ,인력사정BSI,석유화학,A,91.67,3,89.0,2.67,True,512Y007,전국,national_by_industry,CONTEXT / BUSINESS_SENTIMENT,업종별 자동판정에 쓰지 않는다. 전국 업종 BSI 를 창원국가산단 개별 업종의 신호라고 부르지 않는다.
2024Q2,전국(업종),C1900,석유정제·코크스,AJ,인력사정BSI,석유화학,A,94.0,3,91.67,2.33,True,512Y007,전국,national_by_industry,CONTEXT / BUSINESS_SENTIMENT,업종별 자동판정에 쓰지 않는다. 전국 업종 BSI 를 창원국가산단 개별 업종의 신호라고 부르지 않는다.
2024Q3,전국(업종),C1900,석유정제·코크스,AJ,인력사정BSI,석유화학,A,95.0,3,90.67,4.33,True,512Y007,전국,national_by_industry,CONTEXT / BUSINESS_SENTIMENT,업종별 자동판정에 쓰지 않는다. 전국 업종 BSI 를 창원국가산단 개별 업종의 신호라고 부르지 않는다.
2024Q4,전국(업종),C1900,석유정제·코크스,AJ,인력사정BSI,석유화학,A,101.33,3,93.0,8.33,False,512Y007,전국,national_by_industry,CONTEXT / BUSINESS_SENTIMENT,업종별 자동판정에 쓰지 않는다. 전국 업종 BSI 를 창원국가산단 개별 업종의 신호라고 부르지 않는다.
2025Q1,전국(업종),C1900,석유정제·코크스,AJ,인력사정BSI,석유화학,A,97.33,3,91.67,5.66,True,512Y007,전국,national_by_industry,CONTEXT / BUSINESS_SENTIMENT,업종별 자동판정에 쓰지 않는다. 전국 업종 BSI 를 창원국가산단 개별 업종의 신호라고 부르지 않는다.
2025Q2,전국(업종),C1900,석유정제·코크스,AJ,인력사정BSI,석유화학,A,101.33,3,94.0,7.33,False,512Y007,전국,national_by_industry,CONTEXT / BUSINESS_SENTIMENT,업종별 자동판정에 쓰지 않는다. 전국 업종 BSI 를 창원국가산단 개별 업종의 신호라고 부르지 않는다.
2025Q3,전국(업종),C1900,석유정제·코크스,AJ,인력사정BSI,석유화학,A,96.33,3,95.0,1.33,True,512Y007,전국,national_by_industry,CONTEXT / BUSINESS_SENTIMENT,업종별 자동판정에 쓰지 않는다. 전국 업종 BSI 를 창원국가산단 개별 업종의 신호라고 부르지 않는다.
2025Q4,전국(업종),C1900,석유정제·코크스,AJ,인력사정BSI,석유화학,A,95.33,3,101.33,-6.0,True,512Y007,전국,national_by_industry,CONTEXT / BUSINESS_SENTIMENT,업종별 자동판정에 쓰지 않는다. 전국 업종 BSI 를 창원국가산단 개별 업종의 신호라고 부르지 않는다.
2026Q1,전국(업종),C1900,석유정제·코크스,AJ,인력사정BSI,석유화학,A,98.67,3,97.33,1.34,True,512Y007,전국,national_by_industry,CONTEXT / BUSINESS_SENTIMENT,업종별 자동판정에 쓰지 않는다. 전국 업종 BSI 를 창원국가산단 개별 업종의 신호라고 부르지 않는다.
2026Q2,전국(업종),C1900,석유정제·코크스,AJ,인력사정BSI,석유화학,A,100.0,3,101.33,-1.33,False,512Y007,전국,national_by_industry,CONTEXT / BUSINESS_SENTIMENT,업종별 자동판정에 쓰지 않는다. 전국 업종 BSI 를 창원국가산단 개별 업종의 신호라고 부르지 않는다.
2026Q3,전국(업종),C1900,석유정제·코크스,AJ,인력사정BSI,석유화학,A,100.0,2,96.33,3.67,False,512Y007,전국,national_by_industry,CONTEXT / BUSINESS_SENTIMENT,업종별 자동판정에 쓰지 않는다. 전국 업종 BSI 를 창원국가산단 개별 업종의 신호라고 부르지 않는다.
2021Q1,전국(업종),C1900,석유정제·코크스,AK,가동률BSI,석유화학,A,79.0,3,,,True,512Y007,전국,national_by_industry,CONTEXT / BUSINESS_SENTIMENT,업종별 자동판정에 쓰지 않는다. 전국 업종 BSI 를 창원국가산단 개별 업종의 신호라고 부르지 않는다.
2021Q2,전국(업종),C1900,석유정제·코크스,AK,가동률BSI,석유화학,A,102.33,3,,,False,512Y007,전국,national_by_industry,CONTEXT / BUSINESS_SENTIMENT,업종별 자동판정에 쓰지 않는다. 전국 업종 BSI 를 창원국가산단 개별 업종의 신호라고 부르지 않는다.
2021Q3,전국(업종),C1900,석유정제·코크스,AK,가동률BSI,석유화학,A,106.0,3,,,False,512Y007,전국,national_by_industry,CONTEXT / BUSINESS_SENTIMENT,업종별 자동판정에 쓰지 않는다. 전국 업종 BSI 를 창원국가산단 개별 업종의 신호라고 부르지 않는다.
2021Q4,전국(업종),C1900,석유정제·코크스,AK,가동률BSI,석유화학,A,115.33,3,,,False,512Y007,전국,national_by_industry,CONTEXT / BUSINESS_SENTIMENT,업종별 자동판정에 쓰지 않는다. 전국 업종 BSI 를 창원국가산단 개별 업종의 신호라고 부르지 않는다.
2022Q1,전국(업종),C1900,석유정제·코크스,AK,가동률BSI,석유화학,A,117.0,3,79.0,38.0,False,512Y007,전국,national_by_industry,CONTEXT / BUSINESS_SENTIMENT,업종별 자동판정에 쓰지 않는다. 전국 업종 BSI 를 창원국가산단 개별 업종의 신호라고 부르지 않는다.
2022Q2,전국(업종),C1900,석유정제·코크스,AK,가동률BSI,석유화학,A,99.67,3,102.33,-2.66,True,512Y007,전국,national_by_industry,CONTEXT / BUSINESS_SENTIMENT,업종별 자동판정에 쓰지 않는다. 전국 업종 BSI 를 창원국가산단 개별 업종의 신호라고 부르지 않는다.
2022Q3,전국(업종),C1900,석유정제·코크스,AK,가동률BSI,석유화학,A,97.33,3,106.0,-8.67,True,512Y007,전국,national_by_industry,CONTEXT / BUSINESS_SENTIMENT,업종별 자동판정에 쓰지 않는다. 전국 업종 BSI 를 창원국가산단 개별 업종의 신호라고 부르지 않는다.
2022Q4,전국(업종),C1900,석유정제·코크스,AK,가동률BSI,석유화학,A,98.67,3,115.33,-16.66,True,512Y007,전국,national_by_industry,CONTEXT / BUSINESS_SENTIMENT,업종별 자동판정에 쓰지 않는다. 전국 업종 BSI 를 창원국가산단 개별 업종의 신호라고 부르지 않는다.
2023Q1,전국(업종),C1900,석유정제·코크스,AK,가동률BSI,석유화학,A,96.33,3,117.0,-20.67,True,512Y007,전국,national_by_industry,CONTEXT / BUSINESS_SENTIMENT,업종별 자동판정에 쓰지 않는다. 전국 업종 BSI 를 창원국가산단 개별 업종의 신호라고 부르지 않는다.
2023Q2,전국(업종),C1900,석유정제·코크스,AK,가동률BSI,석유화학,A,94.33,3,99.67,-5.34,True,512Y007,전국,national_by_industry,CONTEXT / BUSINESS_SENTIMENT,업종별 자동판정에 쓰지 않는다. 전국 업종 BSI 를 창원국가산단 개별 업종의 신호라고 부르지 않는다.
2023Q3,전국(업종),C1900,석유정제·코크스,AK,가동률BSI,석유화학,A,86.67,3,97.33,-10.66,True,512Y007,전국,national_by_industry,CONTEXT / BUSINESS_SENTIMENT,업종별 자동판정에 쓰지 않는다. 전국 업종 BSI 를 창원국가산단 개별 업종의 신호라고 부르지 않는다.
2023Q4,전국(업종),C1900,석유정제·코크스,AK,가동률BSI,석유화학,A,95.33,3,98.67,-3.34,True,512Y007,전국,national_by_industry,CONTEXT / BUSINESS_SENTIMENT,업종별 자동판정에 쓰지 않는다. 전국 업종 BSI 를 창원국가산단 개별 업종의 신호라고 부르지 않는다.
2024Q1,전국(업종),C1900,석유정제·코크스,AK,가동률BSI,석유화학,A,92.67,3,96.33,-3.66,True,512Y007,전국,national_by_industry,CONTEXT / BUSINESS_SENTIMENT,업종별 자동판정에 쓰지 않는다. 전국 업종 BSI 를 창원국가산단 개별 업종의 신호라고 부르지 않는다.
2024Q2,전국(업종),C1900,석유정제·코크스,AK,가동률BSI,석유화학,A,96.33,3,94.33,2.0,True,512Y007,전국,national_by_industry,CONTEXT / BUSINESS_SENTIMENT,업종별 자동판정에 쓰지 않는다. 전국 업종 BSI 를 창원국가산단 개별 업종의 신호라고 부르지 않는다.
2024Q3,전국(업종),C1900,석유정제·코크스,AK,가동률BSI,석유화학,A,85.0,3,86.67,-1.67,True,512Y007,전국,national_by_industry,CONTEXT / BUSINESS_SENTIMENT,업종별 자동판정에 쓰지 않는다. 전국 업종 BSI 를 창원국가산단 개별 업종의 신호라고 부르지 않는다.
2024Q4,전국(업종),C1900,석유정제·코크스,AK,가동률BSI,석유화학,A,83.33,3,95.33,-12.0,True,512Y007,전국,national_by_industry,CONTEXT / BUSINESS_SENTIMENT,업종별 자동판정에 쓰지 않는다. 전국 업종 BSI 를 창원국가산단 개별 업종의 신호라고 부르지 않는다.
2025Q1,전국(업종),C1900,석유정제·코크스,AK,가동률BSI,석유화학,A,79.67,3,92.67,-13.0,True,512Y007,전국,national_by_industry,CONTEXT / BUSINESS_SENTIMENT,업종별 자동판정에 쓰지 않는다. 전국 업종 BSI 를 창원국가산단 개별 업종의 신호라고 부르지 않는다.
2025Q2,전국(업종),C1900,석유정제·코크스,AK,가동률BSI,석유화학,A,81.67,3,96.33,-14.66,True,512Y007,전국,national_by_industry,CONTEXT / BUSINESS_SENTIMENT,업종별 자동판정에 쓰지 않는다. 전국 업종 BSI 를 창원국가산단 개별 업종의 신호라고 부르지 않는다.
2025Q3,전국(업종),C1900,석유정제·코크스,AK,가동률BSI,석유화학,A,78.67,3,85.0,-6.33,True,512Y007,전국,national_by_industry,CONTEXT / BUSINESS_SENTIMENT,업종별 자동판정에 쓰지 않는다. 전국 업종 BSI 를 창원국가산단 개별 업종의 신호라고 부르지 않는다.
2025Q4,전국(업종),C1900,석유정제·코크스,AK,가동률BSI,석유화학,A,85.67,3,83.33,2.34,True,512Y007,전국,national_by_industry,CONTEXT / BUSINESS_SENTIMENT,업종별 자동판정에 쓰지 않는다. 전국 업종 BSI 를 창원국가산단 개별 업종의 신호라고 부르지 않는다.
2026Q1,전국(업종),C1900,석유정제·코크스,AK,가동률BSI,석유화학,A,87.33,3,79.67,7.66,True,512Y007,전국,national_by_industry,CONTEXT / BUSINESS_SENTIMENT,업종별 자동판정에 쓰지 않는다. 전국 업종 BSI 를 창원국가산단 개별 업종의 신호라고 부르지 않는다.
2026Q2,전국(업종),C1900,석유정제·코크스,AK,가동률BSI,석유화학,A,79.67,3,81.67,-2.0,True,512Y007,전국,national_by_industry,CONTEXT / BUSINESS_SENTIMENT,업종별 자동판정에 쓰지 않는다. 전국 업종 BSI 를 창원국가산단 개별 업종의 신호라고 부르지 않는다.
2026Q3,전국(업종),C1900,석유정제·코크스,AK,가동률BSI,석유화학,A,88.5,2,78.67,9.83,True,512Y007,전국,national_by_industry,CONTEXT / BUSINESS_SENTIMENT,업종별 자동판정에 쓰지 않는다. 전국 업종 BSI 를 창원국가산단 개별 업종의 신호라고 부르지 않는다.
2021Q1,전국(업종),C2000,화학물질·제품,AA,업황BSI,석유화학,A,96.33,3,,,True,512Y007,전국,national_by_industry,CONTEXT / BUSINESS_SENTIMENT,업종별 자동판정에 쓰지 않는다. 전국 업종 BSI 를 창원국가산단 개별 업종의 신호라고 부르지 않는다.
2021Q2,전국(업종),C2000,화학물질·제품,AA,업황BSI,석유화학,A,117.33,3,,,False,512Y007,전국,national_by_industry,CONTEXT / BUSINESS_SENTIMENT,업종별 자동판정에 쓰지 않는다. 전국 업종 BSI 를 창원국가산단 개별 업종의 신호라고 부르지 않는다.
2021Q3,전국(업종),C2000,화학물질·제품,AA,업황BSI,석유화학,A,106.0,3,,,False,512Y007,전국,national_by_industry,CONTEXT / BUSINESS_SENTIMENT,업종별 자동판정에 쓰지 않는다. 전국 업종 BSI 를 창원국가산단 개별 업종의 신호라고 부르지 않는다.
2021Q4,전국(업종),C2000,화학물질·제품,AA,업황BSI,석유화학,A,92.67,3,,,True,512Y007,전국,national_by_industry,CONTEXT / BUSINESS_SENTIMENT,업종별 자동판정에 쓰지 않는다. 전국 업종 BSI 를 창원국가산단 개별 업종의 신호라고 부르지 않는다.
2022Q1,전국(업종),C2000,화학물질·제품,AA,업황BSI,석유화학,A,86.67,3,96.33,-9.66,True,512Y007,전국,national_by_industry,CONTEXT / BUSINESS_SENTIMENT,업종별 자동판정에 쓰지 않는다. 전국 업종 BSI 를 창원국가산단 개별 업종의 신호라고 부르지 않는다.
2022Q2,전국(업종),C2000,화학물질·제품,AA,업황BSI,석유화학,A,84.0,3,117.33,-33.33,True,512Y007,전국,national_by_industry,CONTEXT / BUSINESS_SENTIMENT,업종별 자동판정에 쓰지 않는다. 전국 업종 BSI 를 창원국가산단 개별 업종의 신호라고 부르지 않는다.
2022Q3,전국(업종),C2000,화학물질·제품,AA,업황BSI,석유화학,A,65.33,3,106.0,-40.67,True,512Y007,전국,national_by_industry,CONTEXT / BUSINESS_SENTIMENT,업종별 자동판정에 쓰지 않는다. 전국 업종 BSI 를 창원국가산단 개별 업종의 신호라고 부르지 않는다.
2022Q4,전국(업종),C2000,화학물질·제품,AA,업황BSI,석유화학,A,57.67,3,92.67,-35.0,True,512Y007,전국,national_by_industry,CONTEXT / BUSINESS_SENTIMENT,업종별 자동판정에 쓰지 않는다. 전국 업종 BSI 를 창원국가산단 개별 업종의 신호라고 부르지 않는다.
2023Q1,전국(업종),C2000,화학물질·제품,AA,업황BSI,석유화학,A,59.67,3,86.67,-27.0,True,512Y007,전국,national_by_industry,CONTEXT / BUSINESS_SENTIMENT,업종별 자동판정에 쓰지 않는다. 전국 업종 BSI 를 창원국가산단 개별 업종의 신호라고 부르지 않는다.
2023Q2,전국(업종),C2000,화학물질·제품,AA,업황BSI,석유화학,A,68.0,3,84.0,-16.0,True,512Y007,전국,national_by_industry,CONTEXT / BUSINESS_SENTIMENT,업종별 자동판정에 쓰지 않는다. 전국 업종 BSI 를 창원국가산단 개별 업종의 신호라고 부르지 않는다.
2023Q3,전국(업종),C2000,화학물질·제품,AA,업황BSI,석유화학,A,61.67,3,65.33,-3.66,True,512Y007,전국,national_by_industry,CONTEXT / BUSINESS_SENTIMENT,업종별 자동판정에 쓰지 않는다. 전국 업종 BSI 를 창원국가산단 개별 업종의 신호라고 부르지 않는다.
2023Q4,전국(업종),C2000,화학물질·제품,AA,업황BSI,석유화학,A,65.0,3,57.67,7.33,True,512Y007,전국,national_by_industry,CONTEXT / BUSINESS_SENTIMENT,업종별 자동판정에 쓰지 않는다. 전국 업종 BSI 를 창원국가산단 개별 업종의 신호라고 부르지 않는다.
2024Q1,전국(업종),C2000,화학물질·제품,AA,업황BSI,석유화학,A,67.67,3,59.67,8.0,True,512Y007,전국,national_by_industry,CONTEXT / BUSINESS_SENTIMENT,업종별 자동판정에 쓰지 않는다. 전국 업종 BSI 를 창원국가산단 개별 업종의 신호라고 부르지 않는다.
2024Q2,전국(업종),C2000,화학물질·제품,AA,업황BSI,석유화학,A,76.67,3,68.0,8.67,True,512Y007,전국,national_by_industry,CONTEXT / BUSINESS_SENTIMENT,업종별 자동판정에 쓰지 않는다. 전국 업종 BSI 를 창원국가산단 개별 업종의 신호라고 부르지 않는다.
2024Q3,전국(업종),C2000,화학물질·제품,AA,업황BSI,석유화학,A,72.0,3,61.67,10.33,True,512Y007,전국,national_by_industry,CONTEXT / BUSINESS_SENTIMENT,업종별 자동판정에 쓰지 않는다. 전국 업종 BSI 를 창원국가산단 개별 업종의 신호라고 부르지 않는다.
2024Q4,전국(업종),C2000,화학물질·제품,AA,업황BSI,석유화학,A,64.33,3,65.0,-0.67,True,512Y007,전국,national_by_industry,CONTEXT / BUSINESS_SENTIMENT,업종별 자동판정에 쓰지 않는다. 전국 업종 BSI 를 창원국가산단 개별 업종의 신호라고 부르지 않는다.
2025Q1,전국(업종),C2000,화학물질·제품,AA,업황BSI,석유화학,A,70.0,3,67.67,2.33,True,512Y007,전국,national_by_industry,CONTEXT / BUSINESS_SENTIMENT,업종별 자동판정에 쓰지 않는다. 전국 업종 BSI 를 창원국가산단 개별 업종의 신호라고 부르지 않는다.
2025Q2,전국(업종),C2000,화학물질·제품,AA,업황BSI,석유화학,A,68.33,3,76.67,-8.34,True,512Y007,전국,national_by_industry,CONTEXT / BUSINESS_SENTIMENT,업종별 자동판정에 쓰지 않는다. 전국 업종 BSI 를 창원국가산단 개별 업종의 신호라고 부르지 않는다.
2025Q3,전국(업종),C2000,화학물질·제품,AA,업황BSI,석유화학,A,64.0,3,72.0,-8.0,True,512Y007,전국,national_by_industry,CONTEXT / BUSINESS_SENTIMENT,업종별 자동판정에 쓰지 않는다. 전국 업종 BSI 를 창원국가산단 개별 업종의 신호라고 부르지 않는다.
2025Q4,전국(업종),C2000,화학물질·제품,AA,업황BSI,석유화학,A,64.33,3,64.33,0.0,True,512Y007,전국,national_by_industry,CONTEXT / BUSINESS_SENTIMENT,업종별 자동판정에 쓰지 않는다. 전국 업종 BSI 를 창원국가산단 개별 업종의 신호라고 부르지 않는다.
2026Q1,전국(업종),C2000,화학물질·제품,AA,업황BSI,석유화학,A,66.33,3,70.0,-3.67,True,512Y007,전국,national_by_industry,CONTEXT / BUSINESS_SENTIMENT,업종별 자동판정에 쓰지 않는다. 전국 업종 BSI 를 창원국가산단 개별 업종의 신호라고 부르지 않는다.
2026Q2,전국(업종),C2000,화학물질·제품,AA,업황BSI,석유화학,A,83.0,3,68.33,14.67,True,512Y007,전국,national_by_industry,CONTEXT / BUSINESS_SENTIMENT,업종별 자동판정에 쓰지 않는다. 전국 업종 BSI 를 창원국가산단 개별 업종의 신호라고 부르지 않는다.
2026Q3,전국(업종),C2000,화학물질·제품,AA,업황BSI,석유화학,A,70.5,2,64.0,6.5,True,512Y007,전국,national_by_industry,CONTEXT / BUSINESS_SENTIMENT,업종별 자동판정에 쓰지 않는다. 전국 업종 BSI 를 창원국가산단 개별 업종의 신호라고 부르지 않는다.
2021Q1,전국(업종),C2000,화학물질·제품,AC,생산BSI,석유화학,A,104.0,3,,,False,512Y007,전국,national_by_industry,CONTEXT / BUSINESS_SENTIMENT,업종별 자동판정에 쓰지 않는다. 전국 업종 BSI 를 창원국가산단 개별 업종의 신호라고 부르지 않는다.
2021Q2,전국(업종),C2000,화학물질·제품,AC,생산BSI,석유화학,A,128.33,3,,,False,512Y007,전국,national_by_industry,CONTEXT / BUSINESS_SENTIMENT,업종별 자동판정에 쓰지 않는다. 전국 업종 BSI 를 창원국가산단 개별 업종의 신호라고 부르지 않는다.
2021Q3,전국(업종),C2000,화학물질·제품,AC,생산BSI,석유화학,A,120.0,3,,,False,512Y007,전국,national_by_industry,CONTEXT / BUSINESS_SENTIMENT,업종별 자동판정에 쓰지 않는다. 전국 업종 BSI 를 창원국가산단 개별 업종의 신호라고 부르지 않는다.
2021Q4,전국(업종),C2000,화학물질·제품,AC,생산BSI,석유화학,A,117.0,3,,,False,512Y007,전국,national_by_industry,CONTEXT / BUSINESS_SENTIMENT,업종별 자동판정에 쓰지 않는다. 전국 업종 BSI 를 창원국가산단 개별 업종의 신호라고 부르지 않는다.
2022Q1,전국(업종),C2000,화학물질·제품,AC,생산BSI,석유화학,A,106.0,3,104.0,2.0,False,512Y007,전국,national_by_industry,CONTEXT / BUSINESS_SENTIMENT,업종별 자동판정에 쓰지 않는다. 전국 업종 BSI 를 창원국가산단 개별 업종의 신호라고 부르지 않는다.
2022Q2,전국(업종),C2000,화학물질·제품,AC,생산BSI,석유화학,A,103.0,3,128.33,-25.33,False,512Y007,전국,national_by_industry,CONTEXT / BUSINESS_SENTIMENT,업종별 자동판정에 쓰지 않는다. 전국 업종 BSI 를 창원국가산단 개별 업종의 신호라고 부르지 않는다.
2022Q3,전국(업종),C2000,화학물질·제품,AC,생산BSI,석유화학,A,83.33,3,120.0,-36.67,True,512Y007,전국,national_by_industry,CONTEXT / BUSINESS_SENTIMENT,업종별 자동판정에 쓰지 않는다. 전국 업종 BSI 를 창원국가산단 개별 업종의 신호라고 부르지 않는다.
2022Q4,전국(업종),C2000,화학물질·제품,AC,생산BSI,석유화학,A,78.33,3,117.0,-38.67,True,512Y007,전국,national_by_industry,CONTEXT / BUSINESS_SENTIMENT,업종별 자동판정에 쓰지 않는다. 전국 업종 BSI 를 창원국가산단 개별 업종의 신호라고 부르지 않는다.
2023Q1,전국(업종),C2000,화학물질·제품,AC,생산BSI,석유화학,A,75.0,3,106.0,-31.0,True,512Y007,전국,national_by_industry,CONTEXT / BUSINESS_SENTIMENT,업종별 자동판정에 쓰지 않는다. 전국 업종 BSI 를 창원국가산단 개별 업종의 신호라고 부르지 않는다.
2023Q2,전국(업종),C2000,화학물질·제품,AC,생산BSI,석유화학,A,80.0,3,103.0,-23.0,True,512Y007,전국,national_by_industry,CONTEXT / BUSINESS_SENTIMENT,업종별 자동판정에 쓰지 않는다. 전국 업종 BSI 를 창원국가산단 개별 업종의 신호라고 부르지 않는다.
2023Q3,전국(업종),C2000,화학물질·제품,AC,생산BSI,석유화학,A,79.0,3,83.33,-4.33,True,512Y007,전국,national_by_industry,CONTEXT / BUSINESS_SENTIMENT,업종별 자동판정에 쓰지 않는다. 전국 업종 BSI 를 창원국가산단 개별 업종의 신호라고 부르지 않는다.
2023Q4,전국(업종),C2000,화학물질·제품,AC,생산BSI,석유화학,A,82.67,3,78.33,4.34,True,512Y007,전국,national_by_industry,CONTEXT / BUSINESS_SENTIMENT,업종별 자동판정에 쓰지 않는다. 전국 업종 BSI 를 창원국가산단 개별 업종의 신호라고 부르지 않는다.
2024Q1,전국(업종),C2000,화학물질·제품,AC,생산BSI,석유화학,A,85.0,3,75.0,10.0,True,512Y007,전국,national_by_industry,CONTEXT / BUSINESS_SENTIMENT,업종별 자동판정에 쓰지 않는다. 전국 업종 BSI 를 창원국가산단 개별 업종의 신호라고 부르지 않는다.
2024Q2,전국(업종),C2000,화학물질·제품,AC,생산BSI,석유화학,A,98.67,3,80.0,18.67,True,512Y007,전국,national_by_industry,CONTEXT / BUSINESS_SENTIMENT,업종별 자동판정에 쓰지 않는다. 전국 업종 BSI 를 창원국가산단 개별 업종의 신호라고 부르지 않는다.
2024Q3,전국(업종),C2000,화학물질·제품,AC,생산BSI,석유화학,A,91.67,3,79.0,12.67,True,512Y007,전국,national_by_industry,CONTEXT / BUSINESS_SENTIMENT,업종별 자동판정에 쓰지 않는다. 전국 업종 BSI 를 창원국가산단 개별 업종의 신호라고 부르지 않는다.
2024Q4,전국(업종),C2000,화학물질·제품,AC,생산BSI,석유화학,A,82.67,3,82.67,0.0,True,512Y007,전국,national_by_industry,CONTEXT / BUSINESS_SENTIMENT,업종별 자동판정에 쓰지 않는다. 전국 업종 BSI 를 창원국가산단 개별 업종의 신호라고 부르지 않는다.
2025Q1,전국(업종),C2000,화학물질·제품,AC,생산BSI,석유화학,A,90.33,3,85.0,5.33,True,512Y007,전국,national_by_industry,CONTEXT / BUSINESS_SENTIMENT,업종별 자동판정에 쓰지 않는다. 전국 업종 BSI 를 창원국가산단 개별 업종의 신호라고 부르지 않는다.
2025Q2,전국(업종),C2000,화학물질·제품,AC,생산BSI,석유화학,A,85.0,3,98.67,-13.67,True,512Y007,전국,national_by_industry,CONTEXT / BUSINESS_SENTIMENT,업종별 자동판정에 쓰지 않는다. 전국 업종 BSI 를 창원국가산단 개별 업종의 신호라고 부르지 않는다.
2025Q3,전국(업종),C2000,화학물질·제품,AC,생산BSI,석유화학,A,84.0,3,91.67,-7.67,True,512Y007,전국,national_by_industry,CONTEXT / BUSINESS_SENTIMENT,업종별 자동판정에 쓰지 않는다. 전국 업종 BSI 를 창원국가산단 개별 업종의 신호라고 부르지 않는다.
2025Q4,전국(업종),C2000,화학물질·제품,AC,생산BSI,석유화학,A,80.0,3,82.67,-2.67,True,512Y007,전국,national_by_industry,CONTEXT / BUSINESS_SENTIMENT,업종별 자동판정에 쓰지 않는다. 전국 업종 BSI 를 창원국가산단 개별 업종의 신호라고 부르지 않는다.
2026Q1,전국(업종),C2000,화학물질·제품,AC,생산BSI,석유화학,A,87.67,3,90.33,-2.66,True,512Y007,전국,national_by_industry,CONTEXT / BUSINESS_SENTIMENT,업종별 자동판정에 쓰지 않는다. 전국 업종 BSI 를 창원국가산단 개별 업종의 신호라고 부르지 않는다.
2026Q2,전국(업종),C2000,화학물질·제품,AC,생산BSI,석유화학,A,90.0,3,85.0,5.0,True,512Y007,전국,national_by_industry,CONTEXT / BUSINESS_SENTIMENT,업종별 자동판정에 쓰지 않는다. 전국 업종 BSI 를 창원국가산단 개별 업종의 신호라고 부르지 않는다.
2026Q3,전국(업종),C2000,화학물질·제품,AC,생산BSI,석유화학,A,91.5,2,84.0,7.5,True,512Y007,전국,national_by_industry,CONTEXT / BUSINESS_SENTIMENT,업종별 자동판정에 쓰지 않는다. 전국 업종 BSI 를 창원국가산단 개별 업종의 신호라고 부르지 않는다.
2021Q1,전국(업종),C2000,화학물질·제품,AD,신규수주BSI,석유화학,A,100.0,3,,,False,512Y007,전국,national_by_industry,CONTEXT / BUSINESS_SENTIMENT,업종별 자동판정에 쓰지 않는다. 전국 업종 BSI 를 창원국가산단 개별 업종의 신호라고 부르지 않는다.
2021Q2,전국(업종),C2000,화학물질·제품,AD,신규수주BSI,석유화학,A,122.67,3,,,False,512Y007,전국,national_by_industry,CONTEXT / BUSINESS_SENTIMENT,업종별 자동판정에 쓰지 않는다. 전국 업종 BSI 를 창원국가산단 개별 업종의 신호라고 부르지 않는다.
2021Q3,전국(업종),C2000,화학물질·제품,AD,신규수주BSI,석유화학,A,112.67,3,,,False,512Y007,전국,national_by_industry,CONTEXT / BUSINESS_SENTIMENT,업종별 자동판정에 쓰지 않는다. 전국 업종 BSI 를 창원국가산단 개별 업종의 신호라고 부르지 않는다.
2021Q4,전국(업종),C2000,화학물질·제품,AD,신규수주BSI,석유화학,A,112.33,3,,,False,512Y007,전국,national_by_industry,CONTEXT / BUSINESS_SENTIMENT,업종별 자동판정에 쓰지 않는다. 전국 업종 BSI 를 창원국가산단 개별 업종의 신호라고 부르지 않는다.
2022Q1,전국(업종),C2000,화학물질·제품,AD,신규수주BSI,석유화학,A,101.33,3,100.0,1.33,False,512Y007,전국,national_by_industry,CONTEXT / BUSINESS_SENTIMENT,업종별 자동판정에 쓰지 않는다. 전국 업종 BSI 를 창원국가산단 개별 업종의 신호라고 부르지 않는다.
2022Q2,전국(업종),C2000,화학물질·제품,AD,신규수주BSI,석유화학,A,99.67,3,122.67,-23.0,True,512Y007,전국,national_by_industry,CONTEXT / BUSINESS_SENTIMENT,업종별 자동판정에 쓰지 않는다. 전국 업종 BSI 를 창원국가산단 개별 업종의 신호라고 부르지 않는다.
2022Q3,전국(업종),C2000,화학물질·제품,AD,신규수주BSI,석유화학,A,81.67,3,112.67,-31.0,True,512Y007,전국,national_by_industry,CONTEXT / BUSINESS_SENTIMENT,업종별 자동판정에 쓰지 않는다. 전국 업종 BSI 를 창원국가산단 개별 업종의 신호라고 부르지 않는다.
2022Q4,전국(업종),C2000,화학물질·제품,AD,신규수주BSI,석유화학,A,75.67,3,112.33,-36.66,True,512Y007,전국,national_by_industry,CONTEXT / BUSINESS_SENTIMENT,업종별 자동판정에 쓰지 않는다. 전국 업종 BSI 를 창원국가산단 개별 업종의 신호라고 부르지 않는다.
2023Q1,전국(업종),C2000,화학물질·제품,AD,신규수주BSI,석유화학,A,71.33,3,101.33,-30.0,True,512Y007,전국,national_by_industry,CONTEXT / BUSINESS_SENTIMENT,업종별 자동판정에 쓰지 않는다. 전국 업종 BSI 를 창원국가산단 개별 업종의 신호라고 부르지 않는다.
2023Q2,전국(업종),C2000,화학물질·제품,AD,신규수주BSI,석유화학,A,75.33,3,99.67,-24.34,True,512Y007,전국,national_by_industry,CONTEXT / BUSINESS_SENTIMENT,업종별 자동판정에 쓰지 않는다. 전국 업종 BSI 를 창원국가산단 개별 업종의 신호라고 부르지 않는다.
2023Q3,전국(업종),C2000,화학물질·제품,AD,신규수주BSI,석유화학,A,78.0,3,81.67,-3.67,True,512Y007,전국,national_by_industry,CONTEXT / BUSINESS_SENTIMENT,업종별 자동판정에 쓰지 않는다. 전국 업종 BSI 를 창원국가산단 개별 업종의 신호라고 부르지 않는다.
2023Q4,전국(업종),C2000,화학물질·제품,AD,신규수주BSI,석유화학,A,72.67,3,75.67,-3.0,True,512Y007,전국,national_by_industry,CONTEXT / BUSINESS_SENTIMENT,업종별 자동판정에 쓰지 않는다. 전국 업종 BSI 를 창원국가산단 개별 업종의 신호라고 부르지 않는다.
2024Q1,전국(업종),C2000,화학물질·제품,AD,신규수주BSI,석유화학,A,72.67,3,71.33,1.34,True,512Y007,전국,national_by_industry,CONTEXT / BUSINESS_SENTIMENT,업종별 자동판정에 쓰지 않는다. 전국 업종 BSI 를 창원국가산단 개별 업종의 신호라고 부르지 않는다.
2024Q2,전국(업종),C2000,화학물질·제품,AD,신규수주BSI,석유화학,A,88.33,3,75.33,13.0,True,512Y007,전국,national_by_industry,CONTEXT / BUSINESS_SENTIMENT,업종별 자동판정에 쓰지 않는다. 전국 업종 BSI 를 창원국가산단 개별 업종의 신호라고 부르지 않는다.
2024Q3,전국(업종),C2000,화학물질·제품,AD,신규수주BSI,석유화학,A,83.0,3,78.0,5.0,True,512Y007,전국,national_by_industry,CONTEXT / BUSINESS_SENTIMENT,업종별 자동판정에 쓰지 않는다. 전국 업종 BSI 를 창원국가산단 개별 업종의 신호라고 부르지 않는다.
2024Q4,전국(업종),C2000,화학물질·제품,AD,신규수주BSI,석유화학,A,78.0,3,72.67,5.33,True,512Y007,전국,national_by_industry,CONTEXT / BUSINESS_SENTIMENT,업종별 자동판정에 쓰지 않는다. 전국 업종 BSI 를 창원국가산단 개별 업종의 신호라고 부르지 않는다.
2025Q1,전국(업종),C2000,화학물질·제품,AD,신규수주BSI,석유화학,A,87.0,3,72.67,14.33,True,512Y007,전국,national_by_industry,CONTEXT / BUSINESS_SENTIMENT,업종별 자동판정에 쓰지 않는다. 전국 업종 BSI 를 창원국가산단 개별 업종의 신호라고 부르지 않는다.
2025Q2,전국(업종),C2000,화학물질·제품,AD,신규수주BSI,석유화학,A,88.0,3,88.33,-0.33,True,512Y007,전국,national_by_industry,CONTEXT / BUSINESS_SENTIMENT,업종별 자동판정에 쓰지 않는다. 전국 업종 BSI 를 창원국가산단 개별 업종의 신호라고 부르지 않는다.
2025Q3,전국(업종),C2000,화학물질·제품,AD,신규수주BSI,석유화학,A,77.33,3,83.0,-5.67,True,512Y007,전국,national_by_industry,CONTEXT / BUSINESS_SENTIMENT,업종별 자동판정에 쓰지 않는다. 전국 업종 BSI 를 창원국가산단 개별 업종의 신호라고 부르지 않는다.
2025Q4,전국(업종),C2000,화학물질·제품,AD,신규수주BSI,석유화학,A,78.0,3,78.0,0.0,True,512Y007,전국,national_by_industry,CONTEXT / BUSINESS_SENTIMENT,업종별 자동판정에 쓰지 않는다. 전국 업종 BSI 를 창원국가산단 개별 업종의 신호라고 부르지 않는다.
2026Q1,전국(업종),C2000,화학물질·제품,AD,신규수주BSI,석유화학,A,84.67,3,87.0,-2.33,True,512Y007,전국,national_by_industry,CONTEXT / BUSINESS_SENTIMENT,업종별 자동판정에 쓰지 않는다. 전국 업종 BSI 를 창원국가산단 개별 업종의 신호라고 부르지 않는다.
2026Q2,전국(업종),C2000,화학물질·제품,AD,신규수주BSI,석유화학,A,89.67,3,88.0,1.67,True,512Y007,전국,national_by_industry,CONTEXT / BUSINESS_SENTIMENT,업종별 자동판정에 쓰지 않는다. 전국 업종 BSI 를 창원국가산단 개별 업종의 신호라고 부르지 않는다.
2026Q3,전국(업종),C2000,화학물질·제품,AD,신규수주BSI,석유화학,A,85.0,2,77.33,7.67,True,512Y007,전국,national_by_industry,CONTEXT / BUSINESS_SENTIMENT,업종별 자동판정에 쓰지 않는다. 전국 업종 BSI 를 창원국가산단 개별 업종의 신호라고 부르지 않는다.
2021Q1,전국(업종),C2000,화학물질·제품,AJ,인력사정BSI,석유화학,A,88.33,3,,,True,512Y007,전국,national_by_industry,CONTEXT / BUSINESS_SENTIMENT,업종별 자동판정에 쓰지 않는다. 전국 업종 BSI 를 창원국가산단 개별 업종의 신호라고 부르지 않는다.
2021Q2,전국(업종),C2000,화학물질·제품,AJ,인력사정BSI,석유화학,A,85.33,3,,,True,512Y007,전국,national_by_industry,CONTEXT / BUSINESS_SENTIMENT,업종별 자동판정에 쓰지 않는다. 전국 업종 BSI 를 창원국가산단 개별 업종의 신호라고 부르지 않는다.
2021Q3,전국(업종),C2000,화학물질·제품,AJ,인력사정BSI,석유화학,A,82.33,3,,,True,512Y007,전국,national_by_industry,CONTEXT / BUSINESS_SENTIMENT,업종별 자동판정에 쓰지 않는다. 전국 업종 BSI 를 창원국가산단 개별 업종의 신호라고 부르지 않는다.
2021Q4,전국(업종),C2000,화학물질·제품,AJ,인력사정BSI,석유화학,A,81.67,3,,,True,512Y007,전국,national_by_industry,CONTEXT / BUSINESS_SENTIMENT,업종별 자동판정에 쓰지 않는다. 전국 업종 BSI 를 창원국가산단 개별 업종의 신호라고 부르지 않는다.
2022Q1,전국(업종),C2000,화학물질·제품,AJ,인력사정BSI,석유화학,A,81.67,3,88.33,-6.66,True,512Y007,전국,national_by_industry,CONTEXT / BUSINESS_SENTIMENT,업종별 자동판정에 쓰지 않는다. 전국 업종 BSI 를 창원국가산단 개별 업종의 신호라고 부르지 않는다.
2022Q2,전국(업종),C2000,화학물질·제품,AJ,인력사정BSI,석유화학,A,81.33,3,85.33,-4.0,True,512Y007,전국,national_by_industry,CONTEXT / BUSINESS_SENTIMENT,업종별 자동판정에 쓰지 않는다. 전국 업종 BSI 를 창원국가산단 개별 업종의 신호라고 부르지 않는다.
2022Q3,전국(업종),C2000,화학물질·제품,AJ,인력사정BSI,석유화학,A,92.67,3,82.33,10.34,True,512Y007,전국,national_by_industry,CONTEXT / BUSINESS_SENTIMENT,업종별 자동판정에 쓰지 않는다. 전국 업종 BSI 를 창원국가산단 개별 업종의 신호라고 부르지 않는다.
2022Q4,전국(업종),C2000,화학물질·제품,AJ,인력사정BSI,석유화학,A,97.67,3,81.67,16.0,True,512Y007,전국,national_by_industry,CONTEXT / BUSINESS_SENTIMENT,업종별 자동판정에 쓰지 않는다. 전국 업종 BSI 를 창원국가산단 개별 업종의 신호라고 부르지 않는다.
2023Q1,전국(업종),C2000,화학물질·제품,AJ,인력사정BSI,석유화학,A,92.0,3,81.67,10.33,True,512Y007,전국,national_by_industry,CONTEXT / BUSINESS_SENTIMENT,업종별 자동판정에 쓰지 않는다. 전국 업종 BSI 를 창원국가산단 개별 업종의 신호라고 부르지 않는다.
2023Q2,전국(업종),C2000,화학물질·제품,AJ,인력사정BSI,석유화학,A,93.33,3,81.33,12.0,True,512Y007,전국,national_by_industry,CONTEXT / BUSINESS_SENTIMENT,업종별 자동판정에 쓰지 않는다. 전국 업종 BSI 를 창원국가산단 개별 업종의 신호라고 부르지 않는다.
2023Q3,전국(업종),C2000,화학물질·제품,AJ,인력사정BSI,석유화학,A,94.0,3,92.67,1.33,True,512Y007,전국,national_by_industry,CONTEXT / BUSINESS_SENTIMENT,업종별 자동판정에 쓰지 않는다. 전국 업종 BSI 를 창원국가산단 개별 업종의 신호라고 부르지 않는다.
2023Q4,전국(업종),C2000,화학물질·제품,AJ,인력사정BSI,석유화학,A,82.67,3,97.67,-15.0,True,512Y007,전국,national_by_industry,CONTEXT / BUSINESS_SENTIMENT,업종별 자동판정에 쓰지 않는다. 전국 업종 BSI 를 창원국가산단 개별 업종의 신호라고 부르지 않는다.
2024Q1,전국(업종),C2000,화학물질·제품,AJ,인력사정BSI,석유화학,A,81.67,3,92.0,-10.33,True,512Y007,전국,national_by_industry,CONTEXT / BUSINESS_SENTIMENT,업종별 자동판정에 쓰지 않는다. 전국 업종 BSI 를 창원국가산단 개별 업종의 신호라고 부르지 않는다.
2024Q2,전국(업종),C2000,화학물질·제품,AJ,인력사정BSI,석유화학,A,80.33,3,93.33,-13.0,True,512Y007,전국,national_by_industry,CONTEXT / BUSINESS_SENTIMENT,업종별 자동판정에 쓰지 않는다. 전국 업종 BSI 를 창원국가산단 개별 업종의 신호라고 부르지 않는다.
2024Q3,전국(업종),C2000,화학물질·제품,AJ,인력사정BSI,석유화학,A,77.67,3,94.0,-16.33,True,512Y007,전국,national_by_industry,CONTEXT / BUSINESS_SENTIMENT,업종별 자동판정에 쓰지 않는다. 전국 업종 BSI 를 창원국가산단 개별 업종의 신호라고 부르지 않는다.
2024Q4,전국(업종),C2000,화학물질·제품,AJ,인력사정BSI,석유화학,A,81.67,3,82.67,-1.0,True,512Y007,전국,national_by_industry,CONTEXT / BUSINESS_SENTIMENT,업종별 자동판정에 쓰지 않는다. 전국 업종 BSI 를 창원국가산단 개별 업종의 신호라고 부르지 않는다.
2025Q1,전국(업종),C2000,화학물질·제품,AJ,인력사정BSI,석유화학,A,81.33,3,81.67,-0.34,True,512Y007,전국,national_by_industry,CONTEXT / BUSINESS_SENTIMENT,업종별 자동판정에 쓰지 않는다. 전국 업종 BSI 를 창원국가산단 개별 업종의 신호라고 부르지 않는다.
2025Q2,전국(업종),C2000,화학물질·제품,AJ,인력사정BSI,석유화학,A,83.0,3,80.33,2.67,True,512Y007,전국,national_by_industry,CONTEXT / BUSINESS_SENTIMENT,업종별 자동판정에 쓰지 않는다. 전국 업종 BSI 를 창원국가산단 개별 업종의 신호라고 부르지 않는다.
2025Q3,전국(업종),C2000,화학물질·제품,AJ,인력사정BSI,석유화학,A,88.67,3,77.67,11.0,True,512Y007,전국,national_by_industry,CONTEXT / BUSINESS_SENTIMENT,업종별 자동판정에 쓰지 않는다. 전국 업종 BSI 를 창원국가산단 개별 업종의 신호라고 부르지 않는다.
2025Q4,전국(업종),C2000,화학물질·제품,AJ,인력사정BSI,석유화학,A,88.0,3,81.67,6.33,True,512Y007,전국,national_by_industry,CONTEXT / BUSINESS_SENTIMENT,업종별 자동판정에 쓰지 않는다. 전국 업종 BSI 를 창원국가산단 개별 업종의 신호라고 부르지 않는다.
2026Q1,전국(업종),C2000,화학물질·제품,AJ,인력사정BSI,석유화학,A,89.0,3,81.33,7.67,True,512Y007,전국,national_by_industry,CONTEXT / BUSINESS_SENTIMENT,업종별 자동판정에 쓰지 않는다. 전국 업종 BSI 를 창원국가산단 개별 업종의 신호라고 부르지 않는다.
2026Q2,전국(업종),C2000,화학물질·제품,AJ,인력사정BSI,석유화학,A,87.0,3,83.0,4.0,True,512Y007,전국,national_by_industry,CONTEXT / BUSINESS_SENTIMENT,업종별 자동판정에 쓰지 않는다. 전국 업종 BSI 를 창원국가산단 개별 업종의 신호라고 부르지 않는다.
2026Q3,전국(업종),C2000,화학물질·제품,AJ,인력사정BSI,석유화학,A,91.5,2,88.67,2.83,True,512Y007,전국,national_by_industry,CONTEXT / BUSINESS_SENTIMENT,업종별 자동판정에 쓰지 않는다. 전국 업종 BSI 를 창원국가산단 개별 업종의 신호라고 부르지 않는다.
2021Q1,전국(업종),C2000,화학물질·제품,AK,가동률BSI,석유화학,A,103.67,3,,,False,512Y007,전국,national_by_industry,CONTEXT / BUSINESS_SENTIMENT,업종별 자동판정에 쓰지 않는다. 전국 업종 BSI 를 창원국가산단 개별 업종의 신호라고 부르지 않는다.
2021Q2,전국(업종),C2000,화학물질·제품,AK,가동률BSI,석유화학,A,127.67,3,,,False,512Y007,전국,national_by_industry,CONTEXT / BUSINESS_SENTIMENT,업종별 자동판정에 쓰지 않는다. 전국 업종 BSI 를 창원국가산단 개별 업종의 신호라고 부르지 않는다.
2021Q3,전국(업종),C2000,화학물질·제품,AK,가동률BSI,석유화학,A,118.67,3,,,False,512Y007,전국,national_by_industry,CONTEXT / BUSINESS_SENTIMENT,업종별 자동판정에 쓰지 않는다. 전국 업종 BSI 를 창원국가산단 개별 업종의 신호라고 부르지 않는다.
2021Q4,전국(업종),C2000,화학물질·제품,AK,가동률BSI,석유화학,A,116.0,3,,,False,512Y007,전국,national_by_industry,CONTEXT / BUSINESS_SENTIMENT,업종별 자동판정에 쓰지 않는다. 전국 업종 BSI 를 창원국가산단 개별 업종의 신호라고 부르지 않는다.
2022Q1,전국(업종),C2000,화학물질·제품,AK,가동률BSI,석유화학,A,102.33,3,103.67,-1.34,False,512Y007,전국,national_by_industry,CONTEXT / BUSINESS_SENTIMENT,업종별 자동판정에 쓰지 않는다. 전국 업종 BSI 를 창원국가산단 개별 업종의 신호라고 부르지 않는다.
2022Q2,전국(업종),C2000,화학물질·제품,AK,가동률BSI,석유화학,A,95.33,3,127.67,-32.34,True,512Y007,전국,national_by_industry,CONTEXT / BUSINESS_SENTIMENT,업종별 자동판정에 쓰지 않는다. 전국 업종 BSI 를 창원국가산단 개별 업종의 신호라고 부르지 않는다.
2022Q3,전국(업종),C2000,화학물질·제품,AK,가동률BSI,석유화학,A,76.67,3,118.67,-42.0,True,512Y007,전국,national_by_industry,CONTEXT / BUSINESS_SENTIMENT,업종별 자동판정에 쓰지 않는다. 전국 업종 BSI 를 창원국가산단 개별 업종의 신호라고 부르지 않는다.
2022Q4,전국(업종),C2000,화학물질·제품,AK,가동률BSI,석유화학,A,76.0,3,116.0,-40.0,True,512Y007,전국,national_by_industry,CONTEXT / BUSINESS_SENTIMENT,업종별 자동판정에 쓰지 않는다. 전국 업종 BSI 를 창원국가산단 개별 업종의 신호라고 부르지 않는다.
2023Q1,전국(업종),C2000,화학물질·제품,AK,가동률BSI,석유화학,A,73.33,3,102.33,-29.0,True,512Y007,전국,national_by_industry,CONTEXT / BUSINESS_SENTIMENT,업종별 자동판정에 쓰지 않는다. 전국 업종 BSI 를 창원국가산단 개별 업종의 신호라고 부르지 않는다.
2023Q2,전국(업종),C2000,화학물질·제품,AK,가동률BSI,석유화학,A,77.67,3,95.33,-17.66,True,512Y007,전국,national_by_industry,CONTEXT / BUSINESS_SENTIMENT,업종별 자동판정에 쓰지 않는다. 전국 업종 BSI 를 창원국가산단 개별 업종의 신호라고 부르지 않는다.
2023Q3,전국(업종),C2000,화학물질·제품,AK,가동률BSI,석유화학,A,78.67,3,76.67,2.0,True,512Y007,전국,national_by_industry,CONTEXT / BUSINESS_SENTIMENT,업종별 자동판정에 쓰지 않는다. 전국 업종 BSI 를 창원국가산단 개별 업종의 신호라고 부르지 않는다.
2023Q4,전국(업종),C2000,화학물질·제품,AK,가동률BSI,석유화학,A,79.33,3,76.0,3.33,True,512Y007,전국,national_by_industry,CONTEXT / BUSINESS_SENTIMENT,업종별 자동판정에 쓰지 않는다. 전국 업종 BSI 를 창원국가산단 개별 업종의 신호라고 부르지 않는다.
2024Q1,전국(업종),C2000,화학물질·제품,AK,가동률BSI,석유화학,A,80.67,3,73.33,7.34,True,512Y007,전국,national_by_industry,CONTEXT / BUSINESS_SENTIMENT,업종별 자동판정에 쓰지 않는다. 전국 업종 BSI 를 창원국가산단 개별 업종의 신호라고 부르지 않는다.
2024Q2,전국(업종),C2000,화학물질·제품,AK,가동률BSI,석유화학,A,94.67,3,77.67,17.0,True,512Y007,전국,national_by_industry,CONTEXT / BUSINESS_SENTIMENT,업종별 자동판정에 쓰지 않는다. 전국 업종 BSI 를 창원국가산단 개별 업종의 신호라고 부르지 않는다.
2024Q3,전국(업종),C2000,화학물질·제품,AK,가동률BSI,석유화학,A,88.67,3,78.67,10.0,True,512Y007,전국,national_by_industry,CONTEXT / BUSINESS_SENTIMENT,업종별 자동판정에 쓰지 않는다. 전국 업종 BSI 를 창원국가산단 개별 업종의 신호라고 부르지 않는다.
2024Q4,전국(업종),C2000,화학물질·제품,AK,가동률BSI,석유화학,A,81.33,3,79.33,2.0,True,512Y007,전국,national_by_industry,CONTEXT / BUSINESS_SENTIMENT,업종별 자동판정에 쓰지 않는다. 전국 업종 BSI 를 창원국가산단 개별 업종의 신호라고 부르지 않는다.
2025Q1,전국(업종),C2000,화학물질·제품,AK,가동률BSI,석유화학,A,86.67,3,80.67,6.0,True,512Y007,전국,national_by_industry,CONTEXT / BUSINESS_SENTIMENT,업종별 자동판정에 쓰지 않는다. 전국 업종 BSI 를 창원국가산단 개별 업종의 신호라고 부르지 않는다.
2025Q2,전국(업종),C2000,화학물질·제품,AK,가동률BSI,석유화학,A,81.0,3,94.67,-13.67,True,512Y007,전국,national_by_industry,CONTEXT / BUSINESS_SENTIMENT,업종별 자동판정에 쓰지 않는다. 전국 업종 BSI 를 창원국가산단 개별 업종의 신호라고 부르지 않는다.
2025Q3,전국(업종),C2000,화학물질·제품,AK,가동률BSI,석유화학,A,79.67,3,88.67,-9.0,True,512Y007,전국,national_by_industry,CONTEXT / BUSINESS_SENTIMENT,업종별 자동판정에 쓰지 않는다. 전국 업종 BSI 를 창원국가산단 개별 업종의 신호라고 부르지 않는다.
2025Q4,전국(업종),C2000,화학물질·제품,AK,가동률BSI,석유화학,A,75.0,3,81.33,-6.33,True,512Y007,전국,national_by_industry,CONTEXT / BUSINESS_SENTIMENT,업종별 자동판정에 쓰지 않는다. 전국 업종 BSI 를 창원국가산단 개별 업종의 신호라고 부르지 않는다.
2026Q1,전국(업종),C2000,화학물질·제품,AK,가동률BSI,석유화학,A,82.67,3,86.67,-4.0,True,512Y007,전국,national_by_industry,CONTEXT / BUSINESS_SENTIMENT,업종별 자동판정에 쓰지 않는다. 전국 업종 BSI 를 창원국가산단 개별 업종의 신호라고 부르지 않는다.
2026Q2,전국(업종),C2000,화학물질·제품,AK,가동률BSI,석유화학,A,88.0,3,81.0,7.0,True,512Y007,전국,national_by_industry,CONTEXT / BUSINESS_SENTIMENT,업종별 자동판정에 쓰지 않는다. 전국 업종 BSI 를 창원국가산단 개별 업종의 신호라고 부르지 않는다.
2026Q3,전국(업종),C2000,화학물질·제품,AK,가동률BSI,석유화학,A,88.0,2,79.67,8.33,True,512Y007,전국,national_by_industry,CONTEXT / BUSINESS_SENTIMENT,업종별 자동판정에 쓰지 않는다. 전국 업종 BSI 를 창원국가산단 개별 업종의 신호라고 부르지 않는다.
2021Q1,전국(업종),C2200,고무·플라스틱,AA,업황BSI,석유화학,B,81.67,3,,,True,512Y007,전국,national_by_industry,CONTEXT / BUSINESS_SENTIMENT,업종별 자동판정에 쓰지 않는다. 전국 업종 BSI 를 창원국가산단 개별 업종의 신호라고 부르지 않는다.
2021Q2,전국(업종),C2200,고무·플라스틱,AA,업황BSI,석유화학,B,84.0,3,,,True,512Y007,전국,national_by_industry,CONTEXT / BUSINESS_SENTIMENT,업종별 자동판정에 쓰지 않는다. 전국 업종 BSI 를 창원국가산단 개별 업종의 신호라고 부르지 않는다.
2021Q3,전국(업종),C2200,고무·플라스틱,AA,업황BSI,석유화학,B,79.67,3,,,True,512Y007,전국,national_by_industry,CONTEXT / BUSINESS_SENTIMENT,업종별 자동판정에 쓰지 않는다. 전국 업종 BSI 를 창원국가산단 개별 업종의 신호라고 부르지 않는다.
2021Q4,전국(업종),C2200,고무·플라스틱,AA,업황BSI,석유화학,B,74.0,3,,,True,512Y007,전국,national_by_industry,CONTEXT / BUSINESS_SENTIMENT,업종별 자동판정에 쓰지 않는다. 전국 업종 BSI 를 창원국가산단 개별 업종의 신호라고 부르지 않는다.
2022Q1,전국(업종),C2200,고무·플라스틱,AA,업황BSI,석유화학,B,75.67,3,81.67,-6.0,True,512Y007,전국,national_by_industry,CONTEXT / BUSINESS_SENTIMENT,업종별 자동판정에 쓰지 않는다. 전국 업종 BSI 를 창원국가산단 개별 업종의 신호라고 부르지 않는다.
2022Q2,전국(업종),C2200,고무·플라스틱,AA,업황BSI,석유화학,B,68.67,3,84.0,-15.33,True,512Y007,전국,national_by_industry,CONTEXT / BUSINESS_SENTIMENT,업종별 자동판정에 쓰지 않는다. 전국 업종 BSI 를 창원국가산단 개별 업종의 신호라고 부르지 않는다.
2022Q3,전국(업종),C2200,고무·플라스틱,AA,업황BSI,석유화학,B,69.67,3,79.67,-10.0,True,512Y007,전국,national_by_industry,CONTEXT / BUSINESS_SENTIMENT,업종별 자동판정에 쓰지 않는다. 전국 업종 BSI 를 창원국가산단 개별 업종의 신호라고 부르지 않는다.
2022Q4,전국(업종),C2200,고무·플라스틱,AA,업황BSI,석유화학,B,57.67,3,74.0,-16.33,True,512Y007,전국,national_by_industry,CONTEXT / BUSINESS_SENTIMENT,업종별 자동판정에 쓰지 않는다. 전국 업종 BSI 를 창원국가산단 개별 업종의 신호라고 부르지 않는다.
2023Q1,전국(업종),C2200,고무·플라스틱,AA,업황BSI,석유화학,B,59.0,3,75.67,-16.67,True,512Y007,전국,national_by_industry,CONTEXT / BUSINESS_SENTIMENT,업종별 자동판정에 쓰지 않는다. 전국 업종 BSI 를 창원국가산단 개별 업종의 신호라고 부르지 않는다.
2023Q2,전국(업종),C2200,고무·플라스틱,AA,업황BSI,석유화학,B,67.67,3,68.67,-1.0,True,512Y007,전국,national_by_industry,CONTEXT / BUSINESS_SENTIMENT,업종별 자동판정에 쓰지 않는다. 전국 업종 BSI 를 창원국가산단 개별 업종의 신호라고 부르지 않는다.
2023Q3,전국(업종),C2200,고무·플라스틱,AA,업황BSI,석유화학,B,64.0,3,69.67,-5.67,True,512Y007,전국,national_by_industry,CONTEXT / BUSINESS_SENTIMENT,업종별 자동판정에 쓰지 않는다. 전국 업종 BSI 를 창원국가산단 개별 업종의 신호라고 부르지 않는다.
2023Q4,전국(업종),C2200,고무·플라스틱,AA,업황BSI,석유화학,B,60.67,3,57.67,3.0,True,512Y007,전국,national_by_industry,CONTEXT / BUSINESS_SENTIMENT,업종별 자동판정에 쓰지 않는다. 전국 업종 BSI 를 창원국가산단 개별 업종의 신호라고 부르지 않는다.
2024Q1,전국(업종),C2200,고무·플라스틱,AA,업황BSI,석유화학,B,71.33,3,59.0,12.33,True,512Y007,전국,national_by_industry,CONTEXT / BUSINESS_SENTIMENT,업종별 자동판정에 쓰지 않는다. 전국 업종 BSI 를 창원국가산단 개별 업종의 신호라고 부르지 않는다.
2024Q2,전국(업종),C2200,고무·플라스틱,AA,업황BSI,석유화학,B,75.33,3,67.67,7.66,True,512Y007,전국,national_by_industry,CONTEXT / BUSINESS_SENTIMENT,업종별 자동판정에 쓰지 않는다. 전국 업종 BSI 를 창원국가산단 개별 업종의 신호라고 부르지 않는다.
2024Q3,전국(업종),C2200,고무·플라스틱,AA,업황BSI,석유화학,B,65.0,3,64.0,1.0,True,512Y007,전국,national_by_industry,CONTEXT / BUSINESS_SENTIMENT,업종별 자동판정에 쓰지 않는다. 전국 업종 BSI 를 창원국가산단 개별 업종의 신호라고 부르지 않는다.
2024Q4,전국(업종),C2200,고무·플라스틱,AA,업황BSI,석유화학,B,59.67,3,60.67,-1.0,True,512Y007,전국,national_by_industry,CONTEXT / BUSINESS_SENTIMENT,업종별 자동판정에 쓰지 않는다. 전국 업종 BSI 를 창원국가산단 개별 업종의 신호라고 부르지 않는다.
2025Q1,전국(업종),C2200,고무·플라스틱,AA,업황BSI,석유화학,B,64.33,3,71.33,-7.0,True,512Y007,전국,national_by_industry,CONTEXT / BUSINESS_SENTIMENT,업종별 자동판정에 쓰지 않는다. 전국 업종 BSI 를 창원국가산단 개별 업종의 신호라고 부르지 않는다.
2025Q2,전국(업종),C2200,고무·플라스틱,AA,업황BSI,석유화학,B,62.67,3,75.33,-12.66,True,512Y007,전국,national_by_industry,CONTEXT / BUSINESS_SENTIMENT,업종별 자동판정에 쓰지 않는다. 전국 업종 BSI 를 창원국가산단 개별 업종의 신호라고 부르지 않는다.
2025Q3,전국(업종),C2200,고무·플라스틱,AA,업황BSI,석유화학,B,64.0,3,65.0,-1.0,True,512Y007,전국,national_by_industry,CONTEXT / BUSINESS_SENTIMENT,업종별 자동판정에 쓰지 않는다. 전국 업종 BSI 를 창원국가산단 개별 업종의 신호라고 부르지 않는다.
2025Q4,전국(업종),C2200,고무·플라스틱,AA,업황BSI,석유화학,B,59.33,3,59.67,-0.34,True,512Y007,전국,national_by_industry,CONTEXT / BUSINESS_SENTIMENT,업종별 자동판정에 쓰지 않는다. 전국 업종 BSI 를 창원국가산단 개별 업종의 신호라고 부르지 않는다.
2026Q1,전국(업종),C2200,고무·플라스틱,AA,업황BSI,석유화학,B,65.33,3,64.33,1.0,True,512Y007,전국,national_by_industry,CONTEXT / BUSINESS_SENTIMENT,업종별 자동판정에 쓰지 않는다. 전국 업종 BSI 를 창원국가산단 개별 업종의 신호라고 부르지 않는다.
2026Q2,전국(업종),C2200,고무·플라스틱,AA,업황BSI,석유화학,B,64.33,3,62.67,1.66,True,512Y007,전국,national_by_industry,CONTEXT / BUSINESS_SENTIMENT,업종별 자동판정에 쓰지 않는다. 전국 업종 BSI 를 창원국가산단 개별 업종의 신호라고 부르지 않는다.
2026Q3,전국(업종),C2200,고무·플라스틱,AA,업황BSI,석유화학,B,75.0,2,64.0,11.0,True,512Y007,전국,national_by_industry,CONTEXT / BUSINESS_SENTIMENT,업종별 자동판정에 쓰지 않는다. 전국 업종 BSI 를 창원국가산단 개별 업종의 신호라고 부르지 않는다.
2021Q1,전국(업종),C2200,고무·플라스틱,AC,생산BSI,석유화학,B,98.0,3,,,True,512Y007,전국,national_by_industry,CONTEXT / BUSINESS_SENTIMENT,업종별 자동판정에 쓰지 않는다. 전국 업종 BSI 를 창원국가산단 개별 업종의 신호라고 부르지 않는다.
2021Q2,전국(업종),C2200,고무·플라스틱,AC,생산BSI,석유화학,B,111.33,3,,,False,512Y007,전국,national_by_industry,CONTEXT / BUSINESS_SENTIMENT,업종별 자동판정에 쓰지 않는다. 전국 업종 BSI 를 창원국가산단 개별 업종의 신호라고 부르지 않는다.
2021Q3,전국(업종),C2200,고무·플라스틱,AC,생산BSI,석유화학,B,100.67,3,,,False,512Y007,전국,national_by_industry,CONTEXT / BUSINESS_SENTIMENT,업종별 자동판정에 쓰지 않는다. 전국 업종 BSI 를 창원국가산단 개별 업종의 신호라고 부르지 않는다.
2021Q4,전국(업종),C2200,고무·플라스틱,AC,생산BSI,석유화학,B,95.33,3,,,True,512Y007,전국,national_by_industry,CONTEXT / BUSINESS_SENTIMENT,업종별 자동판정에 쓰지 않는다. 전국 업종 BSI 를 창원국가산단 개별 업종의 신호라고 부르지 않는다.
2022Q1,전국(업종),C2200,고무·플라스틱,AC,생산BSI,석유화학,B,96.33,3,98.0,-1.67,True,512Y007,전국,national_by_industry,CONTEXT / BUSINESS_SENTIMENT,업종별 자동판정에 쓰지 않는다. 전국 업종 BSI 를 창원국가산단 개별 업종의 신호라고 부르지 않는다.
2022Q2,전국(업종),C2200,고무·플라스틱,AC,생산BSI,석유화학,B,96.67,3,111.33,-14.66,True,512Y007,전국,national_by_industry,CONTEXT / BUSINESS_SENTIMENT,업종별 자동판정에 쓰지 않는다. 전국 업종 BSI 를 창원국가산단 개별 업종의 신호라고 부르지 않는다.
2022Q3,전국(업종),C2200,고무·플라스틱,AC,생산BSI,석유화학,B,85.0,3,100.67,-15.67,True,512Y007,전국,national_by_industry,CONTEXT / BUSINESS_SENTIMENT,업종별 자동판정에 쓰지 않는다. 전국 업종 BSI 를 창원국가산단 개별 업종의 신호라고 부르지 않는다.
2022Q4,전국(업종),C2200,고무·플라스틱,AC,생산BSI,석유화학,B,73.33,3,95.33,-22.0,True,512Y007,전국,national_by_industry,CONTEXT / BUSINESS_SENTIMENT,업종별 자동판정에 쓰지 않는다. 전국 업종 BSI 를 창원국가산단 개별 업종의 신호라고 부르지 않는다.
2023Q1,전국(업종),C2200,고무·플라스틱,AC,생산BSI,석유화학,B,69.0,3,96.33,-27.33,True,512Y007,전국,national_by_industry,CONTEXT / BUSINESS_SENTIMENT,업종별 자동판정에 쓰지 않는다. 전국 업종 BSI 를 창원국가산단 개별 업종의 신호라고 부르지 않는다.
2023Q2,전국(업종),C2200,고무·플라스틱,AC,생산BSI,석유화학,B,74.67,3,96.67,-22.0,True,512Y007,전국,national_by_industry,CONTEXT / BUSINESS_SENTIMENT,업종별 자동판정에 쓰지 않는다. 전국 업종 BSI 를 창원국가산단 개별 업종의 신호라고 부르지 않는다.
2023Q3,전국(업종),C2200,고무·플라스틱,AC,생산BSI,석유화학,B,72.67,3,85.0,-12.33,True,512Y007,전국,national_by_industry,CONTEXT / BUSINESS_SENTIMENT,업종별 자동판정에 쓰지 않는다. 전국 업종 BSI 를 창원국가산단 개별 업종의 신호라고 부르지 않는다.
2023Q4,전국(업종),C2200,고무·플라스틱,AC,생산BSI,석유화학,B,73.67,3,73.33,0.34,True,512Y007,전국,national_by_industry,CONTEXT / BUSINESS_SENTIMENT,업종별 자동판정에 쓰지 않는다. 전국 업종 BSI 를 창원국가산단 개별 업종의 신호라고 부르지 않는다.
2024Q1,전국(업종),C2200,고무·플라스틱,AC,생산BSI,석유화학,B,78.33,3,69.0,9.33,True,512Y007,전국,national_by_industry,CONTEXT / BUSINESS_SENTIMENT,업종별 자동판정에 쓰지 않는다. 전국 업종 BSI 를 창원국가산단 개별 업종의 신호라고 부르지 않는다.
2024Q2,전국(업종),C2200,고무·플라스틱,AC,생산BSI,석유화학,B,82.33,3,74.67,7.66,True,512Y007,전국,national_by_industry,CONTEXT / BUSINESS_SENTIMENT,업종별 자동판정에 쓰지 않는다. 전국 업종 BSI 를 창원국가산단 개별 업종의 신호라고 부르지 않는다.
2024Q3,전국(업종),C2200,고무·플라스틱,AC,생산BSI,석유화학,B,74.67,3,72.67,2.0,True,512Y007,전국,national_by_industry,CONTEXT / BUSINESS_SENTIMENT,업종별 자동판정에 쓰지 않는다. 전국 업종 BSI 를 창원국가산단 개별 업종의 신호라고 부르지 않는다.
2024Q4,전국(업종),C2200,고무·플라스틱,AC,생산BSI,석유화학,B,69.67,3,73.67,-4.0,True,512Y007,전국,national_by_industry,CONTEXT / BUSINESS_SENTIMENT,업종별 자동판정에 쓰지 않는다. 전국 업종 BSI 를 창원국가산단 개별 업종의 신호라고 부르지 않는다.
2025Q1,전국(업종),C2200,고무·플라스틱,AC,생산BSI,석유화학,B,72.0,3,78.33,-6.33,True,512Y007,전국,national_by_industry,CONTEXT / BUSINESS_SENTIMENT,업종별 자동판정에 쓰지 않는다. 전국 업종 BSI 를 창원국가산단 개별 업종의 신호라고 부르지 않는다.
2025Q2,전국(업종),C2200,고무·플라스틱,AC,생산BSI,석유화학,B,75.33,3,82.33,-7.0,True,512Y007,전국,national_by_industry,CONTEXT / BUSINESS_SENTIMENT,업종별 자동판정에 쓰지 않는다. 전국 업종 BSI 를 창원국가산단 개별 업종의 신호라고 부르지 않는다.
2025Q3,전국(업종),C2200,고무·플라스틱,AC,생산BSI,석유화학,B,72.33,3,74.67,-2.34,True,512Y007,전국,national_by_industry,CONTEXT / BUSINESS_SENTIMENT,업종별 자동판정에 쓰지 않는다. 전국 업종 BSI 를 창원국가산단 개별 업종의 신호라고 부르지 않는다.
2025Q4,전국(업종),C2200,고무·플라스틱,AC,생산BSI,석유화학,B,71.0,3,69.67,1.33,True,512Y007,전국,national_by_industry,CONTEXT / BUSINESS_SENTIMENT,업종별 자동판정에 쓰지 않는다. 전국 업종 BSI 를 창원국가산단 개별 업종의 신호라고 부르지 않는다.
2026Q1,전국(업종),C2200,고무·플라스틱,AC,생산BSI,석유화학,B,73.33,3,72.0,1.33,True,512Y007,전국,national_by_industry,CONTEXT / BUSINESS_SENTIMENT,업종별 자동판정에 쓰지 않는다. 전국 업종 BSI 를 창원국가산단 개별 업종의 신호라고 부르지 않는다.
2026Q2,전국(업종),C2200,고무·플라스틱,AC,생산BSI,석유화학,B,73.67,3,75.33,-1.66,True,512Y007,전국,national_by_industry,CONTEXT / BUSINESS_SENTIMENT,업종별 자동판정에 쓰지 않는다. 전국 업종 BSI 를 창원국가산단 개별 업종의 신호라고 부르지 않는다.
2026Q3,전국(업종),C2200,고무·플라스틱,AC,생산BSI,석유화학,B,86.5,2,72.33,14.17,True,512Y007,전국,national_by_industry,CONTEXT / BUSINESS_SENTIMENT,업종별 자동판정에 쓰지 않는다. 전국 업종 BSI 를 창원국가산단 개별 업종의 신호라고 부르지 않는다.
2021Q1,전국(업종),C2200,고무·플라스틱,AD,신규수주BSI,석유화학,B,90.0,3,,,True,512Y007,전국,national_by_industry,CONTEXT / BUSINESS_SENTIMENT,업종별 자동판정에 쓰지 않는다. 전국 업종 BSI 를 창원국가산단 개별 업종의 신호라고 부르지 않는다.
2021Q2,전국(업종),C2200,고무·플라스틱,AD,신규수주BSI,석유화학,B,104.67,3,,,False,512Y007,전국,national_by_industry,CONTEXT / BUSINESS_SENTIMENT,업종별 자동판정에 쓰지 않는다. 전국 업종 BSI 를 창원국가산단 개별 업종의 신호라고 부르지 않는다.
2021Q3,전국(업종),C2200,고무·플라스틱,AD,신규수주BSI,석유화학,B,97.33,3,,,True,512Y007,전국,national_by_industry,CONTEXT / BUSINESS_SENTIMENT,업종별 자동판정에 쓰지 않는다. 전국 업종 BSI 를 창원국가산단 개별 업종의 신호라고 부르지 않는다.
2021Q4,전국(업종),C2200,고무·플라스틱,AD,신규수주BSI,석유화학,B,89.33,3,,,True,512Y007,전국,national_by_industry,CONTEXT / BUSINESS_SENTIMENT,업종별 자동판정에 쓰지 않는다. 전국 업종 BSI 를 창원국가산단 개별 업종의 신호라고 부르지 않는다.
2022Q1,전국(업종),C2200,고무·플라스틱,AD,신규수주BSI,석유화학,B,94.0,3,90.0,4.0,True,512Y007,전국,national_by_industry,CONTEXT / BUSINESS_SENTIMENT,업종별 자동판정에 쓰지 않는다. 전국 업종 BSI 를 창원국가산단 개별 업종의 신호라고 부르지 않는다.
2022Q2,전국(업종),C2200,고무·플라스틱,AD,신규수주BSI,석유화학,B,89.33,3,104.67,-15.34,True,512Y007,전국,national_by_industry,CONTEXT / BUSINESS_SENTIMENT,업종별 자동판정에 쓰지 않는다. 전국 업종 BSI 를 창원국가산단 개별 업종의 신호라고 부르지 않는다.
2022Q3,전국(업종),C2200,고무·플라스틱,AD,신규수주BSI,석유화학,B,78.33,3,97.33,-19.0,True,512Y007,전국,national_by_industry,CONTEXT / BUSINESS_SENTIMENT,업종별 자동판정에 쓰지 않는다. 전국 업종 BSI 를 창원국가산단 개별 업종의 신호라고 부르지 않는다.
2022Q4,전국(업종),C2200,고무·플라스틱,AD,신규수주BSI,석유화학,B,66.0,3,89.33,-23.33,True,512Y007,전국,national_by_industry,CONTEXT / BUSINESS_SENTIMENT,업종별 자동판정에 쓰지 않는다. 전국 업종 BSI 를 창원국가산단 개별 업종의 신호라고 부르지 않는다.
2023Q1,전국(업종),C2200,고무·플라스틱,AD,신규수주BSI,석유화학,B,68.0,3,94.0,-26.0,True,512Y007,전국,national_by_industry,CONTEXT / BUSINESS_SENTIMENT,업종별 자동판정에 쓰지 않는다. 전국 업종 BSI 를 창원국가산단 개별 업종의 신호라고 부르지 않는다.
2023Q2,전국(업종),C2200,고무·플라스틱,AD,신규수주BSI,석유화학,B,73.0,3,89.33,-16.33,True,512Y007,전국,national_by_industry,CONTEXT / BUSINESS_SENTIMENT,업종별 자동판정에 쓰지 않는다. 전국 업종 BSI 를 창원국가산단 개별 업종의 신호라고 부르지 않는다.
2023Q3,전국(업종),C2200,고무·플라스틱,AD,신규수주BSI,석유화학,B,71.0,3,78.33,-7.33,True,512Y007,전국,national_by_industry,CONTEXT / BUSINESS_SENTIMENT,업종별 자동판정에 쓰지 않는다. 전국 업종 BSI 를 창원국가산단 개별 업종의 신호라고 부르지 않는다.
2023Q4,전국(업종),C2200,고무·플라스틱,AD,신규수주BSI,석유화학,B,72.67,3,66.0,6.67,True,512Y007,전국,national_by_industry,CONTEXT / BUSINESS_SENTIMENT,업종별 자동판정에 쓰지 않는다. 전국 업종 BSI 를 창원국가산단 개별 업종의 신호라고 부르지 않는다.
2024Q1,전국(업종),C2200,고무·플라스틱,AD,신규수주BSI,석유화학,B,76.67,3,68.0,8.67,True,512Y007,전국,national_by_industry,CONTEXT / BUSINESS_SENTIMENT,업종별 자동판정에 쓰지 않는다. 전국 업종 BSI 를 창원국가산단 개별 업종의 신호라고 부르지 않는다.
2024Q2,전국(업종),C2200,고무·플라스틱,AD,신규수주BSI,석유화학,B,78.67,3,73.0,5.67,True,512Y007,전국,national_by_industry,CONTEXT / BUSINESS_SENTIMENT,업종별 자동판정에 쓰지 않는다. 전국 업종 BSI 를 창원국가산단 개별 업종의 신호라고 부르지 않는다.
2024Q3,전국(업종),C2200,고무·플라스틱,AD,신규수주BSI,석유화학,B,73.67,3,71.0,2.67,True,512Y007,전국,national_by_industry,CONTEXT / BUSINESS_SENTIMENT,업종별 자동판정에 쓰지 않는다. 전국 업종 BSI 를 창원국가산단 개별 업종의 신호라고 부르지 않는다.
2024Q4,전국(업종),C2200,고무·플라스틱,AD,신규수주BSI,석유화학,B,68.0,3,72.67,-4.67,True,512Y007,전국,national_by_industry,CONTEXT / BUSINESS_SENTIMENT,업종별 자동판정에 쓰지 않는다. 전국 업종 BSI 를 창원국가산단 개별 업종의 신호라고 부르지 않는다.
2025Q1,전국(업종),C2200,고무·플라스틱,AD,신규수주BSI,석유화학,B,68.33,3,76.67,-8.34,True,512Y007,전국,national_by_industry,CONTEXT / BUSINESS_SENTIMENT,업종별 자동판정에 쓰지 않는다. 전국 업종 BSI 를 창원국가산단 개별 업종의 신호라고 부르지 않는다.
2025Q2,전국(업종),C2200,고무·플라스틱,AD,신규수주BSI,석유화학,B,68.67,3,78.67,-10.0,True,512Y007,전국,national_by_industry,CONTEXT / BUSINESS_SENTIMENT,업종별 자동판정에 쓰지 않는다. 전국 업종 BSI 를 창원국가산단 개별 업종의 신호라고 부르지 않는다.
2025Q3,전국(업종),C2200,고무·플라스틱,AD,신규수주BSI,석유화학,B,67.67,3,73.67,-6.0,True,512Y007,전국,national_by_industry,CONTEXT / BUSINESS_SENTIMENT,업종별 자동판정에 쓰지 않는다. 전국 업종 BSI 를 창원국가산단 개별 업종의 신호라고 부르지 않는다.
2025Q4,전국(업종),C2200,고무·플라스틱,AD,신규수주BSI,석유화학,B,68.67,3,68.0,0.67,True,512Y007,전국,national_by_industry,CONTEXT / BUSINESS_SENTIMENT,업종별 자동판정에 쓰지 않는다. 전국 업종 BSI 를 창원국가산단 개별 업종의 신호라고 부르지 않는다.
2026Q1,전국(업종),C2200,고무·플라스틱,AD,신규수주BSI,석유화학,B,71.33,3,68.33,3.0,True,512Y007,전국,national_by_industry,CONTEXT / BUSINESS_SENTIMENT,업종별 자동판정에 쓰지 않는다. 전국 업종 BSI 를 창원국가산단 개별 업종의 신호라고 부르지 않는다.
2026Q2,전국(업종),C2200,고무·플라스틱,AD,신규수주BSI,석유화학,B,75.0,3,68.67,6.33,True,512Y007,전국,national_by_industry,CONTEXT / BUSINESS_SENTIMENT,업종별 자동판정에 쓰지 않는다. 전국 업종 BSI 를 창원국가산단 개별 업종의 신호라고 부르지 않는다.
2026Q3,전국(업종),C2200,고무·플라스틱,AD,신규수주BSI,석유화학,B,80.5,2,67.67,12.83,True,512Y007,전국,national_by_industry,CONTEXT / BUSINESS_SENTIMENT,업종별 자동판정에 쓰지 않는다. 전국 업종 BSI 를 창원국가산단 개별 업종의 신호라고 부르지 않는다.
2021Q1,전국(업종),C2200,고무·플라스틱,AJ,인력사정BSI,석유화학,B,87.33,3,,,True,512Y007,전국,national_by_industry,CONTEXT / BUSINESS_SENTIMENT,업종별 자동판정에 쓰지 않는다. 전국 업종 BSI 를 창원국가산단 개별 업종의 신호라고 부르지 않는다.
2021Q2,전국(업종),C2200,고무·플라스틱,AJ,인력사정BSI,석유화학,B,80.0,3,,,True,512Y007,전국,national_by_industry,CONTEXT / BUSINESS_SENTIMENT,업종별 자동판정에 쓰지 않는다. 전국 업종 BSI 를 창원국가산단 개별 업종의 신호라고 부르지 않는다.
2021Q3,전국(업종),C2200,고무·플라스틱,AJ,인력사정BSI,석유화학,B,82.33,3,,,True,512Y007,전국,national_by_industry,CONTEXT / BUSINESS_SENTIMENT,업종별 자동판정에 쓰지 않는다. 전국 업종 BSI 를 창원국가산단 개별 업종의 신호라고 부르지 않는다.
2021Q4,전국(업종),C2200,고무·플라스틱,AJ,인력사정BSI,석유화학,B,82.33,3,,,True,512Y007,전국,national_by_industry,CONTEXT / BUSINESS_SENTIMENT,업종별 자동판정에 쓰지 않는다. 전국 업종 BSI 를 창원국가산단 개별 업종의 신호라고 부르지 않는다.
2022Q1,전국(업종),C2200,고무·플라스틱,AJ,인력사정BSI,석유화학,B,84.67,3,87.33,-2.66,True,512Y007,전국,national_by_industry,CONTEXT / BUSINESS_SENTIMENT,업종별 자동판정에 쓰지 않는다. 전국 업종 BSI 를 창원국가산단 개별 업종의 신호라고 부르지 않는다.
2022Q2,전국(업종),C2200,고무·플라스틱,AJ,인력사정BSI,석유화학,B,84.0,3,80.0,4.0,True,512Y007,전국,national_by_industry,CONTEXT / BUSINESS_SENTIMENT,업종별 자동판정에 쓰지 않는다. 전국 업종 BSI 를 창원국가산단 개별 업종의 신호라고 부르지 않는다.
2022Q3,전국(업종),C2200,고무·플라스틱,AJ,인력사정BSI,석유화학,B,88.0,3,82.33,5.67,True,512Y007,전국,national_by_industry,CONTEXT / BUSINESS_SENTIMENT,업종별 자동판정에 쓰지 않는다. 전국 업종 BSI 를 창원국가산단 개별 업종의 신호라고 부르지 않는다.
2022Q4,전국(업종),C2200,고무·플라스틱,AJ,인력사정BSI,석유화학,B,91.0,3,82.33,8.67,True,512Y007,전국,national_by_industry,CONTEXT / BUSINESS_SENTIMENT,업종별 자동판정에 쓰지 않는다. 전국 업종 BSI 를 창원국가산단 개별 업종의 신호라고 부르지 않는다.
2023Q1,전국(업종),C2200,고무·플라스틱,AJ,인력사정BSI,석유화학,B,93.0,3,84.67,8.33,True,512Y007,전국,national_by_industry,CONTEXT / BUSINESS_SENTIMENT,업종별 자동판정에 쓰지 않는다. 전국 업종 BSI 를 창원국가산단 개별 업종의 신호라고 부르지 않는다.
2023Q2,전국(업종),C2200,고무·플라스틱,AJ,인력사정BSI,석유화학,B,91.0,3,84.0,7.0,True,512Y007,전국,national_by_industry,CONTEXT / BUSINESS_SENTIMENT,업종별 자동판정에 쓰지 않는다. 전국 업종 BSI 를 창원국가산단 개별 업종의 신호라고 부르지 않는다.
2023Q3,전국(업종),C2200,고무·플라스틱,AJ,인력사정BSI,석유화학,B,94.0,3,88.0,6.0,True,512Y007,전국,national_by_industry,CONTEXT / BUSINESS_SENTIMENT,업종별 자동판정에 쓰지 않는다. 전국 업종 BSI 를 창원국가산단 개별 업종의 신호라고 부르지 않는다.
2023Q4,전국(업종),C2200,고무·플라스틱,AJ,인력사정BSI,석유화학,B,88.67,3,91.0,-2.33,True,512Y007,전국,national_by_industry,CONTEXT / BUSINESS_SENTIMENT,업종별 자동판정에 쓰지 않는다. 전국 업종 BSI 를 창원국가산단 개별 업종의 신호라고 부르지 않는다.
2024Q1,전국(업종),C2200,고무·플라스틱,AJ,인력사정BSI,석유화학,B,91.33,3,93.0,-1.67,True,512Y007,전국,national_by_industry,CONTEXT / BUSINESS_SENTIMENT,업종별 자동판정에 쓰지 않는다. 전국 업종 BSI 를 창원국가산단 개별 업종의 신호라고 부르지 않는다.
2024Q2,전국(업종),C2200,고무·플라스틱,AJ,인력사정BSI,석유화학,B,93.0,3,91.0,2.0,True,512Y007,전국,national_by_industry,CONTEXT / BUSINESS_SENTIMENT,업종별 자동판정에 쓰지 않는다. 전국 업종 BSI 를 창원국가산단 개별 업종의 신호라고 부르지 않는다.
2024Q3,전국(업종),C2200,고무·플라스틱,AJ,인력사정BSI,석유화학,B,93.33,3,94.0,-0.67,True,512Y007,전국,national_by_industry,CONTEXT / BUSINESS_SENTIMENT,업종별 자동판정에 쓰지 않는다. 전국 업종 BSI 를 창원국가산단 개별 업종의 신호라고 부르지 않는다.
2024Q4,전국(업종),C2200,고무·플라스틱,AJ,인력사정BSI,석유화학,B,101.67,3,88.67,13.0,False,512Y007,전국,national_by_industry,CONTEXT / BUSINESS_SENTIMENT,업종별 자동판정에 쓰지 않는다. 전국 업종 BSI 를 창원국가산단 개별 업종의 신호라고 부르지 않는다.
2025Q1,전국(업종),C2200,고무·플라스틱,AJ,인력사정BSI,석유화학,B,95.0,3,91.33,3.67,True,512Y007,전국,national_by_industry,CONTEXT / BUSINESS_SENTIMENT,업종별 자동판정에 쓰지 않는다. 전국 업종 BSI 를 창원국가산단 개별 업종의 신호라고 부르지 않는다.
2025Q2,전국(업종),C2200,고무·플라스틱,AJ,인력사정BSI,석유화학,B,97.33,3,93.0,4.33,True,512Y007,전국,national_by_industry,CONTEXT / BUSINESS_SENTIMENT,업종별 자동판정에 쓰지 않는다. 전국 업종 BSI 를 창원국가산단 개별 업종의 신호라고 부르지 않는다.
2025Q3,전국(업종),C2200,고무·플라스틱,AJ,인력사정BSI,석유화학,B,98.0,3,93.33,4.67,True,512Y007,전국,national_by_industry,CONTEXT / BUSINESS_SENTIMENT,업종별 자동판정에 쓰지 않는다. 전국 업종 BSI 를 창원국가산단 개별 업종의 신호라고 부르지 않는다.
2025Q4,전국(업종),C2200,고무·플라스틱,AJ,인력사정BSI,석유화학,B,100.0,3,101.67,-1.67,False,512Y007,전국,national_by_industry,CONTEXT / BUSINESS_SENTIMENT,업종별 자동판정에 쓰지 않는다. 전국 업종 BSI 를 창원국가산단 개별 업종의 신호라고 부르지 않는다.
2026Q1,전국(업종),C2200,고무·플라스틱,AJ,인력사정BSI,석유화학,B,100.33,3,95.0,5.33,False,512Y007,전국,national_by_industry,CONTEXT / BUSINESS_SENTIMENT,업종별 자동판정에 쓰지 않는다. 전국 업종 BSI 를 창원국가산단 개별 업종의 신호라고 부르지 않는다.
2026Q2,전국(업종),C2200,고무·플라스틱,AJ,인력사정BSI,석유화학,B,95.0,3,97.33,-2.33,True,512Y007,전국,national_by_industry,CONTEXT / BUSINESS_SENTIMENT,업종별 자동판정에 쓰지 않는다. 전국 업종 BSI 를 창원국가산단 개별 업종의 신호라고 부르지 않는다.
2026Q3,전국(업종),C2200,고무·플라스틱,AJ,인력사정BSI,석유화학,B,97.5,2,98.0,-0.5,True,512Y007,전국,national_by_industry,CONTEXT / BUSINESS_SENTIMENT,업종별 자동판정에 쓰지 않는다. 전국 업종 BSI 를 창원국가산단 개별 업종의 신호라고 부르지 않는다.
2021Q1,전국(업종),C2200,고무·플라스틱,AK,가동률BSI,석유화학,B,93.67,3,,,True,512Y007,전국,national_by_industry,CONTEXT / BUSINESS_SENTIMENT,업종별 자동판정에 쓰지 않는다. 전국 업종 BSI 를 창원국가산단 개별 업종의 신호라고 부르지 않는다.
2021Q2,전국(업종),C2200,고무·플라스틱,AK,가동률BSI,석유화학,B,106.67,3,,,False,512Y007,전국,national_by_industry,CONTEXT / BUSINESS_SENTIMENT,업종별 자동판정에 쓰지 않는다. 전국 업종 BSI 를 창원국가산단 개별 업종의 신호라고 부르지 않는다.
2021Q3,전국(업종),C2200,고무·플라스틱,AK,가동률BSI,석유화학,B,100.0,3,,,False,512Y007,전국,national_by_industry,CONTEXT / BUSINESS_SENTIMENT,업종별 자동판정에 쓰지 않는다. 전국 업종 BSI 를 창원국가산단 개별 업종의 신호라고 부르지 않는다.
2021Q4,전국(업종),C2200,고무·플라스틱,AK,가동률BSI,석유화학,B,94.67,3,,,True,512Y007,전국,national_by_industry,CONTEXT / BUSINESS_SENTIMENT,업종별 자동판정에 쓰지 않는다. 전국 업종 BSI 를 창원국가산단 개별 업종의 신호라고 부르지 않는다.
2022Q1,전국(업종),C2200,고무·플라스틱,AK,가동률BSI,석유화학,B,95.67,3,93.67,2.0,True,512Y007,전국,national_by_industry,CONTEXT / BUSINESS_SENTIMENT,업종별 자동판정에 쓰지 않는다. 전국 업종 BSI 를 창원국가산단 개별 업종의 신호라고 부르지 않는다.
2022Q2,전국(업종),C2200,고무·플라스틱,AK,가동률BSI,석유화학,B,92.33,3,106.67,-14.34,True,512Y007,전국,national_by_industry,CONTEXT / BUSINESS_SENTIMENT,업종별 자동판정에 쓰지 않는다. 전국 업종 BSI 를 창원국가산단 개별 업종의 신호라고 부르지 않는다.
2022Q3,전국(업종),C2200,고무·플라스틱,AK,가동률BSI,석유화학,B,80.0,3,100.0,-20.0,True,512Y007,전국,national_by_industry,CONTEXT / BUSINESS_SENTIMENT,업종별 자동판정에 쓰지 않는다. 전국 업종 BSI 를 창원국가산단 개별 업종의 신호라고 부르지 않는다.
2022Q4,전국(업종),C2200,고무·플라스틱,AK,가동률BSI,석유화학,B,72.0,3,94.67,-22.67,True,512Y007,전국,national_by_industry,CONTEXT / BUSINESS_SENTIMENT,업종별 자동판정에 쓰지 않는다. 전국 업종 BSI 를 창원국가산단 개별 업종의 신호라고 부르지 않는다.
2023Q1,전국(업종),C2200,고무·플라스틱,AK,가동률BSI,석유화학,B,68.0,3,95.67,-27.67,True,512Y007,전국,national_by_industry,CONTEXT / BUSINESS_SENTIMENT,업종별 자동판정에 쓰지 않는다. 전국 업종 BSI 를 창원국가산단 개별 업종의 신호라고 부르지 않는다.
2023Q2,전국(업종),C2200,고무·플라스틱,AK,가동률BSI,석유화학,B,70.67,3,92.33,-21.66,True,512Y007,전국,national_by_industry,CONTEXT / BUSINESS_SENTIMENT,업종별 자동판정에 쓰지 않는다. 전국 업종 BSI 를 창원국가산단 개별 업종의 신호라고 부르지 않는다.
2023Q3,전국(업종),C2200,고무·플라스틱,AK,가동률BSI,석유화학,B,71.0,3,80.0,-9.0,True,512Y007,전국,national_by_industry,CONTEXT / BUSINESS_SENTIMENT,업종별 자동판정에 쓰지 않는다. 전국 업종 BSI 를 창원국가산단 개별 업종의 신호라고 부르지 않는다.
2023Q4,전국(업종),C2200,고무·플라스틱,AK,가동률BSI,석유화학,B,70.67,3,72.0,-1.33,True,512Y007,전국,national_by_industry,CONTEXT / BUSINESS_SENTIMENT,업종별 자동판정에 쓰지 않는다. 전국 업종 BSI 를 창원국가산단 개별 업종의 신호라고 부르지 않는다.
2024Q1,전국(업종),C2200,고무·플라스틱,AK,가동률BSI,석유화학,B,79.33,3,68.0,11.33,True,512Y007,전국,national_by_industry,CONTEXT / BUSINESS_SENTIMENT,업종별 자동판정에 쓰지 않는다. 전국 업종 BSI 를 창원국가산단 개별 업종의 신호라고 부르지 않는다.
2024Q2,전국(업종),C2200,고무·플라스틱,AK,가동률BSI,석유화학,B,78.67,3,70.67,8.0,True,512Y007,전국,national_by_industry,CONTEXT / BUSINESS_SENTIMENT,업종별 자동판정에 쓰지 않는다. 전국 업종 BSI 를 창원국가산단 개별 업종의 신호라고 부르지 않는다.
2024Q3,전국(업종),C2200,고무·플라스틱,AK,가동률BSI,석유화학,B,73.0,3,71.0,2.0,True,512Y007,전국,national_by_industry,CONTEXT / BUSINESS_SENTIMENT,업종별 자동판정에 쓰지 않는다. 전국 업종 BSI 를 창원국가산단 개별 업종의 신호라고 부르지 않는다.
2024Q4,전국(업종),C2200,고무·플라스틱,AK,가동률BSI,석유화학,B,70.67,3,70.67,0.0,True,512Y007,전국,national_by_industry,CONTEXT / BUSINESS_SENTIMENT,업종별 자동판정에 쓰지 않는다. 전국 업종 BSI 를 창원국가산단 개별 업종의 신호라고 부르지 않는다.
2025Q1,전국(업종),C2200,고무·플라스틱,AK,가동률BSI,석유화학,B,72.33,3,79.33,-7.0,True,512Y007,전국,national_by_industry,CONTEXT / BUSINESS_SENTIMENT,업종별 자동판정에 쓰지 않는다. 전국 업종 BSI 를 창원국가산단 개별 업종의 신호라고 부르지 않는다.
2025Q2,전국(업종),C2200,고무·플라스틱,AK,가동률BSI,석유화학,B,74.0,3,78.67,-4.67,True,512Y007,전국,national_by_industry,CONTEXT / BUSINESS_SENTIMENT,업종별 자동판정에 쓰지 않는다. 전국 업종 BSI 를 창원국가산단 개별 업종의 신호라고 부르지 않는다.
2025Q3,전국(업종),C2200,고무·플라스틱,AK,가동률BSI,석유화학,B,72.33,3,73.0,-0.67,True,512Y007,전국,national_by_industry,CONTEXT / BUSINESS_SENTIMENT,업종별 자동판정에 쓰지 않는다. 전국 업종 BSI 를 창원국가산단 개별 업종의 신호라고 부르지 않는다.
2025Q4,전국(업종),C2200,고무·플라스틱,AK,가동률BSI,석유화학,B,69.33,3,70.67,-1.34,True,512Y007,전국,national_by_industry,CONTEXT / BUSINESS_SENTIMENT,업종별 자동판정에 쓰지 않는다. 전국 업종 BSI 를 창원국가산단 개별 업종의 신호라고 부르지 않는다.
2026Q1,전국(업종),C2200,고무·플라스틱,AK,가동률BSI,석유화학,B,74.33,3,72.33,2.0,True,512Y007,전국,national_by_industry,CONTEXT / BUSINESS_SENTIMENT,업종별 자동판정에 쓰지 않는다. 전국 업종 BSI 를 창원국가산단 개별 업종의 신호라고 부르지 않는다.
2026Q2,전국(업종),C2200,고무·플라스틱,AK,가동률BSI,석유화학,B,76.67,3,74.0,2.67,True,512Y007,전국,national_by_industry,CONTEXT / BUSINESS_SENTIMENT,업종별 자동판정에 쓰지 않는다. 전국 업종 BSI 를 창원국가산단 개별 업종의 신호라고 부르지 않는다.
2026Q3,전국(업종),C2200,고무·플라스틱,AK,가동률BSI,석유화학,B,88.0,2,72.33,15.67,True,512Y007,전국,national_by_industry,CONTEXT / BUSINESS_SENTIMENT,업종별 자동판정에 쓰지 않는다. 전국 업종 BSI 를 창원국가산단 개별 업종의 신호라고 부르지 않는다.
2021Q1,전국(업종),C2300,비금속광물,AA,업황BSI,비금속,A,77.0,3,,,True,512Y007,전국,national_by_industry,CONTEXT / BUSINESS_SENTIMENT,업종별 자동판정에 쓰지 않는다. 전국 업종 BSI 를 창원국가산단 개별 업종의 신호라고 부르지 않는다.
2021Q2,전국(업종),C2300,비금속광물,AA,업황BSI,비금속,A,98.33,3,,,True,512Y007,전국,national_by_industry,CONTEXT / BUSINESS_SENTIMENT,업종별 자동판정에 쓰지 않는다. 전국 업종 BSI 를 창원국가산단 개별 업종의 신호라고 부르지 않는다.
2021Q3,전국(업종),C2300,비금속광물,AA,업황BSI,비금속,A,90.0,3,,,True,512Y007,전국,national_by_industry,CONTEXT / BUSINESS_SENTIMENT,업종별 자동판정에 쓰지 않는다. 전국 업종 BSI 를 창원국가산단 개별 업종의 신호라고 부르지 않는다.
2021Q4,전국(업종),C2300,비금속광물,AA,업황BSI,비금속,A,91.67,3,,,True,512Y007,전국,national_by_industry,CONTEXT / BUSINESS_SENTIMENT,업종별 자동판정에 쓰지 않는다. 전국 업종 BSI 를 창원국가산단 개별 업종의 신호라고 부르지 않는다.
2022Q1,전국(업종),C2300,비금속광물,AA,업황BSI,비금속,A,83.33,3,77.0,6.33,True,512Y007,전국,national_by_industry,CONTEXT / BUSINESS_SENTIMENT,업종별 자동판정에 쓰지 않는다. 전국 업종 BSI 를 창원국가산단 개별 업종의 신호라고 부르지 않는다.
2022Q2,전국(업종),C2300,비금속광물,AA,업황BSI,비금속,A,79.67,3,98.33,-18.66,True,512Y007,전국,national_by_industry,CONTEXT / BUSINESS_SENTIMENT,업종별 자동판정에 쓰지 않는다. 전국 업종 BSI 를 창원국가산단 개별 업종의 신호라고 부르지 않는다.
2022Q3,전국(업종),C2300,비금속광물,AA,업황BSI,비금속,A,65.67,3,90.0,-24.33,True,512Y007,전국,national_by_industry,CONTEXT / BUSINESS_SENTIMENT,업종별 자동판정에 쓰지 않는다. 전국 업종 BSI 를 창원국가산단 개별 업종의 신호라고 부르지 않는다.
2022Q4,전국(업종),C2300,비금속광물,AA,업황BSI,비금속,A,65.33,3,91.67,-26.34,True,512Y007,전국,national_by_industry,CONTEXT / BUSINESS_SENTIMENT,업종별 자동판정에 쓰지 않는다. 전국 업종 BSI 를 창원국가산단 개별 업종의 신호라고 부르지 않는다.
2023Q1,전국(업종),C2300,비금속광물,AA,업황BSI,비금속,A,68.0,3,83.33,-15.33,True,512Y007,전국,national_by_industry,CONTEXT / BUSINESS_SENTIMENT,업종별 자동판정에 쓰지 않는다. 전국 업종 BSI 를 창원국가산단 개별 업종의 신호라고 부르지 않는다.
2023Q2,전국(업종),C2300,비금속광물,AA,업황BSI,비금속,A,76.67,3,79.67,-3.0,True,512Y007,전국,national_by_industry,CONTEXT / BUSINESS_SENTIMENT,업종별 자동판정에 쓰지 않는다. 전국 업종 BSI 를 창원국가산단 개별 업종의 신호라고 부르지 않는다.
2023Q3,전국(업종),C2300,비금속광물,AA,업황BSI,비금속,A,67.33,3,65.67,1.66,True,512Y007,전국,national_by_industry,CONTEXT / BUSINESS_SENTIMENT,업종별 자동판정에 쓰지 않는다. 전국 업종 BSI 를 창원국가산단 개별 업종의 신호라고 부르지 않는다.
2023Q4,전국(업종),C2300,비금속광물,AA,업황BSI,비금속,A,75.0,3,65.33,9.67,True,512Y007,전국,national_by_industry,CONTEXT / BUSINESS_SENTIMENT,업종별 자동판정에 쓰지 않는다. 전국 업종 BSI 를 창원국가산단 개별 업종의 신호라고 부르지 않는다.
2024Q1,전국(업종),C2300,비금속광물,AA,업황BSI,비금속,A,61.67,3,68.0,-6.33,True,512Y007,전국,national_by_industry,CONTEXT / BUSINESS_SENTIMENT,업종별 자동판정에 쓰지 않는다. 전국 업종 BSI 를 창원국가산단 개별 업종의 신호라고 부르지 않는다.
2024Q2,전국(업종),C2300,비금속광물,AA,업황BSI,비금속,A,62.0,3,76.67,-14.67,True,512Y007,전국,national_by_industry,CONTEXT / BUSINESS_SENTIMENT,업종별 자동판정에 쓰지 않는다. 전국 업종 BSI 를 창원국가산단 개별 업종의 신호라고 부르지 않는다.
2024Q3,전국(업종),C2300,비금속광물,AA,업황BSI,비금속,A,48.33,3,67.33,-19.0,True,512Y007,전국,national_by_industry,CONTEXT / BUSINESS_SENTIMENT,업종별 자동판정에 쓰지 않는다. 전국 업종 BSI 를 창원국가산단 개별 업종의 신호라고 부르지 않는다.
2024Q4,전국(업종),C2300,비금속광물,AA,업황BSI,비금속,A,48.0,3,75.0,-27.0,True,512Y007,전국,national_by_industry,CONTEXT / BUSINESS_SENTIMENT,업종별 자동판정에 쓰지 않는다. 전국 업종 BSI 를 창원국가산단 개별 업종의 신호라고 부르지 않는다.
2025Q1,전국(업종),C2300,비금속광물,AA,업황BSI,비금속,A,39.0,3,61.67,-22.67,True,512Y007,전국,national_by_industry,CONTEXT / BUSINESS_SENTIMENT,업종별 자동판정에 쓰지 않는다. 전국 업종 BSI 를 창원국가산단 개별 업종의 신호라고 부르지 않는다.
2025Q2,전국(업종),C2300,비금속광물,AA,업황BSI,비금속,A,53.33,3,62.0,-8.67,True,512Y007,전국,national_by_industry,CONTEXT / BUSINESS_SENTIMENT,업종별 자동판정에 쓰지 않는다. 전국 업종 BSI 를 창원국가산단 개별 업종의 신호라고 부르지 않는다.
2025Q3,전국(업종),C2300,비금속광물,AA,업황BSI,비금속,A,48.67,3,48.33,0.34,True,512Y007,전국,national_by_industry,CONTEXT / BUSINESS_SENTIMENT,업종별 자동판정에 쓰지 않는다. 전국 업종 BSI 를 창원국가산단 개별 업종의 신호라고 부르지 않는다.
2025Q4,전국(업종),C2300,비금속광물,AA,업황BSI,비금속,A,54.67,3,48.0,6.67,True,512Y007,전국,national_by_industry,CONTEXT / BUSINESS_SENTIMENT,업종별 자동판정에 쓰지 않는다. 전국 업종 BSI 를 창원국가산단 개별 업종의 신호라고 부르지 않는다.
2026Q1,전국(업종),C2300,비금속광물,AA,업황BSI,비금속,A,53.0,3,39.0,14.0,True,512Y007,전국,national_by_industry,CONTEXT / BUSINESS_SENTIMENT,업종별 자동판정에 쓰지 않는다. 전국 업종 BSI 를 창원국가산단 개별 업종의 신호라고 부르지 않는다.
2026Q2,전국(업종),C2300,비금속광물,AA,업황BSI,비금속,A,65.33,3,53.33,12.0,True,512Y007,전국,national_by_industry,CONTEXT / BUSINESS_SENTIMENT,업종별 자동판정에 쓰지 않는다. 전국 업종 BSI 를 창원국가산단 개별 업종의 신호라고 부르지 않는다.
2026Q3,전국(업종),C2300,비금속광물,AA,업황BSI,비금속,A,62.5,2,48.67,13.83,True,512Y007,전국,national_by_industry,CONTEXT / BUSINESS_SENTIMENT,업종별 자동판정에 쓰지 않는다. 전국 업종 BSI 를 창원국가산단 개별 업종의 신호라고 부르지 않는다.
2021Q1,전국(업종),C2300,비금속광물,AC,생산BSI,비금속,A,91.0,3,,,True,512Y007,전국,national_by_industry,CONTEXT / BUSINESS_SENTIMENT,업종별 자동판정에 쓰지 않는다. 전국 업종 BSI 를 창원국가산단 개별 업종의 신호라고 부르지 않는다.
2021Q2,전국(업종),C2300,비금속광물,AC,생산BSI,비금속,A,110.33,3,,,False,512Y007,전국,national_by_industry,CONTEXT / BUSINESS_SENTIMENT,업종별 자동판정에 쓰지 않는다. 전국 업종 BSI 를 창원국가산단 개별 업종의 신호라고 부르지 않는다.
2021Q3,전국(업종),C2300,비금속광물,AC,생산BSI,비금속,A,103.33,3,,,False,512Y007,전국,national_by_industry,CONTEXT / BUSINESS_SENTIMENT,업종별 자동판정에 쓰지 않는다. 전국 업종 BSI 를 창원국가산단 개별 업종의 신호라고 부르지 않는다.
2021Q4,전국(업종),C2300,비금속광물,AC,생산BSI,비금속,A,103.0,3,,,False,512Y007,전국,national_by_industry,CONTEXT / BUSINESS_SENTIMENT,업종별 자동판정에 쓰지 않는다. 전국 업종 BSI 를 창원국가산단 개별 업종의 신호라고 부르지 않는다.
2022Q1,전국(업종),C2300,비금속광물,AC,생산BSI,비금속,A,96.67,3,91.0,5.67,True,512Y007,전국,national_by_industry,CONTEXT / BUSINESS_SENTIMENT,업종별 자동판정에 쓰지 않는다. 전국 업종 BSI 를 창원국가산단 개별 업종의 신호라고 부르지 않는다.
2022Q2,전국(업종),C2300,비금속광물,AC,생산BSI,비금속,A,95.33,3,110.33,-15.0,True,512Y007,전국,national_by_industry,CONTEXT / BUSINESS_SENTIMENT,업종별 자동판정에 쓰지 않는다. 전국 업종 BSI 를 창원국가산단 개별 업종의 신호라고 부르지 않는다.
2022Q3,전국(업종),C2300,비금속광물,AC,생산BSI,비금속,A,87.33,3,103.33,-16.0,True,512Y007,전국,national_by_industry,CONTEXT / BUSINESS_SENTIMENT,업종별 자동판정에 쓰지 않는다. 전국 업종 BSI 를 창원국가산단 개별 업종의 신호라고 부르지 않는다.
2022Q4,전국(업종),C2300,비금속광물,AC,생산BSI,비금속,A,84.67,3,103.0,-18.33,True,512Y007,전국,national_by_industry,CONTEXT / BUSINESS_SENTIMENT,업종별 자동판정에 쓰지 않는다. 전국 업종 BSI 를 창원국가산단 개별 업종의 신호라고 부르지 않는다.
2023Q1,전국(업종),C2300,비금속광물,AC,생산BSI,비금속,A,81.33,3,96.67,-15.34,True,512Y007,전국,national_by_industry,CONTEXT / BUSINESS_SENTIMENT,업종별 자동판정에 쓰지 않는다. 전국 업종 BSI 를 창원국가산단 개별 업종의 신호라고 부르지 않는다.
2023Q2,전국(업종),C2300,비금속광물,AC,생산BSI,비금속,A,87.67,3,95.33,-7.66,True,512Y007,전국,national_by_industry,CONTEXT / BUSINESS_SENTIMENT,업종별 자동판정에 쓰지 않는다. 전국 업종 BSI 를 창원국가산단 개별 업종의 신호라고 부르지 않는다.
2023Q3,전국(업종),C2300,비금속광물,AC,생산BSI,비금속,A,79.0,3,87.33,-8.33,True,512Y007,전국,national_by_industry,CONTEXT / BUSINESS_SENTIMENT,업종별 자동판정에 쓰지 않는다. 전국 업종 BSI 를 창원국가산단 개별 업종의 신호라고 부르지 않는다.
2023Q4,전국(업종),C2300,비금속광물,AC,생산BSI,비금속,A,79.0,3,84.67,-5.67,True,512Y007,전국,national_by_industry,CONTEXT / BUSINESS_SENTIMENT,업종별 자동판정에 쓰지 않는다. 전국 업종 BSI 를 창원국가산단 개별 업종의 신호라고 부르지 않는다.
2024Q1,전국(업종),C2300,비금속광물,AC,생산BSI,비금속,A,68.33,3,81.33,-13.0,True,512Y007,전국,national_by_industry,CONTEXT / BUSINESS_SENTIMENT,업종별 자동판정에 쓰지 않는다. 전국 업종 BSI 를 창원국가산단 개별 업종의 신호라고 부르지 않는다.
2024Q2,전국(업종),C2300,비금속광물,AC,생산BSI,비금속,A,66.0,3,87.67,-21.67,True,512Y007,전국,national_by_industry,CONTEXT / BUSINESS_SENTIMENT,업종별 자동판정에 쓰지 않는다. 전국 업종 BSI 를 창원국가산단 개별 업종의 신호라고 부르지 않는다.
2024Q3,전국(업종),C2300,비금속광물,AC,생산BSI,비금속,A,60.67,3,79.0,-18.33,True,512Y007,전국,national_by_industry,CONTEXT / BUSINESS_SENTIMENT,업종별 자동판정에 쓰지 않는다. 전국 업종 BSI 를 창원국가산단 개별 업종의 신호라고 부르지 않는다.
2024Q4,전국(업종),C2300,비금속광물,AC,생산BSI,비금속,A,52.33,3,79.0,-26.67,True,512Y007,전국,national_by_industry,CONTEXT / BUSINESS_SENTIMENT,업종별 자동판정에 쓰지 않는다. 전국 업종 BSI 를 창원국가산단 개별 업종의 신호라고 부르지 않는다.
2025Q1,전국(업종),C2300,비금속광물,AC,생산BSI,비금속,A,48.67,3,68.33,-19.66,True,512Y007,전국,national_by_industry,CONTEXT / BUSINESS_SENTIMENT,업종별 자동판정에 쓰지 않는다. 전국 업종 BSI 를 창원국가산단 개별 업종의 신호라고 부르지 않는다.
2025Q2,전국(업종),C2300,비금속광물,AC,생산BSI,비금속,A,58.0,3,66.0,-8.0,True,512Y007,전국,national_by_industry,CONTEXT / BUSINESS_SENTIMENT,업종별 자동판정에 쓰지 않는다. 전국 업종 BSI 를 창원국가산단 개별 업종의 신호라고 부르지 않는다.
2025Q3,전국(업종),C2300,비금속광물,AC,생산BSI,비금속,A,57.33,3,60.67,-3.34,True,512Y007,전국,national_by_industry,CONTEXT / BUSINESS_SENTIMENT,업종별 자동판정에 쓰지 않는다. 전국 업종 BSI 를 창원국가산단 개별 업종의 신호라고 부르지 않는다.
2025Q4,전국(업종),C2300,비금속광물,AC,생산BSI,비금속,A,60.33,3,52.33,8.0,True,512Y007,전국,national_by_industry,CONTEXT / BUSINESS_SENTIMENT,업종별 자동판정에 쓰지 않는다. 전국 업종 BSI 를 창원국가산단 개별 업종의 신호라고 부르지 않는다.
2026Q1,전국(업종),C2300,비금속광물,AC,생산BSI,비금속,A,71.0,3,48.67,22.33,True,512Y007,전국,national_by_industry,CONTEXT / BUSINESS_SENTIMENT,업종별 자동판정에 쓰지 않는다. 전국 업종 BSI 를 창원국가산단 개별 업종의 신호라고 부르지 않는다.
2026Q2,전국(업종),C2300,비금속광물,AC,생산BSI,비금속,A,82.33,3,58.0,24.33,True,512Y007,전국,national_by_industry,CONTEXT / BUSINESS_SENTIMENT,업종별 자동판정에 쓰지 않는다. 전국 업종 BSI 를 창원국가산단 개별 업종의 신호라고 부르지 않는다.
2026Q3,전국(업종),C2300,비금속광물,AC,생산BSI,비금속,A,73.5,2,57.33,16.17,True,512Y007,전국,national_by_industry,CONTEXT / BUSINESS_SENTIMENT,업종별 자동판정에 쓰지 않는다. 전국 업종 BSI 를 창원국가산단 개별 업종의 신호라고 부르지 않는다.
2021Q1,전국(업종),C2300,비금속광물,AD,신규수주BSI,비금속,A,85.67,3,,,True,512Y007,전국,national_by_industry,CONTEXT / BUSINESS_SENTIMENT,업종별 자동판정에 쓰지 않는다. 전국 업종 BSI 를 창원국가산단 개별 업종의 신호라고 부르지 않는다.
2021Q2,전국(업종),C2300,비금속광물,AD,신규수주BSI,비금속,A,108.67,3,,,False,512Y007,전국,national_by_industry,CONTEXT / BUSINESS_SENTIMENT,업종별 자동판정에 쓰지 않는다. 전국 업종 BSI 를 창원국가산단 개별 업종의 신호라고 부르지 않는다.
2021Q3,전국(업종),C2300,비금속광물,AD,신규수주BSI,비금속,A,103.67,3,,,False,512Y007,전국,national_by_industry,CONTEXT / BUSINESS_SENTIMENT,업종별 자동판정에 쓰지 않는다. 전국 업종 BSI 를 창원국가산단 개별 업종의 신호라고 부르지 않는다.
2021Q4,전국(업종),C2300,비금속광물,AD,신규수주BSI,비금속,A,97.33,3,,,True,512Y007,전국,national_by_industry,CONTEXT / BUSINESS_SENTIMENT,업종별 자동판정에 쓰지 않는다. 전국 업종 BSI 를 창원국가산단 개별 업종의 신호라고 부르지 않는다.
2022Q1,전국(업종),C2300,비금속광물,AD,신규수주BSI,비금속,A,91.33,3,85.67,5.66,True,512Y007,전국,national_by_industry,CONTEXT / BUSINESS_SENTIMENT,업종별 자동판정에 쓰지 않는다. 전국 업종 BSI 를 창원국가산단 개별 업종의 신호라고 부르지 않는다.
2022Q2,전국(업종),C2300,비금속광물,AD,신규수주BSI,비금속,A,91.67,3,108.67,-17.0,True,512Y007,전국,national_by_industry,CONTEXT / BUSINESS_SENTIMENT,업종별 자동판정에 쓰지 않는다. 전국 업종 BSI 를 창원국가산단 개별 업종의 신호라고 부르지 않는다.
2022Q3,전국(업종),C2300,비금속광물,AD,신규수주BSI,비금속,A,82.0,3,103.67,-21.67,True,512Y007,전국,national_by_industry,CONTEXT / BUSINESS_SENTIMENT,업종별 자동판정에 쓰지 않는다. 전국 업종 BSI 를 창원국가산단 개별 업종의 신호라고 부르지 않는다.
2022Q4,전국(업종),C2300,비금속광물,AD,신규수주BSI,비금속,A,76.67,3,97.33,-20.66,True,512Y007,전국,national_by_industry,CONTEXT / BUSINESS_SENTIMENT,업종별 자동판정에 쓰지 않는다. 전국 업종 BSI 를 창원국가산단 개별 업종의 신호라고 부르지 않는다.
2023Q1,전국(업종),C2300,비금속광물,AD,신규수주BSI,비금속,A,77.33,3,91.33,-14.0,True,512Y007,전국,national_by_industry,CONTEXT / BUSINESS_SENTIMENT,업종별 자동판정에 쓰지 않는다. 전국 업종 BSI 를 창원국가산단 개별 업종의 신호라고 부르지 않는다.
2023Q2,전국(업종),C2300,비금속광물,AD,신규수주BSI,비금속,A,84.67,3,91.67,-7.0,True,512Y007,전국,national_by_industry,CONTEXT / BUSINESS_SENTIMENT,업종별 자동판정에 쓰지 않는다. 전국 업종 BSI 를 창원국가산단 개별 업종의 신호라고 부르지 않는다.
2023Q3,전국(업종),C2300,비금속광물,AD,신규수주BSI,비금속,A,75.67,3,82.0,-6.33,True,512Y007,전국,national_by_industry,CONTEXT / BUSINESS_SENTIMENT,업종별 자동판정에 쓰지 않는다. 전국 업종 BSI 를 창원국가산단 개별 업종의 신호라고 부르지 않는다.
2023Q4,전국(업종),C2300,비금속광물,AD,신규수주BSI,비금속,A,74.67,3,76.67,-2.0,True,512Y007,전국,national_by_industry,CONTEXT / BUSINESS_SENTIMENT,업종별 자동판정에 쓰지 않는다. 전국 업종 BSI 를 창원국가산단 개별 업종의 신호라고 부르지 않는다.
2024Q1,전국(업종),C2300,비금속광물,AD,신규수주BSI,비금속,A,64.0,3,77.33,-13.33,True,512Y007,전국,national_by_industry,CONTEXT / BUSINESS_SENTIMENT,업종별 자동판정에 쓰지 않는다. 전국 업종 BSI 를 창원국가산단 개별 업종의 신호라고 부르지 않는다.
2024Q2,전국(업종),C2300,비금속광물,AD,신규수주BSI,비금속,A,62.33,3,84.67,-22.34,True,512Y007,전국,national_by_industry,CONTEXT / BUSINESS_SENTIMENT,업종별 자동판정에 쓰지 않는다. 전국 업종 BSI 를 창원국가산단 개별 업종의 신호라고 부르지 않는다.
2024Q3,전국(업종),C2300,비금속광물,AD,신규수주BSI,비금속,A,58.67,3,75.67,-17.0,True,512Y007,전국,national_by_industry,CONTEXT / BUSINESS_SENTIMENT,업종별 자동판정에 쓰지 않는다. 전국 업종 BSI 를 창원국가산단 개별 업종의 신호라고 부르지 않는다.
2024Q4,전국(업종),C2300,비금속광물,AD,신규수주BSI,비금속,A,51.67,3,74.67,-23.0,True,512Y007,전국,national_by_industry,CONTEXT / BUSINESS_SENTIMENT,업종별 자동판정에 쓰지 않는다. 전국 업종 BSI 를 창원국가산단 개별 업종의 신호라고 부르지 않는다.
2025Q1,전국(업종),C2300,비금속광물,AD,신규수주BSI,비금속,A,49.0,3,64.0,-15.0,True,512Y007,전국,national_by_industry,CONTEXT / BUSINESS_SENTIMENT,업종별 자동판정에 쓰지 않는다. 전국 업종 BSI 를 창원국가산단 개별 업종의 신호라고 부르지 않는다.
2025Q2,전국(업종),C2300,비금속광물,AD,신규수주BSI,비금속,A,58.0,3,62.33,-4.33,True,512Y007,전국,national_by_industry,CONTEXT / BUSINESS_SENTIMENT,업종별 자동판정에 쓰지 않는다. 전국 업종 BSI 를 창원국가산단 개별 업종의 신호라고 부르지 않는다.
2025Q3,전국(업종),C2300,비금속광물,AD,신규수주BSI,비금속,A,54.0,3,58.67,-4.67,True,512Y007,전국,national_by_industry,CONTEXT / BUSINESS_SENTIMENT,업종별 자동판정에 쓰지 않는다. 전국 업종 BSI 를 창원국가산단 개별 업종의 신호라고 부르지 않는다.
2025Q4,전국(업종),C2300,비금속광물,AD,신규수주BSI,비금속,A,58.67,3,51.67,7.0,True,512Y007,전국,national_by_industry,CONTEXT / BUSINESS_SENTIMENT,업종별 자동판정에 쓰지 않는다. 전국 업종 BSI 를 창원국가산단 개별 업종의 신호라고 부르지 않는다.
2026Q1,전국(업종),C2300,비금속광물,AD,신규수주BSI,비금속,A,68.67,3,49.0,19.67,True,512Y007,전국,national_by_industry,CONTEXT / BUSINESS_SENTIMENT,업종별 자동판정에 쓰지 않는다. 전국 업종 BSI 를 창원국가산단 개별 업종의 신호라고 부르지 않는다.
2026Q2,전국(업종),C2300,비금속광물,AD,신규수주BSI,비금속,A,78.33,3,58.0,20.33,True,512Y007,전국,national_by_industry,CONTEXT / BUSINESS_SENTIMENT,업종별 자동판정에 쓰지 않는다. 전국 업종 BSI 를 창원국가산단 개별 업종의 신호라고 부르지 않는다.
2026Q3,전국(업종),C2300,비금속광물,AD,신규수주BSI,비금속,A,77.0,2,54.0,23.0,True,512Y007,전국,national_by_industry,CONTEXT / BUSINESS_SENTIMENT,업종별 자동판정에 쓰지 않는다. 전국 업종 BSI 를 창원국가산단 개별 업종의 신호라고 부르지 않는다.
2021Q1,전국(업종),C2300,비금속광물,AJ,인력사정BSI,비금속,A,87.0,3,,,True,512Y007,전국,national_by_industry,CONTEXT / BUSINESS_SENTIMENT,업종별 자동판정에 쓰지 않는다. 전국 업종 BSI 를 창원국가산단 개별 업종의 신호라고 부르지 않는다.
2021Q2,전국(업종),C2300,비금속광물,AJ,인력사정BSI,비금속,A,83.0,3,,,True,512Y007,전국,national_by_industry,CONTEXT / BUSINESS_SENTIMENT,업종별 자동판정에 쓰지 않는다. 전국 업종 BSI 를 창원국가산단 개별 업종의 신호라고 부르지 않는다.
2021Q3,전국(업종),C2300,비금속광물,AJ,인력사정BSI,비금속,A,86.67,3,,,True,512Y007,전국,national_by_industry,CONTEXT / BUSINESS_SENTIMENT,업종별 자동판정에 쓰지 않는다. 전국 업종 BSI 를 창원국가산단 개별 업종의 신호라고 부르지 않는다.
2021Q4,전국(업종),C2300,비금속광물,AJ,인력사정BSI,비금속,A,82.67,3,,,True,512Y007,전국,national_by_industry,CONTEXT / BUSINESS_SENTIMENT,업종별 자동판정에 쓰지 않는다. 전국 업종 BSI 를 창원국가산단 개별 업종의 신호라고 부르지 않는다.
2022Q1,전국(업종),C2300,비금속광물,AJ,인력사정BSI,비금속,A,83.33,3,87.0,-3.67,True,512Y007,전국,national_by_industry,CONTEXT / BUSINESS_SENTIMENT,업종별 자동판정에 쓰지 않는다. 전국 업종 BSI 를 창원국가산단 개별 업종의 신호라고 부르지 않는다.
2022Q2,전국(업종),C2300,비금속광물,AJ,인력사정BSI,비금속,A,78.0,3,83.0,-5.0,True,512Y007,전국,national_by_industry,CONTEXT / BUSINESS_SENTIMENT,업종별 자동판정에 쓰지 않는다. 전국 업종 BSI 를 창원국가산단 개별 업종의 신호라고 부르지 않는다.
2022Q3,전국(업종),C2300,비금속광물,AJ,인력사정BSI,비금속,A,77.0,3,86.67,-9.67,True,512Y007,전국,national_by_industry,CONTEXT / BUSINESS_SENTIMENT,업종별 자동판정에 쓰지 않는다. 전국 업종 BSI 를 창원국가산단 개별 업종의 신호라고 부르지 않는다.
2022Q4,전국(업종),C2300,비금속광물,AJ,인력사정BSI,비금속,A,80.0,3,82.67,-2.67,True,512Y007,전국,national_by_industry,CONTEXT / BUSINESS_SENTIMENT,업종별 자동판정에 쓰지 않는다. 전국 업종 BSI 를 창원국가산단 개별 업종의 신호라고 부르지 않는다.
2023Q1,전국(업종),C2300,비금속광물,AJ,인력사정BSI,비금속,A,81.33,3,83.33,-2.0,True,512Y007,전국,national_by_industry,CONTEXT / BUSINESS_SENTIMENT,업종별 자동판정에 쓰지 않는다. 전국 업종 BSI 를 창원국가산단 개별 업종의 신호라고 부르지 않는다.
2023Q2,전국(업종),C2300,비금속광물,AJ,인력사정BSI,비금속,A,86.67,3,78.0,8.67,True,512Y007,전국,national_by_industry,CONTEXT / BUSINESS_SENTIMENT,업종별 자동판정에 쓰지 않는다. 전국 업종 BSI 를 창원국가산단 개별 업종의 신호라고 부르지 않는다.
2023Q3,전국(업종),C2300,비금속광물,AJ,인력사정BSI,비금속,A,89.33,3,77.0,12.33,True,512Y007,전국,national_by_industry,CONTEXT / BUSINESS_SENTIMENT,업종별 자동판정에 쓰지 않는다. 전국 업종 BSI 를 창원국가산단 개별 업종의 신호라고 부르지 않는다.
2023Q4,전국(업종),C2300,비금속광물,AJ,인력사정BSI,비금속,A,85.0,3,80.0,5.0,True,512Y007,전국,national_by_industry,CONTEXT / BUSINESS_SENTIMENT,업종별 자동판정에 쓰지 않는다. 전국 업종 BSI 를 창원국가산단 개별 업종의 신호라고 부르지 않는다.
2024Q1,전국(업종),C2300,비금속광물,AJ,인력사정BSI,비금속,A,85.33,3,81.33,4.0,True,512Y007,전국,national_by_industry,CONTEXT / BUSINESS_SENTIMENT,업종별 자동판정에 쓰지 않는다. 전국 업종 BSI 를 창원국가산단 개별 업종의 신호라고 부르지 않는다.
2024Q2,전국(업종),C2300,비금속광물,AJ,인력사정BSI,비금속,A,84.67,3,86.67,-2.0,True,512Y007,전국,national_by_industry,CONTEXT / BUSINESS_SENTIMENT,업종별 자동판정에 쓰지 않는다. 전국 업종 BSI 를 창원국가산단 개별 업종의 신호라고 부르지 않는다.
2024Q3,전국(업종),C2300,비금속광물,AJ,인력사정BSI,비금속,A,87.33,3,89.33,-2.0,True,512Y007,전국,national_by_industry,CONTEXT / BUSINESS_SENTIMENT,업종별 자동판정에 쓰지 않는다. 전국 업종 BSI 를 창원국가산단 개별 업종의 신호라고 부르지 않는다.
2024Q4,전국(업종),C2300,비금속광물,AJ,인력사정BSI,비금속,A,94.0,3,85.0,9.0,True,512Y007,전국,national_by_industry,CONTEXT / BUSINESS_SENTIMENT,업종별 자동판정에 쓰지 않는다. 전국 업종 BSI 를 창원국가산단 개별 업종의 신호라고 부르지 않는다.
2025Q1,전국(업종),C2300,비금속광물,AJ,인력사정BSI,비금속,A,97.0,3,85.33,11.67,True,512Y007,전국,national_by_industry,CONTEXT / BUSINESS_SENTIMENT,업종별 자동판정에 쓰지 않는다. 전국 업종 BSI 를 창원국가산단 개별 업종의 신호라고 부르지 않는다.
2025Q2,전국(업종),C2300,비금속광물,AJ,인력사정BSI,비금속,A,100.0,3,84.67,15.33,False,512Y007,전국,national_by_industry,CONTEXT / BUSINESS_SENTIMENT,업종별 자동판정에 쓰지 않는다. 전국 업종 BSI 를 창원국가산단 개별 업종의 신호라고 부르지 않는다.
2025Q3,전국(업종),C2300,비금속광물,AJ,인력사정BSI,비금속,A,102.33,3,87.33,15.0,False,512Y007,전국,national_by_industry,CONTEXT / BUSINESS_SENTIMENT,업종별 자동판정에 쓰지 않는다. 전국 업종 BSI 를 창원국가산단 개별 업종의 신호라고 부르지 않는다.
2025Q4,전국(업종),C2300,비금속광물,AJ,인력사정BSI,비금속,A,105.0,3,94.0,11.0,False,512Y007,전국,national_by_industry,CONTEXT / BUSINESS_SENTIMENT,업종별 자동판정에 쓰지 않는다. 전국 업종 BSI 를 창원국가산단 개별 업종의 신호라고 부르지 않는다.
2026Q1,전국(업종),C2300,비금속광물,AJ,인력사정BSI,비금속,A,100.33,3,97.0,3.33,False,512Y007,전국,national_by_industry,CONTEXT / BUSINESS_SENTIMENT,업종별 자동판정에 쓰지 않는다. 전국 업종 BSI 를 창원국가산단 개별 업종의 신호라고 부르지 않는다.
2026Q2,전국(업종),C2300,비금속광물,AJ,인력사정BSI,비금속,A,95.67,3,100.0,-4.33,True,512Y007,전국,national_by_industry,CONTEXT / BUSINESS_SENTIMENT,업종별 자동판정에 쓰지 않는다. 전국 업종 BSI 를 창원국가산단 개별 업종의 신호라고 부르지 않는다.
2026Q3,전국(업종),C2300,비금속광물,AJ,인력사정BSI,비금속,A,97.5,2,102.33,-4.83,True,512Y007,전국,national_by_industry,CONTEXT / BUSINESS_SENTIMENT,업종별 자동판정에 쓰지 않는다. 전국 업종 BSI 를 창원국가산단 개별 업종의 신호라고 부르지 않는다.
2021Q1,전국(업종),C2300,비금속광물,AK,가동률BSI,비금속,A,87.0,3,,,True,512Y007,전국,national_by_industry,CONTEXT / BUSINESS_SENTIMENT,업종별 자동판정에 쓰지 않는다. 전국 업종 BSI 를 창원국가산단 개별 업종의 신호라고 부르지 않는다.
2021Q2,전국(업종),C2300,비금속광물,AK,가동률BSI,비금속,A,110.33,3,,,False,512Y007,전국,national_by_industry,CONTEXT / BUSINESS_SENTIMENT,업종별 자동판정에 쓰지 않는다. 전국 업종 BSI 를 창원국가산단 개별 업종의 신호라고 부르지 않는다.
2021Q3,전국(업종),C2300,비금속광물,AK,가동률BSI,비금속,A,102.33,3,,,False,512Y007,전국,national_by_industry,CONTEXT / BUSINESS_SENTIMENT,업종별 자동판정에 쓰지 않는다. 전국 업종 BSI 를 창원국가산단 개별 업종의 신호라고 부르지 않는다.
2021Q4,전국(업종),C2300,비금속광물,AK,가동률BSI,비금속,A,103.33,3,,,False,512Y007,전국,national_by_industry,CONTEXT / BUSINESS_SENTIMENT,업종별 자동판정에 쓰지 않는다. 전국 업종 BSI 를 창원국가산단 개별 업종의 신호라고 부르지 않는다.
2022Q1,전국(업종),C2300,비금속광물,AK,가동률BSI,비금속,A,97.0,3,87.0,10.0,True,512Y007,전국,national_by_industry,CONTEXT / BUSINESS_SENTIMENT,업종별 자동판정에 쓰지 않는다. 전국 업종 BSI 를 창원국가산단 개별 업종의 신호라고 부르지 않는다.
2022Q2,전국(업종),C2300,비금속광물,AK,가동률BSI,비금속,A,90.0,3,110.33,-20.33,True,512Y007,전국,national_by_industry,CONTEXT / BUSINESS_SENTIMENT,업종별 자동판정에 쓰지 않는다. 전국 업종 BSI 를 창원국가산단 개별 업종의 신호라고 부르지 않는다.
2022Q3,전국(업종),C2300,비금속광물,AK,가동률BSI,비금속,A,82.0,3,102.33,-20.33,True,512Y007,전국,national_by_industry,CONTEXT / BUSINESS_SENTIMENT,업종별 자동판정에 쓰지 않는다. 전국 업종 BSI 를 창원국가산단 개별 업종의 신호라고 부르지 않는다.
2022Q4,전국(업종),C2300,비금속광물,AK,가동률BSI,비금속,A,83.67,3,103.33,-19.66,True,512Y007,전국,national_by_industry,CONTEXT / BUSINESS_SENTIMENT,업종별 자동판정에 쓰지 않는다. 전국 업종 BSI 를 창원국가산단 개별 업종의 신호라고 부르지 않는다.
2023Q1,전국(업종),C2300,비금속광물,AK,가동률BSI,비금속,A,82.67,3,97.0,-14.33,True,512Y007,전국,national_by_industry,CONTEXT / BUSINESS_SENTIMENT,업종별 자동판정에 쓰지 않는다. 전국 업종 BSI 를 창원국가산단 개별 업종의 신호라고 부르지 않는다.
2023Q2,전국(업종),C2300,비금속광물,AK,가동률BSI,비금속,A,85.0,3,90.0,-5.0,True,512Y007,전국,national_by_industry,CONTEXT / BUSINESS_SENTIMENT,업종별 자동판정에 쓰지 않는다. 전국 업종 BSI 를 창원국가산단 개별 업종의 신호라고 부르지 않는다.
2023Q3,전국(업종),C2300,비금속광물,AK,가동률BSI,비금속,A,78.67,3,82.0,-3.33,True,512Y007,전국,national_by_industry,CONTEXT / BUSINESS_SENTIMENT,업종별 자동판정에 쓰지 않는다. 전국 업종 BSI 를 창원국가산단 개별 업종의 신호라고 부르지 않는다.
2023Q4,전국(업종),C2300,비금속광물,AK,가동률BSI,비금속,A,80.33,3,83.67,-3.34,True,512Y007,전국,national_by_industry,CONTEXT / BUSINESS_SENTIMENT,업종별 자동판정에 쓰지 않는다. 전국 업종 BSI 를 창원국가산단 개별 업종의 신호라고 부르지 않는다.
2024Q1,전국(업종),C2300,비금속광물,AK,가동률BSI,비금속,A,66.33,3,82.67,-16.34,True,512Y007,전국,national_by_industry,CONTEXT / BUSINESS_SENTIMENT,업종별 자동판정에 쓰지 않는다. 전국 업종 BSI 를 창원국가산단 개별 업종의 신호라고 부르지 않는다.
2024Q2,전국(업종),C2300,비금속광물,AK,가동률BSI,비금속,A,66.67,3,85.0,-18.33,True,512Y007,전국,national_by_industry,CONTEXT / BUSINESS_SENTIMENT,업종별 자동판정에 쓰지 않는다. 전국 업종 BSI 를 창원국가산단 개별 업종의 신호라고 부르지 않는다.
2024Q3,전국(업종),C2300,비금속광물,AK,가동률BSI,비금속,A,59.0,3,78.67,-19.67,True,512Y007,전국,national_by_industry,CONTEXT / BUSINESS_SENTIMENT,업종별 자동판정에 쓰지 않는다. 전국 업종 BSI 를 창원국가산단 개별 업종의 신호라고 부르지 않는다.
2024Q4,전국(업종),C2300,비금속광물,AK,가동률BSI,비금속,A,52.67,3,80.33,-27.66,True,512Y007,전국,national_by_industry,CONTEXT / BUSINESS_SENTIMENT,업종별 자동판정에 쓰지 않는다. 전국 업종 BSI 를 창원국가산단 개별 업종의 신호라고 부르지 않는다.
2025Q1,전국(업종),C2300,비금속광물,AK,가동률BSI,비금속,A,50.67,3,66.33,-15.66,True,512Y007,전국,national_by_industry,CONTEXT / BUSINESS_SENTIMENT,업종별 자동판정에 쓰지 않는다. 전국 업종 BSI 를 창원국가산단 개별 업종의 신호라고 부르지 않는다.
2025Q2,전국(업종),C2300,비금속광물,AK,가동률BSI,비금속,A,60.0,3,66.67,-6.67,True,512Y007,전국,national_by_industry,CONTEXT / BUSINESS_SENTIMENT,업종별 자동판정에 쓰지 않는다. 전국 업종 BSI 를 창원국가산단 개별 업종의 신호라고 부르지 않는다.
2025Q3,전국(업종),C2300,비금속광물,AK,가동률BSI,비금속,A,56.33,3,59.0,-2.67,True,512Y007,전국,national_by_industry,CONTEXT / BUSINESS_SENTIMENT,업종별 자동판정에 쓰지 않는다. 전국 업종 BSI 를 창원국가산단 개별 업종의 신호라고 부르지 않는다.
2025Q4,전국(업종),C2300,비금속광물,AK,가동률BSI,비금속,A,57.67,3,52.67,5.0,True,512Y007,전국,national_by_industry,CONTEXT / BUSINESS_SENTIMENT,업종별 자동판정에 쓰지 않는다. 전국 업종 BSI 를 창원국가산단 개별 업종의 신호라고 부르지 않는다.
2026Q1,전국(업종),C2300,비금속광물,AK,가동률BSI,비금속,A,69.67,3,50.67,19.0,True,512Y007,전국,national_by_industry,CONTEXT / BUSINESS_SENTIMENT,업종별 자동판정에 쓰지 않는다. 전국 업종 BSI 를 창원국가산단 개별 업종의 신호라고 부르지 않는다.
2026Q2,전국(업종),C2300,비금속광물,AK,가동률BSI,비금속,A,84.33,3,60.0,24.33,True,512Y007,전국,national_by_industry,CONTEXT / BUSINESS_SENTIMENT,업종별 자동판정에 쓰지 않는다. 전국 업종 BSI 를 창원국가산단 개별 업종의 신호라고 부르지 않는다.
2026Q3,전국(업종),C2300,비금속광물,AK,가동률BSI,비금속,A,74.0,2,56.33,17.67,True,512Y007,전국,national_by_industry,CONTEXT / BUSINESS_SENTIMENT,업종별 자동판정에 쓰지 않는다. 전국 업종 BSI 를 창원국가산단 개별 업종의 신호라고 부르지 않는다.
2021Q1,전국(업종),C2400,1차금속,AA,업황BSI,철강,B,94.67,3,,,True,512Y007,전국,national_by_industry,CONTEXT / BUSINESS_SENTIMENT,업종별 자동판정에 쓰지 않는다. 전국 업종 BSI 를 창원국가산단 개별 업종의 신호라고 부르지 않는다.
2021Q2,전국(업종),C2400,1차금속,AA,업황BSI,철강,B,117.0,3,,,False,512Y007,전국,national_by_industry,CONTEXT / BUSINESS_SENTIMENT,업종별 자동판정에 쓰지 않는다. 전국 업종 BSI 를 창원국가산단 개별 업종의 신호라고 부르지 않는다.
2021Q3,전국(업종),C2400,1차금속,AA,업황BSI,철강,B,116.0,3,,,False,512Y007,전국,national_by_industry,CONTEXT / BUSINESS_SENTIMENT,업종별 자동판정에 쓰지 않는다. 전국 업종 BSI 를 창원국가산단 개별 업종의 신호라고 부르지 않는다.
2021Q4,전국(업종),C2400,1차금속,AA,업황BSI,철강,B,101.33,3,,,False,512Y007,전국,national_by_industry,CONTEXT / BUSINESS_SENTIMENT,업종별 자동판정에 쓰지 않는다. 전국 업종 BSI 를 창원국가산단 개별 업종의 신호라고 부르지 않는다.
2022Q1,전국(업종),C2400,1차금속,AA,업황BSI,철강,B,98.67,3,94.67,4.0,True,512Y007,전국,national_by_industry,CONTEXT / BUSINESS_SENTIMENT,업종별 자동판정에 쓰지 않는다. 전국 업종 BSI 를 창원국가산단 개별 업종의 신호라고 부르지 않는다.
2022Q2,전국(업종),C2400,1차금속,AA,업황BSI,철강,B,101.33,3,117.0,-15.67,False,512Y007,전국,national_by_industry,CONTEXT / BUSINESS_SENTIMENT,업종별 자동판정에 쓰지 않는다. 전국 업종 BSI 를 창원국가산단 개별 업종의 신호라고 부르지 않는다.
2022Q3,전국(업종),C2400,1차금속,AA,업황BSI,철강,B,78.33,3,116.0,-37.67,True,512Y007,전국,national_by_industry,CONTEXT / BUSINESS_SENTIMENT,업종별 자동판정에 쓰지 않는다. 전국 업종 BSI 를 창원국가산단 개별 업종의 신호라고 부르지 않는다.
2022Q4,전국(업종),C2400,1차금속,AA,업황BSI,철강,B,77.0,3,101.33,-24.33,True,512Y007,전국,national_by_industry,CONTEXT / BUSINESS_SENTIMENT,업종별 자동판정에 쓰지 않는다. 전국 업종 BSI 를 창원국가산단 개별 업종의 신호라고 부르지 않는다.
2023Q1,전국(업종),C2400,1차금속,AA,업황BSI,철강,B,66.67,3,98.67,-32.0,True,512Y007,전국,national_by_industry,CONTEXT / BUSINESS_SENTIMENT,업종별 자동판정에 쓰지 않는다. 전국 업종 BSI 를 창원국가산단 개별 업종의 신호라고 부르지 않는다.
2023Q2,전국(업종),C2400,1차금속,AA,업황BSI,철강,B,72.67,3,101.33,-28.66,True,512Y007,전국,national_by_industry,CONTEXT / BUSINESS_SENTIMENT,업종별 자동판정에 쓰지 않는다. 전국 업종 BSI 를 창원국가산단 개별 업종의 신호라고 부르지 않는다.
2023Q3,전국(업종),C2400,1차금속,AA,업황BSI,철강,B,58.67,3,78.33,-19.66,True,512Y007,전국,national_by_industry,CONTEXT / BUSINESS_SENTIMENT,업종별 자동판정에 쓰지 않는다. 전국 업종 BSI 를 창원국가산단 개별 업종의 신호라고 부르지 않는다.
2023Q4,전국(업종),C2400,1차금속,AA,업황BSI,철강,B,62.67,3,77.0,-14.33,True,512Y007,전국,national_by_industry,CONTEXT / BUSINESS_SENTIMENT,업종별 자동판정에 쓰지 않는다. 전국 업종 BSI 를 창원국가산단 개별 업종의 신호라고 부르지 않는다.
2024Q1,전국(업종),C2400,1차금속,AA,업황BSI,철강,B,66.0,3,66.67,-0.67,True,512Y007,전국,national_by_industry,CONTEXT / BUSINESS_SENTIMENT,업종별 자동판정에 쓰지 않는다. 전국 업종 BSI 를 창원국가산단 개별 업종의 신호라고 부르지 않는다.
2024Q2,전국(업종),C2400,1차금속,AA,업황BSI,철강,B,66.33,3,72.67,-6.34,True,512Y007,전국,national_by_industry,CONTEXT / BUSINESS_SENTIMENT,업종별 자동판정에 쓰지 않는다. 전국 업종 BSI 를 창원국가산단 개별 업종의 신호라고 부르지 않는다.
2024Q3,전국(업종),C2400,1차금속,AA,업황BSI,철강,B,58.0,3,58.67,-0.67,True,512Y007,전국,national_by_industry,CONTEXT / BUSINESS_SENTIMENT,업종별 자동판정에 쓰지 않는다. 전국 업종 BSI 를 창원국가산단 개별 업종의 신호라고 부르지 않는다.
2024Q4,전국(업종),C2400,1차금속,AA,업황BSI,철강,B,49.0,3,62.67,-13.67,True,512Y007,전국,national_by_industry,CONTEXT / BUSINESS_SENTIMENT,업종별 자동판정에 쓰지 않는다. 전국 업종 BSI 를 창원국가산단 개별 업종의 신호라고 부르지 않는다.
2025Q1,전국(업종),C2400,1차금속,AA,업황BSI,철강,B,64.0,3,66.0,-2.0,True,512Y007,전국,national_by_industry,CONTEXT / BUSINESS_SENTIMENT,업종별 자동판정에 쓰지 않는다. 전국 업종 BSI 를 창원국가산단 개별 업종의 신호라고 부르지 않는다.
2025Q2,전국(업종),C2400,1차금속,AA,업황BSI,철강,B,60.67,3,66.33,-5.66,True,512Y007,전국,national_by_industry,CONTEXT / BUSINESS_SENTIMENT,업종별 자동판정에 쓰지 않는다. 전국 업종 BSI 를 창원국가산단 개별 업종의 신호라고 부르지 않는다.
2025Q3,전국(업종),C2400,1차금속,AA,업황BSI,철강,B,62.0,3,58.0,4.0,True,512Y007,전국,national_by_industry,CONTEXT / BUSINESS_SENTIMENT,업종별 자동판정에 쓰지 않는다. 전국 업종 BSI 를 창원국가산단 개별 업종의 신호라고 부르지 않는다.
2025Q4,전국(업종),C2400,1차금속,AA,업황BSI,철강,B,53.67,3,49.0,4.67,True,512Y007,전국,national_by_industry,CONTEXT / BUSINESS_SENTIMENT,업종별 자동판정에 쓰지 않는다. 전국 업종 BSI 를 창원국가산단 개별 업종의 신호라고 부르지 않는다.
2026Q1,전국(업종),C2400,1차금속,AA,업황BSI,철강,B,62.67,3,64.0,-1.33,True,512Y007,전국,national_by_industry,CONTEXT / BUSINESS_SENTIMENT,업종별 자동판정에 쓰지 않는다. 전국 업종 BSI 를 창원국가산단 개별 업종의 신호라고 부르지 않는다.
2026Q2,전국(업종),C2400,1차금속,AA,업황BSI,철강,B,70.33,3,60.67,9.66,True,512Y007,전국,national_by_industry,CONTEXT / BUSINESS_SENTIMENT,업종별 자동판정에 쓰지 않는다. 전국 업종 BSI 를 창원국가산단 개별 업종의 신호라고 부르지 않는다.
2026Q3,전국(업종),C2400,1차금속,AA,업황BSI,철강,B,70.5,2,62.0,8.5,True,512Y007,전국,national_by_industry,CONTEXT / BUSINESS_SENTIMENT,업종별 자동판정에 쓰지 않는다. 전국 업종 BSI 를 창원국가산단 개별 업종의 신호라고 부르지 않는다.
2021Q1,전국(업종),C2400,1차금속,AC,생산BSI,철강,B,101.33,3,,,False,512Y007,전국,national_by_industry,CONTEXT / BUSINESS_SENTIMENT,업종별 자동판정에 쓰지 않는다. 전국 업종 BSI 를 창원국가산단 개별 업종의 신호라고 부르지 않는다.
2021Q2,전국(업종),C2400,1차금속,AC,생산BSI,철강,B,133.33,3,,,False,512Y007,전국,national_by_industry,CONTEXT / BUSINESS_SENTIMENT,업종별 자동판정에 쓰지 않는다. 전국 업종 BSI 를 창원국가산단 개별 업종의 신호라고 부르지 않는다.
2021Q3,전국(업종),C2400,1차금속,AC,생산BSI,철강,B,128.67,3,,,False,512Y007,전국,national_by_industry,CONTEXT / BUSINESS_SENTIMENT,업종별 자동판정에 쓰지 않는다. 전국 업종 BSI 를 창원국가산단 개별 업종의 신호라고 부르지 않는다.
2021Q4,전국(업종),C2400,1차금속,AC,생산BSI,철강,B,117.67,3,,,False,512Y007,전국,national_by_industry,CONTEXT / BUSINESS_SENTIMENT,업종별 자동판정에 쓰지 않는다. 전국 업종 BSI 를 창원국가산단 개별 업종의 신호라고 부르지 않는다.
2022Q1,전국(업종),C2400,1차금속,AC,생산BSI,철강,B,99.33,3,101.33,-2.0,True,512Y007,전국,national_by_industry,CONTEXT / BUSINESS_SENTIMENT,업종별 자동판정에 쓰지 않는다. 전국 업종 BSI 를 창원국가산단 개별 업종의 신호라고 부르지 않는다.
2022Q2,전국(업종),C2400,1차금속,AC,생산BSI,철강,B,98.67,3,133.33,-34.66,True,512Y007,전국,national_by_industry,CONTEXT / BUSINESS_SENTIMENT,업종별 자동판정에 쓰지 않는다. 전국 업종 BSI 를 창원국가산단 개별 업종의 신호라고 부르지 않는다.
2022Q3,전국(업종),C2400,1차금속,AC,생산BSI,철강,B,80.0,3,128.67,-48.67,True,512Y007,전국,national_by_industry,CONTEXT / BUSINESS_SENTIMENT,업종별 자동판정에 쓰지 않는다. 전국 업종 BSI 를 창원국가산단 개별 업종의 신호라고 부르지 않는다.
2022Q4,전국(업종),C2400,1차금속,AC,생산BSI,철강,B,81.33,3,117.67,-36.34,True,512Y007,전국,national_by_industry,CONTEXT / BUSINESS_SENTIMENT,업종별 자동판정에 쓰지 않는다. 전국 업종 BSI 를 창원국가산단 개별 업종의 신호라고 부르지 않는다.
2023Q1,전국(업종),C2400,1차금속,AC,생산BSI,철강,B,74.67,3,99.33,-24.66,True,512Y007,전국,national_by_industry,CONTEXT / BUSINESS_SENTIMENT,업종별 자동판정에 쓰지 않는다. 전국 업종 BSI 를 창원국가산단 개별 업종의 신호라고 부르지 않는다.
2023Q2,전국(업종),C2400,1차금속,AC,생산BSI,철강,B,81.67,3,98.67,-17.0,True,512Y007,전국,national_by_industry,CONTEXT / BUSINESS_SENTIMENT,업종별 자동판정에 쓰지 않는다. 전국 업종 BSI 를 창원국가산단 개별 업종의 신호라고 부르지 않는다.
2023Q3,전국(업종),C2400,1차금속,AC,생산BSI,철강,B,77.0,3,80.0,-3.0,True,512Y007,전국,national_by_industry,CONTEXT / BUSINESS_SENTIMENT,업종별 자동판정에 쓰지 않는다. 전국 업종 BSI 를 창원국가산단 개별 업종의 신호라고 부르지 않는다.
2023Q4,전국(업종),C2400,1차금속,AC,생산BSI,철강,B,81.67,3,81.33,0.34,True,512Y007,전국,national_by_industry,CONTEXT / BUSINESS_SENTIMENT,업종별 자동판정에 쓰지 않는다. 전국 업종 BSI 를 창원국가산단 개별 업종의 신호라고 부르지 않는다.
2024Q1,전국(업종),C2400,1차금속,AC,생산BSI,철강,B,78.0,3,74.67,3.33,True,512Y007,전국,national_by_industry,CONTEXT / BUSINESS_SENTIMENT,업종별 자동판정에 쓰지 않는다. 전국 업종 BSI 를 창원국가산단 개별 업종의 신호라고 부르지 않는다.
2024Q2,전국(업종),C2400,1차금속,AC,생산BSI,철강,B,83.33,3,81.67,1.66,True,512Y007,전국,national_by_industry,CONTEXT / BUSINESS_SENTIMENT,업종별 자동판정에 쓰지 않는다. 전국 업종 BSI 를 창원국가산단 개별 업종의 신호라고 부르지 않는다.
2024Q3,전국(업종),C2400,1차금속,AC,생산BSI,철강,B,70.67,3,77.0,-6.33,True,512Y007,전국,national_by_industry,CONTEXT / BUSINESS_SENTIMENT,업종별 자동판정에 쓰지 않는다. 전국 업종 BSI 를 창원국가산단 개별 업종의 신호라고 부르지 않는다.
2024Q4,전국(업종),C2400,1차금속,AC,생산BSI,철강,B,64.67,3,81.67,-17.0,True,512Y007,전국,national_by_industry,CONTEXT / BUSINESS_SENTIMENT,업종별 자동판정에 쓰지 않는다. 전국 업종 BSI 를 창원국가산단 개별 업종의 신호라고 부르지 않는다.
2025Q1,전국(업종),C2400,1차금속,AC,생산BSI,철강,B,73.67,3,78.0,-4.33,True,512Y007,전국,national_by_industry,CONTEXT / BUSINESS_SENTIMENT,업종별 자동판정에 쓰지 않는다. 전국 업종 BSI 를 창원국가산단 개별 업종의 신호라고 부르지 않는다.
2025Q2,전국(업종),C2400,1차금속,AC,생산BSI,철강,B,78.67,3,83.33,-4.66,True,512Y007,전국,national_by_industry,CONTEXT / BUSINESS_SENTIMENT,업종별 자동판정에 쓰지 않는다. 전국 업종 BSI 를 창원국가산단 개별 업종의 신호라고 부르지 않는다.
2025Q3,전국(업종),C2400,1차금속,AC,생산BSI,철강,B,76.0,3,70.67,5.33,True,512Y007,전국,national_by_industry,CONTEXT / BUSINESS_SENTIMENT,업종별 자동판정에 쓰지 않는다. 전국 업종 BSI 를 창원국가산단 개별 업종의 신호라고 부르지 않는다.
2025Q4,전국(업종),C2400,1차금속,AC,생산BSI,철강,B,69.33,3,64.67,4.66,True,512Y007,전국,national_by_industry,CONTEXT / BUSINESS_SENTIMENT,업종별 자동판정에 쓰지 않는다. 전국 업종 BSI 를 창원국가산단 개별 업종의 신호라고 부르지 않는다.
2026Q1,전국(업종),C2400,1차금속,AC,생산BSI,철강,B,87.33,3,73.67,13.66,True,512Y007,전국,national_by_industry,CONTEXT / BUSINESS_SENTIMENT,업종별 자동판정에 쓰지 않는다. 전국 업종 BSI 를 창원국가산단 개별 업종의 신호라고 부르지 않는다.
2026Q2,전국(업종),C2400,1차금속,AC,생산BSI,철강,B,94.33,3,78.67,15.66,True,512Y007,전국,national_by_industry,CONTEXT / BUSINESS_SENTIMENT,업종별 자동판정에 쓰지 않는다. 전국 업종 BSI 를 창원국가산단 개별 업종의 신호라고 부르지 않는다.
2026Q3,전국(업종),C2400,1차금속,AC,생산BSI,철강,B,92.5,2,76.0,16.5,True,512Y007,전국,national_by_industry,CONTEXT / BUSINESS_SENTIMENT,업종별 자동판정에 쓰지 않는다. 전국 업종 BSI 를 창원국가산단 개별 업종의 신호라고 부르지 않는다.
2021Q1,전국(업종),C2400,1차금속,AD,신규수주BSI,철강,B,89.67,3,,,True,512Y007,전국,national_by_industry,CONTEXT / BUSINESS_SENTIMENT,업종별 자동판정에 쓰지 않는다. 전국 업종 BSI 를 창원국가산단 개별 업종의 신호라고 부르지 않는다.
2021Q2,전국(업종),C2400,1차금속,AD,신규수주BSI,철강,B,130.0,3,,,False,512Y007,전국,national_by_industry,CONTEXT / BUSINESS_SENTIMENT,업종별 자동판정에 쓰지 않는다. 전국 업종 BSI 를 창원국가산단 개별 업종의 신호라고 부르지 않는다.
2021Q3,전국(업종),C2400,1차금속,AD,신규수주BSI,철강,B,124.33,3,,,False,512Y007,전국,national_by_industry,CONTEXT / BUSINESS_SENTIMENT,업종별 자동판정에 쓰지 않는다. 전국 업종 BSI 를 창원국가산단 개별 업종의 신호라고 부르지 않는다.
2021Q4,전국(업종),C2400,1차금속,AD,신규수주BSI,철강,B,106.67,3,,,False,512Y007,전국,national_by_industry,CONTEXT / BUSINESS_SENTIMENT,업종별 자동판정에 쓰지 않는다. 전국 업종 BSI 를 창원국가산단 개별 업종의 신호라고 부르지 않는다.
2022Q1,전국(업종),C2400,1차금속,AD,신규수주BSI,철강,B,107.67,3,89.67,18.0,False,512Y007,전국,national_by_industry,CONTEXT / BUSINESS_SENTIMENT,업종별 자동판정에 쓰지 않는다. 전국 업종 BSI 를 창원국가산단 개별 업종의 신호라고 부르지 않는다.
2022Q2,전국(업종),C2400,1차금속,AD,신규수주BSI,철강,B,104.0,3,130.0,-26.0,False,512Y007,전국,national_by_industry,CONTEXT / BUSINESS_SENTIMENT,업종별 자동판정에 쓰지 않는다. 전국 업종 BSI 를 창원국가산단 개별 업종의 신호라고 부르지 않는다.
2022Q3,전국(업종),C2400,1차금속,AD,신규수주BSI,철강,B,82.67,3,124.33,-41.66,True,512Y007,전국,national_by_industry,CONTEXT / BUSINESS_SENTIMENT,업종별 자동판정에 쓰지 않는다. 전국 업종 BSI 를 창원국가산단 개별 업종의 신호라고 부르지 않는다.
2022Q4,전국(업종),C2400,1차금속,AD,신규수주BSI,철강,B,80.67,3,106.67,-26.0,True,512Y007,전국,national_by_industry,CONTEXT / BUSINESS_SENTIMENT,업종별 자동판정에 쓰지 않는다. 전국 업종 BSI 를 창원국가산단 개별 업종의 신호라고 부르지 않는다.
2023Q1,전국(업종),C2400,1차금속,AD,신규수주BSI,철강,B,70.0,3,107.67,-37.67,True,512Y007,전국,national_by_industry,CONTEXT / BUSINESS_SENTIMENT,업종별 자동판정에 쓰지 않는다. 전국 업종 BSI 를 창원국가산단 개별 업종의 신호라고 부르지 않는다.
2023Q2,전국(업종),C2400,1차금속,AD,신규수주BSI,철강,B,71.0,3,104.0,-33.0,True,512Y007,전국,national_by_industry,CONTEXT / BUSINESS_SENTIMENT,업종별 자동판정에 쓰지 않는다. 전국 업종 BSI 를 창원국가산단 개별 업종의 신호라고 부르지 않는다.
2023Q3,전국(업종),C2400,1차금속,AD,신규수주BSI,철강,B,71.33,3,82.67,-11.34,True,512Y007,전국,national_by_industry,CONTEXT / BUSINESS_SENTIMENT,업종별 자동판정에 쓰지 않는다. 전국 업종 BSI 를 창원국가산단 개별 업종의 신호라고 부르지 않는다.
2023Q4,전국(업종),C2400,1차금속,AD,신규수주BSI,철강,B,74.0,3,80.67,-6.67,True,512Y007,전국,national_by_industry,CONTEXT / BUSINESS_SENTIMENT,업종별 자동판정에 쓰지 않는다. 전국 업종 BSI 를 창원국가산단 개별 업종의 신호라고 부르지 않는다.
2024Q1,전국(업종),C2400,1차금속,AD,신규수주BSI,철강,B,71.67,3,70.0,1.67,True,512Y007,전국,national_by_industry,CONTEXT / BUSINESS_SENTIMENT,업종별 자동판정에 쓰지 않는다. 전국 업종 BSI 를 창원국가산단 개별 업종의 신호라고 부르지 않는다.
2024Q2,전국(업종),C2400,1차금속,AD,신규수주BSI,철강,B,75.67,3,71.0,4.67,True,512Y007,전국,national_by_industry,CONTEXT / BUSINESS_SENTIMENT,업종별 자동판정에 쓰지 않는다. 전국 업종 BSI 를 창원국가산단 개별 업종의 신호라고 부르지 않는다.
2024Q3,전국(업종),C2400,1차금속,AD,신규수주BSI,철강,B,72.0,3,71.33,0.67,True,512Y007,전국,national_by_industry,CONTEXT / BUSINESS_SENTIMENT,업종별 자동판정에 쓰지 않는다. 전국 업종 BSI 를 창원국가산단 개별 업종의 신호라고 부르지 않는다.
2024Q4,전국(업종),C2400,1차금속,AD,신규수주BSI,철강,B,62.67,3,74.0,-11.33,True,512Y007,전국,national_by_industry,CONTEXT / BUSINESS_SENTIMENT,업종별 자동판정에 쓰지 않는다. 전국 업종 BSI 를 창원국가산단 개별 업종의 신호라고 부르지 않는다.
2025Q1,전국(업종),C2400,1차금속,AD,신규수주BSI,철강,B,73.0,3,71.67,1.33,True,512Y007,전국,national_by_industry,CONTEXT / BUSINESS_SENTIMENT,업종별 자동판정에 쓰지 않는다. 전국 업종 BSI 를 창원국가산단 개별 업종의 신호라고 부르지 않는다.
2025Q2,전국(업종),C2400,1차금속,AD,신규수주BSI,철강,B,73.0,3,75.67,-2.67,True,512Y007,전국,national_by_industry,CONTEXT / BUSINESS_SENTIMENT,업종별 자동판정에 쓰지 않는다. 전국 업종 BSI 를 창원국가산단 개별 업종의 신호라고 부르지 않는다.
2025Q3,전국(업종),C2400,1차금속,AD,신규수주BSI,철강,B,74.33,3,72.0,2.33,True,512Y007,전국,national_by_industry,CONTEXT / BUSINESS_SENTIMENT,업종별 자동판정에 쓰지 않는다. 전국 업종 BSI 를 창원국가산단 개별 업종의 신호라고 부르지 않는다.
2025Q4,전국(업종),C2400,1차금속,AD,신규수주BSI,철강,B,65.33,3,62.67,2.66,True,512Y007,전국,national_by_industry,CONTEXT / BUSINESS_SENTIMENT,업종별 자동판정에 쓰지 않는다. 전국 업종 BSI 를 창원국가산단 개별 업종의 신호라고 부르지 않는다.
2026Q1,전국(업종),C2400,1차금속,AD,신규수주BSI,철강,B,79.67,3,73.0,6.67,True,512Y007,전국,national_by_industry,CONTEXT / BUSINESS_SENTIMENT,업종별 자동판정에 쓰지 않는다. 전국 업종 BSI 를 창원국가산단 개별 업종의 신호라고 부르지 않는다.
2026Q2,전국(업종),C2400,1차금속,AD,신규수주BSI,철강,B,89.67,3,73.0,16.67,True,512Y007,전국,national_by_industry,CONTEXT / BUSINESS_SENTIMENT,업종별 자동판정에 쓰지 않는다. 전국 업종 BSI 를 창원국가산단 개별 업종의 신호라고 부르지 않는다.
2026Q3,전국(업종),C2400,1차금속,AD,신규수주BSI,철강,B,90.5,2,74.33,16.17,True,512Y007,전국,national_by_industry,CONTEXT / BUSINESS_SENTIMENT,업종별 자동판정에 쓰지 않는다. 전국 업종 BSI 를 창원국가산단 개별 업종의 신호라고 부르지 않는다.
2021Q1,전국(업종),C2400,1차금속,AJ,인력사정BSI,철강,B,89.67,3,,,True,512Y007,전국,national_by_industry,CONTEXT / BUSINESS_SENTIMENT,업종별 자동판정에 쓰지 않는다. 전국 업종 BSI 를 창원국가산단 개별 업종의 신호라고 부르지 않는다.
2021Q2,전국(업종),C2400,1차금속,AJ,인력사정BSI,철강,B,81.33,3,,,True,512Y007,전국,national_by_industry,CONTEXT / BUSINESS_SENTIMENT,업종별 자동판정에 쓰지 않는다. 전국 업종 BSI 를 창원국가산단 개별 업종의 신호라고 부르지 않는다.
2021Q3,전국(업종),C2400,1차금속,AJ,인력사정BSI,철강,B,79.67,3,,,True,512Y007,전국,national_by_industry,CONTEXT / BUSINESS_SENTIMENT,업종별 자동판정에 쓰지 않는다. 전국 업종 BSI 를 창원국가산단 개별 업종의 신호라고 부르지 않는다.
2021Q4,전국(업종),C2400,1차금속,AJ,인력사정BSI,철강,B,83.67,3,,,True,512Y007,전국,national_by_industry,CONTEXT / BUSINESS_SENTIMENT,업종별 자동판정에 쓰지 않는다. 전국 업종 BSI 를 창원국가산단 개별 업종의 신호라고 부르지 않는다.
2022Q1,전국(업종),C2400,1차금속,AJ,인력사정BSI,철강,B,83.67,3,89.67,-6.0,True,512Y007,전국,national_by_industry,CONTEXT / BUSINESS_SENTIMENT,업종별 자동판정에 쓰지 않는다. 전국 업종 BSI 를 창원국가산단 개별 업종의 신호라고 부르지 않는다.
2022Q2,전국(업종),C2400,1차금속,AJ,인력사정BSI,철강,B,80.33,3,81.33,-1.0,True,512Y007,전국,national_by_industry,CONTEXT / BUSINESS_SENTIMENT,업종별 자동판정에 쓰지 않는다. 전국 업종 BSI 를 창원국가산단 개별 업종의 신호라고 부르지 않는다.
2022Q3,전국(업종),C2400,1차금속,AJ,인력사정BSI,철강,B,84.33,3,79.67,4.66,True,512Y007,전국,national_by_industry,CONTEXT / BUSINESS_SENTIMENT,업종별 자동판정에 쓰지 않는다. 전국 업종 BSI 를 창원국가산단 개별 업종의 신호라고 부르지 않는다.
2022Q4,전국(업종),C2400,1차금속,AJ,인력사정BSI,철강,B,86.67,3,83.67,3.0,True,512Y007,전국,national_by_industry,CONTEXT / BUSINESS_SENTIMENT,업종별 자동판정에 쓰지 않는다. 전국 업종 BSI 를 창원국가산단 개별 업종의 신호라고 부르지 않는다.
2023Q1,전국(업종),C2400,1차금속,AJ,인력사정BSI,철강,B,85.67,3,83.67,2.0,True,512Y007,전국,national_by_industry,CONTEXT / BUSINESS_SENTIMENT,업종별 자동판정에 쓰지 않는다. 전국 업종 BSI 를 창원국가산단 개별 업종의 신호라고 부르지 않는다.
2023Q2,전국(업종),C2400,1차금속,AJ,인력사정BSI,철강,B,88.0,3,80.33,7.67,True,512Y007,전국,national_by_industry,CONTEXT / BUSINESS_SENTIMENT,업종별 자동판정에 쓰지 않는다. 전국 업종 BSI 를 창원국가산단 개별 업종의 신호라고 부르지 않는다.
2023Q3,전국(업종),C2400,1차금속,AJ,인력사정BSI,철강,B,88.33,3,84.33,4.0,True,512Y007,전국,national_by_industry,CONTEXT / BUSINESS_SENTIMENT,업종별 자동판정에 쓰지 않는다. 전국 업종 BSI 를 창원국가산단 개별 업종의 신호라고 부르지 않는다.
2023Q4,전국(업종),C2400,1차금속,AJ,인력사정BSI,철강,B,86.0,3,86.67,-0.67,True,512Y007,전국,national_by_industry,CONTEXT / BUSINESS_SENTIMENT,업종별 자동판정에 쓰지 않는다. 전국 업종 BSI 를 창원국가산단 개별 업종의 신호라고 부르지 않는다.
2024Q1,전국(업종),C2400,1차금속,AJ,인력사정BSI,철강,B,91.0,3,85.67,5.33,True,512Y007,전국,national_by_industry,CONTEXT / BUSINESS_SENTIMENT,업종별 자동판정에 쓰지 않는다. 전국 업종 BSI 를 창원국가산단 개별 업종의 신호라고 부르지 않는다.
2024Q2,전국(업종),C2400,1차금속,AJ,인력사정BSI,철강,B,96.67,3,88.0,8.67,True,512Y007,전국,national_by_industry,CONTEXT / BUSINESS_SENTIMENT,업종별 자동판정에 쓰지 않는다. 전국 업종 BSI 를 창원국가산단 개별 업종의 신호라고 부르지 않는다.
2024Q3,전국(업종),C2400,1차금속,AJ,인력사정BSI,철강,B,95.0,3,88.33,6.67,True,512Y007,전국,national_by_industry,CONTEXT / BUSINESS_SENTIMENT,업종별 자동판정에 쓰지 않는다. 전국 업종 BSI 를 창원국가산단 개별 업종의 신호라고 부르지 않는다.
2024Q4,전국(업종),C2400,1차금속,AJ,인력사정BSI,철강,B,97.33,3,86.0,11.33,True,512Y007,전국,national_by_industry,CONTEXT / BUSINESS_SENTIMENT,업종별 자동판정에 쓰지 않는다. 전국 업종 BSI 를 창원국가산단 개별 업종의 신호라고 부르지 않는다.
2025Q1,전국(업종),C2400,1차금속,AJ,인력사정BSI,철강,B,94.0,3,91.0,3.0,True,512Y007,전국,national_by_industry,CONTEXT / BUSINESS_SENTIMENT,업종별 자동판정에 쓰지 않는다. 전국 업종 BSI 를 창원국가산단 개별 업종의 신호라고 부르지 않는다.
2025Q2,전국(업종),C2400,1차금속,AJ,인력사정BSI,철강,B,90.0,3,96.67,-6.67,True,512Y007,전국,national_by_industry,CONTEXT / BUSINESS_SENTIMENT,업종별 자동판정에 쓰지 않는다. 전국 업종 BSI 를 창원국가산단 개별 업종의 신호라고 부르지 않는다.
2025Q3,전국(업종),C2400,1차금속,AJ,인력사정BSI,철강,B,98.67,3,95.0,3.67,True,512Y007,전국,national_by_industry,CONTEXT / BUSINESS_SENTIMENT,업종별 자동판정에 쓰지 않는다. 전국 업종 BSI 를 창원국가산단 개별 업종의 신호라고 부르지 않는다.
2025Q4,전국(업종),C2400,1차금속,AJ,인력사정BSI,철강,B,96.33,3,97.33,-1.0,True,512Y007,전국,national_by_industry,CONTEXT / BUSINESS_SENTIMENT,업종별 자동판정에 쓰지 않는다. 전국 업종 BSI 를 창원국가산단 개별 업종의 신호라고 부르지 않는다.
2026Q1,전국(업종),C2400,1차금속,AJ,인력사정BSI,철강,B,100.0,3,94.0,6.0,False,512Y007,전국,national_by_industry,CONTEXT / BUSINESS_SENTIMENT,업종별 자동판정에 쓰지 않는다. 전국 업종 BSI 를 창원국가산단 개별 업종의 신호라고 부르지 않는다.
2026Q2,전국(업종),C2400,1차금속,AJ,인력사정BSI,철강,B,94.67,3,90.0,4.67,True,512Y007,전국,national_by_industry,CONTEXT / BUSINESS_SENTIMENT,업종별 자동판정에 쓰지 않는다. 전국 업종 BSI 를 창원국가산단 개별 업종의 신호라고 부르지 않는다.
2026Q3,전국(업종),C2400,1차금속,AJ,인력사정BSI,철강,B,92.0,2,98.67,-6.67,True,512Y007,전국,national_by_industry,CONTEXT / BUSINESS_SENTIMENT,업종별 자동판정에 쓰지 않는다. 전국 업종 BSI 를 창원국가산단 개별 업종의 신호라고 부르지 않는다.
2021Q1,전국(업종),C2400,1차금속,AK,가동률BSI,철강,B,95.67,3,,,True,512Y007,전국,national_by_industry,CONTEXT / BUSINESS_SENTIMENT,업종별 자동판정에 쓰지 않는다. 전국 업종 BSI 를 창원국가산단 개별 업종의 신호라고 부르지 않는다.
2021Q2,전국(업종),C2400,1차금속,AK,가동률BSI,철강,B,130.0,3,,,False,512Y007,전국,national_by_industry,CONTEXT / BUSINESS_SENTIMENT,업종별 자동판정에 쓰지 않는다. 전국 업종 BSI 를 창원국가산단 개별 업종의 신호라고 부르지 않는다.
2021Q3,전국(업종),C2400,1차금속,AK,가동률BSI,철강,B,126.67,3,,,False,512Y007,전국,national_by_industry,CONTEXT / BUSINESS_SENTIMENT,업종별 자동판정에 쓰지 않는다. 전국 업종 BSI 를 창원국가산단 개별 업종의 신호라고 부르지 않는다.
2021Q4,전국(업종),C2400,1차금속,AK,가동률BSI,철강,B,114.0,3,,,False,512Y007,전국,national_by_industry,CONTEXT / BUSINESS_SENTIMENT,업종별 자동판정에 쓰지 않는다. 전국 업종 BSI 를 창원국가산단 개별 업종의 신호라고 부르지 않는다.
2022Q1,전국(업종),C2400,1차금속,AK,가동률BSI,철강,B,100.67,3,95.67,5.0,False,512Y007,전국,national_by_industry,CONTEXT / BUSINESS_SENTIMENT,업종별 자동판정에 쓰지 않는다. 전국 업종 BSI 를 창원국가산단 개별 업종의 신호라고 부르지 않는다.
2022Q2,전국(업종),C2400,1차금속,AK,가동률BSI,철강,B,99.33,3,130.0,-30.67,True,512Y007,전국,national_by_industry,CONTEXT / BUSINESS_SENTIMENT,업종별 자동판정에 쓰지 않는다. 전국 업종 BSI 를 창원국가산단 개별 업종의 신호라고 부르지 않는다.
2022Q3,전국(업종),C2400,1차금속,AK,가동률BSI,철강,B,82.67,3,126.67,-44.0,True,512Y007,전국,national_by_industry,CONTEXT / BUSINESS_SENTIMENT,업종별 자동판정에 쓰지 않는다. 전국 업종 BSI 를 창원국가산단 개별 업종의 신호라고 부르지 않는다.
2022Q4,전국(업종),C2400,1차금속,AK,가동률BSI,철강,B,80.67,3,114.0,-33.33,True,512Y007,전국,national_by_industry,CONTEXT / BUSINESS_SENTIMENT,업종별 자동판정에 쓰지 않는다. 전국 업종 BSI 를 창원국가산단 개별 업종의 신호라고 부르지 않는다.
2023Q1,전국(업종),C2400,1차금속,AK,가동률BSI,철강,B,75.33,3,100.67,-25.34,True,512Y007,전국,national_by_industry,CONTEXT / BUSINESS_SENTIMENT,업종별 자동판정에 쓰지 않는다. 전국 업종 BSI 를 창원국가산단 개별 업종의 신호라고 부르지 않는다.
2023Q2,전국(업종),C2400,1차금속,AK,가동률BSI,철강,B,78.67,3,99.33,-20.66,True,512Y007,전국,national_by_industry,CONTEXT / BUSINESS_SENTIMENT,업종별 자동판정에 쓰지 않는다. 전국 업종 BSI 를 창원국가산단 개별 업종의 신호라고 부르지 않는다.
2023Q3,전국(업종),C2400,1차금속,AK,가동률BSI,철강,B,76.67,3,82.67,-6.0,True,512Y007,전국,national_by_industry,CONTEXT / BUSINESS_SENTIMENT,업종별 자동판정에 쓰지 않는다. 전국 업종 BSI 를 창원국가산단 개별 업종의 신호라고 부르지 않는다.
2023Q4,전국(업종),C2400,1차금속,AK,가동률BSI,철강,B,75.67,3,80.67,-5.0,True,512Y007,전국,national_by_industry,CONTEXT / BUSINESS_SENTIMENT,업종별 자동판정에 쓰지 않는다. 전국 업종 BSI 를 창원국가산단 개별 업종의 신호라고 부르지 않는다.
2024Q1,전국(업종),C2400,1차금속,AK,가동률BSI,철강,B,76.67,3,75.33,1.34,True,512Y007,전국,national_by_industry,CONTEXT / BUSINESS_SENTIMENT,업종별 자동판정에 쓰지 않는다. 전국 업종 BSI 를 창원국가산단 개별 업종의 신호라고 부르지 않는다.
2024Q2,전국(업종),C2400,1차금속,AK,가동률BSI,철강,B,79.0,3,78.67,0.33,True,512Y007,전국,national_by_industry,CONTEXT / BUSINESS_SENTIMENT,업종별 자동판정에 쓰지 않는다. 전국 업종 BSI 를 창원국가산단 개별 업종의 신호라고 부르지 않는다.
2024Q3,전국(업종),C2400,1차금속,AK,가동률BSI,철강,B,69.0,3,76.67,-7.67,True,512Y007,전국,national_by_industry,CONTEXT / BUSINESS_SENTIMENT,업종별 자동판정에 쓰지 않는다. 전국 업종 BSI 를 창원국가산단 개별 업종의 신호라고 부르지 않는다.
2024Q4,전국(업종),C2400,1차금속,AK,가동률BSI,철강,B,63.67,3,75.67,-12.0,True,512Y007,전국,national_by_industry,CONTEXT / BUSINESS_SENTIMENT,업종별 자동판정에 쓰지 않는다. 전국 업종 BSI 를 창원국가산단 개별 업종의 신호라고 부르지 않는다.
2025Q1,전국(업종),C2400,1차금속,AK,가동률BSI,철강,B,73.0,3,76.67,-3.67,True,512Y007,전국,national_by_industry,CONTEXT / BUSINESS_SENTIMENT,업종별 자동판정에 쓰지 않는다. 전국 업종 BSI 를 창원국가산단 개별 업종의 신호라고 부르지 않는다.
2025Q2,전국(업종),C2400,1차금속,AK,가동률BSI,철강,B,76.67,3,79.0,-2.33,True,512Y007,전국,national_by_industry,CONTEXT / BUSINESS_SENTIMENT,업종별 자동판정에 쓰지 않는다. 전국 업종 BSI 를 창원국가산단 개별 업종의 신호라고 부르지 않는다.
2025Q3,전국(업종),C2400,1차금속,AK,가동률BSI,철강,B,77.33,3,69.0,8.33,True,512Y007,전국,national_by_industry,CONTEXT / BUSINESS_SENTIMENT,업종별 자동판정에 쓰지 않는다. 전국 업종 BSI 를 창원국가산단 개별 업종의 신호라고 부르지 않는다.
2025Q4,전국(업종),C2400,1차금속,AK,가동률BSI,철강,B,73.0,3,63.67,9.33,True,512Y007,전국,national_by_industry,CONTEXT / BUSINESS_SENTIMENT,업종별 자동판정에 쓰지 않는다. 전국 업종 BSI 를 창원국가산단 개별 업종의 신호라고 부르지 않는다.
2026Q1,전국(업종),C2400,1차금속,AK,가동률BSI,철강,B,88.33,3,73.0,15.33,True,512Y007,전국,national_by_industry,CONTEXT / BUSINESS_SENTIMENT,업종별 자동판정에 쓰지 않는다. 전국 업종 BSI 를 창원국가산단 개별 업종의 신호라고 부르지 않는다.
2026Q2,전국(업종),C2400,1차금속,AK,가동률BSI,철강,B,95.67,3,76.67,19.0,True,512Y007,전국,national_by_industry,CONTEXT / BUSINESS_SENTIMENT,업종별 자동판정에 쓰지 않는다. 전국 업종 BSI 를 창원국가산단 개별 업종의 신호라고 부르지 않는다.
2026Q3,전국(업종),C2400,1차금속,AK,가동률BSI,철강,B,91.0,2,77.33,13.67,True,512Y007,전국,national_by_industry,CONTEXT / BUSINESS_SENTIMENT,업종별 자동판정에 쓰지 않는다. 전국 업종 BSI 를 창원국가산단 개별 업종의 신호라고 부르지 않는다.
2021Q1,전국(업종),C2500,금속가공,AA,업황BSI,기계,C,70.0,3,,,True,512Y007,전국,national_by_industry,CONTEXT / BUSINESS_SENTIMENT,업종별 자동판정에 쓰지 않는다. 전국 업종 BSI 를 창원국가산단 개별 업종의 신호라고 부르지 않는다.
2021Q2,전국(업종),C2500,금속가공,AA,업황BSI,기계,C,74.0,3,,,True,512Y007,전국,national_by_industry,CONTEXT / BUSINESS_SENTIMENT,업종별 자동판정에 쓰지 않는다. 전국 업종 BSI 를 창원국가산단 개별 업종의 신호라고 부르지 않는다.
2021Q3,전국(업종),C2500,금속가공,AA,업황BSI,기계,C,76.67,3,,,True,512Y007,전국,national_by_industry,CONTEXT / BUSINESS_SENTIMENT,업종별 자동판정에 쓰지 않는다. 전국 업종 BSI 를 창원국가산단 개별 업종의 신호라고 부르지 않는다.
2021Q4,전국(업종),C2500,금속가공,AA,업황BSI,기계,C,73.33,3,,,True,512Y007,전국,national_by_industry,CONTEXT / BUSINESS_SENTIMENT,업종별 자동판정에 쓰지 않는다. 전국 업종 BSI 를 창원국가산단 개별 업종의 신호라고 부르지 않는다.
2022Q1,전국(업종),C2500,금속가공,AA,업황BSI,기계,C,72.67,3,70.0,2.67,True,512Y007,전국,national_by_industry,CONTEXT / BUSINESS_SENTIMENT,업종별 자동판정에 쓰지 않는다. 전국 업종 BSI 를 창원국가산단 개별 업종의 신호라고 부르지 않는다.
2022Q2,전국(업종),C2500,금속가공,AA,업황BSI,기계,C,71.67,3,74.0,-2.33,True,512Y007,전국,national_by_industry,CONTEXT / BUSINESS_SENTIMENT,업종별 자동판정에 쓰지 않는다. 전국 업종 BSI 를 창원국가산단 개별 업종의 신호라고 부르지 않는다.
2022Q3,전국(업종),C2500,금속가공,AA,업황BSI,기계,C,70.67,3,76.67,-6.0,True,512Y007,전국,national_by_industry,CONTEXT / BUSINESS_SENTIMENT,업종별 자동판정에 쓰지 않는다. 전국 업종 BSI 를 창원국가산단 개별 업종의 신호라고 부르지 않는다.
2022Q4,전국(업종),C2500,금속가공,AA,업황BSI,기계,C,71.0,3,73.33,-2.33,True,512Y007,전국,national_by_industry,CONTEXT / BUSINESS_SENTIMENT,업종별 자동판정에 쓰지 않는다. 전국 업종 BSI 를 창원국가산단 개별 업종의 신호라고 부르지 않는다.
2023Q1,전국(업종),C2500,금속가공,AA,업황BSI,기계,C,67.0,3,72.67,-5.67,True,512Y007,전국,national_by_industry,CONTEXT / BUSINESS_SENTIMENT,업종별 자동판정에 쓰지 않는다. 전국 업종 BSI 를 창원국가산단 개별 업종의 신호라고 부르지 않는다.
2023Q2,전국(업종),C2500,금속가공,AA,업황BSI,기계,C,74.33,3,71.67,2.66,True,512Y007,전국,national_by_industry,CONTEXT / BUSINESS_SENTIMENT,업종별 자동판정에 쓰지 않는다. 전국 업종 BSI 를 창원국가산단 개별 업종의 신호라고 부르지 않는다.
2023Q3,전국(업종),C2500,금속가공,AA,업황BSI,기계,C,72.0,3,70.67,1.33,True,512Y007,전국,national_by_industry,CONTEXT / BUSINESS_SENTIMENT,업종별 자동판정에 쓰지 않는다. 전국 업종 BSI 를 창원국가산단 개별 업종의 신호라고 부르지 않는다.
2023Q4,전국(업종),C2500,금속가공,AA,업황BSI,기계,C,74.0,3,71.0,3.0,True,512Y007,전국,national_by_industry,CONTEXT / BUSINESS_SENTIMENT,업종별 자동판정에 쓰지 않는다. 전국 업종 BSI 를 창원국가산단 개별 업종의 신호라고 부르지 않는다.
2024Q1,전국(업종),C2500,금속가공,AA,업황BSI,기계,C,65.33,3,67.0,-1.67,True,512Y007,전국,national_by_industry,CONTEXT / BUSINESS_SENTIMENT,업종별 자동판정에 쓰지 않는다. 전국 업종 BSI 를 창원국가산단 개별 업종의 신호라고 부르지 않는다.
2024Q2,전국(업종),C2500,금속가공,AA,업황BSI,기계,C,67.67,3,74.33,-6.66,True,512Y007,전국,national_by_industry,CONTEXT / BUSINESS_SENTIMENT,업종별 자동판정에 쓰지 않는다. 전국 업종 BSI 를 창원국가산단 개별 업종의 신호라고 부르지 않는다.
2024Q3,전국(업종),C2500,금속가공,AA,업황BSI,기계,C,67.67,3,72.0,-4.33,True,512Y007,전국,national_by_industry,CONTEXT / BUSINESS_SENTIMENT,업종별 자동판정에 쓰지 않는다. 전국 업종 BSI 를 창원국가산단 개별 업종의 신호라고 부르지 않는다.
2024Q4,전국(업종),C2500,금속가공,AA,업황BSI,기계,C,64.0,3,74.0,-10.0,True,512Y007,전국,national_by_industry,CONTEXT / BUSINESS_SENTIMENT,업종별 자동판정에 쓰지 않는다. 전국 업종 BSI 를 창원국가산단 개별 업종의 신호라고 부르지 않는다.
2025Q1,전국(업종),C2500,금속가공,AA,업황BSI,기계,C,54.33,3,65.33,-11.0,True,512Y007,전국,national_by_industry,CONTEXT / BUSINESS_SENTIMENT,업종별 자동판정에 쓰지 않는다. 전국 업종 BSI 를 창원국가산단 개별 업종의 신호라고 부르지 않는다.
2025Q2,전국(업종),C2500,금속가공,AA,업황BSI,기계,C,65.0,3,67.67,-2.67,True,512Y007,전국,national_by_industry,CONTEXT / BUSINESS_SENTIMENT,업종별 자동판정에 쓰지 않는다. 전국 업종 BSI 를 창원국가산단 개별 업종의 신호라고 부르지 않는다.
2025Q3,전국(업종),C2500,금속가공,AA,업황BSI,기계,C,59.33,3,67.67,-8.34,True,512Y007,전국,national_by_industry,CONTEXT / BUSINESS_SENTIMENT,업종별 자동판정에 쓰지 않는다. 전국 업종 BSI 를 창원국가산단 개별 업종의 신호라고 부르지 않는다.
2025Q4,전국(업종),C2500,금속가공,AA,업황BSI,기계,C,57.33,3,64.0,-6.67,True,512Y007,전국,national_by_industry,CONTEXT / BUSINESS_SENTIMENT,업종별 자동판정에 쓰지 않는다. 전국 업종 BSI 를 창원국가산단 개별 업종의 신호라고 부르지 않는다.
2026Q1,전국(업종),C2500,금속가공,AA,업황BSI,기계,C,60.67,3,54.33,6.34,True,512Y007,전국,national_by_industry,CONTEXT / BUSINESS_SENTIMENT,업종별 자동판정에 쓰지 않는다. 전국 업종 BSI 를 창원국가산단 개별 업종의 신호라고 부르지 않는다.
2026Q2,전국(업종),C2500,금속가공,AA,업황BSI,기계,C,73.0,3,65.0,8.0,True,512Y007,전국,national_by_industry,CONTEXT / BUSINESS_SENTIMENT,업종별 자동판정에 쓰지 않는다. 전국 업종 BSI 를 창원국가산단 개별 업종의 신호라고 부르지 않는다.
2026Q3,전국(업종),C2500,금속가공,AA,업황BSI,기계,C,72.5,2,59.33,13.17,True,512Y007,전국,national_by_industry,CONTEXT / BUSINESS_SENTIMENT,업종별 자동판정에 쓰지 않는다. 전국 업종 BSI 를 창원국가산단 개별 업종의 신호라고 부르지 않는다.
2021Q1,전국(업종),C2500,금속가공,AC,생산BSI,기계,C,82.0,3,,,True,512Y007,전국,national_by_industry,CONTEXT / BUSINESS_SENTIMENT,업종별 자동판정에 쓰지 않는다. 전국 업종 BSI 를 창원국가산단 개별 업종의 신호라고 부르지 않는다.
2021Q2,전국(업종),C2500,금속가공,AC,생산BSI,기계,C,95.67,3,,,True,512Y007,전국,national_by_industry,CONTEXT / BUSINESS_SENTIMENT,업종별 자동판정에 쓰지 않는다. 전국 업종 BSI 를 창원국가산단 개별 업종의 신호라고 부르지 않는다.
2021Q3,전국(업종),C2500,금속가공,AC,생산BSI,기계,C,93.33,3,,,True,512Y007,전국,national_by_industry,CONTEXT / BUSINESS_SENTIMENT,업종별 자동판정에 쓰지 않는다. 전국 업종 BSI 를 창원국가산단 개별 업종의 신호라고 부르지 않는다.
2021Q4,전국(업종),C2500,금속가공,AC,생산BSI,기계,C,87.33,3,,,True,512Y007,전국,national_by_industry,CONTEXT / BUSINESS_SENTIMENT,업종별 자동판정에 쓰지 않는다. 전국 업종 BSI 를 창원국가산단 개별 업종의 신호라고 부르지 않는다.
2022Q1,전국(업종),C2500,금속가공,AC,생산BSI,기계,C,88.67,3,82.0,6.67,True,512Y007,전국,national_by_industry,CONTEXT / BUSINESS_SENTIMENT,업종별 자동판정에 쓰지 않는다. 전국 업종 BSI 를 창원국가산단 개별 업종의 신호라고 부르지 않는다.
2022Q2,전국(업종),C2500,금속가공,AC,생산BSI,기계,C,89.67,3,95.67,-6.0,True,512Y007,전국,national_by_industry,CONTEXT / BUSINESS_SENTIMENT,업종별 자동판정에 쓰지 않는다. 전국 업종 BSI 를 창원국가산단 개별 업종의 신호라고 부르지 않는다.
2022Q3,전국(업종),C2500,금속가공,AC,생산BSI,기계,C,85.67,3,93.33,-7.66,True,512Y007,전국,national_by_industry,CONTEXT / BUSINESS_SENTIMENT,업종별 자동판정에 쓰지 않는다. 전국 업종 BSI 를 창원국가산단 개별 업종의 신호라고 부르지 않는다.
2022Q4,전국(업종),C2500,금속가공,AC,생산BSI,기계,C,84.67,3,87.33,-2.66,True,512Y007,전국,national_by_industry,CONTEXT / BUSINESS_SENTIMENT,업종별 자동판정에 쓰지 않는다. 전국 업종 BSI 를 창원국가산단 개별 업종의 신호라고 부르지 않는다.
2023Q1,전국(업종),C2500,금속가공,AC,생산BSI,기계,C,80.67,3,88.67,-8.0,True,512Y007,전국,national_by_industry,CONTEXT / BUSINESS_SENTIMENT,업종별 자동판정에 쓰지 않는다. 전국 업종 BSI 를 창원국가산단 개별 업종의 신호라고 부르지 않는다.
2023Q2,전국(업종),C2500,금속가공,AC,생산BSI,기계,C,86.67,3,89.67,-3.0,True,512Y007,전국,national_by_industry,CONTEXT / BUSINESS_SENTIMENT,업종별 자동판정에 쓰지 않는다. 전국 업종 BSI 를 창원국가산단 개별 업종의 신호라고 부르지 않는다.
2023Q3,전국(업종),C2500,금속가공,AC,생산BSI,기계,C,84.0,3,85.67,-1.67,True,512Y007,전국,national_by_industry,CONTEXT / BUSINESS_SENTIMENT,업종별 자동판정에 쓰지 않는다. 전국 업종 BSI 를 창원국가산단 개별 업종의 신호라고 부르지 않는다.
2023Q4,전국(업종),C2500,금속가공,AC,생산BSI,기계,C,77.33,3,84.67,-7.34,True,512Y007,전국,national_by_industry,CONTEXT / BUSINESS_SENTIMENT,업종별 자동판정에 쓰지 않는다. 전국 업종 BSI 를 창원국가산단 개별 업종의 신호라고 부르지 않는다.
2024Q1,전국(업종),C2500,금속가공,AC,생산BSI,기계,C,72.67,3,80.67,-8.0,True,512Y007,전국,national_by_industry,CONTEXT / BUSINESS_SENTIMENT,업종별 자동판정에 쓰지 않는다. 전국 업종 BSI 를 창원국가산단 개별 업종의 신호라고 부르지 않는다.
2024Q2,전국(업종),C2500,금속가공,AC,생산BSI,기계,C,78.33,3,86.67,-8.34,True,512Y007,전국,national_by_industry,CONTEXT / BUSINESS_SENTIMENT,업종별 자동판정에 쓰지 않는다. 전국 업종 BSI 를 창원국가산단 개별 업종의 신호라고 부르지 않는다.
2024Q3,전국(업종),C2500,금속가공,AC,생산BSI,기계,C,76.67,3,84.0,-7.33,True,512Y007,전국,national_by_industry,CONTEXT / BUSINESS_SENTIMENT,업종별 자동판정에 쓰지 않는다. 전국 업종 BSI 를 창원국가산단 개별 업종의 신호라고 부르지 않는다.
2024Q4,전국(업종),C2500,금속가공,AC,생산BSI,기계,C,69.67,3,77.33,-7.66,True,512Y007,전국,national_by_industry,CONTEXT / BUSINESS_SENTIMENT,업종별 자동판정에 쓰지 않는다. 전국 업종 BSI 를 창원국가산단 개별 업종의 신호라고 부르지 않는다.
2025Q1,전국(업종),C2500,금속가공,AC,생산BSI,기계,C,65.33,3,72.67,-7.34,True,512Y007,전국,national_by_industry,CONTEXT / BUSINESS_SENTIMENT,업종별 자동판정에 쓰지 않는다. 전국 업종 BSI 를 창원국가산단 개별 업종의 신호라고 부르지 않는다.
2025Q2,전국(업종),C2500,금속가공,AC,생산BSI,기계,C,70.0,3,78.33,-8.33,True,512Y007,전국,national_by_industry,CONTEXT / BUSINESS_SENTIMENT,업종별 자동판정에 쓰지 않는다. 전국 업종 BSI 를 창원국가산단 개별 업종의 신호라고 부르지 않는다.
2025Q3,전국(업종),C2500,금속가공,AC,생산BSI,기계,C,72.33,3,76.67,-4.34,True,512Y007,전국,national_by_industry,CONTEXT / BUSINESS_SENTIMENT,업종별 자동판정에 쓰지 않는다. 전국 업종 BSI 를 창원국가산단 개별 업종의 신호라고 부르지 않는다.
2025Q4,전국(업종),C2500,금속가공,AC,생산BSI,기계,C,64.33,3,69.67,-5.34,True,512Y007,전국,national_by_industry,CONTEXT / BUSINESS_SENTIMENT,업종별 자동판정에 쓰지 않는다. 전국 업종 BSI 를 창원국가산단 개별 업종의 신호라고 부르지 않는다.
2026Q1,전국(업종),C2500,금속가공,AC,생산BSI,기계,C,79.0,3,65.33,13.67,True,512Y007,전국,national_by_industry,CONTEXT / BUSINESS_SENTIMENT,업종별 자동판정에 쓰지 않는다. 전국 업종 BSI 를 창원국가산단 개별 업종의 신호라고 부르지 않는다.
2026Q2,전국(업종),C2500,금속가공,AC,생산BSI,기계,C,80.33,3,70.0,10.33,True,512Y007,전국,national_by_industry,CONTEXT / BUSINESS_SENTIMENT,업종별 자동판정에 쓰지 않는다. 전국 업종 BSI 를 창원국가산단 개별 업종의 신호라고 부르지 않는다.
2026Q3,전국(업종),C2500,금속가공,AC,생산BSI,기계,C,80.5,2,72.33,8.17,True,512Y007,전국,national_by_industry,CONTEXT / BUSINESS_SENTIMENT,업종별 자동판정에 쓰지 않는다. 전국 업종 BSI 를 창원국가산단 개별 업종의 신호라고 부르지 않는다.
2021Q1,전국(업종),C2500,금속가공,AD,신규수주BSI,기계,C,73.33,3,,,True,512Y007,전국,national_by_industry,CONTEXT / BUSINESS_SENTIMENT,업종별 자동판정에 쓰지 않는다. 전국 업종 BSI 를 창원국가산단 개별 업종의 신호라고 부르지 않는다.
2021Q2,전국(업종),C2500,금속가공,AD,신규수주BSI,기계,C,87.0,3,,,True,512Y007,전국,national_by_industry,CONTEXT / BUSINESS_SENTIMENT,업종별 자동판정에 쓰지 않는다. 전국 업종 BSI 를 창원국가산단 개별 업종의 신호라고 부르지 않는다.
2021Q3,전국(업종),C2500,금속가공,AD,신규수주BSI,기계,C,86.33,3,,,True,512Y007,전국,national_by_industry,CONTEXT / BUSINESS_SENTIMENT,업종별 자동판정에 쓰지 않는다. 전국 업종 BSI 를 창원국가산단 개별 업종의 신호라고 부르지 않는다.
2021Q4,전국(업종),C2500,금속가공,AD,신규수주BSI,기계,C,78.33,3,,,True,512Y007,전국,national_by_industry,CONTEXT / BUSINESS_SENTIMENT,업종별 자동판정에 쓰지 않는다. 전국 업종 BSI 를 창원국가산단 개별 업종의 신호라고 부르지 않는다.
2022Q1,전국(업종),C2500,금속가공,AD,신규수주BSI,기계,C,82.0,3,73.33,8.67,True,512Y007,전국,national_by_industry,CONTEXT / BUSINESS_SENTIMENT,업종별 자동판정에 쓰지 않는다. 전국 업종 BSI 를 창원국가산단 개별 업종의 신호라고 부르지 않는다.
2022Q2,전국(업종),C2500,금속가공,AD,신규수주BSI,기계,C,83.0,3,87.0,-4.0,True,512Y007,전국,national_by_industry,CONTEXT / BUSINESS_SENTIMENT,업종별 자동판정에 쓰지 않는다. 전국 업종 BSI 를 창원국가산단 개별 업종의 신호라고 부르지 않는다.
2022Q3,전국(업종),C2500,금속가공,AD,신규수주BSI,기계,C,78.33,3,86.33,-8.0,True,512Y007,전국,national_by_industry,CONTEXT / BUSINESS_SENTIMENT,업종별 자동판정에 쓰지 않는다. 전국 업종 BSI 를 창원국가산단 개별 업종의 신호라고 부르지 않는다.
2022Q4,전국(업종),C2500,금속가공,AD,신규수주BSI,기계,C,77.33,3,78.33,-1.0,True,512Y007,전국,national_by_industry,CONTEXT / BUSINESS_SENTIMENT,업종별 자동판정에 쓰지 않는다. 전국 업종 BSI 를 창원국가산단 개별 업종의 신호라고 부르지 않는다.
2023Q1,전국(업종),C2500,금속가공,AD,신규수주BSI,기계,C,72.67,3,82.0,-9.33,True,512Y007,전국,national_by_industry,CONTEXT / BUSINESS_SENTIMENT,업종별 자동판정에 쓰지 않는다. 전국 업종 BSI 를 창원국가산단 개별 업종의 신호라고 부르지 않는다.
2023Q2,전국(업종),C2500,금속가공,AD,신규수주BSI,기계,C,79.33,3,83.0,-3.67,True,512Y007,전국,national_by_industry,CONTEXT / BUSINESS_SENTIMENT,업종별 자동판정에 쓰지 않는다. 전국 업종 BSI 를 창원국가산단 개별 업종의 신호라고 부르지 않는다.
2023Q3,전국(업종),C2500,금속가공,AD,신규수주BSI,기계,C,74.0,3,78.33,-4.33,True,512Y007,전국,national_by_industry,CONTEXT / BUSINESS_SENTIMENT,업종별 자동판정에 쓰지 않는다. 전국 업종 BSI 를 창원국가산단 개별 업종의 신호라고 부르지 않는다.
2023Q4,전국(업종),C2500,금속가공,AD,신규수주BSI,기계,C,72.67,3,77.33,-4.66,True,512Y007,전국,national_by_industry,CONTEXT / BUSINESS_SENTIMENT,업종별 자동판정에 쓰지 않는다. 전국 업종 BSI 를 창원국가산단 개별 업종의 신호라고 부르지 않는다.
2024Q1,전국(업종),C2500,금속가공,AD,신규수주BSI,기계,C,65.33,3,72.67,-7.34,True,512Y007,전국,national_by_industry,CONTEXT / BUSINESS_SENTIMENT,업종별 자동판정에 쓰지 않는다. 전국 업종 BSI 를 창원국가산단 개별 업종의 신호라고 부르지 않는다.
2024Q2,전국(업종),C2500,금속가공,AD,신규수주BSI,기계,C,72.67,3,79.33,-6.66,True,512Y007,전국,national_by_industry,CONTEXT / BUSINESS_SENTIMENT,업종별 자동판정에 쓰지 않는다. 전국 업종 BSI 를 창원국가산단 개별 업종의 신호라고 부르지 않는다.
2024Q3,전국(업종),C2500,금속가공,AD,신규수주BSI,기계,C,72.0,3,74.0,-2.0,True,512Y007,전국,national_by_industry,CONTEXT / BUSINESS_SENTIMENT,업종별 자동판정에 쓰지 않는다. 전국 업종 BSI 를 창원국가산단 개별 업종의 신호라고 부르지 않는다.
2024Q4,전국(업종),C2500,금속가공,AD,신규수주BSI,기계,C,65.0,3,72.67,-7.67,True,512Y007,전국,national_by_industry,CONTEXT / BUSINESS_SENTIMENT,업종별 자동판정에 쓰지 않는다. 전국 업종 BSI 를 창원국가산단 개별 업종의 신호라고 부르지 않는다.
2025Q1,전국(업종),C2500,금속가공,AD,신규수주BSI,기계,C,57.0,3,65.33,-8.33,True,512Y007,전국,national_by_industry,CONTEXT / BUSINESS_SENTIMENT,업종별 자동판정에 쓰지 않는다. 전국 업종 BSI 를 창원국가산단 개별 업종의 신호라고 부르지 않는다.
2025Q2,전국(업종),C2500,금속가공,AD,신규수주BSI,기계,C,63.33,3,72.67,-9.34,True,512Y007,전국,national_by_industry,CONTEXT / BUSINESS_SENTIMENT,업종별 자동판정에 쓰지 않는다. 전국 업종 BSI 를 창원국가산단 개별 업종의 신호라고 부르지 않는다.
2025Q3,전국(업종),C2500,금속가공,AD,신규수주BSI,기계,C,60.67,3,72.0,-11.33,True,512Y007,전국,national_by_industry,CONTEXT / BUSINESS_SENTIMENT,업종별 자동판정에 쓰지 않는다. 전국 업종 BSI 를 창원국가산단 개별 업종의 신호라고 부르지 않는다.
2025Q4,전국(업종),C2500,금속가공,AD,신규수주BSI,기계,C,59.33,3,65.0,-5.67,True,512Y007,전국,national_by_industry,CONTEXT / BUSINESS_SENTIMENT,업종별 자동판정에 쓰지 않는다. 전국 업종 BSI 를 창원국가산단 개별 업종의 신호라고 부르지 않는다.
2026Q1,전국(업종),C2500,금속가공,AD,신규수주BSI,기계,C,72.0,3,57.0,15.0,True,512Y007,전국,national_by_industry,CONTEXT / BUSINESS_SENTIMENT,업종별 자동판정에 쓰지 않는다. 전국 업종 BSI 를 창원국가산단 개별 업종의 신호라고 부르지 않는다.
2026Q2,전국(업종),C2500,금속가공,AD,신규수주BSI,기계,C,77.0,3,63.33,13.67,True,512Y007,전국,national_by_industry,CONTEXT / BUSINESS_SENTIMENT,업종별 자동판정에 쓰지 않는다. 전국 업종 BSI 를 창원국가산단 개별 업종의 신호라고 부르지 않는다.
2026Q3,전국(업종),C2500,금속가공,AD,신규수주BSI,기계,C,78.5,2,60.67,17.83,True,512Y007,전국,national_by_industry,CONTEXT / BUSINESS_SENTIMENT,업종별 자동판정에 쓰지 않는다. 전국 업종 BSI 를 창원국가산단 개별 업종의 신호라고 부르지 않는다.
2021Q1,전국(업종),C2500,금속가공,AJ,인력사정BSI,기계,C,81.67,3,,,True,512Y007,전국,national_by_industry,CONTEXT / BUSINESS_SENTIMENT,업종별 자동판정에 쓰지 않는다. 전국 업종 BSI 를 창원국가산단 개별 업종의 신호라고 부르지 않는다.
2021Q2,전국(업종),C2500,금속가공,AJ,인력사정BSI,기계,C,74.0,3,,,True,512Y007,전국,national_by_industry,CONTEXT / BUSINESS_SENTIMENT,업종별 자동판정에 쓰지 않는다. 전국 업종 BSI 를 창원국가산단 개별 업종의 신호라고 부르지 않는다.
2021Q3,전국(업종),C2500,금속가공,AJ,인력사정BSI,기계,C,73.67,3,,,True,512Y007,전국,national_by_industry,CONTEXT / BUSINESS_SENTIMENT,업종별 자동판정에 쓰지 않는다. 전국 업종 BSI 를 창원국가산단 개별 업종의 신호라고 부르지 않는다.
2021Q4,전국(업종),C2500,금속가공,AJ,인력사정BSI,기계,C,72.0,3,,,True,512Y007,전국,national_by_industry,CONTEXT / BUSINESS_SENTIMENT,업종별 자동판정에 쓰지 않는다. 전국 업종 BSI 를 창원국가산단 개별 업종의 신호라고 부르지 않는다.
2022Q1,전국(업종),C2500,금속가공,AJ,인력사정BSI,기계,C,67.67,3,81.67,-14.0,True,512Y007,전국,national_by_industry,CONTEXT / BUSINESS_SENTIMENT,업종별 자동판정에 쓰지 않는다. 전국 업종 BSI 를 창원국가산단 개별 업종의 신호라고 부르지 않는다.
2022Q2,전국(업종),C2500,금속가공,AJ,인력사정BSI,기계,C,62.33,3,74.0,-11.67,True,512Y007,전국,national_by_industry,CONTEXT / BUSINESS_SENTIMENT,업종별 자동판정에 쓰지 않는다. 전국 업종 BSI 를 창원국가산단 개별 업종의 신호라고 부르지 않는다.
2022Q3,전국(업종),C2500,금속가공,AJ,인력사정BSI,기계,C,66.67,3,73.67,-7.0,True,512Y007,전국,national_by_industry,CONTEXT / BUSINESS_SENTIMENT,업종별 자동판정에 쓰지 않는다. 전국 업종 BSI 를 창원국가산단 개별 업종의 신호라고 부르지 않는다.
2022Q4,전국(업종),C2500,금속가공,AJ,인력사정BSI,기계,C,72.0,3,72.0,0.0,True,512Y007,전국,national_by_industry,CONTEXT / BUSINESS_SENTIMENT,업종별 자동판정에 쓰지 않는다. 전국 업종 BSI 를 창원국가산단 개별 업종의 신호라고 부르지 않는다.
2023Q1,전국(업종),C2500,금속가공,AJ,인력사정BSI,기계,C,73.0,3,67.67,5.33,True,512Y007,전국,national_by_industry,CONTEXT / BUSINESS_SENTIMENT,업종별 자동판정에 쓰지 않는다. 전국 업종 BSI 를 창원국가산단 개별 업종의 신호라고 부르지 않는다.
2023Q2,전국(업종),C2500,금속가공,AJ,인력사정BSI,기계,C,71.33,3,62.33,9.0,True,512Y007,전국,national_by_industry,CONTEXT / BUSINESS_SENTIMENT,업종별 자동판정에 쓰지 않는다. 전국 업종 BSI 를 창원국가산단 개별 업종의 신호라고 부르지 않는다.
2023Q3,전국(업종),C2500,금속가공,AJ,인력사정BSI,기계,C,73.33,3,66.67,6.66,True,512Y007,전국,national_by_industry,CONTEXT / BUSINESS_SENTIMENT,업종별 자동판정에 쓰지 않는다. 전국 업종 BSI 를 창원국가산단 개별 업종의 신호라고 부르지 않는다.
2023Q4,전국(업종),C2500,금속가공,AJ,인력사정BSI,기계,C,78.67,3,72.0,6.67,True,512Y007,전국,national_by_industry,CONTEXT / BUSINESS_SENTIMENT,업종별 자동판정에 쓰지 않는다. 전국 업종 BSI 를 창원국가산단 개별 업종의 신호라고 부르지 않는다.
2024Q1,전국(업종),C2500,금속가공,AJ,인력사정BSI,기계,C,84.67,3,73.0,11.67,True,512Y007,전국,national_by_industry,CONTEXT / BUSINESS_SENTIMENT,업종별 자동판정에 쓰지 않는다. 전국 업종 BSI 를 창원국가산단 개별 업종의 신호라고 부르지 않는다.
2024Q2,전국(업종),C2500,금속가공,AJ,인력사정BSI,기계,C,88.33,3,71.33,17.0,True,512Y007,전국,national_by_industry,CONTEXT / BUSINESS_SENTIMENT,업종별 자동판정에 쓰지 않는다. 전국 업종 BSI 를 창원국가산단 개별 업종의 신호라고 부르지 않는다.
2024Q3,전국(업종),C2500,금속가공,AJ,인력사정BSI,기계,C,91.0,3,73.33,17.67,True,512Y007,전국,national_by_industry,CONTEXT / BUSINESS_SENTIMENT,업종별 자동판정에 쓰지 않는다. 전국 업종 BSI 를 창원국가산단 개별 업종의 신호라고 부르지 않는다.
2024Q4,전국(업종),C2500,금속가공,AJ,인력사정BSI,기계,C,90.33,3,78.67,11.66,True,512Y007,전국,national_by_industry,CONTEXT / BUSINESS_SENTIMENT,업종별 자동판정에 쓰지 않는다. 전국 업종 BSI 를 창원국가산단 개별 업종의 신호라고 부르지 않는다.
2025Q1,전국(업종),C2500,금속가공,AJ,인력사정BSI,기계,C,93.0,3,84.67,8.33,True,512Y007,전국,national_by_industry,CONTEXT / BUSINESS_SENTIMENT,업종별 자동판정에 쓰지 않는다. 전국 업종 BSI 를 창원국가산단 개별 업종의 신호라고 부르지 않는다.
2025Q2,전국(업종),C2500,금속가공,AJ,인력사정BSI,기계,C,91.0,3,88.33,2.67,True,512Y007,전국,national_by_industry,CONTEXT / BUSINESS_SENTIMENT,업종별 자동판정에 쓰지 않는다. 전국 업종 BSI 를 창원국가산단 개별 업종의 신호라고 부르지 않는다.
2025Q3,전국(업종),C2500,금속가공,AJ,인력사정BSI,기계,C,95.33,3,91.0,4.33,True,512Y007,전국,national_by_industry,CONTEXT / BUSINESS_SENTIMENT,업종별 자동판정에 쓰지 않는다. 전국 업종 BSI 를 창원국가산단 개별 업종의 신호라고 부르지 않는다.
2025Q4,전국(업종),C2500,금속가공,AJ,인력사정BSI,기계,C,92.0,3,90.33,1.67,True,512Y007,전국,national_by_industry,CONTEXT / BUSINESS_SENTIMENT,업종별 자동판정에 쓰지 않는다. 전국 업종 BSI 를 창원국가산단 개별 업종의 신호라고 부르지 않는다.
2026Q1,전국(업종),C2500,금속가공,AJ,인력사정BSI,기계,C,93.67,3,93.0,0.67,True,512Y007,전국,national_by_industry,CONTEXT / BUSINESS_SENTIMENT,업종별 자동판정에 쓰지 않는다. 전국 업종 BSI 를 창원국가산단 개별 업종의 신호라고 부르지 않는다.
2026Q2,전국(업종),C2500,금속가공,AJ,인력사정BSI,기계,C,88.67,3,91.0,-2.33,True,512Y007,전국,national_by_industry,CONTEXT / BUSINESS_SENTIMENT,업종별 자동판정에 쓰지 않는다. 전국 업종 BSI 를 창원국가산단 개별 업종의 신호라고 부르지 않는다.
2026Q3,전국(업종),C2500,금속가공,AJ,인력사정BSI,기계,C,92.0,2,95.33,-3.33,True,512Y007,전국,national_by_industry,CONTEXT / BUSINESS_SENTIMENT,업종별 자동판정에 쓰지 않는다. 전국 업종 BSI 를 창원국가산단 개별 업종의 신호라고 부르지 않는다.
2021Q1,전국(업종),C2500,금속가공,AK,가동률BSI,기계,C,79.33,3,,,True,512Y007,전국,national_by_industry,CONTEXT / BUSINESS_SENTIMENT,업종별 자동판정에 쓰지 않는다. 전국 업종 BSI 를 창원국가산단 개별 업종의 신호라고 부르지 않는다.
2021Q2,전국(업종),C2500,금속가공,AK,가동률BSI,기계,C,94.67,3,,,True,512Y007,전국,national_by_industry,CONTEXT / BUSINESS_SENTIMENT,업종별 자동판정에 쓰지 않는다. 전국 업종 BSI 를 창원국가산단 개별 업종의 신호라고 부르지 않는다.
2021Q3,전국(업종),C2500,금속가공,AK,가동률BSI,기계,C,90.67,3,,,True,512Y007,전국,national_by_industry,CONTEXT / BUSINESS_SENTIMENT,업종별 자동판정에 쓰지 않는다. 전국 업종 BSI 를 창원국가산단 개별 업종의 신호라고 부르지 않는다.
2021Q4,전국(업종),C2500,금속가공,AK,가동률BSI,기계,C,86.67,3,,,True,512Y007,전국,national_by_industry,CONTEXT / BUSINESS_SENTIMENT,업종별 자동판정에 쓰지 않는다. 전국 업종 BSI 를 창원국가산단 개별 업종의 신호라고 부르지 않는다.
2022Q1,전국(업종),C2500,금속가공,AK,가동률BSI,기계,C,85.67,3,79.33,6.34,True,512Y007,전국,national_by_industry,CONTEXT / BUSINESS_SENTIMENT,업종별 자동판정에 쓰지 않는다. 전국 업종 BSI 를 창원국가산단 개별 업종의 신호라고 부르지 않는다.
2022Q2,전국(업종),C2500,금속가공,AK,가동률BSI,기계,C,85.33,3,94.67,-9.34,True,512Y007,전국,national_by_industry,CONTEXT / BUSINESS_SENTIMENT,업종별 자동판정에 쓰지 않는다. 전국 업종 BSI 를 창원국가산단 개별 업종의 신호라고 부르지 않는다.
2022Q3,전국(업종),C2500,금속가공,AK,가동률BSI,기계,C,82.33,3,90.67,-8.34,True,512Y007,전국,national_by_industry,CONTEXT / BUSINESS_SENTIMENT,업종별 자동판정에 쓰지 않는다. 전국 업종 BSI 를 창원국가산단 개별 업종의 신호라고 부르지 않는다.
2022Q4,전국(업종),C2500,금속가공,AK,가동률BSI,기계,C,82.0,3,86.67,-4.67,True,512Y007,전국,national_by_industry,CONTEXT / BUSINESS_SENTIMENT,업종별 자동판정에 쓰지 않는다. 전국 업종 BSI 를 창원국가산단 개별 업종의 신호라고 부르지 않는다.
2023Q1,전국(업종),C2500,금속가공,AK,가동률BSI,기계,C,80.67,3,85.67,-5.0,True,512Y007,전국,national_by_industry,CONTEXT / BUSINESS_SENTIMENT,업종별 자동판정에 쓰지 않는다. 전국 업종 BSI 를 창원국가산단 개별 업종의 신호라고 부르지 않는다.
2023Q2,전국(업종),C2500,금속가공,AK,가동률BSI,기계,C,86.0,3,85.33,0.67,True,512Y007,전국,national_by_industry,CONTEXT / BUSINESS_SENTIMENT,업종별 자동판정에 쓰지 않는다. 전국 업종 BSI 를 창원국가산단 개별 업종의 신호라고 부르지 않는다.
2023Q3,전국(업종),C2500,금속가공,AK,가동률BSI,기계,C,82.33,3,82.33,0.0,True,512Y007,전국,national_by_industry,CONTEXT / BUSINESS_SENTIMENT,업종별 자동판정에 쓰지 않는다. 전국 업종 BSI 를 창원국가산단 개별 업종의 신호라고 부르지 않는다.
2023Q4,전국(업종),C2500,금속가공,AK,가동률BSI,기계,C,78.33,3,82.0,-3.67,True,512Y007,전국,national_by_industry,CONTEXT / BUSINESS_SENTIMENT,업종별 자동판정에 쓰지 않는다. 전국 업종 BSI 를 창원국가산단 개별 업종의 신호라고 부르지 않는다.
2024Q1,전국(업종),C2500,금속가공,AK,가동률BSI,기계,C,72.0,3,80.67,-8.67,True,512Y007,전국,national_by_industry,CONTEXT / BUSINESS_SENTIMENT,업종별 자동판정에 쓰지 않는다. 전국 업종 BSI 를 창원국가산단 개별 업종의 신호라고 부르지 않는다.
2024Q2,전국(업종),C2500,금속가공,AK,가동률BSI,기계,C,77.33,3,86.0,-8.67,True,512Y007,전국,national_by_industry,CONTEXT / BUSINESS_SENTIMENT,업종별 자동판정에 쓰지 않는다. 전국 업종 BSI 를 창원국가산단 개별 업종의 신호라고 부르지 않는다.
2024Q3,전국(업종),C2500,금속가공,AK,가동률BSI,기계,C,75.67,3,82.33,-6.66,True,512Y007,전국,national_by_industry,CONTEXT / BUSINESS_SENTIMENT,업종별 자동판정에 쓰지 않는다. 전국 업종 BSI 를 창원국가산단 개별 업종의 신호라고 부르지 않는다.
2024Q4,전국(업종),C2500,금속가공,AK,가동률BSI,기계,C,68.67,3,78.33,-9.66,True,512Y007,전국,national_by_industry,CONTEXT / BUSINESS_SENTIMENT,업종별 자동판정에 쓰지 않는다. 전국 업종 BSI 를 창원국가산단 개별 업종의 신호라고 부르지 않는다.
2025Q1,전국(업종),C2500,금속가공,AK,가동률BSI,기계,C,63.67,3,72.0,-8.33,True,512Y007,전국,national_by_industry,CONTEXT / BUSINESS_SENTIMENT,업종별 자동판정에 쓰지 않는다. 전국 업종 BSI 를 창원국가산단 개별 업종의 신호라고 부르지 않는다.
2025Q2,전국(업종),C2500,금속가공,AK,가동률BSI,기계,C,70.33,3,77.33,-7.0,True,512Y007,전국,national_by_industry,CONTEXT / BUSINESS_SENTIMENT,업종별 자동판정에 쓰지 않는다. 전국 업종 BSI 를 창원국가산단 개별 업종의 신호라고 부르지 않는다.
2025Q3,전국(업종),C2500,금속가공,AK,가동률BSI,기계,C,70.67,3,75.67,-5.0,True,512Y007,전국,national_by_industry,CONTEXT / BUSINESS_SENTIMENT,업종별 자동판정에 쓰지 않는다. 전국 업종 BSI 를 창원국가산단 개별 업종의 신호라고 부르지 않는다.
2025Q4,전국(업종),C2500,금속가공,AK,가동률BSI,기계,C,64.0,3,68.67,-4.67,True,512Y007,전국,national_by_industry,CONTEXT / BUSINESS_SENTIMENT,업종별 자동판정에 쓰지 않는다. 전국 업종 BSI 를 창원국가산단 개별 업종의 신호라고 부르지 않는다.
2026Q1,전국(업종),C2500,금속가공,AK,가동률BSI,기계,C,77.67,3,63.67,14.0,True,512Y007,전국,national_by_industry,CONTEXT / BUSINESS_SENTIMENT,업종별 자동판정에 쓰지 않는다. 전국 업종 BSI 를 창원국가산단 개별 업종의 신호라고 부르지 않는다.
2026Q2,전국(업종),C2500,금속가공,AK,가동률BSI,기계,C,80.33,3,70.33,10.0,True,512Y007,전국,national_by_industry,CONTEXT / BUSINESS_SENTIMENT,업종별 자동판정에 쓰지 않는다. 전국 업종 BSI 를 창원국가산단 개별 업종의 신호라고 부르지 않는다.
2026Q3,전국(업종),C2500,금속가공,AK,가동률BSI,기계,C,81.0,2,70.67,10.33,True,512Y007,전국,national_by_industry,CONTEXT / BUSINESS_SENTIMENT,업종별 자동판정에 쓰지 않는다. 전국 업종 BSI 를 창원국가산단 개별 업종의 신호라고 부르지 않는다.
2021Q1,전국(업종),C2600,전자·영상·통신장비,AA,업황BSI,전기전자,A,103.33,3,,,False,512Y007,전국,national_by_industry,CONTEXT / BUSINESS_SENTIMENT,업종별 자동판정에 쓰지 않는다. 전국 업종 BSI 를 창원국가산단 개별 업종의 신호라고 부르지 않는다.
2021Q2,전국(업종),C2600,전자·영상·통신장비,AA,업황BSI,전기전자,A,116.33,3,,,False,512Y007,전국,national_by_industry,CONTEXT / BUSINESS_SENTIMENT,업종별 자동판정에 쓰지 않는다. 전국 업종 BSI 를 창원국가산단 개별 업종의 신호라고 부르지 않는다.
2021Q3,전국(업종),C2600,전자·영상·통신장비,AA,업황BSI,전기전자,A,116.67,3,,,False,512Y007,전국,national_by_industry,CONTEXT / BUSINESS_SENTIMENT,업종별 자동판정에 쓰지 않는다. 전국 업종 BSI 를 창원국가산단 개별 업종의 신호라고 부르지 않는다.
2021Q4,전국(업종),C2600,전자·영상·통신장비,AA,업황BSI,전기전자,A,115.0,3,,,False,512Y007,전국,national_by_industry,CONTEXT / BUSINESS_SENTIMENT,업종별 자동판정에 쓰지 않는다. 전국 업종 BSI 를 창원국가산단 개별 업종의 신호라고 부르지 않는다.
2022Q1,전국(업종),C2600,전자·영상·통신장비,AA,업황BSI,전기전자,A,107.67,3,103.33,4.34,False,512Y007,전국,national_by_industry,CONTEXT / BUSINESS_SENTIMENT,업종별 자동판정에 쓰지 않는다. 전국 업종 BSI 를 창원국가산단 개별 업종의 신호라고 부르지 않는다.
2022Q2,전국(업종),C2600,전자·영상·통신장비,AA,업황BSI,전기전자,A,103.67,3,116.33,-12.66,False,512Y007,전국,national_by_industry,CONTEXT / BUSINESS_SENTIMENT,업종별 자동판정에 쓰지 않는다. 전국 업종 BSI 를 창원국가산단 개별 업종의 신호라고 부르지 않는다.
2022Q3,전국(업종),C2600,전자·영상·통신장비,AA,업황BSI,전기전자,A,88.0,3,116.67,-28.67,True,512Y007,전국,national_by_industry,CONTEXT / BUSINESS_SENTIMENT,업종별 자동판정에 쓰지 않는다. 전국 업종 BSI 를 창원국가산단 개별 업종의 신호라고 부르지 않는다.
2022Q4,전국(업종),C2600,전자·영상·통신장비,AA,업황BSI,전기전자,A,74.0,3,115.0,-41.0,True,512Y007,전국,national_by_industry,CONTEXT / BUSINESS_SENTIMENT,업종별 자동판정에 쓰지 않는다. 전국 업종 BSI 를 창원국가산단 개별 업종의 신호라고 부르지 않는다.
2023Q1,전국(업종),C2600,전자·영상·통신장비,AA,업황BSI,전기전자,A,62.33,3,107.67,-45.34,True,512Y007,전국,national_by_industry,CONTEXT / BUSINESS_SENTIMENT,업종별 자동판정에 쓰지 않는다. 전국 업종 BSI 를 창원국가산단 개별 업종의 신호라고 부르지 않는다.
2023Q2,전국(업종),C2600,전자·영상·통신장비,AA,업황BSI,전기전자,A,67.67,3,103.67,-36.0,True,512Y007,전국,national_by_industry,CONTEXT / BUSINESS_SENTIMENT,업종별 자동판정에 쓰지 않는다. 전국 업종 BSI 를 창원국가산단 개별 업종의 신호라고 부르지 않는다.
2023Q3,전국(업종),C2600,전자·영상·통신장비,AA,업황BSI,전기전자,A,66.0,3,88.0,-22.0,True,512Y007,전국,national_by_industry,CONTEXT / BUSINESS_SENTIMENT,업종별 자동판정에 쓰지 않는다. 전국 업종 BSI 를 창원국가산단 개별 업종의 신호라고 부르지 않는다.
2023Q4,전국(업종),C2600,전자·영상·통신장비,AA,업황BSI,전기전자,A,68.0,3,74.0,-6.0,True,512Y007,전국,national_by_industry,CONTEXT / BUSINESS_SENTIMENT,업종별 자동판정에 쓰지 않는다. 전국 업종 BSI 를 창원국가산단 개별 업종의 신호라고 부르지 않는다.
2024Q1,전국(업종),C2600,전자·영상·통신장비,AA,업황BSI,전기전자,A,73.0,3,62.33,10.67,True,512Y007,전국,national_by_industry,CONTEXT / BUSINESS_SENTIMENT,업종별 자동판정에 쓰지 않는다. 전국 업종 BSI 를 창원국가산단 개별 업종의 신호라고 부르지 않는다.
2024Q2,전국(업종),C2600,전자·영상·통신장비,AA,업황BSI,전기전자,A,84.33,3,67.67,16.66,True,512Y007,전국,national_by_industry,CONTEXT / BUSINESS_SENTIMENT,업종별 자동판정에 쓰지 않는다. 전국 업종 BSI 를 창원국가산단 개별 업종의 신호라고 부르지 않는다.
2024Q3,전국(업종),C2600,전자·영상·통신장비,AA,업황BSI,전기전자,A,81.67,3,66.0,15.67,True,512Y007,전국,national_by_industry,CONTEXT / BUSINESS_SENTIMENT,업종별 자동판정에 쓰지 않는다. 전국 업종 BSI 를 창원국가산단 개별 업종의 신호라고 부르지 않는다.
2024Q4,전국(업종),C2600,전자·영상·통신장비,AA,업황BSI,전기전자,A,75.0,3,68.0,7.0,True,512Y007,전국,national_by_industry,CONTEXT / BUSINESS_SENTIMENT,업종별 자동판정에 쓰지 않는다. 전국 업종 BSI 를 창원국가산단 개별 업종의 신호라고 부르지 않는다.
2025Q1,전국(업종),C2600,전자·영상·통신장비,AA,업황BSI,전기전자,A,72.0,3,73.0,-1.0,True,512Y007,전국,national_by_industry,CONTEXT / BUSINESS_SENTIMENT,업종별 자동판정에 쓰지 않는다. 전국 업종 BSI 를 창원국가산단 개별 업종의 신호라고 부르지 않는다.
2025Q2,전국(업종),C2600,전자·영상·통신장비,AA,업황BSI,전기전자,A,87.33,3,84.33,3.0,True,512Y007,전국,national_by_industry,CONTEXT / BUSINESS_SENTIMENT,업종별 자동판정에 쓰지 않는다. 전국 업종 BSI 를 창원국가산단 개별 업종의 신호라고 부르지 않는다.
2025Q3,전국(업종),C2600,전자·영상·통신장비,AA,업황BSI,전기전자,A,85.0,3,81.67,3.33,True,512Y007,전국,national_by_industry,CONTEXT / BUSINESS_SENTIMENT,업종별 자동판정에 쓰지 않는다. 전국 업종 BSI 를 창원국가산단 개별 업종의 신호라고 부르지 않는다.
2025Q4,전국(업종),C2600,전자·영상·통신장비,AA,업황BSI,전기전자,A,86.67,3,75.0,11.67,True,512Y007,전국,national_by_industry,CONTEXT / BUSINESS_SENTIMENT,업종별 자동판정에 쓰지 않는다. 전국 업종 BSI 를 창원국가산단 개별 업종의 신호라고 부르지 않는다.
2026Q1,전국(업종),C2600,전자·영상·통신장비,AA,업황BSI,전기전자,A,86.0,3,72.0,14.0,True,512Y007,전국,national_by_industry,CONTEXT / BUSINESS_SENTIMENT,업종별 자동판정에 쓰지 않는다. 전국 업종 BSI 를 창원국가산단 개별 업종의 신호라고 부르지 않는다.
2026Q2,전국(업종),C2600,전자·영상·통신장비,AA,업황BSI,전기전자,A,91.67,3,87.33,4.34,True,512Y007,전국,national_by_industry,CONTEXT / BUSINESS_SENTIMENT,업종별 자동판정에 쓰지 않는다. 전국 업종 BSI 를 창원국가산단 개별 업종의 신호라고 부르지 않는다.
2026Q3,전국(업종),C2600,전자·영상·통신장비,AA,업황BSI,전기전자,A,96.5,2,85.0,11.5,True,512Y007,전국,national_by_industry,CONTEXT / BUSINESS_SENTIMENT,업종별 자동판정에 쓰지 않는다. 전국 업종 BSI 를 창원국가산단 개별 업종의 신호라고 부르지 않는다.
2021Q1,전국(업종),C2600,전자·영상·통신장비,AC,생산BSI,전기전자,A,112.67,3,,,False,512Y007,전국,national_by_industry,CONTEXT / BUSINESS_SENTIMENT,업종별 자동판정에 쓰지 않는다. 전국 업종 BSI 를 창원국가산단 개별 업종의 신호라고 부르지 않는다.
2021Q2,전국(업종),C2600,전자·영상·통신장비,AC,생산BSI,전기전자,A,121.67,3,,,False,512Y007,전국,national_by_industry,CONTEXT / BUSINESS_SENTIMENT,업종별 자동판정에 쓰지 않는다. 전국 업종 BSI 를 창원국가산단 개별 업종의 신호라고 부르지 않는다.
2021Q3,전국(업종),C2600,전자·영상·통신장비,AC,생산BSI,전기전자,A,118.0,3,,,False,512Y007,전국,national_by_industry,CONTEXT / BUSINESS_SENTIMENT,업종별 자동판정에 쓰지 않는다. 전국 업종 BSI 를 창원국가산단 개별 업종의 신호라고 부르지 않는다.
2021Q4,전국(업종),C2600,전자·영상·통신장비,AC,생산BSI,전기전자,A,114.67,3,,,False,512Y007,전국,national_by_industry,CONTEXT / BUSINESS_SENTIMENT,업종별 자동판정에 쓰지 않는다. 전국 업종 BSI 를 창원국가산단 개별 업종의 신호라고 부르지 않는다.
2022Q1,전국(업종),C2600,전자·영상·통신장비,AC,생산BSI,전기전자,A,117.0,3,112.67,4.33,False,512Y007,전국,national_by_industry,CONTEXT / BUSINESS_SENTIMENT,업종별 자동판정에 쓰지 않는다. 전국 업종 BSI 를 창원국가산단 개별 업종의 신호라고 부르지 않는다.
2022Q2,전국(업종),C2600,전자·영상·통신장비,AC,생산BSI,전기전자,A,110.67,3,121.67,-11.0,False,512Y007,전국,national_by_industry,CONTEXT / BUSINESS_SENTIMENT,업종별 자동판정에 쓰지 않는다. 전국 업종 BSI 를 창원국가산단 개별 업종의 신호라고 부르지 않는다.
2022Q3,전국(업종),C2600,전자·영상·통신장비,AC,생산BSI,전기전자,A,106.67,3,118.0,-11.33,False,512Y007,전국,national_by_industry,CONTEXT / BUSINESS_SENTIMENT,업종별 자동판정에 쓰지 않는다. 전국 업종 BSI 를 창원국가산단 개별 업종의 신호라고 부르지 않는다.
2022Q4,전국(업종),C2600,전자·영상·통신장비,AC,생산BSI,전기전자,A,85.0,3,114.67,-29.67,True,512Y007,전국,national_by_industry,CONTEXT / BUSINESS_SENTIMENT,업종별 자동판정에 쓰지 않는다. 전국 업종 BSI 를 창원국가산단 개별 업종의 신호라고 부르지 않는다.
2023Q1,전국(업종),C2600,전자·영상·통신장비,AC,생산BSI,전기전자,A,69.0,3,117.0,-48.0,True,512Y007,전국,national_by_industry,CONTEXT / BUSINESS_SENTIMENT,업종별 자동판정에 쓰지 않는다. 전국 업종 BSI 를 창원국가산단 개별 업종의 신호라고 부르지 않는다.
2023Q2,전국(업종),C2600,전자·영상·통신장비,AC,생산BSI,전기전자,A,75.67,3,110.67,-35.0,True,512Y007,전국,national_by_industry,CONTEXT / BUSINESS_SENTIMENT,업종별 자동판정에 쓰지 않는다. 전국 업종 BSI 를 창원국가산단 개별 업종의 신호라고 부르지 않는다.
2023Q3,전국(업종),C2600,전자·영상·통신장비,AC,생산BSI,전기전자,A,68.33,3,106.67,-38.34,True,512Y007,전국,national_by_industry,CONTEXT / BUSINESS_SENTIMENT,업종별 자동판정에 쓰지 않는다. 전국 업종 BSI 를 창원국가산단 개별 업종의 신호라고 부르지 않는다.
2023Q4,전국(업종),C2600,전자·영상·통신장비,AC,생산BSI,전기전자,A,73.67,3,85.0,-11.33,True,512Y007,전국,national_by_industry,CONTEXT / BUSINESS_SENTIMENT,업종별 자동판정에 쓰지 않는다. 전국 업종 BSI 를 창원국가산단 개별 업종의 신호라고 부르지 않는다.
2024Q1,전국(업종),C2600,전자·영상·통신장비,AC,생산BSI,전기전자,A,72.67,3,69.0,3.67,True,512Y007,전국,national_by_industry,CONTEXT / BUSINESS_SENTIMENT,업종별 자동판정에 쓰지 않는다. 전국 업종 BSI 를 창원국가산단 개별 업종의 신호라고 부르지 않는다.
2024Q2,전국(업종),C2600,전자·영상·통신장비,AC,생산BSI,전기전자,A,80.67,3,75.67,5.0,True,512Y007,전국,national_by_industry,CONTEXT / BUSINESS_SENTIMENT,업종별 자동판정에 쓰지 않는다. 전국 업종 BSI 를 창원국가산단 개별 업종의 신호라고 부르지 않는다.
2024Q3,전국(업종),C2600,전자·영상·통신장비,AC,생산BSI,전기전자,A,94.0,3,68.33,25.67,True,512Y007,전국,national_by_industry,CONTEXT / BUSINESS_SENTIMENT,업종별 자동판정에 쓰지 않는다. 전국 업종 BSI 를 창원국가산단 개별 업종의 신호라고 부르지 않는다.
2024Q4,전국(업종),C2600,전자·영상·통신장비,AC,생산BSI,전기전자,A,86.0,3,73.67,12.33,True,512Y007,전국,national_by_industry,CONTEXT / BUSINESS_SENTIMENT,업종별 자동판정에 쓰지 않는다. 전국 업종 BSI 를 창원국가산단 개별 업종의 신호라고 부르지 않는다.
2025Q1,전국(업종),C2600,전자·영상·통신장비,AC,생산BSI,전기전자,A,90.0,3,72.67,17.33,True,512Y007,전국,national_by_industry,CONTEXT / BUSINESS_SENTIMENT,업종별 자동판정에 쓰지 않는다. 전국 업종 BSI 를 창원국가산단 개별 업종의 신호라고 부르지 않는다.
2025Q2,전국(업종),C2600,전자·영상·통신장비,AC,생산BSI,전기전자,A,98.33,3,80.67,17.66,True,512Y007,전국,national_by_industry,CONTEXT / BUSINESS_SENTIMENT,업종별 자동판정에 쓰지 않는다. 전국 업종 BSI 를 창원국가산단 개별 업종의 신호라고 부르지 않는다.
2025Q3,전국(업종),C2600,전자·영상·통신장비,AC,생산BSI,전기전자,A,94.33,3,94.0,0.33,True,512Y007,전국,national_by_industry,CONTEXT / BUSINESS_SENTIMENT,업종별 자동판정에 쓰지 않는다. 전국 업종 BSI 를 창원국가산단 개별 업종의 신호라고 부르지 않는다.
2025Q4,전국(업종),C2600,전자·영상·통신장비,AC,생산BSI,전기전자,A,95.67,3,86.0,9.67,True,512Y007,전국,national_by_industry,CONTEXT / BUSINESS_SENTIMENT,업종별 자동판정에 쓰지 않는다. 전국 업종 BSI 를 창원국가산단 개별 업종의 신호라고 부르지 않는다.
2026Q1,전국(업종),C2600,전자·영상·통신장비,AC,생산BSI,전기전자,A,97.0,3,90.0,7.0,True,512Y007,전국,national_by_industry,CONTEXT / BUSINESS_SENTIMENT,업종별 자동판정에 쓰지 않는다. 전국 업종 BSI 를 창원국가산단 개별 업종의 신호라고 부르지 않는다.
2026Q2,전국(업종),C2600,전자·영상·통신장비,AC,생산BSI,전기전자,A,100.67,3,98.33,2.34,False,512Y007,전국,national_by_industry,CONTEXT / BUSINESS_SENTIMENT,업종별 자동판정에 쓰지 않는다. 전국 업종 BSI 를 창원국가산단 개별 업종의 신호라고 부르지 않는다.
2026Q3,전국(업종),C2600,전자·영상·통신장비,AC,생산BSI,전기전자,A,104.5,2,94.33,10.17,False,512Y007,전국,national_by_industry,CONTEXT / BUSINESS_SENTIMENT,업종별 자동판정에 쓰지 않는다. 전국 업종 BSI 를 창원국가산단 개별 업종의 신호라고 부르지 않는다.
2021Q1,전국(업종),C2600,전자·영상·통신장비,AD,신규수주BSI,전기전자,A,114.0,3,,,False,512Y007,전국,national_by_industry,CONTEXT / BUSINESS_SENTIMENT,업종별 자동판정에 쓰지 않는다. 전국 업종 BSI 를 창원국가산단 개별 업종의 신호라고 부르지 않는다.
2021Q2,전국(업종),C2600,전자·영상·통신장비,AD,신규수주BSI,전기전자,A,127.67,3,,,False,512Y007,전국,national_by_industry,CONTEXT / BUSINESS_SENTIMENT,업종별 자동판정에 쓰지 않는다. 전국 업종 BSI 를 창원국가산단 개별 업종의 신호라고 부르지 않는다.
2021Q3,전국(업종),C2600,전자·영상·통신장비,AD,신규수주BSI,전기전자,A,123.0,3,,,False,512Y007,전국,national_by_industry,CONTEXT / BUSINESS_SENTIMENT,업종별 자동판정에 쓰지 않는다. 전국 업종 BSI 를 창원국가산단 개별 업종의 신호라고 부르지 않는다.
2021Q4,전국(업종),C2600,전자·영상·통신장비,AD,신규수주BSI,전기전자,A,112.67,3,,,False,512Y007,전국,national_by_industry,CONTEXT / BUSINESS_SENTIMENT,업종별 자동판정에 쓰지 않는다. 전국 업종 BSI 를 창원국가산단 개별 업종의 신호라고 부르지 않는다.
2022Q1,전국(업종),C2600,전자·영상·통신장비,AD,신규수주BSI,전기전자,A,119.0,3,114.0,5.0,False,512Y007,전국,national_by_industry,CONTEXT / BUSINESS_SENTIMENT,업종별 자동판정에 쓰지 않는다. 전국 업종 BSI 를 창원국가산단 개별 업종의 신호라고 부르지 않는다.
2022Q2,전국(업종),C2600,전자·영상·통신장비,AD,신규수주BSI,전기전자,A,114.33,3,127.67,-13.34,False,512Y007,전국,national_by_industry,CONTEXT / BUSINESS_SENTIMENT,업종별 자동판정에 쓰지 않는다. 전국 업종 BSI 를 창원국가산단 개별 업종의 신호라고 부르지 않는다.
2022Q3,전국(업종),C2600,전자·영상·통신장비,AD,신규수주BSI,전기전자,A,101.0,3,123.0,-22.0,False,512Y007,전국,national_by_industry,CONTEXT / BUSINESS_SENTIMENT,업종별 자동판정에 쓰지 않는다. 전국 업종 BSI 를 창원국가산단 개별 업종의 신호라고 부르지 않는다.
2022Q4,전국(업종),C2600,전자·영상·통신장비,AD,신규수주BSI,전기전자,A,78.67,3,112.67,-34.0,True,512Y007,전국,national_by_industry,CONTEXT / BUSINESS_SENTIMENT,업종별 자동판정에 쓰지 않는다. 전국 업종 BSI 를 창원국가산단 개별 업종의 신호라고 부르지 않는다.
2023Q1,전국(업종),C2600,전자·영상·통신장비,AD,신규수주BSI,전기전자,A,61.67,3,119.0,-57.33,True,512Y007,전국,national_by_industry,CONTEXT / BUSINESS_SENTIMENT,업종별 자동판정에 쓰지 않는다. 전국 업종 BSI 를 창원국가산단 개별 업종의 신호라고 부르지 않는다.
2023Q2,전국(업종),C2600,전자·영상·통신장비,AD,신규수주BSI,전기전자,A,68.33,3,114.33,-46.0,True,512Y007,전국,national_by_industry,CONTEXT / BUSINESS_SENTIMENT,업종별 자동판정에 쓰지 않는다. 전국 업종 BSI 를 창원국가산단 개별 업종의 신호라고 부르지 않는다.
2023Q3,전국(업종),C2600,전자·영상·통신장비,AD,신규수주BSI,전기전자,A,61.0,3,101.0,-40.0,True,512Y007,전국,national_by_industry,CONTEXT / BUSINESS_SENTIMENT,업종별 자동판정에 쓰지 않는다. 전국 업종 BSI 를 창원국가산단 개별 업종의 신호라고 부르지 않는다.
2023Q4,전국(업종),C2600,전자·영상·통신장비,AD,신규수주BSI,전기전자,A,72.33,3,78.67,-6.34,True,512Y007,전국,national_by_industry,CONTEXT / BUSINESS_SENTIMENT,업종별 자동판정에 쓰지 않는다. 전국 업종 BSI 를 창원국가산단 개별 업종의 신호라고 부르지 않는다.
2024Q1,전국(업종),C2600,전자·영상·통신장비,AD,신규수주BSI,전기전자,A,75.33,3,61.67,13.66,True,512Y007,전국,national_by_industry,CONTEXT / BUSINESS_SENTIMENT,업종별 자동판정에 쓰지 않는다. 전국 업종 BSI 를 창원국가산단 개별 업종의 신호라고 부르지 않는다.
2024Q2,전국(업종),C2600,전자·영상·통신장비,AD,신규수주BSI,전기전자,A,83.0,3,68.33,14.67,True,512Y007,전국,national_by_industry,CONTEXT / BUSINESS_SENTIMENT,업종별 자동판정에 쓰지 않는다. 전국 업종 BSI 를 창원국가산단 개별 업종의 신호라고 부르지 않는다.
2024Q3,전국(업종),C2600,전자·영상·통신장비,AD,신규수주BSI,전기전자,A,94.0,3,61.0,33.0,True,512Y007,전국,national_by_industry,CONTEXT / BUSINESS_SENTIMENT,업종별 자동판정에 쓰지 않는다. 전국 업종 BSI 를 창원국가산단 개별 업종의 신호라고 부르지 않는다.
2024Q4,전국(업종),C2600,전자·영상·통신장비,AD,신규수주BSI,전기전자,A,86.0,3,72.33,13.67,True,512Y007,전국,national_by_industry,CONTEXT / BUSINESS_SENTIMENT,업종별 자동판정에 쓰지 않는다. 전국 업종 BSI 를 창원국가산단 개별 업종의 신호라고 부르지 않는다.
2025Q1,전국(업종),C2600,전자·영상·통신장비,AD,신규수주BSI,전기전자,A,90.67,3,75.33,15.34,True,512Y007,전국,national_by_industry,CONTEXT / BUSINESS_SENTIMENT,업종별 자동판정에 쓰지 않는다. 전국 업종 BSI 를 창원국가산단 개별 업종의 신호라고 부르지 않는다.
2025Q2,전국(업종),C2600,전자·영상·통신장비,AD,신규수주BSI,전기전자,A,97.67,3,83.0,14.67,True,512Y007,전국,national_by_industry,CONTEXT / BUSINESS_SENTIMENT,업종별 자동판정에 쓰지 않는다. 전국 업종 BSI 를 창원국가산단 개별 업종의 신호라고 부르지 않는다.
2025Q3,전국(업종),C2600,전자·영상·통신장비,AD,신규수주BSI,전기전자,A,94.67,3,94.0,0.67,True,512Y007,전국,national_by_industry,CONTEXT / BUSINESS_SENTIMENT,업종별 자동판정에 쓰지 않는다. 전국 업종 BSI 를 창원국가산단 개별 업종의 신호라고 부르지 않는다.
2025Q4,전국(업종),C2600,전자·영상·통신장비,AD,신규수주BSI,전기전자,A,98.67,3,86.0,12.67,True,512Y007,전국,national_by_industry,CONTEXT / BUSINESS_SENTIMENT,업종별 자동판정에 쓰지 않는다. 전국 업종 BSI 를 창원국가산단 개별 업종의 신호라고 부르지 않는다.
2026Q1,전국(업종),C2600,전자·영상·통신장비,AD,신규수주BSI,전기전자,A,96.67,3,90.67,6.0,True,512Y007,전국,national_by_industry,CONTEXT / BUSINESS_SENTIMENT,업종별 자동판정에 쓰지 않는다. 전국 업종 BSI 를 창원국가산단 개별 업종의 신호라고 부르지 않는다.
2026Q2,전국(업종),C2600,전자·영상·통신장비,AD,신규수주BSI,전기전자,A,99.67,3,97.67,2.0,True,512Y007,전국,national_by_industry,CONTEXT / BUSINESS_SENTIMENT,업종별 자동판정에 쓰지 않는다. 전국 업종 BSI 를 창원국가산단 개별 업종의 신호라고 부르지 않는다.
2026Q3,전국(업종),C2600,전자·영상·통신장비,AD,신규수주BSI,전기전자,A,109.0,2,94.67,14.33,False,512Y007,전국,national_by_industry,CONTEXT / BUSINESS_SENTIMENT,업종별 자동판정에 쓰지 않는다. 전국 업종 BSI 를 창원국가산단 개별 업종의 신호라고 부르지 않는다.
2021Q1,전국(업종),C2600,전자·영상·통신장비,AJ,인력사정BSI,전기전자,A,88.33,3,,,True,512Y007,전국,national_by_industry,CONTEXT / BUSINESS_SENTIMENT,업종별 자동판정에 쓰지 않는다. 전국 업종 BSI 를 창원국가산단 개별 업종의 신호라고 부르지 않는다.
2021Q2,전국(업종),C2600,전자·영상·통신장비,AJ,인력사정BSI,전기전자,A,86.0,3,,,True,512Y007,전국,national_by_industry,CONTEXT / BUSINESS_SENTIMENT,업종별 자동판정에 쓰지 않는다. 전국 업종 BSI 를 창원국가산단 개별 업종의 신호라고 부르지 않는다.
2021Q3,전국(업종),C2600,전자·영상·통신장비,AJ,인력사정BSI,전기전자,A,82.33,3,,,True,512Y007,전국,national_by_industry,CONTEXT / BUSINESS_SENTIMENT,업종별 자동판정에 쓰지 않는다. 전국 업종 BSI 를 창원국가산단 개별 업종의 신호라고 부르지 않는다.
2021Q4,전국(업종),C2600,전자·영상·통신장비,AJ,인력사정BSI,전기전자,A,84.67,3,,,True,512Y007,전국,national_by_industry,CONTEXT / BUSINESS_SENTIMENT,업종별 자동판정에 쓰지 않는다. 전국 업종 BSI 를 창원국가산단 개별 업종의 신호라고 부르지 않는다.
2022Q1,전국(업종),C2600,전자·영상·통신장비,AJ,인력사정BSI,전기전자,A,83.0,3,88.33,-5.33,True,512Y007,전국,national_by_industry,CONTEXT / BUSINESS_SENTIMENT,업종별 자동판정에 쓰지 않는다. 전국 업종 BSI 를 창원국가산단 개별 업종의 신호라고 부르지 않는다.
2022Q2,전국(업종),C2600,전자·영상·통신장비,AJ,인력사정BSI,전기전자,A,81.67,3,86.0,-4.33,True,512Y007,전국,national_by_industry,CONTEXT / BUSINESS_SENTIMENT,업종별 자동판정에 쓰지 않는다. 전국 업종 BSI 를 창원국가산단 개별 업종의 신호라고 부르지 않는다.
2022Q3,전국(업종),C2600,전자·영상·통신장비,AJ,인력사정BSI,전기전자,A,86.33,3,82.33,4.0,True,512Y007,전국,national_by_industry,CONTEXT / BUSINESS_SENTIMENT,업종별 자동판정에 쓰지 않는다. 전국 업종 BSI 를 창원국가산단 개별 업종의 신호라고 부르지 않는다.
2022Q4,전국(업종),C2600,전자·영상·통신장비,AJ,인력사정BSI,전기전자,A,93.67,3,84.67,9.0,True,512Y007,전국,national_by_industry,CONTEXT / BUSINESS_SENTIMENT,업종별 자동판정에 쓰지 않는다. 전국 업종 BSI 를 창원국가산단 개별 업종의 신호라고 부르지 않는다.
2023Q1,전국(업종),C2600,전자·영상·통신장비,AJ,인력사정BSI,전기전자,A,100.0,3,83.0,17.0,False,512Y007,전국,national_by_industry,CONTEXT / BUSINESS_SENTIMENT,업종별 자동판정에 쓰지 않는다. 전국 업종 BSI 를 창원국가산단 개별 업종의 신호라고 부르지 않는다.
2023Q2,전국(업종),C2600,전자·영상·통신장비,AJ,인력사정BSI,전기전자,A,104.67,3,81.67,23.0,False,512Y007,전국,national_by_industry,CONTEXT / BUSINESS_SENTIMENT,업종별 자동판정에 쓰지 않는다. 전국 업종 BSI 를 창원국가산단 개별 업종의 신호라고 부르지 않는다.
2023Q3,전국(업종),C2600,전자·영상·통신장비,AJ,인력사정BSI,전기전자,A,105.0,3,86.33,18.67,False,512Y007,전국,national_by_industry,CONTEXT / BUSINESS_SENTIMENT,업종별 자동판정에 쓰지 않는다. 전국 업종 BSI 를 창원국가산단 개별 업종의 신호라고 부르지 않는다.
2023Q4,전국(업종),C2600,전자·영상·통신장비,AJ,인력사정BSI,전기전자,A,95.67,3,93.67,2.0,True,512Y007,전국,national_by_industry,CONTEXT / BUSINESS_SENTIMENT,업종별 자동판정에 쓰지 않는다. 전국 업종 BSI 를 창원국가산단 개별 업종의 신호라고 부르지 않는다.
2024Q1,전국(업종),C2600,전자·영상·통신장비,AJ,인력사정BSI,전기전자,A,97.33,3,100.0,-2.67,True,512Y007,전국,national_by_industry,CONTEXT / BUSINESS_SENTIMENT,업종별 자동판정에 쓰지 않는다. 전국 업종 BSI 를 창원국가산단 개별 업종의 신호라고 부르지 않는다.
2024Q2,전국(업종),C2600,전자·영상·통신장비,AJ,인력사정BSI,전기전자,A,104.0,3,104.67,-0.67,False,512Y007,전국,national_by_industry,CONTEXT / BUSINESS_SENTIMENT,업종별 자동판정에 쓰지 않는다. 전국 업종 BSI 를 창원국가산단 개별 업종의 신호라고 부르지 않는다.
2024Q3,전국(업종),C2600,전자·영상·통신장비,AJ,인력사정BSI,전기전자,A,94.33,3,105.0,-10.67,True,512Y007,전국,national_by_industry,CONTEXT / BUSINESS_SENTIMENT,업종별 자동판정에 쓰지 않는다. 전국 업종 BSI 를 창원국가산단 개별 업종의 신호라고 부르지 않는다.
2024Q4,전국(업종),C2600,전자·영상·통신장비,AJ,인력사정BSI,전기전자,A,101.67,3,95.67,6.0,False,512Y007,전국,national_by_industry,CONTEXT / BUSINESS_SENTIMENT,업종별 자동판정에 쓰지 않는다. 전국 업종 BSI 를 창원국가산단 개별 업종의 신호라고 부르지 않는다.
2025Q1,전국(업종),C2600,전자·영상·통신장비,AJ,인력사정BSI,전기전자,A,99.0,3,97.33,1.67,True,512Y007,전국,national_by_industry,CONTEXT / BUSINESS_SENTIMENT,업종별 자동판정에 쓰지 않는다. 전국 업종 BSI 를 창원국가산단 개별 업종의 신호라고 부르지 않는다.
2025Q2,전국(업종),C2600,전자·영상·통신장비,AJ,인력사정BSI,전기전자,A,97.67,3,104.0,-6.33,True,512Y007,전국,national_by_industry,CONTEXT / BUSINESS_SENTIMENT,업종별 자동판정에 쓰지 않는다. 전국 업종 BSI 를 창원국가산단 개별 업종의 신호라고 부르지 않는다.
2025Q3,전국(업종),C2600,전자·영상·통신장비,AJ,인력사정BSI,전기전자,A,94.67,3,94.33,0.34,True,512Y007,전국,national_by_industry,CONTEXT / BUSINESS_SENTIMENT,업종별 자동판정에 쓰지 않는다. 전국 업종 BSI 를 창원국가산단 개별 업종의 신호라고 부르지 않는다.
2025Q4,전국(업종),C2600,전자·영상·통신장비,AJ,인력사정BSI,전기전자,A,100.33,3,101.67,-1.34,False,512Y007,전국,national_by_industry,CONTEXT / BUSINESS_SENTIMENT,업종별 자동판정에 쓰지 않는다. 전국 업종 BSI 를 창원국가산단 개별 업종의 신호라고 부르지 않는다.
2026Q1,전국(업종),C2600,전자·영상·통신장비,AJ,인력사정BSI,전기전자,A,97.67,3,99.0,-1.33,True,512Y007,전국,national_by_industry,CONTEXT / BUSINESS_SENTIMENT,업종별 자동판정에 쓰지 않는다. 전국 업종 BSI 를 창원국가산단 개별 업종의 신호라고 부르지 않는다.
2026Q2,전국(업종),C2600,전자·영상·통신장비,AJ,인력사정BSI,전기전자,A,99.0,3,97.67,1.33,True,512Y007,전국,national_by_industry,CONTEXT / BUSINESS_SENTIMENT,업종별 자동판정에 쓰지 않는다. 전국 업종 BSI 를 창원국가산단 개별 업종의 신호라고 부르지 않는다.
2026Q3,전국(업종),C2600,전자·영상·통신장비,AJ,인력사정BSI,전기전자,A,97.0,2,94.67,2.33,True,512Y007,전국,national_by_industry,CONTEXT / BUSINESS_SENTIMENT,업종별 자동판정에 쓰지 않는다. 전국 업종 BSI 를 창원국가산단 개별 업종의 신호라고 부르지 않는다.
2021Q1,전국(업종),C2600,전자·영상·통신장비,AK,가동률BSI,전기전자,A,110.33,3,,,False,512Y007,전국,national_by_industry,CONTEXT / BUSINESS_SENTIMENT,업종별 자동판정에 쓰지 않는다. 전국 업종 BSI 를 창원국가산단 개별 업종의 신호라고 부르지 않는다.
2021Q2,전국(업종),C2600,전자·영상·통신장비,AK,가동률BSI,전기전자,A,118.67,3,,,False,512Y007,전국,national_by_industry,CONTEXT / BUSINESS_SENTIMENT,업종별 자동판정에 쓰지 않는다. 전국 업종 BSI 를 창원국가산단 개별 업종의 신호라고 부르지 않는다.
2021Q3,전국(업종),C2600,전자·영상·통신장비,AK,가동률BSI,전기전자,A,115.33,3,,,False,512Y007,전국,national_by_industry,CONTEXT / BUSINESS_SENTIMENT,업종별 자동판정에 쓰지 않는다. 전국 업종 BSI 를 창원국가산단 개별 업종의 신호라고 부르지 않는다.
2021Q4,전국(업종),C2600,전자·영상·통신장비,AK,가동률BSI,전기전자,A,113.0,3,,,False,512Y007,전국,national_by_industry,CONTEXT / BUSINESS_SENTIMENT,업종별 자동판정에 쓰지 않는다. 전국 업종 BSI 를 창원국가산단 개별 업종의 신호라고 부르지 않는다.
2022Q1,전국(업종),C2600,전자·영상·통신장비,AK,가동률BSI,전기전자,A,114.0,3,110.33,3.67,False,512Y007,전국,national_by_industry,CONTEXT / BUSINESS_SENTIMENT,업종별 자동판정에 쓰지 않는다. 전국 업종 BSI 를 창원국가산단 개별 업종의 신호라고 부르지 않는다.
2022Q2,전국(업종),C2600,전자·영상·통신장비,AK,가동률BSI,전기전자,A,110.0,3,118.67,-8.67,False,512Y007,전국,national_by_industry,CONTEXT / BUSINESS_SENTIMENT,업종별 자동판정에 쓰지 않는다. 전국 업종 BSI 를 창원국가산단 개별 업종의 신호라고 부르지 않는다.
2022Q3,전국(업종),C2600,전자·영상·통신장비,AK,가동률BSI,전기전자,A,103.33,3,115.33,-12.0,False,512Y007,전국,national_by_industry,CONTEXT / BUSINESS_SENTIMENT,업종별 자동판정에 쓰지 않는다. 전국 업종 BSI 를 창원국가산단 개별 업종의 신호라고 부르지 않는다.
2022Q4,전국(업종),C2600,전자·영상·통신장비,AK,가동률BSI,전기전자,A,82.33,3,113.0,-30.67,True,512Y007,전국,national_by_industry,CONTEXT / BUSINESS_SENTIMENT,업종별 자동판정에 쓰지 않는다. 전국 업종 BSI 를 창원국가산단 개별 업종의 신호라고 부르지 않는다.
2023Q1,전국(업종),C2600,전자·영상·통신장비,AK,가동률BSI,전기전자,A,65.67,3,114.0,-48.33,True,512Y007,전국,national_by_industry,CONTEXT / BUSINESS_SENTIMENT,업종별 자동판정에 쓰지 않는다. 전국 업종 BSI 를 창원국가산단 개별 업종의 신호라고 부르지 않는다.
2023Q2,전국(업종),C2600,전자·영상·통신장비,AK,가동률BSI,전기전자,A,77.0,3,110.0,-33.0,True,512Y007,전국,national_by_industry,CONTEXT / BUSINESS_SENTIMENT,업종별 자동판정에 쓰지 않는다. 전국 업종 BSI 를 창원국가산단 개별 업종의 신호라고 부르지 않는다.
2023Q3,전국(업종),C2600,전자·영상·통신장비,AK,가동률BSI,전기전자,A,66.0,3,103.33,-37.33,True,512Y007,전국,national_by_industry,CONTEXT / BUSINESS_SENTIMENT,업종별 자동판정에 쓰지 않는다. 전국 업종 BSI 를 창원국가산단 개별 업종의 신호라고 부르지 않는다.
2023Q4,전국(업종),C2600,전자·영상·통신장비,AK,가동률BSI,전기전자,A,74.33,3,82.33,-8.0,True,512Y007,전국,national_by_industry,CONTEXT / BUSINESS_SENTIMENT,업종별 자동판정에 쓰지 않는다. 전국 업종 BSI 를 창원국가산단 개별 업종의 신호라고 부르지 않는다.
2024Q1,전국(업종),C2600,전자·영상·통신장비,AK,가동률BSI,전기전자,A,74.33,3,65.67,8.66,True,512Y007,전국,national_by_industry,CONTEXT / BUSINESS_SENTIMENT,업종별 자동판정에 쓰지 않는다. 전국 업종 BSI 를 창원국가산단 개별 업종의 신호라고 부르지 않는다.
2024Q2,전국(업종),C2600,전자·영상·통신장비,AK,가동률BSI,전기전자,A,86.0,3,77.0,9.0,True,512Y007,전국,national_by_industry,CONTEXT / BUSINESS_SENTIMENT,업종별 자동판정에 쓰지 않는다. 전국 업종 BSI 를 창원국가산단 개별 업종의 신호라고 부르지 않는다.
2024Q3,전국(업종),C2600,전자·영상·통신장비,AK,가동률BSI,전기전자,A,97.0,3,66.0,31.0,True,512Y007,전국,national_by_industry,CONTEXT / BUSINESS_SENTIMENT,업종별 자동판정에 쓰지 않는다. 전국 업종 BSI 를 창원국가산단 개별 업종의 신호라고 부르지 않는다.
2024Q4,전국(업종),C2600,전자·영상·통신장비,AK,가동률BSI,전기전자,A,87.0,3,74.33,12.67,True,512Y007,전국,national_by_industry,CONTEXT / BUSINESS_SENTIMENT,업종별 자동판정에 쓰지 않는다. 전국 업종 BSI 를 창원국가산단 개별 업종의 신호라고 부르지 않는다.
2025Q1,전국(업종),C2600,전자·영상·통신장비,AK,가동률BSI,전기전자,A,93.33,3,74.33,19.0,True,512Y007,전국,national_by_industry,CONTEXT / BUSINESS_SENTIMENT,업종별 자동판정에 쓰지 않는다. 전국 업종 BSI 를 창원국가산단 개별 업종의 신호라고 부르지 않는다.
2025Q2,전국(업종),C2600,전자·영상·통신장비,AK,가동률BSI,전기전자,A,101.33,3,86.0,15.33,False,512Y007,전국,national_by_industry,CONTEXT / BUSINESS_SENTIMENT,업종별 자동판정에 쓰지 않는다. 전국 업종 BSI 를 창원국가산단 개별 업종의 신호라고 부르지 않는다.
2025Q3,전국(업종),C2600,전자·영상·통신장비,AK,가동률BSI,전기전자,A,100.0,3,97.0,3.0,False,512Y007,전국,national_by_industry,CONTEXT / BUSINESS_SENTIMENT,업종별 자동판정에 쓰지 않는다. 전국 업종 BSI 를 창원국가산단 개별 업종의 신호라고 부르지 않는다.
2025Q4,전국(업종),C2600,전자·영상·통신장비,AK,가동률BSI,전기전자,A,97.67,3,87.0,10.67,True,512Y007,전국,national_by_industry,CONTEXT / BUSINESS_SENTIMENT,업종별 자동판정에 쓰지 않는다. 전국 업종 BSI 를 창원국가산단 개별 업종의 신호라고 부르지 않는다.
2026Q1,전국(업종),C2600,전자·영상·통신장비,AK,가동률BSI,전기전자,A,95.33,3,93.33,2.0,True,512Y007,전국,national_by_industry,CONTEXT / BUSINESS_SENTIMENT,업종별 자동판정에 쓰지 않는다. 전국 업종 BSI 를 창원국가산단 개별 업종의 신호라고 부르지 않는다.
2026Q2,전국(업종),C2600,전자·영상·통신장비,AK,가동률BSI,전기전자,A,97.0,3,101.33,-4.33,True,512Y007,전국,national_by_industry,CONTEXT / BUSINESS_SENTIMENT,업종별 자동판정에 쓰지 않는다. 전국 업종 BSI 를 창원국가산단 개별 업종의 신호라고 부르지 않는다.
2026Q3,전국(업종),C2600,전자·영상·통신장비,AK,가동률BSI,전기전자,A,102.5,2,100.0,2.5,False,512Y007,전국,national_by_industry,CONTEXT / BUSINESS_SENTIMENT,업종별 자동판정에 쓰지 않는다. 전국 업종 BSI 를 창원국가산단 개별 업종의 신호라고 부르지 않는다.
2021Q1,전국(업종),C2800,전기장비,AA,업황BSI,전기전자,A,81.67,3,,,True,512Y007,전국,national_by_industry,CONTEXT / BUSINESS_SENTIMENT,업종별 자동판정에 쓰지 않는다. 전국 업종 BSI 를 창원국가산단 개별 업종의 신호라고 부르지 않는다.
2021Q2,전국(업종),C2800,전기장비,AA,업황BSI,전기전자,A,87.33,3,,,True,512Y007,전국,national_by_industry,CONTEXT / BUSINESS_SENTIMENT,업종별 자동판정에 쓰지 않는다. 전국 업종 BSI 를 창원국가산단 개별 업종의 신호라고 부르지 않는다.
2021Q3,전국(업종),C2800,전기장비,AA,업황BSI,전기전자,A,90.0,3,,,True,512Y007,전국,national_by_industry,CONTEXT / BUSINESS_SENTIMENT,업종별 자동판정에 쓰지 않는다. 전국 업종 BSI 를 창원국가산단 개별 업종의 신호라고 부르지 않는다.
2021Q4,전국(업종),C2800,전기장비,AA,업황BSI,전기전자,A,94.33,3,,,True,512Y007,전국,national_by_industry,CONTEXT / BUSINESS_SENTIMENT,업종별 자동판정에 쓰지 않는다. 전국 업종 BSI 를 창원국가산단 개별 업종의 신호라고 부르지 않는다.
2022Q1,전국(업종),C2800,전기장비,AA,업황BSI,전기전자,A,83.0,3,81.67,1.33,True,512Y007,전국,national_by_industry,CONTEXT / BUSINESS_SENTIMENT,업종별 자동판정에 쓰지 않는다. 전국 업종 BSI 를 창원국가산단 개별 업종의 신호라고 부르지 않는다.
2022Q2,전국(업종),C2800,전기장비,AA,업황BSI,전기전자,A,85.33,3,87.33,-2.0,True,512Y007,전국,national_by_industry,CONTEXT / BUSINESS_SENTIMENT,업종별 자동판정에 쓰지 않는다. 전국 업종 BSI 를 창원국가산단 개별 업종의 신호라고 부르지 않는다.
2022Q3,전국(업종),C2800,전기장비,AA,업황BSI,전기전자,A,80.33,3,90.0,-9.67,True,512Y007,전국,national_by_industry,CONTEXT / BUSINESS_SENTIMENT,업종별 자동판정에 쓰지 않는다. 전국 업종 BSI 를 창원국가산단 개별 업종의 신호라고 부르지 않는다.
2022Q4,전국(업종),C2800,전기장비,AA,업황BSI,전기전자,A,84.0,3,94.33,-10.33,True,512Y007,전국,national_by_industry,CONTEXT / BUSINESS_SENTIMENT,업종별 자동판정에 쓰지 않는다. 전국 업종 BSI 를 창원국가산단 개별 업종의 신호라고 부르지 않는다.
2023Q1,전국(업종),C2800,전기장비,AA,업황BSI,전기전자,A,77.0,3,83.0,-6.0,True,512Y007,전국,national_by_industry,CONTEXT / BUSINESS_SENTIMENT,업종별 자동판정에 쓰지 않는다. 전국 업종 BSI 를 창원국가산단 개별 업종의 신호라고 부르지 않는다.
2023Q2,전국(업종),C2800,전기장비,AA,업황BSI,전기전자,A,78.33,3,85.33,-7.0,True,512Y007,전국,national_by_industry,CONTEXT / BUSINESS_SENTIMENT,업종별 자동판정에 쓰지 않는다. 전국 업종 BSI 를 창원국가산단 개별 업종의 신호라고 부르지 않는다.
2023Q3,전국(업종),C2800,전기장비,AA,업황BSI,전기전자,A,79.67,3,80.33,-0.66,True,512Y007,전국,national_by_industry,CONTEXT / BUSINESS_SENTIMENT,업종별 자동판정에 쓰지 않는다. 전국 업종 BSI 를 창원국가산단 개별 업종의 신호라고 부르지 않는다.
2023Q4,전국(업종),C2800,전기장비,AA,업황BSI,전기전자,A,82.0,3,84.0,-2.0,True,512Y007,전국,national_by_industry,CONTEXT / BUSINESS_SENTIMENT,업종별 자동판정에 쓰지 않는다. 전국 업종 BSI 를 창원국가산단 개별 업종의 신호라고 부르지 않는다.
2024Q1,전국(업종),C2800,전기장비,AA,업황BSI,전기전자,A,78.67,3,77.0,1.67,True,512Y007,전국,national_by_industry,CONTEXT / BUSINESS_SENTIMENT,업종별 자동판정에 쓰지 않는다. 전국 업종 BSI 를 창원국가산단 개별 업종의 신호라고 부르지 않는다.
2024Q2,전국(업종),C2800,전기장비,AA,업황BSI,전기전자,A,82.67,3,78.33,4.34,True,512Y007,전국,national_by_industry,CONTEXT / BUSINESS_SENTIMENT,업종별 자동판정에 쓰지 않는다. 전국 업종 BSI 를 창원국가산단 개별 업종의 신호라고 부르지 않는다.
2024Q3,전국(업종),C2800,전기장비,AA,업황BSI,전기전자,A,73.0,3,79.67,-6.67,True,512Y007,전국,national_by_industry,CONTEXT / BUSINESS_SENTIMENT,업종별 자동판정에 쓰지 않는다. 전국 업종 BSI 를 창원국가산단 개별 업종의 신호라고 부르지 않는다.
2024Q4,전국(업종),C2800,전기장비,AA,업황BSI,전기전자,A,71.67,3,82.0,-10.33,True,512Y007,전국,national_by_industry,CONTEXT / BUSINESS_SENTIMENT,업종별 자동판정에 쓰지 않는다. 전국 업종 BSI 를 창원국가산단 개별 업종의 신호라고 부르지 않는다.
2025Q1,전국(업종),C2800,전기장비,AA,업황BSI,전기전자,A,76.67,3,78.67,-2.0,True,512Y007,전국,national_by_industry,CONTEXT / BUSINESS_SENTIMENT,업종별 자동판정에 쓰지 않는다. 전국 업종 BSI 를 창원국가산단 개별 업종의 신호라고 부르지 않는다.
2025Q2,전국(업종),C2800,전기장비,AA,업황BSI,전기전자,A,65.67,3,82.67,-17.0,True,512Y007,전국,national_by_industry,CONTEXT / BUSINESS_SENTIMENT,업종별 자동판정에 쓰지 않는다. 전국 업종 BSI 를 창원국가산단 개별 업종의 신호라고 부르지 않는다.
2025Q3,전국(업종),C2800,전기장비,AA,업황BSI,전기전자,A,69.67,3,73.0,-3.33,True,512Y007,전국,national_by_industry,CONTEXT / BUSINESS_SENTIMENT,업종별 자동판정에 쓰지 않는다. 전국 업종 BSI 를 창원국가산단 개별 업종의 신호라고 부르지 않는다.
2025Q4,전국(업종),C2800,전기장비,AA,업황BSI,전기전자,A,77.0,3,71.67,5.33,True,512Y007,전국,national_by_industry,CONTEXT / BUSINESS_SENTIMENT,업종별 자동판정에 쓰지 않는다. 전국 업종 BSI 를 창원국가산단 개별 업종의 신호라고 부르지 않는다.
2026Q1,전국(업종),C2800,전기장비,AA,업황BSI,전기전자,A,78.67,3,76.67,2.0,True,512Y007,전국,national_by_industry,CONTEXT / BUSINESS_SENTIMENT,업종별 자동판정에 쓰지 않는다. 전국 업종 BSI 를 창원국가산단 개별 업종의 신호라고 부르지 않는다.
2026Q2,전국(업종),C2800,전기장비,AA,업황BSI,전기전자,A,81.67,3,65.67,16.0,True,512Y007,전국,national_by_industry,CONTEXT / BUSINESS_SENTIMENT,업종별 자동판정에 쓰지 않는다. 전국 업종 BSI 를 창원국가산단 개별 업종의 신호라고 부르지 않는다.
2026Q3,전국(업종),C2800,전기장비,AA,업황BSI,전기전자,A,81.0,2,69.67,11.33,True,512Y007,전국,national_by_industry,CONTEXT / BUSINESS_SENTIMENT,업종별 자동판정에 쓰지 않는다. 전국 업종 BSI 를 창원국가산단 개별 업종의 신호라고 부르지 않는다.
2021Q1,전국(업종),C2800,전기장비,AC,생산BSI,전기전자,A,87.67,3,,,True,512Y007,전국,national_by_industry,CONTEXT / BUSINESS_SENTIMENT,업종별 자동판정에 쓰지 않는다. 전국 업종 BSI 를 창원국가산단 개별 업종의 신호라고 부르지 않는다.
2021Q2,전국(업종),C2800,전기장비,AC,생산BSI,전기전자,A,102.0,3,,,False,512Y007,전국,national_by_industry,CONTEXT / BUSINESS_SENTIMENT,업종별 자동판정에 쓰지 않는다. 전국 업종 BSI 를 창원국가산단 개별 업종의 신호라고 부르지 않는다.
2021Q3,전국(업종),C2800,전기장비,AC,생산BSI,전기전자,A,98.67,3,,,True,512Y007,전국,national_by_industry,CONTEXT / BUSINESS_SENTIMENT,업종별 자동판정에 쓰지 않는다. 전국 업종 BSI 를 창원국가산단 개별 업종의 신호라고 부르지 않는다.
2021Q4,전국(업종),C2800,전기장비,AC,생산BSI,전기전자,A,101.0,3,,,False,512Y007,전국,national_by_industry,CONTEXT / BUSINESS_SENTIMENT,업종별 자동판정에 쓰지 않는다. 전국 업종 BSI 를 창원국가산단 개별 업종의 신호라고 부르지 않는다.
2022Q1,전국(업종),C2800,전기장비,AC,생산BSI,전기전자,A,97.67,3,87.67,10.0,True,512Y007,전국,national_by_industry,CONTEXT / BUSINESS_SENTIMENT,업종별 자동판정에 쓰지 않는다. 전국 업종 BSI 를 창원국가산단 개별 업종의 신호라고 부르지 않는다.
2022Q2,전국(업종),C2800,전기장비,AC,생산BSI,전기전자,A,91.67,3,102.0,-10.33,True,512Y007,전국,national_by_industry,CONTEXT / BUSINESS_SENTIMENT,업종별 자동판정에 쓰지 않는다. 전국 업종 BSI 를 창원국가산단 개별 업종의 신호라고 부르지 않는다.
2022Q3,전국(업종),C2800,전기장비,AC,생산BSI,전기전자,A,89.33,3,98.67,-9.34,True,512Y007,전국,national_by_industry,CONTEXT / BUSINESS_SENTIMENT,업종별 자동판정에 쓰지 않는다. 전국 업종 BSI 를 창원국가산단 개별 업종의 신호라고 부르지 않는다.
2022Q4,전국(업종),C2800,전기장비,AC,생산BSI,전기전자,A,91.0,3,101.0,-10.0,True,512Y007,전국,national_by_industry,CONTEXT / BUSINESS_SENTIMENT,업종별 자동판정에 쓰지 않는다. 전국 업종 BSI 를 창원국가산단 개별 업종의 신호라고 부르지 않는다.
2023Q1,전국(업종),C2800,전기장비,AC,생산BSI,전기전자,A,87.33,3,97.67,-10.34,True,512Y007,전국,national_by_industry,CONTEXT / BUSINESS_SENTIMENT,업종별 자동판정에 쓰지 않는다. 전국 업종 BSI 를 창원국가산단 개별 업종의 신호라고 부르지 않는다.
2023Q2,전국(업종),C2800,전기장비,AC,생산BSI,전기전자,A,93.0,3,91.67,1.33,True,512Y007,전국,national_by_industry,CONTEXT / BUSINESS_SENTIMENT,업종별 자동판정에 쓰지 않는다. 전국 업종 BSI 를 창원국가산단 개별 업종의 신호라고 부르지 않는다.
2023Q3,전국(업종),C2800,전기장비,AC,생산BSI,전기전자,A,93.0,3,89.33,3.67,True,512Y007,전국,national_by_industry,CONTEXT / BUSINESS_SENTIMENT,업종별 자동판정에 쓰지 않는다. 전국 업종 BSI 를 창원국가산단 개별 업종의 신호라고 부르지 않는다.
2023Q4,전국(업종),C2800,전기장비,AC,생산BSI,전기전자,A,85.67,3,91.0,-5.33,True,512Y007,전국,national_by_industry,CONTEXT / BUSINESS_SENTIMENT,업종별 자동판정에 쓰지 않는다. 전국 업종 BSI 를 창원국가산단 개별 업종의 신호라고 부르지 않는다.
2024Q1,전국(업종),C2800,전기장비,AC,생산BSI,전기전자,A,89.67,3,87.33,2.34,True,512Y007,전국,national_by_industry,CONTEXT / BUSINESS_SENTIMENT,업종별 자동판정에 쓰지 않는다. 전국 업종 BSI 를 창원국가산단 개별 업종의 신호라고 부르지 않는다.
2024Q2,전국(업종),C2800,전기장비,AC,생산BSI,전기전자,A,91.33,3,93.0,-1.67,True,512Y007,전국,national_by_industry,CONTEXT / BUSINESS_SENTIMENT,업종별 자동판정에 쓰지 않는다. 전국 업종 BSI 를 창원국가산단 개별 업종의 신호라고 부르지 않는다.
2024Q3,전국(업종),C2800,전기장비,AC,생산BSI,전기전자,A,79.67,3,93.0,-13.33,True,512Y007,전국,national_by_industry,CONTEXT / BUSINESS_SENTIMENT,업종별 자동판정에 쓰지 않는다. 전국 업종 BSI 를 창원국가산단 개별 업종의 신호라고 부르지 않는다.
2024Q4,전국(업종),C2800,전기장비,AC,생산BSI,전기전자,A,85.0,3,85.67,-0.67,True,512Y007,전국,national_by_industry,CONTEXT / BUSINESS_SENTIMENT,업종별 자동판정에 쓰지 않는다. 전국 업종 BSI 를 창원국가산단 개별 업종의 신호라고 부르지 않는다.
2025Q1,전국(업종),C2800,전기장비,AC,생산BSI,전기전자,A,89.33,3,89.67,-0.34,True,512Y007,전국,national_by_industry,CONTEXT / BUSINESS_SENTIMENT,업종별 자동판정에 쓰지 않는다. 전국 업종 BSI 를 창원국가산단 개별 업종의 신호라고 부르지 않는다.
2025Q2,전국(업종),C2800,전기장비,AC,생산BSI,전기전자,A,83.67,3,91.33,-7.66,True,512Y007,전국,national_by_industry,CONTEXT / BUSINESS_SENTIMENT,업종별 자동판정에 쓰지 않는다. 전국 업종 BSI 를 창원국가산단 개별 업종의 신호라고 부르지 않는다.
2025Q3,전국(업종),C2800,전기장비,AC,생산BSI,전기전자,A,90.67,3,79.67,11.0,True,512Y007,전국,national_by_industry,CONTEXT / BUSINESS_SENTIMENT,업종별 자동판정에 쓰지 않는다. 전국 업종 BSI 를 창원국가산단 개별 업종의 신호라고 부르지 않는다.
2025Q4,전국(업종),C2800,전기장비,AC,생산BSI,전기전자,A,91.33,3,85.0,6.33,True,512Y007,전국,national_by_industry,CONTEXT / BUSINESS_SENTIMENT,업종별 자동판정에 쓰지 않는다. 전국 업종 BSI 를 창원국가산단 개별 업종의 신호라고 부르지 않는다.
2026Q1,전국(업종),C2800,전기장비,AC,생산BSI,전기전자,A,93.67,3,89.33,4.34,True,512Y007,전국,national_by_industry,CONTEXT / BUSINESS_SENTIMENT,업종별 자동판정에 쓰지 않는다. 전국 업종 BSI 를 창원국가산단 개별 업종의 신호라고 부르지 않는다.
2026Q2,전국(업종),C2800,전기장비,AC,생산BSI,전기전자,A,96.0,3,83.67,12.33,True,512Y007,전국,national_by_industry,CONTEXT / BUSINESS_SENTIMENT,업종별 자동판정에 쓰지 않는다. 전국 업종 BSI 를 창원국가산단 개별 업종의 신호라고 부르지 않는다.
2026Q3,전국(업종),C2800,전기장비,AC,생산BSI,전기전자,A,90.5,2,90.67,-0.17,True,512Y007,전국,national_by_industry,CONTEXT / BUSINESS_SENTIMENT,업종별 자동판정에 쓰지 않는다. 전국 업종 BSI 를 창원국가산단 개별 업종의 신호라고 부르지 않는다.
2021Q1,전국(업종),C2800,전기장비,AD,신규수주BSI,전기전자,A,85.33,3,,,True,512Y007,전국,national_by_industry,CONTEXT / BUSINESS_SENTIMENT,업종별 자동판정에 쓰지 않는다. 전국 업종 BSI 를 창원국가산단 개별 업종의 신호라고 부르지 않는다.
2021Q2,전국(업종),C2800,전기장비,AD,신규수주BSI,전기전자,A,97.33,3,,,True,512Y007,전국,national_by_industry,CONTEXT / BUSINESS_SENTIMENT,업종별 자동판정에 쓰지 않는다. 전국 업종 BSI 를 창원국가산단 개별 업종의 신호라고 부르지 않는다.
2021Q3,전국(업종),C2800,전기장비,AD,신규수주BSI,전기전자,A,89.33,3,,,True,512Y007,전국,national_by_industry,CONTEXT / BUSINESS_SENTIMENT,업종별 자동판정에 쓰지 않는다. 전국 업종 BSI 를 창원국가산단 개별 업종의 신호라고 부르지 않는다.
2021Q4,전국(업종),C2800,전기장비,AD,신규수주BSI,전기전자,A,90.33,3,,,True,512Y007,전국,national_by_industry,CONTEXT / BUSINESS_SENTIMENT,업종별 자동판정에 쓰지 않는다. 전국 업종 BSI 를 창원국가산단 개별 업종의 신호라고 부르지 않는다.
2022Q1,전국(업종),C2800,전기장비,AD,신규수주BSI,전기전자,A,95.0,3,85.33,9.67,True,512Y007,전국,national_by_industry,CONTEXT / BUSINESS_SENTIMENT,업종별 자동판정에 쓰지 않는다. 전국 업종 BSI 를 창원국가산단 개별 업종의 신호라고 부르지 않는다.
2022Q2,전국(업종),C2800,전기장비,AD,신규수주BSI,전기전자,A,92.0,3,97.33,-5.33,True,512Y007,전국,national_by_industry,CONTEXT / BUSINESS_SENTIMENT,업종별 자동판정에 쓰지 않는다. 전국 업종 BSI 를 창원국가산단 개별 업종의 신호라고 부르지 않는다.
2022Q3,전국(업종),C2800,전기장비,AD,신규수주BSI,전기전자,A,88.67,3,89.33,-0.66,True,512Y007,전국,national_by_industry,CONTEXT / BUSINESS_SENTIMENT,업종별 자동판정에 쓰지 않는다. 전국 업종 BSI 를 창원국가산단 개별 업종의 신호라고 부르지 않는다.
2022Q4,전국(업종),C2800,전기장비,AD,신규수주BSI,전기전자,A,92.33,3,90.33,2.0,True,512Y007,전국,national_by_industry,CONTEXT / BUSINESS_SENTIMENT,업종별 자동판정에 쓰지 않는다. 전국 업종 BSI 를 창원국가산단 개별 업종의 신호라고 부르지 않는다.
2023Q1,전국(업종),C2800,전기장비,AD,신규수주BSI,전기전자,A,90.0,3,95.0,-5.0,True,512Y007,전국,national_by_industry,CONTEXT / BUSINESS_SENTIMENT,업종별 자동판정에 쓰지 않는다. 전국 업종 BSI 를 창원국가산단 개별 업종의 신호라고 부르지 않는다.
2023Q2,전국(업종),C2800,전기장비,AD,신규수주BSI,전기전자,A,87.0,3,92.0,-5.0,True,512Y007,전국,national_by_industry,CONTEXT / BUSINESS_SENTIMENT,업종별 자동판정에 쓰지 않는다. 전국 업종 BSI 를 창원국가산단 개별 업종의 신호라고 부르지 않는다.
2023Q3,전국(업종),C2800,전기장비,AD,신규수주BSI,전기전자,A,86.0,3,88.67,-2.67,True,512Y007,전국,national_by_industry,CONTEXT / BUSINESS_SENTIMENT,업종별 자동판정에 쓰지 않는다. 전국 업종 BSI 를 창원국가산단 개별 업종의 신호라고 부르지 않는다.
2023Q4,전국(업종),C2800,전기장비,AD,신규수주BSI,전기전자,A,77.0,3,92.33,-15.33,True,512Y007,전국,national_by_industry,CONTEXT / BUSINESS_SENTIMENT,업종별 자동판정에 쓰지 않는다. 전국 업종 BSI 를 창원국가산단 개별 업종의 신호라고 부르지 않는다.
2024Q1,전국(업종),C2800,전기장비,AD,신규수주BSI,전기전자,A,92.33,3,90.0,2.33,True,512Y007,전국,national_by_industry,CONTEXT / BUSINESS_SENTIMENT,업종별 자동판정에 쓰지 않는다. 전국 업종 BSI 를 창원국가산단 개별 업종의 신호라고 부르지 않는다.
2024Q2,전국(업종),C2800,전기장비,AD,신규수주BSI,전기전자,A,86.67,3,87.0,-0.33,True,512Y007,전국,national_by_industry,CONTEXT / BUSINESS_SENTIMENT,업종별 자동판정에 쓰지 않는다. 전국 업종 BSI 를 창원국가산단 개별 업종의 신호라고 부르지 않는다.
2024Q3,전국(업종),C2800,전기장비,AD,신규수주BSI,전기전자,A,76.33,3,86.0,-9.67,True,512Y007,전국,national_by_industry,CONTEXT / BUSINESS_SENTIMENT,업종별 자동판정에 쓰지 않는다. 전국 업종 BSI 를 창원국가산단 개별 업종의 신호라고 부르지 않는다.
2024Q4,전국(업종),C2800,전기장비,AD,신규수주BSI,전기전자,A,81.0,3,77.0,4.0,True,512Y007,전국,national_by_industry,CONTEXT / BUSINESS_SENTIMENT,업종별 자동판정에 쓰지 않는다. 전국 업종 BSI 를 창원국가산단 개별 업종의 신호라고 부르지 않는다.
2025Q1,전국(업종),C2800,전기장비,AD,신규수주BSI,전기전자,A,84.0,3,92.33,-8.33,True,512Y007,전국,national_by_industry,CONTEXT / BUSINESS_SENTIMENT,업종별 자동판정에 쓰지 않는다. 전국 업종 BSI 를 창원국가산단 개별 업종의 신호라고 부르지 않는다.
2025Q2,전국(업종),C2800,전기장비,AD,신규수주BSI,전기전자,A,74.67,3,86.67,-12.0,True,512Y007,전국,national_by_industry,CONTEXT / BUSINESS_SENTIMENT,업종별 자동판정에 쓰지 않는다. 전국 업종 BSI 를 창원국가산단 개별 업종의 신호라고 부르지 않는다.
2025Q3,전국(업종),C2800,전기장비,AD,신규수주BSI,전기전자,A,85.33,3,76.33,9.0,True,512Y007,전국,national_by_industry,CONTEXT / BUSINESS_SENTIMENT,업종별 자동판정에 쓰지 않는다. 전국 업종 BSI 를 창원국가산단 개별 업종의 신호라고 부르지 않는다.
2025Q4,전국(업종),C2800,전기장비,AD,신규수주BSI,전기전자,A,86.67,3,81.0,5.67,True,512Y007,전국,national_by_industry,CONTEXT / BUSINESS_SENTIMENT,업종별 자동판정에 쓰지 않는다. 전국 업종 BSI 를 창원국가산단 개별 업종의 신호라고 부르지 않는다.
2026Q1,전국(업종),C2800,전기장비,AD,신규수주BSI,전기전자,A,91.67,3,84.0,7.67,True,512Y007,전국,national_by_industry,CONTEXT / BUSINESS_SENTIMENT,업종별 자동판정에 쓰지 않는다. 전국 업종 BSI 를 창원국가산단 개별 업종의 신호라고 부르지 않는다.
2026Q2,전국(업종),C2800,전기장비,AD,신규수주BSI,전기전자,A,95.0,3,74.67,20.33,True,512Y007,전국,national_by_industry,CONTEXT / BUSINESS_SENTIMENT,업종별 자동판정에 쓰지 않는다. 전국 업종 BSI 를 창원국가산단 개별 업종의 신호라고 부르지 않는다.
2026Q3,전국(업종),C2800,전기장비,AD,신규수주BSI,전기전자,A,91.5,2,85.33,6.17,True,512Y007,전국,national_by_industry,CONTEXT / BUSINESS_SENTIMENT,업종별 자동판정에 쓰지 않는다. 전국 업종 BSI 를 창원국가산단 개별 업종의 신호라고 부르지 않는다.
2021Q1,전국(업종),C2800,전기장비,AJ,인력사정BSI,전기전자,A,96.67,3,,,True,512Y007,전국,national_by_industry,CONTEXT / BUSINESS_SENTIMENT,업종별 자동판정에 쓰지 않는다. 전국 업종 BSI 를 창원국가산단 개별 업종의 신호라고 부르지 않는다.
2021Q2,전국(업종),C2800,전기장비,AJ,인력사정BSI,전기전자,A,93.67,3,,,True,512Y007,전국,national_by_industry,CONTEXT / BUSINESS_SENTIMENT,업종별 자동판정에 쓰지 않는다. 전국 업종 BSI 를 창원국가산단 개별 업종의 신호라고 부르지 않는다.
2021Q3,전국(업종),C2800,전기장비,AJ,인력사정BSI,전기전자,A,94.67,3,,,True,512Y007,전국,national_by_industry,CONTEXT / BUSINESS_SENTIMENT,업종별 자동판정에 쓰지 않는다. 전국 업종 BSI 를 창원국가산단 개별 업종의 신호라고 부르지 않는다.
2021Q4,전국(업종),C2800,전기장비,AJ,인력사정BSI,전기전자,A,88.67,3,,,True,512Y007,전국,national_by_industry,CONTEXT / BUSINESS_SENTIMENT,업종별 자동판정에 쓰지 않는다. 전국 업종 BSI 를 창원국가산단 개별 업종의 신호라고 부르지 않는다.
2022Q1,전국(업종),C2800,전기장비,AJ,인력사정BSI,전기전자,A,91.33,3,96.67,-5.34,True,512Y007,전국,national_by_industry,CONTEXT / BUSINESS_SENTIMENT,업종별 자동판정에 쓰지 않는다. 전국 업종 BSI 를 창원국가산단 개별 업종의 신호라고 부르지 않는다.
2022Q2,전국(업종),C2800,전기장비,AJ,인력사정BSI,전기전자,A,87.0,3,93.67,-6.67,True,512Y007,전국,national_by_industry,CONTEXT / BUSINESS_SENTIMENT,업종별 자동판정에 쓰지 않는다. 전국 업종 BSI 를 창원국가산단 개별 업종의 신호라고 부르지 않는다.
2022Q3,전국(업종),C2800,전기장비,AJ,인력사정BSI,전기전자,A,87.67,3,94.67,-7.0,True,512Y007,전국,national_by_industry,CONTEXT / BUSINESS_SENTIMENT,업종별 자동판정에 쓰지 않는다. 전국 업종 BSI 를 창원국가산단 개별 업종의 신호라고 부르지 않는다.
2022Q4,전국(업종),C2800,전기장비,AJ,인력사정BSI,전기전자,A,85.0,3,88.67,-3.67,True,512Y007,전국,national_by_industry,CONTEXT / BUSINESS_SENTIMENT,업종별 자동판정에 쓰지 않는다. 전국 업종 BSI 를 창원국가산단 개별 업종의 신호라고 부르지 않는다.
2023Q1,전국(업종),C2800,전기장비,AJ,인력사정BSI,전기전자,A,86.67,3,91.33,-4.66,True,512Y007,전국,national_by_industry,CONTEXT / BUSINESS_SENTIMENT,업종별 자동판정에 쓰지 않는다. 전국 업종 BSI 를 창원국가산단 개별 업종의 신호라고 부르지 않는다.
2023Q2,전국(업종),C2800,전기장비,AJ,인력사정BSI,전기전자,A,90.0,3,87.0,3.0,True,512Y007,전국,national_by_industry,CONTEXT / BUSINESS_SENTIMENT,업종별 자동판정에 쓰지 않는다. 전국 업종 BSI 를 창원국가산단 개별 업종의 신호라고 부르지 않는다.
2023Q3,전국(업종),C2800,전기장비,AJ,인력사정BSI,전기전자,A,92.0,3,87.67,4.33,True,512Y007,전국,national_by_industry,CONTEXT / BUSINESS_SENTIMENT,업종별 자동판정에 쓰지 않는다. 전국 업종 BSI 를 창원국가산단 개별 업종의 신호라고 부르지 않는다.
2023Q4,전국(업종),C2800,전기장비,AJ,인력사정BSI,전기전자,A,86.33,3,85.0,1.33,True,512Y007,전국,national_by_industry,CONTEXT / BUSINESS_SENTIMENT,업종별 자동판정에 쓰지 않는다. 전국 업종 BSI 를 창원국가산단 개별 업종의 신호라고 부르지 않는다.
2024Q1,전국(업종),C2800,전기장비,AJ,인력사정BSI,전기전자,A,88.0,3,86.67,1.33,True,512Y007,전국,national_by_industry,CONTEXT / BUSINESS_SENTIMENT,업종별 자동판정에 쓰지 않는다. 전국 업종 BSI 를 창원국가산단 개별 업종의 신호라고 부르지 않는다.
2024Q2,전국(업종),C2800,전기장비,AJ,인력사정BSI,전기전자,A,93.33,3,90.0,3.33,True,512Y007,전국,national_by_industry,CONTEXT / BUSINESS_SENTIMENT,업종별 자동판정에 쓰지 않는다. 전국 업종 BSI 를 창원국가산단 개별 업종의 신호라고 부르지 않는다.
2024Q3,전국(업종),C2800,전기장비,AJ,인력사정BSI,전기전자,A,93.0,3,92.0,1.0,True,512Y007,전국,national_by_industry,CONTEXT / BUSINESS_SENTIMENT,업종별 자동판정에 쓰지 않는다. 전국 업종 BSI 를 창원국가산단 개별 업종의 신호라고 부르지 않는다.
2024Q4,전국(업종),C2800,전기장비,AJ,인력사정BSI,전기전자,A,92.33,3,86.33,6.0,True,512Y007,전국,national_by_industry,CONTEXT / BUSINESS_SENTIMENT,업종별 자동판정에 쓰지 않는다. 전국 업종 BSI 를 창원국가산단 개별 업종의 신호라고 부르지 않는다.
2025Q1,전국(업종),C2800,전기장비,AJ,인력사정BSI,전기전자,A,90.67,3,88.0,2.67,True,512Y007,전국,national_by_industry,CONTEXT / BUSINESS_SENTIMENT,업종별 자동판정에 쓰지 않는다. 전국 업종 BSI 를 창원국가산단 개별 업종의 신호라고 부르지 않는다.
2025Q2,전국(업종),C2800,전기장비,AJ,인력사정BSI,전기전자,A,97.33,3,93.33,4.0,True,512Y007,전국,national_by_industry,CONTEXT / BUSINESS_SENTIMENT,업종별 자동판정에 쓰지 않는다. 전국 업종 BSI 를 창원국가산단 개별 업종의 신호라고 부르지 않는다.
2025Q3,전국(업종),C2800,전기장비,AJ,인력사정BSI,전기전자,A,96.0,3,93.0,3.0,True,512Y007,전국,national_by_industry,CONTEXT / BUSINESS_SENTIMENT,업종별 자동판정에 쓰지 않는다. 전국 업종 BSI 를 창원국가산단 개별 업종의 신호라고 부르지 않는다.
2025Q4,전국(업종),C2800,전기장비,AJ,인력사정BSI,전기전자,A,89.67,3,92.33,-2.66,True,512Y007,전국,national_by_industry,CONTEXT / BUSINESS_SENTIMENT,업종별 자동판정에 쓰지 않는다. 전국 업종 BSI 를 창원국가산단 개별 업종의 신호라고 부르지 않는다.
2026Q1,전국(업종),C2800,전기장비,AJ,인력사정BSI,전기전자,A,95.0,3,90.67,4.33,True,512Y007,전국,national_by_industry,CONTEXT / BUSINESS_SENTIMENT,업종별 자동판정에 쓰지 않는다. 전국 업종 BSI 를 창원국가산단 개별 업종의 신호라고 부르지 않는다.
2026Q2,전국(업종),C2800,전기장비,AJ,인력사정BSI,전기전자,A,92.67,3,97.33,-4.66,True,512Y007,전국,national_by_industry,CONTEXT / BUSINESS_SENTIMENT,업종별 자동판정에 쓰지 않는다. 전국 업종 BSI 를 창원국가산단 개별 업종의 신호라고 부르지 않는다.
2026Q3,전국(업종),C2800,전기장비,AJ,인력사정BSI,전기전자,A,96.0,2,96.0,0.0,True,512Y007,전국,national_by_industry,CONTEXT / BUSINESS_SENTIMENT,업종별 자동판정에 쓰지 않는다. 전국 업종 BSI 를 창원국가산단 개별 업종의 신호라고 부르지 않는다.
2021Q1,전국(업종),C2800,전기장비,AK,가동률BSI,전기전자,A,87.67,3,,,True,512Y007,전국,national_by_industry,CONTEXT / BUSINESS_SENTIMENT,업종별 자동판정에 쓰지 않는다. 전국 업종 BSI 를 창원국가산단 개별 업종의 신호라고 부르지 않는다.
2021Q2,전국(업종),C2800,전기장비,AK,가동률BSI,전기전자,A,102.33,3,,,False,512Y007,전국,national_by_industry,CONTEXT / BUSINESS_SENTIMENT,업종별 자동판정에 쓰지 않는다. 전국 업종 BSI 를 창원국가산단 개별 업종의 신호라고 부르지 않는다.
2021Q3,전국(업종),C2800,전기장비,AK,가동률BSI,전기전자,A,100.0,3,,,False,512Y007,전국,national_by_industry,CONTEXT / BUSINESS_SENTIMENT,업종별 자동판정에 쓰지 않는다. 전국 업종 BSI 를 창원국가산단 개별 업종의 신호라고 부르지 않는다.
2021Q4,전국(업종),C2800,전기장비,AK,가동률BSI,전기전자,A,103.0,3,,,False,512Y007,전국,national_by_industry,CONTEXT / BUSINESS_SENTIMENT,업종별 자동판정에 쓰지 않는다. 전국 업종 BSI 를 창원국가산단 개별 업종의 신호라고 부르지 않는다.
2022Q1,전국(업종),C2800,전기장비,AK,가동률BSI,전기전자,A,97.33,3,87.67,9.66,True,512Y007,전국,national_by_industry,CONTEXT / BUSINESS_SENTIMENT,업종별 자동판정에 쓰지 않는다. 전국 업종 BSI 를 창원국가산단 개별 업종의 신호라고 부르지 않는다.
2022Q2,전국(업종),C2800,전기장비,AK,가동률BSI,전기전자,A,94.33,3,102.33,-8.0,True,512Y007,전국,national_by_industry,CONTEXT / BUSINESS_SENTIMENT,업종별 자동판정에 쓰지 않는다. 전국 업종 BSI 를 창원국가산단 개별 업종의 신호라고 부르지 않는다.
2022Q3,전국(업종),C2800,전기장비,AK,가동률BSI,전기전자,A,90.67,3,100.0,-9.33,True,512Y007,전국,national_by_industry,CONTEXT / BUSINESS_SENTIMENT,업종별 자동판정에 쓰지 않는다. 전국 업종 BSI 를 창원국가산단 개별 업종의 신호라고 부르지 않는다.
2022Q4,전국(업종),C2800,전기장비,AK,가동률BSI,전기전자,A,91.33,3,103.0,-11.67,True,512Y007,전국,national_by_industry,CONTEXT / BUSINESS_SENTIMENT,업종별 자동판정에 쓰지 않는다. 전국 업종 BSI 를 창원국가산단 개별 업종의 신호라고 부르지 않는다.
2023Q1,전국(업종),C2800,전기장비,AK,가동률BSI,전기전자,A,86.33,3,97.33,-11.0,True,512Y007,전국,national_by_industry,CONTEXT / BUSINESS_SENTIMENT,업종별 자동판정에 쓰지 않는다. 전국 업종 BSI 를 창원국가산단 개별 업종의 신호라고 부르지 않는다.
2023Q2,전국(업종),C2800,전기장비,AK,가동률BSI,전기전자,A,91.67,3,94.33,-2.66,True,512Y007,전국,national_by_industry,CONTEXT / BUSINESS_SENTIMENT,업종별 자동판정에 쓰지 않는다. 전국 업종 BSI 를 창원국가산단 개별 업종의 신호라고 부르지 않는다.
2023Q3,전국(업종),C2800,전기장비,AK,가동률BSI,전기전자,A,93.33,3,90.67,2.66,True,512Y007,전국,national_by_industry,CONTEXT / BUSINESS_SENTIMENT,업종별 자동판정에 쓰지 않는다. 전국 업종 BSI 를 창원국가산단 개별 업종의 신호라고 부르지 않는다.
2023Q4,전국(업종),C2800,전기장비,AK,가동률BSI,전기전자,A,82.67,3,91.33,-8.66,True,512Y007,전국,national_by_industry,CONTEXT / BUSINESS_SENTIMENT,업종별 자동판정에 쓰지 않는다. 전국 업종 BSI 를 창원국가산단 개별 업종의 신호라고 부르지 않는다.
2024Q1,전국(업종),C2800,전기장비,AK,가동률BSI,전기전자,A,86.67,3,86.33,0.34,True,512Y007,전국,national_by_industry,CONTEXT / BUSINESS_SENTIMENT,업종별 자동판정에 쓰지 않는다. 전국 업종 BSI 를 창원국가산단 개별 업종의 신호라고 부르지 않는다.
2024Q2,전국(업종),C2800,전기장비,AK,가동률BSI,전기전자,A,92.33,3,91.67,0.66,True,512Y007,전국,national_by_industry,CONTEXT / BUSINESS_SENTIMENT,업종별 자동판정에 쓰지 않는다. 전국 업종 BSI 를 창원국가산단 개별 업종의 신호라고 부르지 않는다.
2024Q3,전국(업종),C2800,전기장비,AK,가동률BSI,전기전자,A,82.0,3,93.33,-11.33,True,512Y007,전국,national_by_industry,CONTEXT / BUSINESS_SENTIMENT,업종별 자동판정에 쓰지 않는다. 전국 업종 BSI 를 창원국가산단 개별 업종의 신호라고 부르지 않는다.
2024Q4,전국(업종),C2800,전기장비,AK,가동률BSI,전기전자,A,83.0,3,82.67,0.33,True,512Y007,전국,national_by_industry,CONTEXT / BUSINESS_SENTIMENT,업종별 자동판정에 쓰지 않는다. 전국 업종 BSI 를 창원국가산단 개별 업종의 신호라고 부르지 않는다.
2025Q1,전국(업종),C2800,전기장비,AK,가동률BSI,전기전자,A,88.67,3,86.67,2.0,True,512Y007,전국,national_by_industry,CONTEXT / BUSINESS_SENTIMENT,업종별 자동판정에 쓰지 않는다. 전국 업종 BSI 를 창원국가산단 개별 업종의 신호라고 부르지 않는다.
2025Q2,전국(업종),C2800,전기장비,AK,가동률BSI,전기전자,A,87.33,3,92.33,-5.0,True,512Y007,전국,national_by_industry,CONTEXT / BUSINESS_SENTIMENT,업종별 자동판정에 쓰지 않는다. 전국 업종 BSI 를 창원국가산단 개별 업종의 신호라고 부르지 않는다.
2025Q3,전국(업종),C2800,전기장비,AK,가동률BSI,전기전자,A,91.0,3,82.0,9.0,True,512Y007,전국,national_by_industry,CONTEXT / BUSINESS_SENTIMENT,업종별 자동판정에 쓰지 않는다. 전국 업종 BSI 를 창원국가산단 개별 업종의 신호라고 부르지 않는다.
2025Q4,전국(업종),C2800,전기장비,AK,가동률BSI,전기전자,A,88.0,3,83.0,5.0,True,512Y007,전국,national_by_industry,CONTEXT / BUSINESS_SENTIMENT,업종별 자동판정에 쓰지 않는다. 전국 업종 BSI 를 창원국가산단 개별 업종의 신호라고 부르지 않는다.
2026Q1,전국(업종),C2800,전기장비,AK,가동률BSI,전기전자,A,93.67,3,88.67,5.0,True,512Y007,전국,national_by_industry,CONTEXT / BUSINESS_SENTIMENT,업종별 자동판정에 쓰지 않는다. 전국 업종 BSI 를 창원국가산단 개별 업종의 신호라고 부르지 않는다.
2026Q2,전국(업종),C2800,전기장비,AK,가동률BSI,전기전자,A,96.0,3,87.33,8.67,True,512Y007,전국,national_by_industry,CONTEXT / BUSINESS_SENTIMENT,업종별 자동판정에 쓰지 않는다. 전국 업종 BSI 를 창원국가산단 개별 업종의 신호라고 부르지 않는다.
2026Q3,전국(업종),C2800,전기장비,AK,가동률BSI,전기전자,A,89.0,2,91.0,-2.0,True,512Y007,전국,national_by_industry,CONTEXT / BUSINESS_SENTIMENT,업종별 자동판정에 쓰지 않는다. 전국 업종 BSI 를 창원국가산단 개별 업종의 신호라고 부르지 않는다.
2021Q1,전국(업종),C2900,기타기계·장비,AA,업황BSI,기계,A,82.0,3,,,True,512Y007,전국,national_by_industry,CONTEXT / BUSINESS_SENTIMENT,업종별 자동판정에 쓰지 않는다. 전국 업종 BSI 를 창원국가산단 개별 업종의 신호라고 부르지 않는다.
2021Q2,전국(업종),C2900,기타기계·장비,AA,업황BSI,기계,A,93.0,3,,,True,512Y007,전국,national_by_industry,CONTEXT / BUSINESS_SENTIMENT,업종별 자동판정에 쓰지 않는다. 전국 업종 BSI 를 창원국가산단 개별 업종의 신호라고 부르지 않는다.
2021Q3,전국(업종),C2900,기타기계·장비,AA,업황BSI,기계,A,89.67,3,,,True,512Y007,전국,national_by_industry,CONTEXT / BUSINESS_SENTIMENT,업종별 자동판정에 쓰지 않는다. 전국 업종 BSI 를 창원국가산단 개별 업종의 신호라고 부르지 않는다.
2021Q4,전국(업종),C2900,기타기계·장비,AA,업황BSI,기계,A,91.33,3,,,True,512Y007,전국,national_by_industry,CONTEXT / BUSINESS_SENTIMENT,업종별 자동판정에 쓰지 않는다. 전국 업종 BSI 를 창원국가산단 개별 업종의 신호라고 부르지 않는다.
2022Q1,전국(업종),C2900,기타기계·장비,AA,업황BSI,기계,A,92.0,3,82.0,10.0,True,512Y007,전국,national_by_industry,CONTEXT / BUSINESS_SENTIMENT,업종별 자동판정에 쓰지 않는다. 전국 업종 BSI 를 창원국가산단 개별 업종의 신호라고 부르지 않는다.
2022Q2,전국(업종),C2900,기타기계·장비,AA,업황BSI,기계,A,87.0,3,93.0,-6.0,True,512Y007,전국,national_by_industry,CONTEXT / BUSINESS_SENTIMENT,업종별 자동판정에 쓰지 않는다. 전국 업종 BSI 를 창원국가산단 개별 업종의 신호라고 부르지 않는다.
2022Q3,전국(업종),C2900,기타기계·장비,AA,업황BSI,기계,A,86.0,3,89.67,-3.67,True,512Y007,전국,national_by_industry,CONTEXT / BUSINESS_SENTIMENT,업종별 자동판정에 쓰지 않는다. 전국 업종 BSI 를 창원국가산단 개별 업종의 신호라고 부르지 않는다.
2022Q4,전국(업종),C2900,기타기계·장비,AA,업황BSI,기계,A,78.0,3,91.33,-13.33,True,512Y007,전국,national_by_industry,CONTEXT / BUSINESS_SENTIMENT,업종별 자동판정에 쓰지 않는다. 전국 업종 BSI 를 창원국가산단 개별 업종의 신호라고 부르지 않는다.
2023Q1,전국(업종),C2900,기타기계·장비,AA,업황BSI,기계,A,63.67,3,92.0,-28.33,True,512Y007,전국,national_by_industry,CONTEXT / BUSINESS_SENTIMENT,업종별 자동판정에 쓰지 않는다. 전국 업종 BSI 를 창원국가산단 개별 업종의 신호라고 부르지 않는다.
2023Q2,전국(업종),C2900,기타기계·장비,AA,업황BSI,기계,A,73.67,3,87.0,-13.33,True,512Y007,전국,national_by_industry,CONTEXT / BUSINESS_SENTIMENT,업종별 자동판정에 쓰지 않는다. 전국 업종 BSI 를 창원국가산단 개별 업종의 신호라고 부르지 않는다.
2023Q3,전국(업종),C2900,기타기계·장비,AA,업황BSI,기계,A,68.67,3,86.0,-17.33,True,512Y007,전국,national_by_industry,CONTEXT / BUSINESS_SENTIMENT,업종별 자동판정에 쓰지 않는다. 전국 업종 BSI 를 창원국가산단 개별 업종의 신호라고 부르지 않는다.
2023Q4,전국(업종),C2900,기타기계·장비,AA,업황BSI,기계,A,69.67,3,78.0,-8.33,True,512Y007,전국,national_by_industry,CONTEXT / BUSINESS_SENTIMENT,업종별 자동판정에 쓰지 않는다. 전국 업종 BSI 를 창원국가산단 개별 업종의 신호라고 부르지 않는다.
2024Q1,전국(업종),C2900,기타기계·장비,AA,업황BSI,기계,A,73.0,3,63.67,9.33,True,512Y007,전국,national_by_industry,CONTEXT / BUSINESS_SENTIMENT,업종별 자동판정에 쓰지 않는다. 전국 업종 BSI 를 창원국가산단 개별 업종의 신호라고 부르지 않는다.
2024Q2,전국(업종),C2900,기타기계·장비,AA,업황BSI,기계,A,70.67,3,73.67,-3.0,True,512Y007,전국,national_by_industry,CONTEXT / BUSINESS_SENTIMENT,업종별 자동판정에 쓰지 않는다. 전국 업종 BSI 를 창원국가산단 개별 업종의 신호라고 부르지 않는다.
2024Q3,전국(업종),C2900,기타기계·장비,AA,업황BSI,기계,A,72.33,3,68.67,3.66,True,512Y007,전국,national_by_industry,CONTEXT / BUSINESS_SENTIMENT,업종별 자동판정에 쓰지 않는다. 전국 업종 BSI 를 창원국가산단 개별 업종의 신호라고 부르지 않는다.
2024Q4,전국(업종),C2900,기타기계·장비,AA,업황BSI,기계,A,68.0,3,69.67,-1.67,True,512Y007,전국,national_by_industry,CONTEXT / BUSINESS_SENTIMENT,업종별 자동판정에 쓰지 않는다. 전국 업종 BSI 를 창원국가산단 개별 업종의 신호라고 부르지 않는다.
2025Q1,전국(업종),C2900,기타기계·장비,AA,업황BSI,기계,A,63.67,3,73.0,-9.33,True,512Y007,전국,national_by_industry,CONTEXT / BUSINESS_SENTIMENT,업종별 자동판정에 쓰지 않는다. 전국 업종 BSI 를 창원국가산단 개별 업종의 신호라고 부르지 않는다.
2025Q2,전국(업종),C2900,기타기계·장비,AA,업황BSI,기계,A,68.33,3,70.67,-2.34,True,512Y007,전국,national_by_industry,CONTEXT / BUSINESS_SENTIMENT,업종별 자동판정에 쓰지 않는다. 전국 업종 BSI 를 창원국가산단 개별 업종의 신호라고 부르지 않는다.
2025Q3,전국(업종),C2900,기타기계·장비,AA,업황BSI,기계,A,68.0,3,72.33,-4.33,True,512Y007,전국,national_by_industry,CONTEXT / BUSINESS_SENTIMENT,업종별 자동판정에 쓰지 않는다. 전국 업종 BSI 를 창원국가산단 개별 업종의 신호라고 부르지 않는다.
2025Q4,전국(업종),C2900,기타기계·장비,AA,업황BSI,기계,A,67.0,3,68.0,-1.0,True,512Y007,전국,national_by_industry,CONTEXT / BUSINESS_SENTIMENT,업종별 자동판정에 쓰지 않는다. 전국 업종 BSI 를 창원국가산단 개별 업종의 신호라고 부르지 않는다.
2026Q1,전국(업종),C2900,기타기계·장비,AA,업황BSI,기계,A,75.0,3,63.67,11.33,True,512Y007,전국,national_by_industry,CONTEXT / BUSINESS_SENTIMENT,업종별 자동판정에 쓰지 않는다. 전국 업종 BSI 를 창원국가산단 개별 업종의 신호라고 부르지 않는다.
2026Q2,전국(업종),C2900,기타기계·장비,AA,업황BSI,기계,A,80.67,3,68.33,12.34,True,512Y007,전국,national_by_industry,CONTEXT / BUSINESS_SENTIMENT,업종별 자동판정에 쓰지 않는다. 전국 업종 BSI 를 창원국가산단 개별 업종의 신호라고 부르지 않는다.
2026Q3,전국(업종),C2900,기타기계·장비,AA,업황BSI,기계,A,87.0,2,68.0,19.0,True,512Y007,전국,national_by_industry,CONTEXT / BUSINESS_SENTIMENT,업종별 자동판정에 쓰지 않는다. 전국 업종 BSI 를 창원국가산단 개별 업종의 신호라고 부르지 않는다.
2021Q1,전국(업종),C2900,기타기계·장비,AC,생산BSI,기계,A,91.67,3,,,True,512Y007,전국,national_by_industry,CONTEXT / BUSINESS_SENTIMENT,업종별 자동판정에 쓰지 않는다. 전국 업종 BSI 를 창원국가산단 개별 업종의 신호라고 부르지 않는다.
2021Q2,전국(업종),C2900,기타기계·장비,AC,생산BSI,기계,A,104.33,3,,,False,512Y007,전국,national_by_industry,CONTEXT / BUSINESS_SENTIMENT,업종별 자동판정에 쓰지 않는다. 전국 업종 BSI 를 창원국가산단 개별 업종의 신호라고 부르지 않는다.
2021Q3,전국(업종),C2900,기타기계·장비,AC,생산BSI,기계,A,100.0,3,,,False,512Y007,전국,national_by_industry,CONTEXT / BUSINESS_SENTIMENT,업종별 자동판정에 쓰지 않는다. 전국 업종 BSI 를 창원국가산단 개별 업종의 신호라고 부르지 않는다.
2021Q4,전국(업종),C2900,기타기계·장비,AC,생산BSI,기계,A,104.0,3,,,False,512Y007,전국,national_by_industry,CONTEXT / BUSINESS_SENTIMENT,업종별 자동판정에 쓰지 않는다. 전국 업종 BSI 를 창원국가산단 개별 업종의 신호라고 부르지 않는다.
2022Q1,전국(업종),C2900,기타기계·장비,AC,생산BSI,기계,A,101.67,3,91.67,10.0,False,512Y007,전국,national_by_industry,CONTEXT / BUSINESS_SENTIMENT,업종별 자동판정에 쓰지 않는다. 전국 업종 BSI 를 창원국가산단 개별 업종의 신호라고 부르지 않는다.
2022Q2,전국(업종),C2900,기타기계·장비,AC,생산BSI,기계,A,96.67,3,104.33,-7.66,True,512Y007,전국,national_by_industry,CONTEXT / BUSINESS_SENTIMENT,업종별 자동판정에 쓰지 않는다. 전국 업종 BSI 를 창원국가산단 개별 업종의 신호라고 부르지 않는다.
2022Q3,전국(업종),C2900,기타기계·장비,AC,생산BSI,기계,A,95.0,3,100.0,-5.0,True,512Y007,전국,national_by_industry,CONTEXT / BUSINESS_SENTIMENT,업종별 자동판정에 쓰지 않는다. 전국 업종 BSI 를 창원국가산단 개별 업종의 신호라고 부르지 않는다.
2022Q4,전국(업종),C2900,기타기계·장비,AC,생산BSI,기계,A,91.0,3,104.0,-13.0,True,512Y007,전국,national_by_industry,CONTEXT / BUSINESS_SENTIMENT,업종별 자동판정에 쓰지 않는다. 전국 업종 BSI 를 창원국가산단 개별 업종의 신호라고 부르지 않는다.
2023Q1,전국(업종),C2900,기타기계·장비,AC,생산BSI,기계,A,80.33,3,101.67,-21.34,True,512Y007,전국,national_by_industry,CONTEXT / BUSINESS_SENTIMENT,업종별 자동판정에 쓰지 않는다. 전국 업종 BSI 를 창원국가산단 개별 업종의 신호라고 부르지 않는다.
2023Q2,전국(업종),C2900,기타기계·장비,AC,생산BSI,기계,A,81.67,3,96.67,-15.0,True,512Y007,전국,national_by_industry,CONTEXT / BUSINESS_SENTIMENT,업종별 자동판정에 쓰지 않는다. 전국 업종 BSI 를 창원국가산단 개별 업종의 신호라고 부르지 않는다.
2023Q3,전국(업종),C2900,기타기계·장비,AC,생산BSI,기계,A,77.67,3,95.0,-17.33,True,512Y007,전국,national_by_industry,CONTEXT / BUSINESS_SENTIMENT,업종별 자동판정에 쓰지 않는다. 전국 업종 BSI 를 창원국가산단 개별 업종의 신호라고 부르지 않는다.
2023Q4,전국(업종),C2900,기타기계·장비,AC,생산BSI,기계,A,77.33,3,91.0,-13.67,True,512Y007,전국,national_by_industry,CONTEXT / BUSINESS_SENTIMENT,업종별 자동판정에 쓰지 않는다. 전국 업종 BSI 를 창원국가산단 개별 업종의 신호라고 부르지 않는다.
2024Q1,전국(업종),C2900,기타기계·장비,AC,생산BSI,기계,A,79.33,3,80.33,-1.0,True,512Y007,전국,national_by_industry,CONTEXT / BUSINESS_SENTIMENT,업종별 자동판정에 쓰지 않는다. 전국 업종 BSI 를 창원국가산단 개별 업종의 신호라고 부르지 않는다.
2024Q2,전국(업종),C2900,기타기계·장비,AC,생산BSI,기계,A,84.33,3,81.67,2.66,True,512Y007,전국,national_by_industry,CONTEXT / BUSINESS_SENTIMENT,업종별 자동판정에 쓰지 않는다. 전국 업종 BSI 를 창원국가산단 개별 업종의 신호라고 부르지 않는다.
2024Q3,전국(업종),C2900,기타기계·장비,AC,생산BSI,기계,A,82.67,3,77.67,5.0,True,512Y007,전국,national_by_industry,CONTEXT / BUSINESS_SENTIMENT,업종별 자동판정에 쓰지 않는다. 전국 업종 BSI 를 창원국가산단 개별 업종의 신호라고 부르지 않는다.
2024Q4,전국(업종),C2900,기타기계·장비,AC,생산BSI,기계,A,76.0,3,77.33,-1.33,True,512Y007,전국,national_by_industry,CONTEXT / BUSINESS_SENTIMENT,업종별 자동판정에 쓰지 않는다. 전국 업종 BSI 를 창원국가산단 개별 업종의 신호라고 부르지 않는다.
2025Q1,전국(업종),C2900,기타기계·장비,AC,생산BSI,기계,A,74.67,3,79.33,-4.66,True,512Y007,전국,national_by_industry,CONTEXT / BUSINESS_SENTIMENT,업종별 자동판정에 쓰지 않는다. 전국 업종 BSI 를 창원국가산단 개별 업종의 신호라고 부르지 않는다.
2025Q2,전국(업종),C2900,기타기계·장비,AC,생산BSI,기계,A,81.33,3,84.33,-3.0,True,512Y007,전국,national_by_industry,CONTEXT / BUSINESS_SENTIMENT,업종별 자동판정에 쓰지 않는다. 전국 업종 BSI 를 창원국가산단 개별 업종의 신호라고 부르지 않는다.
2025Q3,전국(업종),C2900,기타기계·장비,AC,생산BSI,기계,A,77.67,3,82.67,-5.0,True,512Y007,전국,national_by_industry,CONTEXT / BUSINESS_SENTIMENT,업종별 자동판정에 쓰지 않는다. 전국 업종 BSI 를 창원국가산단 개별 업종의 신호라고 부르지 않는다.
2025Q4,전국(업종),C2900,기타기계·장비,AC,생산BSI,기계,A,73.0,3,76.0,-3.0,True,512Y007,전국,national_by_industry,CONTEXT / BUSINESS_SENTIMENT,업종별 자동판정에 쓰지 않는다. 전국 업종 BSI 를 창원국가산단 개별 업종의 신호라고 부르지 않는다.
2026Q1,전국(업종),C2900,기타기계·장비,AC,생산BSI,기계,A,86.67,3,74.67,12.0,True,512Y007,전국,national_by_industry,CONTEXT / BUSINESS_SENTIMENT,업종별 자동판정에 쓰지 않는다. 전국 업종 BSI 를 창원국가산단 개별 업종의 신호라고 부르지 않는다.
2026Q2,전국(업종),C2900,기타기계·장비,AC,생산BSI,기계,A,89.0,3,81.33,7.67,True,512Y007,전국,national_by_industry,CONTEXT / BUSINESS_SENTIMENT,업종별 자동판정에 쓰지 않는다. 전국 업종 BSI 를 창원국가산단 개별 업종의 신호라고 부르지 않는다.
2026Q3,전국(업종),C2900,기타기계·장비,AC,생산BSI,기계,A,93.5,2,77.67,15.83,True,512Y007,전국,national_by_industry,CONTEXT / BUSINESS_SENTIMENT,업종별 자동판정에 쓰지 않는다. 전국 업종 BSI 를 창원국가산단 개별 업종의 신호라고 부르지 않는다.
2021Q1,전국(업종),C2900,기타기계·장비,AD,신규수주BSI,기계,A,89.67,3,,,True,512Y007,전국,national_by_industry,CONTEXT / BUSINESS_SENTIMENT,업종별 자동판정에 쓰지 않는다. 전국 업종 BSI 를 창원국가산단 개별 업종의 신호라고 부르지 않는다.
2021Q2,전국(업종),C2900,기타기계·장비,AD,신규수주BSI,기계,A,107.0,3,,,False,512Y007,전국,national_by_industry,CONTEXT / BUSINESS_SENTIMENT,업종별 자동판정에 쓰지 않는다. 전국 업종 BSI 를 창원국가산단 개별 업종의 신호라고 부르지 않는다.
2021Q3,전국(업종),C2900,기타기계·장비,AD,신규수주BSI,기계,A,101.67,3,,,False,512Y007,전국,national_by_industry,CONTEXT / BUSINESS_SENTIMENT,업종별 자동판정에 쓰지 않는다. 전국 업종 BSI 를 창원국가산단 개별 업종의 신호라고 부르지 않는다.
2021Q4,전국(업종),C2900,기타기계·장비,AD,신규수주BSI,기계,A,106.33,3,,,False,512Y007,전국,national_by_industry,CONTEXT / BUSINESS_SENTIMENT,업종별 자동판정에 쓰지 않는다. 전국 업종 BSI 를 창원국가산단 개별 업종의 신호라고 부르지 않는다.
2022Q1,전국(업종),C2900,기타기계·장비,AD,신규수주BSI,기계,A,101.0,3,89.67,11.33,False,512Y007,전국,national_by_industry,CONTEXT / BUSINESS_SENTIMENT,업종별 자동판정에 쓰지 않는다. 전국 업종 BSI 를 창원국가산단 개별 업종의 신호라고 부르지 않는다.
2022Q2,전국(업종),C2900,기타기계·장비,AD,신규수주BSI,기계,A,96.0,3,107.0,-11.0,True,512Y007,전국,national_by_industry,CONTEXT / BUSINESS_SENTIMENT,업종별 자동판정에 쓰지 않는다. 전국 업종 BSI 를 창원국가산단 개별 업종의 신호라고 부르지 않는다.
2022Q3,전국(업종),C2900,기타기계·장비,AD,신규수주BSI,기계,A,93.67,3,101.67,-8.0,True,512Y007,전국,national_by_industry,CONTEXT / BUSINESS_SENTIMENT,업종별 자동판정에 쓰지 않는다. 전국 업종 BSI 를 창원국가산단 개별 업종의 신호라고 부르지 않는다.
2022Q4,전국(업종),C2900,기타기계·장비,AD,신규수주BSI,기계,A,86.67,3,106.33,-19.66,True,512Y007,전국,national_by_industry,CONTEXT / BUSINESS_SENTIMENT,업종별 자동판정에 쓰지 않는다. 전국 업종 BSI 를 창원국가산단 개별 업종의 신호라고 부르지 않는다.
2023Q1,전국(업종),C2900,기타기계·장비,AD,신규수주BSI,기계,A,76.33,3,101.0,-24.67,True,512Y007,전국,national_by_industry,CONTEXT / BUSINESS_SENTIMENT,업종별 자동판정에 쓰지 않는다. 전국 업종 BSI 를 창원국가산단 개별 업종의 신호라고 부르지 않는다.
2023Q2,전국(업종),C2900,기타기계·장비,AD,신규수주BSI,기계,A,80.67,3,96.0,-15.33,True,512Y007,전국,national_by_industry,CONTEXT / BUSINESS_SENTIMENT,업종별 자동판정에 쓰지 않는다. 전국 업종 BSI 를 창원국가산단 개별 업종의 신호라고 부르지 않는다.
2023Q3,전국(업종),C2900,기타기계·장비,AD,신규수주BSI,기계,A,72.67,3,93.67,-21.0,True,512Y007,전국,national_by_industry,CONTEXT / BUSINESS_SENTIMENT,업종별 자동판정에 쓰지 않는다. 전국 업종 BSI 를 창원국가산단 개별 업종의 신호라고 부르지 않는다.
2023Q4,전국(업종),C2900,기타기계·장비,AD,신규수주BSI,기계,A,74.67,3,86.67,-12.0,True,512Y007,전국,national_by_industry,CONTEXT / BUSINESS_SENTIMENT,업종별 자동판정에 쓰지 않는다. 전국 업종 BSI 를 창원국가산단 개별 업종의 신호라고 부르지 않는다.
2024Q1,전국(업종),C2900,기타기계·장비,AD,신규수주BSI,기계,A,74.33,3,76.33,-2.0,True,512Y007,전국,national_by_industry,CONTEXT / BUSINESS_SENTIMENT,업종별 자동판정에 쓰지 않는다. 전국 업종 BSI 를 창원국가산단 개별 업종의 신호라고 부르지 않는다.
2024Q2,전국(업종),C2900,기타기계·장비,AD,신규수주BSI,기계,A,75.33,3,80.67,-5.34,True,512Y007,전국,national_by_industry,CONTEXT / BUSINESS_SENTIMENT,업종별 자동판정에 쓰지 않는다. 전국 업종 BSI 를 창원국가산단 개별 업종의 신호라고 부르지 않는다.
2024Q3,전국(업종),C2900,기타기계·장비,AD,신규수주BSI,기계,A,78.33,3,72.67,5.66,True,512Y007,전국,national_by_industry,CONTEXT / BUSINESS_SENTIMENT,업종별 자동판정에 쓰지 않는다. 전국 업종 BSI 를 창원국가산단 개별 업종의 신호라고 부르지 않는다.
2024Q4,전국(업종),C2900,기타기계·장비,AD,신규수주BSI,기계,A,70.67,3,74.67,-4.0,True,512Y007,전국,national_by_industry,CONTEXT / BUSINESS_SENTIMENT,업종별 자동판정에 쓰지 않는다. 전국 업종 BSI 를 창원국가산단 개별 업종의 신호라고 부르지 않는다.
2025Q1,전국(업종),C2900,기타기계·장비,AD,신규수주BSI,기계,A,66.67,3,74.33,-7.66,True,512Y007,전국,national_by_industry,CONTEXT / BUSINESS_SENTIMENT,업종별 자동판정에 쓰지 않는다. 전국 업종 BSI 를 창원국가산단 개별 업종의 신호라고 부르지 않는다.
2025Q2,전국(업종),C2900,기타기계·장비,AD,신규수주BSI,기계,A,76.33,3,75.33,1.0,True,512Y007,전국,national_by_industry,CONTEXT / BUSINESS_SENTIMENT,업종별 자동판정에 쓰지 않는다. 전국 업종 BSI 를 창원국가산단 개별 업종의 신호라고 부르지 않는다.
2025Q3,전국(업종),C2900,기타기계·장비,AD,신규수주BSI,기계,A,70.67,3,78.33,-7.66,True,512Y007,전국,national_by_industry,CONTEXT / BUSINESS_SENTIMENT,업종별 자동판정에 쓰지 않는다. 전국 업종 BSI 를 창원국가산단 개별 업종의 신호라고 부르지 않는다.
2025Q4,전국(업종),C2900,기타기계·장비,AD,신규수주BSI,기계,A,65.33,3,70.67,-5.34,True,512Y007,전국,national_by_industry,CONTEXT / BUSINESS_SENTIMENT,업종별 자동판정에 쓰지 않는다. 전국 업종 BSI 를 창원국가산단 개별 업종의 신호라고 부르지 않는다.
2026Q1,전국(업종),C2900,기타기계·장비,AD,신규수주BSI,기계,A,82.33,3,66.67,15.66,True,512Y007,전국,national_by_industry,CONTEXT / BUSINESS_SENTIMENT,업종별 자동판정에 쓰지 않는다. 전국 업종 BSI 를 창원국가산단 개별 업종의 신호라고 부르지 않는다.
2026Q2,전국(업종),C2900,기타기계·장비,AD,신규수주BSI,기계,A,82.33,3,76.33,6.0,True,512Y007,전국,national_by_industry,CONTEXT / BUSINESS_SENTIMENT,업종별 자동판정에 쓰지 않는다. 전국 업종 BSI 를 창원국가산단 개별 업종의 신호라고 부르지 않는다.
2026Q3,전국(업종),C2900,기타기계·장비,AD,신규수주BSI,기계,A,90.5,2,70.67,19.83,True,512Y007,전국,national_by_industry,CONTEXT / BUSINESS_SENTIMENT,업종별 자동판정에 쓰지 않는다. 전국 업종 BSI 를 창원국가산단 개별 업종의 신호라고 부르지 않는다.
2021Q1,전국(업종),C2900,기타기계·장비,AJ,인력사정BSI,기계,A,89.67,3,,,True,512Y007,전국,national_by_industry,CONTEXT / BUSINESS_SENTIMENT,업종별 자동판정에 쓰지 않는다. 전국 업종 BSI 를 창원국가산단 개별 업종의 신호라고 부르지 않는다.
2021Q2,전국(업종),C2900,기타기계·장비,AJ,인력사정BSI,기계,A,81.67,3,,,True,512Y007,전국,national_by_industry,CONTEXT / BUSINESS_SENTIMENT,업종별 자동판정에 쓰지 않는다. 전국 업종 BSI 를 창원국가산단 개별 업종의 신호라고 부르지 않는다.
2021Q3,전국(업종),C2900,기타기계·장비,AJ,인력사정BSI,기계,A,84.0,3,,,True,512Y007,전국,national_by_industry,CONTEXT / BUSINESS_SENTIMENT,업종별 자동판정에 쓰지 않는다. 전국 업종 BSI 를 창원국가산단 개별 업종의 신호라고 부르지 않는다.
2021Q4,전국(업종),C2900,기타기계·장비,AJ,인력사정BSI,기계,A,85.33,3,,,True,512Y007,전국,national_by_industry,CONTEXT / BUSINESS_SENTIMENT,업종별 자동판정에 쓰지 않는다. 전국 업종 BSI 를 창원국가산단 개별 업종의 신호라고 부르지 않는다.
2022Q1,전국(업종),C2900,기타기계·장비,AJ,인력사정BSI,기계,A,83.0,3,89.67,-6.67,True,512Y007,전국,national_by_industry,CONTEXT / BUSINESS_SENTIMENT,업종별 자동판정에 쓰지 않는다. 전국 업종 BSI 를 창원국가산단 개별 업종의 신호라고 부르지 않는다.
2022Q2,전국(업종),C2900,기타기계·장비,AJ,인력사정BSI,기계,A,83.67,3,81.67,2.0,True,512Y007,전국,national_by_industry,CONTEXT / BUSINESS_SENTIMENT,업종별 자동판정에 쓰지 않는다. 전국 업종 BSI 를 창원국가산단 개별 업종의 신호라고 부르지 않는다.
2022Q3,전국(업종),C2900,기타기계·장비,AJ,인력사정BSI,기계,A,79.0,3,84.0,-5.0,True,512Y007,전국,national_by_industry,CONTEXT / BUSINESS_SENTIMENT,업종별 자동판정에 쓰지 않는다. 전국 업종 BSI 를 창원국가산단 개별 업종의 신호라고 부르지 않는다.
2022Q4,전국(업종),C2900,기타기계·장비,AJ,인력사정BSI,기계,A,87.33,3,85.33,2.0,True,512Y007,전국,national_by_industry,CONTEXT / BUSINESS_SENTIMENT,업종별 자동판정에 쓰지 않는다. 전국 업종 BSI 를 창원국가산단 개별 업종의 신호라고 부르지 않는다.
2023Q1,전국(업종),C2900,기타기계·장비,AJ,인력사정BSI,기계,A,90.33,3,83.0,7.33,True,512Y007,전국,national_by_industry,CONTEXT / BUSINESS_SENTIMENT,업종별 자동판정에 쓰지 않는다. 전국 업종 BSI 를 창원국가산단 개별 업종의 신호라고 부르지 않는다.
2023Q2,전국(업종),C2900,기타기계·장비,AJ,인력사정BSI,기계,A,91.33,3,83.67,7.66,True,512Y007,전국,national_by_industry,CONTEXT / BUSINESS_SENTIMENT,업종별 자동판정에 쓰지 않는다. 전국 업종 BSI 를 창원국가산단 개별 업종의 신호라고 부르지 않는다.
2023Q3,전국(업종),C2900,기타기계·장비,AJ,인력사정BSI,기계,A,95.0,3,79.0,16.0,True,512Y007,전국,national_by_industry,CONTEXT / BUSINESS_SENTIMENT,업종별 자동판정에 쓰지 않는다. 전국 업종 BSI 를 창원국가산단 개별 업종의 신호라고 부르지 않는다.
2023Q4,전국(업종),C2900,기타기계·장비,AJ,인력사정BSI,기계,A,89.0,3,87.33,1.67,True,512Y007,전국,national_by_industry,CONTEXT / BUSINESS_SENTIMENT,업종별 자동판정에 쓰지 않는다. 전국 업종 BSI 를 창원국가산단 개별 업종의 신호라고 부르지 않는다.
2024Q1,전국(업종),C2900,기타기계·장비,AJ,인력사정BSI,기계,A,85.67,3,90.33,-4.66,True,512Y007,전국,national_by_industry,CONTEXT / BUSINESS_SENTIMENT,업종별 자동판정에 쓰지 않는다. 전국 업종 BSI 를 창원국가산단 개별 업종의 신호라고 부르지 않는다.
2024Q2,전국(업종),C2900,기타기계·장비,AJ,인력사정BSI,기계,A,91.0,3,91.33,-0.33,True,512Y007,전국,national_by_industry,CONTEXT / BUSINESS_SENTIMENT,업종별 자동판정에 쓰지 않는다. 전국 업종 BSI 를 창원국가산단 개별 업종의 신호라고 부르지 않는다.
2024Q3,전국(업종),C2900,기타기계·장비,AJ,인력사정BSI,기계,A,91.33,3,95.0,-3.67,True,512Y007,전국,national_by_industry,CONTEXT / BUSINESS_SENTIMENT,업종별 자동판정에 쓰지 않는다. 전국 업종 BSI 를 창원국가산단 개별 업종의 신호라고 부르지 않는다.
2024Q4,전국(업종),C2900,기타기계·장비,AJ,인력사정BSI,기계,A,93.0,3,89.0,4.0,True,512Y007,전국,national_by_industry,CONTEXT / BUSINESS_SENTIMENT,업종별 자동판정에 쓰지 않는다. 전국 업종 BSI 를 창원국가산단 개별 업종의 신호라고 부르지 않는다.
2025Q1,전국(업종),C2900,기타기계·장비,AJ,인력사정BSI,기계,A,97.67,3,85.67,12.0,True,512Y007,전국,national_by_industry,CONTEXT / BUSINESS_SENTIMENT,업종별 자동판정에 쓰지 않는다. 전국 업종 BSI 를 창원국가산단 개별 업종의 신호라고 부르지 않는다.
2025Q2,전국(업종),C2900,기타기계·장비,AJ,인력사정BSI,기계,A,97.0,3,91.0,6.0,True,512Y007,전국,national_by_industry,CONTEXT / BUSINESS_SENTIMENT,업종별 자동판정에 쓰지 않는다. 전국 업종 BSI 를 창원국가산단 개별 업종의 신호라고 부르지 않는다.
2025Q3,전국(업종),C2900,기타기계·장비,AJ,인력사정BSI,기계,A,97.33,3,91.33,6.0,True,512Y007,전국,national_by_industry,CONTEXT / BUSINESS_SENTIMENT,업종별 자동판정에 쓰지 않는다. 전국 업종 BSI 를 창원국가산단 개별 업종의 신호라고 부르지 않는다.
2025Q4,전국(업종),C2900,기타기계·장비,AJ,인력사정BSI,기계,A,95.33,3,93.0,2.33,True,512Y007,전국,national_by_industry,CONTEXT / BUSINESS_SENTIMENT,업종별 자동판정에 쓰지 않는다. 전국 업종 BSI 를 창원국가산단 개별 업종의 신호라고 부르지 않는다.
2026Q1,전국(업종),C2900,기타기계·장비,AJ,인력사정BSI,기계,A,99.33,3,97.67,1.66,True,512Y007,전국,national_by_industry,CONTEXT / BUSINESS_SENTIMENT,업종별 자동판정에 쓰지 않는다. 전국 업종 BSI 를 창원국가산단 개별 업종의 신호라고 부르지 않는다.
2026Q2,전국(업종),C2900,기타기계·장비,AJ,인력사정BSI,기계,A,99.0,3,97.0,2.0,True,512Y007,전국,national_by_industry,CONTEXT / BUSINESS_SENTIMENT,업종별 자동판정에 쓰지 않는다. 전국 업종 BSI 를 창원국가산단 개별 업종의 신호라고 부르지 않는다.
2026Q3,전국(업종),C2900,기타기계·장비,AJ,인력사정BSI,기계,A,97.0,2,97.33,-0.33,True,512Y007,전국,national_by_industry,CONTEXT / BUSINESS_SENTIMENT,업종별 자동판정에 쓰지 않는다. 전국 업종 BSI 를 창원국가산단 개별 업종의 신호라고 부르지 않는다.
2021Q1,전국(업종),C2900,기타기계·장비,AK,가동률BSI,기계,A,92.67,3,,,True,512Y007,전국,national_by_industry,CONTEXT / BUSINESS_SENTIMENT,업종별 자동판정에 쓰지 않는다. 전국 업종 BSI 를 창원국가산단 개별 업종의 신호라고 부르지 않는다.
2021Q2,전국(업종),C2900,기타기계·장비,AK,가동률BSI,기계,A,108.0,3,,,False,512Y007,전국,national_by_industry,CONTEXT / BUSINESS_SENTIMENT,업종별 자동판정에 쓰지 않는다. 전국 업종 BSI 를 창원국가산단 개별 업종의 신호라고 부르지 않는다.
2021Q3,전국(업종),C2900,기타기계·장비,AK,가동률BSI,기계,A,104.33,3,,,False,512Y007,전국,national_by_industry,CONTEXT / BUSINESS_SENTIMENT,업종별 자동판정에 쓰지 않는다. 전국 업종 BSI 를 창원국가산단 개별 업종의 신호라고 부르지 않는다.
2021Q4,전국(업종),C2900,기타기계·장비,AK,가동률BSI,기계,A,105.67,3,,,False,512Y007,전국,national_by_industry,CONTEXT / BUSINESS_SENTIMENT,업종별 자동판정에 쓰지 않는다. 전국 업종 BSI 를 창원국가산단 개별 업종의 신호라고 부르지 않는다.
2022Q1,전국(업종),C2900,기타기계·장비,AK,가동률BSI,기계,A,102.33,3,92.67,9.66,False,512Y007,전국,national_by_industry,CONTEXT / BUSINESS_SENTIMENT,업종별 자동판정에 쓰지 않는다. 전국 업종 BSI 를 창원국가산단 개별 업종의 신호라고 부르지 않는다.
2022Q2,전국(업종),C2900,기타기계·장비,AK,가동률BSI,기계,A,97.33,3,108.0,-10.67,True,512Y007,전국,national_by_industry,CONTEXT / BUSINESS_SENTIMENT,업종별 자동판정에 쓰지 않는다. 전국 업종 BSI 를 창원국가산단 개별 업종의 신호라고 부르지 않는다.
2022Q3,전국(업종),C2900,기타기계·장비,AK,가동률BSI,기계,A,96.0,3,104.33,-8.33,True,512Y007,전국,national_by_industry,CONTEXT / BUSINESS_SENTIMENT,업종별 자동판정에 쓰지 않는다. 전국 업종 BSI 를 창원국가산단 개별 업종의 신호라고 부르지 않는다.
2022Q4,전국(업종),C2900,기타기계·장비,AK,가동률BSI,기계,A,91.67,3,105.67,-14.0,True,512Y007,전국,national_by_industry,CONTEXT / BUSINESS_SENTIMENT,업종별 자동판정에 쓰지 않는다. 전국 업종 BSI 를 창원국가산단 개별 업종의 신호라고 부르지 않는다.
2023Q1,전국(업종),C2900,기타기계·장비,AK,가동률BSI,기계,A,79.33,3,102.33,-23.0,True,512Y007,전국,national_by_industry,CONTEXT / BUSINESS_SENTIMENT,업종별 자동판정에 쓰지 않는다. 전국 업종 BSI 를 창원국가산단 개별 업종의 신호라고 부르지 않는다.
2023Q2,전국(업종),C2900,기타기계·장비,AK,가동률BSI,기계,A,82.0,3,97.33,-15.33,True,512Y007,전국,national_by_industry,CONTEXT / BUSINESS_SENTIMENT,업종별 자동판정에 쓰지 않는다. 전국 업종 BSI 를 창원국가산단 개별 업종의 신호라고 부르지 않는다.
2023Q3,전국(업종),C2900,기타기계·장비,AK,가동률BSI,기계,A,78.0,3,96.0,-18.0,True,512Y007,전국,national_by_industry,CONTEXT / BUSINESS_SENTIMENT,업종별 자동판정에 쓰지 않는다. 전국 업종 BSI 를 창원국가산단 개별 업종의 신호라고 부르지 않는다.
2023Q4,전국(업종),C2900,기타기계·장비,AK,가동률BSI,기계,A,81.0,3,91.67,-10.67,True,512Y007,전국,national_by_industry,CONTEXT / BUSINESS_SENTIMENT,업종별 자동판정에 쓰지 않는다. 전국 업종 BSI 를 창원국가산단 개별 업종의 신호라고 부르지 않는다.
2024Q1,전국(업종),C2900,기타기계·장비,AK,가동률BSI,기계,A,84.0,3,79.33,4.67,True,512Y007,전국,national_by_industry,CONTEXT / BUSINESS_SENTIMENT,업종별 자동판정에 쓰지 않는다. 전국 업종 BSI 를 창원국가산단 개별 업종의 신호라고 부르지 않는다.
2024Q2,전국(업종),C2900,기타기계·장비,AK,가동률BSI,기계,A,86.0,3,82.0,4.0,True,512Y007,전국,national_by_industry,CONTEXT / BUSINESS_SENTIMENT,업종별 자동판정에 쓰지 않는다. 전국 업종 BSI 를 창원국가산단 개별 업종의 신호라고 부르지 않는다.
2024Q3,전국(업종),C2900,기타기계·장비,AK,가동률BSI,기계,A,83.67,3,78.0,5.67,True,512Y007,전국,national_by_industry,CONTEXT / BUSINESS_SENTIMENT,업종별 자동판정에 쓰지 않는다. 전국 업종 BSI 를 창원국가산단 개별 업종의 신호라고 부르지 않는다.
2024Q4,전국(업종),C2900,기타기계·장비,AK,가동률BSI,기계,A,78.0,3,81.0,-3.0,True,512Y007,전국,national_by_industry,CONTEXT / BUSINESS_SENTIMENT,업종별 자동판정에 쓰지 않는다. 전국 업종 BSI 를 창원국가산단 개별 업종의 신호라고 부르지 않는다.
2025Q1,전국(업종),C2900,기타기계·장비,AK,가동률BSI,기계,A,74.33,3,84.0,-9.67,True,512Y007,전국,national_by_industry,CONTEXT / BUSINESS_SENTIMENT,업종별 자동판정에 쓰지 않는다. 전국 업종 BSI 를 창원국가산단 개별 업종의 신호라고 부르지 않는다.
2025Q2,전국(업종),C2900,기타기계·장비,AK,가동률BSI,기계,A,83.67,3,86.0,-2.33,True,512Y007,전국,national_by_industry,CONTEXT / BUSINESS_SENTIMENT,업종별 자동판정에 쓰지 않는다. 전국 업종 BSI 를 창원국가산단 개별 업종의 신호라고 부르지 않는다.
2025Q3,전국(업종),C2900,기타기계·장비,AK,가동률BSI,기계,A,81.0,3,83.67,-2.67,True,512Y007,전국,national_by_industry,CONTEXT / BUSINESS_SENTIMENT,업종별 자동판정에 쓰지 않는다. 전국 업종 BSI 를 창원국가산단 개별 업종의 신호라고 부르지 않는다.
2025Q4,전국(업종),C2900,기타기계·장비,AK,가동률BSI,기계,A,75.0,3,78.0,-3.0,True,512Y007,전국,national_by_industry,CONTEXT / BUSINESS_SENTIMENT,업종별 자동판정에 쓰지 않는다. 전국 업종 BSI 를 창원국가산단 개별 업종의 신호라고 부르지 않는다.
2026Q1,전국(업종),C2900,기타기계·장비,AK,가동률BSI,기계,A,87.33,3,74.33,13.0,True,512Y007,전국,national_by_industry,CONTEXT / BUSINESS_SENTIMENT,업종별 자동판정에 쓰지 않는다. 전국 업종 BSI 를 창원국가산단 개별 업종의 신호라고 부르지 않는다.
2026Q2,전국(업종),C2900,기타기계·장비,AK,가동률BSI,기계,A,89.33,3,83.67,5.66,True,512Y007,전국,national_by_industry,CONTEXT / BUSINESS_SENTIMENT,업종별 자동판정에 쓰지 않는다. 전국 업종 BSI 를 창원국가산단 개별 업종의 신호라고 부르지 않는다.
2026Q3,전국(업종),C2900,기타기계·장비,AK,가동률BSI,기계,A,95.0,2,81.0,14.0,True,512Y007,전국,national_by_industry,CONTEXT / BUSINESS_SENTIMENT,업종별 자동판정에 쓰지 않는다. 전국 업종 BSI 를 창원국가산단 개별 업종의 신호라고 부르지 않는다.
2021Q1,전국(업종),C3000,자동차,AA,업황BSI,운송장비,A,81.67,3,,,True,512Y007,전국,national_by_industry,CONTEXT / BUSINESS_SENTIMENT,업종별 자동판정에 쓰지 않는다. 전국 업종 BSI 를 창원국가산단 개별 업종의 신호라고 부르지 않는다.
2021Q2,전국(업종),C3000,자동차,AA,업황BSI,운송장비,A,89.0,3,,,True,512Y007,전국,national_by_industry,CONTEXT / BUSINESS_SENTIMENT,업종별 자동판정에 쓰지 않는다. 전국 업종 BSI 를 창원국가산단 개별 업종의 신호라고 부르지 않는다.
2021Q3,전국(업종),C3000,자동차,AA,업황BSI,운송장비,A,84.0,3,,,True,512Y007,전국,national_by_industry,CONTEXT / BUSINESS_SENTIMENT,업종별 자동판정에 쓰지 않는다. 전국 업종 BSI 를 창원국가산단 개별 업종의 신호라고 부르지 않는다.
2021Q4,전국(업종),C3000,자동차,AA,업황BSI,운송장비,A,73.0,3,,,True,512Y007,전국,national_by_industry,CONTEXT / BUSINESS_SENTIMENT,업종별 자동판정에 쓰지 않는다. 전국 업종 BSI 를 창원국가산단 개별 업종의 신호라고 부르지 않는다.
2022Q1,전국(업종),C3000,자동차,AA,업황BSI,운송장비,A,81.0,3,81.67,-0.67,True,512Y007,전국,national_by_industry,CONTEXT / BUSINESS_SENTIMENT,업종별 자동판정에 쓰지 않는다. 전국 업종 BSI 를 창원국가산단 개별 업종의 신호라고 부르지 않는다.
2022Q2,전국(업종),C3000,자동차,AA,업황BSI,운송장비,A,71.33,3,89.0,-17.67,True,512Y007,전국,national_by_industry,CONTEXT / BUSINESS_SENTIMENT,업종별 자동판정에 쓰지 않는다. 전국 업종 BSI 를 창원국가산단 개별 업종의 신호라고 부르지 않는다.
2022Q3,전국(업종),C3000,자동차,AA,업황BSI,운송장비,A,81.67,3,84.0,-2.33,True,512Y007,전국,national_by_industry,CONTEXT / BUSINESS_SENTIMENT,업종별 자동판정에 쓰지 않는다. 전국 업종 BSI 를 창원국가산단 개별 업종의 신호라고 부르지 않는다.
2022Q4,전국(업종),C3000,자동차,AA,업황BSI,운송장비,A,92.33,3,73.0,19.33,True,512Y007,전국,national_by_industry,CONTEXT / BUSINESS_SENTIMENT,업종별 자동판정에 쓰지 않는다. 전국 업종 BSI 를 창원국가산단 개별 업종의 신호라고 부르지 않는다.
2023Q1,전국(업종),C3000,자동차,AA,업황BSI,운송장비,A,92.67,3,81.0,11.67,True,512Y007,전국,national_by_industry,CONTEXT / BUSINESS_SENTIMENT,업종별 자동판정에 쓰지 않는다. 전국 업종 BSI 를 창원국가산단 개별 업종의 신호라고 부르지 않는다.
2023Q2,전국(업종),C3000,자동차,AA,업황BSI,운송장비,A,100.0,3,71.33,28.67,False,512Y007,전국,national_by_industry,CONTEXT / BUSINESS_SENTIMENT,업종별 자동판정에 쓰지 않는다. 전국 업종 BSI 를 창원국가산단 개별 업종의 신호라고 부르지 않는다.
2023Q3,전국(업종),C3000,자동차,AA,업황BSI,운송장비,A,94.67,3,81.67,13.0,True,512Y007,전국,national_by_industry,CONTEXT / BUSINESS_SENTIMENT,업종별 자동판정에 쓰지 않는다. 전국 업종 BSI 를 창원국가산단 개별 업종의 신호라고 부르지 않는다.
2023Q4,전국(업종),C3000,자동차,AA,업황BSI,운송장비,A,86.33,3,92.33,-6.0,True,512Y007,전국,national_by_industry,CONTEXT / BUSINESS_SENTIMENT,업종별 자동판정에 쓰지 않는다. 전국 업종 BSI 를 창원국가산단 개별 업종의 신호라고 부르지 않는다.
2024Q1,전국(업종),C3000,자동차,AA,업황BSI,운송장비,A,83.0,3,92.67,-9.67,True,512Y007,전국,national_by_industry,CONTEXT / BUSINESS_SENTIMENT,업종별 자동판정에 쓰지 않는다. 전국 업종 BSI 를 창원국가산단 개별 업종의 신호라고 부르지 않는다.
2024Q2,전국(업종),C3000,자동차,AA,업황BSI,운송장비,A,90.0,3,100.0,-10.0,True,512Y007,전국,national_by_industry,CONTEXT / BUSINESS_SENTIMENT,업종별 자동판정에 쓰지 않는다. 전국 업종 BSI 를 창원국가산단 개별 업종의 신호라고 부르지 않는다.
2024Q3,전국(업종),C3000,자동차,AA,업황BSI,운송장비,A,82.33,3,94.67,-12.34,True,512Y007,전국,national_by_industry,CONTEXT / BUSINESS_SENTIMENT,업종별 자동판정에 쓰지 않는다. 전국 업종 BSI 를 창원국가산단 개별 업종의 신호라고 부르지 않는다.
2024Q4,전국(업종),C3000,자동차,AA,업황BSI,운송장비,A,80.0,3,86.33,-6.33,True,512Y007,전국,national_by_industry,CONTEXT / BUSINESS_SENTIMENT,업종별 자동판정에 쓰지 않는다. 전국 업종 BSI 를 창원국가산단 개별 업종의 신호라고 부르지 않는다.
2025Q1,전국(업종),C3000,자동차,AA,업황BSI,운송장비,A,77.33,3,83.0,-5.67,True,512Y007,전국,national_by_industry,CONTEXT / BUSINESS_SENTIMENT,업종별 자동판정에 쓰지 않는다. 전국 업종 BSI 를 창원국가산단 개별 업종의 신호라고 부르지 않는다.
2025Q2,전국(업종),C3000,자동차,AA,업황BSI,운송장비,A,83.67,3,90.0,-6.33,True,512Y007,전국,national_by_industry,CONTEXT / BUSINESS_SENTIMENT,업종별 자동판정에 쓰지 않는다. 전국 업종 BSI 를 창원국가산단 개별 업종의 신호라고 부르지 않는다.
2025Q3,전국(업종),C3000,자동차,AA,업황BSI,운송장비,A,76.0,3,82.33,-6.33,True,512Y007,전국,national_by_industry,CONTEXT / BUSINESS_SENTIMENT,업종별 자동판정에 쓰지 않는다. 전국 업종 BSI 를 창원국가산단 개별 업종의 신호라고 부르지 않는다.
2025Q4,전국(업종),C3000,자동차,AA,업황BSI,운송장비,A,78.67,3,80.0,-1.33,True,512Y007,전국,national_by_industry,CONTEXT / BUSINESS_SENTIMENT,업종별 자동판정에 쓰지 않는다. 전국 업종 BSI 를 창원국가산단 개별 업종의 신호라고 부르지 않는다.
2026Q1,전국(업종),C3000,자동차,AA,업황BSI,운송장비,A,77.0,3,77.33,-0.33,True,512Y007,전국,national_by_industry,CONTEXT / BUSINESS_SENTIMENT,업종별 자동판정에 쓰지 않는다. 전국 업종 BSI 를 창원국가산단 개별 업종의 신호라고 부르지 않는다.
2026Q2,전국(업종),C3000,자동차,AA,업황BSI,운송장비,A,81.33,3,83.67,-2.34,True,512Y007,전국,national_by_industry,CONTEXT / BUSINESS_SENTIMENT,업종별 자동판정에 쓰지 않는다. 전국 업종 BSI 를 창원국가산단 개별 업종의 신호라고 부르지 않는다.
2026Q3,전국(업종),C3000,자동차,AA,업황BSI,운송장비,A,87.0,2,76.0,11.0,True,512Y007,전국,national_by_industry,CONTEXT / BUSINESS_SENTIMENT,업종별 자동판정에 쓰지 않는다. 전국 업종 BSI 를 창원국가산단 개별 업종의 신호라고 부르지 않는다.
2021Q1,전국(업종),C3000,자동차,AC,생산BSI,운송장비,A,99.33,3,,,True,512Y007,전국,national_by_industry,CONTEXT / BUSINESS_SENTIMENT,업종별 자동판정에 쓰지 않는다. 전국 업종 BSI 를 창원국가산단 개별 업종의 신호라고 부르지 않는다.
2021Q2,전국(업종),C3000,자동차,AC,생산BSI,운송장비,A,116.33,3,,,False,512Y007,전국,national_by_industry,CONTEXT / BUSINESS_SENTIMENT,업종별 자동판정에 쓰지 않는다. 전국 업종 BSI 를 창원국가산단 개별 업종의 신호라고 부르지 않는다.
2021Q3,전국(업종),C3000,자동차,AC,생산BSI,운송장비,A,104.67,3,,,False,512Y007,전국,national_by_industry,CONTEXT / BUSINESS_SENTIMENT,업종별 자동판정에 쓰지 않는다. 전국 업종 BSI 를 창원국가산단 개별 업종의 신호라고 부르지 않는다.
2021Q4,전국(업종),C3000,자동차,AC,생산BSI,운송장비,A,79.67,3,,,True,512Y007,전국,national_by_industry,CONTEXT / BUSINESS_SENTIMENT,업종별 자동판정에 쓰지 않는다. 전국 업종 BSI 를 창원국가산단 개별 업종의 신호라고 부르지 않는다.
2022Q1,전국(업종),C3000,자동차,AC,생산BSI,운송장비,A,97.0,3,99.33,-2.33,True,512Y007,전국,national_by_industry,CONTEXT / BUSINESS_SENTIMENT,업종별 자동판정에 쓰지 않는다. 전국 업종 BSI 를 창원국가산단 개별 업종의 신호라고 부르지 않는다.
2022Q2,전국(업종),C3000,자동차,AC,생산BSI,운송장비,A,94.67,3,116.33,-21.66,True,512Y007,전국,national_by_industry,CONTEXT / BUSINESS_SENTIMENT,업종별 자동판정에 쓰지 않는다. 전국 업종 BSI 를 창원국가산단 개별 업종의 신호라고 부르지 않는다.
2022Q3,전국(업종),C3000,자동차,AC,생산BSI,운송장비,A,110.67,3,104.67,6.0,False,512Y007,전국,national_by_industry,CONTEXT / BUSINESS_SENTIMENT,업종별 자동판정에 쓰지 않는다. 전국 업종 BSI 를 창원국가산단 개별 업종의 신호라고 부르지 않는다.
2022Q4,전국(업종),C3000,자동차,AC,생산BSI,운송장비,A,118.0,3,79.67,38.33,False,512Y007,전국,national_by_industry,CONTEXT / BUSINESS_SENTIMENT,업종별 자동판정에 쓰지 않는다. 전국 업종 BSI 를 창원국가산단 개별 업종의 신호라고 부르지 않는다.
2023Q1,전국(업종),C3000,자동차,AC,생산BSI,운송장비,A,110.0,3,97.0,13.0,False,512Y007,전국,national_by_industry,CONTEXT / BUSINESS_SENTIMENT,업종별 자동판정에 쓰지 않는다. 전국 업종 BSI 를 창원국가산단 개별 업종의 신호라고 부르지 않는다.
2023Q2,전국(업종),C3000,자동차,AC,생산BSI,운송장비,A,111.67,3,94.67,17.0,False,512Y007,전국,national_by_industry,CONTEXT / BUSINESS_SENTIMENT,업종별 자동판정에 쓰지 않는다. 전국 업종 BSI 를 창원국가산단 개별 업종의 신호라고 부르지 않는다.
2023Q3,전국(업종),C3000,자동차,AC,생산BSI,운송장비,A,105.0,3,110.67,-5.67,False,512Y007,전국,national_by_industry,CONTEXT / BUSINESS_SENTIMENT,업종별 자동판정에 쓰지 않는다. 전국 업종 BSI 를 창원국가산단 개별 업종의 신호라고 부르지 않는다.
2023Q4,전국(업종),C3000,자동차,AC,생산BSI,운송장비,A,95.67,3,118.0,-22.33,True,512Y007,전국,national_by_industry,CONTEXT / BUSINESS_SENTIMENT,업종별 자동판정에 쓰지 않는다. 전국 업종 BSI 를 창원국가산단 개별 업종의 신호라고 부르지 않는다.
2024Q1,전국(업종),C3000,자동차,AC,생산BSI,운송장비,A,89.0,3,110.0,-21.0,True,512Y007,전국,national_by_industry,CONTEXT / BUSINESS_SENTIMENT,업종별 자동판정에 쓰지 않는다. 전국 업종 BSI 를 창원국가산단 개별 업종의 신호라고 부르지 않는다.
2024Q2,전국(업종),C3000,자동차,AC,생산BSI,운송장비,A,95.33,3,111.67,-16.34,True,512Y007,전국,national_by_industry,CONTEXT / BUSINESS_SENTIMENT,업종별 자동판정에 쓰지 않는다. 전국 업종 BSI 를 창원국가산단 개별 업종의 신호라고 부르지 않는다.
2024Q3,전국(업종),C3000,자동차,AC,생산BSI,운송장비,A,88.0,3,105.0,-17.0,True,512Y007,전국,national_by_industry,CONTEXT / BUSINESS_SENTIMENT,업종별 자동판정에 쓰지 않는다. 전국 업종 BSI 를 창원국가산단 개별 업종의 신호라고 부르지 않는다.
2024Q4,전국(업종),C3000,자동차,AC,생산BSI,운송장비,A,83.67,3,95.67,-12.0,True,512Y007,전국,national_by_industry,CONTEXT / BUSINESS_SENTIMENT,업종별 자동판정에 쓰지 않는다. 전국 업종 BSI 를 창원국가산단 개별 업종의 신호라고 부르지 않는다.
2025Q1,전국(업종),C3000,자동차,AC,생산BSI,운송장비,A,86.67,3,89.0,-2.33,True,512Y007,전국,national_by_industry,CONTEXT / BUSINESS_SENTIMENT,업종별 자동판정에 쓰지 않는다. 전국 업종 BSI 를 창원국가산단 개별 업종의 신호라고 부르지 않는다.
2025Q2,전국(업종),C3000,자동차,AC,생산BSI,운송장비,A,94.0,3,95.33,-1.33,True,512Y007,전국,national_by_industry,CONTEXT / BUSINESS_SENTIMENT,업종별 자동판정에 쓰지 않는다. 전국 업종 BSI 를 창원국가산단 개별 업종의 신호라고 부르지 않는다.
2025Q3,전국(업종),C3000,자동차,AC,생산BSI,운송장비,A,86.67,3,88.0,-1.33,True,512Y007,전국,national_by_industry,CONTEXT / BUSINESS_SENTIMENT,업종별 자동판정에 쓰지 않는다. 전국 업종 BSI 를 창원국가산단 개별 업종의 신호라고 부르지 않는다.
2025Q4,전국(업종),C3000,자동차,AC,생산BSI,운송장비,A,84.67,3,83.67,1.0,True,512Y007,전국,national_by_industry,CONTEXT / BUSINESS_SENTIMENT,업종별 자동판정에 쓰지 않는다. 전국 업종 BSI 를 창원국가산단 개별 업종의 신호라고 부르지 않는다.
2026Q1,전국(업종),C3000,자동차,AC,생산BSI,운송장비,A,84.0,3,86.67,-2.67,True,512Y007,전국,national_by_industry,CONTEXT / BUSINESS_SENTIMENT,업종별 자동판정에 쓰지 않는다. 전국 업종 BSI 를 창원국가산단 개별 업종의 신호라고 부르지 않는다.
2026Q2,전국(업종),C3000,자동차,AC,생산BSI,운송장비,A,92.33,3,94.0,-1.67,True,512Y007,전국,national_by_industry,CONTEXT / BUSINESS_SENTIMENT,업종별 자동판정에 쓰지 않는다. 전국 업종 BSI 를 창원국가산단 개별 업종의 신호라고 부르지 않는다.
2026Q3,전국(업종),C3000,자동차,AC,생산BSI,운송장비,A,96.0,2,86.67,9.33,True,512Y007,전국,national_by_industry,CONTEXT / BUSINESS_SENTIMENT,업종별 자동판정에 쓰지 않는다. 전국 업종 BSI 를 창원국가산단 개별 업종의 신호라고 부르지 않는다.
2021Q1,전국(업종),C3000,자동차,AD,신규수주BSI,운송장비,A,86.0,3,,,True,512Y007,전국,national_by_industry,CONTEXT / BUSINESS_SENTIMENT,업종별 자동판정에 쓰지 않는다. 전국 업종 BSI 를 창원국가산단 개별 업종의 신호라고 부르지 않는다.
2021Q2,전국(업종),C3000,자동차,AD,신규수주BSI,운송장비,A,111.0,3,,,False,512Y007,전국,national_by_industry,CONTEXT / BUSINESS_SENTIMENT,업종별 자동판정에 쓰지 않는다. 전국 업종 BSI 를 창원국가산단 개별 업종의 신호라고 부르지 않는다.
2021Q3,전국(업종),C3000,자동차,AD,신규수주BSI,운송장비,A,100.67,3,,,False,512Y007,전국,national_by_industry,CONTEXT / BUSINESS_SENTIMENT,업종별 자동판정에 쓰지 않는다. 전국 업종 BSI 를 창원국가산단 개별 업종의 신호라고 부르지 않는다.
2021Q4,전국(업종),C3000,자동차,AD,신규수주BSI,운송장비,A,85.33,3,,,True,512Y007,전국,national_by_industry,CONTEXT / BUSINESS_SENTIMENT,업종별 자동판정에 쓰지 않는다. 전국 업종 BSI 를 창원국가산단 개별 업종의 신호라고 부르지 않는다.
2022Q1,전국(업종),C3000,자동차,AD,신규수주BSI,운송장비,A,98.0,3,86.0,12.0,True,512Y007,전국,national_by_industry,CONTEXT / BUSINESS_SENTIMENT,업종별 자동판정에 쓰지 않는다. 전국 업종 BSI 를 창원국가산단 개별 업종의 신호라고 부르지 않는다.
2022Q2,전국(업종),C3000,자동차,AD,신규수주BSI,운송장비,A,93.0,3,111.0,-18.0,True,512Y007,전국,national_by_industry,CONTEXT / BUSINESS_SENTIMENT,업종별 자동판정에 쓰지 않는다. 전국 업종 BSI 를 창원국가산단 개별 업종의 신호라고 부르지 않는다.
2022Q3,전국(업종),C3000,자동차,AD,신규수주BSI,운송장비,A,102.0,3,100.67,1.33,False,512Y007,전국,national_by_industry,CONTEXT / BUSINESS_SENTIMENT,업종별 자동판정에 쓰지 않는다. 전국 업종 BSI 를 창원국가산단 개별 업종의 신호라고 부르지 않는다.
2022Q4,전국(업종),C3000,자동차,AD,신규수주BSI,운송장비,A,105.33,3,85.33,20.0,False,512Y007,전국,national_by_industry,CONTEXT / BUSINESS_SENTIMENT,업종별 자동판정에 쓰지 않는다. 전국 업종 BSI 를 창원국가산단 개별 업종의 신호라고 부르지 않는다.
2023Q1,전국(업종),C3000,자동차,AD,신규수주BSI,운송장비,A,97.33,3,98.0,-0.67,True,512Y007,전국,national_by_industry,CONTEXT / BUSINESS_SENTIMENT,업종별 자동판정에 쓰지 않는다. 전국 업종 BSI 를 창원국가산단 개별 업종의 신호라고 부르지 않는다.
2023Q2,전국(업종),C3000,자동차,AD,신규수주BSI,운송장비,A,100.0,3,93.0,7.0,False,512Y007,전국,national_by_industry,CONTEXT / BUSINESS_SENTIMENT,업종별 자동판정에 쓰지 않는다. 전국 업종 BSI 를 창원국가산단 개별 업종의 신호라고 부르지 않는다.
2023Q3,전국(업종),C3000,자동차,AD,신규수주BSI,운송장비,A,101.33,3,102.0,-0.67,False,512Y007,전국,national_by_industry,CONTEXT / BUSINESS_SENTIMENT,업종별 자동판정에 쓰지 않는다. 전국 업종 BSI 를 창원국가산단 개별 업종의 신호라고 부르지 않는다.
2023Q4,전국(업종),C3000,자동차,AD,신규수주BSI,운송장비,A,87.33,3,105.33,-18.0,True,512Y007,전국,national_by_industry,CONTEXT / BUSINESS_SENTIMENT,업종별 자동판정에 쓰지 않는다. 전국 업종 BSI 를 창원국가산단 개별 업종의 신호라고 부르지 않는다.
2024Q1,전국(업종),C3000,자동차,AD,신규수주BSI,운송장비,A,84.0,3,97.33,-13.33,True,512Y007,전국,national_by_industry,CONTEXT / BUSINESS_SENTIMENT,업종별 자동판정에 쓰지 않는다. 전국 업종 BSI 를 창원국가산단 개별 업종의 신호라고 부르지 않는다.
2024Q2,전국(업종),C3000,자동차,AD,신규수주BSI,운송장비,A,89.0,3,100.0,-11.0,True,512Y007,전국,national_by_industry,CONTEXT / BUSINESS_SENTIMENT,업종별 자동판정에 쓰지 않는다. 전국 업종 BSI 를 창원국가산단 개별 업종의 신호라고 부르지 않는다.
2024Q3,전국(업종),C3000,자동차,AD,신규수주BSI,운송장비,A,82.33,3,101.33,-19.0,True,512Y007,전국,national_by_industry,CONTEXT / BUSINESS_SENTIMENT,업종별 자동판정에 쓰지 않는다. 전국 업종 BSI 를 창원국가산단 개별 업종의 신호라고 부르지 않는다.
2024Q4,전국(업종),C3000,자동차,AD,신규수주BSI,운송장비,A,80.33,3,87.33,-7.0,True,512Y007,전국,national_by_industry,CONTEXT / BUSINESS_SENTIMENT,업종별 자동판정에 쓰지 않는다. 전국 업종 BSI 를 창원국가산단 개별 업종의 신호라고 부르지 않는다.
2025Q1,전국(업종),C3000,자동차,AD,신규수주BSI,운송장비,A,81.67,3,84.0,-2.33,True,512Y007,전국,national_by_industry,CONTEXT / BUSINESS_SENTIMENT,업종별 자동판정에 쓰지 않는다. 전국 업종 BSI 를 창원국가산단 개별 업종의 신호라고 부르지 않는다.
2025Q2,전국(업종),C3000,자동차,AD,신규수주BSI,운송장비,A,88.67,3,89.0,-0.33,True,512Y007,전국,national_by_industry,CONTEXT / BUSINESS_SENTIMENT,업종별 자동판정에 쓰지 않는다. 전국 업종 BSI 를 창원국가산단 개별 업종의 신호라고 부르지 않는다.
2025Q3,전국(업종),C3000,자동차,AD,신규수주BSI,운송장비,A,85.0,3,82.33,2.67,True,512Y007,전국,national_by_industry,CONTEXT / BUSINESS_SENTIMENT,업종별 자동판정에 쓰지 않는다. 전국 업종 BSI 를 창원국가산단 개별 업종의 신호라고 부르지 않는다.
2025Q4,전국(업종),C3000,자동차,AD,신규수주BSI,운송장비,A,81.67,3,80.33,1.34,True,512Y007,전국,national_by_industry,CONTEXT / BUSINESS_SENTIMENT,업종별 자동판정에 쓰지 않는다. 전국 업종 BSI 를 창원국가산단 개별 업종의 신호라고 부르지 않는다.
2026Q1,전국(업종),C3000,자동차,AD,신규수주BSI,운송장비,A,84.67,3,81.67,3.0,True,512Y007,전국,national_by_industry,CONTEXT / BUSINESS_SENTIMENT,업종별 자동판정에 쓰지 않는다. 전국 업종 BSI 를 창원국가산단 개별 업종의 신호라고 부르지 않는다.
2026Q2,전국(업종),C3000,자동차,AD,신규수주BSI,운송장비,A,93.0,3,88.67,4.33,True,512Y007,전국,national_by_industry,CONTEXT / BUSINESS_SENTIMENT,업종별 자동판정에 쓰지 않는다. 전국 업종 BSI 를 창원국가산단 개별 업종의 신호라고 부르지 않는다.
2026Q3,전국(업종),C3000,자동차,AD,신규수주BSI,운송장비,A,97.0,2,85.0,12.0,True,512Y007,전국,national_by_industry,CONTEXT / BUSINESS_SENTIMENT,업종별 자동판정에 쓰지 않는다. 전국 업종 BSI 를 창원국가산단 개별 업종의 신호라고 부르지 않는다.
2021Q1,전국(업종),C3000,자동차,AJ,인력사정BSI,운송장비,A,96.0,3,,,True,512Y007,전국,national_by_industry,CONTEXT / BUSINESS_SENTIMENT,업종별 자동판정에 쓰지 않는다. 전국 업종 BSI 를 창원국가산단 개별 업종의 신호라고 부르지 않는다.
2021Q2,전국(업종),C3000,자동차,AJ,인력사정BSI,운송장비,A,96.67,3,,,True,512Y007,전국,national_by_industry,CONTEXT / BUSINESS_SENTIMENT,업종별 자동판정에 쓰지 않는다. 전국 업종 BSI 를 창원국가산단 개별 업종의 신호라고 부르지 않는다.
2021Q3,전국(업종),C3000,자동차,AJ,인력사정BSI,운송장비,A,96.67,3,,,True,512Y007,전국,national_by_industry,CONTEXT / BUSINESS_SENTIMENT,업종별 자동판정에 쓰지 않는다. 전국 업종 BSI 를 창원국가산단 개별 업종의 신호라고 부르지 않는다.
2021Q4,전국(업종),C3000,자동차,AJ,인력사정BSI,운송장비,A,89.33,3,,,True,512Y007,전국,national_by_industry,CONTEXT / BUSINESS_SENTIMENT,업종별 자동판정에 쓰지 않는다. 전국 업종 BSI 를 창원국가산단 개별 업종의 신호라고 부르지 않는다.
2022Q1,전국(업종),C3000,자동차,AJ,인력사정BSI,운송장비,A,92.33,3,96.0,-3.67,True,512Y007,전국,national_by_industry,CONTEXT / BUSINESS_SENTIMENT,업종별 자동판정에 쓰지 않는다. 전국 업종 BSI 를 창원국가산단 개별 업종의 신호라고 부르지 않는다.
2022Q2,전국(업종),C3000,자동차,AJ,인력사정BSI,운송장비,A,89.0,3,96.67,-7.67,True,512Y007,전국,national_by_industry,CONTEXT / BUSINESS_SENTIMENT,업종별 자동판정에 쓰지 않는다. 전국 업종 BSI 를 창원국가산단 개별 업종의 신호라고 부르지 않는다.
2022Q3,전국(업종),C3000,자동차,AJ,인력사정BSI,운송장비,A,86.67,3,96.67,-10.0,True,512Y007,전국,national_by_industry,CONTEXT / BUSINESS_SENTIMENT,업종별 자동판정에 쓰지 않는다. 전국 업종 BSI 를 창원국가산단 개별 업종의 신호라고 부르지 않는다.
2022Q4,전국(업종),C3000,자동차,AJ,인력사정BSI,운송장비,A,87.0,3,89.33,-2.33,True,512Y007,전국,national_by_industry,CONTEXT / BUSINESS_SENTIMENT,업종별 자동판정에 쓰지 않는다. 전국 업종 BSI 를 창원국가산단 개별 업종의 신호라고 부르지 않는다.
2023Q1,전국(업종),C3000,자동차,AJ,인력사정BSI,운송장비,A,92.67,3,92.33,0.34,True,512Y007,전국,national_by_industry,CONTEXT / BUSINESS_SENTIMENT,업종별 자동판정에 쓰지 않는다. 전국 업종 BSI 를 창원국가산단 개별 업종의 신호라고 부르지 않는다.
2023Q2,전국(업종),C3000,자동차,AJ,인력사정BSI,운송장비,A,88.33,3,89.0,-0.67,True,512Y007,전국,national_by_industry,CONTEXT / BUSINESS_SENTIMENT,업종별 자동판정에 쓰지 않는다. 전국 업종 BSI 를 창원국가산단 개별 업종의 신호라고 부르지 않는다.
2023Q3,전국(업종),C3000,자동차,AJ,인력사정BSI,운송장비,A,88.33,3,86.67,1.66,True,512Y007,전국,national_by_industry,CONTEXT / BUSINESS_SENTIMENT,업종별 자동판정에 쓰지 않는다. 전국 업종 BSI 를 창원국가산단 개별 업종의 신호라고 부르지 않는다.
2023Q4,전국(업종),C3000,자동차,AJ,인력사정BSI,운송장비,A,84.67,3,87.0,-2.33,True,512Y007,전국,national_by_industry,CONTEXT / BUSINESS_SENTIMENT,업종별 자동판정에 쓰지 않는다. 전국 업종 BSI 를 창원국가산단 개별 업종의 신호라고 부르지 않는다.
2024Q1,전국(업종),C3000,자동차,AJ,인력사정BSI,운송장비,A,90.0,3,92.67,-2.67,True,512Y007,전국,national_by_industry,CONTEXT / BUSINESS_SENTIMENT,업종별 자동판정에 쓰지 않는다. 전국 업종 BSI 를 창원국가산단 개별 업종의 신호라고 부르지 않는다.
2024Q2,전국(업종),C3000,자동차,AJ,인력사정BSI,운송장비,A,91.33,3,88.33,3.0,True,512Y007,전국,national_by_industry,CONTEXT / BUSINESS_SENTIMENT,업종별 자동판정에 쓰지 않는다. 전국 업종 BSI 를 창원국가산단 개별 업종의 신호라고 부르지 않는다.
2024Q3,전국(업종),C3000,자동차,AJ,인력사정BSI,운송장비,A,93.67,3,88.33,5.34,True,512Y007,전국,national_by_industry,CONTEXT / BUSINESS_SENTIMENT,업종별 자동판정에 쓰지 않는다. 전국 업종 BSI 를 창원국가산단 개별 업종의 신호라고 부르지 않는다.
2024Q4,전국(업종),C3000,자동차,AJ,인력사정BSI,운송장비,A,94.67,3,84.67,10.0,True,512Y007,전국,national_by_industry,CONTEXT / BUSINESS_SENTIMENT,업종별 자동판정에 쓰지 않는다. 전국 업종 BSI 를 창원국가산단 개별 업종의 신호라고 부르지 않는다.
2025Q1,전국(업종),C3000,자동차,AJ,인력사정BSI,운송장비,A,93.0,3,90.0,3.0,True,512Y007,전국,national_by_industry,CONTEXT / BUSINESS_SENTIMENT,업종별 자동판정에 쓰지 않는다. 전국 업종 BSI 를 창원국가산단 개별 업종의 신호라고 부르지 않는다.
2025Q2,전국(업종),C3000,자동차,AJ,인력사정BSI,운송장비,A,92.33,3,91.33,1.0,True,512Y007,전국,national_by_industry,CONTEXT / BUSINESS_SENTIMENT,업종별 자동판정에 쓰지 않는다. 전국 업종 BSI 를 창원국가산단 개별 업종의 신호라고 부르지 않는다.
2025Q3,전국(업종),C3000,자동차,AJ,인력사정BSI,운송장비,A,98.67,3,93.67,5.0,True,512Y007,전국,national_by_industry,CONTEXT / BUSINESS_SENTIMENT,업종별 자동판정에 쓰지 않는다. 전국 업종 BSI 를 창원국가산단 개별 업종의 신호라고 부르지 않는다.
2025Q4,전국(업종),C3000,자동차,AJ,인력사정BSI,운송장비,A,101.0,3,94.67,6.33,False,512Y007,전국,national_by_industry,CONTEXT / BUSINESS_SENTIMENT,업종별 자동판정에 쓰지 않는다. 전국 업종 BSI 를 창원국가산단 개별 업종의 신호라고 부르지 않는다.
2026Q1,전국(업종),C3000,자동차,AJ,인력사정BSI,운송장비,A,97.33,3,93.0,4.33,True,512Y007,전국,national_by_industry,CONTEXT / BUSINESS_SENTIMENT,업종별 자동판정에 쓰지 않는다. 전국 업종 BSI 를 창원국가산단 개별 업종의 신호라고 부르지 않는다.
2026Q2,전국(업종),C3000,자동차,AJ,인력사정BSI,운송장비,A,95.67,3,92.33,3.34,True,512Y007,전국,national_by_industry,CONTEXT / BUSINESS_SENTIMENT,업종별 자동판정에 쓰지 않는다. 전국 업종 BSI 를 창원국가산단 개별 업종의 신호라고 부르지 않는다.
2026Q3,전국(업종),C3000,자동차,AJ,인력사정BSI,운송장비,A,95.0,2,98.67,-3.67,True,512Y007,전국,national_by_industry,CONTEXT / BUSINESS_SENTIMENT,업종별 자동판정에 쓰지 않는다. 전국 업종 BSI 를 창원국가산단 개별 업종의 신호라고 부르지 않는다.
2021Q1,전국(업종),C3000,자동차,AK,가동률BSI,운송장비,A,102.0,3,,,False,512Y007,전국,national_by_industry,CONTEXT / BUSINESS_SENTIMENT,업종별 자동판정에 쓰지 않는다. 전국 업종 BSI 를 창원국가산단 개별 업종의 신호라고 부르지 않는다.
2021Q2,전국(업종),C3000,자동차,AK,가동률BSI,운송장비,A,116.67,3,,,False,512Y007,전국,national_by_industry,CONTEXT / BUSINESS_SENTIMENT,업종별 자동판정에 쓰지 않는다. 전국 업종 BSI 를 창원국가산단 개별 업종의 신호라고 부르지 않는다.
2021Q3,전국(업종),C3000,자동차,AK,가동률BSI,운송장비,A,105.0,3,,,False,512Y007,전국,national_by_industry,CONTEXT / BUSINESS_SENTIMENT,업종별 자동판정에 쓰지 않는다. 전국 업종 BSI 를 창원국가산단 개별 업종의 신호라고 부르지 않는다.
2021Q4,전국(업종),C3000,자동차,AK,가동률BSI,운송장비,A,80.33,3,,,True,512Y007,전국,national_by_industry,CONTEXT / BUSINESS_SENTIMENT,업종별 자동판정에 쓰지 않는다. 전국 업종 BSI 를 창원국가산단 개별 업종의 신호라고 부르지 않는다.
2022Q1,전국(업종),C3000,자동차,AK,가동률BSI,운송장비,A,97.0,3,102.0,-5.0,True,512Y007,전국,national_by_industry,CONTEXT / BUSINESS_SENTIMENT,업종별 자동판정에 쓰지 않는다. 전국 업종 BSI 를 창원국가산단 개별 업종의 신호라고 부르지 않는다.
2022Q2,전국(업종),C3000,자동차,AK,가동률BSI,운송장비,A,93.67,3,116.67,-23.0,True,512Y007,전국,national_by_industry,CONTEXT / BUSINESS_SENTIMENT,업종별 자동판정에 쓰지 않는다. 전국 업종 BSI 를 창원국가산단 개별 업종의 신호라고 부르지 않는다.
2022Q3,전국(업종),C3000,자동차,AK,가동률BSI,운송장비,A,109.33,3,105.0,4.33,False,512Y007,전국,national_by_industry,CONTEXT / BUSINESS_SENTIMENT,업종별 자동판정에 쓰지 않는다. 전국 업종 BSI 를 창원국가산단 개별 업종의 신호라고 부르지 않는다.
2022Q4,전국(업종),C3000,자동차,AK,가동률BSI,운송장비,A,116.33,3,80.33,36.0,False,512Y007,전국,national_by_industry,CONTEXT / BUSINESS_SENTIMENT,업종별 자동판정에 쓰지 않는다. 전국 업종 BSI 를 창원국가산단 개별 업종의 신호라고 부르지 않는다.
2023Q1,전국(업종),C3000,자동차,AK,가동률BSI,운송장비,A,108.0,3,97.0,11.0,False,512Y007,전국,national_by_industry,CONTEXT / BUSINESS_SENTIMENT,업종별 자동판정에 쓰지 않는다. 전국 업종 BSI 를 창원국가산단 개별 업종의 신호라고 부르지 않는다.
2023Q2,전국(업종),C3000,자동차,AK,가동률BSI,운송장비,A,110.0,3,93.67,16.33,False,512Y007,전국,national_by_industry,CONTEXT / BUSINESS_SENTIMENT,업종별 자동판정에 쓰지 않는다. 전국 업종 BSI 를 창원국가산단 개별 업종의 신호라고 부르지 않는다.
2023Q3,전국(업종),C3000,자동차,AK,가동률BSI,운송장비,A,106.33,3,109.33,-3.0,False,512Y007,전국,national_by_industry,CONTEXT / BUSINESS_SENTIMENT,업종별 자동판정에 쓰지 않는다. 전국 업종 BSI 를 창원국가산단 개별 업종의 신호라고 부르지 않는다.
2023Q4,전국(업종),C3000,자동차,AK,가동률BSI,운송장비,A,90.67,3,116.33,-25.66,True,512Y007,전국,national_by_industry,CONTEXT / BUSINESS_SENTIMENT,업종별 자동판정에 쓰지 않는다. 전국 업종 BSI 를 창원국가산단 개별 업종의 신호라고 부르지 않는다.
2024Q1,전국(업종),C3000,자동차,AK,가동률BSI,운송장비,A,89.67,3,108.0,-18.33,True,512Y007,전국,national_by_industry,CONTEXT / BUSINESS_SENTIMENT,업종별 자동판정에 쓰지 않는다. 전국 업종 BSI 를 창원국가산단 개별 업종의 신호라고 부르지 않는다.
2024Q2,전국(업종),C3000,자동차,AK,가동률BSI,운송장비,A,95.0,3,110.0,-15.0,True,512Y007,전국,national_by_industry,CONTEXT / BUSINESS_SENTIMENT,업종별 자동판정에 쓰지 않는다. 전국 업종 BSI 를 창원국가산단 개별 업종의 신호라고 부르지 않는다.
2024Q3,전국(업종),C3000,자동차,AK,가동률BSI,운송장비,A,84.67,3,106.33,-21.66,True,512Y007,전국,national_by_industry,CONTEXT / BUSINESS_SENTIMENT,업종별 자동판정에 쓰지 않는다. 전국 업종 BSI 를 창원국가산단 개별 업종의 신호라고 부르지 않는다.
2024Q4,전국(업종),C3000,자동차,AK,가동률BSI,운송장비,A,82.0,3,90.67,-8.67,True,512Y007,전국,national_by_industry,CONTEXT / BUSINESS_SENTIMENT,업종별 자동판정에 쓰지 않는다. 전국 업종 BSI 를 창원국가산단 개별 업종의 신호라고 부르지 않는다.
2025Q1,전국(업종),C3000,자동차,AK,가동률BSI,운송장비,A,85.0,3,89.67,-4.67,True,512Y007,전국,national_by_industry,CONTEXT / BUSINESS_SENTIMENT,업종별 자동판정에 쓰지 않는다. 전국 업종 BSI 를 창원국가산단 개별 업종의 신호라고 부르지 않는다.
2025Q2,전국(업종),C3000,자동차,AK,가동률BSI,운송장비,A,91.0,3,95.0,-4.0,True,512Y007,전국,national_by_industry,CONTEXT / BUSINESS_SENTIMENT,업종별 자동판정에 쓰지 않는다. 전국 업종 BSI 를 창원국가산단 개별 업종의 신호라고 부르지 않는다.
2025Q3,전국(업종),C3000,자동차,AK,가동률BSI,운송장비,A,86.0,3,84.67,1.33,True,512Y007,전국,national_by_industry,CONTEXT / BUSINESS_SENTIMENT,업종별 자동판정에 쓰지 않는다. 전국 업종 BSI 를 창원국가산단 개별 업종의 신호라고 부르지 않는다.
2025Q4,전국(업종),C3000,자동차,AK,가동률BSI,운송장비,A,84.33,3,82.0,2.33,True,512Y007,전국,national_by_industry,CONTEXT / BUSINESS_SENTIMENT,업종별 자동판정에 쓰지 않는다. 전국 업종 BSI 를 창원국가산단 개별 업종의 신호라고 부르지 않는다.
2026Q1,전국(업종),C3000,자동차,AK,가동률BSI,운송장비,A,82.67,3,85.0,-2.33,True,512Y007,전국,national_by_industry,CONTEXT / BUSINESS_SENTIMENT,업종별 자동판정에 쓰지 않는다. 전국 업종 BSI 를 창원국가산단 개별 업종의 신호라고 부르지 않는다.
2026Q2,전국(업종),C3000,자동차,AK,가동률BSI,운송장비,A,90.67,3,91.0,-0.33,True,512Y007,전국,national_by_industry,CONTEXT / BUSINESS_SENTIMENT,업종별 자동판정에 쓰지 않는다. 전국 업종 BSI 를 창원국가산단 개별 업종의 신호라고 부르지 않는다.
2026Q3,전국(업종),C3000,자동차,AK,가동률BSI,운송장비,A,94.0,2,86.0,8.0,True,512Y007,전국,national_by_industry,CONTEXT / BUSINESS_SENTIMENT,업종별 자동판정에 쓰지 않는다. 전국 업종 BSI 를 창원국가산단 개별 업종의 신호라고 부르지 않는다.
2021Q1,전국(업종),C3100,조선·기타운수,AA,업황BSI,운송장비,A,71.33,3,,,True,512Y007,전국,national_by_industry,CONTEXT / BUSINESS_SENTIMENT,업종별 자동판정에 쓰지 않는다. 전국 업종 BSI 를 창원국가산단 개별 업종의 신호라고 부르지 않는다.
2021Q2,전국(업종),C3100,조선·기타운수,AA,업황BSI,운송장비,A,78.33,3,,,True,512Y007,전국,national_by_industry,CONTEXT / BUSINESS_SENTIMENT,업종별 자동판정에 쓰지 않는다. 전국 업종 BSI 를 창원국가산단 개별 업종의 신호라고 부르지 않는다.
2021Q3,전국(업종),C3100,조선·기타운수,AA,업황BSI,운송장비,A,80.0,3,,,True,512Y007,전국,national_by_industry,CONTEXT / BUSINESS_SENTIMENT,업종별 자동판정에 쓰지 않는다. 전국 업종 BSI 를 창원국가산단 개별 업종의 신호라고 부르지 않는다.
2021Q4,전국(업종),C3100,조선·기타운수,AA,업황BSI,운송장비,A,86.33,3,,,True,512Y007,전국,national_by_industry,CONTEXT / BUSINESS_SENTIMENT,업종별 자동판정에 쓰지 않는다. 전국 업종 BSI 를 창원국가산단 개별 업종의 신호라고 부르지 않는다.
2022Q1,전국(업종),C3100,조선·기타운수,AA,업황BSI,운송장비,A,81.0,3,71.33,9.67,True,512Y007,전국,national_by_industry,CONTEXT / BUSINESS_SENTIMENT,업종별 자동판정에 쓰지 않는다. 전국 업종 BSI 를 창원국가산단 개별 업종의 신호라고 부르지 않는다.
2022Q2,전국(업종),C3100,조선·기타운수,AA,업황BSI,운송장비,A,79.67,3,78.33,1.34,True,512Y007,전국,national_by_industry,CONTEXT / BUSINESS_SENTIMENT,업종별 자동판정에 쓰지 않는다. 전국 업종 BSI 를 창원국가산단 개별 업종의 신호라고 부르지 않는다.
2022Q3,전국(업종),C3100,조선·기타운수,AA,업황BSI,운송장비,A,81.0,3,80.0,1.0,True,512Y007,전국,national_by_industry,CONTEXT / BUSINESS_SENTIMENT,업종별 자동판정에 쓰지 않는다. 전국 업종 BSI 를 창원국가산단 개별 업종의 신호라고 부르지 않는다.
2022Q4,전국(업종),C3100,조선·기타운수,AA,업황BSI,운송장비,A,81.67,3,86.33,-4.66,True,512Y007,전국,national_by_industry,CONTEXT / BUSINESS_SENTIMENT,업종별 자동판정에 쓰지 않는다. 전국 업종 BSI 를 창원국가산단 개별 업종의 신호라고 부르지 않는다.
2023Q1,전국(업종),C3100,조선·기타운수,AA,업황BSI,운송장비,A,91.67,3,81.0,10.67,True,512Y007,전국,national_by_industry,CONTEXT / BUSINESS_SENTIMENT,업종별 자동판정에 쓰지 않는다. 전국 업종 BSI 를 창원국가산단 개별 업종의 신호라고 부르지 않는다.
2023Q2,전국(업종),C3100,조선·기타운수,AA,업황BSI,운송장비,A,94.0,3,79.67,14.33,True,512Y007,전국,national_by_industry,CONTEXT / BUSINESS_SENTIMENT,업종별 자동판정에 쓰지 않는다. 전국 업종 BSI 를 창원국가산단 개별 업종의 신호라고 부르지 않는다.
2023Q3,전국(업종),C3100,조선·기타운수,AA,업황BSI,운송장비,A,101.0,3,81.0,20.0,False,512Y007,전국,national_by_industry,CONTEXT / BUSINESS_SENTIMENT,업종별 자동판정에 쓰지 않는다. 전국 업종 BSI 를 창원국가산단 개별 업종의 신호라고 부르지 않는다.
2023Q4,전국(업종),C3100,조선·기타운수,AA,업황BSI,운송장비,A,100.67,3,81.67,19.0,False,512Y007,전국,national_by_industry,CONTEXT / BUSINESS_SENTIMENT,업종별 자동판정에 쓰지 않는다. 전국 업종 BSI 를 창원국가산단 개별 업종의 신호라고 부르지 않는다.
2024Q1,전국(업종),C3100,조선·기타운수,AA,업황BSI,운송장비,A,88.0,3,91.67,-3.67,True,512Y007,전국,national_by_industry,CONTEXT / BUSINESS_SENTIMENT,업종별 자동판정에 쓰지 않는다. 전국 업종 BSI 를 창원국가산단 개별 업종의 신호라고 부르지 않는다.
2024Q2,전국(업종),C3100,조선·기타운수,AA,업황BSI,운송장비,A,101.0,3,94.0,7.0,False,512Y007,전국,national_by_industry,CONTEXT / BUSINESS_SENTIMENT,업종별 자동판정에 쓰지 않는다. 전국 업종 BSI 를 창원국가산단 개별 업종의 신호라고 부르지 않는다.
2024Q3,전국(업종),C3100,조선·기타운수,AA,업황BSI,운송장비,A,103.33,3,101.0,2.33,False,512Y007,전국,national_by_industry,CONTEXT / BUSINESS_SENTIMENT,업종별 자동판정에 쓰지 않는다. 전국 업종 BSI 를 창원국가산단 개별 업종의 신호라고 부르지 않는다.
2024Q4,전국(업종),C3100,조선·기타운수,AA,업황BSI,운송장비,A,104.0,3,100.67,3.33,False,512Y007,전국,national_by_industry,CONTEXT / BUSINESS_SENTIMENT,업종별 자동판정에 쓰지 않는다. 전국 업종 BSI 를 창원국가산단 개별 업종의 신호라고 부르지 않는다.
2025Q1,전국(업종),C3100,조선·기타운수,AA,업황BSI,운송장비,A,96.0,3,88.0,8.0,True,512Y007,전국,national_by_industry,CONTEXT / BUSINESS_SENTIMENT,업종별 자동판정에 쓰지 않는다. 전국 업종 BSI 를 창원국가산단 개별 업종의 신호라고 부르지 않는다.
2025Q2,전국(업종),C3100,조선·기타운수,AA,업황BSI,운송장비,A,96.0,3,101.0,-5.0,True,512Y007,전국,national_by_industry,CONTEXT / BUSINESS_SENTIMENT,업종별 자동판정에 쓰지 않는다. 전국 업종 BSI 를 창원국가산단 개별 업종의 신호라고 부르지 않는다.
2025Q3,전국(업종),C3100,조선·기타운수,AA,업황BSI,운송장비,A,91.33,3,103.33,-12.0,True,512Y007,전국,national_by_industry,CONTEXT / BUSINESS_SENTIMENT,업종별 자동판정에 쓰지 않는다. 전국 업종 BSI 를 창원국가산단 개별 업종의 신호라고 부르지 않는다.
2025Q4,전국(업종),C3100,조선·기타운수,AA,업황BSI,운송장비,A,99.33,3,104.0,-4.67,True,512Y007,전국,national_by_industry,CONTEXT / BUSINESS_SENTIMENT,업종별 자동판정에 쓰지 않는다. 전국 업종 BSI 를 창원국가산단 개별 업종의 신호라고 부르지 않는다.
2026Q1,전국(업종),C3100,조선·기타운수,AA,업황BSI,운송장비,A,101.67,3,96.0,5.67,False,512Y007,전국,national_by_industry,CONTEXT / BUSINESS_SENTIMENT,업종별 자동판정에 쓰지 않는다. 전국 업종 BSI 를 창원국가산단 개별 업종의 신호라고 부르지 않는다.
2026Q2,전국(업종),C3100,조선·기타운수,AA,업황BSI,운송장비,A,100.33,3,96.0,4.33,False,512Y007,전국,national_by_industry,CONTEXT / BUSINESS_SENTIMENT,업종별 자동판정에 쓰지 않는다. 전국 업종 BSI 를 창원국가산단 개별 업종의 신호라고 부르지 않는다.
2026Q3,전국(업종),C3100,조선·기타운수,AA,업황BSI,운송장비,A,99.0,2,91.33,7.67,True,512Y007,전국,national_by_industry,CONTEXT / BUSINESS_SENTIMENT,업종별 자동판정에 쓰지 않는다. 전국 업종 BSI 를 창원국가산단 개별 업종의 신호라고 부르지 않는다.
2021Q1,전국(업종),C3100,조선·기타운수,AC,생산BSI,운송장비,A,80.0,3,,,True,512Y007,전국,national_by_industry,CONTEXT / BUSINESS_SENTIMENT,업종별 자동판정에 쓰지 않는다. 전국 업종 BSI 를 창원국가산단 개별 업종의 신호라고 부르지 않는다.
2021Q2,전국(업종),C3100,조선·기타운수,AC,생산BSI,운송장비,A,92.67,3,,,True,512Y007,전국,national_by_industry,CONTEXT / BUSINESS_SENTIMENT,업종별 자동판정에 쓰지 않는다. 전국 업종 BSI 를 창원국가산단 개별 업종의 신호라고 부르지 않는다.
2021Q3,전국(업종),C3100,조선·기타운수,AC,생산BSI,운송장비,A,95.33,3,,,True,512Y007,전국,national_by_industry,CONTEXT / BUSINESS_SENTIMENT,업종별 자동판정에 쓰지 않는다. 전국 업종 BSI 를 창원국가산단 개별 업종의 신호라고 부르지 않는다.
2021Q4,전국(업종),C3100,조선·기타운수,AC,생산BSI,운송장비,A,102.67,3,,,False,512Y007,전국,national_by_industry,CONTEXT / BUSINESS_SENTIMENT,업종별 자동판정에 쓰지 않는다. 전국 업종 BSI 를 창원국가산단 개별 업종의 신호라고 부르지 않는다.
2022Q1,전국(업종),C3100,조선·기타운수,AC,생산BSI,운송장비,A,101.0,3,80.0,21.0,False,512Y007,전국,national_by_industry,CONTEXT / BUSINESS_SENTIMENT,업종별 자동판정에 쓰지 않는다. 전국 업종 BSI 를 창원국가산단 개별 업종의 신호라고 부르지 않는다.
2022Q2,전국(업종),C3100,조선·기타운수,AC,생산BSI,운송장비,A,112.33,3,92.67,19.66,False,512Y007,전국,national_by_industry,CONTEXT / BUSINESS_SENTIMENT,업종별 자동판정에 쓰지 않는다. 전국 업종 BSI 를 창원국가산단 개별 업종의 신호라고 부르지 않는다.
2022Q3,전국(업종),C3100,조선·기타운수,AC,생산BSI,운송장비,A,109.67,3,95.33,14.34,False,512Y007,전국,national_by_industry,CONTEXT / BUSINESS_SENTIMENT,업종별 자동판정에 쓰지 않는다. 전국 업종 BSI 를 창원국가산단 개별 업종의 신호라고 부르지 않는다.
2022Q4,전국(업종),C3100,조선·기타운수,AC,생산BSI,운송장비,A,116.67,3,102.67,14.0,False,512Y007,전국,national_by_industry,CONTEXT / BUSINESS_SENTIMENT,업종별 자동판정에 쓰지 않는다. 전국 업종 BSI 를 창원국가산단 개별 업종의 신호라고 부르지 않는다.
2023Q1,전국(업종),C3100,조선·기타운수,AC,생산BSI,운송장비,A,114.0,3,101.0,13.0,False,512Y007,전국,national_by_industry,CONTEXT / BUSINESS_SENTIMENT,업종별 자동판정에 쓰지 않는다. 전국 업종 BSI 를 창원국가산단 개별 업종의 신호라고 부르지 않는다.
2023Q2,전국(업종),C3100,조선·기타운수,AC,생산BSI,운송장비,A,110.33,3,112.33,-2.0,False,512Y007,전국,national_by_industry,CONTEXT / BUSINESS_SENTIMENT,업종별 자동판정에 쓰지 않는다. 전국 업종 BSI 를 창원국가산단 개별 업종의 신호라고 부르지 않는다.
2023Q3,전국(업종),C3100,조선·기타운수,AC,생산BSI,운송장비,A,117.33,3,109.67,7.66,False,512Y007,전국,national_by_industry,CONTEXT / BUSINESS_SENTIMENT,업종별 자동판정에 쓰지 않는다. 전국 업종 BSI 를 창원국가산단 개별 업종의 신호라고 부르지 않는다.
2023Q4,전국(업종),C3100,조선·기타운수,AC,생산BSI,운송장비,A,103.33,3,116.67,-13.34,False,512Y007,전국,national_by_industry,CONTEXT / BUSINESS_SENTIMENT,업종별 자동판정에 쓰지 않는다. 전국 업종 BSI 를 창원국가산단 개별 업종의 신호라고 부르지 않는다.
2024Q1,전국(업종),C3100,조선·기타운수,AC,생산BSI,운송장비,A,99.33,3,114.0,-14.67,True,512Y007,전국,national_by_industry,CONTEXT / BUSINESS_SENTIMENT,업종별 자동판정에 쓰지 않는다. 전국 업종 BSI 를 창원국가산단 개별 업종의 신호라고 부르지 않는다.
2024Q2,전국(업종),C3100,조선·기타운수,AC,생산BSI,운송장비,A,103.67,3,110.33,-6.66,False,512Y007,전국,national_by_industry,CONTEXT / BUSINESS_SENTIMENT,업종별 자동판정에 쓰지 않는다. 전국 업종 BSI 를 창원국가산단 개별 업종의 신호라고 부르지 않는다.
2024Q3,전국(업종),C3100,조선·기타운수,AC,생산BSI,운송장비,A,104.33,3,117.33,-13.0,False,512Y007,전국,national_by_industry,CONTEXT / BUSINESS_SENTIMENT,업종별 자동판정에 쓰지 않는다. 전국 업종 BSI 를 창원국가산단 개별 업종의 신호라고 부르지 않는다.
2024Q4,전국(업종),C3100,조선·기타운수,AC,생산BSI,운송장비,A,108.33,3,103.33,5.0,False,512Y007,전국,national_by_industry,CONTEXT / BUSINESS_SENTIMENT,업종별 자동판정에 쓰지 않는다. 전국 업종 BSI 를 창원국가산단 개별 업종의 신호라고 부르지 않는다.
2025Q1,전국(업종),C3100,조선·기타운수,AC,생산BSI,운송장비,A,97.67,3,99.33,-1.66,True,512Y007,전국,national_by_industry,CONTEXT / BUSINESS_SENTIMENT,업종별 자동판정에 쓰지 않는다. 전국 업종 BSI 를 창원국가산단 개별 업종의 신호라고 부르지 않는다.
2025Q2,전국(업종),C3100,조선·기타운수,AC,생산BSI,운송장비,A,97.33,3,103.67,-6.34,True,512Y007,전국,national_by_industry,CONTEXT / BUSINESS_SENTIMENT,업종별 자동판정에 쓰지 않는다. 전국 업종 BSI 를 창원국가산단 개별 업종의 신호라고 부르지 않는다.
2025Q3,전국(업종),C3100,조선·기타운수,AC,생산BSI,운송장비,A,89.67,3,104.33,-14.66,True,512Y007,전국,national_by_industry,CONTEXT / BUSINESS_SENTIMENT,업종별 자동판정에 쓰지 않는다. 전국 업종 BSI 를 창원국가산단 개별 업종의 신호라고 부르지 않는다.
2025Q4,전국(업종),C3100,조선·기타운수,AC,생산BSI,운송장비,A,99.33,3,108.33,-9.0,True,512Y007,전국,national_by_industry,CONTEXT / BUSINESS_SENTIMENT,업종별 자동판정에 쓰지 않는다. 전국 업종 BSI 를 창원국가산단 개별 업종의 신호라고 부르지 않는다.
2026Q1,전국(업종),C3100,조선·기타운수,AC,생산BSI,운송장비,A,104.0,3,97.67,6.33,False,512Y007,전국,national_by_industry,CONTEXT / BUSINESS_SENTIMENT,업종별 자동판정에 쓰지 않는다. 전국 업종 BSI 를 창원국가산단 개별 업종의 신호라고 부르지 않는다.
2026Q2,전국(업종),C3100,조선·기타운수,AC,생산BSI,운송장비,A,97.67,3,97.33,0.34,True,512Y007,전국,national_by_industry,CONTEXT / BUSINESS_SENTIMENT,업종별 자동판정에 쓰지 않는다. 전국 업종 BSI 를 창원국가산단 개별 업종의 신호라고 부르지 않는다.
2026Q3,전국(업종),C3100,조선·기타운수,AC,생산BSI,운송장비,A,105.0,2,89.67,15.33,False,512Y007,전국,national_by_industry,CONTEXT / BUSINESS_SENTIMENT,업종별 자동판정에 쓰지 않는다. 전국 업종 BSI 를 창원국가산단 개별 업종의 신호라고 부르지 않는다.
2021Q1,전국(업종),C3100,조선·기타운수,AD,신규수주BSI,운송장비,A,77.0,3,,,True,512Y007,전국,national_by_industry,CONTEXT / BUSINESS_SENTIMENT,업종별 자동판정에 쓰지 않는다. 전국 업종 BSI 를 창원국가산단 개별 업종의 신호라고 부르지 않는다.
2021Q2,전국(업종),C3100,조선·기타운수,AD,신규수주BSI,운송장비,A,99.0,3,,,True,512Y007,전국,national_by_industry,CONTEXT / BUSINESS_SENTIMENT,업종별 자동판정에 쓰지 않는다. 전국 업종 BSI 를 창원국가산단 개별 업종의 신호라고 부르지 않는다.
2021Q3,전국(업종),C3100,조선·기타운수,AD,신규수주BSI,운송장비,A,96.67,3,,,True,512Y007,전국,national_by_industry,CONTEXT / BUSINESS_SENTIMENT,업종별 자동판정에 쓰지 않는다. 전국 업종 BSI 를 창원국가산단 개별 업종의 신호라고 부르지 않는다.
2021Q4,전국(업종),C3100,조선·기타운수,AD,신규수주BSI,운송장비,A,105.33,3,,,False,512Y007,전국,national_by_industry,CONTEXT / BUSINESS_SENTIMENT,업종별 자동판정에 쓰지 않는다. 전국 업종 BSI 를 창원국가산단 개별 업종의 신호라고 부르지 않는다.
2022Q1,전국(업종),C3100,조선·기타운수,AD,신규수주BSI,운송장비,A,97.33,3,77.0,20.33,True,512Y007,전국,national_by_industry,CONTEXT / BUSINESS_SENTIMENT,업종별 자동판정에 쓰지 않는다. 전국 업종 BSI 를 창원국가산단 개별 업종의 신호라고 부르지 않는다.
2022Q2,전국(업종),C3100,조선·기타운수,AD,신규수주BSI,운송장비,A,103.0,3,99.0,4.0,False,512Y007,전국,national_by_industry,CONTEXT / BUSINESS_SENTIMENT,업종별 자동판정에 쓰지 않는다. 전국 업종 BSI 를 창원국가산단 개별 업종의 신호라고 부르지 않는다.
2022Q3,전국(업종),C3100,조선·기타운수,AD,신규수주BSI,운송장비,A,99.0,3,96.67,2.33,True,512Y007,전국,national_by_industry,CONTEXT / BUSINESS_SENTIMENT,업종별 자동판정에 쓰지 않는다. 전국 업종 BSI 를 창원국가산단 개별 업종의 신호라고 부르지 않는다.
2022Q4,전국(업종),C3100,조선·기타운수,AD,신규수주BSI,운송장비,A,106.33,3,105.33,1.0,False,512Y007,전국,national_by_industry,CONTEXT / BUSINESS_SENTIMENT,업종별 자동판정에 쓰지 않는다. 전국 업종 BSI 를 창원국가산단 개별 업종의 신호라고 부르지 않는다.
2023Q1,전국(업종),C3100,조선·기타운수,AD,신규수주BSI,운송장비,A,99.0,3,97.33,1.67,True,512Y007,전국,national_by_industry,CONTEXT / BUSINESS_SENTIMENT,업종별 자동판정에 쓰지 않는다. 전국 업종 BSI 를 창원국가산단 개별 업종의 신호라고 부르지 않는다.
2023Q2,전국(업종),C3100,조선·기타운수,AD,신규수주BSI,운송장비,A,101.0,3,103.0,-2.0,False,512Y007,전국,national_by_industry,CONTEXT / BUSINESS_SENTIMENT,업종별 자동판정에 쓰지 않는다. 전국 업종 BSI 를 창원국가산단 개별 업종의 신호라고 부르지 않는다.
2023Q3,전국(업종),C3100,조선·기타운수,AD,신규수주BSI,운송장비,A,102.0,3,99.0,3.0,False,512Y007,전국,national_by_industry,CONTEXT / BUSINESS_SENTIMENT,업종별 자동판정에 쓰지 않는다. 전국 업종 BSI 를 창원국가산단 개별 업종의 신호라고 부르지 않는다.
2023Q4,전국(업종),C3100,조선·기타운수,AD,신규수주BSI,운송장비,A,96.67,3,106.33,-9.66,True,512Y007,전국,national_by_industry,CONTEXT / BUSINESS_SENTIMENT,업종별 자동판정에 쓰지 않는다. 전국 업종 BSI 를 창원국가산단 개별 업종의 신호라고 부르지 않는다.
2024Q1,전국(업종),C3100,조선·기타운수,AD,신규수주BSI,운송장비,A,84.0,3,99.0,-15.0,True,512Y007,전국,national_by_industry,CONTEXT / BUSINESS_SENTIMENT,업종별 자동판정에 쓰지 않는다. 전국 업종 BSI 를 창원국가산단 개별 업종의 신호라고 부르지 않는다.
2024Q2,전국(업종),C3100,조선·기타운수,AD,신규수주BSI,운송장비,A,91.67,3,101.0,-9.33,True,512Y007,전국,national_by_industry,CONTEXT / BUSINESS_SENTIMENT,업종별 자동판정에 쓰지 않는다. 전국 업종 BSI 를 창원국가산단 개별 업종의 신호라고 부르지 않는다.
2024Q3,전국(업종),C3100,조선·기타운수,AD,신규수주BSI,운송장비,A,95.67,3,102.0,-6.33,True,512Y007,전국,national_by_industry,CONTEXT / BUSINESS_SENTIMENT,업종별 자동판정에 쓰지 않는다. 전국 업종 BSI 를 창원국가산단 개별 업종의 신호라고 부르지 않는다.
2024Q4,전국(업종),C3100,조선·기타운수,AD,신규수주BSI,운송장비,A,105.33,3,96.67,8.66,False,512Y007,전국,national_by_industry,CONTEXT / BUSINESS_SENTIMENT,업종별 자동판정에 쓰지 않는다. 전국 업종 BSI 를 창원국가산단 개별 업종의 신호라고 부르지 않는다.
2025Q1,전국(업종),C3100,조선·기타운수,AD,신규수주BSI,운송장비,A,86.0,3,84.0,2.0,True,512Y007,전국,national_by_industry,CONTEXT / BUSINESS_SENTIMENT,업종별 자동판정에 쓰지 않는다. 전국 업종 BSI 를 창원국가산단 개별 업종의 신호라고 부르지 않는다.
2025Q2,전국(업종),C3100,조선·기타운수,AD,신규수주BSI,운송장비,A,85.0,3,91.67,-6.67,True,512Y007,전국,national_by_industry,CONTEXT / BUSINESS_SENTIMENT,업종별 자동판정에 쓰지 않는다. 전국 업종 BSI 를 창원국가산단 개별 업종의 신호라고 부르지 않는다.
2025Q3,전국(업종),C3100,조선·기타운수,AD,신규수주BSI,운송장비,A,78.67,3,95.67,-17.0,True,512Y007,전국,national_by_industry,CONTEXT / BUSINESS_SENTIMENT,업종별 자동판정에 쓰지 않는다. 전국 업종 BSI 를 창원국가산단 개별 업종의 신호라고 부르지 않는다.
2025Q4,전국(업종),C3100,조선·기타운수,AD,신규수주BSI,운송장비,A,89.67,3,105.33,-15.66,True,512Y007,전국,national_by_industry,CONTEXT / BUSINESS_SENTIMENT,업종별 자동판정에 쓰지 않는다. 전국 업종 BSI 를 창원국가산단 개별 업종의 신호라고 부르지 않는다.
2026Q1,전국(업종),C3100,조선·기타운수,AD,신규수주BSI,운송장비,A,101.67,3,86.0,15.67,False,512Y007,전국,national_by_industry,CONTEXT / BUSINESS_SENTIMENT,업종별 자동판정에 쓰지 않는다. 전국 업종 BSI 를 창원국가산단 개별 업종의 신호라고 부르지 않는다.
2026Q2,전국(업종),C3100,조선·기타운수,AD,신규수주BSI,운송장비,A,100.67,3,85.0,15.67,False,512Y007,전국,national_by_industry,CONTEXT / BUSINESS_SENTIMENT,업종별 자동판정에 쓰지 않는다. 전국 업종 BSI 를 창원국가산단 개별 업종의 신호라고 부르지 않는다.
2026Q3,전국(업종),C3100,조선·기타운수,AD,신규수주BSI,운송장비,A,105.0,2,78.67,26.33,False,512Y007,전국,national_by_industry,CONTEXT / BUSINESS_SENTIMENT,업종별 자동판정에 쓰지 않는다. 전국 업종 BSI 를 창원국가산단 개별 업종의 신호라고 부르지 않는다.
2021Q1,전국(업종),C3100,조선·기타운수,AJ,인력사정BSI,운송장비,A,108.67,3,,,False,512Y007,전국,national_by_industry,CONTEXT / BUSINESS_SENTIMENT,업종별 자동판정에 쓰지 않는다. 전국 업종 BSI 를 창원국가산단 개별 업종의 신호라고 부르지 않는다.
2021Q2,전국(업종),C3100,조선·기타운수,AJ,인력사정BSI,운송장비,A,99.33,3,,,True,512Y007,전국,national_by_industry,CONTEXT / BUSINESS_SENTIMENT,업종별 자동판정에 쓰지 않는다. 전국 업종 BSI 를 창원국가산단 개별 업종의 신호라고 부르지 않는다.
2021Q3,전국(업종),C3100,조선·기타운수,AJ,인력사정BSI,운송장비,A,101.0,3,,,False,512Y007,전국,national_by_industry,CONTEXT / BUSINESS_SENTIMENT,업종별 자동판정에 쓰지 않는다. 전국 업종 BSI 를 창원국가산단 개별 업종의 신호라고 부르지 않는다.
2021Q4,전국(업종),C3100,조선·기타운수,AJ,인력사정BSI,운송장비,A,86.33,3,,,True,512Y007,전국,national_by_industry,CONTEXT / BUSINESS_SENTIMENT,업종별 자동판정에 쓰지 않는다. 전국 업종 BSI 를 창원국가산단 개별 업종의 신호라고 부르지 않는다.
2022Q1,전국(업종),C3100,조선·기타운수,AJ,인력사정BSI,운송장비,A,83.0,3,108.67,-25.67,True,512Y007,전국,national_by_industry,CONTEXT / BUSINESS_SENTIMENT,업종별 자동판정에 쓰지 않는다. 전국 업종 BSI 를 창원국가산단 개별 업종의 신호라고 부르지 않는다.
2022Q2,전국(업종),C3100,조선·기타운수,AJ,인력사정BSI,운송장비,A,77.33,3,99.33,-22.0,True,512Y007,전국,national_by_industry,CONTEXT / BUSINESS_SENTIMENT,업종별 자동판정에 쓰지 않는다. 전국 업종 BSI 를 창원국가산단 개별 업종의 신호라고 부르지 않는다.
2022Q3,전국(업종),C3100,조선·기타운수,AJ,인력사정BSI,운송장비,A,70.67,3,101.0,-30.33,True,512Y007,전국,national_by_industry,CONTEXT / BUSINESS_SENTIMENT,업종별 자동판정에 쓰지 않는다. 전국 업종 BSI 를 창원국가산단 개별 업종의 신호라고 부르지 않는다.
2022Q4,전국(업종),C3100,조선·기타운수,AJ,인력사정BSI,운송장비,A,60.67,3,86.33,-25.66,True,512Y007,전국,national_by_industry,CONTEXT / BUSINESS_SENTIMENT,업종별 자동판정에 쓰지 않는다. 전국 업종 BSI 를 창원국가산단 개별 업종의 신호라고 부르지 않는다.
2023Q1,전국(업종),C3100,조선·기타운수,AJ,인력사정BSI,운송장비,A,59.67,3,83.0,-23.33,True,512Y007,전국,national_by_industry,CONTEXT / BUSINESS_SENTIMENT,업종별 자동판정에 쓰지 않는다. 전국 업종 BSI 를 창원국가산단 개별 업종의 신호라고 부르지 않는다.
2023Q2,전국(업종),C3100,조선·기타운수,AJ,인력사정BSI,운송장비,A,54.67,3,77.33,-22.66,True,512Y007,전국,national_by_industry,CONTEXT / BUSINESS_SENTIMENT,업종별 자동판정에 쓰지 않는다. 전국 업종 BSI 를 창원국가산단 개별 업종의 신호라고 부르지 않는다.
2023Q3,전국(업종),C3100,조선·기타운수,AJ,인력사정BSI,운송장비,A,61.67,3,70.67,-9.0,True,512Y007,전국,national_by_industry,CONTEXT / BUSINESS_SENTIMENT,업종별 자동판정에 쓰지 않는다. 전국 업종 BSI 를 창원국가산단 개별 업종의 신호라고 부르지 않는다.
2023Q4,전국(업종),C3100,조선·기타운수,AJ,인력사정BSI,운송장비,A,64.33,3,60.67,3.66,True,512Y007,전국,national_by_industry,CONTEXT / BUSINESS_SENTIMENT,업종별 자동판정에 쓰지 않는다. 전국 업종 BSI 를 창원국가산단 개별 업종의 신호라고 부르지 않는다.
2024Q1,전국(업종),C3100,조선·기타운수,AJ,인력사정BSI,운송장비,A,69.0,3,59.67,9.33,True,512Y007,전국,national_by_industry,CONTEXT / BUSINESS_SENTIMENT,업종별 자동판정에 쓰지 않는다. 전국 업종 BSI 를 창원국가산단 개별 업종의 신호라고 부르지 않는다.
2024Q2,전국(업종),C3100,조선·기타운수,AJ,인력사정BSI,운송장비,A,77.0,3,54.67,22.33,True,512Y007,전국,national_by_industry,CONTEXT / BUSINESS_SENTIMENT,업종별 자동판정에 쓰지 않는다. 전국 업종 BSI 를 창원국가산단 개별 업종의 신호라고 부르지 않는다.
2024Q3,전국(업종),C3100,조선·기타운수,AJ,인력사정BSI,운송장비,A,87.67,3,61.67,26.0,True,512Y007,전국,national_by_industry,CONTEXT / BUSINESS_SENTIMENT,업종별 자동판정에 쓰지 않는다. 전국 업종 BSI 를 창원국가산단 개별 업종의 신호라고 부르지 않는다.
2024Q4,전국(업종),C3100,조선·기타운수,AJ,인력사정BSI,운송장비,A,86.67,3,64.33,22.34,True,512Y007,전국,national_by_industry,CONTEXT / BUSINESS_SENTIMENT,업종별 자동판정에 쓰지 않는다. 전국 업종 BSI 를 창원국가산단 개별 업종의 신호라고 부르지 않는다.
2025Q1,전국(업종),C3100,조선·기타운수,AJ,인력사정BSI,운송장비,A,90.33,3,69.0,21.33,True,512Y007,전국,national_by_industry,CONTEXT / BUSINESS_SENTIMENT,업종별 자동판정에 쓰지 않는다. 전국 업종 BSI 를 창원국가산단 개별 업종의 신호라고 부르지 않는다.
2025Q2,전국(업종),C3100,조선·기타운수,AJ,인력사정BSI,운송장비,A,90.67,3,77.0,13.67,True,512Y007,전국,national_by_industry,CONTEXT / BUSINESS_SENTIMENT,업종별 자동판정에 쓰지 않는다. 전국 업종 BSI 를 창원국가산단 개별 업종의 신호라고 부르지 않는다.
2025Q3,전국(업종),C3100,조선·기타운수,AJ,인력사정BSI,운송장비,A,89.67,3,87.67,2.0,True,512Y007,전국,national_by_industry,CONTEXT / BUSINESS_SENTIMENT,업종별 자동판정에 쓰지 않는다. 전국 업종 BSI 를 창원국가산단 개별 업종의 신호라고 부르지 않는다.
2025Q4,전국(업종),C3100,조선·기타운수,AJ,인력사정BSI,운송장비,A,94.33,3,86.67,7.66,True,512Y007,전국,national_by_industry,CONTEXT / BUSINESS_SENTIMENT,업종별 자동판정에 쓰지 않는다. 전국 업종 BSI 를 창원국가산단 개별 업종의 신호라고 부르지 않는다.
2026Q1,전국(업종),C3100,조선·기타운수,AJ,인력사정BSI,운송장비,A,88.67,3,90.33,-1.66,True,512Y007,전국,national_by_industry,CONTEXT / BUSINESS_SENTIMENT,업종별 자동판정에 쓰지 않는다. 전국 업종 BSI 를 창원국가산단 개별 업종의 신호라고 부르지 않는다.
2026Q2,전국(업종),C3100,조선·기타운수,AJ,인력사정BSI,운송장비,A,90.33,3,90.67,-0.34,True,512Y007,전국,national_by_industry,CONTEXT / BUSINESS_SENTIMENT,업종별 자동판정에 쓰지 않는다. 전국 업종 BSI 를 창원국가산단 개별 업종의 신호라고 부르지 않는다.
2026Q3,전국(업종),C3100,조선·기타운수,AJ,인력사정BSI,운송장비,A,92.5,2,89.67,2.83,True,512Y007,전국,national_by_industry,CONTEXT / BUSINESS_SENTIMENT,업종별 자동판정에 쓰지 않는다. 전국 업종 BSI 를 창원국가산단 개별 업종의 신호라고 부르지 않는다.
2021Q1,전국(업종),C3100,조선·기타운수,AK,가동률BSI,운송장비,A,77.67,3,,,True,512Y007,전국,national_by_industry,CONTEXT / BUSINESS_SENTIMENT,업종별 자동판정에 쓰지 않는다. 전국 업종 BSI 를 창원국가산단 개별 업종의 신호라고 부르지 않는다.
2021Q2,전국(업종),C3100,조선·기타운수,AK,가동률BSI,운송장비,A,91.67,3,,,True,512Y007,전국,national_by_industry,CONTEXT / BUSINESS_SENTIMENT,업종별 자동판정에 쓰지 않는다. 전국 업종 BSI 를 창원국가산단 개별 업종의 신호라고 부르지 않는다.
2021Q3,전국(업종),C3100,조선·기타운수,AK,가동률BSI,운송장비,A,97.33,3,,,True,512Y007,전국,national_by_industry,CONTEXT / BUSINESS_SENTIMENT,업종별 자동판정에 쓰지 않는다. 전국 업종 BSI 를 창원국가산단 개별 업종의 신호라고 부르지 않는다.
2021Q4,전국(업종),C3100,조선·기타운수,AK,가동률BSI,운송장비,A,100.67,3,,,False,512Y007,전국,national_by_industry,CONTEXT / BUSINESS_SENTIMENT,업종별 자동판정에 쓰지 않는다. 전국 업종 BSI 를 창원국가산단 개별 업종의 신호라고 부르지 않는다.
2022Q1,전국(업종),C3100,조선·기타운수,AK,가동률BSI,운송장비,A,102.0,3,77.67,24.33,False,512Y007,전국,national_by_industry,CONTEXT / BUSINESS_SENTIMENT,업종별 자동판정에 쓰지 않는다. 전국 업종 BSI 를 창원국가산단 개별 업종의 신호라고 부르지 않는다.
2022Q2,전국(업종),C3100,조선·기타운수,AK,가동률BSI,운송장비,A,112.33,3,91.67,20.66,False,512Y007,전국,national_by_industry,CONTEXT / BUSINESS_SENTIMENT,업종별 자동판정에 쓰지 않는다. 전국 업종 BSI 를 창원국가산단 개별 업종의 신호라고 부르지 않는다.
2022Q3,전국(업종),C3100,조선·기타운수,AK,가동률BSI,운송장비,A,113.33,3,97.33,16.0,False,512Y007,전국,national_by_industry,CONTEXT / BUSINESS_SENTIMENT,업종별 자동판정에 쓰지 않는다. 전국 업종 BSI 를 창원국가산단 개별 업종의 신호라고 부르지 않는다.
2022Q4,전국(업종),C3100,조선·기타운수,AK,가동률BSI,운송장비,A,118.33,3,100.67,17.66,False,512Y007,전국,national_by_industry,CONTEXT / BUSINESS_SENTIMENT,업종별 자동판정에 쓰지 않는다. 전국 업종 BSI 를 창원국가산단 개별 업종의 신호라고 부르지 않는다.
2023Q1,전국(업종),C3100,조선·기타운수,AK,가동률BSI,운송장비,A,114.33,3,102.0,12.33,False,512Y007,전국,national_by_industry,CONTEXT / BUSINESS_SENTIMENT,업종별 자동판정에 쓰지 않는다. 전국 업종 BSI 를 창원국가산단 개별 업종의 신호라고 부르지 않는다.
2023Q2,전국(업종),C3100,조선·기타운수,AK,가동률BSI,운송장비,A,116.0,3,112.33,3.67,False,512Y007,전국,national_by_industry,CONTEXT / BUSINESS_SENTIMENT,업종별 자동판정에 쓰지 않는다. 전국 업종 BSI 를 창원국가산단 개별 업종의 신호라고 부르지 않는다.
2023Q3,전국(업종),C3100,조선·기타운수,AK,가동률BSI,운송장비,A,117.33,3,113.33,4.0,False,512Y007,전국,national_by_industry,CONTEXT / BUSINESS_SENTIMENT,업종별 자동판정에 쓰지 않는다. 전국 업종 BSI 를 창원국가산단 개별 업종의 신호라고 부르지 않는다.
2023Q4,전국(업종),C3100,조선·기타운수,AK,가동률BSI,운송장비,A,104.67,3,118.33,-13.66,False,512Y007,전국,national_by_industry,CONTEXT / BUSINESS_SENTIMENT,업종별 자동판정에 쓰지 않는다. 전국 업종 BSI 를 창원국가산단 개별 업종의 신호라고 부르지 않는다.
2024Q1,전국(업종),C3100,조선·기타운수,AK,가동률BSI,운송장비,A,100.67,3,114.33,-13.66,False,512Y007,전국,national_by_industry,CONTEXT / BUSINESS_SENTIMENT,업종별 자동판정에 쓰지 않는다. 전국 업종 BSI 를 창원국가산단 개별 업종의 신호라고 부르지 않는다.
2024Q2,전국(업종),C3100,조선·기타운수,AK,가동률BSI,운송장비,A,102.67,3,116.0,-13.33,False,512Y007,전국,national_by_industry,CONTEXT / BUSINESS_SENTIMENT,업종별 자동판정에 쓰지 않는다. 전국 업종 BSI 를 창원국가산단 개별 업종의 신호라고 부르지 않는다.
2024Q3,전국(업종),C3100,조선·기타운수,AK,가동률BSI,운송장비,A,108.33,3,117.33,-9.0,False,512Y007,전국,national_by_industry,CONTEXT / BUSINESS_SENTIMENT,업종별 자동판정에 쓰지 않는다. 전국 업종 BSI 를 창원국가산단 개별 업종의 신호라고 부르지 않는다.
2024Q4,전국(업종),C3100,조선·기타운수,AK,가동률BSI,운송장비,A,105.33,3,104.67,0.66,False,512Y007,전국,national_by_industry,CONTEXT / BUSINESS_SENTIMENT,업종별 자동판정에 쓰지 않는다. 전국 업종 BSI 를 창원국가산단 개별 업종의 신호라고 부르지 않는다.
2025Q1,전국(업종),C3100,조선·기타운수,AK,가동률BSI,운송장비,A,95.33,3,100.67,-5.34,True,512Y007,전국,national_by_industry,CONTEXT / BUSINESS_SENTIMENT,업종별 자동판정에 쓰지 않는다. 전국 업종 BSI 를 창원국가산단 개별 업종의 신호라고 부르지 않는다.
2025Q2,전국(업종),C3100,조선·기타운수,AK,가동률BSI,운송장비,A,97.0,3,102.67,-5.67,True,512Y007,전국,national_by_industry,CONTEXT / BUSINESS_SENTIMENT,업종별 자동판정에 쓰지 않는다. 전국 업종 BSI 를 창원국가산단 개별 업종의 신호라고 부르지 않는다.
2025Q3,전국(업종),C3100,조선·기타운수,AK,가동률BSI,운송장비,A,89.67,3,108.33,-18.66,True,512Y007,전국,national_by_industry,CONTEXT / BUSINESS_SENTIMENT,업종별 자동판정에 쓰지 않는다. 전국 업종 BSI 를 창원국가산단 개별 업종의 신호라고 부르지 않는다.
2025Q4,전국(업종),C3100,조선·기타운수,AK,가동률BSI,운송장비,A,95.33,3,105.33,-10.0,True,512Y007,전국,national_by_industry,CONTEXT / BUSINESS_SENTIMENT,업종별 자동판정에 쓰지 않는다. 전국 업종 BSI 를 창원국가산단 개별 업종의 신호라고 부르지 않는다.
2026Q1,전국(업종),C3100,조선·기타운수,AK,가동률BSI,운송장비,A,100.0,3,95.33,4.67,False,512Y007,전국,national_by_industry,CONTEXT / BUSINESS_SENTIMENT,업종별 자동판정에 쓰지 않는다. 전국 업종 BSI 를 창원국가산단 개별 업종의 신호라고 부르지 않는다.
2026Q2,전국(업종),C3100,조선·기타운수,AK,가동률BSI,운송장비,A,102.67,3,97.0,5.67,False,512Y007,전국,national_by_industry,CONTEXT / BUSINESS_SENTIMENT,업종별 자동판정에 쓰지 않는다. 전국 업종 BSI 를 창원국가산단 개별 업종의 신호라고 부르지 않는다.
2026Q3,전국(업종),C3100,조선·기타운수,AK,가동률BSI,운송장비,A,100.5,2,89.67,10.83,False,512Y007,전국,national_by_industry,CONTEXT / BUSINESS_SENTIMENT,업종별 자동판정에 쓰지 않는다. 전국 업종 BSI 를 창원국가산단 개별 업종의 신호라고 부르지 않는다.
