quarter,ym,kicox_industry,month_completeness,power_usage_kwh,cust_cnt,cntr_pwr_kw,n_biz_types,evidence_level,biz_types,kicox_mapped,power_usage_kwh_B,power_usage_per_customer,power_usage_per_contract_power,month_completeness_lag12,power_usage_kwh_lag12,cust_cnt_lag12,cntr_pwr_kw_lag12,total_power_usage_yoy,customer_count_yoy,contract_power_yoy
2021Q1,2021-01,기계,SOURCE_DEGENERATE,876,1,20,1,B,기타 기계,True,876.0,876.0,43.8,,,,,,,
2021Q1,2021-02,기계,SOURCE_DEGENERATE,894,1,20,1,B,기타 기계,True,894.0,894.0,44.7,,,,,,,
2021Q1,2021-03,기계,SOURCE_DEGENERATE,621,1,20,1,B,기타 기계,True,621.0,621.0,31.05,,,,,,,
2021Q2,2021-04,기계,SOURCE_DEGENERATE,682,1,20,1,B,기타 기계,True,682.0,682.0,34.1,,,,,,,
2021Q2,2021-05,기계,SOURCE_DEGENERATE,912,1,20,1,B,기타 기계,True,912.0,912.0,45.6,,,,,,,
2021Q2,2021-06,기계,SOURCE_DEGENERATE,1391,1,20,1,B,기타 기계,True,1391.0,1391.0,69.55,,,,,,,
2021Q3,2021-07,기계,SOURCE_DEGENERATE,1077,1,20,1,B,기타 기계,True,1077.0,1077.0,53.85,,,,,,,
2021Q3,2021-08,기계,SOURCE_DEGENERATE,1469,1,20,1,B,기타 기계,True,1469.0,1469.0,73.45,,,,,,,
2021Q3,2021-09,기계,SOURCE_DEGENERATE,1454,1,20,1,B,기타 기계,True,1454.0,1454.0,72.7,,,,,,,
2021Q4,2021-10,기계,SOURCE_DEGENERATE,1693,1,20,1,B,기타 기계,True,1693.0,1693.0,84.65,,,,,,,
2021Q4,2021-11,기계,SOURCE_DEGENERATE,660,1,20,1,B,기타 기계,True,660.0,660.0,33.0,,,,,,,
2021Q4,2021-12,기계,SOURCE_DEGENERATE,438,1,20,1,B,기타 기계,True,438.0,438.0,21.9,,,,,,,
2022Q1,2022-01,기계,SOURCE_DEGENERATE,455,1,20,1,B,기타 기계,True,455.0,455.0,22.75,SOURCE_DEGENERATE,876.0,1.0,20.0,,,
2022Q1,2022-02,기계,COMPLETE,116036261,1791,862372,2,C,기타 기계|조립 금속,True,69952345.0,64788.532104969294,134.55476406933434,SOURCE_DEGENERATE,894.0,1.0,20.0,,,
2022Q1,2022-03,기계,COMPLETE,124711863,1794,863525,2,C,기타 기계|조립 금속,True,74128311.0,69516.08862876255,144.4218326047306,SOURCE_DEGENERATE,621.0,1.0,20.0,,,
2022Q2,2022-04,기계,COMPLETE,118826293,1796,865120,2,C,기타 기계|조립 금속,True,71031906.0,66161.63307349666,137.3523823284631,SOURCE_DEGENERATE,682.0,1.0,20.0,,,
2022Q2,2022-05,기계,COMPLETE,116008607,1797,861000,2,C,기타 기계|조립 금속,True,69134616.0,64556.82081246522,134.7370580720093,SOURCE_DEGENERATE,912.0,1.0,20.0,,,
2022Q2,2022-06,기계,COMPLETE,117061707,1792,859881,2,C,기타 기계|조립 금속,True,70641186.0,65324.61328125,136.13710152916508,SOURCE_DEGENERATE,1391.0,1.0,20.0,,,
2022Q3,2022-07,기계,COMPLETE,125084319,1793,858144,2,C,기타 기계|조립 금속,True,76838063.0,69762.58728388176,145.7614561192527,SOURCE_DEGENERATE,1077.0,1.0,20.0,,,
2022Q3,2022-08,기계,COMPLETE,113676570,1794,858382,2,C,기타 기계|조립 금속,True,69431318.0,63364.866220735785,132.43121360885945,SOURCE_DEGENERATE,1469.0,1.0,20.0,,,
2022Q3,2022-09,기계,COMPLETE,111517630,1796,852678,2,C,기타 기계|조립 금속,True,67282932.0,62092.22160356348,130.785161573302,SOURCE_DEGENERATE,1454.0,1.0,20.0,,,
2022Q4,2022-10,기계,COMPLETE,114688127,1799,853204,2,C,기타 기계|조립 금속,True,67603027.0,63751.04335742079,134.4205219384813,SOURCE_DEGENERATE,1693.0,1.0,20.0,,,
2022Q4,2022-11,기계,COMPLETE,117394117,1798,857717,2,C,기타 기계|조립 금속,True,69963340.0,65291.5,136.86812433471647,SOURCE_DEGENERATE,660.0,1.0,20.0,,,
2022Q4,2022-12,기계,COMPLETE,125733341,1798,854414,2,C,기타 기계|조립 금속,True,74230589.0,69929.55561735261,147.15739793589523,SOURCE_DEGENERATE,438.0,1.0,20.0,,,
2023Q1,2023-01,기계,COMPLETE,124983962,1797,856020,2,C,기타 기계|조립 금속,True,75577492.0,69551.45353366723,146.0058900492979,SOURCE_DEGENERATE,455.0,1.0,20.0,,,
2023Q1,2023-02,기계,COMPLETE,121729248,1798,860606,2,C,기타 기계|조립 금속,True,72501462.0,67702.5850945495,141.4459671440822,COMPLETE,116036261.0,1791.0,862372.0,4.906213756749711,0.39084310441095393,-0.2047840143232893
2023Q1,2023-03,기계,COMPLETE,122246353,1794,858700,2,C,기타 기계|조립 금속,True,71457218.0,68141.77982162764,142.3621206474904,COMPLETE,124711863.0,1794.0,863525.0,-1.9769650943310846,0.0,-0.558756260675719
2023Q2,2023-04,기계,COMPLETE,116893199,1793,858268,2,C,기타 기계|조립 금속,True,68744785.0,65194.19910764082,136.1966180726766,COMPLETE,118826293.0,1796.0,865120.0,-1.6268234505977586,-0.16703786191536452,-0.792028851488813
2023Q2,2023-05,기계,COMPLETE,115125838,1790,859325,2,C,기타 기계|조립 금속,True,67401882.0,64316.11061452514,133.97240624909085,COMPLETE,116008607.0,1797.0,861000.0,-0.7609512973464128,-0.3895381190873626,-0.19454123112659927
2023Q2,2023-06,기계,COMPLETE,117615625,1789,857873,2,C,기타 기계|조립 금속,True,69931355.0,65743.78144214646,137.1014415886734,COMPLETE,117061707.0,1792.0,859881.0,0.4731846256094574,-0.16741071428570953,-0.2335206848389504
2023Q3,2023-07,기계,COMPLETE,117228646,1790,844118,2,C,기타 기계|조립 금속,True,68657433.0,65490.863687150835,138.8770835357142,COMPLETE,125084319.0,1793.0,858144.0,-6.280302009718741,-0.1673173452314547,-1.6344576201663075
2023Q3,2023-08,기계,COMPLETE,115960259,1784,861479,2,C,기타 기계|조립 금속,True,70521050.0,65000.1451793722,134.60601941544715,COMPLETE,113676570.0,1794.0,858382.0,2.00893552646777,-0.5574136008918651,0.36079507724999793
2023Q3,2023-09,기계,COMPLETE,119401996,1784,862693,2,C,기타 기계|조립 금속,True,72278970.0,66929.36995515694,138.40612593355922,COMPLETE,111517630.0,1796.0,852678.0,7.070062374890851,-0.6681514476614692,1.1745348185364213
2023Q4,2023-10,기계,COMPLETE,110164945,1788,876508,2,C,기타 기계|조립 금속,True,66766662.0,61613.50391498881,125.68618312667996,COMPLETE,114688127.0,1799.0,853204.0,-3.943897348676728,-0.611450806003333,2.731351470457244
2023Q4,2023-11,기계,COMPLETE,114394175,1785,863466,2,C,기타 기계|조립 금속,True,68374275.0,64086.37254901961,132.48254708349836,COMPLETE,117394117.0,1798.0,857717.0,-2.555444920634309,-0.7230255839822064,0.670267699019611
2023Q4,2023-12,기계,COMPLETE,116818887,1785,860192,2,C,기타 기계|조립 금속,True,70094475.0,65444.75462184874,135.8055957274655,COMPLETE,125733341.0,1798.0,854414.0,-7.089968284545945,-0.7230255839822064,0.6762529640197856
2024Q1,2024-01,기계,COMPLETE,123033584,1780,835437,2,C,기타 기계|조립 금속,True,71462506.0,69119.99101123595,147.26853610745036,COMPLETE,124983962.0,1797.0,856020.0,-1.560502618727988,-0.9460211463550361,-2.4044998948622665
2024Q1,2024-02,기계,COMPLETE,116482361,1787,879967,2,C,기타 기계|조립 금속,True,71543260.0,65183.190263010634,132.37128324130336,COMPLETE,121729248.0,1798.0,860606.0,-4.310292790110726,-0.6117908787541704,2.2496938204009664
2024Q1,2024-03,기계,COMPLETE,118563994,1784,858674,2,C,기타 기계|조립 금속,True,69517862.0,66459.63789237668,138.07800632137457,COMPLETE,122246353.0,1794.0,858700.0,-3.01224446344015,-0.5574136008918651,-0.00302783277046359
2024Q2,2024-04,기계,COMPLETE,113559644,1780,857460,2,C,기타 기계|조립 금속,True,67432135.0,63797.55280898877,132.43724955099947,COMPLETE,116893199.0,1793.0,858268.0,-2.851795509506072,-0.7250418293363037,-0.0941430881729266
2024Q2,2024-05,기계,COMPLETE,110396953,1783,858904,2,C,기타 기계|조립 금속,True,64432185.0,61916.40661805945,128.53235402326686,COMPLETE,115125838.0,1790.0,859325.0,-4.107579221269164,-0.3910614525139633,-0.048991941349318946
2024Q2,2024-06,기계,COMPLETE,112737617,1782,870994,2,C,기타 기계|조립 금속,True,69673637.0,63264.65600448934,129.43558394202486,COMPLETE,117615625.0,1789.0,857873.0,-4.147414937428595,-0.3912800447177234,1.529480470885547
2024Q3,2024-07,기계,COMPLETE,117121330,1779,859077,2,C,기타 기계|조립 금속,True,71468651.0,65835.4862282181,136.33391418929853,COMPLETE,117228646.0,1790.0,844118.0,-0.09154417769186018,-0.614525139664801,1.7721456004966107
2024Q3,2024-08,기계,COMPLETE,112333552,1776,858547,2,C,기타 기계|조립 금속,True,69581707.0,63250.873873873876,130.8414705310251,COMPLETE,115960259.0,1784.0,861479.0,-3.127543031789881,-0.4484304932735439,-0.34034491844838755
2024Q3,2024-09,기계,COMPLETE,107970132,1776,857915,2,C,기타 기계|조립 금속,True,66870161.0,60793.99324324324,125.85178251924725,COMPLETE,119401996.0,1784.0,862693.0,-9.574265408427507,-0.4484304932735439,-0.5538470811748741
2024Q4,2024-10,기계,COMPLETE,110056104,1774,871445,2,C,기타 기계|조립 금속,True,66629126.0,62038.3900789177,126.29150893056934,COMPLETE,110164945.0,1788.0,876508.0,-0.09879821571190384,-0.7829977628635354,-0.5776330621055314
2024Q4,2024-11,기계,COMPLETE,108199501,1775,856898,2,C,기타 기계|조립 금속,True,64132436.0,60957.465352112675,126.26882196013995,COMPLETE,114394175.0,1785.0,863466.0,-5.415200555447863,-0.5602240896358524,-0.7606553124268944
2024Q4,2024-12,기계,COMPLETE,112557078,1774,857020,2,C,기타 기계|조립 금속,True,66855424.0,63448.18376550169,131.33541574292315,COMPLETE,116818887.0,1785.0,860192.0,-3.6482191445635026,-0.6162464985994376,-0.36875488263085066
2025Q1,2025-01,기계,COMPLETE,111549852,1779,865277,2,C,기타 기계|조립 금속,True,67052160.0,62703.682967959525,128.9180828798177,COMPLETE,123033584.0,1780.0,835437.0,-9.333818967673091,-0.05617977528089568,3.5717833900102525
2025Q1,2025-02,기계,COMPLETE,115953014,1782,859557,2,C,기타 기계|조립 금속,True,69288558.0,65069.03142536476,134.898574498259,COMPLETE,116482361.0,1787.0,879967.0,-0.4544439136153877,-0.2797985450475604,-2.319405159511667
2025Q1,2025-03,기계,COMPLETE,114254977,1780,859098,2,C,기타 기계|조립 금속,True,68000022.0,64188.18932584269,132.99411359355975,COMPLETE,118563994.0,1784.0,858674.0,-3.634338600300524,-0.22421524663677195,0.049378460277127445
2025Q2,2025-04,기계,COMPLETE,112716960,1781,852291,2,C,기타 기계|조립 금속,True,67146358.0,63288.57944974733,132.251730922889,COMPLETE,113559644.0,1780.0,857460.0,-0.7420629110108878,0.05617977528089568,-0.6028269540270137
2025Q2,2025-05,기계,COMPLETE,103920142,1779,847089,2,C,기타 기계|조립 금속,True,62549088.0,58414.91961776279,122.67913052819715,COMPLETE,110396953.0,1783.0,858904.0,-5.866838553053178,-0.22434099831744048,-1.3755902871566583
2025Q2,2025-06,기계,COMPLETE,103740071,1778,846598,2,C,기타 기계|조립 금속,True,64478978.0,58346.49662542182,122.53758100066383,COMPLETE,112737617.0,1782.0,870994.0,-7.980961669608466,-0.22446689113355678,-2.800937779135104
2025Q3,2025-07,기계,COMPLETE,112667923,1782,847787,2,C,기타 기계|조립 금속,True,70355787.0,63225.54601571268,132.89649758724775,COMPLETE,117121330.0,1779.0,859077.0,-3.8023876607275575,0.1686340640809414,-1.3142011717226731
2025Q3,2025-08,기계,COMPLETE,106386600,1782,847245,2,C,기타 기계|조립 금속,True,67439843.0,59700.673400673404,125.56769293415718,COMPLETE,112333552.0,1776.0,858547.0,-5.294012246670521,0.33783783783782884,-1.3164101674107531
2025Q3,2025-09,기계,COMPLETE,113750327,1779,843128,2,C,기타 기계|조립 금속,True,71831176.0,63940.59977515458,134.91465945858755,COMPLETE,107970132.0,1776.0,857915.0,5.353512951155781,0.16891891891892552,-1.7235973260754323
2025Q4,2025-10,기계,COMPLETE,92369667,1778,845134,2,C,기타 기계|조립 금속,True,57892567.0,51951.44375703037,109.29588325638301,COMPLETE,110056104.0,1774.0,871445.0,-16.070382611399726,0.22547914317925244,-3.0192381619035036
2025Q4,2025-11,기계,COMPLETE,100047963,1779,844951,2,C,기타 기계|조립 금속,True,62035517.0,56238.31534569983,118.40682240745322,COMPLETE,108199501.0,1775.0,856898.0,-7.533803691017027,0.22535211267604716,-1.394214947403305
2025Q4,2025-12,기계,COMPLETE,108777836,1777,845225,2,C,기타 기계|조립 금속,True,67511146.0,61214.31401238042,128.6968984589902,COMPLETE,112557078.0,1774.0,857020.0,-3.35762269876978,0.16910935738443378,-1.3762806002193595
2026Q1,2026-01,기계,COMPLETE,115211607,1779,845271,2,C,기타 기계|조립 금속,True,72014074.0,64762.005059021925,136.30138381655115,COMPLETE,111549852.0,1779.0,865277.0,3.2826175331904572,0.0,-2.312091965925367
2026Q1,2026-02,기계,COMPLETE,101975603,1785,845631,2,C,기타 기계|조립 금속,True,63375458.0,57129.189355742295,120.59113608654366,COMPLETE,115953014.0,1782.0,859557.0,-12.054374886710573,0.16835016835017313,-1.6201368844649067
2026Q1,2026-03,기계,COMPLETE,103034932,1783,832956,2,C,기타 기계|조립 금속,True,62625555.0,57787.39876612451,123.69792882217068,COMPLETE,114254977.0,1780.0,859098.0,-9.820180524827382,0.16853932584268705,-3.0429590104970594
2026Q2,2026-04,기계,COMPLETE,103256704,1782,833007,2,C,기타 기계|조립 금속,True,62900820.0,57944.278338945005,123.9565861991556,COMPLETE,112716960.0,1781.0,852291.0,-8.392930398406772,0.05614823133071045,-2.262607489695423
2026Q2,2026-05,기계,COMPLETE,97456165,1778,832468,2,C,기타 기계|조립 금속,True,58982736.0,54812.24128233971,117.06896241056714,COMPLETE,103920142.0,1779.0,847089.0,-6.220138729217672,-0.05621135469364713,-1.7260287880022096
2026Q2,2026-06,기계,COMPLETE,104313953,1773,835019,2,C,기타 기계|조립 금속,True,63847260.0,58834.716864072194,124.92404723724849,COMPLETE,103740071.0,1778.0,846598.0,0.5531922182702154,-0.2812148481439847,-1.3677093496559212
2022Q1,2022-02,기타,COMPLETE,460208,112,5824,1,C,가구및기타,True,,4109.0,79.01923076923077,,,,,,,
2022Q1,2022-03,기타,COMPLETE,404053,112,5824,1,C,가구및기타,True,,3607.6160714285716,69.37723214285714,,,,,,,
2022Q2,2022-04,기타,COMPLETE,410058,112,5646,1,C,가구및기타,True,,3661.2321428571427,72.62805526036132,,,,,,,
2022Q2,2022-05,기타,COMPLETE,362835,110,5576,1,C,가구및기타,True,,3298.5,65.0708393113343,,,,,,,
2022Q2,2022-06,기타,COMPLETE,388451,112,5640,1,C,가구및기타,True,,3468.3125,68.87429078014185,,,,,,,
2022Q3,2022-07,기타,COMPLETE,410595,113,5945,1,C,가구및기타,True,,3633.5840707964603,69.06560134566863,,,,,,,
2022Q3,2022-08,기타,COMPLETE,406894,117,5920,1,C,가구및기타,True,,3477.7264957264956,68.7320945945946,,,,,,,
2022Q3,2022-09,기타,COMPLETE,393733,115,5901,1,C,가구및기타,True,,3423.7652173913043,66.72309778003728,,,,,,,
2022Q4,2022-10,기타,COMPLETE,387987,115,5761,1,C,가구및기타,True,,3373.8,67.34716195105017,,,,,,,
2022Q4,2022-11,기타,COMPLETE,455102,117,5891,1,C,가구및기타,True,,3889.7606837606836,77.2537769478866,,,,,,,
2022Q4,2022-12,기타,COMPLETE,475116,114,5893,1,C,가구및기타,True,,4167.684210526316,80.6237909384015,,,,,,,
2023Q1,2023-01,기타,COMPLETE,561740,115,5893,1,C,가구및기타,True,,4884.695652173913,95.3232648905481,,,,,,,
2023Q1,2023-02,기타,COMPLETE,538634,119,5967,1,C,가구및기타,True,,4526.336134453782,90.26881179822357,COMPLETE,460208.0,112.0,5824.0,17.041424747070888,6.25,2.4553571428571397
2023Q1,2023-03,기타,COMPLETE,491962,120,6437,1,C,가구및기타,True,,4099.683333333333,76.42721764797265,COMPLETE,404053.0,112.0,5824.0,21.75679923178395,7.14285714285714,10.52541208791209
2023Q2,2023-04,기타,COMPLETE,475421,118,6407,1,C,가구및기타,True,,4028.991525423729,74.20337131262681,COMPLETE,410058.0,112.0,5646.0,15.93994020358096,5.35714285714286,13.478568898335098
2023Q2,2023-05,기타,COMPLETE,412020,119,6542,1,C,가구및기타,True,,3462.3529411764707,62.98073983491287,COMPLETE,362835.0,110.0,5576.0,13.555748480714369,8.18181818181818,17.324246771879494
2023Q2,2023-06,기타,COMPLETE,417586,120,6622,1,C,가구및기타,True,,3479.883333333333,63.0604047115675,COMPLETE,388451.0,112.0,5640.0,7.500302483453503,7.14285714285714,17.4113475177305
2023Q3,2023-07,기타,COMPLETE,424776,119,6602,1,C,가구및기타,True,,3569.546218487395,64.34050287791578,COMPLETE,410595.0,113.0,5945.0,3.453768311840144,5.3097345132743445,11.051303616484432
2023Q3,2023-08,기타,COMPLETE,426535,118,5217,1,C,가구및기타,True,,3614.7033898305085,81.7586735671842,COMPLETE,406894.0,117.0,5920.0,4.827055695095028,0.8547008547008517,-11.875000000000002
2023Q3,2023-09,기타,COMPLETE,477887,120,5512,1,C,가구및기타,True,,3982.391666666667,86.69938316400581,COMPLETE,393733.0,115.0,5901.0,21.373367231093155,4.347826086956519,-6.592103033384166
2023Q4,2023-10,기타,COMPLETE,364550,122,5547,1,C,가구및기타,True,,2988.1147540983607,65.72020912204795,COMPLETE,387987.0,115.0,5761.0,-6.040666310984644,6.08695652173914,-3.7146328762367675
2023Q4,2023-11,기타,COMPLETE,454110,122,5551,1,C,가구및기타,True,,3722.2131147540986,81.80688164294722,COMPLETE,455102.0,117.0,5891.0,-0.21797311371956063,4.2735042735042805,-5.771515871668642
2023Q4,2023-12,기타,COMPLETE,524550,125,5578,1,C,가구및기타,True,,4196.4,94.03908210828254,COMPLETE,475116.0,114.0,5893.0,10.404616977748592,9.649122807017552,-5.345324961819109
2024Q1,2024-01,기타,COMPLETE,593418,126,5593,1,C,가구및기타,True,,4709.666666666667,106.10012515644556,COMPLETE,561740.0,115.0,5893.0,5.639263716310028,9.565217391304337,-5.09078567792296
2024Q1,2024-02,기타,COMPLETE,603215,124,5558,1,C,가구및기타,True,,4864.637096774193,108.53094638359121,COMPLETE,538634.0,119.0,5967.0,11.989774132342191,4.201680672268915,-6.854365677895091
2024Q1,2024-03,기타,COMPLETE,527379,124,5543,1,C,가구및기타,True,,4253.056451612903,95.14324373083168,COMPLETE,491962.0,120.0,6437.0,7.1991332663905006,3.3333333333333437,-13.888457355911143
2024Q2,2024-04,기타,COMPLETE,485598,125,5550,1,C,가구및기타,True,,3884.784,87.49513513513513,COMPLETE,475421.0,118.0,6407.0,2.1406290424697216,5.932203389830515,-13.375995005462771
2024Q2,2024-05,기타,COMPLETE,422928,127,5870,1,C,가구및기타,True,,3330.1417322834645,72.04906303236797,COMPLETE,412020.0,119.0,6542.0,2.647444298820445,6.72268907563025,-10.272088046468975
2024Q2,2024-06,기타,COMPLETE,467253,126,5861,1,C,가구및기타,True,,3708.3571428571427,79.72240232042314,COMPLETE,417586.0,120.0,6622.0,11.893837437078837,5.000000000000004,-11.491996375717306
2024Q3,2024-07,기타,COMPLETE,431567,125,5271,1,C,가구및기타,True,,3452.536,81.87573515461962,COMPLETE,424776.0,119.0,6602.0,1.5987249750456733,5.042016806722693,-20.160557406846415
2024Q3,2024-08,기타,COMPLETE,468840,125,5271,1,C,가구및기타,True,,3750.72,88.94706886738759,COMPLETE,426535.0,118.0,5217.0,9.918295098878161,5.932203389830515,1.035077630822312
2024Q3,2024-09,기타,COMPLETE,478257,124,5251,1,C,가구및기타,True,,3856.9112903225805,91.07922300514188,COMPLETE,477887.0,120.0,5512.0,0.07742416094180804,3.3333333333333437,-4.735123367198835
2024Q4,2024-10,기타,COMPLETE,378896,125,5541,1,C,가구및기타,True,,3031.168,68.38043674426999,COMPLETE,364550.0,122.0,5547.0,3.9352626525853696,2.4590163934426146,-0.10816657652785722
2024Q4,2024-11,기타,COMPLETE,416734,124,5251,1,C,가구및기타,True,,3360.7580645161293,79.36278804037326,COMPLETE,454110.0,122.0,5551.0,-8.230604919512896,1.6393442622950838,-5.404431633939833
2024Q4,2024-12,기타,COMPLETE,462373,123,5231,1,C,가구및기타,True,,3759.130081300813,88.39093863506022,COMPLETE,524550.0,125.0,5578.0,-11.853398150795924,-1.6000000000000014,-6.220867694514165
2025Q1,2025-01,기타,COMPLETE,566933,123,5231,1,C,가구및기타,True,,4609.211382113821,108.37946855285796,COMPLETE,593418.0,126.0,5593.0,-4.463127171740666,-2.3809523809523836,-6.47237618451636
2025Q1,2025-02,기타,COMPLETE,538234,122,5201,1,C,가구및기타,True,,4411.754098360656,103.4866371851567,COMPLETE,603215.0,124.0,5558.0,-10.772444319189677,-1.6129032258064502,-6.423173803526449
2025Q1,2025-03,기타,COMPLETE,522785,121,5196,1,C,가구및기타,True,,4320.537190082645,100.6129715165512,COMPLETE,527379.0,124.0,5543.0,-0.8711002903035614,-2.4193548387096753,-6.260147934331595
2025Q2,2025-04,기타,COMPLETE,523295,120,5171,1,C,가구및기타,True,,4360.791666666667,101.1980274608393,COMPLETE,485598.0,125.0,5550.0,7.763005613696916,-4.0000000000000036,-6.828828828828826
2025Q2,2025-05,기타,COMPLETE,415185,121,5161,1,C,가구및기타,True,,3431.280991735537,80.44661887231156,COMPLETE,422928.0,127.0,5870.0,-1.8308080808080773,-4.7244094488189,-12.07836456558773
2025Q2,2025-06,기타,COMPLETE,406729,122,5194,1,C,가구및기타,True,,3333.844262295082,78.30747015787448,COMPLETE,467253.0,126.0,5861.0,-12.953153858830223,-3.1746031746031744,-11.380310527213789
2025Q3,2025-07,기타,COMPLETE,527998,121,5189,1,C,가구및기타,True,,4363.619834710744,101.7533243399499,COMPLETE,431567.0,125.0,5271.0,22.344386850709164,-3.200000000000003,-1.5556820337696786
2025Q3,2025-08,기타,COMPLETE,538522,122,5204,1,C,가구및기타,True,,4414.11475409836,103.48232129131438,COMPLETE,468840.0,125.0,5271.0,14.862639706509672,-2.400000000000002,-1.2711060519825512
2025Q3,2025-09,기타,COMPLETE,583087,121,5191,1,C,가구및기타,True,,4818.900826446281,112.32652668079368,COMPLETE,478257.0,124.0,5251.0,21.91917734607125,-2.4193548387096753,-1.1426394972386178
2025Q4,2025-10,기타,COMPLETE,453271,121,5191,1,C,가구및기타,True,,3746.0413223140495,87.31862839529956,COMPLETE,378896.0,125.0,5541.0,19.62939698492463,-3.200000000000003,-6.316549359321422
2025Q4,2025-11,기타,COMPLETE,563638,123,5241,1,C,가구및기타,True,,4582.422764227642,107.54398015645869,COMPLETE,416734.0,124.0,5251.0,35.25126339583524,-0.8064516129032251,-0.19043991620644185
2025Q4,2025-12,기타,COMPLETE,619096,121,5161,1,C,가구및기타,True,,5116.495867768595,119.95659755861267,COMPLETE,462373.0,123.0,5231.0,33.89536153711396,-1.6260162601625994,-1.338176256929846
2026Q1,2026-01,기타,COMPLETE,655561,121,5161,1,C,가구및기타,True,,5417.859504132231,127.02208874249176,COMPLETE,566933.0,123.0,5231.0,15.632887836834342,-1.6260162601625994,-1.338176256929846
2026Q1,2026-02,기타,COMPLETE,659008,121,5169,1,C,가구및기타,True,,5446.347107438017,127.4923582898046,COMPLETE,538234.0,122.0,5201.0,22.438939197449436,-0.8196721311475419,-0.6152662949432841
2026Q1,2026-03,기타,COMPLETE,496687,119,5147,1,C,가구및기타,True,,4173.8403361344535,96.50029143190208,COMPLETE,522785.0,121.0,5196.0,-4.992109567030423,-1.6528925619834656,-0.943033102386448
2026Q2,2026-04,기타,COMPLETE,549570,118,5077,1,C,가구및기타,True,,4657.372881355932,108.24699625763246,COMPLETE,523295.0,120.0,5171.0,5.021068422209263,-1.6666666666666718,-1.817830206923221
2026Q2,2026-05,기타,COMPLETE,420941,119,5084,1,C,가구및기타,True,,3537.3193277310925,82.79720692368214,COMPLETE,415185.0,121.0,5161.0,1.386369931476339,-1.6528925619834656,-1.491958922689396
2026Q2,2026-06,기타,COMPLETE,457996,120,5099,1,C,가구및기타,True,,3816.633333333333,89.82074916650323,COMPLETE,406729.0,122.0,5194.0,12.60470731125638,-1.6393442622950838,-1.829033500192534
2022Q1,2022-02,목재종이,COMPLETE,1914452,284,19466,3,C,목재. 나무|출판. 인쇄|펄프. 종이,True,1287263.0,6741.028169014085,98.3485050857906,,,,,,,
2022Q1,2022-03,목재종이,COMPLETE,1726619,286,19589,3,C,목재. 나무|출판. 인쇄|펄프. 종이,True,1170135.0,6037.129370629371,88.14227372504978,,,,,,,
2022Q2,2022-04,목재종이,COMPLETE,1493516,285,19039,3,C,목재. 나무|출판. 인쇄|펄프. 종이,True,1028446.0,5240.40701754386,78.44508640159673,,,,,,,
2022Q2,2022-05,목재종이,COMPLETE,1378746,282,19145,3,C,목재. 나무|출판. 인쇄|펄프. 종이,True,958487.0,4889.170212765957,72.01598328545312,,,,,,,
2022Q2,2022-06,목재종이,COMPLETE,1433993,281,19130,3,C,목재. 나무|출판. 인쇄|펄프. 종이,True,992056.0,5103.17793594306,74.9604286461056,,,,,,,
2022Q3,2022-07,목재종이,COMPLETE,1636914,281,19141,3,C,목재. 나무|출판. 인쇄|펄프. 종이,True,1085142.0,5825.316725978648,85.51872942897445,,,,,,,
2022Q3,2022-08,목재종이,COMPLETE,1724271,282,19933,3,C,목재. 나무|출판. 인쇄|펄프. 종이,True,1175028.0,6114.436170212766,86.50333617619023,,,,,,,
2022Q3,2022-09,목재종이,COMPLETE,1667496,284,19963,3,C,목재. 나무|출판. 인쇄|펄프. 종이,True,1151235.0,5871.4647887323945,83.52932925912938,,,,,,,
2022Q4,2022-10,목재종이,COMPLETE,1555283,284,19963,3,C,목재. 나무|출판. 인쇄|펄프. 종이,True,1128480.0,5476.348591549296,77.90828031858939,,,,,,,
2022Q4,2022-11,목재종이,COMPLETE,1500349,284,19993,3,C,목재. 나무|출판. 인쇄|펄프. 종이,True,1088105.0,5282.919014084507,75.04371530035512,,,,,,,
2022Q4,2022-12,목재종이,COMPLETE,1744587,284,19990,3,C,목재. 나무|출판. 인쇄|펄프. 종이,True,1224174.0,6142.911971830986,87.27298649324662,,,,,,,
2023Q1,2023-01,목재종이,COMPLETE,1987004,284,19921,3,C,목재. 나무|출판. 인쇄|펄프. 종이,True,1335103.0,6996.492957746479,99.74418954871743,,,,,,,
2023Q1,2023-02,목재종이,COMPLETE,1939561,284,19921,3,C,목재. 나무|출판. 인쇄|펄프. 종이,True,1335866.0,6829.44014084507,97.36263239797199,COMPLETE,1914452.0,284.0,19466.0,1.3115502504110754,0.0,2.33740881537039
2023Q1,2023-03,목재종이,COMPLETE,1584966,282,19905,3,C,목재. 나무|출판. 인쇄|펄프. 종이,True,1104585.0,5620.446808510638,79.62652599849284,COMPLETE,1726619.0,286.0,19589.0,-8.204068181805024,-1.3986013986013957,1.6131502373781137
2023Q2,2023-04,목재종이,COMPLETE,1601915,281,20432,3,C,목재. 나무|출판. 인쇄|펄프. 종이,True,1158953.0,5700.765124555161,78.40226115896633,COMPLETE,1493516.0,285.0,19039.0,7.257973801418927,-1.403508771929829,7.316560743736544
2023Q2,2023-05,목재종이,COMPLETE,1388902,282,20452,3,C,목재. 나무|출판. 인쇄|펄프. 종이,True,994139.0,4925.184397163121,67.91032661842362,COMPLETE,1378746.0,282.0,19145.0,0.7366113845479916,0.0,6.826847740924524
2023Q2,2023-06,목재종이,COMPLETE,1507856,282,20452,3,C,목재. 나무|출판. 인쇄|펄프. 종이,True,1067275.0,5347.007092198582,73.72657930764717,COMPLETE,1433993.0,281.0,19130.0,5.150861963761333,0.3558718861210064,6.9106116048091915
2023Q3,2023-07,목재종이,COMPLETE,1768702,281,20417,3,C,목재. 나무|출판. 인쇄|펄프. 종이,True,1165006.0,6294.3131672597865,86.62888769162953,COMPLETE,1636914.0,281.0,19141.0,8.051003290337789,0.0,6.666318374170621
2023Q3,2023-08,목재종이,COMPLETE,1972264,280,20407,3,C,목재. 나무|출판. 인쇄|펄프. 종이,True,1310226.0,7043.8,96.64644484735629,COMPLETE,1724271.0,282.0,19933.0,14.38248395988797,-0.7092198581560294,2.377966186725522
2023Q3,2023-09,목재종이,COMPLETE,2199201,280,20447,3,C,목재. 나무|출판. 인쇄|펄프. 종이,True,1489725.0,7854.289285714286,107.55616960923363,COMPLETE,1667496.0,284.0,19963.0,31.886433310784557,-1.4084507042253502,2.424485297800927
2023Q4,2023-10,목재종이,COMPLETE,1657835,281,20472,3,C,목재. 나무|출판. 인쇄|펄프. 종이,True,1131669.0,5899.768683274021,80.9806076592419,COMPLETE,1555283.0,284.0,19963.0,6.593783896564154,-1.0563380281690127,2.5497169764063576
2023Q4,2023-11,목재종이,COMPLETE,1845447,284,21278,3,C,목재. 나무|출판. 인쇄|펄프. 종이,True,1285363.0,6498.052816901409,86.73028480120313,COMPLETE,1500349.0,284.0,19993.0,23.001181725051968,0.0,6.4272495373380645
2023Q4,2023-12,목재종이,COMPLETE,1974826,283,21036,3,C,목재. 나무|출판. 인쇄|펄프. 종이,True,1330881.0,6978.183745583039,93.87839893515877,COMPLETE,1744587.0,284.0,19990.0,13.197335529841725,-0.35211267605633756,5.232616308154081
2024Q1,2024-01,목재종이,COMPLETE,1956922,281,20928,3,C,목재. 나무|출판. 인쇄|펄프. 종이,True,1282659.0,6964.135231316726,93.50735856269114,COMPLETE,1987004.0,284.0,19921.0,-1.5139375663058563,-1.0563380281690127,5.054967120124498
2024Q1,2024-02,목재종이,COMPLETE,2145504,279,20868,3,C,목재. 나무|출판. 인쇄|펄프. 종이,True,1449307.0,7689.978494623656,102.81311098332375,COMPLETE,1939561.0,284.0,19921.0,10.618021294509417,-1.7605633802816878,4.7537774208122
2024Q1,2024-03,목재종이,COMPLETE,1928511,279,20888,3,C,목재. 나무|출판. 인쇄|펄프. 종이,True,1312225.0,6912.225806451613,92.32626388356951,COMPLETE,1584966.0,282.0,19905.0,21.675228364520116,-1.0638297872340385,4.938457673951269
2024Q2,2024-04,목재종이,COMPLETE,1789725,280,20902,3,C,목재. 나무|출판. 인쇄|펄프. 종이,True,1232851.0,6391.875,85.62458137977227,COMPLETE,1601915.0,281.0,20432.0,11.724092726517954,-0.3558718861209953,2.300313234142526
2024Q2,2024-05,목재종이,COMPLETE,1642912,278,20659,3,C,목재. 나무|출판. 인쇄|펄프. 종이,True,1157660.0,5909.755395683454,79.52524323539377,COMPLETE,1388902.0,282.0,20452.0,18.28854735611296,-1.4184397163120588,1.0121259534519922
2024Q2,2024-06,목재종이,COMPLETE,1780051,278,20659,3,C,목재. 나무|출판. 인쇄|펄프. 종이,True,1240488.0,6403.061151079137,86.16346386562758,COMPLETE,1507856.0,282.0,20452.0,18.051790091361507,-1.4184397163120588,1.0121259534519922
2024Q3,2024-07,목재종이,COMPLETE,1950230,278,20719,3,C,목재. 나무|출판. 인쇄|펄프. 종이,True,1324855.0,7015.215827338129,94.12761233650272,COMPLETE,1768702.0,281.0,20417.0,10.263345662525403,-1.0676156583629859,1.4791595239261435
2024Q3,2024-08,목재종이,COMPLETE,2125565,277,20719,3,C,목재. 나무|출판. 인쇄|펄프. 종이,True,1431563.0,7673.519855595668,102.59013465900864,COMPLETE,1972264.0,280.0,20407.0,7.77284379778771,-1.0714285714285676,1.5288871465673592
2024Q3,2024-09,목재종이,COMPLETE,2185218,278,20729,3,C,목재. 나무|출판. 인쇄|펄프. 종이,True,1475477.0,7860.496402877698,105.41839934391432,COMPLETE,2199201.0,280.0,20447.0,-0.6358218280184458,-0.7142857142857117,1.379175429158308
2024Q4,2024-10,목재종이,COMPLETE,1587110,277,20709,3,C,목재. 나무|출판. 인쇄|펄프. 종이,True,1065618.0,5729.638989169675,76.63865952001545,COMPLETE,1657835.0,281.0,20472.0,-4.266106096203782,-1.4234875444839812,1.1576787807737299
2024Q4,2024-11,목재종이,COMPLETE,1766547,276,20696,3,C,목재. 나무|출판. 인쇄|펄프. 종이,True,1244526.0,6400.532608695652,85.35692887514496,COMPLETE,1845447.0,284.0,21278.0,-4.275386938774184,-2.8169014084507005,-2.7352194755146164
2024Q4,2024-12,목재종이,COMPLETE,1926849,276,20696,3,C,목재. 나무|출판. 인쇄|펄프. 종이,True,1319003.0,6981.336956521739,93.10248357170468,COMPLETE,1974826.0,283.0,21036.0,-2.4294292256634265,-2.473498233215543,-1.6162768587183907
2025Q1,2025-01,목재종이,COMPLETE,2033531,275,20682,3,C,목재. 나무|출판. 인쇄|펄프. 종이,True,1318167.0,7394.658181818182,98.32371143989943,COMPLETE,1956922.0,281.0,20928.0,3.9147702361157055,-2.135231316725983,-1.1754587155963336
2025Q1,2025-02,목재종이,COMPLETE,1996184,271,20502,3,C,목재. 나무|출판. 인쇄|펄프. 종이,True,1278347.0,7365.992619926199,97.36533021168667,COMPLETE,2145504.0,279.0,20868.0,-6.959670082181157,-2.8673835125448077,-1.7538815411155873
2025Q1,2025-03,목재종이,COMPLETE,1835720,270,20485,3,C,목재. 나무|출판. 인쇄|펄프. 종이,True,1183486.0,6798.962962962963,89.6128874786429,COMPLETE,1928511.0,279.0,20888.0,-4.8115359466448515,-3.2258064516129004,-1.9293374186135526
2025Q2,2025-04,목재종이,COMPLETE,1662054,269,20931,3,C,목재. 나무|출판. 인쇄|펄프. 종이,True,1084168.0,6178.639405204461,79.4063351010463,COMPLETE,1789725.0,280.0,20902.0,-7.133554037631484,-3.9285714285714257,0.13874270404745648
2025Q2,2025-05,목재종이,COMPLETE,1502856,267,20349,3,C,목재. 나무|출판. 인쇄|펄프. 종이,True,1016057.0,5628.6741573033705,73.85404688191066,COMPLETE,1642912.0,278.0,20659.0,-8.524863169786334,-3.9568345323740983,-1.5005566581151042
2025Q2,2025-06,목재종이,COMPLETE,1510424,267,20349,3,C,목재. 나무|출판. 인쇄|펄프. 종이,True,1010647.0,5657.01872659176,74.22595704948647,COMPLETE,1780051.0,278.0,20659.0,-15.147150278278543,-3.9568345323740983,-1.5005566581151042
2025Q3,2025-07,목재종이,COMPLETE,1833383,266,20345,3,C,목재. 나무|출판. 인쇄|펄프. 종이,True,1188231.0,6892.417293233083,90.11467190956009,COMPLETE,1950230.0,278.0,20719.0,-5.991447162642361,-4.316546762589923,-1.805106424055214
2025Q3,2025-08,목재종이,COMPLETE,2093637,265,20128,3,C,목재. 나무|출판. 인쇄|펄프. 종이,True,1412247.0,7900.516981132076,104.01614666136724,COMPLETE,2125565.0,277.0,20719.0,-1.5020947371640059,-4.332129963898912,-2.852454269028426
2025Q3,2025-09,목재종이,COMPLETE,2017414,267,20265,3,C,목재. 나무|출판. 인쇄|펄프. 종이,True,1323571.0,7555.857677902622,99.55164075993092,COMPLETE,2185218.0,278.0,20729.0,-7.6790507857797285,-3.9568345323740983,-2.2384099570649796
2025Q4,2025-10,목재종이,COMPLETE,1475404,268,20280,3,C,목재. 나무|출판. 인쇄|펄프. 종이,True,966831.0,5505.238805970149,72.7516765285996,COMPLETE,1587110.0,277.0,20709.0,-7.038327526132404,-3.2490974729241895,-2.0715630885122405
2025Q4,2025-11,목재종이,COMPLETE,1693524,267,20269,3,C,목재. 나무|출판. 인쇄|펄프. 종이,True,1054404.0,6342.786516853933,83.55241995165031,COMPLETE,1766547.0,276.0,20696.0,-4.1336573552812395,-3.2608695652173947,-2.0632006184770013
2025Q4,2025-12,목재종이,COMPLETE,1817435,265,19659,3,C,목재. 나무|출판. 인쇄|펄프. 종이,True,1061181.0,6858.245283018868,92.44798819878936,COMPLETE,1926849.0,276.0,20696.0,-5.6783899516775875,-3.985507246376807,-5.010630073444144
2026Q1,2026-01,목재종이,COMPLETE,1998228,264,19625,3,C,목재. 나무|출판. 인쇄|펄프. 종이,True,1221904.0,7569.045454545455,101.82053503184713,COMPLETE,2033531.0,275.0,20682.0,-1.7360443484756294,-4.0000000000000036,-5.1107243013248205
2026Q1,2026-02,목재종이,COMPLETE,2166800,263,20015,3,C,목재. 나무|출판. 인쇄|펄프. 종이,True,1277243.0,8238.783269961978,108.25880589557832,COMPLETE,1996184.0,271.0,20502.0,8.547107881838546,-2.9520295202952074,-2.3753780119012746
2026Q1,2026-03,목재종이,COMPLETE,1675432,265,20050,3,C,목재. 나무|출판. 인쇄|펄프. 종이,True,1008248.0,6322.384905660378,83.56269326683292,COMPLETE,1835720.0,270.0,20485.0,-8.73161484322228,-1.851851851851849,-2.123505003661219
2026Q2,2026-04,목재종이,COMPLETE,1679843,265,19972,3,C,목재. 나무|출판. 인쇄|펄프. 종이,True,1057605.0,6339.030188679245,84.10990386541158,COMPLETE,1662054.0,269.0,20931.0,1.0703021682809233,-1.486988847583648,-4.581720892456165
2026Q2,2026-05,목재종이,COMPLETE,1524518,263,19959,3,C,목재. 나무|출판. 인쇄|펄프. 종이,True,944159.0,5796.6463878326995,76.3824840923894,COMPLETE,1502856.0,267.0,20349.0,1.44138892881287,-1.4981273408239737,-1.9165560961226569
2026Q2,2026-06,목재종이,COMPLETE,1687248,261,19932,3,C,목재. 나무|출판. 인쇄|펄프. 종이,True,1035960.0,6464.551724137931,84.65021071643588,COMPLETE,1510424.0,267.0,20349.0,11.706911436788614,-2.2471910112359605,-2.049240748931147
2022Q1,2022-02,비금속,COMPLETE,3917387,84,44850,2,C,시 멘 트|유 리,True,,46635.55952380953,87.34419175027871,,,,,,,
2022Q1,2022-03,비금속,COMPLETE,4394644,83,44585,2,C,시 멘 트|유 리,True,,52947.51807228916,98.56776942918022,,,,,,,
2022Q2,2022-04,비금속,COMPLETE,4391523,84,44605,2,C,시 멘 트|유 리,True,,52280.03571428572,98.45360385606995,,,,,,,
2022Q2,2022-05,비금속,COMPLETE,4065213,84,44605,2,C,시 멘 트|유 리,True,,48395.392857142855,91.13805627171841,,,,,,,
2022Q2,2022-06,비금속,COMPLETE,3811780,85,44620,2,C,시 멘 트|유 리,True,,44844.470588235294,85.42761093679964,,,,,,,
2022Q3,2022-07,비금속,COMPLETE,4071372,85,44620,2,C,시 멘 트|유 리,True,,47898.49411764706,91.24545047064098,,,,,,,
2022Q3,2022-08,비금속,COMPLETE,3917621,84,45185,2,C,시 멘 트|유 리,True,,46638.34523809524,86.70180369591678,,,,,,,
2022Q3,2022-09,비금속,COMPLETE,3778163,83,46170,2,C,시 멘 트|유 리,True,,45520.03614457831,81.83155728828244,,,,,,,
2022Q4,2022-10,비금속,COMPLETE,4161856,83,46115,2,C,시 멘 트|유 리,True,,50142.843373493975,90.24950666811233,,,,,,,
2022Q4,2022-11,비금속,COMPLETE,4429913,83,46115,2,C,시 멘 트|유 리,True,,53372.44578313253,96.0623007698146,,,,,,,
2022Q4,2022-12,비금속,COMPLETE,4881294,81,45895,2,C,시 멘 트|유 리,True,,60262.88888888889,106.35786033336964,,,,,,,
2023Q1,2023-01,비금속,COMPLETE,4819660,81,45895,2,C,시 멘 트|유 리,True,,59501.97530864197,105.01492537313433,,,,,,,
2023Q1,2023-02,비금속,COMPLETE,4570820,80,45718,2,C,시 멘 트|유 리,True,,57135.25,99.97856424165536,COMPLETE,3917387.0,84.0,44850.0,16.680327983934195,-4.761904761904767,1.935340022296539
2023Q1,2023-03,비금속,COMPLETE,4577807,80,45718,2,C,시 멘 트|유 리,True,,57222.5875,100.13139244936349,COMPLETE,4394644.0,83.0,44585.0,4.167868887673265,-3.6144578313253017,2.54121341258271
2023Q2,2023-04,비금속,COMPLETE,4301337,81,45723,2,C,시 멘 트|유 리,True,,53102.92592592593,94.07381405419592,COMPLETE,4391523.0,84.0,44605.0,-2.0536383391365542,-3.57142857142857,2.5064454657549584
2023Q2,2023-05,비금속,COMPLETE,4206396,81,45868,2,C,시 멘 트|유 리,True,,51930.81481481482,91.70654922822011,COMPLETE,4065213.0,84.0,44605.0,3.4729545536728246,-3.57142857142857,2.8315211299181797
2023Q2,2023-06,비금속,COMPLETE,4259219,80,45864,2,C,시 멘 트|유 리,True,,53240.2375,92.86627856270714,COMPLETE,3811780.0,85.0,44620.0,11.738321728956036,-5.882352941176472,2.7879874495741808
2023Q3,2023-07,비금속,COMPLETE,4372582,79,45844,2,C,시 멘 트|유 리,True,,55349.13924050633,95.37959165866853,COMPLETE,4071372.0,85.0,44620.0,7.398243147518824,-7.058823529411762,2.7431645002241156
2023Q3,2023-08,비금속,COMPLETE,3480520,80,46064,2,C,시 멘 트|유 리,True,,43506.5,75.55835359499827,COMPLETE,3917621.0,84.0,45185.0,-11.157306947251922,-4.761904761904767,1.94533584154033
2023Q3,2023-09,비금속,COMPLETE,4121824,80,45843,2,C,시 멘 트|유 리,True,,51522.8,89.9117422507253,COMPLETE,3778163.0,83.0,46170.0,9.095981300965583,-3.6144578313253017,-0.7082521117608875
2023Q4,2023-10,비금속,COMPLETE,3903080,80,44521,2,C,시 멘 트|유 리,True,,48788.5,87.66829136811842,COMPLETE,4161856.0,83.0,46115.0,-6.217802826431285,-3.6144578313253017,-3.4565759514257888
2023Q4,2023-11,비금속,COMPLETE,4441615,80,44521,2,C,시 멘 트|유 리,True,,55520.1875,99.76449316053099,COMPLETE,4429913.0,83.0,46115.0,0.264158686637872,-3.6144578313253017,-3.4565759514257888
2023Q4,2023-12,비금속,COMPLETE,4444776,79,43405,2,C,시 멘 트|유 리,True,,56262.987341772154,102.40239603732289,COMPLETE,4881294.0,81.0,45895.0,-8.942669710121942,-2.4691358024691357,-5.425427606493082
2024Q1,2024-01,비금속,COMPLETE,4701825,79,43405,2,C,시 멘 트|유 리,True,,59516.77215189873,108.32450178550859,COMPLETE,4819660.0,81.0,45895.0,-2.444882004124771,-2.4691358024691357,-5.425427606493082
2024Q1,2024-02,비금속,COMPLETE,4113566,78,43340,2,C,시 멘 트|유 리,True,,52738.02564102564,94.9138440239963,COMPLETE,4570820.0,80.0,45718.0,-10.003763000949506,-2.500000000000002,-5.201452381993965
2024Q1,2024-03,비금속,COMPLETE,3818441,77,42840,2,C,시 멘 트|유 리,True,,49590.142857142855,89.13260971055088,COMPLETE,4577807.0,80.0,45718.0,-16.587986343679407,-3.749999999999998,-6.29511352202633
2024Q2,2024-04,비금속,COMPLETE,3894797,78,42920,2,C,시 멘 트|유 리,True,,49933.294871794875,90.74550326188258,COMPLETE,4301337.0,81.0,45723.0,-9.451479853822198,-3.703703703703709,-6.130393893664021
2024Q2,2024-05,비금속,COMPLETE,3742717,78,42920,2,C,시 멘 트|유 리,True,,47983.55128205128,87.20216682199441,COMPLETE,4206396.0,81.0,45868.0,-11.023189447688708,-3.703703703703709,-6.427138745966687
2024Q2,2024-06,비금속,COMPLETE,3661059,78,42920,2,C,시 멘 트|유 리,True,,46936.653846153844,85.29960391425908,COMPLETE,4259219.0,80.0,45864.0,-14.043889267022902,-2.500000000000002,-6.418977847549279
2024Q3,2024-07,비금속,COMPLETE,3580358,78,42920,2,C,시 멘 트|유 리,True,,45902.02564102564,83.41933830382106,COMPLETE,4372582.0,79.0,45844.0,-18.11799069748721,-1.2658227848101222,-6.378151993717829
2024Q3,2024-08,비금속,COMPLETE,3418795,78,42920,2,C,시 멘 트|유 리,True,,43830.705128205125,79.65505591798696,COMPLETE,3480520.0,80.0,46064.0,-1.7734418994862833,-2.500000000000002,-6.825286557832577
2024Q3,2024-09,비금속,COMPLETE,3201605,78,42920,2,C,시 멘 트|유 리,True,,41046.217948717946,74.59471109040075,COMPLETE,4121824.0,80.0,45843.0,-22.325528697974484,-2.500000000000002,-6.376109765940274
2024Q4,2024-10,비금속,COMPLETE,3303167,78,42920,2,C,시 멘 트|유 리,True,,42348.294871794875,76.96102050326188,COMPLETE,3903080.0,80.0,44521.0,-15.370246062084302,-2.500000000000002,-3.5960557938950144
2024Q4,2024-11,비금속,COMPLETE,3561368,78,42914,2,C,시 멘 트|유 리,True,,45658.5641025641,82.98848860511721,COMPLETE,4441615.0,80.0,44521.0,-19.81817424517883,-2.500000000000002,-3.6095325801307254
2024Q4,2024-12,비금속,COMPLETE,3731097,79,42932,2,C,시 멘 트|유 리,True,,47229.07594936709,86.90713220907482,COMPLETE,4444776.0,79.0,43405.0,-16.056579679155934,0.0,-1.0897362055062754
2025Q1,2025-01,비금속,COMPLETE,3239086,79,43242,2,C,시 멘 트|유 리,True,,41001.08860759494,74.90601729799732,COMPLETE,4701825.0,79.0,43405.0,-31.110026425909087,0.0,-0.37553277272203145
2025Q1,2025-02,비금속,COMPLETE,3538978,79,43242,2,C,시 멘 트|유 리,True,,44797.18987341772,81.84121918505157,COMPLETE,4113566.0,78.0,43340.0,-13.968124007248218,1.2820512820512775,-0.2261190586063666
2025Q1,2025-03,비금속,COMPLETE,3733920,80,43272,2,C,시 멘 트|유 리,True,,46674.0,86.28951747088186,COMPLETE,3818441.0,77.0,42840.0,-2.213494983947639,3.8961038961038863,1.0084033613445342
2025Q2,2025-04,비금속,COMPLETE,3469595,80,43287,2,C,시 멘 트|유 리,True,,43369.9375,80.15327927553307,COMPLETE,3894797.0,78.0,42920.0,-10.917180022476137,2.564102564102555,0.8550792171481802
2025Q2,2025-05,비금속,COMPLETE,3314392,79,43280,2,C,시 멘 트|유 리,True,,41954.329113924054,76.58022181146026,COMPLETE,3742717.0,78.0,42920.0,-11.444226213202867,1.2820512820512775,0.8387698042870539
2025Q2,2025-06,비금속,COMPLETE,3219249,78,43230,2,C,시 멘 트|유 리,True,,41272.42307692308,74.46793893129771,COMPLETE,3661059.0,78.0,42920.0,-12.06781972101515,0.0,0.7222739981360693
2025Q3,2025-07,비금속,COMPLETE,3378373,81,44025,2,C,시 멘 트|유 리,True,,41708.30864197531,76.7376036342987,COMPLETE,3580358.0,78.0,42920.0,-5.641474958649384,3.8461538461538547,2.574557315936632
2025Q3,2025-08,비금속,COMPLETE,2800107,81,44080,2,C,시 멘 트|유 리,True,,34569.22222222222,63.523298548094374,COMPLETE,3418795.0,78.0,42920.0,-18.096668563046336,3.8461538461538547,2.7027027027026973
2025Q3,2025-09,비금속,COMPLETE,3129334,80,44010,2,C,시 멘 트|유 리,True,,39116.675,71.10506703022041,COMPLETE,3201605.0,78.0,42920.0,-2.257336554634315,2.564102564102555,2.5396085740913232
2025Q4,2025-10,비금속,COMPLETE,2694148,79,41560,2,C,시 멘 트|유 리,True,,34103.13924050633,64.82550529355149,COMPLETE,3303167.0,78.0,42920.0,-18.43742686942561,1.2820512820512775,-3.1686859273066137
2025Q4,2025-11,비금속,COMPLETE,3338603,80,41565,2,C,시 멘 트|유 리,True,,41732.5375,80.32245879947071,COMPLETE,3561368.0,78.0,42914.0,-6.255040198036266,2.564102564102555,-3.1434962949154155
2025Q4,2025-12,비금속,COMPLETE,3528326,80,41565,2,C,시 멘 트|유 리,True,,44104.075,84.88694815349453,COMPLETE,3731097.0,79.0,42932.0,-5.434621506757931,1.2658227848101333,-3.1841050964315665
2026Q1,2026-01,비금속,COMPLETE,3809991,80,41585,2,C,시 멘 트|유 리,True,,47624.8875,91.61935794156547,COMPLETE,3239086.0,79.0,43242.0,17.62549682225172,1.2658227848101333,-3.8319226677766993
2026Q1,2026-02,비금속,COMPLETE,3130694,80,41585,2,C,시 멘 트|유 리,True,,39133.675,75.28421305759288,COMPLETE,3538978.0,79.0,43242.0,-11.536777001721966,1.2658227848101333,-3.8319226677766993
2026Q1,2026-03,비금속,COMPLETE,3402326,80,41510,2,C,시 멘 트|유 리,True,,42529.075,81.96400867260901,COMPLETE,3733920.0,80.0,43272.0,-8.880586622102237,0.0,-4.0719171750785765
2026Q2,2026-04,비금속,COMPLETE,3249817,80,41488,2,C,시 멘 트|유 리,True,,40622.7125,78.3314934438874,COMPLETE,3469595.0,80.0,43287.0,-6.334399259855983,0.0,-4.155982165546234
2026Q2,2026-05,비금속,COMPLETE,3043277,80,41688,2,C,시 멘 트|유 리,True,,38040.9625,73.00127134906927,COMPLETE,3314392.0,79.0,43280.0,-8.179931643571425,1.2658227848101333,-3.6783733826247667
2026Q2,2026-06,비금속,COMPLETE,3419869,81,41505,2,C,시 멘 트|유 리,True,,42220.60493827161,82.39655463197205,COMPLETE,3219249.0,78.0,43230.0,6.231888244742789,3.8461538461538547,-3.9902845246356677
2022Q1,2022-02,석유화학,COMPLETE,17269773,346,104707,3,C,고무. 플라|석유 정제|화학 제품,True,9202367.0,49912.6387283237,164.93427373528036,,,,,,,
2022Q1,2022-03,석유화학,COMPLETE,17679034,346,104722,3,C,고무. 플라|석유 정제|화학 제품,True,9897019.0,51095.473988439306,168.8187200397242,,,,,,,
2022Q2,2022-04,석유화학,COMPLETE,17503756,346,104702,3,C,고무. 플라|석유 정제|화학 제품,True,9739449.0,50588.89017341041,167.17690206490803,,,,,,,
2022Q2,2022-05,석유화학,COMPLETE,17064935,347,104997,3,C,고무. 플라|석유 정제|화학 제품,True,9721732.0,49178.487031700286,162.52783412859415,,,,,,,
2022Q2,2022-06,석유화학,COMPLETE,16938570,351,105365,3,C,고무. 플라|석유 정제|화학 제품,True,9488682.0,48258.03418803419,160.7608788497129,,,,,,,
2022Q3,2022-07,석유화학,COMPLETE,18195431,353,105434,3,C,고무. 플라|석유 정제|화학 제품,True,9984415.0,51545.13031161473,172.57650283589734,,,,,,,
2022Q3,2022-08,석유화학,COMPLETE,16859909,356,105880,3,C,고무. 플라|석유 정제|화학 제품,True,9575705.0,47359.29494382023,159.23601246694372,,,,,,,
2022Q3,2022-09,석유화학,COMPLETE,16868811,356,105471,3,C,고무. 플라|석유 정제|화학 제품,True,9469740.0,47384.300561797754,159.93790710242627,,,,,,,
2022Q4,2022-10,석유화학,COMPLETE,16535305,354,105300,3,C,고무. 플라|석유 정제|화학 제품,True,9402254.0,46709.9011299435,157.03043684710352,,,,,,,
2022Q4,2022-11,석유화학,COMPLETE,16672405,356,111345,3,C,고무. 플라|석유 정제|화학 제품,True,9361403.0,46832.598314606745,149.73644977322735,,,,,,,
2022Q4,2022-12,석유화학,COMPLETE,17173620,354,110251,3,C,고무. 플라|석유 정제|화학 제품,True,9617333.0,48513.05084745763,155.76838305321493,,,,,,,
2023Q1,2023-01,석유화학,COMPLETE,17947669,353,110991,3,C,고무. 플라|석유 정제|화학 제품,True,9954970.0,50843.25495750708,161.7038228324819,,,,,,,
2023Q1,2023-02,석유화학,COMPLETE,17050059,352,111262,3,C,고무. 플라|석유 정제|화학 제품,True,9356913.0,48437.66761363636,153.24242778307058,COMPLETE,17269773.0,346.0,104707.0,-1.2722460219946163,1.7341040462427681,6.260326434717833
2023Q1,2023-03,석유화학,COMPLETE,17780053,353,111517,3,C,고무. 플라|석유 정제|화학 제품,True,9955505.0,50368.42209631728,159.43804980406574,COMPLETE,17679034.0,346.0,104722.0,0.5714056548564717,2.0231213872832443,6.488607933385526
2023Q2,2023-04,석유화학,COMPLETE,16966229,355,111761,3,C,고무. 플라|석유 정제|화학 제품,True,9684711.0,47792.19436619718,151.80813521711508,COMPLETE,17503756.0,346.0,104702.0,-3.0709237491656105,2.6011560693641522,6.741991556990312
2023Q2,2023-05,석유화학,COMPLETE,16689694,355,110676,3,C,고무. 플라|석유 정제|화학 제품,True,9723296.0,47013.222535211265,150.79777006758465,COMPLETE,17064935.0,347.0,104997.0,-2.1989008455057135,2.3054755043227626,5.408725963598959
2023Q2,2023-06,석유화학,COMPLETE,16561681,356,110629,3,C,고무. 플라|석유 정제|화학 제품,True,9221027.0,46521.57584269663,149.70469768324762,COMPLETE,16938570.0,351.0,105365.0,-2.2250343446937992,1.4245014245014342,4.9959664025055694
2023Q3,2023-07,석유화학,COMPLETE,17768908,356,110637,3,C,고무. 플라|석유 정제|화학 제품,True,9950054.0,49912.66292134832,160.6054755642326,COMPLETE,18195431.0,353.0,105434.0,-2.3441214445538594,0.8498583569405138,4.934840753457137
2023Q3,2023-08,석유화학,COMPLETE,16205721,355,109692,3,C,고무. 플라|석유 정제|화학 제품,True,9104489.0,45649.91830985915,147.73840389454108,COMPLETE,16859909.0,356.0,105880.0,-3.880139566589591,-0.2808988764044895,3.6003022289384123
2023Q3,2023-09,석유화학,COMPLETE,17865601,354,110742,3,C,고무. 플라|석유 정제|화학 제품,True,9989000.0,50467.799435028246,161.3263350851529,COMPLETE,16868811.0,356.0,105471.0,5.9090708882801435,-0.5617977528089901,4.997582273800383
2023Q4,2023-10,석유화학,COMPLETE,16386818,354,111672,3,C,고무. 플라|석유 정제|화학 제품,True,9872747.0,46290.44632768362,146.7406153735941,COMPLETE,16535305.0,354.0,105300.0,-0.8979997647457938,0.0,6.0512820512820475
2023Q4,2023-11,석유화학,COMPLETE,17061424,352,110622,3,C,고무. 플라|석유 정제|화학 제품,True,9826048.0,48469.954545454544,154.23174413769414,COMPLETE,16672405.0,356.0,111345.0,2.333310641146258,-1.1235955056179803,-0.64933315371144
2023Q4,2023-12,석유화학,COMPLETE,17727679,351,110637,3,C,고무. 플라|석유 정제|화학 제품,True,10169090.0,50506.207977207974,160.23282446197928,COMPLETE,17173620.0,354.0,110251.0,3.2262213790686056,-0.8474576271186418,0.35011020308206575
2024Q1,2024-01,석유화학,COMPLETE,18898066,349,110017,3,C,고무. 플라|석유 정제|화학 제품,True,11010109.0,54149.186246418336,171.7740531008844,COMPLETE,17947669.0,353.0,110991.0,5.295378469482581,-1.1331444759206777,-0.8775486300691027
2024Q1,2024-02,석유화학,COMPLETE,17629687,349,109982,3,C,고무. 플라|석유 정제|화학 제품,True,9889119.0,50514.86246418338,160.29611209106946,COMPLETE,17050059.0,352.0,111262.0,3.3995659487160657,-0.8522727272727293,-1.150437705595797
2024Q1,2024-03,석유화학,COMPLETE,17889187,348,109975,3,C,고무. 플라|석유 정제|화학 제품,True,10412860.0,51405.70977011494,162.66594225960446,COMPLETE,17780053.0,353.0,111517.0,0.6138001950837912,-1.4164305949008527,-1.3827488185657821
2024Q2,2024-04,석유화학,COMPLETE,17667273,348,109695,3,C,고무. 플라|석유 정제|화학 제품,True,10410022.0,50768.025862068964,161.058143032955,COMPLETE,16966229.0,355.0,111761.0,4.13199656800578,-1.9718309859154903,-1.8485876110628907
2024Q2,2024-05,석유화학,COMPLETE,16846153,348,109405,3,C,고무. 플라|석유 정제|화학 제품,True,9711684.0,48408.48563218391,153.97973584388282,COMPLETE,16689694.0,355.0,110676.0,0.9374587694657599,-1.9718309859154903,-1.1483971231341927
2024Q2,2024-06,석유화학,COMPLETE,16834401,351,110540,3,C,고무. 플라|석유 정제|화학 제품,True,9538657.0,47961.256410256414,152.2923918943369,COMPLETE,16561681.0,356.0,110629.0,1.64669274815763,-1.4044943820224698,-0.08044906850825928
2024Q3,2024-07,석유화학,COMPLETE,17604647,350,105406,3,C,고무. 플라|석유 정제|화학 제품,True,9992033.0,50298.991428571426,167.01750374741476,COMPLETE,17768908.0,356.0,110637.0,-0.9244293459114039,-1.6853932584269704,-4.728074694722384
2024Q3,2024-08,석유화학,COMPLETE,18268080,351,105636,3,C,고무. 플라|석유 정제|화학 제품,True,10976113.0,52045.81196581197,172.93422696807906,COMPLETE,16205721.0,355.0,109692.0,12.726116906492457,-1.1267605633802802,-3.697626080297556
2024Q3,2024-09,석유화학,COMPLETE,17413157,349,105585,3,C,고무. 플라|석유 정제|화학 제품,True,9994151.0,49894.432664756445,164.9207463181323,COMPLETE,17865601.0,354.0,110742.0,-2.5324868723979654,-1.412429378531077,-4.656769789239856
2024Q4,2024-10,석유화학,COMPLETE,16064104,349,106635,3,C,고무. 플라|석유 정제|화학 제품,True,9656702.0,46028.95128939828,150.6456979415764,COMPLETE,16386818.0,354.0,111672.0,-1.9693512187662021,-1.412429378531077,-4.510530840318072
2024Q4,2024-11,석유화학,COMPLETE,16461534,347,105711,3,C,고무. 플라|석유 정제|화학 제품,True,9822659.0,47439.57925072046,155.72205352328518,COMPLETE,17061424.0,352.0,110622.0,-3.5160605586028404,-1.4204545454545414,-4.439442425557305
2024Q4,2024-12,석유화학,COMPLETE,17811484,347,105812,3,C,고무. 플라|석유 정제|화학 제품,True,11010844.0,51329.925072046106,168.33141798661777,COMPLETE,17727679.0,351.0,110637.0,0.4727353197223394,-1.139601139601143,-4.36110885146922
2025Q1,2025-01,석유화학,COMPLETE,17233203,349,106448,3,C,고무. 플라|석유 정제|화학 제품,True,9915362.0,49378.805157593124,161.89315910115738,COMPLETE,18898066.0,349.0,110017.0,-8.809700421196542,0.0,-3.244044102275101
2025Q1,2025-02,석유화학,COMPLETE,16786955,352,106982,3,C,고무. 플라|석유 정제|화학 제품,True,9358349.0,47690.213068181816,156.91382662503972,COMPLETE,17629687.0,349.0,109982.0,-4.780186965315947,0.8595988538681931,-2.727719081304214
2025Q1,2025-03,석유화학,COMPLETE,17219758,352,107302,3,C,고무. 플라|석유 정제|화학 제품,True,9954644.0,48919.767045454544,160.47937596689718,COMPLETE,17889187.0,348.0,109975.0,-3.7420873290664347,1.1494252873563315,-2.4305523982723343
2025Q2,2025-04,석유화학,COMPLETE,16802203,353,107583,3,C,고무. 플라|석유 정제|화학 제품,True,9611824.0,47598.30878186969,156.17897809133413,COMPLETE,17667273.0,348.0,109695.0,-4.896454591492416,1.4367816091954033,-1.9253384383973726
2025Q2,2025-05,석유화학,COMPLETE,16327965,351,107593,3,C,고무. 플라|석유 정제|화학 제품,True,9500288.0,46518.418803418805,151.75675926872566,COMPLETE,16846153.0,348.0,109405.0,-3.076001980986398,0.8620689655172376,-1.6562314336639128
2025Q2,2025-06,석유화학,COMPLETE,16184132,353,108265,3,C,고무. 플라|석유 정제|화학 제품,True,8862958.0,45847.39943342776,149.48627903754675,COMPLETE,16834401.0,351.0,110540.0,-3.8627391613161643,0.5698005698005604,-2.058078523611362
2025Q3,2025-07,석유화학,COMPLETE,17658561,357,109160,3,C,고무. 플라|석유 정제|화학 제품,True,9318883.0,49463.75630252101,161.76768962990107,COMPLETE,17604647.0,350.0,105406.0,0.30624868536131,2.0000000000000018,3.5614670891600086
2025Q3,2025-08,석유화학,COMPLETE,17207768,356,109043,3,C,고무. 플라|석유 정제|화학 제품,True,9511974.0,48336.426966292136,157.80717698522602,COMPLETE,18268080.0,351.0,105636.0,-5.804178654790215,1.4245014245014342,3.2252262486273553
2025Q3,2025-09,석유화학,COMPLETE,17545657,353,108816,3,C,고무. 플라|석유 정제|화학 제품,True,9337654.0,49704.41076487252,161.24151779150125,COMPLETE,17413157.0,349.0,105585.0,0.7609188844963644,1.1461318051575908,3.060093763318661
2025Q4,2025-10,석유화학,COMPLETE,15518925,353,112686,3,C,고무. 플라|석유 정제|화학 제품,True,8955336.0,43962.96033994334,137.71830573451894,COMPLETE,16064104.0,349.0,106635.0,-3.3937716040682964,1.1461318051575908,5.674497116331412
2025Q4,2025-11,석유화학,COMPLETE,16683194,352,112430,3,C,고무. 플라|석유 정제|화학 제품,True,9044885.0,47395.4375,148.38738770790715,COMPLETE,16461534.0,347.0,105711.0,1.3465330752285842,1.4409221902017322,6.356008362422072
2025Q4,2025-12,석유화학,COMPLETE,17763231,353,113226,3,C,고무. 플라|석유 정제|화학 제품,True,9659940.0,50320.76770538244,156.8829685761221,COMPLETE,17811484.0,347.0,105812.0,-0.2709094873846518,1.729106628242083,7.006766718330626
2026Q1,2026-01,석유화학,COMPLETE,18125644,352,113466,3,C,고무. 플라|석유 정제|화학 제품,True,9931381.0,51493.306818181816,159.74515713958365,COMPLETE,17233203.0,349.0,106448.0,5.1786136332288235,0.8595988538681931,6.592890425372011
2026Q1,2026-02,석유화학,COMPLETE,17708115,350,112660,3,C,고무. 플라|석유 정제|화학 제품,True,9206337.0,50594.614285714284,157.1819190484644,COMPLETE,16786955.0,352.0,106982.0,5.487356104784946,-0.5681818181818232,5.307434895589913
2026Q1,2026-03,석유화학,COMPLETE,17171546,351,112965,3,C,고무. 플라|석유 정제|화학 제품,True,9668750.0,48921.78347578348,152.0076660912672,COMPLETE,17219758.0,352.0,107302.0,-0.2799807058844861,-0.28409090909090606,5.277627630426274
2026Q2,2026-04,석유화학,COMPLETE,17105273,351,112965,3,C,고무. 플라|석유 정제|화학 제품,True,9295828.0,48732.97150997151,151.42099765414065,COMPLETE,16802203.0,353.0,107583.0,1.803751567577172,-0.5665722379603388,5.002649117425606
2026Q2,2026-05,석유화학,COMPLETE,16596220,349,113175,3,C,고무. 플라|석유 정제|화학 제품,True,9492020.0,47553.63896848138,146.642102937928,COMPLETE,16327965.0,351.0,107593.0,1.642917534426358,-0.5698005698005715,5.188069855845634
2026Q2,2026-06,석유화학,COMPLETE,17187480,349,113565,3,C,고무. 플라|석유 정제|화학 제품,True,9505494.0,49247.79369627507,151.34486857746666,COMPLETE,16184132.0,353.0,108265.0,6.199578698443631,-1.1331444759206777,4.895395557197624
2022Q1,2022-02,섬유의복,COMPLETE,219917,60,2303,3,C,가죽. 신발|섬 유|의복. 모피,True,167750.0,3665.2833333333333,95.4915327833261,,,,,,,
2022Q1,2022-03,섬유의복,COMPLETE,201976,59,2296,3,C,가죽. 신발|섬 유|의복. 모피,True,153977.0,3423.322033898305,87.96864111498257,,,,,,,
2022Q2,2022-04,섬유의복,COMPLETE,187354,59,2296,3,C,가죽. 신발|섬 유|의복. 모피,True,138718.0,3175.491525423729,81.60017421602788,,,,,,,
2022Q2,2022-05,섬유의복,COMPLETE,172203,59,2296,3,C,가죽. 신발|섬 유|의복. 모피,True,123558.0,2918.6949152542375,75.00130662020906,,,,,,,
2022Q2,2022-06,섬유의복,COMPLETE,169573,59,2296,3,C,가죽. 신발|섬 유|의복. 모피,True,123767.0,2874.1186440677966,73.8558362369338,,,,,,,
2022Q3,2022-07,섬유의복,COMPLETE,183417,58,2286,3,C,가죽. 신발|섬 유|의복. 모피,True,134696.0,3162.362068965517,80.23490813648294,,,,,,,
2022Q3,2022-08,섬유의복,COMPLETE,189598,58,2286,3,C,가죽. 신발|섬 유|의복. 모피,True,135596.0,3268.9310344827586,82.93875765529309,,,,,,,
2022Q3,2022-09,섬유의복,COMPLETE,179465,58,2286,3,C,가죽. 신발|섬 유|의복. 모피,True,127379.0,3094.2241379310344,78.50612423447069,,,,,,,
2022Q4,2022-10,섬유의복,COMPLETE,162864,58,2286,3,C,가죽. 신발|섬 유|의복. 모피,True,116467.0,2808.0,71.24409448818898,,,,,,,
2022Q4,2022-11,섬유의복,COMPLETE,180896,58,2286,3,C,가죽. 신발|섬 유|의복. 모피,True,134744.0,3118.896551724138,79.1321084864392,,,,,,,
2022Q4,2022-12,섬유의복,COMPLETE,188779,57,2250,3,C,가죽. 신발|섬 유|의복. 모피,True,144141.0,3311.9122807017543,83.90177777777778,,,,,,,
2023Q1,2023-01,섬유의복,COMPLETE,228714,56,2237,3,C,가죽. 신발|섬 유|의복. 모피,True,152132.0,4084.1785714285716,102.24139472507822,,,,,,,
2023Q1,2023-02,섬유의복,COMPLETE,235665,57,2260,3,C,가죽. 신발|섬 유|의복. 모피,True,162591.0,4134.473684210527,104.27654867256638,COMPLETE,219917.0,60.0,2303.0,7.160883424200959,-5.000000000000004,-1.8671298306556672
2023Q1,2023-03,섬유의복,COMPLETE,199597,57,2190,3,C,가죽. 신발|섬 유|의복. 모피,True,137351.0,3501.7017543859647,91.14018264840183,COMPLETE,201976.0,59.0,2296.0,-1.1778627163623434,-3.3898305084745783,-4.616724738675959
2023Q2,2023-04,섬유의복,COMPLETE,205173,56,2175,3,C,가죽. 신발|섬 유|의복. 모피,True,140279.0,3663.8035714285716,94.33241379310344,COMPLETE,187354.0,59.0,2296.0,9.510872466026887,-5.0847457627118615,-5.270034843205574
2023Q2,2023-05,섬유의복,COMPLETE,178390,55,2166,3,C,가죽. 신발|섬 유|의복. 모피,True,120169.0,3243.4545454545455,82.35918744228994,COMPLETE,172203.0,59.0,2296.0,3.5928526216151946,-6.779661016949157,-5.662020905923349
2023Q2,2023-06,섬유의복,COMPLETE,186567,53,2061,3,C,가죽. 신발|섬 유|의복. 모피,True,124733.0,3520.132075471698,90.52256186317322,COMPLETE,169573.0,59.0,2296.0,10.0216425964039,-10.169491525423723,-10.235191637630658
2023Q3,2023-07,섬유의복,COMPLETE,195244,53,2061,3,C,가죽. 신발|섬 유|의복. 모피,True,126878.0,3683.8490566037735,94.73265405143134,COMPLETE,183417.0,58.0,2286.0,6.448148208726567,-8.62068965517241,-9.842519685039374
2023Q3,2023-08,섬유의복,COMPLETE,186602,53,2061,3,C,가죽. 신발|섬 유|의복. 모피,True,117520.0,3520.7924528301887,90.53954391072295,COMPLETE,189598.0,58.0,2286.0,-1.5801854449941422,-8.62068965517241,-9.842519685039374
2023Q3,2023-09,섬유의복,COMPLETE,214806,54,2221,3,C,가죽. 신발|섬 유|의복. 모피,True,142981.0,3977.8888888888887,96.71589374155786,COMPLETE,179465.0,58.0,2286.0,19.69241913465021,-6.896551724137934,-2.8433945756780377
2023Q4,2023-10,섬유의복,COMPLETE,174754,55,3171,3,C,가죽. 신발|섬 유|의복. 모피,True,115669.0,3177.3454545454547,55.11005991800694,COMPLETE,162864.0,58.0,2286.0,7.300569800569812,-5.1724137931034475,38.71391076115485
2023Q4,2023-11,섬유의복,COMPLETE,215194,55,3171,3,C,가죽. 신발|섬 유|의복. 모피,True,152416.0,3912.6181818181817,67.86313465783664,COMPLETE,180896.0,58.0,2286.0,18.960065451972397,-5.1724137931034475,38.71391076115485
2023Q4,2023-12,섬유의복,COMPLETE,235817,55,3171,3,C,가죽. 신발|섬 유|의복. 모피,True,173005.0,4287.581818181819,74.36676127404604,COMPLETE,188779.0,57.0,2250.0,24.916966399864382,-3.508771929824561,40.93333333333333
2024Q1,2024-01,섬유의복,COMPLETE,233864,55,3165,3,C,가죽. 신발|섬 유|의복. 모피,True,170282.0,4252.072727272727,73.89067930489732,COMPLETE,228714.0,56.0,2237.0,2.251720489344766,-1.7857142857142905,41.48413053196245
2024Q1,2024-02,섬유의복,COMPLETE,257363,55,3150,3,C,가죽. 신발|섬 유|의복. 모피,True,193441.0,4679.327272727272,81.70253968253968,COMPLETE,235665.0,57.0,2260.0,9.207137249909824,-3.508771929824561,39.380530973451336
2024Q1,2024-03,섬유의복,COMPLETE,280750,55,3150,3,C,가죽. 신발|섬 유|의복. 모피,True,226579.0,5104.545454545455,89.12698412698413,COMPLETE,199597.0,57.0,2190.0,40.658426729860665,-3.508771929824561,43.83561643835616
2024Q2,2024-04,섬유의복,COMPLETE,289393,55,3150,3,C,가죽. 신발|섬 유|의복. 모피,True,225125.0,5261.690909090909,91.87079365079364,COMPLETE,205173.0,56.0,2175.0,41.04828608052718,-1.7857142857142905,44.827586206896555
2024Q2,2024-05,섬유의복,COMPLETE,294452,56,3155,3,C,가죽. 신발|섬 유|의복. 모피,True,232142.0,5258.071428571428,93.32868462757527,COMPLETE,178390.0,55.0,2166.0,65.06082179494366,1.8181818181818077,45.660203139427516
2024Q2,2024-06,섬유의복,COMPLETE,349344,56,3155,3,C,가죽. 신발|섬 유|의복. 모피,True,286141.0,6238.285714285715,110.7270998415214,COMPLETE,186567.0,53.0,2061.0,87.24854877872292,5.660377358490565,53.081028626880155
2024Q3,2024-07,섬유의복,COMPLETE,430018,56,3155,3,C,가죽. 신발|섬 유|의복. 모피,True,358420.0,7678.892857142857,136.2973058637084,COMPLETE,195244.0,53.0,2061.0,120.24646083874538,5.660377358490565,53.081028626880155
2024Q3,2024-08,섬유의복,COMPLETE,501909,56,3155,3,C,가죽. 신발|섬 유|의복. 모피,True,430597.0,8962.660714285714,159.083676703645,COMPLETE,186602.0,53.0,2061.0,168.97300136118582,5.660377358490565,53.081028626880155
2024Q3,2024-09,섬유의복,COMPLETE,454941,57,3405,3,C,가죽. 신발|섬 유|의복. 모피,True,376444.0,7981.421052631579,133.60969162995596,COMPLETE,214806.0,54.0,2221.0,111.79157006787518,5.555555555555558,53.30932012606935
2024Q4,2024-10,섬유의복,COMPLETE,454630,57,3395,3,C,가죽. 신발|섬 유|의복. 모피,True,395229.0,7975.964912280701,133.91163475699557,COMPLETE,174754.0,55.0,3171.0,160.15427400803418,3.6363636363636376,7.064017660044142
2024Q4,2024-11,섬유의복,COMPLETE,501794,57,3395,3,C,가죽. 신발|섬 유|의복. 모피,True,438421.0,8803.40350877193,147.8038291605302,COMPLETE,215194.0,55.0,3171.0,133.1821519187338,3.6363636363636376,7.064017660044142
2024Q4,2024-12,섬유의복,COMPLETE,450077,56,3195,3,C,가죽. 신발|섬 유|의복. 모피,True,388248.0,8037.089285714285,140.86917057902974,COMPLETE,235817.0,55.0,3171.0,90.85858949948478,1.8181818181818077,0.7568590350047311
2025Q1,2025-01,섬유의복,COMPLETE,489214,57,3200,3,C,가죽. 신발|섬 유|의복. 모피,True,425572.0,8582.701754385966,152.879375,COMPLETE,233864.0,55.0,3165.0,109.18739096226867,3.6363636363636376,1.1058451816745585
2025Q1,2025-02,섬유의복,COMPLETE,541444,57,3200,3,C,가죽. 신발|섬 유|의복. 모피,True,476994.0,9499.017543859649,169.20125,COMPLETE,257363.0,55.0,3150.0,110.38144566235242,3.6363636363636376,1.5873015873015817
2025Q1,2025-03,섬유의복,COMPLETE,552520,57,3200,3,C,가죽. 신발|섬 유|의복. 모피,True,491700.0,9693.333333333334,172.6625,COMPLETE,280750.0,55.0,3150.0,96.80142475512021,3.6363636363636376,1.5873015873015817
2025Q2,2025-04,섬유의복,COMPLETE,544377,57,3200,3,C,가죽. 신발|섬 유|의복. 모피,True,479636.0,9550.473684210527,170.1178125,COMPLETE,289393.0,55.0,3150.0,88.10994046158685,3.6363636363636376,1.5873015873015817
2025Q2,2025-05,섬유의복,COMPLETE,526699,57,3200,3,C,가죽. 신발|섬 유|의복. 모피,True,466176.0,9240.333333333334,164.5934375,COMPLETE,294452.0,56.0,3155.0,78.87431567793732,1.7857142857142794,1.4263074484944571
2025Q2,2025-06,섬유의복,COMPLETE,551081,57,3200,3,C,가죽. 신발|섬 유|의복. 모피,True,487554.0,9668.087719298246,172.2128125,COMPLETE,349344.0,56.0,3155.0,57.74737794265823,1.7857142857142794,1.4263074484944571
2025Q3,2025-07,섬유의복,COMPLETE,578015,58,3205,3,C,가죽. 신발|섬 유|의복. 모피,True,507407.0,9965.775862068966,180.34789391575663,COMPLETE,430018.0,56.0,3155.0,34.41646628745774,3.571428571428581,1.5847860538827252
2025Q3,2025-08,섬유의복,COMPLETE,616213,58,3402,3,C,가죽. 신발|섬 유|의복. 모피,True,549363.0,10624.362068965518,181.13256907701353,COMPLETE,501909.0,56.0,3155.0,22.773849442827277,3.571428571428581,7.828843106180661
2025Q3,2025-09,섬유의복,COMPLETE,648157,58,3262,3,C,가죽. 신발|섬 유|의복. 모피,True,556433.0,11175.120689655172,198.69926425505824,COMPLETE,454941.0,57.0,3405.0,42.470562116845926,1.7543859649122862,-4.199706314243756
2025Q4,2025-10,섬유의복,COMPLETE,498018,56,3187,3,C,가죽. 신발|섬 유|의복. 모피,True,456543.0,8893.17857142857,156.2654534044556,COMPLETE,454630.0,57.0,3395.0,9.543584893209855,-1.7543859649122862,-6.126656848306333
2025Q4,2025-11,섬유의복,COMPLETE,522032,56,3187,3,C,가죽. 신발|섬 유|의복. 모피,True,470033.0,9322.0,163.80043928459366,COMPLETE,501794.0,57.0,3395.0,4.033129132671975,-1.7543859649122862,-6.126656848306333
2025Q4,2025-12,섬유의복,COMPLETE,547637,56,3187,3,C,가죽. 신발|섬 유|의복. 모피,True,488239.0,9779.232142857143,171.83464072795732,COMPLETE,450077.0,56.0,3195.0,21.676290945771505,0.0,-0.250391236306724
2026Q1,2026-01,섬유의복,COMPLETE,559006,56,3187,3,C,가죽. 신발|섬 유|의복. 모피,True,500532.0,9982.25,175.4019454032005,COMPLETE,489214.0,57.0,3200.0,14.266149374302461,-1.7543859649122862,-0.4062499999999969
2026Q1,2026-02,섬유의복,COMPLETE,457636,55,3107,3,C,가죽. 신발|섬 유|의복. 모피,True,395875.0,8320.654545454545,147.29192146765368,COMPLETE,541444.0,57.0,3200.0,-15.478609052829107,-3.508771929824561,-2.906249999999999
2026Q1,2026-03,섬유의복,COMPLETE,423387,56,3217,3,C,가죽. 신발|섬 유|의복. 모피,True,406155.0,7560.482142857143,131.60926328877835,COMPLETE,552520.0,57.0,3200.0,-23.371642655469483,-1.7543859649122862,0.5312500000000053
2026Q2,2026-04,섬유의복,COMPLETE,426268,55,2972,3,C,가죽. 신발|섬 유|의복. 모피,True,406676.0,7750.327272727272,143.4279946164199,COMPLETE,544377.0,57.0,3200.0,-21.696177465249267,-3.508771929824561,-7.1250000000000036
2026Q2,2026-05,섬유의복,COMPLETE,419194,55,2972,3,C,가죽. 신발|섬 유|의복. 모피,True,400404.0,7621.709090909091,141.0477792732167,COMPLETE,526699.0,57.0,3200.0,-20.41108868632748,-3.508771929824561,-7.1250000000000036
2026Q2,2026-06,섬유의복,COMPLETE,476053,55,2972,3,C,가죽. 신발|섬 유|의복. 모피,True,455544.0,8655.50909090909,160.1793405114401,COMPLETE,551081.0,57.0,3200.0,-13.614695480337735,-3.508771929824561,-7.1250000000000036
2022Q1,2022-02,운송장비,COMPLETE,95606333,583,659010,2,B,기타 운송|자 동 차,True,95606333.0,163990.27958833618,145.075693843796,,,,,,,
2022Q1,2022-03,운송장비,COMPLETE,102129788,585,658725,2,B,기타 운송|자 동 차,True,102129788.0,174580.83418803418,155.04161524156515,,,,,,,
2022Q2,2022-04,운송장비,COMPLETE,97760981,588,659086,2,B,기타 운송|자 동 차,True,97760981.0,166260.17176870749,148.3281104438571,,,,,,,
2022Q2,2022-05,운송장비,COMPLETE,95971175,592,657838,2,B,기타 운송|자 동 차,True,95971175.0,162113.4712837838,145.88876744730464,,,,,,,
2022Q2,2022-06,운송장비,COMPLETE,102704703,591,656578,2,B,기타 운송|자 동 차,True,102704703.0,173781.2233502538,156.42422225539082,,,,,,,
2022Q3,2022-07,운송장비,COMPLETE,110274837,588,661828,2,B,기타 운송|자 동 차,True,110274837.0,187542.23979591837,166.62159503677694,,,,,,,
2022Q3,2022-08,운송장비,COMPLETE,104403957,589,666608,2,B,기타 운송|자 동 차,True,104403957.0,177256.2937181664,156.6197180351871,,,,,,,
2022Q3,2022-09,운송장비,COMPLETE,97346169,588,667138,2,B,기타 운송|자 동 차,True,97346169.0,165554.70918367346,145.91609082378758,,,,,,,
2022Q4,2022-10,운송장비,COMPLETE,97535618,590,666953,2,B,기타 운송|자 동 차,True,97535618.0,165314.60677966103,146.24061665514662,,,,,,,
2022Q4,2022-11,운송장비,COMPLETE,100230758,593,660237,2,B,기타 운송|자 동 차,True,100230758.0,169023.20067453626,151.8102711602046,,,,,,,
2022Q4,2022-12,운송장비,COMPLETE,108440559,599,661522,2,B,기타 운송|자 동 차,True,108440559.0,181035.9916527546,163.92585431777024,,,,,,,
2023Q1,2023-01,운송장비,COMPLETE,105653198,598,660968,2,B,기타 운송|자 동 차,True,105653198.0,176677.58862876255,159.84616199271372,,,,,,,
2023Q1,2023-02,운송장비,COMPLETE,104392638,598,658933,2,B,기타 운송|자 동 차,True,104392638.0,174569.6287625418,158.42678694191974,COMPLETE,95606333.0,583.0,659010.0,9.190086811508614,2.572898799313883,-0.01168419295609624
2023Q1,2023-03,운송장비,COMPLETE,108004062,599,658968,2,B,기타 운송|자 동 차,True,108004062.0,180307.28213689482,163.89879629966856,COMPLETE,102129788.0,585.0,658725.0,5.75177341991544,2.3931623931623847,0.03688944551976103
2023Q2,2023-04,운송장비,COMPLETE,101879937,600,669924,2,B,기타 운송|자 동 차,True,101879937.0,169799.895,152.07685797194907,COMPLETE,97760981.0,588.0,659086.0,4.213292417759185,2.0408163265306145,1.6443984548298651
2023Q2,2023-05,운송장비,COMPLETE,104085178,598,657368,2,B,기타 운송|자 동 차,True,104085178.0,174055.48160535117,158.3362408879045,COMPLETE,95971175.0,592.0,657838.0,8.454625047572883,1.0135135135135087,-0.0714461615169637
2023Q2,2023-06,운송장비,COMPLETE,110556772,598,657523,2,B,기타 운송|자 동 차,True,110556772.0,184877.54515050168,168.14130000015209,COMPLETE,102704703.0,591.0,656578.0,7.645286701233145,1.1844331641285955,0.14392806338316966
2023Q3,2023-07,운송장비,COMPLETE,114216472,601,653764,2,B,기타 운송|자 동 차,True,114216472.0,190044.0465890183,174.70596729094902,COMPLETE,110274837.0,588.0,661828.0,3.5743739072586322,2.2108843537415046,-1.2184434626519303
2023Q3,2023-08,운송장비,COMPLETE,111468316,606,662313,2,B,기타 운송|자 동 차,True,111468316.0,183941.11551155115,168.30156738581306,COMPLETE,104403957.0,589.0,666608.0,6.766370933622756,2.8862478777589073,-0.6443066989895163
2023Q3,2023-09,운송장비,COMPLETE,108944833,606,660803,2,B,기타 운송|자 동 차,True,108944833.0,179776.9521452145,164.86734019064684,COMPLETE,97346169.0,588.0,667138.0,11.914864364102495,3.0612244897959107,-0.9495786478959323
2023Q4,2023-10,운송장비,COMPLETE,101145994,608,671584,2,B,기타 운송|자 동 차,True,101145994.0,166358.5427631579,150.60810561299851,COMPLETE,97535618.0,590.0,666953.0,3.7015975025656678,3.050847457627115,0.6943517759122386
2023Q4,2023-11,운송장비,COMPLETE,106966783,606,665009,2,B,기타 운송|자 동 차,True,106966783.0,176512.84323432343,160.85012834412768,COMPLETE,100230758.0,593.0,660237.0,6.72051686968187,2.1922428330522825,0.7227707626200841
2023Q4,2023-12,운송장비,COMPLETE,111462498,605,667399,2,B,기타 운송|자 동 차,True,111462498.0,184235.53388429753,167.01028620060862,COMPLETE,108440559.0,599.0,661522.0,2.7867239231033514,1.001669449081799,0.8884058277729201
2024Q1,2024-01,운송장비,COMPLETE,115259853,604,668473,2,B,기타 운송|자 동 차,True,115259853.0,190827.57119205297,172.4226004640427,COMPLETE,105653198.0,598.0,660968.0,9.092630589374107,1.0033444816053505,1.1354558768351897
2024Q1,2024-02,운송장비,COMPLETE,100531792,603,668797,2,B,기타 운송|자 동 차,True,100531792.0,166719.38971807627,150.31734891155313,COMPLETE,104392638.0,598.0,658933.0,-3.6983891526910173,0.8361204013378032,1.4969655488494382
2024Q1,2024-03,운송장비,COMPLETE,105281171,607,669032,2,B,기타 운송|자 동 차,True,105281171.0,173445.09225700164,157.3634310466465,COMPLETE,108004062.0,599.0,658968.0,-2.521100548977495,1.3355592654423987,1.5272365274186406
2024Q2,2024-04,운송장비,COMPLETE,104612692,612,667325,2,B,기타 운송|자 동 차,True,104612692.0,170935.77124183008,156.7642333195969,COMPLETE,101879937.0,600.0,669924.0,2.68232890642639,2.0000000000000018,-0.3879544545351443
2024Q2,2024-05,운송장비,COMPLETE,104584213,613,670245,2,B,기타 운송|자 동 차,True,104584213.0,170610.4616639478,156.03878134115138,COMPLETE,104085178.0,598.0,657368.0,0.47944866847420275,2.5083612040133874,1.9588723515595596
2024Q2,2024-06,운송장비,COMPLETE,109330667,616,674154,2,B,기타 운송|자 동 차,True,109330667.0,177484.84902597402,162.17461737229178,COMPLETE,110556772.0,598.0,657523.0,-1.1090274958462043,3.0100334448160515,2.529341178939748
2024Q3,2024-07,운송장비,COMPLETE,111869997,615,672239,2,B,기타 운송|자 동 차,True,111869997.0,181902.43414634146,166.41402388138744,COMPLETE,114216472.0,601.0,653764.0,-2.0544103305869976,2.329450915141429,2.8259433067590045
2024Q3,2024-08,운송장비,COMPLETE,112061442,612,671678,2,B,기타 운송|자 동 차,True,112061442.0,183106.931372549,166.8380414424769,COMPLETE,111468316.0,606.0,662313.0,0.5321027725941452,0.990099009900991,1.4139840226599754
2024Q3,2024-09,운송장비,COMPLETE,106303615,613,686738,2,B,기타 운송|자 동 차,True,106303615.0,173415.35889070146,154.79500915924268,COMPLETE,108944833.0,606.0,660803.0,-2.4243627965357506,1.1551155115511635,3.9247703173260318
2024Q4,2024-10,운송장비,COMPLETE,105565688,614,692606,2,B,기타 운송|자 동 차,True,105565688.0,171931.08794788274,152.418096291398,COMPLETE,101145994.0,608.0,671584.0,4.369618434913014,0.9868421052631637,3.130211559536855
2024Q4,2024-11,운송장비,COMPLETE,103158728,613,685485,2,B,기타 운송|자 동 차,True,103158728.0,168285.03752039152,150.49013180448878,COMPLETE,106966783.0,606.0,665009.0,-3.5600350811709425,1.1551155115511635,3.0790560729253347
2024Q4,2024-12,운송장비,COMPLETE,109489940,613,685614,2,B,기타 운송|자 동 차,True,109489940.0,178613.27895595433,159.69618473368396,COMPLETE,111462498.0,605.0,667399.0,-1.7697055380904936,1.3223140495867813,2.7292519167694262
2025Q1,2025-01,운송장비,COMPLETE,105555540,618,690254,2,B,기타 운송|자 동 차,True,105555540.0,170801.84466019418,152.92275017602216,COMPLETE,115259853.0,604.0,668473.0,-8.419508395520857,2.3178807947019875,3.2583215776852636
2025Q1,2025-02,운송장비,COMPLETE,109558823,619,686228,2,B,기타 운송|자 동 차,True,109558823.0,176993.2520193861,159.65367632915007,COMPLETE,100531792.0,603.0,668797.0,8.979279907792748,2.6533996683250516,2.606321499647879
2025Q1,2025-03,운송장비,COMPLETE,109545469,618,686407,2,B,기타 운송|자 동 차,True,109545469.0,177258.04045307444,159.5925871968089,COMPLETE,105281171.0,607.0,669032.0,4.050389979040037,1.812191103789118,2.597035717275098
2025Q2,2025-04,운송장비,COMPLETE,108238454,618,686652,2,B,기타 운송|자 동 차,True,108238454.0,175143.1294498382,157.63218340585917,COMPLETE,104612692.0,612.0,667325.0,3.4658911176858043,0.9803921568627416,2.896190012362787
2025Q2,2025-05,운송장비,COMPLETE,105805517,622,686936,2,B,기타 운송|자 동 차,True,105805517.0,170105.33279742766,154.02529056564222,COMPLETE,104584213.0,613.0,670245.0,1.1677708948290233,1.4681892332789603,2.4902834038299515
2025Q2,2025-06,운송장비,COMPLETE,110328986,626,687591,2,B,기타 운송|자 동 차,True,110328986.0,176244.38658146965,160.45728638100266,COMPLETE,109330667.0,616.0,674154.0,0.9131189147506102,1.6233766233766156,1.9931647665073493
2025Q3,2025-07,운송장비,COMPLETE,118572823,623,685625,2,B,기타 운송|자 동 차,True,118572823.0,190325.55858747993,172.94121859617138,COMPLETE,111869997.0,615.0,672239.0,5.991620791766006,1.300813008130075,1.991256086005122
2025Q3,2025-08,운송장비,COMPLETE,116861982,622,685080,2,B,기타 운송|자 동 차,True,116861982.0,187881.0,170.58151164827464,COMPLETE,112061442.0,612.0,671678.0,4.283846356358678,1.6339869281045694,1.995301319977738
2025Q3,2025-09,운송장비,COMPLETE,118595998,622,685420,2,B,기타 운송|자 동 차,True,118595998.0,190668.807073955,173.0267543987628,COMPLETE,106303615.0,613.0,686738.0,11.563466585778848,1.4681892332789603,-0.19192181006438824
2025Q4,2025-10,운송장비,COMPLETE,99540935,619,684290,2,B,기타 운송|자 동 차,True,99540935.0,160809.26494345718,145.46600856362068,COMPLETE,105565688.0,614.0,692606.0,-5.707112902063405,0.8143322475570036,-1.2006826391916858
2025Q4,2025-11,운송장비,COMPLETE,104994674,620,684605,2,B,기타 운송|자 동 차,True,104994674.0,169346.24838709677,153.36533329438143,COMPLETE,103158728.0,613.0,685485.0,1.779729195575186,1.1419249592169667,-0.12837625914497997
2025Q4,2025-12,운송장비,COMPLETE,113818863,621,687338,2,B,기타 운송|자 동 차,True,113818863.0,183283.193236715,165.5937297224946,COMPLETE,109489940.0,613.0,685614.0,3.9537175744182473,1.3050570962479524,0.2514534417325187
2026Q1,2026-01,운송장비,COMPLETE,117457413,623,688102,2,B,기타 운송|자 동 차,True,117457413.0,188535.17335473516,170.69767708857117,COMPLETE,105555540.0,618.0,690254.0,11.275460293225725,0.8090614886731462,-0.3117692907248615
2026Q1,2026-02,운송장비,COMPLETE,101815915,621,687777,2,B,기타 운송|자 동 차,True,101815915.0,163954.77455716586,148.03623122029379,COMPLETE,109558823.0,619.0,686228.0,-7.067352302607343,0.3231017770597644,0.2257267263941376
2026Q1,2026-03,운송장비,COMPLETE,107799393,622,687692,2,B,기타 운송|자 동 차,True,107799393.0,173310.92122186496,156.7553395997045,COMPLETE,109545469.0,618.0,686407.0,-1.5939280884360474,0.6472491909385036,0.1872067155492374
2026Q2,2026-04,운송장비,COMPLETE,107016928,624,688417,2,B,기타 운송|자 동 차,True,107016928.0,171501.4871794872,155.45363929130164,COMPLETE,108238454.0,618.0,686652.0,-1.12855085679624,0.9708737864077666,0.25704432521860276
2026Q2,2026-05,운송장비,COMPLETE,103975945,624,687952,2,B,기타 운송|자 동 차,True,103975945.0,166628.1169871795,151.1383715724353,COMPLETE,105805517.0,622.0,686936.0,-1.729183932818934,0.3215434083601254,0.1479031525498664
2026Q2,2026-06,운송장비,COMPLETE,112985586,629,687811,2,B,기타 운송|자 동 차,True,112985586.0,179627.3227344992,164.26836151210142,COMPLETE,110328986.0,626.0,687591.0,2.407889437142119,0.4792332268370503,0.031995764924208636
2022Q1,2022-02,음식료,COMPLETE,12678189,581,82576,2,B,식료품제조|음료품제조,True,12678189.0,21821.323580034423,153.5335811858167,,,,,,,
2022Q1,2022-03,음식료,COMPLETE,13814574,579,82556,2,B,식료품제조|음료품제조,True,13814574.0,23859.36787564767,167.33579630796066,,,,,,,
2022Q2,2022-04,음식료,COMPLETE,13531596,579,82598,2,B,식료품제조|음료품제조,True,13531596.0,23370.63212435233,163.82474151916512,,,,,,,
2022Q2,2022-05,음식료,COMPLETE,13640233,579,82572,2,B,식료품제조|음료품제조,True,13640233.0,23558.26079447323,165.1919900208303,,,,,,,
2022Q2,2022-06,음식료,COMPLETE,14528219,582,82811,2,B,식료품제조|음료품제조,True,14528219.0,24962.57560137457,175.43827510837932,,,,,,,
2022Q3,2022-07,음식료,COMPLETE,15366235,580,82782,2,B,식료품제조|음료품제조,True,15366235.0,26493.508620689656,185.6229011137687,,,,,,,
2022Q3,2022-08,음식료,COMPLETE,15169022,581,82741,2,B,식료품제조|음료품제조,True,15169022.0,26108.471600688466,183.33138347373128,,,,,,,
2022Q3,2022-09,음식료,COMPLETE,13197089,579,82804,2,B,식료품제조|음료품제조,True,13197089.0,22792.899827288427,159.3774334573209,,,,,,,
2022Q4,2022-10,음식료,COMPLETE,13871437,578,82794,2,B,식료품제조|음료품제조,True,13871437.0,23999.025951557094,167.54157306084983,,,,,,,
2022Q4,2022-11,음식료,COMPLETE,13336176,573,82737,2,B,식료품제조|음료품제조,True,13336176.0,23274.303664921466,161.18757025272853,,,,,,,
2022Q4,2022-12,음식료,COMPLETE,13966147,572,82495,2,B,식료품제조|음료품제조,True,13966147.0,24416.340909090908,169.29689072064974,,,,,,,
2023Q1,2023-01,음식료,COMPLETE,12782858,576,84023,2,B,식료품제조|음료품제조,True,12782858.0,22192.461805555555,152.1352248789022,,,,,,,
2023Q1,2023-02,음식료,COMPLETE,12783523,576,84141,2,B,식료품제조|음료품제조,True,12783523.0,22193.616319444445,151.92977264353883,COMPLETE,12678189.0,581.0,82576.0,0.830828440875897,-0.8605851979345935,1.8952237938383965
2023Q1,2023-03,음식료,COMPLETE,13157950,573,84191,2,B,식료품제조|음료품제조,True,13157950.0,22963.26352530541,156.28689527384162,COMPLETE,13814574.0,579.0,82556.0,-4.753125213995013,-1.0362694300518172,1.980473860167642
2023Q2,2023-04,음식료,COMPLETE,13259988,571,84245,2,B,식료품제조|음료품제조,True,13259988.0,23222.395796847635,157.3979227253843,COMPLETE,13531596.0,579.0,82598.0,-2.0072133398011616,-1.3816925734024155,1.9939950119857608
2023Q2,2023-05,음식료,COMPLETE,14014586,570,84228,2,B,식료품제조|음료품제조,True,14014586.0,24586.99298245614,166.3886830982571,COMPLETE,13640233.0,579.0,82572.0,2.744476578955801,-1.5544041450777257,2.005522453131814
2023Q2,2023-06,음식료,COMPLETE,14869553,569,84188,2,B,식료품제조|음료품제조,True,14869553.0,26132.78207381371,176.6231885779446,COMPLETE,14528219.0,582.0,82811.0,2.349455222281538,-2.2336769759450203,1.6628225718805512
2023Q3,2023-07,음식료,COMPLETE,15068941,569,84224,2,B,식료품제조|음료품제조,True,15068941.0,26483.200351493848,178.91504796732522,COMPLETE,15366235.0,580.0,82782.0,-1.9347224612925706,-1.8965517241379293,1.7419245729747956
2023Q3,2023-08,음식료,COMPLETE,13859235,569,84184,2,B,식료품제조|음료품제조,True,13859235.0,24357.17926186292,164.63027416136083,COMPLETE,15169022.0,581.0,82741.0,-8.634617314155124,-2.065404475043031,1.7439963258843783
2023Q3,2023-09,음식료,COMPLETE,15374286,570,86239,2,B,식료품제조|음료품제조,True,15374286.0,26972.43157894737,178.275327867902,COMPLETE,13197089.0,579.0,82804.0,16.497554877443044,-1.5544041450777257,4.148350321240524
2023Q4,2023-10,음식료,COMPLETE,14239050,571,86559,2,B,식료품제조|음료품제조,True,14239050.0,24937.040280210156,164.5010917408935,COMPLETE,13871437.0,578.0,82794.0,2.650143600839616,-1.211072664359858,4.547430973258937
2023Q4,2023-11,음식료,COMPLETE,14154580,572,86594,2,B,식료품제조|음료품제조,True,14154580.0,24745.76923076923,163.4591311176294,COMPLETE,13336176.0,573.0,82737.0,6.13672165094401,-0.17452006980802626,4.661759551349465
2023Q4,2023-12,음식료,COMPLETE,13876567,568,86476,2,B,식료품제조|음료품제조,True,13876567.0,24430.575704225354,160.4672625930894,COMPLETE,13966147.0,572.0,82495.0,-0.641408113490427,-0.6993006993006978,4.825747014970605
2024Q1,2024-01,음식료,COMPLETE,14753047,567,86486,2,B,식료품제조|음료품제조,True,14753047.0,26019.483245149913,170.58306546724324,COMPLETE,12782858.0,576.0,84023.0,15.412742596373995,-1.5625,2.93134022827084
2024Q1,2024-02,음식료,COMPLETE,13120940,566,86448,2,B,식료품제조|음료품제조,True,13120940.0,23181.872791519436,151.77841014251342,COMPLETE,12783523.0,576.0,84141.0,2.6394680089361966,-1.736111111111116,2.7418262202731025
2024Q1,2024-03,음식료,COMPLETE,14175743,567,86766,2,B,식료품제조|음료품제조,True,14175743.0,25001.31040564374,163.37900790632276,COMPLETE,13157950.0,573.0,84191.0,7.7351943121838795,-1.0471204188481686,3.058521694717964
2024Q2,2024-04,음식료,COMPLETE,14187101,567,86776,2,B,식료품제조|음료품제조,True,14187101.0,25021.342151675486,163.4910689591592,COMPLETE,13259988.0,571.0,84245.0,6.991808740701733,-0.7005253940455369,3.0043326013413196
2024Q2,2024-05,음식료,COMPLETE,15238304,565,86762,2,B,식료품제조|음료품제조,True,15238304.0,26970.449557522123,175.63338788870703,COMPLETE,14014586.0,570.0,84228.0,8.731745625593224,-0.8771929824561431,3.0085007360972638
2024Q2,2024-06,음식료,COMPLETE,15817376,564,86698,2,B,식료품제조|음료품제조,True,15817376.0,28044.992907801417,182.44222473413458,COMPLETE,14869553.0,569.0,84188.0,6.374253482939274,-0.8787346221441172,2.9814225305269115
2024Q3,2024-07,음식료,COMPLETE,17256920,563,86688,2,B,식료품제조|음료품제조,True,17256920.0,30651.722912966252,199.06930601698045,COMPLETE,15068941.0,569.0,84224.0,14.519792731287495,-1.0544815465729385,2.92553191489362
2024Q3,2024-08,음식료,COMPLETE,17266173,563,86709,2,B,식료품제조|음료품제조,True,17266173.0,30668.15808170515,199.12780680206208,COMPLETE,13859235.0,569.0,84184.0,24.582439074018158,-1.0544815465729385,2.9993823054262014
2024Q3,2024-09,음식료,COMPLETE,15768718,562,86700,2,B,식료품제조|음료품제조,True,15768718.0,28058.217081850533,181.87679354094578,COMPLETE,15374286.0,570.0,86239.0,2.565530522848336,-1.403508771929829,0.534560929509853
2024Q4,2024-10,음식료,COMPLETE,15672061,564,86766,2,B,식료품제조|음료품제조,True,15672061.0,27787.34219858156,180.62444966922527,COMPLETE,14239050.0,571.0,86559.0,10.063950895600481,-1.2259194395796813,0.2391432433369145
2024Q4,2024-11,음식료,COMPLETE,14307440,564,86881,2,B,식료품제조|음료품제조,True,14307440.0,25367.801418439718,164.67858334963915,COMPLETE,14154580.0,572.0,86594.0,1.079933138249256,-1.3986013986013957,0.3314317389195631
2024Q4,2024-12,음식료,COMPLETE,14015216,565,86643,2,B,식료품제조|음료품제조,True,14015216.0,24805.69203539823,161.75820320164354,COMPLETE,13876567.0,568.0,86476.0,0.9991592300891083,-0.5281690140845119,0.19311716545631352
2025Q1,2025-01,음식료,COMPLETE,14132876,567,87048,2,B,식료품제조|음료품제조,True,14132876.0,24925.707231040564,162.35727414759674,COMPLETE,14753047.0,567.0,86486.0,-4.203680771843265,0.0,0.6498161552158654
2025Q1,2025-02,음식료,COMPLETE,13867665,569,87378,2,B,식료품제조|음료품제조,True,13867665.0,24371.994727592268,158.70888553182724,COMPLETE,13120940.0,566.0,86448.0,5.691093778342093,0.5300353356890497,1.075791227096068
2025Q1,2025-03,음식료,COMPLETE,14104194,567,86688,2,B,식료품제조|음료품제조,True,14104194.0,24875.12169312169,162.70065060908084,COMPLETE,14175743.0,567.0,86766.0,-0.5047283941307379,0.0,-0.08989696424867022
2025Q2,2025-04,음식료,COMPLETE,14512097,568,86856,2,B,식료품제조|음료품제조,True,14512097.0,25549.466549295776,167.08226259556048,COMPLETE,14187101.0,567.0,86776.0,2.290785129393247,0.17636684303350414,0.09219138932423654
2025Q2,2025-05,음식료,COMPLETE,14860342,570,86904,2,B,식료품제조|음료품제조,True,14860342.0,26070.77543859649,170.9972153180521,COMPLETE,15238304.0,565.0,86762.0,-2.4803416443194726,0.8849557522123908,0.16366612111293755
2025Q2,2025-06,음식료,COMPLETE,15687424,569,86748,2,B,식료품제조|음료품제조,True,15687424.0,27570.165202108965,180.8390279891179,COMPLETE,15817376.0,564.0,86698.0,-0.8215774854185676,0.8865248226950451,0.057671457242380875
2025Q3,2025-07,음식료,COMPLETE,15228290,565,86705,2,B,식료품제조|음료품제조,True,15228290.0,26952.725663716814,175.6333544778271,COMPLETE,17256920.0,563.0,86688.0,-11.75545810028673,0.3552397868561208,0.019610557401250617
2025Q3,2025-08,음식료,COMPLETE,13496167,564,86437,2,B,식료품제조|음료품제조,True,13496167.0,23929.374113475176,156.13877159086965,COMPLETE,17266173.0,563.0,86709.0,-21.83463585126826,0.1776198934280604,-0.31369292691646455
2025Q3,2025-09,음식료,COMPLETE,17796226,565,86566,2,B,식료품제조|음료품제조,True,17796226.0,31497.745132743363,205.57985814291985,COMPLETE,15768718.0,562.0,86700.0,12.857785902443041,0.5338078291814874,-0.15455594002307116
2025Q4,2025-10,음식료,COMPLETE,14079491,566,86650,2,B,식료품제조|음료품제조,True,14079491.0,24875.425795053005,162.48691286785922,COMPLETE,15672061.0,564.0,86766.0,-10.16184150891194,0.35460992907800915,-0.1336929211903315
2025Q4,2025-11,음식료,COMPLETE,14224010,562,86471,2,B,식료품제조|음료품제조,True,14224010.0,25309.626334519573,164.49457043401833,COMPLETE,14307440.0,564.0,86881.0,-0.5831231862583386,-0.35460992907800915,-0.47190985370794136
2025Q4,2025-12,음식료,COMPLETE,14679476,560,86465,2,B,식료품제조|음료품제조,True,14679476.0,26213.35,169.7736193835656,COMPLETE,14015216.0,565.0,86643.0,4.73956305775094,-0.8849557522123908,-0.20544071650335782
2026Q1,2026-01,음식료,COMPLETE,15597342,559,86435,2,B,식료품제조|음료품제조,True,15597342.0,27902.22182468694,180.4516920229074,COMPLETE,14132876.0,567.0,87048.0,10.362123038509651,-1.4109347442680775,-0.704209171951109
2026Q1,2026-02,음식료,COMPLETE,13330038,558,86384,2,B,식료품제조|음료품제조,True,13330038.0,23888.956989247312,154.3114234117429,COMPLETE,13867665.0,569.0,87378.0,-3.8768386747156103,-1.9332161687170446,-1.1375861200759951
2026Q1,2026-03,음식료,COMPLETE,14708674,556,86337,2,B,식료품제조|음료품제조,True,14708674.0,26454.44964028777,170.3635057970511,COMPLETE,14104194.0,567.0,86688.0,4.285817395875302,-1.9400352733686121,-0.4049003322259104
2026Q2,2026-04,음식료,COMPLETE,14279971,554,87269,2,B,식료품제조|음료품제조,True,14279971.0,25776.12093862816,163.6316561436478,COMPLETE,14512097.0,568.0,86856.0,-1.5995345124829252,-2.464788732394363,0.4754996776273446
2026Q2,2026-05,음식료,COMPLETE,14999921,551,87256,2,B,식료품제조|음료품제조,True,14999921.0,27223.08711433757,171.90704364169798,COMPLETE,14860342.0,570.0,86904.0,0.9392717879574963,-3.3333333333333326,0.405044646966779
2026Q2,2026-06,음식료,COMPLETE,15419625,552,87281,2,B,식료품제조|음료품제조,True,15419625.0,27934.103260869564,176.66645661713318,COMPLETE,15687424.0,569.0,86748.0,-1.7070935291861766,-2.987697715289983,0.6144233872827032
2021Q1,2021-01,전기전자,SOURCE_DEGENERATE,1998,1,10,1,B,전기 기기,True,1998.0,1998.0,199.8,,,,,,,
2021Q1,2021-02,전기전자,SOURCE_DEGENERATE,1620,1,10,1,B,전기 기기,True,1620.0,1620.0,162.0,,,,,,,
2021Q1,2021-03,전기전자,SOURCE_DEGENERATE,1710,1,10,1,B,전기 기기,True,1710.0,1710.0,171.0,,,,,,,
2021Q2,2021-04,전기전자,SOURCE_DEGENERATE,1530,1,10,1,B,전기 기기,True,1530.0,1530.0,153.0,,,,,,,
2021Q2,2021-05,전기전자,SOURCE_DEGENERATE,1530,1,10,1,B,전기 기기,True,1530.0,1530.0,153.0,,,,,,,
2021Q2,2021-06,전기전자,SOURCE_DEGENERATE,1440,1,10,1,B,전기 기기,True,1440.0,1440.0,144.0,,,,,,,
2021Q3,2021-07,전기전자,SOURCE_DEGENERATE,1620,1,10,1,B,전기 기기,True,1620.0,1620.0,162.0,,,,,,,
2021Q3,2021-08,전기전자,SOURCE_DEGENERATE,1674,1,10,1,B,전기 기기,True,1674.0,1674.0,167.4,,,,,,,
2021Q3,2021-09,전기전자,SOURCE_DEGENERATE,1710,1,10,1,B,전기 기기,True,1710.0,1710.0,171.0,,,,,,,
2021Q4,2021-10,전기전자,SOURCE_DEGENERATE,1854,1,10,1,B,전기 기기,True,1854.0,1854.0,185.4,,,,,,,
2021Q4,2021-11,전기전자,SOURCE_DEGENERATE,1908,1,10,1,B,전기 기기,True,1908.0,1908.0,190.8,,,,,,,
2021Q4,2021-12,전기전자,SOURCE_DEGENERATE,2034,1,10,1,B,전기 기기,True,2034.0,2034.0,203.4,,,,,,,
2022Q1,2022-01,전기전자,SOURCE_DEGENERATE,1998,1,10,1,B,전기 기기,True,1998.0,1998.0,199.8,SOURCE_DEGENERATE,1998.0,1.0,10.0,,,
2022Q1,2022-02,전기전자,COMPLETE,89446654,724,722915,4,C,사무 기기|영상. 음향|의료. 광학|전기 기기,True,60195498.0,123545.10220994476,123.73052710207978,SOURCE_DEGENERATE,1620.0,1.0,10.0,,,
2022Q1,2022-03,전기전자,COMPLETE,96407112,724,722169,4,C,사무 기기|영상. 음향|의료. 광학|전기 기기,True,65996408.0,133158.9944751381,133.496608134661,SOURCE_DEGENERATE,1710.0,1.0,10.0,,,
2022Q2,2022-04,전기전자,COMPLETE,94384371,725,723259,4,C,사무 기기|영상. 음향|의료. 광학|전기 기기,True,65077097.0,130185.33931034483,130.49871622752016,SOURCE_DEGENERATE,1530.0,1.0,10.0,,,
2022Q2,2022-05,전기전자,COMPLETE,97292309,724,724199,4,C,사무 기기|영상. 음향|의료. 광학|전기 기기,True,67815201.0,134381.64226519337,134.3447160241867,SOURCE_DEGENERATE,1530.0,1.0,10.0,,,
2022Q2,2022-06,전기전자,COMPLETE,100348516,724,724444,4,C,사무 기기|영상. 음향|의료. 광학|전기 기기,True,69253276.0,138602.9226519337,138.51797516440195,SOURCE_DEGENERATE,1440.0,1.0,10.0,,,
2022Q3,2022-07,전기전자,COMPLETE,108410762,722,724869,4,C,사무 기기|영상. 음향|의료. 광학|전기 기기,True,73080622.0,150153.40997229918,149.5591093011289,SOURCE_DEGENERATE,1620.0,1.0,10.0,,,
2022Q3,2022-08,전기전자,COMPLETE,96897792,720,725994,4,C,사무 기기|영상. 음향|의료. 광학|전기 기기,True,63181237.0,134580.26666666666,133.46913610856288,SOURCE_DEGENERATE,1674.0,1.0,10.0,,,
2022Q3,2022-09,전기전자,COMPLETE,96130838,723,725052,4,C,사무 기기|영상. 음향|의료. 광학|전기 기기,True,64858791.0,132961.04840940525,132.58474978346382,SOURCE_DEGENERATE,1710.0,1.0,10.0,,,
2022Q4,2022-10,전기전자,COMPLETE,94858683,725,766824,4,C,사무 기기|영상. 음향|의료. 광학|전기 기기,True,64972436.0,130839.56275862068,123.70333088166255,SOURCE_DEGENERATE,1854.0,1.0,10.0,,,
2022Q4,2022-11,전기전자,COMPLETE,96830761,726,773934,4,C,사무 기기|영상. 음향|의료. 광학|전기 기기,True,66953520.0,133375.70385674931,125.11501109913765,SOURCE_DEGENERATE,1908.0,1.0,10.0,,,
2022Q4,2022-12,전기전자,COMPLETE,99757211,724,773645,4,C,사무 기기|영상. 음향|의료. 광학|전기 기기,True,69090291.0,137786.20303867402,128.94442670733994,SOURCE_DEGENERATE,2034.0,1.0,10.0,,,
2023Q1,2023-01,전기전자,COMPLETE,98997286,725,773191,4,C,사무 기기|영상. 음향|의료. 광학|전기 기기,True,67743969.0,136547.98068965517,128.03729738188883,SOURCE_DEGENERATE,1998.0,1.0,10.0,,,
2023Q1,2023-02,전기전자,COMPLETE,99320370,725,771496,4,C,사무 기기|영상. 음향|의료. 광학|전기 기기,True,67949501.0,136993.61379310346,128.73737517757706,COMPLETE,89446654.0,724.0,722915.0,11.038664453563563,0.13812154696133394,6.720153821680275
2023Q1,2023-03,전기전자,COMPLETE,101647236,728,771649,4,C,사무 기기|영상. 음향|의료. 광학|전기 기기,True,71948441.0,139625.32417582418,131.72729570050632,COMPLETE,96407112.0,724.0,722169.0,5.4354122753931255,0.5524861878453136,6.851581831953468
2023Q2,2023-04,전기전자,COMPLETE,94055526,726,769539,4,C,사무 기기|영상. 음향|의료. 광학|전기 기기,True,65183029.0,129553.06611570247,122.22320896016966,COMPLETE,94384371.0,725.0,723259.0,-0.3484104375712782,0.13793103448276334,6.398814256027241
2023Q2,2023-05,전기전자,COMPLETE,97706015,731,769723,4,C,사무 기기|영상. 음향|의료. 광학|전기 기기,True,67660707.0,133660.75923392613,126.93659277428374,COMPLETE,97292309.0,724.0,724199.0,0.4252196337533709,0.966850828729271,6.286117489805987
2023Q2,2023-06,전기전자,COMPLETE,100362432,734,770691,4,C,사무 기기|영상. 음향|의료. 광학|전기 기기,True,68663535.0,136733.55858310626,130.22395746155073,COMPLETE,100348516.0,724.0,724444.0,0.013867668954858914,1.3812154696132506,6.383792259995258
2023Q3,2023-07,전기전자,COMPLETE,104311413,731,770193,4,C,사무 기기|영상. 음향|의료. 광학|전기 기기,True,70033829.0,142696.87140902874,135.4354207322061,COMPLETE,108410762.0,722.0,724869.0,-3.781311859056946,1.2465373961218829,6.252716007995929
2023Q3,2023-08,전기전자,COMPLETE,100661503,732,769898,4,C,사무 기기|영상. 음향|의료. 광학|전기 기기,True,67158743.0,137515.7144808743,130.74654434743303,COMPLETE,96897792.0,720.0,725994.0,3.884207186062616,1.6666666666666607,6.047432898894489
2023Q3,2023-09,전기전자,COMPLETE,101512419,732,770659,4,C,사무 기기|영상. 음향|의료. 광학|전기 기기,True,69219824.0,138678.1680327869,131.72157724752452,COMPLETE,96130838.0,723.0,725052.0,5.598183800291023,1.2448132780082943,6.290169532668011
2023Q4,2023-10,전기전자,COMPLETE,92847893,732,771510,4,C,사무 기기|영상. 음향|의료. 광학|전기 기기,True,65134974.0,126841.38387978142,120.34567666005626,COMPLETE,94858683.0,725.0,766824.0,-2.119774317338985,0.9655172413793212,0.6110919846014307
2023Q4,2023-11,전기전자,COMPLETE,97894032,733,772664,4,C,사무 기기|영상. 음향|의료. 광학|전기 기기,True,68465581.0,133552.56753069576,126.69676858246275,COMPLETE,96830761.0,726.0,773934.0,1.0980715105605832,0.9641873278236845,-0.16409668007866252
2023Q4,2023-12,전기전자,COMPLETE,94856573,732,772986,4,C,사무 기기|영상. 음향|의료. 광학|전기 기기,True,66090689.0,129585.48224043715,122.71447736440246,COMPLETE,99757211.0,724.0,773645.0,-4.9125651678453615,1.104972375690605,-0.08518118775406869
2024Q1,2024-01,전기전자,COMPLETE,106241598,735,772841,4,C,사무 기기|영상. 음향|의료. 광학|전기 기기,True,75582906.0,144546.3918367347,137.4688946368011,COMPLETE,98997286.0,725.0,773191.0,7.3176874768061895,1.379310344827589,-0.0452669521502469
2024Q1,2024-02,전기전자,COMPLETE,93726627,739,772031,4,C,사무 기기|영상. 음향|의료. 광학|전기 기기,True,64126868.0,126828.9945872801,121.40267294966135,COMPLETE,99320370.0,725.0,771496.0,-5.632019896824792,1.93103448275862,0.06934579051609546
2024Q1,2024-03,전기전자,COMPLETE,102174672,741,768022,4,C,사무 기기|영상. 음향|의료. 광학|전기 기기,True,72530679.0,137887.54655870446,133.03612656929099,COMPLETE,101647236.0,728.0,771649.0,0.5188886788815461,1.7857142857142794,-0.4700323592721545
2024Q2,2024-04,전기전자,COMPLETE,97274513,739,768483,4,C,사무 기기|영상. 음향|의료. 광학|전기 기기,True,68891023.0,131629.92286874153,126.57991523560052,COMPLETE,94055526.0,726.0,769539.0,3.422432617090454,1.7906336088154173,-0.13722501393691466
2024Q2,2024-05,전기전자,COMPLETE,100000078,741,769598,4,C,사무 기기|영상. 음향|의료. 광학|전기 기기,True,71858824.0,134952.87179487178,129.9380689658757,COMPLETE,97706015.0,731.0,769723.0,2.347924024943593,1.3679890560875485,-0.016239608274659645
2024Q2,2024-06,전기전자,COMPLETE,97542933,743,770078,4,C,사무 기기|영상. 음향|의료. 광학|전기 기기,True,67521125.0,131282.5477792732,126.66630263427861,COMPLETE,100362432.0,734.0,770691.0,-2.8093171357186697,1.2261580381471404,-0.07953901109524208
2024Q3,2024-07,전기전자,COMPLETE,112188195,744,770703,4,C,사무 기기|영상. 음향|의료. 광학|전기 기기,True,78180212.0,150790.58467741936,145.56605462804737,COMPLETE,104311413.0,731.0,770193.0,7.551217813529187,1.7783857729138264,0.06621716894337215
2024Q3,2024-08,전기전자,COMPLETE,100040793,744,771053,4,C,사무 기기|영상. 음향|의료. 광학|전기 기기,True,65479478.0,134463.4314516129,129.74567636725362,COMPLETE,100661503.0,732.0,769898.0,-0.616630967650067,1.6393442622950838,0.15001987276237472
2024Q3,2024-09,전기전자,COMPLETE,103852390,745,772019,4,C,사무 기기|영상. 음향|의료. 광학|전기 기기,True,70514119.0,139399.1812080537,134.52051050557046,COMPLETE,101512419.0,732.0,770659.0,2.305108107018916,1.775956284153013,0.17647234379927212
2024Q4,2024-10,전기전자,COMPLETE,99990779,742,771811,4,C,사무 기기|영상. 음향|의료. 광학|전기 기기,True,71000743.0,134758.46226415093,129.55345155744087,COMPLETE,92847893.0,732.0,771510.0,7.693105109019549,1.3661202185792254,0.039014400331827126
2024Q4,2024-11,전기전자,COMPLETE,74008306,738,505685,4,C,사무 기기|영상. 음향|의료. 광학|전기 기기,True,45763152.0,100282.25745257453,146.352583129814,COMPLETE,97894032.0,733.0,772664.0,-24.39957320380879,0.6821282401091366,-34.55305281467753
2024Q4,2024-12,전기전자,COMPLETE,109618919,740,1035604,4,C,사무 기기|영상. 음향|의료. 광학|전기 기기,True,84493136.0,148133.67432432433,105.8502275000869,COMPLETE,94856573.0,732.0,772986.0,15.562807650662226,1.0928961748633892,33.97448336709849
2025Q1,2025-01,전기전자,COMPLETE,92511215,738,770275,4,C,사무 기기|영상. 음향|의료. 광학|전기 기기,True,66347212.0,125353.94986449865,120.10154165720036,COMPLETE,106241598.0,735.0,772841.0,-12.923735390350588,0.40816326530612734,-0.3320217224500266
2025Q1,2025-02,전기전자,COMPLETE,95735347,736,770400,4,C,사무 기기|영상. 음향|의료. 광학|전기 기기,True,69633704.0,130075.19972826086,124.26706516095535,COMPLETE,93726627.0,739.0,772031.0,2.1431689844125135,-0.4059539918809252,-0.21126094677544893
2025Q1,2025-03,전기전자,COMPLETE,95679842,735,769906,4,C,사무 기기|영상. 음향|의료. 광학|전기 기기,True,69040192.0,130176.65578231293,124.27470626284247,COMPLETE,102174672.0,741.0,768022.0,-6.356594910331593,-0.8097165991902799,0.24530547302030747
2025Q2,2025-04,전기전자,COMPLETE,93987364,735,770124,4,C,사무 기기|영상. 음향|의료. 광학|전기 기기,True,68358685.0,127873.96462585033,122.04185819426482,COMPLETE,97274513.0,739.0,768483.0,-3.379250019992386,-0.5412719891745632,0.21353757988140654
2025Q2,2025-05,전기전자,COMPLETE,92746392,736,772205,4,C,사무 기기|영상. 음향|의료. 광학|전기 기기,True,67511603.0,126014.11956521739,120.10592006008767,COMPLETE,100000078.0,741.0,769598.0,-7.253680342129332,-0.6747638326585648,0.33874828157038905
2025Q2,2025-06,전기전자,COMPLETE,93777724,737,770385,4,C,사무 기기|영상. 음향|의료. 광학|전기 기기,True,66225664.0,127242.50203527816,121.72838775417486,COMPLETE,97542933.0,743.0,770078.0,-3.860053090673421,-0.8075370121130576,0.039866091486828736
2025Q3,2025-07,전기전자,COMPLETE,107167609,736,770085,4,C,사무 기기|영상. 음향|의료. 광학|전기 기기,True,74922174.0,145608.16440217392,139.16335079893778,COMPLETE,112188195.0,744.0,770703.0,-4.47514642694804,-1.0752688172043001,-0.0801865309983274
2025Q3,2025-08,전기전자,COMPLETE,96909239,737,769395,4,C,사무 기기|영상. 음향|의료. 광학|전기 기기,True,66060931.0,131491.50474898235,125.95511928203328,COMPLETE,100040793.0,744.0,771053.0,-3.1302770660764367,-0.9408602150537626,-0.21503061397855072
2025Q3,2025-09,전기전자,COMPLETE,105491163,734,769023,4,C,사무 기기|영상. 음향|의료. 광학|전기 기기,True,74828070.0,143720.93051771118,137.1755630195716,COMPLETE,103852390.0,745.0,772019.0,1.5779829429057868,-1.4765100671140896,-0.3880733505263523
2025Q4,2025-10,전기전자,COMPLETE,85223424,736,770323,4,C,사무 기기|영상. 음향|의료. 광학|전기 기기,True,59550978.0,115792.69565217392,110.63336288803528,COMPLETE,99990779.0,742.0,771811.0,-14.76871682337828,-0.8086253369272267,-0.19279331338889483
2025Q4,2025-11,전기전자,COMPLETE,87929851,736,769738,4,C,사무 기기|영상. 음향|의료. 광학|전기 기기,True,62582247.0,119469.90625,114.23348074279819,COMPLETE,74008306.0,738.0,505685.0,18.81078726487808,-0.27100271002710175,52.2168939161731
2025Q4,2025-12,전기전자,COMPLETE,92631164,736,770639,4,C,사무 기기|영상. 음향|의료. 광학|전기 기기,True,66313515.0,125857.55978260869,120.20046221382515,COMPLETE,109618919.0,740.0,1035604.0,-15.497101371707556,-0.540540540540535,-25.585552006365365
2026Q1,2026-01,전기전자,COMPLETE,96626498,734,770132,4,C,사무 기기|영상. 음향|의료. 광학|전기 기기,True,68664829.0,131643.73024523162,125.46744973588943,COMPLETE,92511215.0,738.0,770275.0,4.448415254301863,-0.5420054200542035,-0.018564798286324624
2026Q1,2026-02,전기전자,COMPLETE,84193188,731,767891,4,C,사무 기기|영상. 음향|의료. 광학|전기 기기,True,57035827.0,115175.35978112175,109.64210805960742,COMPLETE,95735347.0,736.0,770400.0,-12.056319177492513,-0.6793478260869512,-0.3256749740394582
2026Q1,2026-03,전기전자,COMPLETE,92201525,735,767780,4,C,사무 기기|영상. 음향|의료. 광학|전기 기기,True,66095564.0,125444.25170068027,120.08846935320014,COMPLETE,95679842.0,735.0,769906.0,-3.6353707607502117,0.0,-0.27613760640909923
2026Q2,2026-04,전기전자,COMPLETE,88465398,736,769313,4,C,사무 기기|영상. 음향|의료. 광학|전기 기기,True,61763422.0,120197.55163043478,114.99272467773196,COMPLETE,93987364.0,735.0,770124.0,-5.875221694695043,0.13605442176871652,-0.10530771667939254
2026Q2,2026-05,전기전자,COMPLETE,89566108,734,768902,4,C,사무 기기|영상. 음향|의료. 광학|전기 기기,True,62830467.0,122024.67029972751,116.48572639946313,COMPLETE,92746392.0,736.0,772205.0,-3.429011017485184,-0.27173913043477826,-0.4277361581445316
2026Q2,2026-06,전기전자,COMPLETE,94950543,735,768862,4,C,사무 기기|영상. 음향|의료. 광학|전기 기기,True,65989202.0,129184.41224489796,123.49490935954697,COMPLETE,93777724.0,737.0,770385.0,1.250637091597584,-0.27137042062415073,-0.19769336111165048
2021Q1,2021-01,철강,SOURCE_DEGENERATE,1176,1,20,1,C,1차 금속,True,,1176.0,58.8,,,,,,,
2021Q1,2021-02,철강,SOURCE_DEGENERATE,1214,1,20,1,C,1차 금속,True,,1214.0,60.7,,,,,,,
2021Q1,2021-03,철강,SOURCE_DEGENERATE,507,1,20,1,C,1차 금속,True,,507.0,25.35,,,,,,,
2021Q2,2021-04,철강,SOURCE_DEGENERATE,139,1,20,1,C,1차 금속,True,,139.0,6.95,,,,,,,
2021Q2,2021-05,철강,SOURCE_DEGENERATE,530,1,20,1,C,1차 금속,True,,530.0,26.5,,,,,,,
2021Q2,2021-06,철강,SOURCE_DEGENERATE,169,1,20,1,C,1차 금속,True,,169.0,8.45,,,,,,,
2021Q3,2021-07,철강,SOURCE_DEGENERATE,135,1,20,1,C,1차 금속,True,,135.0,6.75,,,,,,,
2021Q3,2021-08,철강,SOURCE_DEGENERATE,142,1,20,1,C,1차 금속,True,,142.0,7.1,,,,,,,
2021Q3,2021-09,철강,SOURCE_DEGENERATE,142,1,20,1,C,1차 금속,True,,142.0,7.1,,,,,,,
2021Q4,2021-10,철강,SOURCE_DEGENERATE,49,1,20,1,C,1차 금속,True,,49.0,2.45,,,,,,,
2021Q4,2021-11,철강,SOURCE_DEGENERATE,24,1,20,1,C,1차 금속,True,,24.0,1.2,,,,,,,
2021Q4,2021-12,철강,SOURCE_DEGENERATE,16,1,20,1,C,1차 금속,True,,16.0,0.8,,,,,,,
2022Q1,2022-01,철강,SOURCE_DEGENERATE,18,1,20,1,C,1차 금속,True,,18.0,0.9,SOURCE_DEGENERATE,1176.0,1.0,20.0,,,
2022Q1,2022-02,철강,COMPLETE,125939745,269,856151,1,C,1차 금속,True,,468177.4907063197,147.09992162597484,SOURCE_DEGENERATE,1214.0,1.0,20.0,,,
2022Q1,2022-03,철강,COMPLETE,171663650,268,850051,1,C,1차 금속,True,,640536.0074626865,201.94511858700244,SOURCE_DEGENERATE,507.0,1.0,20.0,,,
2022Q2,2022-04,철강,COMPLETE,167090404,267,850291,1,C,1차 금속,True,,625806.7565543071,196.50967021878392,SOURCE_DEGENERATE,139.0,1.0,20.0,,,
2022Q2,2022-05,철강,COMPLETE,170439161,267,850291,1,C,1차 금속,True,,638348.9176029962,200.44803602531368,SOURCE_DEGENERATE,530.0,1.0,20.0,,,
2022Q2,2022-06,철강,COMPLETE,152904913,270,847145,1,C,1차 금속,True,,566314.4925925926,180.49438171741556,SOURCE_DEGENERATE,169.0,1.0,20.0,,,
2022Q3,2022-07,철강,COMPLETE,153607217,270,847120,1,C,1차 금속,True,,568915.6185185185,181.3287574369629,SOURCE_DEGENERATE,135.0,1.0,20.0,,,
2022Q3,2022-08,철강,COMPLETE,131427104,271,844851,1,C,1차 금속,True,,484970.86346863466,155.56246486066775,SOURCE_DEGENERATE,142.0,1.0,20.0,,,
2022Q3,2022-09,철강,COMPLETE,138432966,274,845428,1,C,1차 금속,True,,505229.802919708,163.7430579540777,SOURCE_DEGENERATE,142.0,1.0,20.0,,,
2022Q4,2022-10,철강,COMPLETE,158780717,275,842527,1,C,1차 금속,True,,577384.4254545454,188.457719455875,SOURCE_DEGENERATE,49.0,1.0,20.0,,,
2022Q4,2022-11,철강,COMPLETE,151309294,276,843762,1,C,1차 금속,True,,548222.0797101449,179.3269832014241,SOURCE_DEGENERATE,24.0,1.0,20.0,,,
2022Q4,2022-12,철강,COMPLETE,153478937,277,849198,1,C,1차 금속,True,,554075.5848375452,180.7339831228995,SOURCE_DEGENERATE,16.0,1.0,20.0,,,
2023Q1,2023-01,철강,COMPLETE,133455417,279,842807,1,C,1차 금속,True,,478334.82795698923,158.3463556899741,SOURCE_DEGENERATE,18.0,1.0,20.0,,,
2023Q1,2023-02,철강,COMPLETE,141268393,277,842247,1,C,1차 금속,True,,509994.19855595665,167.72798597086128,COMPLETE,125939745.0,269.0,856151.0,12.171414194939011,2.973977695167296,-1.6240125865647492
2023Q1,2023-03,철강,COMPLETE,164247357,280,842658,1,C,1차 금속,True,,586597.7035714285,194.9157985802069,COMPLETE,171663650.0,268.0,850051.0,-4.320246598508193,4.477611940298498,-0.869712523130961
2023Q2,2023-04,철강,COMPLETE,149893572,277,842315,1,C,1차 금속,True,,541132.0288808665,177.95429500839947,COMPLETE,167090404.0,267.0,850291.0,-10.291932743187338,3.7453183520599342,-0.9380318032297219
2023Q2,2023-05,철강,COMPLETE,149112101,276,842506,1,C,1차 금속,True,,540261.2355072463,176.9863965360484,COMPLETE,170439161.0,267.0,850291.0,-12.513004567066599,3.370786516853941,-0.9155689052336213
2023Q2,2023-06,철강,COMPLETE,139658631,274,841691,1,C,1차 금속,True,,509703.0328467153,165.9262496569406,COMPLETE,152904913.0,270.0,847145.0,-8.663084619131888,1.4814814814814836,-0.6438095013250433
2023Q3,2023-07,철강,COMPLETE,141607666,273,841666,1,C,1차 금속,True,,518709.3992673993,168.2468651460318,COMPLETE,153607217.0,270.0,847120.0,-7.811840637670042,1.1111111111111072,-0.6438285012749123
2023Q3,2023-08,철강,COMPLETE,124281326,272,841456,1,C,1차 금속,True,,456916.63970588235,147.6979497442528,COMPLETE,131427104.0,271.0,844851.0,-5.437065706020583,0.36900369003689537,-0.4018460059821205
2023Q3,2023-09,철강,COMPLETE,125291880,272,840546,1,C,1차 금속,True,,460631.9117647059,149.06011092789686,COMPLETE,138432966.0,274.0,845428.0,-9.492743224182599,-0.7299270072992692,-0.577458991185531
2023Q4,2023-10,철강,COMPLETE,124672173,273,840696,1,C,1차 금속,True,,456674.62637362635,148.29637942847356,COMPLETE,158780717.0,275.0,842527.0,-21.481540482022133,-0.727272727272732,-0.21732241221943394
2023Q4,2023-11,철강,COMPLETE,132876996,271,840500,1,C,1차 금속,True,,490321.0184501845,158.0927971445568,COMPLETE,151309294.0,276.0,843762.0,-12.181867691484971,-1.8115942028985477,-0.3866019090691397
2023Q4,2023-12,철강,COMPLETE,131910455,271,840094,1,C,1차 금속,True,,486754.44649446494,157.01868481384227,COMPLETE,153478937.0,277.0,849198.0,-14.053056674480358,-2.166064981949456,-1.0720703534393583
2024Q1,2024-01,철강,COMPLETE,132274069,271,817910,1,C,1차 금속,True,,488096.1955719557,161.7220342091428,COMPLETE,133455417.0,279.0,842807.0,-0.8852004860919194,-2.8673835125448077,-2.9540570972951152
2024Q1,2024-02,철강,COMPLETE,104179386,271,817930,1,C,1차 금속,True,,384425.778597786,127.36956218747325,COMPLETE,141268393.0,277.0,842247.0,-26.25428534463473,-2.166064981949456,-2.8871578052519054
2024Q1,2024-03,철강,COMPLETE,141538002,273,818945,1,C,1차 금속,True,,518454.2197802198,172.82967964881647,COMPLETE,164247357.0,280.0,842658.0,-13.826313807898904,-2.500000000000002,-2.814071663711726
2024Q2,2024-04,철강,COMPLETE,130352099,273,818465,1,C,1차 금속,True,,477480.2161172161,159.26410903337344,COMPLETE,149893572.0,277.0,842315.0,-13.036898606966286,-1.4440433212996373,-2.8314822839436538
2024Q2,2024-05,철강,COMPLETE,137574504,272,818065,1,C,1차 금속,True,,505788.6176470588,168.1706270284146,COMPLETE,149112101.0,276.0,842506.0,-7.737532314697915,-1.449275362318836,-2.900988242220237
2024Q2,2024-06,철강,COMPLETE,120532588,274,818715,1,C,1차 금속,True,,439899.95620437956,147.2216681018425,COMPLETE,139658631.0,274.0,841691.0,-13.69485212840157,0.0,-2.7297428628796028
2024Q3,2024-07,철강,COMPLETE,129682439,273,818735,1,C,1차 금속,True,,475027.2490842491,158.3936670595492,COMPLETE,141607666.0,273.0,841666.0,-8.421314563577376,0.0,-2.7244774055266596
2024Q3,2024-08,철강,COMPLETE,121169304,274,815023,1,C,1차 금속,True,,442223.73722627736,148.66979704867225,COMPLETE,124281326.0,272.0,841456.0,-2.504014158973489,0.7352941176470562,-3.141340723697972
2024Q3,2024-09,철강,COMPLETE,122545215,274,814958,1,C,1차 금속,True,,447245.3102189781,150.36997612146882,COMPLETE,125291880.0,272.0,840546.0,-2.1922130947352736,0.7352941176470562,-3.0442117385604095
2024Q4,2024-10,철강,COMPLETE,116055823,276,815958,1,C,1차 금속,True,,420492.1123188406,142.23259407959722,COMPLETE,124672173.0,273.0,840696.0,-6.911205437960888,1.098901098901095,-2.9425618773016637
2024Q4,2024-11,철강,COMPLETE,115827303,277,816717,1,C,1차 금속,True,,418149.1083032491,141.82060983180222,COMPLETE,132876996.0,271.0,840500.0,-12.83118486513648,2.2140221402213944,-2.8296252230815
2024Q4,2024-12,철강,COMPLETE,117657657,274,814516,1,C,1차 금속,True,,429407.5072992701,144.45100771501112,COMPLETE,131910455.0,271.0,840094.0,-10.804903978232804,1.1070110701107083,-3.0446592881272827
2025Q1,2025-01,철강,COMPLETE,116370400,276,819988,1,C,1차 금속,True,,421631.884057971,141.91719878827496,COMPLETE,132274069.0,271.0,817910.0,-12.023270411375941,1.845018450184499,0.25406218288075433
2025Q1,2025-02,철강,COMPLETE,107019051,274,789765,1,C,1차 금속,True,,390580.4781021898,135.5074623463942,COMPLETE,104179386.0,271.0,817930.0,2.7257455712015766,1.1070110701107083,-3.4434487058794816
2025Q1,2025-03,철강,COMPLETE,129890118,272,784595,1,C,1차 금속,True,,477537.19852941175,165.55052989121776,COMPLETE,141538002.0,273.0,818945.0,-8.229509979941641,-0.366300366300365,-4.1944208707544455
2025Q2,2025-04,철강,COMPLETE,121509851,271,783229,1,C,1차 금속,True,,448375.8339483395,155.13962200071754,COMPLETE,130352099.0,273.0,818465.0,-6.783356821895136,-0.73260073260073,-4.305132168144022
2025Q2,2025-05,철강,COMPLETE,126934610,269,782115,1,C,1차 금속,True,,471875.87360594794,162.29660599783918,COMPLETE,137574504.0,272.0,818065.0,-7.733914126995511,-1.1029411764705843,-4.394516328164633
2025Q2,2025-06,철강,COMPLETE,118614837,266,781125,1,C,1차 금속,True,,445920.43984962406,151.85128756601057,COMPLETE,120532588.0,274.0,818715.0,-1.5910643186388684,-2.9197080291970767,-4.59134130924681
2025Q3,2025-07,철강,COMPLETE,123094452,264,768965,1,C,1차 금속,True,,466266.86363636365,160.07809458167796,COMPLETE,129682439.0,273.0,818735.0,-5.080091838803247,-3.296703296703296,-6.0788899949312025
2025Q3,2025-08,철강,COMPLETE,106586566,261,761760,1,C,1차 금속,True,,408377.64750957856,139.9214529510607,COMPLETE,121169304.0,274.0,815023.0,-12.035010121045175,-4.744525547445255,-6.535152995682325
2025Q3,2025-09,철강,COMPLETE,122481374,262,761810,1,C,1차 금속,True,,467486.1603053435,160.7767999894987,COMPLETE,122545215.0,274.0,814958.0,-0.052095873347646204,-4.379562043795615,-6.521563074416104
2025Q4,2025-10,철강,COMPLETE,110985073,263,761900,1,C,1차 금속,True,,421996.4752851711,145.66881874261713,COMPLETE,116055823.0,276.0,815958.0,-4.36923358856367,-4.710144927536231,-6.625095899543854
2025Q4,2025-11,철강,COMPLETE,122848979,263,761835,1,C,1차 금속,True,,467106.38403041824,161.25404976143128,COMPLETE,115827303.0,277.0,816717.0,6.062194161595902,-5.054151624548742,-6.71983073696274
2025Q4,2025-12,철강,COMPLETE,123612559,263,762035,1,C,1차 금속,True,,470009.7300380228,162.2137552737079,COMPLETE,117657657.0,274.0,814516.0,5.061210763358992,-4.014598540145986,-6.443212901895112
2026Q1,2026-01,철강,COMPLETE,133271208,262,761885,1,C,1차 금속,True,,508668.7328244275,174.92299756524935,COMPLETE,116370400.0,276.0,819988.0,14.523287708901922,-5.072463768115942,-7.085835402469309
2026Q1,2026-02,철강,COMPLETE,101182682,261,761718,1,C,1차 금속,True,,387673.1111111111,132.83483126301334,COMPLETE,107019051.0,274.0,789765.0,-5.45357947530295,-4.744525547445255,-3.551309566769867
2026Q1,2026-03,철강,COMPLETE,133211497,261,762006,1,C,1차 금속,True,,510388.877394636,174.8168610220917,COMPLETE,129890118.0,272.0,784595.0,2.557068275201657,-4.044117647058821,-2.8790649953160496
2026Q2,2026-04,철강,COMPLETE,135041626,262,762726,1,C,1차 금속,True,,515426.0534351145,177.05129496044452,COMPLETE,121509851.0,271.0,783229.0,11.136360458544225,-3.3210332103321027,-2.6177529177290437
2026Q2,2026-05,철강,COMPLETE,135159384,262,762326,1,C,1차 금속,True,,515875.51145038166,177.29866749920637,COMPLETE,126934610.0,269.0,782115.0,6.479536195841318,-2.6022304832713727,-2.5301905729975815
2026Q2,2026-06,철강,COMPLETE,129840540,264,762856,1,C,1차 금속,True,,491820.2272727273,170.20321004226224,COMPLETE,118614837.0,266.0,781125.0,9.463995638252243,-0.7518796992481258,-2.338806208993438
2021Q1,2021-01,해당없음,SOURCE_DEGENERATE,34171,10,159,3,D,가정용부문|농업. 임업|순수써비스,False,,3417.1,214.91194968553458,,,,,,,
2021Q1,2021-02,해당없음,SOURCE_DEGENERATE,26299,9,144,3,D,가정용부문|농업. 임업|순수써비스,False,,2922.1111111111113,182.63194444444446,,,,,,,
2021Q1,2021-03,해당없음,SOURCE_DEGENERATE,17074,9,144,3,D,가정용부문|농업. 임업|순수써비스,False,,1897.111111111111,118.56944444444444,,,,,,,
2021Q2,2021-04,해당없음,SOURCE_DEGENERATE,4942,9,144,3,D,가정용부문|농업. 임업|순수써비스,False,,549.1111111111111,34.31944444444444,,,,,,,
2021Q2,2021-05,해당없음,SOURCE_DEGENERATE,2046,9,144,3,D,가정용부문|농업. 임업|순수써비스,False,,227.33333333333334,14.208333333333334,,,,,,,
2021Q2,2021-06,해당없음,SOURCE_DEGENERATE,1969,9,144,3,D,가정용부문|농업. 임업|순수써비스,False,,218.77777777777777,13.67361111111111,,,,,,,
2021Q3,2021-07,해당없음,SOURCE_DEGENERATE,2532,9,144,3,D,가정용부문|농업. 임업|순수써비스,False,,281.3333333333333,17.583333333333332,,,,,,,
2021Q3,2021-08,해당없음,SOURCE_DEGENERATE,3359,10,147,4,D,가정용부문|관 공 용|농업. 임업|순수써비스,False,,335.9,22.85034013605442,,,,,,,
2021Q3,2021-09,해당없음,SOURCE_DEGENERATE,3716,10,147,4,D,가정용부문|관 공 용|농업. 임업|순수써비스,False,,371.6,25.27891156462585,,,,,,,
2021Q4,2021-10,해당없음,SOURCE_DEGENERATE,3270,16,177,4,D,가정용부문|관 공 용|농업. 임업|순수써비스,False,,204.375,18.47457627118644,,,,,,,
2021Q4,2021-11,해당없음,SOURCE_DEGENERATE,3067,10,147,4,D,가정용부문|관 공 용|농업. 임업|순수써비스,False,,306.7,20.86394557823129,,,,,,,
2021Q4,2021-12,해당없음,SOURCE_DEGENERATE,2832,11,157,5,D,가정용부문|관 공 용|농업. 임업|수 도|순수써비스,False,,257.45454545454544,18.038216560509554,,,,,,,
2022Q1,2022-01,해당없음,SOURCE_DEGENERATE,15434,11,157,5,D,가정용부문|관 공 용|농업. 임업|수 도|순수써비스,False,,1403.090909090909,98.30573248407643,SOURCE_DEGENERATE,34171.0,10.0,159.0,,,
2022Q1,2022-02,해당없음,COMPLETE,431614806,451054,4706417,13,D,가정용부문|관 공 용|국 군 용|금속비금속|기타공공용|농업. 임업|사업자 용|석탄. 원유|수 도|순수써비스|어 업|유엔군 용|재생 재료,False,,956.9027344841194,91.70772713085135,SOURCE_DEGENERATE,26299.0,9.0,144.0,,,
2022Q1,2022-03,해당없음,COMPLETE,378468152,451858,4718462,13,D,가정용부문|관 공 용|국 군 용|금속비금속|기타공공용|농업. 임업|사업자 용|석탄. 원유|수 도|순수써비스|어 업|유엔군 용|재생 재료,False,,837.5820545392579,80.21006675480272,SOURCE_DEGENERATE,17074.0,9.0,144.0,,,
2022Q2,2022-04,해당없음,COMPLETE,354758804,451281,4723405,13,D,가정용부문|관 공 용|국 군 용|금속비금속|기타공공용|농업. 임업|사업자 용|석탄. 원유|수 도|순수써비스|어 업|유엔군 용|재생 재료,False,,786.1150901544714,75.10658179851188,SOURCE_DEGENERATE,4942.0,9.0,144.0,,,
2022Q2,2022-05,해당없음,COMPLETE,326794557,451250,4752206,13,D,가정용부문|관 공 용|국 군 용|금속비금속|기타공공용|농업. 임업|사업자 용|석탄. 원유|수 도|순수써비스|어 업|유엔군 용|재생 재료,False,,724.198464265928,68.76691730114393,SOURCE_DEGENERATE,2046.0,9.0,144.0,,,
2022Q2,2022-06,해당없음,COMPLETE,347592705,451263,4712470,13,D,가정용부문|관 공 용|국 군 용|금속비금속|기타공공용|농업. 임업|사업자 용|석탄. 원유|수 도|순수써비스|어 업|유엔군 용|재생 재료,False,,770.2663524374921,73.76019475986054,SOURCE_DEGENERATE,1969.0,9.0,144.0,,,
2022Q3,2022-07,해당없음,COMPLETE,420442807,451274,4713547,13,D,가정용부문|관 공 용|국 군 용|금속비금속|기타공공용|농업. 임업|사업자 용|석탄. 원유|수 도|순수써비스|어 업|유엔군 용|재생 재료,False,,931.6796602507568,89.198815032501,SOURCE_DEGENERATE,2532.0,9.0,144.0,,,
2022Q3,2022-08,해당없음,COMPLETE,467201708,451245,4712348,13,D,가정용부문|관 공 용|국 군 용|금속비금속|기타공공용|농업. 임업|사업자 용|석탄. 원유|수 도|순수써비스|어 업|유엔군 용|재생 재료,False,,1035.3615175791422,99.14414385355241,SOURCE_DEGENERATE,3359.0,10.0,147.0,,,
2022Q3,2022-09,해당없음,COMPLETE,393895685,451021,4726900,13,D,가정용부문|관 공 용|국 군 용|금속비금속|기타공공용|농업. 임업|사업자 용|석탄. 원유|수 도|순수써비스|어 업|유엔군 용|재생 재료,False,,873.3422279672121,83.33065751338086,SOURCE_DEGENERATE,3716.0,10.0,147.0,,,
2022Q4,2022-10,해당없음,COMPLETE,335337075,451054,4742294,13,D,가정용부문|관 공 용|국 군 용|금속비금속|기타공공용|농업. 임업|사업자 용|석탄. 원유|수 도|순수써비스|어 업|유엔군 용|재생 재료,False,,743.4521698067193,70.71199613520376,SOURCE_DEGENERATE,3270.0,16.0,177.0,,,
2022Q4,2022-11,해당없음,COMPLETE,341868435,452119,4773916,13,D,가정용부문|관 공 용|국 군 용|금속비금속|기타공공용|농업. 임업|사업자 용|석탄. 원유|수 도|순수써비스|어 업|유엔군 용|재생 재료,False,,756.1470210276498,71.61174075957767,SOURCE_DEGENERATE,3067.0,10.0,147.0,,,
2022Q4,2022-12,해당없음,COMPLETE,395514505,451243,4775478,13,D,가정용부문|관 공 용|국 군 용|금속비금속|기타공공용|농업. 임업|사업자 용|석탄. 원유|수 도|순수써비스|어 업|유엔군 용|재생 재료,False,,876.5000343495633,82.82197195757158,SOURCE_DEGENERATE,2832.0,11.0,157.0,,,
2023Q1,2023-01,해당없음,COMPLETE,458184647,450931,4772662,13,D,가정용부문|관 공 용|국 군 용|금속비금속|기타공공용|농업. 임업|사업자 용|석탄. 원유|수 도|순수써비스|어 업|유엔군 용|재생 재료,False,,1016.0859355422448,96.00190564510959,SOURCE_DEGENERATE,15434.0,11.0,157.0,,,
2023Q1,2023-02,해당없음,COMPLETE,435835503,450450,4776649,13,D,가정용부문|관 공 용|국 군 용|금속비금속|기타공공용|농업. 임업|사업자 용|석탄. 원유|수 도|순수써비스|어 업|유엔군 용|재생 재료,False,,967.5557842157842,91.24294102413637,COMPLETE,431614806.0,451054.0,4706417.0,0.9778851284355516,-0.13390857857373817,1.4922604605584144
2023Q1,2023-03,해당없음,COMPLETE,362069601,451134,4786091,13,D,가정용부문|관 공 용|국 군 용|금속비금속|기타공공용|농업. 임업|사업자 용|석탄. 원유|수 도|순수써비스|어 업|유엔군 용|재생 재료,False,,802.5766202503025,75.65037961041693,COMPLETE,378468152.0,451858.0,4718462.0,-4.33287475137406,-0.16022732805438533,1.4332848288276967
2023Q2,2023-04,해당없음,COMPLETE,345609079,450454,4806436,13,D,가정용부문|관 공 용|국 군 용|금속비금속|기타공공용|농업. 임업|사업자 용|석탄. 원유|수 도|순수써비스|어 업|유엔군 용|재생 재료,False,,767.2461094806573,71.90547819631844,COMPLETE,354758804.0,451281.0,4723405.0,-2.5791396568131453,-0.1832561087216189,1.757863236372903
2023Q2,2023-05,해당없음,COMPLETE,328392035,450342,4849038,13,D,가정용부문|관 공 용|국 군 용|금속비금속|기타공공용|농업. 임업|사업자 용|석탄. 원유|수 도|순수써비스|어 업|유엔군 용|재생 재료,False,,729.2058813079838,67.72313085605846,COMPLETE,326794557.0,451250.0,4752206.0,0.48883249912881066,-0.20121883656509798,2.0376221064490885
2023Q2,2023-06,해당없음,COMPLETE,350094641,449945,4828697,13,D,가정용부문|관 공 용|국 군 용|금속비금속|기타공공용|농업. 임업|사업자 용|석탄. 원유|수 도|순수써비스|어 업|유엔군 용|재생 재료,False,,778.0831901676871,72.50292180271407,COMPLETE,347592705.0,451263.0,4712470.0,0.7197895594500459,-0.29206914814642326,2.466371138702206
2023Q3,2023-07,해당없음,COMPLETE,399737089,449737,4831534,13,D,가정용부문|관 공 용|국 군 용|금속비금속|기타공공용|농업. 임업|사업자 용|석탄. 원유|수 도|순수써비스|어 업|유엔군 용|재생 재료,False,,888.8241105357131,82.7350255633097,COMPLETE,420442807.0,451274.0,4713547.0,-4.9247406913064395,-0.34059130373121915,2.503146780969834
2023Q3,2023-08,해당없음,COMPLETE,477932823,449602,4815009,13,D,가정용부문|관 공 용|국 군 용|금속비금속|기타공공용|농업. 임업|사업자 용|석탄. 원유|수 도|순수써비스|어 업|유엔군 용|재생 재료,False,,1063.0131160448575,99.25896774024721,COMPLETE,467201708.0,451245.0,4712348.0,2.2968912177007805,-0.36410375738235023,2.178553027068464
2023Q3,2023-09,해당없음,COMPLETE,435775373,449718,4819898,13,D,가정용부문|관 공 용|국 군 용|금속비금속|기타공공용|농업. 임업|사업자 용|석탄. 원유|수 도|순수써비스|어 업|유엔군 용|재생 재료,False,,968.9969558701231,90.41174170075799,COMPLETE,393895685.0,451021.0,4726900.0,10.632177399963139,-0.28890007338904233,1.9674205081554597
2023Q4,2023-10,해당없음,COMPLETE,340719037,449780,4835570,13,D,가정용부문|관 공 용|국 군 용|금속비금속|기타공공용|농업. 임업|사업자 용|석탄. 원유|수 도|순수써비스|어 업|유엔군 용|재생 재료,False,,757.5237605051359,70.46098743271217,COMPLETE,335337075.0,451054.0,4742294.0,1.604940938904531,-0.28244955149494544,1.9668961899030224
2023Q4,2023-11,해당없음,COMPLETE,344816058,450976,4847444,13,D,가정용부문|관 공 용|국 군 용|금속비금속|기타공공용|농업. 임업|사업자 용|석탄. 원유|수 도|순수써비스|어 업|유엔군 용|재생 재료,False,,764.5995751436884,71.133582564337,COMPLETE,341868435.0,452119.0,4773916.0,0.8622097562180686,-0.2528095479287562,1.5402030534261701
2023Q4,2023-12,해당없음,COMPLETE,399104375,450439,4863946,13,D,가정용부문|관 공 용|국 군 용|금속비금속|기타공공용|농업. 임업|사업자 용|석탄. 원유|수 도|순수써비스|어 업|유엔군 용|재생 재료,False,,886.0342354902662,82.0536196331127,COMPLETE,395514505.0,451243.0,4775478.0,0.9076455994957655,-0.17817450907825494,1.8525475355555932
2024Q1,2024-01,해당없음,COMPLETE,443809515,450655,4872599,13,D,가정용부문|관 공 용|국 군 용|금속비금속|기타공공용|농업. 임업|사업자 용|석탄. 원유|수 도|순수써비스|어 업|유엔군 용|재생 재료,False,,984.8099211148218,91.08270863249777,COMPLETE,458184647.0,450931.0,4772662.0,-3.1374102327789255,-0.06120670346461132,2.0939467324524452
2024Q1,2024-02,해당없음,COMPLETE,427013338,450779,4884769,13,D,가정용부문|관 공 용|국 군 용|금속비금속|기타공공용|농업. 임업|사업자 용|석탄. 원유|수 도|순수써비스|어 업|유엔군 용|재생 재료,False,,947.2786842332939,87.41730427784815,COMPLETE,435835503.0,450450.0,4776649.0,-2.0241960416886973,0.07303807303806753,2.2635115119406857
2024Q1,2024-03,해당없음,COMPLETE,388240643,451628,4907388,13,D,가정용부문|관 공 용|국 군 용|금속비금속|기타공공용|농업. 임업|사업자 용|석탄. 원유|수 도|순수써비스|어 업|유엔군 용|재생 재료,False,,859.6469727297688,79.11350050169256,COMPLETE,362069601.0,451134.0,4786091.0,7.228179865892681,0.10950183315820983,2.5343646829949495
2024Q2,2024-04,해당없음,COMPLETE,360879944,450937,4927906,13,D,가정용부문|관 공 용|국 군 용|금속비금속|기타공공용|농업. 임업|사업자 용|석탄. 원유|수 도|순수써비스|어 업|유엔군 용|재생 재료,False,,800.2890514639518,73.23190499169424,COMPLETE,345609079.0,450454.0,4806436.0,4.41853699103778,0.10722515506578212,2.52723639719743
2024Q2,2024-05,해당없음,COMPLETE,330664390,450859,4938834,13,D,가정용부문|관 공 용|국 군 용|금속비금속|기타공공용|농업. 임업|사업자 용|석탄. 원유|수 도|순수써비스|어 업|유엔군 용|재생 재료,False,,733.4097578178544,66.95191415625631,COMPLETE,328392035.0,450342.0,4849038.0,0.6919641032097523,0.11480163964276979,1.851831229204648
2024Q2,2024-06,해당없음,COMPLETE,356002220,450735,4915679,13,D,가정용부문|관 공 용|국 군 용|금속비금속|기타공공용|농업. 임업|사업자 용|석탄. 원유|수 도|순수써비스|어 업|유엔군 용|재생 재료,False,,789.8259953187571,72.42177937167989,COMPLETE,350094641.0,449945.0,4828697.0,1.6874234301689883,0.17557701496848654,1.8013555209614562
2024Q3,2024-07,해당없음,COMPLETE,417865439,450762,4909993,13,D,가정용부문|관 공 용|국 군 용|금속비금속|기타공공용|농업. 임업|사업자 용|석탄. 원유|수 도|순수써비스|어 업|유엔군 용|재생 재료,False,,927.0201103908493,85.10509872417333,COMPLETE,399737089.0,449737.0,4831534.0,4.535068298353462,0.22791097908332336,1.623894191782571
2024Q3,2024-08,해당없음,COMPLETE,514161339,450941,4917674,13,D,가정용부문|관 공 용|국 군 용|금속비금속|기타공공용|농업. 임업|사업자 용|석탄. 원유|수 도|순수써비스|어 업|유엔군 용|재생 재료,False,,1140.196475813909,104.55376647577697,COMPLETE,477932823.0,449602.0,4815009.0,7.580252758660189,0.29781895988008067,2.132187084177839
2024Q3,2024-09,해당없음,COMPLETE,492750769,450922,4919392,13,D,가정용부문|관 공 용|국 군 용|금속비금속|기타공공용|농업. 임업|사업자 용|석탄. 원유|수 도|순수써비스|어 업|유엔군 용|재생 재료,False,,1092.7627594129362,100.16497343574166,COMPLETE,435775373.0,449718.0,4819898.0,13.074487346029983,0.2677233288416403,2.0642345543411933
2024Q4,2024-10,해당없음,COMPLETE,372455270,450977,4937158,13,D,가정용부문|관 공 용|국 군 용|금속비금속|기타공공용|농업. 임업|사업자 용|석탄. 원유|수 도|순수써비스|어 업|유엔군 용|재생 재료,False,,825.8852890502177,75.43920409271892,COMPLETE,340719037.0,449780.0,4835570.0,9.314487760776347,0.2661301080528311,2.100848503899222
2024Q4,2024-11,해당없음,COMPLETE,344778505,452041,4965697,13,D,가정용부문|관 공 용|국 군 용|금속비금속|기타공공용|농업. 임업|사업자 용|석탄. 원유|수 도|순수써비스|어 업|유엔군 용|재생 재료,False,,762.7151187613513,69.4320464982056,COMPLETE,344816058.0,450976.0,4847444.0,-0.01089073409684671,0.23615447385225696,2.4394918229070806
2024Q4,2024-12,해당없음,COMPLETE,393487734,451441,4968275,13,D,가정용부문|관 공 용|국 군 용|금속비금속|기타공공용|농업. 임업|사업자 용|석탄. 원유|수 도|순수써비스|어 업|유엔군 용|재생 재료,False,,871.6260463715081,79.20007125209455,COMPLETE,399104375.0,450439.0,4863946.0,-1.4073113079755117,0.22244965467022038,2.144945688130573
2025Q1,2025-01,해당없음,COMPLETE,454649697,451569,4974308,13,D,가정용부문|관 공 용|국 군 용|금속비금속|기타공공용|농업. 임업|사업자 용|석탄. 원유|수 도|순수써비스|어 업|유엔군 용|재생 재료,False,,1006.8222065730819,91.39958703803624,COMPLETE,443809515.0,450655.0,4872599.0,2.4425303274536514,0.20281590129922478,2.087366516308853
2025Q1,2025-02,해당없음,COMPLETE,449287379,451515,4978047,13,D,가정용부문|관 공 용|국 군 용|금속비금속|기타공공용|농업. 임업|사업자 용|석탄. 원유|수 도|순수써비스|어 업|유엔군 용|재생 재료,False,,995.0663410960876,90.25374388791428,COMPLETE,427013338.0,450779.0,4884769.0,5.216240107235248,0.16327291200344263,1.9095682927892765
2025Q1,2025-03,해당없음,COMPLETE,394031578,452653,4990499,13,D,가정용부문|관 공 용|국 군 용|금속비금속|기타공공용|농업. 임업|사업자 용|석탄. 원유|수 도|순수써비스|어 업|유엔군 용|재생 재료,False,,870.493685008163,78.95634845333102,COMPLETE,388240643.0,451628.0,4907388.0,1.491583919512518,0.2269566988760685,1.6935893391759604
2025Q2,2025-04,해당없음,COMPLETE,367134263,451987,4997992,13,D,가정용부문|관 공 용|국 군 용|금속비금속|기타공공용|농업. 임업|사업자 용|석탄. 원유|수 도|순수써비스|어 업|유엔군 용|재생 재료,False,,812.2673063605812,73.45635267123276,COMPLETE,360879944.0,450937.0,4927906.0,1.7330746981051304,0.23284849103089034,1.4222268038391883
2025Q2,2025-05,해당없음,COMPLETE,335683023,451517,4989425,13,D,가정용부문|관 공 용|국 군 용|금속비금속|기타공공용|농업. 임업|사업자 용|석탄. 원유|수 도|순수써비스|어 업|유엔군 용|재생 재료,False,,743.4560005492594,67.2788994723841,COMPLETE,330664390.0,450859.0,4938834.0,1.5177422038097355,0.14594363204460947,1.0243510917759213
2025Q2,2025-06,해당없음,COMPLETE,359163357,451370,4974131,13,D,가정용부문|관 공 용|국 군 용|금속비금속|기타공공용|농업. 임업|사업자 용|석탄. 원유|수 도|순수써비스|어 업|유엔군 용|재생 재료,False,,795.7182732569732,72.20625210715198,COMPLETE,356002220.0,450735.0,4915679.0,0.8879542942175966,0.1408810054688514,1.189093103923189
2025Q3,2025-07,해당없음,COMPLETE,450208558,451319,4979717,13,D,가정용부문|관 공 용|국 군 용|금속비금속|기타공공용|농업. 임업|사업자 용|석탄. 원유|수 도|순수써비스|어 업|유엔군 용|재생 재료,False,,997.5395629255582,90.40846256925846,COMPLETE,417865439.0,450762.0,4909993.0,7.740079935158262,0.12356853505841592,1.4200427576984254
2025Q3,2025-08,해당없음,COMPLETE,503650402,451317,4971966,13,D,가정용부문|관 공 용|국 군 용|금속비금속|기타공공용|농업. 임업|사업자 용|석탄. 원유|수 도|순수써비스|어 업|유엔군 용|재생 재료,False,,1115.9570811646802,101.29803824080857,COMPLETE,514161339.0,450941.0,4917674.0,-2.0442876977959656,0.08338119620969753,1.1040178751173801
2025Q3,2025-09,해당없음,COMPLETE,483718896,451290,4992464,13,D,가정용부문|관 공 용|국 군 용|금속비금속|기타공공용|농업. 임업|사업자 용|석탄. 원유|수 도|순수써비스|어 업|유엔군 용|재생 재료,False,,1071.8582197699927,96.88981152392887,COMPLETE,492750769.0,450922.0,4919392.0,-1.8329495493897396,0.0816105667942546,1.4853868120288105
2025Q4,2025-10,해당없음,COMPLETE,369117305,451167,4994894,13,D,가정용부문|관 공 용|국 군 용|금속비금속|기타공공용|농업. 임업|사업자 용|석탄. 원유|수 도|순수써비스|어 업|유엔군 용|재생 재료,False,,818.1389707137268,73.8989265838274,COMPLETE,372455270.0,450977.0,4937158.0,-0.8962056034272248,0.042130751679136935,1.1694177095405989
2025Q4,2025-11,해당없음,COMPLETE,355279164,452115,5028009,13,D,가정용부문|관 공 용|국 군 용|금속비금속|기타공공용|농업. 임업|사업자 용|석탄. 원유|수 도|순수써비스|어 업|유엔군 용|재생 재료,False,,785.8159185163067,70.66000955845544,COMPLETE,344778505.0,452041.0,4965697.0,3.0456246105017515,0.016370196508730395,1.25484901716717
2025Q4,2025-12,해당없음,COMPLETE,400418727,450957,5038483,13,D,가정용부문|관 공 용|국 군 용|금속비금속|기타공공용|농업. 임업|사업자 용|석탄. 원유|수 도|순수써비스|어 업|유엔군 용|재생 재료,False,,887.9310599458485,79.47208058457278,COMPLETE,393487734.0,451441.0,4968275.0,1.7614254273044194,-0.1072122381440721,1.4131262862864924
2026Q1,2026-01,해당없음,COMPLETE,453913177,450702,5013961,13,D,가정용부문|관 공 용|국 군 용|금속비금속|기타공공용|농업. 임업|사업자 용|석탄. 원유|수 도|순수써비스|어 업|유엔군 용|재생 재료,False,,1007.1248341476186,90.52985793068594,COMPLETE,454649697.0,451569.0,4974308.0,-0.1619972486201826,-0.19199723630275445,0.7971561069398891
2026Q1,2026-02,해당없음,COMPLETE,444406784,450582,5013648,13,D,가정용부문|관 공 용|국 군 용|금속비금속|기타공공용|농업. 임업|사업자 용|석탄. 원유|수 도|순수써비스|어 업|유엔군 용|재생 재료,False,,986.2950228815176,88.63940667553845,COMPLETE,449287379.0,451515.0,4978047.0,-1.0862969288972568,-0.20663765323410965,0.7151599814144038
2026Q1,2026-03,해당없음,COMPLETE,377128122,451252,5015997,13,D,가정용부문|관 공 용|국 군 용|금속비금속|기타공공용|농업. 임업|사업자 용|석탄. 원유|수 도|순수써비스|어 업|유엔군 용|재생 재료,False,,835.7372864829408,75.18507726380219,COMPLETE,394031578.0,452653.0,4990499.0,-4.289873437504033,-0.3095086081391307,0.5109308708407756
2026Q2,2026-04,해당없음,COMPLETE,361401260,450558,5039908,13,D,가정용부문|관 공 용|국 군 용|금속비금속|기타공공용|농업. 임업|사업자 용|석탄. 원유|수 도|순수써비스|어 업|유엔군 용|재생 재료,False,,802.1192831999432,71.70790816022833,COMPLETE,367134263.0,451987.0,4997992.0,-1.561554879992233,-0.31615953556186627,0.8386568045727127
2026Q2,2026-05,해당없음,COMPLETE,331491889,450223,5025798,13,D,가정용부문|관 공 용|국 군 용|금속비금속|기타공공용|농업. 임업|사업자 용|석탄. 원유|수 도|순수써비스|어 업|유엔군 용|재생 재료,False,,736.2837727081912,65.95806059057686,COMPLETE,335683023.0,451517.0,4989425.0,-1.2485391613027752,-0.28658943074125753,0.7290018388892427
2026Q2,2026-06,해당없음,COMPLETE,365999600,450084,5016089,13,D,가정용부문|관 공 용|국 군 용|금속비금속|기타공공용|농업. 임업|사업자 용|석탄. 원유|수 도|순수써비스|어 업|유엔군 용|재생 재료,False,,813.1806507229761,72.96513279569002,COMPLETE,359163357.0,451370.0,4974131.0,1.9033798595439633,-0.28491038394221624,0.8435242256386033
