quarter,quarter_end,complex_nm,complex_type,industry,production,employment,op_rate_official,op_rate_approx,firms_in,firms_op,production_yoy,employment_yoy,production_yoy_valid,employment_yoy_valid,quadrant_yoy_valid,review_required,classification_break,production_source,employment_source,op_rate_source,firms_in_source,firms_op_source,production_is_revised,employment_is_revised,op_rate_is_revised,firms_in_is_revised,firms_op_is_revised,production_masked,employment_masked,op_rate_masked,firms_in_masked,firms_op_masked,production_invalid_source,employment_invalid_source,op_rate_invalid_source,firms_in_invalid_source,firms_op_invalid_source,production_note,employment_note,op_rate_note,firms_in_note,firms_op_note,employment_lag4,production_lag4,emp_delta,e_yoy,p_yoy,mfg_emp,mfg_emp_lag4,mfg_emp_yoy,E,P,R,A,employment_share_pct,mfg_emp_delta,net_gross_ratio,contribution_pct,state,run_length,transition_type,previous_state,production_yoy_reason,production_current_missing,production_lag4_missing,employment_yoy_reason,data_quality_core_missing,data_quality_production_missing,datarev,E_entry,E_up,R_entry,R_up,A_entry,A_up,P_support,n_entry,n_up,emp_entry,emp_up,data_quality_previous_signal_unknown,persist,scale_ok,scale_threshold,stage,stage_reason,data_quality_minimum_only,prod_only_decline,check_question,first_owner,rank_in_stage,scale_flag,q1_state,q1_question_route,q2_employment_delta,q2_employment_yoy,q2_employment_share,q2_contribution,q2_same_stage_rank,q3_state_run_length,q3_transition,q3_repeated_signal,signal_e,signal_r,signal_a,signal_p,decision_scale_gate,decision_stage,decision_reason,q1_state_label,decision_entry_trigger,decision_reinforcement,next_review_quarter
2022Q1,2022-03-31,창원,국가,기계,45395.66533,62805.0,,77.73051687,1511.0,1455.0,14.944670997758426,-3.6718354575990375,True,True,True,False,0,data_portal_monthly,data_portal_monthly,data_portal_monthly,data_portal_monthly,data_portal_monthly,0,0,0,0,0,0,0,0,0,0,0,0,0,0,0,월별 3개월 합,월별: 분기말 값,월별 단순평균(근사),월별: 분기말 값,월별: 분기말 값,65199.0,39493.49277,-2394.0,-3.6718354575990375,14.944670997758426,117294.0,117014.0,0.23928760661118265,3.6718354575990375,0.0,3.91112306421022,2.041025116374239,53.54493836001841,280.0,0.04953998584571833,,S2,1.0,S2->S2,,valid,False,False,valid,False,False,False,False,False,False,False,True,True,False,1,1,True,True,False,True,True,300,우선점검,산단 제조업 고용의 2.04% 감소(상위경계 2.0% 통과) → 보강: 직전 분기에도 진입신호(지속),False,False,"자동화·설비투자, 외주·도급 전환, 미충원·숙련 불일치, 직무구조 변화 가능성을 질문으로 확인한다(원인 후보이며 입증된 원인이 아님).",고용·훈련 기능 + 기업지원 기능,1,,S2,"자동화·설비투자, 외주·도급 전환, 미충원·숙련 불일치, 직무구조 변화 가능성을 질문으로 확인한다(원인 후보이며 입증된 원인이 아님).",-2394.0,-3.6718354575990375,53.54493836001841,,1,1.0,이전 또는 현재 상태 미확인,True,3.6718354575990375,3.91112306421022,2.041025116374239,0.0,True,우선점검,산단 제조업 고용의 2.04% 감소(상위경계 2.0% 통과) → 보강: 직전 분기에도 진입신호(지속),생산↑·고용↓,A,반복,2022Q2
2022Q1,2022-03-31,창원,국가,기타,161.92000001,195.0,,77.52522324,25.0,24.0,-11.160152281717316,-1.5151515151515138,True,True,True,False,0,data_portal_monthly,data_portal_monthly,data_portal_monthly,data_portal_monthly,data_portal_monthly,0,0,0,0,0,0,0,0,0,0,0,0,0,0,0,월별 3개월 합,월별: 분기말 값,월별 단순평균(근사),월별: 분기말 값,월별: 분기말 값,198.0,182.26055556,-3.0,-1.5151515151515138,-11.160152281717316,117294.0,117014.0,0.23928760661118265,1.5151515151515138,11.160152281717316,1.7544391217626965,0.0025576755844288713,0.1662489129878766,280.0,0.04953998584571833,,S4,1.0,S4->S4,,valid,False,False,valid,False,False,False,False,False,False,False,False,False,True,0,0,False,False,False,False,False,300,관찰,고용 축 진입신호 없음 (생산 11.2% 단독 감소 — 확인질문에 반영),False,True,수주잔량·가동률·휴업/감산·기업 수 변동·고용조정 계획 신고 여부를 확인한다(원인 후보이며 입증된 원인이 아님).,기업지원 기능 + 고용지원 기능,3,규모기준 미만,S4,수주잔량·가동률·휴업/감산·기업 수 변동·고용조정 계획 신고 여부를 확인한다(원인 후보이며 입증된 원인이 아님).,-3.0,-1.5151515151515138,0.1662489129878766,,3,1.0,이전 또는 현재 상태 미확인,False,1.5151515151515138,1.7544391217626965,0.0025576755844288713,11.160152281717316,False,관찰,고용 축 진입신호 없음 (생산 11.2% 단독 감소 — 확인질문에 반영),생산↓·고용↓,없음,생산,2022Q2
2022Q1,2022-03-31,창원,국가,목재종이,135.06666666,267.0,,86.50453956,43.0,40.0,10.391674306608278,2.298850574712641,True,True,True,False,0,data_portal_monthly,data_portal_monthly,data_portal_monthly,data_portal_monthly,data_portal_monthly,0,0,0,0,0,0,0,0,0,0,0,0,0,0,0,월별 3개월 합,월별: 분기말 값,월별 단순평균(근사),월별: 분기말 값,월별: 분기말 값,261.0,122.35222222,6.0,2.298850574712641,10.391674306608278,117294.0,117014.0,0.23928760661118265,0.0,0.0,0.0,0.0,0.22763312701416955,280.0,0.04953998584571833,,S1,1.0,S1->S1,,valid,False,False,valid,False,False,False,False,False,False,False,False,False,False,0,0,False,False,False,False,False,300,관찰,고용 축 진입신호 없음,False,False,미충원·숙련수요·증가의 지속가능성을 확인한다.,고용·훈련 기능,4,규모기준 미만,S1,미충원·숙련수요·증가의 지속가능성을 확인한다.,6.0,2.298850574712641,0.22763312701416955,,4,1.0,이전 또는 현재 상태 미확인,False,0.0,0.0,0.0,0.0,False,관찰,고용 축 진입신호 없음,생산↑·고용↑,없음,확인된 보강 없음,2022Q2
2022Q1,2022-03-31,창원,국가,비금속,115.695,263.0,,52.93643946,5.0,5.0,10.909265206346165,-3.663003663003661,True,True,True,False,0,data_portal_monthly,data_portal_monthly,data_portal_monthly,data_portal_monthly,data_portal_monthly,0,0,0,0,0,0,0,0,0,0,0,0,0,0,0,월별 3개월 합,월별: 분기말 값,월별 단순평균(근사),월별: 분기말 값,월별: 분기말 값,273.0,104.315,-10.0,-3.663003663003661,10.909265206346163,117294.0,117014.0,0.23928760661118265,3.663003663003661,0.0,3.9022912696148437,0.00852558528142957,0.22422289290159766,280.0,0.04953998584571833,,S2,1.0,S2->S2,,valid,False,False,valid,False,False,False,False,False,False,False,False,False,False,0,0,False,False,False,False,False,300,관찰,고용 축 진입신호 없음,False,False,"자동화·설비투자, 외주·도급 전환, 미충원·숙련 불일치, 직무구조 변화 가능성을 질문으로 확인한다(원인 후보이며 입증된 원인이 아님).",고용·훈련 기능 + 기업지원 기능,2,규모기준 미만,S2,"자동화·설비투자, 외주·도급 전환, 미충원·숙련 불일치, 직무구조 변화 가능성을 질문으로 확인한다(원인 후보이며 입증된 원인이 아님).",-10.0,-3.663003663003661,0.22422289290159766,,2,1.0,이전 또는 현재 상태 미확인,False,3.663003663003661,3.9022912696148437,0.00852558528142957,0.0,False,관찰,고용 축 진입신호 없음,생산↑·고용↓,없음,확인된 보강 없음,2022Q2
2022Q1,2022-03-31,창원,국가,석유화학,517.0966667,508.0,,72.51020746,39.0,38.0,23.22778977954787,4.098360655737698,True,True,True,False,0,data_portal_monthly,data_portal_monthly,data_portal_monthly,data_portal_monthly,data_portal_monthly,0,0,0,0,0,0,0,0,0,0,0,0,0,0,0,월별 3개월 합,월별: 분기말 값,월별 단순평균(근사),월별: 분기말 값,월별: 분기말 값,488.0,419.6266667,20.0,4.098360655737698,23.22778977954787,117294.0,117014.0,0.23928760661118265,0.0,0.0,0.0,0.0,0.4330997322966222,280.0,0.04953998584571833,,S1,1.0,S1->S1,,valid,False,False,valid,False,False,False,False,False,False,False,False,False,False,0,0,False,False,False,False,True,300,관찰,고용 축 진입신호 없음,False,False,미충원·숙련수요·증가의 지속가능성을 확인한다.,고용·훈련 기능,5,,S1,미충원·숙련수요·증가의 지속가능성을 확인한다.,20.0,4.098360655737698,0.4330997322966222,,5,1.0,이전 또는 현재 상태 미확인,False,0.0,0.0,0.0,0.0,True,관찰,고용 축 진입신호 없음,생산↑·고용↑,없음,확인된 보강 없음,2022Q2
2022Q1,2022-03-31,창원,국가,섬유의복,1.5,39.0,,50.0,10.0,9.0,100.0,-11.363636363636363,True,True,True,True,0,data_portal_monthly,data_portal_monthly,data_portal_monthly,data_portal_monthly,data_portal_monthly,0,0,0,0,0,0,0,0,0,0,0,0,0,0,0,월별 3개월 합,월별: 분기말 값,월별 단순평균(근사),월별: 분기말 값,월별: 분기말 값,44.0,0.75,-5.0,-11.363636363636365,100.0,117294.0,117014.0,0.23928760661118265,11.363636363636365,0.0,11.602923970247549,0.004262792640714785,0.03324978259757533,280.0,0.04953998584571833,,S2,1.0,S2->S2,,valid,False,False,valid,False,False,False,True,True,True,True,False,False,False,2,2,True,True,False,True,False,300,추가확인,고용감소 11.4%(상위경계 10% 통과) · 산단평균 대비 11.6%p 열위(상위경계 통과) [상위경계 통과했으나 고용 39인 < 300인으로 우선점검 제외],False,False,"자동화·설비투자, 외주·도급 전환, 미충원·숙련 불일치, 직무구조 변화 가능성을 질문으로 확인한다(원인 후보이며 입증된 원인이 아님).",고용·훈련 기능 + 기업지원 기능,1,규모기준 미만,S2,"자동화·설비투자, 외주·도급 전환, 미충원·숙련 불일치, 직무구조 변화 가능성을 질문으로 확인한다(원인 후보이며 입증된 원인이 아님).",-5.0,-11.363636363636365,0.03324978259757533,,1,1.0,이전 또는 현재 상태 미확인,True,11.363636363636365,11.602923970247549,0.004262792640714785,0.0,False,추가확인,고용감소 11.4%(상위경계 10% 통과) · 산단평균 대비 11.6%p 열위(상위경계 통과) [상위경계 통과했으나 고용 39인 < 300인으로 우선점검 제외],생산↑·고용↓,E|R,반복,2022Q2
2022Q1,2022-03-31,창원,국가,운송장비,26878.613143,15500.0,,90.57298391,244.0,240.0,4.797502469899695,-1.7370356282490174,True,True,True,False,0,data_portal_monthly,data_portal_monthly,data_portal_monthly,data_portal_monthly,data_portal_monthly,0,0,0,0,0,0,0,0,0,0,0,0,0,0,0,월별 3개월 합,월별: 분기말 값,월별 단순평균(근사),월별: 분기말 값,월별: 분기말 값,15774.0,25648.142856,-274.0,-1.7370356282490174,4.797502469899695,117294.0,117014.0,0.23928760661118265,1.7370356282490174,0.0,1.9763232348602,0.23360103671117022,13.214657186215833,280.0,0.04953998584571833,,S2,1.0,S2->S2,,valid,False,False,valid,False,False,False,False,False,False,False,False,False,False,0,0,False,False,False,False,True,300,관찰,고용 축 진입신호 없음,False,False,"자동화·설비투자, 외주·도급 전환, 미충원·숙련 불일치, 직무구조 변화 가능성을 질문으로 확인한다(원인 후보이며 입증된 원인이 아님).",고용·훈련 기능 + 기업지원 기능,1,,S2,"자동화·설비투자, 외주·도급 전환, 미충원·숙련 불일치, 직무구조 변화 가능성을 질문으로 확인한다(원인 후보이며 입증된 원인이 아님).",-274.0,-1.7370356282490174,13.214657186215833,,1,1.0,이전 또는 현재 상태 미확인,False,1.7370356282490174,1.9763232348602,0.23360103671117022,0.0,True,관찰,고용 축 진입신호 없음,생산↑·고용↓,없음,확인된 보강 없음,2022Q2
2022Q1,2022-03-31,창원,국가,음식료,1158.86,733.0,,95.90321823,9.0,6.0,3.9010176177881606,1.9471488178025127,True,True,True,False,0,data_portal_monthly,data_portal_monthly,data_portal_monthly,data_portal_monthly,data_portal_monthly,0,0,0,0,0,0,0,0,0,0,0,0,0,0,0,월별 3개월 합,월별: 분기말 값,월별 단순평균(근사),월별: 분기말 값,월별: 분기말 값,719.0,1115.35,14.0,1.9471488178025131,3.9010176177881384,117294.0,117014.0,0.23928760661118265,0.0,0.0,0.0,0.0,0.6249254011287875,280.0,0.04953998584571833,,S1,1.0,S1->S1,,valid,False,False,valid,False,False,False,False,False,False,False,False,False,False,0,0,False,False,False,False,True,300,관찰,고용 축 진입신호 없음,False,False,미충원·숙련수요·증가의 지속가능성을 확인한다.,고용·훈련 기능,6,,S1,미충원·숙련수요·증가의 지속가능성을 확인한다.,14.0,1.9471488178025131,0.6249254011287875,,6,1.0,이전 또는 현재 상태 미확인,False,0.0,0.0,0.0,0.0,True,관찰,고용 축 진입신호 없음,생산↑·고용↑,없음,확인된 보강 없음,2022Q2
2022Q1,2022-03-31,창원,국가,전기전자,31403.87944,27459.0,,87.793593,567.0,538.0,25.655306065332702,11.377464103188116,True,True,True,False,0,data_portal_monthly,data_portal_monthly,data_portal_monthly,data_portal_monthly,data_portal_monthly,0,0,0,0,0,0,0,0,0,0,0,0,0,0,0,월별 3개월 합,월별: 분기말 값,월별 단순평균(근사),월별: 분기말 값,월별: 분기말 값,24654.0,24992.083839,2805.0,11.377464103188117,25.655306065332706,117294.0,117014.0,0.23928760661118265,0.0,0.0,0.0,0.0,23.410404624277454,280.0,0.04953998584571833,,S1,1.0,S1->S1,,valid,False,False,valid,False,False,False,False,False,False,False,False,False,False,0,0,False,False,False,False,True,300,관찰,고용 축 진입신호 없음,False,False,미충원·숙련수요·증가의 지속가능성을 확인한다.,고용·훈련 기능,7,,S1,미충원·숙련수요·증가의 지속가능성을 확인한다.,2805.0,11.377464103188117,23.410404624277454,,7,1.0,이전 또는 현재 상태 미확인,False,0.0,0.0,0.0,0.0,True,관찰,고용 축 진입신호 없음,생산↑·고용↑,없음,확인된 보강 없음,2022Q2
2022Q1,2022-03-31,창원,국가,철강,18189.790001,9525.0,,85.41205661,79.0,75.0,32.270527263022885,1.286686516376001,True,True,True,False,0,data_portal_monthly,data_portal_monthly,data_portal_monthly,data_portal_monthly,data_portal_monthly,0,0,0,0,0,0,0,0,0,0,0,0,0,0,0,월별 3개월 합,월별: 분기말 값,월별 단순평균(근사),월별: 분기말 값,월별: 분기말 값,9404.0,13751.96,121.0,1.286686516376001,32.270527263022885,117294.0,117014.0,0.23928760661118265,0.0,0.0,0.0,0.0,8.120619980561665,280.0,0.04953998584571833,,S1,1.0,S1->S1,,valid,False,False,valid,False,False,False,False,False,False,False,False,False,False,0,0,False,False,False,False,True,300,관찰,고용 축 진입신호 없음,False,False,미충원·숙련수요·증가의 지속가능성을 확인한다.,고용·훈련 기능,8,,S1,미충원·숙련수요·증가의 지속가능성을 확인한다.,121.0,1.286686516376001,8.120619980561665,,8,1.0,이전 또는 현재 상태 미확인,False,0.0,0.0,0.0,0.0,True,관찰,고용 축 진입신호 없음,생산↑·고용↑,없음,확인된 보강 없음,2022Q2
2022Q2,2022-06-30,창원,국가,기계,46598.71267,62203.0,,80.90615908,1522.0,1457.0,7.70877717312255,-3.9009393152885874,True,True,True,False,0,data_portal_monthly,data_portal_monthly,data_portal_monthly,data_portal_monthly,data_portal_monthly,0,0,0,0,0,0,0,0,0,0,0,0,0,0,0,월별 3개월 합,월별: 분기말 값,월별 단순평균(근사),월별: 분기말 값,월별: 분기말 값,64728.0,43263.61685,-2525.0,-3.9009393152885874,7.70877717312255,116848.0,116918.0,-0.05987102071537409,3.9009393152885874,0.0,3.8410682945732133,2.1609270162946737,53.23411611666439,-70.0,0.011990407673860911,,S2,2.0,S2->S2,S2,valid,False,False,valid,False,False,False,False,False,False,False,True,True,False,1,1,True,True,False,True,True,300,우선점검,산단 제조업 고용의 2.16% 감소(상위경계 2.0% 통과) → 보강: 직전 분기에도 진입신호(지속),False,False,"자동화·설비투자, 외주·도급 전환, 미충원·숙련 불일치, 직무구조 변화 가능성을 질문으로 확인한다(원인 후보이며 입증된 원인이 아님).",고용·훈련 기능 + 기업지원 기능,1,,S2,"자동화·설비투자, 외주·도급 전환, 미충원·숙련 불일치, 직무구조 변화 가능성을 질문으로 확인한다(원인 후보이며 입증된 원인이 아님).",-2525.0,-3.9009393152885874,53.23411611666439,,1,2.0,S2 → S2,True,3.9009393152885874,3.8410682945732133,2.1609270162946737,0.0,True,우선점검,산단 제조업 고용의 2.16% 감소(상위경계 2.0% 통과) → 보강: 직전 분기에도 진입신호(지속),생산↑·고용↓,A,반복,2022Q3
2022Q2,2022-06-30,창원,국가,기타,130.69000001,194.0,,78.53378616,25.0,24.0,-20.41127034589721,-1.5228426395939132,True,True,True,False,0,data_portal_monthly,data_portal_monthly,data_portal_monthly,data_portal_monthly,data_portal_monthly,0,0,0,0,0,0,0,0,0,0,0,0,0,0,0,월별 3개월 합,월별: 분기말 값,월별 단순평균(근사),월별: 분기말 값,월별: 분기말 값,197.0,164.20666667,-3.0,-1.5228426395939132,-20.411270345897215,116848.0,116918.0,-0.05987102071537409,1.5228426395939132,20.411270345897215,1.462971618878539,0.002567438039161988,0.16602765986580859,-70.0,0.011990407673860911,,S4,2.0,S4->S4,S4,valid,False,False,valid,False,False,False,False,False,False,False,False,False,True,0,0,False,False,False,False,False,300,관찰,고용 축 진입신호 없음 (생산 20.4% 단독 감소 — 확인질문에 반영),False,True,수주잔량·가동률·휴업/감산·기업 수 변동·고용조정 계획 신고 여부를 확인한다(원인 후보이며 입증된 원인이 아님).,기업지원 기능 + 고용지원 기능,3,규모기준 미만,S4,수주잔량·가동률·휴업/감산·기업 수 변동·고용조정 계획 신고 여부를 확인한다(원인 후보이며 입증된 원인이 아님).,-3.0,-1.5228426395939132,0.16602765986580859,,3,2.0,S4 → S4,False,1.5228426395939132,1.462971618878539,0.002567438039161988,20.411270345897215,False,관찰,고용 축 진입신호 없음 (생산 20.4% 단독 감소 — 확인질문에 반영),생산↓·고용↓,없음,생산,2022Q3
2022Q2,2022-06-30,창원,국가,목재종이,134.97,267.0,,88.38133069,43.0,40.0,14.229695034439317,1.1363636363636465,True,True,True,False,0,data_portal_monthly,data_portal_monthly,data_portal_monthly,data_portal_monthly,data_portal_monthly,0,0,0,0,0,0,0,0,0,0,0,0,0,0,0,월별 3개월 합,월별: 분기말 값,월별 단순평균(근사),월별: 분기말 값,월별: 분기말 값,264.0,118.15666667,3.0,1.1363636363636465,14.229695034439294,116848.0,116918.0,-0.05987102071537409,0.0,0.0,0.0,0.0,0.22850198548541695,-70.0,0.011990407673860911,,S1,2.0,S1->S1,S1,valid,False,False,valid,False,False,False,False,False,False,False,False,False,False,0,0,False,False,False,False,False,300,관찰,고용 축 진입신호 없음,False,False,미충원·숙련수요·증가의 지속가능성을 확인한다.,고용·훈련 기능,4,규모기준 미만,S1,미충원·숙련수요·증가의 지속가능성을 확인한다.,3.0,1.1363636363636465,0.22850198548541695,,4,2.0,S1 → S1,False,0.0,0.0,0.0,0.0,False,관찰,고용 축 진입신호 없음,생산↑·고용↑,없음,확인된 보강 없음,2022Q3
2022Q2,2022-06-30,창원,국가,비금속,137.225,259.0,,41.9707846,5.0,5.0,5.278299896428695,-2.9962546816479363,True,True,True,False,0,data_portal_monthly,data_portal_monthly,data_portal_monthly,data_portal_monthly,data_portal_monthly,0,0,0,0,0,0,0,0,0,0,0,0,0,0,0,월별 3개월 합,월별: 분기말 값,월별 단순평균(근사),월별: 분기말 값,월별: 분기말 값,267.0,130.345,-8.0,-2.9962546816479363,5.278299896428695,116848.0,116918.0,-0.05987102071537409,2.9962546816479363,0.0,2.936383660932562,0.006846501437765301,0.22165548404765165,-70.0,0.011990407673860911,,S2,2.0,S2->S2,S2,valid,False,False,valid,False,False,False,False,False,False,False,False,False,False,0,0,False,False,False,False,False,300,관찰,고용 축 진입신호 없음,False,False,"자동화·설비투자, 외주·도급 전환, 미충원·숙련 불일치, 직무구조 변화 가능성을 질문으로 확인한다(원인 후보이며 입증된 원인이 아님).",고용·훈련 기능 + 기업지원 기능,2,규모기준 미만,S2,"자동화·설비투자, 외주·도급 전환, 미충원·숙련 불일치, 직무구조 변화 가능성을 질문으로 확인한다(원인 후보이며 입증된 원인이 아님).",-8.0,-2.9962546816479363,0.22165548404765165,,2,2.0,S2 → S2,False,2.9962546816479363,2.936383660932562,0.006846501437765301,0.0,False,관찰,고용 축 진입신호 없음,생산↑·고용↓,없음,확인된 보강 없음,2022Q3
2022Q2,2022-06-30,창원,국가,석유화학,683.0533334,516.0,,81.79766405,40.0,39.0,33.09172156190328,2.9940119760478945,True,True,True,False,0,data_portal_monthly,data_portal_monthly,data_portal_monthly,data_portal_monthly,data_portal_monthly,0,0,0,0,0,0,0,0,0,0,0,0,0,0,0,월별 3개월 합,월별: 분기말 값,월별 단순평균(근사),월별: 분기말 값,월별: 분기말 값,501.0,513.22,15.0,2.9940119760478945,33.09172156190328,116848.0,116918.0,-0.05987102071537409,0.0,0.0,0.0,0.0,0.441599342735862,-70.0,0.011990407673860911,,S1,2.0,S1->S1,S1,valid,False,False,valid,False,False,False,False,False,False,False,False,False,False,0,0,False,False,False,False,True,300,관찰,고용 축 진입신호 없음,False,False,미충원·숙련수요·증가의 지속가능성을 확인한다.,고용·훈련 기능,5,,S1,미충원·숙련수요·증가의 지속가능성을 확인한다.,15.0,2.9940119760478945,0.441599342735862,,5,2.0,S1 → S1,False,0.0,0.0,0.0,0.0,True,관찰,고용 축 진입신호 없음,생산↑·고용↑,없음,확인된 보강 없음,2022Q3
2022Q2,2022-06-30,창원,국가,섬유의복,2.4000000000000004,39.0,,80.0,9.0,8.0,220.00000000000009,-11.363636363636363,True,True,True,True,0,data_portal_monthly,data_portal_monthly,data_portal_monthly,data_portal_monthly,data_portal_monthly,0,0,0,0,0,0,0,0,0,0,0,0,0,0,0,월별 3개월 합,월별: 분기말 값,월별 단순평균(근사),월별: 분기말 값,월별: 분기말 값,44.0,0.75,-5.0,-11.363636363636365,220.00000000000006,116848.0,116918.0,-0.05987102071537409,11.363636363636365,0.0,11.303765342920991,0.004279063398603313,0.033376694509105846,-70.0,0.011990407673860911,,S2,2.0,S2->S2,S2,valid,False,False,valid,False,False,False,True,True,True,True,False,False,False,2,2,True,True,False,True,False,300,추가확인,고용감소 11.4%(상위경계 10% 통과) · 산단평균 대비 11.3%p 열위(상위경계 통과) [상위경계 통과했으나 고용 39인 < 300인으로 우선점검 제외],False,False,"자동화·설비투자, 외주·도급 전환, 미충원·숙련 불일치, 직무구조 변화 가능성을 질문으로 확인한다(원인 후보이며 입증된 원인이 아님).",고용·훈련 기능 + 기업지원 기능,1,규모기준 미만,S2,"자동화·설비투자, 외주·도급 전환, 미충원·숙련 불일치, 직무구조 변화 가능성을 질문으로 확인한다(원인 후보이며 입증된 원인이 아님).",-5.0,-11.363636363636365,0.033376694509105846,,1,2.0,S2 → S2,True,11.363636363636365,11.303765342920991,0.004279063398603313,0.0,False,추가확인,고용감소 11.4%(상위경계 10% 통과) · 산단평균 대비 11.3%p 열위(상위경계 통과) [상위경계 통과했으나 고용 39인 < 300인으로 우선점검 제외],생산↑·고용↓,E|R,반복,2022Q3
2022Q2,2022-06-30,창원,국가,운송장비,27717.628937,15657.0,,90.06301838,243.0,240.0,6.588441837118797,-2.570006222775356,True,True,True,False,0,data_portal_monthly,data_portal_monthly,data_portal_monthly,data_portal_monthly,data_portal_monthly,0,0,0,0,0,0,0,0,0,0,0,0,0,0,0,월별 3개월 합,월별: 분기말 값,월별 단순평균(근사),월별: 분기말 값,월별: 분기말 값,16070.0,26004.347619,-413.0,-2.570006222775356,6.588441837118797,116848.0,116918.0,-0.05987102071537409,2.570006222775356,0.0,2.510135202059982,0.3534506367246337,13.399459126386418,-70.0,0.011990407673860911,,S2,2.0,S2->S2,S2,valid,False,False,valid,False,False,False,False,False,False,False,False,False,False,0,0,False,False,False,False,True,300,관찰,고용 축 진입신호 없음,False,False,"자동화·설비투자, 외주·도급 전환, 미충원·숙련 불일치, 직무구조 변화 가능성을 질문으로 확인한다(원인 후보이며 입증된 원인이 아님).",고용·훈련 기능 + 기업지원 기능,1,,S2,"자동화·설비투자, 외주·도급 전환, 미충원·숙련 불일치, 직무구조 변화 가능성을 질문으로 확인한다(원인 후보이며 입증된 원인이 아님).",-413.0,-2.570006222775356,13.399459126386418,,1,2.0,S2 → S2,False,2.570006222775356,2.510135202059982,0.3534506367246337,0.0,True,관찰,고용 축 진입신호 없음,생산↑·고용↓,없음,확인된 보강 없음,2022Q3
2022Q2,2022-06-30,창원,국가,음식료,1246.41,797.0,,95.86259542,9.0,6.0,4.56620557350389,1.0139416983523386,True,True,True,False,0,data_portal_monthly,data_portal_monthly,data_portal_monthly,data_portal_monthly,data_portal_monthly,0,0,0,0,0,0,0,0,0,0,0,0,0,0,0,월별 3개월 합,월별: 분기말 값,월별 단순평균(근사),월별: 분기말 값,월별: 분기말 값,789.0,1191.9816667,8.0,1.0139416983523386,4.56620557350389,116848.0,116918.0,-0.05987102071537409,0.0,0.0,0.0,0.0,0.6820827057373682,-70.0,0.011990407673860911,,S1,2.0,S1->S1,S1,valid,False,False,valid,False,False,False,False,False,False,False,False,False,False,0,0,False,False,False,False,True,300,관찰,고용 축 진입신호 없음,False,False,미충원·숙련수요·증가의 지속가능성을 확인한다.,고용·훈련 기능,6,,S1,미충원·숙련수요·증가의 지속가능성을 확인한다.,8.0,1.0139416983523386,0.6820827057373682,,6,2.0,S1 → S1,False,0.0,0.0,0.0,0.0,True,관찰,고용 축 진입신호 없음,생산↑·고용↑,없음,확인된 보강 없음,2022Q3
2022Q2,2022-06-30,창원,국가,전기전자,30777.93363,27441.0,,76.10766722,571.0,545.0,19.06658814361053,11.227757285882213,True,True,True,False,0,data_portal_monthly,data_portal_monthly,data_portal_monthly,data_portal_monthly,data_portal_monthly,0,0,0,0,0,0,0,0,0,0,0,0,0,0,0,월별 3개월 합,월별: 분기말 값,월별 단순평균(근사),월별: 분기말 값,월별: 분기말 값,24671.0,25849.345404,2770.0,11.227757285882213,19.06658814361053,116848.0,116918.0,-0.05987102071537409,0.0,0.0,0.0,0.0,23.484355744214707,-70.0,0.011990407673860911,,S1,2.0,S1->S1,S1,valid,False,False,valid,False,False,False,False,False,False,False,False,False,False,0,0,False,False,False,False,True,300,관찰,고용 축 진입신호 없음,False,False,미충원·숙련수요·증가의 지속가능성을 확인한다.,고용·훈련 기능,7,,S1,미충원·숙련수요·증가의 지속가능성을 확인한다.,2770.0,11.227757285882213,23.484355744214707,,7,2.0,S1 → S1,False,0.0,0.0,0.0,0.0,True,관찰,고용 축 진입신호 없음,생산↑·고용↑,없음,확인된 보강 없음,2022Q3
2022Q2,2022-06-30,창원,국가,철강,20095.32,9475.0,,81.38437066,79.0,75.0,26.842212567625488,0.9374667092787892,True,True,True,False,0,data_portal_monthly,data_portal_monthly,data_portal_monthly,data_portal_monthly,data_portal_monthly,0,0,0,0,0,0,0,0,0,0,0,0,0,0,0,월별 3개월 합,월별: 분기말 값,월별 단순평균(근사),월별: 분기말 값,월별: 분기말 값,9387.0,15842.77,88.0,0.9374667092787892,26.842212567625488,116848.0,116918.0,-0.05987102071537409,0.0,0.0,0.0,0.0,8.108825140353279,-70.0,0.011990407673860911,,S1,2.0,S1->S1,S1,valid,False,False,valid,False,False,False,False,False,False,False,False,False,False,0,0,False,False,False,False,True,300,관찰,고용 축 진입신호 없음,False,False,미충원·숙련수요·증가의 지속가능성을 확인한다.,고용·훈련 기능,8,,S1,미충원·숙련수요·증가의 지속가능성을 확인한다.,88.0,0.9374667092787892,8.108825140353279,,8,2.0,S1 → S1,False,0.0,0.0,0.0,0.0,True,관찰,고용 축 진입신호 없음,생산↑·고용↑,없음,확인된 보강 없음,2022Q3
2022Q3,2022-09-30,창원,국가,기계,45784.71976,61680.0,,76.31102524,1512.0,1444.0,9.803121847841489,-3.7933616171699542,True,True,True,False,0,data_portal_monthly,data_portal_monthly,data_portal_monthly,data_portal_monthly,data_portal_monthly,0,0,0,0,0,0,0,0,0,0,0,0,0,0,0,월별 3개월 합,월별: 분기말 값,월별 단순평균(근사),월별: 분기말 값,월별: 분기말 값,64112.0,41697.10204,-2432.0,-3.7933616171699547,9.803121847841489,115679.0,115945.0,-0.2294191211350216,3.7933616171699547,0.0,3.563942496034933,2.1023694879796677,53.319963001063286,-266.0,0.05453054530545305,,S2,3.0,S2->S4,S2,valid,False,False,valid,False,False,False,False,False,False,False,True,True,False,1,1,True,True,False,True,True,300,우선점검,산단 제조업 고용의 2.10% 감소(상위경계 2.0% 통과) → 보강: 직전 분기에도 진입신호(지속),False,False,"자동화·설비투자, 외주·도급 전환, 미충원·숙련 불일치, 직무구조 변화 가능성을 질문으로 확인한다(원인 후보이며 입증된 원인이 아님).",고용·훈련 기능 + 기업지원 기능,1,,S2,"자동화·설비투자, 외주·도급 전환, 미충원·숙련 불일치, 직무구조 변화 가능성을 질문으로 확인한다(원인 후보이며 입증된 원인이 아님).",-2432.0,-3.7933616171699547,53.319963001063286,,1,3.0,S2 → S2,True,3.7933616171699547,3.563942496034933,2.1023694879796677,0.0,True,우선점검,산단 제조업 고용의 2.10% 감소(상위경계 2.0% 통과) → 보강: 직전 분기에도 진입신호(지속),생산↑·고용↓,A,반복,2022Q4
2022Q3,2022-09-30,창원,국가,기타,132.36000001,194.0,,78.92982355,24.0,23.0,-13.014523864136596,-3.0000000000000027,True,True,True,False,0,data_portal_monthly,data_portal_monthly,data_portal_monthly,data_portal_monthly,data_portal_monthly,0,0,0,0,0,0,0,0,0,0,0,0,0,0,0,월별 3개월 합,월별: 분기말 값,월별 단순평균(근사),월별: 분기말 값,월별: 분기말 값,200.0,152.16333334,-6.0,-3.0000000000000027,-13.014523864136596,115679.0,115945.0,-0.2294191211350216,3.0000000000000027,13.014523864136596,2.770580878864981,0.005186766828897207,0.1677054608010097,-266.0,0.05453054530545305,,S4,3.0,S4->S4,S4,valid,False,False,valid,False,False,False,False,False,False,False,False,False,True,0,0,False,False,False,False,False,300,관찰,고용 축 진입신호 없음 (생산 13.0% 단독 감소 — 확인질문에 반영),False,True,수주잔량·가동률·휴업/감산·기업 수 변동·고용조정 계획 신고 여부를 확인한다(원인 후보이며 입증된 원인이 아님).,기업지원 기능 + 고용지원 기능,3,규모기준 미만,S4,수주잔량·가동률·휴업/감산·기업 수 변동·고용조정 계획 신고 여부를 확인한다(원인 후보이며 입증된 원인이 아님).,-6.0,-3.0000000000000027,0.1677054608010097,,3,3.0,S4 → S4,False,3.0000000000000027,2.770580878864981,0.005186766828897207,13.014523864136596,False,관찰,고용 축 진입신호 없음 (생산 13.0% 단독 감소 — 확인질문에 반영),생산↓·고용↓,없음,생산,2022Q4
2022Q3,2022-09-30,창원,국가,목재종이,137.53666666,267.0,,88.20415879,45.0,39.0,8.598726106527387,2.298850574712641,True,True,True,False,0,data_portal_monthly,data_portal_monthly,data_portal_monthly,data_portal_monthly,data_portal_monthly,0,0,0,0,0,0,0,0,0,0,0,0,0,0,0,월별 3개월 합,월별: 분기말 값,월별 단순평균(근사),월별: 분기말 값,월별: 분기말 값,261.0,126.64666667,6.0,2.298850574712641,8.598726106527387,115679.0,115945.0,-0.2294191211350216,0.0,0.0,0.0,0.0,0.23081112388592567,-266.0,0.05453054530545305,,S1,3.0,S1->S4,S1,valid,False,False,valid,False,False,False,False,False,False,False,False,False,False,0,0,False,False,False,False,False,300,관찰,고용 축 진입신호 없음,False,False,미충원·숙련수요·증가의 지속가능성을 확인한다.,고용·훈련 기능,4,규모기준 미만,S1,미충원·숙련수요·증가의 지속가능성을 확인한다.,6.0,2.298850574712641,0.23081112388592567,,4,3.0,S1 → S1,False,0.0,0.0,0.0,0.0,False,관찰,고용 축 진입신호 없음,생산↑·고용↑,없음,확인된 보강 없음,2022Q4
2022Q3,2022-09-30,창원,국가,비금속,161.555,257.0,,47.36730022,5.0,5.0,33.69884553316507,-3.745318352059923,True,True,True,False,0,data_portal_monthly,data_portal_monthly,data_portal_monthly,data_portal_monthly,data_portal_monthly,0,0,0,0,0,0,0,0,0,0,0,0,0,0,0,월별 3개월 합,월별: 분기말 값,월별 단순평균(근사),월별: 분기말 값,월별: 분기말 값,267.0,120.835,-10.0,-3.745318352059923,33.69884553316507,115679.0,115945.0,-0.2294191211350216,3.745318352059923,0.0,3.5158992309249015,0.008644611381495346,0.22216651250443037,-266.0,0.05453054530545305,,S2,3.0,S2->S2,S2,valid,False,False,valid,False,False,False,False,False,False,False,False,False,False,0,0,False,False,False,False,False,300,관찰,고용 축 진입신호 없음,False,False,"자동화·설비투자, 외주·도급 전환, 미충원·숙련 불일치, 직무구조 변화 가능성을 질문으로 확인한다(원인 후보이며 입증된 원인이 아님).",고용·훈련 기능 + 기업지원 기능,2,규모기준 미만,S2,"자동화·설비투자, 외주·도급 전환, 미충원·숙련 불일치, 직무구조 변화 가능성을 질문으로 확인한다(원인 후보이며 입증된 원인이 아님).",-10.0,-3.745318352059923,0.22216651250443037,,2,3.0,S2 → S2,False,3.745318352059923,3.5158992309249015,0.008644611381495346,0.0,False,관찰,고용 축 진입신호 없음,생산↑·고용↓,없음,확인된 보강 없음,2022Q4
2022Q3,2022-09-30,창원,국가,석유화학,657.2433333,521.0,,71.51071089,43.0,39.0,21.39101631360414,2.357563850687616,True,True,True,False,0,data_portal_monthly,data_portal_monthly,data_portal_monthly,data_portal_monthly,data_portal_monthly,0,0,0,0,0,0,0,0,0,0,0,0,0,0,0,월별 3개월 합,월별: 분기말 값,월별 단순평균(근사),월별: 분기말 값,월별: 분기말 값,509.0,541.4266666999999,12.0,2.357563850687616,21.39101631360414,115679.0,115945.0,-0.2294191211350216,0.0,0.0,0.0,0.0,0.45038425297590745,-266.0,0.05453054530545305,,S1,3.0,S1->S1,S1,valid,False,False,valid,False,False,False,False,False,False,False,False,False,False,0,0,False,False,False,False,True,300,관찰,고용 축 진입신호 없음,False,False,미충원·숙련수요·증가의 지속가능성을 확인한다.,고용·훈련 기능,5,,S1,미충원·숙련수요·증가의 지속가능성을 확인한다.,12.0,2.357563850687616,0.45038425297590745,,5,3.0,S1 → S1,False,0.0,0.0,0.0,0.0,True,관찰,고용 축 진입신호 없음,생산↑·고용↑,없음,확인된 보강 없음,2022Q4
2022Q3,2022-09-30,창원,국가,섬유의복,2.97,39.0,,100.0,9.0,8.0,296.00000000000006,-11.363636363636363,True,True,True,True,0,data_portal_monthly,data_portal_monthly,data_portal_monthly,data_portal_monthly,data_portal_monthly,0,0,0,0,0,0,0,0,0,0,0,0,0,0,0,월별 3개월 합,월별: 분기말 값,월별 단순평균(근사),월별: 분기말 값,월별: 분기말 값,44.0,0.75,-5.0,-11.363636363636365,296.00000000000006,115679.0,115945.0,-0.2294191211350216,11.363636363636365,0.0,11.134217242501343,0.004322305690747673,0.033713984387831845,-266.0,0.05453054530545305,,S2,3.0,S2->S1,S2,valid,False,False,valid,False,False,False,True,True,True,True,False,False,False,2,2,True,True,False,True,False,300,추가확인,고용감소 11.4%(상위경계 10% 통과) · 산단평균 대비 11.1%p 열위(상위경계 통과) [상위경계 통과했으나 고용 39인 < 300인으로 우선점검 제외],False,False,"자동화·설비투자, 외주·도급 전환, 미충원·숙련 불일치, 직무구조 변화 가능성을 질문으로 확인한다(원인 후보이며 입증된 원인이 아님).",고용·훈련 기능 + 기업지원 기능,1,규모기준 미만,S2,"자동화·설비투자, 외주·도급 전환, 미충원·숙련 불일치, 직무구조 변화 가능성을 질문으로 확인한다(원인 후보이며 입증된 원인이 아님).",-5.0,-11.363636363636365,0.033713984387831845,,1,3.0,S2 → S2,True,11.363636363636365,11.134217242501343,0.004322305690747673,0.0,False,추가확인,고용감소 11.4%(상위경계 10% 통과) · 산단평균 대비 11.1%p 열위(상위경계 통과) [상위경계 통과했으나 고용 39인 < 300인으로 우선점검 제외],생산↑·고용↓,E|R,반복,2022Q4
2022Q3,2022-09-30,창원,국가,운송장비,28600.85946,15628.0,,92.01615978,246.0,243.0,9.322909729250297,-0.7556994983171417,True,True,True,False,0,data_portal_monthly,data_portal_monthly,data_portal_monthly,data_portal_monthly,data_portal_monthly,0,0,0,0,0,0,0,0,0,0,0,0,0,0,0,월별 3개월 합,월별: 분기말 값,월별 단순평균(근사),월별: 분기말 값,월별: 분기말 값,15747.0,26161.816888,-119.0,-0.7556994983171417,9.322909729250295,115679.0,115945.0,-0.2294191211350216,0.7556994983171417,0.0,0.5262803771821201,0.10287087543979459,13.509798667000924,-266.0,0.05453054530545305,,S2,3.0,S2->S1,S2,valid,False,False,valid,False,False,False,False,False,False,False,False,False,False,0,0,False,False,False,False,True,300,관찰,고용 축 진입신호 없음,False,False,"자동화·설비투자, 외주·도급 전환, 미충원·숙련 불일치, 직무구조 변화 가능성을 질문으로 확인한다(원인 후보이며 입증된 원인이 아님).",고용·훈련 기능 + 기업지원 기능,1,,S2,"자동화·설비투자, 외주·도급 전환, 미충원·숙련 불일치, 직무구조 변화 가능성을 질문으로 확인한다(원인 후보이며 입증된 원인이 아님).",-119.0,-0.7556994983171417,13.509798667000924,,1,3.0,S2 → S2,False,0.7556994983171417,0.5262803771821201,0.10287087543979459,0.0,True,관찰,고용 축 진입신호 없음,생산↑·고용↓,없음,확인된 보강 없음,2022Q4
2022Q3,2022-09-30,창원,국가,음식료,1292.09,770.0,,87.81845754,9.0,6.0,13.865107436066392,5.769230769230771,True,True,True,False,0,data_portal_monthly,data_portal_monthly,data_portal_monthly,data_portal_monthly,data_portal_monthly,0,0,0,0,0,0,0,0,0,0,0,0,0,0,0,월별 3개월 합,월별: 분기말 값,월별 단순평균(근사),월별: 분기말 값,월별: 분기말 값,728.0,1134.7550001,42.0,5.769230769230771,13.86510743606637,115679.0,115945.0,-0.2294191211350216,0.0,0.0,0.0,0.0,0.6656350763751415,-266.0,0.05453054530545305,,S1,3.0,S1->S1,S1,valid,False,False,valid,False,False,False,False,False,False,False,False,False,False,0,0,False,False,False,False,True,300,관찰,고용 축 진입신호 없음,False,False,미충원·숙련수요·증가의 지속가능성을 확인한다.,고용·훈련 기능,6,,S1,미충원·숙련수요·증가의 지속가능성을 확인한다.,42.0,5.769230769230771,0.6656350763751415,,6,3.0,S1 → S1,False,0.0,0.0,0.0,0.0,True,관찰,고용 축 진입신호 없음,생산↑·고용↑,없음,확인된 보강 없음,2022Q4
2022Q3,2022-09-30,창원,국가,전기전자,30343.6995,26880.0,,80.67564574,570.0,542.0,13.792097021529573,9.08648187979384,True,True,True,False,0,data_portal_monthly,data_portal_monthly,data_portal_monthly,data_portal_monthly,data_portal_monthly,0,0,0,0,0,0,0,0,0,0,0,0,0,0,0,월별 3개월 합,월별: 분기말 값,월별 단순평균(근사),월별: 분기말 값,월별: 분기말 값,24641.0,26665.911161,2239.0,9.08648187979384,13.792097021529548,115679.0,115945.0,-0.2294191211350216,0.0,0.0,0.0,0.0,23.236715393459487,-266.0,0.05453054530545305,,S1,3.0,S1->S4,S1,valid,False,False,valid,False,False,False,False,False,False,False,False,False,False,0,0,False,False,False,False,True,300,관찰,고용 축 진입신호 없음,False,False,미충원·숙련수요·증가의 지속가능성을 확인한다.,고용·훈련 기능,7,,S1,미충원·숙련수요·증가의 지속가능성을 확인한다.,2239.0,9.08648187979384,23.236715393459487,,7,3.0,S1 → S1,False,0.0,0.0,0.0,0.0,True,관찰,고용 축 진입신호 없음,생산↑·고용↑,없음,확인된 보강 없음,2022Q4
2022Q3,2022-09-30,창원,국가,철강,17584.4,9443.0,,69.31380158,80.0,75.0,9.160978567067946,0.0741839762611329,True,True,True,False,0,data_portal_monthly,data_portal_monthly,data_portal_monthly,data_portal_monthly,data_portal_monthly,0,0,0,0,0,0,0,0,0,0,0,0,0,0,0,월별 3개월 합,월별: 분기말 값,월별 단순평균(근사),월별: 분기말 값,월별: 분기말 값,9436.0,16108.686667,7.0,0.07418397626113293,9.160978567067946,115679.0,115945.0,-0.2294191211350216,0.0,0.0,0.0,0.0,8.163106527546054,-266.0,0.05453054530545305,,S1,3.0,S1->S4,S1,valid,False,False,valid,False,False,False,False,False,False,False,False,False,False,0,0,False,False,False,False,True,300,관찰,고용 축 진입신호 없음,False,False,미충원·숙련수요·증가의 지속가능성을 확인한다.,고용·훈련 기능,8,,S1,미충원·숙련수요·증가의 지속가능성을 확인한다.,7.0,0.07418397626113293,8.163106527546054,,8,3.0,S1 → S1,False,0.0,0.0,0.0,0.0,True,관찰,고용 축 진입신호 없음,생산↑·고용↑,없음,확인된 보강 없음,2022Q4
2022Q4,2022-12-31,창원,국가,기계,43131.31384666667,60589.0,,77.9403692296882,1521.0,1455.0,-8.447120157116705,-4.635313375515471,True,True,True,False,0,kicox_annual_revision,kicox_annual_revision,kicox_annual_revision,kicox_annual_revision,kicox_annual_revision,1,1,1,1,1,0,0,0,0,0,0,0,0,0,0,보정본: 월별 3개월 합,보정본: 월별: 분기말 값,보정본: 월별 단순평균(근사),보정본: 월별: 분기말 값,보정본: 월별: 분기말 값,63534.0,47110.82155,-2945.0,-4.635313375515471,-8.447120157116705,112333.0,115714.0,-2.921859066318677,4.635313375515471,8.447120157116705,1.713454309196794,2.621669500502969,53.936955302537996,-3381.0,0.7354796606482489,87.10440698018338,S4,1.0,S4->S4,S2,valid,False,False,valid,False,False,False,False,False,False,False,True,True,True,1,1,True,True,False,True,True,300,우선점검,산단 제조업 고용의 2.62% 감소(상위경계 2.0% 통과) → 보강: 생산 8.4% 감소 / 직전 분기에도 진입신호(지속),False,False,수주잔량·가동률·휴업/감산·기업 수 변동·고용조정 계획 신고 여부를 확인한다(원인 후보이며 입증된 원인이 아님).,기업지원 기능 + 고용지원 기능,1,,S4,수주잔량·가동률·휴업/감산·기업 수 변동·고용조정 계획 신고 여부를 확인한다(원인 후보이며 입증된 원인이 아님).,-2945.0,-4.635313375515471,53.936955302537996,87.10440698018338,1,1.0,S2 → S4,True,4.635313375515471,1.713454309196794,2.621669500502969,8.447120157116705,True,우선점검,산단 제조업 고용의 2.62% 감소(상위경계 2.0% 통과) → 보강: 생산 8.4% 감소 / 직전 분기에도 진입신호(지속),생산↓·고용↓,A,생산|반복,2023Q1
2022Q4,2022-12-31,창원,국가,기타,97.7825,158.0,,83.29490718526534,24.0,23.0,-38.65204843850605,-19.387755102040817,True,True,True,True,0,kicox_annual_revision,kicox_annual_revision,kicox_annual_revision,kicox_annual_revision,kicox_annual_revision,1,1,1,1,1,0,0,0,0,0,0,0,0,0,0,보정본: 월별 3개월 합,보정본: 월별: 분기말 값,보정본: 월별 단순평균(근사),보정본: 월별: 분기말 값,보정본: 월별: 분기말 값,196.0,159.39000001,-38.0,-19.387755102040817,-38.65204843850605,112333.0,115714.0,-2.921859066318677,19.387755102040817,38.65204843850605,16.46589603572214,0.03382799355487701,0.1406532363597518,-3381.0,0.7354796606482489,1.1239278320023662,S4,4.0,S4->S4,S4,valid,False,False,valid,False,False,False,True,True,True,True,False,False,True,2,2,True,True,False,False,False,300,추가확인,고용감소 19.4%(상위경계 10% 통과) · 산단평균 대비 16.5%p 열위(상위경계 통과) [상위경계 통과했으나 고용 158인 < 300인으로 우선점검 제외],False,False,수주잔량·가동률·휴업/감산·기업 수 변동·고용조정 계획 신고 여부를 확인한다(원인 후보이며 입증된 원인이 아님).,기업지원 기능 + 고용지원 기능,1,규모기준 미만,S4,수주잔량·가동률·휴업/감산·기업 수 변동·고용조정 계획 신고 여부를 확인한다(원인 후보이며 입증된 원인이 아님).,-38.0,-19.387755102040817,0.1406532363597518,1.1239278320023662,1,4.0,S4 → S4,False,19.387755102040817,16.46589603572214,0.03382799355487701,38.65204843850605,False,추가확인,고용감소 19.4%(상위경계 10% 통과) · 산단평균 대비 16.5%p 열위(상위경계 통과) [상위경계 통과했으나 고용 158인 < 300인으로 우선점검 제외],생산↓·고용↓,E|R,생산,2023Q1
2022Q4,2022-12-31,창원,국가,목재종이,69.14124999999999,263.0,,76.02979319150306,45.0,40.0,-49.854039744705545,-1.4981273408239737,True,True,True,True,0,kicox_annual_revision,kicox_annual_revision,kicox_annual_revision,kicox_annual_revision,kicox_annual_revision,1,1,1,1,1,0,0,0,0,0,0,0,0,0,0,보정본: 월별 3개월 합,보정본: 월별: 분기말 값,보정본: 월별 단순평균(근사),보정본: 월별: 분기말 값,보정본: 월별: 분기말 값,267.0,137.88,-4.0,-1.4981273408239737,-49.854039744705545,112333.0,115714.0,-2.921859066318677,1.4981273408239737,49.854039744705545,0.0,0.0035608414268291596,0.23412532381401727,-3381.0,0.7354796606482489,0.11830819284235432,S4,1.0,S4->S4,S1,valid,False,False,valid,False,False,False,False,False,False,False,False,False,True,0,0,False,False,False,False,False,300,관찰,고용 축 진입신호 없음 (생산 49.9% 단독 감소 — 확인질문에 반영),False,True,수주잔량·가동률·휴업/감산·기업 수 변동·고용조정 계획 신고 여부를 확인한다(원인 후보이며 입증된 원인이 아님).,기업지원 기능 + 고용지원 기능,4,규모기준 미만,S4,수주잔량·가동률·휴업/감산·기업 수 변동·고용조정 계획 신고 여부를 확인한다(원인 후보이며 입증된 원인이 아님).,-4.0,-1.4981273408239737,0.23412532381401727,0.11830819284235432,4,1.0,S1 → S4,False,1.4981273408239737,0.0,0.0035608414268291596,49.854039744705545,False,관찰,고용 축 진입신호 없음 (생산 49.9% 단독 감소 — 확인질문에 반영),생산↓·고용↓,없음,생산,2023Q1
2022Q4,2022-12-31,창원,국가,비금속,144.14499999999998,257.0,,50.84295421136765,5.0,5.0,14.37809958341596,-3.383458646616544,True,True,True,False,0,kicox_annual_revision,kicox_annual_revision,kicox_annual_revision,kicox_annual_revision,kicox_annual_revision,1,1,1,1,1,0,0,0,0,0,0,0,0,0,0,보정본: 월별 3개월 합,보정본: 월별: 분기말 값,보정본: 월별 단순평균(근사),보정본: 월별: 분기말 값,보정본: 월별: 분기말 값,266.0,126.025,-9.0,-3.383458646616544,14.37809958341596,112333.0,115714.0,-2.921859066318677,3.383458646616544,0.0,0.46159958029786674,0.00801189321036561,0.22878406167377352,-3381.0,0.7354796606482489,0.26619343389529726,S2,4.0,S2->S2,S2,valid,False,False,valid,False,False,False,False,False,False,False,False,False,False,0,0,False,False,False,False,False,300,관찰,고용 축 진입신호 없음,False,False,"자동화·설비투자, 외주·도급 전환, 미충원·숙련 불일치, 직무구조 변화 가능성을 질문으로 확인한다(원인 후보이며 입증된 원인이 아님).",고용·훈련 기능 + 기업지원 기능,3,규모기준 미만,S2,"자동화·설비투자, 외주·도급 전환, 미충원·숙련 불일치, 직무구조 변화 가능성을 질문으로 확인한다(원인 후보이며 입증된 원인이 아님).",-9.0,-3.383458646616544,0.22878406167377352,0.26619343389529726,3,4.0,S2 → S2,False,3.383458646616544,0.46159958029786674,0.00801189321036561,0.0,False,관찰,고용 축 진입신호 없음,생산↑·고용↓,없음,확인된 보강 없음,2023Q1
2022Q4,2022-12-31,창원,국가,석유화학,885.7425,564.0,,85.51131730419269,44.0,40.0,42.66686889180007,11.023622047244096,True,True,True,True,0,kicox_annual_revision,kicox_annual_revision,kicox_annual_revision,kicox_annual_revision,kicox_annual_revision,1,1,1,1,1,0,0,0,0,0,0,0,0,0,0,보정본: 월별 3개월 합,보정본: 월별: 분기말 값,보정본: 월별 단순평균(근사),보정본: 월별: 분기말 값,보정본: 월별: 분기말 값,508.0,620.8466667,56.0,11.023622047244096,42.66686889180007,112333.0,115714.0,-2.921859066318677,0.0,0.0,0.0,0.0,0.5020786411829116,-3381.0,0.7354796606482489,-1.6563146997929608,S1,4.0,S1->S1,S1,valid,False,False,valid,False,False,False,False,False,False,False,False,False,False,0,0,False,False,False,False,True,300,관찰,고용 축 진입신호 없음,False,False,미충원·숙련수요·증가의 지속가능성을 확인한다.,고용·훈련 기능,5,,S1,미충원·숙련수요·증가의 지속가능성을 확인한다.,56.0,11.023622047244096,0.5020786411829116,-1.6563146997929608,5,4.0,S1 → S1,False,0.0,0.0,0.0,0.0,True,관찰,고용 축 진입신호 없음,생산↑·고용↑,없음,확인된 보강 없음,2023Q1
2022Q4,2022-12-31,창원,국가,섬유의복,11.9725,64.0,,100.0,9.0,8.0,698.1666666666666,64.1025641025641,True,True,True,True,0,kicox_annual_revision,kicox_annual_revision,kicox_annual_revision,kicox_annual_revision,kicox_annual_revision,1,1,1,1,1,0,0,0,0,0,0,0,0,0,0,보정본: 월별 3개월 합,보정본: 월별: 분기말 값,보정본: 월별 단순평균(근사),보정본: 월별: 분기말 값,보정본: 월별: 분기말 값,39.0,1.5,25.0,64.1025641025641,698.1666666666666,112333.0,115714.0,-2.921859066318677,0.0,0.0,0.0,0.0,0.056973462829266554,-3381.0,0.7354796606482489,-0.7394262052647146,S1,1.0,S1->S1,S2,valid,False,False,valid,False,False,False,False,False,False,False,False,False,False,0,0,False,False,False,False,False,300,관찰,고용 축 진입신호 없음,False,False,미충원·숙련수요·증가의 지속가능성을 확인한다.,고용·훈련 기능,6,규모기준 미만,S1,미충원·숙련수요·증가의 지속가능성을 확인한다.,25.0,64.1025641025641,0.056973462829266554,-0.7394262052647146,6,1.0,S2 → S1,False,0.0,0.0,0.0,0.0,False,관찰,고용 축 진입신호 없음,생산↑·고용↑,없음,확인된 보강 없음,2023Q1
2022Q4,2022-12-31,창원,국가,운송장비,38041.10960633333,16045.0,,93.3321226539203,247.0,242.0,39.99013394114541,2.5108612317914725,True,True,True,False,0,kicox_annual_revision,kicox_annual_revision,kicox_annual_revision,kicox_annual_revision,kicox_annual_revision,1,1,1,1,1,0,0,0,0,0,0,0,0,0,0,보정본: 월별 3개월 합,보정본: 월별: 분기말 값,보정본: 월별 단순평균(근사),보정본: 월별: 분기말 값,보정본: 월별: 분기말 값,15652.0,27174.136159,393.0,2.5108612317914725,39.99013394114541,112333.0,115714.0,-2.921859066318677,0.0,0.0,0.0,0.0,14.283425173368466,-3381.0,0.7354796606482489,-11.623779946761314,S1,1.0,S1->S1,S2,valid,False,False,valid,False,False,False,False,False,False,False,False,False,False,0,0,False,False,False,False,True,300,관찰,고용 축 진입신호 없음,False,False,미충원·숙련수요·증가의 지속가능성을 확인한다.,고용·훈련 기능,7,,S1,미충원·숙련수요·증가의 지속가능성을 확인한다.,393.0,2.5108612317914725,14.283425173368466,-11.623779946761314,7,1.0,S2 → S1,False,0.0,0.0,0.0,0.0,True,관찰,고용 축 진입신호 없음,생산↑·고용↑,없음,확인된 보강 없음,2023Q1
2022Q4,2022-12-31,창원,국가,음식료,1584.72,924.0,,92.08697562524418,8.0,5.0,33.32604186139838,16.962025316455698,True,True,True,True,0,kicox_annual_revision,kicox_annual_revision,kicox_annual_revision,kicox_annual_revision,kicox_annual_revision,1,1,1,1,1,0,0,0,0,0,0,0,0,0,0,보정본: 월별 3개월 합,보정본: 월별: 분기말 값,보정본: 월별 단순평균(근사),보정본: 월별: 분기말 값,보정본: 월별: 분기말 값,790.0,1188.6050001,134.0,16.962025316455698,33.32604186139836,112333.0,115714.0,-2.921859066318677,0.0,0.0,0.0,0.0,0.8225543695975359,-3381.0,0.7354796606482489,-3.96332446021887,S1,4.0,S1->S1,S1,valid,False,False,valid,False,False,False,False,False,False,False,False,False,False,0,0,False,False,False,False,True,300,관찰,고용 축 진입신호 없음,False,False,미충원·숙련수요·증가의 지속가능성을 확인한다.,고용·훈련 기능,8,,S1,미충원·숙련수요·증가의 지속가능성을 확인한다.,134.0,16.962025316455698,0.8225543695975359,-3.96332446021887,8,4.0,S1 → S1,False,0.0,0.0,0.0,0.0,True,관찰,고용 축 진입신호 없음,생산↑·고용↑,없음,확인된 보강 없음,2023Q1
2022Q4,2022-12-31,창원,국가,전기전자,26050.990760750003,24311.0,,79.32264643075656,570.0,545.0,-7.753161436961752,-2.82984931452096,True,True,True,False,0,kicox_annual_revision,kicox_annual_revision,kicox_annual_revision,kicox_annual_revision,kicox_annual_revision,1,1,1,1,1,0,0,0,0,0,0,0,0,0,0,보정본: 월별 3개월 합,보정본: 월별: 분기말 값,보정본: 월별 단순평균(근사),보정본: 월별: 분기말 값,보정본: 월별: 분기말 값,25019.0,28240.524192,-708.0,-2.8298493145209602,-7.7531614369617525,112333.0,115714.0,-2.921859066318677,2.8298493145209602,7.7531614369617525,0.0,0.6302689325487613,21.641903981910925,-3381.0,0.7354796606482489,20.940550133096718,S4,1.0,S4->S1,S1,valid,False,False,valid,False,False,False,False,False,False,False,False,False,True,0,0,False,False,False,False,True,300,관찰,고용 축 진입신호 없음 (생산 7.8% 단독 감소 — 확인질문에 반영),False,True,수주잔량·가동률·휴업/감산·기업 수 변동·고용조정 계획 신고 여부를 확인한다(원인 후보이며 입증된 원인이 아님).,기업지원 기능 + 고용지원 기능,1,,S4,수주잔량·가동률·휴업/감산·기업 수 변동·고용조정 계획 신고 여부를 확인한다(원인 후보이며 입증된 원인이 아님).,-708.0,-2.8298493145209602,21.641903981910925,20.940550133096718,1,1.0,S1 → S4,False,2.8298493145209602,0.0,0.6302689325487613,7.7531614369617525,True,관찰,고용 축 진입신호 없음 (생산 7.8% 단독 감소 — 확인질문에 반영),생산↓·고용↓,없음,생산,2023Q1
2022Q4,2022-12-31,창원,국가,철강,15341.4745,9158.0,,81.01602545241803,79.0,74.0,-15.233822216149884,-3.0181086519114664,True,True,True,False,0,kicox_annual_revision,kicox_annual_revision,kicox_annual_revision,kicox_annual_revision,kicox_annual_revision,1,1,1,1,1,0,0,0,0,0,0,0,0,0,0,보정본: 월별 3개월 합,보정본: 월별: 분기말 값,보정본: 월별 단순평균(근사),보정본: 월별: 분기말 값,보정본: 월별: 분기말 값,9443.0,18098.580001,-285.0,-3.0181086519114664,-15.233822216149884,112333.0,115714.0,-2.921859066318677,3.0181086519114664,15.233822216149884,0.09624958559278918,0.2537099516615776,8.152546446725362,-3381.0,0.7354796606482489,8.429458740017747,S4,1.0,S4->S4,S1,valid,False,False,valid,False,False,False,False,False,False,False,False,False,True,0,0,False,False,False,False,True,300,관찰,고용 축 진입신호 없음 (생산 15.2% 단독 감소 — 확인질문에 반영),False,True,수주잔량·가동률·휴업/감산·기업 수 변동·고용조정 계획 신고 여부를 확인한다(원인 후보이며 입증된 원인이 아님).,기업지원 기능 + 고용지원 기능,2,,S4,수주잔량·가동률·휴업/감산·기업 수 변동·고용조정 계획 신고 여부를 확인한다(원인 후보이며 입증된 원인이 아님).,-285.0,-3.0181086519114664,8.152546446725362,8.429458740017747,2,1.0,S1 → S4,False,3.0181086519114664,0.09624958559278918,0.2537099516615776,15.233822216149884,True,관찰,고용 축 진입신호 없음 (생산 15.2% 단독 감소 — 확인질문에 반영),생산↓·고용↓,없음,생산,2023Q1
2023Q1,2023-03-31,창원,국가,기계,43783.11930276925,56683.0,,75.82136824877699,1525.0,1455.0,-3.5522026508665205,-9.747631557996971,True,True,True,False,0,kicox_annual_revision,kicox_annual_revision,kicox_annual_revision,kicox_annual_revision,kicox_annual_revision,1,1,1,1,1,0,0,0,0,0,0,0,0,0,0,보정본: 월별 3개월 합,보정본: 월별: 분기말 값,보정본: 월별 단순평균(근사),보정본: 월별: 분기말 값,보정본: 월별: 분기말 값,62805.0,45395.66533,-6122.0,-9.747631557996971,-3.5522026508665205,113723.0,117294.0,-3.0444865039985003,9.747631557996971,3.5522026508665205,6.703145053998471,5.383255805773678,49.84303966655821,-3571.0,0.3711672383328136,171.43657238868664,S4,2.0,S4->S2,S4,valid,False,False,valid,False,False,False,True,False,True,False,True,True,False,3,1,True,True,False,True,True,300,우선점검,고용감소 9.7%(진입경계 5% 통과) · 산단평균 대비 6.7%p 열위(진입경계 통과) · 산단 제조업 고용의 5.38% 감소(상위경계 2.0% 통과) → 보강: 직전 분기에도 진입신호(지속),False,False,수주잔량·가동률·휴업/감산·기업 수 변동·고용조정 계획 신고 여부를 확인한다(원인 후보이며 입증된 원인이 아님).,기업지원 기능 + 고용지원 기능,1,,S4,수주잔량·가동률·휴업/감산·기업 수 변동·고용조정 계획 신고 여부를 확인한다(원인 후보이며 입증된 원인이 아님).,-6122.0,-9.747631557996971,49.84303966655821,171.43657238868664,1,2.0,S4 → S4,True,9.747631557996971,6.703145053998471,5.383255805773678,3.5522026508665205,True,우선점검,고용감소 9.7%(진입경계 5% 통과) · 산단평균 대비 6.7%p 열위(진입경계 통과) · 산단 제조업 고용의 5.38% 감소(상위경계 2.0% 통과) → 보강: 직전 분기에도 진입신호(지속),생산↓·고용↓,E|R|A,반복,2023Q2
2023Q1,2023-03-31,창원,국가,기타,77.53250000000001,147.0,,67.40051724512638,24.0,22.0,-52.11678607015089,-24.615384615384617,True,True,True,True,0,kicox_annual_revision,kicox_annual_revision,kicox_annual_revision,kicox_annual_revision,kicox_annual_revision,1,1,1,1,1,0,0,0,0,0,0,0,0,0,0,보정본: 월별 3개월 합,보정본: 월별: 분기말 값,보정본: 월별 단순평균(근사),보정본: 월별: 분기말 값,보정본: 월별: 분기말 값,195.0,161.92000001,-48.0,-24.615384615384617,-52.11678607015089,113723.0,117294.0,-3.0444865039985003,24.615384615384617,52.11678607015089,21.570898111386118,0.042207820757454516,0.12926145106970446,-3571.0,0.3711672383328136,1.3441612993559227,S4,5.0,S4->S4,S4,valid,False,False,valid,False,False,False,True,True,True,True,False,False,True,2,2,True,True,False,True,False,300,추가확인,고용감소 24.6%(상위경계 10% 통과) · 산단평균 대비 21.6%p 열위(상위경계 통과) [상위경계 통과했으나 고용 147인 < 300인으로 우선점검 제외],False,False,수주잔량·가동률·휴업/감산·기업 수 변동·고용조정 계획 신고 여부를 확인한다(원인 후보이며 입증된 원인이 아님).,기업지원 기능 + 고용지원 기능,1,규모기준 미만,S4,수주잔량·가동률·휴업/감산·기업 수 변동·고용조정 계획 신고 여부를 확인한다(원인 후보이며 입증된 원인이 아님).,-48.0,-24.615384615384617,0.12926145106970446,1.3441612993559227,1,5.0,S4 → S4,True,24.615384615384617,21.570898111386118,0.042207820757454516,52.11678607015089,False,추가확인,고용감소 24.6%(상위경계 10% 통과) · 산단평균 대비 21.6%p 열위(상위경계 통과) [상위경계 통과했으나 고용 147인 < 300인으로 우선점검 제외],생산↓·고용↓,E|R,생산|반복,2023Q2
2023Q1,2023-03-31,창원,국가,목재종이,68.37,258.0,,61.78714647068784,44.0,39.0,-49.38055281092698,-3.3707865168539297,True,True,True,True,0,kicox_annual_revision,kicox_annual_revision,kicox_annual_revision,kicox_annual_revision,kicox_annual_revision,1,1,1,1,1,0,0,0,0,0,0,0,0,0,0,보정본: 월별 3개월 합,보정본: 월별: 분기말 값,보정본: 월별 단순평균(근사),보정본: 월별: 분기말 값,보정본: 월별: 분기말 값,267.0,135.06666666,-9.0,-3.3707865168539297,-49.38055281092698,113723.0,117294.0,-3.0444865039985003,3.3707865168539297,49.38055281092698,0.3263000128554294,0.007913966392022721,0.22686703657131801,-3571.0,0.3711672383328136,0.2520302436292355,S4,2.0,S4->S4,S4,valid,False,False,valid,False,False,False,False,False,False,False,False,False,True,0,0,False,False,False,False,False,300,관찰,고용 축 진입신호 없음 (생산 49.4% 단독 감소 — 확인질문에 반영),False,True,수주잔량·가동률·휴업/감산·기업 수 변동·고용조정 계획 신고 여부를 확인한다(원인 후보이며 입증된 원인이 아님).,기업지원 기능 + 고용지원 기능,2,규모기준 미만,S4,수주잔량·가동률·휴업/감산·기업 수 변동·고용조정 계획 신고 여부를 확인한다(원인 후보이며 입증된 원인이 아님).,-9.0,-3.3707865168539297,0.22686703657131801,0.2520302436292355,2,2.0,S4 → S4,False,3.3707865168539297,0.3263000128554294,0.007913966392022721,49.38055281092698,False,관찰,고용 축 진입신호 없음 (생산 49.4% 단독 감소 — 확인질문에 반영),생산↓·고용↓,없음,생산,2023Q2
2023Q1,2023-03-31,창원,국가,비금속,152.485,256.0,,53.51662951983209,5.0,5.0,31.799127014996344,-2.661596958174905,True,True,True,False,0,kicox_annual_revision,kicox_annual_revision,kicox_annual_revision,kicox_annual_revision,kicox_annual_revision,1,1,1,1,1,0,0,0,0,0,0,0,0,0,0,보정본: 월별 3개월 합,보정본: 월별: 분기말 값,보정본: 월별 단순평균(근사),보정본: 월별: 분기말 값,보정본: 월별: 분기말 값,263.0,115.695,-7.0,-2.6615969581749055,31.799127014996344,113723.0,117294.0,-3.0444865039985003,2.6615969581749055,0.0,0.0,0.006155307193795451,0.22510837737309075,-3571.0,0.3711672383328136,0.19602352282273874,S2,5.0,S2->S2,S2,valid,False,False,valid,False,False,False,False,False,False,False,False,False,False,0,0,False,False,False,False,False,300,관찰,고용 축 진입신호 없음,False,False,"자동화·설비투자, 외주·도급 전환, 미충원·숙련 불일치, 직무구조 변화 가능성을 질문으로 확인한다(원인 후보이며 입증된 원인이 아님).",고용·훈련 기능 + 기업지원 기능,3,규모기준 미만,S2,"자동화·설비투자, 외주·도급 전환, 미충원·숙련 불일치, 직무구조 변화 가능성을 질문으로 확인한다(원인 후보이며 입증된 원인이 아님).",-7.0,-2.6615969581749055,0.22510837737309075,0.19602352282273874,3,5.0,S2 → S2,False,2.6615969581749055,0.0,0.006155307193795451,0.0,False,관찰,고용 축 진입신호 없음,생산↑·고용↓,없음,확인된 보강 없음,2023Q2
2023Q1,2023-03-31,창원,국가,석유화학,871.9124999999999,624.0,,60.95741049013469,44.0,41.0,68.6169252577779,22.83464566929134,True,True,True,True,0,kicox_annual_revision,kicox_annual_revision,kicox_annual_revision,kicox_annual_revision,kicox_annual_revision,1,1,1,1,1,0,0,0,0,0,0,0,0,0,0,보정본: 월별 3개월 합,보정본: 월별: 분기말 값,보정본: 월별 단순평균(근사),보정본: 월별: 분기말 값,보정본: 월별: 분기말 값,508.0,517.0966667,116.0,22.83464566929134,68.6169252577779,113723.0,117294.0,-3.0444865039985003,0.0,0.0,0.0,0.0,0.5487016698469087,-3571.0,0.3711672383328136,-3.2483898067768138,S1,5.0,S1->S1,S1,valid,False,False,valid,False,False,False,False,False,False,False,False,False,False,0,0,False,False,False,False,True,300,관찰,고용 축 진입신호 없음,False,False,미충원·숙련수요·증가의 지속가능성을 확인한다.,고용·훈련 기능,4,,S1,미충원·숙련수요·증가의 지속가능성을 확인한다.,116.0,22.83464566929134,0.5487016698469087,-3.2483898067768138,4,5.0,S1 → S1,False,0.0,0.0,0.0,0.0,True,관찰,고용 축 진입신호 없음,생산↑·고용↑,없음,확인된 보강 없음,2023Q2
2023Q1,2023-03-31,창원,국가,섬유의복,7.105,53.0,,100.0,8.0,7.0,373.66666666666674,35.897435897435905,True,True,True,True,0,kicox_annual_revision,kicox_annual_revision,kicox_annual_revision,kicox_annual_revision,kicox_annual_revision,1,1,1,1,1,0,0,0,0,0,0,0,0,0,0,보정본: 월별 3개월 합,보정본: 월별: 분기말 값,보정본: 월별 단순평균(근사),보정본: 월별: 분기말 값,보정본: 월별: 분기말 값,39.0,1.5,14.0,35.897435897435905,373.66666666666674,113723.0,117294.0,-3.0444865039985003,0.0,0.0,0.0,0.0,0.046604468753022696,-3571.0,0.3711672383328136,-0.3920470456454775,S1,2.0,S1->S1,S1,valid,False,False,valid,False,False,False,False,False,False,False,False,False,False,0,0,False,False,False,False,False,300,관찰,고용 축 진입신호 없음,False,False,미충원·숙련수요·증가의 지속가능성을 확인한다.,고용·훈련 기능,5,규모기준 미만,S1,미충원·숙련수요·증가의 지속가능성을 확인한다.,14.0,35.897435897435905,0.046604468753022696,-0.3920470456454775,5,2.0,S1 → S1,False,0.0,0.0,0.0,0.0,False,관찰,고용 축 진입신호 없음,생산↑·고용↑,없음,확인된 보강 없음,2023Q2
2023Q1,2023-03-31,창원,국가,운송장비,36202.67666263637,16916.0,,92.48257670235238,245.0,242.0,34.689526092846926,9.135483870967745,True,True,True,False,0,kicox_annual_revision,kicox_annual_revision,kicox_annual_revision,kicox_annual_revision,kicox_annual_revision,1,1,1,1,1,0,0,0,0,0,0,0,0,0,0,보정본: 월별 3개월 합,보정본: 월별: 분기말 값,보정본: 월별 단순평균(근사),보정본: 월별: 분기말 값,보정본: 월별: 분기말 값,15500.0,26878.613143,1416.0,9.135483870967743,34.689526092846926,113723.0,117294.0,-3.0444865039985003,0.0,0.0,0.0,0.0,14.874739498606262,-3571.0,0.3711672383328136,-39.652758330999724,S1,2.0,S1->S1,S1,valid,False,False,valid,False,False,False,False,False,False,False,False,False,False,0,0,False,False,False,False,True,300,관찰,고용 축 진입신호 없음,False,False,미충원·숙련수요·증가의 지속가능성을 확인한다.,고용·훈련 기능,6,,S1,미충원·숙련수요·증가의 지속가능성을 확인한다.,1416.0,9.135483870967743,14.874739498606262,-39.652758330999724,6,2.0,S1 → S1,False,0.0,0.0,0.0,0.0,True,관찰,고용 축 진입신호 없음,생산↑·고용↑,없음,확인된 보강 없음,2023Q2
2023Q1,2023-03-31,창원,국가,음식료,1561.18,859.0,,89.11143911324119,8.0,5.0,34.716876930776785,17.189631650750336,True,True,True,True,0,kicox_annual_revision,kicox_annual_revision,kicox_annual_revision,kicox_annual_revision,kicox_annual_revision,1,1,1,1,1,0,0,0,0,0,0,0,0,0,0,보정본: 월별 3개월 합,보정본: 월별: 분기말 값,보정본: 월별 단순평균(근사),보정본: 월별: 분기말 값,보정본: 월별: 분기말 값,733.0,1158.86,126.0,17.189631650750336,34.716876930776806,113723.0,117294.0,-3.0444865039985003,0.0,0.0,0.0,0.0,0.7553441256386131,-3571.0,0.3711672383328136,-3.528423410809297,S1,5.0,S1->S1,S1,valid,False,False,valid,False,False,False,False,False,False,False,False,False,False,0,0,False,False,False,False,True,300,관찰,고용 축 진입신호 없음,False,False,미충원·숙련수요·증가의 지속가능성을 확인한다.,고용·훈련 기능,7,,S1,미충원·숙련수요·증가의 지속가능성을 확인한다.,126.0,17.189631650750336,0.7553441256386131,-3.528423410809297,7,5.0,S1 → S1,False,0.0,0.0,0.0,0.0,True,관찰,고용 축 진입신호 없음,생산↑·고용↑,없음,확인된 보강 없음,2023Q2
2023Q1,2023-03-31,창원,국가,전기전자,32541.05698775,28812.0,,75.42965424181767,577.0,544.0,3.621137158938215,4.927346225281326,True,True,True,False,0,kicox_annual_revision,kicox_annual_revision,kicox_annual_revision,kicox_annual_revision,kicox_annual_revision,1,1,1,1,1,0,0,0,0,0,0,0,0,0,0,보정본: 월별 3개월 합,보정본: 월별: 분기말 값,보정본: 월별 단순평균(근사),보정본: 월별: 분기말 값,보정본: 월별: 분기말 값,27459.0,31403.87944,1353.0,4.927346225281326,3.6211371589382146,113723.0,117294.0,-3.0444865039985003,0.0,0.0,0.0,0.0,25.33524440966207,-3571.0,0.3711672383328136,-37.88854662559507,S1,1.0,S1->S1,S4,valid,False,False,valid,False,False,False,False,False,False,False,False,False,False,0,0,False,False,False,False,True,300,관찰,고용 축 진입신호 없음,False,False,미충원·숙련수요·증가의 지속가능성을 확인한다.,고용·훈련 기능,8,,S1,미충원·숙련수요·증가의 지속가능성을 확인한다.,1353.0,4.927346225281326,25.33524440966207,-37.88854662559507,8,1.0,S4 → S1,False,0.0,0.0,0.0,0.0,True,관찰,고용 축 진입신호 없음,생산↑·고용↑,없음,확인된 보강 없음,2023Q2
2023Q1,2023-03-31,창원,국가,철강,16124.712499999998,9115.0,,90.27035056580856,80.0,75.0,-11.352948554581854,-4.304461942257221,True,True,True,False,0,kicox_annual_revision,kicox_annual_revision,kicox_annual_revision,kicox_annual_revision,kicox_annual_revision,1,1,1,1,1,0,0,0,0,0,0,0,0,0,0,보정본: 월별 3개월 합,보정본: 월별: 분기말 값,보정본: 월별 단순평균(근사),보정본: 월별: 분기말 값,보정본: 월별: 분기말 값,9525.0,18189.790001,-410.0,-4.304461942257221,-11.352948554581854,113723.0,117294.0,-3.0444865039985003,4.304461942257221,11.352948554581854,1.2599754382587203,0.36052513563659067,8.01508929592079,-3571.0,0.3711672383328136,11.48137776533184,S4,2.0,S4->S4,S4,valid,False,False,valid,False,False,False,False,False,False,False,False,False,True,0,0,False,False,False,False,True,300,관찰,고용 축 진입신호 없음 (생산 11.4% 단독 감소 — 확인질문에 반영),False,True,수주잔량·가동률·휴업/감산·기업 수 변동·고용조정 계획 신고 여부를 확인한다(원인 후보이며 입증된 원인이 아님).,기업지원 기능 + 고용지원 기능,1,,S4,수주잔량·가동률·휴업/감산·기업 수 변동·고용조정 계획 신고 여부를 확인한다(원인 후보이며 입증된 원인이 아님).,-410.0,-4.304461942257221,8.01508929592079,11.48137776533184,1,2.0,S4 → S4,False,4.304461942257221,1.2599754382587203,0.36052513563659067,11.352948554581854,True,관찰,고용 축 진입신호 없음 (생산 11.4% 단독 감소 — 확인질문에 반영),생산↓·고용↓,없음,생산,2023Q2
2023Q2,2023-06-30,창원,국가,기계,46779.95319025642,56736.0,,78.0547293009608,1530.0,1460.0,0.3889388995355292,-8.788965162451968,True,True,True,False,0,kicox_annual_revision,kicox_annual_revision,kicox_annual_revision,kicox_annual_revision,kicox_annual_revision,1,1,1,1,1,0,0,0,0,0,0,0,0,0,0,보정본: 월별 3개월 합,보정본: 월별: 분기말 값,보정본: 월별 단순평균(근사),보정본: 월별: 분기말 값,보정본: 월별: 분기말 값,62203.0,46598.71267,-5467.0,-8.788965162451968,0.3889388995355292,113360.0,116848.0,-2.985074626865669,8.788965162451968,0.0,5.803890535586298,4.8226887791107975,50.049400141143266,-3488.0,0.42966247844296623,156.7373853211009,S2,1.0,S2->S4,S4,valid,False,False,valid,False,False,False,True,False,True,False,True,True,False,3,1,True,True,False,True,True,300,우선점검,고용감소 8.8%(진입경계 5% 통과) · 산단평균 대비 5.8%p 열위(진입경계 통과) · 산단 제조업 고용의 4.82% 감소(상위경계 2.0% 통과) → 보강: 직전 분기에도 진입신호(지속),False,False,"자동화·설비투자, 외주·도급 전환, 미충원·숙련 불일치, 직무구조 변화 가능성을 질문으로 확인한다(원인 후보이며 입증된 원인이 아님).",고용·훈련 기능 + 기업지원 기능,1,,S2,"자동화·설비투자, 외주·도급 전환, 미충원·숙련 불일치, 직무구조 변화 가능성을 질문으로 확인한다(원인 후보이며 입증된 원인이 아님).",-5467.0,-8.788965162451968,50.049400141143266,156.7373853211009,1,1.0,S4 → S2,True,8.788965162451968,5.803890535586298,4.8226887791107975,0.0,True,우선점검,고용감소 8.8%(진입경계 5% 통과) · 산단평균 대비 5.8%p 열위(진입경계 통과) · 산단 제조업 고용의 4.82% 감소(상위경계 2.0% 통과) → 보강: 직전 분기에도 진입신호(지속),생산↑·고용↓,E|R|A,반복,2023Q3
2023Q2,2023-06-30,창원,국가,기타,78.78250000000001,158.0,,65.89548700385443,25.0,23.0,-39.718035049375,-18.55670103092784,True,True,True,True,0,kicox_annual_revision,kicox_annual_revision,kicox_annual_revision,kicox_annual_revision,kicox_annual_revision,1,1,1,1,1,0,0,0,0,0,0,0,0,0,0,보정본: 월별 3개월 합,보정본: 월별: 분기말 값,보정본: 월별 단순평균(근사),보정본: 월별: 분기말 값,보정본: 월별: 분기말 값,194.0,130.69000001,-36.0,-18.556701030927837,-39.718035049375,113360.0,116848.0,-2.985074626865669,18.556701030927837,39.718035049375,15.571626404062167,0.03175723359209598,0.13937896965419902,-3488.0,0.42966247844296623,1.0321100917431194,S4,6.0,S4->S4,S4,valid,False,False,valid,False,False,False,True,True,True,True,False,False,True,2,2,True,True,False,True,False,300,추가확인,고용감소 18.6%(상위경계 10% 통과) · 산단평균 대비 15.6%p 열위(상위경계 통과) [상위경계 통과했으나 고용 158인 < 300인으로 우선점검 제외],False,False,수주잔량·가동률·휴업/감산·기업 수 변동·고용조정 계획 신고 여부를 확인한다(원인 후보이며 입증된 원인이 아님).,기업지원 기능 + 고용지원 기능,1,규모기준 미만,S4,수주잔량·가동률·휴업/감산·기업 수 변동·고용조정 계획 신고 여부를 확인한다(원인 후보이며 입증된 원인이 아님).,-36.0,-18.556701030927837,0.13937896965419902,1.0321100917431194,1,6.0,S4 → S4,True,18.556701030927837,15.571626404062167,0.03175723359209598,39.718035049375,False,추가확인,고용감소 18.6%(상위경계 10% 통과) · 산단평균 대비 15.6%p 열위(상위경계 통과) [상위경계 통과했으나 고용 158인 < 300인으로 우선점검 제외],생산↓·고용↓,E|R,생산|반복,2023Q3
2023Q2,2023-06-30,창원,국가,목재종이,64.205,258.0,,71.8779736915757,44.0,39.0,-52.43016966733348,-3.3707865168539297,True,True,True,True,0,kicox_annual_revision,kicox_annual_revision,kicox_annual_revision,kicox_annual_revision,kicox_annual_revision,1,1,1,1,1,0,0,0,0,0,0,0,0,0,0,보정본: 월별 3개월 합,보정본: 월별: 분기말 값,보정본: 월별 단순평균(근사),보정본: 월별: 분기말 값,보정본: 월별: 분기말 값,267.0,134.97,-9.0,-3.3707865168539297,-52.43016966733348,113360.0,116848.0,-2.985074626865669,3.3707865168539297,52.43016966733348,0.38571188998826056,0.007939308398023995,0.22759350741002118,-3488.0,0.42966247844296623,0.25802752293577985,S4,3.0,S4->S4,S4,valid,False,False,valid,False,False,False,False,False,False,False,False,False,True,0,0,False,False,False,False,False,300,관찰,고용 축 진입신호 없음 (생산 52.4% 단독 감소 — 확인질문에 반영),False,True,수주잔량·가동률·휴업/감산·기업 수 변동·고용조정 계획 신고 여부를 확인한다(원인 후보이며 입증된 원인이 아님).,기업지원 기능 + 고용지원 기능,2,규모기준 미만,S4,수주잔량·가동률·휴업/감산·기업 수 변동·고용조정 계획 신고 여부를 확인한다(원인 후보이며 입증된 원인이 아님).,-9.0,-3.3707865168539297,0.22759350741002118,0.25802752293577985,2,3.0,S4 → S4,False,3.3707865168539297,0.38571188998826056,0.007939308398023995,52.43016966733348,False,관찰,고용 축 진입신호 없음 (생산 52.4% 단독 감소 — 확인질문에 반영),생산↓·고용↓,없음,생산,2023Q3
2023Q2,2023-06-30,창원,국가,비금속,170.315,251.0,,56.23159505279668,5.0,5.0,24.113681909273097,-3.0888030888030937,True,True,True,False,0,kicox_annual_revision,kicox_annual_revision,kicox_annual_revision,kicox_annual_revision,kicox_annual_revision,1,1,1,1,1,0,0,0,0,0,0,0,0,0,0,보정본: 월별 3개월 합,보정본: 월별: 분기말 값,보정본: 월별 단순평균(근사),보정본: 월별: 분기말 값,보정본: 월별: 분기말 값,259.0,137.225,-8.0,-3.0888030888030937,24.113681909273097,113360.0,116848.0,-2.985074626865669,3.0888030888030937,0.0,0.10372846193742458,0.007057163020465773,0.22141848976711365,-3488.0,0.42966247844296623,0.22935779816513763,S2,6.0,S2->S4,S2,valid,False,False,valid,False,False,False,False,False,False,False,False,False,False,0,0,False,False,False,False,False,300,관찰,고용 축 진입신호 없음,False,False,"자동화·설비투자, 외주·도급 전환, 미충원·숙련 불일치, 직무구조 변화 가능성을 질문으로 확인한다(원인 후보이며 입증된 원인이 아님).",고용·훈련 기능 + 기업지원 기능,3,규모기준 미만,S2,"자동화·설비투자, 외주·도급 전환, 미충원·숙련 불일치, 직무구조 변화 가능성을 질문으로 확인한다(원인 후보이며 입증된 원인이 아님).",-8.0,-3.0888030888030937,0.22141848976711365,0.22935779816513763,3,6.0,S2 → S2,False,3.0888030888030937,0.10372846193742458,0.007057163020465773,0.0,False,관찰,고용 축 진입신호 없음,생산↑·고용↓,없음,확인된 보강 없음,2023Q3
2023Q2,2023-06-30,창원,국가,석유화학,991.6875,625.0,,74.07561010908357,42.0,40.0,45.18449021597293,21.12403100775193,True,True,True,True,0,kicox_annual_revision,kicox_annual_revision,kicox_annual_revision,kicox_annual_revision,kicox_annual_revision,1,1,1,1,1,0,0,0,0,0,0,0,0,0,0,보정본: 월별 3개월 합,보정본: 월별: 분기말 값,보정본: 월별 단순평균(근사),보정본: 월별: 분기말 값,보정본: 월별: 분기말 값,516.0,683.0533334,109.0,21.12403100775193,45.18449021597293,113360.0,116848.0,-2.985074626865669,0.0,0.0,0.0,0.0,0.5513408609738886,-3488.0,0.42966247844296623,-3.125,S1,6.0,S1->S1,S1,valid,False,False,valid,False,False,False,False,False,False,False,False,False,False,0,0,False,False,False,False,True,300,관찰,고용 축 진입신호 없음,False,False,미충원·숙련수요·증가의 지속가능성을 확인한다.,고용·훈련 기능,4,,S1,미충원·숙련수요·증가의 지속가능성을 확인한다.,109.0,21.12403100775193,0.5513408609738886,-3.125,4,6.0,S1 → S1,False,0.0,0.0,0.0,0.0,True,관찰,고용 축 진입신호 없음,생산↑·고용↑,없음,확인된 보강 없음,2023Q3
2023Q2,2023-06-30,창원,국가,섬유의복,8.975,44.0,,100.0,8.0,7.0,273.95833333333326,12.82051282051282,True,True,True,True,0,kicox_annual_revision,kicox_annual_revision,kicox_annual_revision,kicox_annual_revision,kicox_annual_revision,1,1,1,1,1,0,0,0,0,0,0,0,0,0,0,보정본: 월별 3개월 합,보정본: 월별: 분기말 값,보정본: 월별 단순평균(근사),보정본: 월별: 분기말 값,보정본: 월별: 분기말 값,39.0,2.4000000000000004,5.0,12.82051282051282,273.95833333333326,113360.0,116848.0,-2.985074626865669,0.0,0.0,0.0,0.0,0.03881439661256175,-3488.0,0.42966247844296623,-0.143348623853211,S1,3.0,S1->N,S1,valid,False,False,valid,False,False,False,False,False,False,False,False,False,False,0,0,False,False,False,False,False,300,관찰,고용 축 진입신호 없음,False,False,미충원·숙련수요·증가의 지속가능성을 확인한다.,고용·훈련 기능,5,규모기준 미만,S1,미충원·숙련수요·증가의 지속가능성을 확인한다.,5.0,12.82051282051282,0.03881439661256175,-0.143348623853211,5,3.0,S1 → S1,False,0.0,0.0,0.0,0.0,False,관찰,고용 축 진입신호 없음,생산↑·고용↑,없음,확인된 보강 없음,2023Q3
2023Q2,2023-06-30,창원,국가,운송장비,40053.86899536364,16513.0,,92.5159709313861,244.0,240.0,44.50683745858255,5.467203167912116,True,True,True,True,0,kicox_annual_revision,kicox_annual_revision,kicox_annual_revision,kicox_annual_revision,kicox_annual_revision,1,1,1,1,1,0,0,0,0,0,0,0,0,0,0,보정본: 월별 3개월 합,보정본: 월별: 분기말 값,보정본: 월별 단순평균(근사),보정본: 월별: 분기말 값,보정본: 월별: 분기말 값,15657.0,27717.628937,856.0,5.467203167912116,44.506837458582574,113360.0,116848.0,-2.985074626865669,0.0,0.0,0.0,0.0,14.566866619618912,-3488.0,0.42966247844296623,-24.541284403669724,S1,3.0,S1->S1,S1,valid,False,False,valid,False,False,False,False,False,False,False,False,False,False,0,0,False,False,False,False,True,300,관찰,고용 축 진입신호 없음,False,False,미충원·숙련수요·증가의 지속가능성을 확인한다.,고용·훈련 기능,6,,S1,미충원·숙련수요·증가의 지속가능성을 확인한다.,856.0,5.467203167912116,14.566866619618912,-24.541284403669724,6,3.0,S1 → S1,False,0.0,0.0,0.0,0.0,True,관찰,고용 축 진입신호 없음,생산↑·고용↑,없음,확인된 보강 없음,2023Q3
2023Q2,2023-06-30,창원,국가,음식료,1522.72,909.0,,89.05397356657603,8.0,5.0,22.16846783963544,14.052697616060229,True,True,True,False,0,kicox_annual_revision,kicox_annual_revision,kicox_annual_revision,kicox_annual_revision,kicox_annual_revision,1,1,1,1,1,0,0,0,0,0,0,0,0,0,0,보정본: 월별 3개월 합,보정본: 월별: 분기말 값,보정본: 월별 단순평균(근사),보정본: 월별: 분기말 값,보정본: 월별: 분기말 값,797.0,1246.41,112.0,14.052697616060229,22.16846783963542,113360.0,116848.0,-2.985074626865669,0.0,0.0,0.0,0.0,0.8018701482004235,-3488.0,0.42966247844296623,-3.211009174311927,S1,6.0,S1->S1,S1,valid,False,False,valid,False,False,False,False,False,False,False,False,False,False,0,0,False,False,False,False,True,300,관찰,고용 축 진입신호 없음,False,False,미충원·숙련수요·증가의 지속가능성을 확인한다.,고용·훈련 기능,7,,S1,미충원·숙련수요·증가의 지속가능성을 확인한다.,112.0,14.052697616060229,0.8018701482004235,-3.211009174311927,7,6.0,S1 → S1,False,0.0,0.0,0.0,0.0,True,관찰,고용 축 진입신호 없음,생산↑·고용↑,없음,확인된 보강 없음,2023Q3
2023Q2,2023-06-30,창원,국가,전기전자,33166.19101575,28674.0,,75.13633064590066,587.0,554.0,7.759641743531831,4.493276484093145,True,True,True,False,0,kicox_annual_revision,kicox_annual_revision,kicox_annual_revision,kicox_annual_revision,kicox_annual_revision,1,1,1,1,1,0,0,0,0,0,0,0,0,0,0,보정본: 월별 3개월 합,보정본: 월별: 분기말 값,보정본: 월별 단순평균(근사),보정본: 월별: 분기말 값,보정본: 월별: 분기말 값,27441.0,30777.93363,1233.0,4.493276484093145,7.759641743531831,113360.0,116848.0,-2.985074626865669,0.0,0.0,0.0,0.0,25.294636556104443,-3488.0,0.42966247844296623,-35.34977064220183,S1,2.0,S1->S1,S1,valid,False,False,valid,False,False,False,False,False,False,False,False,False,False,0,0,False,False,False,False,True,300,관찰,고용 축 진입신호 없음,False,False,미충원·숙련수요·증가의 지속가능성을 확인한다.,고용·훈련 기능,8,,S1,미충원·숙련수요·증가의 지속가능성을 확인한다.,1233.0,4.493276484093145,25.294636556104443,-35.34977064220183,8,2.0,S1 → S1,False,0.0,0.0,0.0,0.0,True,관찰,고용 축 진입신호 없음,생산↑·고용↑,없음,확인된 보강 없음,2023Q3
2023Q2,2023-06-30,창원,국가,철강,17383.534499999998,9192.0,,88.67485291161101,79.0,75.0,-13.494612178357956,-2.9868073878628,True,True,True,False,0,kicox_annual_revision,kicox_annual_revision,kicox_annual_revision,kicox_annual_revision,kicox_annual_revision,1,1,1,1,1,0,0,0,0,0,0,0,0,0,0,보정본: 월별 3개월 합,보정본: 월별: 분기말 값,보정본: 월별 단순평균(근사),보정본: 월별: 분기말 값,보정본: 월별: 분기말 값,9475.0,20095.32,-283.0,-2.9868073878628,-13.494612178357956,113360.0,116848.0,-2.985074626865669,2.9868073878628,13.494612178357956,0.0017327609971307112,0.24964714184897674,8.108680310515174,-3488.0,0.42966247844296623,8.113532110091743,S4,3.0,S4->S4,S4,valid,False,False,valid,False,False,False,False,False,False,False,False,False,True,0,0,False,False,False,False,True,300,관찰,고용 축 진입신호 없음 (생산 13.5% 단독 감소 — 확인질문에 반영),False,True,수주잔량·가동률·휴업/감산·기업 수 변동·고용조정 계획 신고 여부를 확인한다(원인 후보이며 입증된 원인이 아님).,기업지원 기능 + 고용지원 기능,1,,S4,수주잔량·가동률·휴업/감산·기업 수 변동·고용조정 계획 신고 여부를 확인한다(원인 후보이며 입증된 원인이 아님).,-283.0,-2.9868073878628,8.108680310515174,8.113532110091743,1,3.0,S4 → S4,False,2.9868073878628,0.0017327609971307112,0.24964714184897674,13.494612178357956,True,관찰,고용 축 진입신호 없음 (생산 13.5% 단독 감소 — 확인질문에 반영),생산↓·고용↓,없음,생산,2023Q3
2023Q3,2023-09-30,창원,국가,기계,44858.85667900002,56526.0,,75.99927126026344,1525.0,1456.0,-2.0222097805846277,-8.356031128404673,True,True,True,False,0,kicox_annual_revision,kicox_annual_revision,kicox_annual_revision,kicox_annual_revision,kicox_annual_revision,1,1,1,1,1,0,0,0,0,0,0,0,0,0,0,보정본: 월별 3개월 합,보정본: 월별: 분기말 값,보정본: 월별 단순평균(근사),보정본: 월별: 분기말 값,보정본: 월별: 분기말 값,61680.0,45784.71976,-5154.0,-8.356031128404673,-2.0222097805846273,113488.0,115679.0,-1.8940343536856252,8.356031128404673,2.0222097805846273,6.461996774719048,4.541449316227266,49.807909206259694,-2191.0,0.2515210653197107,,S4,1.0,,S2,valid,False,False,valid,False,False,False,True,False,True,False,True,True,False,3,1,True,True,False,True,True,300,우선점검,고용감소 8.4%(진입경계 5% 통과) · 산단평균 대비 6.5%p 열위(진입경계 통과) · 산단 제조업 고용의 4.54% 감소(상위경계 2.0% 통과) → 보강: 직전 분기에도 진입신호(지속),False,False,수주잔량·가동률·휴업/감산·기업 수 변동·고용조정 계획 신고 여부를 확인한다(원인 후보이며 입증된 원인이 아님).,기업지원 기능 + 고용지원 기능,1,,S4,수주잔량·가동률·휴업/감산·기업 수 변동·고용조정 계획 신고 여부를 확인한다(원인 후보이며 입증된 원인이 아님).,-5154.0,-8.356031128404673,49.807909206259694,,1,1.0,S2 → S4,True,8.356031128404673,6.461996774719048,4.541449316227266,2.0222097805846273,True,우선점검,고용감소 8.4%(진입경계 5% 통과) · 산단평균 대비 6.5%p 열위(진입경계 통과) · 산단 제조업 고용의 4.54% 감소(상위경계 2.0% 통과) → 보강: 직전 분기에도 진입신호(지속),생산↓·고용↓,E|R|A,반복,2023Q4
2023Q3,2023-09-30,창원,국가,기타,77.53250000000001,170.0,,59.62547824582316,26.0,23.0,-41.42301299928807,-12.371134020618555,True,True,True,True,0,kicox_annual_revision,kicox_annual_revision,kicox_annual_revision,kicox_annual_revision,kicox_annual_revision,1,1,1,1,1,0,0,0,0,0,0,0,0,0,0,보정본: 월별 3개월 합,보정본: 월별: 분기말 값,보정본: 월별 단순평균(근사),보정본: 월별: 분기말 값,보정본: 월별: 분기말 값,194.0,132.36000001,-24.0,-12.371134020618557,-41.42301299928807,113488.0,115679.0,-1.8940343536856252,12.371134020618557,41.42301299928807,10.477099666932933,0.021147610320033833,0.14979557310023967,-2191.0,0.2515210653197107,,S4,7.0,,S4,valid,False,False,valid,False,False,False,True,True,True,True,False,False,True,2,2,True,True,False,True,False,300,추가확인,고용감소 12.4%(상위경계 10% 통과) · 산단평균 대비 10.5%p 열위(상위경계 통과) [상위경계 통과했으나 고용 170인 < 300인으로 우선점검 제외],False,False,수주잔량·가동률·휴업/감산·기업 수 변동·고용조정 계획 신고 여부를 확인한다(원인 후보이며 입증된 원인이 아님).,기업지원 기능 + 고용지원 기능,1,규모기준 미만,S4,수주잔량·가동률·휴업/감산·기업 수 변동·고용조정 계획 신고 여부를 확인한다(원인 후보이며 입증된 원인이 아님).,-24.0,-12.371134020618557,0.14979557310023967,,1,7.0,S4 → S4,True,12.371134020618557,10.477099666932933,0.021147610320033833,41.42301299928807,False,추가확인,고용감소 12.4%(상위경계 10% 통과) · 산단평균 대비 10.5%p 열위(상위경계 통과) [상위경계 통과했으나 고용 170인 < 300인으로 우선점검 제외],생산↓·고용↓,E|R,생산|반복,2023Q4
2023Q3,2023-09-30,창원,국가,목재종이,74.61500000000001,252.0,,76.57918585348939,48.0,43.0,-45.749012381946585,-5.61797752808989,True,True,True,True,0,kicox_annual_revision,kicox_annual_revision,kicox_annual_revision,kicox_annual_revision,kicox_annual_revision,1,1,1,1,1,0,0,0,0,0,0,0,0,0,0,보정본: 월별 3개월 합,보정본: 월별: 분기말 값,보정본: 월별 단순평균(근사),보정본: 월별: 분기말 값,보정본: 월별: 분기말 값,267.0,137.53666666,-15.0,-5.61797752808989,-45.749012381946585,113488.0,115679.0,-1.8940343536856252,5.61797752808989,45.749012381946585,3.7239431744042646,0.013217256450021147,0.2220499083603553,-2191.0,0.2515210653197107,,S4,4.0,,S4,valid,False,False,valid,False,False,False,True,False,False,False,False,False,True,1,0,True,False,False,False,False,300,추가확인,고용감소 5.6%(진입경계 5% 통과),False,False,수주잔량·가동률·휴업/감산·기업 수 변동·고용조정 계획 신고 여부를 확인한다(원인 후보이며 입증된 원인이 아님).,기업지원 기능 + 고용지원 기능,2,규모기준 미만,S4,수주잔량·가동률·휴업/감산·기업 수 변동·고용조정 계획 신고 여부를 확인한다(원인 후보이며 입증된 원인이 아님).,-15.0,-5.61797752808989,0.2220499083603553,,2,4.0,S4 → S4,False,5.61797752808989,3.7239431744042646,0.013217256450021147,45.749012381946585,False,추가확인,고용감소 5.6%(진입경계 5% 통과),생산↓·고용↓,E,생산,2023Q4
2023Q3,2023-09-30,창원,국가,비금속,150.64499999999998,251.0,,52.62173788328099,5.0,5.0,-6.753118133143532,-2.334630350194556,True,True,True,False,0,kicox_annual_revision,kicox_annual_revision,kicox_annual_revision,kicox_annual_revision,kicox_annual_revision,1,1,1,1,1,0,0,0,0,0,0,0,0,0,0,보정본: 월별 3개월 합,보정본: 월별: 분기말 값,보정본: 월별 단순평균(근사),보정본: 월별: 분기말 값,보정본: 월별: 분기말 값,257.0,161.555,-6.0,-2.3346303501945553,-6.753118133143532,113488.0,115679.0,-1.8940343536856252,2.3346303501945553,6.753118133143532,0.4405959965089301,0.005286902580008458,0.22116875793035387,-2191.0,0.2515210653197107,,S4,1.0,,S2,valid,False,False,valid,False,False,False,False,False,False,False,False,False,True,0,0,False,False,False,False,False,300,관찰,고용 축 진입신호 없음 (생산 6.8% 단독 감소 — 확인질문에 반영),False,True,수주잔량·가동률·휴업/감산·기업 수 변동·고용조정 계획 신고 여부를 확인한다(원인 후보이며 입증된 원인이 아님).,기업지원 기능 + 고용지원 기능,2,규모기준 미만,S4,수주잔량·가동률·휴업/감산·기업 수 변동·고용조정 계획 신고 여부를 확인한다(원인 후보이며 입증된 원인이 아님).,-6.0,-2.3346303501945553,0.22116875793035387,,2,1.0,S2 → S4,False,2.3346303501945553,0.4405959965089301,0.005286902580008458,6.753118133143532,False,관찰,고용 축 진입신호 없음 (생산 6.8% 단독 감소 — 확인질문에 반영),생산↓·고용↓,없음,생산,2023Q4
2023Q3,2023-09-30,창원,국가,석유화학,1000.6625,627.0,,74.47053942371916,42.0,40.0,52.25144924265752,20.345489443378128,True,True,True,True,0,kicox_annual_revision,kicox_annual_revision,kicox_annual_revision,kicox_annual_revision,kicox_annual_revision,1,1,1,1,1,0,0,0,0,0,0,0,0,0,0,보정본: 월별 3개월 합,보정본: 월별: 분기말 값,보정본: 월별 단순평균(근사),보정본: 월별: 분기말 값,보정본: 월별: 분기말 값,521.0,657.2433333,106.0,20.345489443378128,52.25144924265754,113488.0,115679.0,-1.8940343536856252,0.0,0.0,0.0,0.0,0.552481319610884,-2191.0,0.2515210653197107,,S1,7.0,,S1,valid,False,False,valid,False,False,False,False,False,False,False,False,False,False,0,0,False,False,False,False,True,300,관찰,고용 축 진입신호 없음,False,False,미충원·숙련수요·증가의 지속가능성을 확인한다.,고용·훈련 기능,3,,S1,미충원·숙련수요·증가의 지속가능성을 확인한다.,106.0,20.345489443378128,0.552481319610884,,3,7.0,S1 → S1,False,0.0,0.0,0.0,0.0,True,관찰,고용 축 진입신호 없음,생산↑·고용↑,없음,확인된 보강 없음,2023Q4
2023Q3,2023-09-30,창원,국가,섬유의복,7.915,39.0,,100.0,8.0,7.0,166.49831649831648,0.0,True,True,True,True,0,kicox_annual_revision,kicox_annual_revision,kicox_annual_revision,kicox_annual_revision,kicox_annual_revision,1,1,1,1,1,0,0,0,0,0,0,0,0,0,0,보정본: 월별 3개월 합,보정본: 월별: 분기말 값,보정본: 월별 단순평균(근사),보정본: 월별: 분기말 값,보정본: 월별: 분기말 값,39.0,2.97,0.0,0.0,166.49831649831648,113488.0,115679.0,-1.8940343536856252,0.0,0.0,0.0,0.0,0.034364866770054986,-2191.0,0.2515210653197107,,N,,,S1,valid,False,False,valid,False,False,False,False,False,False,False,False,False,False,0,0,False,False,False,False,False,300,관찰,고용 축 진입신호 없음,False,False,"원자료상 정확한 0인지 반올림·개정 영향인지, 0이 아닌 축의 방향과 규모를 확인한다.",자료 검토,4,규모기준 미만,N,"원자료상 정확한 0인지 반올림·개정 영향인지, 0이 아닌 축의 방향과 규모를 확인한다.",0.0,0.0,0.034364866770054986,,4,,S1 → N,False,0.0,0.0,0.0,0.0,False,관찰,고용 축 진입신호 없음,한 축 이상 정확한 0,없음,확인된 보강 없음,2023Q4
2023Q3,2023-09-30,창원,국가,운송장비,39080.14339936363,16734.0,,91.28132388357078,246.0,239.0,36.63975187186082,7.077041208088053,True,True,True,False,0,kicox_annual_revision,kicox_annual_revision,kicox_annual_revision,kicox_annual_revision,kicox_annual_revision,1,1,1,1,1,0,0,0,0,0,0,0,0,0,0,보정본: 월별 3개월 합,보정본: 월별: 분기말 값,보정본: 월별 단순평균(근사),보정본: 월별: 분기말 값,보정본: 월별: 분기말 값,15628.0,28600.85946,1106.0,7.077041208088053,36.63975187186082,113488.0,115679.0,-1.8940343536856252,0.0,0.0,0.0,0.0,14.745171295643592,-2191.0,0.2515210653197107,,S1,4.0,,S1,valid,False,False,valid,False,False,False,False,False,False,False,False,False,False,0,0,False,False,False,False,True,300,관찰,고용 축 진입신호 없음,False,False,미충원·숙련수요·증가의 지속가능성을 확인한다.,고용·훈련 기능,5,,S1,미충원·숙련수요·증가의 지속가능성을 확인한다.,1106.0,7.077041208088053,14.745171295643592,,5,4.0,S1 → S1,False,0.0,0.0,0.0,0.0,True,관찰,고용 축 진입신호 없음,생산↑·고용↑,없음,확인된 보강 없음,2023Q4
2023Q3,2023-09-30,창원,국가,음식료,1523.87,868.0,,87.90179898913426,8.0,5.0,17.93837890549419,12.72727272727272,True,True,True,False,0,kicox_annual_revision,kicox_annual_revision,kicox_annual_revision,kicox_annual_revision,kicox_annual_revision,1,1,1,1,1,0,0,0,0,0,0,0,0,0,0,보정본: 월별 3개월 합,보정본: 월별: 분기말 값,보정본: 월별 단순평균(근사),보정본: 월별: 분기말 값,보정본: 월별: 분기말 값,770.0,1292.09,98.0,12.72727272727272,17.93837890549419,113488.0,115679.0,-1.8940343536856252,0.0,0.0,0.0,0.0,0.7648385732412237,-2191.0,0.2515210653197107,,S1,7.0,,S1,valid,False,False,valid,False,False,False,False,False,False,False,False,False,False,0,0,False,False,False,False,True,300,관찰,고용 축 진입신호 없음,False,False,미충원·숙련수요·증가의 지속가능성을 확인한다.,고용·훈련 기능,6,,S1,미충원·숙련수요·증가의 지속가능성을 확인한다.,98.0,12.72727272727272,0.7648385732412237,,6,7.0,S1 → S1,False,0.0,0.0,0.0,0.0,True,관찰,고용 축 진입신호 없음,생산↑·고용↑,없음,확인된 보강 없음,2023Q4
2023Q3,2023-09-30,창원,국가,전기전자,34407.77379875,28830.0,,75.64661996273509,589.0,555.0,13.393470030738984,7.254464285714279,True,True,True,False,0,kicox_annual_revision,kicox_annual_revision,kicox_annual_revision,kicox_annual_revision,kicox_annual_revision,1,1,1,1,1,0,0,0,0,0,0,0,0,0,0,보정본: 월별 3개월 합,보정본: 월별: 분기말 값,보정본: 월별 단순평균(근사),보정본: 월별: 분기말 값,보정본: 월별: 분기말 값,26880.0,30343.6995,1950.0,7.254464285714279,13.393470030739007,113488.0,115679.0,-1.8940343536856252,0.0,0.0,0.0,0.0,25.403566896940642,-2191.0,0.2515210653197107,,S1,3.0,,S1,valid,False,False,valid,False,False,False,False,False,False,False,False,False,False,0,0,False,False,False,False,True,300,관찰,고용 축 진입신호 없음,False,False,미충원·숙련수요·증가의 지속가능성을 확인한다.,고용·훈련 기능,7,,S1,미충원·숙련수요·증가의 지속가능성을 확인한다.,1950.0,7.254464285714279,25.403566896940642,,7,3.0,S1 → S1,False,0.0,0.0,0.0,0.0,True,관찰,고용 축 진입신호 없음,생산↑·고용↑,없음,확인된 보강 없음,2023Q4
2023Q3,2023-09-30,창원,국가,철강,15843.7605,9191.0,,71.41515073201658,80.0,75.0,-9.898771069811884,-2.6686434395848724,True,True,True,False,0,kicox_annual_revision,kicox_annual_revision,kicox_annual_revision,kicox_annual_revision,kicox_annual_revision,1,1,1,1,1,0,0,0,0,0,0,0,0,0,0,보정본: 월별 3개월 합,보정본: 월별: 분기말 값,보정본: 월별 단순평균(근사),보정본: 월별: 분기말 값,보정본: 월별: 분기말 값,9443.0,17584.4,-252.0,-2.6686434395848724,-9.898771069811884,113488.0,115679.0,-1.8940343536856252,2.6686434395848724,9.898771069811884,0.7746090858992472,0.2220499083603553,8.098653602142958,-2191.0,0.2515210653197107,,S4,4.0,,S4,valid,False,False,valid,False,False,False,False,False,False,False,False,False,True,0,0,False,False,False,False,True,300,관찰,고용 축 진입신호 없음 (생산 9.9% 단독 감소 — 확인질문에 반영),False,True,수주잔량·가동률·휴업/감산·기업 수 변동·고용조정 계획 신고 여부를 확인한다(원인 후보이며 입증된 원인이 아님).,기업지원 기능 + 고용지원 기능,1,,S4,수주잔량·가동률·휴업/감산·기업 수 변동·고용조정 계획 신고 여부를 확인한다(원인 후보이며 입증된 원인이 아님).,-252.0,-2.6686434395848724,8.098653602142958,,1,4.0,S4 → S4,False,2.6686434395848724,0.7746090858992472,0.2220499083603553,9.898771069811884,True,관찰,고용 축 진입신호 없음 (생산 9.9% 단독 감소 — 확인질문에 반영),생산↓·고용↓,없음,생산,2023Q4
2023Q4,2023-12-31,창원,국가,기계,,56487.0,,78.86420553665049,1528.0,1459.0,,-6.770205812936336,False,True,False,False,0,kicox_annual_revision,kicox_annual_revision,kicox_annual_revision,kicox_annual_revision,kicox_annual_revision,1,1,1,1,1,1,0,0,0,0,0,0,0,0,0,보정본: 월별 비공개(X) 포함 -> 분기 결측,보정본: 월별: 분기말 값,보정본: 월별 단순평균(근사),보정본: 월별: 분기말 값,보정본: 월별: 분기말 값,60589.0,43131.31384666667,-4102.0,-6.770205812936336,,113511.0,112333.0,1.0486678002011862,6.770205812936336,,7.818873613137522,3.6137466853432705,49.76345904802178,1178.0,0.12379150903741068,,INVALID,,,S4,current_missing,True,False,valid,False,True,False,True,False,True,False,True,True,False,3,1,True,True,False,True,True,300,우선점검,고용감소 6.8%(진입경계 5% 통과) · 산단평균 대비 7.8%p 열위(진입경계 통과) · 산단 제조업 고용의 3.61% 감소(상위경계 2.0% 통과) → 보강: 직전 분기에도 진입신호(지속) [생산자료 미확인; 확인 가능한 신호에 따른 최소판정],False,False,원자료와 비교기간(전년동기 기준값)의 존재 여부를 먼저 확인한다.,자료 검토,1,,INVALID,원자료와 비교기간(전년동기 기준값)의 존재 여부를 먼저 확인한다.,-4102.0,-6.770205812936336,49.76345904802178,,1,,이전 또는 현재 상태 미확인,True,6.770205812936336,7.818873613137522,3.6137466853432705,,True,우선점검,고용감소 6.8%(진입경계 5% 통과) · 산단평균 대비 7.8%p 열위(진입경계 통과) · 산단 제조업 고용의 3.61% 감소(상위경계 2.0% 통과) → 보강: 직전 분기에도 진입신호(지속) [생산자료 미확인; 확인 가능한 신호에 따른 최소판정],상태 분류에 필요한 자료 미확인,E|R|A,반복,2024Q1
2023Q4,2023-12-31,창원,국가,기타,,170.0,,59.62547824582316,26.0,23.0,,7.594936708860756,False,True,False,False,0,kicox_annual_revision,kicox_annual_revision,kicox_annual_revision,kicox_annual_revision,kicox_annual_revision,1,1,1,1,1,1,0,0,0,0,0,0,0,0,0,보정본: 월별 비공개(X) 포함 -> 분기 결측,보정본: 월별: 분기말 값,보정본: 월별 단순평균(근사),보정본: 월별: 분기말 값,보정본: 월별: 분기말 값,158.0,97.7825,12.0,7.594936708860756,,113511.0,112333.0,1.0486678002011862,0.0,,0.0,0.0,0.14976522099179815,1178.0,0.12379150903741068,,INVALID,,,S4,current_missing,True,False,valid,False,True,False,False,False,False,False,False,False,False,0,0,False,False,False,False,False,300,관찰,고용 축 진입신호 없음 [생산자료 미확인; 확인 가능한 신호에 따른 최소판정],False,False,원자료와 비교기간(전년동기 기준값)의 존재 여부를 먼저 확인한다.,자료 검토,3,규모기준 미만,INVALID,원자료와 비교기간(전년동기 기준값)의 존재 여부를 먼저 확인한다.,12.0,7.594936708860756,0.14976522099179815,,3,,이전 또는 현재 상태 미확인,False,0.0,0.0,0.0,,False,관찰,고용 축 진입신호 없음 [생산자료 미확인; 확인 가능한 신호에 따른 최소판정],상태 분류에 필요한 자료 미확인,없음,확인된 보강 없음,2024Q1
2023Q4,2023-12-31,창원,국가,목재종이,,239.0,,71.53558052434458,48.0,43.0,,-9.125475285171104,False,True,False,False,0,kicox_annual_revision,kicox_annual_revision,kicox_annual_revision,kicox_annual_revision,kicox_annual_revision,1,1,1,1,1,1,0,0,0,0,0,0,0,0,0,보정본: 월별 비공개(X) 포함 -> 분기 결측,보정본: 월별: 분기말 값,보정본: 월별 단순평균(근사),보정본: 월별: 분기말 값,보정본: 월별: 분기말 값,263.0,69.14124999999999,-24.0,-9.125475285171103,,113511.0,112333.0,1.0486678002011862,9.125475285171103,,10.17414308537229,0.02114332531648915,0.21055228127670444,1178.0,0.12379150903741068,,INVALID,,,S4,current_missing,True,False,valid,False,True,False,True,False,True,True,False,False,False,2,1,True,True,False,True,False,300,추가확인,고용감소 9.1%(진입경계 5% 통과) · 산단평균 대비 10.2%p 열위(상위경계 통과) [상위경계 통과했으나 고용 239인 < 300인으로 우선점검 제외] [생산자료 미확인; 확인 가능한 신호에 따른 최소판정],False,False,원자료와 비교기간(전년동기 기준값)의 존재 여부를 먼저 확인한다.,자료 검토,2,규모기준 미만,INVALID,원자료와 비교기간(전년동기 기준값)의 존재 여부를 먼저 확인한다.,-24.0,-9.125475285171103,0.21055228127670444,,2,,이전 또는 현재 상태 미확인,True,9.125475285171103,10.17414308537229,0.02114332531648915,,False,추가확인,고용감소 9.1%(진입경계 5% 통과) · 산단평균 대비 10.2%p 열위(상위경계 통과) [상위경계 통과했으나 고용 239인 < 300인으로 우선점검 제외] [생산자료 미확인; 확인 가능한 신호에 따른 최소판정],상태 분류에 필요한 자료 미확인,E|R,반복,2024Q1
2023Q4,2023-12-31,창원,국가,비금속,,251.0,,59.25030378325136,5.0,5.0,,-2.334630350194556,False,True,False,False,0,kicox_annual_revision,kicox_annual_revision,kicox_annual_revision,kicox_annual_revision,kicox_annual_revision,1,1,1,1,1,1,0,0,0,0,0,0,0,0,0,보정본: 월별 비공개(X) 포함 -> 분기 결측,보정본: 월별: 분기말 값,보정본: 월별 단순평균(근사),보정본: 월별: 분기말 값,보정본: 월별: 분기말 값,257.0,144.14499999999998,-6.0,-2.3346303501945553,,113511.0,112333.0,1.0486678002011862,2.3346303501945553,,3.3832981503957416,0.005285831329122287,0.22112394393494902,1178.0,0.12379150903741068,,INVALID,,,S4,current_missing,True,False,valid,False,True,False,False,False,False,False,False,False,False,0,0,False,False,False,False,False,300,관찰,고용 축 진입신호 없음 [생산자료 미확인; 확인 가능한 신호에 따른 최소판정],False,False,원자료와 비교기간(전년동기 기준값)의 존재 여부를 먼저 확인한다.,자료 검토,2,규모기준 미만,INVALID,원자료와 비교기간(전년동기 기준값)의 존재 여부를 먼저 확인한다.,-6.0,-2.3346303501945553,0.22112394393494902,,2,,이전 또는 현재 상태 미확인,False,2.3346303501945553,3.3832981503957416,0.005285831329122287,,False,관찰,고용 축 진입신호 없음 [생산자료 미확인; 확인 가능한 신호에 따른 최소판정],상태 분류에 필요한 자료 미확인,없음,확인된 보강 없음,2024Q1
2023Q4,2023-12-31,창원,국가,석유화학,,633.0,,76.8577744044061,43.0,42.0,,12.234042553191491,False,True,False,False,0,kicox_annual_revision,kicox_annual_revision,kicox_annual_revision,kicox_annual_revision,kicox_annual_revision,1,1,1,1,1,1,0,0,0,0,0,0,0,0,0,보정본: 월별 비공개(X) 포함 -> 분기 결측,보정본: 월별: 분기말 값,보정본: 월별 단순평균(근사),보정본: 월별: 분기말 값,보정본: 월별: 분기말 값,564.0,885.7425,69.0,12.234042553191493,,113511.0,112333.0,1.0486678002011862,0.0,,0.0,0.0,0.5576552052224013,1178.0,0.12379150903741068,,INVALID,,,S1,current_missing,True,False,valid,False,True,False,False,False,False,False,False,False,False,0,0,False,False,False,False,True,300,관찰,고용 축 진입신호 없음 [생산자료 미확인; 확인 가능한 신호에 따른 최소판정],False,False,원자료와 비교기간(전년동기 기준값)의 존재 여부를 먼저 확인한다.,자료 검토,4,,INVALID,원자료와 비교기간(전년동기 기준값)의 존재 여부를 먼저 확인한다.,69.0,12.234042553191493,0.5576552052224013,,4,,이전 또는 현재 상태 미확인,False,0.0,0.0,0.0,,True,관찰,고용 축 진입신호 없음 [생산자료 미확인; 확인 가능한 신호에 따른 최소판정],상태 분류에 필요한 자료 미확인,없음,확인된 보강 없음,2024Q1
2023Q4,2023-12-31,창원,국가,섬유의복,,38.0,,100.0,8.0,7.0,,-40.625,False,True,False,True,0,kicox_annual_revision,kicox_annual_revision,kicox_annual_revision,kicox_annual_revision,kicox_annual_revision,1,1,1,1,1,1,0,0,0,0,0,0,0,0,0,보정본: 월별 비공개(X) 포함 -> 분기 결측,보정본: 월별: 분기말 값,보정본: 월별 단순평균(근사),보정본: 월별: 분기말 값,보정본: 월별: 분기말 값,64.0,11.9725,-26.0,-40.625,,113511.0,112333.0,1.0486678002011862,40.625,,41.67366780020119,0.022905269092863247,0.03347693175110782,1178.0,0.12379150903741068,,INVALID,,,N,current_missing,True,False,valid,False,True,False,True,True,True,True,False,False,False,2,2,True,True,False,False,False,300,추가확인,고용감소 40.6%(상위경계 10% 통과) · 산단평균 대비 41.7%p 열위(상위경계 통과) [상위경계 통과했으나 고용 38인 < 300인으로 우선점검 제외] [생산자료 미확인; 확인 가능한 신호에 따른 최소판정],False,False,원자료와 비교기간(전년동기 기준값)의 존재 여부를 먼저 확인한다.,자료 검토,1,규모기준 미만,INVALID,원자료와 비교기간(전년동기 기준값)의 존재 여부를 먼저 확인한다.,-26.0,-40.625,0.03347693175110782,,1,,이전 또는 현재 상태 미확인,False,40.625,41.67366780020119,0.022905269092863247,,False,추가확인,고용감소 40.6%(상위경계 10% 통과) · 산단평균 대비 41.7%p 열위(상위경계 통과) [상위경계 통과했으나 고용 38인 < 300인으로 우선점검 제외] [생산자료 미확인; 확인 가능한 신호에 따른 최소판정],상태 분류에 필요한 자료 미확인,E|R,확인된 보강 없음,2024Q1
2023Q4,2023-12-31,창원,국가,운송장비,,16819.0,,92.08951956140017,244.0,241.0,,4.823932689311317,False,True,False,False,0,kicox_annual_revision,kicox_annual_revision,kicox_annual_revision,kicox_annual_revision,kicox_annual_revision,1,1,1,1,1,1,0,0,0,0,0,0,0,0,0,보정본: 월별 비공개(X) 포함 -> 분기 결측,보정본: 월별: 분기말 값,보정본: 월별 단순평균(근사),보정본: 월별: 분기말 값,보정본: 월별: 분기말 값,16045.0,38041.10960633333,774.0,4.823932689311317,,113511.0,112333.0,1.0486678002011862,0.0,,0.0,0.0,14.81706618741796,1178.0,0.12379150903741068,,INVALID,,,S1,current_missing,True,False,valid,False,True,False,False,False,False,False,False,False,False,0,0,False,False,False,False,True,300,관찰,고용 축 진입신호 없음 [생산자료 미확인; 확인 가능한 신호에 따른 최소판정],False,False,원자료와 비교기간(전년동기 기준값)의 존재 여부를 먼저 확인한다.,자료 검토,5,,INVALID,원자료와 비교기간(전년동기 기준값)의 존재 여부를 먼저 확인한다.,774.0,4.823932689311317,14.81706618741796,,5,,이전 또는 현재 상태 미확인,False,0.0,0.0,0.0,,True,관찰,고용 축 진입신호 없음 [생산자료 미확인; 확인 가능한 신호에 따른 최소판정],상태 분류에 필요한 자료 미확인,없음,확인된 보강 없음,2024Q1
2023Q4,2023-12-31,창원,국가,음식료,,913.0,,91.04249953095034,8.0,5.0,,-1.1904761904761862,False,True,False,False,0,kicox_annual_revision,kicox_annual_revision,kicox_annual_revision,kicox_annual_revision,kicox_annual_revision,1,1,1,1,1,1,0,0,0,0,0,0,0,0,0,보정본: 월별 비공개(X) 포함 -> 분기 결측,보정본: 월별: 분기말 값,보정본: 월별 단순평균(근사),보정본: 월별: 분기말 값,보정본: 월별: 분기말 값,924.0,1584.72,-11.0,-1.1904761904761862,,113511.0,112333.0,1.0486678002011862,1.1904761904761862,,2.2391439906773725,0.009690690770057528,0.8043273339147748,1178.0,0.12379150903741068,,INVALID,,,S1,current_missing,True,False,valid,False,True,False,False,False,False,False,False,False,False,0,0,False,False,False,False,True,300,관찰,고용 축 진입신호 없음 [생산자료 미확인; 확인 가능한 신호에 따른 최소판정],False,False,원자료와 비교기간(전년동기 기준값)의 존재 여부를 먼저 확인한다.,자료 검토,1,,INVALID,원자료와 비교기간(전년동기 기준값)의 존재 여부를 먼저 확인한다.,-11.0,-1.1904761904761862,0.8043273339147748,,1,,이전 또는 현재 상태 미확인,False,1.1904761904761862,2.2391439906773725,0.009690690770057528,,True,관찰,고용 축 진입신호 없음 [생산자료 미확인; 확인 가능한 신호에 따른 최소판정],상태 분류에 필요한 자료 미확인,없음,확인된 보강 없음,2024Q1
2023Q4,2023-12-31,창원,국가,전기전자,,28777.0,,75.58760597291217,592.0,559.0,,18.370285056147416,False,True,False,True,0,kicox_annual_revision,kicox_annual_revision,kicox_annual_revision,kicox_annual_revision,kicox_annual_revision,1,1,1,1,1,1,0,0,0,0,0,0,0,0,0,보정본: 월별 비공개(X) 포함 -> 분기 결측,보정본: 월별: 분기말 값,보정본: 월별 단순평균(근사),보정본: 월별: 분기말 값,보정본: 월별: 분기말 값,24311.0,26050.990760750003,4466.0,18.370285056147416,,113511.0,112333.0,1.0486678002011862,0.0,,0.0,0.0,25.35172802635868,1178.0,0.12379150903741068,,INVALID,,,S1,current_missing,True,False,valid,False,True,False,False,False,False,False,False,False,False,0,0,False,False,False,False,True,300,관찰,고용 축 진입신호 없음 [생산자료 미확인; 확인 가능한 신호에 따른 최소판정],False,False,원자료와 비교기간(전년동기 기준값)의 존재 여부를 먼저 확인한다.,자료 검토,6,,INVALID,원자료와 비교기간(전년동기 기준값)의 존재 여부를 먼저 확인한다.,4466.0,18.370285056147416,25.35172802635868,,6,,이전 또는 현재 상태 미확인,False,0.0,0.0,0.0,,True,관찰,고용 축 진입신호 없음 [생산자료 미확인; 확인 가능한 신호에 따른 최소판정],상태 분류에 필요한 자료 미확인,없음,확인된 보강 없음,2024Q1
2023Q4,2023-12-31,창원,국가,철강,,9184.0,,67.41598136385112,81.0,75.0,,0.2839047827036367,False,True,False,False,0,kicox_annual_revision,kicox_annual_revision,kicox_annual_revision,kicox_annual_revision,kicox_annual_revision,1,1,1,1,1,1,0,0,0,0,0,0,0,0,0,보정본: 월별 비공개(X) 포함 -> 분기 결측,보정본: 월별: 분기말 값,보정본: 월별 단순평균(근사),보정본: 월별: 분기말 값,보정본: 월별: 분기말 값,9158.0,15341.4745,26.0,0.2839047827036367,,113511.0,112333.0,1.0486678002011862,0.0,,0.7647630174975495,0.0,8.090845821109848,1178.0,0.12379150903741068,,INVALID,,,S4,current_missing,True,False,valid,False,True,False,False,False,False,False,False,False,False,0,0,False,False,False,False,True,300,관찰,고용 축 진입신호 없음 [생산자료 미확인; 확인 가능한 신호에 따른 최소판정],False,False,원자료와 비교기간(전년동기 기준값)의 존재 여부를 먼저 확인한다.,자료 검토,7,,INVALID,원자료와 비교기간(전년동기 기준값)의 존재 여부를 먼저 확인한다.,26.0,0.2839047827036367,8.090845821109848,,7,,이전 또는 현재 상태 미확인,False,0.0,0.7647630174975495,0.0,,True,관찰,고용 축 진입신호 없음 [생산자료 미확인; 확인 가능한 신호에 따른 최소판정],상태 분류에 필요한 자료 미확인,없음,확인된 보강 없음,2024Q1
2024Q1,2024-03-31,창원,국가,기계,50754.041424,56321.0,,76.30885327240794,1536.0,1469.0,15.921483512916002,-0.6386394509817706,True,True,True,False,0,kicox_annual_revision,kicox_annual_revision,kicox_annual_revision,kicox_annual_revision,kicox_annual_revision,1,1,1,1,1,0,0,0,0,0,0,0,0,0,0,보정본: 월별 3개월 합,보정본: 월별: 분기말 값,보정본: 월별 단순평균(근사),보정본: 월별: 분기말 값,보정본: 월별: 분기말 값,56683.0,43783.11930276925,-362.0,-0.6386394509817706,15.921483512916002,113992.0,113723.0,0.2365396621615723,0.6386394509817706,0.0,0.8751791131433428,0.3175661449926311,49.40785318267948,269.0,0.2506989748369059,,S2,1.0,S2->S1,INVALID,valid,False,False,valid,False,False,False,False,False,False,False,False,False,False,0,0,False,False,False,False,True,300,관찰,고용 축 진입신호 없음,False,False,"자동화·설비투자, 외주·도급 전환, 미충원·숙련 불일치, 직무구조 변화 가능성을 질문으로 확인한다(원인 후보이며 입증된 원인이 아님).",고용·훈련 기능 + 기업지원 기능,1,,S2,"자동화·설비투자, 외주·도급 전환, 미충원·숙련 불일치, 직무구조 변화 가능성을 질문으로 확인한다(원인 후보이며 입증된 원인이 아님).",-362.0,-0.6386394509817706,49.40785318267948,,1,1.0,이전 또는 현재 상태 미확인,False,0.6386394509817706,0.8751791131433428,0.3175661449926311,0.0,True,관찰,고용 축 진입신호 없음,생산↑·고용↓,없음,확인된 보강 없음,2024Q2
2024Q1,2024-03-31,창원,국가,기타,78.53250000000001,173.0,,64.03653932376722,26.0,23.0,1.2897817044465132,17.68707482993197,True,True,True,True,0,kicox_annual_revision,kicox_annual_revision,kicox_annual_revision,kicox_annual_revision,kicox_annual_revision,1,1,1,1,1,0,0,0,0,0,0,0,0,0,0,보정본: 월별 3개월 합,보정본: 월별: 분기말 값,보정본: 월별 단순평균(근사),보정본: 월별: 분기말 값,보정본: 월별: 분기말 값,147.0,77.53250000000001,26.0,17.68707482993197,1.2897817044465132,113992.0,113723.0,0.2365396621615723,0.0,0.0,0.0,0.0,0.15176503614288722,269.0,0.2506989748369059,,S1,1.0,S1->S1,INVALID,valid,False,False,valid,False,False,False,False,False,False,False,False,False,False,0,0,False,False,False,False,False,300,관찰,고용 축 진입신호 없음,False,False,미충원·숙련수요·증가의 지속가능성을 확인한다.,고용·훈련 기능,3,규모기준 미만,S1,미충원·숙련수요·증가의 지속가능성을 확인한다.,26.0,17.68707482993197,0.15176503614288722,,3,1.0,이전 또는 현재 상태 미확인,False,0.0,0.0,0.0,0.0,False,관찰,고용 축 진입신호 없음,생산↑·고용↑,없음,확인된 보강 없음,2024Q2
2024Q1,2024-03-31,창원,국가,목재종이,80.165,239.0,,74.97182629500344,48.0,43.0,17.251718590024858,-7.36434108527132,True,True,True,False,0,kicox_annual_revision,kicox_annual_revision,kicox_annual_revision,kicox_annual_revision,kicox_annual_revision,1,1,1,1,1,0,0,0,0,0,0,0,0,0,0,보정본: 월별 3개월 합,보정본: 월별: 분기말 값,보정본: 월별 단순평균(근사),보정본: 월별: 분기말 값,보정본: 월별: 분기말 값,258.0,68.37,-19.0,-7.36434108527132,17.251718590024858,113992.0,113723.0,0.2365396621615723,7.36434108527132,0.0,7.6008807474328925,0.01666783633939224,0.20966383605867078,269.0,0.2506989748369059,,S2,1.0,S2->S2,INVALID,valid,False,False,valid,False,False,False,True,False,True,False,False,False,False,2,0,True,False,False,True,False,300,추가확인,고용감소 7.4%(진입경계 5% 통과) · 산단평균 대비 7.6%p 열위(진입경계 통과),False,False,"자동화·설비투자, 외주·도급 전환, 미충원·숙련 불일치, 직무구조 변화 가능성을 질문으로 확인한다(원인 후보이며 입증된 원인이 아님).",고용·훈련 기능 + 기업지원 기능,1,규모기준 미만,S2,"자동화·설비투자, 외주·도급 전환, 미충원·숙련 불일치, 직무구조 변화 가능성을 질문으로 확인한다(원인 후보이며 입증된 원인이 아님).",-19.0,-7.36434108527132,0.20966383605867078,,1,1.0,이전 또는 현재 상태 미확인,True,7.36434108527132,7.6008807474328925,0.01666783633939224,0.0,False,추가확인,고용감소 7.4%(진입경계 5% 통과) · 산단평균 대비 7.6%p 열위(진입경계 통과),생산↑·고용↓,E|R,반복,2024Q2
2024Q1,2024-03-31,창원,국가,비금속,145.145,250.0,,49.16586216825025,5.0,5.0,-4.813588221792308,-2.34375,True,True,True,False,0,kicox_annual_revision,kicox_annual_revision,kicox_annual_revision,kicox_annual_revision,kicox_annual_revision,1,1,1,1,1,0,0,0,0,0,0,0,0,0,0,보정본: 월별 3개월 합,보정본: 월별: 분기말 값,보정본: 월별 단순평균(근사),보정본: 월별: 분기말 값,보정본: 월별: 분기말 값,256.0,152.485,-6.0,-2.34375,-4.813588221792308,113992.0,113723.0,0.2365396621615723,2.34375,4.813588221792308,2.5802896621615723,0.005263527265071233,0.21931363604463472,269.0,0.2506989748369059,,S4,1.0,S4->S2,INVALID,valid,False,False,valid,False,False,False,False,False,False,False,False,False,False,0,0,False,False,False,False,False,300,관찰,고용 축 진입신호 없음,False,False,수주잔량·가동률·휴업/감산·기업 수 변동·고용조정 계획 신고 여부를 확인한다(원인 후보이며 입증된 원인이 아님).,기업지원 기능 + 고용지원 기능,2,규모기준 미만,S4,수주잔량·가동률·휴업/감산·기업 수 변동·고용조정 계획 신고 여부를 확인한다(원인 후보이며 입증된 원인이 아님).,-6.0,-2.34375,0.21931363604463472,,2,1.0,이전 또는 현재 상태 미확인,False,2.34375,2.5802896621615723,0.005263527265071233,4.813588221792308,False,관찰,고용 축 진입신호 없음,생산↓·고용↓,없음,확인된 보강 없음,2024Q2
2024Q1,2024-03-31,창원,국가,석유화학,843.7024999999999,634.0,,75.92698000589452,42.0,41.0,-3.235416397861024,1.6025641025640969,True,True,True,False,0,kicox_annual_revision,kicox_annual_revision,kicox_annual_revision,kicox_annual_revision,kicox_annual_revision,1,1,1,1,1,0,0,0,0,0,0,0,0,0,0,보정본: 월별 3개월 합,보정본: 월별: 분기말 값,보정본: 월별 단순평균(근사),보정본: 월별: 분기말 값,보정본: 월별: 분기말 값,624.0,871.9124999999999,10.0,1.6025641025640969,-3.235416397861024,113992.0,113723.0,0.2365396621615723,0.0,3.235416397861024,0.0,0.0,0.5561793810091936,269.0,0.2506989748369059,,S3,1.0,S3->S3,INVALID,valid,False,False,valid,False,False,False,False,False,False,False,False,False,False,0,0,False,False,False,False,True,300,관찰,고용 축 진입신호 없음,False,False,선제채용·신규 입주기업·고용조정 시차·생산 단가와 물량 구분 가능성을 확인한다.,기업지원 기능(모니터링),4,,S3,선제채용·신규 입주기업·고용조정 시차·생산 단가와 물량 구분 가능성을 확인한다.,10.0,1.6025641025640969,0.5561793810091936,,4,1.0,이전 또는 현재 상태 미확인,False,0.0,0.0,0.0,3.235416397861024,True,관찰,고용 축 진입신호 없음,생산↓·고용↑,없음,확인된 보강 없음,2024Q2
2024Q1,2024-03-31,창원,국가,섬유의복,8.535,38.0,,96.62860250135944,8.0,7.0,20.126671358198458,-28.301886792452837,True,True,True,True,0,kicox_annual_revision,kicox_annual_revision,kicox_annual_revision,kicox_annual_revision,kicox_annual_revision,1,1,1,1,1,0,0,0,0,0,0,0,0,0,0,보정본: 월별 3개월 합,보정본: 월별: 분기말 값,보정본: 월별 단순평균(근사),보정본: 월별: 분기말 값,보정본: 월별: 분기말 값,53.0,7.105,-15.0,-28.301886792452834,20.126671358198458,113992.0,113723.0,0.2365396621615723,28.301886792452834,0.0,28.538426454614406,0.013158818162678084,0.03333567267878448,269.0,0.2506989748369059,,S2,1.0,S2->S4,INVALID,valid,False,False,valid,False,False,False,True,True,True,True,False,False,False,2,2,True,True,False,True,False,300,추가확인,고용감소 28.3%(상위경계 10% 통과) · 산단평균 대비 28.5%p 열위(상위경계 통과) [상위경계 통과했으나 고용 38인 < 300인으로 우선점검 제외],False,False,"자동화·설비투자, 외주·도급 전환, 미충원·숙련 불일치, 직무구조 변화 가능성을 질문으로 확인한다(원인 후보이며 입증된 원인이 아님).",고용·훈련 기능 + 기업지원 기능,2,규모기준 미만,S2,"자동화·설비투자, 외주·도급 전환, 미충원·숙련 불일치, 직무구조 변화 가능성을 질문으로 확인한다(원인 후보이며 입증된 원인이 아님).",-15.0,-28.301886792452834,0.03333567267878448,,2,1.0,이전 또는 현재 상태 미확인,True,28.301886792452834,28.538426454614406,0.013158818162678084,0.0,False,추가확인,고용감소 28.3%(상위경계 10% 통과) · 산단평균 대비 28.5%p 열위(상위경계 통과) [상위경계 통과했으나 고용 38인 < 300인으로 우선점검 제외],생산↑·고용↓,E|R,반복,2024Q2
2024Q1,2024-03-31,창원,국가,운송장비,36734.521823363626,16925.0,,91.55905142520356,244.0,240.0,1.4690769019191308,0.0532040671553657,True,True,True,False,0,kicox_annual_revision,kicox_annual_revision,kicox_annual_revision,kicox_annual_revision,kicox_annual_revision,1,1,1,1,1,0,0,0,0,0,0,0,0,0,0,보정본: 월별 3개월 합,보정본: 월별: 분기말 값,보정본: 월별 단순평균(근사),보정본: 월별: 분기말 값,보정본: 월별: 분기말 값,16916.0,36202.67666263637,9.0,0.05320406715536574,1.4690769019191308,113992.0,113723.0,0.2365396621615723,0.0,0.0,0.18333559500620655,0.0,14.84753316022177,269.0,0.2506989748369059,,S1,1.0,S1->S3,INVALID,valid,False,False,valid,False,False,False,False,False,False,False,False,False,False,0,0,False,False,False,False,True,300,관찰,고용 축 진입신호 없음,False,False,미충원·숙련수요·증가의 지속가능성을 확인한다.,고용·훈련 기능,5,,S1,미충원·숙련수요·증가의 지속가능성을 확인한다.,9.0,0.05320406715536574,14.84753316022177,,5,1.0,이전 또는 현재 상태 미확인,False,0.0,0.18333559500620655,0.0,0.0,True,관찰,고용 축 진입신호 없음,생산↑·고용↑,없음,확인된 보강 없음,2024Q2
2024Q1,2024-03-31,창원,국가,음식료,1541.09,878.0,,88.57493818682833,8.0,5.0,-1.286847128454116,2.211874272409786,True,True,True,False,0,kicox_annual_revision,kicox_annual_revision,kicox_annual_revision,kicox_annual_revision,kicox_annual_revision,1,1,1,1,1,0,0,0,0,0,0,0,0,0,0,보정본: 월별 3개월 합,보정본: 월별: 분기말 값,보정본: 월별 단순평균(근사),보정본: 월별: 분기말 값,보정본: 월별: 분기말 값,859.0,1561.18,19.0,2.211874272409786,-1.2868471284541272,113992.0,113723.0,0.2365396621615723,0.0,1.2868471284541272,0.0,0.0,0.770229489788757,269.0,0.2506989748369059,,S3,1.0,S3->S1,INVALID,valid,False,False,valid,False,False,False,False,False,False,False,False,False,False,0,0,False,False,False,False,True,300,관찰,고용 축 진입신호 없음,False,False,선제채용·신규 입주기업·고용조정 시차·생산 단가와 물량 구분 가능성을 확인한다.,기업지원 기능(모니터링),6,,S3,선제채용·신규 입주기업·고용조정 시차·생산 단가와 물량 구분 가능성을 확인한다.,19.0,2.211874272409786,0.770229489788757,,6,1.0,이전 또는 현재 상태 미확인,False,0.0,0.0,0.0,1.2868471284541272,True,관찰,고용 축 진입신호 없음,생산↓·고용↑,없음,확인된 보강 없음,2024Q2
2024Q1,2024-03-31,창원,국가,전기전자,35508.87570375001,29221.0,,74.82780376119773,593.0,556.0,9.120228384459782,1.4195474108010586,True,True,True,False,0,kicox_annual_revision,kicox_annual_revision,kicox_annual_revision,kicox_annual_revision,kicox_annual_revision,1,1,1,1,1,0,0,0,0,0,0,0,0,0,0,보정본: 월별 3개월 합,보정본: 월별: 분기말 값,보정본: 월별 단순평균(근사),보정본: 월별: 분기말 값,보정본: 월별: 분기말 값,28812.0,32541.05698775,409.0,1.4195474108010586,9.120228384459782,113992.0,113723.0,0.2365396621615723,0.0,0.0,0.0,0.0,25.634255035441083,269.0,0.2506989748369059,,S1,1.0,S1->S1,INVALID,valid,False,False,valid,False,False,False,False,False,False,False,False,False,False,0,0,False,False,False,False,True,300,관찰,고용 축 진입신호 없음,False,False,미충원·숙련수요·증가의 지속가능성을 확인한다.,고용·훈련 기능,7,,S1,미충원·숙련수요·증가의 지속가능성을 확인한다.,409.0,1.4195474108010586,25.634255035441083,,7,1.0,이전 또는 현재 상태 미확인,False,0.0,0.0,0.0,0.0,True,관찰,고용 축 진입신호 없음,생산↑·고용↑,없음,확인된 보강 없음,2024Q2
2024Q1,2024-03-31,창원,국가,철강,14707.2125,9313.0,,67.80483980236379,78.0,73.0,-8.790854410582504,2.1722435545803664,True,True,True,False,0,kicox_annual_revision,kicox_annual_revision,kicox_annual_revision,kicox_annual_revision,kicox_annual_revision,1,1,1,1,1,0,0,0,0,0,0,0,0,0,0,보정본: 월별 3개월 합,보정본: 월별: 분기말 값,보정본: 월별 단순평균(근사),보정본: 월별: 분기말 값,보정본: 월별: 분기말 값,9115.0,16124.712499999998,198.0,2.1722435545803664,-8.790854410582504,113992.0,113723.0,0.2365396621615723,0.0,8.790854410582504,0.0,0.0,8.169871569934733,269.0,0.2506989748369059,,S3,1.0,S3->S3,INVALID,valid,False,False,valid,False,False,False,False,False,False,False,False,False,True,0,0,False,False,False,False,True,300,관찰,고용 축 진입신호 없음 (생산 8.8% 단독 감소 — 확인질문에 반영),False,True,선제채용·신규 입주기업·고용조정 시차·생산 단가와 물량 구분 가능성을 확인한다.,기업지원 기능(모니터링),8,,S3,선제채용·신규 입주기업·고용조정 시차·생산 단가와 물량 구분 가능성을 확인한다.,198.0,2.1722435545803664,8.169871569934733,,8,1.0,이전 또는 현재 상태 미확인,False,0.0,0.0,0.0,8.790854410582504,True,관찰,고용 축 진입신호 없음 (생산 8.8% 단독 감소 — 확인질문에 반영),생산↓·고용↑,없음,생산,2024Q2
2024Q2,2024-06-30,창원,국가,기계,54973.24675475004,58282.0,79.53408182108247,,1546.0,1466.0,17.514539895264704,2.7249012972363262,True,True,True,False,0,kicox_annual_revision,kicox_annual_revision,kicox_annual_revision,kicox_annual_revision,kicox_annual_revision,1,1,1,1,1,0,0,0,0,0,0,0,0,0,0,보정본: 분기공표,보정본: 분기공표,보정본: 분기공표,보정본: 분기공표,보정본: 분기공표,56736.0,46779.95319025642,1546.0,2.7249012972363262,17.514539895264726,116299.0,113360.0,2.592625264643611,0.0,0.0,0.0,0.0,50.11393047231705,2939.0,0.9702872235061076,52.602926165362376,S1,1.0,S1->S1,S2,valid,False,False,valid,False,False,False,False,False,False,False,False,False,False,0,0,False,False,False,False,True,300,관찰,고용 축 진입신호 없음,False,False,미충원·숙련수요·증가의 지속가능성을 확인한다.,고용·훈련 기능,1,,S1,미충원·숙련수요·증가의 지속가능성을 확인한다.,1546.0,2.7249012972363262,50.11393047231705,52.602926165362376,1,1.0,S2 → S1,False,0.0,0.0,0.0,0.0,True,관찰,고용 축 진입신호 없음,생산↑·고용↑,없음,확인된 보강 없음,2024Q3
2024Q2,2024-06-30,창원,국가,기타,80.16083333333333,173.0,70.91630235249883,,26.0,22.0,1.7495425168448708,9.493670886075956,True,True,True,False,0,kicox_annual_revision,kicox_annual_revision,kicox_annual_revision,kicox_annual_revision,kicox_annual_revision,1,1,1,1,1,0,0,0,0,0,0,0,0,0,0,보정본: 분기공표,보정본: 분기공표,보정본: 분기공표,보정본: 분기공표,보정본: 분기공표,158.0,78.78250000000001,15.0,9.493670886075956,1.7495425168448708,116299.0,113360.0,2.592625264643611,0.0,0.0,0.0,0.0,0.14875450347810384,2939.0,0.9702872235061076,0.5103776794828173,S1,2.0,S1->S1,S1,valid,False,False,valid,False,False,False,False,False,False,False,False,False,False,0,0,False,False,False,False,False,300,관찰,고용 축 진입신호 없음,False,False,미충원·숙련수요·증가의 지속가능성을 확인한다.,고용·훈련 기능,2,규모기준 미만,S1,미충원·숙련수요·증가의 지속가능성을 확인한다.,15.0,9.493670886075956,0.14875450347810384,0.5103776794828173,2,2.0,S1 → S1,False,0.0,0.0,0.0,0.0,False,관찰,고용 축 진입신호 없음,생산↑·고용↑,없음,확인된 보강 없음,2024Q3
2024Q2,2024-06-30,창원,국가,목재종이,80.875,237.0,76.22525918944392,,48.0,43.0,25.96370999143369,-8.139534883720934,True,True,True,False,0,kicox_annual_revision,kicox_annual_revision,kicox_annual_revision,kicox_annual_revision,kicox_annual_revision,1,1,1,1,1,0,0,0,0,0,0,0,0,0,0,보정본: 분기공표,보정본: 분기공표,보정본: 분기공표,보정본: 분기공표,보정본: 분기공표,258.0,64.205,-21.0,-8.139534883720934,25.963709991433692,116299.0,113360.0,2.592625264643611,8.139534883720934,0.0,10.732160148364546,0.018056905046475034,0.2037850712387897,2939.0,0.9702872235061076,-0.7145287512759442,S2,2.0,S2->S2,S2,valid,False,False,valid,False,False,False,True,False,True,True,False,False,False,2,1,True,True,False,True,False,300,추가확인,고용감소 8.1%(진입경계 5% 통과) · 산단평균 대비 10.7%p 열위(상위경계 통과) [상위경계 통과했으나 고용 237인 < 300인으로 우선점검 제외],False,False,"자동화·설비투자, 외주·도급 전환, 미충원·숙련 불일치, 직무구조 변화 가능성을 질문으로 확인한다(원인 후보이며 입증된 원인이 아님).",고용·훈련 기능 + 기업지원 기능,1,규모기준 미만,S2,"자동화·설비투자, 외주·도급 전환, 미충원·숙련 불일치, 직무구조 변화 가능성을 질문으로 확인한다(원인 후보이며 입증된 원인이 아님).",-21.0,-8.139534883720934,0.2037850712387897,-0.7145287512759442,1,2.0,S2 → S2,True,8.139534883720934,10.732160148364546,0.018056905046475034,0.0,False,추가확인,고용감소 8.1%(진입경계 5% 통과) · 산단평균 대비 10.7%p 열위(상위경계 통과) [상위경계 통과했으나 고용 237인 < 300인으로 우선점검 제외],생산↑·고용↓,E|R,반복,2024Q3
2024Q2,2024-06-30,창원,국가,비금속,179.545,233.0,59.31156368201114,,6.0,5.0,5.419369990899203,-7.171314741035861,True,True,True,False,0,kicox_annual_revision,kicox_annual_revision,kicox_annual_revision,kicox_annual_revision,kicox_annual_revision,1,1,1,1,1,0,0,0,0,0,0,0,0,0,0,보정본: 분기공표,보정본: 분기공표,보정본: 분기공표,보정본: 분기공표,보정본: 분기공표,251.0,170.315,-18.0,-7.171314741035861,5.419369990899203,116299.0,113360.0,2.592625264643611,7.171314741035861,0.0,9.763940005679473,0.015477347182692888,0.2003456607537468,2939.0,0.9702872235061076,-0.6124532153793808,S2,1.0,S2->S4,S4,valid,False,False,valid,False,False,False,True,False,True,False,False,False,False,2,0,True,False,False,False,False,300,추가확인,고용감소 7.2%(진입경계 5% 통과) · 산단평균 대비 9.8%p 열위(진입경계 통과),False,False,"자동화·설비투자, 외주·도급 전환, 미충원·숙련 불일치, 직무구조 변화 가능성을 질문으로 확인한다(원인 후보이며 입증된 원인이 아님).",고용·훈련 기능 + 기업지원 기능,2,규모기준 미만,S2,"자동화·설비투자, 외주·도급 전환, 미충원·숙련 불일치, 직무구조 변화 가능성을 질문으로 확인한다(원인 후보이며 입증된 원인이 아님).",-18.0,-7.171314741035861,0.2003456607537468,-0.6124532153793808,2,1.0,S4 → S2,False,7.171314741035861,9.763940005679473,0.015477347182692888,0.0,False,추가확인,고용감소 7.2%(진입경계 5% 통과) · 산단평균 대비 9.8%p 열위(진입경계 통과),생산↑·고용↓,E|R,확인된 보강 없음,2024Q3
2024Q2,2024-06-30,창원,국가,석유화학,901.9691666666664,628.0,81.1704269767407,,43.0,41.0,-9.047036826957433,0.4799999999999915,True,True,True,False,0,kicox_annual_revision,kicox_annual_revision,kicox_annual_revision,kicox_annual_revision,kicox_annual_revision,1,1,1,1,1,0,0,0,0,0,0,0,0,0,0,보정본: 분기공표,보정본: 분기공표,보정본: 분기공표,보정본: 분기공표,보정본: 분기공표,625.0,991.6875,3.0,0.47999999999999154,-9.047036826957445,116299.0,113360.0,2.592625264643611,0.0,9.047036826957445,2.1126252646436194,0.0,0.5399874461517296,2939.0,0.9702872235061076,0.10207553589656344,S3,2.0,S3->S4,S3,valid,False,False,valid,False,False,False,False,False,False,False,False,False,True,0,0,False,False,False,False,True,300,관찰,고용 축 진입신호 없음 (생산 9.0% 단독 감소 — 확인질문에 반영),False,True,선제채용·신규 입주기업·고용조정 시차·생산 단가와 물량 구분 가능성을 확인한다.,기업지원 기능(모니터링),3,,S3,선제채용·신규 입주기업·고용조정 시차·생산 단가와 물량 구분 가능성을 확인한다.,3.0,0.47999999999999154,0.5399874461517296,0.10207553589656344,3,2.0,S3 → S3,False,0.0,2.1126252646436194,0.0,9.047036826957445,True,관찰,고용 축 진입신호 없음 (생산 9.0% 단독 감소 — 확인질문에 반영),생산↓·고용↑,없음,생산,2024Q3
2024Q2,2024-06-30,창원,국가,섬유의복,8.355,38.0,90.86460032626428,,9.0,7.0,-6.908077994428963,-13.636363636363637,True,True,True,False,0,kicox_annual_revision,kicox_annual_revision,kicox_annual_revision,kicox_annual_revision,kicox_annual_revision,1,1,1,1,1,0,0,0,0,0,0,0,0,0,0,보정본: 분기공표,보정본: 분기공표,보정본: 분기공표,보정본: 분기공표,보정본: 분기공표,44.0,8.975,-6.0,-13.636363636363635,-6.908077994428963,116299.0,113360.0,2.592625264643611,13.636363636363635,6.908077994428963,16.228988901007245,0.005159115727564296,0.032674399607907204,2939.0,0.9702872235061076,-0.2041510717931269,S4,1.0,S4->S2,S2,valid,False,False,valid,False,False,False,True,True,True,True,False,False,True,2,2,True,True,False,True,False,300,추가확인,고용감소 13.6%(상위경계 10% 통과) · 산단평균 대비 16.2%p 열위(상위경계 통과) [상위경계 통과했으나 고용 38인 < 300인으로 우선점검 제외],False,False,수주잔량·가동률·휴업/감산·기업 수 변동·고용조정 계획 신고 여부를 확인한다(원인 후보이며 입증된 원인이 아님).,기업지원 기능 + 고용지원 기능,3,규모기준 미만,S4,수주잔량·가동률·휴업/감산·기업 수 변동·고용조정 계획 신고 여부를 확인한다(원인 후보이며 입증된 원인이 아님).,-6.0,-13.636363636363635,0.032674399607907204,-0.2041510717931269,3,1.0,S2 → S4,True,13.636363636363635,16.228988901007245,0.005159115727564296,6.908077994428963,False,추가확인,고용감소 13.6%(상위경계 10% 통과) · 산단평균 대비 16.2%p 열위(상위경계 통과) [상위경계 통과했으나 고용 38인 < 300인으로 우선점검 제외],생산↓·고용↓,E|R,생산|반복,2024Q3
2024Q2,2024-06-30,창원,국가,운송장비,39643.61302627273,16805.0,91.283876842257,,243.0,237.0,-1.0242605255896595,1.7683037606734064,True,True,True,False,0,kicox_annual_revision,kicox_annual_revision,kicox_annual_revision,kicox_annual_revision,kicox_annual_revision,1,1,1,1,1,0,0,0,0,0,0,0,0,0,0,보정본: 분기공표,보정본: 분기공표,보정본: 분기공표,보정본: 분기공표,보정본: 분기공표,16513.0,40053.86899536364,292.0,1.7683037606734064,-1.0242605255896708,116299.0,113360.0,2.592625264643611,0.0,1.0242605255896708,0.8243215039702045,0.0,14.44982330028633,2939.0,0.9702872235061076,9.935352160598843,S3,1.0,S3->S1,S1,valid,False,False,valid,False,False,False,False,False,False,False,False,False,False,0,0,False,False,False,False,True,300,관찰,고용 축 진입신호 없음,False,False,선제채용·신규 입주기업·고용조정 시차·생산 단가와 물량 구분 가능성을 확인한다.,기업지원 기능(모니터링),4,,S3,선제채용·신규 입주기업·고용조정 시차·생산 단가와 물량 구분 가능성을 확인한다.,292.0,1.7683037606734064,14.44982330028633,9.935352160598843,4,1.0,S1 → S3,False,0.0,0.8243215039702045,0.0,1.0242605255896708,True,관찰,고용 축 진입신호 없음,생산↓·고용↑,없음,확인된 보강 없음,2024Q3
2024Q2,2024-06-30,창원,국가,음식료,1609.32,949.0,89.08423124081449,,7.0,4.0,5.6871913418093945,4.4004400440043945,True,True,True,False,0,kicox_annual_revision,kicox_annual_revision,kicox_annual_revision,kicox_annual_revision,kicox_annual_revision,1,1,1,1,1,0,0,0,0,0,0,0,0,0,0,보정본: 분기공표,보정본: 분기공표,보정본: 분기공표,보정본: 분기공표,보정본: 분기공표,909.0,1522.72,40.0,4.4004400440043945,5.6871913418093945,116299.0,113360.0,2.592625264643611,0.0,0.0,0.0,0.0,0.8160001375764194,2939.0,0.9702872235061076,1.3610071452875128,S1,1.0,S1->S1,S3,valid,False,False,valid,False,False,False,False,False,False,False,False,False,False,0,0,False,False,False,False,True,300,관찰,고용 축 진입신호 없음,False,False,미충원·숙련수요·증가의 지속가능성을 확인한다.,고용·훈련 기능,5,,S1,미충원·숙련수요·증가의 지속가능성을 확인한다.,40.0,4.4004400440043945,0.8160001375764194,1.3610071452875128,5,1.0,S3 → S1,False,0.0,0.0,0.0,0.0,True,관찰,고용 축 진입신호 없음,생산↑·고용↑,없음,확인된 보강 없음,2024Q3
2024Q2,2024-06-30,창원,국가,전기전자,34875.72381375001,29445.0,75.62382840608421,,615.0,562.0,5.154444166314365,2.688847039129527,True,True,True,False,0,kicox_annual_revision,kicox_annual_revision,kicox_annual_revision,kicox_annual_revision,kicox_annual_revision,1,1,1,1,1,0,0,0,0,0,0,0,0,0,0,보정본: 분기공표,보정본: 분기공표,보정본: 분기공표,보정본: 분기공표,보정본: 분기공표,28674.0,33166.19101575,771.0,2.688847039129527,5.154444166314365,116299.0,113360.0,2.592625264643611,0.0,0.0,0.0,0.0,25.31836043302178,2939.0,0.9702872235061076,26.23341272541681,S1,2.0,S1->S3,S1,valid,False,False,valid,False,False,False,False,False,False,False,False,False,False,0,0,False,False,False,False,True,300,관찰,고용 축 진입신호 없음,False,False,미충원·숙련수요·증가의 지속가능성을 확인한다.,고용·훈련 기능,6,,S1,미충원·숙련수요·증가의 지속가능성을 확인한다.,771.0,2.688847039129527,25.31836043302178,26.23341272541681,6,2.0,S1 → S1,False,0.0,0.0,0.0,0.0,True,관찰,고용 축 진입신호 없음,생산↑·고용↑,없음,확인된 보강 없음,2024Q3
2024Q2,2024-06-30,창원,국가,철강,15230.0545,9509.0,68.83932144017402,,79.0,74.0,-12.388044560212986,3.4486510008703286,True,True,True,False,0,kicox_annual_revision,kicox_annual_revision,kicox_annual_revision,kicox_annual_revision,kicox_annual_revision,1,1,1,1,1,0,0,0,0,0,0,0,0,0,0,보정본: 분기공표,보정본: 분기공표,보정본: 분기공표,보정본: 분기공표,보정본: 분기공표,9192.0,17383.534499999998,317.0,3.4486510008703286,-12.388044560212986,116299.0,113360.0,2.592625264643611,0.0,12.388044560212986,0.0,0.0,8.176338575568147,2939.0,0.9702872235061076,10.785981626403538,S3,2.0,S3->S3,S3,valid,False,False,valid,False,False,False,False,False,False,False,False,False,True,0,0,False,False,False,False,True,300,관찰,고용 축 진입신호 없음 (생산 12.4% 단독 감소 — 확인질문에 반영),False,True,선제채용·신규 입주기업·고용조정 시차·생산 단가와 물량 구분 가능성을 확인한다.,기업지원 기능(모니터링),7,,S3,선제채용·신규 입주기업·고용조정 시차·생산 단가와 물량 구분 가능성을 확인한다.,317.0,3.4486510008703286,8.176338575568147,10.785981626403538,7,2.0,S3 → S3,False,0.0,0.0,0.0,12.388044560212986,True,관찰,고용 축 진입신호 없음 (생산 12.4% 단독 감소 — 확인질문에 반영),생산↓·고용↑,없음,생산,2024Q3
2024Q3,2024-09-30,창원,국가,기계,54672.122736750025,58477.0,77.87633742978133,,1546.0,1463.0,21.87587197768224,3.4515090400877524,True,True,True,False,0,kicox_annual_revision,kicox_annual_revision,kicox_annual_revision,kicox_annual_revision,kicox_annual_revision,1,1,1,1,1,0,0,0,0,0,0,0,0,0,0,보정본: 분기공표,"보정본으로 대체(이전 무효: 업종별 117,705 != 단지 전체 120,217 (2.09%) + 원파일 중복 -> 업종별 무효)",보정본: 분기공표,보정본: 분기공표,보정본: 분기공표,56526.0,44858.85667900002,1951.0,3.4515090400877524,21.875871977682237,116432.0,113488.0,2.5941068659241395,0.0,0.0,0.0,0.0,50.22416517795795,2944.0,0.9602087410306588,66.27038043478261,S1,2.0,,S1,valid,False,False,valid,False,False,False,False,False,False,False,False,False,False,0,0,False,False,False,False,True,300,관찰,고용 축 진입신호 없음,False,False,미충원·숙련수요·증가의 지속가능성을 확인한다.,고용·훈련 기능,2,,S1,미충원·숙련수요·증가의 지속가능성을 확인한다.,1951.0,3.4515090400877524,50.22416517795795,66.27038043478261,2,2.0,S1 → S1,False,0.0,0.0,0.0,0.0,True,관찰,고용 축 진입신호 없음,생산↑·고용↑,없음,확인된 보강 없음,2024Q4
2024Q3,2024-09-30,창원,국가,기타,79.4125,173.0,67.27734830032827,,37.0,26.0,2.424789604359434,1.764705882352935,True,True,True,False,0,kicox_annual_revision,kicox_annual_revision,kicox_annual_revision,kicox_annual_revision,kicox_annual_revision,1,1,1,1,1,0,0,0,0,0,0,0,0,0,0,보정본: 분기공표,"보정본으로 대체(이전 무효: 업종별 117,705 != 단지 전체 120,217 (2.09%) + 원파일 중복 -> 업종별 무효)",보정본: 분기공표,보정본: 분기공표,보정본: 분기공표,170.0,77.53250000000001,3.0,1.764705882352935,2.424789604359434,116432.0,113488.0,2.5941068659241395,0.0,0.0,0.8294009835712046,0.0,0.14858458155833448,2944.0,0.9602087410306588,0.10190217391304347,S1,3.0,,S1,valid,False,False,valid,False,False,False,False,False,False,False,False,False,False,0,0,False,False,False,False,False,300,관찰,고용 축 진입신호 없음,False,False,미충원·숙련수요·증가의 지속가능성을 확인한다.,고용·훈련 기능,3,규모기준 미만,S1,미충원·숙련수요·증가의 지속가능성을 확인한다.,3.0,1.764705882352935,0.14858458155833448,0.10190217391304347,3,3.0,S1 → S1,False,0.0,0.8294009835712046,0.0,0.0,False,관찰,고용 축 진입신호 없음,생산↑·고용↑,없음,확인된 보강 없음,2024Q4
2024Q3,2024-09-30,창원,국가,목재종이,78.03,211.0,75.05771450557907,,50.0,44.0,4.576827715606768,-16.26984126984127,True,True,True,True,0,kicox_annual_revision,kicox_annual_revision,kicox_annual_revision,kicox_annual_revision,kicox_annual_revision,1,1,1,1,1,0,0,0,0,0,0,0,0,0,0,보정본: 분기공표,"보정본으로 대체(이전 무효: 업종별 117,705 != 단지 전체 120,217 (2.09%) + 원파일 중복 -> 업종별 무효)",보정본: 분기공표,보정본: 분기공표,보정본: 분기공표,252.0,74.61500000000001,-41.0,-16.26984126984127,4.576827715606768,116432.0,113488.0,2.5941068659241395,16.26984126984127,0.0,18.86394813576541,0.03521368695891164,0.18122165727635015,2944.0,0.9602087410306588,-1.3926630434782608,S2,3.0,,S2,valid,False,False,valid,False,False,False,True,True,True,True,False,False,False,2,2,True,True,False,True,False,300,추가확인,고용감소 16.3%(상위경계 10% 통과) · 산단평균 대비 18.9%p 열위(상위경계 통과) [상위경계 통과했으나 고용 211인 < 300인으로 우선점검 제외],False,False,"자동화·설비투자, 외주·도급 전환, 미충원·숙련 불일치, 직무구조 변화 가능성을 질문으로 확인한다(원인 후보이며 입증된 원인이 아님).",고용·훈련 기능 + 기업지원 기능,1,규모기준 미만,S2,"자동화·설비투자, 외주·도급 전환, 미충원·숙련 불일치, 직무구조 변화 가능성을 질문으로 확인한다(원인 후보이며 입증된 원인이 아님).",-41.0,-16.26984126984127,0.18122165727635015,-1.3926630434782608,1,3.0,S2 → S2,True,16.26984126984127,18.86394813576541,0.03521368695891164,0.0,False,추가확인,고용감소 16.3%(상위경계 10% 통과) · 산단평균 대비 18.9%p 열위(상위경계 통과) [상위경계 통과했으나 고용 211인 < 300인으로 우선점검 제외],생산↑·고용↓,E|R,반복,2024Q4
2024Q3,2024-09-30,창원,국가,비금속,136.385,236.0,46.98313726165665,,6.0,5.0,-9.465963025656343,-5.976095617529875,True,True,True,False,0,kicox_annual_revision,kicox_annual_revision,kicox_annual_revision,kicox_annual_revision,kicox_annual_revision,1,1,1,1,1,0,0,0,0,0,0,0,0,0,0,보정본: 분기공표,"보정본으로 대체(이전 무효: 업종별 117,705 != 단지 전체 120,217 (2.09%) + 원파일 중복 -> 업종별 무효)",보정본: 분기공표,보정본: 분기공표,보정본: 분기공표,251.0,150.64499999999998,-15.0,-5.976095617529875,-9.465963025656343,116432.0,113488.0,2.5941068659241395,5.976095617529875,9.465963025656343,8.570202483454015,0.01288305620447987,0.2026934176171499,2944.0,0.9602087410306588,-0.5095108695652174,S4,1.0,,S2,valid,False,False,valid,False,False,False,True,False,True,False,False,False,True,2,0,True,False,False,True,False,300,추가확인,고용감소 6.0%(진입경계 5% 통과) · 산단평균 대비 8.6%p 열위(진입경계 통과),False,False,수주잔량·가동률·휴업/감산·기업 수 변동·고용조정 계획 신고 여부를 확인한다(원인 후보이며 입증된 원인이 아님).,기업지원 기능 + 고용지원 기능,2,규모기준 미만,S4,수주잔량·가동률·휴업/감산·기업 수 변동·고용조정 계획 신고 여부를 확인한다(원인 후보이며 입증된 원인이 아님).,-15.0,-5.976095617529875,0.2026934176171499,-0.5095108695652174,2,1.0,S2 → S4,True,5.976095617529875,8.570202483454015,0.01288305620447987,9.465963025656343,False,추가확인,고용감소 6.0%(진입경계 5% 통과) · 산단평균 대비 8.6%p 열위(진입경계 통과),생산↓·고용↓,E|R,생산|반복,2024Q4
2024Q3,2024-09-30,창원,국가,석유화학,842.5100000000001,623.0,79.01617819460728,,43.0,40.0,-15.80477933369141,-0.6379585326953707,True,True,True,False,0,kicox_annual_revision,kicox_annual_revision,kicox_annual_revision,kicox_annual_revision,kicox_annual_revision,1,1,1,1,1,0,0,0,0,0,0,0,0,0,0,보정본: 분기공표,"보정본으로 대체(이전 무효: 업종별 117,705 != 단지 전체 120,217 (2.09%) + 원파일 중복 -> 업종별 무효)",보정본: 분기공표,보정본: 분기공표,보정본: 분기공표,627.0,1000.6625,-4.0,-0.6379585326953707,-15.804779333691421,116432.0,113488.0,2.5941068659241395,0.6379585326953707,15.804779333691421,3.2320653986195103,0.003435481654527965,0.5350762676927305,2944.0,0.9602087410306588,-0.1358695652173913,S4,1.0,,S3,valid,False,False,valid,False,False,False,False,False,False,False,False,False,True,0,0,False,False,False,False,True,300,관찰,고용 축 진입신호 없음 (생산 15.8% 단독 감소 — 확인질문에 반영),False,True,수주잔량·가동률·휴업/감산·기업 수 변동·고용조정 계획 신고 여부를 확인한다(원인 후보이며 입증된 원인이 아님).,기업지원 기능 + 고용지원 기능,1,,S4,수주잔량·가동률·휴업/감산·기업 수 변동·고용조정 계획 신고 여부를 확인한다(원인 후보이며 입증된 원인이 아님).,-4.0,-0.6379585326953707,0.5350762676927305,-0.1358695652173913,1,1.0,S3 → S4,False,0.6379585326953707,3.2320653986195103,0.003435481654527965,15.804779333691421,True,관찰,고용 축 진입신호 없음 (생산 15.8% 단독 감소 — 확인질문에 반영),생산↓·고용↓,없음,생산,2024Q4
2024Q3,2024-09-30,창원,국가,섬유의복,11.095,38.0,99.64077233947016,,9.0,7.0,40.17687934301959,-2.564102564102566,True,True,True,True,0,kicox_annual_revision,kicox_annual_revision,kicox_annual_revision,kicox_annual_revision,kicox_annual_revision,1,1,1,1,1,0,0,0,0,0,0,0,0,0,0,보정본: 분기공표,"보정본으로 대체(이전 무효: 업종별 117,705 != 단지 전체 120,217 (2.09%) + 원파일 중복 -> 업종별 무효)",보정본: 분기공표,보정본: 분기공표,보정본: 분기공표,39.0,7.915,-1.0,-2.564102564102566,40.17687934301959,116432.0,113488.0,2.5941068659241395,2.564102564102566,0.0,5.158209430026705,0.0008588704136319913,0.03263707571801567,2944.0,0.9602087410306588,-0.033967391304347824,S2,1.0,,S4,valid,False,False,valid,False,False,False,False,False,True,False,False,False,False,1,0,True,False,False,True,False,300,추가확인,산단평균 대비 5.2%p 열위(진입경계 통과),False,False,"자동화·설비투자, 외주·도급 전환, 미충원·숙련 불일치, 직무구조 변화 가능성을 질문으로 확인한다(원인 후보이며 입증된 원인이 아님).",고용·훈련 기능 + 기업지원 기능,3,규모기준 미만,S2,"자동화·설비투자, 외주·도급 전환, 미충원·숙련 불일치, 직무구조 변화 가능성을 질문으로 확인한다(원인 후보이며 입증된 원인이 아님).",-1.0,-2.564102564102566,0.03263707571801567,-0.033967391304347824,3,1.0,S4 → S2,True,2.564102564102566,5.158209430026705,0.0008588704136319913,0.0,False,추가확인,산단평균 대비 5.2%p 열위(진입경계 통과),생산↑·고용↓,R,반복,2024Q4
2024Q3,2024-09-30,창원,국가,운송장비,41393.52678963636,16786.0,91.15549779576008,,247.0,239.0,5.919587772828883,0.3107445918489215,True,True,True,False,0,kicox_annual_revision,kicox_annual_revision,kicox_annual_revision,kicox_annual_revision,kicox_annual_revision,1,1,1,1,1,0,0,0,0,0,0,0,0,0,0,보정본: 분기공표,"보정본으로 대체(이전 무효: 업종별 117,705 != 단지 전체 120,217 (2.09%) + 원파일 중복 -> 업종별 무효)",보정본: 분기공표,보정본: 분기공표,보정본: 분기공표,16734.0,39080.14339936363,52.0,0.31074459184892156,5.919587772828883,116432.0,113488.0,2.5941068659241395,0.0,0.0,2.283362274075218,0.0,14.416998763226605,2944.0,0.9602087410306588,1.766304347826087,S1,1.0,,S3,valid,False,False,valid,False,False,False,False,False,False,False,False,False,False,0,0,False,False,False,False,True,300,관찰,고용 축 진입신호 없음,False,False,미충원·숙련수요·증가의 지속가능성을 확인한다.,고용·훈련 기능,4,,S1,미충원·숙련수요·증가의 지속가능성을 확인한다.,52.0,0.31074459184892156,14.416998763226605,1.766304347826087,4,1.0,S3 → S1,False,0.0,2.283362274075218,0.0,0.0,True,관찰,고용 축 진입신호 없음,생산↑·고용↑,없음,확인된 보강 없음,2024Q4
2024Q3,2024-09-30,창원,국가,음식료,1638.83,913.0,87.87221550496913,,7.0,4.0,7.54395059946058,5.184331797235031,True,True,True,False,0,kicox_annual_revision,kicox_annual_revision,kicox_annual_revision,kicox_annual_revision,kicox_annual_revision,1,1,1,1,1,0,0,0,0,0,0,0,0,0,0,보정본: 분기공표,"보정본으로 대체(이전 무효: 업종별 117,705 != 단지 전체 120,217 (2.09%) + 원파일 중복 -> 업종별 무효)",보정본: 분기공표,보정본: 분기공표,보정본: 분기공표,868.0,1523.87,45.0,5.184331797235031,7.54395059946058,116432.0,113488.0,2.5941068659241395,0.0,0.0,0.0,0.0,0.784148687646008,2944.0,0.9602087410306588,1.528532608695652,S1,2.0,,S1,valid,False,False,valid,False,False,False,False,False,False,False,False,False,False,0,0,False,False,False,False,True,300,관찰,고용 축 진입신호 없음,False,False,미충원·숙련수요·증가의 지속가능성을 확인한다.,고용·훈련 기능,5,,S1,미충원·숙련수요·증가의 지속가능성을 확인한다.,45.0,5.184331797235031,0.784148687646008,1.528532608695652,5,2.0,S1 → S1,False,0.0,0.0,0.0,0.0,True,관찰,고용 축 진입신호 없음,생산↑·고용↑,없음,확인된 보강 없음,2024Q4
2024Q3,2024-09-30,창원,국가,전기전자,33573.62280075,29232.0,74.87957485472695,,624.0,574.0,-2.424309700705796,1.3943808532778323,True,True,True,False,0,kicox_annual_revision,kicox_annual_revision,kicox_annual_revision,kicox_annual_revision,kicox_annual_revision,1,1,1,1,1,0,0,0,0,0,0,0,0,0,0,보정본: 분기공표,"보정본으로 대체(이전 무효: 업종별 117,705 != 단지 전체 120,217 (2.09%) + 원파일 중복 -> 업종별 무효)",보정본: 분기공표,보정본: 분기공표,보정본: 분기공표,28830.0,34407.77379875,402.0,1.3943808532778323,-2.4243097007057735,116432.0,113488.0,2.5941068659241395,0.0,2.4243097007057735,1.1997260126463072,0.0,25.106499931290365,2944.0,0.9602087410306588,13.654891304347828,S3,1.0,,S1,valid,False,False,valid,False,False,False,False,False,False,False,False,False,False,0,0,False,False,False,False,True,300,관찰,고용 축 진입신호 없음,False,False,선제채용·신규 입주기업·고용조정 시차·생산 단가와 물량 구분 가능성을 확인한다.,기업지원 기능(모니터링),6,,S3,선제채용·신규 입주기업·고용조정 시차·생산 단가와 물량 구분 가능성을 확인한다.,402.0,1.3943808532778323,25.106499931290365,13.654891304347828,6,1.0,S1 → S3,False,0.0,1.1997260126463072,0.0,2.4243097007057735,True,관찰,고용 축 진입신호 없음,생산↓·고용↑,없음,확인된 보강 없음,2024Q4
2024Q3,2024-09-30,창원,국가,철강,13822.2445,9743.0,61.345881396169744,,80.0,74.0,-12.759066889454695,6.005875312806008,True,True,True,False,0,kicox_annual_revision,kicox_annual_revision,kicox_annual_revision,kicox_annual_revision,kicox_annual_revision,1,1,1,1,1,0,0,0,0,0,0,0,0,0,0,보정본: 분기공표,"보정본으로 대체(이전 무효: 업종별 117,705 != 단지 전체 120,217 (2.09%) + 원파일 중복 -> 업종별 무효)",보정본: 분기공표,보정본: 분기공표,보정본: 분기공표,9191.0,15843.7605,552.0,6.005875312806008,-12.759066889454685,116432.0,113488.0,2.5941068659241395,0.0,12.759066889454685,0.0,0.0,8.36797444001649,2944.0,0.9602087410306588,18.75,S3,3.0,,S3,valid,False,False,valid,False,False,False,False,False,False,False,False,False,True,0,0,False,False,False,False,True,300,관찰,고용 축 진입신호 없음 (생산 12.8% 단독 감소 — 확인질문에 반영),False,True,선제채용·신규 입주기업·고용조정 시차·생산 단가와 물량 구분 가능성을 확인한다.,기업지원 기능(모니터링),7,,S3,선제채용·신규 입주기업·고용조정 시차·생산 단가와 물량 구분 가능성을 확인한다.,552.0,6.005875312806008,8.36797444001649,18.75,7,3.0,S3 → S3,False,0.0,0.0,0.0,12.759066889454685,True,관찰,고용 축 진입신호 없음 (생산 12.8% 단독 감소 — 확인질문에 반영),생산↓·고용↑,없음,생산,2024Q4
2024Q4,2024-12-31,창원,국가,기계,52778.54172229284,55959.0,76.9252196840637,,1550.0,1469.0,,-0.9347283445748532,False,True,False,False,0,kicox_annual_revision,kicox_annual_revision,kicox_annual_revision,kicox_annual_revision,kicox_annual_revision,1,1,1,1,1,0,0,0,0,0,0,0,0,0,0,보정본: 분기공표,보정본: 분기공표,보정본: 분기공표,보정본: 분기공표,보정본: 분기공표,56487.0,,-528.0,-0.9347283445748533,,114574.0,113511.0,0.936473117142822,0.9347283445748533,,1.8712014617176753,0.4608375373121302,48.8409237697907,1063.0,0.4816492976891708,-49.67074317968015,INVALID,,,S1,lag4_missing,False,True,valid,False,True,False,False,False,False,False,False,False,False,0,0,False,False,False,False,True,300,관찰,고용 축 진입신호 없음 [생산자료 미확인; 확인 가능한 신호에 따른 최소판정],False,False,원자료와 비교기간(전년동기 기준값)의 존재 여부를 먼저 확인한다.,자료 검토,1,,INVALID,원자료와 비교기간(전년동기 기준값)의 존재 여부를 먼저 확인한다.,-528.0,-0.9347283445748533,48.8409237697907,-49.67074317968015,1,,이전 또는 현재 상태 미확인,False,0.9347283445748533,1.8712014617176753,0.4608375373121302,,True,관찰,고용 축 진입신호 없음 [생산자료 미확인; 확인 가능한 신호에 따른 최소판정],상태 분류에 필요한 자료 미확인,없음,확인된 보강 없음,2025Q1
2024Q4,2024-12-31,창원,국가,기타,79.58953333333334,196.0,63.02831763797507,,37.0,26.0,,15.294117647058814,False,True,False,True,0,kicox_annual_revision,kicox_annual_revision,kicox_annual_revision,kicox_annual_revision,kicox_annual_revision,1,1,1,1,1,0,0,0,0,0,0,0,0,0,0,보정본: 분기공표,보정본: 분기공표,보정본: 분기공표,보정본: 분기공표,보정본: 분기공표,170.0,,26.0,15.294117647058814,,114574.0,113511.0,0.936473117142822,0.0,,0.0,0.0,0.17106847975980588,1063.0,0.4816492976891708,2.4459078080903107,INVALID,,,S1,lag4_missing,False,True,valid,False,True,False,False,False,False,False,False,False,False,0,0,False,False,False,False,False,300,관찰,고용 축 진입신호 없음 [생산자료 미확인; 확인 가능한 신호에 따른 최소판정],False,False,원자료와 비교기간(전년동기 기준값)의 존재 여부를 먼저 확인한다.,자료 검토,4,규모기준 미만,INVALID,원자료와 비교기간(전년동기 기준값)의 존재 여부를 먼저 확인한다.,26.0,15.294117647058814,0.17106847975980588,2.4459078080903107,4,,이전 또는 현재 상태 미확인,False,0.0,0.0,0.0,,False,관찰,고용 축 진입신호 없음 [생산자료 미확인; 확인 가능한 신호에 따른 최소판정],상태 분류에 필요한 자료 미확인,없음,확인된 보강 없음,2025Q1
2024Q4,2024-12-31,창원,국가,목재종이,62.71,214.0,71.94814134924276,,50.0,44.0,,-10.460251046025103,False,True,False,False,0,kicox_annual_revision,kicox_annual_revision,kicox_annual_revision,kicox_annual_revision,kicox_annual_revision,1,1,1,1,1,0,0,0,0,0,0,0,0,0,0,보정본: 분기공표,보정본: 분기공표,보정본: 분기공표,보정본: 분기공표,보정본: 분기공표,239.0,,-25.0,-10.460251046025103,,114574.0,113511.0,0.936473117142822,10.460251046025103,,11.396724163167924,0.021819959153036465,0.18677885034999214,1063.0,0.4816492976891708,-2.351834430856068,INVALID,,,S2,lag4_missing,False,True,valid,False,True,False,True,True,True,True,False,False,False,2,2,True,True,False,True,False,300,추가확인,고용감소 10.5%(상위경계 10% 통과) · 산단평균 대비 11.4%p 열위(상위경계 통과) [상위경계 통과했으나 고용 214인 < 300인으로 우선점검 제외] [생산자료 미확인; 확인 가능한 신호에 따른 최소판정],False,False,원자료와 비교기간(전년동기 기준값)의 존재 여부를 먼저 확인한다.,자료 검토,1,규모기준 미만,INVALID,원자료와 비교기간(전년동기 기준값)의 존재 여부를 먼저 확인한다.,-25.0,-10.460251046025103,0.18677885034999214,-2.351834430856068,1,,이전 또는 현재 상태 미확인,True,10.460251046025103,11.396724163167924,0.021819959153036465,,False,추가확인,고용감소 10.5%(상위경계 10% 통과) · 산단평균 대비 11.4%p 열위(상위경계 통과) [상위경계 통과했으나 고용 214인 < 300인으로 우선점검 제외] [생산자료 미확인; 확인 가능한 신호에 따른 최소판정],상태 분류에 필요한 자료 미확인,E|R,반복,2025Q1
2024Q4,2024-12-31,창원,국가,비금속,101.475,246.0,32.91917406043697,,6.0,6.0,,-1.9920318725099584,False,True,False,False,0,kicox_annual_revision,kicox_annual_revision,kicox_annual_revision,kicox_annual_revision,kicox_annual_revision,1,1,1,1,1,0,0,0,0,0,0,0,0,0,0,보정본: 분기공표,보정본: 분기공표,보정본: 분기공표,보정본: 분기공표,보정본: 분기공표,251.0,,-5.0,-1.9920318725099584,,114574.0,113511.0,0.936473117142822,1.9920318725099584,,2.9285049896527804,0.004363991830607293,0.21470839806587882,1063.0,0.4816492976891708,-0.4703668861712135,INVALID,,,S4,lag4_missing,False,True,valid,False,True,False,False,False,False,False,False,False,False,0,0,False,False,False,False,False,300,관찰,고용 축 진입신호 없음 [생산자료 미확인; 확인 가능한 신호에 따른 최소판정],False,False,원자료와 비교기간(전년동기 기준값)의 존재 여부를 먼저 확인한다.,자료 검토,3,규모기준 미만,INVALID,원자료와 비교기간(전년동기 기준값)의 존재 여부를 먼저 확인한다.,-5.0,-1.9920318725099584,0.21470839806587882,-0.4703668861712135,3,,이전 또는 현재 상태 미확인,False,1.9920318725099584,2.9285049896527804,0.004363991830607293,,False,관찰,고용 축 진입신호 없음 [생산자료 미확인; 확인 가능한 신호에 따른 최소판정],상태 분류에 필요한 자료 미확인,없음,확인된 보강 없음,2025Q1
2024Q4,2024-12-31,창원,국가,석유화학,719.2716666666668,623.0,72.51916478183573,,44.0,42.0,,-1.579778830963663,False,True,False,False,0,kicox_annual_revision,kicox_annual_revision,kicox_annual_revision,kicox_annual_revision,kicox_annual_revision,1,1,1,1,1,0,0,0,0,0,0,0,0,0,0,보정본: 분기공표,보정본: 분기공표,보정본: 분기공표,보정본: 분기공표,보정본: 분기공표,633.0,,-10.0,-1.579778830963663,,114574.0,113511.0,0.936473117142822,1.579778830963663,,2.516251948106485,0.008727983661214586,0.5437533820936687,1063.0,0.4816492976891708,-0.940733772342427,INVALID,,,S4,lag4_missing,False,True,valid,False,True,False,False,False,False,False,False,False,False,0,0,False,False,False,False,True,300,관찰,고용 축 진입신호 없음 [생산자료 미확인; 확인 가능한 신호에 따른 최소판정],False,False,원자료와 비교기간(전년동기 기준값)의 존재 여부를 먼저 확인한다.,자료 검토,2,,INVALID,원자료와 비교기간(전년동기 기준값)의 존재 여부를 먼저 확인한다.,-10.0,-1.579778830963663,0.5437533820936687,-0.940733772342427,2,,이전 또는 현재 상태 미확인,False,1.579778830963663,2.516251948106485,0.008727983661214586,,True,관찰,고용 축 진입신호 없음 [생산자료 미확인; 확인 가능한 신호에 따른 최소판정],상태 분류에 필요한 자료 미확인,없음,확인된 보강 없음,2025Q1
2024Q4,2024-12-31,창원,국가,섬유의복,9.9792,34.0,90.89186825998252,,9.0,7.0,,-10.526315789473683,False,True,False,False,0,kicox_annual_revision,kicox_annual_revision,kicox_annual_revision,kicox_annual_revision,kicox_annual_revision,1,1,1,1,1,0,0,0,0,0,0,0,0,0,0,보정본: 분기공표,보정본: 분기공표,보정본: 분기공표,보정본: 분기공표,보정본: 분기공표,38.0,,-4.0,-10.526315789473683,,114574.0,113511.0,0.936473117142822,10.526315789473683,,11.462788906616506,0.0034911934644858344,0.029675144448129593,1063.0,0.4816492976891708,-0.37629350893697083,INVALID,,,S2,lag4_missing,False,True,valid,False,True,False,True,True,True,True,False,False,False,2,2,True,True,False,True,False,300,추가확인,고용감소 10.5%(상위경계 10% 통과) · 산단평균 대비 11.5%p 열위(상위경계 통과) [상위경계 통과했으나 고용 34인 < 300인으로 우선점검 제외] [생산자료 미확인; 확인 가능한 신호에 따른 최소판정],False,False,원자료와 비교기간(전년동기 기준값)의 존재 여부를 먼저 확인한다.,자료 검토,2,규모기준 미만,INVALID,원자료와 비교기간(전년동기 기준값)의 존재 여부를 먼저 확인한다.,-4.0,-10.526315789473683,0.029675144448129593,-0.37629350893697083,2,,이전 또는 현재 상태 미확인,True,10.526315789473683,11.462788906616506,0.0034911934644858344,,False,추가확인,고용감소 10.5%(상위경계 10% 통과) · 산단평균 대비 11.5%p 열위(상위경계 통과) [상위경계 통과했으나 고용 34인 < 300인으로 우선점검 제외] [생산자료 미확인; 확인 가능한 신호에 따른 최소판정],상태 분류에 필요한 자료 미확인,E|R,반복,2025Q1
2024Q4,2024-12-31,창원,국가,운송장비,53588.47858727274,17204.0,93.01256277338726,,247.0,242.0,,2.28907782864618,False,True,False,False,0,kicox_annual_revision,kicox_annual_revision,kicox_annual_revision,kicox_annual_revision,kicox_annual_revision,1,1,1,1,1,0,0,0,0,0,0,0,0,0,0,보정본: 분기공표,보정본: 분기공표,보정본: 분기공표,보정본: 분기공표,보정본: 분기공표,16819.0,,385.0,2.28907782864618,,114574.0,113511.0,0.936473117142822,0.0,,0.0,0.0,15.015623090753575,1063.0,0.4816492976891708,36.21825023518344,INVALID,,,S1,lag4_missing,False,True,valid,False,True,False,False,False,False,False,False,False,False,0,0,False,False,False,False,True,300,관찰,고용 축 진입신호 없음 [생산자료 미확인; 확인 가능한 신호에 따른 최소판정],False,False,원자료와 비교기간(전년동기 기준값)의 존재 여부를 먼저 확인한다.,자료 검토,5,,INVALID,원자료와 비교기간(전년동기 기준값)의 존재 여부를 먼저 확인한다.,385.0,2.28907782864618,15.015623090753575,36.21825023518344,5,,이전 또는 현재 상태 미확인,False,0.0,0.0,0.0,,True,관찰,고용 축 진입신호 없음 [생산자료 미확인; 확인 가능한 신호에 따른 최소판정],상태 분류에 필요한 자료 미확인,없음,확인된 보강 없음,2025Q1
2024Q4,2024-12-31,창원,국가,음식료,1582.54,969.0,88.47851549942274,,7.0,4.0,,6.133625410733834,False,True,False,False,0,kicox_annual_revision,kicox_annual_revision,kicox_annual_revision,kicox_annual_revision,kicox_annual_revision,1,1,1,1,1,0,0,0,0,0,0,0,0,0,0,보정본: 분기공표,보정본: 분기공표,보정본: 분기공표,보정본: 분기공표,보정본: 분기공표,913.0,,56.0,6.133625410733834,,114574.0,113511.0,0.936473117142822,0.0,,0.0,0.0,0.8457416167716935,1063.0,0.4816492976891708,5.268109125117592,INVALID,,,S1,lag4_missing,False,True,valid,False,True,False,False,False,False,False,False,False,False,0,0,False,False,False,False,True,300,관찰,고용 축 진입신호 없음 [생산자료 미확인; 확인 가능한 신호에 따른 최소판정],False,False,원자료와 비교기간(전년동기 기준값)의 존재 여부를 먼저 확인한다.,자료 검토,6,,INVALID,원자료와 비교기간(전년동기 기준값)의 존재 여부를 먼저 확인한다.,56.0,6.133625410733834,0.8457416167716935,5.268109125117592,6,,이전 또는 현재 상태 미확인,False,0.0,0.0,0.0,,True,관찰,고용 축 진입신호 없음 [생산자료 미확인; 확인 가능한 신호에 따른 최소판정],상태 분류에 필요한 자료 미확인,없음,확인된 보강 없음,2025Q1
2024Q4,2024-12-31,창원,국가,전기전자,34606.54549375001,29392.0,71.1807665205039,,634.0,580.0,,2.137123397157459,False,True,False,False,0,kicox_annual_revision,kicox_annual_revision,kicox_annual_revision,kicox_annual_revision,kicox_annual_revision,1,1,1,1,1,0,0,0,0,0,0,0,0,0,0,보정본: 분기공표,보정본: 분기공표,보정본: 분기공표,보정본: 분기공표,보정본: 분기공표,28777.0,,615.0,2.137123397157459,,114574.0,113511.0,0.936473117142822,0.0,,0.0,0.0,25.65328957704191,1063.0,0.4816492976891708,57.85512699905927,INVALID,,,S3,lag4_missing,False,True,valid,False,True,False,False,False,False,False,False,False,False,0,0,False,False,False,False,True,300,관찰,고용 축 진입신호 없음 [생산자료 미확인; 확인 가능한 신호에 따른 최소판정],False,False,원자료와 비교기간(전년동기 기준값)의 존재 여부를 먼저 확인한다.,자료 검토,7,,INVALID,원자료와 비교기간(전년동기 기준값)의 존재 여부를 먼저 확인한다.,615.0,2.137123397157459,25.65328957704191,57.85512699905927,7,,이전 또는 현재 상태 미확인,False,0.0,0.0,0.0,,True,관찰,고용 축 진입신호 없음 [생산자료 미확인; 확인 가능한 신호에 따른 최소판정],상태 분류에 필요한 자료 미확인,없음,확인된 보강 없음,2025Q1
2024Q4,2024-12-31,창원,국가,철강,14687.109940000002,9737.0,65.23667062871093,,79.0,75.0,,6.021341463414642,False,True,False,False,0,kicox_annual_revision,kicox_annual_revision,kicox_annual_revision,kicox_annual_revision,kicox_annual_revision,1,1,1,1,1,0,0,0,0,0,0,0,0,0,0,보정본: 분기공표,보정본: 분기공표,보정본: 분기공표,보정본: 분기공표,보정본: 분기공표,9184.0,,553.0,6.021341463414642,,114574.0,113511.0,0.936473117142822,0.0,,0.0,0.0,8.498437690924643,1063.0,0.4816492976891708,52.02257761053622,INVALID,,,S3,lag4_missing,False,True,valid,False,True,False,False,False,False,False,False,False,False,0,0,False,False,False,False,True,300,관찰,고용 축 진입신호 없음 [생산자료 미확인; 확인 가능한 신호에 따른 최소판정],False,False,원자료와 비교기간(전년동기 기준값)의 존재 여부를 먼저 확인한다.,자료 검토,8,,INVALID,원자료와 비교기간(전년동기 기준값)의 존재 여부를 먼저 확인한다.,553.0,6.021341463414642,8.498437690924643,52.02257761053622,8,,이전 또는 현재 상태 미확인,False,0.0,0.0,0.0,,True,관찰,고용 축 진입신호 없음 [생산자료 미확인; 확인 가능한 신호에 따른 최소판정],상태 분류에 필요한 자료 미확인,없음,확인된 보강 없음,2025Q1
2025Q1,2025-03-31,창원,국가,기계,58847.16777272728,60029.0,81.74595656889782,,1540.0,1462.0,15.945777167018438,6.583689920278402,True,True,True,False,0,kicox_annual_revision,kicox_annual_revision,kicox_annual_revision,kicox_annual_revision,kicox_annual_revision,1,1,1,1,1,0,0,0,0,0,0,0,0,0,0,보정본: 분기공표,보정본: 분기공표,보정본: 분기공표,보정본: 분기공표,보정본: 분기공표,56321.0,50754.041424,3708.0,6.583689920278402,15.94577716701846,116910.0,113992.0,2.5598287599129854,0.0,0.0,0.0,0.0,51.34633478744334,2918.0,0.498122226015705,127.07333790267306,S1,1.0,S1->S1,INVALID,valid,False,False,valid,False,False,False,False,False,False,False,False,False,False,0,0,False,False,False,False,True,300,관찰,고용 축 진입신호 없음,False,False,미충원·숙련수요·증가의 지속가능성을 확인한다.,고용·훈련 기능,3,,S1,미충원·숙련수요·증가의 지속가능성을 확인한다.,3708.0,6.583689920278402,51.34633478744334,127.07333790267306,3,1.0,이전 또는 현재 상태 미확인,False,0.0,0.0,0.0,0.0,True,관찰,고용 축 진입신호 없음,생산↑·고용↑,없음,확인된 보강 없음,2025Q2
2025Q1,2025-03-31,창원,국가,기타,81.18,147.0,66.78183613030603,,36.0,26.0,3.3712157387068897,-15.02890173410405,True,True,True,True,0,kicox_annual_revision,kicox_annual_revision,kicox_annual_revision,kicox_annual_revision,kicox_annual_revision,1,1,1,1,1,0,0,0,0,0,0,0,0,0,0,보정본: 분기공표,보정본: 분기공표,보정본: 분기공표,보정본: 분기공표,보정본: 분기공표,173.0,78.53250000000001,-26.0,-15.02890173410405,3.3712157387068897,116910.0,113992.0,2.5598287599129854,15.02890173410405,0.0,17.588730494017035,0.02223932939868275,0.12573774698486015,2918.0,0.498122226015705,-0.8910212474297465,S2,1.0,S2->S2,INVALID,valid,False,False,valid,False,False,False,True,True,True,True,False,False,False,2,2,True,True,False,False,False,300,추가확인,고용감소 15.0%(상위경계 10% 통과) · 산단평균 대비 17.6%p 열위(상위경계 통과) [상위경계 통과했으나 고용 147인 < 300인으로 우선점검 제외],False,False,"자동화·설비투자, 외주·도급 전환, 미충원·숙련 불일치, 직무구조 변화 가능성을 질문으로 확인한다(원인 후보이며 입증된 원인이 아님).",고용·훈련 기능 + 기업지원 기능,3,규모기준 미만,S2,"자동화·설비투자, 외주·도급 전환, 미충원·숙련 불일치, 직무구조 변화 가능성을 질문으로 확인한다(원인 후보이며 입증된 원인이 아님).",-26.0,-15.02890173410405,0.12573774698486015,-0.8910212474297465,3,1.0,이전 또는 현재 상태 미확인,False,15.02890173410405,17.588730494017035,0.02223932939868275,0.0,False,추가확인,고용감소 15.0%(상위경계 10% 통과) · 산단평균 대비 17.6%p 열위(상위경계 통과) [상위경계 통과했으나 고용 147인 < 300인으로 우선점검 제외],생산↑·고용↓,E|R,확인된 보강 없음,2025Q2
2025Q1,2025-03-31,창원,국가,목재종이,183.7,479.0,67.51194413818449,,50.0,45.0,129.15237323021267,100.418410041841,True,True,True,True,0,kicox_annual_revision,kicox_annual_revision,kicox_annual_revision,kicox_annual_revision,kicox_annual_revision,1,1,1,1,1,0,0,0,0,0,0,0,0,0,0,보정본: 분기공표,보정본: 분기공표,보정본: 분기공표,보정본: 분기공표,보정본: 분기공표,239.0,80.165,240.0,100.418410041841,129.15237323021267,116910.0,113992.0,2.5598287599129854,0.0,0.0,0.0,0.0,0.4097168762295783,2918.0,0.498122226015705,8.224811514736121,S1,1.0,S1->S1,INVALID,valid,False,False,valid,False,False,False,False,False,False,False,False,False,False,0,0,False,False,False,False,True,300,관찰,고용 축 진입신호 없음,False,False,미충원·숙련수요·증가의 지속가능성을 확인한다.,고용·훈련 기능,4,,S1,미충원·숙련수요·증가의 지속가능성을 확인한다.,240.0,100.418410041841,0.4097168762295783,8.224811514736121,4,1.0,이전 또는 현재 상태 미확인,False,0.0,0.0,0.0,0.0,True,관찰,고용 축 진입신호 없음,생산↑·고용↑,없음,확인된 보강 없음,2025Q2
2025Q1,2025-03-31,창원,국가,비금속,98.24,186.0,40.1356375372799,,5.0,5.0,-32.3159599021668,-25.6,True,True,True,True,0,kicox_annual_revision,kicox_annual_revision,kicox_annual_revision,kicox_annual_revision,kicox_annual_revision,1,1,1,1,1,0,0,0,0,0,0,0,0,0,0,보정본: 분기공표,보정본: 분기공표,보정본: 분기공표,보정본: 분기공표,보정본: 분기공표,250.0,145.145,-64.0,-25.6,-32.3159599021668,116910.0,113992.0,2.5598287599129854,25.6,32.3159599021668,28.159828759912987,0.054742964673680616,0.15909674108288427,2918.0,0.498122226015705,-2.193283070596299,S4,1.0,S4->S4,INVALID,valid,False,False,valid,False,False,False,True,True,True,True,False,False,True,2,2,True,True,False,False,False,300,추가확인,고용감소 25.6%(상위경계 10% 통과) · 산단평균 대비 28.2%p 열위(상위경계 통과) [상위경계 통과했으나 고용 186인 < 300인으로 우선점검 제외],False,False,수주잔량·가동률·휴업/감산·기업 수 변동·고용조정 계획 신고 여부를 확인한다(원인 후보이며 입증된 원인이 아님).,기업지원 기능 + 고용지원 기능,2,규모기준 미만,S4,수주잔량·가동률·휴업/감산·기업 수 변동·고용조정 계획 신고 여부를 확인한다(원인 후보이며 입증된 원인이 아님).,-64.0,-25.6,0.15909674108288427,-2.193283070596299,2,1.0,이전 또는 현재 상태 미확인,False,25.6,28.159828759912987,0.054742964673680616,32.3159599021668,False,추가확인,고용감소 25.6%(상위경계 10% 통과) · 산단평균 대비 28.2%p 열위(상위경계 통과) [상위경계 통과했으나 고용 186인 < 300인으로 우선점검 제외],생산↓·고용↓,E|R,생산,2025Q2
2025Q1,2025-03-31,창원,국가,석유화학,478.24,627.0,84.7207213591029,,43.0,41.0,-43.3165126333038,-1.104100946372244,True,True,True,True,0,kicox_annual_revision,kicox_annual_revision,kicox_annual_revision,kicox_annual_revision,kicox_annual_revision,1,1,1,1,1,0,0,0,0,0,0,0,0,0,0,보정본: 분기공표,보정본: 분기공표,보정본: 분기공표,보정본: 분기공표,보정본: 분기공표,634.0,843.7024999999999,-7.0,-1.104100946372244,-43.316512633303795,116910.0,113992.0,2.5598287599129854,1.104100946372244,43.316512633303795,3.6639297062852294,0.0059875117611838165,0.5363099820374647,2918.0,0.498122226015705,-0.23989033584647018,S4,1.0,S4->S4,INVALID,valid,False,False,valid,False,False,False,False,False,False,False,False,False,True,0,0,False,False,False,False,True,300,관찰,고용 축 진입신호 없음 (생산 43.3% 단독 감소 — 확인질문에 반영),False,True,수주잔량·가동률·휴업/감산·기업 수 변동·고용조정 계획 신고 여부를 확인한다(원인 후보이며 입증된 원인이 아님).,기업지원 기능 + 고용지원 기능,2,,S4,수주잔량·가동률·휴업/감산·기업 수 변동·고용조정 계획 신고 여부를 확인한다(원인 후보이며 입증된 원인이 아님).,-7.0,-1.104100946372244,0.5363099820374647,-0.23989033584647018,2,1.0,이전 또는 현재 상태 미확인,False,1.104100946372244,3.6639297062852294,0.0059875117611838165,43.316512633303795,True,관찰,고용 축 진입신호 없음 (생산 43.3% 단독 감소 — 확인질문에 반영),생산↓·고용↓,없음,생산,2025Q2
2025Q1,2025-03-31,창원,국가,섬유의복,8.1171,34.0,73.01454516015868,,9.0,7.0,-4.896309314586988,-10.526315789473683,True,True,True,False,0,kicox_annual_revision,kicox_annual_revision,kicox_annual_revision,kicox_annual_revision,kicox_annual_revision,1,1,1,1,1,0,0,0,0,0,0,0,0,0,0,보정본: 분기공표,보정본: 분기공표,보정본: 분기공표,보정본: 분기공표,보정본: 분기공표,38.0,8.535,-4.0,-10.526315789473683,-4.896309314586988,116910.0,113992.0,2.5598287599129854,10.526315789473683,4.896309314586988,13.086144549386669,0.0034214352921050385,0.029082199982892822,2918.0,0.498122226015705,-0.1370801919122687,S4,1.0,S4->S4,INVALID,valid,False,False,valid,False,False,False,True,True,True,True,False,False,False,2,2,True,True,False,True,False,300,추가확인,고용감소 10.5%(상위경계 10% 통과) · 산단평균 대비 13.1%p 열위(상위경계 통과) [상위경계 통과했으나 고용 34인 < 300인으로 우선점검 제외],False,False,수주잔량·가동률·휴업/감산·기업 수 변동·고용조정 계획 신고 여부를 확인한다(원인 후보이며 입증된 원인이 아님).,기업지원 기능 + 고용지원 기능,4,규모기준 미만,S4,수주잔량·가동률·휴업/감산·기업 수 변동·고용조정 계획 신고 여부를 확인한다(원인 후보이며 입증된 원인이 아님).,-4.0,-10.526315789473683,0.029082199982892822,-0.1370801919122687,4,1.0,이전 또는 현재 상태 미확인,True,10.526315789473683,13.086144549386669,0.0034214352921050385,4.896309314586988,False,추가확인,고용감소 10.5%(상위경계 10% 통과) · 산단평균 대비 13.1%p 열위(상위경계 통과) [상위경계 통과했으나 고용 34인 < 300인으로 우선점검 제외],생산↓·고용↓,E|R,반복,2025Q2
2025Q1,2025-03-31,창원,국가,운송장비,39050.48430555556,16541.0,91.22149294890312,,253.0,243.0,6.304594063666169,-2.2688330871491917,True,True,True,False,0,kicox_annual_revision,kicox_annual_revision,kicox_annual_revision,kicox_annual_revision,kicox_annual_revision,1,1,1,1,1,0,0,0,0,0,0,0,0,0,0,보정본: 분기공표,보정본: 분기공표,보정본: 분기공표,보정본: 분기공표,보정본: 분기공표,16925.0,36734.521823363626,-384.0,-2.2688330871491913,6.304594063666169,116910.0,113992.0,2.5598287599129854,2.2688330871491913,0.0,4.828661847062177,0.32845778804208364,14.14849029167736,2918.0,0.498122226015705,-13.159698423577792,S2,1.0,S2->S4,INVALID,valid,False,False,valid,False,False,False,False,False,False,False,False,False,False,0,0,False,False,False,False,True,300,관찰,고용 축 진입신호 없음,False,False,"자동화·설비투자, 외주·도급 전환, 미충원·숙련 불일치, 직무구조 변화 가능성을 질문으로 확인한다(원인 후보이며 입증된 원인이 아님).",고용·훈련 기능 + 기업지원 기능,1,,S2,"자동화·설비투자, 외주·도급 전환, 미충원·숙련 불일치, 직무구조 변화 가능성을 질문으로 확인한다(원인 후보이며 입증된 원인이 아님).",-384.0,-2.2688330871491913,14.14849029167736,-13.159698423577792,1,1.0,이전 또는 현재 상태 미확인,False,2.2688330871491913,4.828661847062177,0.32845778804208364,0.0,True,관찰,고용 축 진입신호 없음,생산↑·고용↓,없음,확인된 보강 없음,2025Q2
2025Q1,2025-03-31,창원,국가,음식료,1341.71,800.0,96.33323281494565,,7.0,4.0,-12.937596117034056,-8.883826879271073,True,True,True,False,0,kicox_annual_revision,kicox_annual_revision,kicox_annual_revision,kicox_annual_revision,kicox_annual_revision,1,1,1,1,1,0,0,0,0,0,0,0,0,0,0,보정본: 분기공표,보정본: 분기공표,보정본: 분기공표,보정본: 분기공표,보정본: 분기공표,878.0,1541.09,-78.0,-8.883826879271073,-12.937596117034044,116910.0,113992.0,2.5598287599129854,8.883826879271073,12.937596117034044,11.443655639184058,0.06671798819604824,0.6842870584210076,2918.0,0.498122226015705,-2.6730637422892394,S4,1.0,S4->S4,INVALID,valid,False,False,valid,False,False,False,True,False,True,True,False,False,True,2,1,True,True,False,False,True,300,우선점검,고용감소 8.9%(진입경계 5% 통과) · 산단평균 대비 11.4%p 열위(상위경계 통과) → 보강: 생산 12.9% 감소,False,False,수주잔량·가동률·휴업/감산·기업 수 변동·고용조정 계획 신고 여부를 확인한다(원인 후보이며 입증된 원인이 아님).,기업지원 기능 + 고용지원 기능,1,,S4,수주잔량·가동률·휴업/감산·기업 수 변동·고용조정 계획 신고 여부를 확인한다(원인 후보이며 입증된 원인이 아님).,-78.0,-8.883826879271073,0.6842870584210076,-2.6730637422892394,1,1.0,이전 또는 현재 상태 미확인,False,8.883826879271073,11.443655639184058,0.06671798819604824,12.937596117034044,True,우선점검,고용감소 8.9%(진입경계 5% 통과) · 산단평균 대비 11.4%p 열위(상위경계 통과) → 보강: 생산 12.9% 감소,생산↓·고용↓,E|R,생산,2025Q2
2025Q1,2025-03-31,창원,국가,전기전자,37044.858888888906,28314.0,79.32350370517987,,633.0,573.0,4.325631703897304,-3.1039321036241074,True,True,True,False,0,kicox_annual_revision,kicox_annual_revision,kicox_annual_revision,kicox_annual_revision,kicox_annual_revision,1,1,1,1,1,0,0,0,0,0,0,0,0,0,0,보정본: 분기공표,보정본: 분기공표,보정본: 분기공표,보정본: 분기공표,보정본: 분기공표,29221.0,35508.87570375001,-907.0,-3.1039321036241074,4.325631703897304,116910.0,113992.0,2.5598287599129854,3.1039321036241074,0.0,5.663760863537092,0.7758104524848174,24.218629715165513,2918.0,0.498122226015705,-31.08293351610692,S2,1.0,S2->S4,INVALID,valid,False,False,valid,False,False,False,False,False,True,False,False,False,False,1,0,True,False,False,False,True,300,추가확인,산단평균 대비 5.7%p 열위(진입경계 통과),False,False,"자동화·설비투자, 외주·도급 전환, 미충원·숙련 불일치, 직무구조 변화 가능성을 질문으로 확인한다(원인 후보이며 입증된 원인이 아님).",고용·훈련 기능 + 기업지원 기능,1,,S2,"자동화·설비투자, 외주·도급 전환, 미충원·숙련 불일치, 직무구조 변화 가능성을 질문으로 확인한다(원인 후보이며 입증된 원인이 아님).",-907.0,-3.1039321036241074,24.218629715165513,-31.08293351610692,1,1.0,이전 또는 현재 상태 미확인,False,3.1039321036241074,5.663760863537092,0.7758104524848174,0.0,True,추가확인,산단평균 대비 5.7%p 열위(진입경계 통과),생산↑·고용↓,R,확인된 보강 없음,2025Q2
2025Q1,2025-03-31,창원,국가,철강,13044.26,9753.0,53.45114423489843,,80.0,76.0,-11.307054276940642,4.724578546118319,True,True,True,False,0,kicox_annual_revision,kicox_annual_revision,kicox_annual_revision,kicox_annual_revision,kicox_annual_revision,1,1,1,1,1,0,0,0,0,0,0,0,0,0,0,보정본: 분기공표,보정본: 분기공표,보정본: 분기공표,보정본: 분기공표,보정본: 분기공표,9313.0,14707.2125,440.0,4.724578546118319,-11.307054276940642,116910.0,113992.0,2.5598287599129854,0.0,11.307054276940642,0.0,0.0,8.34231460097511,2918.0,0.498122226015705,15.078821110349555,S3,1.0,S3->S1,INVALID,valid,False,False,valid,False,False,False,False,False,False,False,False,False,True,0,0,False,False,False,False,True,300,관찰,고용 축 진입신호 없음 (생산 11.3% 단독 감소 — 확인질문에 반영),False,True,선제채용·신규 입주기업·고용조정 시차·생산 단가와 물량 구분 가능성을 확인한다.,기업지원 기능(모니터링),5,,S3,선제채용·신규 입주기업·고용조정 시차·생산 단가와 물량 구분 가능성을 확인한다.,440.0,4.724578546118319,8.34231460097511,15.078821110349555,5,1.0,이전 또는 현재 상태 미확인,False,0.0,0.0,0.0,11.307054276940642,True,관찰,고용 축 진입신호 없음 (생산 11.3% 단독 감소 — 확인질문에 반영),생산↓·고용↑,없음,생산,2025Q2
2025Q2,2025-06-30,창원,국가,기계,66747.17383,62763.0,85.50016256,,1535.0,1453.0,21.417558122001637,7.688480148244747,True,True,True,False,0,data_portal_quarterly,data_portal_quarterly,data_portal_quarterly,data_portal_quarterly,data_portal_quarterly,0,0,0,0,0,0,0,0,0,0,0,0,0,0,0,분기공표,분기공표,분기공표,분기공표,분기공표,58282.0,54973.24675475004,4481.0,7.688480148244747,21.417558122001612,119162.0,116299.0,2.4617580546694384,0.0,0.0,0.0,0.0,52.670314361961026,2863.0,0.3998044965786901,156.51414600069856,S1,2.0,S1->S3,S1,valid,False,False,valid,False,False,False,False,False,False,False,False,False,False,0,0,False,False,False,False,True,300,관찰,고용 축 진입신호 없음,False,False,미충원·숙련수요·증가의 지속가능성을 확인한다.,고용·훈련 기능,2,,S1,미충원·숙련수요·증가의 지속가능성을 확인한다.,4481.0,7.688480148244747,52.670314361961026,156.51414600069856,2,2.0,S1 → S1,False,0.0,0.0,0.0,0.0,True,관찰,고용 축 진입신호 없음,생산↑·고용↑,없음,확인된 보강 없음,2025Q3
2025Q2,2025-06-30,창원,국가,기타,82.09,146.0,67.53043764,,37.0,27.0,2.4066200243261004,-15.606936416184968,True,True,True,True,0,data_portal_quarterly,data_portal_quarterly,data_portal_quarterly,data_portal_quarterly,data_portal_quarterly,0,0,0,0,0,0,0,0,0,0,0,0,0,0,0,분기공표,분기공표,분기공표,분기공표,분기공표,173.0,80.16083333333333,-27.0,-15.606936416184968,2.4066200243261004,119162.0,116299.0,2.4617580546694384,15.606936416184968,0.0,18.068694470854407,0.022658229972642285,0.12252228059280643,2863.0,0.3998044965786901,-0.9430667132378624,S2,2.0,S2->S2,S2,valid,False,False,valid,False,False,False,True,True,True,True,False,False,False,2,2,True,True,False,True,False,300,추가확인,고용감소 15.6%(상위경계 10% 통과) · 산단평균 대비 18.1%p 열위(상위경계 통과) [상위경계 통과했으나 고용 146인 < 300인으로 우선점검 제외],False,False,"자동화·설비투자, 외주·도급 전환, 미충원·숙련 불일치, 직무구조 변화 가능성을 질문으로 확인한다(원인 후보이며 입증된 원인이 아님).",고용·훈련 기능 + 기업지원 기능,3,규모기준 미만,S2,"자동화·설비투자, 외주·도급 전환, 미충원·숙련 불일치, 직무구조 변화 가능성을 질문으로 확인한다(원인 후보이며 입증된 원인이 아님).",-27.0,-15.606936416184968,0.12252228059280643,-0.9430667132378624,3,2.0,S2 → S2,True,15.606936416184968,18.068694470854407,0.022658229972642285,0.0,False,추가확인,고용감소 15.6%(상위경계 10% 통과) · 산단평균 대비 18.1%p 열위(상위경계 통과) [상위경계 통과했으나 고용 146인 < 300인으로 우선점검 제외],생산↑·고용↓,E|R,반복,2025Q3
2025Q2,2025-06-30,창원,국가,목재종이,190.43,476.0,68.6976912,,50.0,45.0,135.46213292117466,100.84388185654008,True,True,True,True,0,data_portal_quarterly,data_portal_quarterly,data_portal_quarterly,data_portal_quarterly,data_portal_quarterly,0,0,0,0,0,0,0,0,0,0,0,0,0,0,0,분기공표,분기공표,분기공표,분기공표,분기공표,237.0,80.875,239.0,100.84388185654008,135.46213292117466,119162.0,116299.0,2.4617580546694384,0.0,0.0,0.0,0.0,0.39945620248065655,2863.0,0.3998044965786901,8.347886831994412,S1,2.0,S1->S1,S1,valid,False,False,valid,False,False,False,False,False,False,False,False,False,False,0,0,False,False,False,False,True,300,관찰,고용 축 진입신호 없음,False,False,미충원·숙련수요·증가의 지속가능성을 확인한다.,고용·훈련 기능,3,,S1,미충원·숙련수요·증가의 지속가능성을 확인한다.,239.0,100.84388185654008,0.39945620248065655,8.347886831994412,3,2.0,S1 → S1,False,0.0,0.0,0.0,0.0,True,관찰,고용 축 진입신호 없음,생산↑·고용↑,없음,확인된 보강 없음,2025Q3
2025Q2,2025-06-30,창원,국가,비금속,111.45,185.0,43.18261072,,5.0,5.0,-37.9264251301902,-20.60085836909872,True,True,True,True,0,data_portal_quarterly,data_portal_quarterly,data_portal_quarterly,data_portal_quarterly,data_portal_quarterly,0,0,0,0,0,0,0,0,0,0,0,0,0,0,0,분기공표,분기공표,분기공표,분기공표,분기공표,233.0,179.545,-48.0,-20.600858369098717,-37.9264251301902,119162.0,116299.0,2.4617580546694384,20.600858369098717,37.9264251301902,23.062616423768155,0.040281297729141845,0.15525083499773418,2863.0,0.3998044965786901,-1.6765630457562,S4,2.0,S4->S4,S4,valid,False,False,valid,False,False,False,True,True,True,True,False,False,True,2,2,True,True,False,True,False,300,추가확인,고용감소 20.6%(상위경계 10% 통과) · 산단평균 대비 23.1%p 열위(상위경계 통과) [상위경계 통과했으나 고용 185인 < 300인으로 우선점검 제외],False,False,수주잔량·가동률·휴업/감산·기업 수 변동·고용조정 계획 신고 여부를 확인한다(원인 후보이며 입증된 원인이 아님).,기업지원 기능 + 고용지원 기능,2,규모기준 미만,S4,수주잔량·가동률·휴업/감산·기업 수 변동·고용조정 계획 신고 여부를 확인한다(원인 후보이며 입증된 원인이 아님).,-48.0,-20.600858369098717,0.15525083499773418,-1.6765630457562,2,2.0,S4 → S4,True,20.600858369098717,23.062616423768155,0.040281297729141845,37.9264251301902,False,추가확인,고용감소 20.6%(상위경계 10% 통과) · 산단평균 대비 23.1%p 열위(상위경계 통과) [상위경계 통과했으나 고용 185인 < 300인으로 우선점검 제외],생산↓·고용↓,E|R,생산|반복,2025Q3
2025Q2,2025-06-30,창원,국가,석유화학,449.49,565.0,79.62762848,,45.0,41.0,-50.165702264397424,-10.031847133757966,True,True,True,True,0,data_portal_quarterly,data_portal_quarterly,data_portal_quarterly,data_portal_quarterly,data_portal_quarterly,0,0,0,0,0,0,0,0,0,0,0,0,0,0,0,분기공표,분기공표,분기공표,분기공표,분기공표,628.0,901.9691666666664,-63.0,-10.031847133757966,-50.165702264397424,119162.0,116299.0,2.4617580546694384,10.031847133757966,50.165702264397424,12.493605188427404,0.05286920326949867,0.4741444420201071,2863.0,0.3998044965786901,-2.2004889975550124,S4,2.0,S4->S3,S4,valid,False,False,valid,False,False,False,True,True,True,True,False,False,True,2,2,True,True,False,False,True,300,우선점검,고용감소 10.0%(상위경계 10% 통과) · 산단평균 대비 12.5%p 열위(상위경계 통과) → 보강: 생산 50.2% 감소,False,False,수주잔량·가동률·휴업/감산·기업 수 변동·고용조정 계획 신고 여부를 확인한다(원인 후보이며 입증된 원인이 아님).,기업지원 기능 + 고용지원 기능,2,,S4,수주잔량·가동률·휴업/감산·기업 수 변동·고용조정 계획 신고 여부를 확인한다(원인 후보이며 입증된 원인이 아님).,-63.0,-10.031847133757966,0.4741444420201071,-2.2004889975550124,2,2.0,S4 → S4,False,10.031847133757966,12.493605188427404,0.05286920326949867,50.165702264397424,True,우선점검,고용감소 10.0%(상위경계 10% 통과) · 산단평균 대비 12.5%p 열위(상위경계 통과) → 보강: 생산 50.2% 감소,생산↓·고용↓,E|R,생산,2025Q3
2025Q2,2025-06-30,창원,국가,섬유의복,8.1171,34.0,73.01454516,,9.0,7.0,-2.847396768402155,-10.526315789473683,True,True,True,False,0,data_portal_quarterly,data_portal_quarterly,data_portal_quarterly,data_portal_quarterly,data_portal_quarterly,0,0,0,0,0,0,0,0,0,0,0,0,0,0,0,분기공표,분기공표,분기공표,분기공표,분기공표,38.0,8.355,-4.0,-10.526315789473683,-2.847396768402155,119162.0,116299.0,2.4617580546694384,10.526315789473683,2.847396768402155,12.988073844143122,0.0033567748107618195,0.02853258589147547,2863.0,0.3998044965786901,-0.13971358714635,S4,2.0,S4->S4,S4,valid,False,False,valid,False,False,False,True,True,True,True,False,False,False,2,2,True,True,False,True,False,300,추가확인,고용감소 10.5%(상위경계 10% 통과) · 산단평균 대비 13.0%p 열위(상위경계 통과) [상위경계 통과했으나 고용 34인 < 300인으로 우선점검 제외],False,False,수주잔량·가동률·휴업/감산·기업 수 변동·고용조정 계획 신고 여부를 확인한다(원인 후보이며 입증된 원인이 아님).,기업지원 기능 + 고용지원 기능,4,규모기준 미만,S4,수주잔량·가동률·휴업/감산·기업 수 변동·고용조정 계획 신고 여부를 확인한다(원인 후보이며 입증된 원인이 아님).,-4.0,-10.526315789473683,0.02853258589147547,-0.13971358714635,4,2.0,S4 → S4,True,10.526315789473683,12.988073844143122,0.0033567748107618195,2.847396768402155,False,추가확인,고용감소 10.5%(상위경계 10% 통과) · 산단평균 대비 13.0%p 열위(상위경계 통과) [상위경계 통과했으나 고용 34인 < 300인으로 우선점검 제외],생산↓·고용↓,E|R,반복,2025Q3
2025Q2,2025-06-30,창원,국가,운송장비,39202.48792,16437.0,91.30815673,,252.0,244.0,-1.1127267990946987,-2.1898244570068397,True,True,True,False,0,data_portal_quarterly,data_portal_quarterly,data_portal_quarterly,data_portal_quarterly,data_portal_quarterly,0,0,0,0,0,0,0,0,0,0,0,0,0,0,0,분기공표,분기공표,분기공표,분기공표,분기공표,16805.0,39643.61302627273,-368.0,-2.1898244570068393,-1.1127267990946987,119162.0,116299.0,2.4617580546694384,2.1898244570068393,1.1127267990946987,4.651582511676278,0.30882328259008746,13.79382689112301,2863.0,0.3998044965786901,-12.853650017464199,S4,1.0,S4->S2,S2,valid,False,False,valid,False,False,False,False,False,False,False,False,False,False,0,0,False,False,False,False,True,300,관찰,고용 축 진입신호 없음,False,False,수주잔량·가동률·휴업/감산·기업 수 변동·고용조정 계획 신고 여부를 확인한다(원인 후보이며 입증된 원인이 아님).,기업지원 기능 + 고용지원 기능,1,,S4,수주잔량·가동률·휴업/감산·기업 수 변동·고용조정 계획 신고 여부를 확인한다(원인 후보이며 입증된 원인이 아님).,-368.0,-2.1898244570068393,13.79382689112301,-12.853650017464199,1,1.0,S2 → S4,False,2.1898244570068393,4.651582511676278,0.30882328259008746,1.1127267990946987,True,관찰,고용 축 진입신호 없음,생산↓·고용↓,없음,확인된 보강 없음,2025Q3
2025Q2,2025-06-30,창원,국가,음식료,1310.92,660.0,93.7322141,,7.0,4.0,-18.541992891407546,-30.45310853530031,True,True,True,True,0,data_portal_quarterly,data_portal_quarterly,data_portal_quarterly,data_portal_quarterly,data_portal_quarterly,0,0,0,0,0,0,0,0,0,0,0,0,0,0,0,분기공표,분기공표,분기공표,분기공표,분기공표,949.0,1609.32,-289.0,-30.45310853530031,-18.541992891407546,119162.0,116299.0,2.4617580546694384,30.45310853530031,18.541992891407546,32.91486658996975,0.2425269800775415,0.5538678437757003,2863.0,0.3998044965786901,-10.094306671323785,S4,2.0,S4->S4,S4,valid,False,False,valid,False,False,False,True,True,True,True,False,False,True,2,2,True,True,False,True,True,300,우선점검,고용감소 30.5%(상위경계 10% 통과) · 산단평균 대비 32.9%p 열위(상위경계 통과) → 보강: 생산 18.5% 감소 / 직전 분기에도 진입신호(지속),False,False,수주잔량·가동률·휴업/감산·기업 수 변동·고용조정 계획 신고 여부를 확인한다(원인 후보이며 입증된 원인이 아님).,기업지원 기능 + 고용지원 기능,1,,S4,수주잔량·가동률·휴업/감산·기업 수 변동·고용조정 계획 신고 여부를 확인한다(원인 후보이며 입증된 원인이 아님).,-289.0,-30.45310853530031,0.5538678437757003,-10.094306671323785,1,2.0,S4 → S4,True,30.45310853530031,32.91486658996975,0.2425269800775415,18.541992891407546,True,우선점검,고용감소 30.5%(상위경계 10% 통과) · 산단평균 대비 32.9%p 열위(상위경계 통과) → 보강: 생산 18.5% 감소 / 직전 분기에도 진입신호(지속),생산↓·고용↓,E|R,생산|반복,2025Q3
2025Q2,2025-06-30,창원,국가,전기전자,33655.73,28095.0,77.02966456,,639.0,571.0,-3.498117545216406,-4.584819154355579,True,True,True,False,0,data_portal_quarterly,data_portal_quarterly,data_portal_quarterly,data_portal_quarterly,data_portal_quarterly,0,0,0,0,0,0,0,0,0,0,0,0,0,0,0,분기공표,분기공표,분기공표,분기공표,분기공표,29445.0,34875.72381375001,-1350.0,-4.584819154355579,-3.498117545216406,119162.0,116299.0,2.4617580546694384,4.584819154355579,3.498117545216406,7.046577209025018,1.1329114986321143,23.577147077088334,2863.0,0.3998044965786901,-47.15333566189312,S4,1.0,S4->S4,S2,valid,False,False,valid,False,False,False,False,False,True,False,True,False,False,2,0,True,False,False,True,True,300,추가확인,산단평균 대비 7.0%p 열위(진입경계 통과) · 산단 제조업 고용의 1.13% 감소(진입경계 1.0% 통과),False,False,수주잔량·가동률·휴업/감산·기업 수 변동·고용조정 계획 신고 여부를 확인한다(원인 후보이며 입증된 원인이 아님).,기업지원 기능 + 고용지원 기능,1,,S4,수주잔량·가동률·휴업/감산·기업 수 변동·고용조정 계획 신고 여부를 확인한다(원인 후보이며 입증된 원인이 아님).,-1350.0,-4.584819154355579,23.577147077088334,-47.15333566189312,1,1.0,S2 → S4,True,4.584819154355579,7.046577209025018,1.1329114986321143,3.498117545216406,True,추가확인,산단평균 대비 7.0%p 열위(진입경계 통과) · 산단 제조업 고용의 1.13% 감소(진입경계 1.0% 통과),생산↓·고용↓,R|A,반복,2025Q3
2025Q2,2025-06-30,창원,국가,철강,15438.65,9801.0,63.43900714,,79.0,75.0,1.369630686482437,3.0707750552108504,True,True,True,False,0,data_portal_quarterly,data_portal_quarterly,data_portal_quarterly,data_portal_quarterly,data_portal_quarterly,0,0,0,0,0,0,0,0,0,0,0,0,0,0,0,분기공표,분기공표,분기공표,분기공표,분기공표,9509.0,15230.0545,292.0,3.0707750552108504,1.369630686482437,119162.0,116299.0,2.4617580546694384,0.0,0.0,0.0,0.0,8.22493748006915,2863.0,0.3998044965786901,10.199091861683549,S1,1.0,S1->S2,S3,valid,False,False,valid,False,False,False,False,False,False,False,False,False,False,0,0,False,False,False,False,True,300,관찰,고용 축 진입신호 없음,False,False,미충원·숙련수요·증가의 지속가능성을 확인한다.,고용·훈련 기능,4,,S1,미충원·숙련수요·증가의 지속가능성을 확인한다.,292.0,3.0707750552108504,8.22493748006915,10.199091861683549,4,1.0,S3 → S1,False,0.0,0.0,0.0,0.0,True,관찰,고용 축 진입신호 없음,생산↑·고용↑,없음,확인된 보강 없음,2025Q3
2025Q3,2025-09-30,창원,국가,기계,54619.3335,60445.0,80.42348571,,1541.0,1454.0,-0.0965560400941645,3.3654257229338125,True,True,True,False,0,data_portal_quarterly,data_portal_quarterly,data_portal_quarterly,data_portal_quarterly,data_portal_quarterly,0,0,0,0,0,0,0,0,0,0,0,0,0,0,0,분기공표,분기공표,분기공표,분기공표,분기공표,58477.0,54672.122736750025,1968.0,3.3654257229338125,-0.09655604009416452,116634.0,116432.0,0.173491823553662,0.0,0.09655604009416452,0.0,0.0,51.82451086304165,202.0,0.04713019132057863,,S3,1.0,S3->S1,S1,valid,False,False,valid,False,False,False,False,False,False,False,False,False,False,0,0,False,False,False,False,True,300,관찰,고용 축 진입신호 없음,False,False,선제채용·신규 입주기업·고용조정 시차·생산 단가와 물량 구분 가능성을 확인한다.,기업지원 기능(모니터링),4,,S3,선제채용·신규 입주기업·고용조정 시차·생산 단가와 물량 구분 가능성을 확인한다.,1968.0,3.3654257229338125,51.82451086304165,,4,1.0,S1 → S3,False,0.0,0.0,0.0,0.09655604009416452,True,관찰,고용 축 진입신호 없음,생산↓·고용↑,없음,확인된 보강 없음,2025Q4
2025Q3,2025-09-30,창원,국가,기타,81.89,145.0,67.58831297,,37.0,27.0,3.119785927908092,-16.184971098265898,True,True,True,True,0,data_portal_quarterly,data_portal_quarterly,data_portal_quarterly,data_portal_quarterly,data_portal_quarterly,0,0,0,0,0,0,0,0,0,0,0,0,0,0,0,분기공표,분기공표,분기공표,분기공표,분기공표,173.0,79.4125,-28.0,-16.184971098265898,3.119785927908092,116634.0,116432.0,0.173491823553662,16.184971098265898,0.0,16.35846292181956,0.024006721882126995,0.12432052403244338,202.0,0.04713019132057863,,S2,3.0,S2->S2,S2,valid,False,False,valid,False,False,False,True,True,True,True,False,False,False,2,2,True,True,False,True,False,300,추가확인,고용감소 16.2%(상위경계 10% 통과) · 산단평균 대비 16.4%p 열위(상위경계 통과) [상위경계 통과했으나 고용 145인 < 300인으로 우선점검 제외],False,False,"자동화·설비투자, 외주·도급 전환, 미충원·숙련 불일치, 직무구조 변화 가능성을 질문으로 확인한다(원인 후보이며 입증된 원인이 아님).",고용·훈련 기능 + 기업지원 기능,2,규모기준 미만,S2,"자동화·설비투자, 외주·도급 전환, 미충원·숙련 불일치, 직무구조 변화 가능성을 질문으로 확인한다(원인 후보이며 입증된 원인이 아님).",-28.0,-16.184971098265898,0.12432052403244338,,2,3.0,S2 → S2,True,16.184971098265898,16.35846292181956,0.024006721882126995,0.0,False,추가확인,고용감소 16.2%(상위경계 10% 통과) · 산단평균 대비 16.4%p 열위(상위경계 통과) [상위경계 통과했으나 고용 145인 < 300인으로 우선점검 제외],생산↑·고용↓,E|R,반복,2025Q4
2025Q3,2025-09-30,창원,국가,목재종이,178.87,471.0,66.07683783,,49.0,44.0,129.23234653338457,123.22274881516586,True,True,True,True,0,data_portal_quarterly,data_portal_quarterly,data_portal_quarterly,data_portal_quarterly,data_portal_quarterly,0,0,0,0,0,0,0,0,0,0,0,0,0,0,0,분기공표,분기공표,분기공표,분기공표,분기공표,211.0,78.03,260.0,123.22274881516586,129.23234653338457,116634.0,116432.0,0.173491823553662,0.0,0.0,0.0,0.0,0.4038273573743505,202.0,0.04713019132057863,,S1,3.0,S1->S1,S1,valid,False,False,valid,False,False,False,False,False,False,False,False,False,False,0,0,False,False,False,False,True,300,관찰,고용 축 진입신호 없음,False,False,미충원·숙련수요·증가의 지속가능성을 확인한다.,고용·훈련 기능,5,,S1,미충원·숙련수요·증가의 지속가능성을 확인한다.,260.0,123.22274881516586,0.4038273573743505,,5,3.0,S1 → S1,False,0.0,0.0,0.0,0.0,True,관찰,고용 축 진입신호 없음,생산↑·고용↑,없음,확인된 보강 없음,2025Q4
2025Q3,2025-09-30,창원,국가,비금속,73.12,182.0,30.26740624,,5.0,5.0,-46.38706602632253,-22.881355932203384,True,True,True,True,0,data_portal_quarterly,data_portal_quarterly,data_portal_quarterly,data_portal_quarterly,data_portal_quarterly,0,0,0,0,0,0,0,0,0,0,0,0,0,0,0,분기공표,분기공표,분기공표,분기공표,분기공표,236.0,136.385,-54.0,-22.881355932203384,-46.38706602632253,116634.0,116432.0,0.173491823553662,22.881355932203384,46.38706602632253,23.054847755757045,0.046298677915530634,0.15604369223382547,202.0,0.04713019132057863,,S4,3.0,S4->S2,S4,valid,False,False,valid,False,False,False,True,True,True,True,False,False,True,2,2,True,True,False,True,False,300,추가확인,고용감소 22.9%(상위경계 10% 통과) · 산단평균 대비 23.1%p 열위(상위경계 통과) [상위경계 통과했으나 고용 182인 < 300인으로 우선점검 제외],False,False,수주잔량·가동률·휴업/감산·기업 수 변동·고용조정 계획 신고 여부를 확인한다(원인 후보이며 입증된 원인이 아님).,기업지원 기능 + 고용지원 기능,1,규모기준 미만,S4,수주잔량·가동률·휴업/감산·기업 수 변동·고용조정 계획 신고 여부를 확인한다(원인 후보이며 입증된 원인이 아님).,-54.0,-22.881355932203384,0.15604369223382547,,1,3.0,S4 → S4,True,22.881355932203384,23.054847755757045,0.046298677915530634,46.38706602632253,False,추가확인,고용감소 22.9%(상위경계 10% 통과) · 산단평균 대비 23.1%p 열위(상위경계 통과) [상위경계 통과했으나 고용 182인 < 300인으로 우선점검 제외],생산↓·고용↓,E|R,생산|반복,2025Q4
2025Q3,2025-09-30,창원,국가,석유화학,467.72,639.0,84.35138596,,45.0,43.0,-44.48493192959134,2.5682182985553803,True,True,True,True,0,data_portal_quarterly,data_portal_quarterly,data_portal_quarterly,data_portal_quarterly,data_portal_quarterly,0,0,0,0,0,0,0,0,0,0,0,0,0,0,0,분기공표,분기공표,분기공표,분기공표,분기공표,623.0,842.5100000000001,16.0,2.5682182985553803,-44.48493192959134,116634.0,116432.0,0.173491823553662,0.0,44.48493192959134,0.0,0.0,0.5478676886671126,202.0,0.04713019132057863,,S3,1.0,S3->S3,S4,valid,False,False,valid,False,False,False,False,False,False,False,False,False,True,0,0,False,False,False,False,True,300,관찰,고용 축 진입신호 없음 (생산 44.5% 단독 감소 — 확인질문에 반영),False,True,선제채용·신규 입주기업·고용조정 시차·생산 단가와 물량 구분 가능성을 확인한다.,기업지원 기능(모니터링),6,,S3,선제채용·신규 입주기업·고용조정 시차·생산 단가와 물량 구분 가능성을 확인한다.,16.0,2.5682182985553803,0.5478676886671126,,6,1.0,S4 → S3,False,0.0,0.0,0.0,44.48493192959134,True,관찰,고용 축 진입신호 없음 (생산 44.5% 단독 감소 — 확인질문에 반영),생산↓·고용↑,없음,생산,2025Q4
2025Q3,2025-09-30,창원,국가,섬유의복,8.1171,34.0,73.01454516,,9.0,7.0,-26.8400180261379,-10.526315789473683,True,True,True,False,0,data_portal_quarterly,data_portal_quarterly,data_portal_quarterly,data_portal_quarterly,data_portal_quarterly,0,0,0,0,0,0,0,0,0,0,0,0,0,0,0,분기공표,분기공표,분기공표,분기공표,분기공표,38.0,11.095,-4.0,-10.526315789473683,-26.8400180261379,116634.0,116432.0,0.173491823553662,10.526315789473683,26.8400180261379,10.699807613027346,0.0034295316974467136,0.029151019428297065,202.0,0.04713019132057863,,S4,3.0,S4->N,S4,valid,False,False,valid,False,False,False,True,True,True,True,False,False,True,2,2,True,True,False,True,False,300,추가확인,고용감소 10.5%(상위경계 10% 통과) · 산단평균 대비 10.7%p 열위(상위경계 통과) [상위경계 통과했으나 고용 34인 < 300인으로 우선점검 제외],False,False,수주잔량·가동률·휴업/감산·기업 수 변동·고용조정 계획 신고 여부를 확인한다(원인 후보이며 입증된 원인이 아님).,기업지원 기능 + 고용지원 기능,3,규모기준 미만,S4,수주잔량·가동률·휴업/감산·기업 수 변동·고용조정 계획 신고 여부를 확인한다(원인 후보이며 입증된 원인이 아님).,-4.0,-10.526315789473683,0.029151019428297065,,3,3.0,S4 → S4,True,10.526315789473683,10.699807613027346,0.0034295316974467136,26.8400180261379,False,추가확인,고용감소 10.5%(상위경계 10% 통과) · 산단평균 대비 10.7%p 열위(상위경계 통과) [상위경계 통과했으나 고용 34인 < 300인으로 우선점검 제외],생산↓·고용↓,E|R,생산|반복,2025Q4
2025Q3,2025-09-30,창원,국가,운송장비,43309.09042,16275.0,92.52531478,,251.0,248.0,4.627688865697821,-3.044203502919096,True,True,True,False,0,data_portal_quarterly,data_portal_quarterly,data_portal_quarterly,data_portal_quarterly,data_portal_quarterly,0,0,0,0,0,0,0,0,0,0,0,0,0,0,0,분기공표,분기공표,분기공표,분기공표,분기공표,16786.0,41393.52678963636,-511.0,-3.044203502919096,4.627688865697821,116634.0,116432.0,0.173491823553662,3.044203502919096,0.0,3.217695326472758,0.4381226743488177,13.953907093986317,202.0,0.04713019132057863,,S2,1.0,S2->S4,S4,valid,False,False,valid,False,False,False,False,False,False,False,False,False,False,0,0,False,False,False,False,True,300,관찰,고용 축 진입신호 없음,False,False,"자동화·설비투자, 외주·도급 전환, 미충원·숙련 불일치, 직무구조 변화 가능성을 질문으로 확인한다(원인 후보이며 입증된 원인이 아님).",고용·훈련 기능 + 기업지원 기능,2,,S2,"자동화·설비투자, 외주·도급 전환, 미충원·숙련 불일치, 직무구조 변화 가능성을 질문으로 확인한다(원인 후보이며 입증된 원인이 아님).",-511.0,-3.044203502919096,13.953907093986317,,2,1.0,S4 → S2,False,3.044203502919096,3.217695326472758,0.4381226743488177,0.0,True,관찰,고용 축 진입신호 없음,생산↑·고용↓,없음,확인된 보강 없음,2025Q4
2025Q3,2025-09-30,창원,국가,음식료,1352.63,654.0,93.89482014,,7.0,4.0,-17.463678355900235,-28.368017524644028,True,True,True,True,0,data_portal_quarterly,data_portal_quarterly,data_portal_quarterly,data_portal_quarterly,data_portal_quarterly,0,0,0,0,0,0,0,0,0,0,0,0,0,0,0,분기공표,분기공표,분기공표,분기공표,분기공표,913.0,1638.83,-259.0,-28.368017524644028,-17.463678355900235,116634.0,116432.0,0.173491823553662,28.368017524644028,17.463678355900235,28.54150934819769,0.2220621774096747,0.5607284325325377,202.0,0.04713019132057863,,S4,3.0,S4->S4,S4,valid,False,False,valid,False,False,False,True,True,True,True,False,False,True,2,2,True,True,False,True,True,300,우선점검,고용감소 28.4%(상위경계 10% 통과) · 산단평균 대비 28.5%p 열위(상위경계 통과) → 보강: 생산 17.5% 감소 / 직전 분기에도 진입신호(지속),False,False,수주잔량·가동률·휴업/감산·기업 수 변동·고용조정 계획 신고 여부를 확인한다(원인 후보이며 입증된 원인이 아님).,기업지원 기능 + 고용지원 기능,1,,S4,수주잔량·가동률·휴업/감산·기업 수 변동·고용조정 계획 신고 여부를 확인한다(원인 후보이며 입증된 원인이 아님).,-259.0,-28.368017524644028,0.5607284325325377,,1,3.0,S4 → S4,True,28.368017524644028,28.54150934819769,0.2220621774096747,17.463678355900235,True,우선점검,고용감소 28.4%(상위경계 10% 통과) · 산단평균 대비 28.5%p 열위(상위경계 통과) → 보강: 생산 17.5% 감소 / 직전 분기에도 진입신호(지속),생산↓·고용↓,E|R,생산|반복,2025Q4
2025Q3,2025-09-30,창원,국가,전기전자,33382.45889,28099.0,76.23409537,,634.0,572.0,-0.569387199839877,-3.875889436234259,True,True,True,False,0,data_portal_quarterly,data_portal_quarterly,data_portal_quarterly,data_portal_quarterly,data_portal_quarterly,0,0,0,0,0,0,0,0,0,0,0,0,0,0,0,분기공표,분기공표,분기공표,분기공표,분기공표,29232.0,33573.62280075,-1133.0,-3.875889436234259,-0.5693871998398992,116634.0,116432.0,0.173491823553662,3.875889436234259,0.5693871998398992,4.049381259787921,0.9714148533017817,24.091602791638802,202.0,0.04713019132057863,,S4,2.0,S4->S2,S4,valid,False,False,valid,False,False,False,False,False,False,False,False,False,False,0,0,False,False,False,False,True,300,관찰,고용 축 진입신호 없음,False,False,수주잔량·가동률·휴업/감산·기업 수 변동·고용조정 계획 신고 여부를 확인한다(원인 후보이며 입증된 원인이 아님).,기업지원 기능 + 고용지원 기능,1,,S4,수주잔량·가동률·휴업/감산·기업 수 변동·고용조정 계획 신고 여부를 확인한다(원인 후보이며 입증된 원인이 아님).,-1133.0,-3.875889436234259,24.091602791638802,,1,2.0,S4 → S4,False,3.875889436234259,4.049381259787921,0.9714148533017817,0.5693871998398992,True,관찰,고용 축 진입신호 없음,생산↓·고용↓,없음,확인된 보강 없음,2025Q4
2025Q3,2025-09-30,창원,국가,철강,15478.16,9690.0,64.23976399,,79.0,75.0,11.980076752368271,-0.5439802935440774,True,True,True,False,0,data_portal_quarterly,data_portal_quarterly,data_portal_quarterly,data_portal_quarterly,data_portal_quarterly,0,0,0,0,0,0,0,0,0,0,0,0,0,0,0,분기공표,분기공표,분기공표,분기공표,분기공표,9743.0,13822.2445,-53.0,-0.5439802935440774,11.980076752368252,116634.0,116432.0,0.173491823553662,0.5439802935440774,0.0,0.7174721170977394,0.04544129499116896,8.308040537064663,202.0,0.04713019132057863,,S2,1.0,S2->S2,S1,valid,False,False,valid,False,False,False,False,False,False,False,False,False,False,0,0,False,False,False,False,True,300,관찰,고용 축 진입신호 없음,False,False,"자동화·설비투자, 외주·도급 전환, 미충원·숙련 불일치, 직무구조 변화 가능성을 질문으로 확인한다(원인 후보이며 입증된 원인이 아님).",고용·훈련 기능 + 기업지원 기능,3,,S2,"자동화·설비투자, 외주·도급 전환, 미충원·숙련 불일치, 직무구조 변화 가능성을 질문으로 확인한다(원인 후보이며 입증된 원인이 아님).",-53.0,-0.5439802935440774,8.308040537064663,,3,1.0,S1 → S2,False,0.5439802935440774,0.7174721170977394,0.04544129499116896,0.0,True,관찰,고용 축 진입신호 없음,생산↑·고용↓,없음,확인된 보강 없음,2025Q4
2025Q4,2025-12-31,창원,국가,기계,54735.27441,59349.0,80.3061316,,1553.0,1457.0,3.707439849329264,6.0580067549455885,True,True,True,False,0,data_portal_quarterly,data_portal_quarterly,data_portal_quarterly,data_portal_quarterly,data_portal_quarterly,0,0,0,0,0,0,0,0,0,0,0,0,0,0,0,분기공표,분기공표,분기공표,분기공표,분기공표,55959.0,52778.54172229284,3390.0,6.0580067549455885,3.7074398493292637,115447.0,114574.0,0.7619529736240249,0.0,0.0,0.0,0.0,51.40800540507765,873.0,0.13470143496374015,,S1,1.0,S1->S4,S3,valid,False,False,valid,False,False,False,False,False,False,False,False,False,False,0,0,False,False,False,False,True,300,관찰,고용 축 진입신호 없음,False,False,미충원·숙련수요·증가의 지속가능성을 확인한다.,고용·훈련 기능,2,,S1,미충원·숙련수요·증가의 지속가능성을 확인한다.,3390.0,6.0580067549455885,51.40800540507765,,2,1.0,S3 → S1,False,0.0,0.0,0.0,0.0,True,관찰,고용 축 진입신호 없음,생산↑·고용↑,없음,확인된 보강 없음,2026Q1
2025Q4,2025-12-31,창원,국가,기타,84.06,143.0,68.55884512,,36.0,26.0,5.616902725065187,-27.040816326530614,True,True,True,True,0,data_portal_quarterly,data_portal_quarterly,data_portal_quarterly,data_portal_quarterly,data_portal_quarterly,0,0,0,0,0,0,0,0,0,0,0,0,0,0,0,분기공표,분기공표,분기공표,분기공표,분기공표,196.0,79.58953333333334,-53.0,-27.040816326530614,5.616902725065187,115447.0,114574.0,0.7619529736240249,27.040816326530614,0.0,27.802769300154637,0.04590851213110778,0.12386636291978137,873.0,0.13470143496374015,,S2,4.0,S2->S1,S2,valid,False,False,valid,False,False,False,True,True,True,True,False,False,False,2,2,True,True,False,True,False,300,추가확인,고용감소 27.0%(상위경계 10% 통과) · 산단평균 대비 27.8%p 열위(상위경계 통과) [상위경계 통과했으나 고용 143인 < 300인으로 우선점검 제외],False,False,"자동화·설비투자, 외주·도급 전환, 미충원·숙련 불일치, 직무구조 변화 가능성을 질문으로 확인한다(원인 후보이며 입증된 원인이 아님).",고용·훈련 기능 + 기업지원 기능,4,규모기준 미만,S2,"자동화·설비투자, 외주·도급 전환, 미충원·숙련 불일치, 직무구조 변화 가능성을 질문으로 확인한다(원인 후보이며 입증된 원인이 아님).",-53.0,-27.040816326530614,0.12386636291978137,,4,4.0,S2 → S2,True,27.040816326530614,27.802769300154637,0.04590851213110778,0.0,False,추가확인,고용감소 27.0%(상위경계 10% 통과) · 산단평균 대비 27.8%p 열위(상위경계 통과) [상위경계 통과했으나 고용 143인 < 300인으로 우선점검 제외],생산↑·고용↓,E|R,반복,2026Q1
2025Q4,2025-12-31,창원,국가,목재종이,175.72,471.0,64.79351032,,49.0,45.0,180.21049274437888,120.09345794392524,True,True,True,True,0,data_portal_quarterly,data_portal_quarterly,data_portal_quarterly,data_portal_quarterly,data_portal_quarterly,0,0,0,0,0,0,0,0,0,0,0,0,0,0,0,분기공표,분기공표,분기공표,분기공표,분기공표,214.0,62.71,257.0,120.09345794392523,180.21049274437888,115447.0,114574.0,0.7619529736240249,0.0,0.0,0.0,0.0,0.4079794191273918,873.0,0.13470143496374015,,S1,4.0,S1->S4,S1,valid,False,False,valid,False,False,False,False,False,False,False,False,False,False,0,0,False,False,False,False,True,300,관찰,고용 축 진입신호 없음,False,False,미충원·숙련수요·증가의 지속가능성을 확인한다.,고용·훈련 기능,3,,S1,미충원·숙련수요·증가의 지속가능성을 확인한다.,257.0,120.09345794392523,0.4079794191273918,,3,4.0,S1 → S1,False,0.0,0.0,0.0,0.0,True,관찰,고용 축 진입신호 없음,생산↑·고용↑,없음,확인된 보강 없음,2026Q1
2025Q4,2025-12-31,창원,국가,비금속,133.83,178.0,48.82524626,,5.0,5.0,31.884700665188493,-27.642276422764223,True,True,True,True,0,data_portal_quarterly,data_portal_quarterly,data_portal_quarterly,data_portal_quarterly,data_portal_quarterly,0,0,0,0,0,0,0,0,0,0,0,0,0,0,0,분기공표,분기공표,분기공표,분기공표,분기공표,246.0,101.475,-68.0,-27.642276422764223,31.884700665188493,115447.0,114574.0,0.7619529736240249,27.642276422764223,0.0,28.404229396388246,0.05890148726255338,0.15418330489315443,873.0,0.13470143496374015,,S2,1.0,S2->S2,S4,valid,False,False,valid,False,False,False,True,True,True,True,False,False,False,2,2,True,True,False,True,False,300,추가확인,고용감소 27.6%(상위경계 10% 통과) · 산단평균 대비 28.4%p 열위(상위경계 통과) [상위경계 통과했으나 고용 178인 < 300인으로 우선점검 제외],False,False,"자동화·설비투자, 외주·도급 전환, 미충원·숙련 불일치, 직무구조 변화 가능성을 질문으로 확인한다(원인 후보이며 입증된 원인이 아님).",고용·훈련 기능 + 기업지원 기능,3,규모기준 미만,S2,"자동화·설비투자, 외주·도급 전환, 미충원·숙련 불일치, 직무구조 변화 가능성을 질문으로 확인한다(원인 후보이며 입증된 원인이 아님).",-68.0,-27.642276422764223,0.15418330489315443,,3,1.0,S4 → S2,True,27.642276422764223,28.404229396388246,0.05890148726255338,0.0,False,추가확인,고용감소 27.6%(상위경계 10% 통과) · 산단평균 대비 28.4%p 열위(상위경계 통과) [상위경계 통과했으나 고용 178인 < 300인으로 우선점검 제외],생산↑·고용↓,E|R,반복,2026Q1
2025Q4,2025-12-31,창원,국가,석유화학,439.93,653.0,79.85514875,,47.0,43.0,-38.83673994295156,4.815409309791341,True,True,True,False,0,data_portal_quarterly,data_portal_quarterly,data_portal_quarterly,data_portal_quarterly,data_portal_quarterly,0,0,0,0,0,0,0,0,0,0,0,0,0,0,0,분기공표,분기공표,분기공표,분기공표,분기공표,623.0,719.2716666666668,30.0,4.815409309791341,-38.83673994295156,115447.0,114574.0,0.7619529736240249,0.0,38.83673994295156,0.0,0.0,0.5656275173889318,873.0,0.13470143496374015,,S3,2.0,S3->S4,S3,valid,False,False,valid,False,False,False,False,False,False,False,False,False,True,0,0,False,False,False,False,True,300,관찰,고용 축 진입신호 없음 (생산 38.8% 단독 감소 — 확인질문에 반영),False,True,선제채용·신규 입주기업·고용조정 시차·생산 단가와 물량 구분 가능성을 확인한다.,기업지원 기능(모니터링),4,,S3,선제채용·신규 입주기업·고용조정 시차·생산 단가와 물량 구분 가능성을 확인한다.,30.0,4.815409309791341,0.5656275173889318,,4,2.0,S3 → S3,False,0.0,0.0,0.0,38.83673994295156,True,관찰,고용 축 진입신호 없음 (생산 38.8% 단독 감소 — 확인질문에 반영),생산↓·고용↑,없음,생산,2026Q1
2025Q4,2025-12-31,창원,국가,섬유의복,8.1171,34.0,73.01454516,,9.0,7.0,-18.659812409812403,0.0,True,True,True,False,0,data_portal_quarterly,data_portal_quarterly,data_portal_quarterly,data_portal_quarterly,data_portal_quarterly,0,0,0,0,0,0,0,0,0,0,0,0,0,0,0,분기공표,분기공표,분기공표,분기공표,분기공표,34.0,9.9792,0.0,0.0,-18.659812409812403,115447.0,114574.0,0.7619529736240249,0.0,18.659812409812403,0.7619529736240249,0.0,0.02945074363127669,873.0,0.13470143496374015,,N,,N->N,S4,valid,False,False,valid,False,False,False,False,False,False,False,False,False,True,0,0,False,False,False,False,False,300,관찰,고용 축 진입신호 없음 (생산 18.7% 단독 감소 — 확인질문에 반영),False,True,"원자료상 정확한 0인지 반올림·개정 영향인지, 0이 아닌 축의 방향과 규모를 확인한다.",자료 검토,5,규모기준 미만,N,"원자료상 정확한 0인지 반올림·개정 영향인지, 0이 아닌 축의 방향과 규모를 확인한다.",0.0,0.0,0.02945074363127669,,5,,S4 → N,False,0.0,0.7619529736240249,0.0,18.659812409812403,False,관찰,고용 축 진입신호 없음 (생산 18.7% 단독 감소 — 확인질문에 반영),한 축 이상 정확한 0,없음,생산,2026Q1
2025Q4,2025-12-31,창원,국가,운송장비,46213.96278,16293.0,92.52272966,,253.0,247.0,-13.761383046661424,-5.295280167402927,True,True,True,False,0,data_portal_quarterly,data_portal_quarterly,data_portal_quarterly,data_portal_quarterly,data_portal_quarterly,0,0,0,0,0,0,0,0,0,0,0,0,0,0,0,분기공표,분기공표,분기공표,분기공표,분기공표,17204.0,53588.47858727274,-911.0,-5.295280167402927,-13.761383046661424,115447.0,114574.0,0.7619529736240249,5.295280167402927,13.761383046661424,6.057233141026952,0.7891066896497959,14.112969587776208,873.0,0.13470143496374015,,S4,1.0,S4->S2,S2,valid,False,False,valid,False,False,False,True,False,True,False,False,False,True,2,0,True,False,False,False,True,300,추가확인,고용감소 5.3%(진입경계 5% 통과) · 산단평균 대비 6.1%p 열위(진입경계 통과),False,False,수주잔량·가동률·휴업/감산·기업 수 변동·고용조정 계획 신고 여부를 확인한다(원인 후보이며 입증된 원인이 아님).,기업지원 기능 + 고용지원 기능,2,,S4,수주잔량·가동률·휴업/감산·기업 수 변동·고용조정 계획 신고 여부를 확인한다(원인 후보이며 입증된 원인이 아님).,-911.0,-5.295280167402927,14.112969587776208,,2,1.0,S2 → S4,False,5.295280167402927,6.057233141026952,0.7891066896497959,13.761383046661424,True,추가확인,고용감소 5.3%(진입경계 5% 통과) · 산단평균 대비 6.1%p 열위(진입경계 통과),생산↓·고용↓,E|R,생산,2026Q1
2025Q4,2025-12-31,창원,국가,음식료,1340.59,653.0,93.84073696,,7.0,4.0,-15.288713081501893,-32.6109391124871,True,True,True,True,0,data_portal_quarterly,data_portal_quarterly,data_portal_quarterly,data_portal_quarterly,data_portal_quarterly,0,0,0,0,0,0,0,0,0,0,0,0,0,0,0,분기공표,분기공표,분기공표,분기공표,분기공표,969.0,1582.54,-316.0,-32.6109391124871,-15.288713081501893,115447.0,114574.0,0.7619529736240249,32.6109391124871,15.288713081501893,33.37289208611113,0.27371867610245393,0.5656275173889318,873.0,0.13470143496374015,,S4,4.0,S4->S2,S4,valid,False,False,valid,False,False,False,True,True,True,True,False,False,True,2,2,True,True,False,True,True,300,우선점검,고용감소 32.6%(상위경계 10% 통과) · 산단평균 대비 33.4%p 열위(상위경계 통과) → 보강: 생산 15.3% 감소 / 직전 분기에도 진입신호(지속),False,False,수주잔량·가동률·휴업/감산·기업 수 변동·고용조정 계획 신고 여부를 확인한다(원인 후보이며 입증된 원인이 아님).,기업지원 기능 + 고용지원 기능,1,,S4,수주잔량·가동률·휴업/감산·기업 수 변동·고용조정 계획 신고 여부를 확인한다(원인 후보이며 입증된 원인이 아님).,-316.0,-32.6109391124871,0.5656275173889318,,1,4.0,S4 → S4,True,32.6109391124871,33.37289208611113,0.27371867610245393,15.288713081501893,True,우선점검,고용감소 32.6%(상위경계 10% 통과) · 산단평균 대비 33.4%p 열위(상위경계 통과) → 보강: 생산 15.3% 감소 / 직전 분기에도 진입신호(지속),생산↓·고용↓,E|R,생산|반복,2026Q1
2025Q4,2025-12-31,창원,국가,전기전자,34806.42444,28002.0,77.90497477,,645.0,579.0,0.5775755522494652,-4.729178007621126,True,True,True,False,0,data_portal_quarterly,data_portal_quarterly,data_portal_quarterly,data_portal_quarterly,data_portal_quarterly,0,0,0,0,0,0,0,0,0,0,0,0,0,0,0,분기공표,분기공표,분기공표,분기공표,분기공표,29392.0,34606.54549375001,-1390.0,-4.729178007621126,0.5775755522494652,115447.0,114574.0,0.7619529736240249,4.729178007621126,0.0,5.491130981245151,1.204015695513959,24.25528597538264,873.0,0.13470143496374015,,S2,1.0,S2->S4,S4,valid,False,False,valid,False,False,False,False,False,True,False,True,False,False,2,0,True,False,False,False,True,300,추가확인,산단평균 대비 5.5%p 열위(진입경계 통과) · 산단 제조업 고용의 1.20% 감소(진입경계 1.0% 통과),False,False,"자동화·설비투자, 외주·도급 전환, 미충원·숙련 불일치, 직무구조 변화 가능성을 질문으로 확인한다(원인 후보이며 입증된 원인이 아님).",고용·훈련 기능 + 기업지원 기능,1,,S2,"자동화·설비투자, 외주·도급 전환, 미충원·숙련 불일치, 직무구조 변화 가능성을 질문으로 확인한다(원인 후보이며 입증된 원인이 아님).",-1390.0,-4.729178007621126,24.25528597538264,,1,1.0,S4 → S2,False,4.729178007621126,5.491130981245151,1.204015695513959,0.0,True,추가확인,산단평균 대비 5.5%p 열위(진입경계 통과) · 산단 제조업 고용의 1.20% 감소(진입경계 1.0% 통과),생산↑·고용↓,R|A,확인된 보강 없음,2026Q1
2025Q4,2025-12-31,창원,국가,철강,15378.82,9671.0,62.87128794,,78.0,74.0,4.7096403773498,-0.6778268460511438,True,True,True,False,0,data_portal_quarterly,data_portal_quarterly,data_portal_quarterly,data_portal_quarterly,data_portal_quarterly,0,0,0,0,0,0,0,0,0,0,0,0,0,0,0,분기공표,분기공표,분기공표,분기공표,분기공표,9737.0,14687.109940000002,-66.0,-0.6778268460511438,4.7096403773498,115447.0,114574.0,0.7619529736240249,0.6778268460511438,0.0,1.4397798196751688,0.057169090578360636,8.377004166414025,873.0,0.13470143496374015,,S2,2.0,S2->S2,S2,valid,False,False,valid,False,False,False,False,False,False,False,False,False,False,0,0,False,False,False,False,True,300,관찰,고용 축 진입신호 없음,False,False,"자동화·설비투자, 외주·도급 전환, 미충원·숙련 불일치, 직무구조 변화 가능성을 질문으로 확인한다(원인 후보이며 입증된 원인이 아님).",고용·훈련 기능 + 기업지원 기능,1,,S2,"자동화·설비투자, 외주·도급 전환, 미충원·숙련 불일치, 직무구조 변화 가능성을 질문으로 확인한다(원인 후보이며 입증된 원인이 아님).",-66.0,-0.6778268460511438,8.377004166414025,,1,2.0,S2 → S2,False,0.6778268460511438,1.4397798196751688,0.057169090578360636,0.0,True,관찰,고용 축 진입신호 없음,생산↑·고용↓,없음,확인된 보강 없음,2026Q1
2026Q1,2026-03-31,창원,국가,기계,53182.39562121213,58888.0,81.20676732960955,,1559.0,1462.0,-9.626244330726283,-1.900747971813621,True,True,True,False,0,kicox_annual_revision,kicox_annual_revision,kicox_annual_revision,kicox_annual_revision,kicox_annual_revision,1,1,1,1,1,0,0,0,0,0,0,0,0,0,0,보정본: 분기공표,보정본: 분기공표,보정본: 분기공표,보정본: 분기공표,보정본: 분기공표,60029.0,58847.16777272728,-1141.0,-1.900747971813621,-9.626244330726308,114945.0,116910.0,-1.6807800872466028,1.900747971813621,9.626244330726308,0.21996788456701832,0.9926486580538518,51.231458523641734,-1965.0,0.978098556495769,58.06615776081425,S4,1.0,S4->S4,S1,valid,False,False,valid,False,False,False,False,False,False,False,False,False,True,0,0,False,False,False,False,True,300,관찰,고용 축 진입신호 없음 (생산 9.6% 단독 감소 — 확인질문에 반영),False,True,수주잔량·가동률·휴업/감산·기업 수 변동·고용조정 계획 신고 여부를 확인한다(원인 후보이며 입증된 원인이 아님).,기업지원 기능 + 고용지원 기능,1,,S4,수주잔량·가동률·휴업/감산·기업 수 변동·고용조정 계획 신고 여부를 확인한다(원인 후보이며 입증된 원인이 아님).,-1141.0,-1.900747971813621,51.231458523641734,58.06615776081425,1,1.0,S1 → S4,False,1.900747971813621,0.21996788456701832,0.9926486580538518,9.626244330726308,True,관찰,고용 축 진입신호 없음 (생산 9.6% 단독 감소 — 확인질문에 반영),생산↓·고용↓,없음,생산,2026Q2
2026Q1,2026-03-31,창원,국가,기타,85.56,169.0,69.7708554187393,,36.0,26.0,5.395417590539542,14.965986394557817,True,True,True,False,0,kicox_annual_revision,kicox_annual_revision,kicox_annual_revision,kicox_annual_revision,kicox_annual_revision,1,1,1,1,1,0,0,0,0,0,0,0,0,0,0,보정본: 분기공표,보정본: 분기공표,보정본: 분기공표,보정본: 분기공표,보정본: 분기공표,147.0,81.18,22.0,14.965986394557817,5.395417590539542,114945.0,116910.0,-1.6807800872466028,0.0,0.0,0.0,0.0,0.14702683892296317,-1965.0,0.978098556495769,-1.1195928753180662,S1,1.0,S1->S1,S2,valid,False,False,valid,False,False,False,False,False,False,False,False,False,False,0,0,False,False,False,False,False,300,관찰,고용 축 진입신호 없음,False,False,미충원·숙련수요·증가의 지속가능성을 확인한다.,고용·훈련 기능,7,규모기준 미만,S1,미충원·숙련수요·증가의 지속가능성을 확인한다.,22.0,14.965986394557817,0.14702683892296317,-1.1195928753180662,7,1.0,S2 → S1,False,0.0,0.0,0.0,0.0,False,관찰,고용 축 진입신호 없음,생산↑·고용↑,없음,확인된 보강 없음,2026Q2
2026Q1,2026-03-31,창원,국가,목재종이,157.45,428.0,70.18364981724169,,50.0,46.0,-14.28960261295591,-10.647181628392488,True,True,True,False,0,kicox_annual_revision,kicox_annual_revision,kicox_annual_revision,kicox_annual_revision,kicox_annual_revision,1,1,1,1,1,0,0,0,0,0,0,0,0,0,0,보정본: 분기공표,보정본: 분기공표,보정본: 분기공표,보정본: 분기공표,보정본: 분기공표,479.0,183.7,-51.0,-10.647181628392488,-14.28960261295591,114945.0,116910.0,-1.6807800872466028,10.647181628392488,14.28960261295591,8.966401541145885,0.04436904606550959,0.3723519944321197,-1965.0,0.978098556495769,2.595419847328244,S4,1.0,S4->S4,S1,valid,False,False,valid,False,False,False,True,True,True,False,False,False,True,2,1,True,True,False,False,True,300,우선점검,고용감소 10.6%(상위경계 10% 통과) · 산단평균 대비 9.0%p 열위(진입경계 통과) → 보강: 생산 14.3% 감소,False,False,수주잔량·가동률·휴업/감산·기업 수 변동·고용조정 계획 신고 여부를 확인한다(원인 후보이며 입증된 원인이 아님).,기업지원 기능 + 고용지원 기능,2,,S4,수주잔량·가동률·휴업/감산·기업 수 변동·고용조정 계획 신고 여부를 확인한다(원인 후보이며 입증된 원인이 아님).,-51.0,-10.647181628392488,0.3723519944321197,2.595419847328244,2,1.0,S1 → S4,False,10.647181628392488,8.966401541145885,0.04436904606550959,14.28960261295591,True,우선점검,고용감소 10.6%(상위경계 10% 통과) · 산단평균 대비 9.0%p 열위(진입경계 통과) → 보강: 생산 14.3% 감소,생산↓·고용↓,E|R,생산,2026Q2
2026Q1,2026-03-31,창원,국가,비금속,138.44,182.0,49.24937744574884,,5.0,5.0,40.920195439739416,-2.1505376344086,True,True,True,True,0,kicox_annual_revision,kicox_annual_revision,kicox_annual_revision,kicox_annual_revision,kicox_annual_revision,1,1,1,1,1,0,0,0,0,0,0,0,0,0,0,보정본: 분기공표,보정본: 분기공표,보정본: 분기공표,보정본: 분기공표,보정본: 분기공표,186.0,98.24,-4.0,-2.1505376344086002,40.920195439739416,114945.0,116910.0,-1.6807800872466028,2.1505376344086002,0.0,0.46975754716199747,0.003479925181608595,0.1583365957631911,-1965.0,0.978098556495769,0.2035623409669211,S2,2.0,S2->S2,S2,valid,False,False,valid,False,False,False,False,False,False,False,False,False,False,0,0,False,False,False,False,False,300,관찰,고용 축 진입신호 없음,False,False,"자동화·설비투자, 외주·도급 전환, 미충원·숙련 불일치, 직무구조 변화 가능성을 질문으로 확인한다(원인 후보이며 입증된 원인이 아님).",고용·훈련 기능 + 기업지원 기능,6,규모기준 미만,S2,"자동화·설비투자, 외주·도급 전환, 미충원·숙련 불일치, 직무구조 변화 가능성을 질문으로 확인한다(원인 후보이며 입증된 원인이 아님).",-4.0,-2.1505376344086002,0.1583365957631911,0.2035623409669211,6,2.0,S2 → S2,False,2.1505376344086002,0.46975754716199747,0.003479925181608595,0.0,False,관찰,고용 축 진입신호 없음,생산↑·고용↓,없음,확인된 보강 없음,2026Q2
2026Q1,2026-03-31,창원,국가,석유화학,430.24,622.0,78.09624076527926,,47.0,43.0,-10.036801605888256,-0.797448165869219,True,True,True,False,0,kicox_annual_revision,kicox_annual_revision,kicox_annual_revision,kicox_annual_revision,kicox_annual_revision,1,1,1,1,1,0,0,0,0,0,0,0,0,0,0,보정본: 분기공표,보정본: 분기공표,보정본: 분기공표,보정본: 분기공표,보정본: 분기공표,627.0,478.24,-5.0,-0.797448165869219,-10.036801605888257,114945.0,116910.0,-1.6807800872466028,0.797448165869219,10.036801605888257,0.0,0.004349906477010744,0.5411283657401367,-1965.0,0.978098556495769,0.2544529262086514,S4,1.0,S4->S3,S3,valid,False,False,valid,False,False,False,False,False,False,False,False,False,True,0,0,False,False,False,False,True,300,관찰,고용 축 진입신호 없음 (생산 10.0% 단독 감소 — 확인질문에 반영),False,True,수주잔량·가동률·휴업/감산·기업 수 변동·고용조정 계획 신고 여부를 확인한다(원인 후보이며 입증된 원인이 아님).,기업지원 기능 + 고용지원 기능,5,,S4,수주잔량·가동률·휴업/감산·기업 수 변동·고용조정 계획 신고 여부를 확인한다(원인 후보이며 입증된 원인이 아님).,-5.0,-0.797448165869219,0.5411283657401367,0.2544529262086514,5,1.0,S3 → S4,False,0.797448165869219,0.0,0.004349906477010744,10.036801605888257,True,관찰,고용 축 진입신호 없음 (생산 10.0% 단독 감소 — 확인질문에 반영),생산↓·고용↓,없음,생산,2026Q2
2026Q1,2026-03-31,창원,국가,섬유의복,7.367100000000001,34.0,66.26818145019836,,10.0,8.0,-9.2397531137968,0.0,True,True,True,False,0,kicox_annual_revision,kicox_annual_revision,kicox_annual_revision,kicox_annual_revision,kicox_annual_revision,1,1,1,1,1,0,0,0,0,0,0,0,0,0,0,보정본: 분기공표,보정본: 분기공표,보정본: 분기공표,보정본: 분기공표,보정본: 분기공표,34.0,8.1171,0.0,0.0,-9.2397531137968,114945.0,116910.0,-1.6807800872466028,0.0,9.2397531137968,0.0,0.0,0.02957936404367306,-1965.0,0.978098556495769,-0.0,N,,N->N,N,valid,False,False,valid,False,False,False,False,False,False,False,False,False,True,0,0,False,False,False,False,False,300,관찰,고용 축 진입신호 없음 (생산 9.2% 단독 감소 — 확인질문에 반영),False,True,"원자료상 정확한 0인지 반올림·개정 영향인지, 0이 아닌 축의 방향과 규모를 확인한다.",자료 검토,8,규모기준 미만,N,"원자료상 정확한 0인지 반올림·개정 영향인지, 0이 아닌 축의 방향과 규모를 확인한다.",0.0,0.0,0.02957936404367306,-0.0,8,,N → N,False,0.0,0.0,0.0,9.2397531137968,False,관찰,고용 축 진입신호 없음 (생산 9.2% 단독 감소 — 확인질문에 반영),한 축 이상 정확한 0,없음,생산,2026Q2
2026Q1,2026-03-31,창원,국가,운송장비,46907.35888888889,16375.0,92.542012337215,,252.0,246.0,20.119787815833988,-1.0035668943836562,True,True,True,False,0,kicox_annual_revision,kicox_annual_revision,kicox_annual_revision,kicox_annual_revision,kicox_annual_revision,1,1,1,1,1,0,0,0,0,0,0,0,0,0,0,보정본: 분기공표,보정본: 분기공표,보정본: 분기공표,보정본: 분기공표,보정본: 분기공표,16541.0,39050.48430555556,-166.0,-1.0035668943836562,20.119787815833988,114945.0,116910.0,-1.6807800872466028,1.0035668943836562,0.0,0.0,0.1444168950367567,14.245943712210188,-1965.0,0.978098556495769,8.447837150127228,S2,1.0,S2->S2,S4,valid,False,False,valid,False,False,False,False,False,False,False,False,False,False,0,0,False,False,False,False,True,300,관찰,고용 축 진입신호 없음,False,False,"자동화·설비투자, 외주·도급 전환, 미충원·숙련 불일치, 직무구조 변화 가능성을 질문으로 확인한다(원인 후보이며 입증된 원인이 아님).",고용·훈련 기능 + 기업지원 기능,3,,S2,"자동화·설비투자, 외주·도급 전환, 미충원·숙련 불일치, 직무구조 변화 가능성을 질문으로 확인한다(원인 후보이며 입증된 원인이 아님).",-166.0,-1.0035668943836562,14.245943712210188,8.447837150127228,3,1.0,S4 → S2,False,1.0035668943836562,0.0,0.1444168950367567,0.0,True,관찰,고용 축 진입신호 없음,생산↑·고용↓,없음,확인된 보강 없음,2026Q2
2026Q1,2026-03-31,창원,국가,음식료,1386.89,628.0,94.4992573009362,,7.0,4.0,3.367344657191196,-21.5,True,True,True,True,0,kicox_annual_revision,kicox_annual_revision,kicox_annual_revision,kicox_annual_revision,kicox_annual_revision,1,1,1,1,1,0,0,0,0,0,0,0,0,0,0,보정본: 분기공표,보정본: 분기공표,보정본: 분기공표,보정본: 분기공표,보정본: 분기공표,800.0,1341.71,-172.0,-21.499999999999996,3.367344657191196,114945.0,116910.0,-1.6807800872466028,21.499999999999996,0.0,19.819219912753393,0.14963678280916962,0.5463482535125495,-1965.0,0.978098556495769,8.753180661577609,S2,1.0,S2->S2,S4,valid,False,False,valid,False,False,False,True,True,True,True,False,False,False,2,2,True,True,False,True,True,300,우선점검,고용감소 21.5%(상위경계 10% 통과) · 산단평균 대비 19.8%p 열위(상위경계 통과) → 보강: 직전 분기에도 진입신호(지속),False,False,"자동화·설비투자, 외주·도급 전환, 미충원·숙련 불일치, 직무구조 변화 가능성을 질문으로 확인한다(원인 후보이며 입증된 원인이 아님).",고용·훈련 기능 + 기업지원 기능,1,,S2,"자동화·설비투자, 외주·도급 전환, 미충원·숙련 불일치, 직무구조 변화 가능성을 질문으로 확인한다(원인 후보이며 입증된 원인이 아님).",-172.0,-21.499999999999996,0.5463482535125495,8.753180661577609,1,1.0,S4 → S2,True,21.499999999999996,19.819219912753393,0.14963678280916962,0.0,True,우선점검,고용감소 21.5%(상위경계 10% 통과) · 산단평균 대비 19.8%p 열위(상위경계 통과) → 보강: 직전 분기에도 진입신호(지속),생산↑·고용↓,E|R,반복,2026Q2
2026Q1,2026-03-31,창원,국가,전기전자,34433.41222222222,27944.0,76.60542630167004,,647.0,589.0,-7.049417233574484,-1.3067740340467648,True,True,True,False,0,kicox_annual_revision,kicox_annual_revision,kicox_annual_revision,kicox_annual_revision,kicox_annual_revision,1,1,1,1,1,0,0,0,0,0,0,0,0,0,0,보정본: 분기공표,보정본: 분기공표,보정본: 분기공표,보정본: 분기공표,보정본: 분기공표,28314.0,37044.858888888906,-370.0,-1.3067740340467648,-7.049417233574484,114945.0,116910.0,-1.6807800872466028,1.3067740340467648,7.049417233574484,0.0,0.32189307929879507,24.310757318717645,-1965.0,0.978098556495769,18.829516539440203,S4,1.0,S4->S2,S2,valid,False,False,valid,False,False,False,False,False,False,False,False,False,True,0,0,False,False,False,False,True,300,관찰,고용 축 진입신호 없음 (생산 7.0% 단독 감소 — 확인질문에 반영),False,True,수주잔량·가동률·휴업/감산·기업 수 변동·고용조정 계획 신고 여부를 확인한다(원인 후보이며 입증된 원인이 아님).,기업지원 기능 + 고용지원 기능,2,,S4,수주잔량·가동률·휴업/감산·기업 수 변동·고용조정 계획 신고 여부를 확인한다(원인 후보이며 입증된 원인이 아님).,-370.0,-1.3067740340467648,24.310757318717645,18.829516539440203,2,1.0,S2 → S4,False,1.3067740340467648,0.0,0.32189307929879507,7.049417233574484,True,관찰,고용 축 진입신호 없음 (생산 7.0% 단독 감소 — 확인질문에 반영),생산↓·고용↓,없음,생산,2026Q2
2026Q1,2026-03-31,창원,국가,철강,20065.36,9675.0,63.696158427106106,,80.0,75.0,53.82520740923593,-0.7997539218701943,True,True,True,True,0,kicox_annual_revision,kicox_annual_revision,kicox_annual_revision,kicox_annual_revision,kicox_annual_revision,1,1,1,1,1,0,0,0,0,0,0,0,0,0,0,보정본: 분기공표,보정본: 분기공표,보정본: 분기공표,보정본: 분기공표,보정본: 분기공표,9753.0,13044.26,-78.0,-0.7997539218701943,53.82520740923593,114945.0,116910.0,-1.6807800872466028,0.7997539218701943,0.0,0.0,0.06785854104136761,8.41706903301579,-1965.0,0.978098556495769,3.969465648854962,S2,3.0,S2->S2,S2,valid,False,False,valid,False,False,False,False,False,False,False,False,False,False,0,0,False,False,False,False,True,300,관찰,고용 축 진입신호 없음,False,False,"자동화·설비투자, 외주·도급 전환, 미충원·숙련 불일치, 직무구조 변화 가능성을 질문으로 확인한다(원인 후보이며 입증된 원인이 아님).",고용·훈련 기능 + 기업지원 기능,4,,S2,"자동화·설비투자, 외주·도급 전환, 미충원·숙련 불일치, 직무구조 변화 가능성을 질문으로 확인한다(원인 후보이며 입증된 원인이 아님).",-78.0,-0.7997539218701943,8.41706903301579,3.969465648854962,4,3.0,S2 → S2,False,0.7997539218701943,0.0,0.06785854104136761,0.0,True,관찰,고용 축 진입신호 없음,생산↑·고용↓,없음,확인된 보강 없음,2026Q2
2026Q2,2026-06-30,창원,국가,기계,53699.86956060604,58784.0,80.61136243111459,,1556.0,1458.0,-19.547350877543444,-6.339722447939078,True,True,True,False,0,kicox_annual_revision,kicox_annual_revision,kicox_annual_revision,kicox_annual_revision,kicox_annual_revision,1,1,1,1,1,0,0,0,0,0,0,0,0,0,0,보정본: 분기공표,보정본: 분기공표,보정본: 분기공표,보정본: 분기공표,보정본: 분기공표,62763.0,66747.17383,-3979.0,-6.339722447939078,-19.547350877543444,114830.0,119162.0,-3.635387120055056,6.339722447939078,19.547350877543444,2.704335327884022,3.465122354785335,51.19219716102064,-4332.0,0.9648106904231626,91.85133887349953,S4,2.0,,S4,valid,False,False,valid,False,False,False,True,False,False,False,True,True,True,2,1,True,True,False,False,True,300,우선점검,고용감소 6.3%(진입경계 5% 통과) · 산단 제조업 고용의 3.47% 감소(상위경계 2.0% 통과) → 보강: 생산 19.5% 감소,False,False,수주잔량·가동률·휴업/감산·기업 수 변동·고용조정 계획 신고 여부를 확인한다(원인 후보이며 입증된 원인이 아님).,기업지원 기능 + 고용지원 기능,1,,S4,수주잔량·가동률·휴업/감산·기업 수 변동·고용조정 계획 신고 여부를 확인한다(원인 후보이며 입증된 원인이 아님).,-3979.0,-6.339722447939078,51.19219716102064,91.85133887349953,1,2.0,S4 → S4,False,6.339722447939078,2.704335327884022,3.465122354785335,19.547350877543444,True,우선점검,고용감소 6.3%(진입경계 5% 통과) · 산단 제조업 고용의 3.47% 감소(상위경계 2.0% 통과) → 보강: 생산 19.5% 감소,생산↓·고용↓,E|A,생산,2026Q3
2026Q2,2026-06-30,창원,국가,기타,84.58,171.0,69.14084852448296,,35.0,25.0,3.033256182238997,17.12328767123288,True,True,True,True,0,kicox_annual_revision,kicox_annual_revision,kicox_annual_revision,kicox_annual_revision,kicox_annual_revision,1,1,1,1,1,0,0,0,0,0,0,0,0,0,0,보정본: 분기공표,보정본: 분기공표,보정본: 분기공표,보정본: 분기공표,보정본: 분기공표,146.0,82.09,25.0,17.12328767123288,3.033256182238997,114830.0,119162.0,-3.635387120055056,0.0,0.0,0.0,0.0,0.1489157885569973,-4332.0,0.9648106904231626,-0.577100646352724,S1,2.0,,S1,valid,False,False,valid,False,False,False,False,False,False,False,False,False,False,0,0,False,False,False,False,False,300,관찰,고용 축 진입신호 없음,False,False,미충원·숙련수요·증가의 지속가능성을 확인한다.,고용·훈련 기능,6,규모기준 미만,S1,미충원·숙련수요·증가의 지속가능성을 확인한다.,25.0,17.12328767123288,0.1489157885569973,-0.577100646352724,6,2.0,S1 → S1,False,0.0,0.0,0.0,0.0,False,관찰,고용 축 진입신호 없음,생산↑·고용↑,없음,확인된 보강 없음,2026Q3
2026Q2,2026-06-30,창원,국가,목재종이,165.87,428.0,74.70612079448723,,48.0,44.0,-12.897127553431709,-10.084033613445376,True,True,True,False,0,kicox_annual_revision,kicox_annual_revision,kicox_annual_revision,kicox_annual_revision,kicox_annual_revision,1,1,1,1,1,0,0,0,0,0,0,0,0,0,0,보정본: 분기공표,보정본: 분기공표,보정본: 분기공표,보정본: 분기공표,보정본: 분기공표,476.0,190.43,-48.0,-10.084033613445376,-12.897127553431709,114830.0,119162.0,-3.635387120055056,10.084033613445376,12.897127553431709,6.448646493390321,0.041800923103718544,0.37272489767482364,-4332.0,0.9648106904231626,1.10803324099723,S4,2.0,,S4,valid,False,False,valid,False,False,False,True,True,True,False,False,False,True,2,1,True,True,False,True,True,300,우선점검,고용감소 10.1%(상위경계 10% 통과) · 산단평균 대비 6.4%p 열위(진입경계 통과) → 보강: 생산 12.9% 감소 / 직전 분기에도 진입신호(지속),False,False,수주잔량·가동률·휴업/감산·기업 수 변동·고용조정 계획 신고 여부를 확인한다(원인 후보이며 입증된 원인이 아님).,기업지원 기능 + 고용지원 기능,2,,S4,수주잔량·가동률·휴업/감산·기업 수 변동·고용조정 계획 신고 여부를 확인한다(원인 후보이며 입증된 원인이 아님).,-48.0,-10.084033613445376,0.37272489767482364,1.10803324099723,2,2.0,S4 → S4,True,10.084033613445376,6.448646493390321,0.041800923103718544,12.897127553431709,True,우선점검,고용감소 10.1%(상위경계 10% 통과) · 산단평균 대비 6.4%p 열위(진입경계 통과) → 보강: 생산 12.9% 감소 / 직전 분기에도 진입신호(지속),생산↓·고용↓,E|R,생산|반복,2026Q3
2026Q2,2026-06-30,창원,국가,비금속,162.35,183.0,57.29662961002294,,4.0,4.0,45.67070435172722,-1.0810810810810811,True,True,True,True,0,kicox_annual_revision,kicox_annual_revision,kicox_annual_revision,kicox_annual_revision,kicox_annual_revision,1,1,1,1,1,0,0,0,0,0,0,0,0,0,0,보정본: 분기공표,보정본: 분기공표,보정본: 분기공표,보정본: 분기공표,보정본: 분기공표,185.0,111.45,-2.0,-1.0810810810810811,45.670704351727224,114830.0,119162.0,-3.635387120055056,1.0810810810810811,0.0,0.0,0.001741705129321606,0.15936601933292693,-4332.0,0.9648106904231626,0.04616805170821791,S2,3.0,,S2,valid,False,False,valid,False,False,False,False,False,False,False,False,False,False,0,0,False,False,False,False,False,300,관찰,고용 축 진입신호 없음,False,False,"자동화·설비투자, 외주·도급 전환, 미충원·숙련 불일치, 직무구조 변화 가능성을 질문으로 확인한다(원인 후보이며 입증된 원인이 아님).",고용·훈련 기능 + 기업지원 기능,5,규모기준 미만,S2,"자동화·설비투자, 외주·도급 전환, 미충원·숙련 불일치, 직무구조 변화 가능성을 질문으로 확인한다(원인 후보이며 입증된 원인이 아님).",-2.0,-1.0810810810810811,0.15936601933292693,0.04616805170821791,5,3.0,S2 → S2,False,1.0810810810810811,0.0,0.001741705129321606,0.0,False,관찰,고용 축 진입신호 없음,생산↑·고용↓,없음,확인된 보강 없음,2026Q3
2026Q2,2026-06-30,창원,국가,석유화학,419.24,619.0,76.3073114795872,,49.0,45.0,-6.729849384858399,9.557522123893802,True,True,True,False,0,kicox_annual_revision,kicox_annual_revision,kicox_annual_revision,kicox_annual_revision,kicox_annual_revision,1,1,1,1,1,0,0,0,0,0,0,0,0,0,0,보정본: 분기공표,보정본: 분기공표,보정본: 분기공표,보정본: 분기공표,보정본: 분기공표,565.0,449.49,54.0,9.557522123893802,-6.729849384858399,114830.0,119162.0,-3.635387120055056,0.0,6.729849384858399,0.0,0.0,0.539057737525037,-4332.0,0.9648106904231626,-1.2465373961218837,S3,1.0,,S4,valid,False,False,valid,False,False,False,False,False,False,False,False,False,True,0,0,False,False,False,False,True,300,관찰,고용 축 진입신호 없음 (생산 6.7% 단독 감소 — 확인질문에 반영),False,True,선제채용·신규 입주기업·고용조정 시차·생산 단가와 물량 구분 가능성을 확인한다.,기업지원 기능(모니터링),7,,S3,선제채용·신규 입주기업·고용조정 시차·생산 단가와 물량 구분 가능성을 확인한다.,54.0,9.557522123893802,0.539057737525037,-1.2465373961218837,7,1.0,S4 → S3,False,0.0,0.0,0.0,6.729849384858399,True,관찰,고용 축 진입신호 없음 (생산 6.7% 단독 감소 — 확인질문에 반영),생산↓·고용↑,없음,생산,2026Q3
2026Q2,2026-06-30,창원,국가,섬유의복,7.117100000000001,34.0,64.01939354687823,,10.0,8.0,-12.319670818395734,0.0,True,True,True,False,0,kicox_annual_revision,kicox_annual_revision,kicox_annual_revision,kicox_annual_revision,kicox_annual_revision,1,1,1,1,1,0,0,0,0,0,0,0,0,0,0,보정본: 분기공표,보정본: 분기공표,보정본: 분기공표,보정본: 분기공표,보정본: 분기공표,34.0,8.1171,0.0,0.0,-12.319670818395734,114830.0,119162.0,-3.635387120055056,0.0,12.319670818395734,0.0,0.0,0.029608987198467298,-4332.0,0.9648106904231626,-0.0,N,,,N,valid,False,False,valid,False,False,False,False,False,False,False,False,False,True,0,0,False,False,False,False,False,300,관찰,고용 축 진입신호 없음 (생산 12.3% 단독 감소 — 확인질문에 반영),False,True,"원자료상 정확한 0인지 반올림·개정 영향인지, 0이 아닌 축의 방향과 규모를 확인한다.",자료 검토,8,규모기준 미만,N,"원자료상 정확한 0인지 반올림·개정 영향인지, 0이 아닌 축의 방향과 규모를 확인한다.",0.0,0.0,0.029608987198467298,-0.0,8,,N → N,False,0.0,0.0,0.0,12.319670818395734,False,관찰,고용 축 진입신호 없음 (생산 12.3% 단독 감소 — 확인질문에 반영),한 축 이상 정확한 0,없음,생산,2026Q3
2026Q2,2026-06-30,창원,국가,운송장비,46903.16277777778,16308.0,92.2763222787122,,254.0,245.0,19.64333200865325,-0.7848147472166445,True,True,True,False,0,kicox_annual_revision,kicox_annual_revision,kicox_annual_revision,kicox_annual_revision,kicox_annual_revision,1,1,1,1,1,0,0,0,0,0,0,0,0,0,0,보정본: 분기공표,보정본: 분기공표,보정본: 분기공표,보정본: 분기공표,보정본: 분기공표,16437.0,39202.48792,-129.0,-0.7848147472166445,19.643332008653246,114830.0,119162.0,-3.635387120055056,0.7848147472166445,0.0,0.0,0.11233998084124357,14.201863624488373,-4332.0,0.9648106904231626,2.9778393351800556,S2,2.0,,S2,valid,False,False,valid,False,False,False,False,False,False,False,False,False,False,0,0,False,False,False,False,True,300,관찰,고용 축 진입신호 없음,False,False,"자동화·설비투자, 외주·도급 전환, 미충원·숙련 불일치, 직무구조 변화 가능성을 질문으로 확인한다(원인 후보이며 입증된 원인이 아님).",고용·훈련 기능 + 기업지원 기능,1,,S2,"자동화·설비투자, 외주·도급 전환, 미충원·숙련 불일치, 직무구조 변화 가능성을 질문으로 확인한다(원인 후보이며 입증된 원인이 아님).",-129.0,-0.7848147472166445,14.201863624488373,2.9778393351800556,1,2.0,S2 → S2,False,0.7848147472166445,0.0,0.11233998084124357,0.0,True,관찰,고용 축 진입신호 없음,생산↑·고용↓,없음,확인된 보강 없음,2026Q3
2026Q2,2026-06-30,창원,국가,음식료,1322.37,635.0,92.30430958663148,,7.0,4.0,0.8734323986208103,-3.787878787878785,True,True,True,False,0,kicox_annual_revision,kicox_annual_revision,kicox_annual_revision,kicox_annual_revision,kicox_annual_revision,1,1,1,1,1,0,0,0,0,0,0,0,0,0,0,보정본: 분기공표,보정본: 분기공표,보정본: 분기공표,보정본: 분기공표,보정본: 분기공표,660.0,1310.92,-25.0,-3.7878787878787845,0.8734323986208103,114830.0,119162.0,-3.635387120055056,3.7878787878787845,0.0,0.1524916678237287,0.02177131411652007,0.5529913785596099,-4332.0,0.9648106904231626,0.577100646352724,S2,2.0,,S2,valid,False,False,valid,False,False,False,False,False,False,False,False,False,False,0,0,False,False,False,False,True,300,관찰,고용 축 진입신호 없음,False,False,"자동화·설비투자, 외주·도급 전환, 미충원·숙련 불일치, 직무구조 변화 가능성을 질문으로 확인한다(원인 후보이며 입증된 원인이 아님).",고용·훈련 기능 + 기업지원 기능,4,,S2,"자동화·설비투자, 외주·도급 전환, 미충원·숙련 불일치, 직무구조 변화 가능성을 질문으로 확인한다(원인 후보이며 입증된 원인이 아님).",-25.0,-3.7878787878787845,0.5529913785596099,0.577100646352724,4,2.0,S2 → S2,False,3.7878787878787845,0.1524916678237287,0.02177131411652007,0.0,True,관찰,고용 축 진입신호 없음,생산↑·고용↓,없음,확인된 보강 없음,2026Q3
2026Q2,2026-06-30,창원,국가,전기전자,34563.72,27979.0,76.6519761263072,,651.0,590.0,2.697876409158262,-0.4128848549563968,True,True,True,False,0,kicox_annual_revision,kicox_annual_revision,kicox_annual_revision,kicox_annual_revision,kicox_annual_revision,1,1,1,1,1,0,0,0,0,0,0,0,0,0,0,보정본: 분기공표,보정본: 분기공표,보정본: 분기공표,보정본: 분기공표,보정본: 분기공표,28095.0,33655.73,-116.0,-0.4128848549563968,2.697876409158262,114830.0,119162.0,-3.635387120055056,0.4128848549563968,0.0,0.0,0.10101889750065314,24.365583906644606,-4332.0,0.9648106904231626,2.677746999076639,S2,1.0,,S4,valid,False,False,valid,False,False,False,False,False,False,False,False,False,False,0,0,False,False,False,False,True,300,관찰,고용 축 진입신호 없음,False,False,"자동화·설비투자, 외주·도급 전환, 미충원·숙련 불일치, 직무구조 변화 가능성을 질문으로 확인한다(원인 후보이며 입증된 원인이 아님).",고용·훈련 기능 + 기업지원 기능,2,,S2,"자동화·설비투자, 외주·도급 전환, 미충원·숙련 불일치, 직무구조 변화 가능성을 질문으로 확인한다(원인 후보이며 입증된 원인이 아님).",-116.0,-0.4128848549563968,24.365583906644606,2.677746999076639,2,1.0,S4 → S2,False,0.4128848549563968,0.0,0.10101889750065314,0.0,True,관찰,고용 축 진입신호 없음,생산↑·고용↓,없음,확인된 보강 없음,2026Q3
2026Q2,2026-06-30,창원,국가,철강,20479.17,9689.0,63.682159659013,,80.0,74.0,32.648709569813406,-1.1427405366799317,True,True,True,False,0,kicox_annual_revision,kicox_annual_revision,kicox_annual_revision,kicox_annual_revision,kicox_annual_revision,1,1,1,1,1,0,0,0,0,0,0,0,0,0,0,보정본: 분기공표,보정본: 분기공표,보정본: 분기공표,보정본: 분기공표,보정본: 분기공표,9801.0,15438.65,-112.0,-1.1427405366799315,32.648709569813406,114830.0,119162.0,-3.635387120055056,1.1427405366799315,0.0,0.0,0.09753548724200993,8.437690498998519,-4332.0,0.9648106904231626,2.585410895660203,S2,4.0,,S2,valid,False,False,valid,False,False,False,False,False,False,False,False,False,False,0,0,False,False,False,False,True,300,관찰,고용 축 진입신호 없음,False,False,"자동화·설비투자, 외주·도급 전환, 미충원·숙련 불일치, 직무구조 변화 가능성을 질문으로 확인한다(원인 후보이며 입증된 원인이 아님).",고용·훈련 기능 + 기업지원 기능,3,,S2,"자동화·설비투자, 외주·도급 전환, 미충원·숙련 불일치, 직무구조 변화 가능성을 질문으로 확인한다(원인 후보이며 입증된 원인이 아님).",-112.0,-1.1427405366799315,8.437690498998519,2.585410895660203,3,4.0,S2 → S2,False,1.1427405366799315,0.0,0.09753548724200993,0.0,True,관찰,고용 축 진입신호 없음,생산↑·고용↓,없음,확인된 보강 없음,2026Q3
