industry,quarter,stage,nominal_production_yoy,ppi_mapping_grade,ppi_mapping_uncertainty,n_ppi_candidates,ppi_candidate_items,ppi_adjusted_production_yoy,ppi_adjusted_low,ppi_adjusted_high,ppi_adjusted_band_only,sign_agreement,eis_manufacturing_yoy,mfg_emp_yoy,aggregate_direction,aggregate_yoy_gap_pp,source_category,insured_level,insured_yoy,industry_direction,industry_yoy_gap_pp,mapping_confidence,cross_source_available,cross_source_population_note,trade_export_usd,trade_export_yoy,trade_import_yoy,trade_n_items,trade_mapping_grade,trade_coverage_flag,trade_data_available,trade_coverage_status,trade_unavailable_reason,trade_scope,power_usage_kwh,power_usage_yoy,power_customers,power_customers_yoy,power_data_available,power_scope,bsi_region_business,bsi_region_production,bsi_region_new_orders,bsi_region_operation,bsi_region_labor,bsi_industry_business,bsi_industry_mapping_grade,bsi_data_available,bsi_region_scope,bsi_industry_scope,mfg_flow_period,mfg_flow_workers,mfg_flow_workers_yoy,mfg_flow_acquisitions,mfg_flow_acquisition_yoy,mfg_flow_losses,mfg_flow_loss_yoy,mfg_flow_net,mfg_flow_job_openings,mfg_flow_data_available,mfg_flow_scope
기계,2022Q1,우선점검,14.944670997758426,A,대분류 직접 대응,1,기계및장비,9.899537124865398,9.899537124865398,9.899537124865398,False,True,,0.2392876066111826,비교자료 없음,,,,,비교자료 없음,,,False,KICOX 산단 고용과 고용보험 피보험자는 모집단이 다르다(산단 입주 사업체 vs 창원시 전역 사업장). 수준·점유율 비교 금지.,2741428.0,12.297181825853066,-12.77987320439772,302.0,B,mapped_chapters_only,True,usable,,창원시 전역 통관 · 연도창을 모두 확보한 HS6 합계(업종 수출 총액 아님),1539588752,0.4465055292391939,5842,0.6720661726693056,True,창원시 전역 제조업 총계 전력사용량 · 월→분기 합계. 업종별 값이 아니며 가동률과 개념·모집단이 다르다.,75.0,91.0,86.67,90.67,82.67,82.34,C,True,경상남도 제조업 총계(업종 공통 배경),전국 업종별 심리지수. 창원국가산단 개별 업종의 신호가 아니라 같은 업종의 전국 분위기다.,202201,114014.0,0.9134198367881652,3011.0,-16.011157601115755,2975.0,-8.630221130221127,36.0,592.0,True,창원시 전역 제조업 총계 · 반기 · 표본조사. 업종별 값이 아니며 입직-이직을 KICOX 고용 증감과 같다고 보지 않는다.
기타,2022Q1,관찰,-11.160152281717316,D,대응 항목 없음 — 조정 생산 산출 불가,0,,,,,False,,,0.2392876066111826,비교자료 없음,,,,,비교자료 없음,,,False,KICOX 산단 고용과 고용보험 피보험자는 모집단이 다르다(산단 입주 사업체 vs 창원시 전역 사업장). 수준·점유율 비교 금지.,,,,,,no_data,False,no_mapped_chapter,해당 업종에 귀속 근거가 있는 HS 류가 없다,창원시 전역 통관 · 연도창을 모두 확보한 HS6 합계(업종 수출 총액 아님),1539588752,0.4465055292391939,5842,0.6720661726693056,True,창원시 전역 제조업 총계 전력사용량 · 월→분기 합계. 업종별 값이 아니며 가동률과 개념·모집단이 다르다.,75.0,91.0,86.67,90.67,82.67,,,True,경상남도 제조업 총계(업종 공통 배경),전국 업종별 심리지수. 창원국가산단 개별 업종의 신호가 아니라 같은 업종의 전국 분위기다.,202201,114014.0,0.9134198367881652,3011.0,-16.011157601115755,2975.0,-8.630221130221127,36.0,592.0,True,창원시 전역 제조업 총계 · 반기 · 표본조사. 업종별 값이 아니며 입직-이직을 KICOX 고용 증감과 같다고 보지 않는다.
목재종이,2022Q1,관찰,10.391674306608278,A,대분류 직접 대응,1,목재및종이제품,-4.021573068202599,-4.021573068202599,-4.021573068202599,False,False,,0.2392876066111826,비교자료 없음,,,,,비교자료 없음,,,False,KICOX 산단 고용과 고용보험 피보험자는 모집단이 다르다(산단 입주 사업체 vs 창원시 전역 사업장). 수준·점유율 비교 금지.,,,,,,no_data,False,no_mapped_chapter,해당 업종에 귀속 근거가 있는 HS 류가 없다,창원시 전역 통관 · 연도창을 모두 확보한 HS6 합계(업종 수출 총액 아님),1539588752,0.4465055292391939,5842,0.6720661726693056,True,창원시 전역 제조업 총계 전력사용량 · 월→분기 합계. 업종별 값이 아니며 가동률과 개념·모집단이 다르다.,75.0,91.0,86.67,90.67,82.67,75.67,A,True,경상남도 제조업 총계(업종 공통 배경),전국 업종별 심리지수. 창원국가산단 개별 업종의 신호가 아니라 같은 업종의 전국 분위기다.,202201,114014.0,0.9134198367881652,3011.0,-16.011157601115755,2975.0,-8.630221130221127,36.0,592.0,True,창원시 전역 제조업 총계 · 반기 · 표본조사. 업종별 값이 아니며 입직-이직을 KICOX 고용 증감과 같다고 보지 않는다.
비금속,2022Q1,관찰,10.909265206346165,A,대분류 직접 대응,1,비금속광물제품,1.157751991112299,1.157751991112299,1.157751991112299,False,True,,0.2392876066111826,비교자료 없음,,,,,비교자료 없음,,,False,KICOX 산단 고용과 고용보험 피보험자는 모집단이 다르다(산단 입주 사업체 vs 창원시 전역 사업장). 수준·점유율 비교 금지.,,,,,,no_data,False,no_mapped_chapter,해당 업종에 귀속 근거가 있는 HS 류가 없다,창원시 전역 통관 · 연도창을 모두 확보한 HS6 합계(업종 수출 총액 아님),1539588752,0.4465055292391939,5842,0.6720661726693056,True,창원시 전역 제조업 총계 전력사용량 · 월→분기 합계. 업종별 값이 아니며 가동률과 개념·모집단이 다르다.,75.0,91.0,86.67,90.67,82.67,83.33,A,True,경상남도 제조업 총계(업종 공통 배경),전국 업종별 심리지수. 창원국가산단 개별 업종의 신호가 아니라 같은 업종의 전국 분위기다.,202201,114014.0,0.9134198367881652,3011.0,-16.011157601115755,2975.0,-8.630221130221127,36.0,592.0,True,창원시 전역 제조업 총계 · 반기 · 표본조사. 업종별 값이 아니며 입직-이직을 KICOX 고용 증감과 같다고 보지 않는다.
석유화학,2022Q1,관찰,23.22778977954787,C,복수 후보만 존재 — 가중치 근거 없음. 밴드로만 해석,2,석탄및석유제품|화학제품,,-24.65686601427877,6.57448246453598,True,,,0.2392876066111826,비교자료 없음,,,,,비교자료 없음,,,False,KICOX 산단 고용과 고용보험 피보험자는 모집단이 다르다(산단 입주 사업체 vs 창원시 전역 사업장). 수준·점유율 비교 금지.,,,,,,no_data,False,no_mapped_chapter,해당 업종에 귀속 근거가 있는 HS 류가 없다,창원시 전역 통관 · 연도창을 모두 확보한 HS6 합계(업종 수출 총액 아님),1539588752,0.4465055292391939,5842,0.6720661726693056,True,창원시 전역 제조업 총계 전력사용량 · 월→분기 합계. 업종별 값이 아니며 가동률과 개념·모집단이 다르다.,75.0,91.0,86.67,90.67,82.67,83.67,B,True,경상남도 제조업 총계(업종 공통 배경),전국 업종별 심리지수. 창원국가산단 개별 업종의 신호가 아니라 같은 업종의 전국 분위기다.,202201,114014.0,0.9134198367881652,3011.0,-16.011157601115755,2975.0,-8.630221130221127,36.0,592.0,True,창원시 전역 제조업 총계 · 반기 · 표본조사. 업종별 값이 아니며 입직-이직을 KICOX 고용 증감과 같다고 보지 않는다.
섬유의복,2022Q1,추가확인,100.0,A,대분류 직접 대응,1,섬유및의복,86.29661700247253,86.29661700247253,86.29661700247253,False,True,,0.2392876066111826,비교자료 없음,,,,,비교자료 없음,,,False,KICOX 산단 고용과 고용보험 피보험자는 모집단이 다르다(산단 입주 사업체 vs 창원시 전역 사업장). 수준·점유율 비교 금지.,,,,,,no_data,False,no_mapped_chapter,해당 업종에 귀속 근거가 있는 HS 류가 없다,창원시 전역 통관 · 연도창을 모두 확보한 HS6 합계(업종 수출 총액 아님),1539588752,0.4465055292391939,5842,0.6720661726693056,True,창원시 전역 제조업 총계 전력사용량 · 월→분기 합계. 업종별 값이 아니며 가동률과 개념·모집단이 다르다.,75.0,91.0,86.67,90.67,82.67,79.83,A,True,경상남도 제조업 총계(업종 공통 배경),전국 업종별 심리지수. 창원국가산단 개별 업종의 신호가 아니라 같은 업종의 전국 분위기다.,202201,114014.0,0.9134198367881652,3011.0,-16.011157601115755,2975.0,-8.630221130221127,36.0,592.0,True,창원시 전역 제조업 총계 · 반기 · 표본조사. 업종별 값이 아니며 입직-이직을 KICOX 고용 증감과 같다고 보지 않는다.
운송장비,2022Q1,관찰,4.797502469899695,A,대분류 직접 대응,1,운송장비,2.896367574358649,2.896367574358649,2.896367574358649,False,True,,0.2392876066111826,비교자료 없음,,,,,비교자료 없음,,,False,KICOX 산단 고용과 고용보험 피보험자는 모집단이 다르다(산단 입주 사업체 vs 창원시 전역 사업장). 수준·점유율 비교 금지.,453462.0,-29.78486198898141,4.565458238444031,53.0,A,mapped_chapters_only,True,usable,,창원시 전역 통관 · 연도창을 모두 확보한 HS6 합계(업종 수출 총액 아님),1539588752,0.4465055292391939,5842,0.6720661726693056,True,창원시 전역 제조업 총계 전력사용량 · 월→분기 합계. 업종별 값이 아니며 가동률과 개념·모집단이 다르다.,75.0,91.0,86.67,90.67,82.67,81.0,A,True,경상남도 제조업 총계(업종 공통 배경),전국 업종별 심리지수. 창원국가산단 개별 업종의 신호가 아니라 같은 업종의 전국 분위기다.,202201,114014.0,0.9134198367881652,3011.0,-16.011157601115755,2975.0,-8.630221130221127,36.0,592.0,True,창원시 전역 제조업 총계 · 반기 · 표본조사. 업종별 값이 아니며 입직-이직을 KICOX 고용 증감과 같다고 보지 않는다.
음식료,2022Q1,관찰,3.9010176177881375,A,대분류 직접 대응,1,음식료품,-1.6384110059726176,-1.6384110059726176,-1.6384110059726176,False,False,,0.2392876066111826,비교자료 없음,,,,,비교자료 없음,,,False,KICOX 산단 고용과 고용보험 피보험자는 모집단이 다르다(산단 입주 사업체 vs 창원시 전역 사업장). 수준·점유율 비교 금지.,,,,,,no_data,False,no_mapped_chapter,해당 업종에 귀속 근거가 있는 HS 류가 없다,창원시 전역 통관 · 연도창을 모두 확보한 HS6 합계(업종 수출 총액 아님),1539588752,0.4465055292391939,5842,0.6720661726693056,True,창원시 전역 제조업 총계 전력사용량 · 월→분기 합계. 업종별 값이 아니며 가동률과 개념·모집단이 다르다.,75.0,91.0,86.67,90.67,82.67,76.34,A,True,경상남도 제조업 총계(업종 공통 배경),전국 업종별 심리지수. 창원국가산단 개별 업종의 신호가 아니라 같은 업종의 전국 분위기다.,202201,114014.0,0.9134198367881652,3011.0,-16.011157601115755,2975.0,-8.630221130221127,36.0,592.0,True,창원시 전역 제조업 총계 · 반기 · 표본조사. 업종별 값이 아니며 입직-이직을 KICOX 고용 증감과 같다고 보지 않는다.
전기전자,2022Q1,관찰,25.655306065332702,C,복수 후보만 존재 — 가중치 근거 없음. 밴드로만 해석,2,전기장비|컴퓨터전자및광학기기,,16.646000571399888,24.54781074100827,True,,,0.2392876066111826,비교자료 없음,,,,,비교자료 없음,,,False,KICOX 산단 고용과 고용보험 피보험자는 모집단이 다르다(산단 입주 사업체 vs 창원시 전역 사업장). 수준·점유율 비교 금지.,481476.0,12.343463804468293,14.772593857818617,233.0,B,mapped_chapters_only,True,usable,,창원시 전역 통관 · 연도창을 모두 확보한 HS6 합계(업종 수출 총액 아님),1539588752,0.4465055292391939,5842,0.6720661726693056,True,창원시 전역 제조업 총계 전력사용량 · 월→분기 합계. 업종별 값이 아니며 가동률과 개념·모집단이 다르다.,75.0,91.0,86.67,90.67,82.67,95.34,A,True,경상남도 제조업 총계(업종 공통 배경),전국 업종별 심리지수. 창원국가산단 개별 업종의 신호가 아니라 같은 업종의 전국 분위기다.,202201,114014.0,0.9134198367881652,3011.0,-16.011157601115755,2975.0,-8.630221130221127,36.0,592.0,True,창원시 전역 제조업 총계 · 반기 · 표본조사. 업종별 값이 아니며 입직-이직을 KICOX 고용 증감과 같다고 보지 않는다.
철강,2022Q1,관찰,32.270527263022885,B,상위 범주가 넓어 범위 과대·과소 가능,1,철강1차제품,-2.7571618303738443,-2.7571618303738443,-2.7571618303738443,False,False,,0.2392876066111826,비교자료 없음,,,,,비교자료 없음,,,False,KICOX 산단 고용과 고용보험 피보험자는 모집단이 다르다(산단 입주 사업체 vs 창원시 전역 사업장). 수준·점유율 비교 금지.,313028.0,31.37753603115845,65.49838658749778,197.0,A,mapped_chapters_only,True,usable,,창원시 전역 통관 · 연도창을 모두 확보한 HS6 합계(업종 수출 총액 아님),1539588752,0.4465055292391939,5842,0.6720661726693056,True,창원시 전역 제조업 총계 전력사용량 · 월→분기 합계. 업종별 값이 아니며 가동률과 개념·모집단이 다르다.,75.0,91.0,86.67,90.67,82.67,98.67,B,True,경상남도 제조업 총계(업종 공통 배경),전국 업종별 심리지수. 창원국가산단 개별 업종의 신호가 아니라 같은 업종의 전국 분위기다.,202201,114014.0,0.9134198367881652,3011.0,-16.011157601115755,2975.0,-8.630221130221127,36.0,592.0,True,창원시 전역 제조업 총계 · 반기 · 표본조사. 업종별 값이 아니며 입직-이직을 KICOX 고용 증감과 같다고 보지 않는다.
기계,2022Q2,우선점검,7.70877717312255,A,대분류 직접 대응,1,기계및장비,1.993271107283601,1.993271107283601,1.993271107283601,False,True,,-0.059871020715374,비교자료 없음,,기계·장비,29493.0,,비교자료 없음,,B,False,KICOX 산단 고용과 고용보험 피보험자는 모집단이 다르다(산단 입주 사업체 vs 창원시 전역 사업장). 수준·점유율 비교 금지.,2638961.0,-4.166442724894437,1.8344920141041945,304.0,B,mapped_chapters_only,True,usable,,창원시 전역 통관 · 연도창을 모두 확보한 HS6 합계(업종 수출 총액 아님),1544695418,-0.2801305158852574,5870,0.3247308152452666,True,창원시 전역 제조업 총계 전력사용량 · 월→분기 합계. 업종별 값이 아니며 가동률과 개념·모집단이 다르다.,74.33,92.33,89.67,90.33,74.67,79.34,C,True,경상남도 제조업 총계(업종 공통 배경),전국 업종별 심리지수. 창원국가산단 개별 업종의 신호가 아니라 같은 업종의 전국 분위기다.,202201,114014.0,0.9134198367881652,3011.0,-16.011157601115755,2975.0,-8.630221130221127,36.0,592.0,True,창원시 전역 제조업 총계 · 반기 · 표본조사. 업종별 값이 아니며 입직-이직을 KICOX 고용 증감과 같다고 보지 않는다.
기타,2022Q2,관찰,-20.41127034589721,D,대응 항목 없음 — 조정 생산 산출 불가,0,,,,,False,,,-0.059871020715374,비교자료 없음,,,,,비교자료 없음,,,False,KICOX 산단 고용과 고용보험 피보험자는 모집단이 다르다(산단 입주 사업체 vs 창원시 전역 사업장). 수준·점유율 비교 금지.,,,,,,no_data,False,no_mapped_chapter,해당 업종에 귀속 근거가 있는 HS 류가 없다,창원시 전역 통관 · 연도창을 모두 확보한 HS6 합계(업종 수출 총액 아님),1544695418,-0.2801305158852574,5870,0.3247308152452666,True,창원시 전역 제조업 총계 전력사용량 · 월→분기 합계. 업종별 값이 아니며 가동률과 개념·모집단이 다르다.,74.33,92.33,89.67,90.33,74.67,,,True,경상남도 제조업 총계(업종 공통 배경),전국 업종별 심리지수. 창원국가산단 개별 업종의 신호가 아니라 같은 업종의 전국 분위기다.,202201,114014.0,0.9134198367881652,3011.0,-16.011157601115755,2975.0,-8.630221130221127,36.0,592.0,True,창원시 전역 제조업 총계 · 반기 · 표본조사. 업종별 값이 아니며 입직-이직을 KICOX 고용 증감과 같다고 보지 않는다.
목재종이,2022Q2,관찰,14.229695034439294,A,대분류 직접 대응,1,목재및종이제품,4.256642255085574,4.256642255085574,4.256642255085574,False,True,,-0.059871020715374,비교자료 없음,,,,,비교자료 없음,,,False,KICOX 산단 고용과 고용보험 피보험자는 모집단이 다르다(산단 입주 사업체 vs 창원시 전역 사업장). 수준·점유율 비교 금지.,,,,,,no_data,False,no_mapped_chapter,해당 업종에 귀속 근거가 있는 HS 류가 없다,창원시 전역 통관 · 연도창을 모두 확보한 HS6 합계(업종 수출 총액 아님),1544695418,-0.2801305158852574,5870,0.3247308152452666,True,창원시 전역 제조업 총계 전력사용량 · 월→분기 합계. 업종별 값이 아니며 가동률과 개념·모집단이 다르다.,74.33,92.33,89.67,90.33,74.67,67.16,A,True,경상남도 제조업 총계(업종 공통 배경),전국 업종별 심리지수. 창원국가산단 개별 업종의 신호가 아니라 같은 업종의 전국 분위기다.,202201,114014.0,0.9134198367881652,3011.0,-16.011157601115755,2975.0,-8.630221130221127,36.0,592.0,True,창원시 전역 제조업 총계 · 반기 · 표본조사. 업종별 값이 아니며 입직-이직을 KICOX 고용 증감과 같다고 보지 않는다.
비금속,2022Q2,관찰,5.278299896428695,A,대분류 직접 대응,1,비금속광물제품,-6.4139341942358925,-6.4139341942358925,-6.4139341942358925,False,False,,-0.059871020715374,비교자료 없음,,,,,비교자료 없음,,,False,KICOX 산단 고용과 고용보험 피보험자는 모집단이 다르다(산단 입주 사업체 vs 창원시 전역 사업장). 수준·점유율 비교 금지.,,,,,,no_data,False,no_mapped_chapter,해당 업종에 귀속 근거가 있는 HS 류가 없다,창원시 전역 통관 · 연도창을 모두 확보한 HS6 합계(업종 수출 총액 아님),1544695418,-0.2801305158852574,5870,0.3247308152452666,True,창원시 전역 제조업 총계 전력사용량 · 월→분기 합계. 업종별 값이 아니며 가동률과 개념·모집단이 다르다.,74.33,92.33,89.67,90.33,74.67,79.67,A,True,경상남도 제조업 총계(업종 공통 배경),전국 업종별 심리지수. 창원국가산단 개별 업종의 신호가 아니라 같은 업종의 전국 분위기다.,202201,114014.0,0.9134198367881652,3011.0,-16.011157601115755,2975.0,-8.630221130221127,36.0,592.0,True,창원시 전역 제조업 총계 · 반기 · 표본조사. 업종별 값이 아니며 입직-이직을 KICOX 고용 증감과 같다고 보지 않는다.
석유화학,2022Q2,관찰,33.09172156190328,C,복수 후보만 존재 — 가중치 근거 없음. 밴드로만 해석,2,석탄및석유제품|화학제품,,-26.869563978834577,15.413781160215011,True,,,-0.059871020715374,비교자료 없음,,,,,비교자료 없음,,,False,KICOX 산단 고용과 고용보험 피보험자는 모집단이 다르다(산단 입주 사업체 vs 창원시 전역 사업장). 수준·점유율 비교 금지.,,,,,,no_data,False,no_mapped_chapter,해당 업종에 귀속 근거가 있는 HS 류가 없다,창원시 전역 통관 · 연도창을 모두 확보한 HS6 합계(업종 수출 총액 아님),1544695418,-0.2801305158852574,5870,0.3247308152452666,True,창원시 전역 제조업 총계 전력사용량 · 월→분기 합계. 업종별 값이 아니며 가동률과 개념·모집단이 다르다.,74.33,92.33,89.67,90.33,74.67,79.89,B,True,경상남도 제조업 총계(업종 공통 배경),전국 업종별 심리지수. 창원국가산단 개별 업종의 신호가 아니라 같은 업종의 전국 분위기다.,202201,114014.0,0.9134198367881652,3011.0,-16.011157601115755,2975.0,-8.630221130221127,36.0,592.0,True,창원시 전역 제조업 총계 · 반기 · 표본조사. 업종별 값이 아니며 입직-이직을 KICOX 고용 증감과 같다고 보지 않는다.
섬유의복,2022Q2,추가확인,220.00000000000009,A,대분류 직접 대응,1,섬유및의복,194.9783902057662,194.9783902057662,194.9783902057662,False,True,,-0.059871020715374,비교자료 없음,,,,,비교자료 없음,,,False,KICOX 산단 고용과 고용보험 피보험자는 모집단이 다르다(산단 입주 사업체 vs 창원시 전역 사업장). 수준·점유율 비교 금지.,,,,,,no_data,False,no_mapped_chapter,해당 업종에 귀속 근거가 있는 HS 류가 없다,창원시 전역 통관 · 연도창을 모두 확보한 HS6 합계(업종 수출 총액 아님),1544695418,-0.2801305158852574,5870,0.3247308152452666,True,창원시 전역 제조업 총계 전력사용량 · 월→분기 합계. 업종별 값이 아니며 가동률과 개념·모집단이 다르다.,74.33,92.33,89.67,90.33,74.67,74.83,A,True,경상남도 제조업 총계(업종 공통 배경),전국 업종별 심리지수. 창원국가산단 개별 업종의 신호가 아니라 같은 업종의 전국 분위기다.,202201,114014.0,0.9134198367881652,3011.0,-16.011157601115755,2975.0,-8.630221130221127,36.0,592.0,True,창원시 전역 제조업 총계 · 반기 · 표본조사. 업종별 값이 아니며 입직-이직을 KICOX 고용 증감과 같다고 보지 않는다.
운송장비,2022Q2,관찰,6.588441837118797,A,대분류 직접 대응,1,운송장비,4.695991641877462,4.695991641877462,4.695991641877462,False,True,,-0.059871020715374,비교자료 없음,,자동차·부품,16935.0,,비교자료 없음,,C,False,KICOX 산단 고용과 고용보험 피보험자는 모집단이 다르다(산단 입주 사업체 vs 창원시 전역 사업장). 수준·점유율 비교 금지.,603731.0,27.70213531035504,-12.34145171605201,61.0,A,mapped_chapters_only,True,usable,,창원시 전역 통관 · 연도창을 모두 확보한 HS6 합계(업종 수출 총액 아님),1544695418,-0.2801305158852574,5870,0.3247308152452666,True,창원시 전역 제조업 총계 전력사용량 · 월→분기 합계. 업종별 값이 아니며 가동률과 개념·모집단이 다르다.,74.33,92.33,89.67,90.33,74.67,75.5,A,True,경상남도 제조업 총계(업종 공통 배경),전국 업종별 심리지수. 창원국가산단 개별 업종의 신호가 아니라 같은 업종의 전국 분위기다.,202201,114014.0,0.9134198367881652,3011.0,-16.011157601115755,2975.0,-8.630221130221127,36.0,592.0,True,창원시 전역 제조업 총계 · 반기 · 표본조사. 업종별 값이 아니며 입직-이직을 KICOX 고용 증감과 같다고 보지 않는다.
음식료,2022Q2,관찰,4.56620557350389,A,대분류 직접 대응,1,음식료품,-3.2541825940956004,-3.2541825940956004,-3.2541825940956004,False,False,,-0.059871020715374,비교자료 없음,,,,,비교자료 없음,,,False,KICOX 산단 고용과 고용보험 피보험자는 모집단이 다르다(산단 입주 사업체 vs 창원시 전역 사업장). 수준·점유율 비교 금지.,,,,,,no_data,False,no_mapped_chapter,해당 업종에 귀속 근거가 있는 HS 류가 없다,창원시 전역 통관 · 연도창을 모두 확보한 HS6 합계(업종 수출 총액 아님),1544695418,-0.2801305158852574,5870,0.3247308152452666,True,창원시 전역 제조업 총계 전력사용량 · 월→분기 합계. 업종별 값이 아니며 가동률과 개념·모집단이 다르다.,74.33,92.33,89.67,90.33,74.67,79.0,A,True,경상남도 제조업 총계(업종 공통 배경),전국 업종별 심리지수. 창원국가산단 개별 업종의 신호가 아니라 같은 업종의 전국 분위기다.,202201,114014.0,0.9134198367881652,3011.0,-16.011157601115755,2975.0,-8.630221130221127,36.0,592.0,True,창원시 전역 제조업 총계 · 반기 · 표본조사. 업종별 값이 아니며 입직-이직을 KICOX 고용 증감과 같다고 보지 않는다.
전기전자,2022Q2,관찰,19.06658814361053,C,복수 후보만 존재 — 가중치 근거 없음. 밴드로만 해석,2,전기장비|컴퓨터전자및광학기기,,11.738108009327064,22.390421938150705,True,,,-0.059871020715374,비교자료 없음,,전기장비,18198.0,,비교자료 없음,,C,False,KICOX 산단 고용과 고용보험 피보험자는 모집단이 다르다(산단 입주 사업체 vs 창원시 전역 사업장). 수준·점유율 비교 금지.,440082.0,8.456823743675557,-6.182343373156096,237.0,B,mapped_chapters_only,True,usable,,창원시 전역 통관 · 연도창을 모두 확보한 HS6 합계(업종 수출 총액 아님),1544695418,-0.2801305158852574,5870,0.3247308152452666,True,창원시 전역 제조업 총계 전력사용량 · 월→분기 합계. 업종별 값이 아니며 가동률과 개념·모집단이 다르다.,74.33,92.33,89.67,90.33,74.67,94.5,A,True,경상남도 제조업 총계(업종 공통 배경),전국 업종별 심리지수. 창원국가산단 개별 업종의 신호가 아니라 같은 업종의 전국 분위기다.,202201,114014.0,0.9134198367881652,3011.0,-16.011157601115755,2975.0,-8.630221130221127,36.0,592.0,True,창원시 전역 제조업 총계 · 반기 · 표본조사. 업종별 값이 아니며 입직-이직을 KICOX 고용 증감과 같다고 보지 않는다.
철강,2022Q2,관찰,26.842212567625488,B,상위 범주가 넓어 범위 과대·과소 가능,1,철강1차제품,-2.591596922684236,-2.591596922684236,-2.591596922684236,False,False,,-0.059871020715374,비교자료 없음,,,,,비교자료 없음,,,False,KICOX 산단 고용과 고용보험 피보험자는 모집단이 다르다(산단 입주 사업체 vs 창원시 전역 사업장). 수준·점유율 비교 금지.,282416.0,0.0446349498742337,26.15566403001084,191.0,A,mapped_chapters_only,True,usable,,창원시 전역 통관 · 연도창을 모두 확보한 HS6 합계(업종 수출 총액 아님),1544695418,-0.2801305158852574,5870,0.3247308152452666,True,창원시 전역 제조업 총계 전력사용량 · 월→분기 합계. 업종별 값이 아니며 가동률과 개념·모집단이 다르다.,74.33,92.33,89.67,90.33,74.67,101.33,B,True,경상남도 제조업 총계(업종 공통 배경),전국 업종별 심리지수. 창원국가산단 개별 업종의 신호가 아니라 같은 업종의 전국 분위기다.,202201,114014.0,0.9134198367881652,3011.0,-16.011157601115755,2975.0,-8.630221130221127,36.0,592.0,True,창원시 전역 제조업 총계 · 반기 · 표본조사. 업종별 값이 아니며 입직-이직을 KICOX 고용 증감과 같다고 보지 않는다.
기계,2022Q3,우선점검,9.803121847841489,A,대분류 직접 대응,1,기계및장비,3.6834616236554254,3.6834616236554254,3.6834616236554254,False,True,,-0.2294191211350216,비교자료 없음,,,,,비교자료 없음,,,False,KICOX 산단 고용과 고용보험 피보험자는 모집단이 다르다(산단 입주 사업체 vs 창원시 전역 사업장). 수준·점유율 비교 금지.,2292183.0,-10.269627636940438,4.001988170386195,324.0,B,mapped_chapters_only,True,usable,,창원시 전역 통관 · 연도창을 모두 확보한 HS6 합계(업종 수출 총액 아님),1503787868,-1.0811087295827917,5881,1.4665286404416775,True,창원시 전역 제조업 총계 전력사용량 · 월→분기 합계. 업종별 값이 아니며 가동률과 개념·모집단이 다르다.,68.0,90.33,83.67,87.67,77.33,78.34,C,True,경상남도 제조업 총계(업종 공통 배경),전국 업종별 심리지수. 창원국가산단 개별 업종의 신호가 아니라 같은 업종의 전국 분위기다.,202202,115700.0,1.826182618261818,2063.0,-50.313102119460495,2617.0,-27.687206410610663,-554.0,408.0,True,창원시 전역 제조업 총계 · 반기 · 표본조사. 업종별 값이 아니며 입직-이직을 KICOX 고용 증감과 같다고 보지 않는다.
기타,2022Q3,관찰,-13.014523864136596,D,대응 항목 없음 — 조정 생산 산출 불가,0,,,,,False,,,-0.2294191211350216,비교자료 없음,,,,,비교자료 없음,,,False,KICOX 산단 고용과 고용보험 피보험자는 모집단이 다르다(산단 입주 사업체 vs 창원시 전역 사업장). 수준·점유율 비교 금지.,,,,,,no_data,False,no_mapped_chapter,해당 업종에 귀속 근거가 있는 HS 류가 없다,창원시 전역 통관 · 연도창을 모두 확보한 HS6 합계(업종 수출 총액 아님),1503787868,-1.0811087295827917,5881,1.4665286404416775,True,창원시 전역 제조업 총계 전력사용량 · 월→분기 합계. 업종별 값이 아니며 가동률과 개념·모집단이 다르다.,68.0,90.33,83.67,87.67,77.33,,,True,경상남도 제조업 총계(업종 공통 배경),전국 업종별 심리지수. 창원국가산단 개별 업종의 신호가 아니라 같은 업종의 전국 분위기다.,202202,115700.0,1.826182618261818,2063.0,-50.313102119460495,2617.0,-27.687206410610663,-554.0,408.0,True,창원시 전역 제조업 총계 · 반기 · 표본조사. 업종별 값이 아니며 입직-이직을 KICOX 고용 증감과 같다고 보지 않는다.
목재종이,2022Q3,관찰,8.598726106527387,A,대분류 직접 대응,1,목재및종이제품,0.7299772882099598,0.7299772882099598,0.7299772882099598,False,True,,-0.2294191211350216,비교자료 없음,,,,,비교자료 없음,,,False,KICOX 산단 고용과 고용보험 피보험자는 모집단이 다르다(산단 입주 사업체 vs 창원시 전역 사업장). 수준·점유율 비교 금지.,,,,,,no_data,False,no_mapped_chapter,해당 업종에 귀속 근거가 있는 HS 류가 없다,창원시 전역 통관 · 연도창을 모두 확보한 HS6 합계(업종 수출 총액 아님),1503787868,-1.0811087295827917,5881,1.4665286404416775,True,창원시 전역 제조업 총계 전력사용량 · 월→분기 합계. 업종별 값이 아니며 가동률과 개념·모집단이 다르다.,68.0,90.33,83.67,87.67,77.33,60.34,A,True,경상남도 제조업 총계(업종 공통 배경),전국 업종별 심리지수. 창원국가산단 개별 업종의 신호가 아니라 같은 업종의 전국 분위기다.,202202,115700.0,1.826182618261818,2063.0,-50.313102119460495,2617.0,-27.687206410610663,-554.0,408.0,True,창원시 전역 제조업 총계 · 반기 · 표본조사. 업종별 값이 아니며 입직-이직을 KICOX 고용 증감과 같다고 보지 않는다.
비금속,2022Q3,관찰,33.69884553316507,A,대분류 직접 대응,1,비금속광물제품,15.74852092385559,15.74852092385559,15.74852092385559,False,True,,-0.2294191211350216,비교자료 없음,,,,,비교자료 없음,,,False,KICOX 산단 고용과 고용보험 피보험자는 모집단이 다르다(산단 입주 사업체 vs 창원시 전역 사업장). 수준·점유율 비교 금지.,,,,,,no_data,False,no_mapped_chapter,해당 업종에 귀속 근거가 있는 HS 류가 없다,창원시 전역 통관 · 연도창을 모두 확보한 HS6 합계(업종 수출 총액 아님),1503787868,-1.0811087295827917,5881,1.4665286404416775,True,창원시 전역 제조업 총계 전력사용량 · 월→분기 합계. 업종별 값이 아니며 가동률과 개념·모집단이 다르다.,68.0,90.33,83.67,87.67,77.33,65.67,A,True,경상남도 제조업 총계(업종 공통 배경),전국 업종별 심리지수. 창원국가산단 개별 업종의 신호가 아니라 같은 업종의 전국 분위기다.,202202,115700.0,1.826182618261818,2063.0,-50.313102119460495,2617.0,-27.687206410610663,-554.0,408.0,True,창원시 전역 제조업 총계 · 반기 · 표본조사. 업종별 값이 아니며 입직-이직을 KICOX 고용 증감과 같다고 보지 않는다.
석유화학,2022Q3,관찰,21.39101631360414,C,복수 후보만 존재 — 가중치 근거 없음. 밴드로만 해석,2,석탄및석유제품|화학제품,,-21.74483945342413,9.201492531089883,True,,,-0.2294191211350216,비교자료 없음,,,,,비교자료 없음,,,False,KICOX 산단 고용과 고용보험 피보험자는 모집단이 다르다(산단 입주 사업체 vs 창원시 전역 사업장). 수준·점유율 비교 금지.,,,,,,no_data,False,no_mapped_chapter,해당 업종에 귀속 근거가 있는 HS 류가 없다,창원시 전역 통관 · 연도창을 모두 확보한 HS6 합계(업종 수출 총액 아님),1503787868,-1.0811087295827917,5881,1.4665286404416775,True,창원시 전역 제조업 총계 전력사용량 · 월→분기 합계. 업종별 값이 아니며 가동률과 개념·모집단이 다르다.,68.0,90.33,83.67,87.67,77.33,69.0,B,True,경상남도 제조업 총계(업종 공통 배경),전국 업종별 심리지수. 창원국가산단 개별 업종의 신호가 아니라 같은 업종의 전국 분위기다.,202202,115700.0,1.826182618261818,2063.0,-50.313102119460495,2617.0,-27.687206410610663,-554.0,408.0,True,창원시 전역 제조업 총계 · 반기 · 표본조사. 업종별 값이 아니며 입직-이직을 KICOX 고용 증감과 같다고 보지 않는다.
섬유의복,2022Q3,추가확인,296.00000000000006,A,대분류 직접 대응,1,섬유및의복,265.2069715981951,265.2069715981951,265.2069715981951,False,True,,-0.2294191211350216,비교자료 없음,,,,,비교자료 없음,,,False,KICOX 산단 고용과 고용보험 피보험자는 모집단이 다르다(산단 입주 사업체 vs 창원시 전역 사업장). 수준·점유율 비교 금지.,,,,,,no_data,False,no_mapped_chapter,해당 업종에 귀속 근거가 있는 HS 류가 없다,창원시 전역 통관 · 연도창을 모두 확보한 HS6 합계(업종 수출 총액 아님),1503787868,-1.0811087295827917,5881,1.4665286404416775,True,창원시 전역 제조업 총계 전력사용량 · 월→분기 합계. 업종별 값이 아니며 가동률과 개념·모집단이 다르다.,68.0,90.33,83.67,87.67,77.33,63.67,A,True,경상남도 제조업 총계(업종 공통 배경),전국 업종별 심리지수. 창원국가산단 개별 업종의 신호가 아니라 같은 업종의 전국 분위기다.,202202,115700.0,1.826182618261818,2063.0,-50.313102119460495,2617.0,-27.687206410610663,-554.0,408.0,True,창원시 전역 제조업 총계 · 반기 · 표본조사. 업종별 값이 아니며 입직-이직을 KICOX 고용 증감과 같다고 보지 않는다.
운송장비,2022Q3,관찰,9.322909729250297,A,대분류 직접 대응,1,운송장비,6.776601701869711,6.776601701869711,6.776601701869711,False,True,,-0.2294191211350216,비교자료 없음,,,,,비교자료 없음,,,False,KICOX 산단 고용과 고용보험 피보험자는 모집단이 다르다(산단 입주 사업체 vs 창원시 전역 사업장). 수준·점유율 비교 금지.,500538.0,20.539533001965093,30.63051417121805,62.0,A,mapped_chapters_only,True,usable,,창원시 전역 통관 · 연도창을 모두 확보한 HS6 합계(업종 수출 총액 아님),1503787868,-1.0811087295827917,5881,1.4665286404416775,True,창원시 전역 제조업 총계 전력사용량 · 월→분기 합계. 업종별 값이 아니며 가동률과 개념·모집단이 다르다.,68.0,90.33,83.67,87.67,77.33,81.34,A,True,경상남도 제조업 총계(업종 공통 배경),전국 업종별 심리지수. 창원국가산단 개별 업종의 신호가 아니라 같은 업종의 전국 분위기다.,202202,115700.0,1.826182618261818,2063.0,-50.313102119460495,2617.0,-27.687206410610663,-554.0,408.0,True,창원시 전역 제조업 총계 · 반기 · 표본조사. 업종별 값이 아니며 입직-이직을 KICOX 고용 증감과 같다고 보지 않는다.
음식료,2022Q3,관찰,13.86510743606637,A,대분류 직접 대응,1,음식료품,3.3964833606247025,3.3964833606247025,3.3964833606247025,False,True,,-0.2294191211350216,비교자료 없음,,,,,비교자료 없음,,,False,KICOX 산단 고용과 고용보험 피보험자는 모집단이 다르다(산단 입주 사업체 vs 창원시 전역 사업장). 수준·점유율 비교 금지.,,,,,,no_data,False,no_mapped_chapter,해당 업종에 귀속 근거가 있는 HS 류가 없다,창원시 전역 통관 · 연도창을 모두 확보한 HS6 합계(업종 수출 총액 아님),1503787868,-1.0811087295827917,5881,1.4665286404416775,True,창원시 전역 제조업 총계 전력사용량 · 월→분기 합계. 업종별 값이 아니며 가동률과 개념·모집단이 다르다.,68.0,90.33,83.67,87.67,77.33,76.0,A,True,경상남도 제조업 총계(업종 공통 배경),전국 업종별 심리지수. 창원국가산단 개별 업종의 신호가 아니라 같은 업종의 전국 분위기다.,202202,115700.0,1.826182618261818,2063.0,-50.313102119460495,2617.0,-27.687206410610663,-554.0,408.0,True,창원시 전역 제조업 총계 · 반기 · 표본조사. 업종별 값이 아니며 입직-이직을 KICOX 고용 증감과 같다고 보지 않는다.
전기전자,2022Q3,관찰,13.792097021529548,C,복수 후보만 존재 — 가중치 근거 없음. 밴드로만 해석,2,전기장비|컴퓨터전자및광학기기,,6.758189577650131,17.876650259814397,True,,,-0.2294191211350216,비교자료 없음,,,,,비교자료 없음,,,False,KICOX 산단 고용과 고용보험 피보험자는 모집단이 다르다(산단 입주 사업체 vs 창원시 전역 사업장). 수준·점유율 비교 금지.,453042.0,5.148308035092608,-7.6786390943973775,241.0,B,mapped_chapters_only,True,usable,,창원시 전역 통관 · 연도창을 모두 확보한 HS6 합계(업종 수출 총액 아님),1503787868,-1.0811087295827917,5881,1.4665286404416775,True,창원시 전역 제조업 총계 전력사용량 · 월→분기 합계. 업종별 값이 아니며 가동률과 개념·모집단이 다르다.,68.0,90.33,83.67,87.67,77.33,84.16,A,True,경상남도 제조업 총계(업종 공통 배경),전국 업종별 심리지수. 창원국가산단 개별 업종의 신호가 아니라 같은 업종의 전국 분위기다.,202202,115700.0,1.826182618261818,2063.0,-50.313102119460495,2617.0,-27.687206410610663,-554.0,408.0,True,창원시 전역 제조업 총계 · 반기 · 표본조사. 업종별 값이 아니며 입직-이직을 KICOX 고용 증감과 같다고 보지 않는다.
철강,2022Q3,관찰,9.160978567067946,B,상위 범주가 넓어 범위 과대·과소 가능,1,철강1차제품,-1.203892930789252,-1.203892930789252,-1.203892930789252,False,False,,-0.2294191211350216,비교자료 없음,,,,,비교자료 없음,,,False,KICOX 산단 고용과 고용보험 피보험자는 모집단이 다르다(산단 입주 사업체 vs 창원시 전역 사업장). 수준·점유율 비교 금지.,230593.0,-18.869272123395632,-8.719649093630466,187.0,A,mapped_chapters_only,True,usable,,창원시 전역 통관 · 연도창을 모두 확보한 HS6 합계(업종 수출 총액 아님),1503787868,-1.0811087295827917,5881,1.4665286404416775,True,창원시 전역 제조업 총계 전력사용량 · 월→분기 합계. 업종별 값이 아니며 가동률과 개념·모집단이 다르다.,68.0,90.33,83.67,87.67,77.33,78.33,B,True,경상남도 제조업 총계(업종 공통 배경),전국 업종별 심리지수. 창원국가산단 개별 업종의 신호가 아니라 같은 업종의 전국 분위기다.,202202,115700.0,1.826182618261818,2063.0,-50.313102119460495,2617.0,-27.687206410610663,-554.0,408.0,True,창원시 전역 제조업 총계 · 반기 · 표본조사. 업종별 값이 아니며 입직-이직을 KICOX 고용 증감과 같다고 보지 않는다.
기계,2022Q4,우선점검,-8.447120157116705,A,대분류 직접 대응,1,기계및장비,-12.156231064462386,-12.156231064462386,-12.156231064462386,False,True,,-2.921859066318677,비교자료 없음,,기계·장비,29560.0,,비교자료 없음,,B,False,KICOX 산단 고용과 고용보험 피보험자는 모집단이 다르다(산단 입주 사업체 vs 창원시 전역 사업장). 수준·점유율 비교 금지.,2303139.0,-18.4388010979465,-10.403695316468388,332.0,B,mapped_chapters_only,True,usable,,창원시 전역 통관 · 연도창을 모두 확보한 HS6 합계(업종 수출 총액 아님),1531130801,-0.0113141475355127,5881,-0.7426160337552723,True,창원시 전역 제조업 총계 전력사용량 · 월→분기 합계. 업종별 값이 아니며 가동률과 개념·모집단이 다르다.,70.67,90.67,82.67,88.67,77.33,74.5,C,True,경상남도 제조업 총계(업종 공통 배경),전국 업종별 심리지수. 창원국가산단 개별 업종의 신호가 아니라 같은 업종의 전국 분위기다.,202202,115700.0,1.826182618261818,2063.0,-50.313102119460495,2617.0,-27.687206410610663,-554.0,408.0,True,창원시 전역 제조업 총계 · 반기 · 표본조사. 업종별 값이 아니며 입직-이직을 KICOX 고용 증감과 같다고 보지 않는다.
기타,2022Q4,추가확인,-38.65204843850605,D,대응 항목 없음 — 조정 생산 산출 불가,0,,,,,False,,,-2.921859066318677,비교자료 없음,,,,,비교자료 없음,,,False,KICOX 산단 고용과 고용보험 피보험자는 모집단이 다르다(산단 입주 사업체 vs 창원시 전역 사업장). 수준·점유율 비교 금지.,,,,,,no_data,False,no_mapped_chapter,해당 업종에 귀속 근거가 있는 HS 류가 없다,창원시 전역 통관 · 연도창을 모두 확보한 HS6 합계(업종 수출 총액 아님),1531130801,-0.0113141475355127,5881,-0.7426160337552723,True,창원시 전역 제조업 총계 전력사용량 · 월→분기 합계. 업종별 값이 아니며 가동률과 개념·모집단이 다르다.,70.67,90.67,82.67,88.67,77.33,,,True,경상남도 제조업 총계(업종 공통 배경),전국 업종별 심리지수. 창원국가산단 개별 업종의 신호가 아니라 같은 업종의 전국 분위기다.,202202,115700.0,1.826182618261818,2063.0,-50.313102119460495,2617.0,-27.687206410610663,-554.0,408.0,True,창원시 전역 제조업 총계 · 반기 · 표본조사. 업종별 값이 아니며 입직-이직을 KICOX 고용 증감과 같다고 보지 않는다.
목재종이,2022Q4,관찰,-49.854039744705545,A,대분류 직접 대응,1,목재및종이제품,-52.99600047135784,-52.99600047135784,-52.99600047135784,False,True,,-2.921859066318677,비교자료 없음,,,,,비교자료 없음,,,False,KICOX 산단 고용과 고용보험 피보험자는 모집단이 다르다(산단 입주 사업체 vs 창원시 전역 사업장). 수준·점유율 비교 금지.,,,,,,no_data,False,no_mapped_chapter,해당 업종에 귀속 근거가 있는 HS 류가 없다,창원시 전역 통관 · 연도창을 모두 확보한 HS6 합계(업종 수출 총액 아님),1531130801,-0.0113141475355127,5881,-0.7426160337552723,True,창원시 전역 제조업 총계 전력사용량 · 월→분기 합계. 업종별 값이 아니며 가동률과 개념·모집단이 다르다.,70.67,90.67,82.67,88.67,77.33,55.0,A,True,경상남도 제조업 총계(업종 공통 배경),전국 업종별 심리지수. 창원국가산단 개별 업종의 신호가 아니라 같은 업종의 전국 분위기다.,202202,115700.0,1.826182618261818,2063.0,-50.313102119460495,2617.0,-27.687206410610663,-554.0,408.0,True,창원시 전역 제조업 총계 · 반기 · 표본조사. 업종별 값이 아니며 입직-이직을 KICOX 고용 증감과 같다고 보지 않는다.
비금속,2022Q4,관찰,14.37809958341596,A,대분류 직접 대응,1,비금속광물제품,-0.4883385947444862,-0.4883385947444862,-0.4883385947444862,False,False,,-2.921859066318677,비교자료 없음,,,,,비교자료 없음,,,False,KICOX 산단 고용과 고용보험 피보험자는 모집단이 다르다(산단 입주 사업체 vs 창원시 전역 사업장). 수준·점유율 비교 금지.,,,,,,no_data,False,no_mapped_chapter,해당 업종에 귀속 근거가 있는 HS 류가 없다,창원시 전역 통관 · 연도창을 모두 확보한 HS6 합계(업종 수출 총액 아님),1531130801,-0.0113141475355127,5881,-0.7426160337552723,True,창원시 전역 제조업 총계 전력사용량 · 월→분기 합계. 업종별 값이 아니며 가동률과 개념·모집단이 다르다.,70.67,90.67,82.67,88.67,77.33,65.33,A,True,경상남도 제조업 총계(업종 공통 배경),전국 업종별 심리지수. 창원국가산단 개별 업종의 신호가 아니라 같은 업종의 전국 분위기다.,202202,115700.0,1.826182618261818,2063.0,-50.313102119460495,2617.0,-27.687206410610663,-554.0,408.0,True,창원시 전역 제조업 총계 · 반기 · 표본조사. 업종별 값이 아니며 입직-이직을 KICOX 고용 증감과 같다고 보지 않는다.
석유화학,2022Q4,관찰,42.66686889180007,C,복수 후보만 존재 — 가중치 근거 없음. 밴드로만 해석,2,석탄및석유제품|화학제품,,12.050153775502004,35.87375066934797,True,,,-2.921859066318677,비교자료 없음,,,,,비교자료 없음,,,False,KICOX 산단 고용과 고용보험 피보험자는 모집단이 다르다(산단 입주 사업체 vs 창원시 전역 사업장). 수준·점유율 비교 금지.,,,,,,no_data,False,no_mapped_chapter,해당 업종에 귀속 근거가 있는 HS 류가 없다,창원시 전역 통관 · 연도창을 모두 확보한 HS6 합계(업종 수출 총액 아님),1531130801,-0.0113141475355127,5881,-0.7426160337552723,True,창원시 전역 제조업 총계 전력사용량 · 월→분기 합계. 업종별 값이 아니며 가동률과 개념·모집단이 다르다.,70.67,90.67,82.67,88.67,77.33,64.67,B,True,경상남도 제조업 총계(업종 공통 배경),전국 업종별 심리지수. 창원국가산단 개별 업종의 신호가 아니라 같은 업종의 전국 분위기다.,202202,115700.0,1.826182618261818,2063.0,-50.313102119460495,2617.0,-27.687206410610663,-554.0,408.0,True,창원시 전역 제조업 총계 · 반기 · 표본조사. 업종별 값이 아니며 입직-이직을 KICOX 고용 증감과 같다고 보지 않는다.
섬유의복,2022Q4,관찰,698.1666666666666,A,대분류 직접 대응,1,섬유및의복,639.1760220127206,639.1760220127206,639.1760220127206,False,True,,-2.921859066318677,비교자료 없음,,,,,비교자료 없음,,,False,KICOX 산단 고용과 고용보험 피보험자는 모집단이 다르다(산단 입주 사업체 vs 창원시 전역 사업장). 수준·점유율 비교 금지.,,,,,,no_data,False,no_mapped_chapter,해당 업종에 귀속 근거가 있는 HS 류가 없다,창원시 전역 통관 · 연도창을 모두 확보한 HS6 합계(업종 수출 총액 아님),1531130801,-0.0113141475355127,5881,-0.7426160337552723,True,창원시 전역 제조업 총계 전력사용량 · 월→분기 합계. 업종별 값이 아니며 가동률과 개념·모집단이 다르다.,70.67,90.67,82.67,88.67,77.33,57.17,A,True,경상남도 제조업 총계(업종 공통 배경),전국 업종별 심리지수. 창원국가산단 개별 업종의 신호가 아니라 같은 업종의 전국 분위기다.,202202,115700.0,1.826182618261818,2063.0,-50.313102119460495,2617.0,-27.687206410610663,-554.0,408.0,True,창원시 전역 제조업 총계 · 반기 · 표본조사. 업종별 값이 아니며 입직-이직을 KICOX 고용 증감과 같다고 보지 않는다.
운송장비,2022Q4,관찰,39.99013394114541,A,대분류 직접 대응,1,운송장비,36.20070613868656,36.20070613868656,36.20070613868656,False,True,,-2.921859066318677,비교자료 없음,,자동차·부품,17166.0,,비교자료 없음,,C,False,KICOX 산단 고용과 고용보험 피보험자는 모집단이 다르다(산단 입주 사업체 vs 창원시 전역 사업장). 수준·점유율 비교 금지.,652116.0,47.41082327410824,31.35887355452107,58.0,A,mapped_chapters_only,True,usable,,창원시 전역 통관 · 연도창을 모두 확보한 HS6 합계(업종 수출 총액 아님),1531130801,-0.0113141475355127,5881,-0.7426160337552723,True,창원시 전역 제조업 총계 전력사용량 · 월→분기 합계. 업종별 값이 아니며 가동률과 개념·모집단이 다르다.,70.67,90.67,82.67,88.67,77.33,87.0,A,True,경상남도 제조업 총계(업종 공통 배경),전국 업종별 심리지수. 창원국가산단 개별 업종의 신호가 아니라 같은 업종의 전국 분위기다.,202202,115700.0,1.826182618261818,2063.0,-50.313102119460495,2617.0,-27.687206410610663,-554.0,408.0,True,창원시 전역 제조업 총계 · 반기 · 표본조사. 업종별 값이 아니며 입직-이직을 KICOX 고용 증감과 같다고 보지 않는다.
음식료,2022Q4,관찰,33.32604186139836,A,대분류 직접 대응,1,음식료품,19.486631780933998,19.486631780933998,19.486631780933998,False,True,,-2.921859066318677,비교자료 없음,,,,,비교자료 없음,,,False,KICOX 산단 고용과 고용보험 피보험자는 모집단이 다르다(산단 입주 사업체 vs 창원시 전역 사업장). 수준·점유율 비교 금지.,,,,,,no_data,False,no_mapped_chapter,해당 업종에 귀속 근거가 있는 HS 류가 없다,창원시 전역 통관 · 연도창을 모두 확보한 HS6 합계(업종 수출 총액 아님),1531130801,-0.0113141475355127,5881,-0.7426160337552723,True,창원시 전역 제조업 총계 전력사용량 · 월→분기 합계. 업종별 값이 아니며 가동률과 개념·모집단이 다르다.,70.67,90.67,82.67,88.67,77.33,72.5,A,True,경상남도 제조업 총계(업종 공통 배경),전국 업종별 심리지수. 창원국가산단 개별 업종의 신호가 아니라 같은 업종의 전국 분위기다.,202202,115700.0,1.826182618261818,2063.0,-50.313102119460495,2617.0,-27.687206410610663,-554.0,408.0,True,창원시 전역 제조업 총계 · 반기 · 표본조사. 업종별 값이 아니며 입직-이직을 KICOX 고용 증감과 같다고 보지 않는다.
전기전자,2022Q4,관찰,-7.753161436961752,C,복수 후보만 존재 — 가중치 근거 없음. 밴드로만 해석,2,전기장비|컴퓨터전자및광학기기,,-13.8936916057518,-4.4538516557164005,True,,,-2.921859066318677,비교자료 없음,,전기장비,17409.0,,비교자료 없음,,C,False,KICOX 산단 고용과 고용보험 피보험자는 모집단이 다르다(산단 입주 사업체 vs 창원시 전역 사업장). 수준·점유율 비교 금지.,422780.0,-12.763573561242747,-5.585983362893754,247.0,B,mapped_chapters_only,True,usable,,창원시 전역 통관 · 연도창을 모두 확보한 HS6 합계(업종 수출 총액 아님),1531130801,-0.0113141475355127,5881,-0.7426160337552723,True,창원시 전역 제조업 총계 전력사용량 · 월→분기 합계. 업종별 값이 아니며 가동률과 개념·모집단이 다르다.,70.67,90.67,82.67,88.67,77.33,79.0,A,True,경상남도 제조업 총계(업종 공통 배경),전국 업종별 심리지수. 창원국가산단 개별 업종의 신호가 아니라 같은 업종의 전국 분위기다.,202202,115700.0,1.826182618261818,2063.0,-50.313102119460495,2617.0,-27.687206410610663,-554.0,408.0,True,창원시 전역 제조업 총계 · 반기 · 표본조사. 업종별 값이 아니며 입직-이직을 KICOX 고용 증감과 같다고 보지 않는다.
철강,2022Q4,관찰,-15.233822216149884,B,상위 범주가 넓어 범위 과대·과소 가능,1,철강1차제품,-15.99052579373642,-15.99052579373642,-15.99052579373642,False,True,,-2.921859066318677,비교자료 없음,,,,,비교자료 없음,,,False,KICOX 산단 고용과 고용보험 피보험자는 모집단이 다르다(산단 입주 사업체 vs 창원시 전역 사업장). 수준·점유율 비교 금지.,231293.0,-29.42359331136336,-4.773950971672636,192.0,A,mapped_chapters_only,True,usable,,창원시 전역 통관 · 연도창을 모두 확보한 HS6 합계(업종 수출 총액 아님),1531130801,-0.0113141475355127,5881,-0.7426160337552723,True,창원시 전역 제조업 총계 전력사용량 · 월→분기 합계. 업종별 값이 아니며 가동률과 개념·모집단이 다르다.,70.67,90.67,82.67,88.67,77.33,77.0,B,True,경상남도 제조업 총계(업종 공통 배경),전국 업종별 심리지수. 창원국가산단 개별 업종의 신호가 아니라 같은 업종의 전국 분위기다.,202202,115700.0,1.826182618261818,2063.0,-50.313102119460495,2617.0,-27.687206410610663,-554.0,408.0,True,창원시 전역 제조업 총계 · 반기 · 표본조사. 업종별 값이 아니며 입직-이직을 KICOX 고용 증감과 같다고 보지 않는다.
기계,2023Q1,우선점검,-3.5522026508665205,A,대분류 직접 대응,1,기계및장비,-6.89571800478066,-6.89571800478066,-6.89571800478066,False,True,1.3311449841767908,-3.0444865039985003,방향 불일치,-4.375631488175291,,,,비교자료 없음,,,False,KICOX 산단 고용과 고용보험 피보험자는 모집단이 다르다(산단 입주 사업체 vs 창원시 전역 사업장). 수준·점유율 비교 금지.,2604686.0,-4.987984364353181,-3.3062520126972417,313.0,B,mapped_chapters_only,True,usable,,창원시 전역 통관 · 연도창을 모두 확보한 HS6 합계(업종 수출 총액 아님),1541275647,0.1095678958298762,5902,1.0270455323519334,True,창원시 전역 제조업 총계 전력사용량 · 월→분기 합계. 업종별 값이 아니며 가동률과 개념·모집단이 다르다.,74.0,91.33,83.33,90.0,77.67,65.34,C,True,경상남도 제조업 총계(업종 공통 배경),전국 업종별 심리지수. 창원국가산단 개별 업종의 신호가 아니라 같은 업종의 전국 분위기다.,202301,115988.0,1.7313663234339582,2721.0,-9.63135171039522,2804.0,-5.747899159663861,-83.0,713.0,True,창원시 전역 제조업 총계 · 반기 · 표본조사. 업종별 값이 아니며 입직-이직을 KICOX 고용 증감과 같다고 보지 않는다.
기타,2023Q1,추가확인,-52.11678607015089,D,대응 항목 없음 — 조정 생산 산출 불가,0,,,,,False,,1.3311449841767908,-3.0444865039985003,방향 불일치,-4.375631488175291,,,,비교자료 없음,,,False,KICOX 산단 고용과 고용보험 피보험자는 모집단이 다르다(산단 입주 사업체 vs 창원시 전역 사업장). 수준·점유율 비교 금지.,,,,,,no_data,False,no_mapped_chapter,해당 업종에 귀속 근거가 있는 HS 류가 없다,창원시 전역 통관 · 연도창을 모두 확보한 HS6 합계(업종 수출 총액 아님),1541275647,0.1095678958298762,5902,1.0270455323519334,True,창원시 전역 제조업 총계 전력사용량 · 월→분기 합계. 업종별 값이 아니며 가동률과 개념·모집단이 다르다.,74.0,91.33,83.33,90.0,77.67,,,True,경상남도 제조업 총계(업종 공통 배경),전국 업종별 심리지수. 창원국가산단 개별 업종의 신호가 아니라 같은 업종의 전국 분위기다.,202301,115988.0,1.7313663234339582,2721.0,-9.63135171039522,2804.0,-5.747899159663861,-83.0,713.0,True,창원시 전역 제조업 총계 · 반기 · 표본조사. 업종별 값이 아니며 입직-이직을 KICOX 고용 증감과 같다고 보지 않는다.
목재종이,2023Q1,관찰,-49.38055281092698,A,대분류 직접 대응,1,목재및종이제품,-50.9931857429149,-50.9931857429149,-50.9931857429149,False,True,1.3311449841767908,-3.0444865039985003,방향 불일치,-4.375631488175291,,,,비교자료 없음,,,False,KICOX 산단 고용과 고용보험 피보험자는 모집단이 다르다(산단 입주 사업체 vs 창원시 전역 사업장). 수준·점유율 비교 금지.,,,,,,no_data,False,no_mapped_chapter,해당 업종에 귀속 근거가 있는 HS 류가 없다,창원시 전역 통관 · 연도창을 모두 확보한 HS6 합계(업종 수출 총액 아님),1541275647,0.1095678958298762,5902,1.0270455323519334,True,창원시 전역 제조업 총계 전력사용량 · 월→분기 합계. 업종별 값이 아니며 가동률과 개념·모집단이 다르다.,74.0,91.33,83.33,90.0,77.67,52.84,A,True,경상남도 제조업 총계(업종 공통 배경),전국 업종별 심리지수. 창원국가산단 개별 업종의 신호가 아니라 같은 업종의 전국 분위기다.,202301,115988.0,1.7313663234339582,2721.0,-9.63135171039522,2804.0,-5.747899159663861,-83.0,713.0,True,창원시 전역 제조업 총계 · 반기 · 표본조사. 업종별 값이 아니며 입직-이직을 KICOX 고용 증감과 같다고 보지 않는다.
비금속,2023Q1,관찰,31.799127014996344,A,대분류 직접 대응,1,비금속광물제품,15.470801638918562,15.470801638918562,15.470801638918562,False,True,1.3311449841767908,-3.0444865039985003,방향 불일치,-4.375631488175291,,,,비교자료 없음,,,False,KICOX 산단 고용과 고용보험 피보험자는 모집단이 다르다(산단 입주 사업체 vs 창원시 전역 사업장). 수준·점유율 비교 금지.,,,,,,no_data,False,no_mapped_chapter,해당 업종에 귀속 근거가 있는 HS 류가 없다,창원시 전역 통관 · 연도창을 모두 확보한 HS6 합계(업종 수출 총액 아님),1541275647,0.1095678958298762,5902,1.0270455323519334,True,창원시 전역 제조업 총계 전력사용량 · 월→분기 합계. 업종별 값이 아니며 가동률과 개념·모집단이 다르다.,74.0,91.33,83.33,90.0,77.67,68.0,A,True,경상남도 제조업 총계(업종 공통 배경),전국 업종별 심리지수. 창원국가산단 개별 업종의 신호가 아니라 같은 업종의 전국 분위기다.,202301,115988.0,1.7313663234339582,2721.0,-9.63135171039522,2804.0,-5.747899159663861,-83.0,713.0,True,창원시 전역 제조업 총계 · 반기 · 표본조사. 업종별 값이 아니며 입직-이직을 KICOX 고용 증감과 같다고 보지 않는다.
석유화학,2023Q1,관찰,68.6169252577779,C,복수 후보만 존재 — 가중치 근거 없음. 밴드로만 해석,2,석탄및석유제품|화학제품,,66.65164078784423,72.88315066491546,True,,1.3311449841767908,-3.0444865039985003,방향 불일치,-4.375631488175291,,,,비교자료 없음,,,False,KICOX 산단 고용과 고용보험 피보험자는 모집단이 다르다(산단 입주 사업체 vs 창원시 전역 사업장). 수준·점유율 비교 금지.,,,,,,no_data,False,no_mapped_chapter,해당 업종에 귀속 근거가 있는 HS 류가 없다,창원시 전역 통관 · 연도창을 모두 확보한 HS6 합계(업종 수출 총액 아님),1541275647,0.1095678958298762,5902,1.0270455323519334,True,창원시 전역 제조업 총계 전력사용량 · 월→분기 합계. 업종별 값이 아니며 가동률과 개념·모집단이 다르다.,74.0,91.33,83.33,90.0,77.67,67.56,B,True,경상남도 제조업 총계(업종 공통 배경),전국 업종별 심리지수. 창원국가산단 개별 업종의 신호가 아니라 같은 업종의 전국 분위기다.,202301,115988.0,1.7313663234339582,2721.0,-9.63135171039522,2804.0,-5.747899159663861,-83.0,713.0,True,창원시 전역 제조업 총계 · 반기 · 표본조사. 업종별 값이 아니며 입직-이직을 KICOX 고용 증감과 같다고 보지 않는다.
섬유의복,2023Q1,관찰,373.66666666666674,A,대분류 직접 대응,1,섬유및의복,344.4143873118736,344.4143873118736,344.4143873118736,False,True,1.3311449841767908,-3.0444865039985003,방향 불일치,-4.375631488175291,,,,비교자료 없음,,,False,KICOX 산단 고용과 고용보험 피보험자는 모집단이 다르다(산단 입주 사업체 vs 창원시 전역 사업장). 수준·점유율 비교 금지.,,,,,,no_data,False,no_mapped_chapter,해당 업종에 귀속 근거가 있는 HS 류가 없다,창원시 전역 통관 · 연도창을 모두 확보한 HS6 합계(업종 수출 총액 아님),1541275647,0.1095678958298762,5902,1.0270455323519334,True,창원시 전역 제조업 총계 전력사용량 · 월→분기 합계. 업종별 값이 아니며 가동률과 개념·모집단이 다르다.,74.0,91.33,83.33,90.0,77.67,53.5,A,True,경상남도 제조업 총계(업종 공통 배경),전국 업종별 심리지수. 창원국가산단 개별 업종의 신호가 아니라 같은 업종의 전국 분위기다.,202301,115988.0,1.7313663234339582,2721.0,-9.63135171039522,2804.0,-5.747899159663861,-83.0,713.0,True,창원시 전역 제조업 총계 · 반기 · 표본조사. 업종별 값이 아니며 입직-이직을 KICOX 고용 증감과 같다고 보지 않는다.
운송장비,2023Q1,관찰,34.689526092846926,A,대분류 직접 대응,1,운송장비,31.88117192675881,31.88117192675881,31.88117192675881,False,True,1.3311449841767908,-3.0444865039985003,방향 불일치,-4.375631488175291,,,,비교자료 없음,,,False,KICOX 산단 고용과 고용보험 피보험자는 모집단이 다르다(산단 입주 사업체 vs 창원시 전역 사업장). 수준·점유율 비교 금지.,881342.0,94.35851295147113,14.463983518504886,59.0,A,mapped_chapters_only,True,usable,,창원시 전역 통관 · 연도창을 모두 확보한 HS6 합계(업종 수출 총액 아님),1541275647,0.1095678958298762,5902,1.0270455323519334,True,창원시 전역 제조업 총계 전력사용량 · 월→분기 합계. 업종별 값이 아니며 가동률과 개념·모집단이 다르다.,74.0,91.33,83.33,90.0,77.67,92.17,A,True,경상남도 제조업 총계(업종 공통 배경),전국 업종별 심리지수. 창원국가산단 개별 업종의 신호가 아니라 같은 업종의 전국 분위기다.,202301,115988.0,1.7313663234339582,2721.0,-9.63135171039522,2804.0,-5.747899159663861,-83.0,713.0,True,창원시 전역 제조업 총계 · 반기 · 표본조사. 업종별 값이 아니며 입직-이직을 KICOX 고용 증감과 같다고 보지 않는다.
음식료,2023Q1,관찰,34.716876930776806,A,대분류 직접 대응,1,음식료품,22.235505981096736,22.235505981096736,22.235505981096736,False,True,1.3311449841767908,-3.0444865039985003,방향 불일치,-4.375631488175291,,,,비교자료 없음,,,False,KICOX 산단 고용과 고용보험 피보험자는 모집단이 다르다(산단 입주 사업체 vs 창원시 전역 사업장). 수준·점유율 비교 금지.,,,,,,no_data,False,no_mapped_chapter,해당 업종에 귀속 근거가 있는 HS 류가 없다,창원시 전역 통관 · 연도창을 모두 확보한 HS6 합계(업종 수출 총액 아님),1541275647,0.1095678958298762,5902,1.0270455323519334,True,창원시 전역 제조업 총계 전력사용량 · 월→분기 합계. 업종별 값이 아니며 가동률과 개념·모집단이 다르다.,74.0,91.33,83.33,90.0,77.67,70.66,A,True,경상남도 제조업 총계(업종 공통 배경),전국 업종별 심리지수. 창원국가산단 개별 업종의 신호가 아니라 같은 업종의 전국 분위기다.,202301,115988.0,1.7313663234339582,2721.0,-9.63135171039522,2804.0,-5.747899159663861,-83.0,713.0,True,창원시 전역 제조업 총계 · 반기 · 표본조사. 업종별 값이 아니며 입직-이직을 KICOX 고용 증감과 같다고 보지 않는다.
전기전자,2023Q1,관찰,3.621137158938215,C,복수 후보만 존재 — 가중치 근거 없음. 밴드로만 해석,2,전기장비|컴퓨터전자및광학기기,,-2.911333929908721,9.91445992962159,True,,1.3311449841767908,-3.0444865039985003,방향 불일치,-4.375631488175291,,,,비교자료 없음,,,False,KICOX 산단 고용과 고용보험 피보험자는 모집단이 다르다(산단 입주 사업체 vs 창원시 전역 사업장). 수준·점유율 비교 금지.,509982.0,5.920544326196953,-9.238439988252722,238.0,B,mapped_chapters_only,True,usable,,창원시 전역 통관 · 연도창을 모두 확보한 HS6 합계(업종 수출 총액 아님),1541275647,0.1095678958298762,5902,1.0270455323519334,True,창원시 전역 제조업 총계 전력사용량 · 월→분기 합계. 업종별 값이 아니며 가동률과 개념·모집단이 다르다.,74.0,91.33,83.33,90.0,77.67,69.66,A,True,경상남도 제조업 총계(업종 공통 배경),전국 업종별 심리지수. 창원국가산단 개별 업종의 신호가 아니라 같은 업종의 전국 분위기다.,202301,115988.0,1.7313663234339582,2721.0,-9.63135171039522,2804.0,-5.747899159663861,-83.0,713.0,True,창원시 전역 제조업 총계 · 반기 · 표본조사. 업종별 값이 아니며 입직-이직을 KICOX 고용 증감과 같다고 보지 않는다.
철강,2023Q1,관찰,-11.352948554581854,B,상위 범주가 넓어 범위 과대·과소 가능,1,철강1차제품,-10.35113775934916,-10.35113775934916,-10.35113775934916,False,True,1.3311449841767908,-3.0444865039985003,방향 불일치,-4.375631488175291,,,,비교자료 없음,,,False,KICOX 산단 고용과 고용보험 피보험자는 모집단이 다르다(산단 입주 사업체 vs 창원시 전역 사업장). 수준·점유율 비교 금지.,241420.0,-22.875908864382744,5.659429124514892,188.0,A,mapped_chapters_only,True,usable,,창원시 전역 통관 · 연도창을 모두 확보한 HS6 합계(업종 수출 총액 아님),1541275647,0.1095678958298762,5902,1.0270455323519334,True,창원시 전역 제조업 총계 전력사용량 · 월→분기 합계. 업종별 값이 아니며 가동률과 개념·모집단이 다르다.,74.0,91.33,83.33,90.0,77.67,66.67,B,True,경상남도 제조업 총계(업종 공통 배경),전국 업종별 심리지수. 창원국가산단 개별 업종의 신호가 아니라 같은 업종의 전국 분위기다.,202301,115988.0,1.7313663234339582,2721.0,-9.63135171039522,2804.0,-5.747899159663861,-83.0,713.0,True,창원시 전역 제조업 총계 · 반기 · 표본조사. 업종별 값이 아니며 입직-이직을 KICOX 고용 증감과 같다고 보지 않는다.
기계,2023Q2,우선점검,0.3889388995355292,A,대분류 직접 대응,1,기계및장비,-2.3017272208186057,-2.3017272208186057,-2.3017272208186057,False,False,1.2712056095905977,-2.985074626865669,방향 불일치,-4.256280236456266,,,,비교자료 없음,,,False,KICOX 산단 고용과 고용보험 피보험자는 모집단이 다르다(산단 입주 사업체 vs 창원시 전역 사업장). 수준·점유율 비교 금지.,2655080.0,0.6108085720099687,1.174474772096179,317.0,B,mapped_chapters_only,True,usable,,창원시 전역 통관 · 연도창을 모두 확보한 HS6 합계(업종 수출 총액 아님),1509459422,-2.281096686725592,5892,0.3747870528109098,True,창원시 전역 제조업 총계 전력사용량 · 월→분기 합계. 업종별 값이 아니며 가동률과 개념·모집단이 다르다.,77.67,96.33,87.67,94.67,79.33,74.0,C,True,경상남도 제조업 총계(업종 공통 배경),전국 업종별 심리지수. 창원국가산단 개별 업종의 신호가 아니라 같은 업종의 전국 분위기다.,202301,115988.0,1.7313663234339582,2721.0,-9.63135171039522,2804.0,-5.747899159663861,-83.0,713.0,True,창원시 전역 제조업 총계 · 반기 · 표본조사. 업종별 값이 아니며 입직-이직을 KICOX 고용 증감과 같다고 보지 않는다.
기타,2023Q2,추가확인,-39.718035049375,D,대응 항목 없음 — 조정 생산 산출 불가,0,,,,,False,,1.2712056095905977,-2.985074626865669,방향 불일치,-4.256280236456266,,,,비교자료 없음,,,False,KICOX 산단 고용과 고용보험 피보험자는 모집단이 다르다(산단 입주 사업체 vs 창원시 전역 사업장). 수준·점유율 비교 금지.,,,,,,no_data,False,no_mapped_chapter,해당 업종에 귀속 근거가 있는 HS 류가 없다,창원시 전역 통관 · 연도창을 모두 확보한 HS6 합계(업종 수출 총액 아님),1509459422,-2.281096686725592,5892,0.3747870528109098,True,창원시 전역 제조업 총계 전력사용량 · 월→분기 합계. 업종별 값이 아니며 가동률과 개념·모집단이 다르다.,77.67,96.33,87.67,94.67,79.33,,,True,경상남도 제조업 총계(업종 공통 배경),전국 업종별 심리지수. 창원국가산단 개별 업종의 신호가 아니라 같은 업종의 전국 분위기다.,202301,115988.0,1.7313663234339582,2721.0,-9.63135171039522,2804.0,-5.747899159663861,-83.0,713.0,True,창원시 전역 제조업 총계 · 반기 · 표본조사. 업종별 값이 아니며 입직-이직을 KICOX 고용 증감과 같다고 보지 않는다.
목재종이,2023Q2,관찰,-52.43016966733348,A,대분류 직접 대응,1,목재및종이제품,-52.60630123972124,-52.60630123972124,-52.60630123972124,False,True,1.2712056095905977,-2.985074626865669,방향 불일치,-4.256280236456266,,,,비교자료 없음,,,False,KICOX 산단 고용과 고용보험 피보험자는 모집단이 다르다(산단 입주 사업체 vs 창원시 전역 사업장). 수준·점유율 비교 금지.,,,,,,no_data,False,no_mapped_chapter,해당 업종에 귀속 근거가 있는 HS 류가 없다,창원시 전역 통관 · 연도창을 모두 확보한 HS6 합계(업종 수출 총액 아님),1509459422,-2.281096686725592,5892,0.3747870528109098,True,창원시 전역 제조업 총계 전력사용량 · 월→분기 합계. 업종별 값이 아니며 가동률과 개념·모집단이 다르다.,77.67,96.33,87.67,94.67,79.33,58.66,A,True,경상남도 제조업 총계(업종 공통 배경),전국 업종별 심리지수. 창원국가산단 개별 업종의 신호가 아니라 같은 업종의 전국 분위기다.,202301,115988.0,1.7313663234339582,2721.0,-9.63135171039522,2804.0,-5.747899159663861,-83.0,713.0,True,창원시 전역 제조업 총계 · 반기 · 표본조사. 업종별 값이 아니며 입직-이직을 KICOX 고용 증감과 같다고 보지 않는다.
비금속,2023Q2,관찰,24.113681909273097,A,대분류 직접 대응,1,비금속광물제품,13.064103458295296,13.064103458295296,13.064103458295296,False,True,1.2712056095905977,-2.985074626865669,방향 불일치,-4.256280236456266,,,,비교자료 없음,,,False,KICOX 산단 고용과 고용보험 피보험자는 모집단이 다르다(산단 입주 사업체 vs 창원시 전역 사업장). 수준·점유율 비교 금지.,,,,,,no_data,False,no_mapped_chapter,해당 업종에 귀속 근거가 있는 HS 류가 없다,창원시 전역 통관 · 연도창을 모두 확보한 HS6 합계(업종 수출 총액 아님),1509459422,-2.281096686725592,5892,0.3747870528109098,True,창원시 전역 제조업 총계 전력사용량 · 월→분기 합계. 업종별 값이 아니며 가동률과 개념·모집단이 다르다.,77.67,96.33,87.67,94.67,79.33,76.67,A,True,경상남도 제조업 총계(업종 공통 배경),전국 업종별 심리지수. 창원국가산단 개별 업종의 신호가 아니라 같은 업종의 전국 분위기다.,202301,115988.0,1.7313663234339582,2721.0,-9.63135171039522,2804.0,-5.747899159663861,-83.0,713.0,True,창원시 전역 제조업 총계 · 반기 · 표본조사. 업종별 값이 아니며 입직-이직을 KICOX 고용 증감과 같다고 보지 않는다.
석유화학,2023Q2,관찰,45.18449021597293,C,복수 후보만 존재 — 가중치 근거 없음. 밴드로만 해석,2,석탄및석유제품|화학제품,,53.246822399564486,99.56782656502246,True,,1.2712056095905977,-2.985074626865669,방향 불일치,-4.256280236456266,,,,비교자료 없음,,,False,KICOX 산단 고용과 고용보험 피보험자는 모집단이 다르다(산단 입주 사업체 vs 창원시 전역 사업장). 수준·점유율 비교 금지.,,,,,,no_data,False,no_mapped_chapter,해당 업종에 귀속 근거가 있는 HS 류가 없다,창원시 전역 통관 · 연도창을 모두 확보한 HS6 합계(업종 수출 총액 아님),1509459422,-2.281096686725592,5892,0.3747870528109098,True,창원시 전역 제조업 총계 전력사용량 · 월→분기 합계. 업종별 값이 아니며 가동률과 개념·모집단이 다르다.,77.67,96.33,87.67,94.67,79.33,72.67,B,True,경상남도 제조업 총계(업종 공통 배경),전국 업종별 심리지수. 창원국가산단 개별 업종의 신호가 아니라 같은 업종의 전국 분위기다.,202301,115988.0,1.7313663234339582,2721.0,-9.63135171039522,2804.0,-5.747899159663861,-83.0,713.0,True,창원시 전역 제조업 총계 · 반기 · 표본조사. 업종별 값이 아니며 입직-이직을 KICOX 고용 증감과 같다고 보지 않는다.
섬유의복,2023Q2,관찰,273.95833333333326,A,대분류 직접 대응,1,섬유및의복,255.8767617656291,255.8767617656291,255.8767617656291,False,True,1.2712056095905977,-2.985074626865669,방향 불일치,-4.256280236456266,,,,비교자료 없음,,,False,KICOX 산단 고용과 고용보험 피보험자는 모집단이 다르다(산단 입주 사업체 vs 창원시 전역 사업장). 수준·점유율 비교 금지.,,,,,,no_data,False,no_mapped_chapter,해당 업종에 귀속 근거가 있는 HS 류가 없다,창원시 전역 통관 · 연도창을 모두 확보한 HS6 합계(업종 수출 총액 아님),1509459422,-2.281096686725592,5892,0.3747870528109098,True,창원시 전역 제조업 총계 전력사용량 · 월→분기 합계. 업종별 값이 아니며 가동률과 개념·모집단이 다르다.,77.67,96.33,87.67,94.67,79.33,56.0,A,True,경상남도 제조업 총계(업종 공통 배경),전국 업종별 심리지수. 창원국가산단 개별 업종의 신호가 아니라 같은 업종의 전국 분위기다.,202301,115988.0,1.7313663234339582,2721.0,-9.63135171039522,2804.0,-5.747899159663861,-83.0,713.0,True,창원시 전역 제조업 총계 · 반기 · 표본조사. 업종별 값이 아니며 입직-이직을 KICOX 고용 증감과 같다고 보지 않는다.
운송장비,2023Q2,관찰,44.506837458582574,A,대분류 직접 대응,1,운송장비,42.126172897133344,42.126172897133344,42.126172897133344,False,True,1.2712056095905977,-2.985074626865669,방향 불일치,-4.256280236456266,,,,비교자료 없음,,,False,KICOX 산단 고용과 고용보험 피보험자는 모집단이 다르다(산단 입주 사업체 vs 창원시 전역 사업장). 수준·점유율 비교 금지.,1150127.0,90.50322080529244,15.253902390831842,60.0,A,mapped_chapters_only,True,usable,,창원시 전역 통관 · 연도창을 모두 확보한 HS6 합계(업종 수출 총액 아님),1509459422,-2.281096686725592,5892,0.3747870528109098,True,창원시 전역 제조업 총계 전력사용량 · 월→분기 합계. 업종별 값이 아니며 가동률과 개념·모집단이 다르다.,77.67,96.33,87.67,94.67,79.33,97.0,A,True,경상남도 제조업 총계(업종 공통 배경),전국 업종별 심리지수. 창원국가산단 개별 업종의 신호가 아니라 같은 업종의 전국 분위기다.,202301,115988.0,1.7313663234339582,2721.0,-9.63135171039522,2804.0,-5.747899159663861,-83.0,713.0,True,창원시 전역 제조업 총계 · 반기 · 표본조사. 업종별 값이 아니며 입직-이직을 KICOX 고용 증감과 같다고 보지 않는다.
음식료,2023Q2,관찰,22.16846783963542,A,대분류 직접 대응,1,음식료품,13.944840790130163,13.944840790130163,13.944840790130163,False,True,1.2712056095905977,-2.985074626865669,방향 불일치,-4.256280236456266,,,,비교자료 없음,,,False,KICOX 산단 고용과 고용보험 피보험자는 모집단이 다르다(산단 입주 사업체 vs 창원시 전역 사업장). 수준·점유율 비교 금지.,,,,,,no_data,False,no_mapped_chapter,해당 업종에 귀속 근거가 있는 HS 류가 없다,창원시 전역 통관 · 연도창을 모두 확보한 HS6 합계(업종 수출 총액 아님),1509459422,-2.281096686725592,5892,0.3747870528109098,True,창원시 전역 제조업 총계 전력사용량 · 월→분기 합계. 업종별 값이 아니며 가동률과 개념·모집단이 다르다.,77.67,96.33,87.67,94.67,79.33,77.5,A,True,경상남도 제조업 총계(업종 공통 배경),전국 업종별 심리지수. 창원국가산단 개별 업종의 신호가 아니라 같은 업종의 전국 분위기다.,202301,115988.0,1.7313663234339582,2721.0,-9.63135171039522,2804.0,-5.747899159663861,-83.0,713.0,True,창원시 전역 제조업 총계 · 반기 · 표본조사. 업종별 값이 아니며 입직-이직을 KICOX 고용 증감과 같다고 보지 않는다.
전기전자,2023Q2,관찰,7.759641743531831,C,복수 후보만 존재 — 가중치 근거 없음. 밴드로만 해석,2,전기장비|컴퓨터전자및광학기기,,2.3508331552985373,14.493197346991504,True,,1.2712056095905977,-2.985074626865669,방향 불일치,-4.256280236456266,,,,비교자료 없음,,,False,KICOX 산단 고용과 고용보험 피보험자는 모집단이 다르다(산단 입주 사업체 vs 창원시 전역 사업장). 수준·점유율 비교 금지.,536286.0,21.860471457592,-10.495164930425815,245.0,B,mapped_chapters_only,True,usable,,창원시 전역 통관 · 연도창을 모두 확보한 HS6 합계(업종 수출 총액 아님),1509459422,-2.281096686725592,5892,0.3747870528109098,True,창원시 전역 제조업 총계 전력사용량 · 월→분기 합계. 업종별 값이 아니며 가동률과 개념·모집단이 다르다.,77.67,96.33,87.67,94.67,79.33,73.0,A,True,경상남도 제조업 총계(업종 공통 배경),전국 업종별 심리지수. 창원국가산단 개별 업종의 신호가 아니라 같은 업종의 전국 분위기다.,202301,115988.0,1.7313663234339582,2721.0,-9.63135171039522,2804.0,-5.747899159663861,-83.0,713.0,True,창원시 전역 제조업 총계 · 반기 · 표본조사. 업종별 값이 아니며 입직-이직을 KICOX 고용 증감과 같다고 보지 않는다.
철강,2023Q2,관찰,-13.494612178357956,B,상위 범주가 넓어 범위 과대·과소 가능,1,철강1차제품,-5.803529724107614,-5.803529724107614,-5.803529724107614,False,True,1.2712056095905977,-2.985074626865669,방향 불일치,-4.256280236456266,,,,비교자료 없음,,,False,KICOX 산단 고용과 고용보험 피보험자는 모집단이 다르다(산단 입주 사업체 vs 창원시 전역 사업장). 수준·점유율 비교 금지.,232799.0,-17.5687638094159,1.1735232067510593,197.0,A,mapped_chapters_only,True,usable,,창원시 전역 통관 · 연도창을 모두 확보한 HS6 합계(업종 수출 총액 아님),1509459422,-2.281096686725592,5892,0.3747870528109098,True,창원시 전역 제조업 총계 전력사용량 · 월→분기 합계. 업종별 값이 아니며 가동률과 개념·모집단이 다르다.,77.67,96.33,87.67,94.67,79.33,72.67,B,True,경상남도 제조업 총계(업종 공통 배경),전국 업종별 심리지수. 창원국가산단 개별 업종의 신호가 아니라 같은 업종의 전국 분위기다.,202301,115988.0,1.7313663234339582,2721.0,-9.63135171039522,2804.0,-5.747899159663861,-83.0,713.0,True,창원시 전역 제조업 총계 · 반기 · 표본조사. 업종별 값이 아니며 입직-이직을 KICOX 고용 증감과 같다고 보지 않는다.
기계,2023Q3,우선점검,-2.022209780584628,A,대분류 직접 대응,1,기계및장비,-3.397410434729476,-3.397410434729476,-3.397410434729476,False,True,2.1061040705907974,-1.8940343536856248,방향 불일치,-4.000138424276422,,,,비교자료 없음,,,False,KICOX 산단 고용과 고용보험 피보험자는 모집단이 다르다(산단 입주 사업체 vs 창원시 전역 사업장). 수준·점유율 비교 금지.,2502466.0,9.173918487310996,-5.106059215758241,320.0,B,mapped_chapters_only,True,usable,,창원시 전역 통관 · 연도창을 모두 확보한 HS6 합계(업종 수출 총액 아님),1502535358,-0.083290338128994,5891,0.1700391089950681,True,창원시 전역 제조업 총계 전력사용량 · 월→분기 합계. 업종별 값이 아니며 가동률과 개념·모집단이 다르다.,81.0,95.0,87.0,96.0,77.33,70.34,C,True,경상남도 제조업 총계(업종 공통 배경),전국 업종별 심리지수. 창원국가산단 개별 업종의 신호가 아니라 같은 업종의 전국 분위기다.,202302,116081.0,0.3292999135695806,2200.0,6.64081434803685,2135.0,-18.41803591899121,65.0,635.0,True,창원시 전역 제조업 총계 · 반기 · 표본조사. 업종별 값이 아니며 입직-이직을 KICOX 고용 증감과 같다고 보지 않는다.
기타,2023Q3,추가확인,-41.42301299928807,D,대응 항목 없음 — 조정 생산 산출 불가,0,,,,,False,,2.1061040705907974,-1.8940343536856248,방향 불일치,-4.000138424276422,,,,비교자료 없음,,,False,KICOX 산단 고용과 고용보험 피보험자는 모집단이 다르다(산단 입주 사업체 vs 창원시 전역 사업장). 수준·점유율 비교 금지.,,,,,,no_data,False,no_mapped_chapter,해당 업종에 귀속 근거가 있는 HS 류가 없다,창원시 전역 통관 · 연도창을 모두 확보한 HS6 합계(업종 수출 총액 아님),1502535358,-0.083290338128994,5891,0.1700391089950681,True,창원시 전역 제조업 총계 전력사용량 · 월→분기 합계. 업종별 값이 아니며 가동률과 개념·모집단이 다르다.,81.0,95.0,87.0,96.0,77.33,,,True,경상남도 제조업 총계(업종 공통 배경),전국 업종별 심리지수. 창원국가산단 개별 업종의 신호가 아니라 같은 업종의 전국 분위기다.,202302,116081.0,0.3292999135695806,2200.0,6.64081434803685,2135.0,-18.41803591899121,65.0,635.0,True,창원시 전역 제조업 총계 · 반기 · 표본조사. 업종별 값이 아니며 입직-이직을 KICOX 고용 증감과 같다고 보지 않는다.
목재종이,2023Q3,추가확인,-45.749012381946585,A,대분류 직접 대응,1,목재및종이제품,-44.97001953477678,-44.97001953477678,-44.97001953477678,False,True,2.1061040705907974,-1.8940343536856248,방향 불일치,-4.000138424276422,,,,비교자료 없음,,,False,KICOX 산단 고용과 고용보험 피보험자는 모집단이 다르다(산단 입주 사업체 vs 창원시 전역 사업장). 수준·점유율 비교 금지.,,,,,,no_data,False,no_mapped_chapter,해당 업종에 귀속 근거가 있는 HS 류가 없다,창원시 전역 통관 · 연도창을 모두 확보한 HS6 합계(업종 수출 총액 아님),1502535358,-0.083290338128994,5891,0.1700391089950681,True,창원시 전역 제조업 총계 전력사용량 · 월→분기 합계. 업종별 값이 아니며 가동률과 개념·모집단이 다르다.,81.0,95.0,87.0,96.0,77.33,56.67,A,True,경상남도 제조업 총계(업종 공통 배경),전국 업종별 심리지수. 창원국가산단 개별 업종의 신호가 아니라 같은 업종의 전국 분위기다.,202302,116081.0,0.3292999135695806,2200.0,6.64081434803685,2135.0,-18.41803591899121,65.0,635.0,True,창원시 전역 제조업 총계 · 반기 · 표본조사. 업종별 값이 아니며 입직-이직을 KICOX 고용 증감과 같다고 보지 않는다.
비금속,2023Q3,관찰,-6.753118133143532,A,대분류 직접 대응,1,비금속광물제품,-12.287759623761762,-12.287759623761762,-12.287759623761762,False,True,2.1061040705907974,-1.8940343536856248,방향 불일치,-4.000138424276422,,,,비교자료 없음,,,False,KICOX 산단 고용과 고용보험 피보험자는 모집단이 다르다(산단 입주 사업체 vs 창원시 전역 사업장). 수준·점유율 비교 금지.,,,,,,no_data,False,no_mapped_chapter,해당 업종에 귀속 근거가 있는 HS 류가 없다,창원시 전역 통관 · 연도창을 모두 확보한 HS6 합계(업종 수출 총액 아님),1502535358,-0.083290338128994,5891,0.1700391089950681,True,창원시 전역 제조업 총계 전력사용량 · 월→분기 합계. 업종별 값이 아니며 가동률과 개념·모집단이 다르다.,81.0,95.0,87.0,96.0,77.33,67.33,A,True,경상남도 제조업 총계(업종 공통 배경),전국 업종별 심리지수. 창원국가산단 개별 업종의 신호가 아니라 같은 업종의 전국 분위기다.,202302,116081.0,0.3292999135695806,2200.0,6.64081434803685,2135.0,-18.41803591899121,65.0,635.0,True,창원시 전역 제조업 총계 · 반기 · 표본조사. 업종별 값이 아니며 입직-이직을 KICOX 고용 증감과 같다고 보지 않는다.
석유화학,2023Q3,관찰,52.25144924265754,C,복수 후보만 존재 — 가중치 근거 없음. 밴드로만 해석,2,석탄및석유제품|화학제품,,59.91072523120145,83.35160759552491,True,,2.1061040705907974,-1.8940343536856248,방향 불일치,-4.000138424276422,,,,비교자료 없음,,,False,KICOX 산단 고용과 고용보험 피보험자는 모집단이 다르다(산단 입주 사업체 vs 창원시 전역 사업장). 수준·점유율 비교 금지.,,,,,,no_data,False,no_mapped_chapter,해당 업종에 귀속 근거가 있는 HS 류가 없다,창원시 전역 통관 · 연도창을 모두 확보한 HS6 합계(업종 수출 총액 아님),1502535358,-0.083290338128994,5891,0.1700391089950681,True,창원시 전역 제조업 총계 전력사용량 · 월→분기 합계. 업종별 값이 아니며 가동률과 개념·모집단이 다르다.,81.0,95.0,87.0,96.0,77.33,70.78,B,True,경상남도 제조업 총계(업종 공통 배경),전국 업종별 심리지수. 창원국가산단 개별 업종의 신호가 아니라 같은 업종의 전국 분위기다.,202302,116081.0,0.3292999135695806,2200.0,6.64081434803685,2135.0,-18.41803591899121,65.0,635.0,True,창원시 전역 제조업 총계 · 반기 · 표본조사. 업종별 값이 아니며 입직-이직을 KICOX 고용 증감과 같다고 보지 않는다.
섬유의복,2023Q3,관찰,166.49831649831648,A,대분류 직접 대응,1,섬유및의복,156.46188576828334,156.46188576828334,156.46188576828334,False,True,2.1061040705907974,-1.8940343536856248,방향 불일치,-4.000138424276422,,,,비교자료 없음,,,False,KICOX 산단 고용과 고용보험 피보험자는 모집단이 다르다(산단 입주 사업체 vs 창원시 전역 사업장). 수준·점유율 비교 금지.,,,,,,no_data,False,no_mapped_chapter,해당 업종에 귀속 근거가 있는 HS 류가 없다,창원시 전역 통관 · 연도창을 모두 확보한 HS6 합계(업종 수출 총액 아님),1502535358,-0.083290338128994,5891,0.1700391089950681,True,창원시 전역 제조업 총계 전력사용량 · 월→분기 합계. 업종별 값이 아니며 가동률과 개념·모집단이 다르다.,81.0,95.0,87.0,96.0,77.33,52.16,A,True,경상남도 제조업 총계(업종 공통 배경),전국 업종별 심리지수. 창원국가산단 개별 업종의 신호가 아니라 같은 업종의 전국 분위기다.,202302,116081.0,0.3292999135695806,2200.0,6.64081434803685,2135.0,-18.41803591899121,65.0,635.0,True,창원시 전역 제조업 총계 · 반기 · 표본조사. 업종별 값이 아니며 입직-이직을 KICOX 고용 증감과 같다고 보지 않는다.
운송장비,2023Q3,관찰,36.63975187186082,A,대분류 직접 대응,1,운송장비,34.87858420016803,34.87858420016803,34.87858420016803,False,True,2.1061040705907974,-1.8940343536856248,방향 불일치,-4.000138424276422,,,,비교자료 없음,,,False,KICOX 산단 고용과 고용보험 피보험자는 모집단이 다르다(산단 입주 사업체 vs 창원시 전역 사업장). 수준·점유율 비교 금지.,1141674.0,128.0893758316052,10.729571262462589,59.0,A,mapped_chapters_only,True,usable,,창원시 전역 통관 · 연도창을 모두 확보한 HS6 합계(업종 수출 총액 아님),1502535358,-0.083290338128994,5891,0.1700391089950681,True,창원시 전역 제조업 총계 전력사용량 · 월→분기 합계. 업종별 값이 아니며 가동률과 개념·모집단이 다르다.,81.0,95.0,87.0,96.0,77.33,97.84,A,True,경상남도 제조업 총계(업종 공통 배경),전국 업종별 심리지수. 창원국가산단 개별 업종의 신호가 아니라 같은 업종의 전국 분위기다.,202302,116081.0,0.3292999135695806,2200.0,6.64081434803685,2135.0,-18.41803591899121,65.0,635.0,True,창원시 전역 제조업 총계 · 반기 · 표본조사. 업종별 값이 아니며 입직-이직을 KICOX 고용 증감과 같다고 보지 않는다.
음식료,2023Q3,관찰,17.93837890549419,A,대분류 직접 대응,1,음식료품,13.103266298726158,13.103266298726158,13.103266298726158,False,True,2.1061040705907974,-1.8940343536856248,방향 불일치,-4.000138424276422,,,,비교자료 없음,,,False,KICOX 산단 고용과 고용보험 피보험자는 모집단이 다르다(산단 입주 사업체 vs 창원시 전역 사업장). 수준·점유율 비교 금지.,,,,,,no_data,False,no_mapped_chapter,해당 업종에 귀속 근거가 있는 HS 류가 없다,창원시 전역 통관 · 연도창을 모두 확보한 HS6 합계(업종 수출 총액 아님),1502535358,-0.083290338128994,5891,0.1700391089950681,True,창원시 전역 제조업 총계 전력사용량 · 월→분기 합계. 업종별 값이 아니며 가동률과 개념·모집단이 다르다.,81.0,95.0,87.0,96.0,77.33,76.83,A,True,경상남도 제조업 총계(업종 공통 배경),전국 업종별 심리지수. 창원국가산단 개별 업종의 신호가 아니라 같은 업종의 전국 분위기다.,202302,116081.0,0.3292999135695806,2200.0,6.64081434803685,2135.0,-18.41803591899121,65.0,635.0,True,창원시 전역 제조업 총계 · 반기 · 표본조사. 업종별 값이 아니며 입직-이직을 KICOX 고용 증감과 같다고 보지 않는다.
전기전자,2023Q3,관찰,13.393470030739008,C,복수 후보만 존재 — 가중치 근거 없음. 밴드로만 해석,2,전기장비|컴퓨터전자및광학기기,,7.104899063488457,20.322203674564165,True,,2.1061040705907974,-1.8940343536856248,방향 불일치,-4.000138424276422,,,,비교자료 없음,,,False,KICOX 산단 고용과 고용보험 피보험자는 모집단이 다르다(산단 입주 사업체 vs 창원시 전역 사업장). 수준·점유율 비교 금지.,517832.0,14.30110232605366,-0.9436255464301267,252.0,B,mapped_chapters_only,True,usable,,창원시 전역 통관 · 연도창을 모두 확보한 HS6 합계(업종 수출 총액 아님),1502535358,-0.083290338128994,5891,0.1700391089950681,True,창원시 전역 제조업 총계 전력사용량 · 월→분기 합계. 업종별 값이 아니며 가동률과 개념·모집단이 다르다.,81.0,95.0,87.0,96.0,77.33,72.84,A,True,경상남도 제조업 총계(업종 공통 배경),전국 업종별 심리지수. 창원국가산단 개별 업종의 신호가 아니라 같은 업종의 전국 분위기다.,202302,116081.0,0.3292999135695806,2200.0,6.64081434803685,2135.0,-18.41803591899121,65.0,635.0,True,창원시 전역 제조업 총계 · 반기 · 표본조사. 업종별 값이 아니며 입직-이직을 KICOX 고용 증감과 같다고 보지 않는다.
철강,2023Q3,관찰,-9.898771069811884,B,상위 범주가 넓어 범위 과대·과소 가능,1,철강1차제품,-3.993848390977373,-3.993848390977373,-3.993848390977373,False,True,2.1061040705907974,-1.8940343536856248,방향 불일치,-4.000138424276422,,,,비교자료 없음,,,False,KICOX 산단 고용과 고용보험 피보험자는 모집단이 다르다(산단 입주 사업체 vs 창원시 전역 사업장). 수준·점유율 비교 금지.,222762.0,-3.3960267657734637,-16.67862307701067,193.0,A,mapped_chapters_only,True,usable,,창원시 전역 통관 · 연도창을 모두 확보한 HS6 합계(업종 수출 총액 아님),1502535358,-0.083290338128994,5891,0.1700391089950681,True,창원시 전역 제조업 총계 전력사용량 · 월→분기 합계. 업종별 값이 아니며 가동률과 개념·모집단이 다르다.,81.0,95.0,87.0,96.0,77.33,58.67,B,True,경상남도 제조업 총계(업종 공통 배경),전국 업종별 심리지수. 창원국가산단 개별 업종의 신호가 아니라 같은 업종의 전국 분위기다.,202302,116081.0,0.3292999135695806,2200.0,6.64081434803685,2135.0,-18.41803591899121,65.0,635.0,True,창원시 전역 제조업 총계 · 반기 · 표본조사. 업종별 값이 아니며 입직-이직을 KICOX 고용 증감과 같다고 보지 않는다.
기계,2023Q4,우선점검,,A,대분류 직접 대응,1,기계및장비,,,,False,,2.5543596829321613,1.0486678002011862,방향 일치,-1.505691882730975,기계·장비,29688.0,0.4330175913396461,방향 불일치,-7.203223404275982,B,True,KICOX 산단 고용과 고용보험 피보험자는 모집단이 다르다(산단 입주 사업체 vs 창원시 전역 사업장). 수준·점유율 비교 금지.,2542191.0,10.379399593337624,0.5500600117179344,330.0,B,mapped_chapters_only,True,usable,,창원시 전역 통관 · 연도창을 모두 확보한 HS6 합계(업종 수출 총액 아님),1456353669,-4.883784713308758,6001,2.0404693079408176,True,창원시 전역 제조업 총계 전력사용량 · 월→분기 합계. 업종별 값이 아니며 가동률과 개념·모집단이 다르다.,75.0,90.0,82.67,88.67,80.33,71.84,C,True,경상남도 제조업 총계(업종 공통 배경),전국 업종별 심리지수. 창원국가산단 개별 업종의 신호가 아니라 같은 업종의 전국 분위기다.,202302,116081.0,0.3292999135695806,2200.0,6.64081434803685,2135.0,-18.41803591899121,65.0,635.0,True,창원시 전역 제조업 총계 · 반기 · 표본조사. 업종별 값이 아니며 입직-이직을 KICOX 고용 증감과 같다고 보지 않는다.
기타,2023Q4,관찰,,D,대응 항목 없음 — 조정 생산 산출 불가,0,,,,,False,,2.5543596829321613,1.0486678002011862,방향 일치,-1.505691882730975,,,,비교자료 없음,,,False,KICOX 산단 고용과 고용보험 피보험자는 모집단이 다르다(산단 입주 사업체 vs 창원시 전역 사업장). 수준·점유율 비교 금지.,,,,,,no_data,False,no_mapped_chapter,해당 업종에 귀속 근거가 있는 HS 류가 없다,창원시 전역 통관 · 연도창을 모두 확보한 HS6 합계(업종 수출 총액 아님),1456353669,-4.883784713308758,6001,2.0404693079408176,True,창원시 전역 제조업 총계 전력사용량 · 월→분기 합계. 업종별 값이 아니며 가동률과 개념·모집단이 다르다.,75.0,90.0,82.67,88.67,80.33,,,True,경상남도 제조업 총계(업종 공통 배경),전국 업종별 심리지수. 창원국가산단 개별 업종의 신호가 아니라 같은 업종의 전국 분위기다.,202302,116081.0,0.3292999135695806,2200.0,6.64081434803685,2135.0,-18.41803591899121,65.0,635.0,True,창원시 전역 제조업 총계 · 반기 · 표본조사. 업종별 값이 아니며 입직-이직을 KICOX 고용 증감과 같다고 보지 않는다.
목재종이,2023Q4,추가확인,,A,대분류 직접 대응,1,목재및종이제품,,,,False,,2.5543596829321613,1.0486678002011862,방향 일치,-1.505691882730975,,,,비교자료 없음,,,False,KICOX 산단 고용과 고용보험 피보험자는 모집단이 다르다(산단 입주 사업체 vs 창원시 전역 사업장). 수준·점유율 비교 금지.,,,,,,no_data,False,no_mapped_chapter,해당 업종에 귀속 근거가 있는 HS 류가 없다,창원시 전역 통관 · 연도창을 모두 확보한 HS6 합계(업종 수출 총액 아님),1456353669,-4.883784713308758,6001,2.0404693079408176,True,창원시 전역 제조업 총계 전력사용량 · 월→분기 합계. 업종별 값이 아니며 가동률과 개념·모집단이 다르다.,75.0,90.0,82.67,88.67,80.33,59.34,A,True,경상남도 제조업 총계(업종 공통 배경),전국 업종별 심리지수. 창원국가산단 개별 업종의 신호가 아니라 같은 업종의 전국 분위기다.,202302,116081.0,0.3292999135695806,2200.0,6.64081434803685,2135.0,-18.41803591899121,65.0,635.0,True,창원시 전역 제조업 총계 · 반기 · 표본조사. 업종별 값이 아니며 입직-이직을 KICOX 고용 증감과 같다고 보지 않는다.
비금속,2023Q4,관찰,,A,대분류 직접 대응,1,비금속광물제품,,,,False,,2.5543596829321613,1.0486678002011862,방향 일치,-1.505691882730975,,,,비교자료 없음,,,False,KICOX 산단 고용과 고용보험 피보험자는 모집단이 다르다(산단 입주 사업체 vs 창원시 전역 사업장). 수준·점유율 비교 금지.,,,,,,no_data,False,no_mapped_chapter,해당 업종에 귀속 근거가 있는 HS 류가 없다,창원시 전역 통관 · 연도창을 모두 확보한 HS6 합계(업종 수출 총액 아님),1456353669,-4.883784713308758,6001,2.0404693079408176,True,창원시 전역 제조업 총계 전력사용량 · 월→분기 합계. 업종별 값이 아니며 가동률과 개념·모집단이 다르다.,75.0,90.0,82.67,88.67,80.33,75.0,A,True,경상남도 제조업 총계(업종 공통 배경),전국 업종별 심리지수. 창원국가산단 개별 업종의 신호가 아니라 같은 업종의 전국 분위기다.,202302,116081.0,0.3292999135695806,2200.0,6.64081434803685,2135.0,-18.41803591899121,65.0,635.0,True,창원시 전역 제조업 총계 · 반기 · 표본조사. 업종별 값이 아니며 입직-이직을 KICOX 고용 증감과 같다고 보지 않는다.
석유화학,2023Q4,관찰,,C,복수 후보만 존재 — 가중치 근거 없음. 밴드로만 해석,2,석탄및석유제품|화학제품,,,,True,,2.5543596829321613,1.0486678002011862,방향 일치,-1.505691882730975,,,,비교자료 없음,,,False,KICOX 산단 고용과 고용보험 피보험자는 모집단이 다르다(산단 입주 사업체 vs 창원시 전역 사업장). 수준·점유율 비교 금지.,,,,,,no_data,False,no_mapped_chapter,해당 업종에 귀속 근거가 있는 HS 류가 없다,창원시 전역 통관 · 연도창을 모두 확보한 HS6 합계(업종 수출 총액 아님),1456353669,-4.883784713308758,6001,2.0404693079408176,True,창원시 전역 제조업 총계 전력사용량 · 월→분기 합계. 업종별 값이 아니며 가동률과 개념·모집단이 다르다.,75.0,90.0,82.67,88.67,80.33,70.11,B,True,경상남도 제조업 총계(업종 공통 배경),전국 업종별 심리지수. 창원국가산단 개별 업종의 신호가 아니라 같은 업종의 전국 분위기다.,202302,116081.0,0.3292999135695806,2200.0,6.64081434803685,2135.0,-18.41803591899121,65.0,635.0,True,창원시 전역 제조업 총계 · 반기 · 표본조사. 업종별 값이 아니며 입직-이직을 KICOX 고용 증감과 같다고 보지 않는다.
섬유의복,2023Q4,추가확인,,A,대분류 직접 대응,1,섬유및의복,,,,False,,2.5543596829321613,1.0486678002011862,방향 일치,-1.505691882730975,,,,비교자료 없음,,,False,KICOX 산단 고용과 고용보험 피보험자는 모집단이 다르다(산단 입주 사업체 vs 창원시 전역 사업장). 수준·점유율 비교 금지.,,,,,,no_data,False,no_mapped_chapter,해당 업종에 귀속 근거가 있는 HS 류가 없다,창원시 전역 통관 · 연도창을 모두 확보한 HS6 합계(업종 수출 총액 아님),1456353669,-4.883784713308758,6001,2.0404693079408176,True,창원시 전역 제조업 총계 전력사용량 · 월→분기 합계. 업종별 값이 아니며 가동률과 개념·모집단이 다르다.,75.0,90.0,82.67,88.67,80.33,52.33,A,True,경상남도 제조업 총계(업종 공통 배경),전국 업종별 심리지수. 창원국가산단 개별 업종의 신호가 아니라 같은 업종의 전국 분위기다.,202302,116081.0,0.3292999135695806,2200.0,6.64081434803685,2135.0,-18.41803591899121,65.0,635.0,True,창원시 전역 제조업 총계 · 반기 · 표본조사. 업종별 값이 아니며 입직-이직을 KICOX 고용 증감과 같다고 보지 않는다.
운송장비,2023Q4,관찰,,A,대분류 직접 대응,1,운송장비,,,,False,,2.5543596829321613,1.0486678002011862,방향 일치,-1.505691882730975,자동차·부품,18406.0,7.223581498310616,방향 일치 (매핑 C등급 — 참고),-2.3996488089993,C,True,KICOX 산단 고용과 고용보험 피보험자는 모집단이 다르다(산단 입주 사업체 vs 창원시 전역 사업장). 수준·점유율 비교 금지.,1585383.0,143.11364849198603,5.102871382596397,65.0,A,mapped_chapters_only,True,usable,,창원시 전역 통관 · 연도창을 모두 확보한 HS6 합계(업종 수출 총액 아님),1456353669,-4.883784713308758,6001,2.0404693079408176,True,창원시 전역 제조업 총계 전력사용량 · 월→분기 합계. 업종별 값이 아니며 가동률과 개념·모집단이 다르다.,75.0,90.0,82.67,88.67,80.33,93.5,A,True,경상남도 제조업 총계(업종 공통 배경),전국 업종별 심리지수. 창원국가산단 개별 업종의 신호가 아니라 같은 업종의 전국 분위기다.,202302,116081.0,0.3292999135695806,2200.0,6.64081434803685,2135.0,-18.41803591899121,65.0,635.0,True,창원시 전역 제조업 총계 · 반기 · 표본조사. 업종별 값이 아니며 입직-이직을 KICOX 고용 증감과 같다고 보지 않는다.
음식료,2023Q4,관찰,,A,대분류 직접 대응,1,음식료품,,,,False,,2.5543596829321613,1.0486678002011862,방향 일치,-1.505691882730975,,,,비교자료 없음,,,False,KICOX 산단 고용과 고용보험 피보험자는 모집단이 다르다(산단 입주 사업체 vs 창원시 전역 사업장). 수준·점유율 비교 금지.,,,,,,no_data,False,no_mapped_chapter,해당 업종에 귀속 근거가 있는 HS 류가 없다,창원시 전역 통관 · 연도창을 모두 확보한 HS6 합계(업종 수출 총액 아님),1456353669,-4.883784713308758,6001,2.0404693079408176,True,창원시 전역 제조업 총계 전력사용량 · 월→분기 합계. 업종별 값이 아니며 가동률과 개념·모집단이 다르다.,75.0,90.0,82.67,88.67,80.33,77.0,A,True,경상남도 제조업 총계(업종 공통 배경),전국 업종별 심리지수. 창원국가산단 개별 업종의 신호가 아니라 같은 업종의 전국 분위기다.,202302,116081.0,0.3292999135695806,2200.0,6.64081434803685,2135.0,-18.41803591899121,65.0,635.0,True,창원시 전역 제조업 총계 · 반기 · 표본조사. 업종별 값이 아니며 입직-이직을 KICOX 고용 증감과 같다고 보지 않는다.
전기전자,2023Q4,관찰,,C,복수 후보만 존재 — 가중치 근거 없음. 밴드로만 해석,2,전기장비|컴퓨터전자및광학기기,,,,True,,2.5543596829321613,1.0486678002011862,방향 일치,-1.505691882730975,전기장비,17947.0,3.09035556321442,방향 일치 (매핑 C등급 — 참고),15.279929492932997,C,True,KICOX 산단 고용과 고용보험 피보험자는 모집단이 다르다(산단 입주 사업체 vs 창원시 전역 사업장). 수준·점유율 비교 금지.,535341.0,26.624012488764848,-12.78513290492428,248.0,B,mapped_chapters_only,True,usable,,창원시 전역 통관 · 연도창을 모두 확보한 HS6 합계(업종 수출 총액 아님),1456353669,-4.883784713308758,6001,2.0404693079408176,True,창원시 전역 제조업 총계 전력사용량 · 월→분기 합계. 업종별 값이 아니며 가동률과 개념·모집단이 다르다.,75.0,90.0,82.67,88.67,80.33,75.0,A,True,경상남도 제조업 총계(업종 공통 배경),전국 업종별 심리지수. 창원국가산단 개별 업종의 신호가 아니라 같은 업종의 전국 분위기다.,202302,116081.0,0.3292999135695806,2200.0,6.64081434803685,2135.0,-18.41803591899121,65.0,635.0,True,창원시 전역 제조업 총계 · 반기 · 표본조사. 업종별 값이 아니며 입직-이직을 KICOX 고용 증감과 같다고 보지 않는다.
철강,2023Q4,관찰,,B,상위 범주가 넓어 범위 과대·과소 가능,1,철강1차제품,,,,False,,2.5543596829321613,1.0486678002011862,방향 일치,-1.505691882730975,,,,비교자료 없음,,,False,KICOX 산단 고용과 고용보험 피보험자는 모집단이 다르다(산단 입주 사업체 vs 창원시 전역 사업장). 수준·점유율 비교 금지.,222724.0,-3.704824616395652,-23.243197897150523,194.0,A,mapped_chapters_only,True,usable,,창원시 전역 통관 · 연도창을 모두 확보한 HS6 합계(업종 수출 총액 아님),1456353669,-4.883784713308758,6001,2.0404693079408176,True,창원시 전역 제조업 총계 전력사용량 · 월→분기 합계. 업종별 값이 아니며 가동률과 개념·모집단이 다르다.,75.0,90.0,82.67,88.67,80.33,62.67,B,True,경상남도 제조업 총계(업종 공통 배경),전국 업종별 심리지수. 창원국가산단 개별 업종의 신호가 아니라 같은 업종의 전국 분위기다.,202302,116081.0,0.3292999135695806,2200.0,6.64081434803685,2135.0,-18.41803591899121,65.0,635.0,True,창원시 전역 제조업 총계 · 반기 · 표본조사. 업종별 값이 아니며 입직-이직을 KICOX 고용 증감과 같다고 보지 않는다.
기계,2024Q1,관찰,15.921483512916002,A,대분류 직접 대응,1,기계및장비,13.97230857662306,13.97230857662306,13.97230857662306,False,True,1.4120931730932762,0.2365396621615723,방향 일치,-1.175553510931704,기계·장비,29188.0,,비교자료 없음,,B,False,KICOX 산단 고용과 고용보험 피보험자는 모집단이 다르다(산단 입주 사업체 vs 창원시 전역 사업장). 수준·점유율 비교 금지.,2425254.0,-6.8888150049564505,6.352172771182474,330.0,B,mapped_chapters_only,True,usable,,창원시 전역 통관 · 연도창을 모두 확보한 HS6 합계(업종 수출 총액 아님),1485037583,-3.648799882711695,6009,1.8129447644866128,True,창원시 전역 제조업 총계 전력사용량 · 월→분기 합계. 업종별 값이 아니며 가동률과 개념·모집단이 다르다.,76.67,95.0,87.0,94.0,81.0,69.16,C,True,경상남도 제조업 총계(업종 공통 배경),전국 업종별 심리지수. 창원국가산단 개별 업종의 신호가 아니라 같은 업종의 전국 분위기다.,202401,115712.0,-0.2379556505845426,2954.0,8.563028298419706,2384.0,-14.978601997146937,570.0,466.0,True,창원시 전역 제조업 총계 · 반기 · 표본조사. 업종별 값이 아니며 입직-이직을 KICOX 고용 증감과 같다고 보지 않는다.
기타,2024Q1,관찰,1.2897817044465132,D,대응 항목 없음 — 조정 생산 산출 불가,0,,,,,False,,1.4120931730932762,0.2365396621615723,방향 일치,-1.175553510931704,,,,비교자료 없음,,,False,KICOX 산단 고용과 고용보험 피보험자는 모집단이 다르다(산단 입주 사업체 vs 창원시 전역 사업장). 수준·점유율 비교 금지.,,,,,,no_data,False,no_mapped_chapter,해당 업종에 귀속 근거가 있는 HS 류가 없다,창원시 전역 통관 · 연도창을 모두 확보한 HS6 합계(업종 수출 총액 아님),1485037583,-3.648799882711695,6009,1.8129447644866128,True,창원시 전역 제조업 총계 전력사용량 · 월→분기 합계. 업종별 값이 아니며 가동률과 개념·모집단이 다르다.,76.67,95.0,87.0,94.0,81.0,,,True,경상남도 제조업 총계(업종 공통 배경),전국 업종별 심리지수. 창원국가산단 개별 업종의 신호가 아니라 같은 업종의 전국 분위기다.,202401,115712.0,-0.2379556505845426,2954.0,8.563028298419706,2384.0,-14.978601997146937,570.0,466.0,True,창원시 전역 제조업 총계 · 반기 · 표본조사. 업종별 값이 아니며 입직-이직을 KICOX 고용 증감과 같다고 보지 않는다.
목재종이,2024Q1,추가확인,17.251718590024858,A,대분류 직접 대응,1,목재및종이제품,19.660579388364564,19.660579388364564,19.660579388364564,False,True,1.4120931730932762,0.2365396621615723,방향 일치,-1.175553510931704,,,,비교자료 없음,,,False,KICOX 산단 고용과 고용보험 피보험자는 모집단이 다르다(산단 입주 사업체 vs 창원시 전역 사업장). 수준·점유율 비교 금지.,,,,,,no_data,False,no_mapped_chapter,해당 업종에 귀속 근거가 있는 HS 류가 없다,창원시 전역 통관 · 연도창을 모두 확보한 HS6 합계(업종 수출 총액 아님),1485037583,-3.648799882711695,6009,1.8129447644866128,True,창원시 전역 제조업 총계 전력사용량 · 월→분기 합계. 업종별 값이 아니며 가동률과 개념·모집단이 다르다.,76.67,95.0,87.0,94.0,81.0,60.0,A,True,경상남도 제조업 총계(업종 공통 배경),전국 업종별 심리지수. 창원국가산단 개별 업종의 신호가 아니라 같은 업종의 전국 분위기다.,202401,115712.0,-0.2379556505845426,2954.0,8.563028298419706,2384.0,-14.978601997146937,570.0,466.0,True,창원시 전역 제조업 총계 · 반기 · 표본조사. 업종별 값이 아니며 입직-이직을 KICOX 고용 증감과 같다고 보지 않는다.
비금속,2024Q1,관찰,-4.813588221792308,A,대분류 직접 대응,1,비금속광물제품,-7.68672624521598,-7.68672624521598,-7.68672624521598,False,True,1.4120931730932762,0.2365396621615723,방향 일치,-1.175553510931704,,,,비교자료 없음,,,False,KICOX 산단 고용과 고용보험 피보험자는 모집단이 다르다(산단 입주 사업체 vs 창원시 전역 사업장). 수준·점유율 비교 금지.,,,,,,no_data,False,no_mapped_chapter,해당 업종에 귀속 근거가 있는 HS 류가 없다,창원시 전역 통관 · 연도창을 모두 확보한 HS6 합계(업종 수출 총액 아님),1485037583,-3.648799882711695,6009,1.8129447644866128,True,창원시 전역 제조업 총계 전력사용량 · 월→분기 합계. 업종별 값이 아니며 가동률과 개념·모집단이 다르다.,76.67,95.0,87.0,94.0,81.0,61.67,A,True,경상남도 제조업 총계(업종 공통 배경),전국 업종별 심리지수. 창원국가산단 개별 업종의 신호가 아니라 같은 업종의 전국 분위기다.,202401,115712.0,-0.2379556505845426,2954.0,8.563028298419706,2384.0,-14.978601997146937,570.0,466.0,True,창원시 전역 제조업 총계 · 반기 · 표본조사. 업종별 값이 아니며 입직-이직을 KICOX 고용 증감과 같다고 보지 않는다.
석유화학,2024Q1,관찰,-3.235416397861024,C,복수 후보만 존재 — 가중치 근거 없음. 밴드로만 해석,2,석탄및석유제품|화학제품,,-3.0029532756815303,-2.834487200672797,True,,1.4120931730932762,0.2365396621615723,방향 일치,-1.175553510931704,,,,비교자료 없음,,,False,KICOX 산단 고용과 고용보험 피보험자는 모집단이 다르다(산단 입주 사업체 vs 창원시 전역 사업장). 수준·점유율 비교 금지.,,,,,,no_data,False,no_mapped_chapter,해당 업종에 귀속 근거가 있는 HS 류가 없다,창원시 전역 통관 · 연도창을 모두 확보한 HS6 합계(업종 수출 총액 아님),1485037583,-3.648799882711695,6009,1.8129447644866128,True,창원시 전역 제조업 총계 전력사용량 · 월→분기 합계. 업종별 값이 아니며 가동률과 개념·모집단이 다르다.,76.67,95.0,87.0,94.0,81.0,72.56,B,True,경상남도 제조업 총계(업종 공통 배경),전국 업종별 심리지수. 창원국가산단 개별 업종의 신호가 아니라 같은 업종의 전국 분위기다.,202401,115712.0,-0.2379556505845426,2954.0,8.563028298419706,2384.0,-14.978601997146937,570.0,466.0,True,창원시 전역 제조업 총계 · 반기 · 표본조사. 업종별 값이 아니며 입직-이직을 KICOX 고용 증감과 같다고 보지 않는다.
섬유의복,2024Q1,추가확인,20.126671358198458,A,대분류 직접 대응,1,섬유및의복,18.321366543174666,18.321366543174666,18.321366543174666,False,True,1.4120931730932762,0.2365396621615723,방향 일치,-1.175553510931704,,,,비교자료 없음,,,False,KICOX 산단 고용과 고용보험 피보험자는 모집단이 다르다(산단 입주 사업체 vs 창원시 전역 사업장). 수준·점유율 비교 금지.,,,,,,no_data,False,no_mapped_chapter,해당 업종에 귀속 근거가 있는 HS 류가 없다,창원시 전역 통관 · 연도창을 모두 확보한 HS6 합계(업종 수출 총액 아님),1485037583,-3.648799882711695,6009,1.8129447644866128,True,창원시 전역 제조업 총계 전력사용량 · 월→분기 합계. 업종별 값이 아니며 가동률과 개념·모집단이 다르다.,76.67,95.0,87.0,94.0,81.0,54.66,A,True,경상남도 제조업 총계(업종 공통 배경),전국 업종별 심리지수. 창원국가산단 개별 업종의 신호가 아니라 같은 업종의 전국 분위기다.,202401,115712.0,-0.2379556505845426,2954.0,8.563028298419706,2384.0,-14.978601997146937,570.0,466.0,True,창원시 전역 제조업 총계 · 반기 · 표본조사. 업종별 값이 아니며 입직-이직을 KICOX 고용 증감과 같다고 보지 않는다.
운송장비,2024Q1,관찰,1.4690769019191308,A,대분류 직접 대응,1,운송장비,-0.6002996164440111,-0.6002996164440111,-0.6002996164440111,False,False,1.4120931730932762,0.2365396621615723,방향 일치,-1.175553510931704,자동차·부품,19021.0,,비교자료 없음,,C,False,KICOX 산단 고용과 고용보험 피보험자는 모집단이 다르다(산단 입주 사업체 vs 창원시 전역 사업장). 수준·점유율 비교 금지.,1423335.0,61.496331730474665,14.276715005656682,59.0,A,mapped_chapters_only,True,usable,,창원시 전역 통관 · 연도창을 모두 확보한 HS6 합계(업종 수출 총액 아님),1485037583,-3.648799882711695,6009,1.8129447644866128,True,창원시 전역 제조업 총계 전력사용량 · 월→분기 합계. 업종별 값이 아니며 가동률과 개념·모집단이 다르다.,76.67,95.0,87.0,94.0,81.0,85.5,A,True,경상남도 제조업 총계(업종 공통 배경),전국 업종별 심리지수. 창원국가산단 개별 업종의 신호가 아니라 같은 업종의 전국 분위기다.,202401,115712.0,-0.2379556505845426,2954.0,8.563028298419706,2384.0,-14.978601997146937,570.0,466.0,True,창원시 전역 제조업 총계 · 반기 · 표본조사. 업종별 값이 아니며 입직-이직을 KICOX 고용 증감과 같다고 보지 않는다.
음식료,2024Q1,관찰,-1.2868471284541272,A,대분류 직접 대응,1,음식료품,-2.5885649026886504,-2.5885649026886504,-2.5885649026886504,False,True,1.4120931730932762,0.2365396621615723,방향 일치,-1.175553510931704,,,,비교자료 없음,,,False,KICOX 산단 고용과 고용보험 피보험자는 모집단이 다르다(산단 입주 사업체 vs 창원시 전역 사업장). 수준·점유율 비교 금지.,,,,,,no_data,False,no_mapped_chapter,해당 업종에 귀속 근거가 있는 HS 류가 없다,창원시 전역 통관 · 연도창을 모두 확보한 HS6 합계(업종 수출 총액 아님),1485037583,-3.648799882711695,6009,1.8129447644866128,True,창원시 전역 제조업 총계 전력사용량 · 월→분기 합계. 업종별 값이 아니며 가동률과 개념·모집단이 다르다.,76.67,95.0,87.0,94.0,81.0,82.0,A,True,경상남도 제조업 총계(업종 공통 배경),전국 업종별 심리지수. 창원국가산단 개별 업종의 신호가 아니라 같은 업종의 전국 분위기다.,202401,115712.0,-0.2379556505845426,2954.0,8.563028298419706,2384.0,-14.978601997146937,570.0,466.0,True,창원시 전역 제조업 총계 · 반기 · 표본조사. 업종별 값이 아니며 입직-이직을 KICOX 고용 증감과 같다고 보지 않는다.
전기전자,2024Q1,관찰,9.120228384459782,C,복수 후보만 존재 — 가중치 근거 없음. 밴드로만 해석,2,전기장비|컴퓨터전자및광학기기,,4.896890748520999,8.439314074735439,True,,1.4120931730932762,0.2365396621615723,방향 일치,-1.175553510931704,전기장비,18338.0,,비교자료 없음,,C,False,KICOX 산단 고용과 고용보험 피보험자는 모집단이 다르다(산단 입주 사업체 vs 창원시 전역 사업장). 수준·점유율 비교 금지.,524257.0,2.799118400257261,-3.318281634018294,237.0,B,mapped_chapters_only,True,usable,,창원시 전역 통관 · 연도창을 모두 확보한 HS6 합계(업종 수출 총액 아님),1485037583,-3.648799882711695,6009,1.8129447644866128,True,창원시 전역 제조업 총계 전력사용량 · 월→분기 합계. 업종별 값이 아니며 가동률과 개념·모집단이 다르다.,76.67,95.0,87.0,94.0,81.0,75.84,A,True,경상남도 제조업 총계(업종 공통 배경),전국 업종별 심리지수. 창원국가산단 개별 업종의 신호가 아니라 같은 업종의 전국 분위기다.,202401,115712.0,-0.2379556505845426,2954.0,8.563028298419706,2384.0,-14.978601997146937,570.0,466.0,True,창원시 전역 제조업 총계 · 반기 · 표본조사. 업종별 값이 아니며 입직-이직을 KICOX 고용 증감과 같다고 보지 않는다.
철강,2024Q1,관찰,-8.790854410582504,B,상위 범주가 넓어 범위 과대·과소 가능,1,철강1차제품,-1.978030525540031,-1.978030525540031,-1.978030525540031,False,True,1.4120931730932762,0.2365396621615723,방향 일치,-1.175553510931704,,,,비교자료 없음,,,False,KICOX 산단 고용과 고용보험 피보험자는 모집단이 다르다(산단 입주 사업체 vs 창원시 전역 사업장). 수준·점유율 비교 금지.,229276.0,-5.030237759920475,-31.955430282744647,192.0,A,mapped_chapters_only,True,usable,,창원시 전역 통관 · 연도창을 모두 확보한 HS6 합계(업종 수출 총액 아님),1485037583,-3.648799882711695,6009,1.8129447644866128,True,창원시 전역 제조업 총계 전력사용량 · 월→분기 합계. 업종별 값이 아니며 가동률과 개념·모집단이 다르다.,76.67,95.0,87.0,94.0,81.0,66.0,B,True,경상남도 제조업 총계(업종 공통 배경),전국 업종별 심리지수. 창원국가산단 개별 업종의 신호가 아니라 같은 업종의 전국 분위기다.,202401,115712.0,-0.2379556505845426,2954.0,8.563028298419706,2384.0,-14.978601997146937,570.0,466.0,True,창원시 전역 제조업 총계 · 반기 · 표본조사. 업종별 값이 아니며 입직-이직을 KICOX 고용 증감과 같다고 보지 않는다.
기계,2024Q2,관찰,17.514539895264726,A,대분류 직접 대응,1,기계및장비,15.753863440328365,15.753863440328365,15.753863440328365,False,True,1.8046993656749777,2.592625264643611,방향 일치,0.7879258989686333,기계·장비,29172.0,,비교자료 없음,,B,False,KICOX 산단 고용과 고용보험 피보험자는 모집단이 다르다(산단 입주 사업체 vs 창원시 전역 사업장). 수준·점유율 비교 금지.,2422891.0,-8.745084893863842,1.0447039387756485,336.0,B,mapped_chapters_only,True,usable,,창원시 전역 통관 · 연도창을 모두 확보한 HS6 합계(업종 수출 총액 아님),1458830657,-3.354099107408804,6035,2.427019687712151,True,창원시 전역 제조업 총계 전력사용량 · 월→분기 합계. 업종별 값이 아니며 가동률과 개념·모집단이 다르다.,79.67,92.33,87.33,93.0,84.33,69.17,C,True,경상남도 제조업 총계(업종 공통 배경),전국 업종별 심리지수. 창원국가산단 개별 업종의 신호가 아니라 같은 업종의 전국 분위기다.,202401,115712.0,-0.2379556505845426,2954.0,8.563028298419706,2384.0,-14.978601997146937,570.0,466.0,True,창원시 전역 제조업 총계 · 반기 · 표본조사. 업종별 값이 아니며 입직-이직을 KICOX 고용 증감과 같다고 보지 않는다.
기타,2024Q2,관찰,1.7495425168448708,D,대응 항목 없음 — 조정 생산 산출 불가,0,,,,,False,,1.8046993656749777,2.592625264643611,방향 일치,0.7879258989686333,,,,비교자료 없음,,,False,KICOX 산단 고용과 고용보험 피보험자는 모집단이 다르다(산단 입주 사업체 vs 창원시 전역 사업장). 수준·점유율 비교 금지.,,,,,,no_data,False,no_mapped_chapter,해당 업종에 귀속 근거가 있는 HS 류가 없다,창원시 전역 통관 · 연도창을 모두 확보한 HS6 합계(업종 수출 총액 아님),1458830657,-3.354099107408804,6035,2.427019687712151,True,창원시 전역 제조업 총계 전력사용량 · 월→분기 합계. 업종별 값이 아니며 가동률과 개념·모집단이 다르다.,79.67,92.33,87.33,93.0,84.33,,,True,경상남도 제조업 총계(업종 공통 배경),전국 업종별 심리지수. 창원국가산단 개별 업종의 신호가 아니라 같은 업종의 전국 분위기다.,202401,115712.0,-0.2379556505845426,2954.0,8.563028298419706,2384.0,-14.978601997146937,570.0,466.0,True,창원시 전역 제조업 총계 · 반기 · 표본조사. 업종별 값이 아니며 입직-이직을 KICOX 고용 증감과 같다고 보지 않는다.
목재종이,2024Q2,추가확인,25.96370999143369,A,대분류 직접 대응,1,목재및종이제품,27.234985988032268,27.234985988032268,27.234985988032268,False,True,1.8046993656749777,2.592625264643611,방향 일치,0.7879258989686333,,,,비교자료 없음,,,False,KICOX 산단 고용과 고용보험 피보험자는 모집단이 다르다(산단 입주 사업체 vs 창원시 전역 사업장). 수준·점유율 비교 금지.,,,,,,no_data,False,no_mapped_chapter,해당 업종에 귀속 근거가 있는 HS 류가 없다,창원시 전역 통관 · 연도창을 모두 확보한 HS6 합계(업종 수출 총액 아님),1458830657,-3.354099107408804,6035,2.427019687712151,True,창원시 전역 제조업 총계 전력사용량 · 월→분기 합계. 업종별 값이 아니며 가동률과 개념·모집단이 다르다.,79.67,92.33,87.33,93.0,84.33,56.66,A,True,경상남도 제조업 총계(업종 공통 배경),전국 업종별 심리지수. 창원국가산단 개별 업종의 신호가 아니라 같은 업종의 전국 분위기다.,202401,115712.0,-0.2379556505845426,2954.0,8.563028298419706,2384.0,-14.978601997146937,570.0,466.0,True,창원시 전역 제조업 총계 · 반기 · 표본조사. 업종별 값이 아니며 입직-이직을 KICOX 고용 증감과 같다고 보지 않는다.
비금속,2024Q2,추가확인,5.419369990899203,A,대분류 직접 대응,1,비금속광물제품,3.977718918099749,3.977718918099749,3.977718918099749,False,True,1.8046993656749777,2.592625264643611,방향 일치,0.7879258989686333,,,,비교자료 없음,,,False,KICOX 산단 고용과 고용보험 피보험자는 모집단이 다르다(산단 입주 사업체 vs 창원시 전역 사업장). 수준·점유율 비교 금지.,,,,,,no_data,False,no_mapped_chapter,해당 업종에 귀속 근거가 있는 HS 류가 없다,창원시 전역 통관 · 연도창을 모두 확보한 HS6 합계(업종 수출 총액 아님),1458830657,-3.354099107408804,6035,2.427019687712151,True,창원시 전역 제조업 총계 전력사용량 · 월→분기 합계. 업종별 값이 아니며 가동률과 개념·모집단이 다르다.,79.67,92.33,87.33,93.0,84.33,62.0,A,True,경상남도 제조업 총계(업종 공통 배경),전국 업종별 심리지수. 창원국가산단 개별 업종의 신호가 아니라 같은 업종의 전국 분위기다.,202401,115712.0,-0.2379556505845426,2954.0,8.563028298419706,2384.0,-14.978601997146937,570.0,466.0,True,창원시 전역 제조업 총계 · 반기 · 표본조사. 업종별 값이 아니며 입직-이직을 KICOX 고용 증감과 같다고 보지 않는다.
석유화학,2024Q2,관찰,-9.047036826957443,C,복수 후보만 존재 — 가중치 근거 없음. 밴드로만 해석,2,석탄및석유제품|화학제품,,-15.982697883428266,-10.261481656478075,True,,1.8046993656749777,2.592625264643611,방향 일치,0.7879258989686333,,,,비교자료 없음,,,False,KICOX 산단 고용과 고용보험 피보험자는 모집단이 다르다(산단 입주 사업체 vs 창원시 전역 사업장). 수준·점유율 비교 금지.,,,,,,no_data,False,no_mapped_chapter,해당 업종에 귀속 근거가 있는 HS 류가 없다,창원시 전역 통관 · 연도창을 모두 확보한 HS6 합계(업종 수출 총액 아님),1458830657,-3.354099107408804,6035,2.427019687712151,True,창원시 전역 제조업 총계 전력사용량 · 월→분기 합계. 업종별 값이 아니며 가동률과 개념·모집단이 다르다.,79.67,92.33,87.33,93.0,84.33,76.78,B,True,경상남도 제조업 총계(업종 공통 배경),전국 업종별 심리지수. 창원국가산단 개별 업종의 신호가 아니라 같은 업종의 전국 분위기다.,202401,115712.0,-0.2379556505845426,2954.0,8.563028298419706,2384.0,-14.978601997146937,570.0,466.0,True,창원시 전역 제조업 총계 · 반기 · 표본조사. 업종별 값이 아니며 입직-이직을 KICOX 고용 증감과 같다고 보지 않는다.
섬유의복,2024Q2,추가확인,-6.908077994428963,A,대분류 직접 대응,1,섬유및의복,-7.509322890049908,-7.509322890049908,-7.509322890049908,False,True,1.8046993656749777,2.592625264643611,방향 일치,0.7879258989686333,,,,비교자료 없음,,,False,KICOX 산단 고용과 고용보험 피보험자는 모집단이 다르다(산단 입주 사업체 vs 창원시 전역 사업장). 수준·점유율 비교 금지.,,,,,,no_data,False,no_mapped_chapter,해당 업종에 귀속 근거가 있는 HS 류가 없다,창원시 전역 통관 · 연도창을 모두 확보한 HS6 합계(업종 수출 총액 아님),1458830657,-3.354099107408804,6035,2.427019687712151,True,창원시 전역 제조업 총계 전력사용량 · 월→분기 합계. 업종별 값이 아니며 가동률과 개념·모집단이 다르다.,79.67,92.33,87.33,93.0,84.33,61.84,A,True,경상남도 제조업 총계(업종 공통 배경),전국 업종별 심리지수. 창원국가산단 개별 업종의 신호가 아니라 같은 업종의 전국 분위기다.,202401,115712.0,-0.2379556505845426,2954.0,8.563028298419706,2384.0,-14.978601997146937,570.0,466.0,True,창원시 전역 제조업 총계 · 반기 · 표본조사. 업종별 값이 아니며 입직-이직을 KICOX 고용 증감과 같다고 보지 않는다.
운송장비,2024Q2,관찰,-1.0242605255896708,A,대분류 직접 대응,1,운송장비,-3.3104019514962446,-3.3104019514962446,-3.3104019514962446,False,True,1.8046993656749777,2.592625264643611,방향 일치,0.7879258989686333,자동차·부품,19086.0,,비교자료 없음,,C,False,KICOX 산단 고용과 고용보험 피보험자는 모집단이 다르다(산단 입주 사업체 vs 창원시 전역 사업장). 수준·점유율 비교 금지.,1570329.0,36.53526958327211,41.41291590288676,68.0,A,mapped_chapters_only,True,usable,,창원시 전역 통관 · 연도창을 모두 확보한 HS6 합계(업종 수출 총액 아님),1458830657,-3.354099107408804,6035,2.427019687712151,True,창원시 전역 제조업 총계 전력사용량 · 월→분기 합계. 업종별 값이 아니며 가동률과 개념·모집단이 다르다.,79.67,92.33,87.33,93.0,84.33,95.5,A,True,경상남도 제조업 총계(업종 공통 배경),전국 업종별 심리지수. 창원국가산단 개별 업종의 신호가 아니라 같은 업종의 전국 분위기다.,202401,115712.0,-0.2379556505845426,2954.0,8.563028298419706,2384.0,-14.978601997146937,570.0,466.0,True,창원시 전역 제조업 총계 · 반기 · 표본조사. 업종별 값이 아니며 입직-이직을 KICOX 고용 증감과 같다고 보지 않는다.
음식료,2024Q2,관찰,5.6871913418093945,A,대분류 직접 대응,1,음식료품,4.584923767013138,4.584923767013138,4.584923767013138,False,True,1.8046993656749777,2.592625264643611,방향 일치,0.7879258989686333,,,,비교자료 없음,,,False,KICOX 산단 고용과 고용보험 피보험자는 모집단이 다르다(산단 입주 사업체 vs 창원시 전역 사업장). 수준·점유율 비교 금지.,,,,,,no_data,False,no_mapped_chapter,해당 업종에 귀속 근거가 있는 HS 류가 없다,창원시 전역 통관 · 연도창을 모두 확보한 HS6 합계(업종 수출 총액 아님),1458830657,-3.354099107408804,6035,2.427019687712151,True,창원시 전역 제조업 총계 전력사용량 · 월→분기 합계. 업종별 값이 아니며 가동률과 개념·모집단이 다르다.,79.67,92.33,87.33,93.0,84.33,76.66,A,True,경상남도 제조업 총계(업종 공통 배경),전국 업종별 심리지수. 창원국가산단 개별 업종의 신호가 아니라 같은 업종의 전국 분위기다.,202401,115712.0,-0.2379556505845426,2954.0,8.563028298419706,2384.0,-14.978601997146937,570.0,466.0,True,창원시 전역 제조업 총계 · 반기 · 표본조사. 업종별 값이 아니며 입직-이직을 KICOX 고용 증감과 같다고 보지 않는다.
전기전자,2024Q2,관찰,5.154444166314365,C,복수 후보만 존재 — 가중치 근거 없음. 밴드로만 해석,2,전기장비|컴퓨터전자및광학기기,,-1.098902141396796,1.8018802146347657,True,,1.8046993656749777,2.592625264643611,방향 일치,0.7879258989686333,전기장비,18535.0,,비교자료 없음,,C,False,KICOX 산단 고용과 고용보험 피보험자는 모집단이 다르다(산단 입주 사업체 vs 창원시 전역 사업장). 수준·점유율 비교 금지.,502425.0,-6.313981718709794,12.33530934290723,254.0,B,mapped_chapters_only,True,usable,,창원시 전역 통관 · 연도창을 모두 확보한 HS6 합계(업종 수출 총액 아님),1458830657,-3.354099107408804,6035,2.427019687712151,True,창원시 전역 제조업 총계 전력사용량 · 월→분기 합계. 업종별 값이 아니며 가동률과 개념·모집단이 다르다.,79.67,92.33,87.33,93.0,84.33,83.5,A,True,경상남도 제조업 총계(업종 공통 배경),전국 업종별 심리지수. 창원국가산단 개별 업종의 신호가 아니라 같은 업종의 전국 분위기다.,202401,115712.0,-0.2379556505845426,2954.0,8.563028298419706,2384.0,-14.978601997146937,570.0,466.0,True,창원시 전역 제조업 총계 · 반기 · 표본조사. 업종별 값이 아니며 입직-이직을 KICOX 고용 증감과 같다고 보지 않는다.
철강,2024Q2,관찰,-12.388044560212986,B,상위 범주가 넓어 범위 과대·과소 가능,1,철강1차제품,-5.557436069371391,-5.557436069371391,-5.557436069371391,False,True,1.8046993656749777,2.592625264643611,방향 일치,0.7879258989686333,,,,비교자료 없음,,,False,KICOX 산단 고용과 고용보험 피보험자는 모집단이 다르다(산단 입주 사업체 vs 창원시 전역 사업장). 수준·점유율 비교 금지.,242088.0,3.9901374146796176,-31.500065163560546,194.0,A,mapped_chapters_only,True,usable,,창원시 전역 통관 · 연도창을 모두 확보한 HS6 합계(업종 수출 총액 아님),1458830657,-3.354099107408804,6035,2.427019687712151,True,창원시 전역 제조업 총계 전력사용량 · 월→분기 합계. 업종별 값이 아니며 가동률과 개념·모집단이 다르다.,79.67,92.33,87.33,93.0,84.33,66.33,B,True,경상남도 제조업 총계(업종 공통 배경),전국 업종별 심리지수. 창원국가산단 개별 업종의 신호가 아니라 같은 업종의 전국 분위기다.,202401,115712.0,-0.2379556505845426,2954.0,8.563028298419706,2384.0,-14.978601997146937,570.0,466.0,True,창원시 전역 제조업 총계 · 반기 · 표본조사. 업종별 값이 아니며 입직-이직을 KICOX 고용 증감과 같다고 보지 않는다.
기계,2024Q3,관찰,21.87587197768224,A,대분류 직접 대응,1,기계및장비,19.84558470556708,19.84558470556708,19.84558470556708,False,True,1.221593940040533,2.5941068659241395,방향 일치,1.3725129258836066,기계·장비,29193.0,,비교자료 없음,,B,False,KICOX 산단 고용과 고용보험 피보험자는 모집단이 다르다(산단 입주 사업체 vs 창원시 전역 사업장). 수준·점유율 비교 금지.,2175261.0,-13.075302521592702,16.03202294951187,349.0,B,mapped_chapters_only,True,usable,,창원시 전역 통관 · 연도창을 모두 확보한 HS6 합계(업종 수출 총액 아님),1488574261,-0.929169282151432,6026,2.2916313019860857,True,창원시 전역 제조업 총계 전력사용량 · 월→분기 합계. 업종별 값이 아니며 가동률과 개념·모집단이 다르다.,68.67,83.67,78.0,83.33,82.67,70.0,C,True,경상남도 제조업 총계(업종 공통 배경),전국 업종별 심리지수. 창원국가산단 개별 업종의 신호가 아니라 같은 업종의 전국 분위기다.,202402,115300.0,-0.6728060578389261,1989.0,-9.590909090909092,1817.0,-14.894613583138172,172.0,610.0,True,창원시 전역 제조업 총계 · 반기 · 표본조사. 업종별 값이 아니며 입직-이직을 KICOX 고용 증감과 같다고 보지 않는다.
기타,2024Q3,관찰,2.424789604359434,D,대응 항목 없음 — 조정 생산 산출 불가,0,,,,,False,,1.221593940040533,2.5941068659241395,방향 일치,1.3725129258836066,,,,비교자료 없음,,,False,KICOX 산단 고용과 고용보험 피보험자는 모집단이 다르다(산단 입주 사업체 vs 창원시 전역 사업장). 수준·점유율 비교 금지.,,,,,,no_data,False,no_mapped_chapter,해당 업종에 귀속 근거가 있는 HS 류가 없다,창원시 전역 통관 · 연도창을 모두 확보한 HS6 합계(업종 수출 총액 아님),1488574261,-0.929169282151432,6026,2.2916313019860857,True,창원시 전역 제조업 총계 전력사용량 · 월→분기 합계. 업종별 값이 아니며 가동률과 개념·모집단이 다르다.,68.67,83.67,78.0,83.33,82.67,,,True,경상남도 제조업 총계(업종 공통 배경),전국 업종별 심리지수. 창원국가산단 개별 업종의 신호가 아니라 같은 업종의 전국 분위기다.,202402,115300.0,-0.6728060578389261,1989.0,-9.590909090909092,1817.0,-14.894613583138172,172.0,610.0,True,창원시 전역 제조업 총계 · 반기 · 표본조사. 업종별 값이 아니며 입직-이직을 KICOX 고용 증감과 같다고 보지 않는다.
목재종이,2024Q3,추가확인,4.576827715606768,A,대분류 직접 대응,1,목재및종이제품,3.387487013499824,3.387487013499824,3.387487013499824,False,True,1.221593940040533,2.5941068659241395,방향 일치,1.3725129258836066,,,,비교자료 없음,,,False,KICOX 산단 고용과 고용보험 피보험자는 모집단이 다르다(산단 입주 사업체 vs 창원시 전역 사업장). 수준·점유율 비교 금지.,,,,,,no_data,False,no_mapped_chapter,해당 업종에 귀속 근거가 있는 HS 류가 없다,창원시 전역 통관 · 연도창을 모두 확보한 HS6 합계(업종 수출 총액 아님),1488574261,-0.929169282151432,6026,2.2916313019860857,True,창원시 전역 제조업 총계 전력사용량 · 월→분기 합계. 업종별 값이 아니며 가동률과 개념·모집단이 다르다.,68.67,83.67,78.0,83.33,82.67,51.0,A,True,경상남도 제조업 총계(업종 공통 배경),전국 업종별 심리지수. 창원국가산단 개별 업종의 신호가 아니라 같은 업종의 전국 분위기다.,202402,115300.0,-0.6728060578389261,1989.0,-9.590909090909092,1817.0,-14.894613583138172,172.0,610.0,True,창원시 전역 제조업 총계 · 반기 · 표본조사. 업종별 값이 아니며 입직-이직을 KICOX 고용 증감과 같다고 보지 않는다.
비금속,2024Q3,추가확인,-9.465963025656343,A,대분류 직접 대응,1,비금속광물제품,-9.680958472109335,-9.680958472109335,-9.680958472109335,False,True,1.221593940040533,2.5941068659241395,방향 일치,1.3725129258836066,,,,비교자료 없음,,,False,KICOX 산단 고용과 고용보험 피보험자는 모집단이 다르다(산단 입주 사업체 vs 창원시 전역 사업장). 수준·점유율 비교 금지.,,,,,,no_data,False,no_mapped_chapter,해당 업종에 귀속 근거가 있는 HS 류가 없다,창원시 전역 통관 · 연도창을 모두 확보한 HS6 합계(업종 수출 총액 아님),1488574261,-0.929169282151432,6026,2.2916313019860857,True,창원시 전역 제조업 총계 전력사용량 · 월→분기 합계. 업종별 값이 아니며 가동률과 개념·모집단이 다르다.,68.67,83.67,78.0,83.33,82.67,48.33,A,True,경상남도 제조업 총계(업종 공통 배경),전국 업종별 심리지수. 창원국가산단 개별 업종의 신호가 아니라 같은 업종의 전국 분위기다.,202402,115300.0,-0.6728060578389261,1989.0,-9.590909090909092,1817.0,-14.894613583138172,172.0,610.0,True,창원시 전역 제조업 총계 · 반기 · 표본조사. 업종별 값이 아니며 입직-이직을 KICOX 고용 증감과 같다고 보지 않는다.
석유화학,2024Q3,관찰,-15.80477933369142,C,복수 후보만 존재 — 가중치 근거 없음. 밴드로만 해석,2,석탄및석유제품|화학제품,,-17.217776686102837,-13.350423137083157,True,,1.221593940040533,2.5941068659241395,방향 일치,1.3725129258836066,,,,비교자료 없음,,,False,KICOX 산단 고용과 고용보험 피보험자는 모집단이 다르다(산단 입주 사업체 vs 창원시 전역 사업장). 수준·점유율 비교 금지.,,,,,,no_data,False,no_mapped_chapter,해당 업종에 귀속 근거가 있는 HS 류가 없다,창원시 전역 통관 · 연도창을 모두 확보한 HS6 합계(업종 수출 총액 아님),1488574261,-0.929169282151432,6026,2.2916313019860857,True,창원시 전역 제조업 총계 전력사용량 · 월→분기 합계. 업종별 값이 아니며 가동률과 개념·모집단이 다르다.,68.67,83.67,78.0,83.33,82.67,71.22,B,True,경상남도 제조업 총계(업종 공통 배경),전국 업종별 심리지수. 창원국가산단 개별 업종의 신호가 아니라 같은 업종의 전국 분위기다.,202402,115300.0,-0.6728060578389261,1989.0,-9.590909090909092,1817.0,-14.894613583138172,172.0,610.0,True,창원시 전역 제조업 총계 · 반기 · 표본조사. 업종별 값이 아니며 입직-이직을 KICOX 고용 증감과 같다고 보지 않는다.
섬유의복,2024Q3,추가확인,40.17687934301959,A,대분류 직접 대응,1,섬유및의복,39.78677359820362,39.78677359820362,39.78677359820362,False,True,1.221593940040533,2.5941068659241395,방향 일치,1.3725129258836066,,,,비교자료 없음,,,False,KICOX 산단 고용과 고용보험 피보험자는 모집단이 다르다(산단 입주 사업체 vs 창원시 전역 사업장). 수준·점유율 비교 금지.,,,,,,no_data,False,no_mapped_chapter,해당 업종에 귀속 근거가 있는 HS 류가 없다,창원시 전역 통관 · 연도창을 모두 확보한 HS6 합계(업종 수출 총액 아님),1488574261,-0.929169282151432,6026,2.2916313019860857,True,창원시 전역 제조업 총계 전력사용량 · 월→분기 합계. 업종별 값이 아니며 가동률과 개념·모집단이 다르다.,68.67,83.67,78.0,83.33,82.67,60.16,A,True,경상남도 제조업 총계(업종 공통 배경),전국 업종별 심리지수. 창원국가산단 개별 업종의 신호가 아니라 같은 업종의 전국 분위기다.,202402,115300.0,-0.6728060578389261,1989.0,-9.590909090909092,1817.0,-14.894613583138172,172.0,610.0,True,창원시 전역 제조업 총계 · 반기 · 표본조사. 업종별 값이 아니며 입직-이직을 KICOX 고용 증감과 같다고 보지 않는다.
운송장비,2024Q3,관찰,5.919587772828883,A,대분류 직접 대응,1,운송장비,3.6835148754647,3.6835148754647,3.6835148754647,False,True,1.221593940040533,2.5941068659241395,방향 일치,1.3725129258836066,자동차·부품,18987.0,,비교자료 없음,,C,False,KICOX 산단 고용과 고용보험 피보험자는 모집단이 다르다(산단 입주 사업체 vs 창원시 전역 사업장). 수준·점유율 비교 금지.,1685630.0,47.645474977970935,-0.1284686536485058,56.0,A,mapped_chapters_only,True,usable,,창원시 전역 통관 · 연도창을 모두 확보한 HS6 합계(업종 수출 총액 아님),1488574261,-0.929169282151432,6026,2.2916313019860857,True,창원시 전역 제조업 총계 전력사용량 · 월→분기 합계. 업종별 값이 아니며 가동률과 개념·모집단이 다르다.,68.67,83.67,78.0,83.33,82.67,92.83,A,True,경상남도 제조업 총계(업종 공통 배경),전국 업종별 심리지수. 창원국가산단 개별 업종의 신호가 아니라 같은 업종의 전국 분위기다.,202402,115300.0,-0.6728060578389261,1989.0,-9.590909090909092,1817.0,-14.894613583138172,172.0,610.0,True,창원시 전역 제조업 총계 · 반기 · 표본조사. 업종별 값이 아니며 입직-이직을 KICOX 고용 증감과 같다고 보지 않는다.
음식료,2024Q3,관찰,7.54395059946058,A,대분류 직접 대응,1,음식료품,6.644247472104636,6.644247472104636,6.644247472104636,False,True,1.221593940040533,2.5941068659241395,방향 일치,1.3725129258836066,,,,비교자료 없음,,,False,KICOX 산단 고용과 고용보험 피보험자는 모집단이 다르다(산단 입주 사업체 vs 창원시 전역 사업장). 수준·점유율 비교 금지.,,,,,,no_data,False,no_mapped_chapter,해당 업종에 귀속 근거가 있는 HS 류가 없다,창원시 전역 통관 · 연도창을 모두 확보한 HS6 합계(업종 수출 총액 아님),1488574261,-0.929169282151432,6026,2.2916313019860857,True,창원시 전역 제조업 총계 전력사용량 · 월→분기 합계. 업종별 값이 아니며 가동률과 개념·모집단이 다르다.,68.67,83.67,78.0,83.33,82.67,73.5,A,True,경상남도 제조업 총계(업종 공통 배경),전국 업종별 심리지수. 창원국가산단 개별 업종의 신호가 아니라 같은 업종의 전국 분위기다.,202402,115300.0,-0.6728060578389261,1989.0,-9.590909090909092,1817.0,-14.894613583138172,172.0,610.0,True,창원시 전역 제조업 총계 · 반기 · 표본조사. 업종별 값이 아니며 입직-이직을 KICOX 고용 증감과 같다고 보지 않는다.
전기전자,2024Q3,관찰,-2.424309700705773,C,복수 후보만 존재 — 가중치 근거 없음. 밴드로만 해석,2,전기장비|컴퓨터전자및광학기기,,-6.278732713692714,-5.97565436695191,True,,1.221593940040533,2.5941068659241395,방향 일치,1.3725129258836066,전기장비,18600.0,,비교자료 없음,,C,False,KICOX 산단 고용과 고용보험 피보험자는 모집단이 다르다(산단 입주 사업체 vs 창원시 전역 사업장). 수준·점유율 비교 금지.,524650.0,1.3166432356439994,5.791720137260192,248.0,B,mapped_chapters_only,True,usable,,창원시 전역 통관 · 연도창을 모두 확보한 HS6 합계(업종 수출 총액 아님),1488574261,-0.929169282151432,6026,2.2916313019860857,True,창원시 전역 제조업 총계 전력사용량 · 월→분기 합계. 업종별 값이 아니며 가동률과 개념·모집단이 다르다.,68.67,83.67,78.0,83.33,82.67,77.34,A,True,경상남도 제조업 총계(업종 공통 배경),전국 업종별 심리지수. 창원국가산단 개별 업종의 신호가 아니라 같은 업종의 전국 분위기다.,202402,115300.0,-0.6728060578389261,1989.0,-9.590909090909092,1817.0,-14.894613583138172,172.0,610.0,True,창원시 전역 제조업 총계 · 반기 · 표본조사. 업종별 값이 아니며 입직-이직을 KICOX 고용 증감과 같다고 보지 않는다.
철강,2024Q3,관찰,-12.759066889454685,B,상위 범주가 넓어 범위 과대·과소 가능,1,철강1차제품,-7.615159336100119,-7.615159336100119,-7.615159336100119,False,True,1.221593940040533,2.5941068659241395,방향 일치,1.3725129258836066,,,,비교자료 없음,,,False,KICOX 산단 고용과 고용보험 피보험자는 모집단이 다르다(산단 입주 사업체 vs 창원시 전역 사업장). 수준·점유율 비교 금지.,244553.0,9.782189062766534,-0.1175312961241958,204.0,A,mapped_chapters_only,True,usable,,창원시 전역 통관 · 연도창을 모두 확보한 HS6 합계(업종 수출 총액 아님),1488574261,-0.929169282151432,6026,2.2916313019860857,True,창원시 전역 제조업 총계 전력사용량 · 월→분기 합계. 업종별 값이 아니며 가동률과 개념·모집단이 다르다.,68.67,83.67,78.0,83.33,82.67,58.0,B,True,경상남도 제조업 총계(업종 공통 배경),전국 업종별 심리지수. 창원국가산단 개별 업종의 신호가 아니라 같은 업종의 전국 분위기다.,202402,115300.0,-0.6728060578389261,1989.0,-9.590909090909092,1817.0,-14.894613583138172,172.0,610.0,True,창원시 전역 제조업 총계 · 반기 · 표본조사. 업종별 값이 아니며 입직-이직을 KICOX 고용 증감과 같다고 보지 않는다.
기계,2024Q4,관찰,,A,대분류 직접 대응,1,기계및장비,,,,False,,0.6966973355315709,0.936473117142822,방향 일치,0.2397757816112511,기계·장비,29263.0,-1.4315548369711717,방향 일치,0.4968264923963185,B,True,KICOX 산단 고용과 고용보험 피보험자는 모집단이 다르다(산단 입주 사업체 vs 창원시 전역 사업장). 수준·점유율 비교 금지.,2370830.0,-6.740681561692252,5.07940818181476,352.0,B,mapped_chapters_only,True,usable,,창원시 전역 통관 · 연도창을 모두 확보한 HS6 합계(업종 수출 총액 아님),1400444731,-3.838967085405132,6018,0.2832861189801638,True,창원시 전역 제조업 총계 전력사용량 · 월→분기 합계. 업종별 값이 아니며 가동률과 개념·모집단이 다르다.,62.33,77.0,71.0,77.67,89.33,66.0,C,True,경상남도 제조업 총계(업종 공통 배경),전국 업종별 심리지수. 창원국가산단 개별 업종의 신호가 아니라 같은 업종의 전국 분위기다.,202402,115300.0,-0.6728060578389261,1989.0,-9.590909090909092,1817.0,-14.894613583138172,172.0,610.0,True,창원시 전역 제조업 총계 · 반기 · 표본조사. 업종별 값이 아니며 입직-이직을 KICOX 고용 증감과 같다고 보지 않는다.
기타,2024Q4,관찰,,D,대응 항목 없음 — 조정 생산 산출 불가,0,,,,,False,,0.6966973355315709,0.936473117142822,방향 일치,0.2397757816112511,,,,비교자료 없음,,,False,KICOX 산단 고용과 고용보험 피보험자는 모집단이 다르다(산단 입주 사업체 vs 창원시 전역 사업장). 수준·점유율 비교 금지.,,,,,,no_data,False,no_mapped_chapter,해당 업종에 귀속 근거가 있는 HS 류가 없다,창원시 전역 통관 · 연도창을 모두 확보한 HS6 합계(업종 수출 총액 아님),1400444731,-3.838967085405132,6018,0.2832861189801638,True,창원시 전역 제조업 총계 전력사용량 · 월→분기 합계. 업종별 값이 아니며 가동률과 개념·모집단이 다르다.,62.33,77.0,71.0,77.67,89.33,,,True,경상남도 제조업 총계(업종 공통 배경),전국 업종별 심리지수. 창원국가산단 개별 업종의 신호가 아니라 같은 업종의 전국 분위기다.,202402,115300.0,-0.6728060578389261,1989.0,-9.590909090909092,1817.0,-14.894613583138172,172.0,610.0,True,창원시 전역 제조업 총계 · 반기 · 표본조사. 업종별 값이 아니며 입직-이직을 KICOX 고용 증감과 같다고 보지 않는다.
목재종이,2024Q4,추가확인,,A,대분류 직접 대응,1,목재및종이제품,,,,False,,0.6966973355315709,0.936473117142822,방향 일치,0.2397757816112511,,,,비교자료 없음,,,False,KICOX 산단 고용과 고용보험 피보험자는 모집단이 다르다(산단 입주 사업체 vs 창원시 전역 사업장). 수준·점유율 비교 금지.,,,,,,no_data,False,no_mapped_chapter,해당 업종에 귀속 근거가 있는 HS 류가 없다,창원시 전역 통관 · 연도창을 모두 확보한 HS6 합계(업종 수출 총액 아님),1400444731,-3.838967085405132,6018,0.2832861189801638,True,창원시 전역 제조업 총계 전력사용량 · 월→분기 합계. 업종별 값이 아니며 가동률과 개념·모집단이 다르다.,62.33,77.0,71.0,77.67,89.33,51.34,A,True,경상남도 제조업 총계(업종 공통 배경),전국 업종별 심리지수. 창원국가산단 개별 업종의 신호가 아니라 같은 업종의 전국 분위기다.,202402,115300.0,-0.6728060578389261,1989.0,-9.590909090909092,1817.0,-14.894613583138172,172.0,610.0,True,창원시 전역 제조업 총계 · 반기 · 표본조사. 업종별 값이 아니며 입직-이직을 KICOX 고용 증감과 같다고 보지 않는다.
비금속,2024Q4,관찰,,A,대분류 직접 대응,1,비금속광물제품,,,,False,,0.6966973355315709,0.936473117142822,방향 일치,0.2397757816112511,,,,비교자료 없음,,,False,KICOX 산단 고용과 고용보험 피보험자는 모집단이 다르다(산단 입주 사업체 vs 창원시 전역 사업장). 수준·점유율 비교 금지.,,,,,,no_data,False,no_mapped_chapter,해당 업종에 귀속 근거가 있는 HS 류가 없다,창원시 전역 통관 · 연도창을 모두 확보한 HS6 합계(업종 수출 총액 아님),1400444731,-3.838967085405132,6018,0.2832861189801638,True,창원시 전역 제조업 총계 전력사용량 · 월→분기 합계. 업종별 값이 아니며 가동률과 개념·모집단이 다르다.,62.33,77.0,71.0,77.67,89.33,48.0,A,True,경상남도 제조업 총계(업종 공통 배경),전국 업종별 심리지수. 창원국가산단 개별 업종의 신호가 아니라 같은 업종의 전국 분위기다.,202402,115300.0,-0.6728060578389261,1989.0,-9.590909090909092,1817.0,-14.894613583138172,172.0,610.0,True,창원시 전역 제조업 총계 · 반기 · 표본조사. 업종별 값이 아니며 입직-이직을 KICOX 고용 증감과 같다고 보지 않는다.
석유화학,2024Q4,관찰,,C,복수 후보만 존재 — 가중치 근거 없음. 밴드로만 해석,2,석탄및석유제품|화학제품,,,,True,,0.6966973355315709,0.936473117142822,방향 일치,0.2397757816112511,,,,비교자료 없음,,,False,KICOX 산단 고용과 고용보험 피보험자는 모집단이 다르다(산단 입주 사업체 vs 창원시 전역 사업장). 수준·점유율 비교 금지.,,,,,,no_data,False,no_mapped_chapter,해당 업종에 귀속 근거가 있는 HS 류가 없다,창원시 전역 통관 · 연도창을 모두 확보한 HS6 합계(업종 수출 총액 아님),1400444731,-3.838967085405132,6018,0.2832861189801638,True,창원시 전역 제조업 총계 전력사용량 · 월→분기 합계. 업종별 값이 아니며 가동률과 개념·모집단이 다르다.,62.33,77.0,71.0,77.67,89.33,66.67,B,True,경상남도 제조업 총계(업종 공통 배경),전국 업종별 심리지수. 창원국가산단 개별 업종의 신호가 아니라 같은 업종의 전국 분위기다.,202402,115300.0,-0.6728060578389261,1989.0,-9.590909090909092,1817.0,-14.894613583138172,172.0,610.0,True,창원시 전역 제조업 총계 · 반기 · 표본조사. 업종별 값이 아니며 입직-이직을 KICOX 고용 증감과 같다고 보지 않는다.
섬유의복,2024Q4,추가확인,,A,대분류 직접 대응,1,섬유및의복,,,,False,,0.6966973355315709,0.936473117142822,방향 일치,0.2397757816112511,,,,비교자료 없음,,,False,KICOX 산단 고용과 고용보험 피보험자는 모집단이 다르다(산단 입주 사업체 vs 창원시 전역 사업장). 수준·점유율 비교 금지.,,,,,,no_data,False,no_mapped_chapter,해당 업종에 귀속 근거가 있는 HS 류가 없다,창원시 전역 통관 · 연도창을 모두 확보한 HS6 합계(업종 수출 총액 아님),1400444731,-3.838967085405132,6018,0.2832861189801638,True,창원시 전역 제조업 총계 전력사용량 · 월→분기 합계. 업종별 값이 아니며 가동률과 개념·모집단이 다르다.,62.33,77.0,71.0,77.67,89.33,57.84,A,True,경상남도 제조업 총계(업종 공통 배경),전국 업종별 심리지수. 창원국가산단 개별 업종의 신호가 아니라 같은 업종의 전국 분위기다.,202402,115300.0,-0.6728060578389261,1989.0,-9.590909090909092,1817.0,-14.894613583138172,172.0,610.0,True,창원시 전역 제조업 총계 · 반기 · 표본조사. 업종별 값이 아니며 입직-이직을 KICOX 고용 증감과 같다고 보지 않는다.
운송장비,2024Q4,관찰,,A,대분류 직접 대응,1,운송장비,,,,False,,0.6966973355315709,0.936473117142822,방향 일치,0.2397757816112511,자동차·부품,18910.0,2.7382375312398066,방향 일치 (매핑 C등급 — 참고),-0.4491597025936267,C,True,KICOX 산단 고용과 고용보험 피보험자는 모집단이 다르다(산단 입주 사업체 vs 창원시 전역 사업장). 수준·점유율 비교 금지.,1994017.0,25.775096617031966,10.448934852023072,60.0,A,mapped_chapters_only,True,usable,,창원시 전역 통관 · 연도창을 모두 확보한 HS6 합계(업종 수출 총액 아님),1400444731,-3.838967085405132,6018,0.2832861189801638,True,창원시 전역 제조업 총계 전력사용량 · 월→분기 합계. 업종별 값이 아니며 가동률과 개념·모집단이 다르다.,62.33,77.0,71.0,77.67,89.33,92.0,A,True,경상남도 제조업 총계(업종 공통 배경),전국 업종별 심리지수. 창원국가산단 개별 업종의 신호가 아니라 같은 업종의 전국 분위기다.,202402,115300.0,-0.6728060578389261,1989.0,-9.590909090909092,1817.0,-14.894613583138172,172.0,610.0,True,창원시 전역 제조업 총계 · 반기 · 표본조사. 업종별 값이 아니며 입직-이직을 KICOX 고용 증감과 같다고 보지 않는다.
음식료,2024Q4,관찰,,A,대분류 직접 대응,1,음식료품,,,,False,,0.6966973355315709,0.936473117142822,방향 일치,0.2397757816112511,,,,비교자료 없음,,,False,KICOX 산단 고용과 고용보험 피보험자는 모집단이 다르다(산단 입주 사업체 vs 창원시 전역 사업장). 수준·점유율 비교 금지.,,,,,,no_data,False,no_mapped_chapter,해당 업종에 귀속 근거가 있는 HS 류가 없다,창원시 전역 통관 · 연도창을 모두 확보한 HS6 합계(업종 수출 총액 아님),1400444731,-3.838967085405132,6018,0.2832861189801638,True,창원시 전역 제조업 총계 전력사용량 · 월→분기 합계. 업종별 값이 아니며 가동률과 개념·모집단이 다르다.,62.33,77.0,71.0,77.67,89.33,68.84,A,True,경상남도 제조업 총계(업종 공통 배경),전국 업종별 심리지수. 창원국가산단 개별 업종의 신호가 아니라 같은 업종의 전국 분위기다.,202402,115300.0,-0.6728060578389261,1989.0,-9.590909090909092,1817.0,-14.894613583138172,172.0,610.0,True,창원시 전역 제조업 총계 · 반기 · 표본조사. 업종별 값이 아니며 입직-이직을 KICOX 고용 증감과 같다고 보지 않는다.
전기전자,2024Q4,관찰,,C,복수 후보만 존재 — 가중치 근거 없음. 밴드로만 해석,2,전기장비|컴퓨터전자및광학기기,,,,True,,0.6966973355315709,0.936473117142822,방향 일치,0.2397757816112511,전기장비,18152.0,1.1422521869950408,방향 일치 (매핑 C등급 — 참고),0.994871210162418,C,True,KICOX 산단 고용과 고용보험 피보험자는 모집단이 다르다(산단 입주 사업체 vs 창원시 전역 사업장). 수준·점유율 비교 금지.,493502.0,-7.8153924321133665,-0.3625304320786338,250.0,B,mapped_chapters_only,True,usable,,창원시 전역 통관 · 연도창을 모두 확보한 HS6 합계(업종 수출 총액 아님),1400444731,-3.838967085405132,6018,0.2832861189801638,True,창원시 전역 제조업 총계 전력사용량 · 월→분기 합계. 업종별 값이 아니며 가동률과 개념·모집단이 다르다.,62.33,77.0,71.0,77.67,89.33,73.34,A,True,경상남도 제조업 총계(업종 공통 배경),전국 업종별 심리지수. 창원국가산단 개별 업종의 신호가 아니라 같은 업종의 전국 분위기다.,202402,115300.0,-0.6728060578389261,1989.0,-9.590909090909092,1817.0,-14.894613583138172,172.0,610.0,True,창원시 전역 제조업 총계 · 반기 · 표본조사. 업종별 값이 아니며 입직-이직을 KICOX 고용 증감과 같다고 보지 않는다.
철강,2024Q4,관찰,,B,상위 범주가 넓어 범위 과대·과소 가능,1,철강1차제품,,,,False,,0.6966973355315709,0.936473117142822,방향 일치,0.2397757816112511,,,,비교자료 없음,,,False,KICOX 산단 고용과 고용보험 피보험자는 모집단이 다르다(산단 입주 사업체 vs 창원시 전역 사업장). 수준·점유율 비교 금지.,226508.0,1.69896373987537,0.7650551932675054,202.0,A,mapped_chapters_only,True,usable,,창원시 전역 통관 · 연도창을 모두 확보한 HS6 합계(업종 수출 총액 아님),1400444731,-3.838967085405132,6018,0.2832861189801638,True,창원시 전역 제조업 총계 전력사용량 · 월→분기 합계. 업종별 값이 아니며 가동률과 개념·모집단이 다르다.,62.33,77.0,71.0,77.67,89.33,49.0,B,True,경상남도 제조업 총계(업종 공통 배경),전국 업종별 심리지수. 창원국가산단 개별 업종의 신호가 아니라 같은 업종의 전국 분위기다.,202402,115300.0,-0.6728060578389261,1989.0,-9.590909090909092,1817.0,-14.894613583138172,172.0,610.0,True,창원시 전역 제조업 총계 · 반기 · 표본조사. 업종별 값이 아니며 입직-이직을 KICOX 고용 증감과 같다고 보지 않는다.
기계,2025Q1,관찰,15.94577716701846,A,대분류 직접 대응,1,기계및장비,14.591797161137542,14.591797161137542,14.591797161137542,False,True,0.6600368844141391,2.5598287599129854,방향 일치,1.8997918754988463,기계·장비,29191.0,0.0102781965191089,방향 일치,6.573411723759293,B,True,KICOX 산단 고용과 고용보험 피보험자는 모집단이 다르다(산단 입주 사업체 vs 창원시 전역 사업장). 수준·점유율 비교 금지.,2026870.0,-16.426485638205314,3.4478809525513743,364.0,B,mapped_chapters_only,True,usable,,창원시 전역 통관 · 연도창을 모두 확보한 HS6 합계(업종 수출 총액 아님),1423510804,-4.143112585454345,6025,0.2662672657680165,True,창원시 전역 제조업 총계 전력사용량 · 월→분기 합계. 업종별 값이 아니며 가동률과 개념·모집단이 다르다.,65.0,73.0,68.33,73.67,89.0,59.0,C,True,경상남도 제조업 총계(업종 공통 배경),전국 업종별 심리지수. 창원국가산단 개별 업종의 신호가 아니라 같은 업종의 전국 분위기다.,202501,115166.0,-0.4718611725663679,2547.0,-13.777928232904536,2319.0,-2.7265100671140963,228.0,583.0,True,창원시 전역 제조업 총계 · 반기 · 표본조사. 업종별 값이 아니며 입직-이직을 KICOX 고용 증감과 같다고 보지 않는다.
기타,2025Q1,추가확인,3.3712157387068897,D,대응 항목 없음 — 조정 생산 산출 불가,0,,,,,False,,0.6600368844141391,2.5598287599129854,방향 일치,1.8997918754988463,,,,비교자료 없음,,,False,KICOX 산단 고용과 고용보험 피보험자는 모집단이 다르다(산단 입주 사업체 vs 창원시 전역 사업장). 수준·점유율 비교 금지.,,,,,,no_data,False,no_mapped_chapter,해당 업종에 귀속 근거가 있는 HS 류가 없다,창원시 전역 통관 · 연도창을 모두 확보한 HS6 합계(업종 수출 총액 아님),1423510804,-4.143112585454345,6025,0.2662672657680165,True,창원시 전역 제조업 총계 전력사용량 · 월→분기 합계. 업종별 값이 아니며 가동률과 개념·모집단이 다르다.,65.0,73.0,68.33,73.67,89.0,,,True,경상남도 제조업 총계(업종 공통 배경),전국 업종별 심리지수. 창원국가산단 개별 업종의 신호가 아니라 같은 업종의 전국 분위기다.,202501,115166.0,-0.4718611725663679,2547.0,-13.777928232904536,2319.0,-2.7265100671140963,228.0,583.0,True,창원시 전역 제조업 총계 · 반기 · 표본조사. 업종별 값이 아니며 입직-이직을 KICOX 고용 증감과 같다고 보지 않는다.
목재종이,2025Q1,관찰,129.15237323021267,A,대분류 직접 대응,1,목재및종이제품,124.26060578999429,124.26060578999429,124.26060578999429,False,True,0.6600368844141391,2.5598287599129854,방향 일치,1.8997918754988463,,,,비교자료 없음,,,False,KICOX 산단 고용과 고용보험 피보험자는 모집단이 다르다(산단 입주 사업체 vs 창원시 전역 사업장). 수준·점유율 비교 금지.,,,,,,no_data,False,no_mapped_chapter,해당 업종에 귀속 근거가 있는 HS 류가 없다,창원시 전역 통관 · 연도창을 모두 확보한 HS6 합계(업종 수출 총액 아님),1423510804,-4.143112585454345,6025,0.2662672657680165,True,창원시 전역 제조업 총계 전력사용량 · 월→분기 합계. 업종별 값이 아니며 가동률과 개념·모집단이 다르다.,65.0,73.0,68.33,73.67,89.0,46.5,A,True,경상남도 제조업 총계(업종 공통 배경),전국 업종별 심리지수. 창원국가산단 개별 업종의 신호가 아니라 같은 업종의 전국 분위기다.,202501,115166.0,-0.4718611725663679,2547.0,-13.777928232904536,2319.0,-2.7265100671140963,228.0,583.0,True,창원시 전역 제조업 총계 · 반기 · 표본조사. 업종별 값이 아니며 입직-이직을 KICOX 고용 증감과 같다고 보지 않는다.
비금속,2025Q1,추가확인,-32.3159599021668,A,대분류 직접 대응,1,비금속광물제품,-31.58557571826592,-31.58557571826592,-31.58557571826592,False,True,0.6600368844141391,2.5598287599129854,방향 일치,1.8997918754988463,,,,비교자료 없음,,,False,KICOX 산단 고용과 고용보험 피보험자는 모집단이 다르다(산단 입주 사업체 vs 창원시 전역 사업장). 수준·점유율 비교 금지.,,,,,,no_data,False,no_mapped_chapter,해당 업종에 귀속 근거가 있는 HS 류가 없다,창원시 전역 통관 · 연도창을 모두 확보한 HS6 합계(업종 수출 총액 아님),1423510804,-4.143112585454345,6025,0.2662672657680165,True,창원시 전역 제조업 총계 전력사용량 · 월→분기 합계. 업종별 값이 아니며 가동률과 개념·모집단이 다르다.,65.0,73.0,68.33,73.67,89.0,39.0,A,True,경상남도 제조업 총계(업종 공통 배경),전국 업종별 심리지수. 창원국가산단 개별 업종의 신호가 아니라 같은 업종의 전국 분위기다.,202501,115166.0,-0.4718611725663679,2547.0,-13.777928232904536,2319.0,-2.7265100671140963,228.0,583.0,True,창원시 전역 제조업 총계 · 반기 · 표본조사. 업종별 값이 아니며 입직-이직을 KICOX 고용 증감과 같다고 보지 않는다.
석유화학,2025Q1,관찰,-43.3165126333038,C,복수 후보만 존재 — 가중치 근거 없음. 밴드로만 해석,2,석탄및석유제품|화학제품,,-43.77288284108004,-43.57157026427786,True,,0.6600368844141391,2.5598287599129854,방향 일치,1.8997918754988463,,,,비교자료 없음,,,False,KICOX 산단 고용과 고용보험 피보험자는 모집단이 다르다(산단 입주 사업체 vs 창원시 전역 사업장). 수준·점유율 비교 금지.,,,,,,no_data,False,no_mapped_chapter,해당 업종에 귀속 근거가 있는 HS 류가 없다,창원시 전역 통관 · 연도창을 모두 확보한 HS6 합계(업종 수출 총액 아님),1423510804,-4.143112585454345,6025,0.2662672657680165,True,창원시 전역 제조업 총계 전력사용량 · 월→분기 합계. 업종별 값이 아니며 가동률과 개념·모집단이 다르다.,65.0,73.0,68.33,73.67,89.0,65.44,B,True,경상남도 제조업 총계(업종 공통 배경),전국 업종별 심리지수. 창원국가산단 개별 업종의 신호가 아니라 같은 업종의 전국 분위기다.,202501,115166.0,-0.4718611725663679,2547.0,-13.777928232904536,2319.0,-2.7265100671140963,228.0,583.0,True,창원시 전역 제조업 총계 · 반기 · 표본조사. 업종별 값이 아니며 입직-이직을 KICOX 고용 증감과 같다고 보지 않는다.
섬유의복,2025Q1,추가확인,-4.896309314586988,A,대분류 직접 대응,1,섬유및의복,-4.609597242731556,-4.609597242731556,-4.609597242731556,False,True,0.6600368844141391,2.5598287599129854,방향 일치,1.8997918754988463,,,,비교자료 없음,,,False,KICOX 산단 고용과 고용보험 피보험자는 모집단이 다르다(산단 입주 사업체 vs 창원시 전역 사업장). 수준·점유율 비교 금지.,,,,,,no_data,False,no_mapped_chapter,해당 업종에 귀속 근거가 있는 HS 류가 없다,창원시 전역 통관 · 연도창을 모두 확보한 HS6 합계(업종 수출 총액 아님),1423510804,-4.143112585454345,6025,0.2662672657680165,True,창원시 전역 제조업 총계 전력사용량 · 월→분기 합계. 업종별 값이 아니며 가동률과 개념·모집단이 다르다.,65.0,73.0,68.33,73.67,89.0,58.0,A,True,경상남도 제조업 총계(업종 공통 배경),전국 업종별 심리지수. 창원국가산단 개별 업종의 신호가 아니라 같은 업종의 전국 분위기다.,202501,115166.0,-0.4718611725663679,2547.0,-13.777928232904536,2319.0,-2.7265100671140963,228.0,583.0,True,창원시 전역 제조업 총계 · 반기 · 표본조사. 업종별 값이 아니며 입직-이직을 KICOX 고용 증감과 같다고 보지 않는다.
운송장비,2025Q1,관찰,6.304594063666169,A,대분류 직접 대응,1,운송장비,4.956148948816463,4.956148948816463,4.956148948816463,False,True,0.6600368844141391,2.5598287599129854,방향 일치,1.8997918754988463,자동차·부품,18755.0,-1.3984543399400695,방향 일치 (매핑 C등급 — 참고),-0.8703787472091222,C,True,KICOX 산단 고용과 고용보험 피보험자는 모집단이 다르다(산단 입주 사업체 vs 창원시 전역 사업장). 수준·점유율 비교 금지.,1894661.0,33.11420010046826,-10.779736525329342,64.0,A,mapped_chapters_only,True,usable,,창원시 전역 통관 · 연도창을 모두 확보한 HS6 합계(업종 수출 총액 아님),1423510804,-4.143112585454345,6025,0.2662672657680165,True,창원시 전역 제조업 총계 전력사용량 · 월→분기 합계. 업종별 값이 아니며 가동률과 개념·모집단이 다르다.,65.0,73.0,68.33,73.67,89.0,86.66,A,True,경상남도 제조업 총계(업종 공통 배경),전국 업종별 심리지수. 창원국가산단 개별 업종의 신호가 아니라 같은 업종의 전국 분위기다.,202501,115166.0,-0.4718611725663679,2547.0,-13.777928232904536,2319.0,-2.7265100671140963,228.0,583.0,True,창원시 전역 제조업 총계 · 반기 · 표본조사. 업종별 값이 아니며 입직-이직을 KICOX 고용 증감과 같다고 보지 않는다.
음식료,2025Q1,우선점검,-12.937596117034044,A,대분류 직접 대응,1,음식료품,-14.491273432114482,-14.491273432114482,-14.491273432114482,False,True,0.6600368844141391,2.5598287599129854,방향 일치,1.8997918754988463,,,,비교자료 없음,,,False,KICOX 산단 고용과 고용보험 피보험자는 모집단이 다르다(산단 입주 사업체 vs 창원시 전역 사업장). 수준·점유율 비교 금지.,,,,,,no_data,False,no_mapped_chapter,해당 업종에 귀속 근거가 있는 HS 류가 없다,창원시 전역 통관 · 연도창을 모두 확보한 HS6 합계(업종 수출 총액 아님),1423510804,-4.143112585454345,6025,0.2662672657680165,True,창원시 전역 제조업 총계 전력사용량 · 월→분기 합계. 업종별 값이 아니며 가동률과 개념·모집단이 다르다.,65.0,73.0,68.33,73.67,89.0,65.67,A,True,경상남도 제조업 총계(업종 공통 배경),전국 업종별 심리지수. 창원국가산단 개별 업종의 신호가 아니라 같은 업종의 전국 분위기다.,202501,115166.0,-0.4718611725663679,2547.0,-13.777928232904536,2319.0,-2.7265100671140963,228.0,583.0,True,창원시 전역 제조업 총계 · 반기 · 표본조사. 업종별 값이 아니며 입직-이직을 KICOX 고용 증감과 같다고 보지 않는다.
전기전자,2025Q1,추가확인,4.325631703897304,C,복수 후보만 존재 — 가중치 근거 없음. 밴드로만 해석,2,전기장비|컴퓨터전자및광학기기,,1.1384545735368734,2.328442467739733,True,,0.6600368844141391,2.5598287599129854,방향 일치,1.8997918754988463,전기장비,18535.0,1.0742720034900175,방향 불일치 (매핑 C등급 — 참고),-4.178204107114125,C,True,KICOX 산단 고용과 고용보험 피보험자는 모집단이 다르다(산단 입주 사업체 vs 창원시 전역 사업장). 수준·점유율 비교 금지.,446491.0,-14.83356445407501,-1.701231550249127,252.0,B,mapped_chapters_only,True,usable,,창원시 전역 통관 · 연도창을 모두 확보한 HS6 합계(업종 수출 총액 아님),1423510804,-4.143112585454345,6025,0.2662672657680165,True,창원시 전역 제조업 총계 전력사용량 · 월→분기 합계. 업종별 값이 아니며 가동률과 개념·모집단이 다르다.,65.0,73.0,68.33,73.67,89.0,74.34,A,True,경상남도 제조업 총계(업종 공통 배경),전국 업종별 심리지수. 창원국가산단 개별 업종의 신호가 아니라 같은 업종의 전국 분위기다.,202501,115166.0,-0.4718611725663679,2547.0,-13.777928232904536,2319.0,-2.7265100671140963,228.0,583.0,True,창원시 전역 제조업 총계 · 반기 · 표본조사. 업종별 값이 아니며 입직-이직을 KICOX 고용 증감과 같다고 보지 않는다.
철강,2025Q1,관찰,-11.307054276940642,B,상위 범주가 넓어 범위 과대·과소 가능,1,철강1차제품,-8.788121500985879,-8.788121500985879,-8.788121500985879,False,True,0.6600368844141391,2.5598287599129854,방향 일치,1.8997918754988463,,,,비교자료 없음,,,False,KICOX 산단 고용과 고용보험 피보험자는 모집단이 다르다(산단 입주 사업체 vs 창원시 전역 사업장). 수준·점유율 비교 금지.,201283.0,-12.209302325581394,-27.74591914667771,203.0,A,mapped_chapters_only,True,usable,,창원시 전역 통관 · 연도창을 모두 확보한 HS6 합계(업종 수출 총액 아님),1423510804,-4.143112585454345,6025,0.2662672657680165,True,창원시 전역 제조업 총계 전력사용량 · 월→분기 합계. 업종별 값이 아니며 가동률과 개념·모집단이 다르다.,65.0,73.0,68.33,73.67,89.0,64.0,B,True,경상남도 제조업 총계(업종 공통 배경),전국 업종별 심리지수. 창원국가산단 개별 업종의 신호가 아니라 같은 업종의 전국 분위기다.,202501,115166.0,-0.4718611725663679,2547.0,-13.777928232904536,2319.0,-2.7265100671140963,228.0,583.0,True,창원시 전역 제조업 총계 · 반기 · 표본조사. 업종별 값이 아니며 입직-이직을 KICOX 고용 증감과 같다고 보지 않는다.
기계,2025Q2,관찰,21.41755812200161,A,대분류 직접 대응,1,기계및장비,19.86069119982776,19.86069119982776,19.86069119982776,False,True,-0.1553312856516053,2.4617580546694384,방향 불일치,2.617089340321044,기계·장비,29159.0,-0.0445632798574013,방향 불일치,7.733043428102149,B,True,KICOX 산단 고용과 고용보험 피보험자는 모집단이 다르다(산단 입주 사업체 vs 창원시 전역 사업장). 수준·점유율 비교 금지.,2363169.0,-2.4649065929916003,5.625590620638588,365.0,B,mapped_chapters_only,True,usable,,창원시 전역 통관 · 연도창을 모두 확보한 HS6 합계(업종 수출 총액 아님),1408822420,-3.427967239380547,6033,-0.0331400165700102,True,창원시 전역 제조업 총계 전력사용량 · 월→분기 합계. 업종별 값이 아니며 가동률과 개념·모집단이 다르다.,68.33,82.33,76.33,81.33,90.33,66.66,C,True,경상남도 제조업 총계(업종 공통 배경),전국 업종별 심리지수. 창원국가산단 개별 업종의 신호가 아니라 같은 업종의 전국 분위기다.,202501,115166.0,-0.4718611725663679,2547.0,-13.777928232904536,2319.0,-2.7265100671140963,228.0,583.0,True,창원시 전역 제조업 총계 · 반기 · 표본조사. 업종별 값이 아니며 입직-이직을 KICOX 고용 증감과 같다고 보지 않는다.
기타,2025Q2,추가확인,2.4066200243261004,D,대응 항목 없음 — 조정 생산 산출 불가,0,,,,,False,,-0.1553312856516053,2.4617580546694384,방향 불일치,2.617089340321044,,,,비교자료 없음,,,False,KICOX 산단 고용과 고용보험 피보험자는 모집단이 다르다(산단 입주 사업체 vs 창원시 전역 사업장). 수준·점유율 비교 금지.,,,,,,no_data,False,no_mapped_chapter,해당 업종에 귀속 근거가 있는 HS 류가 없다,창원시 전역 통관 · 연도창을 모두 확보한 HS6 합계(업종 수출 총액 아님),1408822420,-3.427967239380547,6033,-0.0331400165700102,True,창원시 전역 제조업 총계 전력사용량 · 월→분기 합계. 업종별 값이 아니며 가동률과 개념·모집단이 다르다.,68.33,82.33,76.33,81.33,90.33,,,True,경상남도 제조업 총계(업종 공통 배경),전국 업종별 심리지수. 창원국가산단 개별 업종의 신호가 아니라 같은 업종의 전국 분위기다.,202501,115166.0,-0.4718611725663679,2547.0,-13.777928232904536,2319.0,-2.7265100671140963,228.0,583.0,True,창원시 전역 제조업 총계 · 반기 · 표본조사. 업종별 값이 아니며 입직-이직을 KICOX 고용 증감과 같다고 보지 않는다.
목재종이,2025Q2,관찰,135.46213292117466,A,대분류 직접 대응,1,목재및종이제품,132.48920740507916,132.48920740507916,132.48920740507916,False,True,-0.1553312856516053,2.4617580546694384,방향 불일치,2.617089340321044,,,,비교자료 없음,,,False,KICOX 산단 고용과 고용보험 피보험자는 모집단이 다르다(산단 입주 사업체 vs 창원시 전역 사업장). 수준·점유율 비교 금지.,,,,,,no_data,False,no_mapped_chapter,해당 업종에 귀속 근거가 있는 HS 류가 없다,창원시 전역 통관 · 연도창을 모두 확보한 HS6 합계(업종 수출 총액 아님),1408822420,-3.427967239380547,6033,-0.0331400165700102,True,창원시 전역 제조업 총계 전력사용량 · 월→분기 합계. 업종별 값이 아니며 가동률과 개념·모집단이 다르다.,68.33,82.33,76.33,81.33,90.33,45.84,A,True,경상남도 제조업 총계(업종 공통 배경),전국 업종별 심리지수. 창원국가산단 개별 업종의 신호가 아니라 같은 업종의 전국 분위기다.,202501,115166.0,-0.4718611725663679,2547.0,-13.777928232904536,2319.0,-2.7265100671140963,228.0,583.0,True,창원시 전역 제조업 총계 · 반기 · 표본조사. 업종별 값이 아니며 입직-이직을 KICOX 고용 증감과 같다고 보지 않는다.
비금속,2025Q2,추가확인,-37.9264251301902,A,대분류 직접 대응,1,비금속광물제품,-37.388865968962605,-37.388865968962605,-37.388865968962605,False,True,-0.1553312856516053,2.4617580546694384,방향 불일치,2.617089340321044,,,,비교자료 없음,,,False,KICOX 산단 고용과 고용보험 피보험자는 모집단이 다르다(산단 입주 사업체 vs 창원시 전역 사업장). 수준·점유율 비교 금지.,,,,,,no_data,False,no_mapped_chapter,해당 업종에 귀속 근거가 있는 HS 류가 없다,창원시 전역 통관 · 연도창을 모두 확보한 HS6 합계(업종 수출 총액 아님),1408822420,-3.427967239380547,6033,-0.0331400165700102,True,창원시 전역 제조업 총계 전력사용량 · 월→분기 합계. 업종별 값이 아니며 가동률과 개념·모집단이 다르다.,68.33,82.33,76.33,81.33,90.33,53.33,A,True,경상남도 제조업 총계(업종 공통 배경),전국 업종별 심리지수. 창원국가산단 개별 업종의 신호가 아니라 같은 업종의 전국 분위기다.,202501,115166.0,-0.4718611725663679,2547.0,-13.777928232904536,2319.0,-2.7265100671140963,228.0,583.0,True,창원시 전역 제조업 총계 · 반기 · 표본조사. 업종별 값이 아니며 입직-이직을 KICOX 고용 증감과 같다고 보지 않는다.
석유화학,2025Q2,우선점검,-50.165702264397424,C,복수 후보만 존재 — 가중치 근거 없음. 밴드로만 해석,2,석탄및석유제품|화학제품,,-48.94874395431814,-45.17620815710247,True,,-0.1553312856516053,2.4617580546694384,방향 불일치,2.617089340321044,,,,비교자료 없음,,,False,KICOX 산단 고용과 고용보험 피보험자는 모집단이 다르다(산단 입주 사업체 vs 창원시 전역 사업장). 수준·점유율 비교 금지.,,,,,,no_data,False,no_mapped_chapter,해당 업종에 귀속 근거가 있는 HS 류가 없다,창원시 전역 통관 · 연도창을 모두 확보한 HS6 합계(업종 수출 총액 아님),1408822420,-3.427967239380547,6033,-0.0331400165700102,True,창원시 전역 제조업 총계 전력사용량 · 월→분기 합계. 업종별 값이 아니며 가동률과 개념·모집단이 다르다.,68.33,82.33,76.33,81.33,90.33,67.0,B,True,경상남도 제조업 총계(업종 공통 배경),전국 업종별 심리지수. 창원국가산단 개별 업종의 신호가 아니라 같은 업종의 전국 분위기다.,202501,115166.0,-0.4718611725663679,2547.0,-13.777928232904536,2319.0,-2.7265100671140963,228.0,583.0,True,창원시 전역 제조업 총계 · 반기 · 표본조사. 업종별 값이 아니며 입직-이직을 KICOX 고용 증감과 같다고 보지 않는다.
섬유의복,2025Q2,추가확인,-2.847396768402155,A,대분류 직접 대응,1,섬유및의복,-2.378707179441375,-2.378707179441375,-2.378707179441375,False,True,-0.1553312856516053,2.4617580546694384,방향 불일치,2.617089340321044,,,,비교자료 없음,,,False,KICOX 산단 고용과 고용보험 피보험자는 모집단이 다르다(산단 입주 사업체 vs 창원시 전역 사업장). 수준·점유율 비교 금지.,,,,,,no_data,False,no_mapped_chapter,해당 업종에 귀속 근거가 있는 HS 류가 없다,창원시 전역 통관 · 연도창을 모두 확보한 HS6 합계(업종 수출 총액 아님),1408822420,-3.427967239380547,6033,-0.0331400165700102,True,창원시 전역 제조업 총계 전력사용량 · 월→분기 합계. 업종별 값이 아니며 가동률과 개념·모집단이 다르다.,68.33,82.33,76.33,81.33,90.33,53.33,A,True,경상남도 제조업 총계(업종 공통 배경),전국 업종별 심리지수. 창원국가산단 개별 업종의 신호가 아니라 같은 업종의 전국 분위기다.,202501,115166.0,-0.4718611725663679,2547.0,-13.777928232904536,2319.0,-2.7265100671140963,228.0,583.0,True,창원시 전역 제조업 총계 · 반기 · 표본조사. 업종별 값이 아니며 입직-이직을 KICOX 고용 증감과 같다고 보지 않는다.
운송장비,2025Q2,관찰,-1.1127267990946987,A,대분류 직접 대응,1,운송장비,-2.241736978727382,-2.241736978727382,-2.241736978727382,False,True,-0.1553312856516053,2.4617580546694384,방향 불일치,2.617089340321044,자동차·부품,18897.0,-0.990254636906629,방향 일치 (매핑 C등급 — 참고),-1.1995698201002107,C,True,KICOX 산단 고용과 고용보험 피보험자는 모집단이 다르다(산단 입주 사업체 vs 창원시 전역 사업장). 수준·점유율 비교 금지.,2064838.0,31.4907895097142,-14.40241718889884,64.0,A,mapped_chapters_only,True,usable,,창원시 전역 통관 · 연도창을 모두 확보한 HS6 합계(업종 수출 총액 아님),1408822420,-3.427967239380547,6033,-0.0331400165700102,True,창원시 전역 제조업 총계 전력사용량 · 월→분기 합계. 업종별 값이 아니며 가동률과 개념·모집단이 다르다.,68.33,82.33,76.33,81.33,90.33,89.84,A,True,경상남도 제조업 총계(업종 공통 배경),전국 업종별 심리지수. 창원국가산단 개별 업종의 신호가 아니라 같은 업종의 전국 분위기다.,202501,115166.0,-0.4718611725663679,2547.0,-13.777928232904536,2319.0,-2.7265100671140963,228.0,583.0,True,창원시 전역 제조업 총계 · 반기 · 표본조사. 업종별 값이 아니며 입직-이직을 KICOX 고용 증감과 같다고 보지 않는다.
음식료,2025Q2,우선점검,-18.541992891407546,A,대분류 직접 대응,1,음식료품,-20.645905615208683,-20.645905615208683,-20.645905615208683,False,True,-0.1553312856516053,2.4617580546694384,방향 불일치,2.617089340321044,,,,비교자료 없음,,,False,KICOX 산단 고용과 고용보험 피보험자는 모집단이 다르다(산단 입주 사업체 vs 창원시 전역 사업장). 수준·점유율 비교 금지.,,,,,,no_data,False,no_mapped_chapter,해당 업종에 귀속 근거가 있는 HS 류가 없다,창원시 전역 통관 · 연도창을 모두 확보한 HS6 합계(업종 수출 총액 아님),1408822420,-3.427967239380547,6033,-0.0331400165700102,True,창원시 전역 제조업 총계 전력사용량 · 월→분기 합계. 업종별 값이 아니며 가동률과 개념·모집단이 다르다.,68.33,82.33,76.33,81.33,90.33,67.66,A,True,경상남도 제조업 총계(업종 공통 배경),전국 업종별 심리지수. 창원국가산단 개별 업종의 신호가 아니라 같은 업종의 전국 분위기다.,202501,115166.0,-0.4718611725663679,2547.0,-13.777928232904536,2319.0,-2.7265100671140963,228.0,583.0,True,창원시 전역 제조업 총계 · 반기 · 표본조사. 업종별 값이 아니며 입직-이직을 KICOX 고용 증감과 같다고 보지 않는다.
전기전자,2025Q2,추가확인,-3.498117545216406,C,복수 후보만 존재 — 가중치 근거 없음. 밴드로만 해석,2,전기장비|컴퓨터전자및광학기기,,-3.4827500686823387,-2.749476205509749,True,,-0.1553312856516053,2.4617580546694384,방향 불일치,2.617089340321044,전기장비,18160.0,-2.0231993525762104,방향 일치 (매핑 C등급 — 참고),-2.561619801779369,C,True,KICOX 산단 고용과 고용보험 피보험자는 모집단이 다르다(산단 입주 사업체 vs 창원시 전역 사업장). 수준·점유율 비교 금지.,585196.0,16.47429964671343,20.35913901771911,257.0,B,mapped_chapters_only,True,usable,,창원시 전역 통관 · 연도창을 모두 확보한 HS6 합계(업종 수출 총액 아님),1408822420,-3.427967239380547,6033,-0.0331400165700102,True,창원시 전역 제조업 총계 전력사용량 · 월→분기 합계. 업종별 값이 아니며 가동률과 개념·모집단이 다르다.,68.33,82.33,76.33,81.33,90.33,76.5,A,True,경상남도 제조업 총계(업종 공통 배경),전국 업종별 심리지수. 창원국가산단 개별 업종의 신호가 아니라 같은 업종의 전국 분위기다.,202501,115166.0,-0.4718611725663679,2547.0,-13.777928232904536,2319.0,-2.7265100671140963,228.0,583.0,True,창원시 전역 제조업 총계 · 반기 · 표본조사. 업종별 값이 아니며 입직-이직을 KICOX 고용 증감과 같다고 보지 않는다.
철강,2025Q2,관찰,1.369630686482437,B,상위 범주가 넓어 범위 과대·과소 가능,1,철강1차제품,4.127044996804052,4.127044996804052,4.127044996804052,False,True,-0.1553312856516053,2.4617580546694384,방향 불일치,2.617089340321044,,,,비교자료 없음,,,False,KICOX 산단 고용과 고용보험 피보험자는 모집단이 다르다(산단 입주 사업체 vs 창원시 전역 사업장). 수준·점유율 비교 금지.,219570.0,-9.30157628630911,-12.182464703721196,202.0,A,mapped_chapters_only,True,usable,,창원시 전역 통관 · 연도창을 모두 확보한 HS6 합계(업종 수출 총액 아님),1408822420,-3.427967239380547,6033,-0.0331400165700102,True,창원시 전역 제조업 총계 전력사용량 · 월→분기 합계. 업종별 값이 아니며 가동률과 개념·모집단이 다르다.,68.33,82.33,76.33,81.33,90.33,60.67,B,True,경상남도 제조업 총계(업종 공통 배경),전국 업종별 심리지수. 창원국가산단 개별 업종의 신호가 아니라 같은 업종의 전국 분위기다.,202501,115166.0,-0.4718611725663679,2547.0,-13.777928232904536,2319.0,-2.7265100671140963,228.0,583.0,True,창원시 전역 제조업 총계 · 반기 · 표본조사. 업종별 값이 아니며 입직-이직을 KICOX 고용 증감과 같다고 보지 않는다.
기계,2025Q3,관찰,-0.0965560400941645,A,대분류 직접 대응,1,기계및장비,-0.9159002956870888,-0.9159002956870888,-0.9159002956870888,False,True,0.1106719367588882,0.173491823553662,방향 일치,0.0628198867947738,기계·장비,29305.0,0.3836536155927827,방향 일치,2.9817721073410297,B,True,KICOX 산단 고용과 고용보험 피보험자는 모집단이 다르다(산단 입주 사업체 vs 창원시 전역 사업장). 수준·점유율 비교 금지.,2162758.0,-0.5747816009205375,17.60385849410393,357.0,B,mapped_chapters_only,True,usable,,창원시 전역 통관 · 연도창을 모두 확보한 HS6 합계(업종 수출 총액 아님),1475217617,-0.8972776400840932,6033,0.1161632923996069,True,창원시 전역 제조업 총계 전력사용량 · 월→분기 합계. 업종별 값이 아니며 가동률과 개념·모집단이 다르다.,67.67,80.33,74.67,78.67,92.0,63.66,C,True,경상남도 제조업 총계(업종 공통 배경),전국 업종별 심리지수. 창원국가산단 개별 업종의 신호가 아니라 같은 업종의 전국 분위기다.,202502,115307.0,0.006071118820472,1482.0,-25.49019607843137,1419.0,-21.904237754540457,63.0,518.0,True,창원시 전역 제조업 총계 · 반기 · 표본조사. 업종별 값이 아니며 입직-이직을 KICOX 고용 증감과 같다고 보지 않는다.
기타,2025Q3,추가확인,3.119785927908092,D,대응 항목 없음 — 조정 생산 산출 불가,0,,,,,False,,0.1106719367588882,0.173491823553662,방향 일치,0.0628198867947738,,,,비교자료 없음,,,False,KICOX 산단 고용과 고용보험 피보험자는 모집단이 다르다(산단 입주 사업체 vs 창원시 전역 사업장). 수준·점유율 비교 금지.,,,,,,no_data,False,no_mapped_chapter,해당 업종에 귀속 근거가 있는 HS 류가 없다,창원시 전역 통관 · 연도창을 모두 확보한 HS6 합계(업종 수출 총액 아님),1475217617,-0.8972776400840932,6033,0.1161632923996069,True,창원시 전역 제조업 총계 전력사용량 · 월→분기 합계. 업종별 값이 아니며 가동률과 개념·모집단이 다르다.,67.67,80.33,74.67,78.67,92.0,,,True,경상남도 제조업 총계(업종 공통 배경),전국 업종별 심리지수. 창원국가산단 개별 업종의 신호가 아니라 같은 업종의 전국 분위기다.,202502,115307.0,0.006071118820472,1482.0,-25.49019607843137,1419.0,-21.904237754540457,63.0,518.0,True,창원시 전역 제조업 총계 · 반기 · 표본조사. 업종별 값이 아니며 입직-이직을 KICOX 고용 증감과 같다고 보지 않는다.
목재종이,2025Q3,관찰,129.23234653338457,A,대분류 직접 대응,1,목재및종이제품,130.31383813251858,130.31383813251858,130.31383813251858,False,True,0.1106719367588882,0.173491823553662,방향 일치,0.0628198867947738,,,,비교자료 없음,,,False,KICOX 산단 고용과 고용보험 피보험자는 모집단이 다르다(산단 입주 사업체 vs 창원시 전역 사업장). 수준·점유율 비교 금지.,,,,,,no_data,False,no_mapped_chapter,해당 업종에 귀속 근거가 있는 HS 류가 없다,창원시 전역 통관 · 연도창을 모두 확보한 HS6 합계(업종 수출 총액 아님),1475217617,-0.8972776400840932,6033,0.1161632923996069,True,창원시 전역 제조업 총계 전력사용량 · 월→분기 합계. 업종별 값이 아니며 가동률과 개념·모집단이 다르다.,67.67,80.33,74.67,78.67,92.0,47.84,A,True,경상남도 제조업 총계(업종 공통 배경),전국 업종별 심리지수. 창원국가산단 개별 업종의 신호가 아니라 같은 업종의 전국 분위기다.,202502,115307.0,0.006071118820472,1482.0,-25.49019607843137,1419.0,-21.904237754540457,63.0,518.0,True,창원시 전역 제조업 총계 · 반기 · 표본조사. 업종별 값이 아니며 입직-이직을 KICOX 고용 증감과 같다고 보지 않는다.
비금속,2025Q3,추가확인,-46.38706602632253,A,대분류 직접 대응,1,비금속광물제품,-45.9053373681336,-45.9053373681336,-45.9053373681336,False,True,0.1106719367588882,0.173491823553662,방향 일치,0.0628198867947738,,,,비교자료 없음,,,False,KICOX 산단 고용과 고용보험 피보험자는 모집단이 다르다(산단 입주 사업체 vs 창원시 전역 사업장). 수준·점유율 비교 금지.,,,,,,no_data,False,no_mapped_chapter,해당 업종에 귀속 근거가 있는 HS 류가 없다,창원시 전역 통관 · 연도창을 모두 확보한 HS6 합계(업종 수출 총액 아님),1475217617,-0.8972776400840932,6033,0.1161632923996069,True,창원시 전역 제조업 총계 전력사용량 · 월→분기 합계. 업종별 값이 아니며 가동률과 개념·모집단이 다르다.,67.67,80.33,74.67,78.67,92.0,48.67,A,True,경상남도 제조업 총계(업종 공통 배경),전국 업종별 심리지수. 창원국가산단 개별 업종의 신호가 아니라 같은 업종의 전국 분위기다.,202502,115307.0,0.006071118820472,1482.0,-25.49019607843137,1419.0,-21.904237754540457,63.0,518.0,True,창원시 전역 제조업 총계 · 반기 · 표본조사. 업종별 값이 아니며 입직-이직을 KICOX 고용 증감과 같다고 보지 않는다.
석유화학,2025Q3,관찰,-44.48493192959134,C,복수 후보만 존재 — 가중치 근거 없음. 밴드로만 해석,2,석탄및석유제품|화학제품,,-43.55582238399106,-41.49225861757041,True,,0.1106719367588882,0.173491823553662,방향 일치,0.0628198867947738,,,,비교자료 없음,,,False,KICOX 산단 고용과 고용보험 피보험자는 모집단이 다르다(산단 입주 사업체 vs 창원시 전역 사업장). 수준·점유율 비교 금지.,,,,,,no_data,False,no_mapped_chapter,해당 업종에 귀속 근거가 있는 HS 류가 없다,창원시 전역 통관 · 연도창을 모두 확보한 HS6 합계(업종 수출 총액 아님),1475217617,-0.8972776400840932,6033,0.1161632923996069,True,창원시 전역 제조업 총계 전력사용량 · 월→분기 합계. 업종별 값이 아니며 가동률과 개념·모집단이 다르다.,67.67,80.33,74.67,78.67,92.0,66.22,B,True,경상남도 제조업 총계(업종 공통 배경),전국 업종별 심리지수. 창원국가산단 개별 업종의 신호가 아니라 같은 업종의 전국 분위기다.,202502,115307.0,0.006071118820472,1482.0,-25.49019607843137,1419.0,-21.904237754540457,63.0,518.0,True,창원시 전역 제조업 총계 · 반기 · 표본조사. 업종별 값이 아니며 입직-이직을 KICOX 고용 증감과 같다고 보지 않는다.
섬유의복,2025Q3,추가확인,-26.8400180261379,A,대분류 직접 대응,1,섬유및의복,-26.804318296300558,-26.804318296300558,-26.804318296300558,False,True,0.1106719367588882,0.173491823553662,방향 일치,0.0628198867947738,,,,비교자료 없음,,,False,KICOX 산단 고용과 고용보험 피보험자는 모집단이 다르다(산단 입주 사업체 vs 창원시 전역 사업장). 수준·점유율 비교 금지.,,,,,,no_data,False,no_mapped_chapter,해당 업종에 귀속 근거가 있는 HS 류가 없다,창원시 전역 통관 · 연도창을 모두 확보한 HS6 합계(업종 수출 총액 아님),1475217617,-0.8972776400840932,6033,0.1161632923996069,True,창원시 전역 제조업 총계 전력사용량 · 월→분기 합계. 업종별 값이 아니며 가동률과 개념·모집단이 다르다.,67.67,80.33,74.67,78.67,92.0,57.0,A,True,경상남도 제조업 총계(업종 공통 배경),전국 업종별 심리지수. 창원국가산단 개별 업종의 신호가 아니라 같은 업종의 전국 분위기다.,202502,115307.0,0.006071118820472,1482.0,-25.49019607843137,1419.0,-21.904237754540457,63.0,518.0,True,창원시 전역 제조업 총계 · 반기 · 표본조사. 업종별 값이 아니며 입직-이직을 KICOX 고용 증감과 같다고 보지 않는다.
운송장비,2025Q3,관찰,4.627688865697821,A,대분류 직접 대응,1,운송장비,3.0684660196978357,3.0684660196978357,3.0684660196978357,False,True,0.1106719367588882,0.173491823553662,방향 일치,0.0628198867947738,자동차·부품,18798.0,-0.995417917522512,방향 일치 (매핑 C등급 — 참고),-2.048785585396584,C,True,KICOX 산단 고용과 고용보험 피보험자는 모집단이 다르다(산단 입주 사업체 vs 창원시 전역 사업장). 수준·점유율 비교 금지.,1627934.0,-3.42281520855704,2.4865493674567363,60.0,A,mapped_chapters_only,True,usable,,창원시 전역 통관 · 연도창을 모두 확보한 HS6 합계(업종 수출 총액 아님),1475217617,-0.8972776400840932,6033,0.1161632923996069,True,창원시 전역 제조업 총계 전력사용량 · 월→분기 합계. 업종별 값이 아니며 가동률과 개념·모집단이 다르다.,67.67,80.33,74.67,78.67,92.0,83.66,A,True,경상남도 제조업 총계(업종 공통 배경),전국 업종별 심리지수. 창원국가산단 개별 업종의 신호가 아니라 같은 업종의 전국 분위기다.,202502,115307.0,0.006071118820472,1482.0,-25.49019607843137,1419.0,-21.904237754540457,63.0,518.0,True,창원시 전역 제조업 총계 · 반기 · 표본조사. 업종별 값이 아니며 입직-이직을 KICOX 고용 증감과 같다고 보지 않는다.
음식료,2025Q3,우선점검,-17.463678355900235,A,대분류 직접 대응,1,음식료품,-19.87974938066659,-19.87974938066659,-19.87974938066659,False,True,0.1106719367588882,0.173491823553662,방향 일치,0.0628198867947738,,,,비교자료 없음,,,False,KICOX 산단 고용과 고용보험 피보험자는 모집단이 다르다(산단 입주 사업체 vs 창원시 전역 사업장). 수준·점유율 비교 금지.,,,,,,no_data,False,no_mapped_chapter,해당 업종에 귀속 근거가 있는 HS 류가 없다,창원시 전역 통관 · 연도창을 모두 확보한 HS6 합계(업종 수출 총액 아님),1475217617,-0.8972776400840932,6033,0.1161632923996069,True,창원시 전역 제조업 총계 전력사용량 · 월→분기 합계. 업종별 값이 아니며 가동률과 개념·모집단이 다르다.,67.67,80.33,74.67,78.67,92.0,68.34,A,True,경상남도 제조업 총계(업종 공통 배경),전국 업종별 심리지수. 창원국가산단 개별 업종의 신호가 아니라 같은 업종의 전국 분위기다.,202502,115307.0,0.006071118820472,1482.0,-25.49019607843137,1419.0,-21.904237754540457,63.0,518.0,True,창원시 전역 제조업 총계 · 반기 · 표본조사. 업종별 값이 아니며 입직-이직을 KICOX 고용 증감과 같다고 보지 않는다.
전기전자,2025Q3,관찰,-0.5693871998398992,C,복수 후보만 존재 — 가중치 근거 없음. 밴드로만 해석,2,전기장비|컴퓨터전자및광학기기,,-1.033210891682279,0.3522468315384941,True,,0.1106719367588882,0.173491823553662,방향 일치,0.0628198867947738,전기장비,18033.0,-3.0483870967741966,방향 일치 (매핑 C등급 — 참고),-0.8275023394600622,C,True,KICOX 산단 고용과 고용보험 피보험자는 모집단이 다르다(산단 입주 사업체 vs 창원시 전역 사업장). 수준·점유율 비교 금지.,477225.0,-9.0393595730487,11.126490630323673,249.0,B,mapped_chapters_only,True,usable,,창원시 전역 통관 · 연도창을 모두 확보한 HS6 합계(업종 수출 총액 아님),1475217617,-0.8972776400840932,6033,0.1161632923996069,True,창원시 전역 제조업 총계 전력사용량 · 월→분기 합계. 업종별 값이 아니며 가동률과 개념·모집단이 다르다.,67.67,80.33,74.67,78.67,92.0,77.34,A,True,경상남도 제조업 총계(업종 공통 배경),전국 업종별 심리지수. 창원국가산단 개별 업종의 신호가 아니라 같은 업종의 전국 분위기다.,202502,115307.0,0.006071118820472,1482.0,-25.49019607843137,1419.0,-21.904237754540457,63.0,518.0,True,창원시 전역 제조업 총계 · 반기 · 표본조사. 업종별 값이 아니며 입직-이직을 KICOX 고용 증감과 같다고 보지 않는다.
철강,2025Q3,관찰,11.980076752368252,B,상위 범주가 넓어 범위 과대·과소 가능,1,철강1차제품,15.05830168285367,15.05830168285367,15.05830168285367,False,True,0.1106719367588882,0.173491823553662,방향 일치,0.0628198867947738,,,,비교자료 없음,,,False,KICOX 산단 고용과 고용보험 피보험자는 모집단이 다르다(산단 입주 사업체 vs 창원시 전역 사업장). 수준·점유율 비교 금지.,223902.0,-8.44438628845281,9.82746353610815,203.0,A,mapped_chapters_only,True,usable,,창원시 전역 통관 · 연도창을 모두 확보한 HS6 합계(업종 수출 총액 아님),1475217617,-0.8972776400840932,6033,0.1161632923996069,True,창원시 전역 제조업 총계 전력사용량 · 월→분기 합계. 업종별 값이 아니며 가동률과 개념·모집단이 다르다.,67.67,80.33,74.67,78.67,92.0,62.0,B,True,경상남도 제조업 총계(업종 공통 배경),전국 업종별 심리지수. 창원국가산단 개별 업종의 신호가 아니라 같은 업종의 전국 분위기다.,202502,115307.0,0.006071118820472,1482.0,-25.49019607843137,1419.0,-21.904237754540457,63.0,518.0,True,창원시 전역 제조업 총계 · 반기 · 표본조사. 업종별 값이 아니며 입직-이직을 KICOX 고용 증감과 같다고 보지 않는다.
기계,2025Q4,관찰,3.707439849329264,A,대분류 직접 대응,1,기계및장비,2.6952680982837984,2.6952680982837984,2.6952680982837984,False,True,0.4559698602161877,0.7619529736240249,방향 일치,0.3059831134078372,기계·장비,29265.0,0.0068345692512794,방향 일치,6.051172185694309,B,True,KICOX 산단 고용과 고용보험 피보험자는 모집단이 다르다(산단 입주 사업체 vs 창원시 전역 사업장). 수준·점유율 비교 금지.,2131207.0,-10.107135475761652,20.480085565489546,338.0,B,mapped_chapters_only,True,usable,,창원시 전역 통관 · 연도창을 모두 확보한 HS6 합계(업종 수출 총액 아님),1360214152,-2.872700229395919,6031,0.2160186108341566,True,창원시 전역 제조업 총계 전력사용량 · 월→분기 합계. 업종별 값이 아니며 가동률과 개념·모집단이 다르다.,65.33,75.0,70.0,76.67,95.0,62.16,C,True,경상남도 제조업 총계(업종 공통 배경),전국 업종별 심리지수. 창원국가산단 개별 업종의 신호가 아니라 같은 업종의 전국 분위기다.,202502,115307.0,0.006071118820472,1482.0,-25.49019607843137,1419.0,-21.904237754540457,63.0,518.0,True,창원시 전역 제조업 총계 · 반기 · 표본조사. 업종별 값이 아니며 입직-이직을 KICOX 고용 증감과 같다고 보지 않는다.
기타,2025Q4,추가확인,5.616902725065187,D,대응 항목 없음 — 조정 생산 산출 불가,0,,,,,False,,0.4559698602161877,0.7619529736240249,방향 일치,0.3059831134078372,,,,비교자료 없음,,,False,KICOX 산단 고용과 고용보험 피보험자는 모집단이 다르다(산단 입주 사업체 vs 창원시 전역 사업장). 수준·점유율 비교 금지.,,,,,,no_data,False,no_mapped_chapter,해당 업종에 귀속 근거가 있는 HS 류가 없다,창원시 전역 통관 · 연도창을 모두 확보한 HS6 합계(업종 수출 총액 아님),1360214152,-2.872700229395919,6031,0.2160186108341566,True,창원시 전역 제조업 총계 전력사용량 · 월→분기 합계. 업종별 값이 아니며 가동률과 개념·모집단이 다르다.,65.33,75.0,70.0,76.67,95.0,,,True,경상남도 제조업 총계(업종 공통 배경),전국 업종별 심리지수. 창원국가산단 개별 업종의 신호가 아니라 같은 업종의 전국 분위기다.,202502,115307.0,0.006071118820472,1482.0,-25.49019607843137,1419.0,-21.904237754540457,63.0,518.0,True,창원시 전역 제조업 총계 · 반기 · 표본조사. 업종별 값이 아니며 입직-이직을 KICOX 고용 증감과 같다고 보지 않는다.
목재종이,2025Q4,관찰,180.21049274437888,A,대분류 직접 대응,1,목재및종이제품,184.6622777129444,184.6622777129444,184.6622777129444,False,True,0.4559698602161877,0.7619529736240249,방향 일치,0.3059831134078372,,,,비교자료 없음,,,False,KICOX 산단 고용과 고용보험 피보험자는 모집단이 다르다(산단 입주 사업체 vs 창원시 전역 사업장). 수준·점유율 비교 금지.,,,,,,no_data,False,no_mapped_chapter,해당 업종에 귀속 근거가 있는 HS 류가 없다,창원시 전역 통관 · 연도창을 모두 확보한 HS6 합계(업종 수출 총액 아님),1360214152,-2.872700229395919,6031,0.2160186108341566,True,창원시 전역 제조업 총계 전력사용량 · 월→분기 합계. 업종별 값이 아니며 가동률과 개념·모집단이 다르다.,65.33,75.0,70.0,76.67,95.0,41.84,A,True,경상남도 제조업 총계(업종 공통 배경),전국 업종별 심리지수. 창원국가산단 개별 업종의 신호가 아니라 같은 업종의 전국 분위기다.,202502,115307.0,0.006071118820472,1482.0,-25.49019607843137,1419.0,-21.904237754540457,63.0,518.0,True,창원시 전역 제조업 총계 · 반기 · 표본조사. 업종별 값이 아니며 입직-이직을 KICOX 고용 증감과 같다고 보지 않는다.
비금속,2025Q4,추가확인,31.884700665188493,A,대분류 직접 대응,1,비금속광물제품,33.39356867793204,33.39356867793204,33.39356867793204,False,True,0.4559698602161877,0.7619529736240249,방향 일치,0.3059831134078372,,,,비교자료 없음,,,False,KICOX 산단 고용과 고용보험 피보험자는 모집단이 다르다(산단 입주 사업체 vs 창원시 전역 사업장). 수준·점유율 비교 금지.,,,,,,no_data,False,no_mapped_chapter,해당 업종에 귀속 근거가 있는 HS 류가 없다,창원시 전역 통관 · 연도창을 모두 확보한 HS6 합계(업종 수출 총액 아님),1360214152,-2.872700229395919,6031,0.2160186108341566,True,창원시 전역 제조업 총계 전력사용량 · 월→분기 합계. 업종별 값이 아니며 가동률과 개념·모집단이 다르다.,65.33,75.0,70.0,76.67,95.0,54.67,A,True,경상남도 제조업 총계(업종 공통 배경),전국 업종별 심리지수. 창원국가산단 개별 업종의 신호가 아니라 같은 업종의 전국 분위기다.,202502,115307.0,0.006071118820472,1482.0,-25.49019607843137,1419.0,-21.904237754540457,63.0,518.0,True,창원시 전역 제조업 총계 · 반기 · 표본조사. 업종별 값이 아니며 입직-이직을 KICOX 고용 증감과 같다고 보지 않는다.
석유화학,2025Q4,관찰,-38.83673994295156,C,복수 후보만 존재 — 가중치 근거 없음. 밴드로만 해석,2,석탄및석유제품|화학제품,,-38.903007573846736,-37.73668159551201,True,,0.4559698602161877,0.7619529736240249,방향 일치,0.3059831134078372,,,,비교자료 없음,,,False,KICOX 산단 고용과 고용보험 피보험자는 모집단이 다르다(산단 입주 사업체 vs 창원시 전역 사업장). 수준·점유율 비교 금지.,,,,,,no_data,False,no_mapped_chapter,해당 업종에 귀속 근거가 있는 HS 류가 없다,창원시 전역 통관 · 연도창을 모두 확보한 HS6 합계(업종 수출 총액 아님),1360214152,-2.872700229395919,6031,0.2160186108341566,True,창원시 전역 제조업 총계 전력사용량 · 월→분기 합계. 업종별 값이 아니며 가동률과 개념·모집단이 다르다.,65.33,75.0,70.0,76.67,95.0,67.0,B,True,경상남도 제조업 총계(업종 공통 배경),전국 업종별 심리지수. 창원국가산단 개별 업종의 신호가 아니라 같은 업종의 전국 분위기다.,202502,115307.0,0.006071118820472,1482.0,-25.49019607843137,1419.0,-21.904237754540457,63.0,518.0,True,창원시 전역 제조업 총계 · 반기 · 표본조사. 업종별 값이 아니며 입직-이직을 KICOX 고용 증감과 같다고 보지 않는다.
섬유의복,2025Q4,관찰,-18.659812409812403,A,대분류 직접 대응,1,섬유및의복,-18.715673437555918,-18.715673437555918,-18.715673437555918,False,True,0.4559698602161877,0.7619529736240249,방향 일치,0.3059831134078372,,,,비교자료 없음,,,False,KICOX 산단 고용과 고용보험 피보험자는 모집단이 다르다(산단 입주 사업체 vs 창원시 전역 사업장). 수준·점유율 비교 금지.,,,,,,no_data,False,no_mapped_chapter,해당 업종에 귀속 근거가 있는 HS 류가 없다,창원시 전역 통관 · 연도창을 모두 확보한 HS6 합계(업종 수출 총액 아님),1360214152,-2.872700229395919,6031,0.2160186108341566,True,창원시 전역 제조업 총계 전력사용량 · 월→분기 합계. 업종별 값이 아니며 가동률과 개념·모집단이 다르다.,65.33,75.0,70.0,76.67,95.0,57.83,A,True,경상남도 제조업 총계(업종 공통 배경),전국 업종별 심리지수. 창원국가산단 개별 업종의 신호가 아니라 같은 업종의 전국 분위기다.,202502,115307.0,0.006071118820472,1482.0,-25.49019607843137,1419.0,-21.904237754540457,63.0,518.0,True,창원시 전역 제조업 총계 · 반기 · 표본조사. 업종별 값이 아니며 입직-이직을 KICOX 고용 증감과 같다고 보지 않는다.
운송장비,2025Q4,추가확인,-13.761383046661424,A,대분류 직접 대응,1,운송장비,-14.87293564832789,-14.87293564832789,-14.87293564832789,False,True,0.4559698602161877,0.7619529736240249,방향 일치,0.3059831134078372,자동차·부품,18773.0,-0.724484399788472,방향 일치 (매핑 C등급 — 참고),-4.570795767614455,C,True,KICOX 산단 고용과 고용보험 피보험자는 모집단이 다르다(산단 입주 사업체 vs 창원시 전역 사업장). 수준·점유율 비교 금지.,1538410.0,-22.848701891709045,3.18008241461889,66.0,A,mapped_chapters_only,True,usable,,창원시 전역 통관 · 연도창을 모두 확보한 HS6 합계(업종 수출 총액 아님),1360214152,-2.872700229395919,6031,0.2160186108341566,True,창원시 전역 제조업 총계 전력사용량 · 월→분기 합계. 업종별 값이 아니며 가동률과 개념·모집단이 다르다.,65.33,75.0,70.0,76.67,95.0,89.0,A,True,경상남도 제조업 총계(업종 공통 배경),전국 업종별 심리지수. 창원국가산단 개별 업종의 신호가 아니라 같은 업종의 전국 분위기다.,202502,115307.0,0.006071118820472,1482.0,-25.49019607843137,1419.0,-21.904237754540457,63.0,518.0,True,창원시 전역 제조업 총계 · 반기 · 표본조사. 업종별 값이 아니며 입직-이직을 KICOX 고용 증감과 같다고 보지 않는다.
음식료,2025Q4,우선점검,-15.288713081501893,A,대분류 직접 대응,1,음식료품,-17.49513410961908,-17.49513410961908,-17.49513410961908,False,True,0.4559698602161877,0.7619529736240249,방향 일치,0.3059831134078372,,,,비교자료 없음,,,False,KICOX 산단 고용과 고용보험 피보험자는 모집단이 다르다(산단 입주 사업체 vs 창원시 전역 사업장). 수준·점유율 비교 금지.,,,,,,no_data,False,no_mapped_chapter,해당 업종에 귀속 근거가 있는 HS 류가 없다,창원시 전역 통관 · 연도창을 모두 확보한 HS6 합계(업종 수출 총액 아님),1360214152,-2.872700229395919,6031,0.2160186108341566,True,창원시 전역 제조업 총계 전력사용량 · 월→분기 합계. 업종별 값이 아니며 가동률과 개념·모집단이 다르다.,65.33,75.0,70.0,76.67,95.0,69.0,A,True,경상남도 제조업 총계(업종 공통 배경),전국 업종별 심리지수. 창원국가산단 개별 업종의 신호가 아니라 같은 업종의 전국 분위기다.,202502,115307.0,0.006071118820472,1482.0,-25.49019607843137,1419.0,-21.904237754540457,63.0,518.0,True,창원시 전역 제조업 총계 · 반기 · 표본조사. 업종별 값이 아니며 입직-이직을 KICOX 고용 증감과 같다고 보지 않는다.
전기전자,2025Q4,추가확인,0.5775755522494652,C,복수 후보만 존재 — 가중치 근거 없음. 밴드로만 해석,2,전기장비|컴퓨터전자및광학기기,,-4.997771765039271,-1.8489136416792171,True,,0.4559698602161877,0.7619529736240249,방향 일치,0.3059831134078372,전기장비,17689.0,-2.550683120317321,방향 일치 (매핑 C등급 — 참고),-2.178494887303805,C,True,KICOX 산단 고용과 고용보험 피보험자는 모집단이 다르다(산단 입주 사업체 vs 창원시 전역 사업장). 수준·점유율 비교 금지.,485799.0,-1.5608852649026783,-2.240186339658834,253.0,B,mapped_chapters_only,True,usable,,창원시 전역 통관 · 연도창을 모두 확보한 HS6 합계(업종 수출 총액 아님),1360214152,-2.872700229395919,6031,0.2160186108341566,True,창원시 전역 제조업 총계 전력사용량 · 월→분기 합계. 업종별 값이 아니며 가동률과 개념·모집단이 다르다.,65.33,75.0,70.0,76.67,95.0,81.84,A,True,경상남도 제조업 총계(업종 공통 배경),전국 업종별 심리지수. 창원국가산단 개별 업종의 신호가 아니라 같은 업종의 전국 분위기다.,202502,115307.0,0.006071118820472,1482.0,-25.49019607843137,1419.0,-21.904237754540457,63.0,518.0,True,창원시 전역 제조업 총계 · 반기 · 표본조사. 업종별 값이 아니며 입직-이직을 KICOX 고용 증감과 같다고 보지 않는다.
철강,2025Q4,관찰,4.7096403773498,B,상위 범주가 넓어 범위 과대·과소 가능,1,철강1차제품,4.963589285266568,4.963589285266568,4.963589285266568,False,True,0.4559698602161877,0.7619529736240249,방향 일치,0.3059831134078372,,,,비교자료 없음,,,False,KICOX 산단 고용과 고용보험 피보험자는 모집단이 다르다(산단 입주 사업체 vs 창원시 전역 사업장). 수준·점유율 비교 금지.,200438.0,-11.50952725731541,1.185870783470122,209.0,A,mapped_chapters_only,True,usable,,창원시 전역 통관 · 연도창을 모두 확보한 HS6 합계(업종 수출 총액 아님),1360214152,-2.872700229395919,6031,0.2160186108341566,True,창원시 전역 제조업 총계 전력사용량 · 월→분기 합계. 업종별 값이 아니며 가동률과 개념·모집단이 다르다.,65.33,75.0,70.0,76.67,95.0,53.67,B,True,경상남도 제조업 총계(업종 공통 배경),전국 업종별 심리지수. 창원국가산단 개별 업종의 신호가 아니라 같은 업종의 전국 분위기다.,202502,115307.0,0.006071118820472,1482.0,-25.49019607843137,1419.0,-21.904237754540457,63.0,518.0,True,창원시 전역 제조업 총계 · 반기 · 표본조사. 업종별 값이 아니며 입직-이직을 KICOX 고용 증감과 같다고 보지 않는다.
기계,2026Q1,관찰,-9.626244330726308,A,대분류 직접 대응,1,기계및장비,-10.48661476478847,-10.48661476478847,-10.48661476478847,False,True,0.4356782818321303,-1.6807800872466028,방향 불일치,-2.116458369078733,기계·장비,29386.0,0.6680141139392193,방향 불일치,-2.5687620857528404,B,True,KICOX 산단 고용과 고용보험 피보험자는 모집단이 다르다(산단 입주 사업체 vs 창원시 전역 사업장). 수준·점유율 비교 금지.,1333864.0,-34.19094465851288,21.77238005618367,319.0,B,mapped_chapters_only,True,usable,,창원시 전역 통관 · 연도창을 모두 확보한 HS6 합계(업종 수출 총액 아님),1411178437,-0.866334626006815,6042,0.2821576763485378,True,창원시 전역 제조업 총계 전력사용량 · 월→분기 합계. 업종별 값이 아니며 가동률과 개념·모집단이 다르다.,71.33,83.33,76.67,82.33,91.33,67.84,C,True,경상남도 제조업 총계(업종 공통 배경),전국 업종별 심리지수. 창원국가산단 개별 업종의 신호가 아니라 같은 업종의 전국 분위기다.,202601,116666.0,1.302467742215585,2518.0,-1.1385944248135105,2481.0,6.9857697283311815,37.0,513.0,True,창원시 전역 제조업 총계 · 반기 · 표본조사. 업종별 값이 아니며 입직-이직을 KICOX 고용 증감과 같다고 보지 않는다.
기타,2026Q1,관찰,5.395417590539542,D,대응 항목 없음 — 조정 생산 산출 불가,0,,,,,False,,0.4356782818321303,-1.6807800872466028,방향 불일치,-2.116458369078733,,,,비교자료 없음,,,False,KICOX 산단 고용과 고용보험 피보험자는 모집단이 다르다(산단 입주 사업체 vs 창원시 전역 사업장). 수준·점유율 비교 금지.,,,,,,no_data,False,no_mapped_chapter,해당 업종에 귀속 근거가 있는 HS 류가 없다,창원시 전역 통관 · 연도창을 모두 확보한 HS6 합계(업종 수출 총액 아님),1411178437,-0.866334626006815,6042,0.2821576763485378,True,창원시 전역 제조업 총계 전력사용량 · 월→분기 합계. 업종별 값이 아니며 가동률과 개념·모집단이 다르다.,71.33,83.33,76.67,82.33,91.33,,,True,경상남도 제조업 총계(업종 공통 배경),전국 업종별 심리지수. 창원국가산단 개별 업종의 신호가 아니라 같은 업종의 전국 분위기다.,202601,116666.0,1.302467742215585,2518.0,-1.1385944248135105,2481.0,6.9857697283311815,37.0,513.0,True,창원시 전역 제조업 총계 · 반기 · 표본조사. 업종별 값이 아니며 입직-이직을 KICOX 고용 증감과 같다고 보지 않는다.
목재종이,2026Q1,우선점검,-14.28960261295591,A,대분류 직접 대응,1,목재및종이제품,-13.721460153638422,-13.721460153638422,-13.721460153638422,False,True,0.4356782818321303,-1.6807800872466028,방향 불일치,-2.116458369078733,,,,비교자료 없음,,,False,KICOX 산단 고용과 고용보험 피보험자는 모집단이 다르다(산단 입주 사업체 vs 창원시 전역 사업장). 수준·점유율 비교 금지.,,,,,,no_data,False,no_mapped_chapter,해당 업종에 귀속 근거가 있는 HS 류가 없다,창원시 전역 통관 · 연도창을 모두 확보한 HS6 합계(업종 수출 총액 아님),1411178437,-0.866334626006815,6042,0.2821576763485378,True,창원시 전역 제조업 총계 전력사용량 · 월→분기 합계. 업종별 값이 아니며 가동률과 개념·모집단이 다르다.,71.33,83.33,76.67,82.33,91.33,48.84,A,True,경상남도 제조업 총계(업종 공통 배경),전국 업종별 심리지수. 창원국가산단 개별 업종의 신호가 아니라 같은 업종의 전국 분위기다.,202601,116666.0,1.302467742215585,2518.0,-1.1385944248135105,2481.0,6.9857697283311815,37.0,513.0,True,창원시 전역 제조업 총계 · 반기 · 표본조사. 업종별 값이 아니며 입직-이직을 KICOX 고용 증감과 같다고 보지 않는다.
비금속,2026Q1,관찰,40.920195439739416,A,대분류 직접 대응,1,비금속광물제품,42.47610287162695,42.47610287162695,42.47610287162695,False,True,0.4356782818321303,-1.6807800872466028,방향 불일치,-2.116458369078733,,,,비교자료 없음,,,False,KICOX 산단 고용과 고용보험 피보험자는 모집단이 다르다(산단 입주 사업체 vs 창원시 전역 사업장). 수준·점유율 비교 금지.,,,,,,no_data,False,no_mapped_chapter,해당 업종에 귀속 근거가 있는 HS 류가 없다,창원시 전역 통관 · 연도창을 모두 확보한 HS6 합계(업종 수출 총액 아님),1411178437,-0.866334626006815,6042,0.2821576763485378,True,창원시 전역 제조업 총계 전력사용량 · 월→분기 합계. 업종별 값이 아니며 가동률과 개념·모집단이 다르다.,71.33,83.33,76.67,82.33,91.33,53.0,A,True,경상남도 제조업 총계(업종 공통 배경),전국 업종별 심리지수. 창원국가산단 개별 업종의 신호가 아니라 같은 업종의 전국 분위기다.,202601,116666.0,1.302467742215585,2518.0,-1.1385944248135105,2481.0,6.9857697283311815,37.0,513.0,True,창원시 전역 제조업 총계 · 반기 · 표본조사. 업종별 값이 아니며 입직-이직을 KICOX 고용 증감과 같다고 보지 않는다.
석유화학,2026Q1,관찰,-10.036801605888256,C,복수 후보만 존재 — 가중치 근거 없음. 밴드로만 해석,2,석탄및석유제품|화학제품,,-12.55913394426198,-11.604623548459704,True,,0.4356782818321303,-1.6807800872466028,방향 불일치,-2.116458369078733,,,,비교자료 없음,,,False,KICOX 산단 고용과 고용보험 피보험자는 모집단이 다르다(산단 입주 사업체 vs 창원시 전역 사업장). 수준·점유율 비교 금지.,,,,,,no_data,False,no_mapped_chapter,해당 업종에 귀속 근거가 있는 HS 류가 없다,창원시 전역 통관 · 연도창을 모두 확보한 HS6 합계(업종 수출 총액 아님),1411178437,-0.866334626006815,6042,0.2821576763485378,True,창원시 전역 제조업 총계 전력사용량 · 월→분기 합계. 업종별 값이 아니며 가동률과 개념·모집단이 다르다.,71.33,83.33,76.67,82.33,91.33,69.55,B,True,경상남도 제조업 총계(업종 공통 배경),전국 업종별 심리지수. 창원국가산단 개별 업종의 신호가 아니라 같은 업종의 전국 분위기다.,202601,116666.0,1.302467742215585,2518.0,-1.1385944248135105,2481.0,6.9857697283311815,37.0,513.0,True,창원시 전역 제조업 총계 · 반기 · 표본조사. 업종별 값이 아니며 입직-이직을 KICOX 고용 증감과 같다고 보지 않는다.
섬유의복,2026Q1,관찰,-9.2397531137968,A,대분류 직접 대응,1,섬유및의복,-10.21930094183594,-10.21930094183594,-10.21930094183594,False,True,0.4356782818321303,-1.6807800872466028,방향 불일치,-2.116458369078733,,,,비교자료 없음,,,False,KICOX 산단 고용과 고용보험 피보험자는 모집단이 다르다(산단 입주 사업체 vs 창원시 전역 사업장). 수준·점유율 비교 금지.,,,,,,no_data,False,no_mapped_chapter,해당 업종에 귀속 근거가 있는 HS 류가 없다,창원시 전역 통관 · 연도창을 모두 확보한 HS6 합계(업종 수출 총액 아님),1411178437,-0.866334626006815,6042,0.2821576763485378,True,창원시 전역 제조업 총계 전력사용량 · 월→분기 합계. 업종별 값이 아니며 가동률과 개념·모집단이 다르다.,71.33,83.33,76.67,82.33,91.33,61.34,A,True,경상남도 제조업 총계(업종 공통 배경),전국 업종별 심리지수. 창원국가산단 개별 업종의 신호가 아니라 같은 업종의 전국 분위기다.,202601,116666.0,1.302467742215585,2518.0,-1.1385944248135105,2481.0,6.9857697283311815,37.0,513.0,True,창원시 전역 제조업 총계 · 반기 · 표본조사. 업종별 값이 아니며 입직-이직을 KICOX 고용 증감과 같다고 보지 않는다.
운송장비,2026Q1,관찰,20.119787815833988,A,대분류 직접 대응,1,운송장비,18.4855053914196,18.4855053914196,18.4855053914196,False,True,0.4356782818321303,-1.6807800872466028,방향 불일치,-2.116458369078733,자동차·부품,18429.0,-1.738203145827777,방향 일치 (매핑 C등급 — 참고),0.7346362514441207,C,True,KICOX 산단 고용과 고용보험 피보험자는 모집단이 다르다(산단 입주 사업체 vs 창원시 전역 사업장). 수준·점유율 비교 금지.,1555371.0,-17.90768902721912,0.0189138411489597,59.0,A,mapped_chapters_only,True,usable,,창원시 전역 통관 · 연도창을 모두 확보한 HS6 합계(업종 수출 총액 아님),1411178437,-0.866334626006815,6042,0.2821576763485378,True,창원시 전역 제조업 총계 전력사용량 · 월→분기 합계. 업종별 값이 아니며 가동률과 개념·모집단이 다르다.,71.33,83.33,76.67,82.33,91.33,89.34,A,True,경상남도 제조업 총계(업종 공통 배경),전국 업종별 심리지수. 창원국가산단 개별 업종의 신호가 아니라 같은 업종의 전국 분위기다.,202601,116666.0,1.302467742215585,2518.0,-1.1385944248135105,2481.0,6.9857697283311815,37.0,513.0,True,창원시 전역 제조업 총계 · 반기 · 표본조사. 업종별 값이 아니며 입직-이직을 KICOX 고용 증감과 같다고 보지 않는다.
음식료,2026Q1,우선점검,3.367344657191196,A,대분류 직접 대응,1,음식료품,1.47686316894986,1.47686316894986,1.47686316894986,False,True,0.4356782818321303,-1.6807800872466028,방향 불일치,-2.116458369078733,,,,비교자료 없음,,,False,KICOX 산단 고용과 고용보험 피보험자는 모집단이 다르다(산단 입주 사업체 vs 창원시 전역 사업장). 수준·점유율 비교 금지.,,,,,,no_data,False,no_mapped_chapter,해당 업종에 귀속 근거가 있는 HS 류가 없다,창원시 전역 통관 · 연도창을 모두 확보한 HS6 합계(업종 수출 총액 아님),1411178437,-0.866334626006815,6042,0.2821576763485378,True,창원시 전역 제조업 총계 전력사용량 · 월→분기 합계. 업종별 값이 아니며 가동률과 개념·모집단이 다르다.,71.33,83.33,76.67,82.33,91.33,68.34,A,True,경상남도 제조업 총계(업종 공통 배경),전국 업종별 심리지수. 창원국가산단 개별 업종의 신호가 아니라 같은 업종의 전국 분위기다.,202601,116666.0,1.302467742215585,2518.0,-1.1385944248135105,2481.0,6.9857697283311815,37.0,513.0,True,창원시 전역 제조업 총계 · 반기 · 표본조사. 업종별 값이 아니며 입직-이직을 KICOX 고용 증감과 같다고 보지 않는다.
전기전자,2026Q1,관찰,-7.049417233574484,C,복수 후보만 존재 — 가중치 근거 없음. 밴드로만 해석,2,전기장비|컴퓨터전자및광학기기,,-16.227400789642587,-10.728971729895695,True,,0.4356782818321303,-1.6807800872466028,방향 불일치,-2.116458369078733,전기장비,17807.0,-3.927704343134608,방향 일치 (매핑 C등급 — 참고),2.6209303090878437,C,True,KICOX 산단 고용과 고용보험 피보험자는 모집단이 다르다(산단 입주 사업체 vs 창원시 전역 사업장). 수준·점유율 비교 금지.,482020.0,7.957383239527793,-2.580709331639897,243.0,B,mapped_chapters_only,True,usable,,창원시 전역 통관 · 연도창을 모두 확보한 HS6 합계(업종 수출 총액 아님),1411178437,-0.866334626006815,6042,0.2821576763485378,True,창원시 전역 제조업 총계 전력사용량 · 월→분기 합계. 업종별 값이 아니며 가동률과 개념·모집단이 다르다.,71.33,83.33,76.67,82.33,91.33,82.34,A,True,경상남도 제조업 총계(업종 공통 배경),전국 업종별 심리지수. 창원국가산단 개별 업종의 신호가 아니라 같은 업종의 전국 분위기다.,202601,116666.0,1.302467742215585,2518.0,-1.1385944248135105,2481.0,6.9857697283311815,37.0,513.0,True,창원시 전역 제조업 총계 · 반기 · 표본조사. 업종별 값이 아니며 입직-이직을 KICOX 고용 증감과 같다고 보지 않는다.
철강,2026Q1,관찰,53.82520740923593,B,상위 범주가 넓어 범위 과대·과소 가능,1,철강1차제품,52.3813469090551,52.3813469090551,52.3813469090551,False,True,0.4356782818321303,-1.6807800872466028,방향 불일치,-2.116458369078733,,,,비교자료 없음,,,False,KICOX 산단 고용과 고용보험 피보험자는 모집단이 다르다(산단 입주 사업체 vs 창원시 전역 사업장). 수준·점유율 비교 금지.,192607.0,-4.310349110456424,35.773151548811285,201.0,A,mapped_chapters_only,True,usable,,창원시 전역 통관 · 연도창을 모두 확보한 HS6 합계(업종 수출 총액 아님),1411178437,-0.866334626006815,6042,0.2821576763485378,True,창원시 전역 제조업 총계 전력사용량 · 월→분기 합계. 업종별 값이 아니며 가동률과 개념·모집단이 다르다.,71.33,83.33,76.67,82.33,91.33,62.67,B,True,경상남도 제조업 총계(업종 공통 배경),전국 업종별 심리지수. 창원국가산단 개별 업종의 신호가 아니라 같은 업종의 전국 분위기다.,202601,116666.0,1.302467742215585,2518.0,-1.1385944248135105,2481.0,6.9857697283311815,37.0,513.0,True,창원시 전역 제조업 총계 · 반기 · 표본조사. 업종별 값이 아니며 입직-이직을 KICOX 고용 증감과 같다고 보지 않는다.
기계,2026Q2,우선점검,-19.547350877543444,A,대분류 직접 대응,1,기계및장비,-20.54717489973789,-20.54717489973789,-20.54717489973789,False,True,0.6671178574881642,-3.635387120055056,방향 불일치,-4.3025049775432205,,,,비교자료 없음,,,False,KICOX 산단 고용과 고용보험 피보험자는 모집단이 다르다(산단 입주 사업체 vs 창원시 전역 사업장). 수준·점유율 비교 금지.,1462834.0,-38.09862942514902,35.30511975419095,336.0,B,mapped_chapters_only,True,usable,,창원시 전역 통관 · 연도창을 모두 확보한 HS6 합계(업종 수출 총액 아님),1419425162,0.7525960582029922,6026,-0.1160285098624203,True,창원시 전역 제조업 총계 전력사용량 · 월→분기 합계. 업종별 값이 아니며 가동률과 개념·모집단이 다르다.,74.67,91.0,85.33,91.67,89.67,76.84,C,True,경상남도 제조업 총계(업종 공통 배경),전국 업종별 심리지수. 창원국가산단 개별 업종의 신호가 아니라 같은 업종의 전국 분위기다.,202601,116666.0,1.302467742215585,2518.0,-1.1385944248135105,2481.0,6.9857697283311815,37.0,513.0,True,창원시 전역 제조업 총계 · 반기 · 표본조사. 업종별 값이 아니며 입직-이직을 KICOX 고용 증감과 같다고 보지 않는다.
기타,2026Q2,관찰,3.033256182238997,D,대응 항목 없음 — 조정 생산 산출 불가,0,,,,,False,,0.6671178574881642,-3.635387120055056,방향 불일치,-4.3025049775432205,,,,비교자료 없음,,,False,KICOX 산단 고용과 고용보험 피보험자는 모집단이 다르다(산단 입주 사업체 vs 창원시 전역 사업장). 수준·점유율 비교 금지.,,,,,,no_data,False,no_mapped_chapter,해당 업종에 귀속 근거가 있는 HS 류가 없다,창원시 전역 통관 · 연도창을 모두 확보한 HS6 합계(업종 수출 총액 아님),1419425162,0.7525960582029922,6026,-0.1160285098624203,True,창원시 전역 제조업 총계 전력사용량 · 월→분기 합계. 업종별 값이 아니며 가동률과 개념·모집단이 다르다.,74.67,91.0,85.33,91.67,89.67,,,True,경상남도 제조업 총계(업종 공통 배경),전국 업종별 심리지수. 창원국가산단 개별 업종의 신호가 아니라 같은 업종의 전국 분위기다.,202601,116666.0,1.302467742215585,2518.0,-1.1385944248135105,2481.0,6.9857697283311815,37.0,513.0,True,창원시 전역 제조업 총계 · 반기 · 표본조사. 업종별 값이 아니며 입직-이직을 KICOX 고용 증감과 같다고 보지 않는다.
목재종이,2026Q2,우선점검,-12.897127553431709,A,대분류 직접 대응,1,목재및종이제품,-15.289242445913676,-15.289242445913676,-15.289242445913676,False,True,0.6671178574881642,-3.635387120055056,방향 불일치,-4.3025049775432205,,,,비교자료 없음,,,False,KICOX 산단 고용과 고용보험 피보험자는 모집단이 다르다(산단 입주 사업체 vs 창원시 전역 사업장). 수준·점유율 비교 금지.,,,,,,no_data,False,no_mapped_chapter,해당 업종에 귀속 근거가 있는 HS 류가 없다,창원시 전역 통관 · 연도창을 모두 확보한 HS6 합계(업종 수출 총액 아님),1419425162,0.7525960582029922,6026,-0.1160285098624203,True,창원시 전역 제조업 총계 전력사용량 · 월→분기 합계. 업종별 값이 아니며 가동률과 개념·모집단이 다르다.,74.67,91.0,85.33,91.67,89.67,59.66,A,True,경상남도 제조업 총계(업종 공통 배경),전국 업종별 심리지수. 창원국가산단 개별 업종의 신호가 아니라 같은 업종의 전국 분위기다.,202601,116666.0,1.302467742215585,2518.0,-1.1385944248135105,2481.0,6.9857697283311815,37.0,513.0,True,창원시 전역 제조업 총계 · 반기 · 표본조사. 업종별 값이 아니며 입직-이직을 KICOX 고용 증감과 같다고 보지 않는다.
비금속,2026Q2,관찰,45.67070435172722,A,대분류 직접 대응,1,비금속광물제품,40.86066752464284,40.86066752464284,40.86066752464284,False,True,0.6671178574881642,-3.635387120055056,방향 불일치,-4.3025049775432205,,,,비교자료 없음,,,False,KICOX 산단 고용과 고용보험 피보험자는 모집단이 다르다(산단 입주 사업체 vs 창원시 전역 사업장). 수준·점유율 비교 금지.,,,,,,no_data,False,no_mapped_chapter,해당 업종에 귀속 근거가 있는 HS 류가 없다,창원시 전역 통관 · 연도창을 모두 확보한 HS6 합계(업종 수출 총액 아님),1419425162,0.7525960582029922,6026,-0.1160285098624203,True,창원시 전역 제조업 총계 전력사용량 · 월→분기 합계. 업종별 값이 아니며 가동률과 개념·모집단이 다르다.,74.67,91.0,85.33,91.67,89.67,65.33,A,True,경상남도 제조업 총계(업종 공통 배경),전국 업종별 심리지수. 창원국가산단 개별 업종의 신호가 아니라 같은 업종의 전국 분위기다.,202601,116666.0,1.302467742215585,2518.0,-1.1385944248135105,2481.0,6.9857697283311815,37.0,513.0,True,창원시 전역 제조업 총계 · 반기 · 표본조사. 업종별 값이 아니며 입직-이직을 KICOX 고용 증감과 같다고 보지 않는다.
석유화학,2026Q2,관찰,-6.729849384858399,C,복수 후보만 존재 — 가중치 근거 없음. 밴드로만 해석,2,석탄및석유제품|화학제품,,-45.53735290115512,-21.723914561709645,True,,0.6671178574881642,-3.635387120055056,방향 불일치,-4.3025049775432205,,,,비교자료 없음,,,False,KICOX 산단 고용과 고용보험 피보험자는 모집단이 다르다(산단 입주 사업체 vs 창원시 전역 사업장). 수준·점유율 비교 금지.,,,,,,no_data,False,no_mapped_chapter,해당 업종에 귀속 근거가 있는 HS 류가 없다,창원시 전역 통관 · 연도창을 모두 확보한 HS6 합계(업종 수출 총액 아님),1419425162,0.7525960582029922,6026,-0.1160285098624203,True,창원시 전역 제조업 총계 전력사용량 · 월→분기 합계. 업종별 값이 아니며 가동률과 개념·모집단이 다르다.,74.67,91.0,85.33,91.67,89.67,74.44,B,True,경상남도 제조업 총계(업종 공통 배경),전국 업종별 심리지수. 창원국가산단 개별 업종의 신호가 아니라 같은 업종의 전국 분위기다.,202601,116666.0,1.302467742215585,2518.0,-1.1385944248135105,2481.0,6.9857697283311815,37.0,513.0,True,창원시 전역 제조업 총계 · 반기 · 표본조사. 업종별 값이 아니며 입직-이직을 KICOX 고용 증감과 같다고 보지 않는다.
섬유의복,2026Q2,관찰,-12.319670818395734,A,대분류 직접 대응,1,섬유및의복,-15.169756617058972,-15.169756617058972,-15.169756617058972,False,True,0.6671178574881642,-3.635387120055056,방향 불일치,-4.3025049775432205,,,,비교자료 없음,,,False,KICOX 산단 고용과 고용보험 피보험자는 모집단이 다르다(산단 입주 사업체 vs 창원시 전역 사업장). 수준·점유율 비교 금지.,,,,,,no_data,False,no_mapped_chapter,해당 업종에 귀속 근거가 있는 HS 류가 없다,창원시 전역 통관 · 연도창을 모두 확보한 HS6 합계(업종 수출 총액 아님),1419425162,0.7525960582029922,6026,-0.1160285098624203,True,창원시 전역 제조업 총계 전력사용량 · 월→분기 합계. 업종별 값이 아니며 가동률과 개념·모집단이 다르다.,74.67,91.0,85.33,91.67,89.67,60.16,A,True,경상남도 제조업 총계(업종 공통 배경),전국 업종별 심리지수. 창원국가산단 개별 업종의 신호가 아니라 같은 업종의 전국 분위기다.,202601,116666.0,1.302467742215585,2518.0,-1.1385944248135105,2481.0,6.9857697283311815,37.0,513.0,True,창원시 전역 제조업 총계 · 반기 · 표본조사. 업종별 값이 아니며 입직-이직을 KICOX 고용 증감과 같다고 보지 않는다.
운송장비,2026Q2,관찰,19.64333200865325,A,대분류 직접 대응,1,운송장비,17.240435355443175,17.240435355443175,17.240435355443175,False,True,0.6671178574881642,-3.635387120055056,방향 불일치,-4.3025049775432205,,,,비교자료 없음,,,False,KICOX 산단 고용과 고용보험 피보험자는 모집단이 다르다(산단 입주 사업체 vs 창원시 전역 사업장). 수준·점유율 비교 금지.,2003465.0,-2.9722912887112707,10.081927920861112,61.0,A,mapped_chapters_only,True,usable,,창원시 전역 통관 · 연도창을 모두 확보한 HS6 합계(업종 수출 총액 아님),1419425162,0.7525960582029922,6026,-0.1160285098624203,True,창원시 전역 제조업 총계 전력사용량 · 월→분기 합계. 업종별 값이 아니며 가동률과 개념·모집단이 다르다.,74.67,91.0,85.33,91.67,89.67,90.83,A,True,경상남도 제조업 총계(업종 공통 배경),전국 업종별 심리지수. 창원국가산단 개별 업종의 신호가 아니라 같은 업종의 전국 분위기다.,202601,116666.0,1.302467742215585,2518.0,-1.1385944248135105,2481.0,6.9857697283311815,37.0,513.0,True,창원시 전역 제조업 총계 · 반기 · 표본조사. 업종별 값이 아니며 입직-이직을 KICOX 고용 증감과 같다고 보지 않는다.
음식료,2026Q2,관찰,0.8734323986208103,A,대분류 직접 대응,1,음식료품,-0.7793172719912755,-0.7793172719912755,-0.7793172719912755,False,False,0.6671178574881642,-3.635387120055056,방향 불일치,-4.3025049775432205,,,,비교자료 없음,,,False,KICOX 산단 고용과 고용보험 피보험자는 모집단이 다르다(산단 입주 사업체 vs 창원시 전역 사업장). 수준·점유율 비교 금지.,,,,,,no_data,False,no_mapped_chapter,해당 업종에 귀속 근거가 있는 HS 류가 없다,창원시 전역 통관 · 연도창을 모두 확보한 HS6 합계(업종 수출 총액 아님),1419425162,0.7525960582029922,6026,-0.1160285098624203,True,창원시 전역 제조업 총계 전력사용량 · 월→분기 합계. 업종별 값이 아니며 가동률과 개념·모집단이 다르다.,74.67,91.0,85.33,91.67,89.67,66.16,A,True,경상남도 제조업 총계(업종 공통 배경),전국 업종별 심리지수. 창원국가산단 개별 업종의 신호가 아니라 같은 업종의 전국 분위기다.,202601,116666.0,1.302467742215585,2518.0,-1.1385944248135105,2481.0,6.9857697283311815,37.0,513.0,True,창원시 전역 제조업 총계 · 반기 · 표본조사. 업종별 값이 아니며 입직-이직을 KICOX 고용 증감과 같다고 보지 않는다.
전기전자,2026Q2,관찰,2.697876409158262,C,복수 후보만 존재 — 가중치 근거 없음. 밴드로만 해석,2,전기장비|컴퓨터전자및광학기기,,-15.114355717979478,-5.165173954576785,True,,0.6671178574881642,-3.635387120055056,방향 불일치,-4.3025049775432205,,,,비교자료 없음,,,False,KICOX 산단 고용과 고용보험 피보험자는 모집단이 다르다(산단 입주 사업체 vs 창원시 전역 사업장). 수준·점유율 비교 금지.,638019.0,9.026548370118736,-8.561715739551424,246.0,B,mapped_chapters_only,True,usable,,창원시 전역 통관 · 연도창을 모두 확보한 HS6 합계(업종 수출 총액 아님),1419425162,0.7525960582029922,6026,-0.1160285098624203,True,창원시 전역 제조업 총계 전력사용량 · 월→분기 합계. 업종별 값이 아니며 가동률과 개념·모집단이 다르다.,74.67,91.0,85.33,91.67,89.67,86.67,A,True,경상남도 제조업 총계(업종 공통 배경),전국 업종별 심리지수. 창원국가산단 개별 업종의 신호가 아니라 같은 업종의 전국 분위기다.,202601,116666.0,1.302467742215585,2518.0,-1.1385944248135105,2481.0,6.9857697283311815,37.0,513.0,True,창원시 전역 제조업 총계 · 반기 · 표본조사. 업종별 값이 아니며 입직-이직을 KICOX 고용 증감과 같다고 보지 않는다.
철강,2026Q2,관찰,32.648709569813406,B,상위 범주가 넓어 범위 과대·과소 가능,1,철강1차제품,25.28092342922961,25.28092342922961,25.28092342922961,False,True,0.6671178574881642,-3.635387120055056,방향 불일치,-4.3025049775432205,,,,비교자료 없음,,,False,KICOX 산단 고용과 고용보험 피보험자는 모집단이 다르다(산단 입주 사업체 vs 창원시 전역 사업장). 수준·점유율 비교 금지.,206837.0,-5.799061802614203,32.80564790258116,208.0,A,mapped_chapters_only,True,usable,,창원시 전역 통관 · 연도창을 모두 확보한 HS6 합계(업종 수출 총액 아님),1419425162,0.7525960582029922,6026,-0.1160285098624203,True,창원시 전역 제조업 총계 전력사용량 · 월→분기 합계. 업종별 값이 아니며 가동률과 개념·모집단이 다르다.,74.67,91.0,85.33,91.67,89.67,70.33,B,True,경상남도 제조업 총계(업종 공통 배경),전국 업종별 심리지수. 창원국가산단 개별 업종의 신호가 아니라 같은 업종의 전국 분위기다.,202601,116666.0,1.302467742215585,2518.0,-1.1385944248135105,2481.0,6.9857697283311815,37.0,513.0,True,창원시 전역 제조업 총계 · 반기 · 표본조사. 업종별 값이 아니며 입직-이직을 KICOX 고용 증감과 같다고 보지 않는다.
