industry,quarter,stage,stage_reason,state,run_length,e_yoy,p_yoy,emp_delta,employment,production,employment_share_pct,E,R,A,P,scale_ok,persist,data_quality_core_missing,data_quality_production_missing,check_question,first_owner,firms_op,firms_in,firms_op_lag4,firms_op_change_count,firms_op_yoy,firms_in_yoy,op_rate,op_rate_yoy,op_rate_yoy_pp,op_rate_basis,op_rate_definition_break_note,employment_level,firms_op_level,small_industry_flag,track,firms_op_change_display,small_track_note,production_is_revised,employment_is_revised,op_rate_is_revised,firms_in_is_revised,firms_op_is_revised,nominal_production_yoy,ppi_mapping_grade,ppi_mapping_uncertainty,n_ppi_candidates,ppi_candidate_items,ppi_adjusted_low,ppi_adjusted_high,ppi_index_incomplete_quarter,ppi_adjusted_production_yoy,ppi_adjusted_band_only,sign_agreement,pct5_threshold_agreement,band_sign_split,band_threshold_split,eis_manufacturing_yoy,mfg_emp_yoy,aggregate_direction,aggregate_yoy_gap_pp,source_category,insured_level,insured_yoy,industry_direction,industry_yoy_gap_pp,mapping_confidence,cross_source_available,cross_source_population_note,employment_months_observed,employment_negative_months,employment_min_yoy,employment_max_yoy,employment_vintage_consistent_months,firms_op_months_observed,firms_op_negative_months,firms_op_min_yoy,firms_op_max_yoy,firms_op_vintage_consistent_months,op_rate_months_observed,op_rate_negative_months,op_rate_min_yoy,op_rate_max_yoy,op_rate_vintage_consistent_months,production_months_observed,production_negative_months,production_min_yoy,production_max_yoy,production_vintage_consistent_months,trade_export_usd,trade_export_yoy,trade_import_yoy,trade_n_items,trade_mapping_grade,trade_coverage_flag,n_hs6_excluded_incomplete,trade_data_available,trade_export_decline_signal,trade_coverage_status,trade_unavailable_reason,n_hs6_mapped,n_hs6_complete,n_hs6_incomplete,trade_scope,mfg_flow_period,mfg_flow_workers,mfg_flow_workers_yoy,mfg_flow_acquisitions,mfg_flow_acquisition_yoy,mfg_flow_losses,mfg_flow_loss_yoy,mfg_flow_net,mfg_flow_job_openings,mfg_flow_data_available,mfg_flow_employment_decrease,mfg_flow_acquisition_decrease,mfg_flow_loss_increase,mfg_flow_scope,power_usage_kwh,power_usage_yoy,power_customers,power_customers_yoy,power_data_available,power_usage_decline,oprate_power_both_decline,oprate_power_direction_split,power_scope,bsi_region_business,bsi_region_production,bsi_region_new_orders,bsi_region_operation,bsi_region_labor,bsi_industry_business,bsi_industry_mapping_grade,bsi_industry_n_codes,bsi_region_below_100,bsi_industry_below_100,bsi_data_available,bsi_region_scope,bsi_industry_scope,trade_export_up_employment_down,firms_op_decline_signal,operating_rate_decline_signal,ppi_adjusted_production_decline_signal,ppi_adjusted_production_decline_band,production_maintained_employment_decline,production_maintained_basis,signal_count,signal_profile,representative_signal,representative_signal_note,signal_input_incomplete,employment_cross_source_agreement,employment_cross_source_disagreement,monthly_signal_3of3,monthly_signal_2of3,monthly_data_unavailable,nominal_real_sign_disagreement,ppi_mapping_uncertain,small_base_warning,source_missing,source_missing_fields,source_revision_warning,industry_mapping_uncertain,op_rate_definition_break,quality_flags_raised,quality_flag_list,quality_score_intentionally_absent,signal_questions,quality_questions,external_questions,check_questions_context,handoff_review_functions,handoff_note
기계,2022Q1,우선점검,산단 제조업 고용의 2.04% 감소(상위경계 2.0% 통과) → 보강: 직전 분기에도 진입신호(지속),S2,1.0,-3.6718354575990375,14.944670997758426,-2394.0,62805.0,45395.66533,53.54493836001841,3.6718354575990375,3.91112306421022,2.041025116374239,0.0,True,True,False,False,"자동화·설비투자, 외주·도급 전환, 미충원·숙련 불일치, 직무구조 변화 가능성을 질문으로 확인한다(원인 후보이며 입증된 원인이 아님).",고용·훈련 기능 + 기업지원 기능,1455.0,1511.0,1473.0,-18.0,-1.2219959266802416,-3.0166880616174563,77.73051687,1.65112939638008,1.2625845099999964,monthly_simple_mean_approx,,62805.0,1455.0,False,메인 트랙,"1,473개 → 1,455개 (-18개, -1.2%)",,0,0,0,0,0,14.944670997758426,A,대분류 직접 대응,1,기계및장비,9.899537124865398,9.899537124865398,True,9.899537124865398,False,True,True,,,,0.2392876066111826,비교자료 없음,,,,,비교자료 없음,,,False,KICOX 산단 고용과 고용보험 피보험자는 모집단이 다르다(산단 입주 사업체 vs 창원시 전역 사업장). 수준·점유율 비교 금지.,,,,,,,,,,,,,,,,3.0,0.0,6.767471771967526,20.004506251445875,3,2741428.0,12.297181825853066,-12.779873204397719,302.0,B,mapped_chapters_only,0,True,False,usable,,538.0,439.0,0.0,창원시 전역 통관 · 연도창을 모두 확보한 HS6 합계(업종 수출 총액 아님),202201,114014.0,0.9134198367881652,3011.0,-16.011157601115755,2975.0,-8.630221130221127,36.0,592.0,True,False,True,False,창원시 전역 제조업 총계 · 반기 · 표본조사. 업종별 값이 아니며 입직-이직을 KICOX 고용 증감과 같다고 보지 않는다.,1539588752,0.44650552923919395,5842,0.6720661726693056,True,False,False,False,창원시 전역 제조업 총계 전력사용량 · 월→분기 합계. 업종별 값이 아니며 가동률과 개념·모집단이 다르다.,75.0,91.0,86.67,90.67,82.67,82.34,C,2.0,True,True,True,경상남도 제조업 총계(업종 공통 배경),전국 업종별 심리지수. 창원국가산단 개별 업종의 신호가 아니라 같은 업종의 전국 분위기다.,True,False,False,False,,True,PPI 조정 생산,1,생산유지·고용감소 신호,생산유지·고용감소 신호,,False,False,False,False,False,True,False,False,False,False,,False,False,False,1,월별 원자료 미제공 구간,가중치 근거가 없어 신뢰도 점수를 만들지 않는다. 플래그를 그대로 읽는다.,생산이 유지되는데 고용이 감소하고 있어 자동화·생산성 변화·미충원·외주화·인력구조 조정 여부를 확인할 필요가 있다.,이 분기는 월별 원자료가 공표되지 않아 분기 내 지속 여부를 확인할 수 없다. 분기말 단일시점 값에만 의존한 판단임을 감안할 필요가 있다.,"확인된 품목 기준 수출은 유지·확대되는데 고용이 감소하고 있어 생산성·자동화·기업구성 변화 등의 가능성을 추가 확인할 필요가 있다.
창원시 제조업 전체에서 입직자 감소가 함께 관측되므로, 고용 감소가 신규 채용 둔화와 함께 나타나는지 확인할 필요가 있다.
경남 제조업 업황 심리지수가 기준선(100)을 밑돌아, 업종 고유 요인인지 지역 전반의 경기 흐름인지 구분해 확인할 필요가 있다.
같은 업종의 전국 업황 심리지수도 기준선을 밑돌아, 관측된 변화가 산단 고유 현상인지 전국 업종 흐름인지 확인할 필요가 있다.","생산이 유지되는데 고용이 감소하고 있어 자동화·생산성 변화·미충원·외주화·인력구조 조정 여부를 확인할 필요가 있다.
확인된 품목 기준 수출은 유지·확대되는데 고용이 감소하고 있어 생산성·자동화·기업구성 변화 등의 가능성을 추가 확인할 필요가 있다.
창원시 제조업 전체에서 입직자 감소가 함께 관측되므로, 고용 감소가 신규 채용 둔화와 함께 나타나는지 확인할 필요가 있다.
경남 제조업 업황 심리지수가 기준선(100)을 밑돌아, 업종 고유 요인인지 지역 전반의 경기 흐름인지 구분해 확인할 필요가 있다.
같은 업종의 전국 업황 심리지수도 기준선을 밑돌아, 관측된 변화가 산단 고유 현상인지 전국 업종 흐름인지 확인할 필요가 있다.
이 분기는 월별 원자료가 공표되지 않아 분기 내 지속 여부를 확인할 수 없다. 분기말 단일시점 값에만 의존한 판단임을 감안할 필요가 있다.",고용지원 · 직업훈련 / 산업동향,검토 대상 기능의 제안이며 특정 사업·예산의 선정이 아니다. 지원 여부는 담당자의 현장 확인 뒤에 기존 체계에서 결정한다.
기타,2022Q1,관찰,고용 축 진입신호 없음 (생산 11.2% 단독 감소 — 확인질문에 반영),S4,1.0,-1.5151515151515138,-11.160152281717316,-3.0,195.0,161.92000001,0.1662489129878766,1.5151515151515138,1.7544391217626965,0.0025576755844288,11.160152281717316,False,False,False,False,수주잔량·가동률·휴업/감산·기업 수 변동·고용조정 계획 신고 여부를 확인한다(원인 후보이며 입증된 원인이 아님).,기업지원 기능 + 고용지원 기능,24.0,25.0,27.0,-3.0,-11.111111111111116,-7.4074074074074066,77.52522324,-12.802036340818324,-11.38192549,monthly_simple_mean_approx,,195.0,24.0,True,소규모 집계 트랙,"27개 → 24개 (-3개, -11.1%)","소규모 집계 트랙은 업종을 배제하는 장치가 아니라, 분모가 작아 비율 변동이 커지는 집계군을 별도 방식으로 읽기 위한 표시다.",0,0,0,0,0,-11.160152281717316,D,대응 항목 없음 — 조정 생산 산출 불가,0,,,,True,,False,,,,,,0.2392876066111826,비교자료 없음,,,,,비교자료 없음,,,False,KICOX 산단 고용과 고용보험 피보험자는 모집단이 다르다(산단 입주 사업체 vs 창원시 전역 사업장). 수준·점유율 비교 금지.,,,,,,,,,,,,,,,,3.0,3.0,-22.770332715875096,-5.4031011879680735,3,,,,,,no_data,0,False,,no_mapped_chapter,해당 업종에 귀속 근거가 있는 HS 류가 없다,,,,창원시 전역 통관 · 연도창을 모두 확보한 HS6 합계(업종 수출 총액 아님),202201,114014.0,0.9134198367881652,3011.0,-16.011157601115755,2975.0,-8.630221130221127,36.0,592.0,True,False,True,False,창원시 전역 제조업 총계 · 반기 · 표본조사. 업종별 값이 아니며 입직-이직을 KICOX 고용 증감과 같다고 보지 않는다.,1539588752,0.44650552923919395,5842,0.6720661726693056,True,False,False,True,창원시 전역 제조업 총계 전력사용량 · 월→분기 합계. 업종별 값이 아니며 가동률과 개념·모집단이 다르다.,75.0,91.0,86.67,90.67,82.67,,,,True,,True,경상남도 제조업 총계(업종 공통 배경),전국 업종별 심리지수. 창원국가산단 개별 업종의 신호가 아니라 같은 업종의 전국 분위기다.,,True,True,,,False,명목 생산만(가격효과 미조정),2,업체수 감소 신호 · 가동 위축 신호,업체수 감소 신호,"대표 확인신호는 표시순서에 따른 요약이며, 유일한 원인이 아니다. 확인신호 프로필 전체를 함께 읽어야 한다.",True,False,False,False,False,True,False,True,True,False,,False,False,False,3,PPI 매핑 불확실(C·D 등급) · 소규모 분모 — 비율 변동 과대 가능 · 월별 원자료 미제공 구간,가중치 근거가 없어 신뢰도 점수를 만들지 않는다. 플래그를 그대로 읽는다.,"가동업체 감소가 실제 퇴거·폐업·통합·휴업에 따른 것인지, 아니면 조사대상 변동이나 집계기준 변경에 따른 것인지 확인할 필요가 있다.
가동률 하락이 일시적 생산조정인지 수주·수요 감소에 따른 것인지 확인할 필요가 있다.","이 업종은 생산자물가지수 대응 후보가 복수이거나 없어, PPI 조정 생산을 단일값으로 해석하지 않고 원자료로 확인할 필요가 있다.
업체수·고용 규모가 작아 비율 변동이 크게 나타난다. 절대 증감 개수로 다시 확인할 필요가 있다.
이 분기는 월별 원자료가 공표되지 않아 분기 내 지속 여부를 확인할 수 없다. 분기말 단일시점 값에만 의존한 판단임을 감안할 필요가 있다.","창원시 제조업 전체에서 입직자 감소가 함께 관측되므로, 고용 감소가 신규 채용 둔화와 함께 나타나는지 확인할 필요가 있다.
가동률과 전력사용의 방향이 달라 업종 구성·설비 특성·자료범위(산단 vs 시 전체) 차이를 추가 확인할 필요가 있다.
경남 제조업 업황 심리지수가 기준선(100)을 밑돌아, 업종 고유 요인인지 지역 전반의 경기 흐름인지 구분해 확인할 필요가 있다.","가동업체 감소가 실제 퇴거·폐업·통합·휴업에 따른 것인지, 아니면 조사대상 변동이나 집계기준 변경에 따른 것인지 확인할 필요가 있다.
가동률 하락이 일시적 생산조정인지 수주·수요 감소에 따른 것인지 확인할 필요가 있다.
창원시 제조업 전체에서 입직자 감소가 함께 관측되므로, 고용 감소가 신규 채용 둔화와 함께 나타나는지 확인할 필요가 있다.
가동률과 전력사용의 방향이 달라 업종 구성·설비 특성·자료범위(산단 vs 시 전체) 차이를 추가 확인할 필요가 있다.
경남 제조업 업황 심리지수가 기준선(100)을 밑돌아, 업종 고유 요인인지 지역 전반의 경기 흐름인지 구분해 확인할 필요가 있다.
이 업종은 생산자물가지수 대응 후보가 복수이거나 없어, PPI 조정 생산을 단일값으로 해석하지 않고 원자료로 확인할 필요가 있다.
업체수·고용 규모가 작아 비율 변동이 크게 나타난다. 절대 증감 개수로 다시 확인할 필요가 있다.
이 분기는 월별 원자료가 공표되지 않아 분기 내 지속 여부를 확인할 수 없다. 분기말 단일시점 값에만 의존한 판단임을 감안할 필요가 있다.",산업동향 · 기업지원 / 고용지원 · 직업훈련 / 산업동향,검토 대상 기능의 제안이며 특정 사업·예산의 선정이 아니다. 지원 여부는 담당자의 현장 확인 뒤에 기존 체계에서 결정한다.
목재종이,2022Q1,관찰,고용 축 진입신호 없음,S1,1.0,2.298850574712641,10.391674306608278,6.0,267.0,135.06666666,0.2276331270141695,0.0,0.0,0.0,0.0,False,False,False,False,미충원·숙련수요·증가의 지속가능성을 확인한다.,고용·훈련 기능,40.0,43.0,35.0,5.0,14.28571428571428,4.878048780487809,86.50453956,6.7363868220075895,5.459506899999994,monthly_simple_mean_approx,,267.0,40.0,True,소규모 집계 트랙,"35개 → 40개 (+5개, +14.3%)","소규모 집계 트랙은 업종을 배제하는 장치가 아니라, 분모가 작아 비율 변동이 커지는 집계군을 별도 방식으로 읽기 위한 표시다.",0,0,0,0,0,10.391674306608278,A,대분류 직접 대응,1,목재및종이제품,-4.021573068202599,-4.021573068202599,True,-4.021573068202599,False,False,True,,,,0.2392876066111826,비교자료 없음,,,,,비교자료 없음,,,False,KICOX 산단 고용과 고용보험 피보험자는 모집단이 다르다(산단 입주 사업체 vs 창원시 전역 사업장). 수준·점유율 비교 금지.,,,,,,,,,,,,,,,,3.0,0.0,8.297774027893844,13.157448253576298,3,,,,,,no_data,0,False,,no_mapped_chapter,해당 업종에 귀속 근거가 있는 HS 류가 없다,,,,창원시 전역 통관 · 연도창을 모두 확보한 HS6 합계(업종 수출 총액 아님),202201,114014.0,0.9134198367881652,3011.0,-16.011157601115755,2975.0,-8.630221130221127,36.0,592.0,True,False,True,False,창원시 전역 제조업 총계 · 반기 · 표본조사. 업종별 값이 아니며 입직-이직을 KICOX 고용 증감과 같다고 보지 않는다.,1539588752,0.44650552923919395,5842,0.6720661726693056,True,False,False,False,창원시 전역 제조업 총계 전력사용량 · 월→분기 합계. 업종별 값이 아니며 가동률과 개념·모집단이 다르다.,75.0,91.0,86.67,90.67,82.67,75.67,A,2.0,True,True,True,경상남도 제조업 총계(업종 공통 배경),전국 업종별 심리지수. 창원국가산단 개별 업종의 신호가 아니라 같은 업종의 전국 분위기다.,,False,False,False,,False,PPI 조정 생산,0,해석 보류,해석 보류,,False,False,False,False,False,True,True,False,True,False,,False,False,False,3,명목·PPI 조정 생산 방향 불일치 · 소규모 분모 — 비율 변동 과대 가능 · 월별 원자료 미제공 구간,가중치 근거가 없어 신뢰도 점수를 만들지 않는다. 플래그를 그대로 읽는다.,,"명목생산과 PPI 조정 생산의 방향이 달라, 이 분기의 생산 변화가 가격 때문인지 물량 때문인지 확인할 필요가 있다.
업체수·고용 규모가 작아 비율 변동이 크게 나타난다. 절대 증감 개수로 다시 확인할 필요가 있다.
이 분기는 월별 원자료가 공표되지 않아 분기 내 지속 여부를 확인할 수 없다. 분기말 단일시점 값에만 의존한 판단임을 감안할 필요가 있다.","창원시 제조업 전체에서 입직자 감소가 함께 관측되므로, 고용 감소가 신규 채용 둔화와 함께 나타나는지 확인할 필요가 있다.
경남 제조업 업황 심리지수가 기준선(100)을 밑돌아, 업종 고유 요인인지 지역 전반의 경기 흐름인지 구분해 확인할 필요가 있다.
같은 업종의 전국 업황 심리지수도 기준선을 밑돌아, 관측된 변화가 산단 고유 현상인지 전국 업종 흐름인지 확인할 필요가 있다.","창원시 제조업 전체에서 입직자 감소가 함께 관측되므로, 고용 감소가 신규 채용 둔화와 함께 나타나는지 확인할 필요가 있다.
경남 제조업 업황 심리지수가 기준선(100)을 밑돌아, 업종 고유 요인인지 지역 전반의 경기 흐름인지 구분해 확인할 필요가 있다.
같은 업종의 전국 업황 심리지수도 기준선을 밑돌아, 관측된 변화가 산단 고유 현상인지 전국 업종 흐름인지 확인할 필요가 있다.
명목생산과 PPI 조정 생산의 방향이 달라, 이 분기의 생산 변화가 가격 때문인지 물량 때문인지 확인할 필요가 있다.
업체수·고용 규모가 작아 비율 변동이 크게 나타난다. 절대 증감 개수로 다시 확인할 필요가 있다.
이 분기는 월별 원자료가 공표되지 않아 분기 내 지속 여부를 확인할 수 없다. 분기말 단일시점 값에만 의존한 판단임을 감안할 필요가 있다.",고용지원 · 직업훈련 / 산업동향,검토 대상 기능의 제안이며 특정 사업·예산의 선정이 아니다. 지원 여부는 담당자의 현장 확인 뒤에 기존 체계에서 결정한다.
비금속,2022Q1,관찰,고용 축 진입신호 없음,S2,1.0,-3.663003663003661,10.909265206346165,-10.0,263.0,115.695,0.2242228929015976,3.663003663003661,3.902291269614844,0.0085255852814295,0.0,False,False,False,False,"자동화·설비투자, 외주·도급 전환, 미충원·숙련 불일치, 직무구조 변화 가능성을 질문으로 확인한다(원인 후보이며 입증된 원인이 아님).",고용·훈련 기능 + 기업지원 기능,5.0,5.0,5.0,0.0,0.0,0.0,52.93643946,86.76138826747095,24.59201562,monthly_simple_mean_approx,,263.0,5.0,True,소규모 집계 트랙,"5개 → 5개 (+0개, +0.0%)","소규모 집계 트랙은 업종을 배제하는 장치가 아니라, 분모가 작아 비율 변동이 커지는 집계군을 별도 방식으로 읽기 위한 표시다.",0,0,0,0,0,10.909265206346165,A,대분류 직접 대응,1,비금속광물제품,1.157751991112299,1.157751991112299,True,1.157751991112299,False,True,True,,,,0.2392876066111826,비교자료 없음,,,,,비교자료 없음,,,False,KICOX 산단 고용과 고용보험 피보험자는 모집단이 다르다(산단 입주 사업체 vs 창원시 전역 사업장). 수준·점유율 비교 금지.,,,,,,,,,,,,,,,,3.0,0.0,2.9833454018826977,18.06286080821038,3,,,,,,no_data,0,False,,no_mapped_chapter,해당 업종에 귀속 근거가 있는 HS 류가 없다,,,,창원시 전역 통관 · 연도창을 모두 확보한 HS6 합계(업종 수출 총액 아님),202201,114014.0,0.9134198367881652,3011.0,-16.011157601115755,2975.0,-8.630221130221127,36.0,592.0,True,False,True,False,창원시 전역 제조업 총계 · 반기 · 표본조사. 업종별 값이 아니며 입직-이직을 KICOX 고용 증감과 같다고 보지 않는다.,1539588752,0.44650552923919395,5842,0.6720661726693056,True,False,False,False,창원시 전역 제조업 총계 전력사용량 · 월→분기 합계. 업종별 값이 아니며 가동률과 개념·모집단이 다르다.,75.0,91.0,86.67,90.67,82.67,83.33,A,1.0,True,True,True,경상남도 제조업 총계(업종 공통 배경),전국 업종별 심리지수. 창원국가산단 개별 업종의 신호가 아니라 같은 업종의 전국 분위기다.,,False,False,False,,True,PPI 조정 생산,1,생산유지·고용감소 신호,생산유지·고용감소 신호,,False,False,False,False,False,True,False,False,True,False,,False,False,False,2,소규모 분모 — 비율 변동 과대 가능 · 월별 원자료 미제공 구간,가중치 근거가 없어 신뢰도 점수를 만들지 않는다. 플래그를 그대로 읽는다.,생산이 유지되는데 고용이 감소하고 있어 자동화·생산성 변화·미충원·외주화·인력구조 조정 여부를 확인할 필요가 있다.,"업체수·고용 규모가 작아 비율 변동이 크게 나타난다. 절대 증감 개수로 다시 확인할 필요가 있다.
이 분기는 월별 원자료가 공표되지 않아 분기 내 지속 여부를 확인할 수 없다. 분기말 단일시점 값에만 의존한 판단임을 감안할 필요가 있다.","창원시 제조업 전체에서 입직자 감소가 함께 관측되므로, 고용 감소가 신규 채용 둔화와 함께 나타나는지 확인할 필요가 있다.
경남 제조업 업황 심리지수가 기준선(100)을 밑돌아, 업종 고유 요인인지 지역 전반의 경기 흐름인지 구분해 확인할 필요가 있다.
같은 업종의 전국 업황 심리지수도 기준선을 밑돌아, 관측된 변화가 산단 고유 현상인지 전국 업종 흐름인지 확인할 필요가 있다.","생산이 유지되는데 고용이 감소하고 있어 자동화·생산성 변화·미충원·외주화·인력구조 조정 여부를 확인할 필요가 있다.
창원시 제조업 전체에서 입직자 감소가 함께 관측되므로, 고용 감소가 신규 채용 둔화와 함께 나타나는지 확인할 필요가 있다.
경남 제조업 업황 심리지수가 기준선(100)을 밑돌아, 업종 고유 요인인지 지역 전반의 경기 흐름인지 구분해 확인할 필요가 있다.
같은 업종의 전국 업황 심리지수도 기준선을 밑돌아, 관측된 변화가 산단 고유 현상인지 전국 업종 흐름인지 확인할 필요가 있다.
업체수·고용 규모가 작아 비율 변동이 크게 나타난다. 절대 증감 개수로 다시 확인할 필요가 있다.
이 분기는 월별 원자료가 공표되지 않아 분기 내 지속 여부를 확인할 수 없다. 분기말 단일시점 값에만 의존한 판단임을 감안할 필요가 있다.",고용지원 · 직업훈련 / 산업동향,검토 대상 기능의 제안이며 특정 사업·예산의 선정이 아니다. 지원 여부는 담당자의 현장 확인 뒤에 기존 체계에서 결정한다.
석유화학,2022Q1,관찰,고용 축 진입신호 없음,S1,1.0,4.098360655737698,23.22778977954787,20.0,508.0,517.0966667,0.4330997322966222,0.0,0.0,0.0,0.0,True,False,False,False,미충원·숙련수요·증가의 지속가능성을 확인한다.,고용·훈련 기능,38.0,39.0,38.0,0.0,0.0,-2.500000000000002,72.51020746,-11.9346099781392,-9.826573699999997,monthly_simple_mean_approx,,508.0,38.0,False,메인 트랙,"38개 → 38개 (+0개, +0.0%)",,0,0,0,0,0,23.22778977954787,C,복수 후보만 존재 — 가중치 근거 없음. 밴드로만 해석,2,석탄및석유제품|화학제품,-24.656866014278766,6.57448246453598,True,,True,,,True,True,,0.2392876066111826,비교자료 없음,,,,,비교자료 없음,,,False,KICOX 산단 고용과 고용보험 피보험자는 모집단이 다르다(산단 입주 사업체 vs 창원시 전역 사업장). 수준·점유율 비교 금지.,,,,,,,,,,,,,,,,3.0,0.0,17.71278853982292,28.895642363390106,3,,,,,,no_data,0,False,,no_mapped_chapter,해당 업종에 귀속 근거가 있는 HS 류가 없다,,,,창원시 전역 통관 · 연도창을 모두 확보한 HS6 합계(업종 수출 총액 아님),202201,114014.0,0.9134198367881652,3011.0,-16.011157601115755,2975.0,-8.630221130221127,36.0,592.0,True,False,True,False,창원시 전역 제조업 총계 · 반기 · 표본조사. 업종별 값이 아니며 입직-이직을 KICOX 고용 증감과 같다고 보지 않는다.,1539588752,0.44650552923919395,5842,0.6720661726693056,True,False,False,True,창원시 전역 제조업 총계 전력사용량 · 월→분기 합계. 업종별 값이 아니며 가동률과 개념·모집단이 다르다.,75.0,91.0,86.67,90.67,82.67,83.67,B,3.0,True,True,True,경상남도 제조업 총계(업종 공통 배경),전국 업종별 심리지수. 창원국가산단 개별 업종의 신호가 아니라 같은 업종의 전국 분위기다.,,False,True,,후보에 따라 갈림 — 단정 보류,False,명목 생산만(가격효과 미조정),1,가동 위축 신호,가동 위축 신호,,True,False,False,False,False,True,False,True,False,False,,False,False,False,2,PPI 매핑 불확실(C·D 등급) · 월별 원자료 미제공 구간,가중치 근거가 없어 신뢰도 점수를 만들지 않는다. 플래그를 그대로 읽는다.,가동률 하락이 일시적 생산조정인지 수주·수요 감소에 따른 것인지 확인할 필요가 있다.,"이 업종은 생산자물가지수 대응 후보가 복수이거나 없어, PPI 조정 생산을 단일값으로 해석하지 않고 원자료로 확인할 필요가 있다.
이 분기는 월별 원자료가 공표되지 않아 분기 내 지속 여부를 확인할 수 없다. 분기말 단일시점 값에만 의존한 판단임을 감안할 필요가 있다.","창원시 제조업 전체에서 입직자 감소가 함께 관측되므로, 고용 감소가 신규 채용 둔화와 함께 나타나는지 확인할 필요가 있다.
가동률과 전력사용의 방향이 달라 업종 구성·설비 특성·자료범위(산단 vs 시 전체) 차이를 추가 확인할 필요가 있다.
경남 제조업 업황 심리지수가 기준선(100)을 밑돌아, 업종 고유 요인인지 지역 전반의 경기 흐름인지 구분해 확인할 필요가 있다.
같은 업종의 전국 업황 심리지수도 기준선을 밑돌아, 관측된 변화가 산단 고유 현상인지 전국 업종 흐름인지 확인할 필요가 있다.","가동률 하락이 일시적 생산조정인지 수주·수요 감소에 따른 것인지 확인할 필요가 있다.
창원시 제조업 전체에서 입직자 감소가 함께 관측되므로, 고용 감소가 신규 채용 둔화와 함께 나타나는지 확인할 필요가 있다.
가동률과 전력사용의 방향이 달라 업종 구성·설비 특성·자료범위(산단 vs 시 전체) 차이를 추가 확인할 필요가 있다.
경남 제조업 업황 심리지수가 기준선(100)을 밑돌아, 업종 고유 요인인지 지역 전반의 경기 흐름인지 구분해 확인할 필요가 있다.
같은 업종의 전국 업황 심리지수도 기준선을 밑돌아, 관측된 변화가 산단 고유 현상인지 전국 업종 흐름인지 확인할 필요가 있다.
이 업종은 생산자물가지수 대응 후보가 복수이거나 없어, PPI 조정 생산을 단일값으로 해석하지 않고 원자료로 확인할 필요가 있다.
이 분기는 월별 원자료가 공표되지 않아 분기 내 지속 여부를 확인할 수 없다. 분기말 단일시점 값에만 의존한 판단임을 감안할 필요가 있다.",산업동향 · 기업지원 / 고용지원 · 직업훈련 / 산업동향,검토 대상 기능의 제안이며 특정 사업·예산의 선정이 아니다. 지원 여부는 담당자의 현장 확인 뒤에 기존 체계에서 결정한다.
섬유의복,2022Q1,추가확인,고용감소 11.4%(상위경계 10% 통과) · 산단평균 대비 11.6%p 열위(상위경계 통과) [상위경계 통과했으나 고용 39인 < 300인으로 우선점검 제외],S2,1.0,-11.363636363636363,100.0,-5.0,39.0,1.5,0.0332497825975753,11.363636363636363,11.602923970247549,0.0042627926407147,0.0,False,True,False,False,"자동화·설비투자, 외주·도급 전환, 미충원·숙련 불일치, 직무구조 변화 가능성을 질문으로 확인한다(원인 후보이며 입증된 원인이 아님).",고용·훈련 기능 + 기업지원 기능,9.0,10.0,10.0,-1.0,-9.999999999999998,0.0,50.0,100.0,25.0,monthly_simple_mean_approx,,39.0,9.0,True,소규모 집계 트랙,"10개 → 9개 (-1개, -10.0%)","소규모 집계 트랙은 업종을 배제하는 장치가 아니라, 분모가 작아 비율 변동이 커지는 집계군을 별도 방식으로 읽기 위한 표시다.",0,0,0,0,0,100.0,A,대분류 직접 대응,1,섬유및의복,86.29661700247253,86.29661700247253,True,86.29661700247253,False,True,True,,,,0.2392876066111826,비교자료 없음,,,,,비교자료 없음,,,False,KICOX 산단 고용과 고용보험 피보험자는 모집단이 다르다(산단 입주 사업체 vs 창원시 전역 사업장). 수준·점유율 비교 금지.,,,,,,,,,,,,,,,,3.0,0.0,100.0,100.0,3,,,,,,no_data,0,False,,no_mapped_chapter,해당 업종에 귀속 근거가 있는 HS 류가 없다,,,,창원시 전역 통관 · 연도창을 모두 확보한 HS6 합계(업종 수출 총액 아님),202201,114014.0,0.9134198367881652,3011.0,-16.011157601115755,2975.0,-8.630221130221127,36.0,592.0,True,False,True,False,창원시 전역 제조업 총계 · 반기 · 표본조사. 업종별 값이 아니며 입직-이직을 KICOX 고용 증감과 같다고 보지 않는다.,1539588752,0.44650552923919395,5842,0.6720661726693056,True,False,False,False,창원시 전역 제조업 총계 전력사용량 · 월→분기 합계. 업종별 값이 아니며 가동률과 개념·모집단이 다르다.,75.0,91.0,86.67,90.67,82.67,79.83,A,2.0,True,True,True,경상남도 제조업 총계(업종 공통 배경),전국 업종별 심리지수. 창원국가산단 개별 업종의 신호가 아니라 같은 업종의 전국 분위기다.,,True,False,False,,True,PPI 조정 생산,2,업체수 감소 신호 · 생산유지·고용감소 신호,업체수 감소 신호,"대표 확인신호는 표시순서에 따른 요약이며, 유일한 원인이 아니다. 확인신호 프로필 전체를 함께 읽어야 한다.",False,False,False,False,False,True,False,False,True,False,,False,False,False,2,소규모 분모 — 비율 변동 과대 가능 · 월별 원자료 미제공 구간,가중치 근거가 없어 신뢰도 점수를 만들지 않는다. 플래그를 그대로 읽는다.,"가동업체 감소가 실제 퇴거·폐업·통합·휴업에 따른 것인지, 아니면 조사대상 변동이나 집계기준 변경에 따른 것인지 확인할 필요가 있다.
생산이 유지되는데 고용이 감소하고 있어 자동화·생산성 변화·미충원·외주화·인력구조 조정 여부를 확인할 필요가 있다.","업체수·고용 규모가 작아 비율 변동이 크게 나타난다. 절대 증감 개수로 다시 확인할 필요가 있다.
이 분기는 월별 원자료가 공표되지 않아 분기 내 지속 여부를 확인할 수 없다. 분기말 단일시점 값에만 의존한 판단임을 감안할 필요가 있다.","창원시 제조업 전체에서 입직자 감소가 함께 관측되므로, 고용 감소가 신규 채용 둔화와 함께 나타나는지 확인할 필요가 있다.
경남 제조업 업황 심리지수가 기준선(100)을 밑돌아, 업종 고유 요인인지 지역 전반의 경기 흐름인지 구분해 확인할 필요가 있다.
같은 업종의 전국 업황 심리지수도 기준선을 밑돌아, 관측된 변화가 산단 고유 현상인지 전국 업종 흐름인지 확인할 필요가 있다.","가동업체 감소가 실제 퇴거·폐업·통합·휴업에 따른 것인지, 아니면 조사대상 변동이나 집계기준 변경에 따른 것인지 확인할 필요가 있다.
생산이 유지되는데 고용이 감소하고 있어 자동화·생산성 변화·미충원·외주화·인력구조 조정 여부를 확인할 필요가 있다.
창원시 제조업 전체에서 입직자 감소가 함께 관측되므로, 고용 감소가 신규 채용 둔화와 함께 나타나는지 확인할 필요가 있다.
경남 제조업 업황 심리지수가 기준선(100)을 밑돌아, 업종 고유 요인인지 지역 전반의 경기 흐름인지 구분해 확인할 필요가 있다.
같은 업종의 전국 업황 심리지수도 기준선을 밑돌아, 관측된 변화가 산단 고유 현상인지 전국 업종 흐름인지 확인할 필요가 있다.
업체수·고용 규모가 작아 비율 변동이 크게 나타난다. 절대 증감 개수로 다시 확인할 필요가 있다.
이 분기는 월별 원자료가 공표되지 않아 분기 내 지속 여부를 확인할 수 없다. 분기말 단일시점 값에만 의존한 판단임을 감안할 필요가 있다.",산업동향 · 기업지원 / 고용지원 · 직업훈련 / 산업동향,검토 대상 기능의 제안이며 특정 사업·예산의 선정이 아니다. 지원 여부는 담당자의 현장 확인 뒤에 기존 체계에서 결정한다.
운송장비,2022Q1,관찰,고용 축 진입신호 없음,S2,1.0,-1.7370356282490174,4.797502469899695,-274.0,15500.0,26878.613143,13.214657186215833,1.7370356282490174,1.9763232348602,0.2336010367111702,0.0,True,False,False,False,"자동화·설비투자, 외주·도급 전환, 미충원·숙련 불일치, 직무구조 변화 가능성을 질문으로 확인한다(원인 후보이며 입증된 원인이 아님).",고용·훈련 기능 + 기업지원 기능,240.0,244.0,245.0,-5.0,-2.0408163265306145,-1.2145748987854255,90.57298391,3.337573898616397,2.925306020000008,monthly_simple_mean_approx,,15500.0,240.0,False,메인 트랙,"245개 → 240개 (-5개, -2.0%)",,0,0,0,0,0,4.797502469899695,A,대분류 직접 대응,1,운송장비,2.896367574358649,2.896367574358649,True,2.896367574358649,False,True,True,,,,0.2392876066111826,비교자료 없음,,,,,비교자료 없음,,,False,KICOX 산단 고용과 고용보험 피보험자는 모집단이 다르다(산단 입주 사업체 vs 창원시 전역 사업장). 수준·점유율 비교 금지.,,,,,,,,,,,,,,,,3.0,0.0,3.5770818002018867,6.060780694070145,3,453462.0,-29.784861988981415,4.565458238444031,53.0,A,mapped_chapters_only,0,True,True,usable,,123.0,81.0,0.0,창원시 전역 통관 · 연도창을 모두 확보한 HS6 합계(업종 수출 총액 아님),202201,114014.0,0.9134198367881652,3011.0,-16.011157601115755,2975.0,-8.630221130221127,36.0,592.0,True,False,True,False,창원시 전역 제조업 총계 · 반기 · 표본조사. 업종별 값이 아니며 입직-이직을 KICOX 고용 증감과 같다고 보지 않는다.,1539588752,0.44650552923919395,5842,0.6720661726693056,True,False,False,False,창원시 전역 제조업 총계 전력사용량 · 월→분기 합계. 업종별 값이 아니며 가동률과 개념·모집단이 다르다.,75.0,91.0,86.67,90.67,82.67,81.0,A,2.0,True,True,True,경상남도 제조업 총계(업종 공통 배경),전국 업종별 심리지수. 창원국가산단 개별 업종의 신호가 아니라 같은 업종의 전국 분위기다.,False,False,False,False,,True,PPI 조정 생산,1,생산유지·고용감소 신호,생산유지·고용감소 신호,,False,False,False,False,False,True,False,False,False,False,,False,False,False,1,월별 원자료 미제공 구간,가중치 근거가 없어 신뢰도 점수를 만들지 않는다. 플래그를 그대로 읽는다.,생산이 유지되는데 고용이 감소하고 있어 자동화·생산성 변화·미충원·외주화·인력구조 조정 여부를 확인할 필요가 있다.,이 분기는 월별 원자료가 공표되지 않아 분기 내 지속 여부를 확인할 수 없다. 분기말 단일시점 값에만 의존한 판단임을 감안할 필요가 있다.,"확인된 품목 기준 수출이 함께 감소하고 있어, 외부수요 약화 가능성을 보려면 수출 감소가 특정 품목·기업에 집중되는지 추가 확인할 필요가 있다.
창원시 제조업 전체에서 입직자 감소가 함께 관측되므로, 고용 감소가 신규 채용 둔화와 함께 나타나는지 확인할 필요가 있다.
경남 제조업 업황 심리지수가 기준선(100)을 밑돌아, 업종 고유 요인인지 지역 전반의 경기 흐름인지 구분해 확인할 필요가 있다.
같은 업종의 전국 업황 심리지수도 기준선을 밑돌아, 관측된 변화가 산단 고유 현상인지 전국 업종 흐름인지 확인할 필요가 있다.","생산이 유지되는데 고용이 감소하고 있어 자동화·생산성 변화·미충원·외주화·인력구조 조정 여부를 확인할 필요가 있다.
확인된 품목 기준 수출이 함께 감소하고 있어, 외부수요 약화 가능성을 보려면 수출 감소가 특정 품목·기업에 집중되는지 추가 확인할 필요가 있다.
창원시 제조업 전체에서 입직자 감소가 함께 관측되므로, 고용 감소가 신규 채용 둔화와 함께 나타나는지 확인할 필요가 있다.
경남 제조업 업황 심리지수가 기준선(100)을 밑돌아, 업종 고유 요인인지 지역 전반의 경기 흐름인지 구분해 확인할 필요가 있다.
같은 업종의 전국 업황 심리지수도 기준선을 밑돌아, 관측된 변화가 산단 고유 현상인지 전국 업종 흐름인지 확인할 필요가 있다.
이 분기는 월별 원자료가 공표되지 않아 분기 내 지속 여부를 확인할 수 없다. 분기말 단일시점 값에만 의존한 판단임을 감안할 필요가 있다.",고용지원 · 직업훈련 / 산업동향 · 기업지원 / 산업동향,검토 대상 기능의 제안이며 특정 사업·예산의 선정이 아니다. 지원 여부는 담당자의 현장 확인 뒤에 기존 체계에서 결정한다.
음식료,2022Q1,관찰,고용 축 진입신호 없음,S1,1.0,1.9471488178025127,3.9010176177881375,14.0,733.0,1158.86,0.6249254011287875,0.0,0.0,0.0,0.0,True,False,False,False,미충원·숙련수요·증가의 지속가능성을 확인한다.,고용·훈련 기능,6.0,9.0,4.0,2.0,50.0,12.5,95.90321823,-2.1238308016779284,-2.081019420000004,monthly_simple_mean_approx,,733.0,6.0,False,메인 트랙,"4개 → 6개 (+2개, +50.0%)",,0,0,0,0,0,3.9010176177881375,A,대분류 직접 대응,1,음식료품,-1.6384110059726176,-1.6384110059726176,True,-1.6384110059726176,False,False,True,,,,0.2392876066111826,비교자료 없음,,,,,비교자료 없음,,,False,KICOX 산단 고용과 고용보험 피보험자는 모집단이 다르다(산단 입주 사업체 vs 창원시 전역 사업장). 수준·점유율 비교 금지.,,,,,,,,,,,,,,,,3.0,0.0,2.751462442408248,5.24877545759217,3,,,,,,no_data,0,False,,no_mapped_chapter,해당 업종에 귀속 근거가 있는 HS 류가 없다,,,,창원시 전역 통관 · 연도창을 모두 확보한 HS6 합계(업종 수출 총액 아님),202201,114014.0,0.9134198367881652,3011.0,-16.011157601115755,2975.0,-8.630221130221127,36.0,592.0,True,False,True,False,창원시 전역 제조업 총계 · 반기 · 표본조사. 업종별 값이 아니며 입직-이직을 KICOX 고용 증감과 같다고 보지 않는다.,1539588752,0.44650552923919395,5842,0.6720661726693056,True,False,False,True,창원시 전역 제조업 총계 전력사용량 · 월→분기 합계. 업종별 값이 아니며 가동률과 개념·모집단이 다르다.,75.0,91.0,86.67,90.67,82.67,76.34,A,2.0,True,True,True,경상남도 제조업 총계(업종 공통 배경),전국 업종별 심리지수. 창원국가산단 개별 업종의 신호가 아니라 같은 업종의 전국 분위기다.,,False,False,False,,False,PPI 조정 생산,0,해석 보류,해석 보류,,False,False,False,False,False,True,True,False,True,False,,False,False,False,3,명목·PPI 조정 생산 방향 불일치 · 소규모 분모 — 비율 변동 과대 가능 · 월별 원자료 미제공 구간,가중치 근거가 없어 신뢰도 점수를 만들지 않는다. 플래그를 그대로 읽는다.,,"명목생산과 PPI 조정 생산의 방향이 달라, 이 분기의 생산 변화가 가격 때문인지 물량 때문인지 확인할 필요가 있다.
업체수·고용 규모가 작아 비율 변동이 크게 나타난다. 절대 증감 개수로 다시 확인할 필요가 있다.
이 분기는 월별 원자료가 공표되지 않아 분기 내 지속 여부를 확인할 수 없다. 분기말 단일시점 값에만 의존한 판단임을 감안할 필요가 있다.","창원시 제조업 전체에서 입직자 감소가 함께 관측되므로, 고용 감소가 신규 채용 둔화와 함께 나타나는지 확인할 필요가 있다.
가동률과 전력사용의 방향이 달라 업종 구성·설비 특성·자료범위(산단 vs 시 전체) 차이를 추가 확인할 필요가 있다.
경남 제조업 업황 심리지수가 기준선(100)을 밑돌아, 업종 고유 요인인지 지역 전반의 경기 흐름인지 구분해 확인할 필요가 있다.
같은 업종의 전국 업황 심리지수도 기준선을 밑돌아, 관측된 변화가 산단 고유 현상인지 전국 업종 흐름인지 확인할 필요가 있다.","창원시 제조업 전체에서 입직자 감소가 함께 관측되므로, 고용 감소가 신규 채용 둔화와 함께 나타나는지 확인할 필요가 있다.
가동률과 전력사용의 방향이 달라 업종 구성·설비 특성·자료범위(산단 vs 시 전체) 차이를 추가 확인할 필요가 있다.
경남 제조업 업황 심리지수가 기준선(100)을 밑돌아, 업종 고유 요인인지 지역 전반의 경기 흐름인지 구분해 확인할 필요가 있다.
같은 업종의 전국 업황 심리지수도 기준선을 밑돌아, 관측된 변화가 산단 고유 현상인지 전국 업종 흐름인지 확인할 필요가 있다.
명목생산과 PPI 조정 생산의 방향이 달라, 이 분기의 생산 변화가 가격 때문인지 물량 때문인지 확인할 필요가 있다.
업체수·고용 규모가 작아 비율 변동이 크게 나타난다. 절대 증감 개수로 다시 확인할 필요가 있다.
이 분기는 월별 원자료가 공표되지 않아 분기 내 지속 여부를 확인할 수 없다. 분기말 단일시점 값에만 의존한 판단임을 감안할 필요가 있다.",고용지원 · 직업훈련 / 산업동향,검토 대상 기능의 제안이며 특정 사업·예산의 선정이 아니다. 지원 여부는 담당자의 현장 확인 뒤에 기존 체계에서 결정한다.
전기전자,2022Q1,관찰,고용 축 진입신호 없음,S1,1.0,11.377464103188116,25.655306065332702,2805.0,27459.0,31403.87944,23.41040462427745,0.0,0.0,0.0,0.0,True,False,False,False,미충원·숙련수요·증가의 지속가능성을 확인한다.,고용·훈련 기능,538.0,567.0,527.0,11.0,2.0872865275142205,1.4311270125223707,87.793593,13.070720966528548,10.14874184,monthly_simple_mean_approx,,27459.0,538.0,False,메인 트랙,"527개 → 538개 (+11개, +2.1%)",,0,0,0,0,0,25.655306065332702,C,복수 후보만 존재 — 가중치 근거 없음. 밴드로만 해석,2,전기장비|컴퓨터전자및광학기기,16.646000571399888,24.54781074100827,True,,True,,,False,False,,0.2392876066111826,비교자료 없음,,,,,비교자료 없음,,,False,KICOX 산단 고용과 고용보험 피보험자는 모집단이 다르다(산단 입주 사업체 vs 창원시 전역 사업장). 수준·점유율 비교 금지.,,,,,,,,,,,,,,,,3.0,0.0,23.176280691953988,29.13257987284703,3,481476.0,12.343463804468291,14.772593857818617,233.0,B,mapped_chapters_only,0,True,False,usable,,296.0,272.0,0.0,창원시 전역 통관 · 연도창을 모두 확보한 HS6 합계(업종 수출 총액 아님),202201,114014.0,0.9134198367881652,3011.0,-16.011157601115755,2975.0,-8.630221130221127,36.0,592.0,True,False,True,False,창원시 전역 제조업 총계 · 반기 · 표본조사. 업종별 값이 아니며 입직-이직을 KICOX 고용 증감과 같다고 보지 않는다.,1539588752,0.44650552923919395,5842,0.6720661726693056,True,False,False,False,창원시 전역 제조업 총계 전력사용량 · 월→분기 합계. 업종별 값이 아니며 가동률과 개념·모집단이 다르다.,75.0,91.0,86.67,90.67,82.67,95.34,A,2.0,True,True,True,경상남도 제조업 총계(업종 공통 배경),전국 업종별 심리지수. 창원국가산단 개별 업종의 신호가 아니라 같은 업종의 전국 분위기다.,False,False,False,,후보 모두 위축 아님,False,명목 생산만(가격효과 미조정),0,해석 보류,해석 보류,,True,False,False,False,False,True,False,True,False,False,,False,False,False,2,PPI 매핑 불확실(C·D 등급) · 월별 원자료 미제공 구간,가중치 근거가 없어 신뢰도 점수를 만들지 않는다. 플래그를 그대로 읽는다.,,"이 업종은 생산자물가지수 대응 후보가 복수이거나 없어, PPI 조정 생산을 단일값으로 해석하지 않고 원자료로 확인할 필요가 있다.
이 분기는 월별 원자료가 공표되지 않아 분기 내 지속 여부를 확인할 수 없다. 분기말 단일시점 값에만 의존한 판단임을 감안할 필요가 있다.","창원시 제조업 전체에서 입직자 감소가 함께 관측되므로, 고용 감소가 신규 채용 둔화와 함께 나타나는지 확인할 필요가 있다.
경남 제조업 업황 심리지수가 기준선(100)을 밑돌아, 업종 고유 요인인지 지역 전반의 경기 흐름인지 구분해 확인할 필요가 있다.
같은 업종의 전국 업황 심리지수도 기준선을 밑돌아, 관측된 변화가 산단 고유 현상인지 전국 업종 흐름인지 확인할 필요가 있다.","창원시 제조업 전체에서 입직자 감소가 함께 관측되므로, 고용 감소가 신규 채용 둔화와 함께 나타나는지 확인할 필요가 있다.
경남 제조업 업황 심리지수가 기준선(100)을 밑돌아, 업종 고유 요인인지 지역 전반의 경기 흐름인지 구분해 확인할 필요가 있다.
같은 업종의 전국 업황 심리지수도 기준선을 밑돌아, 관측된 변화가 산단 고유 현상인지 전국 업종 흐름인지 확인할 필요가 있다.
이 업종은 생산자물가지수 대응 후보가 복수이거나 없어, PPI 조정 생산을 단일값으로 해석하지 않고 원자료로 확인할 필요가 있다.
이 분기는 월별 원자료가 공표되지 않아 분기 내 지속 여부를 확인할 수 없다. 분기말 단일시점 값에만 의존한 판단임을 감안할 필요가 있다.",고용지원 · 직업훈련 / 산업동향,검토 대상 기능의 제안이며 특정 사업·예산의 선정이 아니다. 지원 여부는 담당자의 현장 확인 뒤에 기존 체계에서 결정한다.
철강,2022Q1,관찰,고용 축 진입신호 없음,S1,1.0,1.286686516376001,32.270527263022885,121.0,9525.0,18189.790001,8.120619980561665,0.0,0.0,0.0,0.0,True,False,False,False,미충원·숙련수요·증가의 지속가능성을 확인한다.,고용·훈련 기능,75.0,79.0,73.0,2.0,2.7397260273972712,3.9473684210526327,85.41205661,7.607651194190912,6.038465919999993,monthly_simple_mean_approx,,9525.0,75.0,False,메인 트랙,"73개 → 75개 (+2개, +2.7%)",,0,0,0,0,0,32.270527263022885,B,상위 범주가 넓어 범위 과대·과소 가능,1,철강1차제품,-2.7571618303738443,-2.7571618303738443,True,-2.7571618303738443,False,False,True,,,,0.2392876066111826,비교자료 없음,,,,,비교자료 없음,,,False,KICOX 산단 고용과 고용보험 피보험자는 모집단이 다르다(산단 입주 사업체 vs 창원시 전역 사업장). 수준·점유율 비교 금지.,,,,,,,,,,,,,,,,3.0,0.0,27.389021536962034,35.02910045292449,3,313028.0,31.37753603115845,65.49838658749778,197.0,A,mapped_chapters_only,0,True,False,usable,,291.0,237.0,0.0,창원시 전역 통관 · 연도창을 모두 확보한 HS6 합계(업종 수출 총액 아님),202201,114014.0,0.9134198367881652,3011.0,-16.011157601115755,2975.0,-8.630221130221127,36.0,592.0,True,False,True,False,창원시 전역 제조업 총계 · 반기 · 표본조사. 업종별 값이 아니며 입직-이직을 KICOX 고용 증감과 같다고 보지 않는다.,1539588752,0.44650552923919395,5842,0.6720661726693056,True,False,False,False,창원시 전역 제조업 총계 전력사용량 · 월→분기 합계. 업종별 값이 아니며 가동률과 개념·모집단이 다르다.,75.0,91.0,86.67,90.67,82.67,98.67,B,1.0,True,True,True,경상남도 제조업 총계(업종 공통 배경),전국 업종별 심리지수. 창원국가산단 개별 업종의 신호가 아니라 같은 업종의 전국 분위기다.,False,False,False,False,,False,PPI 조정 생산,0,해석 보류,해석 보류,,False,False,False,False,False,True,True,False,False,False,,False,False,False,2,명목·PPI 조정 생산 방향 불일치 · 월별 원자료 미제공 구간,가중치 근거가 없어 신뢰도 점수를 만들지 않는다. 플래그를 그대로 읽는다.,,"명목생산과 PPI 조정 생산의 방향이 달라, 이 분기의 생산 변화가 가격 때문인지 물량 때문인지 확인할 필요가 있다.
이 분기는 월별 원자료가 공표되지 않아 분기 내 지속 여부를 확인할 수 없다. 분기말 단일시점 값에만 의존한 판단임을 감안할 필요가 있다.","창원시 제조업 전체에서 입직자 감소가 함께 관측되므로, 고용 감소가 신규 채용 둔화와 함께 나타나는지 확인할 필요가 있다.
경남 제조업 업황 심리지수가 기준선(100)을 밑돌아, 업종 고유 요인인지 지역 전반의 경기 흐름인지 구분해 확인할 필요가 있다.
같은 업종의 전국 업황 심리지수도 기준선을 밑돌아, 관측된 변화가 산단 고유 현상인지 전국 업종 흐름인지 확인할 필요가 있다.","창원시 제조업 전체에서 입직자 감소가 함께 관측되므로, 고용 감소가 신규 채용 둔화와 함께 나타나는지 확인할 필요가 있다.
경남 제조업 업황 심리지수가 기준선(100)을 밑돌아, 업종 고유 요인인지 지역 전반의 경기 흐름인지 구분해 확인할 필요가 있다.
같은 업종의 전국 업황 심리지수도 기준선을 밑돌아, 관측된 변화가 산단 고유 현상인지 전국 업종 흐름인지 확인할 필요가 있다.
명목생산과 PPI 조정 생산의 방향이 달라, 이 분기의 생산 변화가 가격 때문인지 물량 때문인지 확인할 필요가 있다.
이 분기는 월별 원자료가 공표되지 않아 분기 내 지속 여부를 확인할 수 없다. 분기말 단일시점 값에만 의존한 판단임을 감안할 필요가 있다.",고용지원 · 직업훈련 / 산업동향,검토 대상 기능의 제안이며 특정 사업·예산의 선정이 아니다. 지원 여부는 담당자의 현장 확인 뒤에 기존 체계에서 결정한다.
기계,2022Q2,우선점검,산단 제조업 고용의 2.16% 감소(상위경계 2.0% 통과) → 보강: 직전 분기에도 진입신호(지속),S2,2.0,-3.9009393152885874,7.70877717312255,-2525.0,62203.0,46598.71267,53.23411611666439,3.9009393152885874,3.841068294573213,2.1609270162946737,0.0,True,True,False,False,"자동화·설비투자, 외주·도급 전환, 미충원·숙련 불일치, 직무구조 변화 가능성을 질문으로 확인한다(원인 후보이며 입증된 원인이 아님).",고용·훈련 기능 + 기업지원 기능,1457.0,1522.0,1461.0,-4.0,-0.2737850787132068,-0.457815565729236,80.90615908,2.9059640024615696,2.28471098,monthly_simple_mean_approx,,62203.0,1457.0,False,메인 트랙,"1,461개 → 1,457개 (-4개, -0.3%)",,0,0,0,0,0,7.70877717312255,A,대분류 직접 대응,1,기계및장비,1.9932711072836007,1.9932711072836007,True,1.9932711072836007,False,True,True,,,,-0.059871020715374,비교자료 없음,,기계·장비,29493.0,,비교자료 없음,,B,False,KICOX 산단 고용과 고용보험 피보험자는 모집단이 다르다(산단 입주 사업체 vs 창원시 전역 사업장). 수준·점유율 비교 금지.,,,,,,,,,,,,,,,,3.0,0.0,7.095265600144618,8.478999631028428,3,2638961.0,-4.166442724894437,1.8344920141041943,304.0,B,mapped_chapters_only,0,True,False,usable,,538.0,439.0,0.0,창원시 전역 통관 · 연도창을 모두 확보한 HS6 합계(업종 수출 총액 아님),202201,114014.0,0.9134198367881652,3011.0,-16.011157601115755,2975.0,-8.630221130221127,36.0,592.0,True,False,True,False,창원시 전역 제조업 총계 · 반기 · 표본조사. 업종별 값이 아니며 입직-이직을 KICOX 고용 증감과 같다고 보지 않는다.,1544695418,-0.2801305158852574,5870,0.3247308152452666,True,False,False,True,창원시 전역 제조업 총계 전력사용량 · 월→분기 합계. 업종별 값이 아니며 가동률과 개념·모집단이 다르다.,74.33,92.33,89.67,90.33,74.67,79.34,C,2.0,True,True,True,경상남도 제조업 총계(업종 공통 배경),전국 업종별 심리지수. 창원국가산단 개별 업종의 신호가 아니라 같은 업종의 전국 분위기다.,False,False,False,False,,True,PPI 조정 생산,1,생산유지·고용감소 신호,생산유지·고용감소 신호,,False,False,False,False,False,True,False,False,False,False,,False,False,False,1,월별 원자료 미제공 구간,가중치 근거가 없어 신뢰도 점수를 만들지 않는다. 플래그를 그대로 읽는다.,생산이 유지되는데 고용이 감소하고 있어 자동화·생산성 변화·미충원·외주화·인력구조 조정 여부를 확인할 필요가 있다.,이 분기는 월별 원자료가 공표되지 않아 분기 내 지속 여부를 확인할 수 없다. 분기말 단일시점 값에만 의존한 판단임을 감안할 필요가 있다.,"창원시 제조업 전체에서 입직자 감소가 함께 관측되므로, 고용 감소가 신규 채용 둔화와 함께 나타나는지 확인할 필요가 있다.
가동률과 전력사용의 방향이 달라 업종 구성·설비 특성·자료범위(산단 vs 시 전체) 차이를 추가 확인할 필요가 있다.
경남 제조업 업황 심리지수가 기준선(100)을 밑돌아, 업종 고유 요인인지 지역 전반의 경기 흐름인지 구분해 확인할 필요가 있다.
같은 업종의 전국 업황 심리지수도 기준선을 밑돌아, 관측된 변화가 산단 고유 현상인지 전국 업종 흐름인지 확인할 필요가 있다.","생산이 유지되는데 고용이 감소하고 있어 자동화·생산성 변화·미충원·외주화·인력구조 조정 여부를 확인할 필요가 있다.
창원시 제조업 전체에서 입직자 감소가 함께 관측되므로, 고용 감소가 신규 채용 둔화와 함께 나타나는지 확인할 필요가 있다.
가동률과 전력사용의 방향이 달라 업종 구성·설비 특성·자료범위(산단 vs 시 전체) 차이를 추가 확인할 필요가 있다.
경남 제조업 업황 심리지수가 기준선(100)을 밑돌아, 업종 고유 요인인지 지역 전반의 경기 흐름인지 구분해 확인할 필요가 있다.
같은 업종의 전국 업황 심리지수도 기준선을 밑돌아, 관측된 변화가 산단 고유 현상인지 전국 업종 흐름인지 확인할 필요가 있다.
이 분기는 월별 원자료가 공표되지 않아 분기 내 지속 여부를 확인할 수 없다. 분기말 단일시점 값에만 의존한 판단임을 감안할 필요가 있다.",고용지원 · 직업훈련 / 산업동향,검토 대상 기능의 제안이며 특정 사업·예산의 선정이 아니다. 지원 여부는 담당자의 현장 확인 뒤에 기존 체계에서 결정한다.
기타,2022Q2,관찰,고용 축 진입신호 없음 (생산 20.4% 단독 감소 — 확인질문에 반영),S4,2.0,-1.5228426395939132,-20.41127034589721,-3.0,194.0,130.69000001,0.1660276598658085,1.5228426395939132,1.462971618878539,0.0025674380391619,20.41127034589721,False,False,False,False,수주잔량·가동률·휴업/감산·기업 수 변동·고용조정 계획 신고 여부를 확인한다(원인 후보이며 입증된 원인이 아님).,기업지원 기능 + 고용지원 기능,24.0,25.0,27.0,-3.0,-11.111111111111116,-7.4074074074074066,78.53378616,10.605944024713288,7.530562190000012,monthly_simple_mean_approx,,194.0,24.0,True,소규모 집계 트랙,"27개 → 24개 (-3개, -11.1%)","소규모 집계 트랙은 업종을 배제하는 장치가 아니라, 분모가 작아 비율 변동이 커지는 집계군을 별도 방식으로 읽기 위한 표시다.",0,0,0,0,0,-20.41127034589721,D,대응 항목 없음 — 조정 생산 산출 불가,0,,,,True,,False,,,,,,-0.059871020715374,비교자료 없음,,,,,비교자료 없음,,,False,KICOX 산단 고용과 고용보험 피보험자는 모집단이 다르다(산단 입주 사업체 vs 창원시 전역 사업장). 수준·점유율 비교 금지.,,,,,,,,,,,,,,,,3.0,3.0,-33.13340227336434,-10.443376061698729,3,,,,,,no_data,0,False,,no_mapped_chapter,해당 업종에 귀속 근거가 있는 HS 류가 없다,,,,창원시 전역 통관 · 연도창을 모두 확보한 HS6 합계(업종 수출 총액 아님),202201,114014.0,0.9134198367881652,3011.0,-16.011157601115755,2975.0,-8.630221130221127,36.0,592.0,True,False,True,False,창원시 전역 제조업 총계 · 반기 · 표본조사. 업종별 값이 아니며 입직-이직을 KICOX 고용 증감과 같다고 보지 않는다.,1544695418,-0.2801305158852574,5870,0.3247308152452666,True,False,False,True,창원시 전역 제조업 총계 전력사용량 · 월→분기 합계. 업종별 값이 아니며 가동률과 개념·모집단이 다르다.,74.33,92.33,89.67,90.33,74.67,,,,True,,True,경상남도 제조업 총계(업종 공통 배경),전국 업종별 심리지수. 창원국가산단 개별 업종의 신호가 아니라 같은 업종의 전국 분위기다.,,True,False,,,False,명목 생산만(가격효과 미조정),1,업체수 감소 신호,업체수 감소 신호,,True,False,False,False,False,True,False,True,True,False,,False,False,False,3,PPI 매핑 불확실(C·D 등급) · 소규모 분모 — 비율 변동 과대 가능 · 월별 원자료 미제공 구간,가중치 근거가 없어 신뢰도 점수를 만들지 않는다. 플래그를 그대로 읽는다.,"가동업체 감소가 실제 퇴거·폐업·통합·휴업에 따른 것인지, 아니면 조사대상 변동이나 집계기준 변경에 따른 것인지 확인할 필요가 있다.","이 업종은 생산자물가지수 대응 후보가 복수이거나 없어, PPI 조정 생산을 단일값으로 해석하지 않고 원자료로 확인할 필요가 있다.
업체수·고용 규모가 작아 비율 변동이 크게 나타난다. 절대 증감 개수로 다시 확인할 필요가 있다.
이 분기는 월별 원자료가 공표되지 않아 분기 내 지속 여부를 확인할 수 없다. 분기말 단일시점 값에만 의존한 판단임을 감안할 필요가 있다.","창원시 제조업 전체에서 입직자 감소가 함께 관측되므로, 고용 감소가 신규 채용 둔화와 함께 나타나는지 확인할 필요가 있다.
가동률과 전력사용의 방향이 달라 업종 구성·설비 특성·자료범위(산단 vs 시 전체) 차이를 추가 확인할 필요가 있다.
경남 제조업 업황 심리지수가 기준선(100)을 밑돌아, 업종 고유 요인인지 지역 전반의 경기 흐름인지 구분해 확인할 필요가 있다.","가동업체 감소가 실제 퇴거·폐업·통합·휴업에 따른 것인지, 아니면 조사대상 변동이나 집계기준 변경에 따른 것인지 확인할 필요가 있다.
창원시 제조업 전체에서 입직자 감소가 함께 관측되므로, 고용 감소가 신규 채용 둔화와 함께 나타나는지 확인할 필요가 있다.
가동률과 전력사용의 방향이 달라 업종 구성·설비 특성·자료범위(산단 vs 시 전체) 차이를 추가 확인할 필요가 있다.
경남 제조업 업황 심리지수가 기준선(100)을 밑돌아, 업종 고유 요인인지 지역 전반의 경기 흐름인지 구분해 확인할 필요가 있다.
이 업종은 생산자물가지수 대응 후보가 복수이거나 없어, PPI 조정 생산을 단일값으로 해석하지 않고 원자료로 확인할 필요가 있다.
업체수·고용 규모가 작아 비율 변동이 크게 나타난다. 절대 증감 개수로 다시 확인할 필요가 있다.
이 분기는 월별 원자료가 공표되지 않아 분기 내 지속 여부를 확인할 수 없다. 분기말 단일시점 값에만 의존한 판단임을 감안할 필요가 있다.",산업동향 · 기업지원 / 고용지원 · 직업훈련 / 산업동향,검토 대상 기능의 제안이며 특정 사업·예산의 선정이 아니다. 지원 여부는 담당자의 현장 확인 뒤에 기존 체계에서 결정한다.
목재종이,2022Q2,관찰,고용 축 진입신호 없음,S1,2.0,1.1363636363636465,14.229695034439294,3.0,267.0,134.97,0.2285019854854169,0.0,0.0,0.0,0.0,False,False,False,False,미충원·숙련수요·증가의 지속가능성을 확인한다.,고용·훈련 기능,40.0,43.0,36.0,4.0,11.111111111111116,0.0,88.38133069,7.767396313258046,6.370134620000002,monthly_simple_mean_approx,,267.0,40.0,True,소규모 집계 트랙,"36개 → 40개 (+4개, +11.1%)","소규모 집계 트랙은 업종을 배제하는 장치가 아니라, 분모가 작아 비율 변동이 커지는 집계군을 별도 방식으로 읽기 위한 표시다.",0,0,0,0,0,14.229695034439294,A,대분류 직접 대응,1,목재및종이제품,4.256642255085574,4.256642255085574,True,4.256642255085574,False,True,True,,,,-0.059871020715374,비교자료 없음,,,,,비교자료 없음,,,False,KICOX 산단 고용과 고용보험 피보험자는 모집단이 다르다(산단 입주 사업체 vs 창원시 전역 사업장). 수준·점유율 비교 금지.,,,,,,,,,,,,,,,,3.0,0.0,11.129609598862022,16.650775754819215,3,,,,,,no_data,0,False,,no_mapped_chapter,해당 업종에 귀속 근거가 있는 HS 류가 없다,,,,창원시 전역 통관 · 연도창을 모두 확보한 HS6 합계(업종 수출 총액 아님),202201,114014.0,0.9134198367881652,3011.0,-16.011157601115755,2975.0,-8.630221130221127,36.0,592.0,True,False,True,False,창원시 전역 제조업 총계 · 반기 · 표본조사. 업종별 값이 아니며 입직-이직을 KICOX 고용 증감과 같다고 보지 않는다.,1544695418,-0.2801305158852574,5870,0.3247308152452666,True,False,False,True,창원시 전역 제조업 총계 전력사용량 · 월→분기 합계. 업종별 값이 아니며 가동률과 개념·모집단이 다르다.,74.33,92.33,89.67,90.33,74.67,67.16,A,2.0,True,True,True,경상남도 제조업 총계(업종 공통 배경),전국 업종별 심리지수. 창원국가산단 개별 업종의 신호가 아니라 같은 업종의 전국 분위기다.,,False,False,False,,False,PPI 조정 생산,0,해석 보류,해석 보류,,False,False,False,False,False,True,False,False,True,False,,False,False,False,2,소규모 분모 — 비율 변동 과대 가능 · 월별 원자료 미제공 구간,가중치 근거가 없어 신뢰도 점수를 만들지 않는다. 플래그를 그대로 읽는다.,,"업체수·고용 규모가 작아 비율 변동이 크게 나타난다. 절대 증감 개수로 다시 확인할 필요가 있다.
이 분기는 월별 원자료가 공표되지 않아 분기 내 지속 여부를 확인할 수 없다. 분기말 단일시점 값에만 의존한 판단임을 감안할 필요가 있다.","창원시 제조업 전체에서 입직자 감소가 함께 관측되므로, 고용 감소가 신규 채용 둔화와 함께 나타나는지 확인할 필요가 있다.
가동률과 전력사용의 방향이 달라 업종 구성·설비 특성·자료범위(산단 vs 시 전체) 차이를 추가 확인할 필요가 있다.
경남 제조업 업황 심리지수가 기준선(100)을 밑돌아, 업종 고유 요인인지 지역 전반의 경기 흐름인지 구분해 확인할 필요가 있다.
같은 업종의 전국 업황 심리지수도 기준선을 밑돌아, 관측된 변화가 산단 고유 현상인지 전국 업종 흐름인지 확인할 필요가 있다.","창원시 제조업 전체에서 입직자 감소가 함께 관측되므로, 고용 감소가 신규 채용 둔화와 함께 나타나는지 확인할 필요가 있다.
가동률과 전력사용의 방향이 달라 업종 구성·설비 특성·자료범위(산단 vs 시 전체) 차이를 추가 확인할 필요가 있다.
경남 제조업 업황 심리지수가 기준선(100)을 밑돌아, 업종 고유 요인인지 지역 전반의 경기 흐름인지 구분해 확인할 필요가 있다.
같은 업종의 전국 업황 심리지수도 기준선을 밑돌아, 관측된 변화가 산단 고유 현상인지 전국 업종 흐름인지 확인할 필요가 있다.
업체수·고용 규모가 작아 비율 변동이 크게 나타난다. 절대 증감 개수로 다시 확인할 필요가 있다.
이 분기는 월별 원자료가 공표되지 않아 분기 내 지속 여부를 확인할 수 없다. 분기말 단일시점 값에만 의존한 판단임을 감안할 필요가 있다.",고용지원 · 직업훈련 / 산업동향,검토 대상 기능의 제안이며 특정 사업·예산의 선정이 아니다. 지원 여부는 담당자의 현장 확인 뒤에 기존 체계에서 결정한다.
비금속,2022Q2,관찰,고용 축 진입신호 없음,S2,2.0,-2.9962546816479363,5.278299896428695,-8.0,259.0,137.225,0.2216554840476516,2.9962546816479363,2.936383660932562,0.0068465014377653,0.0,False,False,False,False,"자동화·설비투자, 외주·도급 전환, 미충원·숙련 불일치, 직무구조 변화 가능성을 질문으로 확인한다(원인 후보이며 입증된 원인이 아님).",고용·훈련 기능 + 기업지원 기능,5.0,5.0,5.0,0.0,0.0,0.0,41.9707846,38.12484730303027,11.584662610000002,monthly_simple_mean_approx,,259.0,5.0,True,소규모 집계 트랙,"5개 → 5개 (+0개, +0.0%)","소규모 집계 트랙은 업종을 배제하는 장치가 아니라, 분모가 작아 비율 변동이 커지는 집계군을 별도 방식으로 읽기 위한 표시다.",0,0,0,0,0,5.278299896428695,A,대분류 직접 대응,1,비금속광물제품,-6.4139341942358925,-6.4139341942358925,True,-6.4139341942358925,False,False,False,,,,-0.059871020715374,비교자료 없음,,,,,비교자료 없음,,,False,KICOX 산단 고용과 고용보험 피보험자는 모집단이 다르다(산단 입주 사업체 vs 창원시 전역 사업장). 수준·점유율 비교 금지.,,,,,,,,,,,,,,,,3.0,1.0,-12.987277353689574,30.07778738115816,3,,,,,,no_data,0,False,,no_mapped_chapter,해당 업종에 귀속 근거가 있는 HS 류가 없다,,,,창원시 전역 통관 · 연도창을 모두 확보한 HS6 합계(업종 수출 총액 아님),202201,114014.0,0.9134198367881652,3011.0,-16.011157601115755,2975.0,-8.630221130221127,36.0,592.0,True,False,True,False,창원시 전역 제조업 총계 · 반기 · 표본조사. 업종별 값이 아니며 입직-이직을 KICOX 고용 증감과 같다고 보지 않는다.,1544695418,-0.2801305158852574,5870,0.3247308152452666,True,False,False,True,창원시 전역 제조업 총계 전력사용량 · 월→분기 합계. 업종별 값이 아니며 가동률과 개념·모집단이 다르다.,74.33,92.33,89.67,90.33,74.67,79.67,A,1.0,True,True,True,경상남도 제조업 총계(업종 공통 배경),전국 업종별 심리지수. 창원국가산단 개별 업종의 신호가 아니라 같은 업종의 전국 분위기다.,,False,False,True,,False,PPI 조정 생산,1,실질생산 위축 신호(PPI 조정),실질생산 위축 신호(PPI 조정),,False,False,False,False,False,True,True,False,True,False,,False,False,False,3,명목·PPI 조정 생산 방향 불일치 · 소규모 분모 — 비율 변동 과대 가능 · 월별 원자료 미제공 구간,가중치 근거가 없어 신뢰도 점수를 만들지 않는다. 플래그를 그대로 읽는다.,명목생산 변화에 가격효과가 포함되어 있으므로 실제 물량이 줄었는지 추가로 확인할 필요가 있다.,"명목생산과 PPI 조정 생산의 방향이 달라, 이 분기의 생산 변화가 가격 때문인지 물량 때문인지 확인할 필요가 있다.
업체수·고용 규모가 작아 비율 변동이 크게 나타난다. 절대 증감 개수로 다시 확인할 필요가 있다.
이 분기는 월별 원자료가 공표되지 않아 분기 내 지속 여부를 확인할 수 없다. 분기말 단일시점 값에만 의존한 판단임을 감안할 필요가 있다.","창원시 제조업 전체에서 입직자 감소가 함께 관측되므로, 고용 감소가 신규 채용 둔화와 함께 나타나는지 확인할 필요가 있다.
가동률과 전력사용의 방향이 달라 업종 구성·설비 특성·자료범위(산단 vs 시 전체) 차이를 추가 확인할 필요가 있다.
경남 제조업 업황 심리지수가 기준선(100)을 밑돌아, 업종 고유 요인인지 지역 전반의 경기 흐름인지 구분해 확인할 필요가 있다.
같은 업종의 전국 업황 심리지수도 기준선을 밑돌아, 관측된 변화가 산단 고유 현상인지 전국 업종 흐름인지 확인할 필요가 있다.","명목생산 변화에 가격효과가 포함되어 있으므로 실제 물량이 줄었는지 추가로 확인할 필요가 있다.
창원시 제조업 전체에서 입직자 감소가 함께 관측되므로, 고용 감소가 신규 채용 둔화와 함께 나타나는지 확인할 필요가 있다.
가동률과 전력사용의 방향이 달라 업종 구성·설비 특성·자료범위(산단 vs 시 전체) 차이를 추가 확인할 필요가 있다.
경남 제조업 업황 심리지수가 기준선(100)을 밑돌아, 업종 고유 요인인지 지역 전반의 경기 흐름인지 구분해 확인할 필요가 있다.
같은 업종의 전국 업황 심리지수도 기준선을 밑돌아, 관측된 변화가 산단 고유 현상인지 전국 업종 흐름인지 확인할 필요가 있다.
명목생산과 PPI 조정 생산의 방향이 달라, 이 분기의 생산 변화가 가격 때문인지 물량 때문인지 확인할 필요가 있다.
업체수·고용 규모가 작아 비율 변동이 크게 나타난다. 절대 증감 개수로 다시 확인할 필요가 있다.
이 분기는 월별 원자료가 공표되지 않아 분기 내 지속 여부를 확인할 수 없다. 분기말 단일시점 값에만 의존한 판단임을 감안할 필요가 있다.",산업동향 / 고용지원 · 직업훈련,검토 대상 기능의 제안이며 특정 사업·예산의 선정이 아니다. 지원 여부는 담당자의 현장 확인 뒤에 기존 체계에서 결정한다.
석유화학,2022Q2,관찰,고용 축 진입신호 없음,S1,2.0,2.9940119760478945,33.09172156190328,15.0,516.0,683.0533334,0.441599342735862,0.0,0.0,0.0,0.0,True,False,False,False,미충원·숙련수요·증가의 지속가능성을 확인한다.,고용·훈련 기능,39.0,40.0,38.0,1.0,2.6315789473684292,0.0,81.79766405,-7.223117146722712,-6.368333270000008,monthly_simple_mean_approx,,516.0,39.0,False,메인 트랙,"38개 → 39개 (+1개, +2.6%)",,0,0,0,0,0,33.09172156190328,C,복수 후보만 존재 — 가중치 근거 없음. 밴드로만 해석,2,석탄및석유제품|화학제품,-26.869563978834577,15.413781160215013,True,,True,,,True,True,,-0.059871020715374,비교자료 없음,,,,,비교자료 없음,,,False,KICOX 산단 고용과 고용보험 피보험자는 모집단이 다르다(산단 입주 사업체 vs 창원시 전역 사업장). 수준·점유율 비교 금지.,,,,,,,,,,,,,,,,3.0,0.0,19.766238509770506,41.17929885208365,3,,,,,,no_data,0,False,,no_mapped_chapter,해당 업종에 귀속 근거가 있는 HS 류가 없다,,,,창원시 전역 통관 · 연도창을 모두 확보한 HS6 합계(업종 수출 총액 아님),202201,114014.0,0.9134198367881652,3011.0,-16.011157601115755,2975.0,-8.630221130221127,36.0,592.0,True,False,True,False,창원시 전역 제조업 총계 · 반기 · 표본조사. 업종별 값이 아니며 입직-이직을 KICOX 고용 증감과 같다고 보지 않는다.,1544695418,-0.2801305158852574,5870,0.3247308152452666,True,False,True,False,창원시 전역 제조업 총계 전력사용량 · 월→분기 합계. 업종별 값이 아니며 가동률과 개념·모집단이 다르다.,74.33,92.33,89.67,90.33,74.67,79.89,B,3.0,True,True,True,경상남도 제조업 총계(업종 공통 배경),전국 업종별 심리지수. 창원국가산단 개별 업종의 신호가 아니라 같은 업종의 전국 분위기다.,,False,True,,후보에 따라 갈림 — 단정 보류,False,명목 생산만(가격효과 미조정),1,가동 위축 신호,가동 위축 신호,,True,False,False,False,False,True,False,True,False,False,,False,False,False,2,PPI 매핑 불확실(C·D 등급) · 월별 원자료 미제공 구간,가중치 근거가 없어 신뢰도 점수를 만들지 않는다. 플래그를 그대로 읽는다.,가동률 하락이 일시적 생산조정인지 수주·수요 감소에 따른 것인지 확인할 필요가 있다.,"이 업종은 생산자물가지수 대응 후보가 복수이거나 없어, PPI 조정 생산을 단일값으로 해석하지 않고 원자료로 확인할 필요가 있다.
이 분기는 월별 원자료가 공표되지 않아 분기 내 지속 여부를 확인할 수 없다. 분기말 단일시점 값에만 의존한 판단임을 감안할 필요가 있다.","창원시 제조업 전체에서 입직자 감소가 함께 관측되므로, 고용 감소가 신규 채용 둔화와 함께 나타나는지 확인할 필요가 있다.
가동률 하락과 창원시 제조업 전력사용 감소가 함께 나타나 실제 생산활동 위축 여부를 추가 확인할 필요가 있다. 다만 전력은 시 전체 제조업 총계이므로 이 업종의 값이 아니다.
경남 제조업 업황 심리지수가 기준선(100)을 밑돌아, 업종 고유 요인인지 지역 전반의 경기 흐름인지 구분해 확인할 필요가 있다.
같은 업종의 전국 업황 심리지수도 기준선을 밑돌아, 관측된 변화가 산단 고유 현상인지 전국 업종 흐름인지 확인할 필요가 있다.","가동률 하락이 일시적 생산조정인지 수주·수요 감소에 따른 것인지 확인할 필요가 있다.
창원시 제조업 전체에서 입직자 감소가 함께 관측되므로, 고용 감소가 신규 채용 둔화와 함께 나타나는지 확인할 필요가 있다.
가동률 하락과 창원시 제조업 전력사용 감소가 함께 나타나 실제 생산활동 위축 여부를 추가 확인할 필요가 있다. 다만 전력은 시 전체 제조업 총계이므로 이 업종의 값이 아니다.
경남 제조업 업황 심리지수가 기준선(100)을 밑돌아, 업종 고유 요인인지 지역 전반의 경기 흐름인지 구분해 확인할 필요가 있다.
같은 업종의 전국 업황 심리지수도 기준선을 밑돌아, 관측된 변화가 산단 고유 현상인지 전국 업종 흐름인지 확인할 필요가 있다.
이 업종은 생산자물가지수 대응 후보가 복수이거나 없어, PPI 조정 생산을 단일값으로 해석하지 않고 원자료로 확인할 필요가 있다.
이 분기는 월별 원자료가 공표되지 않아 분기 내 지속 여부를 확인할 수 없다. 분기말 단일시점 값에만 의존한 판단임을 감안할 필요가 있다.",산업동향 · 기업지원 / 고용지원 · 직업훈련 / 산업동향,검토 대상 기능의 제안이며 특정 사업·예산의 선정이 아니다. 지원 여부는 담당자의 현장 확인 뒤에 기존 체계에서 결정한다.
섬유의복,2022Q2,추가확인,고용감소 11.4%(상위경계 10% 통과) · 산단평균 대비 11.3%p 열위(상위경계 통과) [상위경계 통과했으나 고용 39인 < 300인으로 우선점검 제외],S2,2.0,-11.363636363636363,220.00000000000009,-5.0,39.0,2.4000000000000004,0.0333766945091058,11.363636363636363,11.303765342920991,0.0042790633986033,0.0,False,True,False,False,"자동화·설비투자, 외주·도급 전환, 미충원·숙련 불일치, 직무구조 변화 가능성을 질문으로 확인한다(원인 후보이며 입증된 원인이 아님).",고용·훈련 기능 + 기업지원 기능,8.0,9.0,11.0,-3.0,-27.27272727272727,-18.181818181818176,80.0,220.00000000000003,55.0,monthly_simple_mean_approx,,39.0,8.0,True,소규모 집계 트랙,"11개 → 8개 (-3개, -27.3%)","소규모 집계 트랙은 업종을 배제하는 장치가 아니라, 분모가 작아 비율 변동이 커지는 집계군을 별도 방식으로 읽기 위한 표시다.",0,0,0,0,0,220.00000000000009,A,대분류 직접 대응,1,섬유및의복,194.9783902057662,194.9783902057662,True,194.9783902057662,False,True,True,,,,-0.059871020715374,비교자료 없음,,,,,비교자료 없음,,,False,KICOX 산단 고용과 고용보험 피보험자는 모집단이 다르다(산단 입주 사업체 vs 창원시 전역 사업장). 수준·점유율 비교 금지.,,,,,,,,,,,,,,,,3.0,0.0,220.00000000000003,220.00000000000003,3,,,,,,no_data,0,False,,no_mapped_chapter,해당 업종에 귀속 근거가 있는 HS 류가 없다,,,,창원시 전역 통관 · 연도창을 모두 확보한 HS6 합계(업종 수출 총액 아님),202201,114014.0,0.9134198367881652,3011.0,-16.011157601115755,2975.0,-8.630221130221127,36.0,592.0,True,False,True,False,창원시 전역 제조업 총계 · 반기 · 표본조사. 업종별 값이 아니며 입직-이직을 KICOX 고용 증감과 같다고 보지 않는다.,1544695418,-0.2801305158852574,5870,0.3247308152452666,True,False,False,True,창원시 전역 제조업 총계 전력사용량 · 월→분기 합계. 업종별 값이 아니며 가동률과 개념·모집단이 다르다.,74.33,92.33,89.67,90.33,74.67,74.83,A,2.0,True,True,True,경상남도 제조업 총계(업종 공통 배경),전국 업종별 심리지수. 창원국가산단 개별 업종의 신호가 아니라 같은 업종의 전국 분위기다.,,True,False,False,,True,PPI 조정 생산,2,업체수 감소 신호 · 생산유지·고용감소 신호,업체수 감소 신호,"대표 확인신호는 표시순서에 따른 요약이며, 유일한 원인이 아니다. 확인신호 프로필 전체를 함께 읽어야 한다.",False,False,False,False,False,True,False,False,True,False,,False,False,False,2,소규모 분모 — 비율 변동 과대 가능 · 월별 원자료 미제공 구간,가중치 근거가 없어 신뢰도 점수를 만들지 않는다. 플래그를 그대로 읽는다.,"가동업체 감소가 실제 퇴거·폐업·통합·휴업에 따른 것인지, 아니면 조사대상 변동이나 집계기준 변경에 따른 것인지 확인할 필요가 있다.
생산이 유지되는데 고용이 감소하고 있어 자동화·생산성 변화·미충원·외주화·인력구조 조정 여부를 확인할 필요가 있다.","업체수·고용 규모가 작아 비율 변동이 크게 나타난다. 절대 증감 개수로 다시 확인할 필요가 있다.
이 분기는 월별 원자료가 공표되지 않아 분기 내 지속 여부를 확인할 수 없다. 분기말 단일시점 값에만 의존한 판단임을 감안할 필요가 있다.","창원시 제조업 전체에서 입직자 감소가 함께 관측되므로, 고용 감소가 신규 채용 둔화와 함께 나타나는지 확인할 필요가 있다.
가동률과 전력사용의 방향이 달라 업종 구성·설비 특성·자료범위(산단 vs 시 전체) 차이를 추가 확인할 필요가 있다.
경남 제조업 업황 심리지수가 기준선(100)을 밑돌아, 업종 고유 요인인지 지역 전반의 경기 흐름인지 구분해 확인할 필요가 있다.
같은 업종의 전국 업황 심리지수도 기준선을 밑돌아, 관측된 변화가 산단 고유 현상인지 전국 업종 흐름인지 확인할 필요가 있다.","가동업체 감소가 실제 퇴거·폐업·통합·휴업에 따른 것인지, 아니면 조사대상 변동이나 집계기준 변경에 따른 것인지 확인할 필요가 있다.
생산이 유지되는데 고용이 감소하고 있어 자동화·생산성 변화·미충원·외주화·인력구조 조정 여부를 확인할 필요가 있다.
창원시 제조업 전체에서 입직자 감소가 함께 관측되므로, 고용 감소가 신규 채용 둔화와 함께 나타나는지 확인할 필요가 있다.
가동률과 전력사용의 방향이 달라 업종 구성·설비 특성·자료범위(산단 vs 시 전체) 차이를 추가 확인할 필요가 있다.
경남 제조업 업황 심리지수가 기준선(100)을 밑돌아, 업종 고유 요인인지 지역 전반의 경기 흐름인지 구분해 확인할 필요가 있다.
같은 업종의 전국 업황 심리지수도 기준선을 밑돌아, 관측된 변화가 산단 고유 현상인지 전국 업종 흐름인지 확인할 필요가 있다.
업체수·고용 규모가 작아 비율 변동이 크게 나타난다. 절대 증감 개수로 다시 확인할 필요가 있다.
이 분기는 월별 원자료가 공표되지 않아 분기 내 지속 여부를 확인할 수 없다. 분기말 단일시점 값에만 의존한 판단임을 감안할 필요가 있다.",산업동향 · 기업지원 / 고용지원 · 직업훈련 / 산업동향,검토 대상 기능의 제안이며 특정 사업·예산의 선정이 아니다. 지원 여부는 담당자의 현장 확인 뒤에 기존 체계에서 결정한다.
운송장비,2022Q2,관찰,고용 축 진입신호 없음,S2,2.0,-2.570006222775356,6.588441837118797,-413.0,15657.0,27717.628937,13.399459126386418,2.570006222775356,2.510135202059982,0.3534506367246337,0.0,True,False,False,False,"자동화·설비투자, 외주·도급 전환, 미충원·숙련 불일치, 직무구조 변화 가능성을 질문으로 확인한다(원인 후보이며 입증된 원인이 아님).",고용·훈련 기능 + 기업지원 기능,240.0,243.0,239.0,1.0,0.4184100418409997,0.8298755186721962,90.06301838,5.132536366076179,4.396847379999997,monthly_simple_mean_approx,,15657.0,240.0,False,메인 트랙,"239개 → 240개 (+1개, +0.4%)",,0,0,0,0,0,6.588441837118797,A,대분류 직접 대응,1,운송장비,4.695991641877462,4.695991641877462,True,4.695991641877462,False,True,True,,,,-0.059871020715374,비교자료 없음,,자동차·부품,16935.0,,비교자료 없음,,C,False,KICOX 산단 고용과 고용보험 피보험자는 모집단이 다르다(산단 입주 사업체 vs 창원시 전역 사업장). 수준·점유율 비교 금지.,,,,,,,,,,,,,,,,3.0,0.0,6.33301449371122,6.80588045748598,3,603731.0,27.702135310355036,-12.34145171605201,61.0,A,mapped_chapters_only,0,True,False,usable,,123.0,81.0,0.0,창원시 전역 통관 · 연도창을 모두 확보한 HS6 합계(업종 수출 총액 아님),202201,114014.0,0.9134198367881652,3011.0,-16.011157601115755,2975.0,-8.630221130221127,36.0,592.0,True,False,True,False,창원시 전역 제조업 총계 · 반기 · 표본조사. 업종별 값이 아니며 입직-이직을 KICOX 고용 증감과 같다고 보지 않는다.,1544695418,-0.2801305158852574,5870,0.3247308152452666,True,False,False,True,창원시 전역 제조업 총계 전력사용량 · 월→분기 합계. 업종별 값이 아니며 가동률과 개념·모집단이 다르다.,74.33,92.33,89.67,90.33,74.67,75.5,A,2.0,True,True,True,경상남도 제조업 총계(업종 공통 배경),전국 업종별 심리지수. 창원국가산단 개별 업종의 신호가 아니라 같은 업종의 전국 분위기다.,True,False,False,False,,True,PPI 조정 생산,1,생산유지·고용감소 신호,생산유지·고용감소 신호,,False,False,False,False,False,True,False,False,False,False,,False,True,False,2,외부자료 업종 대응 불확실 · 월별 원자료 미제공 구간,가중치 근거가 없어 신뢰도 점수를 만들지 않는다. 플래그를 그대로 읽는다.,생산이 유지되는데 고용이 감소하고 있어 자동화·생산성 변화·미충원·외주화·인력구조 조정 여부를 확인할 필요가 있다.,"이 분기는 월별 원자료가 공표되지 않아 분기 내 지속 여부를 확인할 수 없다. 분기말 단일시점 값에만 의존한 판단임을 감안할 필요가 있다.
외부 자료의 업종 구분이 산단 10업종과 정확히 대응하지 않는다. 비교 결과를 참고로만 읽고 대응 범위를 확인할 필요가 있다.","확인된 품목 기준 수출은 유지·확대되는데 고용이 감소하고 있어 생산성·자동화·기업구성 변화 등의 가능성을 추가 확인할 필요가 있다.
창원시 제조업 전체에서 입직자 감소가 함께 관측되므로, 고용 감소가 신규 채용 둔화와 함께 나타나는지 확인할 필요가 있다.
가동률과 전력사용의 방향이 달라 업종 구성·설비 특성·자료범위(산단 vs 시 전체) 차이를 추가 확인할 필요가 있다.
경남 제조업 업황 심리지수가 기준선(100)을 밑돌아, 업종 고유 요인인지 지역 전반의 경기 흐름인지 구분해 확인할 필요가 있다.
같은 업종의 전국 업황 심리지수도 기준선을 밑돌아, 관측된 변화가 산단 고유 현상인지 전국 업종 흐름인지 확인할 필요가 있다.","생산이 유지되는데 고용이 감소하고 있어 자동화·생산성 변화·미충원·외주화·인력구조 조정 여부를 확인할 필요가 있다.
확인된 품목 기준 수출은 유지·확대되는데 고용이 감소하고 있어 생산성·자동화·기업구성 변화 등의 가능성을 추가 확인할 필요가 있다.
창원시 제조업 전체에서 입직자 감소가 함께 관측되므로, 고용 감소가 신규 채용 둔화와 함께 나타나는지 확인할 필요가 있다.
가동률과 전력사용의 방향이 달라 업종 구성·설비 특성·자료범위(산단 vs 시 전체) 차이를 추가 확인할 필요가 있다.
경남 제조업 업황 심리지수가 기준선(100)을 밑돌아, 업종 고유 요인인지 지역 전반의 경기 흐름인지 구분해 확인할 필요가 있다.
같은 업종의 전국 업황 심리지수도 기준선을 밑돌아, 관측된 변화가 산단 고유 현상인지 전국 업종 흐름인지 확인할 필요가 있다.
이 분기는 월별 원자료가 공표되지 않아 분기 내 지속 여부를 확인할 수 없다. 분기말 단일시점 값에만 의존한 판단임을 감안할 필요가 있다.
외부 자료의 업종 구분이 산단 10업종과 정확히 대응하지 않는다. 비교 결과를 참고로만 읽고 대응 범위를 확인할 필요가 있다.",고용지원 · 직업훈련 / 산업동향,검토 대상 기능의 제안이며 특정 사업·예산의 선정이 아니다. 지원 여부는 담당자의 현장 확인 뒤에 기존 체계에서 결정한다.
음식료,2022Q2,관찰,고용 축 진입신호 없음,S1,2.0,1.0139416983523386,4.56620557350389,8.0,797.0,1246.41,0.6820827057373682,0.0,0.0,0.0,0.0,True,False,False,False,미충원·숙련수요·증가의 지속가능성을 확인한다.,고용·훈련 기능,6.0,9.0,5.0,1.0,19.999999999999996,0.0,95.86259542,3.2815167831714342,3.045798760000011,monthly_simple_mean_approx,,797.0,6.0,False,메인 트랙,"5개 → 6개 (+1개, +20.0%)",,0,0,0,0,0,4.56620557350389,A,대분류 직접 대응,1,음식료품,-3.2541825940956004,-3.2541825940956004,True,-3.2541825940956004,False,False,True,,,,-0.059871020715374,비교자료 없음,,,,,비교자료 없음,,,False,KICOX 산단 고용과 고용보험 피보험자는 모집단이 다르다(산단 입주 사업체 vs 창원시 전역 사업장). 수준·점유율 비교 금지.,,,,,,,,,,,,,,,,3.0,0.0,1.2800601202404893,8.364939319910336,3,,,,,,no_data,0,False,,no_mapped_chapter,해당 업종에 귀속 근거가 있는 HS 류가 없다,,,,창원시 전역 통관 · 연도창을 모두 확보한 HS6 합계(업종 수출 총액 아님),202201,114014.0,0.9134198367881652,3011.0,-16.011157601115755,2975.0,-8.630221130221127,36.0,592.0,True,False,True,False,창원시 전역 제조업 총계 · 반기 · 표본조사. 업종별 값이 아니며 입직-이직을 KICOX 고용 증감과 같다고 보지 않는다.,1544695418,-0.2801305158852574,5870,0.3247308152452666,True,False,False,True,창원시 전역 제조업 총계 전력사용량 · 월→분기 합계. 업종별 값이 아니며 가동률과 개념·모집단이 다르다.,74.33,92.33,89.67,90.33,74.67,79.0,A,2.0,True,True,True,경상남도 제조업 총계(업종 공통 배경),전국 업종별 심리지수. 창원국가산단 개별 업종의 신호가 아니라 같은 업종의 전국 분위기다.,,False,False,False,,False,PPI 조정 생산,0,해석 보류,해석 보류,,False,False,False,False,False,True,True,False,True,False,,False,False,False,3,명목·PPI 조정 생산 방향 불일치 · 소규모 분모 — 비율 변동 과대 가능 · 월별 원자료 미제공 구간,가중치 근거가 없어 신뢰도 점수를 만들지 않는다. 플래그를 그대로 읽는다.,,"명목생산과 PPI 조정 생산의 방향이 달라, 이 분기의 생산 변화가 가격 때문인지 물량 때문인지 확인할 필요가 있다.
업체수·고용 규모가 작아 비율 변동이 크게 나타난다. 절대 증감 개수로 다시 확인할 필요가 있다.
이 분기는 월별 원자료가 공표되지 않아 분기 내 지속 여부를 확인할 수 없다. 분기말 단일시점 값에만 의존한 판단임을 감안할 필요가 있다.","창원시 제조업 전체에서 입직자 감소가 함께 관측되므로, 고용 감소가 신규 채용 둔화와 함께 나타나는지 확인할 필요가 있다.
가동률과 전력사용의 방향이 달라 업종 구성·설비 특성·자료범위(산단 vs 시 전체) 차이를 추가 확인할 필요가 있다.
경남 제조업 업황 심리지수가 기준선(100)을 밑돌아, 업종 고유 요인인지 지역 전반의 경기 흐름인지 구분해 확인할 필요가 있다.
같은 업종의 전국 업황 심리지수도 기준선을 밑돌아, 관측된 변화가 산단 고유 현상인지 전국 업종 흐름인지 확인할 필요가 있다.","창원시 제조업 전체에서 입직자 감소가 함께 관측되므로, 고용 감소가 신규 채용 둔화와 함께 나타나는지 확인할 필요가 있다.
가동률과 전력사용의 방향이 달라 업종 구성·설비 특성·자료범위(산단 vs 시 전체) 차이를 추가 확인할 필요가 있다.
경남 제조업 업황 심리지수가 기준선(100)을 밑돌아, 업종 고유 요인인지 지역 전반의 경기 흐름인지 구분해 확인할 필요가 있다.
같은 업종의 전국 업황 심리지수도 기준선을 밑돌아, 관측된 변화가 산단 고유 현상인지 전국 업종 흐름인지 확인할 필요가 있다.
명목생산과 PPI 조정 생산의 방향이 달라, 이 분기의 생산 변화가 가격 때문인지 물량 때문인지 확인할 필요가 있다.
업체수·고용 규모가 작아 비율 변동이 크게 나타난다. 절대 증감 개수로 다시 확인할 필요가 있다.
이 분기는 월별 원자료가 공표되지 않아 분기 내 지속 여부를 확인할 수 없다. 분기말 단일시점 값에만 의존한 판단임을 감안할 필요가 있다.",고용지원 · 직업훈련 / 산업동향,검토 대상 기능의 제안이며 특정 사업·예산의 선정이 아니다. 지원 여부는 담당자의 현장 확인 뒤에 기존 체계에서 결정한다.
전기전자,2022Q2,관찰,고용 축 진입신호 없음,S1,2.0,11.227757285882213,19.06658814361053,2770.0,27441.0,30777.93363,23.484355744214707,0.0,0.0,0.0,0.0,True,False,False,False,미충원·숙련수요·증가의 지속가능성을 확인한다.,고용·훈련 기능,545.0,571.0,539.0,6.0,1.1131725417439675,1.4209591474245054,76.10766722,-2.353571715946423,-1.8344229900000073,monthly_simple_mean_approx,,27441.0,545.0,False,메인 트랙,"539개 → 545개 (+6개, +1.1%)",,0,0,0,0,0,19.06658814361053,C,복수 후보만 존재 — 가중치 근거 없음. 밴드로만 해석,2,전기장비|컴퓨터전자및광학기기,11.738108009327064,22.390421938150705,True,,True,,,False,False,,-0.059871020715374,비교자료 없음,,전기장비,18198.0,,비교자료 없음,,C,False,KICOX 산단 고용과 고용보험 피보험자는 모집단이 다르다(산단 입주 사업체 vs 창원시 전역 사업장). 수준·점유율 비교 금지.,,,,,,,,,,,,,,,,3.0,0.0,17.157292968841432,22.324278016070444,3,440082.0,8.456823743675557,-6.182343373156096,237.0,B,mapped_chapters_only,0,True,False,usable,,296.0,272.0,0.0,창원시 전역 통관 · 연도창을 모두 확보한 HS6 합계(업종 수출 총액 아님),202201,114014.0,0.9134198367881652,3011.0,-16.011157601115755,2975.0,-8.630221130221127,36.0,592.0,True,False,True,False,창원시 전역 제조업 총계 · 반기 · 표본조사. 업종별 값이 아니며 입직-이직을 KICOX 고용 증감과 같다고 보지 않는다.,1544695418,-0.2801305158852574,5870,0.3247308152452666,True,False,True,False,창원시 전역 제조업 총계 전력사용량 · 월→분기 합계. 업종별 값이 아니며 가동률과 개념·모집단이 다르다.,74.33,92.33,89.67,90.33,74.67,94.5,A,2.0,True,True,True,경상남도 제조업 총계(업종 공통 배경),전국 업종별 심리지수. 창원국가산단 개별 업종의 신호가 아니라 같은 업종의 전국 분위기다.,False,False,False,,후보 모두 위축 아님,False,명목 생산만(가격효과 미조정),0,해석 보류,해석 보류,,True,False,False,False,False,True,False,True,False,False,,False,True,False,3,PPI 매핑 불확실(C·D 등급) · 외부자료 업종 대응 불확실 · 월별 원자료 미제공 구간,가중치 근거가 없어 신뢰도 점수를 만들지 않는다. 플래그를 그대로 읽는다.,,"이 업종은 생산자물가지수 대응 후보가 복수이거나 없어, PPI 조정 생산을 단일값으로 해석하지 않고 원자료로 확인할 필요가 있다.
이 분기는 월별 원자료가 공표되지 않아 분기 내 지속 여부를 확인할 수 없다. 분기말 단일시점 값에만 의존한 판단임을 감안할 필요가 있다.
외부 자료의 업종 구분이 산단 10업종과 정확히 대응하지 않는다. 비교 결과를 참고로만 읽고 대응 범위를 확인할 필요가 있다.","창원시 제조업 전체에서 입직자 감소가 함께 관측되므로, 고용 감소가 신규 채용 둔화와 함께 나타나는지 확인할 필요가 있다.
가동률 하락과 창원시 제조업 전력사용 감소가 함께 나타나 실제 생산활동 위축 여부를 추가 확인할 필요가 있다. 다만 전력은 시 전체 제조업 총계이므로 이 업종의 값이 아니다.
경남 제조업 업황 심리지수가 기준선(100)을 밑돌아, 업종 고유 요인인지 지역 전반의 경기 흐름인지 구분해 확인할 필요가 있다.
같은 업종의 전국 업황 심리지수도 기준선을 밑돌아, 관측된 변화가 산단 고유 현상인지 전국 업종 흐름인지 확인할 필요가 있다.","창원시 제조업 전체에서 입직자 감소가 함께 관측되므로, 고용 감소가 신규 채용 둔화와 함께 나타나는지 확인할 필요가 있다.
가동률 하락과 창원시 제조업 전력사용 감소가 함께 나타나 실제 생산활동 위축 여부를 추가 확인할 필요가 있다. 다만 전력은 시 전체 제조업 총계이므로 이 업종의 값이 아니다.
경남 제조업 업황 심리지수가 기준선(100)을 밑돌아, 업종 고유 요인인지 지역 전반의 경기 흐름인지 구분해 확인할 필요가 있다.
같은 업종의 전국 업황 심리지수도 기준선을 밑돌아, 관측된 변화가 산단 고유 현상인지 전국 업종 흐름인지 확인할 필요가 있다.
이 업종은 생산자물가지수 대응 후보가 복수이거나 없어, PPI 조정 생산을 단일값으로 해석하지 않고 원자료로 확인할 필요가 있다.
이 분기는 월별 원자료가 공표되지 않아 분기 내 지속 여부를 확인할 수 없다. 분기말 단일시점 값에만 의존한 판단임을 감안할 필요가 있다.
외부 자료의 업종 구분이 산단 10업종과 정확히 대응하지 않는다. 비교 결과를 참고로만 읽고 대응 범위를 확인할 필요가 있다.",고용지원 · 직업훈련 / 산업동향 · 기업지원 / 산업동향,검토 대상 기능의 제안이며 특정 사업·예산의 선정이 아니다. 지원 여부는 담당자의 현장 확인 뒤에 기존 체계에서 결정한다.
철강,2022Q2,관찰,고용 축 진입신호 없음,S1,2.0,0.9374667092787892,26.842212567625488,88.0,9475.0,20095.32,8.108825140353279,0.0,0.0,0.0,0.0,True,False,False,False,미충원·숙련수요·증가의 지속가능성을 확인한다.,고용·훈련 기능,75.0,79.0,75.0,0.0,0.0,1.2820512820512775,81.38437066,1.0660799419496714,0.8584704700000003,monthly_simple_mean_approx,,9475.0,75.0,False,메인 트랙,"75개 → 75개 (+0개, +0.0%)",,0,0,0,0,0,26.842212567625488,B,상위 범주가 넓어 범위 과대·과소 가능,1,철강1차제품,-2.591596922684236,-2.591596922684236,True,-2.591596922684236,False,False,True,,,,-0.059871020715374,비교자료 없음,,,,,비교자료 없음,,,False,KICOX 산단 고용과 고용보험 피보험자는 모집단이 다르다(산단 입주 사업체 vs 창원시 전역 사업장). 수준·점유율 비교 금지.,,,,,,,,,,,,,,,,3.0,0.0,19.94045904694883,36.43057370867855,3,282416.0,0.044634949874233776,26.15566403001084,191.0,A,mapped_chapters_only,0,True,False,usable,,291.0,237.0,0.0,창원시 전역 통관 · 연도창을 모두 확보한 HS6 합계(업종 수출 총액 아님),202201,114014.0,0.9134198367881652,3011.0,-16.011157601115755,2975.0,-8.630221130221127,36.0,592.0,True,False,True,False,창원시 전역 제조업 총계 · 반기 · 표본조사. 업종별 값이 아니며 입직-이직을 KICOX 고용 증감과 같다고 보지 않는다.,1544695418,-0.2801305158852574,5870,0.3247308152452666,True,False,False,True,창원시 전역 제조업 총계 전력사용량 · 월→분기 합계. 업종별 값이 아니며 가동률과 개념·모집단이 다르다.,74.33,92.33,89.67,90.33,74.67,101.33,B,1.0,True,False,True,경상남도 제조업 총계(업종 공통 배경),전국 업종별 심리지수. 창원국가산단 개별 업종의 신호가 아니라 같은 업종의 전국 분위기다.,False,False,False,False,,False,PPI 조정 생산,0,해석 보류,해석 보류,,False,False,False,False,False,True,True,False,False,False,,False,False,False,2,명목·PPI 조정 생산 방향 불일치 · 월별 원자료 미제공 구간,가중치 근거가 없어 신뢰도 점수를 만들지 않는다. 플래그를 그대로 읽는다.,,"명목생산과 PPI 조정 생산의 방향이 달라, 이 분기의 생산 변화가 가격 때문인지 물량 때문인지 확인할 필요가 있다.
이 분기는 월별 원자료가 공표되지 않아 분기 내 지속 여부를 확인할 수 없다. 분기말 단일시점 값에만 의존한 판단임을 감안할 필요가 있다.","창원시 제조업 전체에서 입직자 감소가 함께 관측되므로, 고용 감소가 신규 채용 둔화와 함께 나타나는지 확인할 필요가 있다.
가동률과 전력사용의 방향이 달라 업종 구성·설비 특성·자료범위(산단 vs 시 전체) 차이를 추가 확인할 필요가 있다.
경남 제조업 업황 심리지수가 기준선(100)을 밑돌아, 업종 고유 요인인지 지역 전반의 경기 흐름인지 구분해 확인할 필요가 있다.","창원시 제조업 전체에서 입직자 감소가 함께 관측되므로, 고용 감소가 신규 채용 둔화와 함께 나타나는지 확인할 필요가 있다.
가동률과 전력사용의 방향이 달라 업종 구성·설비 특성·자료범위(산단 vs 시 전체) 차이를 추가 확인할 필요가 있다.
경남 제조업 업황 심리지수가 기준선(100)을 밑돌아, 업종 고유 요인인지 지역 전반의 경기 흐름인지 구분해 확인할 필요가 있다.
명목생산과 PPI 조정 생산의 방향이 달라, 이 분기의 생산 변화가 가격 때문인지 물량 때문인지 확인할 필요가 있다.
이 분기는 월별 원자료가 공표되지 않아 분기 내 지속 여부를 확인할 수 없다. 분기말 단일시점 값에만 의존한 판단임을 감안할 필요가 있다.",고용지원 · 직업훈련 / 산업동향,검토 대상 기능의 제안이며 특정 사업·예산의 선정이 아니다. 지원 여부는 담당자의 현장 확인 뒤에 기존 체계에서 결정한다.
기계,2022Q3,우선점검,산단 제조업 고용의 2.10% 감소(상위경계 2.0% 통과) → 보강: 직전 분기에도 진입신호(지속),S2,3.0,-3.7933616171699542,9.803121847841489,-2432.0,61680.0,45784.71976,53.319963001063286,3.7933616171699542,3.563942496034933,2.102369487979668,0.0,True,True,False,False,"자동화·설비투자, 외주·도급 전환, 미충원·숙련 불일치, 직무구조 변화 가능성을 질문으로 확인한다(원인 후보이며 입증된 원인이 아님).",고용·훈련 기능 + 기업지원 기능,1444.0,1512.0,1458.0,-14.0,-0.9602194787380003,-0.591715976331364,76.31102524,4.423012770727319,3.2322821400000095,monthly_simple_mean_approx,,61680.0,1444.0,False,메인 트랙,"1,458개 → 1,444개 (-14개, -1.0%)",,0,0,0,0,0,9.803121847841489,A,대분류 직접 대응,1,기계및장비,3.6834616236554263,3.6834616236554263,True,3.6834616236554263,False,True,True,,,,-0.2294191211350216,비교자료 없음,,,,,비교자료 없음,,,False,KICOX 산단 고용과 고용보험 피보험자는 모집단이 다르다(산단 입주 사업체 vs 창원시 전역 사업장). 수준·점유율 비교 금지.,,,,,,,,,,,,,,,,3.0,0.0,6.176728519364061,12.396432848619888,3,2292183.0,-10.269627636940438,4.001988170386195,324.0,B,mapped_chapters_only,0,True,True,usable,,538.0,439.0,0.0,창원시 전역 통관 · 연도창을 모두 확보한 HS6 합계(업종 수출 총액 아님),202202,115700.0,1.826182618261818,2063.0,-50.313102119460495,2617.0,-27.687206410610663,-554.0,408.0,True,False,True,False,창원시 전역 제조업 총계 · 반기 · 표본조사. 업종별 값이 아니며 입직-이직을 KICOX 고용 증감과 같다고 보지 않는다.,1503787868,-1.0811087295827915,5881,1.4665286404416777,True,False,False,True,창원시 전역 제조업 총계 전력사용량 · 월→분기 합계. 업종별 값이 아니며 가동률과 개념·모집단이 다르다.,68.0,90.33,83.67,87.67,77.33,78.34,C,2.0,True,True,True,경상남도 제조업 총계(업종 공통 배경),전국 업종별 심리지수. 창원국가산단 개별 업종의 신호가 아니라 같은 업종의 전국 분위기다.,False,False,False,False,,True,PPI 조정 생산,1,생산유지·고용감소 신호,생산유지·고용감소 신호,,False,False,False,False,False,True,False,False,False,False,,False,False,False,1,월별 원자료 미제공 구간,가중치 근거가 없어 신뢰도 점수를 만들지 않는다. 플래그를 그대로 읽는다.,생산이 유지되는데 고용이 감소하고 있어 자동화·생산성 변화·미충원·외주화·인력구조 조정 여부를 확인할 필요가 있다.,이 분기는 월별 원자료가 공표되지 않아 분기 내 지속 여부를 확인할 수 없다. 분기말 단일시점 값에만 의존한 판단임을 감안할 필요가 있다.,"확인된 품목 기준 수출이 함께 감소하고 있어, 외부수요 약화 가능성을 보려면 수출 감소가 특정 품목·기업에 집중되는지 추가 확인할 필요가 있다.
창원시 제조업 전체에서 입직자 감소가 함께 관측되므로, 고용 감소가 신규 채용 둔화와 함께 나타나는지 확인할 필요가 있다.
가동률과 전력사용의 방향이 달라 업종 구성·설비 특성·자료범위(산단 vs 시 전체) 차이를 추가 확인할 필요가 있다.
경남 제조업 업황 심리지수가 기준선(100)을 밑돌아, 업종 고유 요인인지 지역 전반의 경기 흐름인지 구분해 확인할 필요가 있다.
같은 업종의 전국 업황 심리지수도 기준선을 밑돌아, 관측된 변화가 산단 고유 현상인지 전국 업종 흐름인지 확인할 필요가 있다.","생산이 유지되는데 고용이 감소하고 있어 자동화·생산성 변화·미충원·외주화·인력구조 조정 여부를 확인할 필요가 있다.
확인된 품목 기준 수출이 함께 감소하고 있어, 외부수요 약화 가능성을 보려면 수출 감소가 특정 품목·기업에 집중되는지 추가 확인할 필요가 있다.
창원시 제조업 전체에서 입직자 감소가 함께 관측되므로, 고용 감소가 신규 채용 둔화와 함께 나타나는지 확인할 필요가 있다.
가동률과 전력사용의 방향이 달라 업종 구성·설비 특성·자료범위(산단 vs 시 전체) 차이를 추가 확인할 필요가 있다.
경남 제조업 업황 심리지수가 기준선(100)을 밑돌아, 업종 고유 요인인지 지역 전반의 경기 흐름인지 구분해 확인할 필요가 있다.
같은 업종의 전국 업황 심리지수도 기준선을 밑돌아, 관측된 변화가 산단 고유 현상인지 전국 업종 흐름인지 확인할 필요가 있다.
이 분기는 월별 원자료가 공표되지 않아 분기 내 지속 여부를 확인할 수 없다. 분기말 단일시점 값에만 의존한 판단임을 감안할 필요가 있다.",고용지원 · 직업훈련 / 산업동향 · 기업지원 / 산업동향,검토 대상 기능의 제안이며 특정 사업·예산의 선정이 아니다. 지원 여부는 담당자의 현장 확인 뒤에 기존 체계에서 결정한다.
기타,2022Q3,관찰,고용 축 진입신호 없음 (생산 13.0% 단독 감소 — 확인질문에 반영),S4,3.0,-3.0000000000000027,-13.014523864136596,-6.0,194.0,132.36000001,0.1677054608010097,3.0000000000000027,2.770580878864981,0.0051867668288972,13.014523864136596,False,False,False,False,수주잔량·가동률·휴업/감산·기업 수 변동·고용조정 계획 신고 여부를 확인한다(원인 후보이며 입증된 원인이 아님).,기업지원 기능 + 고용지원 기능,23.0,24.0,26.0,-3.0,-11.538461538461542,-11.111111111111116,78.92982355,16.738844966002,11.317518859999993,monthly_simple_mean_approx,,194.0,23.0,True,소규모 집계 트랙,"26개 → 23개 (-3개, -11.5%)","소규모 집계 트랙은 업종을 배제하는 장치가 아니라, 분모가 작아 비율 변동이 커지는 집계군을 별도 방식으로 읽기 위한 표시다.",0,0,0,0,0,-13.014523864136596,D,대응 항목 없음 — 조정 생산 산출 불가,0,,,,True,,False,,,,,,-0.2294191211350216,비교자료 없음,,,,,비교자료 없음,,,False,KICOX 산단 고용과 고용보험 피보험자는 모집단이 다르다(산단 입주 사업체 vs 창원시 전역 사업장). 수준·점유율 비교 금지.,,,,,,,,,,,,,,,,3.0,3.0,-22.804970537144552,-0.8232830215336717,3,,,,,,no_data,0,False,,no_mapped_chapter,해당 업종에 귀속 근거가 있는 HS 류가 없다,,,,창원시 전역 통관 · 연도창을 모두 확보한 HS6 합계(업종 수출 총액 아님),202202,115700.0,1.826182618261818,2063.0,-50.313102119460495,2617.0,-27.687206410610663,-554.0,408.0,True,False,True,False,창원시 전역 제조업 총계 · 반기 · 표본조사. 업종별 값이 아니며 입직-이직을 KICOX 고용 증감과 같다고 보지 않는다.,1503787868,-1.0811087295827915,5881,1.4665286404416777,True,False,False,True,창원시 전역 제조업 총계 전력사용량 · 월→분기 합계. 업종별 값이 아니며 가동률과 개념·모집단이 다르다.,68.0,90.33,83.67,87.67,77.33,,,,True,,True,경상남도 제조업 총계(업종 공통 배경),전국 업종별 심리지수. 창원국가산단 개별 업종의 신호가 아니라 같은 업종의 전국 분위기다.,,True,False,,,False,명목 생산만(가격효과 미조정),1,업체수 감소 신호,업체수 감소 신호,,True,False,False,False,False,True,False,True,True,False,,False,False,False,3,PPI 매핑 불확실(C·D 등급) · 소규모 분모 — 비율 변동 과대 가능 · 월별 원자료 미제공 구간,가중치 근거가 없어 신뢰도 점수를 만들지 않는다. 플래그를 그대로 읽는다.,"가동업체 감소가 실제 퇴거·폐업·통합·휴업에 따른 것인지, 아니면 조사대상 변동이나 집계기준 변경에 따른 것인지 확인할 필요가 있다.","이 업종은 생산자물가지수 대응 후보가 복수이거나 없어, PPI 조정 생산을 단일값으로 해석하지 않고 원자료로 확인할 필요가 있다.
업체수·고용 규모가 작아 비율 변동이 크게 나타난다. 절대 증감 개수로 다시 확인할 필요가 있다.
이 분기는 월별 원자료가 공표되지 않아 분기 내 지속 여부를 확인할 수 없다. 분기말 단일시점 값에만 의존한 판단임을 감안할 필요가 있다.","창원시 제조업 전체에서 입직자 감소가 함께 관측되므로, 고용 감소가 신규 채용 둔화와 함께 나타나는지 확인할 필요가 있다.
가동률과 전력사용의 방향이 달라 업종 구성·설비 특성·자료범위(산단 vs 시 전체) 차이를 추가 확인할 필요가 있다.
경남 제조업 업황 심리지수가 기준선(100)을 밑돌아, 업종 고유 요인인지 지역 전반의 경기 흐름인지 구분해 확인할 필요가 있다.","가동업체 감소가 실제 퇴거·폐업·통합·휴업에 따른 것인지, 아니면 조사대상 변동이나 집계기준 변경에 따른 것인지 확인할 필요가 있다.
창원시 제조업 전체에서 입직자 감소가 함께 관측되므로, 고용 감소가 신규 채용 둔화와 함께 나타나는지 확인할 필요가 있다.
가동률과 전력사용의 방향이 달라 업종 구성·설비 특성·자료범위(산단 vs 시 전체) 차이를 추가 확인할 필요가 있다.
경남 제조업 업황 심리지수가 기준선(100)을 밑돌아, 업종 고유 요인인지 지역 전반의 경기 흐름인지 구분해 확인할 필요가 있다.
이 업종은 생산자물가지수 대응 후보가 복수이거나 없어, PPI 조정 생산을 단일값으로 해석하지 않고 원자료로 확인할 필요가 있다.
업체수·고용 규모가 작아 비율 변동이 크게 나타난다. 절대 증감 개수로 다시 확인할 필요가 있다.
이 분기는 월별 원자료가 공표되지 않아 분기 내 지속 여부를 확인할 수 없다. 분기말 단일시점 값에만 의존한 판단임을 감안할 필요가 있다.",산업동향 · 기업지원 / 고용지원 · 직업훈련 / 산업동향,검토 대상 기능의 제안이며 특정 사업·예산의 선정이 아니다. 지원 여부는 담당자의 현장 확인 뒤에 기존 체계에서 결정한다.
목재종이,2022Q3,관찰,고용 축 진입신호 없음,S1,3.0,2.298850574712641,8.598726106527387,6.0,267.0,137.53666666,0.2308111238859256,0.0,0.0,0.0,0.0,False,False,False,False,미충원·숙련수요·증가의 지속가능성을 확인한다.,고용·훈련 기능,39.0,45.0,39.0,0.0,0.0,4.651162790697683,88.20415879,2.1159526852218447,1.8276853099999926,monthly_simple_mean_approx,,267.0,39.0,True,소규모 집계 트랙,"39개 → 39개 (+0개, +0.0%)","소규모 집계 트랙은 업종을 배제하는 장치가 아니라, 분모가 작아 비율 변동이 커지는 집계군을 별도 방식으로 읽기 위한 표시다.",0,0,0,0,0,8.598726106527387,A,대분류 직접 대응,1,목재및종이제품,0.7299772882099598,0.7299772882099598,True,0.7299772882099598,False,True,True,,,,-0.2294191211350216,비교자료 없음,,,,,비교자료 없음,,,False,KICOX 산단 고용과 고용보험 피보험자는 모집단이 다르다(산단 입주 사업체 vs 창원시 전역 사업장). 수준·점유율 비교 금지.,,,,,,,,,,,,,,,,3.0,1.0,-0.5046556329160179,14.140736393033704,3,,,,,,no_data,0,False,,no_mapped_chapter,해당 업종에 귀속 근거가 있는 HS 류가 없다,,,,창원시 전역 통관 · 연도창을 모두 확보한 HS6 합계(업종 수출 총액 아님),202202,115700.0,1.826182618261818,2063.0,-50.313102119460495,2617.0,-27.687206410610663,-554.0,408.0,True,False,True,False,창원시 전역 제조업 총계 · 반기 · 표본조사. 업종별 값이 아니며 입직-이직을 KICOX 고용 증감과 같다고 보지 않는다.,1503787868,-1.0811087295827915,5881,1.4665286404416777,True,False,False,True,창원시 전역 제조업 총계 전력사용량 · 월→분기 합계. 업종별 값이 아니며 가동률과 개념·모집단이 다르다.,68.0,90.33,83.67,87.67,77.33,60.34,A,2.0,True,True,True,경상남도 제조업 총계(업종 공통 배경),전국 업종별 심리지수. 창원국가산단 개별 업종의 신호가 아니라 같은 업종의 전국 분위기다.,,False,False,False,,False,PPI 조정 생산,0,해석 보류,해석 보류,,False,False,False,False,False,True,False,False,True,False,,False,False,False,2,소규모 분모 — 비율 변동 과대 가능 · 월별 원자료 미제공 구간,가중치 근거가 없어 신뢰도 점수를 만들지 않는다. 플래그를 그대로 읽는다.,,"업체수·고용 규모가 작아 비율 변동이 크게 나타난다. 절대 증감 개수로 다시 확인할 필요가 있다.
이 분기는 월별 원자료가 공표되지 않아 분기 내 지속 여부를 확인할 수 없다. 분기말 단일시점 값에만 의존한 판단임을 감안할 필요가 있다.","창원시 제조업 전체에서 입직자 감소가 함께 관측되므로, 고용 감소가 신규 채용 둔화와 함께 나타나는지 확인할 필요가 있다.
가동률과 전력사용의 방향이 달라 업종 구성·설비 특성·자료범위(산단 vs 시 전체) 차이를 추가 확인할 필요가 있다.
경남 제조업 업황 심리지수가 기준선(100)을 밑돌아, 업종 고유 요인인지 지역 전반의 경기 흐름인지 구분해 확인할 필요가 있다.
같은 업종의 전국 업황 심리지수도 기준선을 밑돌아, 관측된 변화가 산단 고유 현상인지 전국 업종 흐름인지 확인할 필요가 있다.","창원시 제조업 전체에서 입직자 감소가 함께 관측되므로, 고용 감소가 신규 채용 둔화와 함께 나타나는지 확인할 필요가 있다.
가동률과 전력사용의 방향이 달라 업종 구성·설비 특성·자료범위(산단 vs 시 전체) 차이를 추가 확인할 필요가 있다.
경남 제조업 업황 심리지수가 기준선(100)을 밑돌아, 업종 고유 요인인지 지역 전반의 경기 흐름인지 구분해 확인할 필요가 있다.
같은 업종의 전국 업황 심리지수도 기준선을 밑돌아, 관측된 변화가 산단 고유 현상인지 전국 업종 흐름인지 확인할 필요가 있다.
업체수·고용 규모가 작아 비율 변동이 크게 나타난다. 절대 증감 개수로 다시 확인할 필요가 있다.
이 분기는 월별 원자료가 공표되지 않아 분기 내 지속 여부를 확인할 수 없다. 분기말 단일시점 값에만 의존한 판단임을 감안할 필요가 있다.",고용지원 · 직업훈련 / 산업동향,검토 대상 기능의 제안이며 특정 사업·예산의 선정이 아니다. 지원 여부는 담당자의 현장 확인 뒤에 기존 체계에서 결정한다.
비금속,2022Q3,관찰,고용 축 진입신호 없음,S2,3.0,-3.745318352059923,33.69884553316507,-10.0,257.0,161.555,0.2221665125044303,3.745318352059923,3.515899230924901,0.0086446113814953,0.0,False,False,False,False,"자동화·설비투자, 외주·도급 전환, 미충원·숙련 불일치, 직무구조 변화 가능성을 질문으로 확인한다(원인 후보이며 입증된 원인이 아님).",고용·훈련 기능 + 기업지원 기능,5.0,5.0,5.0,0.0,0.0,0.0,47.36730022,63.05130119657454,18.31674995,monthly_simple_mean_approx,,257.0,5.0,True,소규모 집계 트랙,"5개 → 5개 (+0개, +0.0%)","소규모 집계 트랙은 업종을 배제하는 장치가 아니라, 분모가 작아 비율 변동이 커지는 집계군을 별도 방식으로 읽기 위한 표시다.",0,0,0,0,0,33.69884553316507,A,대분류 직접 대응,1,비금속광물제품,15.74852092385559,15.74852092385559,True,15.74852092385559,False,True,True,,,,-0.2294191211350216,비교자료 없음,,,,,비교자료 없음,,,False,KICOX 산단 고용과 고용보험 피보험자는 모집단이 다르다(산단 입주 사업체 vs 창원시 전역 사업장). 수준·점유율 비교 금지.,,,,,,,,,,,,,,,,3.0,0.0,14.254526775394872,54.130985405861786,3,,,,,,no_data,0,False,,no_mapped_chapter,해당 업종에 귀속 근거가 있는 HS 류가 없다,,,,창원시 전역 통관 · 연도창을 모두 확보한 HS6 합계(업종 수출 총액 아님),202202,115700.0,1.826182618261818,2063.0,-50.313102119460495,2617.0,-27.687206410610663,-554.0,408.0,True,False,True,False,창원시 전역 제조업 총계 · 반기 · 표본조사. 업종별 값이 아니며 입직-이직을 KICOX 고용 증감과 같다고 보지 않는다.,1503787868,-1.0811087295827915,5881,1.4665286404416777,True,False,False,True,창원시 전역 제조업 총계 전력사용량 · 월→분기 합계. 업종별 값이 아니며 가동률과 개념·모집단이 다르다.,68.0,90.33,83.67,87.67,77.33,65.67,A,1.0,True,True,True,경상남도 제조업 총계(업종 공통 배경),전국 업종별 심리지수. 창원국가산단 개별 업종의 신호가 아니라 같은 업종의 전국 분위기다.,,False,False,False,,True,PPI 조정 생산,1,생산유지·고용감소 신호,생산유지·고용감소 신호,,False,False,False,False,False,True,False,False,True,False,,False,False,False,2,소규모 분모 — 비율 변동 과대 가능 · 월별 원자료 미제공 구간,가중치 근거가 없어 신뢰도 점수를 만들지 않는다. 플래그를 그대로 읽는다.,생산이 유지되는데 고용이 감소하고 있어 자동화·생산성 변화·미충원·외주화·인력구조 조정 여부를 확인할 필요가 있다.,"업체수·고용 규모가 작아 비율 변동이 크게 나타난다. 절대 증감 개수로 다시 확인할 필요가 있다.
이 분기는 월별 원자료가 공표되지 않아 분기 내 지속 여부를 확인할 수 없다. 분기말 단일시점 값에만 의존한 판단임을 감안할 필요가 있다.","창원시 제조업 전체에서 입직자 감소가 함께 관측되므로, 고용 감소가 신규 채용 둔화와 함께 나타나는지 확인할 필요가 있다.
가동률과 전력사용의 방향이 달라 업종 구성·설비 특성·자료범위(산단 vs 시 전체) 차이를 추가 확인할 필요가 있다.
경남 제조업 업황 심리지수가 기준선(100)을 밑돌아, 업종 고유 요인인지 지역 전반의 경기 흐름인지 구분해 확인할 필요가 있다.
같은 업종의 전국 업황 심리지수도 기준선을 밑돌아, 관측된 변화가 산단 고유 현상인지 전국 업종 흐름인지 확인할 필요가 있다.","생산이 유지되는데 고용이 감소하고 있어 자동화·생산성 변화·미충원·외주화·인력구조 조정 여부를 확인할 필요가 있다.
창원시 제조업 전체에서 입직자 감소가 함께 관측되므로, 고용 감소가 신규 채용 둔화와 함께 나타나는지 확인할 필요가 있다.
가동률과 전력사용의 방향이 달라 업종 구성·설비 특성·자료범위(산단 vs 시 전체) 차이를 추가 확인할 필요가 있다.
경남 제조업 업황 심리지수가 기준선(100)을 밑돌아, 업종 고유 요인인지 지역 전반의 경기 흐름인지 구분해 확인할 필요가 있다.
같은 업종의 전국 업황 심리지수도 기준선을 밑돌아, 관측된 변화가 산단 고유 현상인지 전국 업종 흐름인지 확인할 필요가 있다.
업체수·고용 규모가 작아 비율 변동이 크게 나타난다. 절대 증감 개수로 다시 확인할 필요가 있다.
이 분기는 월별 원자료가 공표되지 않아 분기 내 지속 여부를 확인할 수 없다. 분기말 단일시점 값에만 의존한 판단임을 감안할 필요가 있다.",고용지원 · 직업훈련 / 산업동향,검토 대상 기능의 제안이며 특정 사업·예산의 선정이 아니다. 지원 여부는 담당자의 현장 확인 뒤에 기존 체계에서 결정한다.
석유화학,2022Q3,관찰,고용 축 진입신호 없음,S1,3.0,2.357563850687616,21.39101631360414,12.0,521.0,657.2433333,0.4503842529759074,0.0,0.0,0.0,0.0,True,False,False,False,미충원·숙련수요·증가의 지속가능성을 확인한다.,고용·훈련 기능,39.0,43.0,38.0,1.0,2.6315789473684292,4.878048780487809,71.51071089,-15.917260808128098,-13.5373163,monthly_simple_mean_approx,,521.0,39.0,False,메인 트랙,"38개 → 39개 (+1개, +2.6%)",,0,0,0,0,0,21.39101631360414,C,복수 후보만 존재 — 가중치 근거 없음. 밴드로만 해석,2,석탄및석유제품|화학제품,-21.744839453424134,9.201492531089883,True,,True,,,True,True,,-0.2294191211350216,비교자료 없음,,,,,비교자료 없음,,,False,KICOX 산단 고용과 고용보험 피보험자는 모집단이 다르다(산단 입주 사업체 vs 창원시 전역 사업장). 수준·점유율 비교 금지.,,,,,,,,,,,,,,,,3.0,0.0,11.076939115929951,35.981183774666505,3,,,,,,no_data,0,False,,no_mapped_chapter,해당 업종에 귀속 근거가 있는 HS 류가 없다,,,,창원시 전역 통관 · 연도창을 모두 확보한 HS6 합계(업종 수출 총액 아님),202202,115700.0,1.826182618261818,2063.0,-50.313102119460495,2617.0,-27.687206410610663,-554.0,408.0,True,False,True,False,창원시 전역 제조업 총계 · 반기 · 표본조사. 업종별 값이 아니며 입직-이직을 KICOX 고용 증감과 같다고 보지 않는다.,1503787868,-1.0811087295827915,5881,1.4665286404416777,True,False,True,False,창원시 전역 제조업 총계 전력사용량 · 월→분기 합계. 업종별 값이 아니며 가동률과 개념·모집단이 다르다.,68.0,90.33,83.67,87.67,77.33,69.0,B,3.0,True,True,True,경상남도 제조업 총계(업종 공통 배경),전국 업종별 심리지수. 창원국가산단 개별 업종의 신호가 아니라 같은 업종의 전국 분위기다.,,False,True,,후보에 따라 갈림 — 단정 보류,False,명목 생산만(가격효과 미조정),1,가동 위축 신호,가동 위축 신호,,True,False,False,False,False,True,False,True,False,False,,False,False,False,2,PPI 매핑 불확실(C·D 등급) · 월별 원자료 미제공 구간,가중치 근거가 없어 신뢰도 점수를 만들지 않는다. 플래그를 그대로 읽는다.,가동률 하락이 일시적 생산조정인지 수주·수요 감소에 따른 것인지 확인할 필요가 있다.,"이 업종은 생산자물가지수 대응 후보가 복수이거나 없어, PPI 조정 생산을 단일값으로 해석하지 않고 원자료로 확인할 필요가 있다.
이 분기는 월별 원자료가 공표되지 않아 분기 내 지속 여부를 확인할 수 없다. 분기말 단일시점 값에만 의존한 판단임을 감안할 필요가 있다.","창원시 제조업 전체에서 입직자 감소가 함께 관측되므로, 고용 감소가 신규 채용 둔화와 함께 나타나는지 확인할 필요가 있다.
가동률 하락과 창원시 제조업 전력사용 감소가 함께 나타나 실제 생산활동 위축 여부를 추가 확인할 필요가 있다. 다만 전력은 시 전체 제조업 총계이므로 이 업종의 값이 아니다.
경남 제조업 업황 심리지수가 기준선(100)을 밑돌아, 업종 고유 요인인지 지역 전반의 경기 흐름인지 구분해 확인할 필요가 있다.
같은 업종의 전국 업황 심리지수도 기준선을 밑돌아, 관측된 변화가 산단 고유 현상인지 전국 업종 흐름인지 확인할 필요가 있다.","가동률 하락이 일시적 생산조정인지 수주·수요 감소에 따른 것인지 확인할 필요가 있다.
창원시 제조업 전체에서 입직자 감소가 함께 관측되므로, 고용 감소가 신규 채용 둔화와 함께 나타나는지 확인할 필요가 있다.
가동률 하락과 창원시 제조업 전력사용 감소가 함께 나타나 실제 생산활동 위축 여부를 추가 확인할 필요가 있다. 다만 전력은 시 전체 제조업 총계이므로 이 업종의 값이 아니다.
경남 제조업 업황 심리지수가 기준선(100)을 밑돌아, 업종 고유 요인인지 지역 전반의 경기 흐름인지 구분해 확인할 필요가 있다.
같은 업종의 전국 업황 심리지수도 기준선을 밑돌아, 관측된 변화가 산단 고유 현상인지 전국 업종 흐름인지 확인할 필요가 있다.
이 업종은 생산자물가지수 대응 후보가 복수이거나 없어, PPI 조정 생산을 단일값으로 해석하지 않고 원자료로 확인할 필요가 있다.
이 분기는 월별 원자료가 공표되지 않아 분기 내 지속 여부를 확인할 수 없다. 분기말 단일시점 값에만 의존한 판단임을 감안할 필요가 있다.",산업동향 · 기업지원 / 고용지원 · 직업훈련 / 산업동향,검토 대상 기능의 제안이며 특정 사업·예산의 선정이 아니다. 지원 여부는 담당자의 현장 확인 뒤에 기존 체계에서 결정한다.
섬유의복,2022Q3,추가확인,고용감소 11.4%(상위경계 10% 통과) · 산단평균 대비 11.1%p 열위(상위경계 통과) [상위경계 통과했으나 고용 39인 < 300인으로 우선점검 제외],S2,3.0,-11.363636363636363,296.00000000000006,-5.0,39.0,2.97,0.0337139843878318,11.363636363636363,11.134217242501345,0.0043223056907476,0.0,False,True,False,False,"자동화·설비투자, 외주·도급 전환, 미충원·숙련 불일치, 직무구조 변화 가능성을 질문으로 확인한다(원인 후보이며 입증된 원인이 아님).",고용·훈련 기능 + 기업지원 기능,8.0,9.0,11.0,-3.0,-27.27272727272727,-25.0,100.0,300.0,75.0,monthly_simple_mean_approx,,39.0,8.0,True,소규모 집계 트랙,"11개 → 8개 (-3개, -27.3%)","소규모 집계 트랙은 업종을 배제하는 장치가 아니라, 분모가 작아 비율 변동이 커지는 집계군을 별도 방식으로 읽기 위한 표시다.",0,0,0,0,0,296.00000000000006,A,대분류 직접 대응,1,섬유및의복,265.2069715981951,265.2069715981951,True,265.2069715981951,False,True,True,,,,-0.2294191211350216,비교자료 없음,,,,,비교자료 없음,,,False,KICOX 산단 고용과 고용보험 피보험자는 모집단이 다르다(산단 입주 사업체 vs 창원시 전역 사업장). 수준·점유율 비교 금지.,,,,,,,,,,,,,,,,3.0,0.0,220.00000000000003,448.00000000000006,3,,,,,,no_data,0,False,,no_mapped_chapter,해당 업종에 귀속 근거가 있는 HS 류가 없다,,,,창원시 전역 통관 · 연도창을 모두 확보한 HS6 합계(업종 수출 총액 아님),202202,115700.0,1.826182618261818,2063.0,-50.313102119460495,2617.0,-27.687206410610663,-554.0,408.0,True,False,True,False,창원시 전역 제조업 총계 · 반기 · 표본조사. 업종별 값이 아니며 입직-이직을 KICOX 고용 증감과 같다고 보지 않는다.,1503787868,-1.0811087295827915,5881,1.4665286404416777,True,False,False,True,창원시 전역 제조업 총계 전력사용량 · 월→분기 합계. 업종별 값이 아니며 가동률과 개념·모집단이 다르다.,68.0,90.33,83.67,87.67,77.33,63.67,A,2.0,True,True,True,경상남도 제조업 총계(업종 공통 배경),전국 업종별 심리지수. 창원국가산단 개별 업종의 신호가 아니라 같은 업종의 전국 분위기다.,,True,False,False,,True,PPI 조정 생산,2,업체수 감소 신호 · 생산유지·고용감소 신호,업체수 감소 신호,"대표 확인신호는 표시순서에 따른 요약이며, 유일한 원인이 아니다. 확인신호 프로필 전체를 함께 읽어야 한다.",False,False,False,False,False,True,False,False,True,False,,False,False,False,2,소규모 분모 — 비율 변동 과대 가능 · 월별 원자료 미제공 구간,가중치 근거가 없어 신뢰도 점수를 만들지 않는다. 플래그를 그대로 읽는다.,"가동업체 감소가 실제 퇴거·폐업·통합·휴업에 따른 것인지, 아니면 조사대상 변동이나 집계기준 변경에 따른 것인지 확인할 필요가 있다.
생산이 유지되는데 고용이 감소하고 있어 자동화·생산성 변화·미충원·외주화·인력구조 조정 여부를 확인할 필요가 있다.","업체수·고용 규모가 작아 비율 변동이 크게 나타난다. 절대 증감 개수로 다시 확인할 필요가 있다.
이 분기는 월별 원자료가 공표되지 않아 분기 내 지속 여부를 확인할 수 없다. 분기말 단일시점 값에만 의존한 판단임을 감안할 필요가 있다.","창원시 제조업 전체에서 입직자 감소가 함께 관측되므로, 고용 감소가 신규 채용 둔화와 함께 나타나는지 확인할 필요가 있다.
가동률과 전력사용의 방향이 달라 업종 구성·설비 특성·자료범위(산단 vs 시 전체) 차이를 추가 확인할 필요가 있다.
경남 제조업 업황 심리지수가 기준선(100)을 밑돌아, 업종 고유 요인인지 지역 전반의 경기 흐름인지 구분해 확인할 필요가 있다.
같은 업종의 전국 업황 심리지수도 기준선을 밑돌아, 관측된 변화가 산단 고유 현상인지 전국 업종 흐름인지 확인할 필요가 있다.","가동업체 감소가 실제 퇴거·폐업·통합·휴업에 따른 것인지, 아니면 조사대상 변동이나 집계기준 변경에 따른 것인지 확인할 필요가 있다.
생산이 유지되는데 고용이 감소하고 있어 자동화·생산성 변화·미충원·외주화·인력구조 조정 여부를 확인할 필요가 있다.
창원시 제조업 전체에서 입직자 감소가 함께 관측되므로, 고용 감소가 신규 채용 둔화와 함께 나타나는지 확인할 필요가 있다.
가동률과 전력사용의 방향이 달라 업종 구성·설비 특성·자료범위(산단 vs 시 전체) 차이를 추가 확인할 필요가 있다.
경남 제조업 업황 심리지수가 기준선(100)을 밑돌아, 업종 고유 요인인지 지역 전반의 경기 흐름인지 구분해 확인할 필요가 있다.
같은 업종의 전국 업황 심리지수도 기준선을 밑돌아, 관측된 변화가 산단 고유 현상인지 전국 업종 흐름인지 확인할 필요가 있다.
업체수·고용 규모가 작아 비율 변동이 크게 나타난다. 절대 증감 개수로 다시 확인할 필요가 있다.
이 분기는 월별 원자료가 공표되지 않아 분기 내 지속 여부를 확인할 수 없다. 분기말 단일시점 값에만 의존한 판단임을 감안할 필요가 있다.",산업동향 · 기업지원 / 고용지원 · 직업훈련 / 산업동향,검토 대상 기능의 제안이며 특정 사업·예산의 선정이 아니다. 지원 여부는 담당자의 현장 확인 뒤에 기존 체계에서 결정한다.
운송장비,2022Q3,관찰,고용 축 진입신호 없음,S2,3.0,-0.7556994983171417,9.322909729250297,-119.0,15628.0,28600.85946,13.509798667000924,0.7556994983171417,0.5262803771821201,0.1028708754397945,0.0,True,False,False,False,"자동화·설비투자, 외주·도급 전환, 미충원·숙련 불일치, 직무구조 변화 가능성을 질문으로 확인한다(원인 후보이며 입증된 원인이 아님).",고용·훈련 기능 + 기업지원 기능,243.0,246.0,239.0,4.0,1.673640167364021,2.0746887966804906,92.01615978,8.11928899022043,6.910013929999991,monthly_simple_mean_approx,,15628.0,243.0,False,메인 트랙,"239개 → 243개 (+4개, +1.7%)",,0,0,0,0,0,9.322909729250297,A,대분류 직접 대응,1,운송장비,6.776601701869711,6.776601701869711,True,6.776601701869711,False,True,True,,,,-0.2294191211350216,비교자료 없음,,,,,비교자료 없음,,,False,KICOX 산단 고용과 고용보험 피보험자는 모집단이 다르다(산단 입주 사업체 vs 창원시 전역 사업장). 수준·점유율 비교 금지.,,,,,,,,,,,,,,,,3.0,0.0,8.21717108581046,10.565768702502009,3,500538.0,20.539533001965093,30.63051417121805,62.0,A,mapped_chapters_only,0,True,False,usable,,123.0,81.0,0.0,창원시 전역 통관 · 연도창을 모두 확보한 HS6 합계(업종 수출 총액 아님),202202,115700.0,1.826182618261818,2063.0,-50.313102119460495,2617.0,-27.687206410610663,-554.0,408.0,True,False,True,False,창원시 전역 제조업 총계 · 반기 · 표본조사. 업종별 값이 아니며 입직-이직을 KICOX 고용 증감과 같다고 보지 않는다.,1503787868,-1.0811087295827915,5881,1.4665286404416777,True,False,False,True,창원시 전역 제조업 총계 전력사용량 · 월→분기 합계. 업종별 값이 아니며 가동률과 개념·모집단이 다르다.,68.0,90.33,83.67,87.67,77.33,81.34,A,2.0,True,True,True,경상남도 제조업 총계(업종 공통 배경),전국 업종별 심리지수. 창원국가산단 개별 업종의 신호가 아니라 같은 업종의 전국 분위기다.,True,False,False,False,,False,PPI 조정 생산,0,해석 보류,해석 보류,,False,False,False,False,False,True,False,False,False,False,,False,False,False,1,월별 원자료 미제공 구간,가중치 근거가 없어 신뢰도 점수를 만들지 않는다. 플래그를 그대로 읽는다.,,이 분기는 월별 원자료가 공표되지 않아 분기 내 지속 여부를 확인할 수 없다. 분기말 단일시점 값에만 의존한 판단임을 감안할 필요가 있다.,"확인된 품목 기준 수출은 유지·확대되는데 고용이 감소하고 있어 생산성·자동화·기업구성 변화 등의 가능성을 추가 확인할 필요가 있다.
창원시 제조업 전체에서 입직자 감소가 함께 관측되므로, 고용 감소가 신규 채용 둔화와 함께 나타나는지 확인할 필요가 있다.
가동률과 전력사용의 방향이 달라 업종 구성·설비 특성·자료범위(산단 vs 시 전체) 차이를 추가 확인할 필요가 있다.
경남 제조업 업황 심리지수가 기준선(100)을 밑돌아, 업종 고유 요인인지 지역 전반의 경기 흐름인지 구분해 확인할 필요가 있다.
같은 업종의 전국 업황 심리지수도 기준선을 밑돌아, 관측된 변화가 산단 고유 현상인지 전국 업종 흐름인지 확인할 필요가 있다.","확인된 품목 기준 수출은 유지·확대되는데 고용이 감소하고 있어 생산성·자동화·기업구성 변화 등의 가능성을 추가 확인할 필요가 있다.
창원시 제조업 전체에서 입직자 감소가 함께 관측되므로, 고용 감소가 신규 채용 둔화와 함께 나타나는지 확인할 필요가 있다.
가동률과 전력사용의 방향이 달라 업종 구성·설비 특성·자료범위(산단 vs 시 전체) 차이를 추가 확인할 필요가 있다.
경남 제조업 업황 심리지수가 기준선(100)을 밑돌아, 업종 고유 요인인지 지역 전반의 경기 흐름인지 구분해 확인할 필요가 있다.
같은 업종의 전국 업황 심리지수도 기준선을 밑돌아, 관측된 변화가 산단 고유 현상인지 전국 업종 흐름인지 확인할 필요가 있다.
이 분기는 월별 원자료가 공표되지 않아 분기 내 지속 여부를 확인할 수 없다. 분기말 단일시점 값에만 의존한 판단임을 감안할 필요가 있다.",고용지원 · 직업훈련 / 산업동향,검토 대상 기능의 제안이며 특정 사업·예산의 선정이 아니다. 지원 여부는 담당자의 현장 확인 뒤에 기존 체계에서 결정한다.
음식료,2022Q3,관찰,고용 축 진입신호 없음,S1,3.0,5.769230769230771,13.86510743606637,42.0,770.0,1292.09,0.6656350763751415,0.0,0.0,0.0,0.0,True,False,False,False,미충원·숙련수요·증가의 지속가능성을 확인한다.,고용·훈련 기능,6.0,9.0,6.0,0.0,0.0,0.0,87.81845754,-1.8734308806093392,-1.6766285799999991,monthly_simple_mean_approx,,770.0,6.0,False,메인 트랙,"6개 → 6개 (+0개, +0.0%)",,0,0,0,0,0,13.86510743606637,A,대분류 직접 대응,1,음식료품,3.3964833606247025,3.3964833606247025,True,3.3964833606247025,False,True,True,,,,-0.2294191211350216,비교자료 없음,,,,,비교자료 없음,,,False,KICOX 산단 고용과 고용보험 피보험자는 모집단이 다르다(산단 입주 사업체 vs 창원시 전역 사업장). 수준·점유율 비교 금지.,,,,,,,,,,,,,,,,3.0,0.0,9.468532711265931,17.348317854186625,3,,,,,,no_data,0,False,,no_mapped_chapter,해당 업종에 귀속 근거가 있는 HS 류가 없다,,,,창원시 전역 통관 · 연도창을 모두 확보한 HS6 합계(업종 수출 총액 아님),202202,115700.0,1.826182618261818,2063.0,-50.313102119460495,2617.0,-27.687206410610663,-554.0,408.0,True,False,True,False,창원시 전역 제조업 총계 · 반기 · 표본조사. 업종별 값이 아니며 입직-이직을 KICOX 고용 증감과 같다고 보지 않는다.,1503787868,-1.0811087295827915,5881,1.4665286404416777,True,False,True,False,창원시 전역 제조업 총계 전력사용량 · 월→분기 합계. 업종별 값이 아니며 가동률과 개념·모집단이 다르다.,68.0,90.33,83.67,87.67,77.33,76.0,A,2.0,True,True,True,경상남도 제조업 총계(업종 공통 배경),전국 업종별 심리지수. 창원국가산단 개별 업종의 신호가 아니라 같은 업종의 전국 분위기다.,,False,False,False,,False,PPI 조정 생산,0,해석 보류,해석 보류,,False,False,False,False,False,True,False,False,True,False,,False,False,False,2,소규모 분모 — 비율 변동 과대 가능 · 월별 원자료 미제공 구간,가중치 근거가 없어 신뢰도 점수를 만들지 않는다. 플래그를 그대로 읽는다.,,"업체수·고용 규모가 작아 비율 변동이 크게 나타난다. 절대 증감 개수로 다시 확인할 필요가 있다.
이 분기는 월별 원자료가 공표되지 않아 분기 내 지속 여부를 확인할 수 없다. 분기말 단일시점 값에만 의존한 판단임을 감안할 필요가 있다.","창원시 제조업 전체에서 입직자 감소가 함께 관측되므로, 고용 감소가 신규 채용 둔화와 함께 나타나는지 확인할 필요가 있다.
가동률 하락과 창원시 제조업 전력사용 감소가 함께 나타나 실제 생산활동 위축 여부를 추가 확인할 필요가 있다. 다만 전력은 시 전체 제조업 총계이므로 이 업종의 값이 아니다.
경남 제조업 업황 심리지수가 기준선(100)을 밑돌아, 업종 고유 요인인지 지역 전반의 경기 흐름인지 구분해 확인할 필요가 있다.
같은 업종의 전국 업황 심리지수도 기준선을 밑돌아, 관측된 변화가 산단 고유 현상인지 전국 업종 흐름인지 확인할 필요가 있다.","창원시 제조업 전체에서 입직자 감소가 함께 관측되므로, 고용 감소가 신규 채용 둔화와 함께 나타나는지 확인할 필요가 있다.
가동률 하락과 창원시 제조업 전력사용 감소가 함께 나타나 실제 생산활동 위축 여부를 추가 확인할 필요가 있다. 다만 전력은 시 전체 제조업 총계이므로 이 업종의 값이 아니다.
경남 제조업 업황 심리지수가 기준선(100)을 밑돌아, 업종 고유 요인인지 지역 전반의 경기 흐름인지 구분해 확인할 필요가 있다.
같은 업종의 전국 업황 심리지수도 기준선을 밑돌아, 관측된 변화가 산단 고유 현상인지 전국 업종 흐름인지 확인할 필요가 있다.
업체수·고용 규모가 작아 비율 변동이 크게 나타난다. 절대 증감 개수로 다시 확인할 필요가 있다.
이 분기는 월별 원자료가 공표되지 않아 분기 내 지속 여부를 확인할 수 없다. 분기말 단일시점 값에만 의존한 판단임을 감안할 필요가 있다.",고용지원 · 직업훈련 / 산업동향 · 기업지원 / 산업동향,검토 대상 기능의 제안이며 특정 사업·예산의 선정이 아니다. 지원 여부는 담당자의 현장 확인 뒤에 기존 체계에서 결정한다.
전기전자,2022Q3,관찰,고용 축 진입신호 없음,S1,3.0,9.08648187979384,13.792097021529548,2239.0,26880.0,30343.6995,23.236715393459487,0.0,0.0,0.0,0.0,True,False,False,False,미충원·숙련수요·증가의 지속가능성을 확인한다.,고용·훈련 기능,542.0,570.0,542.0,0.0,0.0,0.35211267605634866,80.67564574,-3.2284287890049557,-2.6914472300000085,monthly_simple_mean_approx,,26880.0,542.0,False,메인 트랙,"542개 → 542개 (+0개, +0.0%)",,0,0,0,0,0,13.792097021529548,C,복수 후보만 존재 — 가중치 근거 없음. 밴드로만 해석,2,전기장비|컴퓨터전자및광학기기,6.758189577650131,17.876650259814397,True,,True,,,False,False,,-0.2294191211350216,비교자료 없음,,,,,비교자료 없음,,,False,KICOX 산단 고용과 고용보험 피보험자는 모집단이 다르다(산단 입주 사업체 vs 창원시 전역 사업장). 수준·점유율 비교 금지.,,,,,,,,,,,,,,,,3.0,0.0,11.747083068234954,15.680257220018134,3,453042.0,5.148308035092608,-7.6786390943973775,241.0,B,mapped_chapters_only,0,True,False,usable,,296.0,272.0,0.0,창원시 전역 통관 · 연도창을 모두 확보한 HS6 합계(업종 수출 총액 아님),202202,115700.0,1.826182618261818,2063.0,-50.313102119460495,2617.0,-27.687206410610663,-554.0,408.0,True,False,True,False,창원시 전역 제조업 총계 · 반기 · 표본조사. 업종별 값이 아니며 입직-이직을 KICOX 고용 증감과 같다고 보지 않는다.,1503787868,-1.0811087295827915,5881,1.4665286404416777,True,False,True,False,창원시 전역 제조업 총계 전력사용량 · 월→분기 합계. 업종별 값이 아니며 가동률과 개념·모집단이 다르다.,68.0,90.33,83.67,87.67,77.33,84.16,A,2.0,True,True,True,경상남도 제조업 총계(업종 공통 배경),전국 업종별 심리지수. 창원국가산단 개별 업종의 신호가 아니라 같은 업종의 전국 분위기다.,False,False,True,,후보 모두 위축 아님,False,명목 생산만(가격효과 미조정),1,가동 위축 신호,가동 위축 신호,,True,False,False,False,False,True,False,True,False,False,,False,False,False,2,PPI 매핑 불확실(C·D 등급) · 월별 원자료 미제공 구간,가중치 근거가 없어 신뢰도 점수를 만들지 않는다. 플래그를 그대로 읽는다.,가동률 하락이 일시적 생산조정인지 수주·수요 감소에 따른 것인지 확인할 필요가 있다.,"이 업종은 생산자물가지수 대응 후보가 복수이거나 없어, PPI 조정 생산을 단일값으로 해석하지 않고 원자료로 확인할 필요가 있다.
이 분기는 월별 원자료가 공표되지 않아 분기 내 지속 여부를 확인할 수 없다. 분기말 단일시점 값에만 의존한 판단임을 감안할 필요가 있다.","창원시 제조업 전체에서 입직자 감소가 함께 관측되므로, 고용 감소가 신규 채용 둔화와 함께 나타나는지 확인할 필요가 있다.
가동률 하락과 창원시 제조업 전력사용 감소가 함께 나타나 실제 생산활동 위축 여부를 추가 확인할 필요가 있다. 다만 전력은 시 전체 제조업 총계이므로 이 업종의 값이 아니다.
경남 제조업 업황 심리지수가 기준선(100)을 밑돌아, 업종 고유 요인인지 지역 전반의 경기 흐름인지 구분해 확인할 필요가 있다.
같은 업종의 전국 업황 심리지수도 기준선을 밑돌아, 관측된 변화가 산단 고유 현상인지 전국 업종 흐름인지 확인할 필요가 있다.","가동률 하락이 일시적 생산조정인지 수주·수요 감소에 따른 것인지 확인할 필요가 있다.
창원시 제조업 전체에서 입직자 감소가 함께 관측되므로, 고용 감소가 신규 채용 둔화와 함께 나타나는지 확인할 필요가 있다.
가동률 하락과 창원시 제조업 전력사용 감소가 함께 나타나 실제 생산활동 위축 여부를 추가 확인할 필요가 있다. 다만 전력은 시 전체 제조업 총계이므로 이 업종의 값이 아니다.
경남 제조업 업황 심리지수가 기준선(100)을 밑돌아, 업종 고유 요인인지 지역 전반의 경기 흐름인지 구분해 확인할 필요가 있다.
같은 업종의 전국 업황 심리지수도 기준선을 밑돌아, 관측된 변화가 산단 고유 현상인지 전국 업종 흐름인지 확인할 필요가 있다.
이 업종은 생산자물가지수 대응 후보가 복수이거나 없어, PPI 조정 생산을 단일값으로 해석하지 않고 원자료로 확인할 필요가 있다.
이 분기는 월별 원자료가 공표되지 않아 분기 내 지속 여부를 확인할 수 없다. 분기말 단일시점 값에만 의존한 판단임을 감안할 필요가 있다.",산업동향 · 기업지원 / 고용지원 · 직업훈련 / 산업동향,검토 대상 기능의 제안이며 특정 사업·예산의 선정이 아니다. 지원 여부는 담당자의 현장 확인 뒤에 기존 체계에서 결정한다.
철강,2022Q3,관찰,고용 축 진입신호 없음,S1,3.0,0.0741839762611329,9.160978567067946,7.0,9443.0,17584.4,8.163106527546054,0.0,0.0,0.0,0.0,True,False,False,False,미충원·숙련수요·증가의 지속가능성을 확인한다.,고용·훈련 기능,75.0,80.0,75.0,0.0,0.0,2.564102564102555,69.31380158,-5.7047029363753055,-4.19336552,monthly_simple_mean_approx,,9443.0,75.0,False,메인 트랙,"75개 → 75개 (+0개, +0.0%)",,0,0,0,0,0,9.160978567067946,B,상위 범주가 넓어 범위 과대·과소 가능,1,철강1차제품,-1.203892930789252,-1.203892930789252,True,-1.203892930789252,False,False,True,,,,-0.2294191211350216,비교자료 없음,,,,,비교자료 없음,,,False,KICOX 산단 고용과 고용보험 피보험자는 모집단이 다르다(산단 입주 사업체 vs 창원시 전역 사업장). 수준·점유율 비교 금지.,,,,,,,,,,,,,,,,3.0,0.0,7.734714100291695,11.163124790520197,3,230593.0,-18.869272123395632,-8.719649093630466,187.0,A,mapped_chapters_only,0,True,True,usable,,291.0,237.0,0.0,창원시 전역 통관 · 연도창을 모두 확보한 HS6 합계(업종 수출 총액 아님),202202,115700.0,1.826182618261818,2063.0,-50.313102119460495,2617.0,-27.687206410610663,-554.0,408.0,True,False,True,False,창원시 전역 제조업 총계 · 반기 · 표본조사. 업종별 값이 아니며 입직-이직을 KICOX 고용 증감과 같다고 보지 않는다.,1503787868,-1.0811087295827915,5881,1.4665286404416777,True,False,True,False,창원시 전역 제조업 총계 전력사용량 · 월→분기 합계. 업종별 값이 아니며 가동률과 개념·모집단이 다르다.,68.0,90.33,83.67,87.67,77.33,78.33,B,1.0,True,True,True,경상남도 제조업 총계(업종 공통 배경),전국 업종별 심리지수. 창원국가산단 개별 업종의 신호가 아니라 같은 업종의 전국 분위기다.,False,False,True,False,,False,PPI 조정 생산,1,가동 위축 신호,가동 위축 신호,,False,False,False,False,False,True,True,False,False,False,,False,False,False,2,명목·PPI 조정 생산 방향 불일치 · 월별 원자료 미제공 구간,가중치 근거가 없어 신뢰도 점수를 만들지 않는다. 플래그를 그대로 읽는다.,가동률 하락이 일시적 생산조정인지 수주·수요 감소에 따른 것인지 확인할 필요가 있다.,"명목생산과 PPI 조정 생산의 방향이 달라, 이 분기의 생산 변화가 가격 때문인지 물량 때문인지 확인할 필요가 있다.
이 분기는 월별 원자료가 공표되지 않아 분기 내 지속 여부를 확인할 수 없다. 분기말 단일시점 값에만 의존한 판단임을 감안할 필요가 있다.","확인된 품목 기준 수출이 함께 감소하고 있어, 외부수요 약화 가능성을 보려면 수출 감소가 특정 품목·기업에 집중되는지 추가 확인할 필요가 있다.
창원시 제조업 전체에서 입직자 감소가 함께 관측되므로, 고용 감소가 신규 채용 둔화와 함께 나타나는지 확인할 필요가 있다.
가동률 하락과 창원시 제조업 전력사용 감소가 함께 나타나 실제 생산활동 위축 여부를 추가 확인할 필요가 있다. 다만 전력은 시 전체 제조업 총계이므로 이 업종의 값이 아니다.
경남 제조업 업황 심리지수가 기준선(100)을 밑돌아, 업종 고유 요인인지 지역 전반의 경기 흐름인지 구분해 확인할 필요가 있다.
같은 업종의 전국 업황 심리지수도 기준선을 밑돌아, 관측된 변화가 산단 고유 현상인지 전국 업종 흐름인지 확인할 필요가 있다.","가동률 하락이 일시적 생산조정인지 수주·수요 감소에 따른 것인지 확인할 필요가 있다.
확인된 품목 기준 수출이 함께 감소하고 있어, 외부수요 약화 가능성을 보려면 수출 감소가 특정 품목·기업에 집중되는지 추가 확인할 필요가 있다.
창원시 제조업 전체에서 입직자 감소가 함께 관측되므로, 고용 감소가 신규 채용 둔화와 함께 나타나는지 확인할 필요가 있다.
가동률 하락과 창원시 제조업 전력사용 감소가 함께 나타나 실제 생산활동 위축 여부를 추가 확인할 필요가 있다. 다만 전력은 시 전체 제조업 총계이므로 이 업종의 값이 아니다.
경남 제조업 업황 심리지수가 기준선(100)을 밑돌아, 업종 고유 요인인지 지역 전반의 경기 흐름인지 구분해 확인할 필요가 있다.
같은 업종의 전국 업황 심리지수도 기준선을 밑돌아, 관측된 변화가 산단 고유 현상인지 전국 업종 흐름인지 확인할 필요가 있다.
명목생산과 PPI 조정 생산의 방향이 달라, 이 분기의 생산 변화가 가격 때문인지 물량 때문인지 확인할 필요가 있다.
이 분기는 월별 원자료가 공표되지 않아 분기 내 지속 여부를 확인할 수 없다. 분기말 단일시점 값에만 의존한 판단임을 감안할 필요가 있다.",산업동향 · 기업지원 / 고용지원 · 직업훈련 / 산업동향,검토 대상 기능의 제안이며 특정 사업·예산의 선정이 아니다. 지원 여부는 담당자의 현장 확인 뒤에 기존 체계에서 결정한다.
기계,2022Q4,우선점검,산단 제조업 고용의 2.62% 감소(상위경계 2.0% 통과) → 보강: 생산 8.4% 감소 / 직전 분기에도 진입신호(지속),S4,1.0,-4.635313375515471,-8.447120157116705,-2945.0,60589.0,43131.31384666667,53.936955302538,4.635313375515471,1.713454309196794,2.621669500502969,8.447120157116705,True,True,False,False,수주잔량·가동률·휴업/감산·기업 수 변동·고용조정 계획 신고 여부를 확인한다(원인 후보이며 입증된 원인이 아님).,기업지원 기능 + 고용지원 기능,1455.0,1521.0,1461.0,-6.0,-0.4106776180698102,0.7284768211920589,77.9403692296882,-7.559492733850181,-6.373717240311805,monthly_simple_mean_approx,,60589.0,1455.0,False,메인 트랙,"1,461개 → 1,455개 (-6개, -0.4%)",,1,1,1,1,1,-8.447120157116705,A,대분류 직접 대응,1,기계및장비,-12.156231064462386,-12.156231064462386,True,-12.156231064462386,False,True,True,,,,-2.921859066318677,비교자료 없음,,기계·장비,29560.0,,비교자료 없음,,B,False,KICOX 산단 고용과 고용보험 피보험자는 모집단이 다르다(산단 입주 사업체 vs 창원시 전역 사업장). 수준·점유율 비교 금지.,,,,,,,,,,,,,,,,3.0,3.0,-13.422472349373438,-3.8801748168508787,0,2303139.0,-18.4388010979465,-10.403695316468387,332.0,B,mapped_chapters_only,0,True,True,usable,,538.0,439.0,0.0,창원시 전역 통관 · 연도창을 모두 확보한 HS6 합계(업종 수출 총액 아님),202202,115700.0,1.826182618261818,2063.0,-50.313102119460495,2617.0,-27.687206410610663,-554.0,408.0,True,False,True,False,창원시 전역 제조업 총계 · 반기 · 표본조사. 업종별 값이 아니며 입직-이직을 KICOX 고용 증감과 같다고 보지 않는다.,1531130801,-0.011314147535512742,5881,-0.7426160337552723,True,False,True,False,창원시 전역 제조업 총계 전력사용량 · 월→분기 합계. 업종별 값이 아니며 가동률과 개념·모집단이 다르다.,70.67,90.67,82.67,88.67,77.33,74.5,C,2.0,True,True,True,경상남도 제조업 총계(업종 공통 배경),전국 업종별 심리지수. 창원국가산단 개별 업종의 신호가 아니라 같은 업종의 전국 분위기다.,False,False,True,True,,False,PPI 조정 생산,2,가동 위축 신호 · 실질생산 위축 신호(PPI 조정),가동 위축 신호,"대표 확인신호는 표시순서에 따른 요약이며, 유일한 원인이 아니다. 확인신호 프로필 전체를 함께 읽어야 한다.",False,False,False,False,False,True,False,False,False,False,,True,False,False,2,연간보정 개정본 사용 구간 · 월별 원자료 미제공 구간,가중치 근거가 없어 신뢰도 점수를 만들지 않는다. 플래그를 그대로 읽는다.,"가동률 하락이 일시적 생산조정인지 수주·수요 감소에 따른 것인지 확인할 필요가 있다.
명목생산 변화에 가격효과가 포함되어 있으므로 실제 물량이 줄었는지 추가로 확인할 필요가 있다.","이 분기는 월별 원자료가 공표되지 않아 분기 내 지속 여부를 확인할 수 없다. 분기말 단일시점 값에만 의존한 판단임을 감안할 필요가 있다.
연간보정 개정본을 사용한 구간이다. 이후 재개정 시 값이 달라질 수 있음을 확인할 필요가 있다.","확인된 품목 기준 수출이 함께 감소하고 있어, 외부수요 약화 가능성을 보려면 수출 감소가 특정 품목·기업에 집중되는지 추가 확인할 필요가 있다.
창원시 제조업 전체에서 입직자 감소가 함께 관측되므로, 고용 감소가 신규 채용 둔화와 함께 나타나는지 확인할 필요가 있다.
가동률 하락과 창원시 제조업 전력사용 감소가 함께 나타나 실제 생산활동 위축 여부를 추가 확인할 필요가 있다. 다만 전력은 시 전체 제조업 총계이므로 이 업종의 값이 아니다.
경남 제조업 업황 심리지수가 기준선(100)을 밑돌아, 업종 고유 요인인지 지역 전반의 경기 흐름인지 구분해 확인할 필요가 있다.
같은 업종의 전국 업황 심리지수도 기준선을 밑돌아, 관측된 변화가 산단 고유 현상인지 전국 업종 흐름인지 확인할 필요가 있다.","가동률 하락이 일시적 생산조정인지 수주·수요 감소에 따른 것인지 확인할 필요가 있다.
명목생산 변화에 가격효과가 포함되어 있으므로 실제 물량이 줄었는지 추가로 확인할 필요가 있다.
확인된 품목 기준 수출이 함께 감소하고 있어, 외부수요 약화 가능성을 보려면 수출 감소가 특정 품목·기업에 집중되는지 추가 확인할 필요가 있다.
창원시 제조업 전체에서 입직자 감소가 함께 관측되므로, 고용 감소가 신규 채용 둔화와 함께 나타나는지 확인할 필요가 있다.
가동률 하락과 창원시 제조업 전력사용 감소가 함께 나타나 실제 생산활동 위축 여부를 추가 확인할 필요가 있다. 다만 전력은 시 전체 제조업 총계이므로 이 업종의 값이 아니다.
경남 제조업 업황 심리지수가 기준선(100)을 밑돌아, 업종 고유 요인인지 지역 전반의 경기 흐름인지 구분해 확인할 필요가 있다.
같은 업종의 전국 업황 심리지수도 기준선을 밑돌아, 관측된 변화가 산단 고유 현상인지 전국 업종 흐름인지 확인할 필요가 있다.
이 분기는 월별 원자료가 공표되지 않아 분기 내 지속 여부를 확인할 수 없다. 분기말 단일시점 값에만 의존한 판단임을 감안할 필요가 있다.
연간보정 개정본을 사용한 구간이다. 이후 재개정 시 값이 달라질 수 있음을 확인할 필요가 있다.",산업동향 · 기업지원 / 산업동향 / 고용지원 · 직업훈련,검토 대상 기능의 제안이며 특정 사업·예산의 선정이 아니다. 지원 여부는 담당자의 현장 확인 뒤에 기존 체계에서 결정한다.
기타,2022Q4,추가확인,고용감소 19.4%(상위경계 10% 통과) · 산단평균 대비 16.5%p 열위(상위경계 통과) [상위경계 통과했으나 고용 158인 < 300인으로 우선점검 제외],S4,4.0,-19.387755102040817,-38.65204843850605,-38.0,158.0,97.7825,0.1406532363597518,19.387755102040817,16.46589603572214,0.033827993554877,38.65204843850605,False,False,False,False,수주잔량·가동률·휴업/감산·기업 수 변동·고용조정 계획 신고 여부를 확인한다(원인 후보이며 입증된 원인이 아님).,기업지원 기능 + 고용지원 기능,23.0,24.0,24.0,-1.0,-4.1666666666666625,-4.0000000000000036,83.29490718526534,0.6621315680233941,0.5478940952653488,monthly_simple_mean_approx,,158.0,23.0,True,소규모 집계 트랙,"24개 → 23개 (-1개, -4.2%)","소규모 집계 트랙은 업종을 배제하는 장치가 아니라, 분모가 작아 비율 변동이 커지는 집계군을 별도 방식으로 읽기 위한 표시다.",1,1,1,1,1,-38.65204843850605,D,대응 항목 없음 — 조정 생산 산출 불가,0,,,,True,,False,,,,,,-2.921859066318677,비교자료 없음,,,,,비교자료 없음,,,False,KICOX 산단 고용과 고용보험 피보험자는 모집단이 다르다(산단 입주 사업체 vs 창원시 전역 사업장). 수준·점유율 비교 금지.,,,,,,,,,,,,,,,,3.0,3.0,-43.973815393114435,-24.264193329388572,0,,,,,,no_data,0,False,,no_mapped_chapter,해당 업종에 귀속 근거가 있는 HS 류가 없다,,,,창원시 전역 통관 · 연도창을 모두 확보한 HS6 합계(업종 수출 총액 아님),202202,115700.0,1.826182618261818,2063.0,-50.313102119460495,2617.0,-27.687206410610663,-554.0,408.0,True,False,True,False,창원시 전역 제조업 총계 · 반기 · 표본조사. 업종별 값이 아니며 입직-이직을 KICOX 고용 증감과 같다고 보지 않는다.,1531130801,-0.011314147535512742,5881,-0.7426160337552723,True,False,False,True,창원시 전역 제조업 총계 전력사용량 · 월→분기 합계. 업종별 값이 아니며 가동률과 개념·모집단이 다르다.,70.67,90.67,82.67,88.67,77.33,,,,True,,True,경상남도 제조업 총계(업종 공통 배경),전국 업종별 심리지수. 창원국가산단 개별 업종의 신호가 아니라 같은 업종의 전국 분위기다.,,True,False,,,False,명목 생산만(가격효과 미조정),1,업체수 감소 신호,업체수 감소 신호,,True,False,False,False,False,True,False,True,True,False,,True,False,False,4,PPI 매핑 불확실(C·D 등급) · 소규모 분모 — 비율 변동 과대 가능 · 연간보정 개정본 사용 구간 · 월별 원자료 미제공 구간,가중치 근거가 없어 신뢰도 점수를 만들지 않는다. 플래그를 그대로 읽는다.,"가동업체 감소가 실제 퇴거·폐업·통합·휴업에 따른 것인지, 아니면 조사대상 변동이나 집계기준 변경에 따른 것인지 확인할 필요가 있다.","이 업종은 생산자물가지수 대응 후보가 복수이거나 없어, PPI 조정 생산을 단일값으로 해석하지 않고 원자료로 확인할 필요가 있다.
업체수·고용 규모가 작아 비율 변동이 크게 나타난다. 절대 증감 개수로 다시 확인할 필요가 있다.
이 분기는 월별 원자료가 공표되지 않아 분기 내 지속 여부를 확인할 수 없다. 분기말 단일시점 값에만 의존한 판단임을 감안할 필요가 있다.
연간보정 개정본을 사용한 구간이다. 이후 재개정 시 값이 달라질 수 있음을 확인할 필요가 있다.","창원시 제조업 전체에서 입직자 감소가 함께 관측되므로, 고용 감소가 신규 채용 둔화와 함께 나타나는지 확인할 필요가 있다.
가동률과 전력사용의 방향이 달라 업종 구성·설비 특성·자료범위(산단 vs 시 전체) 차이를 추가 확인할 필요가 있다.
경남 제조업 업황 심리지수가 기준선(100)을 밑돌아, 업종 고유 요인인지 지역 전반의 경기 흐름인지 구분해 확인할 필요가 있다.","가동업체 감소가 실제 퇴거·폐업·통합·휴업에 따른 것인지, 아니면 조사대상 변동이나 집계기준 변경에 따른 것인지 확인할 필요가 있다.
창원시 제조업 전체에서 입직자 감소가 함께 관측되므로, 고용 감소가 신규 채용 둔화와 함께 나타나는지 확인할 필요가 있다.
가동률과 전력사용의 방향이 달라 업종 구성·설비 특성·자료범위(산단 vs 시 전체) 차이를 추가 확인할 필요가 있다.
경남 제조업 업황 심리지수가 기준선(100)을 밑돌아, 업종 고유 요인인지 지역 전반의 경기 흐름인지 구분해 확인할 필요가 있다.
이 업종은 생산자물가지수 대응 후보가 복수이거나 없어, PPI 조정 생산을 단일값으로 해석하지 않고 원자료로 확인할 필요가 있다.
업체수·고용 규모가 작아 비율 변동이 크게 나타난다. 절대 증감 개수로 다시 확인할 필요가 있다.
이 분기는 월별 원자료가 공표되지 않아 분기 내 지속 여부를 확인할 수 없다. 분기말 단일시점 값에만 의존한 판단임을 감안할 필요가 있다.
연간보정 개정본을 사용한 구간이다. 이후 재개정 시 값이 달라질 수 있음을 확인할 필요가 있다.",산업동향 · 기업지원 / 고용지원 · 직업훈련 / 산업동향,검토 대상 기능의 제안이며 특정 사업·예산의 선정이 아니다. 지원 여부는 담당자의 현장 확인 뒤에 기존 체계에서 결정한다.
목재종이,2022Q4,관찰,고용 축 진입신호 없음 (생산 49.9% 단독 감소 — 확인질문에 반영),S4,1.0,-1.4981273408239737,-49.854039744705545,-4.0,263.0,69.14124999999999,0.2341253238140172,1.4981273408239737,0.0,0.0035608414268291,49.854039744705545,False,False,False,False,수주잔량·가동률·휴업/감산·기업 수 변동·고용조정 계획 신고 여부를 확인한다(원인 후보이며 입증된 원인이 아님).,기업지원 기능 + 고용지원 기능,40.0,45.0,39.0,1.0,2.564102564102555,4.651162790697683,76.02979319150306,-11.81004311517102,-10.18160306849694,monthly_simple_mean_approx,,263.0,40.0,True,소규모 집계 트랙,"39개 → 40개 (+1개, +2.6%)","소규모 집계 트랙은 업종을 배제하는 장치가 아니라, 분모가 작아 비율 변동이 커지는 집계군을 별도 방식으로 읽기 위한 표시다.",1,1,1,1,1,-49.854039744705545,A,대분류 직접 대응,1,목재및종이제품,-52.99600047135784,-52.99600047135784,True,-52.99600047135784,False,True,True,,,,-2.921859066318677,비교자료 없음,,,,,비교자료 없음,,,False,KICOX 산단 고용과 고용보험 피보험자는 모집단이 다르다(산단 입주 사업체 vs 창원시 전역 사업장). 수준·점유율 비교 금지.,,,,,,,,,,,,,,,,3.0,3.0,-49.898190864213774,-49.7770375070502,0,,,,,,no_data,0,False,,no_mapped_chapter,해당 업종에 귀속 근거가 있는 HS 류가 없다,,,,창원시 전역 통관 · 연도창을 모두 확보한 HS6 합계(업종 수출 총액 아님),202202,115700.0,1.826182618261818,2063.0,-50.313102119460495,2617.0,-27.687206410610663,-554.0,408.0,True,False,True,False,창원시 전역 제조업 총계 · 반기 · 표본조사. 업종별 값이 아니며 입직-이직을 KICOX 고용 증감과 같다고 보지 않는다.,1531130801,-0.011314147535512742,5881,-0.7426160337552723,True,False,True,False,창원시 전역 제조업 총계 전력사용량 · 월→분기 합계. 업종별 값이 아니며 가동률과 개념·모집단이 다르다.,70.67,90.67,82.67,88.67,77.33,55.0,A,2.0,True,True,True,경상남도 제조업 총계(업종 공통 배경),전국 업종별 심리지수. 창원국가산단 개별 업종의 신호가 아니라 같은 업종의 전국 분위기다.,,False,True,True,,False,PPI 조정 생산,2,가동 위축 신호 · 실질생산 위축 신호(PPI 조정),가동 위축 신호,"대표 확인신호는 표시순서에 따른 요약이며, 유일한 원인이 아니다. 확인신호 프로필 전체를 함께 읽어야 한다.",False,False,False,False,False,True,False,False,True,False,,True,False,False,3,소규모 분모 — 비율 변동 과대 가능 · 연간보정 개정본 사용 구간 · 월별 원자료 미제공 구간,가중치 근거가 없어 신뢰도 점수를 만들지 않는다. 플래그를 그대로 읽는다.,"가동률 하락이 일시적 생산조정인지 수주·수요 감소에 따른 것인지 확인할 필요가 있다.
명목생산 변화에 가격효과가 포함되어 있으므로 실제 물량이 줄었는지 추가로 확인할 필요가 있다.","업체수·고용 규모가 작아 비율 변동이 크게 나타난다. 절대 증감 개수로 다시 확인할 필요가 있다.
이 분기는 월별 원자료가 공표되지 않아 분기 내 지속 여부를 확인할 수 없다. 분기말 단일시점 값에만 의존한 판단임을 감안할 필요가 있다.
연간보정 개정본을 사용한 구간이다. 이후 재개정 시 값이 달라질 수 있음을 확인할 필요가 있다.","창원시 제조업 전체에서 입직자 감소가 함께 관측되므로, 고용 감소가 신규 채용 둔화와 함께 나타나는지 확인할 필요가 있다.
가동률 하락과 창원시 제조업 전력사용 감소가 함께 나타나 실제 생산활동 위축 여부를 추가 확인할 필요가 있다. 다만 전력은 시 전체 제조업 총계이므로 이 업종의 값이 아니다.
경남 제조업 업황 심리지수가 기준선(100)을 밑돌아, 업종 고유 요인인지 지역 전반의 경기 흐름인지 구분해 확인할 필요가 있다.
같은 업종의 전국 업황 심리지수도 기준선을 밑돌아, 관측된 변화가 산단 고유 현상인지 전국 업종 흐름인지 확인할 필요가 있다.","가동률 하락이 일시적 생산조정인지 수주·수요 감소에 따른 것인지 확인할 필요가 있다.
명목생산 변화에 가격효과가 포함되어 있으므로 실제 물량이 줄었는지 추가로 확인할 필요가 있다.
창원시 제조업 전체에서 입직자 감소가 함께 관측되므로, 고용 감소가 신규 채용 둔화와 함께 나타나는지 확인할 필요가 있다.
가동률 하락과 창원시 제조업 전력사용 감소가 함께 나타나 실제 생산활동 위축 여부를 추가 확인할 필요가 있다. 다만 전력은 시 전체 제조업 총계이므로 이 업종의 값이 아니다.
경남 제조업 업황 심리지수가 기준선(100)을 밑돌아, 업종 고유 요인인지 지역 전반의 경기 흐름인지 구분해 확인할 필요가 있다.
같은 업종의 전국 업황 심리지수도 기준선을 밑돌아, 관측된 변화가 산단 고유 현상인지 전국 업종 흐름인지 확인할 필요가 있다.
업체수·고용 규모가 작아 비율 변동이 크게 나타난다. 절대 증감 개수로 다시 확인할 필요가 있다.
이 분기는 월별 원자료가 공표되지 않아 분기 내 지속 여부를 확인할 수 없다. 분기말 단일시점 값에만 의존한 판단임을 감안할 필요가 있다.
연간보정 개정본을 사용한 구간이다. 이후 재개정 시 값이 달라질 수 있음을 확인할 필요가 있다.",산업동향 · 기업지원 / 산업동향 / 고용지원 · 직업훈련,검토 대상 기능의 제안이며 특정 사업·예산의 선정이 아니다. 지원 여부는 담당자의 현장 확인 뒤에 기존 체계에서 결정한다.
비금속,2022Q4,관찰,고용 축 진입신호 없음,S2,4.0,-3.383458646616544,14.37809958341596,-9.0,257.0,144.14499999999998,0.2287840616737735,3.383458646616544,0.4615995802978667,0.0080118932103656,0.0,False,False,False,False,"자동화·설비투자, 외주·도급 전환, 미충원·숙련 불일치, 직무구조 변화 가능성을 질문으로 확인한다(원인 후보이며 입증된 원인이 아님).",고용·훈련 기능 + 기업지원 기능,5.0,5.0,5.0,0.0,0.0,0.0,50.84295421136765,6.527211240846209,3.11528574136765,monthly_simple_mean_approx,,257.0,5.0,True,소규모 집계 트랙,"5개 → 5개 (+0개, +0.0%)","소규모 집계 트랙은 업종을 배제하는 장치가 아니라, 분모가 작아 비율 변동이 커지는 집계군을 별도 방식으로 읽기 위한 표시다.",1,1,1,1,1,14.37809958341596,A,대분류 직접 대응,1,비금속광물제품,-0.48833859474448627,-0.48833859474448627,True,-0.48833859474448627,False,False,True,,,,-2.921859066318677,비교자료 없음,,,,,비교자료 없음,,,False,KICOX 산단 고용과 고용보험 피보험자는 모집단이 다르다(산단 입주 사업체 vs 창원시 전역 사업장). 수준·점유율 비교 금지.,,,,,,,,,,,,,,,,3.0,0.0,8.026267785479746,23.02472685451409,0,,,,,,no_data,0,False,,no_mapped_chapter,해당 업종에 귀속 근거가 있는 HS 류가 없다,,,,창원시 전역 통관 · 연도창을 모두 확보한 HS6 합계(업종 수출 총액 아님),202202,115700.0,1.826182618261818,2063.0,-50.313102119460495,2617.0,-27.687206410610663,-554.0,408.0,True,False,True,False,창원시 전역 제조업 총계 · 반기 · 표본조사. 업종별 값이 아니며 입직-이직을 KICOX 고용 증감과 같다고 보지 않는다.,1531130801,-0.011314147535512742,5881,-0.7426160337552723,True,False,False,True,창원시 전역 제조업 총계 전력사용량 · 월→분기 합계. 업종별 값이 아니며 가동률과 개념·모집단이 다르다.,70.67,90.67,82.67,88.67,77.33,65.33,A,1.0,True,True,True,경상남도 제조업 총계(업종 공통 배경),전국 업종별 심리지수. 창원국가산단 개별 업종의 신호가 아니라 같은 업종의 전국 분위기다.,,False,False,False,,False,PPI 조정 생산,0,해석 보류,해석 보류,,False,False,False,False,False,True,True,False,True,False,,True,False,False,4,명목·PPI 조정 생산 방향 불일치 · 소규모 분모 — 비율 변동 과대 가능 · 연간보정 개정본 사용 구간 · 월별 원자료 미제공 구간,가중치 근거가 없어 신뢰도 점수를 만들지 않는다. 플래그를 그대로 읽는다.,,"명목생산과 PPI 조정 생산의 방향이 달라, 이 분기의 생산 변화가 가격 때문인지 물량 때문인지 확인할 필요가 있다.
업체수·고용 규모가 작아 비율 변동이 크게 나타난다. 절대 증감 개수로 다시 확인할 필요가 있다.
이 분기는 월별 원자료가 공표되지 않아 분기 내 지속 여부를 확인할 수 없다. 분기말 단일시점 값에만 의존한 판단임을 감안할 필요가 있다.
연간보정 개정본을 사용한 구간이다. 이후 재개정 시 값이 달라질 수 있음을 확인할 필요가 있다.","창원시 제조업 전체에서 입직자 감소가 함께 관측되므로, 고용 감소가 신규 채용 둔화와 함께 나타나는지 확인할 필요가 있다.
가동률과 전력사용의 방향이 달라 업종 구성·설비 특성·자료범위(산단 vs 시 전체) 차이를 추가 확인할 필요가 있다.
경남 제조업 업황 심리지수가 기준선(100)을 밑돌아, 업종 고유 요인인지 지역 전반의 경기 흐름인지 구분해 확인할 필요가 있다.
같은 업종의 전국 업황 심리지수도 기준선을 밑돌아, 관측된 변화가 산단 고유 현상인지 전국 업종 흐름인지 확인할 필요가 있다.","창원시 제조업 전체에서 입직자 감소가 함께 관측되므로, 고용 감소가 신규 채용 둔화와 함께 나타나는지 확인할 필요가 있다.
가동률과 전력사용의 방향이 달라 업종 구성·설비 특성·자료범위(산단 vs 시 전체) 차이를 추가 확인할 필요가 있다.
경남 제조업 업황 심리지수가 기준선(100)을 밑돌아, 업종 고유 요인인지 지역 전반의 경기 흐름인지 구분해 확인할 필요가 있다.
같은 업종의 전국 업황 심리지수도 기준선을 밑돌아, 관측된 변화가 산단 고유 현상인지 전국 업종 흐름인지 확인할 필요가 있다.
명목생산과 PPI 조정 생산의 방향이 달라, 이 분기의 생산 변화가 가격 때문인지 물량 때문인지 확인할 필요가 있다.
업체수·고용 규모가 작아 비율 변동이 크게 나타난다. 절대 증감 개수로 다시 확인할 필요가 있다.
이 분기는 월별 원자료가 공표되지 않아 분기 내 지속 여부를 확인할 수 없다. 분기말 단일시점 값에만 의존한 판단임을 감안할 필요가 있다.
연간보정 개정본을 사용한 구간이다. 이후 재개정 시 값이 달라질 수 있음을 확인할 필요가 있다.",고용지원 · 직업훈련 / 산업동향,검토 대상 기능의 제안이며 특정 사업·예산의 선정이 아니다. 지원 여부는 담당자의 현장 확인 뒤에 기존 체계에서 결정한다.
석유화학,2022Q4,관찰,고용 축 진입신호 없음,S1,4.0,11.023622047244096,42.66686889180007,56.0,564.0,885.7425,0.5020786411829116,0.0,0.0,0.0,0.0,True,False,False,False,미충원·숙련수요·증가의 지속가능성을 확인한다.,고용·훈련 기능,40.0,44.0,40.0,0.0,0.0,7.317073170731714,85.51131730419269,-6.880278771848102,-6.3181213758073085,monthly_simple_mean_approx,,564.0,40.0,False,메인 트랙,"40개 → 40개 (+0개, +0.0%)",,1,1,1,1,1,42.66686889180007,C,복수 후보만 존재 — 가중치 근거 없음. 밴드로만 해석,2,석탄및석유제품|화학제품,12.050153775502004,35.87375066934797,True,,True,,,False,False,,-2.921859066318677,비교자료 없음,,,,,비교자료 없음,,,False,KICOX 산단 고용과 고용보험 피보험자는 모집단이 다르다(산단 입주 사업체 vs 창원시 전역 사업장). 수준·점유율 비교 금지.,,,,,,,,,,,,,,,,3.0,0.0,19.296908104873147,75.71747139809966,0,,,,,,no_data,0,False,,no_mapped_chapter,해당 업종에 귀속 근거가 있는 HS 류가 없다,,,,창원시 전역 통관 · 연도창을 모두 확보한 HS6 합계(업종 수출 총액 아님),202202,115700.0,1.826182618261818,2063.0,-50.313102119460495,2617.0,-27.687206410610663,-554.0,408.0,True,False,True,False,창원시 전역 제조업 총계 · 반기 · 표본조사. 업종별 값이 아니며 입직-이직을 KICOX 고용 증감과 같다고 보지 않는다.,1531130801,-0.011314147535512742,5881,-0.7426160337552723,True,False,True,False,창원시 전역 제조업 총계 전력사용량 · 월→분기 합계. 업종별 값이 아니며 가동률과 개념·모집단이 다르다.,70.67,90.67,82.67,88.67,77.33,64.67,B,3.0,True,True,True,경상남도 제조업 총계(업종 공통 배경),전국 업종별 심리지수. 창원국가산단 개별 업종의 신호가 아니라 같은 업종의 전국 분위기다.,,False,True,,후보 모두 위축 아님,False,명목 생산만(가격효과 미조정),1,가동 위축 신호,가동 위축 신호,,True,False,False,False,False,True,False,True,False,False,,True,False,False,3,PPI 매핑 불확실(C·D 등급) · 연간보정 개정본 사용 구간 · 월별 원자료 미제공 구간,가중치 근거가 없어 신뢰도 점수를 만들지 않는다. 플래그를 그대로 읽는다.,가동률 하락이 일시적 생산조정인지 수주·수요 감소에 따른 것인지 확인할 필요가 있다.,"이 업종은 생산자물가지수 대응 후보가 복수이거나 없어, PPI 조정 생산을 단일값으로 해석하지 않고 원자료로 확인할 필요가 있다.
이 분기는 월별 원자료가 공표되지 않아 분기 내 지속 여부를 확인할 수 없다. 분기말 단일시점 값에만 의존한 판단임을 감안할 필요가 있다.
연간보정 개정본을 사용한 구간이다. 이후 재개정 시 값이 달라질 수 있음을 확인할 필요가 있다.","창원시 제조업 전체에서 입직자 감소가 함께 관측되므로, 고용 감소가 신규 채용 둔화와 함께 나타나는지 확인할 필요가 있다.
가동률 하락과 창원시 제조업 전력사용 감소가 함께 나타나 실제 생산활동 위축 여부를 추가 확인할 필요가 있다. 다만 전력은 시 전체 제조업 총계이므로 이 업종의 값이 아니다.
경남 제조업 업황 심리지수가 기준선(100)을 밑돌아, 업종 고유 요인인지 지역 전반의 경기 흐름인지 구분해 확인할 필요가 있다.
같은 업종의 전국 업황 심리지수도 기준선을 밑돌아, 관측된 변화가 산단 고유 현상인지 전국 업종 흐름인지 확인할 필요가 있다.","가동률 하락이 일시적 생산조정인지 수주·수요 감소에 따른 것인지 확인할 필요가 있다.
창원시 제조업 전체에서 입직자 감소가 함께 관측되므로, 고용 감소가 신규 채용 둔화와 함께 나타나는지 확인할 필요가 있다.
가동률 하락과 창원시 제조업 전력사용 감소가 함께 나타나 실제 생산활동 위축 여부를 추가 확인할 필요가 있다. 다만 전력은 시 전체 제조업 총계이므로 이 업종의 값이 아니다.
경남 제조업 업황 심리지수가 기준선(100)을 밑돌아, 업종 고유 요인인지 지역 전반의 경기 흐름인지 구분해 확인할 필요가 있다.
같은 업종의 전국 업황 심리지수도 기준선을 밑돌아, 관측된 변화가 산단 고유 현상인지 전국 업종 흐름인지 확인할 필요가 있다.
이 업종은 생산자물가지수 대응 후보가 복수이거나 없어, PPI 조정 생산을 단일값으로 해석하지 않고 원자료로 확인할 필요가 있다.
이 분기는 월별 원자료가 공표되지 않아 분기 내 지속 여부를 확인할 수 없다. 분기말 단일시점 값에만 의존한 판단임을 감안할 필요가 있다.
연간보정 개정본을 사용한 구간이다. 이후 재개정 시 값이 달라질 수 있음을 확인할 필요가 있다.",산업동향 · 기업지원 / 고용지원 · 직업훈련 / 산업동향,검토 대상 기능의 제안이며 특정 사업·예산의 선정이 아니다. 지원 여부는 담당자의 현장 확인 뒤에 기존 체계에서 결정한다.
섬유의복,2022Q4,관찰,고용 축 진입신호 없음,S1,1.0,64.1025641025641,698.1666666666666,25.0,64.0,11.9725,0.0569734628292665,0.0,0.0,0.0,0.0,False,False,False,False,미충원·숙련수요·증가의 지속가능성을 확인한다.,고용·훈련 기능,8.0,9.0,11.0,-3.0,-27.27272727272727,-25.0,100.0,100.0,50.0,monthly_simple_mean_approx,,64.0,8.0,True,소규모 집계 트랙,"11개 → 8개 (-3개, -27.3%)","소규모 집계 트랙은 업종을 배제하는 장치가 아니라, 분모가 작아 비율 변동이 커지는 집계군을 별도 방식으로 읽기 위한 표시다.",1,1,1,1,1,698.1666666666666,A,대분류 직접 대응,1,섬유및의복,639.1760220127206,639.1760220127206,True,639.1760220127206,False,True,True,,,,-2.921859066318677,비교자료 없음,,,,,비교자료 없음,,,False,KICOX 산단 고용과 고용보험 피보험자는 모집단이 다르다(산단 입주 사업체 vs 창원시 전역 사업장). 수준·점유율 비교 금지.,,,,,,,,,,,,,,,,3.0,0.0,300.1666666666667,1364.1666666666667,0,,,,,,no_data,0,False,,no_mapped_chapter,해당 업종에 귀속 근거가 있는 HS 류가 없다,,,,창원시 전역 통관 · 연도창을 모두 확보한 HS6 합계(업종 수출 총액 아님),202202,115700.0,1.826182618261818,2063.0,-50.313102119460495,2617.0,-27.687206410610663,-554.0,408.0,True,False,True,False,창원시 전역 제조업 총계 · 반기 · 표본조사. 업종별 값이 아니며 입직-이직을 KICOX 고용 증감과 같다고 보지 않는다.,1531130801,-0.011314147535512742,5881,-0.7426160337552723,True,False,False,True,창원시 전역 제조업 총계 전력사용량 · 월→분기 합계. 업종별 값이 아니며 가동률과 개념·모집단이 다르다.,70.67,90.67,82.67,88.67,77.33,57.17,A,2.0,True,True,True,경상남도 제조업 총계(업종 공통 배경),전국 업종별 심리지수. 창원국가산단 개별 업종의 신호가 아니라 같은 업종의 전국 분위기다.,,True,False,False,,False,PPI 조정 생산,1,업체수 감소 신호,업체수 감소 신호,,False,False,False,False,False,True,False,False,True,False,,True,False,False,3,소규모 분모 — 비율 변동 과대 가능 · 연간보정 개정본 사용 구간 · 월별 원자료 미제공 구간,가중치 근거가 없어 신뢰도 점수를 만들지 않는다. 플래그를 그대로 읽는다.,"가동업체 감소가 실제 퇴거·폐업·통합·휴업에 따른 것인지, 아니면 조사대상 변동이나 집계기준 변경에 따른 것인지 확인할 필요가 있다.","업체수·고용 규모가 작아 비율 변동이 크게 나타난다. 절대 증감 개수로 다시 확인할 필요가 있다.
이 분기는 월별 원자료가 공표되지 않아 분기 내 지속 여부를 확인할 수 없다. 분기말 단일시점 값에만 의존한 판단임을 감안할 필요가 있다.
연간보정 개정본을 사용한 구간이다. 이후 재개정 시 값이 달라질 수 있음을 확인할 필요가 있다.","창원시 제조업 전체에서 입직자 감소가 함께 관측되므로, 고용 감소가 신규 채용 둔화와 함께 나타나는지 확인할 필요가 있다.
가동률과 전력사용의 방향이 달라 업종 구성·설비 특성·자료범위(산단 vs 시 전체) 차이를 추가 확인할 필요가 있다.
경남 제조업 업황 심리지수가 기준선(100)을 밑돌아, 업종 고유 요인인지 지역 전반의 경기 흐름인지 구분해 확인할 필요가 있다.
같은 업종의 전국 업황 심리지수도 기준선을 밑돌아, 관측된 변화가 산단 고유 현상인지 전국 업종 흐름인지 확인할 필요가 있다.","가동업체 감소가 실제 퇴거·폐업·통합·휴업에 따른 것인지, 아니면 조사대상 변동이나 집계기준 변경에 따른 것인지 확인할 필요가 있다.
창원시 제조업 전체에서 입직자 감소가 함께 관측되므로, 고용 감소가 신규 채용 둔화와 함께 나타나는지 확인할 필요가 있다.
가동률과 전력사용의 방향이 달라 업종 구성·설비 특성·자료범위(산단 vs 시 전체) 차이를 추가 확인할 필요가 있다.
경남 제조업 업황 심리지수가 기준선(100)을 밑돌아, 업종 고유 요인인지 지역 전반의 경기 흐름인지 구분해 확인할 필요가 있다.
같은 업종의 전국 업황 심리지수도 기준선을 밑돌아, 관측된 변화가 산단 고유 현상인지 전국 업종 흐름인지 확인할 필요가 있다.
업체수·고용 규모가 작아 비율 변동이 크게 나타난다. 절대 증감 개수로 다시 확인할 필요가 있다.
이 분기는 월별 원자료가 공표되지 않아 분기 내 지속 여부를 확인할 수 없다. 분기말 단일시점 값에만 의존한 판단임을 감안할 필요가 있다.
연간보정 개정본을 사용한 구간이다. 이후 재개정 시 값이 달라질 수 있음을 확인할 필요가 있다.",산업동향 · 기업지원 / 고용지원 · 직업훈련 / 산업동향,검토 대상 기능의 제안이며 특정 사업·예산의 선정이 아니다. 지원 여부는 담당자의 현장 확인 뒤에 기존 체계에서 결정한다.
운송장비,2022Q4,관찰,고용 축 진입신호 없음,S1,1.0,2.5108612317914725,39.99013394114541,393.0,16045.0,38041.10960633333,14.283425173368466,0.0,0.0,0.0,0.0,True,False,False,False,미충원·숙련수요·증가의 지속가능성을 확인한다.,고용·훈련 기능,242.0,247.0,242.0,0.0,0.0,1.6460905349794164,93.3321226539203,7.777295952649244,6.7349206839202935,monthly_simple_mean_approx,,16045.0,242.0,False,메인 트랙,"242개 → 242개 (+0개, +0.0%)",,1,1,1,1,1,39.99013394114541,A,대분류 직접 대응,1,운송장비,36.200706138686556,36.200706138686556,True,36.200706138686556,False,True,True,,,,-2.921859066318677,비교자료 없음,,자동차·부품,17166.0,,비교자료 없음,,C,False,KICOX 산단 고용과 고용보험 피보험자는 모집단이 다르다(산단 입주 사업체 vs 창원시 전역 사업장). 수준·점유율 비교 금지.,,,,,,,,,,,,,,,,3.0,0.0,33.33478760166233,44.65215956232809,0,652116.0,47.41082327410824,31.35887355452107,58.0,A,mapped_chapters_only,0,True,False,usable,,123.0,81.0,0.0,창원시 전역 통관 · 연도창을 모두 확보한 HS6 합계(업종 수출 총액 아님),202202,115700.0,1.826182618261818,2063.0,-50.313102119460495,2617.0,-27.687206410610663,-554.0,408.0,True,False,True,False,창원시 전역 제조업 총계 · 반기 · 표본조사. 업종별 값이 아니며 입직-이직을 KICOX 고용 증감과 같다고 보지 않는다.,1531130801,-0.011314147535512742,5881,-0.7426160337552723,True,False,False,True,창원시 전역 제조업 총계 전력사용량 · 월→분기 합계. 업종별 값이 아니며 가동률과 개념·모집단이 다르다.,70.67,90.67,82.67,88.67,77.33,87.0,A,2.0,True,True,True,경상남도 제조업 총계(업종 공통 배경),전국 업종별 심리지수. 창원국가산단 개별 업종의 신호가 아니라 같은 업종의 전국 분위기다.,False,False,False,False,,False,PPI 조정 생산,0,해석 보류,해석 보류,,False,False,False,False,False,True,False,False,False,False,,True,True,False,3,연간보정 개정본 사용 구간 · 외부자료 업종 대응 불확실 · 월별 원자료 미제공 구간,가중치 근거가 없어 신뢰도 점수를 만들지 않는다. 플래그를 그대로 읽는다.,,"이 분기는 월별 원자료가 공표되지 않아 분기 내 지속 여부를 확인할 수 없다. 분기말 단일시점 값에만 의존한 판단임을 감안할 필요가 있다.
연간보정 개정본을 사용한 구간이다. 이후 재개정 시 값이 달라질 수 있음을 확인할 필요가 있다.
외부 자료의 업종 구분이 산단 10업종과 정확히 대응하지 않는다. 비교 결과를 참고로만 읽고 대응 범위를 확인할 필요가 있다.","창원시 제조업 전체에서 입직자 감소가 함께 관측되므로, 고용 감소가 신규 채용 둔화와 함께 나타나는지 확인할 필요가 있다.
가동률과 전력사용의 방향이 달라 업종 구성·설비 특성·자료범위(산단 vs 시 전체) 차이를 추가 확인할 필요가 있다.
경남 제조업 업황 심리지수가 기준선(100)을 밑돌아, 업종 고유 요인인지 지역 전반의 경기 흐름인지 구분해 확인할 필요가 있다.
같은 업종의 전국 업황 심리지수도 기준선을 밑돌아, 관측된 변화가 산단 고유 현상인지 전국 업종 흐름인지 확인할 필요가 있다.","창원시 제조업 전체에서 입직자 감소가 함께 관측되므로, 고용 감소가 신규 채용 둔화와 함께 나타나는지 확인할 필요가 있다.
가동률과 전력사용의 방향이 달라 업종 구성·설비 특성·자료범위(산단 vs 시 전체) 차이를 추가 확인할 필요가 있다.
경남 제조업 업황 심리지수가 기준선(100)을 밑돌아, 업종 고유 요인인지 지역 전반의 경기 흐름인지 구분해 확인할 필요가 있다.
같은 업종의 전국 업황 심리지수도 기준선을 밑돌아, 관측된 변화가 산단 고유 현상인지 전국 업종 흐름인지 확인할 필요가 있다.
이 분기는 월별 원자료가 공표되지 않아 분기 내 지속 여부를 확인할 수 없다. 분기말 단일시점 값에만 의존한 판단임을 감안할 필요가 있다.
연간보정 개정본을 사용한 구간이다. 이후 재개정 시 값이 달라질 수 있음을 확인할 필요가 있다.
외부 자료의 업종 구분이 산단 10업종과 정확히 대응하지 않는다. 비교 결과를 참고로만 읽고 대응 범위를 확인할 필요가 있다.",고용지원 · 직업훈련 / 산업동향,검토 대상 기능의 제안이며 특정 사업·예산의 선정이 아니다. 지원 여부는 담당자의 현장 확인 뒤에 기존 체계에서 결정한다.
음식료,2022Q4,관찰,고용 축 진입신호 없음,S1,4.0,16.962025316455698,33.32604186139836,134.0,924.0,1584.72,0.8225543695975359,0.0,0.0,0.0,0.0,True,False,False,False,미충원·숙련수요·증가의 지속가능성을 확인한다.,고용·훈련 기능,5.0,8.0,6.0,-1.0,-16.666666666666664,-11.111111111111116,92.08697562524418,-4.210362452560168,-4.047614694755822,monthly_simple_mean_approx,,924.0,5.0,False,메인 트랙,"6개 → 5개 (-1개, -16.7%)",,1,1,1,1,1,33.32604186139836,A,대분류 직접 대응,1,음식료품,19.486631780933994,19.486631780933994,True,19.486631780933994,False,True,True,,,,-2.921859066318677,비교자료 없음,,,,,비교자료 없음,,,False,KICOX 산단 고용과 고용보험 피보험자는 모집단이 다르다(산단 입주 사업체 vs 창원시 전역 사업장). 수준·점유율 비교 금지.,,,,,,,,,,,,,,,,3.0,0.0,27.4886508694123,43.02198131212538,0,,,,,,no_data,0,False,,no_mapped_chapter,해당 업종에 귀속 근거가 있는 HS 류가 없다,,,,창원시 전역 통관 · 연도창을 모두 확보한 HS6 합계(업종 수출 총액 아님),202202,115700.0,1.826182618261818,2063.0,-50.313102119460495,2617.0,-27.687206410610663,-554.0,408.0,True,False,True,False,창원시 전역 제조업 총계 · 반기 · 표본조사. 업종별 값이 아니며 입직-이직을 KICOX 고용 증감과 같다고 보지 않는다.,1531130801,-0.011314147535512742,5881,-0.7426160337552723,True,False,True,False,창원시 전역 제조업 총계 전력사용량 · 월→분기 합계. 업종별 값이 아니며 가동률과 개념·모집단이 다르다.,70.67,90.67,82.67,88.67,77.33,72.5,A,2.0,True,True,True,경상남도 제조업 총계(업종 공통 배경),전국 업종별 심리지수. 창원국가산단 개별 업종의 신호가 아니라 같은 업종의 전국 분위기다.,,True,True,False,,False,PPI 조정 생산,2,업체수 감소 신호 · 가동 위축 신호,업체수 감소 신호,"대표 확인신호는 표시순서에 따른 요약이며, 유일한 원인이 아니다. 확인신호 프로필 전체를 함께 읽어야 한다.",False,False,False,False,False,True,False,False,True,False,,True,False,False,3,소규모 분모 — 비율 변동 과대 가능 · 연간보정 개정본 사용 구간 · 월별 원자료 미제공 구간,가중치 근거가 없어 신뢰도 점수를 만들지 않는다. 플래그를 그대로 읽는다.,"가동업체 감소가 실제 퇴거·폐업·통합·휴업에 따른 것인지, 아니면 조사대상 변동이나 집계기준 변경에 따른 것인지 확인할 필요가 있다.
가동률 하락이 일시적 생산조정인지 수주·수요 감소에 따른 것인지 확인할 필요가 있다.","업체수·고용 규모가 작아 비율 변동이 크게 나타난다. 절대 증감 개수로 다시 확인할 필요가 있다.
이 분기는 월별 원자료가 공표되지 않아 분기 내 지속 여부를 확인할 수 없다. 분기말 단일시점 값에만 의존한 판단임을 감안할 필요가 있다.
연간보정 개정본을 사용한 구간이다. 이후 재개정 시 값이 달라질 수 있음을 확인할 필요가 있다.","창원시 제조업 전체에서 입직자 감소가 함께 관측되므로, 고용 감소가 신규 채용 둔화와 함께 나타나는지 확인할 필요가 있다.
가동률 하락과 창원시 제조업 전력사용 감소가 함께 나타나 실제 생산활동 위축 여부를 추가 확인할 필요가 있다. 다만 전력은 시 전체 제조업 총계이므로 이 업종의 값이 아니다.
경남 제조업 업황 심리지수가 기준선(100)을 밑돌아, 업종 고유 요인인지 지역 전반의 경기 흐름인지 구분해 확인할 필요가 있다.
같은 업종의 전국 업황 심리지수도 기준선을 밑돌아, 관측된 변화가 산단 고유 현상인지 전국 업종 흐름인지 확인할 필요가 있다.","가동업체 감소가 실제 퇴거·폐업·통합·휴업에 따른 것인지, 아니면 조사대상 변동이나 집계기준 변경에 따른 것인지 확인할 필요가 있다.
가동률 하락이 일시적 생산조정인지 수주·수요 감소에 따른 것인지 확인할 필요가 있다.
창원시 제조업 전체에서 입직자 감소가 함께 관측되므로, 고용 감소가 신규 채용 둔화와 함께 나타나는지 확인할 필요가 있다.
가동률 하락과 창원시 제조업 전력사용 감소가 함께 나타나 실제 생산활동 위축 여부를 추가 확인할 필요가 있다. 다만 전력은 시 전체 제조업 총계이므로 이 업종의 값이 아니다.
경남 제조업 업황 심리지수가 기준선(100)을 밑돌아, 업종 고유 요인인지 지역 전반의 경기 흐름인지 구분해 확인할 필요가 있다.
같은 업종의 전국 업황 심리지수도 기준선을 밑돌아, 관측된 변화가 산단 고유 현상인지 전국 업종 흐름인지 확인할 필요가 있다.
업체수·고용 규모가 작아 비율 변동이 크게 나타난다. 절대 증감 개수로 다시 확인할 필요가 있다.
이 분기는 월별 원자료가 공표되지 않아 분기 내 지속 여부를 확인할 수 없다. 분기말 단일시점 값에만 의존한 판단임을 감안할 필요가 있다.
연간보정 개정본을 사용한 구간이다. 이후 재개정 시 값이 달라질 수 있음을 확인할 필요가 있다.",산업동향 · 기업지원 / 고용지원 · 직업훈련 / 산업동향,검토 대상 기능의 제안이며 특정 사업·예산의 선정이 아니다. 지원 여부는 담당자의 현장 확인 뒤에 기존 체계에서 결정한다.
전기전자,2022Q4,관찰,고용 축 진입신호 없음 (생산 7.8% 단독 감소 — 확인질문에 반영),S4,1.0,-2.82984931452096,-7.753161436961752,-708.0,24311.0,26050.990760750003,21.641903981910925,2.82984931452096,0.0,0.6302689325487613,7.753161436961752,True,False,False,False,수주잔량·가동률·휴업/감산·기업 수 변동·고용조정 계획 신고 여부를 확인한다(원인 후보이며 입증된 원인이 아님).,기업지원 기능 + 고용지원 기능,545.0,570.0,543.0,2.0,0.36832412523020164,-0.17513134851138146,79.32264643075656,-3.693839697457202,-3.0424340392434317,monthly_simple_mean_approx,,24311.0,545.0,False,메인 트랙,"543개 → 545개 (+2개, +0.4%)",,1,1,1,1,1,-7.753161436961752,C,복수 후보만 존재 — 가중치 근거 없음. 밴드로만 해석,2,전기장비|컴퓨터전자및광학기기,-13.893691605751801,-4.4538516557164005,True,,True,,,False,True,,-2.921859066318677,비교자료 없음,,전기장비,17409.0,,비교자료 없음,,C,False,KICOX 산단 고용과 고용보험 피보험자는 모집단이 다르다(산단 입주 사업체 vs 창원시 전역 사업장). 수준·점유율 비교 금지.,,,,,,,,,,,,,,,,3.0,3.0,-12.268627365845253,-2.8498592370928777,0,422780.0,-12.763573561242747,-5.585983362893754,247.0,B,mapped_chapters_only,0,True,True,usable,,296.0,272.0,0.0,창원시 전역 통관 · 연도창을 모두 확보한 HS6 합계(업종 수출 총액 아님),202202,115700.0,1.826182618261818,2063.0,-50.313102119460495,2617.0,-27.687206410610663,-554.0,408.0,True,False,True,False,창원시 전역 제조업 총계 · 반기 · 표본조사. 업종별 값이 아니며 입직-이직을 KICOX 고용 증감과 같다고 보지 않는다.,1531130801,-0.011314147535512742,5881,-0.7426160337552723,True,False,True,False,창원시 전역 제조업 총계 전력사용량 · 월→분기 합계. 업종별 값이 아니며 가동률과 개념·모집단이 다르다.,70.67,90.67,82.67,88.67,77.33,79.0,A,2.0,True,True,True,경상남도 제조업 총계(업종 공통 배경),전국 업종별 심리지수. 창원국가산단 개별 업종의 신호가 아니라 같은 업종의 전국 분위기다.,False,False,True,,후보에 따라 갈림 — 단정 보류,False,명목 생산만(가격효과 미조정),1,가동 위축 신호,가동 위축 신호,,True,False,False,False,False,True,False,True,False,False,,True,True,False,4,PPI 매핑 불확실(C·D 등급) · 연간보정 개정본 사용 구간 · 외부자료 업종 대응 불확실 · 월별 원자료 미제공 구간,가중치 근거가 없어 신뢰도 점수를 만들지 않는다. 플래그를 그대로 읽는다.,가동률 하락이 일시적 생산조정인지 수주·수요 감소에 따른 것인지 확인할 필요가 있다.,"이 업종은 생산자물가지수 대응 후보가 복수이거나 없어, PPI 조정 생산을 단일값으로 해석하지 않고 원자료로 확인할 필요가 있다.
이 분기는 월별 원자료가 공표되지 않아 분기 내 지속 여부를 확인할 수 없다. 분기말 단일시점 값에만 의존한 판단임을 감안할 필요가 있다.
연간보정 개정본을 사용한 구간이다. 이후 재개정 시 값이 달라질 수 있음을 확인할 필요가 있다.
외부 자료의 업종 구분이 산단 10업종과 정확히 대응하지 않는다. 비교 결과를 참고로만 읽고 대응 범위를 확인할 필요가 있다.","확인된 품목 기준 수출이 함께 감소하고 있어, 외부수요 약화 가능성을 보려면 수출 감소가 특정 품목·기업에 집중되는지 추가 확인할 필요가 있다.
창원시 제조업 전체에서 입직자 감소가 함께 관측되므로, 고용 감소가 신규 채용 둔화와 함께 나타나는지 확인할 필요가 있다.
가동률 하락과 창원시 제조업 전력사용 감소가 함께 나타나 실제 생산활동 위축 여부를 추가 확인할 필요가 있다. 다만 전력은 시 전체 제조업 총계이므로 이 업종의 값이 아니다.
경남 제조업 업황 심리지수가 기준선(100)을 밑돌아, 업종 고유 요인인지 지역 전반의 경기 흐름인지 구분해 확인할 필요가 있다.
같은 업종의 전국 업황 심리지수도 기준선을 밑돌아, 관측된 변화가 산단 고유 현상인지 전국 업종 흐름인지 확인할 필요가 있다.","가동률 하락이 일시적 생산조정인지 수주·수요 감소에 따른 것인지 확인할 필요가 있다.
확인된 품목 기준 수출이 함께 감소하고 있어, 외부수요 약화 가능성을 보려면 수출 감소가 특정 품목·기업에 집중되는지 추가 확인할 필요가 있다.
창원시 제조업 전체에서 입직자 감소가 함께 관측되므로, 고용 감소가 신규 채용 둔화와 함께 나타나는지 확인할 필요가 있다.
가동률 하락과 창원시 제조업 전력사용 감소가 함께 나타나 실제 생산활동 위축 여부를 추가 확인할 필요가 있다. 다만 전력은 시 전체 제조업 총계이므로 이 업종의 값이 아니다.
경남 제조업 업황 심리지수가 기준선(100)을 밑돌아, 업종 고유 요인인지 지역 전반의 경기 흐름인지 구분해 확인할 필요가 있다.
같은 업종의 전국 업황 심리지수도 기준선을 밑돌아, 관측된 변화가 산단 고유 현상인지 전국 업종 흐름인지 확인할 필요가 있다.
이 업종은 생산자물가지수 대응 후보가 복수이거나 없어, PPI 조정 생산을 단일값으로 해석하지 않고 원자료로 확인할 필요가 있다.
이 분기는 월별 원자료가 공표되지 않아 분기 내 지속 여부를 확인할 수 없다. 분기말 단일시점 값에만 의존한 판단임을 감안할 필요가 있다.
연간보정 개정본을 사용한 구간이다. 이후 재개정 시 값이 달라질 수 있음을 확인할 필요가 있다.
외부 자료의 업종 구분이 산단 10업종과 정확히 대응하지 않는다. 비교 결과를 참고로만 읽고 대응 범위를 확인할 필요가 있다.",산업동향 · 기업지원 / 고용지원 · 직업훈련 / 산업동향,검토 대상 기능의 제안이며 특정 사업·예산의 선정이 아니다. 지원 여부는 담당자의 현장 확인 뒤에 기존 체계에서 결정한다.
철강,2022Q4,관찰,고용 축 진입신호 없음 (생산 15.2% 단독 감소 — 확인질문에 반영),S4,1.0,-3.0181086519114664,-15.233822216149884,-285.0,9158.0,15341.4745,8.152546446725362,3.0181086519114664,0.0962495855927891,0.2537099516615776,15.233822216149884,True,False,False,False,수주잔량·가동률·휴업/감산·기업 수 변동·고용조정 계획 신고 여부를 확인한다(원인 후보이며 입증된 원인이 아님).,기업지원 기능 + 고용지원 기능,74.0,79.0,75.0,-1.0,-1.3333333333333308,0.0,81.01602545241803,-2.8018353708354926,-2.335368847581961,monthly_simple_mean_approx,,9158.0,74.0,False,메인 트랙,"75개 → 74개 (-1개, -1.3%)",,1,1,1,1,1,-15.233822216149884,B,상위 범주가 넓어 범위 과대·과소 가능,1,철강1차제품,-15.99052579373642,-15.99052579373642,True,-15.99052579373642,False,True,True,,,,-2.921859066318677,비교자료 없음,,,,,비교자료 없음,,,False,KICOX 산단 고용과 고용보험 피보험자는 모집단이 다르다(산단 입주 사업체 vs 창원시 전역 사업장). 수준·점유율 비교 금지.,,,,,,,,,,,,,,,,3.0,3.0,-17.141603221154135,-11.246170032072389,0,231293.0,-29.423593311363362,-4.773950971672636,192.0,A,mapped_chapters_only,0,True,True,usable,,291.0,237.0,0.0,창원시 전역 통관 · 연도창을 모두 확보한 HS6 합계(업종 수출 총액 아님),202202,115700.0,1.826182618261818,2063.0,-50.313102119460495,2617.0,-27.687206410610663,-554.0,408.0,True,False,True,False,창원시 전역 제조업 총계 · 반기 · 표본조사. 업종별 값이 아니며 입직-이직을 KICOX 고용 증감과 같다고 보지 않는다.,1531130801,-0.011314147535512742,5881,-0.7426160337552723,True,False,True,False,창원시 전역 제조업 총계 전력사용량 · 월→분기 합계. 업종별 값이 아니며 가동률과 개념·모집단이 다르다.,70.67,90.67,82.67,88.67,77.33,77.0,B,1.0,True,True,True,경상남도 제조업 총계(업종 공통 배경),전국 업종별 심리지수. 창원국가산단 개별 업종의 신호가 아니라 같은 업종의 전국 분위기다.,False,False,False,True,,False,PPI 조정 생산,1,실질생산 위축 신호(PPI 조정),실질생산 위축 신호(PPI 조정),,False,False,False,False,False,True,False,False,False,False,,True,False,False,2,연간보정 개정본 사용 구간 · 월별 원자료 미제공 구간,가중치 근거가 없어 신뢰도 점수를 만들지 않는다. 플래그를 그대로 읽는다.,명목생산 변화에 가격효과가 포함되어 있으므로 실제 물량이 줄었는지 추가로 확인할 필요가 있다.,"이 분기는 월별 원자료가 공표되지 않아 분기 내 지속 여부를 확인할 수 없다. 분기말 단일시점 값에만 의존한 판단임을 감안할 필요가 있다.
연간보정 개정본을 사용한 구간이다. 이후 재개정 시 값이 달라질 수 있음을 확인할 필요가 있다.","확인된 품목 기준 수출이 함께 감소하고 있어, 외부수요 약화 가능성을 보려면 수출 감소가 특정 품목·기업에 집중되는지 추가 확인할 필요가 있다.
창원시 제조업 전체에서 입직자 감소가 함께 관측되므로, 고용 감소가 신규 채용 둔화와 함께 나타나는지 확인할 필요가 있다.
가동률 하락과 창원시 제조업 전력사용 감소가 함께 나타나 실제 생산활동 위축 여부를 추가 확인할 필요가 있다. 다만 전력은 시 전체 제조업 총계이므로 이 업종의 값이 아니다.
경남 제조업 업황 심리지수가 기준선(100)을 밑돌아, 업종 고유 요인인지 지역 전반의 경기 흐름인지 구분해 확인할 필요가 있다.
같은 업종의 전국 업황 심리지수도 기준선을 밑돌아, 관측된 변화가 산단 고유 현상인지 전국 업종 흐름인지 확인할 필요가 있다.","명목생산 변화에 가격효과가 포함되어 있으므로 실제 물량이 줄었는지 추가로 확인할 필요가 있다.
확인된 품목 기준 수출이 함께 감소하고 있어, 외부수요 약화 가능성을 보려면 수출 감소가 특정 품목·기업에 집중되는지 추가 확인할 필요가 있다.
창원시 제조업 전체에서 입직자 감소가 함께 관측되므로, 고용 감소가 신규 채용 둔화와 함께 나타나는지 확인할 필요가 있다.
가동률 하락과 창원시 제조업 전력사용 감소가 함께 나타나 실제 생산활동 위축 여부를 추가 확인할 필요가 있다. 다만 전력은 시 전체 제조업 총계이므로 이 업종의 값이 아니다.
경남 제조업 업황 심리지수가 기준선(100)을 밑돌아, 업종 고유 요인인지 지역 전반의 경기 흐름인지 구분해 확인할 필요가 있다.
같은 업종의 전국 업황 심리지수도 기준선을 밑돌아, 관측된 변화가 산단 고유 현상인지 전국 업종 흐름인지 확인할 필요가 있다.
이 분기는 월별 원자료가 공표되지 않아 분기 내 지속 여부를 확인할 수 없다. 분기말 단일시점 값에만 의존한 판단임을 감안할 필요가 있다.
연간보정 개정본을 사용한 구간이다. 이후 재개정 시 값이 달라질 수 있음을 확인할 필요가 있다.",산업동향 / 산업동향 · 기업지원 / 고용지원 · 직업훈련,검토 대상 기능의 제안이며 특정 사업·예산의 선정이 아니다. 지원 여부는 담당자의 현장 확인 뒤에 기존 체계에서 결정한다.
기계,2023Q1,우선점검,고용감소 9.7%(진입경계 5% 통과) · 산단평균 대비 6.7%p 열위(진입경계 통과) · 산단 제조업 고용의 5.38% 감소(상위경계 2.0% 통과) → 보강: 직전 분기에도 진입신호(지속),S4,2.0,-9.747631557996971,-3.5522026508665205,-6122.0,56683.0,43783.11930276925,49.84303966655821,9.747631557996971,6.703145053998471,5.383255805773678,3.5522026508665205,True,True,False,False,수주잔량·가동률·휴업/감산·기업 수 변동·고용조정 계획 신고 여부를 확인한다(원인 후보이며 입증된 원인이 아님).,기업지원 기능 + 고용지원 기능,1455.0,1525.0,1455.0,0.0,0.0,0.9265387160820593,75.82136824877699,-2.456112088404039,-1.9091486212230109,monthly_simple_mean_approx,,56683.0,1455.0,False,메인 트랙,"1,455개 → 1,455개 (+0개, +0.0%)",,1,1,1,1,1,-3.5522026508665205,A,대분류 직접 대응,1,기계및장비,-6.89571800478066,-6.89571800478066,True,-6.89571800478066,False,True,False,,,1.3311449841767908,-3.0444865039985003,방향 불일치,-4.375631488175291,,,,비교자료 없음,,,False,KICOX 산단 고용과 고용보험 피보험자는 모집단이 다르다(산단 입주 사업체 vs 창원시 전역 사업장). 수준·점유율 비교 금지.,,,,,,,,,,,,,,,,3.0,3.0,-7.421157790503208,-0.41051010641073304,0,2604686.0,-4.987984364353181,-3.3062520126972417,313.0,B,mapped_chapters_only,0,True,False,usable,,538.0,439.0,0.0,창원시 전역 통관 · 연도창을 모두 확보한 HS6 합계(업종 수출 총액 아님),202301,115988.0,1.7313663234339582,2721.0,-9.631351710395219,2804.0,-5.747899159663861,-83.0,713.0,True,False,True,False,창원시 전역 제조업 총계 · 반기 · 표본조사. 업종별 값이 아니며 입직-이직을 KICOX 고용 증감과 같다고 보지 않는다.,1541275647,0.10956789582987625,5902,1.0270455323519334,True,False,False,True,창원시 전역 제조업 총계 전력사용량 · 월→분기 합계. 업종별 값이 아니며 가동률과 개념·모집단이 다르다.,74.0,91.33,83.33,90.0,77.67,65.34,C,2.0,True,True,True,경상남도 제조업 총계(업종 공통 배경),전국 업종별 심리지수. 창원국가산단 개별 업종의 신호가 아니라 같은 업종의 전국 분위기다.,False,False,False,True,,False,PPI 조정 생산,1,실질생산 위축 신호(PPI 조정),실질생산 위축 신호(PPI 조정),,False,False,False,False,False,True,False,False,False,False,,True,False,False,2,연간보정 개정본 사용 구간 · 월별 원자료 미제공 구간,가중치 근거가 없어 신뢰도 점수를 만들지 않는다. 플래그를 그대로 읽는다.,명목생산 변화에 가격효과가 포함되어 있으므로 실제 물량이 줄었는지 추가로 확인할 필요가 있다.,"이 분기는 월별 원자료가 공표되지 않아 분기 내 지속 여부를 확인할 수 없다. 분기말 단일시점 값에만 의존한 판단임을 감안할 필요가 있다.
연간보정 개정본을 사용한 구간이다. 이후 재개정 시 값이 달라질 수 있음을 확인할 필요가 있다.","창원시 제조업 전체에서 입직자 감소가 함께 관측되므로, 고용 감소가 신규 채용 둔화와 함께 나타나는지 확인할 필요가 있다.
가동률과 전력사용의 방향이 달라 업종 구성·설비 특성·자료범위(산단 vs 시 전체) 차이를 추가 확인할 필요가 있다.
경남 제조업 업황 심리지수가 기준선(100)을 밑돌아, 업종 고유 요인인지 지역 전반의 경기 흐름인지 구분해 확인할 필요가 있다.
같은 업종의 전국 업황 심리지수도 기준선을 밑돌아, 관측된 변화가 산단 고유 현상인지 전국 업종 흐름인지 확인할 필요가 있다.","명목생산 변화에 가격효과가 포함되어 있으므로 실제 물량이 줄었는지 추가로 확인할 필요가 있다.
창원시 제조업 전체에서 입직자 감소가 함께 관측되므로, 고용 감소가 신규 채용 둔화와 함께 나타나는지 확인할 필요가 있다.
가동률과 전력사용의 방향이 달라 업종 구성·설비 특성·자료범위(산단 vs 시 전체) 차이를 추가 확인할 필요가 있다.
경남 제조업 업황 심리지수가 기준선(100)을 밑돌아, 업종 고유 요인인지 지역 전반의 경기 흐름인지 구분해 확인할 필요가 있다.
같은 업종의 전국 업황 심리지수도 기준선을 밑돌아, 관측된 변화가 산단 고유 현상인지 전국 업종 흐름인지 확인할 필요가 있다.
이 분기는 월별 원자료가 공표되지 않아 분기 내 지속 여부를 확인할 수 없다. 분기말 단일시점 값에만 의존한 판단임을 감안할 필요가 있다.
연간보정 개정본을 사용한 구간이다. 이후 재개정 시 값이 달라질 수 있음을 확인할 필요가 있다.",산업동향 / 고용지원 · 직업훈련,검토 대상 기능의 제안이며 특정 사업·예산의 선정이 아니다. 지원 여부는 담당자의 현장 확인 뒤에 기존 체계에서 결정한다.
기타,2023Q1,추가확인,고용감소 24.6%(상위경계 10% 통과) · 산단평균 대비 21.6%p 열위(상위경계 통과) [상위경계 통과했으나 고용 147인 < 300인으로 우선점검 제외],S4,5.0,-24.615384615384617,-52.11678607015089,-48.0,147.0,77.53250000000001,0.1292614510697044,24.615384615384617,21.57089811138612,0.0422078207574545,52.11678607015089,False,True,False,False,수주잔량·가동률·휴업/감산·기업 수 변동·고용조정 계획 신고 여부를 확인한다(원인 후보이며 입증된 원인이 아님).,기업지원 기능 + 고용지원 기능,22.0,24.0,24.0,-2.0,-8.333333333333337,-4.0000000000000036,67.40051724512638,-13.059886281823264,-10.124705994873622,monthly_simple_mean_approx,,147.0,22.0,True,소규모 집계 트랙,"24개 → 22개 (-2개, -8.3%)","소규모 집계 트랙은 업종을 배제하는 장치가 아니라, 분모가 작아 비율 변동이 커지는 집계군을 별도 방식으로 읽기 위한 표시다.",1,1,1,1,1,-52.11678607015089,D,대응 항목 없음 — 조정 생산 산출 불가,0,,,,True,,False,,,,,1.3311449841767908,-3.0444865039985003,방향 불일치,-4.375631488175291,,,,비교자료 없음,,,False,KICOX 산단 고용과 고용보험 피보험자는 모집단이 다르다(산단 입주 사업체 vs 창원시 전역 사업장). 수준·점유율 비교 금지.,,,,,,,,,,,,,,,,3.0,3.0,-56.32709964759043,-42.01009723694763,0,,,,,,no_data,0,False,,no_mapped_chapter,해당 업종에 귀속 근거가 있는 HS 류가 없다,,,,창원시 전역 통관 · 연도창을 모두 확보한 HS6 합계(업종 수출 총액 아님),202301,115988.0,1.7313663234339582,2721.0,-9.631351710395219,2804.0,-5.747899159663861,-83.0,713.0,True,False,True,False,창원시 전역 제조업 총계 · 반기 · 표본조사. 업종별 값이 아니며 입직-이직을 KICOX 고용 증감과 같다고 보지 않는다.,1541275647,0.10956789582987625,5902,1.0270455323519334,True,False,False,True,창원시 전역 제조업 총계 전력사용량 · 월→분기 합계. 업종별 값이 아니며 가동률과 개념·모집단이 다르다.,74.0,91.33,83.33,90.0,77.67,,,,True,,True,경상남도 제조업 총계(업종 공통 배경),전국 업종별 심리지수. 창원국가산단 개별 업종의 신호가 아니라 같은 업종의 전국 분위기다.,,True,True,,,False,명목 생산만(가격효과 미조정),2,업체수 감소 신호 · 가동 위축 신호,업체수 감소 신호,"대표 확인신호는 표시순서에 따른 요약이며, 유일한 원인이 아니다. 확인신호 프로필 전체를 함께 읽어야 한다.",True,False,False,False,False,True,False,True,True,False,,True,False,False,4,PPI 매핑 불확실(C·D 등급) · 소규모 분모 — 비율 변동 과대 가능 · 연간보정 개정본 사용 구간 · 월별 원자료 미제공 구간,가중치 근거가 없어 신뢰도 점수를 만들지 않는다. 플래그를 그대로 읽는다.,"가동업체 감소가 실제 퇴거·폐업·통합·휴업에 따른 것인지, 아니면 조사대상 변동이나 집계기준 변경에 따른 것인지 확인할 필요가 있다.
가동률 하락이 일시적 생산조정인지 수주·수요 감소에 따른 것인지 확인할 필요가 있다.","이 업종은 생산자물가지수 대응 후보가 복수이거나 없어, PPI 조정 생산을 단일값으로 해석하지 않고 원자료로 확인할 필요가 있다.
업체수·고용 규모가 작아 비율 변동이 크게 나타난다. 절대 증감 개수로 다시 확인할 필요가 있다.
이 분기는 월별 원자료가 공표되지 않아 분기 내 지속 여부를 확인할 수 없다. 분기말 단일시점 값에만 의존한 판단임을 감안할 필요가 있다.
연간보정 개정본을 사용한 구간이다. 이후 재개정 시 값이 달라질 수 있음을 확인할 필요가 있다.","창원시 제조업 전체에서 입직자 감소가 함께 관측되므로, 고용 감소가 신규 채용 둔화와 함께 나타나는지 확인할 필요가 있다.
가동률과 전력사용의 방향이 달라 업종 구성·설비 특성·자료범위(산단 vs 시 전체) 차이를 추가 확인할 필요가 있다.
경남 제조업 업황 심리지수가 기준선(100)을 밑돌아, 업종 고유 요인인지 지역 전반의 경기 흐름인지 구분해 확인할 필요가 있다.","가동업체 감소가 실제 퇴거·폐업·통합·휴업에 따른 것인지, 아니면 조사대상 변동이나 집계기준 변경에 따른 것인지 확인할 필요가 있다.
가동률 하락이 일시적 생산조정인지 수주·수요 감소에 따른 것인지 확인할 필요가 있다.
창원시 제조업 전체에서 입직자 감소가 함께 관측되므로, 고용 감소가 신규 채용 둔화와 함께 나타나는지 확인할 필요가 있다.
가동률과 전력사용의 방향이 달라 업종 구성·설비 특성·자료범위(산단 vs 시 전체) 차이를 추가 확인할 필요가 있다.
경남 제조업 업황 심리지수가 기준선(100)을 밑돌아, 업종 고유 요인인지 지역 전반의 경기 흐름인지 구분해 확인할 필요가 있다.
이 업종은 생산자물가지수 대응 후보가 복수이거나 없어, PPI 조정 생산을 단일값으로 해석하지 않고 원자료로 확인할 필요가 있다.
업체수·고용 규모가 작아 비율 변동이 크게 나타난다. 절대 증감 개수로 다시 확인할 필요가 있다.
이 분기는 월별 원자료가 공표되지 않아 분기 내 지속 여부를 확인할 수 없다. 분기말 단일시점 값에만 의존한 판단임을 감안할 필요가 있다.
연간보정 개정본을 사용한 구간이다. 이후 재개정 시 값이 달라질 수 있음을 확인할 필요가 있다.",산업동향 · 기업지원 / 고용지원 · 직업훈련 / 산업동향,검토 대상 기능의 제안이며 특정 사업·예산의 선정이 아니다. 지원 여부는 담당자의 현장 확인 뒤에 기존 체계에서 결정한다.
목재종이,2023Q1,관찰,고용 축 진입신호 없음 (생산 49.4% 단독 감소 — 확인질문에 반영),S4,2.0,-3.3707865168539297,-49.38055281092698,-9.0,258.0,68.37,0.226867036571318,3.3707865168539297,0.3263000128554294,0.0079139663920227,49.38055281092698,False,False,False,False,수주잔량·가동률·휴업/감산·기업 수 변동·고용조정 계획 신고 여부를 확인한다(원인 후보이며 입증된 원인이 아님).,기업지원 기능 + 고용지원 기능,39.0,44.0,40.0,-1.0,-2.500000000000002,2.3255813953488413,61.78714647068784,-28.5735213608854,-24.71739308931216,monthly_simple_mean_approx,,258.0,39.0,True,소규모 집계 트랙,"40개 → 39개 (-1개, -2.5%)","소규모 집계 트랙은 업종을 배제하는 장치가 아니라, 분모가 작아 비율 변동이 커지는 집계군을 별도 방식으로 읽기 위한 표시다.",1,1,1,1,1,-49.38055281092698,A,대분류 직접 대응,1,목재및종이제품,-50.9931857429149,-50.9931857429149,True,-50.9931857429149,False,True,True,,,1.3311449841767908,-3.0444865039985003,방향 불일치,-4.375631488175291,,,,비교자료 없음,,,False,KICOX 산단 고용과 고용보험 피보험자는 모집단이 다르다(산단 입주 사업체 vs 창원시 전역 사업장). 수준·점유율 비교 금지.,,,,,,,,,,,,,,,,3.0,3.0,-51.901069112475604,-44.493590219993514,0,,,,,,no_data,0,False,,no_mapped_chapter,해당 업종에 귀속 근거가 있는 HS 류가 없다,,,,창원시 전역 통관 · 연도창을 모두 확보한 HS6 합계(업종 수출 총액 아님),202301,115988.0,1.7313663234339582,2721.0,-9.631351710395219,2804.0,-5.747899159663861,-83.0,713.0,True,False,True,False,창원시 전역 제조업 총계 · 반기 · 표본조사. 업종별 값이 아니며 입직-이직을 KICOX 고용 증감과 같다고 보지 않는다.,1541275647,0.10956789582987625,5902,1.0270455323519334,True,False,False,True,창원시 전역 제조업 총계 전력사용량 · 월→분기 합계. 업종별 값이 아니며 가동률과 개념·모집단이 다르다.,74.0,91.33,83.33,90.0,77.67,52.84,A,2.0,True,True,True,경상남도 제조업 총계(업종 공통 배경),전국 업종별 심리지수. 창원국가산단 개별 업종의 신호가 아니라 같은 업종의 전국 분위기다.,,False,True,True,,False,PPI 조정 생산,2,가동 위축 신호 · 실질생산 위축 신호(PPI 조정),가동 위축 신호,"대표 확인신호는 표시순서에 따른 요약이며, 유일한 원인이 아니다. 확인신호 프로필 전체를 함께 읽어야 한다.",False,False,False,False,False,True,False,False,True,False,,True,False,False,3,소규모 분모 — 비율 변동 과대 가능 · 연간보정 개정본 사용 구간 · 월별 원자료 미제공 구간,가중치 근거가 없어 신뢰도 점수를 만들지 않는다. 플래그를 그대로 읽는다.,"가동률 하락이 일시적 생산조정인지 수주·수요 감소에 따른 것인지 확인할 필요가 있다.
명목생산 변화에 가격효과가 포함되어 있으므로 실제 물량이 줄었는지 추가로 확인할 필요가 있다.","업체수·고용 규모가 작아 비율 변동이 크게 나타난다. 절대 증감 개수로 다시 확인할 필요가 있다.
이 분기는 월별 원자료가 공표되지 않아 분기 내 지속 여부를 확인할 수 없다. 분기말 단일시점 값에만 의존한 판단임을 감안할 필요가 있다.
연간보정 개정본을 사용한 구간이다. 이후 재개정 시 값이 달라질 수 있음을 확인할 필요가 있다.","창원시 제조업 전체에서 입직자 감소가 함께 관측되므로, 고용 감소가 신규 채용 둔화와 함께 나타나는지 확인할 필요가 있다.
가동률과 전력사용의 방향이 달라 업종 구성·설비 특성·자료범위(산단 vs 시 전체) 차이를 추가 확인할 필요가 있다.
경남 제조업 업황 심리지수가 기준선(100)을 밑돌아, 업종 고유 요인인지 지역 전반의 경기 흐름인지 구분해 확인할 필요가 있다.
같은 업종의 전국 업황 심리지수도 기준선을 밑돌아, 관측된 변화가 산단 고유 현상인지 전국 업종 흐름인지 확인할 필요가 있다.","가동률 하락이 일시적 생산조정인지 수주·수요 감소에 따른 것인지 확인할 필요가 있다.
명목생산 변화에 가격효과가 포함되어 있으므로 실제 물량이 줄었는지 추가로 확인할 필요가 있다.
창원시 제조업 전체에서 입직자 감소가 함께 관측되므로, 고용 감소가 신규 채용 둔화와 함께 나타나는지 확인할 필요가 있다.
가동률과 전력사용의 방향이 달라 업종 구성·설비 특성·자료범위(산단 vs 시 전체) 차이를 추가 확인할 필요가 있다.
경남 제조업 업황 심리지수가 기준선(100)을 밑돌아, 업종 고유 요인인지 지역 전반의 경기 흐름인지 구분해 확인할 필요가 있다.
같은 업종의 전국 업황 심리지수도 기준선을 밑돌아, 관측된 변화가 산단 고유 현상인지 전국 업종 흐름인지 확인할 필요가 있다.
업체수·고용 규모가 작아 비율 변동이 크게 나타난다. 절대 증감 개수로 다시 확인할 필요가 있다.
이 분기는 월별 원자료가 공표되지 않아 분기 내 지속 여부를 확인할 수 없다. 분기말 단일시점 값에만 의존한 판단임을 감안할 필요가 있다.
연간보정 개정본을 사용한 구간이다. 이후 재개정 시 값이 달라질 수 있음을 확인할 필요가 있다.",산업동향 · 기업지원 / 산업동향 / 고용지원 · 직업훈련,검토 대상 기능의 제안이며 특정 사업·예산의 선정이 아니다. 지원 여부는 담당자의 현장 확인 뒤에 기존 체계에서 결정한다.
비금속,2023Q1,관찰,고용 축 진입신호 없음,S2,5.0,-2.661596958174905,31.799127014996344,-7.0,256.0,152.485,0.2251083773730907,2.661596958174905,0.0,0.0061553071937954,0.0,False,False,False,False,"자동화·설비투자, 외주·도급 전환, 미충원·숙련 불일치, 직무구조 변화 가능성을 질문으로 확인한다(원인 후보이며 입증된 원인이 아님).",고용·훈련 기능 + 기업지원 기능,5.0,5.0,5.0,0.0,0.0,0.0,53.51662951983209,1.0960126252361313,0.5801900598320842,monthly_simple_mean_approx,,256.0,5.0,True,소규모 집계 트랙,"5개 → 5개 (+0개, +0.0%)","소규모 집계 트랙은 업종을 배제하는 장치가 아니라, 분모가 작아 비율 변동이 커지는 집계군을 별도 방식으로 읽기 위한 표시다.",1,1,1,1,1,31.799127014996344,A,대분류 직접 대응,1,비금속광물제품,15.470801638918562,15.470801638918562,True,15.470801638918562,False,True,True,,,1.3311449841767908,-3.0444865039985003,방향 불일치,-4.375631488175291,,,,비교자료 없음,,,False,KICOX 산단 고용과 고용보험 피보험자는 모집단이 다르다(산단 입주 사업체 vs 창원시 전역 사업장). 수준·점유율 비교 금지.,,,,,,,,,,,,,,,,3.0,0.0,27.860480278170165,40.76190476190475,0,,,,,,no_data,0,False,,no_mapped_chapter,해당 업종에 귀속 근거가 있는 HS 류가 없다,,,,창원시 전역 통관 · 연도창을 모두 확보한 HS6 합계(업종 수출 총액 아님),202301,115988.0,1.7313663234339582,2721.0,-9.631351710395219,2804.0,-5.747899159663861,-83.0,713.0,True,False,True,False,창원시 전역 제조업 총계 · 반기 · 표본조사. 업종별 값이 아니며 입직-이직을 KICOX 고용 증감과 같다고 보지 않는다.,1541275647,0.10956789582987625,5902,1.0270455323519334,True,False,False,False,창원시 전역 제조업 총계 전력사용량 · 월→분기 합계. 업종별 값이 아니며 가동률과 개념·모집단이 다르다.,74.0,91.33,83.33,90.0,77.67,68.0,A,1.0,True,True,True,경상남도 제조업 총계(업종 공통 배경),전국 업종별 심리지수. 창원국가산단 개별 업종의 신호가 아니라 같은 업종의 전국 분위기다.,,False,False,False,,True,PPI 조정 생산,1,생산유지·고용감소 신호,생산유지·고용감소 신호,,False,False,False,False,False,True,False,False,True,False,,True,False,False,3,소규모 분모 — 비율 변동 과대 가능 · 연간보정 개정본 사용 구간 · 월별 원자료 미제공 구간,가중치 근거가 없어 신뢰도 점수를 만들지 않는다. 플래그를 그대로 읽는다.,생산이 유지되는데 고용이 감소하고 있어 자동화·생산성 변화·미충원·외주화·인력구조 조정 여부를 확인할 필요가 있다.,"업체수·고용 규모가 작아 비율 변동이 크게 나타난다. 절대 증감 개수로 다시 확인할 필요가 있다.
이 분기는 월별 원자료가 공표되지 않아 분기 내 지속 여부를 확인할 수 없다. 분기말 단일시점 값에만 의존한 판단임을 감안할 필요가 있다.
연간보정 개정본을 사용한 구간이다. 이후 재개정 시 값이 달라질 수 있음을 확인할 필요가 있다.","창원시 제조업 전체에서 입직자 감소가 함께 관측되므로, 고용 감소가 신규 채용 둔화와 함께 나타나는지 확인할 필요가 있다.
경남 제조업 업황 심리지수가 기준선(100)을 밑돌아, 업종 고유 요인인지 지역 전반의 경기 흐름인지 구분해 확인할 필요가 있다.
같은 업종의 전국 업황 심리지수도 기준선을 밑돌아, 관측된 변화가 산단 고유 현상인지 전국 업종 흐름인지 확인할 필요가 있다.","생산이 유지되는데 고용이 감소하고 있어 자동화·생산성 변화·미충원·외주화·인력구조 조정 여부를 확인할 필요가 있다.
창원시 제조업 전체에서 입직자 감소가 함께 관측되므로, 고용 감소가 신규 채용 둔화와 함께 나타나는지 확인할 필요가 있다.
경남 제조업 업황 심리지수가 기준선(100)을 밑돌아, 업종 고유 요인인지 지역 전반의 경기 흐름인지 구분해 확인할 필요가 있다.
같은 업종의 전국 업황 심리지수도 기준선을 밑돌아, 관측된 변화가 산단 고유 현상인지 전국 업종 흐름인지 확인할 필요가 있다.
업체수·고용 규모가 작아 비율 변동이 크게 나타난다. 절대 증감 개수로 다시 확인할 필요가 있다.
이 분기는 월별 원자료가 공표되지 않아 분기 내 지속 여부를 확인할 수 없다. 분기말 단일시점 값에만 의존한 판단임을 감안할 필요가 있다.
연간보정 개정본을 사용한 구간이다. 이후 재개정 시 값이 달라질 수 있음을 확인할 필요가 있다.",고용지원 · 직업훈련 / 산업동향,검토 대상 기능의 제안이며 특정 사업·예산의 선정이 아니다. 지원 여부는 담당자의 현장 확인 뒤에 기존 체계에서 결정한다.
석유화학,2023Q1,관찰,고용 축 진입신호 없음,S1,5.0,22.83464566929134,68.6169252577779,116.0,624.0,871.9124999999999,0.5487016698469087,0.0,0.0,0.0,0.0,True,False,False,False,미충원·숙련수요·증가의 지속가능성을 확인한다.,고용·훈련 기능,41.0,44.0,38.0,3.0,7.8947368421052655,12.82051282051282,60.95741049013469,-15.932649173895097,-11.552796969865312,monthly_simple_mean_approx,,624.0,41.0,False,메인 트랙,"38개 → 41개 (+3개, +7.9%)",,1,1,1,1,1,68.6169252577779,C,복수 후보만 존재 — 가중치 근거 없음. 밴드로만 해석,2,석탄및석유제품|화학제품,66.65164078784423,72.88315066491546,True,,True,,,False,False,1.3311449841767908,-3.0444865039985003,방향 불일치,-4.375631488175291,,,,비교자료 없음,,,False,KICOX 산단 고용과 고용보험 피보험자는 모집단이 다르다(산단 입주 사업체 vs 창원시 전역 사업장). 수준·점유율 비교 금지.,,,,,,,,,,,,,,,,3.0,0.0,52.34493836470473,94.88643182011478,0,,,,,,no_data,0,False,,no_mapped_chapter,해당 업종에 귀속 근거가 있는 HS 류가 없다,,,,창원시 전역 통관 · 연도창을 모두 확보한 HS6 합계(업종 수출 총액 아님),202301,115988.0,1.7313663234339582,2721.0,-9.631351710395219,2804.0,-5.747899159663861,-83.0,713.0,True,False,True,False,창원시 전역 제조업 총계 · 반기 · 표본조사. 업종별 값이 아니며 입직-이직을 KICOX 고용 증감과 같다고 보지 않는다.,1541275647,0.10956789582987625,5902,1.0270455323519334,True,False,False,True,창원시 전역 제조업 총계 전력사용량 · 월→분기 합계. 업종별 값이 아니며 가동률과 개념·모집단이 다르다.,74.0,91.33,83.33,90.0,77.67,67.56,B,3.0,True,True,True,경상남도 제조업 총계(업종 공통 배경),전국 업종별 심리지수. 창원국가산단 개별 업종의 신호가 아니라 같은 업종의 전국 분위기다.,,False,True,,후보 모두 위축 아님,False,명목 생산만(가격효과 미조정),1,가동 위축 신호,가동 위축 신호,,True,False,False,False,False,True,False,True,False,False,,True,False,False,3,PPI 매핑 불확실(C·D 등급) · 연간보정 개정본 사용 구간 · 월별 원자료 미제공 구간,가중치 근거가 없어 신뢰도 점수를 만들지 않는다. 플래그를 그대로 읽는다.,가동률 하락이 일시적 생산조정인지 수주·수요 감소에 따른 것인지 확인할 필요가 있다.,"이 업종은 생산자물가지수 대응 후보가 복수이거나 없어, PPI 조정 생산을 단일값으로 해석하지 않고 원자료로 확인할 필요가 있다.
이 분기는 월별 원자료가 공표되지 않아 분기 내 지속 여부를 확인할 수 없다. 분기말 단일시점 값에만 의존한 판단임을 감안할 필요가 있다.
연간보정 개정본을 사용한 구간이다. 이후 재개정 시 값이 달라질 수 있음을 확인할 필요가 있다.","창원시 제조업 전체에서 입직자 감소가 함께 관측되므로, 고용 감소가 신규 채용 둔화와 함께 나타나는지 확인할 필요가 있다.
가동률과 전력사용의 방향이 달라 업종 구성·설비 특성·자료범위(산단 vs 시 전체) 차이를 추가 확인할 필요가 있다.
경남 제조업 업황 심리지수가 기준선(100)을 밑돌아, 업종 고유 요인인지 지역 전반의 경기 흐름인지 구분해 확인할 필요가 있다.
같은 업종의 전국 업황 심리지수도 기준선을 밑돌아, 관측된 변화가 산단 고유 현상인지 전국 업종 흐름인지 확인할 필요가 있다.","가동률 하락이 일시적 생산조정인지 수주·수요 감소에 따른 것인지 확인할 필요가 있다.
창원시 제조업 전체에서 입직자 감소가 함께 관측되므로, 고용 감소가 신규 채용 둔화와 함께 나타나는지 확인할 필요가 있다.
가동률과 전력사용의 방향이 달라 업종 구성·설비 특성·자료범위(산단 vs 시 전체) 차이를 추가 확인할 필요가 있다.
경남 제조업 업황 심리지수가 기준선(100)을 밑돌아, 업종 고유 요인인지 지역 전반의 경기 흐름인지 구분해 확인할 필요가 있다.
같은 업종의 전국 업황 심리지수도 기준선을 밑돌아, 관측된 변화가 산단 고유 현상인지 전국 업종 흐름인지 확인할 필요가 있다.
이 업종은 생산자물가지수 대응 후보가 복수이거나 없어, PPI 조정 생산을 단일값으로 해석하지 않고 원자료로 확인할 필요가 있다.
이 분기는 월별 원자료가 공표되지 않아 분기 내 지속 여부를 확인할 수 없다. 분기말 단일시점 값에만 의존한 판단임을 감안할 필요가 있다.
연간보정 개정본을 사용한 구간이다. 이후 재개정 시 값이 달라질 수 있음을 확인할 필요가 있다.",산업동향 · 기업지원 / 고용지원 · 직업훈련 / 산업동향,검토 대상 기능의 제안이며 특정 사업·예산의 선정이 아니다. 지원 여부는 담당자의 현장 확인 뒤에 기존 체계에서 결정한다.
섬유의복,2023Q1,관찰,고용 축 진입신호 없음,S1,2.0,35.897435897435905,373.66666666666674,14.0,53.0,7.105,0.0466044687530226,0.0,0.0,0.0,0.0,False,False,False,False,미충원·숙련수요·증가의 지속가능성을 확인한다.,고용·훈련 기능,7.0,8.0,9.0,-2.0,-22.22222222222222,-19.999999999999996,100.0,100.0,50.0,monthly_simple_mean_approx,,53.0,7.0,True,소규모 집계 트랙,"9개 → 7개 (-2개, -22.2%)","소규모 집계 트랙은 업종을 배제하는 장치가 아니라, 분모가 작아 비율 변동이 커지는 집계군을 별도 방식으로 읽기 위한 표시다.",1,1,1,1,1,373.66666666666674,A,대분류 직접 대응,1,섬유및의복,344.4143873118736,344.4143873118736,True,344.4143873118736,False,True,True,,,1.3311449841767908,-3.0444865039985003,방향 불일치,-4.375631488175291,,,,비교자료 없음,,,False,KICOX 산단 고용과 고용보험 피보험자는 모집단이 다르다(산단 입주 사업체 vs 창원시 전역 사업장). 수준·점유율 비교 금지.,,,,,,,,,,,,,,,,3.0,0.0,317.0,405.0,0,,,,,,no_data,0,False,,no_mapped_chapter,해당 업종에 귀속 근거가 있는 HS 류가 없다,,,,창원시 전역 통관 · 연도창을 모두 확보한 HS6 합계(업종 수출 총액 아님),202301,115988.0,1.7313663234339582,2721.0,-9.631351710395219,2804.0,-5.747899159663861,-83.0,713.0,True,False,True,False,창원시 전역 제조업 총계 · 반기 · 표본조사. 업종별 값이 아니며 입직-이직을 KICOX 고용 증감과 같다고 보지 않는다.,1541275647,0.10956789582987625,5902,1.0270455323519334,True,False,False,False,창원시 전역 제조업 총계 전력사용량 · 월→분기 합계. 업종별 값이 아니며 가동률과 개념·모집단이 다르다.,74.0,91.33,83.33,90.0,77.67,53.5,A,2.0,True,True,True,경상남도 제조업 총계(업종 공통 배경),전국 업종별 심리지수. 창원국가산단 개별 업종의 신호가 아니라 같은 업종의 전국 분위기다.,,True,False,False,,False,PPI 조정 생산,1,업체수 감소 신호,업체수 감소 신호,,False,False,False,False,False,True,False,False,True,False,,True,False,False,3,소규모 분모 — 비율 변동 과대 가능 · 연간보정 개정본 사용 구간 · 월별 원자료 미제공 구간,가중치 근거가 없어 신뢰도 점수를 만들지 않는다. 플래그를 그대로 읽는다.,"가동업체 감소가 실제 퇴거·폐업·통합·휴업에 따른 것인지, 아니면 조사대상 변동이나 집계기준 변경에 따른 것인지 확인할 필요가 있다.","업체수·고용 규모가 작아 비율 변동이 크게 나타난다. 절대 증감 개수로 다시 확인할 필요가 있다.
이 분기는 월별 원자료가 공표되지 않아 분기 내 지속 여부를 확인할 수 없다. 분기말 단일시점 값에만 의존한 판단임을 감안할 필요가 있다.
연간보정 개정본을 사용한 구간이다. 이후 재개정 시 값이 달라질 수 있음을 확인할 필요가 있다.","창원시 제조업 전체에서 입직자 감소가 함께 관측되므로, 고용 감소가 신규 채용 둔화와 함께 나타나는지 확인할 필요가 있다.
경남 제조업 업황 심리지수가 기준선(100)을 밑돌아, 업종 고유 요인인지 지역 전반의 경기 흐름인지 구분해 확인할 필요가 있다.
같은 업종의 전국 업황 심리지수도 기준선을 밑돌아, 관측된 변화가 산단 고유 현상인지 전국 업종 흐름인지 확인할 필요가 있다.","가동업체 감소가 실제 퇴거·폐업·통합·휴업에 따른 것인지, 아니면 조사대상 변동이나 집계기준 변경에 따른 것인지 확인할 필요가 있다.
창원시 제조업 전체에서 입직자 감소가 함께 관측되므로, 고용 감소가 신규 채용 둔화와 함께 나타나는지 확인할 필요가 있다.
경남 제조업 업황 심리지수가 기준선(100)을 밑돌아, 업종 고유 요인인지 지역 전반의 경기 흐름인지 구분해 확인할 필요가 있다.
같은 업종의 전국 업황 심리지수도 기준선을 밑돌아, 관측된 변화가 산단 고유 현상인지 전국 업종 흐름인지 확인할 필요가 있다.
업체수·고용 규모가 작아 비율 변동이 크게 나타난다. 절대 증감 개수로 다시 확인할 필요가 있다.
이 분기는 월별 원자료가 공표되지 않아 분기 내 지속 여부를 확인할 수 없다. 분기말 단일시점 값에만 의존한 판단임을 감안할 필요가 있다.
연간보정 개정본을 사용한 구간이다. 이후 재개정 시 값이 달라질 수 있음을 확인할 필요가 있다.",산업동향 · 기업지원 / 고용지원 · 직업훈련 / 산업동향,검토 대상 기능의 제안이며 특정 사업·예산의 선정이 아니다. 지원 여부는 담당자의 현장 확인 뒤에 기존 체계에서 결정한다.
운송장비,2023Q1,관찰,고용 축 진입신호 없음,S1,2.0,9.135483870967745,34.689526092846926,1416.0,16916.0,36202.67666263637,14.874739498606262,0.0,0.0,0.0,0.0,True,False,False,False,미충원·숙련수요·증가의 지속가능성을 확인한다.,고용·훈련 기능,242.0,245.0,240.0,2.0,0.8333333333333304,0.4098360655737654,92.48257670235238,2.1083470036163066,1.9095927923523703,monthly_simple_mean_approx,,16916.0,242.0,False,메인 트랙,"240개 → 242개 (+2개, +0.8%)",,1,1,1,1,1,34.689526092846926,A,대분류 직접 대응,1,운송장비,31.88117192675881,31.88117192675881,True,31.88117192675881,False,True,True,,,1.3311449841767908,-3.0444865039985003,방향 불일치,-4.375631488175291,,,,비교자료 없음,,,False,KICOX 산단 고용과 고용보험 피보험자는 모집단이 다르다(산단 입주 사업체 vs 창원시 전역 사업장). 수준·점유율 비교 금지.,,,,,,,,,,,,,,,,3.0,0.0,32.76969618109127,35.916939918635826,0,881342.0,94.35851295147113,14.463983518504886,59.0,A,mapped_chapters_only,0,True,False,usable,,123.0,81.0,0.0,창원시 전역 통관 · 연도창을 모두 확보한 HS6 합계(업종 수출 총액 아님),202301,115988.0,1.7313663234339582,2721.0,-9.631351710395219,2804.0,-5.747899159663861,-83.0,713.0,True,False,True,False,창원시 전역 제조업 총계 · 반기 · 표본조사. 업종별 값이 아니며 입직-이직을 KICOX 고용 증감과 같다고 보지 않는다.,1541275647,0.10956789582987625,5902,1.0270455323519334,True,False,False,False,창원시 전역 제조업 총계 전력사용량 · 월→분기 합계. 업종별 값이 아니며 가동률과 개념·모집단이 다르다.,74.0,91.33,83.33,90.0,77.67,92.17,A,2.0,True,True,True,경상남도 제조업 총계(업종 공통 배경),전국 업종별 심리지수. 창원국가산단 개별 업종의 신호가 아니라 같은 업종의 전국 분위기다.,False,False,False,False,,False,PPI 조정 생산,0,해석 보류,해석 보류,,False,False,False,False,False,True,False,False,False,False,,True,False,False,2,연간보정 개정본 사용 구간 · 월별 원자료 미제공 구간,가중치 근거가 없어 신뢰도 점수를 만들지 않는다. 플래그를 그대로 읽는다.,,"이 분기는 월별 원자료가 공표되지 않아 분기 내 지속 여부를 확인할 수 없다. 분기말 단일시점 값에만 의존한 판단임을 감안할 필요가 있다.
연간보정 개정본을 사용한 구간이다. 이후 재개정 시 값이 달라질 수 있음을 확인할 필요가 있다.","창원시 제조업 전체에서 입직자 감소가 함께 관측되므로, 고용 감소가 신규 채용 둔화와 함께 나타나는지 확인할 필요가 있다.
경남 제조업 업황 심리지수가 기준선(100)을 밑돌아, 업종 고유 요인인지 지역 전반의 경기 흐름인지 구분해 확인할 필요가 있다.
같은 업종의 전국 업황 심리지수도 기준선을 밑돌아, 관측된 변화가 산단 고유 현상인지 전국 업종 흐름인지 확인할 필요가 있다.","창원시 제조업 전체에서 입직자 감소가 함께 관측되므로, 고용 감소가 신규 채용 둔화와 함께 나타나는지 확인할 필요가 있다.
경남 제조업 업황 심리지수가 기준선(100)을 밑돌아, 업종 고유 요인인지 지역 전반의 경기 흐름인지 구분해 확인할 필요가 있다.
같은 업종의 전국 업황 심리지수도 기준선을 밑돌아, 관측된 변화가 산단 고유 현상인지 전국 업종 흐름인지 확인할 필요가 있다.
이 분기는 월별 원자료가 공표되지 않아 분기 내 지속 여부를 확인할 수 없다. 분기말 단일시점 값에만 의존한 판단임을 감안할 필요가 있다.
연간보정 개정본을 사용한 구간이다. 이후 재개정 시 값이 달라질 수 있음을 확인할 필요가 있다.",고용지원 · 직업훈련 / 산업동향,검토 대상 기능의 제안이며 특정 사업·예산의 선정이 아니다. 지원 여부는 담당자의 현장 확인 뒤에 기존 체계에서 결정한다.
음식료,2023Q1,관찰,고용 축 진입신호 없음,S1,5.0,17.189631650750336,34.716876930776806,126.0,859.0,1561.18,0.7553441256386131,0.0,0.0,0.0,0.0,True,False,False,False,미충원·숙련수요·증가의 지속가능성을 확인한다.,고용·훈련 기능,5.0,8.0,6.0,-1.0,-16.666666666666664,-11.111111111111116,89.11143911324119,-7.081909493871641,-6.7917791167588035,monthly_simple_mean_approx,,859.0,5.0,False,메인 트랙,"6개 → 5개 (-1개, -16.7%)",,1,1,1,1,1,34.716876930776806,A,대분류 직접 대응,1,음식료품,22.235505981096736,22.235505981096736,True,22.235505981096736,False,True,True,,,1.3311449841767908,-3.0444865039985003,방향 불일치,-4.375631488175291,,,,비교자료 없음,,,False,KICOX 산단 고용과 고용보험 피보험자는 모집단이 다르다(산단 입주 사업체 vs 창원시 전역 사업장). 수준·점유율 비교 금지.,,,,,,,,,,,,,,,,3.0,0.0,28.596972517513343,44.33730169951644,0,,,,,,no_data,0,False,,no_mapped_chapter,해당 업종에 귀속 근거가 있는 HS 류가 없다,,,,창원시 전역 통관 · 연도창을 모두 확보한 HS6 합계(업종 수출 총액 아님),202301,115988.0,1.7313663234339582,2721.0,-9.631351710395219,2804.0,-5.747899159663861,-83.0,713.0,True,False,True,False,창원시 전역 제조업 총계 · 반기 · 표본조사. 업종별 값이 아니며 입직-이직을 KICOX 고용 증감과 같다고 보지 않는다.,1541275647,0.10956789582987625,5902,1.0270455323519334,True,False,False,True,창원시 전역 제조업 총계 전력사용량 · 월→분기 합계. 업종별 값이 아니며 가동률과 개념·모집단이 다르다.,74.0,91.33,83.33,90.0,77.67,70.66,A,2.0,True,True,True,경상남도 제조업 총계(업종 공통 배경),전국 업종별 심리지수. 창원국가산단 개별 업종의 신호가 아니라 같은 업종의 전국 분위기다.,,True,True,False,,False,PPI 조정 생산,2,업체수 감소 신호 · 가동 위축 신호,업체수 감소 신호,"대표 확인신호는 표시순서에 따른 요약이며, 유일한 원인이 아니다. 확인신호 프로필 전체를 함께 읽어야 한다.",False,False,False,False,False,True,False,False,True,False,,True,False,False,3,소규모 분모 — 비율 변동 과대 가능 · 연간보정 개정본 사용 구간 · 월별 원자료 미제공 구간,가중치 근거가 없어 신뢰도 점수를 만들지 않는다. 플래그를 그대로 읽는다.,"가동업체 감소가 실제 퇴거·폐업·통합·휴업에 따른 것인지, 아니면 조사대상 변동이나 집계기준 변경에 따른 것인지 확인할 필요가 있다.
가동률 하락이 일시적 생산조정인지 수주·수요 감소에 따른 것인지 확인할 필요가 있다.","업체수·고용 규모가 작아 비율 변동이 크게 나타난다. 절대 증감 개수로 다시 확인할 필요가 있다.
이 분기는 월별 원자료가 공표되지 않아 분기 내 지속 여부를 확인할 수 없다. 분기말 단일시점 값에만 의존한 판단임을 감안할 필요가 있다.
연간보정 개정본을 사용한 구간이다. 이후 재개정 시 값이 달라질 수 있음을 확인할 필요가 있다.","창원시 제조업 전체에서 입직자 감소가 함께 관측되므로, 고용 감소가 신규 채용 둔화와 함께 나타나는지 확인할 필요가 있다.
가동률과 전력사용의 방향이 달라 업종 구성·설비 특성·자료범위(산단 vs 시 전체) 차이를 추가 확인할 필요가 있다.
경남 제조업 업황 심리지수가 기준선(100)을 밑돌아, 업종 고유 요인인지 지역 전반의 경기 흐름인지 구분해 확인할 필요가 있다.
같은 업종의 전국 업황 심리지수도 기준선을 밑돌아, 관측된 변화가 산단 고유 현상인지 전국 업종 흐름인지 확인할 필요가 있다.","가동업체 감소가 실제 퇴거·폐업·통합·휴업에 따른 것인지, 아니면 조사대상 변동이나 집계기준 변경에 따른 것인지 확인할 필요가 있다.
가동률 하락이 일시적 생산조정인지 수주·수요 감소에 따른 것인지 확인할 필요가 있다.
창원시 제조업 전체에서 입직자 감소가 함께 관측되므로, 고용 감소가 신규 채용 둔화와 함께 나타나는지 확인할 필요가 있다.
가동률과 전력사용의 방향이 달라 업종 구성·설비 특성·자료범위(산단 vs 시 전체) 차이를 추가 확인할 필요가 있다.
경남 제조업 업황 심리지수가 기준선(100)을 밑돌아, 업종 고유 요인인지 지역 전반의 경기 흐름인지 구분해 확인할 필요가 있다.
같은 업종의 전국 업황 심리지수도 기준선을 밑돌아, 관측된 변화가 산단 고유 현상인지 전국 업종 흐름인지 확인할 필요가 있다.
업체수·고용 규모가 작아 비율 변동이 크게 나타난다. 절대 증감 개수로 다시 확인할 필요가 있다.
이 분기는 월별 원자료가 공표되지 않아 분기 내 지속 여부를 확인할 수 없다. 분기말 단일시점 값에만 의존한 판단임을 감안할 필요가 있다.
연간보정 개정본을 사용한 구간이다. 이후 재개정 시 값이 달라질 수 있음을 확인할 필요가 있다.",산업동향 · 기업지원 / 고용지원 · 직업훈련 / 산업동향,검토 대상 기능의 제안이며 특정 사업·예산의 선정이 아니다. 지원 여부는 담당자의 현장 확인 뒤에 기존 체계에서 결정한다.
전기전자,2023Q1,관찰,고용 축 진입신호 없음,S1,1.0,4.927346225281326,3.621137158938215,1353.0,28812.0,32541.05698775,25.33524440966207,0.0,0.0,0.0,0.0,True,False,False,False,미충원·숙련수요·증가의 지속가능성을 확인한다.,고용·훈련 기능,544.0,577.0,538.0,6.0,1.1152416356877248,1.763668430335108,75.42965424181767,-14.082962475612915,-12.363938758182329,monthly_simple_mean_approx,,28812.0,544.0,False,메인 트랙,"538개 → 544개 (+6개, +1.1%)",,1,1,1,1,1,3.621137158938215,C,복수 후보만 존재 — 가중치 근거 없음. 밴드로만 해석,2,전기장비|컴퓨터전자및광학기기,-2.9113339299087215,9.91445992962159,True,,True,,,True,False,1.3311449841767908,-3.0444865039985003,방향 불일치,-4.375631488175291,,,,비교자료 없음,,,False,KICOX 산단 고용과 고용보험 피보험자는 모집단이 다르다(산단 입주 사업체 vs 창원시 전역 사업장). 수준·점유율 비교 금지.,,,,,,,,,,,,,,,,3.0,1.0,-2.7294607469052323,8.513992237007283,0,509982.0,5.920544326196953,-9.238439988252722,238.0,B,mapped_chapters_only,0,True,False,usable,,296.0,272.0,0.0,창원시 전역 통관 · 연도창을 모두 확보한 HS6 합계(업종 수출 총액 아님),202301,115988.0,1.7313663234339582,2721.0,-9.631351710395219,2804.0,-5.747899159663861,-83.0,713.0,True,False,True,False,창원시 전역 제조업 총계 · 반기 · 표본조사. 업종별 값이 아니며 입직-이직을 KICOX 고용 증감과 같다고 보지 않는다.,1541275647,0.10956789582987625,5902,1.0270455323519334,True,False,False,True,창원시 전역 제조업 총계 전력사용량 · 월→분기 합계. 업종별 값이 아니며 가동률과 개념·모집단이 다르다.,74.0,91.33,83.33,90.0,77.67,69.66,A,2.0,True,True,True,경상남도 제조업 총계(업종 공통 배경),전국 업종별 심리지수. 창원국가산단 개별 업종의 신호가 아니라 같은 업종의 전국 분위기다.,False,False,True,,후보 모두 위축 아님,False,명목 생산만(가격효과 미조정),1,가동 위축 신호,가동 위축 신호,,True,False,False,False,False,True,False,True,False,False,,True,False,False,3,PPI 매핑 불확실(C·D 등급) · 연간보정 개정본 사용 구간 · 월별 원자료 미제공 구간,가중치 근거가 없어 신뢰도 점수를 만들지 않는다. 플래그를 그대로 읽는다.,가동률 하락이 일시적 생산조정인지 수주·수요 감소에 따른 것인지 확인할 필요가 있다.,"이 업종은 생산자물가지수 대응 후보가 복수이거나 없어, PPI 조정 생산을 단일값으로 해석하지 않고 원자료로 확인할 필요가 있다.
이 분기는 월별 원자료가 공표되지 않아 분기 내 지속 여부를 확인할 수 없다. 분기말 단일시점 값에만 의존한 판단임을 감안할 필요가 있다.
연간보정 개정본을 사용한 구간이다. 이후 재개정 시 값이 달라질 수 있음을 확인할 필요가 있다.","창원시 제조업 전체에서 입직자 감소가 함께 관측되므로, 고용 감소가 신규 채용 둔화와 함께 나타나는지 확인할 필요가 있다.
가동률과 전력사용의 방향이 달라 업종 구성·설비 특성·자료범위(산단 vs 시 전체) 차이를 추가 확인할 필요가 있다.
경남 제조업 업황 심리지수가 기준선(100)을 밑돌아, 업종 고유 요인인지 지역 전반의 경기 흐름인지 구분해 확인할 필요가 있다.
같은 업종의 전국 업황 심리지수도 기준선을 밑돌아, 관측된 변화가 산단 고유 현상인지 전국 업종 흐름인지 확인할 필요가 있다.","가동률 하락이 일시적 생산조정인지 수주·수요 감소에 따른 것인지 확인할 필요가 있다.
창원시 제조업 전체에서 입직자 감소가 함께 관측되므로, 고용 감소가 신규 채용 둔화와 함께 나타나는지 확인할 필요가 있다.
가동률과 전력사용의 방향이 달라 업종 구성·설비 특성·자료범위(산단 vs 시 전체) 차이를 추가 확인할 필요가 있다.
경남 제조업 업황 심리지수가 기준선(100)을 밑돌아, 업종 고유 요인인지 지역 전반의 경기 흐름인지 구분해 확인할 필요가 있다.
같은 업종의 전국 업황 심리지수도 기준선을 밑돌아, 관측된 변화가 산단 고유 현상인지 전국 업종 흐름인지 확인할 필요가 있다.
이 업종은 생산자물가지수 대응 후보가 복수이거나 없어, PPI 조정 생산을 단일값으로 해석하지 않고 원자료로 확인할 필요가 있다.
이 분기는 월별 원자료가 공표되지 않아 분기 내 지속 여부를 확인할 수 없다. 분기말 단일시점 값에만 의존한 판단임을 감안할 필요가 있다.
연간보정 개정본을 사용한 구간이다. 이후 재개정 시 값이 달라질 수 있음을 확인할 필요가 있다.",산업동향 · 기업지원 / 고용지원 · 직업훈련 / 산업동향,검토 대상 기능의 제안이며 특정 사업·예산의 선정이 아니다. 지원 여부는 담당자의 현장 확인 뒤에 기존 체계에서 결정한다.
철강,2023Q1,관찰,고용 축 진입신호 없음 (생산 11.4% 단독 감소 — 확인질문에 반영),S4,2.0,-4.304461942257221,-11.352948554581854,-410.0,9115.0,16124.712499999998,8.01508929592079,4.304461942257221,1.2599754382587205,0.3605251356365906,11.352948554581854,True,False,False,False,수주잔량·가동률·휴업/감산·기업 수 변동·고용조정 계획 신고 여부를 확인한다(원인 후보이며 입증된 원인이 아님).,기업지원 기능 + 고용지원 기능,75.0,80.0,75.0,0.0,0.0,1.2658227848101333,90.27035056580856,5.688065770377149,4.858293955808563,monthly_simple_mean_approx,,9115.0,75.0,False,메인 트랙,"75개 → 75개 (+0개, +0.0%)",,1,1,1,1,1,-11.352948554581854,B,상위 범주가 넓어 범위 과대·과소 가능,1,철강1차제품,-10.351137759349161,-10.351137759349161,True,-10.351137759349161,False,True,True,,,1.3311449841767908,-3.0444865039985003,방향 불일치,-4.375631488175291,,,,비교자료 없음,,,False,KICOX 산단 고용과 고용보험 피보험자는 모집단이 다르다(산단 입주 사업체 vs 창원시 전역 사업장). 수준·점유율 비교 금지.,,,,,,,,,,,,,,,,3.0,3.0,-14.057588188884218,-7.03932522886398,0,241420.0,-22.875908864382744,5.659429124514892,188.0,A,mapped_chapters_only,0,True,True,usable,,291.0,237.0,0.0,창원시 전역 통관 · 연도창을 모두 확보한 HS6 합계(업종 수출 총액 아님),202301,115988.0,1.7313663234339582,2721.0,-9.631351710395219,2804.0,-5.747899159663861,-83.0,713.0,True,False,True,False,창원시 전역 제조업 총계 · 반기 · 표본조사. 업종별 값이 아니며 입직-이직을 KICOX 고용 증감과 같다고 보지 않는다.,1541275647,0.10956789582987625,5902,1.0270455323519334,True,False,False,False,창원시 전역 제조업 총계 전력사용량 · 월→분기 합계. 업종별 값이 아니며 가동률과 개념·모집단이 다르다.,74.0,91.33,83.33,90.0,77.67,66.67,B,1.0,True,True,True,경상남도 제조업 총계(업종 공통 배경),전국 업종별 심리지수. 창원국가산단 개별 업종의 신호가 아니라 같은 업종의 전국 분위기다.,False,False,False,True,,False,PPI 조정 생산,1,실질생산 위축 신호(PPI 조정),실질생산 위축 신호(PPI 조정),,False,False,False,False,False,True,False,False,False,False,,True,False,False,2,연간보정 개정본 사용 구간 · 월별 원자료 미제공 구간,가중치 근거가 없어 신뢰도 점수를 만들지 않는다. 플래그를 그대로 읽는다.,명목생산 변화에 가격효과가 포함되어 있으므로 실제 물량이 줄었는지 추가로 확인할 필요가 있다.,"이 분기는 월별 원자료가 공표되지 않아 분기 내 지속 여부를 확인할 수 없다. 분기말 단일시점 값에만 의존한 판단임을 감안할 필요가 있다.
연간보정 개정본을 사용한 구간이다. 이후 재개정 시 값이 달라질 수 있음을 확인할 필요가 있다.","확인된 품목 기준 수출이 함께 감소하고 있어, 외부수요 약화 가능성을 보려면 수출 감소가 특정 품목·기업에 집중되는지 추가 확인할 필요가 있다.
창원시 제조업 전체에서 입직자 감소가 함께 관측되므로, 고용 감소가 신규 채용 둔화와 함께 나타나는지 확인할 필요가 있다.
경남 제조업 업황 심리지수가 기준선(100)을 밑돌아, 업종 고유 요인인지 지역 전반의 경기 흐름인지 구분해 확인할 필요가 있다.
같은 업종의 전국 업황 심리지수도 기준선을 밑돌아, 관측된 변화가 산단 고유 현상인지 전국 업종 흐름인지 확인할 필요가 있다.","명목생산 변화에 가격효과가 포함되어 있으므로 실제 물량이 줄었는지 추가로 확인할 필요가 있다.
확인된 품목 기준 수출이 함께 감소하고 있어, 외부수요 약화 가능성을 보려면 수출 감소가 특정 품목·기업에 집중되는지 추가 확인할 필요가 있다.
창원시 제조업 전체에서 입직자 감소가 함께 관측되므로, 고용 감소가 신규 채용 둔화와 함께 나타나는지 확인할 필요가 있다.
경남 제조업 업황 심리지수가 기준선(100)을 밑돌아, 업종 고유 요인인지 지역 전반의 경기 흐름인지 구분해 확인할 필요가 있다.
같은 업종의 전국 업황 심리지수도 기준선을 밑돌아, 관측된 변화가 산단 고유 현상인지 전국 업종 흐름인지 확인할 필요가 있다.
이 분기는 월별 원자료가 공표되지 않아 분기 내 지속 여부를 확인할 수 없다. 분기말 단일시점 값에만 의존한 판단임을 감안할 필요가 있다.
연간보정 개정본을 사용한 구간이다. 이후 재개정 시 값이 달라질 수 있음을 확인할 필요가 있다.",산업동향 / 산업동향 · 기업지원 / 고용지원 · 직업훈련,검토 대상 기능의 제안이며 특정 사업·예산의 선정이 아니다. 지원 여부는 담당자의 현장 확인 뒤에 기존 체계에서 결정한다.
기계,2023Q2,우선점검,고용감소 8.8%(진입경계 5% 통과) · 산단평균 대비 5.8%p 열위(진입경계 통과) · 산단 제조업 고용의 4.82% 감소(상위경계 2.0% 통과) → 보강: 직전 분기에도 진입신호(지속),S2,1.0,-8.788965162451968,0.3889388995355292,-5467.0,56736.0,46779.95319025642,50.04940014114327,8.788965162451968,5.803890535586298,4.8226887791107975,0.0,True,True,False,False,"자동화·설비투자, 외주·도급 전환, 미충원·숙련 불일치, 직무구조 변화 가능성을 질문으로 확인한다(원인 후보이며 입증된 원인이 아님).",고용·훈련 기능 + 기업지원 기능,1460.0,1530.0,1457.0,3.0,0.20590253946466408,0.5256241787122251,78.0547293009608,-3.5243667620158514,-2.8514297790391936,monthly_simple_mean_approx,,56736.0,1460.0,False,메인 트랙,"1,457개 → 1,460개 (+3개, +0.2%)",,1,1,1,1,1,0.3889388995355292,A,대분류 직접 대응,1,기계및장비,-2.3017272208186057,-2.3017272208186057,True,-2.3017272208186057,False,False,True,,,1.2712056095905977,-2.985074626865669,방향 불일치,-4.256280236456266,,,,비교자료 없음,,,False,KICOX 산단 고용과 고용보험 피보험자는 모집단이 다르다(산단 입주 사업체 vs 창원시 전역 사업장). 수준·점유율 비교 금지.,,,,,,,,,,,,,,,,3.0,2.0,-3.875280457247521,4.84128661441261,0,2655080.0,0.6108085720099687,1.174474772096179,317.0,B,mapped_chapters_only,0,True,False,usable,,538.0,439.0,0.0,창원시 전역 통관 · 연도창을 모두 확보한 HS6 합계(업종 수출 총액 아님),202301,115988.0,1.7313663234339582,2721.0,-9.631351710395219,2804.0,-5.747899159663861,-83.0,713.0,True,False,True,False,창원시 전역 제조업 총계 · 반기 · 표본조사. 업종별 값이 아니며 입직-이직을 KICOX 고용 증감과 같다고 보지 않는다.,1509459422,-2.281096686725592,5892,0.37478705281090985,True,False,True,False,창원시 전역 제조업 총계 전력사용량 · 월→분기 합계. 업종별 값이 아니며 가동률과 개념·모집단이 다르다.,77.67,96.33,87.67,94.67,79.33,74.0,C,2.0,True,True,True,경상남도 제조업 총계(업종 공통 배경),전국 업종별 심리지수. 창원국가산단 개별 업종의 신호가 아니라 같은 업종의 전국 분위기다.,True,False,True,False,,False,PPI 조정 생산,1,가동 위축 신호,가동 위축 신호,,False,False,False,False,False,True,True,False,False,False,,True,False,False,3,명목·PPI 조정 생산 방향 불일치 · 연간보정 개정본 사용 구간 · 월별 원자료 미제공 구간,가중치 근거가 없어 신뢰도 점수를 만들지 않는다. 플래그를 그대로 읽는다.,가동률 하락이 일시적 생산조정인지 수주·수요 감소에 따른 것인지 확인할 필요가 있다.,"명목생산과 PPI 조정 생산의 방향이 달라, 이 분기의 생산 변화가 가격 때문인지 물량 때문인지 확인할 필요가 있다.
이 분기는 월별 원자료가 공표되지 않아 분기 내 지속 여부를 확인할 수 없다. 분기말 단일시점 값에만 의존한 판단임을 감안할 필요가 있다.
연간보정 개정본을 사용한 구간이다. 이후 재개정 시 값이 달라질 수 있음을 확인할 필요가 있다.","확인된 품목 기준 수출은 유지·확대되는데 고용이 감소하고 있어 생산성·자동화·기업구성 변화 등의 가능성을 추가 확인할 필요가 있다.
창원시 제조업 전체에서 입직자 감소가 함께 관측되므로, 고용 감소가 신규 채용 둔화와 함께 나타나는지 확인할 필요가 있다.
가동률 하락과 창원시 제조업 전력사용 감소가 함께 나타나 실제 생산활동 위축 여부를 추가 확인할 필요가 있다. 다만 전력은 시 전체 제조업 총계이므로 이 업종의 값이 아니다.
경남 제조업 업황 심리지수가 기준선(100)을 밑돌아, 업종 고유 요인인지 지역 전반의 경기 흐름인지 구분해 확인할 필요가 있다.
같은 업종의 전국 업황 심리지수도 기준선을 밑돌아, 관측된 변화가 산단 고유 현상인지 전국 업종 흐름인지 확인할 필요가 있다.","가동률 하락이 일시적 생산조정인지 수주·수요 감소에 따른 것인지 확인할 필요가 있다.
확인된 품목 기준 수출은 유지·확대되는데 고용이 감소하고 있어 생산성·자동화·기업구성 변화 등의 가능성을 추가 확인할 필요가 있다.
창원시 제조업 전체에서 입직자 감소가 함께 관측되므로, 고용 감소가 신규 채용 둔화와 함께 나타나는지 확인할 필요가 있다.
가동률 하락과 창원시 제조업 전력사용 감소가 함께 나타나 실제 생산활동 위축 여부를 추가 확인할 필요가 있다. 다만 전력은 시 전체 제조업 총계이므로 이 업종의 값이 아니다.
경남 제조업 업황 심리지수가 기준선(100)을 밑돌아, 업종 고유 요인인지 지역 전반의 경기 흐름인지 구분해 확인할 필요가 있다.
같은 업종의 전국 업황 심리지수도 기준선을 밑돌아, 관측된 변화가 산단 고유 현상인지 전국 업종 흐름인지 확인할 필요가 있다.
명목생산과 PPI 조정 생산의 방향이 달라, 이 분기의 생산 변화가 가격 때문인지 물량 때문인지 확인할 필요가 있다.
이 분기는 월별 원자료가 공표되지 않아 분기 내 지속 여부를 확인할 수 없다. 분기말 단일시점 값에만 의존한 판단임을 감안할 필요가 있다.
연간보정 개정본을 사용한 구간이다. 이후 재개정 시 값이 달라질 수 있음을 확인할 필요가 있다.",산업동향 · 기업지원 / 고용지원 · 직업훈련 / 산업동향,검토 대상 기능의 제안이며 특정 사업·예산의 선정이 아니다. 지원 여부는 담당자의 현장 확인 뒤에 기존 체계에서 결정한다.
기타,2023Q2,추가확인,고용감소 18.6%(상위경계 10% 통과) · 산단평균 대비 15.6%p 열위(상위경계 통과) [상위경계 통과했으나 고용 158인 < 300인으로 우선점검 제외],S4,6.0,-18.55670103092784,-39.718035049375,-36.0,158.0,78.78250000000001,0.139378969654199,18.55670103092784,15.571626404062169,0.0317572335920959,39.718035049375,False,True,False,False,수주잔량·가동률·휴업/감산·기업 수 변동·고용조정 계획 신고 여부를 확인한다(원인 후보이며 입증된 원인이 아님).,기업지원 기능 + 고용지원 기능,23.0,25.0,24.0,-1.0,-4.1666666666666625,0.0,65.89548700385443,-16.09281784835519,-12.638299156145578,monthly_simple_mean_approx,,158.0,23.0,True,소규모 집계 트랙,"24개 → 23개 (-1개, -4.2%)","소규모 집계 트랙은 업종을 배제하는 장치가 아니라, 분모가 작아 비율 변동이 커지는 집계군을 별도 방식으로 읽기 위한 표시다.",1,1,1,1,1,-39.718035049375,D,대응 항목 없음 — 조정 생산 산출 불가,0,,,,True,,False,,,,,1.2712056095905977,-2.985074626865669,방향 불일치,-4.256280236456266,,,,비교자료 없음,,,False,KICOX 산단 고용과 고용보험 피보험자는 모집단이 다르다(산단 입주 사업체 vs 창원시 전역 사업장). 수준·점유율 비교 금지.,,,,,,,,,,,,,,,,3.0,3.0,-42.19169400967851,-37.146226419954665,0,,,,,,no_data,0,False,,no_mapped_chapter,해당 업종에 귀속 근거가 있는 HS 류가 없다,,,,창원시 전역 통관 · 연도창을 모두 확보한 HS6 합계(업종 수출 총액 아님),202301,115988.0,1.7313663234339582,2721.0,-9.631351710395219,2804.0,-5.747899159663861,-83.0,713.0,True,False,True,False,창원시 전역 제조업 총계 · 반기 · 표본조사. 업종별 값이 아니며 입직-이직을 KICOX 고용 증감과 같다고 보지 않는다.,1509459422,-2.281096686725592,5892,0.37478705281090985,True,False,True,False,창원시 전역 제조업 총계 전력사용량 · 월→분기 합계. 업종별 값이 아니며 가동률과 개념·모집단이 다르다.,77.67,96.33,87.67,94.67,79.33,,,,True,,True,경상남도 제조업 총계(업종 공통 배경),전국 업종별 심리지수. 창원국가산단 개별 업종의 신호가 아니라 같은 업종의 전국 분위기다.,,True,True,,,False,명목 생산만(가격효과 미조정),2,업체수 감소 신호 · 가동 위축 신호,업체수 감소 신호,"대표 확인신호는 표시순서에 따른 요약이며, 유일한 원인이 아니다. 확인신호 프로필 전체를 함께 읽어야 한다.",True,False,False,False,False,True,False,True,True,False,,True,False,False,4,PPI 매핑 불확실(C·D 등급) · 소규모 분모 — 비율 변동 과대 가능 · 연간보정 개정본 사용 구간 · 월별 원자료 미제공 구간,가중치 근거가 없어 신뢰도 점수를 만들지 않는다. 플래그를 그대로 읽는다.,"가동업체 감소가 실제 퇴거·폐업·통합·휴업에 따른 것인지, 아니면 조사대상 변동이나 집계기준 변경에 따른 것인지 확인할 필요가 있다.
가동률 하락이 일시적 생산조정인지 수주·수요 감소에 따른 것인지 확인할 필요가 있다.","이 업종은 생산자물가지수 대응 후보가 복수이거나 없어, PPI 조정 생산을 단일값으로 해석하지 않고 원자료로 확인할 필요가 있다.
업체수·고용 규모가 작아 비율 변동이 크게 나타난다. 절대 증감 개수로 다시 확인할 필요가 있다.
이 분기는 월별 원자료가 공표되지 않아 분기 내 지속 여부를 확인할 수 없다. 분기말 단일시점 값에만 의존한 판단임을 감안할 필요가 있다.
연간보정 개정본을 사용한 구간이다. 이후 재개정 시 값이 달라질 수 있음을 확인할 필요가 있다.","창원시 제조업 전체에서 입직자 감소가 함께 관측되므로, 고용 감소가 신규 채용 둔화와 함께 나타나는지 확인할 필요가 있다.
가동률 하락과 창원시 제조업 전력사용 감소가 함께 나타나 실제 생산활동 위축 여부를 추가 확인할 필요가 있다. 다만 전력은 시 전체 제조업 총계이므로 이 업종의 값이 아니다.
경남 제조업 업황 심리지수가 기준선(100)을 밑돌아, 업종 고유 요인인지 지역 전반의 경기 흐름인지 구분해 확인할 필요가 있다.","가동업체 감소가 실제 퇴거·폐업·통합·휴업에 따른 것인지, 아니면 조사대상 변동이나 집계기준 변경에 따른 것인지 확인할 필요가 있다.
가동률 하락이 일시적 생산조정인지 수주·수요 감소에 따른 것인지 확인할 필요가 있다.
창원시 제조업 전체에서 입직자 감소가 함께 관측되므로, 고용 감소가 신규 채용 둔화와 함께 나타나는지 확인할 필요가 있다.
가동률 하락과 창원시 제조업 전력사용 감소가 함께 나타나 실제 생산활동 위축 여부를 추가 확인할 필요가 있다. 다만 전력은 시 전체 제조업 총계이므로 이 업종의 값이 아니다.
경남 제조업 업황 심리지수가 기준선(100)을 밑돌아, 업종 고유 요인인지 지역 전반의 경기 흐름인지 구분해 확인할 필요가 있다.
이 업종은 생산자물가지수 대응 후보가 복수이거나 없어, PPI 조정 생산을 단일값으로 해석하지 않고 원자료로 확인할 필요가 있다.
업체수·고용 규모가 작아 비율 변동이 크게 나타난다. 절대 증감 개수로 다시 확인할 필요가 있다.
이 분기는 월별 원자료가 공표되지 않아 분기 내 지속 여부를 확인할 수 없다. 분기말 단일시점 값에만 의존한 판단임을 감안할 필요가 있다.
연간보정 개정본을 사용한 구간이다. 이후 재개정 시 값이 달라질 수 있음을 확인할 필요가 있다.",산업동향 · 기업지원 / 고용지원 · 직업훈련 / 산업동향,검토 대상 기능의 제안이며 특정 사업·예산의 선정이 아니다. 지원 여부는 담당자의 현장 확인 뒤에 기존 체계에서 결정한다.
목재종이,2023Q2,관찰,고용 축 진입신호 없음 (생산 52.4% 단독 감소 — 확인질문에 반영),S4,3.0,-3.3707865168539297,-52.43016966733348,-9.0,258.0,64.205,0.2275935074100211,3.3707865168539297,0.3857118899882605,0.0079393083980239,52.43016966733348,False,False,False,False,수주잔량·가동률·휴업/감산·기업 수 변동·고용조정 계획 신고 여부를 확인한다(원인 후보이며 입증된 원인이 아님).,기업지원 기능 + 고용지원 기능,39.0,44.0,40.0,-1.0,-2.500000000000002,2.3255813953488413,71.8779736915757,-18.67289943428243,-16.503356998424294,monthly_simple_mean_approx,,258.0,39.0,True,소규모 집계 트랙,"40개 → 39개 (-1개, -2.5%)","소규모 집계 트랙은 업종을 배제하는 장치가 아니라, 분모가 작아 비율 변동이 커지는 집계군을 별도 방식으로 읽기 위한 표시다.",1,1,1,1,1,-52.43016966733348,A,대분류 직접 대응,1,목재및종이제품,-52.60630123972124,-52.60630123972124,True,-52.60630123972124,False,True,True,,,1.2712056095905977,-2.985074626865669,방향 불일치,-4.256280236456266,,,,비교자료 없음,,,False,KICOX 산단 고용과 고용보험 피보험자는 모집단이 다르다(산단 입주 사업체 vs 창원시 전역 사업장). 수준·점유율 비교 금지.,,,,,,,,,,,,,,,,3.0,3.0,-58.40449438202246,-48.3058403923317,0,,,,,,no_data,0,False,,no_mapped_chapter,해당 업종에 귀속 근거가 있는 HS 류가 없다,,,,창원시 전역 통관 · 연도창을 모두 확보한 HS6 합계(업종 수출 총액 아님),202301,115988.0,1.7313663234339582,2721.0,-9.631351710395219,2804.0,-5.747899159663861,-83.0,713.0,True,False,True,False,창원시 전역 제조업 총계 · 반기 · 표본조사. 업종별 값이 아니며 입직-이직을 KICOX 고용 증감과 같다고 보지 않는다.,1509459422,-2.281096686725592,5892,0.37478705281090985,True,False,True,False,창원시 전역 제조업 총계 전력사용량 · 월→분기 합계. 업종별 값이 아니며 가동률과 개념·모집단이 다르다.,77.67,96.33,87.67,94.67,79.33,58.66,A,2.0,True,True,True,경상남도 제조업 총계(업종 공통 배경),전국 업종별 심리지수. 창원국가산단 개별 업종의 신호가 아니라 같은 업종의 전국 분위기다.,,False,True,True,,False,PPI 조정 생산,2,가동 위축 신호 · 실질생산 위축 신호(PPI 조정),가동 위축 신호,"대표 확인신호는 표시순서에 따른 요약이며, 유일한 원인이 아니다. 확인신호 프로필 전체를 함께 읽어야 한다.",False,False,False,False,False,True,False,False,True,False,,True,False,False,3,소규모 분모 — 비율 변동 과대 가능 · 연간보정 개정본 사용 구간 · 월별 원자료 미제공 구간,가중치 근거가 없어 신뢰도 점수를 만들지 않는다. 플래그를 그대로 읽는다.,"가동률 하락이 일시적 생산조정인지 수주·수요 감소에 따른 것인지 확인할 필요가 있다.
명목생산 변화에 가격효과가 포함되어 있으므로 실제 물량이 줄었는지 추가로 확인할 필요가 있다.","업체수·고용 규모가 작아 비율 변동이 크게 나타난다. 절대 증감 개수로 다시 확인할 필요가 있다.
이 분기는 월별 원자료가 공표되지 않아 분기 내 지속 여부를 확인할 수 없다. 분기말 단일시점 값에만 의존한 판단임을 감안할 필요가 있다.
연간보정 개정본을 사용한 구간이다. 이후 재개정 시 값이 달라질 수 있음을 확인할 필요가 있다.","창원시 제조업 전체에서 입직자 감소가 함께 관측되므로, 고용 감소가 신규 채용 둔화와 함께 나타나는지 확인할 필요가 있다.
가동률 하락과 창원시 제조업 전력사용 감소가 함께 나타나 실제 생산활동 위축 여부를 추가 확인할 필요가 있다. 다만 전력은 시 전체 제조업 총계이므로 이 업종의 값이 아니다.
경남 제조업 업황 심리지수가 기준선(100)을 밑돌아, 업종 고유 요인인지 지역 전반의 경기 흐름인지 구분해 확인할 필요가 있다.
같은 업종의 전국 업황 심리지수도 기준선을 밑돌아, 관측된 변화가 산단 고유 현상인지 전국 업종 흐름인지 확인할 필요가 있다.","가동률 하락이 일시적 생산조정인지 수주·수요 감소에 따른 것인지 확인할 필요가 있다.
명목생산 변화에 가격효과가 포함되어 있으므로 실제 물량이 줄었는지 추가로 확인할 필요가 있다.
창원시 제조업 전체에서 입직자 감소가 함께 관측되므로, 고용 감소가 신규 채용 둔화와 함께 나타나는지 확인할 필요가 있다.
가동률 하락과 창원시 제조업 전력사용 감소가 함께 나타나 실제 생산활동 위축 여부를 추가 확인할 필요가 있다. 다만 전력은 시 전체 제조업 총계이므로 이 업종의 값이 아니다.
경남 제조업 업황 심리지수가 기준선(100)을 밑돌아, 업종 고유 요인인지 지역 전반의 경기 흐름인지 구분해 확인할 필요가 있다.
같은 업종의 전국 업황 심리지수도 기준선을 밑돌아, 관측된 변화가 산단 고유 현상인지 전국 업종 흐름인지 확인할 필요가 있다.
업체수·고용 규모가 작아 비율 변동이 크게 나타난다. 절대 증감 개수로 다시 확인할 필요가 있다.
이 분기는 월별 원자료가 공표되지 않아 분기 내 지속 여부를 확인할 수 없다. 분기말 단일시점 값에만 의존한 판단임을 감안할 필요가 있다.
연간보정 개정본을 사용한 구간이다. 이후 재개정 시 값이 달라질 수 있음을 확인할 필요가 있다.",산업동향 · 기업지원 / 산업동향 / 고용지원 · 직업훈련,검토 대상 기능의 제안이며 특정 사업·예산의 선정이 아니다. 지원 여부는 담당자의 현장 확인 뒤에 기존 체계에서 결정한다.
비금속,2023Q2,관찰,고용 축 진입신호 없음,S2,6.0,-3.0888030888030937,24.113681909273097,-8.0,251.0,170.315,0.2214184897671136,3.0888030888030937,0.1037284619374245,0.0070571630204657,0.0,False,False,False,False,"자동화·설비투자, 외주·도급 전환, 미충원·숙련 불일치, 직무구조 변화 가능성을 질문으로 확인한다(원인 후보이며 입증된 원인이 아님).",고용·훈련 기능 + 기업지원 기능,5.0,5.0,5.0,0.0,0.0,0.0,56.23159505279668,33.97794582281093,14.260810452796676,monthly_simple_mean_approx,,251.0,5.0,True,소규모 집계 트랙,"5개 → 5개 (+0개, +0.0%)","소규모 집계 트랙은 업종을 배제하는 장치가 아니라, 분모가 작아 비율 변동이 커지는 집계군을 별도 방식으로 읽기 위한 표시다.",1,1,1,1,1,24.113681909273097,A,대분류 직접 대응,1,비금속광물제품,13.064103458295296,13.064103458295296,True,13.064103458295296,False,True,True,,,1.2712056095905977,-2.985074626865669,방향 불일치,-4.256280236456266,,,,비교자료 없음,,,False,KICOX 산단 고용과 고용보험 피보험자는 모집단이 다르다(산단 입주 사업체 vs 창원시 전역 사업장). 수준·점유율 비교 금지.,,,,,,,,,,,,,,,,3.0,0.0,5.999050783103943,42.38727424949169,0,,,,,,no_data,0,False,,no_mapped_chapter,해당 업종에 귀속 근거가 있는 HS 류가 없다,,,,창원시 전역 통관 · 연도창을 모두 확보한 HS6 합계(업종 수출 총액 아님),202301,115988.0,1.7313663234339582,2721.0,-9.631351710395219,2804.0,-5.747899159663861,-83.0,713.0,True,False,True,False,창원시 전역 제조업 총계 · 반기 · 표본조사. 업종별 값이 아니며 입직-이직을 KICOX 고용 증감과 같다고 보지 않는다.,1509459422,-2.281096686725592,5892,0.37478705281090985,True,False,False,True,창원시 전역 제조업 총계 전력사용량 · 월→분기 합계. 업종별 값이 아니며 가동률과 개념·모집단이 다르다.,77.67,96.33,87.67,94.67,79.33,76.67,A,1.0,True,True,True,경상남도 제조업 총계(업종 공통 배경),전국 업종별 심리지수. 창원국가산단 개별 업종의 신호가 아니라 같은 업종의 전국 분위기다.,,False,False,False,,True,PPI 조정 생산,1,생산유지·고용감소 신호,생산유지·고용감소 신호,,False,False,False,False,False,True,False,False,True,False,,True,False,False,3,소규모 분모 — 비율 변동 과대 가능 · 연간보정 개정본 사용 구간 · 월별 원자료 미제공 구간,가중치 근거가 없어 신뢰도 점수를 만들지 않는다. 플래그를 그대로 읽는다.,생산이 유지되는데 고용이 감소하고 있어 자동화·생산성 변화·미충원·외주화·인력구조 조정 여부를 확인할 필요가 있다.,"업체수·고용 규모가 작아 비율 변동이 크게 나타난다. 절대 증감 개수로 다시 확인할 필요가 있다.
이 분기는 월별 원자료가 공표되지 않아 분기 내 지속 여부를 확인할 수 없다. 분기말 단일시점 값에만 의존한 판단임을 감안할 필요가 있다.
연간보정 개정본을 사용한 구간이다. 이후 재개정 시 값이 달라질 수 있음을 확인할 필요가 있다.","창원시 제조업 전체에서 입직자 감소가 함께 관측되므로, 고용 감소가 신규 채용 둔화와 함께 나타나는지 확인할 필요가 있다.
가동률과 전력사용의 방향이 달라 업종 구성·설비 특성·자료범위(산단 vs 시 전체) 차이를 추가 확인할 필요가 있다.
경남 제조업 업황 심리지수가 기준선(100)을 밑돌아, 업종 고유 요인인지 지역 전반의 경기 흐름인지 구분해 확인할 필요가 있다.
같은 업종의 전국 업황 심리지수도 기준선을 밑돌아, 관측된 변화가 산단 고유 현상인지 전국 업종 흐름인지 확인할 필요가 있다.","생산이 유지되는데 고용이 감소하고 있어 자동화·생산성 변화·미충원·외주화·인력구조 조정 여부를 확인할 필요가 있다.
창원시 제조업 전체에서 입직자 감소가 함께 관측되므로, 고용 감소가 신규 채용 둔화와 함께 나타나는지 확인할 필요가 있다.
가동률과 전력사용의 방향이 달라 업종 구성·설비 특성·자료범위(산단 vs 시 전체) 차이를 추가 확인할 필요가 있다.
경남 제조업 업황 심리지수가 기준선(100)을 밑돌아, 업종 고유 요인인지 지역 전반의 경기 흐름인지 구분해 확인할 필요가 있다.
같은 업종의 전국 업황 심리지수도 기준선을 밑돌아, 관측된 변화가 산단 고유 현상인지 전국 업종 흐름인지 확인할 필요가 있다.
업체수·고용 규모가 작아 비율 변동이 크게 나타난다. 절대 증감 개수로 다시 확인할 필요가 있다.
이 분기는 월별 원자료가 공표되지 않아 분기 내 지속 여부를 확인할 수 없다. 분기말 단일시점 값에만 의존한 판단임을 감안할 필요가 있다.
연간보정 개정본을 사용한 구간이다. 이후 재개정 시 값이 달라질 수 있음을 확인할 필요가 있다.",고용지원 · 직업훈련 / 산업동향,검토 대상 기능의 제안이며 특정 사업·예산의 선정이 아니다. 지원 여부는 담당자의 현장 확인 뒤에 기존 체계에서 결정한다.
석유화학,2023Q2,관찰,고용 축 진입신호 없음,S1,6.0,21.12403100775193,45.18449021597293,109.0,625.0,991.6875,0.5513408609738886,0.0,0.0,0.0,0.0,True,False,False,False,미충원·숙련수요·증가의 지속가능성을 확인한다.,고용·훈련 기능,40.0,42.0,39.0,1.0,2.564102564102555,5.000000000000004,74.07561010908357,-9.440433330952104,-7.722053940916425,monthly_simple_mean_approx,,625.0,40.0,False,메인 트랙,"39개 → 40개 (+1개, +2.6%)",,1,1,1,1,1,45.18449021597293,C,복수 후보만 존재 — 가중치 근거 없음. 밴드로만 해석,2,석탄및석유제품|화학제품,53.246822399564486,99.56782656502246,True,,True,,,False,False,1.2712056095905977,-2.985074626865669,방향 불일치,-4.256280236456266,,,,비교자료 없음,,,False,KICOX 산단 고용과 고용보험 피보험자는 모집단이 다르다(산단 입주 사업체 vs 창원시 전역 사업장). 수준·점유율 비교 금지.,,,,,,,,,,,,,,,,3.0,0.0,33.32867902664132,65.16256650062688,0,,,,,,no_data,0,False,,no_mapped_chapter,해당 업종에 귀속 근거가 있는 HS 류가 없다,,,,창원시 전역 통관 · 연도창을 모두 확보한 HS6 합계(업종 수출 총액 아님),202301,115988.0,1.7313663234339582,2721.0,-9.631351710395219,2804.0,-5.747899159663861,-83.0,713.0,True,False,True,False,창원시 전역 제조업 총계 · 반기 · 표본조사. 업종별 값이 아니며 입직-이직을 KICOX 고용 증감과 같다고 보지 않는다.,1509459422,-2.281096686725592,5892,0.37478705281090985,True,False,True,False,창원시 전역 제조업 총계 전력사용량 · 월→분기 합계. 업종별 값이 아니며 가동률과 개념·모집단이 다르다.,77.67,96.33,87.67,94.67,79.33,72.67,B,3.0,True,True,True,경상남도 제조업 총계(업종 공통 배경),전국 업종별 심리지수. 창원국가산단 개별 업종의 신호가 아니라 같은 업종의 전국 분위기다.,,False,True,,후보 모두 위축 아님,False,명목 생산만(가격효과 미조정),1,가동 위축 신호,가동 위축 신호,,True,False,False,False,False,True,False,True,False,False,,True,False,False,3,PPI 매핑 불확실(C·D 등급) · 연간보정 개정본 사용 구간 · 월별 원자료 미제공 구간,가중치 근거가 없어 신뢰도 점수를 만들지 않는다. 플래그를 그대로 읽는다.,가동률 하락이 일시적 생산조정인지 수주·수요 감소에 따른 것인지 확인할 필요가 있다.,"이 업종은 생산자물가지수 대응 후보가 복수이거나 없어, PPI 조정 생산을 단일값으로 해석하지 않고 원자료로 확인할 필요가 있다.
이 분기는 월별 원자료가 공표되지 않아 분기 내 지속 여부를 확인할 수 없다. 분기말 단일시점 값에만 의존한 판단임을 감안할 필요가 있다.
연간보정 개정본을 사용한 구간이다. 이후 재개정 시 값이 달라질 수 있음을 확인할 필요가 있다.","창원시 제조업 전체에서 입직자 감소가 함께 관측되므로, 고용 감소가 신규 채용 둔화와 함께 나타나는지 확인할 필요가 있다.
가동률 하락과 창원시 제조업 전력사용 감소가 함께 나타나 실제 생산활동 위축 여부를 추가 확인할 필요가 있다. 다만 전력은 시 전체 제조업 총계이므로 이 업종의 값이 아니다.
경남 제조업 업황 심리지수가 기준선(100)을 밑돌아, 업종 고유 요인인지 지역 전반의 경기 흐름인지 구분해 확인할 필요가 있다.
같은 업종의 전국 업황 심리지수도 기준선을 밑돌아, 관측된 변화가 산단 고유 현상인지 전국 업종 흐름인지 확인할 필요가 있다.","가동률 하락이 일시적 생산조정인지 수주·수요 감소에 따른 것인지 확인할 필요가 있다.
창원시 제조업 전체에서 입직자 감소가 함께 관측되므로, 고용 감소가 신규 채용 둔화와 함께 나타나는지 확인할 필요가 있다.
가동률 하락과 창원시 제조업 전력사용 감소가 함께 나타나 실제 생산활동 위축 여부를 추가 확인할 필요가 있다. 다만 전력은 시 전체 제조업 총계이므로 이 업종의 값이 아니다.
경남 제조업 업황 심리지수가 기준선(100)을 밑돌아, 업종 고유 요인인지 지역 전반의 경기 흐름인지 구분해 확인할 필요가 있다.
같은 업종의 전국 업황 심리지수도 기준선을 밑돌아, 관측된 변화가 산단 고유 현상인지 전국 업종 흐름인지 확인할 필요가 있다.
이 업종은 생산자물가지수 대응 후보가 복수이거나 없어, PPI 조정 생산을 단일값으로 해석하지 않고 원자료로 확인할 필요가 있다.
이 분기는 월별 원자료가 공표되지 않아 분기 내 지속 여부를 확인할 수 없다. 분기말 단일시점 값에만 의존한 판단임을 감안할 필요가 있다.
연간보정 개정본을 사용한 구간이다. 이후 재개정 시 값이 달라질 수 있음을 확인할 필요가 있다.",산업동향 · 기업지원 / 고용지원 · 직업훈련 / 산업동향,검토 대상 기능의 제안이며 특정 사업·예산의 선정이 아니다. 지원 여부는 담당자의 현장 확인 뒤에 기존 체계에서 결정한다.
섬유의복,2023Q2,관찰,고용 축 진입신호 없음,S1,3.0,12.82051282051282,273.95833333333326,5.0,44.0,8.975,0.0388143966125617,0.0,0.0,0.0,0.0,False,False,False,False,미충원·숙련수요·증가의 지속가능성을 확인한다.,고용·훈련 기능,7.0,8.0,8.0,-1.0,-12.5,-11.111111111111116,100.0,25.0,20.0,monthly_simple_mean_approx,,44.0,7.0,True,소규모 집계 트랙,"8개 → 7개 (-1개, -12.5%)","소규모 집계 트랙은 업종을 배제하는 장치가 아니라, 분모가 작아 비율 변동이 커지는 집계군을 별도 방식으로 읽기 위한 표시다.",1,1,1,1,1,273.95833333333326,A,대분류 직접 대응,1,섬유및의복,255.8767617656291,255.8767617656291,True,255.8767617656291,False,True,True,,,1.2712056095905977,-2.985074626865669,방향 불일치,-4.256280236456266,,,,비교자료 없음,,,False,KICOX 산단 고용과 고용보험 피보험자는 모집단이 다르다(산단 입주 사업체 vs 창원시 전역 사업장). 수준·점유율 비교 금지.,,,,,,,,,,,,,,,,3.0,0.0,159.375,355.62499999999994,0,,,,,,no_data,0,False,,no_mapped_chapter,해당 업종에 귀속 근거가 있는 HS 류가 없다,,,,창원시 전역 통관 · 연도창을 모두 확보한 HS6 합계(업종 수출 총액 아님),202301,115988.0,1.7313663234339582,2721.0,-9.631351710395219,2804.0,-5.747899159663861,-83.0,713.0,True,False,True,False,창원시 전역 제조업 총계 · 반기 · 표본조사. 업종별 값이 아니며 입직-이직을 KICOX 고용 증감과 같다고 보지 않는다.,1509459422,-2.281096686725592,5892,0.37478705281090985,True,False,False,True,창원시 전역 제조업 총계 전력사용량 · 월→분기 합계. 업종별 값이 아니며 가동률과 개념·모집단이 다르다.,77.67,96.33,87.67,94.67,79.33,56.0,A,2.0,True,True,True,경상남도 제조업 총계(업종 공통 배경),전국 업종별 심리지수. 창원국가산단 개별 업종의 신호가 아니라 같은 업종의 전국 분위기다.,,True,False,False,,False,PPI 조정 생산,1,업체수 감소 신호,업체수 감소 신호,,False,False,False,False,False,True,False,False,True,False,,True,False,False,3,소규모 분모 — 비율 변동 과대 가능 · 연간보정 개정본 사용 구간 · 월별 원자료 미제공 구간,가중치 근거가 없어 신뢰도 점수를 만들지 않는다. 플래그를 그대로 읽는다.,"가동업체 감소가 실제 퇴거·폐업·통합·휴업에 따른 것인지, 아니면 조사대상 변동이나 집계기준 변경에 따른 것인지 확인할 필요가 있다.","업체수·고용 규모가 작아 비율 변동이 크게 나타난다. 절대 증감 개수로 다시 확인할 필요가 있다.
이 분기는 월별 원자료가 공표되지 않아 분기 내 지속 여부를 확인할 수 없다. 분기말 단일시점 값에만 의존한 판단임을 감안할 필요가 있다.
연간보정 개정본을 사용한 구간이다. 이후 재개정 시 값이 달라질 수 있음을 확인할 필요가 있다.","창원시 제조업 전체에서 입직자 감소가 함께 관측되므로, 고용 감소가 신규 채용 둔화와 함께 나타나는지 확인할 필요가 있다.
가동률과 전력사용의 방향이 달라 업종 구성·설비 특성·자료범위(산단 vs 시 전체) 차이를 추가 확인할 필요가 있다.
경남 제조업 업황 심리지수가 기준선(100)을 밑돌아, 업종 고유 요인인지 지역 전반의 경기 흐름인지 구분해 확인할 필요가 있다.
같은 업종의 전국 업황 심리지수도 기준선을 밑돌아, 관측된 변화가 산단 고유 현상인지 전국 업종 흐름인지 확인할 필요가 있다.","가동업체 감소가 실제 퇴거·폐업·통합·휴업에 따른 것인지, 아니면 조사대상 변동이나 집계기준 변경에 따른 것인지 확인할 필요가 있다.
창원시 제조업 전체에서 입직자 감소가 함께 관측되므로, 고용 감소가 신규 채용 둔화와 함께 나타나는지 확인할 필요가 있다.
가동률과 전력사용의 방향이 달라 업종 구성·설비 특성·자료범위(산단 vs 시 전체) 차이를 추가 확인할 필요가 있다.
경남 제조업 업황 심리지수가 기준선(100)을 밑돌아, 업종 고유 요인인지 지역 전반의 경기 흐름인지 구분해 확인할 필요가 있다.
같은 업종의 전국 업황 심리지수도 기준선을 밑돌아, 관측된 변화가 산단 고유 현상인지 전국 업종 흐름인지 확인할 필요가 있다.
업체수·고용 규모가 작아 비율 변동이 크게 나타난다. 절대 증감 개수로 다시 확인할 필요가 있다.
이 분기는 월별 원자료가 공표되지 않아 분기 내 지속 여부를 확인할 수 없다. 분기말 단일시점 값에만 의존한 판단임을 감안할 필요가 있다.
연간보정 개정본을 사용한 구간이다. 이후 재개정 시 값이 달라질 수 있음을 확인할 필요가 있다.",산업동향 · 기업지원 / 고용지원 · 직업훈련 / 산업동향,검토 대상 기능의 제안이며 특정 사업·예산의 선정이 아니다. 지원 여부는 담당자의 현장 확인 뒤에 기존 체계에서 결정한다.
운송장비,2023Q2,관찰,고용 축 진입신호 없음,S1,3.0,5.467203167912116,44.506837458582574,856.0,16513.0,40053.86899536364,14.566866619618912,0.0,0.0,0.0,0.0,True,False,False,False,미충원·숙련수요·증가의 지속가능성을 확인한다.,고용·훈련 기능,240.0,244.0,240.0,0.0,0.0,0.4115226337448652,92.5159709313861,2.723595761621511,2.4529525513860904,monthly_simple_mean_approx,,16513.0,240.0,False,메인 트랙,"240개 → 240개 (+0개, +0.0%)",,1,1,1,1,1,44.506837458582574,A,대분류 직접 대응,1,운송장비,42.126172897133344,42.126172897133344,True,42.126172897133344,False,True,True,,,1.2712056095905977,-2.985074626865669,방향 불일치,-4.256280236456266,,,,비교자료 없음,,,False,KICOX 산단 고용과 고용보험 피보험자는 모집단이 다르다(산단 입주 사업체 vs 창원시 전역 사업장). 수준·점유율 비교 금지.,,,,,,,,,,,,,,,,3.0,0.0,42.08412546416442,47.500454862295214,0,1150127.0,90.50322080529243,15.253902390831842,60.0,A,mapped_chapters_only,0,True,False,usable,,123.0,81.0,0.0,창원시 전역 통관 · 연도창을 모두 확보한 HS6 합계(업종 수출 총액 아님),202301,115988.0,1.7313663234339582,2721.0,-9.631351710395219,2804.0,-5.747899159663861,-83.0,713.0,True,False,True,False,창원시 전역 제조업 총계 · 반기 · 표본조사. 업종별 값이 아니며 입직-이직을 KICOX 고용 증감과 같다고 보지 않는다.,1509459422,-2.281096686725592,5892,0.37478705281090985,True,False,False,True,창원시 전역 제조업 총계 전력사용량 · 월→분기 합계. 업종별 값이 아니며 가동률과 개념·모집단이 다르다.,77.67,96.33,87.67,94.67,79.33,97.0,A,2.0,True,True,True,경상남도 제조업 총계(업종 공통 배경),전국 업종별 심리지수. 창원국가산단 개별 업종의 신호가 아니라 같은 업종의 전국 분위기다.,False,False,False,False,,False,PPI 조정 생산,0,해석 보류,해석 보류,,False,False,False,False,False,True,False,False,False,False,,True,False,False,2,연간보정 개정본 사용 구간 · 월별 원자료 미제공 구간,가중치 근거가 없어 신뢰도 점수를 만들지 않는다. 플래그를 그대로 읽는다.,,"이 분기는 월별 원자료가 공표되지 않아 분기 내 지속 여부를 확인할 수 없다. 분기말 단일시점 값에만 의존한 판단임을 감안할 필요가 있다.
연간보정 개정본을 사용한 구간이다. 이후 재개정 시 값이 달라질 수 있음을 확인할 필요가 있다.","창원시 제조업 전체에서 입직자 감소가 함께 관측되므로, 고용 감소가 신규 채용 둔화와 함께 나타나는지 확인할 필요가 있다.
가동률과 전력사용의 방향이 달라 업종 구성·설비 특성·자료범위(산단 vs 시 전체) 차이를 추가 확인할 필요가 있다.
경남 제조업 업황 심리지수가 기준선(100)을 밑돌아, 업종 고유 요인인지 지역 전반의 경기 흐름인지 구분해 확인할 필요가 있다.
같은 업종의 전국 업황 심리지수도 기준선을 밑돌아, 관측된 변화가 산단 고유 현상인지 전국 업종 흐름인지 확인할 필요가 있다.","창원시 제조업 전체에서 입직자 감소가 함께 관측되므로, 고용 감소가 신규 채용 둔화와 함께 나타나는지 확인할 필요가 있다.
가동률과 전력사용의 방향이 달라 업종 구성·설비 특성·자료범위(산단 vs 시 전체) 차이를 추가 확인할 필요가 있다.
경남 제조업 업황 심리지수가 기준선(100)을 밑돌아, 업종 고유 요인인지 지역 전반의 경기 흐름인지 구분해 확인할 필요가 있다.
같은 업종의 전국 업황 심리지수도 기준선을 밑돌아, 관측된 변화가 산단 고유 현상인지 전국 업종 흐름인지 확인할 필요가 있다.
이 분기는 월별 원자료가 공표되지 않아 분기 내 지속 여부를 확인할 수 없다. 분기말 단일시점 값에만 의존한 판단임을 감안할 필요가 있다.
연간보정 개정본을 사용한 구간이다. 이후 재개정 시 값이 달라질 수 있음을 확인할 필요가 있다.",고용지원 · 직업훈련 / 산업동향,검토 대상 기능의 제안이며 특정 사업·예산의 선정이 아니다. 지원 여부는 담당자의 현장 확인 뒤에 기존 체계에서 결정한다.
음식료,2023Q2,관찰,고용 축 진입신호 없음,S1,6.0,14.052697616060229,22.16846783963542,112.0,909.0,1522.72,0.8018701482004235,0.0,0.0,0.0,0.0,True,False,False,False,미충원·숙련수요·증가의 지속가능성을 확인한다.,고용·훈련 기능,5.0,8.0,6.0,-1.0,-16.666666666666664,-11.111111111111116,89.05397356657603,-7.102480194275518,-6.808621853423972,monthly_simple_mean_approx,,909.0,5.0,False,메인 트랙,"6개 → 5개 (-1개, -16.7%)",,1,1,1,1,1,22.16846783963542,A,대분류 직접 대응,1,음식료품,13.944840790130165,13.944840790130165,True,13.944840790130165,False,True,True,,,1.2712056095905977,-2.985074626865669,방향 불일치,-4.256280236456266,,,,비교자료 없음,,,False,KICOX 산단 고용과 고용보험 피보험자는 모집단이 다르다(산단 입주 사업체 vs 창원시 전역 사업장). 수준·점유율 비교 금지.,,,,,,,,,,,,,,,,3.0,0.0,17.720064614474552,25.554561939538466,0,,,,,,no_data,0,False,,no_mapped_chapter,해당 업종에 귀속 근거가 있는 HS 류가 없다,,,,창원시 전역 통관 · 연도창을 모두 확보한 HS6 합계(업종 수출 총액 아님),202301,115988.0,1.7313663234339582,2721.0,-9.631351710395219,2804.0,-5.747899159663861,-83.0,713.0,True,False,True,False,창원시 전역 제조업 총계 · 반기 · 표본조사. 업종별 값이 아니며 입직-이직을 KICOX 고용 증감과 같다고 보지 않는다.,1509459422,-2.281096686725592,5892,0.37478705281090985,True,False,True,False,창원시 전역 제조업 총계 전력사용량 · 월→분기 합계. 업종별 값이 아니며 가동률과 개념·모집단이 다르다.,77.67,96.33,87.67,94.67,79.33,77.5,A,2.0,True,True,True,경상남도 제조업 총계(업종 공통 배경),전국 업종별 심리지수. 창원국가산단 개별 업종의 신호가 아니라 같은 업종의 전국 분위기다.,,True,True,False,,False,PPI 조정 생산,2,업체수 감소 신호 · 가동 위축 신호,업체수 감소 신호,"대표 확인신호는 표시순서에 따른 요약이며, 유일한 원인이 아니다. 확인신호 프로필 전체를 함께 읽어야 한다.",False,False,False,False,False,True,False,False,True,False,,True,False,False,3,소규모 분모 — 비율 변동 과대 가능 · 연간보정 개정본 사용 구간 · 월별 원자료 미제공 구간,가중치 근거가 없어 신뢰도 점수를 만들지 않는다. 플래그를 그대로 읽는다.,"가동업체 감소가 실제 퇴거·폐업·통합·휴업에 따른 것인지, 아니면 조사대상 변동이나 집계기준 변경에 따른 것인지 확인할 필요가 있다.
가동률 하락이 일시적 생산조정인지 수주·수요 감소에 따른 것인지 확인할 필요가 있다.","업체수·고용 규모가 작아 비율 변동이 크게 나타난다. 절대 증감 개수로 다시 확인할 필요가 있다.
이 분기는 월별 원자료가 공표되지 않아 분기 내 지속 여부를 확인할 수 없다. 분기말 단일시점 값에만 의존한 판단임을 감안할 필요가 있다.
연간보정 개정본을 사용한 구간이다. 이후 재개정 시 값이 달라질 수 있음을 확인할 필요가 있다.","창원시 제조업 전체에서 입직자 감소가 함께 관측되므로, 고용 감소가 신규 채용 둔화와 함께 나타나는지 확인할 필요가 있다.
가동률 하락과 창원시 제조업 전력사용 감소가 함께 나타나 실제 생산활동 위축 여부를 추가 확인할 필요가 있다. 다만 전력은 시 전체 제조업 총계이므로 이 업종의 값이 아니다.
경남 제조업 업황 심리지수가 기준선(100)을 밑돌아, 업종 고유 요인인지 지역 전반의 경기 흐름인지 구분해 확인할 필요가 있다.
같은 업종의 전국 업황 심리지수도 기준선을 밑돌아, 관측된 변화가 산단 고유 현상인지 전국 업종 흐름인지 확인할 필요가 있다.","가동업체 감소가 실제 퇴거·폐업·통합·휴업에 따른 것인지, 아니면 조사대상 변동이나 집계기준 변경에 따른 것인지 확인할 필요가 있다.
가동률 하락이 일시적 생산조정인지 수주·수요 감소에 따른 것인지 확인할 필요가 있다.
창원시 제조업 전체에서 입직자 감소가 함께 관측되므로, 고용 감소가 신규 채용 둔화와 함께 나타나는지 확인할 필요가 있다.
가동률 하락과 창원시 제조업 전력사용 감소가 함께 나타나 실제 생산활동 위축 여부를 추가 확인할 필요가 있다. 다만 전력은 시 전체 제조업 총계이므로 이 업종의 값이 아니다.
경남 제조업 업황 심리지수가 기준선(100)을 밑돌아, 업종 고유 요인인지 지역 전반의 경기 흐름인지 구분해 확인할 필요가 있다.
같은 업종의 전국 업황 심리지수도 기준선을 밑돌아, 관측된 변화가 산단 고유 현상인지 전국 업종 흐름인지 확인할 필요가 있다.
업체수·고용 규모가 작아 비율 변동이 크게 나타난다. 절대 증감 개수로 다시 확인할 필요가 있다.
이 분기는 월별 원자료가 공표되지 않아 분기 내 지속 여부를 확인할 수 없다. 분기말 단일시점 값에만 의존한 판단임을 감안할 필요가 있다.
연간보정 개정본을 사용한 구간이다. 이후 재개정 시 값이 달라질 수 있음을 확인할 필요가 있다.",산업동향 · 기업지원 / 고용지원 · 직업훈련 / 산업동향,검토 대상 기능의 제안이며 특정 사업·예산의 선정이 아니다. 지원 여부는 담당자의 현장 확인 뒤에 기존 체계에서 결정한다.
전기전자,2023Q2,관찰,고용 축 진입신호 없음,S1,2.0,4.493276484093145,7.759641743531831,1233.0,28674.0,33166.19101575,25.294636556104443,0.0,0.0,0.0,0.0,True,False,False,False,미충원·숙련수요·증가의 지속가능성을 확인한다.,고용·훈련 기능,554.0,587.0,545.0,9.0,1.6513761467889854,2.8021015761821255,75.13633064590066,-1.276266386265068,-0.9713365740993396,monthly_simple_mean_approx,,28674.0,554.0,False,메인 트랙,"545개 → 554개 (+9개, +1.7%)",,1,1,1,1,1,7.759641743531831,C,복수 후보만 존재 — 가중치 근거 없음. 밴드로만 해석,2,전기장비|컴퓨터전자및광학기기,2.3508331552985373,14.493197346991504,True,,True,,,False,False,1.2712056095905977,-2.985074626865669,방향 불일치,-4.256280236456266,,,,비교자료 없음,,,False,KICOX 산단 고용과 고용보험 피보험자는 모집단이 다르다(산단 입주 사업체 vs 창원시 전역 사업장). 수준·점유율 비교 금지.,,,,,,,,,,,,,,,,3.0,0.0,3.8908303391885557,10.045798030280896,0,536286.0,21.860471457592002,-10.495164930425815,245.0,B,mapped_chapters_only,0,True,False,usable,,296.0,272.0,0.0,창원시 전역 통관 · 연도창을 모두 확보한 HS6 합계(업종 수출 총액 아님),202301,115988.0,1.7313663234339582,2721.0,-9.631351710395219,2804.0,-5.747899159663861,-83.0,713.0,True,False,True,False,창원시 전역 제조업 총계 · 반기 · 표본조사. 업종별 값이 아니며 입직-이직을 KICOX 고용 증감과 같다고 보지 않는다.,1509459422,-2.281096686725592,5892,0.37478705281090985,True,False,True,False,창원시 전역 제조업 총계 전력사용량 · 월→분기 합계. 업종별 값이 아니며 가동률과 개념·모집단이 다르다.,77.67,96.33,87.67,94.67,79.33,73.0,A,2.0,True,True,True,경상남도 제조업 총계(업종 공통 배경),전국 업종별 심리지수. 창원국가산단 개별 업종의 신호가 아니라 같은 업종의 전국 분위기다.,False,False,False,,후보 모두 위축 아님,False,명목 생산만(가격효과 미조정),0,해석 보류,해석 보류,,True,False,False,False,False,True,False,True,False,False,,True,False,False,3,PPI 매핑 불확실(C·D 등급) · 연간보정 개정본 사용 구간 · 월별 원자료 미제공 구간,가중치 근거가 없어 신뢰도 점수를 만들지 않는다. 플래그를 그대로 읽는다.,,"이 업종은 생산자물가지수 대응 후보가 복수이거나 없어, PPI 조정 생산을 단일값으로 해석하지 않고 원자료로 확인할 필요가 있다.
이 분기는 월별 원자료가 공표되지 않아 분기 내 지속 여부를 확인할 수 없다. 분기말 단일시점 값에만 의존한 판단임을 감안할 필요가 있다.
연간보정 개정본을 사용한 구간이다. 이후 재개정 시 값이 달라질 수 있음을 확인할 필요가 있다.","창원시 제조업 전체에서 입직자 감소가 함께 관측되므로, 고용 감소가 신규 채용 둔화와 함께 나타나는지 확인할 필요가 있다.
가동률 하락과 창원시 제조업 전력사용 감소가 함께 나타나 실제 생산활동 위축 여부를 추가 확인할 필요가 있다. 다만 전력은 시 전체 제조업 총계이므로 이 업종의 값이 아니다.
경남 제조업 업황 심리지수가 기준선(100)을 밑돌아, 업종 고유 요인인지 지역 전반의 경기 흐름인지 구분해 확인할 필요가 있다.
같은 업종의 전국 업황 심리지수도 기준선을 밑돌아, 관측된 변화가 산단 고유 현상인지 전국 업종 흐름인지 확인할 필요가 있다.","창원시 제조업 전체에서 입직자 감소가 함께 관측되므로, 고용 감소가 신규 채용 둔화와 함께 나타나는지 확인할 필요가 있다.
가동률 하락과 창원시 제조업 전력사용 감소가 함께 나타나 실제 생산활동 위축 여부를 추가 확인할 필요가 있다. 다만 전력은 시 전체 제조업 총계이므로 이 업종의 값이 아니다.
경남 제조업 업황 심리지수가 기준선(100)을 밑돌아, 업종 고유 요인인지 지역 전반의 경기 흐름인지 구분해 확인할 필요가 있다.
같은 업종의 전국 업황 심리지수도 기준선을 밑돌아, 관측된 변화가 산단 고유 현상인지 전국 업종 흐름인지 확인할 필요가 있다.
이 업종은 생산자물가지수 대응 후보가 복수이거나 없어, PPI 조정 생산을 단일값으로 해석하지 않고 원자료로 확인할 필요가 있다.
이 분기는 월별 원자료가 공표되지 않아 분기 내 지속 여부를 확인할 수 없다. 분기말 단일시점 값에만 의존한 판단임을 감안할 필요가 있다.
연간보정 개정본을 사용한 구간이다. 이후 재개정 시 값이 달라질 수 있음을 확인할 필요가 있다.",고용지원 · 직업훈련 / 산업동향 · 기업지원 / 산업동향,검토 대상 기능의 제안이며 특정 사업·예산의 선정이 아니다. 지원 여부는 담당자의 현장 확인 뒤에 기존 체계에서 결정한다.
철강,2023Q2,관찰,고용 축 진입신호 없음 (생산 13.5% 단독 감소 — 확인질문에 반영),S4,3.0,-2.9868073878628,-13.494612178357956,-283.0,9192.0,17383.534499999998,8.108680310515174,2.9868073878628,0.0017327609971307,0.2496471418489767,13.494612178357956,True,False,False,False,수주잔량·가동률·휴업/감산·기업 수 변동·고용조정 계획 신고 여부를 확인한다(원인 후보이며 입증된 원인이 아님).,기업지원 기능 + 고용지원 기능,75.0,79.0,75.0,0.0,0.0,0.0,88.67485291161101,8.958086414489209,7.29048225161101,monthly_simple_mean_approx,,9192.0,75.0,False,메인 트랙,"75개 → 75개 (+0개, +0.0%)",,1,1,1,1,1,-13.494612178357956,B,상위 범주가 넓어 범위 과대·과소 가능,1,철강1차제품,-5.803529724107614,-5.803529724107614,True,-5.803529724107614,False,True,True,,,1.2712056095905977,-2.985074626865669,방향 불일치,-4.256280236456266,,,,비교자료 없음,,,False,KICOX 산단 고용과 고용보험 피보험자는 모집단이 다르다(산단 입주 사업체 vs 창원시 전역 사업장). 수준·점유율 비교 금지.,,,,,,,,,,,,,,,,3.0,3.0,-19.42765209844326,-10.174185723320084,0,232799.0,-17.5687638094159,1.1735232067510593,197.0,A,mapped_chapters_only,0,True,True,usable,,291.0,237.0,0.0,창원시 전역 통관 · 연도창을 모두 확보한 HS6 합계(업종 수출 총액 아님),202301,115988.0,1.7313663234339582,2721.0,-9.631351710395219,2804.0,-5.747899159663861,-83.0,713.0,True,False,True,False,창원시 전역 제조업 총계 · 반기 · 표본조사. 업종별 값이 아니며 입직-이직을 KICOX 고용 증감과 같다고 보지 않는다.,1509459422,-2.281096686725592,5892,0.37478705281090985,True,False,False,True,창원시 전역 제조업 총계 전력사용량 · 월→분기 합계. 업종별 값이 아니며 가동률과 개념·모집단이 다르다.,77.67,96.33,87.67,94.67,79.33,72.67,B,1.0,True,True,True,경상남도 제조업 총계(업종 공통 배경),전국 업종별 심리지수. 창원국가산단 개별 업종의 신호가 아니라 같은 업종의 전국 분위기다.,False,False,False,True,,False,PPI 조정 생산,1,실질생산 위축 신호(PPI 조정),실질생산 위축 신호(PPI 조정),,False,False,False,False,False,True,False,False,False,False,,True,False,False,2,연간보정 개정본 사용 구간 · 월별 원자료 미제공 구간,가중치 근거가 없어 신뢰도 점수를 만들지 않는다. 플래그를 그대로 읽는다.,명목생산 변화에 가격효과가 포함되어 있으므로 실제 물량이 줄었는지 추가로 확인할 필요가 있다.,"이 분기는 월별 원자료가 공표되지 않아 분기 내 지속 여부를 확인할 수 없다. 분기말 단일시점 값에만 의존한 판단임을 감안할 필요가 있다.
연간보정 개정본을 사용한 구간이다. 이후 재개정 시 값이 달라질 수 있음을 확인할 필요가 있다.","확인된 품목 기준 수출이 함께 감소하고 있어, 외부수요 약화 가능성을 보려면 수출 감소가 특정 품목·기업에 집중되는지 추가 확인할 필요가 있다.
창원시 제조업 전체에서 입직자 감소가 함께 관측되므로, 고용 감소가 신규 채용 둔화와 함께 나타나는지 확인할 필요가 있다.
가동률과 전력사용의 방향이 달라 업종 구성·설비 특성·자료범위(산단 vs 시 전체) 차이를 추가 확인할 필요가 있다.
경남 제조업 업황 심리지수가 기준선(100)을 밑돌아, 업종 고유 요인인지 지역 전반의 경기 흐름인지 구분해 확인할 필요가 있다.
같은 업종의 전국 업황 심리지수도 기준선을 밑돌아, 관측된 변화가 산단 고유 현상인지 전국 업종 흐름인지 확인할 필요가 있다.","명목생산 변화에 가격효과가 포함되어 있으므로 실제 물량이 줄었는지 추가로 확인할 필요가 있다.
확인된 품목 기준 수출이 함께 감소하고 있어, 외부수요 약화 가능성을 보려면 수출 감소가 특정 품목·기업에 집중되는지 추가 확인할 필요가 있다.
창원시 제조업 전체에서 입직자 감소가 함께 관측되므로, 고용 감소가 신규 채용 둔화와 함께 나타나는지 확인할 필요가 있다.
가동률과 전력사용의 방향이 달라 업종 구성·설비 특성·자료범위(산단 vs 시 전체) 차이를 추가 확인할 필요가 있다.
경남 제조업 업황 심리지수가 기준선(100)을 밑돌아, 업종 고유 요인인지 지역 전반의 경기 흐름인지 구분해 확인할 필요가 있다.
같은 업종의 전국 업황 심리지수도 기준선을 밑돌아, 관측된 변화가 산단 고유 현상인지 전국 업종 흐름인지 확인할 필요가 있다.
이 분기는 월별 원자료가 공표되지 않아 분기 내 지속 여부를 확인할 수 없다. 분기말 단일시점 값에만 의존한 판단임을 감안할 필요가 있다.
연간보정 개정본을 사용한 구간이다. 이후 재개정 시 값이 달라질 수 있음을 확인할 필요가 있다.",산업동향 / 산업동향 · 기업지원 / 고용지원 · 직업훈련,검토 대상 기능의 제안이며 특정 사업·예산의 선정이 아니다. 지원 여부는 담당자의 현장 확인 뒤에 기존 체계에서 결정한다.
기계,2023Q3,우선점검,고용감소 8.4%(진입경계 5% 통과) · 산단평균 대비 6.5%p 열위(진입경계 통과) · 산단 제조업 고용의 4.54% 감소(상위경계 2.0% 통과) → 보강: 직전 분기에도 진입신호(지속),S4,1.0,-8.356031128404673,-2.0222097805846277,-5154.0,56526.0,44858.85667900002,49.807909206259694,8.356031128404673,6.461996774719048,4.541449316227266,2.0222097805846277,True,True,False,False,수주잔량·가동률·휴업/감산·기업 수 변동·고용조정 계획 신고 여부를 확인한다(원인 후보이며 입증된 원인이 아님).,기업지원 기능 + 고용지원 기능,1456.0,1525.0,1444.0,12.0,0.8310249307479145,0.8597883597883493,75.99927126026344,-0.4085307185378362,-0.31175397973656516,monthly_simple_mean_approx,,56526.0,1456.0,False,메인 트랙,"1,444개 → 1,456개 (+12개, +0.8%)",,1,1,1,1,1,-2.0222097805846277,A,대분류 직접 대응,1,기계및장비,-3.3974104347294753,-3.3974104347294753,True,-3.3974104347294753,False,True,True,,,2.1061040705907974,-1.8940343536856248,방향 불일치,-4.000138424276422,,,,비교자료 없음,,,False,KICOX 산단 고용과 고용보험 피보험자는 모집단이 다르다(산단 입주 사업체 vs 창원시 전역 사업장). 수준·점유율 비교 금지.,,,,,,,,,,,,,,,,3.0,2.0,-6.342891804609385,3.523278151667353,0,2502466.0,9.173918487310996,-5.106059215758241,320.0,B,mapped_chapters_only,0,True,False,usable,,538.0,439.0,0.0,창원시 전역 통관 · 연도창을 모두 확보한 HS6 합계(업종 수출 총액 아님),202302,116081.0,0.32929991356958066,2200.0,6.64081434803685,2135.0,-18.418035918991215,65.0,635.0,True,False,False,False,창원시 전역 제조업 총계 · 반기 · 표본조사. 업종별 값이 아니며 입직-이직을 KICOX 고용 증감과 같다고 보지 않는다.,1502535358,-0.083290338128994,5891,0.17003910899506813,True,False,True,False,창원시 전역 제조업 총계 전력사용량 · 월→분기 합계. 업종별 값이 아니며 가동률과 개념·모집단이 다르다.,81.0,95.0,87.0,96.0,77.33,70.34,C,2.0,True,True,True,경상남도 제조업 총계(업종 공통 배경),전국 업종별 심리지수. 창원국가산단 개별 업종의 신호가 아니라 같은 업종의 전국 분위기다.,True,False,False,False,,False,PPI 조정 생산,0,해석 보류,해석 보류,,False,False,False,False,False,True,False,False,False,False,,True,False,False,2,연간보정 개정본 사용 구간 · 월별 원자료 미제공 구간,가중치 근거가 없어 신뢰도 점수를 만들지 않는다. 플래그를 그대로 읽는다.,,"이 분기는 월별 원자료가 공표되지 않아 분기 내 지속 여부를 확인할 수 없다. 분기말 단일시점 값에만 의존한 판단임을 감안할 필요가 있다.
연간보정 개정본을 사용한 구간이다. 이후 재개정 시 값이 달라질 수 있음을 확인할 필요가 있다.","확인된 품목 기준 수출은 유지·확대되는데 고용이 감소하고 있어 생산성·자동화·기업구성 변화 등의 가능성을 추가 확인할 필요가 있다.
가동률 하락과 창원시 제조업 전력사용 감소가 함께 나타나 실제 생산활동 위축 여부를 추가 확인할 필요가 있다. 다만 전력은 시 전체 제조업 총계이므로 이 업종의 값이 아니다.
경남 제조업 업황 심리지수가 기준선(100)을 밑돌아, 업종 고유 요인인지 지역 전반의 경기 흐름인지 구분해 확인할 필요가 있다.
같은 업종의 전국 업황 심리지수도 기준선을 밑돌아, 관측된 변화가 산단 고유 현상인지 전국 업종 흐름인지 확인할 필요가 있다.","확인된 품목 기준 수출은 유지·확대되는데 고용이 감소하고 있어 생산성·자동화·기업구성 변화 등의 가능성을 추가 확인할 필요가 있다.
가동률 하락과 창원시 제조업 전력사용 감소가 함께 나타나 실제 생산활동 위축 여부를 추가 확인할 필요가 있다. 다만 전력은 시 전체 제조업 총계이므로 이 업종의 값이 아니다.
경남 제조업 업황 심리지수가 기준선(100)을 밑돌아, 업종 고유 요인인지 지역 전반의 경기 흐름인지 구분해 확인할 필요가 있다.
같은 업종의 전국 업황 심리지수도 기준선을 밑돌아, 관측된 변화가 산단 고유 현상인지 전국 업종 흐름인지 확인할 필요가 있다.
이 분기는 월별 원자료가 공표되지 않아 분기 내 지속 여부를 확인할 수 없다. 분기말 단일시점 값에만 의존한 판단임을 감안할 필요가 있다.
연간보정 개정본을 사용한 구간이다. 이후 재개정 시 값이 달라질 수 있음을 확인할 필요가 있다.",고용지원 · 직업훈련 / 산업동향 · 기업지원 / 산업동향,검토 대상 기능의 제안이며 특정 사업·예산의 선정이 아니다. 지원 여부는 담당자의 현장 확인 뒤에 기존 체계에서 결정한다.
기타,2023Q3,추가확인,고용감소 12.4%(상위경계 10% 통과) · 산단평균 대비 10.5%p 열위(상위경계 통과) [상위경계 통과했으나 고용 170인 < 300인으로 우선점검 제외],S4,7.0,-12.371134020618555,-41.42301299928807,-24.0,170.0,77.53250000000001,0.1497955731002396,12.371134020618555,10.477099666932933,0.0211476103200338,41.42301299928807,False,True,False,False,수주잔량·가동률·휴업/감산·기업 수 변동·고용조정 계획 신고 여부를 확인한다(원인 후보이며 입증된 원인이 아님).,기업지원 기능 + 고용지원 기능,23.0,26.0,23.0,0.0,0.0,8.333333333333325,59.62547824582316,-24.457606055520998,-19.304345304176834,monthly_simple_mean_approx,,170.0,23.0,True,소규모 집계 트랙,"23개 → 23개 (+0개, +0.0%)","소규모 집계 트랙은 업종을 배제하는 장치가 아니라, 분모가 작아 비율 변동이 커지는 집계군을 별도 방식으로 읽기 위한 표시다.",1,1,1,1,1,-41.42301299928807,D,대응 항목 없음 — 조정 생산 산출 불가,0,,,,True,,False,,,,,2.1061040705907974,-1.8940343536856248,방향 불일치,-4.000138424276422,,,,비교자료 없음,,,False,KICOX 산단 고용과 고용보험 피보험자는 모집단이 다르다(산단 입주 사업체 vs 창원시 전역 사업장). 수준·점유율 비교 금지.,,,,,,,,,,,,,,,,3.0,3.0,-43.54292580328093,-39.15679196899028,0,,,,,,no_data,0,False,,no_mapped_chapter,해당 업종에 귀속 근거가 있는 HS 류가 없다,,,,창원시 전역 통관 · 연도창을 모두 확보한 HS6 합계(업종 수출 총액 아님),202302,116081.0,0.32929991356958066,2200.0,6.64081434803685,2135.0,-18.418035918991215,65.0,635.0,True,False,False,False,창원시 전역 제조업 총계 · 반기 · 표본조사. 업종별 값이 아니며 입직-이직을 KICOX 고용 증감과 같다고 보지 않는다.,1502535358,-0.083290338128994,5891,0.17003910899506813,True,False,True,False,창원시 전역 제조업 총계 전력사용량 · 월→분기 합계. 업종별 값이 아니며 가동률과 개념·모집단이 다르다.,81.0,95.0,87.0,96.0,77.33,,,,True,,True,경상남도 제조업 총계(업종 공통 배경),전국 업종별 심리지수. 창원국가산단 개별 업종의 신호가 아니라 같은 업종의 전국 분위기다.,,False,True,,,False,명목 생산만(가격효과 미조정),1,가동 위축 신호,가동 위축 신호,,True,False,False,False,False,True,False,True,True,False,,True,False,False,4,PPI 매핑 불확실(C·D 등급) · 소규모 분모 — 비율 변동 과대 가능 · 연간보정 개정본 사용 구간 · 월별 원자료 미제공 구간,가중치 근거가 없어 신뢰도 점수를 만들지 않는다. 플래그를 그대로 읽는다.,가동률 하락이 일시적 생산조정인지 수주·수요 감소에 따른 것인지 확인할 필요가 있다.,"이 업종은 생산자물가지수 대응 후보가 복수이거나 없어, PPI 조정 생산을 단일값으로 해석하지 않고 원자료로 확인할 필요가 있다.
업체수·고용 규모가 작아 비율 변동이 크게 나타난다. 절대 증감 개수로 다시 확인할 필요가 있다.
이 분기는 월별 원자료가 공표되지 않아 분기 내 지속 여부를 확인할 수 없다. 분기말 단일시점 값에만 의존한 판단임을 감안할 필요가 있다.
연간보정 개정본을 사용한 구간이다. 이후 재개정 시 값이 달라질 수 있음을 확인할 필요가 있다.","가동률 하락과 창원시 제조업 전력사용 감소가 함께 나타나 실제 생산활동 위축 여부를 추가 확인할 필요가 있다. 다만 전력은 시 전체 제조업 총계이므로 이 업종의 값이 아니다.
경남 제조업 업황 심리지수가 기준선(100)을 밑돌아, 업종 고유 요인인지 지역 전반의 경기 흐름인지 구분해 확인할 필요가 있다.","가동률 하락이 일시적 생산조정인지 수주·수요 감소에 따른 것인지 확인할 필요가 있다.
가동률 하락과 창원시 제조업 전력사용 감소가 함께 나타나 실제 생산활동 위축 여부를 추가 확인할 필요가 있다. 다만 전력은 시 전체 제조업 총계이므로 이 업종의 값이 아니다.
경남 제조업 업황 심리지수가 기준선(100)을 밑돌아, 업종 고유 요인인지 지역 전반의 경기 흐름인지 구분해 확인할 필요가 있다.
이 업종은 생산자물가지수 대응 후보가 복수이거나 없어, PPI 조정 생산을 단일값으로 해석하지 않고 원자료로 확인할 필요가 있다.
업체수·고용 규모가 작아 비율 변동이 크게 나타난다. 절대 증감 개수로 다시 확인할 필요가 있다.
이 분기는 월별 원자료가 공표되지 않아 분기 내 지속 여부를 확인할 수 없다. 분기말 단일시점 값에만 의존한 판단임을 감안할 필요가 있다.
연간보정 개정본을 사용한 구간이다. 이후 재개정 시 값이 달라질 수 있음을 확인할 필요가 있다.",산업동향 · 기업지원 / 산업동향,검토 대상 기능의 제안이며 특정 사업·예산의 선정이 아니다. 지원 여부는 담당자의 현장 확인 뒤에 기존 체계에서 결정한다.
목재종이,2023Q3,추가확인,고용감소 5.6%(진입경계 5% 통과),S4,4.0,-5.61797752808989,-45.749012381946585,-15.0,252.0,74.61500000000001,0.2220499083603553,5.61797752808989,3.7239431744042646,0.0132172564500211,45.749012381946585,False,False,False,False,수주잔량·가동률·휴업/감산·기업 수 변동·고용조정 계획 신고 여부를 확인한다(원인 후보이며 입증된 원인이 아님).,기업지원 기능 + 고용지원 기능,43.0,48.0,39.0,4.0,10.256410256410264,6.666666666666665,76.57918585348939,-13.179619981624457,-11.624972936510602,monthly_simple_mean_approx,,252.0,43.0,True,소규모 집계 트랙,"39개 → 43개 (+4개, +10.3%)","소규모 집계 트랙은 업종을 배제하는 장치가 아니라, 분모가 작아 비율 변동이 커지는 집계군을 별도 방식으로 읽기 위한 표시다.",1,1,1,1,1,-45.749012381946585,A,대분류 직접 대응,1,목재및종이제품,-44.97001953477678,-44.97001953477678,True,-44.97001953477678,False,True,True,,,2.1061040705907974,-1.8940343536856248,방향 불일치,-4.000138424276422,,,,비교자료 없음,,,False,KICOX 산단 고용과 고용보험 피보험자는 모집단이 다르다(산단 입주 사업체 vs 창원시 전역 사업장). 수준·점유율 비교 금지.,,,,,,,,,,,,,,,,3.0,3.0,-46.30145012057283,-44.73510176682601,0,,,,,,no_data,0,False,,no_mapped_chapter,해당 업종에 귀속 근거가 있는 HS 류가 없다,,,,창원시 전역 통관 · 연도창을 모두 확보한 HS6 합계(업종 수출 총액 아님),202302,116081.0,0.32929991356958066,2200.0,6.64081434803685,2135.0,-18.418035918991215,65.0,635.0,True,False,False,False,창원시 전역 제조업 총계 · 반기 · 표본조사. 업종별 값이 아니며 입직-이직을 KICOX 고용 증감과 같다고 보지 않는다.,1502535358,-0.083290338128994,5891,0.17003910899506813,True,False,True,False,창원시 전역 제조업 총계 전력사용량 · 월→분기 합계. 업종별 값이 아니며 가동률과 개념·모집단이 다르다.,81.0,95.0,87.0,96.0,77.33,56.67,A,2.0,True,True,True,경상남도 제조업 총계(업종 공통 배경),전국 업종별 심리지수. 창원국가산단 개별 업종의 신호가 아니라 같은 업종의 전국 분위기다.,,False,True,True,,False,PPI 조정 생산,2,가동 위축 신호 · 실질생산 위축 신호(PPI 조정),가동 위축 신호,"대표 확인신호는 표시순서에 따른 요약이며, 유일한 원인이 아니다. 확인신호 프로필 전체를 함께 읽어야 한다.",False,False,False,False,False,True,False,False,True,False,,True,False,False,3,소규모 분모 — 비율 변동 과대 가능 · 연간보정 개정본 사용 구간 · 월별 원자료 미제공 구간,가중치 근거가 없어 신뢰도 점수를 만들지 않는다. 플래그를 그대로 읽는다.,"가동률 하락이 일시적 생산조정인지 수주·수요 감소에 따른 것인지 확인할 필요가 있다.
명목생산 변화에 가격효과가 포함되어 있으므로 실제 물량이 줄었는지 추가로 확인할 필요가 있다.","업체수·고용 규모가 작아 비율 변동이 크게 나타난다. 절대 증감 개수로 다시 확인할 필요가 있다.
이 분기는 월별 원자료가 공표되지 않아 분기 내 지속 여부를 확인할 수 없다. 분기말 단일시점 값에만 의존한 판단임을 감안할 필요가 있다.
연간보정 개정본을 사용한 구간이다. 이후 재개정 시 값이 달라질 수 있음을 확인할 필요가 있다.","가동률 하락과 창원시 제조업 전력사용 감소가 함께 나타나 실제 생산활동 위축 여부를 추가 확인할 필요가 있다. 다만 전력은 시 전체 제조업 총계이므로 이 업종의 값이 아니다.
경남 제조업 업황 심리지수가 기준선(100)을 밑돌아, 업종 고유 요인인지 지역 전반의 경기 흐름인지 구분해 확인할 필요가 있다.
같은 업종의 전국 업황 심리지수도 기준선을 밑돌아, 관측된 변화가 산단 고유 현상인지 전국 업종 흐름인지 확인할 필요가 있다.","가동률 하락이 일시적 생산조정인지 수주·수요 감소에 따른 것인지 확인할 필요가 있다.
명목생산 변화에 가격효과가 포함되어 있으므로 실제 물량이 줄었는지 추가로 확인할 필요가 있다.
가동률 하락과 창원시 제조업 전력사용 감소가 함께 나타나 실제 생산활동 위축 여부를 추가 확인할 필요가 있다. 다만 전력은 시 전체 제조업 총계이므로 이 업종의 값이 아니다.
경남 제조업 업황 심리지수가 기준선(100)을 밑돌아, 업종 고유 요인인지 지역 전반의 경기 흐름인지 구분해 확인할 필요가 있다.
같은 업종의 전국 업황 심리지수도 기준선을 밑돌아, 관측된 변화가 산단 고유 현상인지 전국 업종 흐름인지 확인할 필요가 있다.
업체수·고용 규모가 작아 비율 변동이 크게 나타난다. 절대 증감 개수로 다시 확인할 필요가 있다.
이 분기는 월별 원자료가 공표되지 않아 분기 내 지속 여부를 확인할 수 없다. 분기말 단일시점 값에만 의존한 판단임을 감안할 필요가 있다.
연간보정 개정본을 사용한 구간이다. 이후 재개정 시 값이 달라질 수 있음을 확인할 필요가 있다.",산업동향 · 기업지원 / 산업동향,검토 대상 기능의 제안이며 특정 사업·예산의 선정이 아니다. 지원 여부는 담당자의 현장 확인 뒤에 기존 체계에서 결정한다.
비금속,2023Q3,관찰,고용 축 진입신호 없음 (생산 6.8% 단독 감소 — 확인질문에 반영),S4,1.0,-2.334630350194556,-6.753118133143532,-6.0,251.0,150.64499999999998,0.2211687579303538,2.334630350194556,0.4405959965089301,0.0052869025800084,6.753118133143532,False,False,False,False,수주잔량·가동률·휴업/감산·기업 수 변동·고용조정 계획 신고 여부를 확인한다(원인 후보이며 입증된 원인이 아님).,기업지원 기능 + 고용지원 기능,5.0,5.0,5.0,0.0,0.0,0.0,52.62173788328099,11.092964215558986,5.254437663280996,monthly_simple_mean_approx,,251.0,5.0,True,소규모 집계 트랙,"5개 → 5개 (+0개, +0.0%)","소규모 집계 트랙은 업종을 배제하는 장치가 아니라, 분모가 작아 비율 변동이 커지는 집계군을 별도 방식으로 읽기 위한 표시다.",1,1,1,1,1,-6.753118133143532,A,대분류 직접 대응,1,비금속광물제품,-12.287759623761762,-12.287759623761762,True,-12.287759623761762,False,True,True,,,2.1061040705907974,-1.8940343536856248,방향 불일치,-4.000138424276422,,,,비교자료 없음,,,False,KICOX 산단 고용과 고용보험 피보험자는 모집단이 다르다(산단 입주 사업체 vs 창원시 전역 사업장). 수준·점유율 비교 금지.,,,,,,,,,,,,,,,,3.0,2.0,-22.364817278347292,20.883443857480046,0,,,,,,no_data,0,False,,no_mapped_chapter,해당 업종에 귀속 근거가 있는 HS 류가 없다,,,,창원시 전역 통관 · 연도창을 모두 확보한 HS6 합계(업종 수출 총액 아님),202302,116081.0,0.32929991356958066,2200.0,6.64081434803685,2135.0,-18.418035918991215,65.0,635.0,True,False,False,False,창원시 전역 제조업 총계 · 반기 · 표본조사. 업종별 값이 아니며 입직-이직을 KICOX 고용 증감과 같다고 보지 않는다.,1502535358,-0.083290338128994,5891,0.17003910899506813,True,False,False,True,창원시 전역 제조업 총계 전력사용량 · 월→분기 합계. 업종별 값이 아니며 가동률과 개념·모집단이 다르다.,81.0,95.0,87.0,96.0,77.33,67.33,A,1.0,True,True,True,경상남도 제조업 총계(업종 공통 배경),전국 업종별 심리지수. 창원국가산단 개별 업종의 신호가 아니라 같은 업종의 전국 분위기다.,,False,False,True,,False,PPI 조정 생산,1,실질생산 위축 신호(PPI 조정),실질생산 위축 신호(PPI 조정),,False,False,False,False,False,True,False,False,True,False,,True,False,False,3,소규모 분모 — 비율 변동 과대 가능 · 연간보정 개정본 사용 구간 · 월별 원자료 미제공 구간,가중치 근거가 없어 신뢰도 점수를 만들지 않는다. 플래그를 그대로 읽는다.,명목생산 변화에 가격효과가 포함되어 있으므로 실제 물량이 줄었는지 추가로 확인할 필요가 있다.,"업체수·고용 규모가 작아 비율 변동이 크게 나타난다. 절대 증감 개수로 다시 확인할 필요가 있다.
이 분기는 월별 원자료가 공표되지 않아 분기 내 지속 여부를 확인할 수 없다. 분기말 단일시점 값에만 의존한 판단임을 감안할 필요가 있다.
연간보정 개정본을 사용한 구간이다. 이후 재개정 시 값이 달라질 수 있음을 확인할 필요가 있다.","가동률과 전력사용의 방향이 달라 업종 구성·설비 특성·자료범위(산단 vs 시 전체) 차이를 추가 확인할 필요가 있다.
경남 제조업 업황 심리지수가 기준선(100)을 밑돌아, 업종 고유 요인인지 지역 전반의 경기 흐름인지 구분해 확인할 필요가 있다.
같은 업종의 전국 업황 심리지수도 기준선을 밑돌아, 관측된 변화가 산단 고유 현상인지 전국 업종 흐름인지 확인할 필요가 있다.","명목생산 변화에 가격효과가 포함되어 있으므로 실제 물량이 줄었는지 추가로 확인할 필요가 있다.
가동률과 전력사용의 방향이 달라 업종 구성·설비 특성·자료범위(산단 vs 시 전체) 차이를 추가 확인할 필요가 있다.
경남 제조업 업황 심리지수가 기준선(100)을 밑돌아, 업종 고유 요인인지 지역 전반의 경기 흐름인지 구분해 확인할 필요가 있다.
같은 업종의 전국 업황 심리지수도 기준선을 밑돌아, 관측된 변화가 산단 고유 현상인지 전국 업종 흐름인지 확인할 필요가 있다.
업체수·고용 규모가 작아 비율 변동이 크게 나타난다. 절대 증감 개수로 다시 확인할 필요가 있다.
이 분기는 월별 원자료가 공표되지 않아 분기 내 지속 여부를 확인할 수 없다. 분기말 단일시점 값에만 의존한 판단임을 감안할 필요가 있다.
연간보정 개정본을 사용한 구간이다. 이후 재개정 시 값이 달라질 수 있음을 확인할 필요가 있다.",산업동향,검토 대상 기능의 제안이며 특정 사업·예산의 선정이 아니다. 지원 여부는 담당자의 현장 확인 뒤에 기존 체계에서 결정한다.
석유화학,2023Q3,관찰,고용 축 진입신호 없음,S1,7.0,20.345489443378128,52.25144924265754,106.0,627.0,1000.6625,0.552481319610884,0.0,0.0,0.0,0.0,True,False,False,False,미충원·숙련수요·증가의 지속가능성을 확인한다.,고용·훈련 기능,40.0,42.0,39.0,1.0,2.564102564102555,-2.3255813953488413,74.47053942371916,4.139000293637207,2.959828533719161,monthly_simple_mean_approx,,627.0,40.0,False,메인 트랙,"39개 → 40개 (+1개, +2.6%)",,1,1,1,1,1,52.25144924265754,C,복수 후보만 존재 — 가중치 근거 없음. 밴드로만 해석,2,석탄및석유제품|화학제품,59.91072523120145,83.35160759552491,True,,True,,,False,False,2.1061040705907974,-1.8940343536856248,방향 불일치,-4.000138424276422,,,,비교자료 없음,,,False,KICOX 산단 고용과 고용보험 피보험자는 모집단이 다르다(산단 입주 사업체 vs 창원시 전역 사업장). 수준·점유율 비교 금지.,,,,,,,,,,,,,,,,3.0,0.0,42.2042408568793,58.82407631983182,0,,,,,,no_data,0,False,,no_mapped_chapter,해당 업종에 귀속 근거가 있는 HS 류가 없다,,,,창원시 전역 통관 · 연도창을 모두 확보한 HS6 합계(업종 수출 총액 아님),202302,116081.0,0.32929991356958066,2200.0,6.64081434803685,2135.0,-18.418035918991215,65.0,635.0,True,False,False,False,창원시 전역 제조업 총계 · 반기 · 표본조사. 업종별 값이 아니며 입직-이직을 KICOX 고용 증감과 같다고 보지 않는다.,1502535358,-0.083290338128994,5891,0.17003910899506813,True,False,False,True,창원시 전역 제조업 총계 전력사용량 · 월→분기 합계. 업종별 값이 아니며 가동률과 개념·모집단이 다르다.,81.0,95.0,87.0,96.0,77.33,70.78,B,3.0,True,True,True,경상남도 제조업 총계(업종 공통 배경),전국 업종별 심리지수. 창원국가산단 개별 업종의 신호가 아니라 같은 업종의 전국 분위기다.,,False,False,,후보 모두 위축 아님,False,명목 생산만(가격효과 미조정),0,해석 보류,해석 보류,,True,False,False,False,False,True,False,True,False,False,,True,False,False,3,PPI 매핑 불확실(C·D 등급) · 연간보정 개정본 사용 구간 · 월별 원자료 미제공 구간,가중치 근거가 없어 신뢰도 점수를 만들지 않는다. 플래그를 그대로 읽는다.,,"이 업종은 생산자물가지수 대응 후보가 복수이거나 없어, PPI 조정 생산을 단일값으로 해석하지 않고 원자료로 확인할 필요가 있다.
이 분기는 월별 원자료가 공표되지 않아 분기 내 지속 여부를 확인할 수 없다. 분기말 단일시점 값에만 의존한 판단임을 감안할 필요가 있다.
연간보정 개정본을 사용한 구간이다. 이후 재개정 시 값이 달라질 수 있음을 확인할 필요가 있다.","가동률과 전력사용의 방향이 달라 업종 구성·설비 특성·자료범위(산단 vs 시 전체) 차이를 추가 확인할 필요가 있다.
경남 제조업 업황 심리지수가 기준선(100)을 밑돌아, 업종 고유 요인인지 지역 전반의 경기 흐름인지 구분해 확인할 필요가 있다.
같은 업종의 전국 업황 심리지수도 기준선을 밑돌아, 관측된 변화가 산단 고유 현상인지 전국 업종 흐름인지 확인할 필요가 있다.","가동률과 전력사용의 방향이 달라 업종 구성·설비 특성·자료범위(산단 vs 시 전체) 차이를 추가 확인할 필요가 있다.
경남 제조업 업황 심리지수가 기준선(100)을 밑돌아, 업종 고유 요인인지 지역 전반의 경기 흐름인지 구분해 확인할 필요가 있다.
같은 업종의 전국 업황 심리지수도 기준선을 밑돌아, 관측된 변화가 산단 고유 현상인지 전국 업종 흐름인지 확인할 필요가 있다.
이 업종은 생산자물가지수 대응 후보가 복수이거나 없어, PPI 조정 생산을 단일값으로 해석하지 않고 원자료로 확인할 필요가 있다.
이 분기는 월별 원자료가 공표되지 않아 분기 내 지속 여부를 확인할 수 없다. 분기말 단일시점 값에만 의존한 판단임을 감안할 필요가 있다.
연간보정 개정본을 사용한 구간이다. 이후 재개정 시 값이 달라질 수 있음을 확인할 필요가 있다.",산업동향,검토 대상 기능의 제안이며 특정 사업·예산의 선정이 아니다. 지원 여부는 담당자의 현장 확인 뒤에 기존 체계에서 결정한다.
섬유의복,2023Q3,관찰,고용 축 진입신호 없음,N,,0.0,166.49831649831648,0.0,39.0,7.915,0.0343648667700549,0.0,0.0,0.0,0.0,False,False,False,False,"원자료상 정확한 0인지 반올림·개정 영향인지, 0이 아닌 축의 방향과 규모를 확인한다.",자료 검토,7.0,8.0,8.0,-1.0,-12.5,-11.111111111111116,100.0,0.0,0.0,monthly_simple_mean_approx,,39.0,7.0,True,소규모 집계 트랙,"8개 → 7개 (-1개, -12.5%)","소규모 집계 트랙은 업종을 배제하는 장치가 아니라, 분모가 작아 비율 변동이 커지는 집계군을 별도 방식으로 읽기 위한 표시다.",1,1,1,1,1,166.49831649831648,A,대분류 직접 대응,1,섬유및의복,156.46188576828334,156.46188576828334,True,156.46188576828334,False,True,True,,,2.1061040705907974,-1.8940343536856248,방향 불일치,-4.000138424276422,,,,비교자료 없음,,,False,KICOX 산단 고용과 고용보험 피보험자는 모집단이 다르다(산단 입주 사업체 vs 창원시 전역 사업장). 수준·점유율 비교 금지.,,,,,,,,,,,,,,,,3.0,0.0,97.44525547445255,288.12499999999994,0,,,,,,no_data,0,False,,no_mapped_chapter,해당 업종에 귀속 근거가 있는 HS 류가 없다,,,,창원시 전역 통관 · 연도창을 모두 확보한 HS6 합계(업종 수출 총액 아님),202302,116081.0,0.32929991356958066,2200.0,6.64081434803685,2135.0,-18.418035918991215,65.0,635.0,True,False,False,False,창원시 전역 제조업 총계 · 반기 · 표본조사. 업종별 값이 아니며 입직-이직을 KICOX 고용 증감과 같다고 보지 않는다.,1502535358,-0.083290338128994,5891,0.17003910899506813,True,False,False,True,창원시 전역 제조업 총계 전력사용량 · 월→분기 합계. 업종별 값이 아니며 가동률과 개념·모집단이 다르다.,81.0,95.0,87.0,96.0,77.33,52.16,A,2.0,True,True,True,경상남도 제조업 총계(업종 공통 배경),전국 업종별 심리지수. 창원국가산단 개별 업종의 신호가 아니라 같은 업종의 전국 분위기다.,,True,False,False,,False,PPI 조정 생산,1,업체수 감소 신호,업체수 감소 신호,,False,False,False,False,False,True,False,False,True,False,,True,False,False,3,소규모 분모 — 비율 변동 과대 가능 · 연간보정 개정본 사용 구간 · 월별 원자료 미제공 구간,가중치 근거가 없어 신뢰도 점수를 만들지 않는다. 플래그를 그대로 읽는다.,"가동업체 감소가 실제 퇴거·폐업·통합·휴업에 따른 것인지, 아니면 조사대상 변동이나 집계기준 변경에 따른 것인지 확인할 필요가 있다.","업체수·고용 규모가 작아 비율 변동이 크게 나타난다. 절대 증감 개수로 다시 확인할 필요가 있다.
이 분기는 월별 원자료가 공표되지 않아 분기 내 지속 여부를 확인할 수 없다. 분기말 단일시점 값에만 의존한 판단임을 감안할 필요가 있다.
연간보정 개정본을 사용한 구간이다. 이후 재개정 시 값이 달라질 수 있음을 확인할 필요가 있다.","가동률과 전력사용의 방향이 달라 업종 구성·설비 특성·자료범위(산단 vs 시 전체) 차이를 추가 확인할 필요가 있다.
경남 제조업 업황 심리지수가 기준선(100)을 밑돌아, 업종 고유 요인인지 지역 전반의 경기 흐름인지 구분해 확인할 필요가 있다.
같은 업종의 전국 업황 심리지수도 기준선을 밑돌아, 관측된 변화가 산단 고유 현상인지 전국 업종 흐름인지 확인할 필요가 있다.","가동업체 감소가 실제 퇴거·폐업·통합·휴업에 따른 것인지, 아니면 조사대상 변동이나 집계기준 변경에 따른 것인지 확인할 필요가 있다.
가동률과 전력사용의 방향이 달라 업종 구성·설비 특성·자료범위(산단 vs 시 전체) 차이를 추가 확인할 필요가 있다.
경남 제조업 업황 심리지수가 기준선(100)을 밑돌아, 업종 고유 요인인지 지역 전반의 경기 흐름인지 구분해 확인할 필요가 있다.
같은 업종의 전국 업황 심리지수도 기준선을 밑돌아, 관측된 변화가 산단 고유 현상인지 전국 업종 흐름인지 확인할 필요가 있다.
업체수·고용 규모가 작아 비율 변동이 크게 나타난다. 절대 증감 개수로 다시 확인할 필요가 있다.
이 분기는 월별 원자료가 공표되지 않아 분기 내 지속 여부를 확인할 수 없다. 분기말 단일시점 값에만 의존한 판단임을 감안할 필요가 있다.
연간보정 개정본을 사용한 구간이다. 이후 재개정 시 값이 달라질 수 있음을 확인할 필요가 있다.",산업동향 · 기업지원 / 산업동향,검토 대상 기능의 제안이며 특정 사업·예산의 선정이 아니다. 지원 여부는 담당자의 현장 확인 뒤에 기존 체계에서 결정한다.
운송장비,2023Q3,관찰,고용 축 진입신호 없음,S1,4.0,7.077041208088053,36.63975187186082,1106.0,16734.0,39080.14339936363,14.745171295643592,0.0,0.0,0.0,0.0,True,False,False,False,미충원·숙련수요·증가의 지속가능성을 확인한다.,고용·훈련 기능,239.0,246.0,243.0,-4.0,-1.6460905349794275,0.0,91.28132388357078,-0.7985943970995169,-0.7348358964292174,monthly_simple_mean_approx,,16734.0,239.0,False,메인 트랙,"243개 → 239개 (-4개, -1.6%)",,1,1,1,1,1,36.63975187186082,A,대분류 직접 대응,1,운송장비,34.87858420016803,34.87858420016803,True,34.87858420016803,False,True,True,,,2.1061040705907974,-1.8940343536856248,방향 불일치,-4.000138424276422,,,,비교자료 없음,,,False,KICOX 산단 고용과 고용보험 피보험자는 모집단이 다르다(산단 입주 사업체 vs 창원시 전역 사업장). 수준·점유율 비교 금지.,,,,,,,,,,,,,,,,3.0,0.0,32.13181268371552,44.310412764346,0,1141674.0,128.0893758316052,10.729571262462589,59.0,A,mapped_chapters_only,0,True,False,usable,,123.0,81.0,0.0,창원시 전역 통관 · 연도창을 모두 확보한 HS6 합계(업종 수출 총액 아님),202302,116081.0,0.32929991356958066,2200.0,6.64081434803685,2135.0,-18.418035918991215,65.0,635.0,True,False,False,False,창원시 전역 제조업 총계 · 반기 · 표본조사. 업종별 값이 아니며 입직-이직을 KICOX 고용 증감과 같다고 보지 않는다.,1502535358,-0.083290338128994,5891,0.17003910899506813,True,False,True,False,창원시 전역 제조업 총계 전력사용량 · 월→분기 합계. 업종별 값이 아니며 가동률과 개념·모집단이 다르다.,81.0,95.0,87.0,96.0,77.33,97.84,A,2.0,True,True,True,경상남도 제조업 총계(업종 공통 배경),전국 업종별 심리지수. 창원국가산단 개별 업종의 신호가 아니라 같은 업종의 전국 분위기다.,False,False,False,False,,False,PPI 조정 생산,0,해석 보류,해석 보류,,False,False,False,False,False,True,False,False,False,False,,True,False,False,2,연간보정 개정본 사용 구간 · 월별 원자료 미제공 구간,가중치 근거가 없어 신뢰도 점수를 만들지 않는다. 플래그를 그대로 읽는다.,,"이 분기는 월별 원자료가 공표되지 않아 분기 내 지속 여부를 확인할 수 없다. 분기말 단일시점 값에만 의존한 판단임을 감안할 필요가 있다.
연간보정 개정본을 사용한 구간이다. 이후 재개정 시 값이 달라질 수 있음을 확인할 필요가 있다.","가동률 하락과 창원시 제조업 전력사용 감소가 함께 나타나 실제 생산활동 위축 여부를 추가 확인할 필요가 있다. 다만 전력은 시 전체 제조업 총계이므로 이 업종의 값이 아니다.
경남 제조업 업황 심리지수가 기준선(100)을 밑돌아, 업종 고유 요인인지 지역 전반의 경기 흐름인지 구분해 확인할 필요가 있다.
같은 업종의 전국 업황 심리지수도 기준선을 밑돌아, 관측된 변화가 산단 고유 현상인지 전국 업종 흐름인지 확인할 필요가 있다.","가동률 하락과 창원시 제조업 전력사용 감소가 함께 나타나 실제 생산활동 위축 여부를 추가 확인할 필요가 있다. 다만 전력은 시 전체 제조업 총계이므로 이 업종의 값이 아니다.
경남 제조업 업황 심리지수가 기준선(100)을 밑돌아, 업종 고유 요인인지 지역 전반의 경기 흐름인지 구분해 확인할 필요가 있다.
같은 업종의 전국 업황 심리지수도 기준선을 밑돌아, 관측된 변화가 산단 고유 현상인지 전국 업종 흐름인지 확인할 필요가 있다.
이 분기는 월별 원자료가 공표되지 않아 분기 내 지속 여부를 확인할 수 없다. 분기말 단일시점 값에만 의존한 판단임을 감안할 필요가 있다.
연간보정 개정본을 사용한 구간이다. 이후 재개정 시 값이 달라질 수 있음을 확인할 필요가 있다.",산업동향 · 기업지원 / 산업동향,검토 대상 기능의 제안이며 특정 사업·예산의 선정이 아니다. 지원 여부는 담당자의 현장 확인 뒤에 기존 체계에서 결정한다.
음식료,2023Q3,관찰,고용 축 진입신호 없음,S1,7.0,12.72727272727272,17.93837890549419,98.0,868.0,1523.87,0.7648385732412237,0.0,0.0,0.0,0.0,True,False,False,False,미충원·숙련수요·증가의 지속가능성을 확인한다.,고용·훈련 기능,5.0,8.0,6.0,-1.0,-16.666666666666664,-11.111111111111116,87.90179898913426,0.09490197330817018,0.08334144913426655,monthly_simple_mean_approx,,868.0,5.0,False,메인 트랙,"6개 → 5개 (-1개, -16.7%)",,1,1,1,1,1,17.93837890549419,A,대분류 직접 대응,1,음식료품,13.103266298726158,13.103266298726158,True,13.103266298726158,False,True,True,,,2.1061040705907974,-1.8940343536856248,방향 불일치,-4.000138424276422,,,,비교자료 없음,,,False,KICOX 산단 고용과 고용보험 피보험자는 모집단이 다르다(산단 입주 사업체 vs 창원시 전역 사업장). 수준·점유율 비교 금지.,,,,,,,,,,,,,,,,3.0,0.0,10.002397872433178,28.913091743345596,0,,,,,,no_data,0,False,,no_mapped_chapter,해당 업종에 귀속 근거가 있는 HS 류가 없다,,,,창원시 전역 통관 · 연도창을 모두 확보한 HS6 합계(업종 수출 총액 아님),202302,116081.0,0.32929991356958066,2200.0,6.64081434803685,2135.0,-18.418035918991215,65.0,635.0,True,False,False,False,창원시 전역 제조업 총계 · 반기 · 표본조사. 업종별 값이 아니며 입직-이직을 KICOX 고용 증감과 같다고 보지 않는다.,1502535358,-0.083290338128994,5891,0.17003910899506813,True,False,False,True,창원시 전역 제조업 총계 전력사용량 · 월→분기 합계. 업종별 값이 아니며 가동률과 개념·모집단이 다르다.,81.0,95.0,87.0,96.0,77.33,76.83,A,2.0,True,True,True,경상남도 제조업 총계(업종 공통 배경),전국 업종별 심리지수. 창원국가산단 개별 업종의 신호가 아니라 같은 업종의 전국 분위기다.,,True,False,False,,False,PPI 조정 생산,1,업체수 감소 신호,업체수 감소 신호,,False,False,False,False,False,True,False,False,True,False,,True,False,False,3,소규모 분모 — 비율 변동 과대 가능 · 연간보정 개정본 사용 구간 · 월별 원자료 미제공 구간,가중치 근거가 없어 신뢰도 점수를 만들지 않는다. 플래그를 그대로 읽는다.,"가동업체 감소가 실제 퇴거·폐업·통합·휴업에 따른 것인지, 아니면 조사대상 변동이나 집계기준 변경에 따른 것인지 확인할 필요가 있다.","업체수·고용 규모가 작아 비율 변동이 크게 나타난다. 절대 증감 개수로 다시 확인할 필요가 있다.
이 분기는 월별 원자료가 공표되지 않아 분기 내 지속 여부를 확인할 수 없다. 분기말 단일시점 값에만 의존한 판단임을 감안할 필요가 있다.
연간보정 개정본을 사용한 구간이다. 이후 재개정 시 값이 달라질 수 있음을 확인할 필요가 있다.","가동률과 전력사용의 방향이 달라 업종 구성·설비 특성·자료범위(산단 vs 시 전체) 차이를 추가 확인할 필요가 있다.
경남 제조업 업황 심리지수가 기준선(100)을 밑돌아, 업종 고유 요인인지 지역 전반의 경기 흐름인지 구분해 확인할 필요가 있다.
같은 업종의 전국 업황 심리지수도 기준선을 밑돌아, 관측된 변화가 산단 고유 현상인지 전국 업종 흐름인지 확인할 필요가 있다.","가동업체 감소가 실제 퇴거·폐업·통합·휴업에 따른 것인지, 아니면 조사대상 변동이나 집계기준 변경에 따른 것인지 확인할 필요가 있다.
가동률과 전력사용의 방향이 달라 업종 구성·설비 특성·자료범위(산단 vs 시 전체) 차이를 추가 확인할 필요가 있다.
경남 제조업 업황 심리지수가 기준선(100)을 밑돌아, 업종 고유 요인인지 지역 전반의 경기 흐름인지 구분해 확인할 필요가 있다.
같은 업종의 전국 업황 심리지수도 기준선을 밑돌아, 관측된 변화가 산단 고유 현상인지 전국 업종 흐름인지 확인할 필요가 있다.
업체수·고용 규모가 작아 비율 변동이 크게 나타난다. 절대 증감 개수로 다시 확인할 필요가 있다.
이 분기는 월별 원자료가 공표되지 않아 분기 내 지속 여부를 확인할 수 없다. 분기말 단일시점 값에만 의존한 판단임을 감안할 필요가 있다.
연간보정 개정본을 사용한 구간이다. 이후 재개정 시 값이 달라질 수 있음을 확인할 필요가 있다.",산업동향 · 기업지원 / 산업동향,검토 대상 기능의 제안이며 특정 사업·예산의 선정이 아니다. 지원 여부는 담당자의 현장 확인 뒤에 기존 체계에서 결정한다.
전기전자,2023Q3,관찰,고용 축 진입신호 없음,S1,3.0,7.254464285714279,13.393470030739008,1950.0,28830.0,34407.77379875,25.40356689694064,0.0,0.0,0.0,0.0,True,False,False,False,미충원·숙련수요·증가의 지속가능성을 확인한다.,고용·훈련 기능,555.0,589.0,542.0,13.0,2.398523985239853,3.3333333333333437,75.64661996273509,-6.233635604817289,-5.029025777264906,monthly_simple_mean_approx,,28830.0,555.0,False,메인 트랙,"542개 → 555개 (+13개, +2.4%)",,1,1,1,1,1,13.393470030739008,C,복수 후보만 존재 — 가중치 근거 없음. 밴드로만 해석,2,전기장비|컴퓨터전자및광학기기,7.104899063488457,20.322203674564165,True,,True,,,False,False,2.1061040705907974,-1.8940343536856248,방향 불일치,-4.000138424276422,,,,비교자료 없음,,,False,KICOX 산단 고용과 고용보험 피보험자는 모집단이 다르다(산단 입주 사업체 vs 창원시 전역 사업장). 수준·점유율 비교 금지.,,,,,,,,,,,,,,,,3.0,0.0,8.084158110262795,19.355519102215666,0,517832.0,14.30110232605366,-0.9436255464301269,252.0,B,mapped_chapters_only,0,True,False,usable,,296.0,272.0,0.0,창원시 전역 통관 · 연도창을 모두 확보한 HS6 합계(업종 수출 총액 아님),202302,116081.0,0.32929991356958066,2200.0,6.64081434803685,2135.0,-18.418035918991215,65.0,635.0,True,False,False,False,창원시 전역 제조업 총계 · 반기 · 표본조사. 업종별 값이 아니며 입직-이직을 KICOX 고용 증감과 같다고 보지 않는다.,1502535358,-0.083290338128994,5891,0.17003910899506813,True,False,True,False,창원시 전역 제조업 총계 전력사용량 · 월→분기 합계. 업종별 값이 아니며 가동률과 개념·모집단이 다르다.,81.0,95.0,87.0,96.0,77.33,72.84,A,2.0,True,True,True,경상남도 제조업 총계(업종 공통 배경),전국 업종별 심리지수. 창원국가산단 개별 업종의 신호가 아니라 같은 업종의 전국 분위기다.,False,False,True,,후보 모두 위축 아님,False,명목 생산만(가격효과 미조정),1,가동 위축 신호,가동 위축 신호,,True,False,False,False,False,True,False,True,False,False,,True,False,False,3,PPI 매핑 불확실(C·D 등급) · 연간보정 개정본 사용 구간 · 월별 원자료 미제공 구간,가중치 근거가 없어 신뢰도 점수를 만들지 않는다. 플래그를 그대로 읽는다.,가동률 하락이 일시적 생산조정인지 수주·수요 감소에 따른 것인지 확인할 필요가 있다.,"이 업종은 생산자물가지수 대응 후보가 복수이거나 없어, PPI 조정 생산을 단일값으로 해석하지 않고 원자료로 확인할 필요가 있다.
이 분기는 월별 원자료가 공표되지 않아 분기 내 지속 여부를 확인할 수 없다. 분기말 단일시점 값에만 의존한 판단임을 감안할 필요가 있다.
연간보정 개정본을 사용한 구간이다. 이후 재개정 시 값이 달라질 수 있음을 확인할 필요가 있다.","가동률 하락과 창원시 제조업 전력사용 감소가 함께 나타나 실제 생산활동 위축 여부를 추가 확인할 필요가 있다. 다만 전력은 시 전체 제조업 총계이므로 이 업종의 값이 아니다.
경남 제조업 업황 심리지수가 기준선(100)을 밑돌아, 업종 고유 요인인지 지역 전반의 경기 흐름인지 구분해 확인할 필요가 있다.
같은 업종의 전국 업황 심리지수도 기준선을 밑돌아, 관측된 변화가 산단 고유 현상인지 전국 업종 흐름인지 확인할 필요가 있다.","가동률 하락이 일시적 생산조정인지 수주·수요 감소에 따른 것인지 확인할 필요가 있다.
가동률 하락과 창원시 제조업 전력사용 감소가 함께 나타나 실제 생산활동 위축 여부를 추가 확인할 필요가 있다. 다만 전력은 시 전체 제조업 총계이므로 이 업종의 값이 아니다.
경남 제조업 업황 심리지수가 기준선(100)을 밑돌아, 업종 고유 요인인지 지역 전반의 경기 흐름인지 구분해 확인할 필요가 있다.
같은 업종의 전국 업황 심리지수도 기준선을 밑돌아, 관측된 변화가 산단 고유 현상인지 전국 업종 흐름인지 확인할 필요가 있다.
이 업종은 생산자물가지수 대응 후보가 복수이거나 없어, PPI 조정 생산을 단일값으로 해석하지 않고 원자료로 확인할 필요가 있다.
이 분기는 월별 원자료가 공표되지 않아 분기 내 지속 여부를 확인할 수 없다. 분기말 단일시점 값에만 의존한 판단임을 감안할 필요가 있다.
연간보정 개정본을 사용한 구간이다. 이후 재개정 시 값이 달라질 수 있음을 확인할 필요가 있다.",산업동향 · 기업지원 / 산업동향,검토 대상 기능의 제안이며 특정 사업·예산의 선정이 아니다. 지원 여부는 담당자의 현장 확인 뒤에 기존 체계에서 결정한다.
철강,2023Q3,관찰,고용 축 진입신호 없음 (생산 9.9% 단독 감소 — 확인질문에 반영),S4,4.0,-2.6686434395848724,-9.898771069811884,-252.0,9191.0,15843.7605,8.098653602142958,2.6686434395848724,0.7746090858992472,0.2220499083603553,9.898771069811884,True,False,False,False,수주잔량·가동률·휴업/감산·기업 수 변동·고용조정 계획 신고 여부를 확인한다(원인 후보이며 입증된 원인이 아님).,기업지원 기능 + 고용지원 기능,75.0,80.0,75.0,0.0,0.0,0.0,71.41515073201658,3.0316460850748017,2.1013491520165815,monthly_simple_mean_approx,,9191.0,75.0,False,메인 트랙,"75개 → 75개 (+0개, +0.0%)",,1,1,1,1,1,-9.898771069811884,B,상위 범주가 넓어 범위 과대·과소 가능,1,철강1차제품,-3.9938483909773725,-3.9938483909773725,True,-3.9938483909773725,False,True,False,,,2.1061040705907974,-1.8940343536856248,방향 불일치,-4.000138424276422,,,,비교자료 없음,,,False,KICOX 산단 고용과 고용보험 피보험자는 모집단이 다르다(산단 입주 사업체 vs 창원시 전역 사업장). 수준·점유율 비교 금지.,,,,,,,,,,,,,,,,3.0,3.0,-17.797998852126728,-4.348966767280271,0,222762.0,-3.3960267657734633,-16.67862307701067,193.0,A,mapped_chapters_only,0,True,False,usable,,291.0,237.0,0.0,창원시 전역 통관 · 연도창을 모두 확보한 HS6 합계(업종 수출 총액 아님),202302,116081.0,0.32929991356958066,2200.0,6.64081434803685,2135.0,-18.418035918991215,65.0,635.0,True,False,False,False,창원시 전역 제조업 총계 · 반기 · 표본조사. 업종별 값이 아니며 입직-이직을 KICOX 고용 증감과 같다고 보지 않는다.,1502535358,-0.083290338128994,5891,0.17003910899506813,True,False,False,True,창원시 전역 제조업 총계 전력사용량 · 월→분기 합계. 업종별 값이 아니며 가동률과 개념·모집단이 다르다.,81.0,95.0,87.0,96.0,77.33,58.67,B,1.0,True,True,True,경상남도 제조업 총계(업종 공통 배경),전국 업종별 심리지수. 창원국가산단 개별 업종의 신호가 아니라 같은 업종의 전국 분위기다.,False,False,False,False,,False,PPI 조정 생산,0,해석 보류,해석 보류,,False,False,False,False,False,True,False,False,False,False,,True,False,False,2,연간보정 개정본 사용 구간 · 월별 원자료 미제공 구간,가중치 근거가 없어 신뢰도 점수를 만들지 않는다. 플래그를 그대로 읽는다.,,"이 분기는 월별 원자료가 공표되지 않아 분기 내 지속 여부를 확인할 수 없다. 분기말 단일시점 값에만 의존한 판단임을 감안할 필요가 있다.
연간보정 개정본을 사용한 구간이다. 이후 재개정 시 값이 달라질 수 있음을 확인할 필요가 있다.","가동률과 전력사용의 방향이 달라 업종 구성·설비 특성·자료범위(산단 vs 시 전체) 차이를 추가 확인할 필요가 있다.
경남 제조업 업황 심리지수가 기준선(100)을 밑돌아, 업종 고유 요인인지 지역 전반의 경기 흐름인지 구분해 확인할 필요가 있다.
같은 업종의 전국 업황 심리지수도 기준선을 밑돌아, 관측된 변화가 산단 고유 현상인지 전국 업종 흐름인지 확인할 필요가 있다.","가동률과 전력사용의 방향이 달라 업종 구성·설비 특성·자료범위(산단 vs 시 전체) 차이를 추가 확인할 필요가 있다.
경남 제조업 업황 심리지수가 기준선(100)을 밑돌아, 업종 고유 요인인지 지역 전반의 경기 흐름인지 구분해 확인할 필요가 있다.
같은 업종의 전국 업황 심리지수도 기준선을 밑돌아, 관측된 변화가 산단 고유 현상인지 전국 업종 흐름인지 확인할 필요가 있다.
이 분기는 월별 원자료가 공표되지 않아 분기 내 지속 여부를 확인할 수 없다. 분기말 단일시점 값에만 의존한 판단임을 감안할 필요가 있다.
연간보정 개정본을 사용한 구간이다. 이후 재개정 시 값이 달라질 수 있음을 확인할 필요가 있다.",산업동향,검토 대상 기능의 제안이며 특정 사업·예산의 선정이 아니다. 지원 여부는 담당자의 현장 확인 뒤에 기존 체계에서 결정한다.
기계,2023Q4,우선점검,고용감소 6.8%(진입경계 5% 통과) · 산단평균 대비 7.8%p 열위(진입경계 통과) · 산단 제조업 고용의 3.61% 감소(상위경계 2.0% 통과) → 보강: 직전 분기에도 진입신호(지속) [생산자료 미확인; 확인 가능한 신호에 따른 최소판정],INVALID,,-6.770205812936336,,-4102.0,56487.0,,49.76345904802178,6.770205812936336,7.818873613137522,3.6137466853432714,,True,True,False,True,원자료와 비교기간(전년동기 기준값)의 존재 여부를 먼저 확인한다.,자료 검토,1459.0,1528.0,1455.0,4.0,0.27491408934707806,0.460223537146609,78.86420553665049,1.1853116890423898,0.9238363069622864,monthly_simple_mean_approx,,56487.0,1459.0,False,메인 트랙,"1,455개 → 1,459개 (+4개, +0.3%)",,1,1,1,1,1,,A,대분류 직접 대응,1,기계및장비,,,True,,False,,,,,2.5543596829321613,1.0486678002011862,방향 일치,-1.505691882730975,기계·장비,29688.0,0.4330175913396461,방향 불일치,-7.203223404275982,B,True,KICOX 산단 고용과 고용보험 피보험자는 모집단이 다르다(산단 입주 사업체 vs 창원시 전역 사업장). 수준·점유율 비교 금지.,3.0,3.0,-6.938197156179459,-6.374909306773957,3,3.0,0.0,0.13755158184318717,0.48309178743961567,3,3.0,1.0,-1.278166780107648,3.454689767087893,3,2.0,0.0,16.980936951441006,19.13482956682191,2,2542191.0,10.379399593337624,0.5500600117179344,330.0,B,mapped_chapters_only,0,True,False,usable,,538.0,439.0,0.0,창원시 전역 통관 · 연도창을 모두 확보한 HS6 합계(업종 수출 총액 아님),202302,116081.0,0.32929991356958066,2200.0,6.64081434803685,2135.0,-18.418035918991215,65.0,635.0,True,False,False,False,창원시 전역 제조업 총계 · 반기 · 표본조사. 업종별 값이 아니며 입직-이직을 KICOX 고용 증감과 같다고 보지 않는다.,1456353669,-4.883784713308758,6001,2.0404693079408176,True,True,False,True,창원시 전역 제조업 총계 전력사용량 · 월→분기 합계. 업종별 값이 아니며 가동률과 개념·모집단이 다르다.,75.0,90.0,82.67,88.67,80.33,71.84,C,2.0,True,True,True,경상남도 제조업 총계(업종 공통 배경),전국 업종별 심리지수. 창원국가산단 개별 업종의 신호가 아니라 같은 업종의 전국 분위기다.,True,False,False,,,,판단 불가,0,해석 보류,해석 보류,,True,False,True,True,False,False,False,False,False,True,production,True,False,False,4,고용보험 지표와 방향 불일치 · 분기 내 3개월 모두 같은 방향 · 입력 자료 일부 미확인 · 연간보정 개정본 사용 구간,가중치 근거가 없어 신뢰도 점수를 만들지 않는다. 플래그를 그대로 읽는다.,,"산단 고용과 창원시 고용보험 지표의 방향이 달라 모집단 차이·자료 개정·기업 구성 차이 중 무엇 때문인지 확인할 필요가 있다.
입력 자료 일부가 미확인이다. 결측을 0이나 정상으로 읽지 말고 원자료 확인이 필요하다.
연간보정 개정본을 사용한 구간이다. 이후 재개정 시 값이 달라질 수 있음을 확인할 필요가 있다.","확인된 품목 기준 수출은 유지·확대되는데 고용이 감소하고 있어 생산성·자동화·기업구성 변화 등의 가능성을 추가 확인할 필요가 있다.
가동률과 전력사용의 방향이 달라 업종 구성·설비 특성·자료범위(산단 vs 시 전체) 차이를 추가 확인할 필요가 있다.
경남 제조업 업황 심리지수가 기준선(100)을 밑돌아, 업종 고유 요인인지 지역 전반의 경기 흐름인지 구분해 확인할 필요가 있다.
같은 업종의 전국 업황 심리지수도 기준선을 밑돌아, 관측된 변화가 산단 고유 현상인지 전국 업종 흐름인지 확인할 필요가 있다.","확인된 품목 기준 수출은 유지·확대되는데 고용이 감소하고 있어 생산성·자동화·기업구성 변화 등의 가능성을 추가 확인할 필요가 있다.
가동률과 전력사용의 방향이 달라 업종 구성·설비 특성·자료범위(산단 vs 시 전체) 차이를 추가 확인할 필요가 있다.
경남 제조업 업황 심리지수가 기준선(100)을 밑돌아, 업종 고유 요인인지 지역 전반의 경기 흐름인지 구분해 확인할 필요가 있다.
같은 업종의 전국 업황 심리지수도 기준선을 밑돌아, 관측된 변화가 산단 고유 현상인지 전국 업종 흐름인지 확인할 필요가 있다.
산단 고용과 창원시 고용보험 지표의 방향이 달라 모집단 차이·자료 개정·기업 구성 차이 중 무엇 때문인지 확인할 필요가 있다.
입력 자료 일부가 미확인이다. 결측을 0이나 정상으로 읽지 말고 원자료 확인이 필요하다.
연간보정 개정본을 사용한 구간이다. 이후 재개정 시 값이 달라질 수 있음을 확인할 필요가 있다.",고용지원 · 직업훈련 / 산업동향,검토 대상 기능의 제안이며 특정 사업·예산의 선정이 아니다. 지원 여부는 담당자의 현장 확인 뒤에 기존 체계에서 결정한다.
기타,2023Q4,관찰,고용 축 진입신호 없음 [생산자료 미확인; 확인 가능한 신호에 따른 최소판정],INVALID,,7.594936708860756,,12.0,170.0,,0.1497652209917981,0.0,0.0,0.0,,False,False,False,True,원자료와 비교기간(전년동기 기준값)의 존재 여부를 먼저 확인한다.,자료 검토,23.0,26.0,23.0,0.0,0.0,8.333333333333325,59.62547824582316,-28.416417929125505,-23.669428939442184,monthly_simple_mean_approx,,170.0,23.0,True,소규모 집계 트랙,"23개 → 23개 (+0개, +0.0%)","소규모 집계 트랙은 업종을 배제하는 장치가 아니라, 분모가 작아 비율 변동이 커지는 집계군을 별도 방식으로 읽기 위한 표시다.",1,1,1,1,1,,D,대응 항목 없음 — 조정 생산 산출 불가,0,,,,True,,False,,,,,2.5543596829321613,1.0486678002011862,방향 일치,-1.505691882730975,,,,비교자료 없음,,,False,KICOX 산단 고용과 고용보험 피보험자는 모집단이 다르다(산단 입주 사업체 vs 창원시 전역 사업장). 수준·점유율 비교 금지.,3.0,0.0,7.594936708860756,7.594936708860756,3,3.0,1.0,-4.1666666666666625,0.0,3,3.0,3.0,-33.514535250809566,-20.709227111190643,3,2.0,2.0,-20.709227111190643,-20.709227111190643,2,,,,,,no_data,0,False,,no_mapped_chapter,해당 업종에 귀속 근거가 있는 HS 류가 없다,,,,창원시 전역 통관 · 연도창을 모두 확보한 HS6 합계(업종 수출 총액 아님),202302,116081.0,0.32929991356958066,2200.0,6.64081434803685,2135.0,-18.418035918991215,65.0,635.0,True,False,False,False,창원시 전역 제조업 총계 · 반기 · 표본조사. 업종별 값이 아니며 입직-이직을 KICOX 고용 증감과 같다고 보지 않는다.,1456353669,-4.883784713308758,6001,2.0404693079408176,True,True,True,False,창원시 전역 제조업 총계 전력사용량 · 월→분기 합계. 업종별 값이 아니며 가동률과 개념·모집단이 다르다.,75.0,90.0,82.67,88.67,80.33,,,,True,,True,경상남도 제조업 총계(업종 공통 배경),전국 업종별 심리지수. 창원국가산단 개별 업종의 신호가 아니라 같은 업종의 전국 분위기다.,,False,True,,,,판단 불가,1,가동 위축 신호,가동 위축 신호,,True,False,False,False,False,False,False,True,True,True,production,True,False,False,4,PPI 매핑 불확실(C·D 등급) · 소규모 분모 — 비율 변동 과대 가능 · 입력 자료 일부 미확인 · 연간보정 개정본 사용 구간,가중치 근거가 없어 신뢰도 점수를 만들지 않는다. 플래그를 그대로 읽는다.,가동률 하락이 일시적 생산조정인지 수주·수요 감소에 따른 것인지 확인할 필요가 있다.,"이 업종은 생산자물가지수 대응 후보가 복수이거나 없어, PPI 조정 생산을 단일값으로 해석하지 않고 원자료로 확인할 필요가 있다.
업체수·고용 규모가 작아 비율 변동이 크게 나타난다. 절대 증감 개수로 다시 확인할 필요가 있다.
입력 자료 일부가 미확인이다. 결측을 0이나 정상으로 읽지 말고 원자료 확인이 필요하다.
연간보정 개정본을 사용한 구간이다. 이후 재개정 시 값이 달라질 수 있음을 확인할 필요가 있다.","가동률 하락과 창원시 제조업 전력사용 감소가 함께 나타나 실제 생산활동 위축 여부를 추가 확인할 필요가 있다. 다만 전력은 시 전체 제조업 총계이므로 이 업종의 값이 아니다.
경남 제조업 업황 심리지수가 기준선(100)을 밑돌아, 업종 고유 요인인지 지역 전반의 경기 흐름인지 구분해 확인할 필요가 있다.","가동률 하락이 일시적 생산조정인지 수주·수요 감소에 따른 것인지 확인할 필요가 있다.
가동률 하락과 창원시 제조업 전력사용 감소가 함께 나타나 실제 생산활동 위축 여부를 추가 확인할 필요가 있다. 다만 전력은 시 전체 제조업 총계이므로 이 업종의 값이 아니다.
경남 제조업 업황 심리지수가 기준선(100)을 밑돌아, 업종 고유 요인인지 지역 전반의 경기 흐름인지 구분해 확인할 필요가 있다.
이 업종은 생산자물가지수 대응 후보가 복수이거나 없어, PPI 조정 생산을 단일값으로 해석하지 않고 원자료로 확인할 필요가 있다.
업체수·고용 규모가 작아 비율 변동이 크게 나타난다. 절대 증감 개수로 다시 확인할 필요가 있다.
입력 자료 일부가 미확인이다. 결측을 0이나 정상으로 읽지 말고 원자료 확인이 필요하다.
연간보정 개정본을 사용한 구간이다. 이후 재개정 시 값이 달라질 수 있음을 확인할 필요가 있다.",산업동향 · 기업지원 / 산업동향,검토 대상 기능의 제안이며 특정 사업·예산의 선정이 아니다. 지원 여부는 담당자의 현장 확인 뒤에 기존 체계에서 결정한다.
목재종이,2023Q4,추가확인,고용감소 9.1%(진입경계 5% 통과) · 산단평균 대비 10.2%p 열위(상위경계 통과) [상위경계 통과했으나 고용 239인 < 300인으로 우선점검 제외] [생산자료 미확인; 확인 가능한 신호에 따른 최소판정],INVALID,,-9.125475285171104,,-24.0,239.0,,0.2105522812767044,9.125475285171104,10.17414308537229,0.0211433253164891,,False,True,False,True,원자료와 비교기간(전년동기 기준값)의 존재 여부를 먼저 확인한다.,자료 검토,43.0,48.0,40.0,3.0,7.499999999999996,6.666666666666665,71.53558052434458,-5.91112046804928,-4.494212667158479,monthly_simple_mean_approx,,239.0,43.0,True,소규모 집계 트랙,"40개 → 43개 (+3개, +7.5%)","소규모 집계 트랙은 업종을 배제하는 장치가 아니라, 분모가 작아 비율 변동이 커지는 집계군을 별도 방식으로 읽기 위한 표시다.",1,1,1,1,1,,A,대분류 직접 대응,1,목재및종이제품,,,True,,False,,,,,2.5543596829321613,1.0486678002011862,방향 일치,-1.505691882730975,,,,비교자료 없음,,,False,KICOX 산단 고용과 고용보험 피보험자는 모집단이 다르다(산단 입주 사업체 vs 창원시 전역 사업장). 수준·점유율 비교 금지.,3.0,2.0,-9.125475285171103,0.0,3,3.0,0.0,7.499999999999996,7.499999999999996,3,3.0,2.0,-12.658475524842782,8.089965953803247,3,2.0,1.0,-6.0450262331327,15.768358298494611,2,,,,,,no_data,0,False,,no_mapped_chapter,해당 업종에 귀속 근거가 있는 HS 류가 없다,,,,창원시 전역 통관 · 연도창을 모두 확보한 HS6 합계(업종 수출 총액 아님),202302,116081.0,0.32929991356958066,2200.0,6.64081434803685,2135.0,-18.418035918991215,65.0,635.0,True,False,False,False,창원시 전역 제조업 총계 · 반기 · 표본조사. 업종별 값이 아니며 입직-이직을 KICOX 고용 증감과 같다고 보지 않는다.,1456353669,-4.883784713308758,6001,2.0404693079408176,True,True,True,False,창원시 전역 제조업 총계 전력사용량 · 월→분기 합계. 업종별 값이 아니며 가동률과 개념·모집단이 다르다.,75.0,90.0,82.67,88.67,80.33,59.34,A,2.0,True,True,True,경상남도 제조업 총계(업종 공통 배경),전국 업종별 심리지수. 창원국가산단 개별 업종의 신호가 아니라 같은 업종의 전국 분위기다.,,False,True,,,,판단 불가,1,가동 위축 신호,가동 위축 신호,,True,False,False,False,True,False,False,False,True,True,production,True,False,False,4,분기 내 2개월에서 같은 방향 · 소규모 분모 — 비율 변동 과대 가능 · 입력 자료 일부 미확인 · 연간보정 개정본 사용 구간,가중치 근거가 없어 신뢰도 점수를 만들지 않는다. 플래그를 그대로 읽는다.,가동률 하락이 일시적 생산조정인지 수주·수요 감소에 따른 것인지 확인할 필요가 있다.,"업체수·고용 규모가 작아 비율 변동이 크게 나타난다. 절대 증감 개수로 다시 확인할 필요가 있다.
입력 자료 일부가 미확인이다. 결측을 0이나 정상으로 읽지 말고 원자료 확인이 필요하다.
연간보정 개정본을 사용한 구간이다. 이후 재개정 시 값이 달라질 수 있음을 확인할 필요가 있다.","가동률 하락과 창원시 제조업 전력사용 감소가 함께 나타나 실제 생산활동 위축 여부를 추가 확인할 필요가 있다. 다만 전력은 시 전체 제조업 총계이므로 이 업종의 값이 아니다.
경남 제조업 업황 심리지수가 기준선(100)을 밑돌아, 업종 고유 요인인지 지역 전반의 경기 흐름인지 구분해 확인할 필요가 있다.
같은 업종의 전국 업황 심리지수도 기준선을 밑돌아, 관측된 변화가 산단 고유 현상인지 전국 업종 흐름인지 확인할 필요가 있다.","가동률 하락이 일시적 생산조정인지 수주·수요 감소에 따른 것인지 확인할 필요가 있다.
가동률 하락과 창원시 제조업 전력사용 감소가 함께 나타나 실제 생산활동 위축 여부를 추가 확인할 필요가 있다. 다만 전력은 시 전체 제조업 총계이므로 이 업종의 값이 아니다.
경남 제조업 업황 심리지수가 기준선(100)을 밑돌아, 업종 고유 요인인지 지역 전반의 경기 흐름인지 구분해 확인할 필요가 있다.
같은 업종의 전국 업황 심리지수도 기준선을 밑돌아, 관측된 변화가 산단 고유 현상인지 전국 업종 흐름인지 확인할 필요가 있다.
업체수·고용 규모가 작아 비율 변동이 크게 나타난다. 절대 증감 개수로 다시 확인할 필요가 있다.
입력 자료 일부가 미확인이다. 결측을 0이나 정상으로 읽지 말고 원자료 확인이 필요하다.
연간보정 개정본을 사용한 구간이다. 이후 재개정 시 값이 달라질 수 있음을 확인할 필요가 있다.",산업동향 · 기업지원 / 산업동향,검토 대상 기능의 제안이며 특정 사업·예산의 선정이 아니다. 지원 여부는 담당자의 현장 확인 뒤에 기존 체계에서 결정한다.
비금속,2023Q4,관찰,고용 축 진입신호 없음 [생산자료 미확인; 확인 가능한 신호에 따른 최소판정],INVALID,,-2.334630350194556,,-6.0,251.0,,0.221123943934949,2.334630350194556,3.3832981503957416,0.0052858313291222,,False,False,False,True,원자료와 비교기간(전년동기 기준값)의 존재 여부를 먼저 확인한다.,자료 검토,5.0,5.0,5.0,0.0,0.0,0.0,59.25030378325136,16.535918697666794,8.407349571883714,monthly_simple_mean_approx,,251.0,5.0,True,소규모 집계 트랙,"5개 → 5개 (+0개, +0.0%)","소규모 집계 트랙은 업종을 배제하는 장치가 아니라, 분모가 작아 비율 변동이 커지는 집계군을 별도 방식으로 읽기 위한 표시다.",1,1,1,1,1,,A,대분류 직접 대응,1,비금속광물제품,,,True,,False,,,,,2.5543596829321613,1.0486678002011862,방향 일치,-1.505691882730975,,,,비교자료 없음,,,False,KICOX 산단 고용과 고용보험 피보험자는 모집단이 다르다(산단 입주 사업체 vs 창원시 전역 사업장). 수준·점유율 비교 금지.,3.0,3.0,-2.7131782945736482,-2.3346303501945553,3,3.0,0.0,0.0,0.0,3,3.0,0.0,13.17255338095553,21.5984191350864,3,2.0,0.0,13.190615201643418,16.34103019538189,2,,,,,,no_data,0,False,,no_mapped_chapter,해당 업종에 귀속 근거가 있는 HS 류가 없다,,,,창원시 전역 통관 · 연도창을 모두 확보한 HS6 합계(업종 수출 총액 아님),202302,116081.0,0.32929991356958066,2200.0,6.64081434803685,2135.0,-18.418035918991215,65.0,635.0,True,False,False,False,창원시 전역 제조업 총계 · 반기 · 표본조사. 업종별 값이 아니며 입직-이직을 KICOX 고용 증감과 같다고 보지 않는다.,1456353669,-4.883784713308758,6001,2.0404693079408176,True,True,False,True,창원시 전역 제조업 총계 전력사용량 · 월→분기 합계. 업종별 값이 아니며 가동률과 개념·모집단이 다르다.,75.0,90.0,82.67,88.67,80.33,75.0,A,1.0,True,True,True,경상남도 제조업 총계(업종 공통 배경),전국 업종별 심리지수. 창원국가산단 개별 업종의 신호가 아니라 같은 업종의 전국 분위기다.,,False,False,,,,판단 불가,0,해석 보류,해석 보류,,True,False,False,True,False,False,False,False,True,True,production,True,False,False,4,분기 내 3개월 모두 같은 방향 · 소규모 분모 — 비율 변동 과대 가능 · 입력 자료 일부 미확인 · 연간보정 개정본 사용 구간,가중치 근거가 없어 신뢰도 점수를 만들지 않는다. 플래그를 그대로 읽는다.,,"업체수·고용 규모가 작아 비율 변동이 크게 나타난다. 절대 증감 개수로 다시 확인할 필요가 있다.
입력 자료 일부가 미확인이다. 결측을 0이나 정상으로 읽지 말고 원자료 확인이 필요하다.
연간보정 개정본을 사용한 구간이다. 이후 재개정 시 값이 달라질 수 있음을 확인할 필요가 있다.","가동률과 전력사용의 방향이 달라 업종 구성·설비 특성·자료범위(산단 vs 시 전체) 차이를 추가 확인할 필요가 있다.
경남 제조업 업황 심리지수가 기준선(100)을 밑돌아, 업종 고유 요인인지 지역 전반의 경기 흐름인지 구분해 확인할 필요가 있다.
같은 업종의 전국 업황 심리지수도 기준선을 밑돌아, 관측된 변화가 산단 고유 현상인지 전국 업종 흐름인지 확인할 필요가 있다.","가동률과 전력사용의 방향이 달라 업종 구성·설비 특성·자료범위(산단 vs 시 전체) 차이를 추가 확인할 필요가 있다.
경남 제조업 업황 심리지수가 기준선(100)을 밑돌아, 업종 고유 요인인지 지역 전반의 경기 흐름인지 구분해 확인할 필요가 있다.
같은 업종의 전국 업황 심리지수도 기준선을 밑돌아, 관측된 변화가 산단 고유 현상인지 전국 업종 흐름인지 확인할 필요가 있다.
업체수·고용 규모가 작아 비율 변동이 크게 나타난다. 절대 증감 개수로 다시 확인할 필요가 있다.
입력 자료 일부가 미확인이다. 결측을 0이나 정상으로 읽지 말고 원자료 확인이 필요하다.
연간보정 개정본을 사용한 구간이다. 이후 재개정 시 값이 달라질 수 있음을 확인할 필요가 있다.",산업동향,검토 대상 기능의 제안이며 특정 사업·예산의 선정이 아니다. 지원 여부는 담당자의 현장 확인 뒤에 기존 체계에서 결정한다.
석유화학,2023Q4,관찰,고용 축 진입신호 없음 [생산자료 미확인; 확인 가능한 신호에 따른 최소판정],INVALID,,12.234042553191491,,69.0,633.0,,0.5576552052224013,0.0,0.0,0.0,,True,False,False,True,원자료와 비교기간(전년동기 기준값)의 존재 여부를 먼저 확인한다.,자료 검토,42.0,43.0,40.0,2.0,5.000000000000004,-2.2727272727272707,76.8577744044061,-10.119763292855154,-8.653542899786586,monthly_simple_mean_approx,,633.0,42.0,False,메인 트랙,"40개 → 42개 (+2개, +5.0%)",,1,1,1,1,1,,C,복수 후보만 존재 — 가중치 근거 없음. 밴드로만 해석,2,석탄및석유제품|화학제품,,,True,,True,,,,,2.5543596829321613,1.0486678002011862,방향 일치,-1.505691882730975,,,,비교자료 없음,,,False,KICOX 산단 고용과 고용보험 피보험자는 모집단이 다르다(산단 입주 사업체 vs 창원시 전역 사업장). 수준·점유율 비교 금지.,3.0,0.0,12.014134275618371,12.611012433392531,3,3.0,0.0,0.0,5.000000000000004,3,3.0,2.0,-24.503843008695025,4.000850025659153,3,2.0,0.0,44.373183886791566,61.62783942369137,2,,,,,,no_data,0,False,,no_mapped_chapter,해당 업종에 귀속 근거가 있는 HS 류가 없다,,,,창원시 전역 통관 · 연도창을 모두 확보한 HS6 합계(업종 수출 총액 아님),202302,116081.0,0.32929991356958066,2200.0,6.64081434803685,2135.0,-18.418035918991215,65.0,635.0,True,False,False,False,창원시 전역 제조업 총계 · 반기 · 표본조사. 업종별 값이 아니며 입직-이직을 KICOX 고용 증감과 같다고 보지 않는다.,1456353669,-4.883784713308758,6001,2.0404693079408176,True,True,True,False,창원시 전역 제조업 총계 전력사용량 · 월→분기 합계. 업종별 값이 아니며 가동률과 개념·모집단이 다르다.,75.0,90.0,82.67,88.67,80.33,70.11,B,3.0,True,True,True,경상남도 제조업 총계(업종 공통 배경),전국 업종별 심리지수. 창원국가산단 개별 업종의 신호가 아니라 같은 업종의 전국 분위기다.,,False,True,,,,판단 불가,1,가동 위축 신호,가동 위축 신호,,True,False,False,False,False,False,False,True,False,True,production,True,False,False,3,PPI 매핑 불확실(C·D 등급) · 입력 자료 일부 미확인 · 연간보정 개정본 사용 구간,가중치 근거가 없어 신뢰도 점수를 만들지 않는다. 플래그를 그대로 읽는다.,가동률 하락이 일시적 생산조정인지 수주·수요 감소에 따른 것인지 확인할 필요가 있다.,"이 업종은 생산자물가지수 대응 후보가 복수이거나 없어, PPI 조정 생산을 단일값으로 해석하지 않고 원자료로 확인할 필요가 있다.
입력 자료 일부가 미확인이다. 결측을 0이나 정상으로 읽지 말고 원자료 확인이 필요하다.
연간보정 개정본을 사용한 구간이다. 이후 재개정 시 값이 달라질 수 있음을 확인할 필요가 있다.","가동률 하락과 창원시 제조업 전력사용 감소가 함께 나타나 실제 생산활동 위축 여부를 추가 확인할 필요가 있다. 다만 전력은 시 전체 제조업 총계이므로 이 업종의 값이 아니다.
경남 제조업 업황 심리지수가 기준선(100)을 밑돌아, 업종 고유 요인인지 지역 전반의 경기 흐름인지 구분해 확인할 필요가 있다.
같은 업종의 전국 업황 심리지수도 기준선을 밑돌아, 관측된 변화가 산단 고유 현상인지 전국 업종 흐름인지 확인할 필요가 있다.","가동률 하락이 일시적 생산조정인지 수주·수요 감소에 따른 것인지 확인할 필요가 있다.
가동률 하락과 창원시 제조업 전력사용 감소가 함께 나타나 실제 생산활동 위축 여부를 추가 확인할 필요가 있다. 다만 전력은 시 전체 제조업 총계이므로 이 업종의 값이 아니다.
경남 제조업 업황 심리지수가 기준선(100)을 밑돌아, 업종 고유 요인인지 지역 전반의 경기 흐름인지 구분해 확인할 필요가 있다.
같은 업종의 전국 업황 심리지수도 기준선을 밑돌아, 관측된 변화가 산단 고유 현상인지 전국 업종 흐름인지 확인할 필요가 있다.
이 업종은 생산자물가지수 대응 후보가 복수이거나 없어, PPI 조정 생산을 단일값으로 해석하지 않고 원자료로 확인할 필요가 있다.
입력 자료 일부가 미확인이다. 결측을 0이나 정상으로 읽지 말고 원자료 확인이 필요하다.
연간보정 개정본을 사용한 구간이다. 이후 재개정 시 값이 달라질 수 있음을 확인할 필요가 있다.",산업동향 · 기업지원 / 산업동향,검토 대상 기능의 제안이며 특정 사업·예산의 선정이 아니다. 지원 여부는 담당자의 현장 확인 뒤에 기존 체계에서 결정한다.
섬유의복,2023Q4,추가확인,고용감소 40.6%(상위경계 10% 통과) · 산단평균 대비 41.7%p 열위(상위경계 통과) [상위경계 통과했으나 고용 38인 < 300인으로 우선점검 제외] [생산자료 미확인; 확인 가능한 신호에 따른 최소판정],INVALID,,-40.625,,-26.0,38.0,,0.0334769317511078,40.625,41.67366780020119,0.0229052690928632,,False,False,False,True,원자료와 비교기간(전년동기 기준값)의 존재 여부를 먼저 확인한다.,자료 검토,7.0,8.0,8.0,-1.0,-12.5,-11.111111111111116,100.0,0.0,0.0,monthly_simple_mean_approx,,38.0,7.0,True,소규모 집계 트랙,"8개 → 7개 (-1개, -12.5%)","소규모 집계 트랙은 업종을 배제하는 장치가 아니라, 분모가 작아 비율 변동이 커지는 집계군을 별도 방식으로 읽기 위한 표시다.",1,1,1,1,1,,A,대분류 직접 대응,1,섬유및의복,,,True,,False,,,,,2.5543596829321613,1.0486678002011862,방향 일치,-1.505691882730975,,,,비교자료 없음,,,False,KICOX 산단 고용과 고용보험 피보험자는 모집단이 다르다(산단 입주 사업체 vs 창원시 전역 사업장). 수준·점유율 비교 금지.,3.0,3.0,-40.625,-39.0625,3,3.0,3.0,-12.5,-12.5,3,3.0,0.0,0.0,0.0,3,2.0,1.0,-62.777461582242466,2.797862307450516,2,,,,,,no_data,0,False,,no_mapped_chapter,해당 업종에 귀속 근거가 있는 HS 류가 없다,,,,창원시 전역 통관 · 연도창을 모두 확보한 HS6 합계(업종 수출 총액 아님),202302,116081.0,0.32929991356958066,2200.0,6.64081434803685,2135.0,-18.418035918991215,65.0,635.0,True,False,False,False,창원시 전역 제조업 총계 · 반기 · 표본조사. 업종별 값이 아니며 입직-이직을 KICOX 고용 증감과 같다고 보지 않는다.,1456353669,-4.883784713308758,6001,2.0404693079408176,True,True,False,True,창원시 전역 제조업 총계 전력사용량 · 월→분기 합계. 업종별 값이 아니며 가동률과 개념·모집단이 다르다.,75.0,90.0,82.67,88.67,80.33,52.33,A,2.0,True,True,True,경상남도 제조업 총계(업종 공통 배경),전국 업종별 심리지수. 창원국가산단 개별 업종의 신호가 아니라 같은 업종의 전국 분위기다.,,True,False,,,,판단 불가,1,업체수 감소 신호,업체수 감소 신호,,True,False,False,True,False,False,False,False,True,True,production,True,False,False,4,분기 내 3개월 모두 같은 방향 · 소규모 분모 — 비율 변동 과대 가능 · 입력 자료 일부 미확인 · 연간보정 개정본 사용 구간,가중치 근거가 없어 신뢰도 점수를 만들지 않는다. 플래그를 그대로 읽는다.,"가동업체 감소가 실제 퇴거·폐업·통합·휴업에 따른 것인지, 아니면 조사대상 변동이나 집계기준 변경에 따른 것인지 확인할 필요가 있다.","업체수·고용 규모가 작아 비율 변동이 크게 나타난다. 절대 증감 개수로 다시 확인할 필요가 있다.
입력 자료 일부가 미확인이다. 결측을 0이나 정상으로 읽지 말고 원자료 확인이 필요하다.
연간보정 개정본을 사용한 구간이다. 이후 재개정 시 값이 달라질 수 있음을 확인할 필요가 있다.","가동률과 전력사용의 방향이 달라 업종 구성·설비 특성·자료범위(산단 vs 시 전체) 차이를 추가 확인할 필요가 있다.
경남 제조업 업황 심리지수가 기준선(100)을 밑돌아, 업종 고유 요인인지 지역 전반의 경기 흐름인지 구분해 확인할 필요가 있다.
같은 업종의 전국 업황 심리지수도 기준선을 밑돌아, 관측된 변화가 산단 고유 현상인지 전국 업종 흐름인지 확인할 필요가 있다.","가동업체 감소가 실제 퇴거·폐업·통합·휴업에 따른 것인지, 아니면 조사대상 변동이나 집계기준 변경에 따른 것인지 확인할 필요가 있다.
가동률과 전력사용의 방향이 달라 업종 구성·설비 특성·자료범위(산단 vs 시 전체) 차이를 추가 확인할 필요가 있다.
경남 제조업 업황 심리지수가 기준선(100)을 밑돌아, 업종 고유 요인인지 지역 전반의 경기 흐름인지 구분해 확인할 필요가 있다.
같은 업종의 전국 업황 심리지수도 기준선을 밑돌아, 관측된 변화가 산단 고유 현상인지 전국 업종 흐름인지 확인할 필요가 있다.
업체수·고용 규모가 작아 비율 변동이 크게 나타난다. 절대 증감 개수로 다시 확인할 필요가 있다.
입력 자료 일부가 미확인이다. 결측을 0이나 정상으로 읽지 말고 원자료 확인이 필요하다.
연간보정 개정본을 사용한 구간이다. 이후 재개정 시 값이 달라질 수 있음을 확인할 필요가 있다.",산업동향 · 기업지원 / 산업동향,검토 대상 기능의 제안이며 특정 사업·예산의 선정이 아니다. 지원 여부는 담당자의 현장 확인 뒤에 기존 체계에서 결정한다.
운송장비,2023Q4,관찰,고용 축 진입신호 없음 [생산자료 미확인; 확인 가능한 신호에 따른 최소판정],INVALID,,4.823932689311317,,774.0,16819.0,,14.81706618741796,0.0,0.0,0.0,,True,False,False,True,원자료와 비교기간(전년동기 기준값)의 존재 여부를 먼저 확인한다.,자료 검토,241.0,244.0,242.0,-1.0,-0.4132231404958664,-1.2145748987854255,92.08951956140017,-1.3313777263244675,-1.2426030925201275,monthly_simple_mean_approx,,16819.0,241.0,False,메인 트랙,"242개 → 241개 (-1개, -0.4%)",,1,1,1,1,1,,A,대분류 직접 대응,1,운송장비,,,True,,False,,,,,2.5543596829321613,1.0486678002011862,방향 일치,-1.505691882730975,자동차·부품,18406.0,7.223581498310616,방향 일치 (매핑 C등급 — 참고),-2.3996488089992996,C,True,KICOX 산단 고용과 고용보험 피보험자는 모집단이 다르다(산단 입주 사업체 vs 창원시 전역 사업장). 수준·점유율 비교 금지.,3.0,0.0,3.9078898629460346,4.996564861657604,3,3.0,3.0,-0.4149377593360981,-0.4132231404958664,3,3.0,3.0,-1.7620033625715847,-0.4976760357933041,3,2.0,0.0,8.540033986103568,11.821567657291165,2,1585383.0,143.11364849198605,5.102871382596397,65.0,A,mapped_chapters_only,0,True,False,usable,,123.0,81.0,0.0,창원시 전역 통관 · 연도창을 모두 확보한 HS6 합계(업종 수출 총액 아님),202302,116081.0,0.32929991356958066,2200.0,6.64081434803685,2135.0,-18.418035918991215,65.0,635.0,True,False,False,False,창원시 전역 제조업 총계 · 반기 · 표본조사. 업종별 값이 아니며 입직-이직을 KICOX 고용 증감과 같다고 보지 않는다.,1456353669,-4.883784713308758,6001,2.0404693079408176,True,True,True,False,창원시 전역 제조업 총계 전력사용량 · 월→분기 합계. 업종별 값이 아니며 가동률과 개념·모집단이 다르다.,75.0,90.0,82.67,88.67,80.33,93.5,A,2.0,True,True,True,경상남도 제조업 총계(업종 공통 배경),전국 업종별 심리지수. 창원국가산단 개별 업종의 신호가 아니라 같은 업종의 전국 분위기다.,False,False,False,,,,판단 불가,0,해석 보류,해석 보류,,True,True,False,False,False,False,False,False,False,True,production,True,True,False,4,고용보험 지표와 방향 일치 · 입력 자료 일부 미확인 · 연간보정 개정본 사용 구간 · 외부자료 업종 대응 불확실,가중치 근거가 없어 신뢰도 점수를 만들지 않는다. 플래그를 그대로 읽는다.,,"입력 자료 일부가 미확인이다. 결측을 0이나 정상으로 읽지 말고 원자료 확인이 필요하다.
연간보정 개정본을 사용한 구간이다. 이후 재개정 시 값이 달라질 수 있음을 확인할 필요가 있다.
외부 자료의 업종 구분이 산단 10업종과 정확히 대응하지 않는다. 비교 결과를 참고로만 읽고 대응 범위를 확인할 필요가 있다.","가동률 하락과 창원시 제조업 전력사용 감소가 함께 나타나 실제 생산활동 위축 여부를 추가 확인할 필요가 있다. 다만 전력은 시 전체 제조업 총계이므로 이 업종의 값이 아니다.
경남 제조업 업황 심리지수가 기준선(100)을 밑돌아, 업종 고유 요인인지 지역 전반의 경기 흐름인지 구분해 확인할 필요가 있다.
같은 업종의 전국 업황 심리지수도 기준선을 밑돌아, 관측된 변화가 산단 고유 현상인지 전국 업종 흐름인지 확인할 필요가 있다.","가동률 하락과 창원시 제조업 전력사용 감소가 함께 나타나 실제 생산활동 위축 여부를 추가 확인할 필요가 있다. 다만 전력은 시 전체 제조업 총계이므로 이 업종의 값이 아니다.
경남 제조업 업황 심리지수가 기준선(100)을 밑돌아, 업종 고유 요인인지 지역 전반의 경기 흐름인지 구분해 확인할 필요가 있다.
같은 업종의 전국 업황 심리지수도 기준선을 밑돌아, 관측된 변화가 산단 고유 현상인지 전국 업종 흐름인지 확인할 필요가 있다.
입력 자료 일부가 미확인이다. 결측을 0이나 정상으로 읽지 말고 원자료 확인이 필요하다.
연간보정 개정본을 사용한 구간이다. 이후 재개정 시 값이 달라질 수 있음을 확인할 필요가 있다.
외부 자료의 업종 구분이 산단 10업종과 정확히 대응하지 않는다. 비교 결과를 참고로만 읽고 대응 범위를 확인할 필요가 있다.",산업동향 · 기업지원 / 산업동향,검토 대상 기능의 제안이며 특정 사업·예산의 선정이 아니다. 지원 여부는 담당자의 현장 확인 뒤에 기존 체계에서 결정한다.
음식료,2023Q4,관찰,고용 축 진입신호 없음 [생산자료 미확인; 확인 가능한 신호에 따른 최소판정],INVALID,,-1.1904761904761862,,-11.0,913.0,,0.8043273339147748,1.1904761904761862,2.2391439906773725,0.0096906907700575,,True,False,False,True,원자료와 비교기간(전년동기 기준값)의 존재 여부를 먼저 확인한다.,자료 검토,5.0,8.0,5.0,0.0,0.0,0.0,91.04249953095034,-1.1342278179972243,-1.0444760942938416,monthly_simple_mean_approx,,913.0,5.0,False,메인 트랙,"5개 → 5개 (+0개, +0.0%)",,1,1,1,1,1,,A,대분류 직접 대응,1,음식료품,,,True,,False,,,,,2.5543596829321613,1.0486678002011862,방향 일치,-1.505691882730975,,,,비교자료 없음,,,False,KICOX 산단 고용과 고용보험 피보험자는 모집단이 다르다(산단 입주 사업체 vs 창원시 전역 사업장). 수준·점유율 비교 금지.,3.0,3.0,-4.055496264674496,-1.1904761904761862,3,3.0,1.0,-16.666666666666664,0.0,3,3.0,3.0,-2.1005340077860035,-0.23307771897924656,3,2.0,1.0,-0.5054081583159342,4.738126312205626,2,,,,,,no_data,0,False,,no_mapped_chapter,해당 업종에 귀속 근거가 있는 HS 류가 없다,,,,창원시 전역 통관 · 연도창을 모두 확보한 HS6 합계(업종 수출 총액 아님),202302,116081.0,0.32929991356958066,2200.0,6.64081434803685,2135.0,-18.418035918991215,65.0,635.0,True,False,False,False,창원시 전역 제조업 총계 · 반기 · 표본조사. 업종별 값이 아니며 입직-이직을 KICOX 고용 증감과 같다고 보지 않는다.,1456353669,-4.883784713308758,6001,2.0404693079408176,True,True,True,False,창원시 전역 제조업 총계 전력사용량 · 월→분기 합계. 업종별 값이 아니며 가동률과 개념·모집단이 다르다.,75.0,90.0,82.67,88.67,80.33,77.0,A,2.0,True,True,True,경상남도 제조업 총계(업종 공통 배경),전국 업종별 심리지수. 창원국가산단 개별 업종의 신호가 아니라 같은 업종의 전국 분위기다.,,False,False,,,,판단 불가,0,해석 보류,해석 보류,,True,False,False,True,False,False,False,False,True,True,production,True,False,False,4,분기 내 3개월 모두 같은 방향 · 소규모 분모 — 비율 변동 과대 가능 · 입력 자료 일부 미확인 · 연간보정 개정본 사용 구간,가중치 근거가 없어 신뢰도 점수를 만들지 않는다. 플래그를 그대로 읽는다.,,"업체수·고용 규모가 작아 비율 변동이 크게 나타난다. 절대 증감 개수로 다시 확인할 필요가 있다.
입력 자료 일부가 미확인이다. 결측을 0이나 정상으로 읽지 말고 원자료 확인이 필요하다.
연간보정 개정본을 사용한 구간이다. 이후 재개정 시 값이 달라질 수 있음을 확인할 필요가 있다.","가동률 하락과 창원시 제조업 전력사용 감소가 함께 나타나 실제 생산활동 위축 여부를 추가 확인할 필요가 있다. 다만 전력은 시 전체 제조업 총계이므로 이 업종의 값이 아니다.
경남 제조업 업황 심리지수가 기준선(100)을 밑돌아, 업종 고유 요인인지 지역 전반의 경기 흐름인지 구분해 확인할 필요가 있다.
같은 업종의 전국 업황 심리지수도 기준선을 밑돌아, 관측된 변화가 산단 고유 현상인지 전국 업종 흐름인지 확인할 필요가 있다.","가동률 하락과 창원시 제조업 전력사용 감소가 함께 나타나 실제 생산활동 위축 여부를 추가 확인할 필요가 있다. 다만 전력은 시 전체 제조업 총계이므로 이 업종의 값이 아니다.
경남 제조업 업황 심리지수가 기준선(100)을 밑돌아, 업종 고유 요인인지 지역 전반의 경기 흐름인지 구분해 확인할 필요가 있다.
같은 업종의 전국 업황 심리지수도 기준선을 밑돌아, 관측된 변화가 산단 고유 현상인지 전국 업종 흐름인지 확인할 필요가 있다.
업체수·고용 규모가 작아 비율 변동이 크게 나타난다. 절대 증감 개수로 다시 확인할 필요가 있다.
입력 자료 일부가 미확인이다. 결측을 0이나 정상으로 읽지 말고 원자료 확인이 필요하다.
연간보정 개정본을 사용한 구간이다. 이후 재개정 시 값이 달라질 수 있음을 확인할 필요가 있다.",산업동향 · 기업지원 / 산업동향,검토 대상 기능의 제안이며 특정 사업·예산의 선정이 아니다. 지원 여부는 담당자의 현장 확인 뒤에 기존 체계에서 결정한다.
전기전자,2023Q4,관찰,고용 축 진입신호 없음 [생산자료 미확인; 확인 가능한 신호에 따른 최소판정],INVALID,,18.370285056147416,,4466.0,28777.0,,25.35172802635868,0.0,0.0,0.0,,True,False,False,True,원자료와 비교기간(전년동기 기준값)의 존재 여부를 먼저 확인한다.,자료 검토,559.0,592.0,545.0,14.0,2.5688073394495303,3.8596491228070073,75.58760597291217,-4.708668489905765,-3.7350404578443914,monthly_simple_mean_approx,,28777.0,559.0,False,메인 트랙,"545개 → 559개 (+14개, +2.6%)",,1,1,1,1,1,,C,복수 후보만 존재 — 가중치 근거 없음. 밴드로만 해석,2,전기장비|컴퓨터전자및광학기기,,,True,,True,,,,,2.5543596829321613,1.0486678002011862,방향 일치,-1.505691882730975,전기장비,17947.0,3.0903555632144197,방향 일치 (매핑 C등급 — 참고),15.279929492932997,C,True,KICOX 산단 고용과 고용보험 피보험자는 모집단이 다르다(산단 입주 사업체 vs 창원시 전역 사업장). 수준·점유율 비교 금지.,3.0,0.0,18.370285056147416,18.95083316190085,3,3.0,0.0,2.3941068139963217,2.583025830258312,3,3.0,2.0,-7.907403710150785,0.20089826602953664,3,2.0,0.0,26.09697889598255,34.57378706380825,2,535341.0,26.624012488764848,-12.785132904924279,248.0,B,mapped_chapters_only,0,True,False,usable,,296.0,272.0,0.0,창원시 전역 통관 · 연도창을 모두 확보한 HS6 합계(업종 수출 총액 아님),202302,116081.0,0.32929991356958066,2200.0,6.64081434803685,2135.0,-18.418035918991215,65.0,635.0,True,False,False,False,창원시 전역 제조업 총계 · 반기 · 표본조사. 업종별 값이 아니며 입직-이직을 KICOX 고용 증감과 같다고 보지 않는다.,1456353669,-4.883784713308758,6001,2.0404693079408176,True,True,True,False,창원시 전역 제조업 총계 전력사용량 · 월→분기 합계. 업종별 값이 아니며 가동률과 개념·모집단이 다르다.,75.0,90.0,82.67,88.67,80.33,75.0,A,2.0,True,True,True,경상남도 제조업 총계(업종 공통 배경),전국 업종별 심리지수. 창원국가산단 개별 업종의 신호가 아니라 같은 업종의 전국 분위기다.,False,False,True,,,,판단 불가,1,가동 위축 신호,가동 위축 신호,,True,True,False,False,False,False,False,True,False,True,production,True,True,False,5,고용보험 지표와 방향 일치 · PPI 매핑 불확실(C·D 등급) · 입력 자료 일부 미확인 · 연간보정 개정본 사용 구간 · 외부자료 업종 대응 불확실,가중치 근거가 없어 신뢰도 점수를 만들지 않는다. 플래그를 그대로 읽는다.,가동률 하락이 일시적 생산조정인지 수주·수요 감소에 따른 것인지 확인할 필요가 있다.,"이 업종은 생산자물가지수 대응 후보가 복수이거나 없어, PPI 조정 생산을 단일값으로 해석하지 않고 원자료로 확인할 필요가 있다.
입력 자료 일부가 미확인이다. 결측을 0이나 정상으로 읽지 말고 원자료 확인이 필요하다.
연간보정 개정본을 사용한 구간이다. 이후 재개정 시 값이 달라질 수 있음을 확인할 필요가 있다.
외부 자료의 업종 구분이 산단 10업종과 정확히 대응하지 않는다. 비교 결과를 참고로만 읽고 대응 범위를 확인할 필요가 있다.","가동률 하락과 창원시 제조업 전력사용 감소가 함께 나타나 실제 생산활동 위축 여부를 추가 확인할 필요가 있다. 다만 전력은 시 전체 제조업 총계이므로 이 업종의 값이 아니다.
경남 제조업 업황 심리지수가 기준선(100)을 밑돌아, 업종 고유 요인인지 지역 전반의 경기 흐름인지 구분해 확인할 필요가 있다.
같은 업종의 전국 업황 심리지수도 기준선을 밑돌아, 관측된 변화가 산단 고유 현상인지 전국 업종 흐름인지 확인할 필요가 있다.","가동률 하락이 일시적 생산조정인지 수주·수요 감소에 따른 것인지 확인할 필요가 있다.
가동률 하락과 창원시 제조업 전력사용 감소가 함께 나타나 실제 생산활동 위축 여부를 추가 확인할 필요가 있다. 다만 전력은 시 전체 제조업 총계이므로 이 업종의 값이 아니다.
경남 제조업 업황 심리지수가 기준선(100)을 밑돌아, 업종 고유 요인인지 지역 전반의 경기 흐름인지 구분해 확인할 필요가 있다.
같은 업종의 전국 업황 심리지수도 기준선을 밑돌아, 관측된 변화가 산단 고유 현상인지 전국 업종 흐름인지 확인할 필요가 있다.
이 업종은 생산자물가지수 대응 후보가 복수이거나 없어, PPI 조정 생산을 단일값으로 해석하지 않고 원자료로 확인할 필요가 있다.
입력 자료 일부가 미확인이다. 결측을 0이나 정상으로 읽지 말고 원자료 확인이 필요하다.
연간보정 개정본을 사용한 구간이다. 이후 재개정 시 값이 달라질 수 있음을 확인할 필요가 있다.
외부 자료의 업종 구분이 산단 10업종과 정확히 대응하지 않는다. 비교 결과를 참고로만 읽고 대응 범위를 확인할 필요가 있다.",산업동향 · 기업지원 / 산업동향,검토 대상 기능의 제안이며 특정 사업·예산의 선정이 아니다. 지원 여부는 담당자의 현장 확인 뒤에 기존 체계에서 결정한다.
철강,2023Q4,관찰,고용 축 진입신호 없음 [생산자료 미확인; 확인 가능한 신호에 따른 최소판정],INVALID,,0.2839047827036367,,26.0,9184.0,,8.090845821109848,0.0,0.7647630174975495,0.0,,True,False,False,True,원자료와 비교기간(전년동기 기준값)의 존재 여부를 먼저 확인한다.,자료 검토,75.0,81.0,74.0,1.0,1.3513513513513598,2.5316455696202445,67.41598136385112,-16.786856689920484,-13.600044088566918,monthly_simple_mean_approx,,9184.0,75.0,False,메인 트랙,"74개 → 75개 (+1개, +1.4%)",,1,1,1,1,1,,B,상위 범주가 넓어 범위 과대·과소 가능,1,철강1차제품,,,True,,False,,,,,2.5543596829321613,1.0486678002011862,방향 일치,-1.505691882730975,,,,비교자료 없음,,,False,KICOX 산단 고용과 고용보험 피보험자는 모집단이 다르다(산단 입주 사업체 vs 창원시 전역 사업장). 수준·점유율 비교 금지.,3.0,0.0,0.2839047827036367,1.9345567101481276,3,3.0,0.0,1.3513513513513598,1.3513513513513598,3,3.0,3.0,-20.561977021569287,-12.358494706447964,3,2.0,1.0,-7.239301761282824,0.884114665697644,2,222724.0,-3.704824616395652,-23.243197897150523,194.0,A,mapped_chapters_only,0,True,False,usable,,291.0,237.0,0.0,창원시 전역 통관 · 연도창을 모두 확보한 HS6 합계(업종 수출 총액 아님),202302,116081.0,0.32929991356958066,2200.0,6.64081434803685,2135.0,-18.418035918991215,65.0,635.0,True,False,False,False,창원시 전역 제조업 총계 · 반기 · 표본조사. 업종별 값이 아니며 입직-이직을 KICOX 고용 증감과 같다고 보지 않는다.,1456353669,-4.883784713308758,6001,2.0404693079408176,True,True,True,False,창원시 전역 제조업 총계 전력사용량 · 월→분기 합계. 업종별 값이 아니며 가동률과 개념·모집단이 다르다.,75.0,90.0,82.67,88.67,80.33,62.67,B,1.0,True,True,True,경상남도 제조업 총계(업종 공통 배경),전국 업종별 심리지수. 창원국가산단 개별 업종의 신호가 아니라 같은 업종의 전국 분위기다.,False,False,True,,,,판단 불가,1,가동 위축 신호,가동 위축 신호,,True,False,False,False,False,False,False,False,False,True,production,True,False,False,2,입력 자료 일부 미확인 · 연간보정 개정본 사용 구간,가중치 근거가 없어 신뢰도 점수를 만들지 않는다. 플래그를 그대로 읽는다.,가동률 하락이 일시적 생산조정인지 수주·수요 감소에 따른 것인지 확인할 필요가 있다.,"입력 자료 일부가 미확인이다. 결측을 0이나 정상으로 읽지 말고 원자료 확인이 필요하다.
연간보정 개정본을 사용한 구간이다. 이후 재개정 시 값이 달라질 수 있음을 확인할 필요가 있다.","가동률 하락과 창원시 제조업 전력사용 감소가 함께 나타나 실제 생산활동 위축 여부를 추가 확인할 필요가 있다. 다만 전력은 시 전체 제조업 총계이므로 이 업종의 값이 아니다.
경남 제조업 업황 심리지수가 기준선(100)을 밑돌아, 업종 고유 요인인지 지역 전반의 경기 흐름인지 구분해 확인할 필요가 있다.
같은 업종의 전국 업황 심리지수도 기준선을 밑돌아, 관측된 변화가 산단 고유 현상인지 전국 업종 흐름인지 확인할 필요가 있다.","가동률 하락이 일시적 생산조정인지 수주·수요 감소에 따른 것인지 확인할 필요가 있다.
가동률 하락과 창원시 제조업 전력사용 감소가 함께 나타나 실제 생산활동 위축 여부를 추가 확인할 필요가 있다. 다만 전력은 시 전체 제조업 총계이므로 이 업종의 값이 아니다.
경남 제조업 업황 심리지수가 기준선(100)을 밑돌아, 업종 고유 요인인지 지역 전반의 경기 흐름인지 구분해 확인할 필요가 있다.
같은 업종의 전국 업황 심리지수도 기준선을 밑돌아, 관측된 변화가 산단 고유 현상인지 전국 업종 흐름인지 확인할 필요가 있다.
입력 자료 일부가 미확인이다. 결측을 0이나 정상으로 읽지 말고 원자료 확인이 필요하다.
연간보정 개정본을 사용한 구간이다. 이후 재개정 시 값이 달라질 수 있음을 확인할 필요가 있다.",산업동향 · 기업지원 / 산업동향,검토 대상 기능의 제안이며 특정 사업·예산의 선정이 아니다. 지원 여부는 담당자의 현장 확인 뒤에 기존 체계에서 결정한다.
기계,2024Q1,관찰,고용 축 진입신호 없음,S2,1.0,-0.6386394509817706,15.921483512916002,-362.0,56321.0,50754.041424,49.40785318267948,0.6386394509817706,0.8751791131433428,0.3175661449926311,0.0,True,False,False,False,"자동화·설비투자, 외주·도급 전환, 미충원·숙련 불일치, 직무구조 변화 가능성을 질문으로 확인한다(원인 후보이며 입증된 원인이 아님).",고용·훈련 기능 + 기업지원 기능,1469.0,1536.0,1455.0,14.0,0.9621993127147732,0.721311475409836,76.30885327240794,0.6429388375470468,0.4874850236309527,monthly_simple_mean_approx,,56321.0,1469.0,False,메인 트랙,"1,455개 → 1,469개 (+14개, +1.0%)",,1,1,1,1,1,15.921483512916002,A,대분류 직접 대응,1,기계및장비,13.97230857662306,13.97230857662306,True,13.97230857662306,False,True,True,,,1.4120931730932762,0.2365396621615723,방향 일치,-1.175553510931704,기계·장비,29188.0,,비교자료 없음,,B,False,KICOX 산단 고용과 고용보험 피보험자는 모집단이 다르다(산단 입주 사업체 vs 창원시 전역 사업장). 수준·점유율 비교 금지.,3.0,3.0,-0.6386394509817706,-0.0035443396895207258,3,3.0,0.0,0.8275862068965578,1.1707988980716344,3,3.0,1.0,-3.5510467615220587,4.169106498228947,3,3.0,0.0,10.997617231815916,19.44346734144089,3,2425254.0,-6.8888150049564505,6.352172771182474,330.0,B,mapped_chapters_only,0,True,True,usable,,538.0,439.0,0.0,창원시 전역 통관 · 연도창을 모두 확보한 HS6 합계(업종 수출 총액 아님),202401,115712.0,-0.2379556505845426,2954.0,8.563028298419706,2384.0,-14.978601997146935,570.0,466.0,True,True,False,False,창원시 전역 제조업 총계 · 반기 · 표본조사. 업종별 값이 아니며 입직-이직을 KICOX 고용 증감과 같다고 보지 않는다.,1485037583,-3.648799882711695,6009,1.8129447644866126,True,True,False,True,창원시 전역 제조업 총계 전력사용량 · 월→분기 합계. 업종별 값이 아니며 가동률과 개념·모집단이 다르다.,76.67,95.0,87.0,94.0,81.0,69.16,C,2.0,True,True,True,경상남도 제조업 총계(업종 공통 배경),전국 업종별 심리지수. 창원국가산단 개별 업종의 신호가 아니라 같은 업종의 전국 분위기다.,False,False,False,False,,False,PPI 조정 생산,0,해석 보류,해석 보류,,False,False,False,True,False,False,False,False,False,False,,True,False,False,2,분기 내 3개월 모두 같은 방향 · 연간보정 개정본 사용 구간,가중치 근거가 없어 신뢰도 점수를 만들지 않는다. 플래그를 그대로 읽는다.,,연간보정 개정본을 사용한 구간이다. 이후 재개정 시 값이 달라질 수 있음을 확인할 필요가 있다.,"확인된 품목 기준 수출이 함께 감소하고 있어, 외부수요 약화 가능성을 보려면 수출 감소가 특정 품목·기업에 집중되는지 추가 확인할 필요가 있다.
가동률과 전력사용의 방향이 달라 업종 구성·설비 특성·자료범위(산단 vs 시 전체) 차이를 추가 확인할 필요가 있다.
경남 제조업 업황 심리지수가 기준선(100)을 밑돌아, 업종 고유 요인인지 지역 전반의 경기 흐름인지 구분해 확인할 필요가 있다.
같은 업종의 전국 업황 심리지수도 기준선을 밑돌아, 관측된 변화가 산단 고유 현상인지 전국 업종 흐름인지 확인할 필요가 있다.","확인된 품목 기준 수출이 함께 감소하고 있어, 외부수요 약화 가능성을 보려면 수출 감소가 특정 품목·기업에 집중되는지 추가 확인할 필요가 있다.
가동률과 전력사용의 방향이 달라 업종 구성·설비 특성·자료범위(산단 vs 시 전체) 차이를 추가 확인할 필요가 있다.
경남 제조업 업황 심리지수가 기준선(100)을 밑돌아, 업종 고유 요인인지 지역 전반의 경기 흐름인지 구분해 확인할 필요가 있다.
같은 업종의 전국 업황 심리지수도 기준선을 밑돌아, 관측된 변화가 산단 고유 현상인지 전국 업종 흐름인지 확인할 필요가 있다.
연간보정 개정본을 사용한 구간이다. 이후 재개정 시 값이 달라질 수 있음을 확인할 필요가 있다.",산업동향 · 기업지원 / 산업동향,검토 대상 기능의 제안이며 특정 사업·예산의 선정이 아니다. 지원 여부는 담당자의 현장 확인 뒤에 기존 체계에서 결정한다.
기타,2024Q1,관찰,고용 축 진입신호 없음,S1,1.0,17.68707482993197,1.2897817044465132,26.0,173.0,78.53250000000001,0.1517650361428872,0.0,0.0,0.0,0.0,False,False,False,False,미충원·숙련수요·증가의 지속가능성을 확인한다.,고용·훈련 기능,23.0,26.0,22.0,1.0,4.545454545454541,8.333333333333325,64.03653932376722,-4.991026862783321,-3.363977921359165,monthly_simple_mean_approx,,173.0,23.0,True,소규모 집계 트랙,"22개 → 23개 (+1개, +4.5%)","소규모 집계 트랙은 업종을 배제하는 장치가 아니라, 분모가 작아 비율 변동이 커지는 집계군을 별도 방식으로 읽기 위한 표시다.",1,1,1,1,1,1.2897817044465132,D,대응 항목 없음 — 조정 생산 산출 불가,0,,,,True,,False,,,,,1.4120931730932762,0.2365396621615723,방향 일치,-1.175553510931704,,,,비교자료 없음,,,False,KICOX 산단 고용과 고용보험 피보험자는 모집단이 다르다(산단 입주 사업체 vs 창원시 전역 사업장). 수준·점유율 비교 금지.,3.0,0.0,15.646258503401356,17.68707482993197,3,3.0,0.0,0.0,4.545454545454541,3,3.0,2.0,-11.535577644050532,8.098074699751056,3,3.0,0.0,0.0,3.8693451133395618,3,,,,,,no_data,0,False,,no_mapped_chapter,해당 업종에 귀속 근거가 있는 HS 류가 없다,,,,창원시 전역 통관 · 연도창을 모두 확보한 HS6 합계(업종 수출 총액 아님),202401,115712.0,-0.2379556505845426,2954.0,8.563028298419706,2384.0,-14.978601997146935,570.0,466.0,True,True,False,False,창원시 전역 제조업 총계 · 반기 · 표본조사. 업종별 값이 아니며 입직-이직을 KICOX 고용 증감과 같다고 보지 않는다.,1485037583,-3.648799882711695,6009,1.8129447644866126,True,True,True,False,창원시 전역 제조업 총계 전력사용량 · 월→분기 합계. 업종별 값이 아니며 가동률과 개념·모집단이 다르다.,76.67,95.0,87.0,94.0,81.0,,,,True,,True,경상남도 제조업 총계(업종 공통 배경),전국 업종별 심리지수. 창원국가산단 개별 업종의 신호가 아니라 같은 업종의 전국 분위기다.,,False,True,,,False,명목 생산만(가격효과 미조정),1,가동 위축 신호,가동 위축 신호,,True,False,False,False,False,False,False,True,True,False,,True,False,False,3,PPI 매핑 불확실(C·D 등급) · 소규모 분모 — 비율 변동 과대 가능 · 연간보정 개정본 사용 구간,가중치 근거가 없어 신뢰도 점수를 만들지 않는다. 플래그를 그대로 읽는다.,가동률 하락이 일시적 생산조정인지 수주·수요 감소에 따른 것인지 확인할 필요가 있다.,"이 업종은 생산자물가지수 대응 후보가 복수이거나 없어, PPI 조정 생산을 단일값으로 해석하지 않고 원자료로 확인할 필요가 있다.
업체수·고용 규모가 작아 비율 변동이 크게 나타난다. 절대 증감 개수로 다시 확인할 필요가 있다.
연간보정 개정본을 사용한 구간이다. 이후 재개정 시 값이 달라질 수 있음을 확인할 필요가 있다.","가동률 하락과 창원시 제조업 전력사용 감소가 함께 나타나 실제 생산활동 위축 여부를 추가 확인할 필요가 있다. 다만 전력은 시 전체 제조업 총계이므로 이 업종의 값이 아니다.
경남 제조업 업황 심리지수가 기준선(100)을 밑돌아, 업종 고유 요인인지 지역 전반의 경기 흐름인지 구분해 확인할 필요가 있다.","가동률 하락이 일시적 생산조정인지 수주·수요 감소에 따른 것인지 확인할 필요가 있다.
가동률 하락과 창원시 제조업 전력사용 감소가 함께 나타나 실제 생산활동 위축 여부를 추가 확인할 필요가 있다. 다만 전력은 시 전체 제조업 총계이므로 이 업종의 값이 아니다.
경남 제조업 업황 심리지수가 기준선(100)을 밑돌아, 업종 고유 요인인지 지역 전반의 경기 흐름인지 구분해 확인할 필요가 있다.
이 업종은 생산자물가지수 대응 후보가 복수이거나 없어, PPI 조정 생산을 단일값으로 해석하지 않고 원자료로 확인할 필요가 있다.
업체수·고용 규모가 작아 비율 변동이 크게 나타난다. 절대 증감 개수로 다시 확인할 필요가 있다.
연간보정 개정본을 사용한 구간이다. 이후 재개정 시 값이 달라질 수 있음을 확인할 필요가 있다.",산업동향 · 기업지원 / 산업동향,검토 대상 기능의 제안이며 특정 사업·예산의 선정이 아니다. 지원 여부는 담당자의 현장 확인 뒤에 기존 체계에서 결정한다.
목재종이,2024Q1,추가확인,고용감소 7.4%(진입경계 5% 통과) · 산단평균 대비 7.6%p 열위(진입경계 통과),S2,1.0,-7.36434108527132,17.251718590024858,-19.0,239.0,80.165,0.2096638360586707,7.36434108527132,7.6008807474328925,0.0166678363393922,0.0,False,True,False,False,"자동화·설비투자, 외주·도급 전환, 미충원·숙련 불일치, 직무구조 변화 가능성을 질문으로 확인한다(원인 후보이며 입증된 원인이 아님).",고용·훈련 기능 + 기업지원 기능,43.0,48.0,39.0,4.0,10.256410256410264,9.090909090909083,74.97182629500344,21.33887155732379,13.184679824315602,monthly_simple_mean_approx,,239.0,43.0,True,소규모 집계 트랙,"39개 → 43개 (+4개, +10.3%)","소규모 집계 트랙은 업종을 배제하는 장치가 아니라, 분모가 작아 비율 변동이 커지는 집계군을 별도 방식으로 읽기 위한 표시다.",1,1,1,1,1,17.251718590024858,A,대분류 직접 대응,1,목재및종이제품,19.660579388364564,19.660579388364564,True,19.660579388364564,False,True,True,,,1.4120931730932762,0.2365396621615723,방향 일치,-1.175553510931704,,,,비교자료 없음,,,False,KICOX 산단 고용과 고용보험 피보험자는 모집단이 다르다(산단 입주 사업체 vs 창원시 전역 사업장). 수준·점유율 비교 금지.,3.0,3.0,-7.722007722007717,-7.36434108527132,3,3.0,0.0,7.499999999999996,10.256410256410264,3,3.0,1.0,-11.87200125364577,163.63307981029266,3,3.0,0.0,4.821717990275531,24.358115650814916,3,,,,,,no_data,0,False,,no_mapped_chapter,해당 업종에 귀속 근거가 있는 HS 류가 없다,,,,창원시 전역 통관 · 연도창을 모두 확보한 HS6 합계(업종 수출 총액 아님),202401,115712.0,-0.2379556505845426,2954.0,8.563028298419706,2384.0,-14.978601997146935,570.0,466.0,True,True,False,False,창원시 전역 제조업 총계 · 반기 · 표본조사. 업종별 값이 아니며 입직-이직을 KICOX 고용 증감과 같다고 보지 않는다.,1485037583,-3.648799882711695,6009,1.8129447644866126,True,True,False,True,창원시 전역 제조업 총계 전력사용량 · 월→분기 합계. 업종별 값이 아니며 가동률과 개념·모집단이 다르다.,76.67,95.0,87.0,94.0,81.0,60.0,A,2.0,True,True,True,경상남도 제조업 총계(업종 공통 배경),전국 업종별 심리지수. 창원국가산단 개별 업종의 신호가 아니라 같은 업종의 전국 분위기다.,,False,False,False,,True,PPI 조정 생산,1,생산유지·고용감소 신호,생산유지·고용감소 신호,,False,False,False,True,False,False,False,False,True,False,,True,False,False,3,분기 내 3개월 모두 같은 방향 · 소규모 분모 — 비율 변동 과대 가능 · 연간보정 개정본 사용 구간,가중치 근거가 없어 신뢰도 점수를 만들지 않는다. 플래그를 그대로 읽는다.,생산이 유지되는데 고용이 감소하고 있어 자동화·생산성 변화·미충원·외주화·인력구조 조정 여부를 확인할 필요가 있다.,"업체수·고용 규모가 작아 비율 변동이 크게 나타난다. 절대 증감 개수로 다시 확인할 필요가 있다.
연간보정 개정본을 사용한 구간이다. 이후 재개정 시 값이 달라질 수 있음을 확인할 필요가 있다.","가동률과 전력사용의 방향이 달라 업종 구성·설비 특성·자료범위(산단 vs 시 전체) 차이를 추가 확인할 필요가 있다.
경남 제조업 업황 심리지수가 기준선(100)을 밑돌아, 업종 고유 요인인지 지역 전반의 경기 흐름인지 구분해 확인할 필요가 있다.
같은 업종의 전국 업황 심리지수도 기준선을 밑돌아, 관측된 변화가 산단 고유 현상인지 전국 업종 흐름인지 확인할 필요가 있다.","생산이 유지되는데 고용이 감소하고 있어 자동화·생산성 변화·미충원·외주화·인력구조 조정 여부를 확인할 필요가 있다.
가동률과 전력사용의 방향이 달라 업종 구성·설비 특성·자료범위(산단 vs 시 전체) 차이를 추가 확인할 필요가 있다.
경남 제조업 업황 심리지수가 기준선(100)을 밑돌아, 업종 고유 요인인지 지역 전반의 경기 흐름인지 구분해 확인할 필요가 있다.
같은 업종의 전국 업황 심리지수도 기준선을 밑돌아, 관측된 변화가 산단 고유 현상인지 전국 업종 흐름인지 확인할 필요가 있다.
업체수·고용 규모가 작아 비율 변동이 크게 나타난다. 절대 증감 개수로 다시 확인할 필요가 있다.
연간보정 개정본을 사용한 구간이다. 이후 재개정 시 값이 달라질 수 있음을 확인할 필요가 있다.",고용지원 · 직업훈련 / 산업동향,검토 대상 기능의 제안이며 특정 사업·예산의 선정이 아니다. 지원 여부는 담당자의 현장 확인 뒤에 기존 체계에서 결정한다.
비금속,2024Q1,관찰,고용 축 진입신호 없음,S4,1.0,-2.34375,-4.813588221792308,-6.0,250.0,145.145,0.2193136360446347,2.34375,2.5802896621615723,0.0052635272650712,4.813588221792308,False,False,False,False,수주잔량·가동률·휴업/감산·기업 수 변동·고용조정 계획 신고 여부를 확인한다(원인 후보이며 입증된 원인이 아님).,기업지원 기능 + 고용지원 기능,5.0,5.0,5.0,0.0,0.0,0.0,49.16586216825025,-8.129748436361329,-4.350767351581837,monthly_simple_mean_approx,,250.0,5.0,True,소규모 집계 트랙,"5개 → 5개 (+0개, +0.0%)","소규모 집계 트랙은 업종을 배제하는 장치가 아니라, 분모가 작아 비율 변동이 커지는 집계군을 별도 방식으로 읽기 위한 표시다.",1,1,1,1,1,-4.813588221792308,A,대분류 직접 대응,1,비금속광물제품,-7.68672624521598,-7.68672624521598,True,-7.68672624521598,False,True,False,,,1.4120931730932762,0.2365396621615723,방향 일치,-1.175553510931704,,,,비교자료 없음,,,False,KICOX 산단 고용과 고용보험 피보험자는 모집단이 다르다(산단 입주 사업체 vs 창원시 전역 사업장). 수준·점유율 비교 금지.,3.0,3.0,-11.032028469750887,-2.34375,3,3.0,0.0,0.0,0.0,3,3.0,3.0,-13.169648905137398,-5.411863450914178,3,3.0,3.0,-8.785260747371703,-0.6357557820892201,3,,,,,,no_data,0,False,,no_mapped_chapter,해당 업종에 귀속 근거가 있는 HS 류가 없다,,,,창원시 전역 통관 · 연도창을 모두 확보한 HS6 합계(업종 수출 총액 아님),202401,115712.0,-0.2379556505845426,2954.0,8.563028298419706,2384.0,-14.978601997146935,570.0,466.0,True,True,False,False,창원시 전역 제조업 총계 · 반기 · 표본조사. 업종별 값이 아니며 입직-이직을 KICOX 고용 증감과 같다고 보지 않는다.,1485037583,-3.648799882711695,6009,1.8129447644866126,True,True,True,False,창원시 전역 제조업 총계 전력사용량 · 월→분기 합계. 업종별 값이 아니며 가동률과 개념·모집단이 다르다.,76.67,95.0,87.0,94.0,81.0,61.67,A,1.0,True,True,True,경상남도 제조업 총계(업종 공통 배경),전국 업종별 심리지수. 창원국가산단 개별 업종의 신호가 아니라 같은 업종의 전국 분위기다.,,False,True,True,,False,PPI 조정 생산,2,가동 위축 신호 · 실질생산 위축 신호(PPI 조정),가동 위축 신호,"대표 확인신호는 표시순서에 따른 요약이며, 유일한 원인이 아니다. 확인신호 프로필 전체를 함께 읽어야 한다.",False,False,False,True,False,False,False,False,True,False,,True,False,False,3,분기 내 3개월 모두 같은 방향 · 소규모 분모 — 비율 변동 과대 가능 · 연간보정 개정본 사용 구간,가중치 근거가 없어 신뢰도 점수를 만들지 않는다. 플래그를 그대로 읽는다.,"가동률 하락이 일시적 생산조정인지 수주·수요 감소에 따른 것인지 확인할 필요가 있다.
명목생산 변화에 가격효과가 포함되어 있으므로 실제 물량이 줄었는지 추가로 확인할 필요가 있다.","업체수·고용 규모가 작아 비율 변동이 크게 나타난다. 절대 증감 개수로 다시 확인할 필요가 있다.
연간보정 개정본을 사용한 구간이다. 이후 재개정 시 값이 달라질 수 있음을 확인할 필요가 있다.","가동률 하락과 창원시 제조업 전력사용 감소가 함께 나타나 실제 생산활동 위축 여부를 추가 확인할 필요가 있다. 다만 전력은 시 전체 제조업 총계이므로 이 업종의 값이 아니다.
경남 제조업 업황 심리지수가 기준선(100)을 밑돌아, 업종 고유 요인인지 지역 전반의 경기 흐름인지 구분해 확인할 필요가 있다.
같은 업종의 전국 업황 심리지수도 기준선을 밑돌아, 관측된 변화가 산단 고유 현상인지 전국 업종 흐름인지 확인할 필요가 있다.","가동률 하락이 일시적 생산조정인지 수주·수요 감소에 따른 것인지 확인할 필요가 있다.
명목생산 변화에 가격효과가 포함되어 있으므로 실제 물량이 줄었는지 추가로 확인할 필요가 있다.
가동률 하락과 창원시 제조업 전력사용 감소가 함께 나타나 실제 생산활동 위축 여부를 추가 확인할 필요가 있다. 다만 전력은 시 전체 제조업 총계이므로 이 업종의 값이 아니다.
경남 제조업 업황 심리지수가 기준선(100)을 밑돌아, 업종 고유 요인인지 지역 전반의 경기 흐름인지 구분해 확인할 필요가 있다.
같은 업종의 전국 업황 심리지수도 기준선을 밑돌아, 관측된 변화가 산단 고유 현상인지 전국 업종 흐름인지 확인할 필요가 있다.
업체수·고용 규모가 작아 비율 변동이 크게 나타난다. 절대 증감 개수로 다시 확인할 필요가 있다.
연간보정 개정본을 사용한 구간이다. 이후 재개정 시 값이 달라질 수 있음을 확인할 필요가 있다.",산업동향 · 기업지원 / 산업동향,검토 대상 기능의 제안이며 특정 사업·예산의 선정이 아니다. 지원 여부는 담당자의 현장 확인 뒤에 기존 체계에서 결정한다.
석유화학,2024Q1,관찰,고용 축 진입신호 없음,S3,1.0,1.6025641025640969,-3.235416397861024,10.0,634.0,843.7024999999999,0.5561793810091936,0.0,0.0,0.0,3.235416397861024,True,False,False,False,선제채용·신규 입주기업·고용조정 시차·생산 단가와 물량 구분 가능성을 확인한다.,기업지원 기능(모니터링),41.0,42.0,41.0,0.0,0.0,-4.545454545454541,75.92698000589452,24.55742361001785,14.96956951575983,monthly_simple_mean_approx,,634.0,41.0,False,메인 트랙,"41개 → 41개 (+0개, +0.0%)",,1,1,1,1,1,-3.235416397861024,C,복수 후보만 존재 — 가중치 근거 없음. 밴드로만 해석,2,석탄및석유제품|화학제품,-3.0029532756815303,-2.8344872006727972,True,,True,,,False,False,1.4120931730932762,0.2365396621615723,방향 일치,-1.175553510931704,,,,비교자료 없음,,,False,KICOX 산단 고용과 고용보험 피보험자는 모집단이 다르다(산단 입주 사업체 vs 창원시 전역 사업장). 수준·점유율 비교 금지.,3.0,0.0,1.6025641025640969,13.932980599647271,3,3.0,0.0,0.0,2.499999999999991,3,3.0,0.0,19.008799666503506,28.640842968220582,3,3.0,1.0,-19.472247964902113,7.583169526958922,3,,,,,,no_data,0,False,,no_mapped_chapter,해당 업종에 귀속 근거가 있는 HS 류가 없다,,,,창원시 전역 통관 · 연도창을 모두 확보한 HS6 합계(업종 수출 총액 아님),202401,115712.0,-0.2379556505845426,2954.0,8.563028298419706,2384.0,-14.978601997146935,570.0,466.0,True,True,False,False,창원시 전역 제조업 총계 · 반기 · 표본조사. 업종별 값이 아니며 입직-이직을 KICOX 고용 증감과 같다고 보지 않는다.,1485037583,-3.648799882711695,6009,1.8129447644866126,True,True,False,True,창원시 전역 제조업 총계 전력사용량 · 월→분기 합계. 업종별 값이 아니며 가동률과 개념·모집단이 다르다.,76.67,95.0,87.0,94.0,81.0,72.56,B,3.0,True,True,True,경상남도 제조업 총계(업종 공통 배경),전국 업종별 심리지수. 창원국가산단 개별 업종의 신호가 아니라 같은 업종의 전국 분위기다.,,False,False,,후보 모두 위축 아님,False,명목 생산만(가격효과 미조정),0,해석 보류,해석 보류,,True,False,False,False,False,False,False,True,False,False,,True,False,False,2,PPI 매핑 불확실(C·D 등급) · 연간보정 개정본 사용 구간,가중치 근거가 없어 신뢰도 점수를 만들지 않는다. 플래그를 그대로 읽는다.,,"이 업종은 생산자물가지수 대응 후보가 복수이거나 없어, PPI 조정 생산을 단일값으로 해석하지 않고 원자료로 확인할 필요가 있다.
연간보정 개정본을 사용한 구간이다. 이후 재개정 시 값이 달라질 수 있음을 확인할 필요가 있다.","가동률과 전력사용의 방향이 달라 업종 구성·설비 특성·자료범위(산단 vs 시 전체) 차이를 추가 확인할 필요가 있다.
경남 제조업 업황 심리지수가 기준선(100)을 밑돌아, 업종 고유 요인인지 지역 전반의 경기 흐름인지 구분해 확인할 필요가 있다.
같은 업종의 전국 업황 심리지수도 기준선을 밑돌아, 관측된 변화가 산단 고유 현상인지 전국 업종 흐름인지 확인할 필요가 있다.","가동률과 전력사용의 방향이 달라 업종 구성·설비 특성·자료범위(산단 vs 시 전체) 차이를 추가 확인할 필요가 있다.
경남 제조업 업황 심리지수가 기준선(100)을 밑돌아, 업종 고유 요인인지 지역 전반의 경기 흐름인지 구분해 확인할 필요가 있다.
같은 업종의 전국 업황 심리지수도 기준선을 밑돌아, 관측된 변화가 산단 고유 현상인지 전국 업종 흐름인지 확인할 필요가 있다.
이 업종은 생산자물가지수 대응 후보가 복수이거나 없어, PPI 조정 생산을 단일값으로 해석하지 않고 원자료로 확인할 필요가 있다.
연간보정 개정본을 사용한 구간이다. 이후 재개정 시 값이 달라질 수 있음을 확인할 필요가 있다.",산업동향,검토 대상 기능의 제안이며 특정 사업·예산의 선정이 아니다. 지원 여부는 담당자의 현장 확인 뒤에 기존 체계에서 결정한다.
섬유의복,2024Q1,추가확인,고용감소 28.3%(상위경계 10% 통과) · 산단평균 대비 28.5%p 열위(상위경계 통과) [상위경계 통과했으나 고용 38인 < 300인으로 우선점검 제외],S2,1.0,-28.301886792452837,20.126671358198458,-15.0,38.0,8.535,0.0333356726787844,28.301886792452837,28.53842645461441,0.013158818162678,0.0,False,True,False,False,"자동화·설비투자, 외주·도급 전환, 미충원·숙련 불일치, 직무구조 변화 가능성을 질문으로 확인한다(원인 후보이며 입증된 원인이 아님).",고용·훈련 기능 + 기업지원 기능,7.0,8.0,7.0,0.0,0.0,0.0,96.62860250135944,-3.3713974986405604,-3.3713974986405617,monthly_simple_mean_approx,,38.0,7.0,True,소규모 집계 트랙,"7개 → 7개 (+0개, +0.0%)","소규모 집계 트랙은 업종을 배제하는 장치가 아니라, 분모가 작아 비율 변동이 커지는 집계군을 별도 방식으로 읽기 위한 표시다.",1,1,1,1,1,20.126671358198458,A,대분류 직접 대응,1,섬유및의복,18.321366543174666,18.321366543174666,True,18.321366543174666,False,True,True,,,1.4120931730932762,0.2365396621615723,방향 일치,-1.175553510931704,,,,비교자료 없음,,,False,KICOX 산단 고용과 고용보험 피보험자는 모집단이 다르다(산단 입주 사업체 vs 창원시 전역 사업장). 수준·점유율 비교 금지.,3.0,3.0,-28.301886792452834,-28.301886792452834,3,3.0,1.0,-12.5,0.0,3,3.0,2.0,-9.135399673735723,0.0,3,3.0,0.0,11.623246492985984,30.215827338129486,3,,,,,,no_data,0,False,,no_mapped_chapter,해당 업종에 귀속 근거가 있는 HS 류가 없다,,,,창원시 전역 통관 · 연도창을 모두 확보한 HS6 합계(업종 수출 총액 아님),202401,115712.0,-0.2379556505845426,2954.0,8.563028298419706,2384.0,-14.978601997146935,570.0,466.0,True,True,False,False,창원시 전역 제조업 총계 · 반기 · 표본조사. 업종별 값이 아니며 입직-이직을 KICOX 고용 증감과 같다고 보지 않는다.,1485037583,-3.648799882711695,6009,1.8129447644866126,True,True,True,False,창원시 전역 제조업 총계 전력사용량 · 월→분기 합계. 업종별 값이 아니며 가동률과 개념·모집단이 다르다.,76.67,95.0,87.0,94.0,81.0,54.66,A,2.0,True,True,True,경상남도 제조업 총계(업종 공통 배경),전국 업종별 심리지수. 창원국가산단 개별 업종의 신호가 아니라 같은 업종의 전국 분위기다.,,False,True,False,,True,PPI 조정 생산,2,가동 위축 신호 · 생산유지·고용감소 신호,가동 위축 신호,"대표 확인신호는 표시순서에 따른 요약이며, 유일한 원인이 아니다. 확인신호 프로필 전체를 함께 읽어야 한다.",False,False,False,True,False,False,False,False,True,False,,True,False,False,3,분기 내 3개월 모두 같은 방향 · 소규모 분모 — 비율 변동 과대 가능 · 연간보정 개정본 사용 구간,가중치 근거가 없어 신뢰도 점수를 만들지 않는다. 플래그를 그대로 읽는다.,"가동률 하락이 일시적 생산조정인지 수주·수요 감소에 따른 것인지 확인할 필요가 있다.
생산이 유지되는데 고용이 감소하고 있어 자동화·생산성 변화·미충원·외주화·인력구조 조정 여부를 확인할 필요가 있다.","업체수·고용 규모가 작아 비율 변동이 크게 나타난다. 절대 증감 개수로 다시 확인할 필요가 있다.
연간보정 개정본을 사용한 구간이다. 이후 재개정 시 값이 달라질 수 있음을 확인할 필요가 있다.","가동률 하락과 창원시 제조업 전력사용 감소가 함께 나타나 실제 생산활동 위축 여부를 추가 확인할 필요가 있다. 다만 전력은 시 전체 제조업 총계이므로 이 업종의 값이 아니다.
경남 제조업 업황 심리지수가 기준선(100)을 밑돌아, 업종 고유 요인인지 지역 전반의 경기 흐름인지 구분해 확인할 필요가 있다.
같은 업종의 전국 업황 심리지수도 기준선을 밑돌아, 관측된 변화가 산단 고유 현상인지 전국 업종 흐름인지 확인할 필요가 있다.","가동률 하락이 일시적 생산조정인지 수주·수요 감소에 따른 것인지 확인할 필요가 있다.
생산이 유지되는데 고용이 감소하고 있어 자동화·생산성 변화·미충원·외주화·인력구조 조정 여부를 확인할 필요가 있다.
가동률 하락과 창원시 제조업 전력사용 감소가 함께 나타나 실제 생산활동 위축 여부를 추가 확인할 필요가 있다. 다만 전력은 시 전체 제조업 총계이므로 이 업종의 값이 아니다.
경남 제조업 업황 심리지수가 기준선(100)을 밑돌아, 업종 고유 요인인지 지역 전반의 경기 흐름인지 구분해 확인할 필요가 있다.
같은 업종의 전국 업황 심리지수도 기준선을 밑돌아, 관측된 변화가 산단 고유 현상인지 전국 업종 흐름인지 확인할 필요가 있다.
업체수·고용 규모가 작아 비율 변동이 크게 나타난다. 절대 증감 개수로 다시 확인할 필요가 있다.
연간보정 개정본을 사용한 구간이다. 이후 재개정 시 값이 달라질 수 있음을 확인할 필요가 있다.",산업동향 · 기업지원 / 고용지원 · 직업훈련 / 산업동향,검토 대상 기능의 제안이며 특정 사업·예산의 선정이 아니다. 지원 여부는 담당자의 현장 확인 뒤에 기존 체계에서 결정한다.
운송장비,2024Q1,관찰,고용 축 진입신호 없음,S1,1.0,0.0532040671553657,1.4690769019191308,9.0,16925.0,36734.521823363626,14.84753316022177,0.0,0.1833355950062065,0.0,0.0,True,False,False,False,미충원·숙련수요·증가의 지속가능성을 확인한다.,고용·훈련 기능,240.0,244.0,242.0,-2.0,-0.8264462809917328,-0.40816326530612734,91.55905142520356,-0.9985938001285444,-0.923525277148812,monthly_simple_mean_approx,,16925.0,240.0,False,메인 트랙,"242개 → 240개 (-2개, -0.8%)",,1,1,1,1,1,1.4690769019191308,A,대분류 직접 대응,1,운송장비,-0.6002996164440111,-0.6002996164440111,True,-0.6002996164440111,False,False,True,,,1.4120931730932762,0.2365396621615723,방향 일치,-1.175553510931704,자동차·부품,19021.0,,비교자료 없음,,C,False,KICOX 산단 고용과 고용보험 피보험자는 모집단이 다르다(산단 입주 사업체 vs 창원시 전역 사업장). 수준·점유율 비교 금지.,3.0,2.0,-0.18391077361177288,0.05320406715536574,3,3.0,3.0,-1.6393442622950838,-0.4149377593360981,3,3.0,3.0,-1.5058674047302767,-0.3600712976589704,3,3.0,1.0,-3.17618067928791,7.582180330715205,3,1423335.0,61.496331730474665,14.276715005656682,59.0,A,mapped_chapters_only,0,True,False,usable,,123.0,81.0,0.0,창원시 전역 통관 · 연도창을 모두 확보한 HS6 합계(업종 수출 총액 아님),202401,115712.0,-0.2379556505845426,2954.0,8.563028298419706,2384.0,-14.978601997146935,570.0,466.0,True,True,False,False,창원시 전역 제조업 총계 · 반기 · 표본조사. 업종별 값이 아니며 입직-이직을 KICOX 고용 증감과 같다고 보지 않는다.,1485037583,-3.648799882711695,6009,1.8129447644866126,True,True,True,False,창원시 전역 제조업 총계 전력사용량 · 월→분기 합계. 업종별 값이 아니며 가동률과 개념·모집단이 다르다.,76.67,95.0,87.0,94.0,81.0,85.5,A,2.0,True,True,True,경상남도 제조업 총계(업종 공통 배경),전국 업종별 심리지수. 창원국가산단 개별 업종의 신호가 아니라 같은 업종의 전국 분위기다.,False,False,False,False,,False,PPI 조정 생산,0,해석 보류,해석 보류,,False,False,False,False,True,False,True,False,False,False,,True,True,False,4,분기 내 2개월에서 같은 방향 · 명목·PPI 조정 생산 방향 불일치 · 연간보정 개정본 사용 구간 · 외부자료 업종 대응 불확실,가중치 근거가 없어 신뢰도 점수를 만들지 않는다. 플래그를 그대로 읽는다.,,"명목생산과 PPI 조정 생산의 방향이 달라, 이 분기의 생산 변화가 가격 때문인지 물량 때문인지 확인할 필요가 있다.
연간보정 개정본을 사용한 구간이다. 이후 재개정 시 값이 달라질 수 있음을 확인할 필요가 있다.
외부 자료의 업종 구분이 산단 10업종과 정확히 대응하지 않는다. 비교 결과를 참고로만 읽고 대응 범위를 확인할 필요가 있다.","가동률 하락과 창원시 제조업 전력사용 감소가 함께 나타나 실제 생산활동 위축 여부를 추가 확인할 필요가 있다. 다만 전력은 시 전체 제조업 총계이므로 이 업종의 값이 아니다.
경남 제조업 업황 심리지수가 기준선(100)을 밑돌아, 업종 고유 요인인지 지역 전반의 경기 흐름인지 구분해 확인할 필요가 있다.
같은 업종의 전국 업황 심리지수도 기준선을 밑돌아, 관측된 변화가 산단 고유 현상인지 전국 업종 흐름인지 확인할 필요가 있다.","가동률 하락과 창원시 제조업 전력사용 감소가 함께 나타나 실제 생산활동 위축 여부를 추가 확인할 필요가 있다. 다만 전력은 시 전체 제조업 총계이므로 이 업종의 값이 아니다.
경남 제조업 업황 심리지수가 기준선(100)을 밑돌아, 업종 고유 요인인지 지역 전반의 경기 흐름인지 구분해 확인할 필요가 있다.
같은 업종의 전국 업황 심리지수도 기준선을 밑돌아, 관측된 변화가 산단 고유 현상인지 전국 업종 흐름인지 확인할 필요가 있다.
명목생산과 PPI 조정 생산의 방향이 달라, 이 분기의 생산 변화가 가격 때문인지 물량 때문인지 확인할 필요가 있다.
연간보정 개정본을 사용한 구간이다. 이후 재개정 시 값이 달라질 수 있음을 확인할 필요가 있다.
외부 자료의 업종 구분이 산단 10업종과 정확히 대응하지 않는다. 비교 결과를 참고로만 읽고 대응 범위를 확인할 필요가 있다.",산업동향 · 기업지원 / 산업동향,검토 대상 기능의 제안이며 특정 사업·예산의 선정이 아니다. 지원 여부는 담당자의 현장 확인 뒤에 기존 체계에서 결정한다.
음식료,2024Q1,관찰,고용 축 진입신호 없음,S3,1.0,2.211874272409786,-1.2868471284541272,19.0,878.0,1541.09,0.770229489788757,0.0,0.0,0.0,1.2868471284541272,True,False,False,False,선제채용·신규 입주기업·고용조정 시차·생산 단가와 물량 구분 가능성을 확인한다.,기업지원 기능(모니터링),5.0,8.0,5.0,0.0,0.0,0.0,88.57493818682833,-0.6020561801623248,-0.536500926412856,monthly_simple_mean_approx,,878.0,5.0,False,메인 트랙,"5개 → 5개 (+0개, +0.0%)",,1,1,1,1,1,-1.2868471284541272,A,대분류 직접 대응,1,음식료품,-2.5885649026886504,-2.5885649026886504,True,-2.5885649026886504,False,True,True,,,1.4120931730932762,0.2365396621615723,방향 일치,-1.175553510931704,,,,비교자료 없음,,,False,KICOX 산단 고용과 고용보험 피보험자는 모집단이 다르다(산단 입주 사업체 vs 창원시 전역 사업장). 수준·점유율 비교 금지.,3.0,1.0,-1.7241379310344862,5.446118192352256,3,3.0,0.0,0.0,0.0,3,3.0,1.0,-4.18538798040532,2.4380791002589497,3,3.0,2.0,-5.312279766099692,4.69709938183549,3,,,,,,no_data,0,False,,no_mapped_chapter,해당 업종에 귀속 근거가 있는 HS 류가 없다,,,,창원시 전역 통관 · 연도창을 모두 확보한 HS6 합계(업종 수출 총액 아님),202401,115712.0,-0.2379556505845426,2954.0,8.563028298419706,2384.0,-14.978601997146935,570.0,466.0,True,True,False,False,창원시 전역 제조업 총계 · 반기 · 표본조사. 업종별 값이 아니며 입직-이직을 KICOX 고용 증감과 같다고 보지 않는다.,1485037583,-3.648799882711695,6009,1.8129447644866126,True,True,True,False,창원시 전역 제조업 총계 전력사용량 · 월→분기 합계. 업종별 값이 아니며 가동률과 개념·모집단이 다르다.,76.67,95.0,87.0,94.0,81.0,82.0,A,2.0,True,True,True,경상남도 제조업 총계(업종 공통 배경),전국 업종별 심리지수. 창원국가산단 개별 업종의 신호가 아니라 같은 업종의 전국 분위기다.,,False,False,False,,False,PPI 조정 생산,0,해석 보류,해석 보류,,False,False,False,False,False,False,False,False,True,False,,True,False,False,2,소규모 분모 — 비율 변동 과대 가능 · 연간보정 개정본 사용 구간,가중치 근거가 없어 신뢰도 점수를 만들지 않는다. 플래그를 그대로 읽는다.,,"업체수·고용 규모가 작아 비율 변동이 크게 나타난다. 절대 증감 개수로 다시 확인할 필요가 있다.
연간보정 개정본을 사용한 구간이다. 이후 재개정 시 값이 달라질 수 있음을 확인할 필요가 있다.","가동률 하락과 창원시 제조업 전력사용 감소가 함께 나타나 실제 생산활동 위축 여부를 추가 확인할 필요가 있다. 다만 전력은 시 전체 제조업 총계이므로 이 업종의 값이 아니다.
경남 제조업 업황 심리지수가 기준선(100)을 밑돌아, 업종 고유 요인인지 지역 전반의 경기 흐름인지 구분해 확인할 필요가 있다.
같은 업종의 전국 업황 심리지수도 기준선을 밑돌아, 관측된 변화가 산단 고유 현상인지 전국 업종 흐름인지 확인할 필요가 있다.","가동률 하락과 창원시 제조업 전력사용 감소가 함께 나타나 실제 생산활동 위축 여부를 추가 확인할 필요가 있다. 다만 전력은 시 전체 제조업 총계이므로 이 업종의 값이 아니다.
경남 제조업 업황 심리지수가 기준선(100)을 밑돌아, 업종 고유 요인인지 지역 전반의 경기 흐름인지 구분해 확인할 필요가 있다.
같은 업종의 전국 업황 심리지수도 기준선을 밑돌아, 관측된 변화가 산단 고유 현상인지 전국 업종 흐름인지 확인할 필요가 있다.
업체수·고용 규모가 작아 비율 변동이 크게 나타난다. 절대 증감 개수로 다시 확인할 필요가 있다.
연간보정 개정본을 사용한 구간이다. 이후 재개정 시 값이 달라질 수 있음을 확인할 필요가 있다.",산업동향 · 기업지원 / 산업동향,검토 대상 기능의 제안이며 특정 사업·예산의 선정이 아니다. 지원 여부는 담당자의 현장 확인 뒤에 기존 체계에서 결정한다.
전기전자,2024Q1,관찰,고용 축 진입신호 없음,S1,1.0,1.4195474108010586,9.120228384459782,409.0,29221.0,35508.87570375001,25.634255035441083,0.0,0.0,0.0,0.0,True,False,False,False,미충원·숙련수요·증가의 지속가능성을 확인한다.,고용·훈련 기능,556.0,593.0,544.0,12.0,2.2058823529411686,2.772963604852685,74.82780376119773,-0.7978963799707861,-0.6018504806199445,monthly_simple_mean_approx,,29221.0,556.0,False,메인 트랙,"544개 → 556개 (+12개, +2.2%)",,1,1,1,1,1,9.120228384459782,C,복수 후보만 존재 — 가중치 근거 없음. 밴드로만 해석,2,전기장비|컴퓨터전자및광학기기,4.896890748520999,8.439314074735439,True,,True,,,False,False,1.4120931730932762,0.2365396621615723,방향 일치,-1.175553510931704,전기장비,18338.0,,비교자료 없음,,C,False,KICOX 산단 고용과 고용보험 피보험자는 모집단이 다르다(산단 입주 사업체 vs 창원시 전역 사업장). 수준·점유율 비교 금지.,3.0,0.0,1.1093281239098474,1.605424014613921,3,3.0,0.0,1.831501831501825,2.5735294117646967,3,3.0,1.0,-8.139012189556505,3.366230394904157,3,3.0,0.0,0.21839908170240285,14.752135298238379,3,524257.0,2.799118400257261,-3.318281634018294,237.0,B,mapped_chapters_only,0,True,False,usable,,296.0,272.0,0.0,창원시 전역 통관 · 연도창을 모두 확보한 HS6 합계(업종 수출 총액 아님),202401,115712.0,-0.2379556505845426,2954.0,8.563028298419706,2384.0,-14.978601997146935,570.0,466.0,True,True,False,False,창원시 전역 제조업 총계 · 반기 · 표본조사. 업종별 값이 아니며 입직-이직을 KICOX 고용 증감과 같다고 보지 않는다.,1485037583,-3.648799882711695,6009,1.8129447644866126,True,True,True,False,창원시 전역 제조업 총계 전력사용량 · 월→분기 합계. 업종별 값이 아니며 가동률과 개념·모집단이 다르다.,76.67,95.0,87.0,94.0,81.0,75.84,A,2.0,True,True,True,경상남도 제조업 총계(업종 공통 배경),전국 업종별 심리지수. 창원국가산단 개별 업종의 신호가 아니라 같은 업종의 전국 분위기다.,False,False,False,,후보 모두 위축 아님,False,명목 생산만(가격효과 미조정),0,해석 보류,해석 보류,,True,False,False,False,False,False,False,True,False,False,,True,True,False,3,PPI 매핑 불확실(C·D 등급) · 연간보정 개정본 사용 구간 · 외부자료 업종 대응 불확실,가중치 근거가 없어 신뢰도 점수를 만들지 않는다. 플래그를 그대로 읽는다.,,"이 업종은 생산자물가지수 대응 후보가 복수이거나 없어, PPI 조정 생산을 단일값으로 해석하지 않고 원자료로 확인할 필요가 있다.
연간보정 개정본을 사용한 구간이다. 이후 재개정 시 값이 달라질 수 있음을 확인할 필요가 있다.
외부 자료의 업종 구분이 산단 10업종과 정확히 대응하지 않는다. 비교 결과를 참고로만 읽고 대응 범위를 확인할 필요가 있다.","가동률 하락과 창원시 제조업 전력사용 감소가 함께 나타나 실제 생산활동 위축 여부를 추가 확인할 필요가 있다. 다만 전력은 시 전체 제조업 총계이므로 이 업종의 값이 아니다.
경남 제조업 업황 심리지수가 기준선(100)을 밑돌아, 업종 고유 요인인지 지역 전반의 경기 흐름인지 구분해 확인할 필요가 있다.
같은 업종의 전국 업황 심리지수도 기준선을 밑돌아, 관측된 변화가 산단 고유 현상인지 전국 업종 흐름인지 확인할 필요가 있다.","가동률 하락과 창원시 제조업 전력사용 감소가 함께 나타나 실제 생산활동 위축 여부를 추가 확인할 필요가 있다. 다만 전력은 시 전체 제조업 총계이므로 이 업종의 값이 아니다.
경남 제조업 업황 심리지수가 기준선(100)을 밑돌아, 업종 고유 요인인지 지역 전반의 경기 흐름인지 구분해 확인할 필요가 있다.
같은 업종의 전국 업황 심리지수도 기준선을 밑돌아, 관측된 변화가 산단 고유 현상인지 전국 업종 흐름인지 확인할 필요가 있다.
이 업종은 생산자물가지수 대응 후보가 복수이거나 없어, PPI 조정 생산을 단일값으로 해석하지 않고 원자료로 확인할 필요가 있다.
연간보정 개정본을 사용한 구간이다. 이후 재개정 시 값이 달라질 수 있음을 확인할 필요가 있다.
외부 자료의 업종 구분이 산단 10업종과 정확히 대응하지 않는다. 비교 결과를 참고로만 읽고 대응 범위를 확인할 필요가 있다.",산업동향 · 기업지원 / 산업동향,검토 대상 기능의 제안이며 특정 사업·예산의 선정이 아니다. 지원 여부는 담당자의 현장 확인 뒤에 기존 체계에서 결정한다.
철강,2024Q1,관찰,고용 축 진입신호 없음 (생산 8.8% 단독 감소 — 확인질문에 반영),S3,1.0,2.1722435545803664,-8.790854410582504,198.0,9313.0,14707.2125,8.169871569934733,0.0,0.0,0.0,8.790854410582504,True,False,False,False,선제채용·신규 입주기업·고용조정 시차·생산 단가와 물량 구분 가능성을 확인한다.,기업지원 기능(모니터링),73.0,78.0,75.0,-2.0,-2.6666666666666616,-2.500000000000002,67.80483980236379,-24.8869209243483,-22.46551076344477,monthly_simple_mean_approx,,9313.0,73.0,False,메인 트랙,"75개 → 73개 (-2개, -2.7%)",,1,1,1,1,1,-8.790854410582504,B,상위 범주가 넓어 범위 과대·과소 가능,1,철강1차제품,-1.978030525540031,-1.978030525540031,True,-1.978030525540031,False,True,False,,,1.4120931730932762,0.2365396621615723,방향 일치,-1.175553510931704,,,,비교자료 없음,,,False,KICOX 산단 고용과 고용보험 피보험자는 모집단이 다르다(산단 입주 사업체 vs 창원시 전역 사업장). 수준·점유율 비교 금지.,3.0,0.0,0.5694885554703655,2.1722435545803664,3,3.0,3.0,-2.6666666666666616,-2.6666666666666616,3,3.0,3.0,-29.233886991525416,-18.551187913439936,3,3.0,2.0,-14.07145577035973,1.1876202867795227,3,229276.0,-5.030237759920475,-31.955430282744647,192.0,A,mapped_chapters_only,0,True,True,usable,,291.0,237.0,0.0,창원시 전역 통관 · 연도창을 모두 확보한 HS6 합계(업종 수출 총액 아님),202401,115712.0,-0.2379556505845426,2954.0,8.563028298419706,2384.0,-14.978601997146935,570.0,466.0,True,True,False,False,창원시 전역 제조업 총계 · 반기 · 표본조사. 업종별 값이 아니며 입직-이직을 KICOX 고용 증감과 같다고 보지 않는다.,1485037583,-3.648799882711695,6009,1.8129447644866126,True,True,True,False,창원시 전역 제조업 총계 전력사용량 · 월→분기 합계. 업종별 값이 아니며 가동률과 개념·모집단이 다르다.,76.67,95.0,87.0,94.0,81.0,66.0,B,1.0,True,True,True,경상남도 제조업 총계(업종 공통 배경),전국 업종별 심리지수. 창원국가산단 개별 업종의 신호가 아니라 같은 업종의 전국 분위기다.,False,False,True,False,,False,PPI 조정 생산,1,가동 위축 신호,가동 위축 신호,,False,False,False,False,False,False,False,False,False,False,,True,False,False,1,연간보정 개정본 사용 구간,가중치 근거가 없어 신뢰도 점수를 만들지 않는다. 플래그를 그대로 읽는다.,가동률 하락이 일시적 생산조정인지 수주·수요 감소에 따른 것인지 확인할 필요가 있다.,연간보정 개정본을 사용한 구간이다. 이후 재개정 시 값이 달라질 수 있음을 확인할 필요가 있다.,"확인된 품목 기준 수출이 함께 감소하고 있어, 외부수요 약화 가능성을 보려면 수출 감소가 특정 품목·기업에 집중되는지 추가 확인할 필요가 있다.
가동률 하락과 창원시 제조업 전력사용 감소가 함께 나타나 실제 생산활동 위축 여부를 추가 확인할 필요가 있다. 다만 전력은 시 전체 제조업 총계이므로 이 업종의 값이 아니다.
경남 제조업 업황 심리지수가 기준선(100)을 밑돌아, 업종 고유 요인인지 지역 전반의 경기 흐름인지 구분해 확인할 필요가 있다.
같은 업종의 전국 업황 심리지수도 기준선을 밑돌아, 관측된 변화가 산단 고유 현상인지 전국 업종 흐름인지 확인할 필요가 있다.","가동률 하락이 일시적 생산조정인지 수주·수요 감소에 따른 것인지 확인할 필요가 있다.
확인된 품목 기준 수출이 함께 감소하고 있어, 외부수요 약화 가능성을 보려면 수출 감소가 특정 품목·기업에 집중되는지 추가 확인할 필요가 있다.
가동률 하락과 창원시 제조업 전력사용 감소가 함께 나타나 실제 생산활동 위축 여부를 추가 확인할 필요가 있다. 다만 전력은 시 전체 제조업 총계이므로 이 업종의 값이 아니다.
경남 제조업 업황 심리지수가 기준선(100)을 밑돌아, 업종 고유 요인인지 지역 전반의 경기 흐름인지 구분해 확인할 필요가 있다.
같은 업종의 전국 업황 심리지수도 기준선을 밑돌아, 관측된 변화가 산단 고유 현상인지 전국 업종 흐름인지 확인할 필요가 있다.
연간보정 개정본을 사용한 구간이다. 이후 재개정 시 값이 달라질 수 있음을 확인할 필요가 있다.",산업동향 · 기업지원 / 산업동향,검토 대상 기능의 제안이며 특정 사업·예산의 선정이 아니다. 지원 여부는 담당자의 현장 확인 뒤에 기존 체계에서 결정한다.
기계,2024Q2,관찰,고용 축 진입신호 없음,S1,1.0,2.7249012972363262,17.514539895264726,1546.0,58282.0,54973.24675475004,50.11393047231705,0.0,0.0,0.0,0.0,True,False,False,False,미충원·숙련수요·증가의 지속가능성을 확인한다.,고용·훈련 기능,1466.0,1546.0,1460.0,6.0,0.4109589041095818,1.0457516339869244,79.53408182108247,1.8952759600480151,1.4793525201216653,official_quarterly,가동률 공표 정의가 2024Q2 를 기점으로 바뀌어 당기와 전년동기의 산출방식이 다르다,58282.0,1466.0,False,메인 트랙,"1,460개 → 1,466개 (+6개, +0.4%)",,1,1,1,1,1,17.514539895264726,A,대분류 직접 대응,1,기계및장비,15.753863440328363,15.753863440328363,True,15.753863440328363,False,True,True,,,1.8046993656749777,2.592625264643611,방향 일치,0.7879258989686333,기계·장비,29172.0,,비교자료 없음,,B,False,KICOX 산단 고용과 고용보험 피보험자는 모집단이 다르다(산단 입주 사업체 vs 창원시 전역 사업장). 수준·점유율 비교 금지.,,,,,,,,,,,,,,,,,,,,,2422891.0,-8.745084893863842,1.0447039387756485,336.0,B,mapped_chapters_only,0,True,True,usable,,538.0,439.0,0.0,창원시 전역 통관 · 연도창을 모두 확보한 HS6 합계(업종 수출 총액 아님),202401,115712.0,-0.2379556505845426,2954.0,8.563028298419706,2384.0,-14.978601997146935,570.0,466.0,True,True,False,False,창원시 전역 제조업 총계 · 반기 · 표본조사. 업종별 값이 아니며 입직-이직을 KICOX 고용 증감과 같다고 보지 않는다.,1458830657,-3.3540991074088033,6035,2.427019687712151,True,True,False,True,창원시 전역 제조업 총계 전력사용량 · 월→분기 합계. 업종별 값이 아니며 가동률과 개념·모집단이 다르다.,79.67,92.33,87.33,93.0,84.33,69.17,C,2.0,True,True,True,경상남도 제조업 총계(업종 공통 배경),전국 업종별 심리지수. 창원국가산단 개별 업종의 신호가 아니라 같은 업종의 전국 분위기다.,False,False,False,False,,False,PPI 조정 생산,0,해석 보류,해석 보류,,False,False,False,False,False,True,False,False,False,False,,True,False,True,3,연간보정 개정본 사용 구간 · 가동률 공표 정의 단절 구간 · 월별 원자료 미제공 구간,가중치 근거가 없어 신뢰도 점수를 만들지 않는다. 플래그를 그대로 읽는다.,,"가동률 공표 정의가 바뀐 구간이어서 당기와 전년동기의 산출방식이 다르다. 가동률 증감 해석 전에 정의 차이를 확인할 필요가 있다.
이 분기는 월별 원자료가 공표되지 않아 분기 내 지속 여부를 확인할 수 없다. 분기말 단일시점 값에만 의존한 판단임을 감안할 필요가 있다.
연간보정 개정본을 사용한 구간이다. 이후 재개정 시 값이 달라질 수 있음을 확인할 필요가 있다.","확인된 품목 기준 수출이 함께 감소하고 있어, 외부수요 약화 가능성을 보려면 수출 감소가 특정 품목·기업에 집중되는지 추가 확인할 필요가 있다.
가동률과 전력사용의 방향이 달라 업종 구성·설비 특성·자료범위(산단 vs 시 전체) 차이를 추가 확인할 필요가 있다.
경남 제조업 업황 심리지수가 기준선(100)을 밑돌아, 업종 고유 요인인지 지역 전반의 경기 흐름인지 구분해 확인할 필요가 있다.
같은 업종의 전국 업황 심리지수도 기준선을 밑돌아, 관측된 변화가 산단 고유 현상인지 전국 업종 흐름인지 확인할 필요가 있다.","확인된 품목 기준 수출이 함께 감소하고 있어, 외부수요 약화 가능성을 보려면 수출 감소가 특정 품목·기업에 집중되는지 추가 확인할 필요가 있다.
가동률과 전력사용의 방향이 달라 업종 구성·설비 특성·자료범위(산단 vs 시 전체) 차이를 추가 확인할 필요가 있다.
경남 제조업 업황 심리지수가 기준선(100)을 밑돌아, 업종 고유 요인인지 지역 전반의 경기 흐름인지 구분해 확인할 필요가 있다.
같은 업종의 전국 업황 심리지수도 기준선을 밑돌아, 관측된 변화가 산단 고유 현상인지 전국 업종 흐름인지 확인할 필요가 있다.
가동률 공표 정의가 바뀐 구간이어서 당기와 전년동기의 산출방식이 다르다. 가동률 증감 해석 전에 정의 차이를 확인할 필요가 있다.
이 분기는 월별 원자료가 공표되지 않아 분기 내 지속 여부를 확인할 수 없다. 분기말 단일시점 값에만 의존한 판단임을 감안할 필요가 있다.
연간보정 개정본을 사용한 구간이다. 이후 재개정 시 값이 달라질 수 있음을 확인할 필요가 있다.",산업동향 · 기업지원 / 산업동향,검토 대상 기능의 제안이며 특정 사업·예산의 선정이 아니다. 지원 여부는 담당자의 현장 확인 뒤에 기존 체계에서 결정한다.
기타,2024Q2,관찰,고용 축 진입신호 없음,S1,2.0,9.493670886075956,1.7495425168448708,15.0,173.0,80.16083333333333,0.1487545034781038,0.0,0.0,0.0,0.0,False,False,False,False,미충원·숙련수요·증가의 지속가능성을 확인한다.,고용·훈련 기능,22.0,26.0,23.0,-1.0,-4.347826086956519,4.0000000000000036,70.91630235249883,7.619361472130448,5.020815348644405,official_quarterly,가동률 공표 정의가 2024Q2 를 기점으로 바뀌어 당기와 전년동기의 산출방식이 다르다,173.0,22.0,True,소규모 집계 트랙,"23개 → 22개 (-1개, -4.3%)","소규모 집계 트랙은 업종을 배제하는 장치가 아니라, 분모가 작아 비율 변동이 커지는 집계군을 별도 방식으로 읽기 위한 표시다.",1,1,1,1,1,1.7495425168448708,D,대응 항목 없음 — 조정 생산 산출 불가,0,,,,True,,False,,,,,1.8046993656749777,2.592625264643611,방향 일치,0.7879258989686333,,,,비교자료 없음,,,False,KICOX 산단 고용과 고용보험 피보험자는 모집단이 다르다(산단 입주 사업체 vs 창원시 전역 사업장). 수준·점유율 비교 금지.,,,,,,,,,,,,,,,,,,,,,,,,,,no_data,0,False,,no_mapped_chapter,해당 업종에 귀속 근거가 있는 HS 류가 없다,,,,창원시 전역 통관 · 연도창을 모두 확보한 HS6 합계(업종 수출 총액 아님),202401,115712.0,-0.2379556505845426,2954.0,8.563028298419706,2384.0,-14.978601997146935,570.0,466.0,True,True,False,False,창원시 전역 제조업 총계 · 반기 · 표본조사. 업종별 값이 아니며 입직-이직을 KICOX 고용 증감과 같다고 보지 않는다.,1458830657,-3.3540991074088033,6035,2.427019687712151,True,True,False,True,창원시 전역 제조업 총계 전력사용량 · 월→분기 합계. 업종별 값이 아니며 가동률과 개념·모집단이 다르다.,79.67,92.33,87.33,93.0,84.33,,,,True,,True,경상남도 제조업 총계(업종 공통 배경),전국 업종별 심리지수. 창원국가산단 개별 업종의 신호가 아니라 같은 업종의 전국 분위기다.,,True,False,,,False,명목 생산만(가격효과 미조정),1,업체수 감소 신호,업체수 감소 신호,,True,False,False,False,False,True,False,True,True,False,,True,False,True,5,PPI 매핑 불확실(C·D 등급) · 소규모 분모 — 비율 변동 과대 가능 · 연간보정 개정본 사용 구간 · 가동률 공표 정의 단절 구간 · 월별 원자료 미제공 구간,가중치 근거가 없어 신뢰도 점수를 만들지 않는다. 플래그를 그대로 읽는다.,"가동업체 감소가 실제 퇴거·폐업·통합·휴업에 따른 것인지, 아니면 조사대상 변동이나 집계기준 변경에 따른 것인지 확인할 필요가 있다.","이 업종은 생산자물가지수 대응 후보가 복수이거나 없어, PPI 조정 생산을 단일값으로 해석하지 않고 원자료로 확인할 필요가 있다.
업체수·고용 규모가 작아 비율 변동이 크게 나타난다. 절대 증감 개수로 다시 확인할 필요가 있다.
가동률 공표 정의가 바뀐 구간이어서 당기와 전년동기의 산출방식이 다르다. 가동률 증감 해석 전에 정의 차이를 확인할 필요가 있다.
이 분기는 월별 원자료가 공표되지 않아 분기 내 지속 여부를 확인할 수 없다. 분기말 단일시점 값에만 의존한 판단임을 감안할 필요가 있다.
연간보정 개정본을 사용한 구간이다. 이후 재개정 시 값이 달라질 수 있음을 확인할 필요가 있다.","가동률과 전력사용의 방향이 달라 업종 구성·설비 특성·자료범위(산단 vs 시 전체) 차이를 추가 확인할 필요가 있다.
경남 제조업 업황 심리지수가 기준선(100)을 밑돌아, 업종 고유 요인인지 지역 전반의 경기 흐름인지 구분해 확인할 필요가 있다.","가동업체 감소가 실제 퇴거·폐업·통합·휴업에 따른 것인지, 아니면 조사대상 변동이나 집계기준 변경에 따른 것인지 확인할 필요가 있다.
가동률과 전력사용의 방향이 달라 업종 구성·설비 특성·자료범위(산단 vs 시 전체) 차이를 추가 확인할 필요가 있다.
경남 제조업 업황 심리지수가 기준선(100)을 밑돌아, 업종 고유 요인인지 지역 전반의 경기 흐름인지 구분해 확인할 필요가 있다.
이 업종은 생산자물가지수 대응 후보가 복수이거나 없어, PPI 조정 생산을 단일값으로 해석하지 않고 원자료로 확인할 필요가 있다.
업체수·고용 규모가 작아 비율 변동이 크게 나타난다. 절대 증감 개수로 다시 확인할 필요가 있다.
가동률 공표 정의가 바뀐 구간이어서 당기와 전년동기의 산출방식이 다르다. 가동률 증감 해석 전에 정의 차이를 확인할 필요가 있다.
이 분기는 월별 원자료가 공표되지 않아 분기 내 지속 여부를 확인할 수 없다. 분기말 단일시점 값에만 의존한 판단임을 감안할 필요가 있다.
연간보정 개정본을 사용한 구간이다. 이후 재개정 시 값이 달라질 수 있음을 확인할 필요가 있다.",산업동향 · 기업지원 / 산업동향,검토 대상 기능의 제안이며 특정 사업·예산의 선정이 아니다. 지원 여부는 담당자의 현장 확인 뒤에 기존 체계에서 결정한다.
목재종이,2024Q2,추가확인,고용감소 8.1%(진입경계 5% 통과) · 산단평균 대비 10.7%p 열위(상위경계 통과) [상위경계 통과했으나 고용 237인 < 300인으로 우선점검 제외],S2,2.0,-8.139534883720934,25.96370999143369,-21.0,237.0,80.875,0.2037850712387897,8.139534883720934,10.732160148364546,0.018056905046475,0.0,False,True,False,False,"자동화·설비투자, 외주·도급 전환, 미충원·숙련 불일치, 직무구조 변화 가능성을 질문으로 확인한다(원인 후보이며 입증된 원인이 아님).",고용·훈련 기능 + 기업지원 기능,43.0,48.0,39.0,4.0,10.256410256410264,9.090909090909083,76.22525918944392,6.048146983834246,4.347285497868214,official_quarterly,가동률 공표 정의가 2024Q2 를 기점으로 바뀌어 당기와 전년동기의 산출방식이 다르다,237.0,43.0,True,소규모 집계 트랙,"39개 → 43개 (+4개, +10.3%)","소규모 집계 트랙은 업종을 배제하는 장치가 아니라, 분모가 작아 비율 변동이 커지는 집계군을 별도 방식으로 읽기 위한 표시다.",1,1,1,1,1,25.96370999143369,A,대분류 직접 대응,1,목재및종이제품,27.234985988032268,27.234985988032268,True,27.234985988032268,False,True,True,,,1.8046993656749777,2.592625264643611,방향 일치,0.7879258989686333,,,,비교자료 없음,,,False,KICOX 산단 고용과 고용보험 피보험자는 모집단이 다르다(산단 입주 사업체 vs 창원시 전역 사업장). 수준·점유율 비교 금지.,,,,,,,,,,,,,,,,,,,,,,,,,,no_data,0,False,,no_mapped_chapter,해당 업종에 귀속 근거가 있는 HS 류가 없다,,,,창원시 전역 통관 · 연도창을 모두 확보한 HS6 합계(업종 수출 총액 아님),202401,115712.0,-0.2379556505845426,2954.0,8.563028298419706,2384.0,-14.978601997146935,570.0,466.0,True,True,False,False,창원시 전역 제조업 총계 · 반기 · 표본조사. 업종별 값이 아니며 입직-이직을 KICOX 고용 증감과 같다고 보지 않는다.,1458830657,-3.3540991074088033,6035,2.427019687712151,True,True,False,True,창원시 전역 제조업 총계 전력사용량 · 월→분기 합계. 업종별 값이 아니며 가동률과 개념·모집단이 다르다.,79.67,92.33,87.33,93.0,84.33,56.66,A,2.0,True,True,True,경상남도 제조업 총계(업종 공통 배경),전국 업종별 심리지수. 창원국가산단 개별 업종의 신호가 아니라 같은 업종의 전국 분위기다.,,False,False,False,,True,PPI 조정 생산,1,생산유지·고용감소 신호,생산유지·고용감소 신호,,False,False,False,False,False,True,False,False,True,False,,True,False,True,4,소규모 분모 — 비율 변동 과대 가능 · 연간보정 개정본 사용 구간 · 가동률 공표 정의 단절 구간 · 월별 원자료 미제공 구간,가중치 근거가 없어 신뢰도 점수를 만들지 않는다. 플래그를 그대로 읽는다.,생산이 유지되는데 고용이 감소하고 있어 자동화·생산성 변화·미충원·외주화·인력구조 조정 여부를 확인할 필요가 있다.,"업체수·고용 규모가 작아 비율 변동이 크게 나타난다. 절대 증감 개수로 다시 확인할 필요가 있다.
가동률 공표 정의가 바뀐 구간이어서 당기와 전년동기의 산출방식이 다르다. 가동률 증감 해석 전에 정의 차이를 확인할 필요가 있다.
이 분기는 월별 원자료가 공표되지 않아 분기 내 지속 여부를 확인할 수 없다. 분기말 단일시점 값에만 의존한 판단임을 감안할 필요가 있다.
연간보정 개정본을 사용한 구간이다. 이후 재개정 시 값이 달라질 수 있음을 확인할 필요가 있다.","가동률과 전력사용의 방향이 달라 업종 구성·설비 특성·자료범위(산단 vs 시 전체) 차이를 추가 확인할 필요가 있다.
경남 제조업 업황 심리지수가 기준선(100)을 밑돌아, 업종 고유 요인인지 지역 전반의 경기 흐름인지 구분해 확인할 필요가 있다.
같은 업종의 전국 업황 심리지수도 기준선을 밑돌아, 관측된 변화가 산단 고유 현상인지 전국 업종 흐름인지 확인할 필요가 있다.","생산이 유지되는데 고용이 감소하고 있어 자동화·생산성 변화·미충원·외주화·인력구조 조정 여부를 확인할 필요가 있다.
가동률과 전력사용의 방향이 달라 업종 구성·설비 특성·자료범위(산단 vs 시 전체) 차이를 추가 확인할 필요가 있다.
경남 제조업 업황 심리지수가 기준선(100)을 밑돌아, 업종 고유 요인인지 지역 전반의 경기 흐름인지 구분해 확인할 필요가 있다.
같은 업종의 전국 업황 심리지수도 기준선을 밑돌아, 관측된 변화가 산단 고유 현상인지 전국 업종 흐름인지 확인할 필요가 있다.
업체수·고용 규모가 작아 비율 변동이 크게 나타난다. 절대 증감 개수로 다시 확인할 필요가 있다.
가동률 공표 정의가 바뀐 구간이어서 당기와 전년동기의 산출방식이 다르다. 가동률 증감 해석 전에 정의 차이를 확인할 필요가 있다.
이 분기는 월별 원자료가 공표되지 않아 분기 내 지속 여부를 확인할 수 없다. 분기말 단일시점 값에만 의존한 판단임을 감안할 필요가 있다.
연간보정 개정본을 사용한 구간이다. 이후 재개정 시 값이 달라질 수 있음을 확인할 필요가 있다.",고용지원 · 직업훈련 / 산업동향,검토 대상 기능의 제안이며 특정 사업·예산의 선정이 아니다. 지원 여부는 담당자의 현장 확인 뒤에 기존 체계에서 결정한다.
비금속,2024Q2,추가확인,고용감소 7.2%(진입경계 5% 통과) · 산단평균 대비 9.8%p 열위(진입경계 통과),S2,1.0,-7.171314741035861,5.419369990899203,-18.0,233.0,179.545,0.2003456607537468,7.171314741035861,9.763940005679473,0.0154773471826928,0.0,False,False,False,False,"자동화·설비투자, 외주·도급 전환, 미충원·숙련 불일치, 직무구조 변화 가능성을 질문으로 확인한다(원인 후보이며 입증된 원인이 아님).",고용·훈련 기능 + 기업지원 기능,5.0,6.0,5.0,0.0,0.0,19.999999999999996,59.31156368201114,5.477291950055196,3.079968629214463,official_quarterly,가동률 공표 정의가 2024Q2 를 기점으로 바뀌어 당기와 전년동기의 산출방식이 다르다,233.0,5.0,True,소규모 집계 트랙,"5개 → 5개 (+0개, +0.0%)","소규모 집계 트랙은 업종을 배제하는 장치가 아니라, 분모가 작아 비율 변동이 커지는 집계군을 별도 방식으로 읽기 위한 표시다.",1,1,1,1,1,5.419369990899203,A,대분류 직접 대응,1,비금속광물제품,3.9777189180997485,3.9777189180997485,True,3.9777189180997485,False,True,True,,,1.8046993656749777,2.592625264643611,방향 일치,0.7879258989686333,,,,비교자료 없음,,,False,KICOX 산단 고용과 고용보험 피보험자는 모집단이 다르다(산단 입주 사업체 vs 창원시 전역 사업장). 수준·점유율 비교 금지.,,,,,,,,,,,,,,,,,,,,,,,,,,no_data,0,False,,no_mapped_chapter,해당 업종에 귀속 근거가 있는 HS 류가 없다,,,,창원시 전역 통관 · 연도창을 모두 확보한 HS6 합계(업종 수출 총액 아님),202401,115712.0,-0.2379556505845426,2954.0,8.563028298419706,2384.0,-14.978601997146935,570.0,466.0,True,True,False,False,창원시 전역 제조업 총계 · 반기 · 표본조사. 업종별 값이 아니며 입직-이직을 KICOX 고용 증감과 같다고 보지 않는다.,1458830657,-3.3540991074088033,6035,2.427019687712151,True,True,False,True,창원시 전역 제조업 총계 전력사용량 · 월→분기 합계. 업종별 값이 아니며 가동률과 개념·모집단이 다르다.,79.67,92.33,87.33,93.0,84.33,62.0,A,1.0,True,True,True,경상남도 제조업 총계(업종 공통 배경),전국 업종별 심리지수. 창원국가산단 개별 업종의 신호가 아니라 같은 업종의 전국 분위기다.,,False,False,False,,True,PPI 조정 생산,1,생산유지·고용감소 신호,생산유지·고용감소 신호,,False,False,False,False,False,True,False,False,True,False,,True,False,True,4,소규모 분모 — 비율 변동 과대 가능 · 연간보정 개정본 사용 구간 · 가동률 공표 정의 단절 구간 · 월별 원자료 미제공 구간,가중치 근거가 없어 신뢰도 점수를 만들지 않는다. 플래그를 그대로 읽는다.,생산이 유지되는데 고용이 감소하고 있어 자동화·생산성 변화·미충원·외주화·인력구조 조정 여부를 확인할 필요가 있다.,"업체수·고용 규모가 작아 비율 변동이 크게 나타난다. 절대 증감 개수로 다시 확인할 필요가 있다.
가동률 공표 정의가 바뀐 구간이어서 당기와 전년동기의 산출방식이 다르다. 가동률 증감 해석 전에 정의 차이를 확인할 필요가 있다.
이 분기는 월별 원자료가 공표되지 않아 분기 내 지속 여부를 확인할 수 없다. 분기말 단일시점 값에만 의존한 판단임을 감안할 필요가 있다.
연간보정 개정본을 사용한 구간이다. 이후 재개정 시 값이 달라질 수 있음을 확인할 필요가 있다.","가동률과 전력사용의 방향이 달라 업종 구성·설비 특성·자료범위(산단 vs 시 전체) 차이를 추가 확인할 필요가 있다.
경남 제조업 업황 심리지수가 기준선(100)을 밑돌아, 업종 고유 요인인지 지역 전반의 경기 흐름인지 구분해 확인할 필요가 있다.
같은 업종의 전국 업황 심리지수도 기준선을 밑돌아, 관측된 변화가 산단 고유 현상인지 전국 업종 흐름인지 확인할 필요가 있다.","생산이 유지되는데 고용이 감소하고 있어 자동화·생산성 변화·미충원·외주화·인력구조 조정 여부를 확인할 필요가 있다.
가동률과 전력사용의 방향이 달라 업종 구성·설비 특성·자료범위(산단 vs 시 전체) 차이를 추가 확인할 필요가 있다.
경남 제조업 업황 심리지수가 기준선(100)을 밑돌아, 업종 고유 요인인지 지역 전반의 경기 흐름인지 구분해 확인할 필요가 있다.
같은 업종의 전국 업황 심리지수도 기준선을 밑돌아, 관측된 변화가 산단 고유 현상인지 전국 업종 흐름인지 확인할 필요가 있다.
업체수·고용 규모가 작아 비율 변동이 크게 나타난다. 절대 증감 개수로 다시 확인할 필요가 있다.
가동률 공표 정의가 바뀐 구간이어서 당기와 전년동기의 산출방식이 다르다. 가동률 증감 해석 전에 정의 차이를 확인할 필요가 있다.
이 분기는 월별 원자료가 공표되지 않아 분기 내 지속 여부를 확인할 수 없다. 분기말 단일시점 값에만 의존한 판단임을 감안할 필요가 있다.
연간보정 개정본을 사용한 구간이다. 이후 재개정 시 값이 달라질 수 있음을 확인할 필요가 있다.",고용지원 · 직업훈련 / 산업동향,검토 대상 기능의 제안이며 특정 사업·예산의 선정이 아니다. 지원 여부는 담당자의 현장 확인 뒤에 기존 체계에서 결정한다.
석유화학,2024Q2,관찰,고용 축 진입신호 없음 (생산 9.0% 단독 감소 — 확인질문에 반영),S3,2.0,0.4799999999999915,-9.047036826957443,3.0,628.0,901.9691666666664,0.5399874461517296,0.0,2.1126252646436194,0.0,9.047036826957443,True,False,False,False,선제채용·신규 입주기업·고용조정 시차·생산 단가와 물량 구분 가능성을 확인한다.,기업지원 기능(모니터링),41.0,43.0,40.0,1.0,2.499999999999991,2.3809523809523725,81.1704269767407,9.577804161463298,7.09481686765713,official_quarterly,가동률 공표 정의가 2024Q2 를 기점으로 바뀌어 당기와 전년동기의 산출방식이 다르다,628.0,41.0,False,메인 트랙,"40개 → 41개 (+1개, +2.5%)",,1,1,1,1,1,-9.047036826957443,C,복수 후보만 존재 — 가중치 근거 없음. 밴드로만 해석,2,석탄및석유제품|화학제품,-15.982697883428266,-10.261481656478077,True,,True,,,False,False,1.8046993656749777,2.592625264643611,방향 일치,0.7879258989686333,,,,비교자료 없음,,,False,KICOX 산단 고용과 고용보험 피보험자는 모집단이 다르다(산단 입주 사업체 vs 창원시 전역 사업장). 수준·점유율 비교 금지.,,,,,,,,,,,,,,,,,,,,,,,,,,no_data,0,False,,no_mapped_chapter,해당 업종에 귀속 근거가 있는 HS 류가 없다,,,,창원시 전역 통관 · 연도창을 모두 확보한 HS6 합계(업종 수출 총액 아님),202401,115712.0,-0.2379556505845426,2954.0,8.563028298419706,2384.0,-14.978601997146935,570.0,466.0,True,True,False,False,창원시 전역 제조업 총계 · 반기 · 표본조사. 업종별 값이 아니며 입직-이직을 KICOX 고용 증감과 같다고 보지 않는다.,1458830657,-3.3540991074088033,6035,2.427019687712151,True,True,False,True,창원시 전역 제조업 총계 전력사용량 · 월→분기 합계. 업종별 값이 아니며 가동률과 개념·모집단이 다르다.,79.67,92.33,87.33,93.0,84.33,76.78,B,3.0,True,True,True,경상남도 제조업 총계(업종 공통 배경),전국 업종별 심리지수. 창원국가산단 개별 업종의 신호가 아니라 같은 업종의 전국 분위기다.,,False,False,,후보 모두 위축,False,명목 생산만(가격효과 미조정),0,해석 보류,해석 보류,,True,False,False,False,False,True,False,True,False,False,,True,False,True,4,PPI 매핑 불확실(C·D 등급) · 연간보정 개정본 사용 구간 · 가동률 공표 정의 단절 구간 · 월별 원자료 미제공 구간,가중치 근거가 없어 신뢰도 점수를 만들지 않는다. 플래그를 그대로 읽는다.,,"이 업종은 생산자물가지수 대응 후보가 복수이거나 없어, PPI 조정 생산을 단일값으로 해석하지 않고 원자료로 확인할 필요가 있다.
가동률 공표 정의가 바뀐 구간이어서 당기와 전년동기의 산출방식이 다르다. 가동률 증감 해석 전에 정의 차이를 확인할 필요가 있다.
이 분기는 월별 원자료가 공표되지 않아 분기 내 지속 여부를 확인할 수 없다. 분기말 단일시점 값에만 의존한 판단임을 감안할 필요가 있다.
연간보정 개정본을 사용한 구간이다. 이후 재개정 시 값이 달라질 수 있음을 확인할 필요가 있다.","가동률과 전력사용의 방향이 달라 업종 구성·설비 특성·자료범위(산단 vs 시 전체) 차이를 추가 확인할 필요가 있다.
경남 제조업 업황 심리지수가 기준선(100)을 밑돌아, 업종 고유 요인인지 지역 전반의 경기 흐름인지 구분해 확인할 필요가 있다.
같은 업종의 전국 업황 심리지수도 기준선을 밑돌아, 관측된 변화가 산단 고유 현상인지 전국 업종 흐름인지 확인할 필요가 있다.","가동률과 전력사용의 방향이 달라 업종 구성·설비 특성·자료범위(산단 vs 시 전체) 차이를 추가 확인할 필요가 있다.
경남 제조업 업황 심리지수가 기준선(100)을 밑돌아, 업종 고유 요인인지 지역 전반의 경기 흐름인지 구분해 확인할 필요가 있다.
같은 업종의 전국 업황 심리지수도 기준선을 밑돌아, 관측된 변화가 산단 고유 현상인지 전국 업종 흐름인지 확인할 필요가 있다.
이 업종은 생산자물가지수 대응 후보가 복수이거나 없어, PPI 조정 생산을 단일값으로 해석하지 않고 원자료로 확인할 필요가 있다.
가동률 공표 정의가 바뀐 구간이어서 당기와 전년동기의 산출방식이 다르다. 가동률 증감 해석 전에 정의 차이를 확인할 필요가 있다.
이 분기는 월별 원자료가 공표되지 않아 분기 내 지속 여부를 확인할 수 없다. 분기말 단일시점 값에만 의존한 판단임을 감안할 필요가 있다.
연간보정 개정본을 사용한 구간이다. 이후 재개정 시 값이 달라질 수 있음을 확인할 필요가 있다.",산업동향,검토 대상 기능의 제안이며 특정 사업·예산의 선정이 아니다. 지원 여부는 담당자의 현장 확인 뒤에 기존 체계에서 결정한다.
섬유의복,2024Q2,추가확인,고용감소 13.6%(상위경계 10% 통과) · 산단평균 대비 16.2%p 열위(상위경계 통과) [상위경계 통과했으나 고용 38인 < 300인으로 우선점검 제외],S4,1.0,-13.636363636363637,-6.908077994428963,-6.0,38.0,8.355,0.0326743996079072,13.636363636363637,16.228988901007245,0.0051591157275642,6.908077994428963,False,True,False,False,수주잔량·가동률·휴업/감산·기업 수 변동·고용조정 계획 신고 여부를 확인한다(원인 후보이며 입증된 원인이 아님).,기업지원 기능 + 고용지원 기능,7.0,9.0,7.0,0.0,0.0,12.5,90.86460032626428,-9.135399673735723,-9.13539967373572,official_quarterly,가동률 공표 정의가 2024Q2 를 기점으로 바뀌어 당기와 전년동기의 산출방식이 다르다,38.0,7.0,True,소규모 집계 트랙,"7개 → 7개 (+0개, +0.0%)","소규모 집계 트랙은 업종을 배제하는 장치가 아니라, 분모가 작아 비율 변동이 커지는 집계군을 별도 방식으로 읽기 위한 표시다.",1,1,1,1,1,-6.908077994428963,A,대분류 직접 대응,1,섬유및의복,-7.509322890049908,-7.509322890049908,True,-7.509322890049908,False,True,True,,,1.8046993656749777,2.592625264643611,방향 일치,0.7879258989686333,,,,비교자료 없음,,,False,KICOX 산단 고용과 고용보험 피보험자는 모집단이 다르다(산단 입주 사업체 vs 창원시 전역 사업장). 수준·점유율 비교 금지.,,,,,,,,,,,,,,,,,,,,,,,,,,no_data,0,False,,no_mapped_chapter,해당 업종에 귀속 근거가 있는 HS 류가 없다,,,,창원시 전역 통관 · 연도창을 모두 확보한 HS6 합계(업종 수출 총액 아님),202401,115712.0,-0.2379556505845426,2954.0,8.563028298419706,2384.0,-14.978601997146935,570.0,466.0,True,True,False,False,창원시 전역 제조업 총계 · 반기 · 표본조사. 업종별 값이 아니며 입직-이직을 KICOX 고용 증감과 같다고 보지 않는다.,1458830657,-3.3540991074088033,6035,2.427019687712151,True,True,True,False,창원시 전역 제조업 총계 전력사용량 · 월→분기 합계. 업종별 값이 아니며 가동률과 개념·모집단이 다르다.,79.67,92.33,87.33,93.0,84.33,61.84,A,2.0,True,True,True,경상남도 제조업 총계(업종 공통 배경),전국 업종별 심리지수. 창원국가산단 개별 업종의 신호가 아니라 같은 업종의 전국 분위기다.,,False,True,True,,False,PPI 조정 생산,2,가동 위축 신호 · 실질생산 위축 신호(PPI 조정),가동 위축 신호,"대표 확인신호는 표시순서에 따른 요약이며, 유일한 원인이 아니다. 확인신호 프로필 전체를 함께 읽어야 한다.",False,False,False,False,False,True,False,False,True,False,,True,False,True,4,소규모 분모 — 비율 변동 과대 가능 · 연간보정 개정본 사용 구간 · 가동률 공표 정의 단절 구간 · 월별 원자료 미제공 구간,가중치 근거가 없어 신뢰도 점수를 만들지 않는다. 플래그를 그대로 읽는다.,"가동률 하락이 일시적 생산조정인지 수주·수요 감소에 따른 것인지 확인할 필요가 있다.
명목생산 변화에 가격효과가 포함되어 있으므로 실제 물량이 줄었는지 추가로 확인할 필요가 있다.","업체수·고용 규모가 작아 비율 변동이 크게 나타난다. 절대 증감 개수로 다시 확인할 필요가 있다.
가동률 공표 정의가 바뀐 구간이어서 당기와 전년동기의 산출방식이 다르다. 가동률 증감 해석 전에 정의 차이를 확인할 필요가 있다.
이 분기는 월별 원자료가 공표되지 않아 분기 내 지속 여부를 확인할 수 없다. 분기말 단일시점 값에만 의존한 판단임을 감안할 필요가 있다.
연간보정 개정본을 사용한 구간이다. 이후 재개정 시 값이 달라질 수 있음을 확인할 필요가 있다.","가동률 하락과 창원시 제조업 전력사용 감소가 함께 나타나 실제 생산활동 위축 여부를 추가 확인할 필요가 있다. 다만 전력은 시 전체 제조업 총계이므로 이 업종의 값이 아니다.
경남 제조업 업황 심리지수가 기준선(100)을 밑돌아, 업종 고유 요인인지 지역 전반의 경기 흐름인지 구분해 확인할 필요가 있다.
같은 업종의 전국 업황 심리지수도 기준선을 밑돌아, 관측된 변화가 산단 고유 현상인지 전국 업종 흐름인지 확인할 필요가 있다.","가동률 하락이 일시적 생산조정인지 수주·수요 감소에 따른 것인지 확인할 필요가 있다.
명목생산 변화에 가격효과가 포함되어 있으므로 실제 물량이 줄었는지 추가로 확인할 필요가 있다.
가동률 하락과 창원시 제조업 전력사용 감소가 함께 나타나 실제 생산활동 위축 여부를 추가 확인할 필요가 있다. 다만 전력은 시 전체 제조업 총계이므로 이 업종의 값이 아니다.
경남 제조업 업황 심리지수가 기준선(100)을 밑돌아, 업종 고유 요인인지 지역 전반의 경기 흐름인지 구분해 확인할 필요가 있다.
같은 업종의 전국 업황 심리지수도 기준선을 밑돌아, 관측된 변화가 산단 고유 현상인지 전국 업종 흐름인지 확인할 필요가 있다.
업체수·고용 규모가 작아 비율 변동이 크게 나타난다. 절대 증감 개수로 다시 확인할 필요가 있다.
가동률 공표 정의가 바뀐 구간이어서 당기와 전년동기의 산출방식이 다르다. 가동률 증감 해석 전에 정의 차이를 확인할 필요가 있다.
이 분기는 월별 원자료가 공표되지 않아 분기 내 지속 여부를 확인할 수 없다. 분기말 단일시점 값에만 의존한 판단임을 감안할 필요가 있다.
연간보정 개정본을 사용한 구간이다. 이후 재개정 시 값이 달라질 수 있음을 확인할 필요가 있다.",산업동향 · 기업지원 / 산업동향,검토 대상 기능의 제안이며 특정 사업·예산의 선정이 아니다. 지원 여부는 담당자의 현장 확인 뒤에 기존 체계에서 결정한다.
운송장비,2024Q2,관찰,고용 축 진입신호 없음,S3,1.0,1.7683037606734064,-1.0242605255896708,292.0,16805.0,39643.61302627273,14.44982330028633,0.0,0.8243215039702045,0.0,1.0242605255896708,True,False,False,False,선제채용·신규 입주기업·고용조정 시차·생산 단가와 물량 구분 가능성을 확인한다.,기업지원 기능(모니터링),237.0,243.0,240.0,-3.0,-1.2499999999999956,-0.4098360655737654,91.283876842257,-1.3317636692618873,-1.2320940891290917,official_quarterly,가동률 공표 정의가 2024Q2 를 기점으로 바뀌어 당기와 전년동기의 산출방식이 다르다,16805.0,237.0,False,메인 트랙,"240개 → 237개 (-3개, -1.2%)",,1,1,1,1,1,-1.0242605255896708,A,대분류 직접 대응,1,운송장비,-3.3104019514962446,-3.3104019514962446,True,-3.3104019514962446,False,True,True,,,1.8046993656749777,2.592625264643611,방향 일치,0.7879258989686333,자동차·부품,19086.0,,비교자료 없음,,C,False,KICOX 산단 고용과 고용보험 피보험자는 모집단이 다르다(산단 입주 사업체 vs 창원시 전역 사업장). 수준·점유율 비교 금지.,,,,,,,,,,,,,,,,,,,,,1570329.0,36.53526958327211,41.41291590288676,68.0,A,mapped_chapters_only,0,True,False,usable,,123.0,81.0,0.0,창원시 전역 통관 · 연도창을 모두 확보한 HS6 합계(업종 수출 총액 아님),202401,115712.0,-0.2379556505845426,2954.0,8.563028298419706,2384.0,-14.978601997146935,570.0,466.0,True,True,False,False,창원시 전역 제조업 총계 · 반기 · 표본조사. 업종별 값이 아니며 입직-이직을 KICOX 고용 증감과 같다고 보지 않는다.,1458830657,-3.3540991074088033,6035,2.427019687712151,True,True,True,False,창원시 전역 제조업 총계 전력사용량 · 월→분기 합계. 업종별 값이 아니며 가동률과 개념·모집단이 다르다.,79.67,92.33,87.33,93.0,84.33,95.5,A,2.0,True,True,True,경상남도 제조업 총계(업종 공통 배경),전국 업종별 심리지수. 창원국가산단 개별 업종의 신호가 아니라 같은 업종의 전국 분위기다.,False,False,False,False,,False,PPI 조정 생산,0,해석 보류,해석 보류,,False,False,False,False,False,True,False,False,False,False,,True,True,True,4,연간보정 개정본 사용 구간 · 외부자료 업종 대응 불확실 · 가동률 공표 정의 단절 구간 · 월별 원자료 미제공 구간,가중치 근거가 없어 신뢰도 점수를 만들지 않는다. 플래그를 그대로 읽는다.,,"가동률 공표 정의가 바뀐 구간이어서 당기와 전년동기의 산출방식이 다르다. 가동률 증감 해석 전에 정의 차이를 확인할 필요가 있다.
이 분기는 월별 원자료가 공표되지 않아 분기 내 지속 여부를 확인할 수 없다. 분기말 단일시점 값에만 의존한 판단임을 감안할 필요가 있다.
연간보정 개정본을 사용한 구간이다. 이후 재개정 시 값이 달라질 수 있음을 확인할 필요가 있다.
외부 자료의 업종 구분이 산단 10업종과 정확히 대응하지 않는다. 비교 결과를 참고로만 읽고 대응 범위를 확인할 필요가 있다.","가동률 하락과 창원시 제조업 전력사용 감소가 함께 나타나 실제 생산활동 위축 여부를 추가 확인할 필요가 있다. 다만 전력은 시 전체 제조업 총계이므로 이 업종의 값이 아니다.
경남 제조업 업황 심리지수가 기준선(100)을 밑돌아, 업종 고유 요인인지 지역 전반의 경기 흐름인지 구분해 확인할 필요가 있다.
같은 업종의 전국 업황 심리지수도 기준선을 밑돌아, 관측된 변화가 산단 고유 현상인지 전국 업종 흐름인지 확인할 필요가 있다.","가동률 하락과 창원시 제조업 전력사용 감소가 함께 나타나 실제 생산활동 위축 여부를 추가 확인할 필요가 있다. 다만 전력은 시 전체 제조업 총계이므로 이 업종의 값이 아니다.
경남 제조업 업황 심리지수가 기준선(100)을 밑돌아, 업종 고유 요인인지 지역 전반의 경기 흐름인지 구분해 확인할 필요가 있다.
같은 업종의 전국 업황 심리지수도 기준선을 밑돌아, 관측된 변화가 산단 고유 현상인지 전국 업종 흐름인지 확인할 필요가 있다.
가동률 공표 정의가 바뀐 구간이어서 당기와 전년동기의 산출방식이 다르다. 가동률 증감 해석 전에 정의 차이를 확인할 필요가 있다.
이 분기는 월별 원자료가 공표되지 않아 분기 내 지속 여부를 확인할 수 없다. 분기말 단일시점 값에만 의존한 판단임을 감안할 필요가 있다.
연간보정 개정본을 사용한 구간이다. 이후 재개정 시 값이 달라질 수 있음을 확인할 필요가 있다.
외부 자료의 업종 구분이 산단 10업종과 정확히 대응하지 않는다. 비교 결과를 참고로만 읽고 대응 범위를 확인할 필요가 있다.",산업동향 · 기업지원 / 산업동향,검토 대상 기능의 제안이며 특정 사업·예산의 선정이 아니다. 지원 여부는 담당자의 현장 확인 뒤에 기존 체계에서 결정한다.
음식료,2024Q2,관찰,고용 축 진입신호 없음,S1,1.0,4.4004400440043945,5.6871913418093945,40.0,949.0,1609.32,0.8160001375764194,0.0,0.0,0.0,0.0,True,False,False,False,미충원·숙련수요·증가의 지속가능성을 확인한다.,고용·훈련 기능,4.0,7.0,5.0,-1.0,-19.999999999999996,-12.5,89.08423124081449,0.0339767817500336,0.030257674238455934,official_quarterly,가동률 공표 정의가 2024Q2 를 기점으로 바뀌어 당기와 전년동기의 산출방식이 다르다,949.0,4.0,False,메인 트랙,"5개 → 4개 (-1개, -20.0%)",,1,1,1,1,1,5.6871913418093945,A,대분류 직접 대응,1,음식료품,4.584923767013138,4.584923767013138,True,4.584923767013138,False,True,True,,,1.8046993656749777,2.592625264643611,방향 일치,0.7879258989686333,,,,비교자료 없음,,,False,KICOX 산단 고용과 고용보험 피보험자는 모집단이 다르다(산단 입주 사업체 vs 창원시 전역 사업장). 수준·점유율 비교 금지.,,,,,,,,,,,,,,,,,,,,,,,,,,no_data,0,False,,no_mapped_chapter,해당 업종에 귀속 근거가 있는 HS 류가 없다,,,,창원시 전역 통관 · 연도창을 모두 확보한 HS6 합계(업종 수출 총액 아님),202401,115712.0,-0.2379556505845426,2954.0,8.563028298419706,2384.0,-14.978601997146935,570.0,466.0,True,True,False,False,창원시 전역 제조업 총계 · 반기 · 표본조사. 업종별 값이 아니며 입직-이직을 KICOX 고용 증감과 같다고 보지 않는다.,1458830657,-3.3540991074088033,6035,2.427019687712151,True,True,False,True,창원시 전역 제조업 총계 전력사용량 · 월→분기 합계. 업종별 값이 아니며 가동률과 개념·모집단이 다르다.,79.67,92.33,87.33,93.0,84.33,76.66,A,2.0,True,True,True,경상남도 제조업 총계(업종 공통 배경),전국 업종별 심리지수. 창원국가산단 개별 업종의 신호가 아니라 같은 업종의 전국 분위기다.,,True,False,False,,False,PPI 조정 생산,1,업체수 감소 신호,업체수 감소 신호,,False,False,False,False,False,True,False,False,True,False,,True,False,True,4,소규모 분모 — 비율 변동 과대 가능 · 연간보정 개정본 사용 구간 · 가동률 공표 정의 단절 구간 · 월별 원자료 미제공 구간,가중치 근거가 없어 신뢰도 점수를 만들지 않는다. 플래그를 그대로 읽는다.,"가동업체 감소가 실제 퇴거·폐업·통합·휴업에 따른 것인지, 아니면 조사대상 변동이나 집계기준 변경에 따른 것인지 확인할 필요가 있다.","업체수·고용 규모가 작아 비율 변동이 크게 나타난다. 절대 증감 개수로 다시 확인할 필요가 있다.
가동률 공표 정의가 바뀐 구간이어서 당기와 전년동기의 산출방식이 다르다. 가동률 증감 해석 전에 정의 차이를 확인할 필요가 있다.
이 분기는 월별 원자료가 공표되지 않아 분기 내 지속 여부를 확인할 수 없다. 분기말 단일시점 값에만 의존한 판단임을 감안할 필요가 있다.
연간보정 개정본을 사용한 구간이다. 이후 재개정 시 값이 달라질 수 있음을 확인할 필요가 있다.","가동률과 전력사용의 방향이 달라 업종 구성·설비 특성·자료범위(산단 vs 시 전체) 차이를 추가 확인할 필요가 있다.
경남 제조업 업황 심리지수가 기준선(100)을 밑돌아, 업종 고유 요인인지 지역 전반의 경기 흐름인지 구분해 확인할 필요가 있다.
같은 업종의 전국 업황 심리지수도 기준선을 밑돌아, 관측된 변화가 산단 고유 현상인지 전국 업종 흐름인지 확인할 필요가 있다.","가동업체 감소가 실제 퇴거·폐업·통합·휴업에 따른 것인지, 아니면 조사대상 변동이나 집계기준 변경에 따른 것인지 확인할 필요가 있다.
가동률과 전력사용의 방향이 달라 업종 구성·설비 특성·자료범위(산단 vs 시 전체) 차이를 추가 확인할 필요가 있다.
경남 제조업 업황 심리지수가 기준선(100)을 밑돌아, 업종 고유 요인인지 지역 전반의 경기 흐름인지 구분해 확인할 필요가 있다.
같은 업종의 전국 업황 심리지수도 기준선을 밑돌아, 관측된 변화가 산단 고유 현상인지 전국 업종 흐름인지 확인할 필요가 있다.
업체수·고용 규모가 작아 비율 변동이 크게 나타난다. 절대 증감 개수로 다시 확인할 필요가 있다.
가동률 공표 정의가 바뀐 구간이어서 당기와 전년동기의 산출방식이 다르다. 가동률 증감 해석 전에 정의 차이를 확인할 필요가 있다.
이 분기는 월별 원자료가 공표되지 않아 분기 내 지속 여부를 확인할 수 없다. 분기말 단일시점 값에만 의존한 판단임을 감안할 필요가 있다.
연간보정 개정본을 사용한 구간이다. 이후 재개정 시 값이 달라질 수 있음을 확인할 필요가 있다.",산업동향 · 기업지원 / 산업동향,검토 대상 기능의 제안이며 특정 사업·예산의 선정이 아니다. 지원 여부는 담당자의 현장 확인 뒤에 기존 체계에서 결정한다.
전기전자,2024Q2,관찰,고용 축 진입신호 없음,S1,2.0,2.688847039129527,5.154444166314365,771.0,29445.0,34875.72381375001,25.31836043302178,0.0,0.0,0.0,0.0,True,False,False,False,미충원·숙련수요·증가의 지속가능성을 확인한다.,고용·훈련 기능,562.0,615.0,554.0,8.0,1.4440433212996373,4.7700170357751315,75.62382840608421,0.6488176305561311,0.48749776018355817,official_quarterly,가동률 공표 정의가 2024Q2 를 기점으로 바뀌어 당기와 전년동기의 산출방식이 다르다,29445.0,562.0,False,메인 트랙,"554개 → 562개 (+8개, +1.4%)",,1,1,1,1,1,5.154444166314365,C,복수 후보만 존재 — 가중치 근거 없음. 밴드로만 해석,2,전기장비|컴퓨터전자및광학기기,-1.0989021413967959,1.8018802146347657,True,,True,,,True,False,1.8046993656749777,2.592625264643611,방향 일치,0.7879258989686333,전기장비,18535.0,,비교자료 없음,,C,False,KICOX 산단 고용과 고용보험 피보험자는 모집단이 다르다(산단 입주 사업체 vs 창원시 전역 사업장). 수준·점유율 비교 금지.,,,,,,,,,,,,,,,,,,,,,502425.0,-6.313981718709794,12.33530934290723,254.0,B,mapped_chapters_only,0,True,True,usable,,296.0,272.0,0.0,창원시 전역 통관 · 연도창을 모두 확보한 HS6 합계(업종 수출 총액 아님),202401,115712.0,-0.2379556505845426,2954.0,8.563028298419706,2384.0,-14.978601997146935,570.0,466.0,True,True,False,False,창원시 전역 제조업 총계 · 반기 · 표본조사. 업종별 값이 아니며 입직-이직을 KICOX 고용 증감과 같다고 보지 않는다.,1458830657,-3.3540991074088033,6035,2.427019687712151,True,True,False,True,창원시 전역 제조업 총계 전력사용량 · 월→분기 합계. 업종별 값이 아니며 가동률과 개념·모집단이 다르다.,79.67,92.33,87.33,93.0,84.33,83.5,A,2.0,True,True,True,경상남도 제조업 총계(업종 공통 배경),전국 업종별 심리지수. 창원국가산단 개별 업종의 신호가 아니라 같은 업종의 전국 분위기다.,False,False,False,,후보 모두 위축 아님,False,명목 생산만(가격효과 미조정),0,해석 보류,해석 보류,,True,False,False,False,False,True,False,True,False,False,,True,True,True,5,PPI 매핑 불확실(C·D 등급) · 연간보정 개정본 사용 구간 · 외부자료 업종 대응 불확실 · 가동률 공표 정의 단절 구간 · 월별 원자료 미제공 구간,가중치 근거가 없어 신뢰도 점수를 만들지 않는다. 플래그를 그대로 읽는다.,,"이 업종은 생산자물가지수 대응 후보가 복수이거나 없어, PPI 조정 생산을 단일값으로 해석하지 않고 원자료로 확인할 필요가 있다.
가동률 공표 정의가 바뀐 구간이어서 당기와 전년동기의 산출방식이 다르다. 가동률 증감 해석 전에 정의 차이를 확인할 필요가 있다.
이 분기는 월별 원자료가 공표되지 않아 분기 내 지속 여부를 확인할 수 없다. 분기말 단일시점 값에만 의존한 판단임을 감안할 필요가 있다.
연간보정 개정본을 사용한 구간이다. 이후 재개정 시 값이 달라질 수 있음을 확인할 필요가 있다.
외부 자료의 업종 구분이 산단 10업종과 정확히 대응하지 않는다. 비교 결과를 참고로만 읽고 대응 범위를 확인할 필요가 있다.","확인된 품목 기준 수출이 함께 감소하고 있어, 외부수요 약화 가능성을 보려면 수출 감소가 특정 품목·기업에 집중되는지 추가 확인할 필요가 있다.
가동률과 전력사용의 방향이 달라 업종 구성·설비 특성·자료범위(산단 vs 시 전체) 차이를 추가 확인할 필요가 있다.
경남 제조업 업황 심리지수가 기준선(100)을 밑돌아, 업종 고유 요인인지 지역 전반의 경기 흐름인지 구분해 확인할 필요가 있다.
같은 업종의 전국 업황 심리지수도 기준선을 밑돌아, 관측된 변화가 산단 고유 현상인지 전국 업종 흐름인지 확인할 필요가 있다.","확인된 품목 기준 수출이 함께 감소하고 있어, 외부수요 약화 가능성을 보려면 수출 감소가 특정 품목·기업에 집중되는지 추가 확인할 필요가 있다.
가동률과 전력사용의 방향이 달라 업종 구성·설비 특성·자료범위(산단 vs 시 전체) 차이를 추가 확인할 필요가 있다.
경남 제조업 업황 심리지수가 기준선(100)을 밑돌아, 업종 고유 요인인지 지역 전반의 경기 흐름인지 구분해 확인할 필요가 있다.
같은 업종의 전국 업황 심리지수도 기준선을 밑돌아, 관측된 변화가 산단 고유 현상인지 전국 업종 흐름인지 확인할 필요가 있다.
이 업종은 생산자물가지수 대응 후보가 복수이거나 없어, PPI 조정 생산을 단일값으로 해석하지 않고 원자료로 확인할 필요가 있다.
가동률 공표 정의가 바뀐 구간이어서 당기와 전년동기의 산출방식이 다르다. 가동률 증감 해석 전에 정의 차이를 확인할 필요가 있다.
이 분기는 월별 원자료가 공표되지 않아 분기 내 지속 여부를 확인할 수 없다. 분기말 단일시점 값에만 의존한 판단임을 감안할 필요가 있다.
연간보정 개정본을 사용한 구간이다. 이후 재개정 시 값이 달라질 수 있음을 확인할 필요가 있다.
외부 자료의 업종 구분이 산단 10업종과 정확히 대응하지 않는다. 비교 결과를 참고로만 읽고 대응 범위를 확인할 필요가 있다.",산업동향 · 기업지원 / 산업동향,검토 대상 기능의 제안이며 특정 사업·예산의 선정이 아니다. 지원 여부는 담당자의 현장 확인 뒤에 기존 체계에서 결정한다.
철강,2024Q2,관찰,고용 축 진입신호 없음 (생산 12.4% 단독 감소 — 확인질문에 반영),S3,2.0,3.4486510008703286,-12.388044560212986,317.0,9509.0,15230.0545,8.176338575568147,0.0,0.0,0.0,12.388044560212986,True,False,False,False,선제채용·신규 입주기업·고용조정 시차·생산 단가와 물량 구분 가능성을 확인한다.,기업지원 기능(모니터링),74.0,79.0,75.0,-1.0,-1.3333333333333308,0.0,68.83932144017402,-22.36883492911861,-19.835531471436994,official_quarterly,가동률 공표 정의가 2024Q2 를 기점으로 바뀌어 당기와 전년동기의 산출방식이 다르다,9509.0,74.0,False,메인 트랙,"75개 → 74개 (-1개, -1.3%)",,1,1,1,1,1,-12.388044560212986,B,상위 범주가 넓어 범위 과대·과소 가능,1,철강1차제품,-5.557436069371391,-5.557436069371391,True,-5.557436069371391,False,True,True,,,1.8046993656749777,2.592625264643611,방향 일치,0.7879258989686333,,,,비교자료 없음,,,False,KICOX 산단 고용과 고용보험 피보험자는 모집단이 다르다(산단 입주 사업체 vs 창원시 전역 사업장). 수준·점유율 비교 금지.,,,,,,,,,,,,,,,,,,,,,242088.0,3.9901374146796176,-31.500065163560542,194.0,A,mapped_chapters_only,0,True,False,usable,,291.0,237.0,0.0,창원시 전역 통관 · 연도창을 모두 확보한 HS6 합계(업종 수출 총액 아님),202401,115712.0,-0.2379556505845426,2954.0,8.563028298419706,2384.0,-14.978601997146935,570.0,466.0,True,True,False,False,창원시 전역 제조업 총계 · 반기 · 표본조사. 업종별 값이 아니며 입직-이직을 KICOX 고용 증감과 같다고 보지 않는다.,1458830657,-3.3540991074088033,6035,2.427019687712151,True,True,True,False,창원시 전역 제조업 총계 전력사용량 · 월→분기 합계. 업종별 값이 아니며 가동률과 개념·모집단이 다르다.,79.67,92.33,87.33,93.0,84.33,66.33,B,1.0,True,True,True,경상남도 제조업 총계(업종 공통 배경),전국 업종별 심리지수. 창원국가산단 개별 업종의 신호가 아니라 같은 업종의 전국 분위기다.,False,False,True,True,,False,PPI 조정 생산,2,가동 위축 신호 · 실질생산 위축 신호(PPI 조정),가동 위축 신호,"대표 확인신호는 표시순서에 따른 요약이며, 유일한 원인이 아니다. 확인신호 프로필 전체를 함께 읽어야 한다.",False,False,False,False,False,True,False,False,False,False,,True,False,True,3,연간보정 개정본 사용 구간 · 가동률 공표 정의 단절 구간 · 월별 원자료 미제공 구간,가중치 근거가 없어 신뢰도 점수를 만들지 않는다. 플래그를 그대로 읽는다.,"가동률 하락이 일시적 생산조정인지 수주·수요 감소에 따른 것인지 확인할 필요가 있다.
명목생산 변화에 가격효과가 포함되어 있으므로 실제 물량이 줄었는지 추가로 확인할 필요가 있다.","가동률 공표 정의가 바뀐 구간이어서 당기와 전년동기의 산출방식이 다르다. 가동률 증감 해석 전에 정의 차이를 확인할 필요가 있다.
이 분기는 월별 원자료가 공표되지 않아 분기 내 지속 여부를 확인할 수 없다. 분기말 단일시점 값에만 의존한 판단임을 감안할 필요가 있다.
연간보정 개정본을 사용한 구간이다. 이후 재개정 시 값이 달라질 수 있음을 확인할 필요가 있다.","가동률 하락과 창원시 제조업 전력사용 감소가 함께 나타나 실제 생산활동 위축 여부를 추가 확인할 필요가 있다. 다만 전력은 시 전체 제조업 총계이므로 이 업종의 값이 아니다.
경남 제조업 업황 심리지수가 기준선(100)을 밑돌아, 업종 고유 요인인지 지역 전반의 경기 흐름인지 구분해 확인할 필요가 있다.
같은 업종의 전국 업황 심리지수도 기준선을 밑돌아, 관측된 변화가 산단 고유 현상인지 전국 업종 흐름인지 확인할 필요가 있다.","가동률 하락이 일시적 생산조정인지 수주·수요 감소에 따른 것인지 확인할 필요가 있다.
명목생산 변화에 가격효과가 포함되어 있으므로 실제 물량이 줄었는지 추가로 확인할 필요가 있다.
가동률 하락과 창원시 제조업 전력사용 감소가 함께 나타나 실제 생산활동 위축 여부를 추가 확인할 필요가 있다. 다만 전력은 시 전체 제조업 총계이므로 이 업종의 값이 아니다.
경남 제조업 업황 심리지수가 기준선(100)을 밑돌아, 업종 고유 요인인지 지역 전반의 경기 흐름인지 구분해 확인할 필요가 있다.
같은 업종의 전국 업황 심리지수도 기준선을 밑돌아, 관측된 변화가 산단 고유 현상인지 전국 업종 흐름인지 확인할 필요가 있다.
가동률 공표 정의가 바뀐 구간이어서 당기와 전년동기의 산출방식이 다르다. 가동률 증감 해석 전에 정의 차이를 확인할 필요가 있다.
이 분기는 월별 원자료가 공표되지 않아 분기 내 지속 여부를 확인할 수 없다. 분기말 단일시점 값에만 의존한 판단임을 감안할 필요가 있다.
연간보정 개정본을 사용한 구간이다. 이후 재개정 시 값이 달라질 수 있음을 확인할 필요가 있다.",산업동향 · 기업지원 / 산업동향,검토 대상 기능의 제안이며 특정 사업·예산의 선정이 아니다. 지원 여부는 담당자의 현장 확인 뒤에 기존 체계에서 결정한다.
기계,2024Q3,관찰,고용 축 진입신호 없음,S1,2.0,3.4515090400877524,21.87587197768224,1951.0,58477.0,54672.122736750025,50.22416517795795,0.0,0.0,0.0,0.0,True,False,False,False,미충원·숙련수요·증가의 지속가능성을 확인한다.,고용·훈련 기능,1463.0,1546.0,1456.0,7.0,0.48076923076922906,1.3770491803278606,77.87633742978133,2.4698475898404126,1.8770661695178887,official_quarterly,가동률 공표 정의가 2024Q2 를 기점으로 바뀌어 당기와 전년동기의 산출방식이 다르다,58477.0,1463.0,False,메인 트랙,"1,456개 → 1,463개 (+7개, +0.5%)",,1,1,1,1,1,21.87587197768224,A,대분류 직접 대응,1,기계및장비,19.845584705567077,19.845584705567077,True,19.845584705567077,False,True,True,,,1.221593940040533,2.5941068659241395,방향 일치,1.3725129258836066,기계·장비,29193.0,,비교자료 없음,,B,False,KICOX 산단 고용과 고용보험 피보험자는 모집단이 다르다(산단 입주 사업체 vs 창원시 전역 사업장). 수준·점유율 비교 금지.,,,,,,,,,,,,,,,,,,,,,2175261.0,-13.075302521592702,16.03202294951187,349.0,B,mapped_chapters_only,0,True,True,usable,,538.0,439.0,0.0,창원시 전역 통관 · 연도창을 모두 확보한 HS6 합계(업종 수출 총액 아님),202402,115300.0,-0.6728060578389261,1989.0,-9.590909090909093,1817.0,-14.894613583138172,172.0,610.0,True,True,True,False,창원시 전역 제조업 총계 · 반기 · 표본조사. 업종별 값이 아니며 입직-이직을 KICOX 고용 증감과 같다고 보지 않는다.,1488574261,-0.9291692821514319,6026,2.2916313019860857,True,False,False,True,창원시 전역 제조업 총계 전력사용량 · 월→분기 합계. 업종별 값이 아니며 가동률과 개념·모집단이 다르다.,68.67,83.67,78.0,83.33,82.67,70.0,C,2.0,True,True,True,경상남도 제조업 총계(업종 공통 배경),전국 업종별 심리지수. 창원국가산단 개별 업종의 신호가 아니라 같은 업종의 전국 분위기다.,False,False,False,False,,False,PPI 조정 생산,0,해석 보류,해석 보류,,False,False,False,False,False,True,False,False,False,False,,True,False,True,3,연간보정 개정본 사용 구간 · 가동률 공표 정의 단절 구간 · 월별 원자료 미제공 구간,가중치 근거가 없어 신뢰도 점수를 만들지 않는다. 플래그를 그대로 읽는다.,,"가동률 공표 정의가 바뀐 구간이어서 당기와 전년동기의 산출방식이 다르다. 가동률 증감 해석 전에 정의 차이를 확인할 필요가 있다.
이 분기는 월별 원자료가 공표되지 않아 분기 내 지속 여부를 확인할 수 없다. 분기말 단일시점 값에만 의존한 판단임을 감안할 필요가 있다.
연간보정 개정본을 사용한 구간이다. 이후 재개정 시 값이 달라질 수 있음을 확인할 필요가 있다.","확인된 품목 기준 수출이 함께 감소하고 있어, 외부수요 약화 가능성을 보려면 수출 감소가 특정 품목·기업에 집중되는지 추가 확인할 필요가 있다.
창원시 제조업 전체에서 입직자 감소가 함께 관측되므로, 고용 감소가 신규 채용 둔화와 함께 나타나는지 확인할 필요가 있다.
가동률과 전력사용의 방향이 달라 업종 구성·설비 특성·자료범위(산단 vs 시 전체) 차이를 추가 확인할 필요가 있다.
경남 제조업 업황 심리지수가 기준선(100)을 밑돌아, 업종 고유 요인인지 지역 전반의 경기 흐름인지 구분해 확인할 필요가 있다.
같은 업종의 전국 업황 심리지수도 기준선을 밑돌아, 관측된 변화가 산단 고유 현상인지 전국 업종 흐름인지 확인할 필요가 있다.","확인된 품목 기준 수출이 함께 감소하고 있어, 외부수요 약화 가능성을 보려면 수출 감소가 특정 품목·기업에 집중되는지 추가 확인할 필요가 있다.
창원시 제조업 전체에서 입직자 감소가 함께 관측되므로, 고용 감소가 신규 채용 둔화와 함께 나타나는지 확인할 필요가 있다.
가동률과 전력사용의 방향이 달라 업종 구성·설비 특성·자료범위(산단 vs 시 전체) 차이를 추가 확인할 필요가 있다.
경남 제조업 업황 심리지수가 기준선(100)을 밑돌아, 업종 고유 요인인지 지역 전반의 경기 흐름인지 구분해 확인할 필요가 있다.
같은 업종의 전국 업황 심리지수도 기준선을 밑돌아, 관측된 변화가 산단 고유 현상인지 전국 업종 흐름인지 확인할 필요가 있다.
가동률 공표 정의가 바뀐 구간이어서 당기와 전년동기의 산출방식이 다르다. 가동률 증감 해석 전에 정의 차이를 확인할 필요가 있다.
이 분기는 월별 원자료가 공표되지 않아 분기 내 지속 여부를 확인할 수 없다. 분기말 단일시점 값에만 의존한 판단임을 감안할 필요가 있다.
연간보정 개정본을 사용한 구간이다. 이후 재개정 시 값이 달라질 수 있음을 확인할 필요가 있다.",산업동향 · 기업지원 / 고용지원 · 직업훈련 / 산업동향,검토 대상 기능의 제안이며 특정 사업·예산의 선정이 아니다. 지원 여부는 담당자의 현장 확인 뒤에 기존 체계에서 결정한다.
기타,2024Q3,관찰,고용 축 진입신호 없음,S1,3.0,1.764705882352935,2.424789604359434,3.0,173.0,79.4125,0.1485845815583344,0.0,0.8294009835712046,0.0,0.0,False,False,False,False,미충원·숙련수요·증가의 지속가능성을 확인한다.,고용·훈련 기능,26.0,37.0,23.0,3.0,13.043478260869556,42.307692307692314,67.27734830032827,12.833222105084129,7.65187005450511,official_quarterly,가동률 공표 정의가 2024Q2 를 기점으로 바뀌어 당기와 전년동기의 산출방식이 다르다,173.0,26.0,True,소규모 집계 트랙,"23개 → 26개 (+3개, +13.0%)","소규모 집계 트랙은 업종을 배제하는 장치가 아니라, 분모가 작아 비율 변동이 커지는 집계군을 별도 방식으로 읽기 위한 표시다.",1,1,1,1,1,2.424789604359434,D,대응 항목 없음 — 조정 생산 산출 불가,0,,,,True,,False,,,,,1.221593940040533,2.5941068659241395,방향 일치,1.3725129258836066,,,,비교자료 없음,,,False,KICOX 산단 고용과 고용보험 피보험자는 모집단이 다르다(산단 입주 사업체 vs 창원시 전역 사업장). 수준·점유율 비교 금지.,,,,,,,,,,,,,,,,,,,,,,,,,,no_data,0,False,,no_mapped_chapter,해당 업종에 귀속 근거가 있는 HS 류가 없다,,,,창원시 전역 통관 · 연도창을 모두 확보한 HS6 합계(업종 수출 총액 아님),202402,115300.0,-0.6728060578389261,1989.0,-9.590909090909093,1817.0,-14.894613583138172,172.0,610.0,True,True,True,False,창원시 전역 제조업 총계 · 반기 · 표본조사. 업종별 값이 아니며 입직-이직을 KICOX 고용 증감과 같다고 보지 않는다.,1488574261,-0.9291692821514319,6026,2.2916313019860857,True,False,False,True,창원시 전역 제조업 총계 전력사용량 · 월→분기 합계. 업종별 값이 아니며 가동률과 개념·모집단이 다르다.,68.67,83.67,78.0,83.33,82.67,,,,True,,True,경상남도 제조업 총계(업종 공통 배경),전국 업종별 심리지수. 창원국가산단 개별 업종의 신호가 아니라 같은 업종의 전국 분위기다.,,False,False,,,False,명목 생산만(가격효과 미조정),0,해석 보류,해석 보류,,True,False,False,False,False,True,False,True,True,False,,True,False,True,5,PPI 매핑 불확실(C·D 등급) · 소규모 분모 — 비율 변동 과대 가능 · 연간보정 개정본 사용 구간 · 가동률 공표 정의 단절 구간 · 월별 원자료 미제공 구간,가중치 근거가 없어 신뢰도 점수를 만들지 않는다. 플래그를 그대로 읽는다.,,"이 업종은 생산자물가지수 대응 후보가 복수이거나 없어, PPI 조정 생산을 단일값으로 해석하지 않고 원자료로 확인할 필요가 있다.
업체수·고용 규모가 작아 비율 변동이 크게 나타난다. 절대 증감 개수로 다시 확인할 필요가 있다.
가동률 공표 정의가 바뀐 구간이어서 당기와 전년동기의 산출방식이 다르다. 가동률 증감 해석 전에 정의 차이를 확인할 필요가 있다.
이 분기는 월별 원자료가 공표되지 않아 분기 내 지속 여부를 확인할 수 없다. 분기말 단일시점 값에만 의존한 판단임을 감안할 필요가 있다.
연간보정 개정본을 사용한 구간이다. 이후 재개정 시 값이 달라질 수 있음을 확인할 필요가 있다.","창원시 제조업 전체에서 입직자 감소가 함께 관측되므로, 고용 감소가 신규 채용 둔화와 함께 나타나는지 확인할 필요가 있다.
가동률과 전력사용의 방향이 달라 업종 구성·설비 특성·자료범위(산단 vs 시 전체) 차이를 추가 확인할 필요가 있다.
경남 제조업 업황 심리지수가 기준선(100)을 밑돌아, 업종 고유 요인인지 지역 전반의 경기 흐름인지 구분해 확인할 필요가 있다.","창원시 제조업 전체에서 입직자 감소가 함께 관측되므로, 고용 감소가 신규 채용 둔화와 함께 나타나는지 확인할 필요가 있다.
가동률과 전력사용의 방향이 달라 업종 구성·설비 특성·자료범위(산단 vs 시 전체) 차이를 추가 확인할 필요가 있다.
경남 제조업 업황 심리지수가 기준선(100)을 밑돌아, 업종 고유 요인인지 지역 전반의 경기 흐름인지 구분해 확인할 필요가 있다.
이 업종은 생산자물가지수 대응 후보가 복수이거나 없어, PPI 조정 생산을 단일값으로 해석하지 않고 원자료로 확인할 필요가 있다.
업체수·고용 규모가 작아 비율 변동이 크게 나타난다. 절대 증감 개수로 다시 확인할 필요가 있다.
가동률 공표 정의가 바뀐 구간이어서 당기와 전년동기의 산출방식이 다르다. 가동률 증감 해석 전에 정의 차이를 확인할 필요가 있다.
이 분기는 월별 원자료가 공표되지 않아 분기 내 지속 여부를 확인할 수 없다. 분기말 단일시점 값에만 의존한 판단임을 감안할 필요가 있다.
연간보정 개정본을 사용한 구간이다. 이후 재개정 시 값이 달라질 수 있음을 확인할 필요가 있다.",고용지원 · 직업훈련 / 산업동향,검토 대상 기능의 제안이며 특정 사업·예산의 선정이 아니다. 지원 여부는 담당자의 현장 확인 뒤에 기존 체계에서 결정한다.
목재종이,2024Q3,추가확인,고용감소 16.3%(상위경계 10% 통과) · 산단평균 대비 18.9%p 열위(상위경계 통과) [상위경계 통과했으나 고용 211인 < 300인으로 우선점검 제외],S2,3.0,-16.26984126984127,4.576827715606768,-41.0,211.0,78.03,0.1812216572763501,16.26984126984127,18.86394813576541,0.0352136869589116,0.0,False,True,False,False,"자동화·설비투자, 외주·도급 전환, 미충원·숙련 불일치, 직무구조 변화 가능성을 질문으로 확인한다(원인 후보이며 입증된 원인이 아님).",고용·훈련 기능 + 기업지원 기능,44.0,50.0,43.0,1.0,2.3255813953488413,4.166666666666674,75.05771450557907,-1.9867948855204376,-1.521471347910321,official_quarterly,가동률 공표 정의가 2024Q2 를 기점으로 바뀌어 당기와 전년동기의 산출방식이 다르다,211.0,44.0,True,소규모 집계 트랙,"43개 → 44개 (+1개, +2.3%)","소규모 집계 트랙은 업종을 배제하는 장치가 아니라, 분모가 작아 비율 변동이 커지는 집계군을 별도 방식으로 읽기 위한 표시다.",1,1,1,1,1,4.576827715606768,A,대분류 직접 대응,1,목재및종이제품,3.3874870134998236,3.3874870134998236,True,3.3874870134998236,False,True,True,,,1.221593940040533,2.5941068659241395,방향 일치,1.3725129258836066,,,,비교자료 없음,,,False,KICOX 산단 고용과 고용보험 피보험자는 모집단이 다르다(산단 입주 사업체 vs 창원시 전역 사업장). 수준·점유율 비교 금지.,,,,,,,,,,,,,,,,,,,,,,,,,,no_data,0,False,,no_mapped_chapter,해당 업종에 귀속 근거가 있는 HS 류가 없다,,,,창원시 전역 통관 · 연도창을 모두 확보한 HS6 합계(업종 수출 총액 아님),202402,115300.0,-0.6728060578389261,1989.0,-9.590909090909093,1817.0,-14.894613583138172,172.0,610.0,True,True,True,False,창원시 전역 제조업 총계 · 반기 · 표본조사. 업종별 값이 아니며 입직-이직을 KICOX 고용 증감과 같다고 보지 않는다.,1488574261,-0.9291692821514319,6026,2.2916313019860857,True,False,True,False,창원시 전역 제조업 총계 전력사용량 · 월→분기 합계. 업종별 값이 아니며 가동률과 개념·모집단이 다르다.,68.67,83.67,78.0,83.33,82.67,51.0,A,2.0,True,True,True,경상남도 제조업 총계(업종 공통 배경),전국 업종별 심리지수. 창원국가산단 개별 업종의 신호가 아니라 같은 업종의 전국 분위기다.,,False,False,False,,True,PPI 조정 생산,1,생산유지·고용감소 신호,생산유지·고용감소 신호,,False,False,False,False,False,True,False,False,True,False,,True,False,True,4,소규모 분모 — 비율 변동 과대 가능 · 연간보정 개정본 사용 구간 · 가동률 공표 정의 단절 구간 · 월별 원자료 미제공 구간,가중치 근거가 없어 신뢰도 점수를 만들지 않는다. 플래그를 그대로 읽는다.,생산이 유지되는데 고용이 감소하고 있어 자동화·생산성 변화·미충원·외주화·인력구조 조정 여부를 확인할 필요가 있다.,"업체수·고용 규모가 작아 비율 변동이 크게 나타난다. 절대 증감 개수로 다시 확인할 필요가 있다.
가동률 공표 정의가 바뀐 구간이어서 당기와 전년동기의 산출방식이 다르다. 가동률 증감 해석 전에 정의 차이를 확인할 필요가 있다.
이 분기는 월별 원자료가 공표되지 않아 분기 내 지속 여부를 확인할 수 없다. 분기말 단일시점 값에만 의존한 판단임을 감안할 필요가 있다.
연간보정 개정본을 사용한 구간이다. 이후 재개정 시 값이 달라질 수 있음을 확인할 필요가 있다.","창원시 제조업 전체에서 입직자 감소가 함께 관측되므로, 고용 감소가 신규 채용 둔화와 함께 나타나는지 확인할 필요가 있다.
가동률 하락과 창원시 제조업 전력사용 감소가 함께 나타나 실제 생산활동 위축 여부를 추가 확인할 필요가 있다. 다만 전력은 시 전체 제조업 총계이므로 이 업종의 값이 아니다.
경남 제조업 업황 심리지수가 기준선(100)을 밑돌아, 업종 고유 요인인지 지역 전반의 경기 흐름인지 구분해 확인할 필요가 있다.
같은 업종의 전국 업황 심리지수도 기준선을 밑돌아, 관측된 변화가 산단 고유 현상인지 전국 업종 흐름인지 확인할 필요가 있다.","생산이 유지되는데 고용이 감소하고 있어 자동화·생산성 변화·미충원·외주화·인력구조 조정 여부를 확인할 필요가 있다.
창원시 제조업 전체에서 입직자 감소가 함께 관측되므로, 고용 감소가 신규 채용 둔화와 함께 나타나는지 확인할 필요가 있다.
가동률 하락과 창원시 제조업 전력사용 감소가 함께 나타나 실제 생산활동 위축 여부를 추가 확인할 필요가 있다. 다만 전력은 시 전체 제조업 총계이므로 이 업종의 값이 아니다.
경남 제조업 업황 심리지수가 기준선(100)을 밑돌아, 업종 고유 요인인지 지역 전반의 경기 흐름인지 구분해 확인할 필요가 있다.
같은 업종의 전국 업황 심리지수도 기준선을 밑돌아, 관측된 변화가 산단 고유 현상인지 전국 업종 흐름인지 확인할 필요가 있다.
업체수·고용 규모가 작아 비율 변동이 크게 나타난다. 절대 증감 개수로 다시 확인할 필요가 있다.
가동률 공표 정의가 바뀐 구간이어서 당기와 전년동기의 산출방식이 다르다. 가동률 증감 해석 전에 정의 차이를 확인할 필요가 있다.
이 분기는 월별 원자료가 공표되지 않아 분기 내 지속 여부를 확인할 수 없다. 분기말 단일시점 값에만 의존한 판단임을 감안할 필요가 있다.
연간보정 개정본을 사용한 구간이다. 이후 재개정 시 값이 달라질 수 있음을 확인할 필요가 있다.",고용지원 · 직업훈련 / 산업동향 · 기업지원 / 산업동향,검토 대상 기능의 제안이며 특정 사업·예산의 선정이 아니다. 지원 여부는 담당자의 현장 확인 뒤에 기존 체계에서 결정한다.
비금속,2024Q3,추가확인,고용감소 6.0%(진입경계 5% 통과) · 산단평균 대비 8.6%p 열위(진입경계 통과),S4,1.0,-5.976095617529875,-9.465963025656343,-15.0,236.0,136.385,0.2026934176171499,5.976095617529875,8.570202483454015,0.0128830562044798,9.465963025656343,False,True,False,False,수주잔량·가동률·휴업/감산·기업 수 변동·고용조정 계획 신고 여부를 확인한다(원인 후보이며 입증된 원인이 아님).,기업지원 기능 + 고용지원 기능,5.0,6.0,5.0,0.0,0.0,19.999999999999996,46.98313726165665,-10.71534473857778,-5.638600621624342,official_quarterly,가동률 공표 정의가 2024Q2 를 기점으로 바뀌어 당기와 전년동기의 산출방식이 다르다,236.0,5.0,True,소규모 집계 트랙,"5개 → 5개 (+0개, +0.0%)","소규모 집계 트랙은 업종을 배제하는 장치가 아니라, 분모가 작아 비율 변동이 커지는 집계군을 별도 방식으로 읽기 위한 표시다.",1,1,1,1,1,-9.465963025656343,A,대분류 직접 대응,1,비금속광물제품,-9.680958472109335,-9.680958472109335,True,-9.680958472109335,False,True,True,,,1.221593940040533,2.5941068659241395,방향 일치,1.3725129258836066,,,,비교자료 없음,,,False,KICOX 산단 고용과 고용보험 피보험자는 모집단이 다르다(산단 입주 사업체 vs 창원시 전역 사업장). 수준·점유율 비교 금지.,,,,,,,,,,,,,,,,,,,,,,,,,,no_data,0,False,,no_mapped_chapter,해당 업종에 귀속 근거가 있는 HS 류가 없다,,,,창원시 전역 통관 · 연도창을 모두 확보한 HS6 합계(업종 수출 총액 아님),202402,115300.0,-0.6728060578389261,1989.0,-9.590909090909093,1817.0,-14.894613583138172,172.0,610.0,True,True,True,False,창원시 전역 제조업 총계 · 반기 · 표본조사. 업종별 값이 아니며 입직-이직을 KICOX 고용 증감과 같다고 보지 않는다.,1488574261,-0.9291692821514319,6026,2.2916313019860857,True,False,True,False,창원시 전역 제조업 총계 전력사용량 · 월→분기 합계. 업종별 값이 아니며 가동률과 개념·모집단이 다르다.,68.67,83.67,78.0,83.33,82.67,48.33,A,1.0,True,True,True,경상남도 제조업 총계(업종 공통 배경),전국 업종별 심리지수. 창원국가산단 개별 업종의 신호가 아니라 같은 업종의 전국 분위기다.,,False,True,True,,False,PPI 조정 생산,2,가동 위축 신호 · 실질생산 위축 신호(PPI 조정),가동 위축 신호,"대표 확인신호는 표시순서에 따른 요약이며, 유일한 원인이 아니다. 확인신호 프로필 전체를 함께 읽어야 한다.",False,False,False,False,False,True,False,False,True,False,,True,False,True,4,소규모 분모 — 비율 변동 과대 가능 · 연간보정 개정본 사용 구간 · 가동률 공표 정의 단절 구간 · 월별 원자료 미제공 구간,가중치 근거가 없어 신뢰도 점수를 만들지 않는다. 플래그를 그대로 읽는다.,"가동률 하락이 일시적 생산조정인지 수주·수요 감소에 따른 것인지 확인할 필요가 있다.
명목생산 변화에 가격효과가 포함되어 있으므로 실제 물량이 줄었는지 추가로 확인할 필요가 있다.","업체수·고용 규모가 작아 비율 변동이 크게 나타난다. 절대 증감 개수로 다시 확인할 필요가 있다.
가동률 공표 정의가 바뀐 구간이어서 당기와 전년동기의 산출방식이 다르다. 가동률 증감 해석 전에 정의 차이를 확인할 필요가 있다.
이 분기는 월별 원자료가 공표되지 않아 분기 내 지속 여부를 확인할 수 없다. 분기말 단일시점 값에만 의존한 판단임을 감안할 필요가 있다.
연간보정 개정본을 사용한 구간이다. 이후 재개정 시 값이 달라질 수 있음을 확인할 필요가 있다.","창원시 제조업 전체에서 입직자 감소가 함께 관측되므로, 고용 감소가 신규 채용 둔화와 함께 나타나는지 확인할 필요가 있다.
가동률 하락과 창원시 제조업 전력사용 감소가 함께 나타나 실제 생산활동 위축 여부를 추가 확인할 필요가 있다. 다만 전력은 시 전체 제조업 총계이므로 이 업종의 값이 아니다.
경남 제조업 업황 심리지수가 기준선(100)을 밑돌아, 업종 고유 요인인지 지역 전반의 경기 흐름인지 구분해 확인할 필요가 있다.
같은 업종의 전국 업황 심리지수도 기준선을 밑돌아, 관측된 변화가 산단 고유 현상인지 전국 업종 흐름인지 확인할 필요가 있다.","가동률 하락이 일시적 생산조정인지 수주·수요 감소에 따른 것인지 확인할 필요가 있다.
명목생산 변화에 가격효과가 포함되어 있으므로 실제 물량이 줄었는지 추가로 확인할 필요가 있다.
창원시 제조업 전체에서 입직자 감소가 함께 관측되므로, 고용 감소가 신규 채용 둔화와 함께 나타나는지 확인할 필요가 있다.
가동률 하락과 창원시 제조업 전력사용 감소가 함께 나타나 실제 생산활동 위축 여부를 추가 확인할 필요가 있다. 다만 전력은 시 전체 제조업 총계이므로 이 업종의 값이 아니다.
경남 제조업 업황 심리지수가 기준선(100)을 밑돌아, 업종 고유 요인인지 지역 전반의 경기 흐름인지 구분해 확인할 필요가 있다.
같은 업종의 전국 업황 심리지수도 기준선을 밑돌아, 관측된 변화가 산단 고유 현상인지 전국 업종 흐름인지 확인할 필요가 있다.
업체수·고용 규모가 작아 비율 변동이 크게 나타난다. 절대 증감 개수로 다시 확인할 필요가 있다.
가동률 공표 정의가 바뀐 구간이어서 당기와 전년동기의 산출방식이 다르다. 가동률 증감 해석 전에 정의 차이를 확인할 필요가 있다.
이 분기는 월별 원자료가 공표되지 않아 분기 내 지속 여부를 확인할 수 없다. 분기말 단일시점 값에만 의존한 판단임을 감안할 필요가 있다.
연간보정 개정본을 사용한 구간이다. 이후 재개정 시 값이 달라질 수 있음을 확인할 필요가 있다.",산업동향 · 기업지원 / 산업동향 / 고용지원 · 직업훈련,검토 대상 기능의 제안이며 특정 사업·예산의 선정이 아니다. 지원 여부는 담당자의 현장 확인 뒤에 기존 체계에서 결정한다.
석유화학,2024Q3,관찰,고용 축 진입신호 없음 (생산 15.8% 단독 감소 — 확인질문에 반영),S4,1.0,-0.6379585326953707,-15.80477933369142,-4.0,623.0,842.5100000000001,0.5350762676927305,0.6379585326953707,3.2320653986195103,0.0034354816545279,15.80477933369142,True,False,False,False,수주잔량·가동률·휴업/감산·기업 수 변동·고용조정 계획 신고 여부를 확인한다(원인 후보이며 입증된 원인이 아님).,기업지원 기능 + 고용지원 기능,40.0,43.0,40.0,0.0,0.0,2.3809523809523725,79.01617819460728,6.103942318753108,4.545638770888118,official_quarterly,가동률 공표 정의가 2024Q2 를 기점으로 바뀌어 당기와 전년동기의 산출방식이 다르다,623.0,40.0,False,메인 트랙,"40개 → 40개 (+0개, +0.0%)",,1,1,1,1,1,-15.80477933369142,C,복수 후보만 존재 — 가중치 근거 없음. 밴드로만 해석,2,석탄및석유제품|화학제품,-17.217776686102837,-13.350423137083157,True,,True,,,False,False,1.221593940040533,2.5941068659241395,방향 일치,1.3725129258836066,,,,비교자료 없음,,,False,KICOX 산단 고용과 고용보험 피보험자는 모집단이 다르다(산단 입주 사업체 vs 창원시 전역 사업장). 수준·점유율 비교 금지.,,,,,,,,,,,,,,,,,,,,,,,,,,no_data,0,False,,no_mapped_chapter,해당 업종에 귀속 근거가 있는 HS 류가 없다,,,,창원시 전역 통관 · 연도창을 모두 확보한 HS6 합계(업종 수출 총액 아님),202402,115300.0,-0.6728060578389261,1989.0,-9.590909090909093,1817.0,-14.894613583138172,172.0,610.0,True,True,True,False,창원시 전역 제조업 총계 · 반기 · 표본조사. 업종별 값이 아니며 입직-이직을 KICOX 고용 증감과 같다고 보지 않는다.,1488574261,-0.9291692821514319,6026,2.2916313019860857,True,False,False,True,창원시 전역 제조업 총계 전력사용량 · 월→분기 합계. 업종별 값이 아니며 가동률과 개념·모집단이 다르다.,68.67,83.67,78.0,83.33,82.67,71.22,B,3.0,True,True,True,경상남도 제조업 총계(업종 공통 배경),전국 업종별 심리지수. 창원국가산단 개별 업종의 신호가 아니라 같은 업종의 전국 분위기다.,,False,False,,후보 모두 위축,False,명목 생산만(가격효과 미조정),0,해석 보류,해석 보류,,True,False,False,False,False,True,False,True,False,False,,True,False,True,4,PPI 매핑 불확실(C·D 등급) · 연간보정 개정본 사용 구간 · 가동률 공표 정의 단절 구간 · 월별 원자료 미제공 구간,가중치 근거가 없어 신뢰도 점수를 만들지 않는다. 플래그를 그대로 읽는다.,,"이 업종은 생산자물가지수 대응 후보가 복수이거나 없어, PPI 조정 생산을 단일값으로 해석하지 않고 원자료로 확인할 필요가 있다.
가동률 공표 정의가 바뀐 구간이어서 당기와 전년동기의 산출방식이 다르다. 가동률 증감 해석 전에 정의 차이를 확인할 필요가 있다.
이 분기는 월별 원자료가 공표되지 않아 분기 내 지속 여부를 확인할 수 없다. 분기말 단일시점 값에만 의존한 판단임을 감안할 필요가 있다.
연간보정 개정본을 사용한 구간이다. 이후 재개정 시 값이 달라질 수 있음을 확인할 필요가 있다.","창원시 제조업 전체에서 입직자 감소가 함께 관측되므로, 고용 감소가 신규 채용 둔화와 함께 나타나는지 확인할 필요가 있다.
가동률과 전력사용의 방향이 달라 업종 구성·설비 특성·자료범위(산단 vs 시 전체) 차이를 추가 확인할 필요가 있다.
경남 제조업 업황 심리지수가 기준선(100)을 밑돌아, 업종 고유 요인인지 지역 전반의 경기 흐름인지 구분해 확인할 필요가 있다.
같은 업종의 전국 업황 심리지수도 기준선을 밑돌아, 관측된 변화가 산단 고유 현상인지 전국 업종 흐름인지 확인할 필요가 있다.","창원시 제조업 전체에서 입직자 감소가 함께 관측되므로, 고용 감소가 신규 채용 둔화와 함께 나타나는지 확인할 필요가 있다.
가동률과 전력사용의 방향이 달라 업종 구성·설비 특성·자료범위(산단 vs 시 전체) 차이를 추가 확인할 필요가 있다.
경남 제조업 업황 심리지수가 기준선(100)을 밑돌아, 업종 고유 요인인지 지역 전반의 경기 흐름인지 구분해 확인할 필요가 있다.
같은 업종의 전국 업황 심리지수도 기준선을 밑돌아, 관측된 변화가 산단 고유 현상인지 전국 업종 흐름인지 확인할 필요가 있다.
이 업종은 생산자물가지수 대응 후보가 복수이거나 없어, PPI 조정 생산을 단일값으로 해석하지 않고 원자료로 확인할 필요가 있다.
가동률 공표 정의가 바뀐 구간이어서 당기와 전년동기의 산출방식이 다르다. 가동률 증감 해석 전에 정의 차이를 확인할 필요가 있다.
이 분기는 월별 원자료가 공표되지 않아 분기 내 지속 여부를 확인할 수 없다. 분기말 단일시점 값에만 의존한 판단임을 감안할 필요가 있다.
연간보정 개정본을 사용한 구간이다. 이후 재개정 시 값이 달라질 수 있음을 확인할 필요가 있다.",고용지원 · 직업훈련 / 산업동향,검토 대상 기능의 제안이며 특정 사업·예산의 선정이 아니다. 지원 여부는 담당자의 현장 확인 뒤에 기존 체계에서 결정한다.
섬유의복,2024Q3,추가확인,산단평균 대비 5.2%p 열위(진입경계 통과),S2,1.0,-2.564102564102566,40.17687934301959,-1.0,38.0,11.095,0.0326370757180156,2.564102564102566,5.158209430026705,0.0008588704136319,0.0,False,True,False,False,"자동화·설비투자, 외주·도급 전환, 미충원·숙련 불일치, 직무구조 변화 가능성을 질문으로 확인한다(원인 후보이며 입증된 원인이 아님).",고용·훈련 기능 + 기업지원 기능,7.0,9.0,7.0,0.0,0.0,12.5,99.64077233947016,-0.35922766052983723,-0.35922766052983945,official_quarterly,가동률 공표 정의가 2024Q2 를 기점으로 바뀌어 당기와 전년동기의 산출방식이 다르다,38.0,7.0,True,소규모 집계 트랙,"7개 → 7개 (+0개, +0.0%)","소규모 집계 트랙은 업종을 배제하는 장치가 아니라, 분모가 작아 비율 변동이 커지는 집계군을 별도 방식으로 읽기 위한 표시다.",1,1,1,1,1,40.17687934301959,A,대분류 직접 대응,1,섬유및의복,39.78677359820362,39.78677359820362,True,39.78677359820362,False,True,True,,,1.221593940040533,2.5941068659241395,방향 일치,1.3725129258836066,,,,비교자료 없음,,,False,KICOX 산단 고용과 고용보험 피보험자는 모집단이 다르다(산단 입주 사업체 vs 창원시 전역 사업장). 수준·점유율 비교 금지.,,,,,,,,,,,,,,,,,,,,,,,,,,no_data,0,False,,no_mapped_chapter,해당 업종에 귀속 근거가 있는 HS 류가 없다,,,,창원시 전역 통관 · 연도창을 모두 확보한 HS6 합계(업종 수출 총액 아님),202402,115300.0,-0.6728060578389261,1989.0,-9.590909090909093,1817.0,-14.894613583138172,172.0,610.0,True,True,True,False,창원시 전역 제조업 총계 · 반기 · 표본조사. 업종별 값이 아니며 입직-이직을 KICOX 고용 증감과 같다고 보지 않는다.,1488574261,-0.9291692821514319,6026,2.2916313019860857,True,False,True,False,창원시 전역 제조업 총계 전력사용량 · 월→분기 합계. 업종별 값이 아니며 가동률과 개념·모집단이 다르다.,68.67,83.67,78.0,83.33,82.67,60.16,A,2.0,True,True,True,경상남도 제조업 총계(업종 공통 배경),전국 업종별 심리지수. 창원국가산단 개별 업종의 신호가 아니라 같은 업종의 전국 분위기다.,,False,False,False,,True,PPI 조정 생산,1,생산유지·고용감소 신호,생산유지·고용감소 신호,,False,False,False,False,False,True,False,False,True,False,,True,False,True,4,소규모 분모 — 비율 변동 과대 가능 · 연간보정 개정본 사용 구간 · 가동률 공표 정의 단절 구간 · 월별 원자료 미제공 구간,가중치 근거가 없어 신뢰도 점수를 만들지 않는다. 플래그를 그대로 읽는다.,생산이 유지되는데 고용이 감소하고 있어 자동화·생산성 변화·미충원·외주화·인력구조 조정 여부를 확인할 필요가 있다.,"업체수·고용 규모가 작아 비율 변동이 크게 나타난다. 절대 증감 개수로 다시 확인할 필요가 있다.
가동률 공표 정의가 바뀐 구간이어서 당기와 전년동기의 산출방식이 다르다. 가동률 증감 해석 전에 정의 차이를 확인할 필요가 있다.
이 분기는 월별 원자료가 공표되지 않아 분기 내 지속 여부를 확인할 수 없다. 분기말 단일시점 값에만 의존한 판단임을 감안할 필요가 있다.
연간보정 개정본을 사용한 구간이다. 이후 재개정 시 값이 달라질 수 있음을 확인할 필요가 있다.","창원시 제조업 전체에서 입직자 감소가 함께 관측되므로, 고용 감소가 신규 채용 둔화와 함께 나타나는지 확인할 필요가 있다.
가동률 하락과 창원시 제조업 전력사용 감소가 함께 나타나 실제 생산활동 위축 여부를 추가 확인할 필요가 있다. 다만 전력은 시 전체 제조업 총계이므로 이 업종의 값이 아니다.
경남 제조업 업황 심리지수가 기준선(100)을 밑돌아, 업종 고유 요인인지 지역 전반의 경기 흐름인지 구분해 확인할 필요가 있다.
같은 업종의 전국 업황 심리지수도 기준선을 밑돌아, 관측된 변화가 산단 고유 현상인지 전국 업종 흐름인지 확인할 필요가 있다.","생산이 유지되는데 고용이 감소하고 있어 자동화·생산성 변화·미충원·외주화·인력구조 조정 여부를 확인할 필요가 있다.
창원시 제조업 전체에서 입직자 감소가 함께 관측되므로, 고용 감소가 신규 채용 둔화와 함께 나타나는지 확인할 필요가 있다.
가동률 하락과 창원시 제조업 전력사용 감소가 함께 나타나 실제 생산활동 위축 여부를 추가 확인할 필요가 있다. 다만 전력은 시 전체 제조업 총계이므로 이 업종의 값이 아니다.
경남 제조업 업황 심리지수가 기준선(100)을 밑돌아, 업종 고유 요인인지 지역 전반의 경기 흐름인지 구분해 확인할 필요가 있다.
같은 업종의 전국 업황 심리지수도 기준선을 밑돌아, 관측된 변화가 산단 고유 현상인지 전국 업종 흐름인지 확인할 필요가 있다.
업체수·고용 규모가 작아 비율 변동이 크게 나타난다. 절대 증감 개수로 다시 확인할 필요가 있다.
가동률 공표 정의가 바뀐 구간이어서 당기와 전년동기의 산출방식이 다르다. 가동률 증감 해석 전에 정의 차이를 확인할 필요가 있다.
이 분기는 월별 원자료가 공표되지 않아 분기 내 지속 여부를 확인할 수 없다. 분기말 단일시점 값에만 의존한 판단임을 감안할 필요가 있다.
연간보정 개정본을 사용한 구간이다. 이후 재개정 시 값이 달라질 수 있음을 확인할 필요가 있다.",고용지원 · 직업훈련 / 산업동향 · 기업지원 / 산업동향,검토 대상 기능의 제안이며 특정 사업·예산의 선정이 아니다. 지원 여부는 담당자의 현장 확인 뒤에 기존 체계에서 결정한다.
운송장비,2024Q3,관찰,고용 축 진입신호 없음,S1,1.0,0.3107445918489215,5.919587772828883,52.0,16786.0,41393.52678963636,14.416998763226603,0.0,2.283362274075218,0.0,0.0,True,False,False,False,미충원·숙련수요·증가의 지속가능성을 확인한다.,고용·훈련 기능,239.0,247.0,239.0,0.0,0.0,0.40650406504065817,91.15549779576008,-0.1378442845232919,-0.12582608781069382,official_quarterly,가동률 공표 정의가 2024Q2 를 기점으로 바뀌어 당기와 전년동기의 산출방식이 다르다,16786.0,239.0,False,메인 트랙,"239개 → 239개 (+0개, +0.0%)",,1,1,1,1,1,5.919587772828883,A,대분류 직접 대응,1,운송장비,3.6835148754646996,3.6835148754646996,True,3.6835148754646996,False,True,True,,,1.221593940040533,2.5941068659241395,방향 일치,1.3725129258836066,자동차·부품,18987.0,,비교자료 없음,,C,False,KICOX 산단 고용과 고용보험 피보험자는 모집단이 다르다(산단 입주 사업체 vs 창원시 전역 사업장). 수준·점유율 비교 금지.,,,,,,,,,,,,,,,,,,,,,1685630.0,47.645474977970935,-0.1284686536485058,56.0,A,mapped_chapters_only,0,True,False,usable,,123.0,81.0,0.0,창원시 전역 통관 · 연도창을 모두 확보한 HS6 합계(업종 수출 총액 아님),202402,115300.0,-0.6728060578389261,1989.0,-9.590909090909093,1817.0,-14.894613583138172,172.0,610.0,True,True,True,False,창원시 전역 제조업 총계 · 반기 · 표본조사. 업종별 값이 아니며 입직-이직을 KICOX 고용 증감과 같다고 보지 않는다.,1488574261,-0.9291692821514319,6026,2.2916313019860857,True,False,True,False,창원시 전역 제조업 총계 전력사용량 · 월→분기 합계. 업종별 값이 아니며 가동률과 개념·모집단이 다르다.,68.67,83.67,78.0,83.33,82.67,92.83,A,2.0,True,True,True,경상남도 제조업 총계(업종 공통 배경),전국 업종별 심리지수. 창원국가산단 개별 업종의 신호가 아니라 같은 업종의 전국 분위기다.,False,False,False,False,,False,PPI 조정 생산,0,해석 보류,해석 보류,,False,False,False,False,False,True,False,False,False,False,,True,True,True,4,연간보정 개정본 사용 구간 · 외부자료 업종 대응 불확실 · 가동률 공표 정의 단절 구간 · 월별 원자료 미제공 구간,가중치 근거가 없어 신뢰도 점수를 만들지 않는다. 플래그를 그대로 읽는다.,,"가동률 공표 정의가 바뀐 구간이어서 당기와 전년동기의 산출방식이 다르다. 가동률 증감 해석 전에 정의 차이를 확인할 필요가 있다.
이 분기는 월별 원자료가 공표되지 않아 분기 내 지속 여부를 확인할 수 없다. 분기말 단일시점 값에만 의존한 판단임을 감안할 필요가 있다.
연간보정 개정본을 사용한 구간이다. 이후 재개정 시 값이 달라질 수 있음을 확인할 필요가 있다.
외부 자료의 업종 구분이 산단 10업종과 정확히 대응하지 않는다. 비교 결과를 참고로만 읽고 대응 범위를 확인할 필요가 있다.","창원시 제조업 전체에서 입직자 감소가 함께 관측되므로, 고용 감소가 신규 채용 둔화와 함께 나타나는지 확인할 필요가 있다.
가동률 하락과 창원시 제조업 전력사용 감소가 함께 나타나 실제 생산활동 위축 여부를 추가 확인할 필요가 있다. 다만 전력은 시 전체 제조업 총계이므로 이 업종의 값이 아니다.
경남 제조업 업황 심리지수가 기준선(100)을 밑돌아, 업종 고유 요인인지 지역 전반의 경기 흐름인지 구분해 확인할 필요가 있다.
같은 업종의 전국 업황 심리지수도 기준선을 밑돌아, 관측된 변화가 산단 고유 현상인지 전국 업종 흐름인지 확인할 필요가 있다.","창원시 제조업 전체에서 입직자 감소가 함께 관측되므로, 고용 감소가 신규 채용 둔화와 함께 나타나는지 확인할 필요가 있다.
가동률 하락과 창원시 제조업 전력사용 감소가 함께 나타나 실제 생산활동 위축 여부를 추가 확인할 필요가 있다. 다만 전력은 시 전체 제조업 총계이므로 이 업종의 값이 아니다.
경남 제조업 업황 심리지수가 기준선(100)을 밑돌아, 업종 고유 요인인지 지역 전반의 경기 흐름인지 구분해 확인할 필요가 있다.
같은 업종의 전국 업황 심리지수도 기준선을 밑돌아, 관측된 변화가 산단 고유 현상인지 전국 업종 흐름인지 확인할 필요가 있다.
가동률 공표 정의가 바뀐 구간이어서 당기와 전년동기의 산출방식이 다르다. 가동률 증감 해석 전에 정의 차이를 확인할 필요가 있다.
이 분기는 월별 원자료가 공표되지 않아 분기 내 지속 여부를 확인할 수 없다. 분기말 단일시점 값에만 의존한 판단임을 감안할 필요가 있다.
연간보정 개정본을 사용한 구간이다. 이후 재개정 시 값이 달라질 수 있음을 확인할 필요가 있다.
외부 자료의 업종 구분이 산단 10업종과 정확히 대응하지 않는다. 비교 결과를 참고로만 읽고 대응 범위를 확인할 필요가 있다.",고용지원 · 직업훈련 / 산업동향 · 기업지원 / 산업동향,검토 대상 기능의 제안이며 특정 사업·예산의 선정이 아니다. 지원 여부는 담당자의 현장 확인 뒤에 기존 체계에서 결정한다.
음식료,2024Q3,관찰,고용 축 진입신호 없음,S1,2.0,5.184331797235031,7.54395059946058,45.0,913.0,1638.83,0.784148687646008,0.0,0.0,0.0,0.0,True,False,False,False,미충원·숙련수요·증가의 지속가능성을 확인한다.,고용·훈련 기능,4.0,7.0,5.0,-1.0,-19.999999999999996,-12.5,87.87221550496913,-0.03365515211899428,-0.029583484165129903,official_quarterly,가동률 공표 정의가 2024Q2 를 기점으로 바뀌어 당기와 전년동기의 산출방식이 다르다,913.0,4.0,False,메인 트랙,"5개 → 4개 (-1개, -20.0%)",,1,1,1,1,1,7.54395059946058,A,대분류 직접 대응,1,음식료품,6.644247472104636,6.644247472104636,True,6.644247472104636,False,True,True,,,1.221593940040533,2.5941068659241395,방향 일치,1.3725129258836066,,,,비교자료 없음,,,False,KICOX 산단 고용과 고용보험 피보험자는 모집단이 다르다(산단 입주 사업체 vs 창원시 전역 사업장). 수준·점유율 비교 금지.,,,,,,,,,,,,,,,,,,,,,,,,,,no_data,0,False,,no_mapped_chapter,해당 업종에 귀속 근거가 있는 HS 류가 없다,,,,창원시 전역 통관 · 연도창을 모두 확보한 HS6 합계(업종 수출 총액 아님),202402,115300.0,-0.6728060578389261,1989.0,-9.590909090909093,1817.0,-14.894613583138172,172.0,610.0,True,True,True,False,창원시 전역 제조업 총계 · 반기 · 표본조사. 업종별 값이 아니며 입직-이직을 KICOX 고용 증감과 같다고 보지 않는다.,1488574261,-0.9291692821514319,6026,2.2916313019860857,True,False,True,False,창원시 전역 제조업 총계 전력사용량 · 월→분기 합계. 업종별 값이 아니며 가동률과 개념·모집단이 다르다.,68.67,83.67,78.0,83.33,82.67,73.5,A,2.0,True,True,True,경상남도 제조업 총계(업종 공통 배경),전국 업종별 심리지수. 창원국가산단 개별 업종의 신호가 아니라 같은 업종의 전국 분위기다.,,True,False,False,,False,PPI 조정 생산,1,업체수 감소 신호,업체수 감소 신호,,False,False,False,False,False,True,False,False,True,False,,True,False,True,4,소규모 분모 — 비율 변동 과대 가능 · 연간보정 개정본 사용 구간 · 가동률 공표 정의 단절 구간 · 월별 원자료 미제공 구간,가중치 근거가 없어 신뢰도 점수를 만들지 않는다. 플래그를 그대로 읽는다.,"가동업체 감소가 실제 퇴거·폐업·통합·휴업에 따른 것인지, 아니면 조사대상 변동이나 집계기준 변경에 따른 것인지 확인할 필요가 있다.","업체수·고용 규모가 작아 비율 변동이 크게 나타난다. 절대 증감 개수로 다시 확인할 필요가 있다.
가동률 공표 정의가 바뀐 구간이어서 당기와 전년동기의 산출방식이 다르다. 가동률 증감 해석 전에 정의 차이를 확인할 필요가 있다.
이 분기는 월별 원자료가 공표되지 않아 분기 내 지속 여부를 확인할 수 없다. 분기말 단일시점 값에만 의존한 판단임을 감안할 필요가 있다.
연간보정 개정본을 사용한 구간이다. 이후 재개정 시 값이 달라질 수 있음을 확인할 필요가 있다.","창원시 제조업 전체에서 입직자 감소가 함께 관측되므로, 고용 감소가 신규 채용 둔화와 함께 나타나는지 확인할 필요가 있다.
가동률 하락과 창원시 제조업 전력사용 감소가 함께 나타나 실제 생산활동 위축 여부를 추가 확인할 필요가 있다. 다만 전력은 시 전체 제조업 총계이므로 이 업종의 값이 아니다.
경남 제조업 업황 심리지수가 기준선(100)을 밑돌아, 업종 고유 요인인지 지역 전반의 경기 흐름인지 구분해 확인할 필요가 있다.
같은 업종의 전국 업황 심리지수도 기준선을 밑돌아, 관측된 변화가 산단 고유 현상인지 전국 업종 흐름인지 확인할 필요가 있다.","가동업체 감소가 실제 퇴거·폐업·통합·휴업에 따른 것인지, 아니면 조사대상 변동이나 집계기준 변경에 따른 것인지 확인할 필요가 있다.
창원시 제조업 전체에서 입직자 감소가 함께 관측되므로, 고용 감소가 신규 채용 둔화와 함께 나타나는지 확인할 필요가 있다.
가동률 하락과 창원시 제조업 전력사용 감소가 함께 나타나 실제 생산활동 위축 여부를 추가 확인할 필요가 있다. 다만 전력은 시 전체 제조업 총계이므로 이 업종의 값이 아니다.
경남 제조업 업황 심리지수가 기준선(100)을 밑돌아, 업종 고유 요인인지 지역 전반의 경기 흐름인지 구분해 확인할 필요가 있다.
같은 업종의 전국 업황 심리지수도 기준선을 밑돌아, 관측된 변화가 산단 고유 현상인지 전국 업종 흐름인지 확인할 필요가 있다.
업체수·고용 규모가 작아 비율 변동이 크게 나타난다. 절대 증감 개수로 다시 확인할 필요가 있다.
가동률 공표 정의가 바뀐 구간이어서 당기와 전년동기의 산출방식이 다르다. 가동률 증감 해석 전에 정의 차이를 확인할 필요가 있다.
이 분기는 월별 원자료가 공표되지 않아 분기 내 지속 여부를 확인할 수 없다. 분기말 단일시점 값에만 의존한 판단임을 감안할 필요가 있다.
연간보정 개정본을 사용한 구간이다. 이후 재개정 시 값이 달라질 수 있음을 확인할 필요가 있다.",산업동향 · 기업지원 / 고용지원 · 직업훈련 / 산업동향,검토 대상 기능의 제안이며 특정 사업·예산의 선정이 아니다. 지원 여부는 담당자의 현장 확인 뒤에 기존 체계에서 결정한다.
전기전자,2024Q3,관찰,고용 축 진입신호 없음,S3,1.0,1.3943808532778323,-2.424309700705773,402.0,29232.0,33573.62280075,25.106499931290365,0.0,1.1997260126463072,0.0,2.424309700705773,True,False,False,False,선제채용·신규 입주기업·고용조정 시차·생산 단가와 물량 구분 가능성을 확인한다.,기업지원 기능(모니터링),574.0,624.0,555.0,19.0,3.423423423423433,5.942275042444822,74.87957485472695,-1.0139846411987619,-0.7670451080081335,official_quarterly,가동률 공표 정의가 2024Q2 를 기점으로 바뀌어 당기와 전년동기의 산출방식이 다르다,29232.0,574.0,False,메인 트랙,"555개 → 574개 (+19개, +3.4%)",,1,1,1,1,1,-2.424309700705773,C,복수 후보만 존재 — 가중치 근거 없음. 밴드로만 해석,2,전기장비|컴퓨터전자및광학기기,-6.278732713692714,-5.97565436695191,True,,True,,,False,False,1.221593940040533,2.5941068659241395,방향 일치,1.3725129258836066,전기장비,18600.0,,비교자료 없음,,C,False,KICOX 산단 고용과 고용보험 피보험자는 모집단이 다르다(산단 입주 사업체 vs 창원시 전역 사업장). 수준·점유율 비교 금지.,,,,,,,,,,,,,,,,,,,,,524650.0,1.3166432356439994,5.791720137260192,248.0,B,mapped_chapters_only,0,True,False,usable,,296.0,272.0,0.0,창원시 전역 통관 · 연도창을 모두 확보한 HS6 합계(업종 수출 총액 아님),202402,115300.0,-0.6728060578389261,1989.0,-9.590909090909093,1817.0,-14.894613583138172,172.0,610.0,True,True,True,False,창원시 전역 제조업 총계 · 반기 · 표본조사. 업종별 값이 아니며 입직-이직을 KICOX 고용 증감과 같다고 보지 않는다.,1488574261,-0.9291692821514319,6026,2.2916313019860857,True,False,True,False,창원시 전역 제조업 총계 전력사용량 · 월→분기 합계. 업종별 값이 아니며 가동률과 개념·모집단이 다르다.,68.67,83.67,78.0,83.33,82.67,77.34,A,2.0,True,True,True,경상남도 제조업 총계(업종 공통 배경),전국 업종별 심리지수. 창원국가산단 개별 업종의 신호가 아니라 같은 업종의 전국 분위기다.,False,False,False,,후보 모두 위축,False,명목 생산만(가격효과 미조정),0,해석 보류,해석 보류,,True,False,False,False,False,True,False,True,False,False,,True,True,True,5,PPI 매핑 불확실(C·D 등급) · 연간보정 개정본 사용 구간 · 외부자료 업종 대응 불확실 · 가동률 공표 정의 단절 구간 · 월별 원자료 미제공 구간,가중치 근거가 없어 신뢰도 점수를 만들지 않는다. 플래그를 그대로 읽는다.,,"이 업종은 생산자물가지수 대응 후보가 복수이거나 없어, PPI 조정 생산을 단일값으로 해석하지 않고 원자료로 확인할 필요가 있다.
가동률 공표 정의가 바뀐 구간이어서 당기와 전년동기의 산출방식이 다르다. 가동률 증감 해석 전에 정의 차이를 확인할 필요가 있다.
이 분기는 월별 원자료가 공표되지 않아 분기 내 지속 여부를 확인할 수 없다. 분기말 단일시점 값에만 의존한 판단임을 감안할 필요가 있다.
연간보정 개정본을 사용한 구간이다. 이후 재개정 시 값이 달라질 수 있음을 확인할 필요가 있다.
외부 자료의 업종 구분이 산단 10업종과 정확히 대응하지 않는다. 비교 결과를 참고로만 읽고 대응 범위를 확인할 필요가 있다.","창원시 제조업 전체에서 입직자 감소가 함께 관측되므로, 고용 감소가 신규 채용 둔화와 함께 나타나는지 확인할 필요가 있다.
가동률 하락과 창원시 제조업 전력사용 감소가 함께 나타나 실제 생산활동 위축 여부를 추가 확인할 필요가 있다. 다만 전력은 시 전체 제조업 총계이므로 이 업종의 값이 아니다.
경남 제조업 업황 심리지수가 기준선(100)을 밑돌아, 업종 고유 요인인지 지역 전반의 경기 흐름인지 구분해 확인할 필요가 있다.
같은 업종의 전국 업황 심리지수도 기준선을 밑돌아, 관측된 변화가 산단 고유 현상인지 전국 업종 흐름인지 확인할 필요가 있다.","창원시 제조업 전체에서 입직자 감소가 함께 관측되므로, 고용 감소가 신규 채용 둔화와 함께 나타나는지 확인할 필요가 있다.
가동률 하락과 창원시 제조업 전력사용 감소가 함께 나타나 실제 생산활동 위축 여부를 추가 확인할 필요가 있다. 다만 전력은 시 전체 제조업 총계이므로 이 업종의 값이 아니다.
경남 제조업 업황 심리지수가 기준선(100)을 밑돌아, 업종 고유 요인인지 지역 전반의 경기 흐름인지 구분해 확인할 필요가 있다.
같은 업종의 전국 업황 심리지수도 기준선을 밑돌아, 관측된 변화가 산단 고유 현상인지 전국 업종 흐름인지 확인할 필요가 있다.
이 업종은 생산자물가지수 대응 후보가 복수이거나 없어, PPI 조정 생산을 단일값으로 해석하지 않고 원자료로 확인할 필요가 있다.
가동률 공표 정의가 바뀐 구간이어서 당기와 전년동기의 산출방식이 다르다. 가동률 증감 해석 전에 정의 차이를 확인할 필요가 있다.
이 분기는 월별 원자료가 공표되지 않아 분기 내 지속 여부를 확인할 수 없다. 분기말 단일시점 값에만 의존한 판단임을 감안할 필요가 있다.
연간보정 개정본을 사용한 구간이다. 이후 재개정 시 값이 달라질 수 있음을 확인할 필요가 있다.
외부 자료의 업종 구분이 산단 10업종과 정확히 대응하지 않는다. 비교 결과를 참고로만 읽고 대응 범위를 확인할 필요가 있다.",고용지원 · 직업훈련 / 산업동향 · 기업지원 / 산업동향,검토 대상 기능의 제안이며 특정 사업·예산의 선정이 아니다. 지원 여부는 담당자의 현장 확인 뒤에 기존 체계에서 결정한다.
철강,2024Q3,관찰,고용 축 진입신호 없음 (생산 12.8% 단독 감소 — 확인질문에 반영),S3,3.0,6.005875312806008,-12.759066889454685,552.0,9743.0,13822.2445,8.36797444001649,0.0,0.0,0.0,12.759066889454685,True,False,False,False,선제채용·신규 입주기업·고용조정 시차·생산 단가와 물량 구분 가능성을 확인한다.,기업지원 기능(모니터링),74.0,80.0,75.0,-1.0,-1.3333333333333308,0.0,61.345881396169744,-14.09962624546085,-10.06926933584684,official_quarterly,가동률 공표 정의가 2024Q2 를 기점으로 바뀌어 당기와 전년동기의 산출방식이 다르다,9743.0,74.0,False,메인 트랙,"75개 → 74개 (-1개, -1.3%)",,1,1,1,1,1,-12.759066889454685,B,상위 범주가 넓어 범위 과대·과소 가능,1,철강1차제품,-7.615159336100119,-7.615159336100119,True,-7.615159336100119,False,True,True,,,1.221593940040533,2.5941068659241395,방향 일치,1.3725129258836066,,,,비교자료 없음,,,False,KICOX 산단 고용과 고용보험 피보험자는 모집단이 다르다(산단 입주 사업체 vs 창원시 전역 사업장). 수준·점유율 비교 금지.,,,,,,,,,,,,,,,,,,,,,244553.0,9.782189062766534,-0.11753129612419588,204.0,A,mapped_chapters_only,0,True,False,usable,,291.0,237.0,0.0,창원시 전역 통관 · 연도창을 모두 확보한 HS6 합계(업종 수출 총액 아님),202402,115300.0,-0.6728060578389261,1989.0,-9.590909090909093,1817.0,-14.894613583138172,172.0,610.0,True,True,True,False,창원시 전역 제조업 총계 · 반기 · 표본조사. 업종별 값이 아니며 입직-이직을 KICOX 고용 증감과 같다고 보지 않는다.,1488574261,-0.9291692821514319,6026,2.2916313019860857,True,False,True,False,창원시 전역 제조업 총계 전력사용량 · 월→분기 합계. 업종별 값이 아니며 가동률과 개념·모집단이 다르다.,68.67,83.67,78.0,83.33,82.67,58.0,B,1.0,True,True,True,경상남도 제조업 총계(업종 공통 배경),전국 업종별 심리지수. 창원국가산단 개별 업종의 신호가 아니라 같은 업종의 전국 분위기다.,False,False,True,True,,False,PPI 조정 생산,2,가동 위축 신호 · 실질생산 위축 신호(PPI 조정),가동 위축 신호,"대표 확인신호는 표시순서에 따른 요약이며, 유일한 원인이 아니다. 확인신호 프로필 전체를 함께 읽어야 한다.",False,False,False,False,False,True,False,False,False,False,,True,False,True,3,연간보정 개정본 사용 구간 · 가동률 공표 정의 단절 구간 · 월별 원자료 미제공 구간,가중치 근거가 없어 신뢰도 점수를 만들지 않는다. 플래그를 그대로 읽는다.,"가동률 하락이 일시적 생산조정인지 수주·수요 감소에 따른 것인지 확인할 필요가 있다.
명목생산 변화에 가격효과가 포함되어 있으므로 실제 물량이 줄었는지 추가로 확인할 필요가 있다.","가동률 공표 정의가 바뀐 구간이어서 당기와 전년동기의 산출방식이 다르다. 가동률 증감 해석 전에 정의 차이를 확인할 필요가 있다.
이 분기는 월별 원자료가 공표되지 않아 분기 내 지속 여부를 확인할 수 없다. 분기말 단일시점 값에만 의존한 판단임을 감안할 필요가 있다.
연간보정 개정본을 사용한 구간이다. 이후 재개정 시 값이 달라질 수 있음을 확인할 필요가 있다.","창원시 제조업 전체에서 입직자 감소가 함께 관측되므로, 고용 감소가 신규 채용 둔화와 함께 나타나는지 확인할 필요가 있다.
가동률 하락과 창원시 제조업 전력사용 감소가 함께 나타나 실제 생산활동 위축 여부를 추가 확인할 필요가 있다. 다만 전력은 시 전체 제조업 총계이므로 이 업종의 값이 아니다.
경남 제조업 업황 심리지수가 기준선(100)을 밑돌아, 업종 고유 요인인지 지역 전반의 경기 흐름인지 구분해 확인할 필요가 있다.
같은 업종의 전국 업황 심리지수도 기준선을 밑돌아, 관측된 변화가 산단 고유 현상인지 전국 업종 흐름인지 확인할 필요가 있다.","가동률 하락이 일시적 생산조정인지 수주·수요 감소에 따른 것인지 확인할 필요가 있다.
명목생산 변화에 가격효과가 포함되어 있으므로 실제 물량이 줄었는지 추가로 확인할 필요가 있다.
창원시 제조업 전체에서 입직자 감소가 함께 관측되므로, 고용 감소가 신규 채용 둔화와 함께 나타나는지 확인할 필요가 있다.
가동률 하락과 창원시 제조업 전력사용 감소가 함께 나타나 실제 생산활동 위축 여부를 추가 확인할 필요가 있다. 다만 전력은 시 전체 제조업 총계이므로 이 업종의 값이 아니다.
경남 제조업 업황 심리지수가 기준선(100)을 밑돌아, 업종 고유 요인인지 지역 전반의 경기 흐름인지 구분해 확인할 필요가 있다.
같은 업종의 전국 업황 심리지수도 기준선을 밑돌아, 관측된 변화가 산단 고유 현상인지 전국 업종 흐름인지 확인할 필요가 있다.
가동률 공표 정의가 바뀐 구간이어서 당기와 전년동기의 산출방식이 다르다. 가동률 증감 해석 전에 정의 차이를 확인할 필요가 있다.
이 분기는 월별 원자료가 공표되지 않아 분기 내 지속 여부를 확인할 수 없다. 분기말 단일시점 값에만 의존한 판단임을 감안할 필요가 있다.
연간보정 개정본을 사용한 구간이다. 이후 재개정 시 값이 달라질 수 있음을 확인할 필요가 있다.",산업동향 · 기업지원 / 산업동향 / 고용지원 · 직업훈련,검토 대상 기능의 제안이며 특정 사업·예산의 선정이 아니다. 지원 여부는 담당자의 현장 확인 뒤에 기존 체계에서 결정한다.
기계,2024Q4,관찰,고용 축 진입신호 없음 [생산자료 미확인; 확인 가능한 신호에 따른 최소판정],INVALID,,-0.9347283445748532,,-528.0,55959.0,52778.54172229284,48.8409237697907,0.9347283445748532,1.8712014617176755,0.4608375373121302,,True,False,False,True,원자료와 비교기간(전년동기 기준값)의 존재 여부를 먼저 확인한다.,자료 검토,1469.0,1550.0,1459.0,10.0,0.6854009595613331,1.4397905759162333,76.9252196840637,-2.458638668065549,-1.9389858525867822,official_quarterly,가동률 공표 정의가 2024Q2 를 기점으로 바뀌어 당기와 전년동기의 산출방식이 다르다,55959.0,1469.0,False,메인 트랙,"1,459개 → 1,469개 (+10개, +0.7%)",,1,1,1,1,1,,A,대분류 직접 대응,1,기계및장비,,,True,,False,,,,,0.6966973355315709,0.936473117142822,방향 일치,0.23977578161125113,기계·장비,29263.0,-1.4315548369711717,방향 일치,0.4968264923963185,B,True,KICOX 산단 고용과 고용보험 피보험자는 모집단이 다르다(산단 입주 사업체 vs 창원시 전역 사업장). 수준·점유율 비교 금지.,,,,,,,,,,,,,,,,,,,,,2370830.0,-6.740681561692252,5.07940818181476,352.0,B,mapped_chapters_only,0,True,True,usable,,538.0,439.0,0.0,창원시 전역 통관 · 연도창을 모두 확보한 HS6 합계(업종 수출 총액 아님),202402,115300.0,-0.6728060578389261,1989.0,-9.590909090909093,1817.0,-14.894613583138172,172.0,610.0,True,True,True,False,창원시 전역 제조업 총계 · 반기 · 표본조사. 업종별 값이 아니며 입직-이직을 KICOX 고용 증감과 같다고 보지 않는다.,1400444731,-3.8389670854051317,6018,0.28328611898016387,True,True,True,False,창원시 전역 제조업 총계 전력사용량 · 월→분기 합계. 업종별 값이 아니며 가동률과 개념·모집단이 다르다.,62.33,77.0,71.0,77.67,89.33,66.0,C,2.0,True,True,True,경상남도 제조업 총계(업종 공통 배경),전국 업종별 심리지수. 창원국가산단 개별 업종의 신호가 아니라 같은 업종의 전국 분위기다.,False,False,False,,,,판단 불가,0,해석 보류,해석 보류,,True,True,False,False,False,True,False,False,False,False,,True,False,True,4,고용보험 지표와 방향 일치 · 연간보정 개정본 사용 구간 · 가동률 공표 정의 단절 구간 · 월별 원자료 미제공 구간,가중치 근거가 없어 신뢰도 점수를 만들지 않는다. 플래그를 그대로 읽는다.,,"가동률 공표 정의가 바뀐 구간이어서 당기와 전년동기의 산출방식이 다르다. 가동률 증감 해석 전에 정의 차이를 확인할 필요가 있다.
이 분기는 월별 원자료가 공표되지 않아 분기 내 지속 여부를 확인할 수 없다. 분기말 단일시점 값에만 의존한 판단임을 감안할 필요가 있다.
연간보정 개정본을 사용한 구간이다. 이후 재개정 시 값이 달라질 수 있음을 확인할 필요가 있다.","확인된 품목 기준 수출이 함께 감소하고 있어, 외부수요 약화 가능성을 보려면 수출 감소가 특정 품목·기업에 집중되는지 추가 확인할 필요가 있다.
창원시 제조업 전체에서 입직자 감소가 함께 관측되므로, 고용 감소가 신규 채용 둔화와 함께 나타나는지 확인할 필요가 있다.
가동률 하락과 창원시 제조업 전력사용 감소가 함께 나타나 실제 생산활동 위축 여부를 추가 확인할 필요가 있다. 다만 전력은 시 전체 제조업 총계이므로 이 업종의 값이 아니다.
경남 제조업 업황 심리지수가 기준선(100)을 밑돌아, 업종 고유 요인인지 지역 전반의 경기 흐름인지 구분해 확인할 필요가 있다.
같은 업종의 전국 업황 심리지수도 기준선을 밑돌아, 관측된 변화가 산단 고유 현상인지 전국 업종 흐름인지 확인할 필요가 있다.","확인된 품목 기준 수출이 함께 감소하고 있어, 외부수요 약화 가능성을 보려면 수출 감소가 특정 품목·기업에 집중되는지 추가 확인할 필요가 있다.
창원시 제조업 전체에서 입직자 감소가 함께 관측되므로, 고용 감소가 신규 채용 둔화와 함께 나타나는지 확인할 필요가 있다.
가동률 하락과 창원시 제조업 전력사용 감소가 함께 나타나 실제 생산활동 위축 여부를 추가 확인할 필요가 있다. 다만 전력은 시 전체 제조업 총계이므로 이 업종의 값이 아니다.
경남 제조업 업황 심리지수가 기준선(100)을 밑돌아, 업종 고유 요인인지 지역 전반의 경기 흐름인지 구분해 확인할 필요가 있다.
같은 업종의 전국 업황 심리지수도 기준선을 밑돌아, 관측된 변화가 산단 고유 현상인지 전국 업종 흐름인지 확인할 필요가 있다.
가동률 공표 정의가 바뀐 구간이어서 당기와 전년동기의 산출방식이 다르다. 가동률 증감 해석 전에 정의 차이를 확인할 필요가 있다.
이 분기는 월별 원자료가 공표되지 않아 분기 내 지속 여부를 확인할 수 없다. 분기말 단일시점 값에만 의존한 판단임을 감안할 필요가 있다.
연간보정 개정본을 사용한 구간이다. 이후 재개정 시 값이 달라질 수 있음을 확인할 필요가 있다.",산업동향 · 기업지원 / 고용지원 · 직업훈련 / 산업동향,검토 대상 기능의 제안이며 특정 사업·예산의 선정이 아니다. 지원 여부는 담당자의 현장 확인 뒤에 기존 체계에서 결정한다.
기타,2024Q4,관찰,고용 축 진입신호 없음 [생산자료 미확인; 확인 가능한 신호에 따른 최소판정],INVALID,,15.294117647058814,,26.0,196.0,79.58953333333334,0.1710684797598058,0.0,0.0,0.0,,False,False,False,True,원자료와 비교기간(전년동기 기준값)의 존재 여부를 먼저 확인한다.,자료 검토,26.0,37.0,23.0,3.0,13.043478260869556,42.307692307692314,63.02831763797507,5.707022387514837,3.402839392151911,official_quarterly,가동률 공표 정의가 2024Q2 를 기점으로 바뀌어 당기와 전년동기의 산출방식이 다르다,196.0,26.0,True,소규모 집계 트랙,"23개 → 26개 (+3개, +13.0%)","소규모 집계 트랙은 업종을 배제하는 장치가 아니라, 분모가 작아 비율 변동이 커지는 집계군을 별도 방식으로 읽기 위한 표시다.",1,1,1,1,1,,D,대응 항목 없음 — 조정 생산 산출 불가,0,,,,True,,False,,,,,0.6966973355315709,0.936473117142822,방향 일치,0.23977578161125113,,,,비교자료 없음,,,False,KICOX 산단 고용과 고용보험 피보험자는 모집단이 다르다(산단 입주 사업체 vs 창원시 전역 사업장). 수준·점유율 비교 금지.,,,,,,,,,,,,,,,,,,,,,,,,,,no_data,0,False,,no_mapped_chapter,해당 업종에 귀속 근거가 있는 HS 류가 없다,,,,창원시 전역 통관 · 연도창을 모두 확보한 HS6 합계(업종 수출 총액 아님),202402,115300.0,-0.6728060578389261,1989.0,-9.590909090909093,1817.0,-14.894613583138172,172.0,610.0,True,True,True,False,창원시 전역 제조업 총계 · 반기 · 표본조사. 업종별 값이 아니며 입직-이직을 KICOX 고용 증감과 같다고 보지 않는다.,1400444731,-3.8389670854051317,6018,0.28328611898016387,True,True,False,True,창원시 전역 제조업 총계 전력사용량 · 월→분기 합계. 업종별 값이 아니며 가동률과 개념·모집단이 다르다.,62.33,77.0,71.0,77.67,89.33,,,,True,,True,경상남도 제조업 총계(업종 공통 배경),전국 업종별 심리지수. 창원국가산단 개별 업종의 신호가 아니라 같은 업종의 전국 분위기다.,,False,False,,,,판단 불가,0,해석 보류,해석 보류,,True,False,False,False,False,True,False,True,True,False,,True,False,True,5,PPI 매핑 불확실(C·D 등급) · 소규모 분모 — 비율 변동 과대 가능 · 연간보정 개정본 사용 구간 · 가동률 공표 정의 단절 구간 · 월별 원자료 미제공 구간,가중치 근거가 없어 신뢰도 점수를 만들지 않는다. 플래그를 그대로 읽는다.,,"이 업종은 생산자물가지수 대응 후보가 복수이거나 없어, PPI 조정 생산을 단일값으로 해석하지 않고 원자료로 확인할 필요가 있다.
업체수·고용 규모가 작아 비율 변동이 크게 나타난다. 절대 증감 개수로 다시 확인할 필요가 있다.
가동률 공표 정의가 바뀐 구간이어서 당기와 전년동기의 산출방식이 다르다. 가동률 증감 해석 전에 정의 차이를 확인할 필요가 있다.
이 분기는 월별 원자료가 공표되지 않아 분기 내 지속 여부를 확인할 수 없다. 분기말 단일시점 값에만 의존한 판단임을 감안할 필요가 있다.
연간보정 개정본을 사용한 구간이다. 이후 재개정 시 값이 달라질 수 있음을 확인할 필요가 있다.","창원시 제조업 전체에서 입직자 감소가 함께 관측되므로, 고용 감소가 신규 채용 둔화와 함께 나타나는지 확인할 필요가 있다.
가동률과 전력사용의 방향이 달라 업종 구성·설비 특성·자료범위(산단 vs 시 전체) 차이를 추가 확인할 필요가 있다.
경남 제조업 업황 심리지수가 기준선(100)을 밑돌아, 업종 고유 요인인지 지역 전반의 경기 흐름인지 구분해 확인할 필요가 있다.","창원시 제조업 전체에서 입직자 감소가 함께 관측되므로, 고용 감소가 신규 채용 둔화와 함께 나타나는지 확인할 필요가 있다.
가동률과 전력사용의 방향이 달라 업종 구성·설비 특성·자료범위(산단 vs 시 전체) 차이를 추가 확인할 필요가 있다.
경남 제조업 업황 심리지수가 기준선(100)을 밑돌아, 업종 고유 요인인지 지역 전반의 경기 흐름인지 구분해 확인할 필요가 있다.
이 업종은 생산자물가지수 대응 후보가 복수이거나 없어, PPI 조정 생산을 단일값으로 해석하지 않고 원자료로 확인할 필요가 있다.
업체수·고용 규모가 작아 비율 변동이 크게 나타난다. 절대 증감 개수로 다시 확인할 필요가 있다.
가동률 공표 정의가 바뀐 구간이어서 당기와 전년동기의 산출방식이 다르다. 가동률 증감 해석 전에 정의 차이를 확인할 필요가 있다.
이 분기는 월별 원자료가 공표되지 않아 분기 내 지속 여부를 확인할 수 없다. 분기말 단일시점 값에만 의존한 판단임을 감안할 필요가 있다.
연간보정 개정본을 사용한 구간이다. 이후 재개정 시 값이 달라질 수 있음을 확인할 필요가 있다.",고용지원 · 직업훈련 / 산업동향,검토 대상 기능의 제안이며 특정 사업·예산의 선정이 아니다. 지원 여부는 담당자의 현장 확인 뒤에 기존 체계에서 결정한다.
목재종이,2024Q4,추가확인,고용감소 10.5%(상위경계 10% 통과) · 산단평균 대비 11.4%p 열위(상위경계 통과) [상위경계 통과했으나 고용 214인 < 300인으로 우선점검 제외] [생산자료 미확인; 확인 가능한 신호에 따른 최소판정],INVALID,,-10.460251046025103,,-25.0,214.0,62.71,0.1867788503499921,10.460251046025103,11.396724163167924,0.0218199591530364,,False,True,False,True,원자료와 비교기간(전년동기 기준값)의 존재 여부를 먼저 확인한다.,자료 검토,44.0,50.0,43.0,1.0,2.3255813953488413,4.166666666666674,71.94814134924276,0.5767211531299221,0.41256082489817913,official_quarterly,가동률 공표 정의가 2024Q2 를 기점으로 바뀌어 당기와 전년동기의 산출방식이 다르다,214.0,44.0,True,소규모 집계 트랙,"43개 → 44개 (+1개, +2.3%)","소규모 집계 트랙은 업종을 배제하는 장치가 아니라, 분모가 작아 비율 변동이 커지는 집계군을 별도 방식으로 읽기 위한 표시다.",1,1,1,1,1,,A,대분류 직접 대응,1,목재및종이제품,,,True,,False,,,,,0.6966973355315709,0.936473117142822,방향 일치,0.23977578161125113,,,,비교자료 없음,,,False,KICOX 산단 고용과 고용보험 피보험자는 모집단이 다르다(산단 입주 사업체 vs 창원시 전역 사업장). 수준·점유율 비교 금지.,,,,,,,,,,,,,,,,,,,,,,,,,,no_data,0,False,,no_mapped_chapter,해당 업종에 귀속 근거가 있는 HS 류가 없다,,,,창원시 전역 통관 · 연도창을 모두 확보한 HS6 합계(업종 수출 총액 아님),202402,115300.0,-0.6728060578389261,1989.0,-9.590909090909093,1817.0,-14.894613583138172,172.0,610.0,True,True,True,False,창원시 전역 제조업 총계 · 반기 · 표본조사. 업종별 값이 아니며 입직-이직을 KICOX 고용 증감과 같다고 보지 않는다.,1400444731,-3.8389670854051317,6018,0.28328611898016387,True,True,False,True,창원시 전역 제조업 총계 전력사용량 · 월→분기 합계. 업종별 값이 아니며 가동률과 개념·모집단이 다르다.,62.33,77.0,71.0,77.67,89.33,51.34,A,2.0,True,True,True,경상남도 제조업 총계(업종 공통 배경),전국 업종별 심리지수. 창원국가산단 개별 업종의 신호가 아니라 같은 업종의 전국 분위기다.,,False,False,,,,판단 불가,0,해석 보류,해석 보류,,True,False,False,False,False,True,False,False,True,False,,True,False,True,4,소규모 분모 — 비율 변동 과대 가능 · 연간보정 개정본 사용 구간 · 가동률 공표 정의 단절 구간 · 월별 원자료 미제공 구간,가중치 근거가 없어 신뢰도 점수를 만들지 않는다. 플래그를 그대로 읽는다.,,"업체수·고용 규모가 작아 비율 변동이 크게 나타난다. 절대 증감 개수로 다시 확인할 필요가 있다.
가동률 공표 정의가 바뀐 구간이어서 당기와 전년동기의 산출방식이 다르다. 가동률 증감 해석 전에 정의 차이를 확인할 필요가 있다.
이 분기는 월별 원자료가 공표되지 않아 분기 내 지속 여부를 확인할 수 없다. 분기말 단일시점 값에만 의존한 판단임을 감안할 필요가 있다.
연간보정 개정본을 사용한 구간이다. 이후 재개정 시 값이 달라질 수 있음을 확인할 필요가 있다.","창원시 제조업 전체에서 입직자 감소가 함께 관측되므로, 고용 감소가 신규 채용 둔화와 함께 나타나는지 확인할 필요가 있다.
가동률과 전력사용의 방향이 달라 업종 구성·설비 특성·자료범위(산단 vs 시 전체) 차이를 추가 확인할 필요가 있다.
경남 제조업 업황 심리지수가 기준선(100)을 밑돌아, 업종 고유 요인인지 지역 전반의 경기 흐름인지 구분해 확인할 필요가 있다.
같은 업종의 전국 업황 심리지수도 기준선을 밑돌아, 관측된 변화가 산단 고유 현상인지 전국 업종 흐름인지 확인할 필요가 있다.","창원시 제조업 전체에서 입직자 감소가 함께 관측되므로, 고용 감소가 신규 채용 둔화와 함께 나타나는지 확인할 필요가 있다.
가동률과 전력사용의 방향이 달라 업종 구성·설비 특성·자료범위(산단 vs 시 전체) 차이를 추가 확인할 필요가 있다.
경남 제조업 업황 심리지수가 기준선(100)을 밑돌아, 업종 고유 요인인지 지역 전반의 경기 흐름인지 구분해 확인할 필요가 있다.
같은 업종의 전국 업황 심리지수도 기준선을 밑돌아, 관측된 변화가 산단 고유 현상인지 전국 업종 흐름인지 확인할 필요가 있다.
업체수·고용 규모가 작아 비율 변동이 크게 나타난다. 절대 증감 개수로 다시 확인할 필요가 있다.
가동률 공표 정의가 바뀐 구간이어서 당기와 전년동기의 산출방식이 다르다. 가동률 증감 해석 전에 정의 차이를 확인할 필요가 있다.
이 분기는 월별 원자료가 공표되지 않아 분기 내 지속 여부를 확인할 수 없다. 분기말 단일시점 값에만 의존한 판단임을 감안할 필요가 있다.
연간보정 개정본을 사용한 구간이다. 이후 재개정 시 값이 달라질 수 있음을 확인할 필요가 있다.",고용지원 · 직업훈련 / 산업동향,검토 대상 기능의 제안이며 특정 사업·예산의 선정이 아니다. 지원 여부는 담당자의 현장 확인 뒤에 기존 체계에서 결정한다.
비금속,2024Q4,관찰,고용 축 진입신호 없음 [생산자료 미확인; 확인 가능한 신호에 따른 최소판정],INVALID,,-1.9920318725099584,,-5.0,246.0,101.475,0.2147083980658788,1.9920318725099584,2.9285049896527804,0.0043639918306072,,False,False,False,True,원자료와 비교기간(전년동기 기준값)의 존재 여부를 먼저 확인한다.,자료 검토,6.0,6.0,5.0,1.0,19.999999999999996,19.999999999999996,32.91917406043697,-44.4404974177661,-26.33112972281439,official_quarterly,가동률 공표 정의가 2024Q2 를 기점으로 바뀌어 당기와 전년동기의 산출방식이 다르다,246.0,6.0,True,소규모 집계 트랙,"5개 → 6개 (+1개, +20.0%)","소규모 집계 트랙은 업종을 배제하는 장치가 아니라, 분모가 작아 비율 변동이 커지는 집계군을 별도 방식으로 읽기 위한 표시다.",1,1,1,1,1,,A,대분류 직접 대응,1,비금속광물제품,,,True,,False,,,,,0.6966973355315709,0.936473117142822,방향 일치,0.23977578161125113,,,,비교자료 없음,,,False,KICOX 산단 고용과 고용보험 피보험자는 모집단이 다르다(산단 입주 사업체 vs 창원시 전역 사업장). 수준·점유율 비교 금지.,,,,,,,,,,,,,,,,,,,,,,,,,,no_data,0,False,,no_mapped_chapter,해당 업종에 귀속 근거가 있는 HS 류가 없다,,,,창원시 전역 통관 · 연도창을 모두 확보한 HS6 합계(업종 수출 총액 아님),202402,115300.0,-0.6728060578389261,1989.0,-9.590909090909093,1817.0,-14.894613583138172,172.0,610.0,True,True,True,False,창원시 전역 제조업 총계 · 반기 · 표본조사. 업종별 값이 아니며 입직-이직을 KICOX 고용 증감과 같다고 보지 않는다.,1400444731,-3.8389670854051317,6018,0.28328611898016387,True,True,True,False,창원시 전역 제조업 총계 전력사용량 · 월→분기 합계. 업종별 값이 아니며 가동률과 개념·모집단이 다르다.,62.33,77.0,71.0,77.67,89.33,48.0,A,1.0,True,True,True,경상남도 제조업 총계(업종 공통 배경),전국 업종별 심리지수. 창원국가산단 개별 업종의 신호가 아니라 같은 업종의 전국 분위기다.,,False,True,,,,판단 불가,1,가동 위축 신호,가동 위축 신호,,True,False,False,False,False,True,False,False,True,False,,True,False,True,4,소규모 분모 — 비율 변동 과대 가능 · 연간보정 개정본 사용 구간 · 가동률 공표 정의 단절 구간 · 월별 원자료 미제공 구간,가중치 근거가 없어 신뢰도 점수를 만들지 않는다. 플래그를 그대로 읽는다.,가동률 하락이 일시적 생산조정인지 수주·수요 감소에 따른 것인지 확인할 필요가 있다.,"업체수·고용 규모가 작아 비율 변동이 크게 나타난다. 절대 증감 개수로 다시 확인할 필요가 있다.
가동률 공표 정의가 바뀐 구간이어서 당기와 전년동기의 산출방식이 다르다. 가동률 증감 해석 전에 정의 차이를 확인할 필요가 있다.
이 분기는 월별 원자료가 공표되지 않아 분기 내 지속 여부를 확인할 수 없다. 분기말 단일시점 값에만 의존한 판단임을 감안할 필요가 있다.
연간보정 개정본을 사용한 구간이다. 이후 재개정 시 값이 달라질 수 있음을 확인할 필요가 있다.","창원시 제조업 전체에서 입직자 감소가 함께 관측되므로, 고용 감소가 신규 채용 둔화와 함께 나타나는지 확인할 필요가 있다.
가동률 하락과 창원시 제조업 전력사용 감소가 함께 나타나 실제 생산활동 위축 여부를 추가 확인할 필요가 있다. 다만 전력은 시 전체 제조업 총계이므로 이 업종의 값이 아니다.
경남 제조업 업황 심리지수가 기준선(100)을 밑돌아, 업종 고유 요인인지 지역 전반의 경기 흐름인지 구분해 확인할 필요가 있다.
같은 업종의 전국 업황 심리지수도 기준선을 밑돌아, 관측된 변화가 산단 고유 현상인지 전국 업종 흐름인지 확인할 필요가 있다.","가동률 하락이 일시적 생산조정인지 수주·수요 감소에 따른 것인지 확인할 필요가 있다.
창원시 제조업 전체에서 입직자 감소가 함께 관측되므로, 고용 감소가 신규 채용 둔화와 함께 나타나는지 확인할 필요가 있다.
가동률 하락과 창원시 제조업 전력사용 감소가 함께 나타나 실제 생산활동 위축 여부를 추가 확인할 필요가 있다. 다만 전력은 시 전체 제조업 총계이므로 이 업종의 값이 아니다.
경남 제조업 업황 심리지수가 기준선(100)을 밑돌아, 업종 고유 요인인지 지역 전반의 경기 흐름인지 구분해 확인할 필요가 있다.
같은 업종의 전국 업황 심리지수도 기준선을 밑돌아, 관측된 변화가 산단 고유 현상인지 전국 업종 흐름인지 확인할 필요가 있다.
업체수·고용 규모가 작아 비율 변동이 크게 나타난다. 절대 증감 개수로 다시 확인할 필요가 있다.
가동률 공표 정의가 바뀐 구간이어서 당기와 전년동기의 산출방식이 다르다. 가동률 증감 해석 전에 정의 차이를 확인할 필요가 있다.
이 분기는 월별 원자료가 공표되지 않아 분기 내 지속 여부를 확인할 수 없다. 분기말 단일시점 값에만 의존한 판단임을 감안할 필요가 있다.
연간보정 개정본을 사용한 구간이다. 이후 재개정 시 값이 달라질 수 있음을 확인할 필요가 있다.",산업동향 · 기업지원 / 고용지원 · 직업훈련 / 산업동향,검토 대상 기능의 제안이며 특정 사업·예산의 선정이 아니다. 지원 여부는 담당자의 현장 확인 뒤에 기존 체계에서 결정한다.
석유화학,2024Q4,관찰,고용 축 진입신호 없음 [생산자료 미확인; 확인 가능한 신호에 따른 최소판정],INVALID,,-1.579778830963663,,-10.0,623.0,719.2716666666668,0.5437533820936687,1.579778830963663,2.516251948106485,0.0087279836612145,,True,False,False,True,원자료와 비교기간(전년동기 기준값)의 존재 여부를 먼저 확인한다.,자료 검토,42.0,44.0,42.0,0.0,0.0,2.3255813953488413,72.51916478183573,-5.644984721703894,-4.338609622570374,official_quarterly,가동률 공표 정의가 2024Q2 를 기점으로 바뀌어 당기와 전년동기의 산출방식이 다르다,623.0,42.0,False,메인 트랙,"42개 → 42개 (+0개, +0.0%)",,1,1,1,1,1,,C,복수 후보만 존재 — 가중치 근거 없음. 밴드로만 해석,2,석탄및석유제품|화학제품,,,True,,True,,,,,0.6966973355315709,0.936473117142822,방향 일치,0.23977578161125113,,,,비교자료 없음,,,False,KICOX 산단 고용과 고용보험 피보험자는 모집단이 다르다(산단 입주 사업체 vs 창원시 전역 사업장). 수준·점유율 비교 금지.,,,,,,,,,,,,,,,,,,,,,,,,,,no_data,0,False,,no_mapped_chapter,해당 업종에 귀속 근거가 있는 HS 류가 없다,,,,창원시 전역 통관 · 연도창을 모두 확보한 HS6 합계(업종 수출 총액 아님),202402,115300.0,-0.6728060578389261,1989.0,-9.590909090909093,1817.0,-14.894613583138172,172.0,610.0,True,True,True,False,창원시 전역 제조업 총계 · 반기 · 표본조사. 업종별 값이 아니며 입직-이직을 KICOX 고용 증감과 같다고 보지 않는다.,1400444731,-3.8389670854051317,6018,0.28328611898016387,True,True,True,False,창원시 전역 제조업 총계 전력사용량 · 월→분기 합계. 업종별 값이 아니며 가동률과 개념·모집단이 다르다.,62.33,77.0,71.0,77.67,89.33,66.67,B,3.0,True,True,True,경상남도 제조업 총계(업종 공통 배경),전국 업종별 심리지수. 창원국가산단 개별 업종의 신호가 아니라 같은 업종의 전국 분위기다.,,False,True,,,,판단 불가,1,가동 위축 신호,가동 위축 신호,,True,False,False,False,False,True,False,True,False,False,,True,False,True,4,PPI 매핑 불확실(C·D 등급) · 연간보정 개정본 사용 구간 · 가동률 공표 정의 단절 구간 · 월별 원자료 미제공 구간,가중치 근거가 없어 신뢰도 점수를 만들지 않는다. 플래그를 그대로 읽는다.,가동률 하락이 일시적 생산조정인지 수주·수요 감소에 따른 것인지 확인할 필요가 있다.,"이 업종은 생산자물가지수 대응 후보가 복수이거나 없어, PPI 조정 생산을 단일값으로 해석하지 않고 원자료로 확인할 필요가 있다.
가동률 공표 정의가 바뀐 구간이어서 당기와 전년동기의 산출방식이 다르다. 가동률 증감 해석 전에 정의 차이를 확인할 필요가 있다.
이 분기는 월별 원자료가 공표되지 않아 분기 내 지속 여부를 확인할 수 없다. 분기말 단일시점 값에만 의존한 판단임을 감안할 필요가 있다.
연간보정 개정본을 사용한 구간이다. 이후 재개정 시 값이 달라질 수 있음을 확인할 필요가 있다.","창원시 제조업 전체에서 입직자 감소가 함께 관측되므로, 고용 감소가 신규 채용 둔화와 함께 나타나는지 확인할 필요가 있다.
가동률 하락과 창원시 제조업 전력사용 감소가 함께 나타나 실제 생산활동 위축 여부를 추가 확인할 필요가 있다. 다만 전력은 시 전체 제조업 총계이므로 이 업종의 값이 아니다.
경남 제조업 업황 심리지수가 기준선(100)을 밑돌아, 업종 고유 요인인지 지역 전반의 경기 흐름인지 구분해 확인할 필요가 있다.
같은 업종의 전국 업황 심리지수도 기준선을 밑돌아, 관측된 변화가 산단 고유 현상인지 전국 업종 흐름인지 확인할 필요가 있다.","가동률 하락이 일시적 생산조정인지 수주·수요 감소에 따른 것인지 확인할 필요가 있다.
창원시 제조업 전체에서 입직자 감소가 함께 관측되므로, 고용 감소가 신규 채용 둔화와 함께 나타나는지 확인할 필요가 있다.
가동률 하락과 창원시 제조업 전력사용 감소가 함께 나타나 실제 생산활동 위축 여부를 추가 확인할 필요가 있다. 다만 전력은 시 전체 제조업 총계이므로 이 업종의 값이 아니다.
경남 제조업 업황 심리지수가 기준선(100)을 밑돌아, 업종 고유 요인인지 지역 전반의 경기 흐름인지 구분해 확인할 필요가 있다.
같은 업종의 전국 업황 심리지수도 기준선을 밑돌아, 관측된 변화가 산단 고유 현상인지 전국 업종 흐름인지 확인할 필요가 있다.
이 업종은 생산자물가지수 대응 후보가 복수이거나 없어, PPI 조정 생산을 단일값으로 해석하지 않고 원자료로 확인할 필요가 있다.
가동률 공표 정의가 바뀐 구간이어서 당기와 전년동기의 산출방식이 다르다. 가동률 증감 해석 전에 정의 차이를 확인할 필요가 있다.
이 분기는 월별 원자료가 공표되지 않아 분기 내 지속 여부를 확인할 수 없다. 분기말 단일시점 값에만 의존한 판단임을 감안할 필요가 있다.
연간보정 개정본을 사용한 구간이다. 이후 재개정 시 값이 달라질 수 있음을 확인할 필요가 있다.",산업동향 · 기업지원 / 고용지원 · 직업훈련 / 산업동향,검토 대상 기능의 제안이며 특정 사업·예산의 선정이 아니다. 지원 여부는 담당자의 현장 확인 뒤에 기존 체계에서 결정한다.
섬유의복,2024Q4,추가확인,고용감소 10.5%(상위경계 10% 통과) · 산단평균 대비 11.5%p 열위(상위경계 통과) [상위경계 통과했으나 고용 34인 < 300인으로 우선점검 제외] [생산자료 미확인; 확인 가능한 신호에 따른 최소판정],INVALID,,-10.526315789473683,,-4.0,34.0,9.9792,0.0296751444481295,10.526315789473683,11.462788906616506,0.0034911934644858,,False,True,False,True,원자료와 비교기간(전년동기 기준값)의 존재 여부를 먼저 확인한다.,자료 검토,7.0,9.0,7.0,0.0,0.0,12.5,90.89186825998252,-9.10813174001749,-9.108131740017484,official_quarterly,가동률 공표 정의가 2024Q2 를 기점으로 바뀌어 당기와 전년동기의 산출방식이 다르다,34.0,7.0,True,소규모 집계 트랙,"7개 → 7개 (+0개, +0.0%)","소규모 집계 트랙은 업종을 배제하는 장치가 아니라, 분모가 작아 비율 변동이 커지는 집계군을 별도 방식으로 읽기 위한 표시다.",1,1,1,1,1,,A,대분류 직접 대응,1,섬유및의복,,,True,,False,,,,,0.6966973355315709,0.936473117142822,방향 일치,0.23977578161125113,,,,비교자료 없음,,,False,KICOX 산단 고용과 고용보험 피보험자는 모집단이 다르다(산단 입주 사업체 vs 창원시 전역 사업장). 수준·점유율 비교 금지.,,,,,,,,,,,,,,,,,,,,,,,,,,no_data,0,False,,no_mapped_chapter,해당 업종에 귀속 근거가 있는 HS 류가 없다,,,,창원시 전역 통관 · 연도창을 모두 확보한 HS6 합계(업종 수출 총액 아님),202402,115300.0,-0.6728060578389261,1989.0,-9.590909090909093,1817.0,-14.894613583138172,172.0,610.0,True,True,True,False,창원시 전역 제조업 총계 · 반기 · 표본조사. 업종별 값이 아니며 입직-이직을 KICOX 고용 증감과 같다고 보지 않는다.,1400444731,-3.8389670854051317,6018,0.28328611898016387,True,True,True,False,창원시 전역 제조업 총계 전력사용량 · 월→분기 합계. 업종별 값이 아니며 가동률과 개념·모집단이 다르다.,62.33,77.0,71.0,77.67,89.33,57.84,A,2.0,True,True,True,경상남도 제조업 총계(업종 공통 배경),전국 업종별 심리지수. 창원국가산단 개별 업종의 신호가 아니라 같은 업종의 전국 분위기다.,,False,True,,,,판단 불가,1,가동 위축 신호,가동 위축 신호,,True,False,False,False,False,True,False,False,True,False,,True,False,True,4,소규모 분모 — 비율 변동 과대 가능 · 연간보정 개정본 사용 구간 · 가동률 공표 정의 단절 구간 · 월별 원자료 미제공 구간,가중치 근거가 없어 신뢰도 점수를 만들지 않는다. 플래그를 그대로 읽는다.,가동률 하락이 일시적 생산조정인지 수주·수요 감소에 따른 것인지 확인할 필요가 있다.,"업체수·고용 규모가 작아 비율 변동이 크게 나타난다. 절대 증감 개수로 다시 확인할 필요가 있다.
가동률 공표 정의가 바뀐 구간이어서 당기와 전년동기의 산출방식이 다르다. 가동률 증감 해석 전에 정의 차이를 확인할 필요가 있다.
이 분기는 월별 원자료가 공표되지 않아 분기 내 지속 여부를 확인할 수 없다. 분기말 단일시점 값에만 의존한 판단임을 감안할 필요가 있다.
연간보정 개정본을 사용한 구간이다. 이후 재개정 시 값이 달라질 수 있음을 확인할 필요가 있다.","창원시 제조업 전체에서 입직자 감소가 함께 관측되므로, 고용 감소가 신규 채용 둔화와 함께 나타나는지 확인할 필요가 있다.
가동률 하락과 창원시 제조업 전력사용 감소가 함께 나타나 실제 생산활동 위축 여부를 추가 확인할 필요가 있다. 다만 전력은 시 전체 제조업 총계이므로 이 업종의 값이 아니다.
경남 제조업 업황 심리지수가 기준선(100)을 밑돌아, 업종 고유 요인인지 지역 전반의 경기 흐름인지 구분해 확인할 필요가 있다.
같은 업종의 전국 업황 심리지수도 기준선을 밑돌아, 관측된 변화가 산단 고유 현상인지 전국 업종 흐름인지 확인할 필요가 있다.","가동률 하락이 일시적 생산조정인지 수주·수요 감소에 따른 것인지 확인할 필요가 있다.
창원시 제조업 전체에서 입직자 감소가 함께 관측되므로, 고용 감소가 신규 채용 둔화와 함께 나타나는지 확인할 필요가 있다.
가동률 하락과 창원시 제조업 전력사용 감소가 함께 나타나 실제 생산활동 위축 여부를 추가 확인할 필요가 있다. 다만 전력은 시 전체 제조업 총계이므로 이 업종의 값이 아니다.
경남 제조업 업황 심리지수가 기준선(100)을 밑돌아, 업종 고유 요인인지 지역 전반의 경기 흐름인지 구분해 확인할 필요가 있다.
같은 업종의 전국 업황 심리지수도 기준선을 밑돌아, 관측된 변화가 산단 고유 현상인지 전국 업종 흐름인지 확인할 필요가 있다.
업체수·고용 규모가 작아 비율 변동이 크게 나타난다. 절대 증감 개수로 다시 확인할 필요가 있다.
가동률 공표 정의가 바뀐 구간이어서 당기와 전년동기의 산출방식이 다르다. 가동률 증감 해석 전에 정의 차이를 확인할 필요가 있다.
이 분기는 월별 원자료가 공표되지 않아 분기 내 지속 여부를 확인할 수 없다. 분기말 단일시점 값에만 의존한 판단임을 감안할 필요가 있다.
연간보정 개정본을 사용한 구간이다. 이후 재개정 시 값이 달라질 수 있음을 확인할 필요가 있다.",산업동향 · 기업지원 / 고용지원 · 직업훈련 / 산업동향,검토 대상 기능의 제안이며 특정 사업·예산의 선정이 아니다. 지원 여부는 담당자의 현장 확인 뒤에 기존 체계에서 결정한다.
운송장비,2024Q4,관찰,고용 축 진입신호 없음 [생산자료 미확인; 확인 가능한 신호에 따른 최소판정],INVALID,,2.28907782864618,,385.0,17204.0,53588.47858727274,15.015623090753577,0.0,0.0,0.0,,True,False,False,True,원자료와 비교기간(전년동기 기준값)의 존재 여부를 먼저 확인한다.,자료 검토,242.0,247.0,241.0,1.0,0.4149377593360981,1.2295081967213184,93.01256277338726,1.0023325307628062,0.9230432119870926,official_quarterly,가동률 공표 정의가 2024Q2 를 기점으로 바뀌어 당기와 전년동기의 산출방식이 다르다,17204.0,242.0,False,메인 트랙,"241개 → 242개 (+1개, +0.4%)",,1,1,1,1,1,,A,대분류 직접 대응,1,운송장비,,,True,,False,,,,,0.6966973355315709,0.936473117142822,방향 일치,0.23977578161125113,자동차·부품,18910.0,2.7382375312398066,방향 일치 (매핑 C등급 — 참고),-0.4491597025936267,C,True,KICOX 산단 고용과 고용보험 피보험자는 모집단이 다르다(산단 입주 사업체 vs 창원시 전역 사업장). 수준·점유율 비교 금지.,,,,,,,,,,,,,,,,,,,,,1994017.0,25.775096617031966,10.448934852023072,60.0,A,mapped_chapters_only,0,True,False,usable,,123.0,81.0,0.0,창원시 전역 통관 · 연도창을 모두 확보한 HS6 합계(업종 수출 총액 아님),202402,115300.0,-0.6728060578389261,1989.0,-9.590909090909093,1817.0,-14.894613583138172,172.0,610.0,True,True,True,False,창원시 전역 제조업 총계 · 반기 · 표본조사. 업종별 값이 아니며 입직-이직을 KICOX 고용 증감과 같다고 보지 않는다.,1400444731,-3.8389670854051317,6018,0.28328611898016387,True,True,False,True,창원시 전역 제조업 총계 전력사용량 · 월→분기 합계. 업종별 값이 아니며 가동률과 개념·모집단이 다르다.,62.33,77.0,71.0,77.67,89.33,92.0,A,2.0,True,True,True,경상남도 제조업 총계(업종 공통 배경),전국 업종별 심리지수. 창원국가산단 개별 업종의 신호가 아니라 같은 업종의 전국 분위기다.,False,False,False,,,,판단 불가,0,해석 보류,해석 보류,,True,True,False,False,False,True,False,False,False,False,,True,True,True,5,고용보험 지표와 방향 일치 · 연간보정 개정본 사용 구간 · 외부자료 업종 대응 불확실 · 가동률 공표 정의 단절 구간 · 월별 원자료 미제공 구간,가중치 근거가 없어 신뢰도 점수를 만들지 않는다. 플래그를 그대로 읽는다.,,"가동률 공표 정의가 바뀐 구간이어서 당기와 전년동기의 산출방식이 다르다. 가동률 증감 해석 전에 정의 차이를 확인할 필요가 있다.
이 분기는 월별 원자료가 공표되지 않아 분기 내 지속 여부를 확인할 수 없다. 분기말 단일시점 값에만 의존한 판단임을 감안할 필요가 있다.
연간보정 개정본을 사용한 구간이다. 이후 재개정 시 값이 달라질 수 있음을 확인할 필요가 있다.
외부 자료의 업종 구분이 산단 10업종과 정확히 대응하지 않는다. 비교 결과를 참고로만 읽고 대응 범위를 확인할 필요가 있다.","창원시 제조업 전체에서 입직자 감소가 함께 관측되므로, 고용 감소가 신규 채용 둔화와 함께 나타나는지 확인할 필요가 있다.
가동률과 전력사용의 방향이 달라 업종 구성·설비 특성·자료범위(산단 vs 시 전체) 차이를 추가 확인할 필요가 있다.
경남 제조업 업황 심리지수가 기준선(100)을 밑돌아, 업종 고유 요인인지 지역 전반의 경기 흐름인지 구분해 확인할 필요가 있다.
같은 업종의 전국 업황 심리지수도 기준선을 밑돌아, 관측된 변화가 산단 고유 현상인지 전국 업종 흐름인지 확인할 필요가 있다.","창원시 제조업 전체에서 입직자 감소가 함께 관측되므로, 고용 감소가 신규 채용 둔화와 함께 나타나는지 확인할 필요가 있다.
가동률과 전력사용의 방향이 달라 업종 구성·설비 특성·자료범위(산단 vs 시 전체) 차이를 추가 확인할 필요가 있다.
경남 제조업 업황 심리지수가 기준선(100)을 밑돌아, 업종 고유 요인인지 지역 전반의 경기 흐름인지 구분해 확인할 필요가 있다.
같은 업종의 전국 업황 심리지수도 기준선을 밑돌아, 관측된 변화가 산단 고유 현상인지 전국 업종 흐름인지 확인할 필요가 있다.
가동률 공표 정의가 바뀐 구간이어서 당기와 전년동기의 산출방식이 다르다. 가동률 증감 해석 전에 정의 차이를 확인할 필요가 있다.
이 분기는 월별 원자료가 공표되지 않아 분기 내 지속 여부를 확인할 수 없다. 분기말 단일시점 값에만 의존한 판단임을 감안할 필요가 있다.
연간보정 개정본을 사용한 구간이다. 이후 재개정 시 값이 달라질 수 있음을 확인할 필요가 있다.
외부 자료의 업종 구분이 산단 10업종과 정확히 대응하지 않는다. 비교 결과를 참고로만 읽고 대응 범위를 확인할 필요가 있다.",고용지원 · 직업훈련 / 산업동향,검토 대상 기능의 제안이며 특정 사업·예산의 선정이 아니다. 지원 여부는 담당자의 현장 확인 뒤에 기존 체계에서 결정한다.
음식료,2024Q4,관찰,고용 축 진입신호 없음 [생산자료 미확인; 확인 가능한 신호에 따른 최소판정],INVALID,,6.133625410733834,,56.0,969.0,1582.54,0.8457416167716935,0.0,0.0,0.0,,True,False,False,True,원자료와 비교기간(전년동기 기준값)의 존재 여부를 먼저 확인한다.,자료 검토,4.0,7.0,5.0,-1.0,-19.999999999999996,-12.5,88.47851549942274,-2.8162496029186412,-2.563984031527596,official_quarterly,가동률 공표 정의가 2024Q2 를 기점으로 바뀌어 당기와 전년동기의 산출방식이 다르다,969.0,4.0,False,메인 트랙,"5개 → 4개 (-1개, -20.0%)",,1,1,1,1,1,,A,대분류 직접 대응,1,음식료품,,,True,,False,,,,,0.6966973355315709,0.936473117142822,방향 일치,0.23977578161125113,,,,비교자료 없음,,,False,KICOX 산단 고용과 고용보험 피보험자는 모집단이 다르다(산단 입주 사업체 vs 창원시 전역 사업장). 수준·점유율 비교 금지.,,,,,,,,,,,,,,,,,,,,,,,,,,no_data,0,False,,no_mapped_chapter,해당 업종에 귀속 근거가 있는 HS 류가 없다,,,,창원시 전역 통관 · 연도창을 모두 확보한 HS6 합계(업종 수출 총액 아님),202402,115300.0,-0.6728060578389261,1989.0,-9.590909090909093,1817.0,-14.894613583138172,172.0,610.0,True,True,True,False,창원시 전역 제조업 총계 · 반기 · 표본조사. 업종별 값이 아니며 입직-이직을 KICOX 고용 증감과 같다고 보지 않는다.,1400444731,-3.8389670854051317,6018,0.28328611898016387,True,True,True,False,창원시 전역 제조업 총계 전력사용량 · 월→분기 합계. 업종별 값이 아니며 가동률과 개념·모집단이 다르다.,62.33,77.0,71.0,77.67,89.33,68.84,A,2.0,True,True,True,경상남도 제조업 총계(업종 공통 배경),전국 업종별 심리지수. 창원국가산단 개별 업종의 신호가 아니라 같은 업종의 전국 분위기다.,,True,False,,,,판단 불가,1,업체수 감소 신호,업체수 감소 신호,,True,False,False,False,False,True,False,False,True,False,,True,False,True,4,소규모 분모 — 비율 변동 과대 가능 · 연간보정 개정본 사용 구간 · 가동률 공표 정의 단절 구간 · 월별 원자료 미제공 구간,가중치 근거가 없어 신뢰도 점수를 만들지 않는다. 플래그를 그대로 읽는다.,"가동업체 감소가 실제 퇴거·폐업·통합·휴업에 따른 것인지, 아니면 조사대상 변동이나 집계기준 변경에 따른 것인지 확인할 필요가 있다.","업체수·고용 규모가 작아 비율 변동이 크게 나타난다. 절대 증감 개수로 다시 확인할 필요가 있다.
가동률 공표 정의가 바뀐 구간이어서 당기와 전년동기의 산출방식이 다르다. 가동률 증감 해석 전에 정의 차이를 확인할 필요가 있다.
이 분기는 월별 원자료가 공표되지 않아 분기 내 지속 여부를 확인할 수 없다. 분기말 단일시점 값에만 의존한 판단임을 감안할 필요가 있다.
연간보정 개정본을 사용한 구간이다. 이후 재개정 시 값이 달라질 수 있음을 확인할 필요가 있다.","창원시 제조업 전체에서 입직자 감소가 함께 관측되므로, 고용 감소가 신규 채용 둔화와 함께 나타나는지 확인할 필요가 있다.
가동률 하락과 창원시 제조업 전력사용 감소가 함께 나타나 실제 생산활동 위축 여부를 추가 확인할 필요가 있다. 다만 전력은 시 전체 제조업 총계이므로 이 업종의 값이 아니다.
경남 제조업 업황 심리지수가 기준선(100)을 밑돌아, 업종 고유 요인인지 지역 전반의 경기 흐름인지 구분해 확인할 필요가 있다.
같은 업종의 전국 업황 심리지수도 기준선을 밑돌아, 관측된 변화가 산단 고유 현상인지 전국 업종 흐름인지 확인할 필요가 있다.","가동업체 감소가 실제 퇴거·폐업·통합·휴업에 따른 것인지, 아니면 조사대상 변동이나 집계기준 변경에 따른 것인지 확인할 필요가 있다.
창원시 제조업 전체에서 입직자 감소가 함께 관측되므로, 고용 감소가 신규 채용 둔화와 함께 나타나는지 확인할 필요가 있다.
가동률 하락과 창원시 제조업 전력사용 감소가 함께 나타나 실제 생산활동 위축 여부를 추가 확인할 필요가 있다. 다만 전력은 시 전체 제조업 총계이므로 이 업종의 값이 아니다.
경남 제조업 업황 심리지수가 기준선(100)을 밑돌아, 업종 고유 요인인지 지역 전반의 경기 흐름인지 구분해 확인할 필요가 있다.
같은 업종의 전국 업황 심리지수도 기준선을 밑돌아, 관측된 변화가 산단 고유 현상인지 전국 업종 흐름인지 확인할 필요가 있다.
업체수·고용 규모가 작아 비율 변동이 크게 나타난다. 절대 증감 개수로 다시 확인할 필요가 있다.
가동률 공표 정의가 바뀐 구간이어서 당기와 전년동기의 산출방식이 다르다. 가동률 증감 해석 전에 정의 차이를 확인할 필요가 있다.
이 분기는 월별 원자료가 공표되지 않아 분기 내 지속 여부를 확인할 수 없다. 분기말 단일시점 값에만 의존한 판단임을 감안할 필요가 있다.
연간보정 개정본을 사용한 구간이다. 이후 재개정 시 값이 달라질 수 있음을 확인할 필요가 있다.",산업동향 · 기업지원 / 고용지원 · 직업훈련 / 산업동향,검토 대상 기능의 제안이며 특정 사업·예산의 선정이 아니다. 지원 여부는 담당자의 현장 확인 뒤에 기존 체계에서 결정한다.
전기전자,2024Q4,관찰,고용 축 진입신호 없음 [생산자료 미확인; 확인 가능한 신호에 따른 최소판정],INVALID,,2.137123397157459,,615.0,29392.0,34606.54549375001,25.65328957704191,0.0,0.0,0.0,,True,False,False,True,원자료와 비교기간(전년동기 기준값)의 존재 여부를 먼저 확인한다.,자료 검토,580.0,634.0,559.0,21.0,3.75670840787119,7.094594594594605,71.1807665205039,-5.830108515392762,-4.406839452408278,official_quarterly,가동률 공표 정의가 2024Q2 를 기점으로 바뀌어 당기와 전년동기의 산출방식이 다르다,29392.0,580.0,False,메인 트랙,"559개 → 580개 (+21개, +3.8%)",,1,1,1,1,1,,C,복수 후보만 존재 — 가중치 근거 없음. 밴드로만 해석,2,전기장비|컴퓨터전자및광학기기,,,True,,True,,,,,0.6966973355315709,0.936473117142822,방향 일치,0.23977578161125113,전기장비,18152.0,1.1422521869950408,방향 일치 (매핑 C등급 — 참고),0.994871210162418,C,True,KICOX 산단 고용과 고용보험 피보험자는 모집단이 다르다(산단 입주 사업체 vs 창원시 전역 사업장). 수준·점유율 비교 금지.,,,,,,,,,,,,,,,,,,,,,493502.0,-7.8153924321133665,-0.3625304320786338,250.0,B,mapped_chapters_only,0,True,True,usable,,296.0,272.0,0.0,창원시 전역 통관 · 연도창을 모두 확보한 HS6 합계(업종 수출 총액 아님),202402,115300.0,-0.6728060578389261,1989.0,-9.590909090909093,1817.0,-14.894613583138172,172.0,610.0,True,True,True,False,창원시 전역 제조업 총계 · 반기 · 표본조사. 업종별 값이 아니며 입직-이직을 KICOX 고용 증감과 같다고 보지 않는다.,1400444731,-3.8389670854051317,6018,0.28328611898016387,True,True,True,False,창원시 전역 제조업 총계 전력사용량 · 월→분기 합계. 업종별 값이 아니며 가동률과 개념·모집단이 다르다.,62.33,77.0,71.0,77.67,89.33,73.34,A,2.0,True,True,True,경상남도 제조업 총계(업종 공통 배경),전국 업종별 심리지수. 창원국가산단 개별 업종의 신호가 아니라 같은 업종의 전국 분위기다.,False,False,True,,,,판단 불가,1,가동 위축 신호,가동 위축 신호,,True,True,False,False,False,True,False,True,False,False,,True,True,True,6,고용보험 지표와 방향 일치 · PPI 매핑 불확실(C·D 등급) · 연간보정 개정본 사용 구간 · 외부자료 업종 대응 불확실 · 가동률 공표 정의 단절 구간 · 월별 원자료 미제공 구간,가중치 근거가 없어 신뢰도 점수를 만들지 않는다. 플래그를 그대로 읽는다.,가동률 하락이 일시적 생산조정인지 수주·수요 감소에 따른 것인지 확인할 필요가 있다.,"이 업종은 생산자물가지수 대응 후보가 복수이거나 없어, PPI 조정 생산을 단일값으로 해석하지 않고 원자료로 확인할 필요가 있다.
가동률 공표 정의가 바뀐 구간이어서 당기와 전년동기의 산출방식이 다르다. 가동률 증감 해석 전에 정의 차이를 확인할 필요가 있다.
이 분기는 월별 원자료가 공표되지 않아 분기 내 지속 여부를 확인할 수 없다. 분기말 단일시점 값에만 의존한 판단임을 감안할 필요가 있다.
연간보정 개정본을 사용한 구간이다. 이후 재개정 시 값이 달라질 수 있음을 확인할 필요가 있다.
외부 자료의 업종 구분이 산단 10업종과 정확히 대응하지 않는다. 비교 결과를 참고로만 읽고 대응 범위를 확인할 필요가 있다.","확인된 품목 기준 수출이 함께 감소하고 있어, 외부수요 약화 가능성을 보려면 수출 감소가 특정 품목·기업에 집중되는지 추가 확인할 필요가 있다.
창원시 제조업 전체에서 입직자 감소가 함께 관측되므로, 고용 감소가 신규 채용 둔화와 함께 나타나는지 확인할 필요가 있다.
가동률 하락과 창원시 제조업 전력사용 감소가 함께 나타나 실제 생산활동 위축 여부를 추가 확인할 필요가 있다. 다만 전력은 시 전체 제조업 총계이므로 이 업종의 값이 아니다.
경남 제조업 업황 심리지수가 기준선(100)을 밑돌아, 업종 고유 요인인지 지역 전반의 경기 흐름인지 구분해 확인할 필요가 있다.
같은 업종의 전국 업황 심리지수도 기준선을 밑돌아, 관측된 변화가 산단 고유 현상인지 전국 업종 흐름인지 확인할 필요가 있다.","가동률 하락이 일시적 생산조정인지 수주·수요 감소에 따른 것인지 확인할 필요가 있다.
확인된 품목 기준 수출이 함께 감소하고 있어, 외부수요 약화 가능성을 보려면 수출 감소가 특정 품목·기업에 집중되는지 추가 확인할 필요가 있다.
창원시 제조업 전체에서 입직자 감소가 함께 관측되므로, 고용 감소가 신규 채용 둔화와 함께 나타나는지 확인할 필요가 있다.
가동률 하락과 창원시 제조업 전력사용 감소가 함께 나타나 실제 생산활동 위축 여부를 추가 확인할 필요가 있다. 다만 전력은 시 전체 제조업 총계이므로 이 업종의 값이 아니다.
경남 제조업 업황 심리지수가 기준선(100)을 밑돌아, 업종 고유 요인인지 지역 전반의 경기 흐름인지 구분해 확인할 필요가 있다.
같은 업종의 전국 업황 심리지수도 기준선을 밑돌아, 관측된 변화가 산단 고유 현상인지 전국 업종 흐름인지 확인할 필요가 있다.
이 업종은 생산자물가지수 대응 후보가 복수이거나 없어, PPI 조정 생산을 단일값으로 해석하지 않고 원자료로 확인할 필요가 있다.
가동률 공표 정의가 바뀐 구간이어서 당기와 전년동기의 산출방식이 다르다. 가동률 증감 해석 전에 정의 차이를 확인할 필요가 있다.
이 분기는 월별 원자료가 공표되지 않아 분기 내 지속 여부를 확인할 수 없다. 분기말 단일시점 값에만 의존한 판단임을 감안할 필요가 있다.
연간보정 개정본을 사용한 구간이다. 이후 재개정 시 값이 달라질 수 있음을 확인할 필요가 있다.
외부 자료의 업종 구분이 산단 10업종과 정확히 대응하지 않는다. 비교 결과를 참고로만 읽고 대응 범위를 확인할 필요가 있다.",산업동향 · 기업지원 / 고용지원 · 직업훈련 / 산업동향,검토 대상 기능의 제안이며 특정 사업·예산의 선정이 아니다. 지원 여부는 담당자의 현장 확인 뒤에 기존 체계에서 결정한다.
철강,2024Q4,관찰,고용 축 진입신호 없음 [생산자료 미확인; 확인 가능한 신호에 따른 최소판정],INVALID,,6.021341463414642,,553.0,9737.0,14687.109940000002,8.498437690924643,0.0,0.0,0.0,,True,False,False,True,원자료와 비교기간(전년동기 기준값)의 존재 여부를 먼저 확인한다.,자료 검토,75.0,79.0,75.0,0.0,0.0,-2.4691358024691357,65.23667062871093,-3.232632220212328,-2.1793107351401915,official_quarterly,가동률 공표 정의가 2024Q2 를 기점으로 바뀌어 당기와 전년동기의 산출방식이 다르다,9737.0,75.0,False,메인 트랙,"75개 → 75개 (+0개, +0.0%)",,1,1,1,1,1,,B,상위 범주가 넓어 범위 과대·과소 가능,1,철강1차제품,,,True,,False,,,,,0.6966973355315709,0.936473117142822,방향 일치,0.23977578161125113,,,,비교자료 없음,,,False,KICOX 산단 고용과 고용보험 피보험자는 모집단이 다르다(산단 입주 사업체 vs 창원시 전역 사업장). 수준·점유율 비교 금지.,,,,,,,,,,,,,,,,,,,,,226508.0,1.6989637398753699,0.7650551932675054,202.0,A,mapped_chapters_only,0,True,False,usable,,291.0,237.0,0.0,창원시 전역 통관 · 연도창을 모두 확보한 HS6 합계(업종 수출 총액 아님),202402,115300.0,-0.6728060578389261,1989.0,-9.590909090909093,1817.0,-14.894613583138172,172.0,610.0,True,True,True,False,창원시 전역 제조업 총계 · 반기 · 표본조사. 업종별 값이 아니며 입직-이직을 KICOX 고용 증감과 같다고 보지 않는다.,1400444731,-3.8389670854051317,6018,0.28328611898016387,True,True,True,False,창원시 전역 제조업 총계 전력사용량 · 월→분기 합계. 업종별 값이 아니며 가동률과 개념·모집단이 다르다.,62.33,77.0,71.0,77.67,89.33,49.0,B,1.0,True,True,True,경상남도 제조업 총계(업종 공통 배경),전국 업종별 심리지수. 창원국가산단 개별 업종의 신호가 아니라 같은 업종의 전국 분위기다.,False,False,True,,,,판단 불가,1,가동 위축 신호,가동 위축 신호,,True,False,False,False,False,True,False,False,False,False,,True,False,True,3,연간보정 개정본 사용 구간 · 가동률 공표 정의 단절 구간 · 월별 원자료 미제공 구간,가중치 근거가 없어 신뢰도 점수를 만들지 않는다. 플래그를 그대로 읽는다.,가동률 하락이 일시적 생산조정인지 수주·수요 감소에 따른 것인지 확인할 필요가 있다.,"가동률 공표 정의가 바뀐 구간이어서 당기와 전년동기의 산출방식이 다르다. 가동률 증감 해석 전에 정의 차이를 확인할 필요가 있다.
이 분기는 월별 원자료가 공표되지 않아 분기 내 지속 여부를 확인할 수 없다. 분기말 단일시점 값에만 의존한 판단임을 감안할 필요가 있다.
연간보정 개정본을 사용한 구간이다. 이후 재개정 시 값이 달라질 수 있음을 확인할 필요가 있다.","창원시 제조업 전체에서 입직자 감소가 함께 관측되므로, 고용 감소가 신규 채용 둔화와 함께 나타나는지 확인할 필요가 있다.
가동률 하락과 창원시 제조업 전력사용 감소가 함께 나타나 실제 생산활동 위축 여부를 추가 확인할 필요가 있다. 다만 전력은 시 전체 제조업 총계이므로 이 업종의 값이 아니다.
경남 제조업 업황 심리지수가 기준선(100)을 밑돌아, 업종 고유 요인인지 지역 전반의 경기 흐름인지 구분해 확인할 필요가 있다.
같은 업종의 전국 업황 심리지수도 기준선을 밑돌아, 관측된 변화가 산단 고유 현상인지 전국 업종 흐름인지 확인할 필요가 있다.","가동률 하락이 일시적 생산조정인지 수주·수요 감소에 따른 것인지 확인할 필요가 있다.
창원시 제조업 전체에서 입직자 감소가 함께 관측되므로, 고용 감소가 신규 채용 둔화와 함께 나타나는지 확인할 필요가 있다.
가동률 하락과 창원시 제조업 전력사용 감소가 함께 나타나 실제 생산활동 위축 여부를 추가 확인할 필요가 있다. 다만 전력은 시 전체 제조업 총계이므로 이 업종의 값이 아니다.
경남 제조업 업황 심리지수가 기준선(100)을 밑돌아, 업종 고유 요인인지 지역 전반의 경기 흐름인지 구분해 확인할 필요가 있다.
같은 업종의 전국 업황 심리지수도 기준선을 밑돌아, 관측된 변화가 산단 고유 현상인지 전국 업종 흐름인지 확인할 필요가 있다.
가동률 공표 정의가 바뀐 구간이어서 당기와 전년동기의 산출방식이 다르다. 가동률 증감 해석 전에 정의 차이를 확인할 필요가 있다.
이 분기는 월별 원자료가 공표되지 않아 분기 내 지속 여부를 확인할 수 없다. 분기말 단일시점 값에만 의존한 판단임을 감안할 필요가 있다.
연간보정 개정본을 사용한 구간이다. 이후 재개정 시 값이 달라질 수 있음을 확인할 필요가 있다.",산업동향 · 기업지원 / 고용지원 · 직업훈련 / 산업동향,검토 대상 기능의 제안이며 특정 사업·예산의 선정이 아니다. 지원 여부는 담당자의 현장 확인 뒤에 기존 체계에서 결정한다.
기계,2025Q1,관찰,고용 축 진입신호 없음,S1,1.0,6.583689920278402,15.94577716701846,3708.0,60029.0,58847.16777272728,51.34633478744334,0.0,0.0,0.0,0.0,True,False,False,False,미충원·숙련수요·증가의 지속가능성을 확인한다.,고용·훈련 기능,1462.0,1540.0,1469.0,-7.0,-0.47651463580666853,0.26041666666667407,81.74595656889782,7.125127771322237,5.43710329648988,official_quarterly,가동률 공표 정의가 2024Q2 를 기점으로 바뀌어 당기와 전년동기의 산출방식이 다르다,60029.0,1462.0,False,메인 트랙,"1,469개 → 1,462개 (-7개, -0.5%)",,1,1,1,1,1,15.94577716701846,A,대분류 직접 대응,1,기계및장비,14.591797161137542,14.591797161137542,True,14.591797161137542,False,True,True,,,0.6600368844141391,2.5598287599129854,방향 일치,1.8997918754988463,기계·장비,29191.0,0.010278196519108995,방향 일치,6.573411723759293,B,True,KICOX 산단 고용과 고용보험 피보험자는 모집단이 다르다(산단 입주 사업체 vs 창원시 전역 사업장). 수준·점유율 비교 금지.,,,,,,,,,,,,,,,,,,,,,2026870.0,-16.426485638205314,3.4478809525513743,364.0,B,mapped_chapters_only,0,True,True,usable,,538.0,439.0,0.0,창원시 전역 통관 · 연도창을 모두 확보한 HS6 합계(업종 수출 총액 아님),202501,115166.0,-0.47186117256636795,2547.0,-13.777928232904536,2319.0,-2.7265100671140963,228.0,583.0,True,True,True,False,창원시 전역 제조업 총계 · 반기 · 표본조사. 업종별 값이 아니며 입직-이직을 KICOX 고용 증감과 같다고 보지 않는다.,1423510804,-4.143112585454345,6025,0.2662672657680165,True,True,False,True,창원시 전역 제조업 총계 전력사용량 · 월→분기 합계. 업종별 값이 아니며 가동률과 개념·모집단이 다르다.,65.0,73.0,68.33,73.67,89.0,59.0,C,2.0,True,True,True,경상남도 제조업 총계(업종 공통 배경),전국 업종별 심리지수. 창원국가산단 개별 업종의 신호가 아니라 같은 업종의 전국 분위기다.,False,False,False,False,,False,PPI 조정 생산,0,해석 보류,해석 보류,,False,True,False,False,False,True,False,False,False,False,,True,False,True,4,고용보험 지표와 방향 일치 · 연간보정 개정본 사용 구간 · 가동률 공표 정의 단절 구간 · 월별 원자료 미제공 구간,가중치 근거가 없어 신뢰도 점수를 만들지 않는다. 플래그를 그대로 읽는다.,,"가동률 공표 정의가 바뀐 구간이어서 당기와 전년동기의 산출방식이 다르다. 가동률 증감 해석 전에 정의 차이를 확인할 필요가 있다.
이 분기는 월별 원자료가 공표되지 않아 분기 내 지속 여부를 확인할 수 없다. 분기말 단일시점 값에만 의존한 판단임을 감안할 필요가 있다.
연간보정 개정본을 사용한 구간이다. 이후 재개정 시 값이 달라질 수 있음을 확인할 필요가 있다.","확인된 품목 기준 수출이 함께 감소하고 있어, 외부수요 약화 가능성을 보려면 수출 감소가 특정 품목·기업에 집중되는지 추가 확인할 필요가 있다.
창원시 제조업 전체에서 입직자 감소가 함께 관측되므로, 고용 감소가 신규 채용 둔화와 함께 나타나는지 확인할 필요가 있다.
가동률과 전력사용의 방향이 달라 업종 구성·설비 특성·자료범위(산단 vs 시 전체) 차이를 추가 확인할 필요가 있다.
경남 제조업 업황 심리지수가 기준선(100)을 밑돌아, 업종 고유 요인인지 지역 전반의 경기 흐름인지 구분해 확인할 필요가 있다.
같은 업종의 전국 업황 심리지수도 기준선을 밑돌아, 관측된 변화가 산단 고유 현상인지 전국 업종 흐름인지 확인할 필요가 있다.","확인된 품목 기준 수출이 함께 감소하고 있어, 외부수요 약화 가능성을 보려면 수출 감소가 특정 품목·기업에 집중되는지 추가 확인할 필요가 있다.
창원시 제조업 전체에서 입직자 감소가 함께 관측되므로, 고용 감소가 신규 채용 둔화와 함께 나타나는지 확인할 필요가 있다.
가동률과 전력사용의 방향이 달라 업종 구성·설비 특성·자료범위(산단 vs 시 전체) 차이를 추가 확인할 필요가 있다.
경남 제조업 업황 심리지수가 기준선(100)을 밑돌아, 업종 고유 요인인지 지역 전반의 경기 흐름인지 구분해 확인할 필요가 있다.
같은 업종의 전국 업황 심리지수도 기준선을 밑돌아, 관측된 변화가 산단 고유 현상인지 전국 업종 흐름인지 확인할 필요가 있다.
가동률 공표 정의가 바뀐 구간이어서 당기와 전년동기의 산출방식이 다르다. 가동률 증감 해석 전에 정의 차이를 확인할 필요가 있다.
이 분기는 월별 원자료가 공표되지 않아 분기 내 지속 여부를 확인할 수 없다. 분기말 단일시점 값에만 의존한 판단임을 감안할 필요가 있다.
연간보정 개정본을 사용한 구간이다. 이후 재개정 시 값이 달라질 수 있음을 확인할 필요가 있다.",산업동향 · 기업지원 / 고용지원 · 직업훈련 / 산업동향,검토 대상 기능의 제안이며 특정 사업·예산의 선정이 아니다. 지원 여부는 담당자의 현장 확인 뒤에 기존 체계에서 결정한다.
기타,2025Q1,추가확인,고용감소 15.0%(상위경계 10% 통과) · 산단평균 대비 17.6%p 열위(상위경계 통과) [상위경계 통과했으나 고용 147인 < 300인으로 우선점검 제외],S2,1.0,-15.02890173410405,3.3712157387068897,-26.0,147.0,81.18,0.1257377469848601,15.02890173410405,17.588730494017035,0.0222393293986827,0.0,False,False,False,False,"자동화·설비투자, 외주·도급 전환, 미충원·숙련 불일치, 직무구조 변화 가능성을 질문으로 확인한다(원인 후보이며 입증된 원인이 아님).",고용·훈련 기능 + 기업지원 기능,26.0,36.0,23.0,3.0,13.043478260869556,38.46153846153846,66.78183613030603,4.287078651547138,2.7452968065388177,official_quarterly,가동률 공표 정의가 2024Q2 를 기점으로 바뀌어 당기와 전년동기의 산출방식이 다르다,147.0,26.0,True,소규모 집계 트랙,"23개 → 26개 (+3개, +13.0%)","소규모 집계 트랙은 업종을 배제하는 장치가 아니라, 분모가 작아 비율 변동이 커지는 집계군을 별도 방식으로 읽기 위한 표시다.",1,1,1,1,1,3.3712157387068897,D,대응 항목 없음 — 조정 생산 산출 불가,0,,,,True,,False,,,,,0.6600368844141391,2.5598287599129854,방향 일치,1.8997918754988463,,,,비교자료 없음,,,False,KICOX 산단 고용과 고용보험 피보험자는 모집단이 다르다(산단 입주 사업체 vs 창원시 전역 사업장). 수준·점유율 비교 금지.,,,,,,,,,,,,,,,,,,,,,,,,,,no_data,0,False,,no_mapped_chapter,해당 업종에 귀속 근거가 있는 HS 류가 없다,,,,창원시 전역 통관 · 연도창을 모두 확보한 HS6 합계(업종 수출 총액 아님),202501,115166.0,-0.47186117256636795,2547.0,-13.777928232904536,2319.0,-2.7265100671140963,228.0,583.0,True,True,True,False,창원시 전역 제조업 총계 · 반기 · 표본조사. 업종별 값이 아니며 입직-이직을 KICOX 고용 증감과 같다고 보지 않는다.,1423510804,-4.143112585454345,6025,0.2662672657680165,True,True,False,True,창원시 전역 제조업 총계 전력사용량 · 월→분기 합계. 업종별 값이 아니며 가동률과 개념·모집단이 다르다.,65.0,73.0,68.33,73.67,89.0,,,,True,,True,경상남도 제조업 총계(업종 공통 배경),전국 업종별 심리지수. 창원국가산단 개별 업종의 신호가 아니라 같은 업종의 전국 분위기다.,,False,False,,,True,명목 생산만(가격효과 미조정),1,생산유지·고용감소 신호,생산유지·고용감소 신호,,True,False,False,False,False,True,False,True,True,False,,True,False,True,5,PPI 매핑 불확실(C·D 등급) · 소규모 분모 — 비율 변동 과대 가능 · 연간보정 개정본 사용 구간 · 가동률 공표 정의 단절 구간 · 월별 원자료 미제공 구간,가중치 근거가 없어 신뢰도 점수를 만들지 않는다. 플래그를 그대로 읽는다.,생산이 유지되는데 고용이 감소하고 있어 자동화·생산성 변화·미충원·외주화·인력구조 조정 여부를 확인할 필요가 있다.,"이 업종은 생산자물가지수 대응 후보가 복수이거나 없어, PPI 조정 생산을 단일값으로 해석하지 않고 원자료로 확인할 필요가 있다.
업체수·고용 규모가 작아 비율 변동이 크게 나타난다. 절대 증감 개수로 다시 확인할 필요가 있다.
가동률 공표 정의가 바뀐 구간이어서 당기와 전년동기의 산출방식이 다르다. 가동률 증감 해석 전에 정의 차이를 확인할 필요가 있다.
이 분기는 월별 원자료가 공표되지 않아 분기 내 지속 여부를 확인할 수 없다. 분기말 단일시점 값에만 의존한 판단임을 감안할 필요가 있다.
연간보정 개정본을 사용한 구간이다. 이후 재개정 시 값이 달라질 수 있음을 확인할 필요가 있다.","창원시 제조업 전체에서 입직자 감소가 함께 관측되므로, 고용 감소가 신규 채용 둔화와 함께 나타나는지 확인할 필요가 있다.
가동률과 전력사용의 방향이 달라 업종 구성·설비 특성·자료범위(산단 vs 시 전체) 차이를 추가 확인할 필요가 있다.
경남 제조업 업황 심리지수가 기준선(100)을 밑돌아, 업종 고유 요인인지 지역 전반의 경기 흐름인지 구분해 확인할 필요가 있다.","생산이 유지되는데 고용이 감소하고 있어 자동화·생산성 변화·미충원·외주화·인력구조 조정 여부를 확인할 필요가 있다.
창원시 제조업 전체에서 입직자 감소가 함께 관측되므로, 고용 감소가 신규 채용 둔화와 함께 나타나는지 확인할 필요가 있다.
가동률과 전력사용의 방향이 달라 업종 구성·설비 특성·자료범위(산단 vs 시 전체) 차이를 추가 확인할 필요가 있다.
경남 제조업 업황 심리지수가 기준선(100)을 밑돌아, 업종 고유 요인인지 지역 전반의 경기 흐름인지 구분해 확인할 필요가 있다.
이 업종은 생산자물가지수 대응 후보가 복수이거나 없어, PPI 조정 생산을 단일값으로 해석하지 않고 원자료로 확인할 필요가 있다.
업체수·고용 규모가 작아 비율 변동이 크게 나타난다. 절대 증감 개수로 다시 확인할 필요가 있다.
가동률 공표 정의가 바뀐 구간이어서 당기와 전년동기의 산출방식이 다르다. 가동률 증감 해석 전에 정의 차이를 확인할 필요가 있다.
이 분기는 월별 원자료가 공표되지 않아 분기 내 지속 여부를 확인할 수 없다. 분기말 단일시점 값에만 의존한 판단임을 감안할 필요가 있다.
연간보정 개정본을 사용한 구간이다. 이후 재개정 시 값이 달라질 수 있음을 확인할 필요가 있다.",고용지원 · 직업훈련 / 산업동향,검토 대상 기능의 제안이며 특정 사업·예산의 선정이 아니다. 지원 여부는 담당자의 현장 확인 뒤에 기존 체계에서 결정한다.
목재종이,2025Q1,관찰,고용 축 진입신호 없음,S1,1.0,100.418410041841,129.15237323021267,240.0,479.0,183.7,0.4097168762295783,0.0,0.0,0.0,0.0,True,False,False,False,미충원·숙련수요·증가의 지속가능성을 확인한다.,고용·훈련 기능,45.0,50.0,43.0,2.0,4.651162790697683,4.166666666666674,67.51194413818449,-9.950247346870512,-7.459882156818949,official_quarterly,가동률 공표 정의가 2024Q2 를 기점으로 바뀌어 당기와 전년동기의 산출방식이 다르다,479.0,45.0,False,메인 트랙,"43개 → 45개 (+2개, +4.7%)",,1,1,1,1,1,129.15237323021267,A,대분류 직접 대응,1,목재및종이제품,124.26060578999429,124.26060578999429,True,124.26060578999429,False,True,True,,,0.6600368844141391,2.5598287599129854,방향 일치,1.8997918754988463,,,,비교자료 없음,,,False,KICOX 산단 고용과 고용보험 피보험자는 모집단이 다르다(산단 입주 사업체 vs 창원시 전역 사업장). 수준·점유율 비교 금지.,,,,,,,,,,,,,,,,,,,,,,,,,,no_data,0,False,,no_mapped_chapter,해당 업종에 귀속 근거가 있는 HS 류가 없다,,,,창원시 전역 통관 · 연도창을 모두 확보한 HS6 합계(업종 수출 총액 아님),202501,115166.0,-0.47186117256636795,2547.0,-13.777928232904536,2319.0,-2.7265100671140963,228.0,583.0,True,True,True,False,창원시 전역 제조업 총계 · 반기 · 표본조사. 업종별 값이 아니며 입직-이직을 KICOX 고용 증감과 같다고 보지 않는다.,1423510804,-4.143112585454345,6025,0.2662672657680165,True,True,True,False,창원시 전역 제조업 총계 전력사용량 · 월→분기 합계. 업종별 값이 아니며 가동률과 개념·모집단이 다르다.,65.0,73.0,68.33,73.67,89.0,46.5,A,2.0,True,True,True,경상남도 제조업 총계(업종 공통 배경),전국 업종별 심리지수. 창원국가산단 개별 업종의 신호가 아니라 같은 업종의 전국 분위기다.,,False,True,False,,False,PPI 조정 생산,1,가동 위축 신호,가동 위축 신호,,False,False,False,False,False,True,False,False,False,False,,True,False,True,3,연간보정 개정본 사용 구간 · 가동률 공표 정의 단절 구간 · 월별 원자료 미제공 구간,가중치 근거가 없어 신뢰도 점수를 만들지 않는다. 플래그를 그대로 읽는다.,가동률 하락이 일시적 생산조정인지 수주·수요 감소에 따른 것인지 확인할 필요가 있다.,"가동률 공표 정의가 바뀐 구간이어서 당기와 전년동기의 산출방식이 다르다. 가동률 증감 해석 전에 정의 차이를 확인할 필요가 있다.
이 분기는 월별 원자료가 공표되지 않아 분기 내 지속 여부를 확인할 수 없다. 분기말 단일시점 값에만 의존한 판단임을 감안할 필요가 있다.
연간보정 개정본을 사용한 구간이다. 이후 재개정 시 값이 달라질 수 있음을 확인할 필요가 있다.","창원시 제조업 전체에서 입직자 감소가 함께 관측되므로, 고용 감소가 신규 채용 둔화와 함께 나타나는지 확인할 필요가 있다.
가동률 하락과 창원시 제조업 전력사용 감소가 함께 나타나 실제 생산활동 위축 여부를 추가 확인할 필요가 있다. 다만 전력은 시 전체 제조업 총계이므로 이 업종의 값이 아니다.
경남 제조업 업황 심리지수가 기준선(100)을 밑돌아, 업종 고유 요인인지 지역 전반의 경기 흐름인지 구분해 확인할 필요가 있다.
같은 업종의 전국 업황 심리지수도 기준선을 밑돌아, 관측된 변화가 산단 고유 현상인지 전국 업종 흐름인지 확인할 필요가 있다.","가동률 하락이 일시적 생산조정인지 수주·수요 감소에 따른 것인지 확인할 필요가 있다.
창원시 제조업 전체에서 입직자 감소가 함께 관측되므로, 고용 감소가 신규 채용 둔화와 함께 나타나는지 확인할 필요가 있다.
가동률 하락과 창원시 제조업 전력사용 감소가 함께 나타나 실제 생산활동 위축 여부를 추가 확인할 필요가 있다. 다만 전력은 시 전체 제조업 총계이므로 이 업종의 값이 아니다.
경남 제조업 업황 심리지수가 기준선(100)을 밑돌아, 업종 고유 요인인지 지역 전반의 경기 흐름인지 구분해 확인할 필요가 있다.
같은 업종의 전국 업황 심리지수도 기준선을 밑돌아, 관측된 변화가 산단 고유 현상인지 전국 업종 흐름인지 확인할 필요가 있다.
가동률 공표 정의가 바뀐 구간이어서 당기와 전년동기의 산출방식이 다르다. 가동률 증감 해석 전에 정의 차이를 확인할 필요가 있다.
이 분기는 월별 원자료가 공표되지 않아 분기 내 지속 여부를 확인할 수 없다. 분기말 단일시점 값에만 의존한 판단임을 감안할 필요가 있다.
연간보정 개정본을 사용한 구간이다. 이후 재개정 시 값이 달라질 수 있음을 확인할 필요가 있다.",산업동향 · 기업지원 / 고용지원 · 직업훈련 / 산업동향,검토 대상 기능의 제안이며 특정 사업·예산의 선정이 아니다. 지원 여부는 담당자의 현장 확인 뒤에 기존 체계에서 결정한다.
비금속,2025Q1,추가확인,고용감소 25.6%(상위경계 10% 통과) · 산단평균 대비 28.2%p 열위(상위경계 통과) [상위경계 통과했으나 고용 186인 < 300인으로 우선점검 제외],S4,1.0,-25.6,-32.3159599021668,-64.0,186.0,98.24,0.1590967410828842,25.6,28.159828759912987,0.0547429646736806,32.3159599021668,False,False,False,False,수주잔량·가동률·휴업/감산·기업 수 변동·고용조정 계획 신고 여부를 확인한다(원인 후보이며 입증된 원인이 아님).,기업지원 기능 + 고용지원 기능,5.0,5.0,5.0,0.0,0.0,0.0,40.1356375372799,-18.366859102496903,-9.030224630970352,official_quarterly,가동률 공표 정의가 2024Q2 를 기점으로 바뀌어 당기와 전년동기의 산출방식이 다르다,186.0,5.0,True,소규모 집계 트랙,"5개 → 5개 (+0개, +0.0%)","소규모 집계 트랙은 업종을 배제하는 장치가 아니라, 분모가 작아 비율 변동이 커지는 집계군을 별도 방식으로 읽기 위한 표시다.",1,1,1,1,1,-32.3159599021668,A,대분류 직접 대응,1,비금속광물제품,-31.585575718265922,-31.585575718265922,True,-31.585575718265922,False,True,True,,,0.6600368844141391,2.5598287599129854,방향 일치,1.8997918754988463,,,,비교자료 없음,,,False,KICOX 산단 고용과 고용보험 피보험자는 모집단이 다르다(산단 입주 사업체 vs 창원시 전역 사업장). 수준·점유율 비교 금지.,,,,,,,,,,,,,,,,,,,,,,,,,,no_data,0,False,,no_mapped_chapter,해당 업종에 귀속 근거가 있는 HS 류가 없다,,,,창원시 전역 통관 · 연도창을 모두 확보한 HS6 합계(업종 수출 총액 아님),202501,115166.0,-0.47186117256636795,2547.0,-13.777928232904536,2319.0,-2.7265100671140963,228.0,583.0,True,True,True,False,창원시 전역 제조업 총계 · 반기 · 표본조사. 업종별 값이 아니며 입직-이직을 KICOX 고용 증감과 같다고 보지 않는다.,1423510804,-4.143112585454345,6025,0.2662672657680165,True,True,True,False,창원시 전역 제조업 총계 전력사용량 · 월→분기 합계. 업종별 값이 아니며 가동률과 개념·모집단이 다르다.,65.0,73.0,68.33,73.67,89.0,39.0,A,1.0,True,True,True,경상남도 제조업 총계(업종 공통 배경),전국 업종별 심리지수. 창원국가산단 개별 업종의 신호가 아니라 같은 업종의 전국 분위기다.,,False,True,True,,False,PPI 조정 생산,2,가동 위축 신호 · 실질생산 위축 신호(PPI 조정),가동 위축 신호,"대표 확인신호는 표시순서에 따른 요약이며, 유일한 원인이 아니다. 확인신호 프로필 전체를 함께 읽어야 한다.",False,False,False,False,False,True,False,False,True,False,,True,False,True,4,소규모 분모 — 비율 변동 과대 가능 · 연간보정 개정본 사용 구간 · 가동률 공표 정의 단절 구간 · 월별 원자료 미제공 구간,가중치 근거가 없어 신뢰도 점수를 만들지 않는다. 플래그를 그대로 읽는다.,"가동률 하락이 일시적 생산조정인지 수주·수요 감소에 따른 것인지 확인할 필요가 있다.
명목생산 변화에 가격효과가 포함되어 있으므로 실제 물량이 줄었는지 추가로 확인할 필요가 있다.","업체수·고용 규모가 작아 비율 변동이 크게 나타난다. 절대 증감 개수로 다시 확인할 필요가 있다.
가동률 공표 정의가 바뀐 구간이어서 당기와 전년동기의 산출방식이 다르다. 가동률 증감 해석 전에 정의 차이를 확인할 필요가 있다.
이 분기는 월별 원자료가 공표되지 않아 분기 내 지속 여부를 확인할 수 없다. 분기말 단일시점 값에만 의존한 판단임을 감안할 필요가 있다.
연간보정 개정본을 사용한 구간이다. 이후 재개정 시 값이 달라질 수 있음을 확인할 필요가 있다.","창원시 제조업 전체에서 입직자 감소가 함께 관측되므로, 고용 감소가 신규 채용 둔화와 함께 나타나는지 확인할 필요가 있다.
가동률 하락과 창원시 제조업 전력사용 감소가 함께 나타나 실제 생산활동 위축 여부를 추가 확인할 필요가 있다. 다만 전력은 시 전체 제조업 총계이므로 이 업종의 값이 아니다.
경남 제조업 업황 심리지수가 기준선(100)을 밑돌아, 업종 고유 요인인지 지역 전반의 경기 흐름인지 구분해 확인할 필요가 있다.
같은 업종의 전국 업황 심리지수도 기준선을 밑돌아, 관측된 변화가 산단 고유 현상인지 전국 업종 흐름인지 확인할 필요가 있다.","가동률 하락이 일시적 생산조정인지 수주·수요 감소에 따른 것인지 확인할 필요가 있다.
명목생산 변화에 가격효과가 포함되어 있으므로 실제 물량이 줄었는지 추가로 확인할 필요가 있다.
창원시 제조업 전체에서 입직자 감소가 함께 관측되므로, 고용 감소가 신규 채용 둔화와 함께 나타나는지 확인할 필요가 있다.
가동률 하락과 창원시 제조업 전력사용 감소가 함께 나타나 실제 생산활동 위축 여부를 추가 확인할 필요가 있다. 다만 전력은 시 전체 제조업 총계이므로 이 업종의 값이 아니다.
경남 제조업 업황 심리지수가 기준선(100)을 밑돌아, 업종 고유 요인인지 지역 전반의 경기 흐름인지 구분해 확인할 필요가 있다.
같은 업종의 전국 업황 심리지수도 기준선을 밑돌아, 관측된 변화가 산단 고유 현상인지 전국 업종 흐름인지 확인할 필요가 있다.
업체수·고용 규모가 작아 비율 변동이 크게 나타난다. 절대 증감 개수로 다시 확인할 필요가 있다.
가동률 공표 정의가 바뀐 구간이어서 당기와 전년동기의 산출방식이 다르다. 가동률 증감 해석 전에 정의 차이를 확인할 필요가 있다.
이 분기는 월별 원자료가 공표되지 않아 분기 내 지속 여부를 확인할 수 없다. 분기말 단일시점 값에만 의존한 판단임을 감안할 필요가 있다.
연간보정 개정본을 사용한 구간이다. 이후 재개정 시 값이 달라질 수 있음을 확인할 필요가 있다.",산업동향 · 기업지원 / 산업동향 / 고용지원 · 직업훈련,검토 대상 기능의 제안이며 특정 사업·예산의 선정이 아니다. 지원 여부는 담당자의 현장 확인 뒤에 기존 체계에서 결정한다.
석유화학,2025Q1,관찰,고용 축 진입신호 없음 (생산 43.3% 단독 감소 — 확인질문에 반영),S4,1.0,-1.104100946372244,-43.3165126333038,-7.0,627.0,478.24,0.5363099820374647,1.104100946372244,3.663929706285229,0.0059875117611838,43.3165126333038,True,False,False,False,수주잔량·가동률·휴업/감산·기업 수 변동·고용조정 계획 신고 여부를 확인한다(원인 후보이며 입증된 원인이 아님).,기업지원 기능 + 고용지원 기능,41.0,43.0,41.0,0.0,0.0,2.3809523809523725,84.7207213591029,11.581840015928035,8.793741353208375,official_quarterly,가동률 공표 정의가 2024Q2 를 기점으로 바뀌어 당기와 전년동기의 산출방식이 다르다,627.0,41.0,False,메인 트랙,"41개 → 41개 (+0개, +0.0%)",,1,1,1,1,1,-43.3165126333038,C,복수 후보만 존재 — 가중치 근거 없음. 밴드로만 해석,2,석탄및석유제품|화학제품,-43.77288284108004,-43.57157026427786,True,,True,,,False,False,0.6600368844141391,2.5598287599129854,방향 일치,1.8997918754988463,,,,비교자료 없음,,,False,KICOX 산단 고용과 고용보험 피보험자는 모집단이 다르다(산단 입주 사업체 vs 창원시 전역 사업장). 수준·점유율 비교 금지.,,,,,,,,,,,,,,,,,,,,,,,,,,no_data,0,False,,no_mapped_chapter,해당 업종에 귀속 근거가 있는 HS 류가 없다,,,,창원시 전역 통관 · 연도창을 모두 확보한 HS6 합계(업종 수출 총액 아님),202501,115166.0,-0.47186117256636795,2547.0,-13.777928232904536,2319.0,-2.7265100671140963,228.0,583.0,True,True,True,False,창원시 전역 제조업 총계 · 반기 · 표본조사. 업종별 값이 아니며 입직-이직을 KICOX 고용 증감과 같다고 보지 않는다.,1423510804,-4.143112585454345,6025,0.2662672657680165,True,True,False,True,창원시 전역 제조업 총계 전력사용량 · 월→분기 합계. 업종별 값이 아니며 가동률과 개념·모집단이 다르다.,65.0,73.0,68.33,73.67,89.0,65.44,B,3.0,True,True,True,경상남도 제조업 총계(업종 공통 배경),전국 업종별 심리지수. 창원국가산단 개별 업종의 신호가 아니라 같은 업종의 전국 분위기다.,,False,False,,후보 모두 위축,False,명목 생산만(가격효과 미조정),0,해석 보류,해석 보류,,True,False,False,False,False,True,False,True,False,False,,True,False,True,4,PPI 매핑 불확실(C·D 등급) · 연간보정 개정본 사용 구간 · 가동률 공표 정의 단절 구간 · 월별 원자료 미제공 구간,가중치 근거가 없어 신뢰도 점수를 만들지 않는다. 플래그를 그대로 읽는다.,,"이 업종은 생산자물가지수 대응 후보가 복수이거나 없어, PPI 조정 생산을 단일값으로 해석하지 않고 원자료로 확인할 필요가 있다.
가동률 공표 정의가 바뀐 구간이어서 당기와 전년동기의 산출방식이 다르다. 가동률 증감 해석 전에 정의 차이를 확인할 필요가 있다.
이 분기는 월별 원자료가 공표되지 않아 분기 내 지속 여부를 확인할 수 없다. 분기말 단일시점 값에만 의존한 판단임을 감안할 필요가 있다.
연간보정 개정본을 사용한 구간이다. 이후 재개정 시 값이 달라질 수 있음을 확인할 필요가 있다.","창원시 제조업 전체에서 입직자 감소가 함께 관측되므로, 고용 감소가 신규 채용 둔화와 함께 나타나는지 확인할 필요가 있다.
가동률과 전력사용의 방향이 달라 업종 구성·설비 특성·자료범위(산단 vs 시 전체) 차이를 추가 확인할 필요가 있다.
경남 제조업 업황 심리지수가 기준선(100)을 밑돌아, 업종 고유 요인인지 지역 전반의 경기 흐름인지 구분해 확인할 필요가 있다.
같은 업종의 전국 업황 심리지수도 기준선을 밑돌아, 관측된 변화가 산단 고유 현상인지 전국 업종 흐름인지 확인할 필요가 있다.","창원시 제조업 전체에서 입직자 감소가 함께 관측되므로, 고용 감소가 신규 채용 둔화와 함께 나타나는지 확인할 필요가 있다.
가동률과 전력사용의 방향이 달라 업종 구성·설비 특성·자료범위(산단 vs 시 전체) 차이를 추가 확인할 필요가 있다.
경남 제조업 업황 심리지수가 기준선(100)을 밑돌아, 업종 고유 요인인지 지역 전반의 경기 흐름인지 구분해 확인할 필요가 있다.
같은 업종의 전국 업황 심리지수도 기준선을 밑돌아, 관측된 변화가 산단 고유 현상인지 전국 업종 흐름인지 확인할 필요가 있다.
이 업종은 생산자물가지수 대응 후보가 복수이거나 없어, PPI 조정 생산을 단일값으로 해석하지 않고 원자료로 확인할 필요가 있다.
가동률 공표 정의가 바뀐 구간이어서 당기와 전년동기의 산출방식이 다르다. 가동률 증감 해석 전에 정의 차이를 확인할 필요가 있다.
이 분기는 월별 원자료가 공표되지 않아 분기 내 지속 여부를 확인할 수 없다. 분기말 단일시점 값에만 의존한 판단임을 감안할 필요가 있다.
연간보정 개정본을 사용한 구간이다. 이후 재개정 시 값이 달라질 수 있음을 확인할 필요가 있다.",고용지원 · 직업훈련 / 산업동향,검토 대상 기능의 제안이며 특정 사업·예산의 선정이 아니다. 지원 여부는 담당자의 현장 확인 뒤에 기존 체계에서 결정한다.
섬유의복,2025Q1,추가확인,고용감소 10.5%(상위경계 10% 통과) · 산단평균 대비 13.1%p 열위(상위경계 통과) [상위경계 통과했으나 고용 34인 < 300인으로 우선점검 제외],S4,1.0,-10.526315789473683,-4.896309314586988,-4.0,34.0,8.1171,0.0290821999828928,10.526315789473683,13.086144549386669,0.003421435292105,4.896309314586988,False,True,False,False,수주잔량·가동률·휴업/감산·기업 수 변동·고용조정 계획 신고 여부를 확인한다(원인 후보이며 입증된 원인이 아님).,기업지원 기능 + 고용지원 기능,7.0,9.0,7.0,0.0,0.0,12.5,73.01454516015868,-24.43795804753416,-23.614057341200763,official_quarterly,가동률 공표 정의가 2024Q2 를 기점으로 바뀌어 당기와 전년동기의 산출방식이 다르다,34.0,7.0,True,소규모 집계 트랙,"7개 → 7개 (+0개, +0.0%)","소규모 집계 트랙은 업종을 배제하는 장치가 아니라, 분모가 작아 비율 변동이 커지는 집계군을 별도 방식으로 읽기 위한 표시다.",1,1,1,1,1,-4.896309314586988,A,대분류 직접 대응,1,섬유및의복,-4.609597242731556,-4.609597242731556,True,-4.609597242731556,False,True,True,,,0.6600368844141391,2.5598287599129854,방향 일치,1.8997918754988463,,,,비교자료 없음,,,False,KICOX 산단 고용과 고용보험 피보험자는 모집단이 다르다(산단 입주 사업체 vs 창원시 전역 사업장). 수준·점유율 비교 금지.,,,,,,,,,,,,,,,,,,,,,,,,,,no_data,0,False,,no_mapped_chapter,해당 업종에 귀속 근거가 있는 HS 류가 없다,,,,창원시 전역 통관 · 연도창을 모두 확보한 HS6 합계(업종 수출 총액 아님),202501,115166.0,-0.47186117256636795,2547.0,-13.777928232904536,2319.0,-2.7265100671140963,228.0,583.0,True,True,True,False,창원시 전역 제조업 총계 · 반기 · 표본조사. 업종별 값이 아니며 입직-이직을 KICOX 고용 증감과 같다고 보지 않는다.,1423510804,-4.143112585454345,6025,0.2662672657680165,True,True,True,False,창원시 전역 제조업 총계 전력사용량 · 월→분기 합계. 업종별 값이 아니며 가동률과 개념·모집단이 다르다.,65.0,73.0,68.33,73.67,89.0,58.0,A,2.0,True,True,True,경상남도 제조업 총계(업종 공통 배경),전국 업종별 심리지수. 창원국가산단 개별 업종의 신호가 아니라 같은 업종의 전국 분위기다.,,False,True,False,,False,PPI 조정 생산,1,가동 위축 신호,가동 위축 신호,,False,False,False,False,False,True,False,False,True,False,,True,False,True,4,소규모 분모 — 비율 변동 과대 가능 · 연간보정 개정본 사용 구간 · 가동률 공표 정의 단절 구간 · 월별 원자료 미제공 구간,가중치 근거가 없어 신뢰도 점수를 만들지 않는다. 플래그를 그대로 읽는다.,가동률 하락이 일시적 생산조정인지 수주·수요 감소에 따른 것인지 확인할 필요가 있다.,"업체수·고용 규모가 작아 비율 변동이 크게 나타난다. 절대 증감 개수로 다시 확인할 필요가 있다.
가동률 공표 정의가 바뀐 구간이어서 당기와 전년동기의 산출방식이 다르다. 가동률 증감 해석 전에 정의 차이를 확인할 필요가 있다.
이 분기는 월별 원자료가 공표되지 않아 분기 내 지속 여부를 확인할 수 없다. 분기말 단일시점 값에만 의존한 판단임을 감안할 필요가 있다.
연간보정 개정본을 사용한 구간이다. 이후 재개정 시 값이 달라질 수 있음을 확인할 필요가 있다.","창원시 제조업 전체에서 입직자 감소가 함께 관측되므로, 고용 감소가 신규 채용 둔화와 함께 나타나는지 확인할 필요가 있다.
가동률 하락과 창원시 제조업 전력사용 감소가 함께 나타나 실제 생산활동 위축 여부를 추가 확인할 필요가 있다. 다만 전력은 시 전체 제조업 총계이므로 이 업종의 값이 아니다.
경남 제조업 업황 심리지수가 기준선(100)을 밑돌아, 업종 고유 요인인지 지역 전반의 경기 흐름인지 구분해 확인할 필요가 있다.
같은 업종의 전국 업황 심리지수도 기준선을 밑돌아, 관측된 변화가 산단 고유 현상인지 전국 업종 흐름인지 확인할 필요가 있다.","가동률 하락이 일시적 생산조정인지 수주·수요 감소에 따른 것인지 확인할 필요가 있다.
창원시 제조업 전체에서 입직자 감소가 함께 관측되므로, 고용 감소가 신규 채용 둔화와 함께 나타나는지 확인할 필요가 있다.
가동률 하락과 창원시 제조업 전력사용 감소가 함께 나타나 실제 생산활동 위축 여부를 추가 확인할 필요가 있다. 다만 전력은 시 전체 제조업 총계이므로 이 업종의 값이 아니다.
경남 제조업 업황 심리지수가 기준선(100)을 밑돌아, 업종 고유 요인인지 지역 전반의 경기 흐름인지 구분해 확인할 필요가 있다.
같은 업종의 전국 업황 심리지수도 기준선을 밑돌아, 관측된 변화가 산단 고유 현상인지 전국 업종 흐름인지 확인할 필요가 있다.
업체수·고용 규모가 작아 비율 변동이 크게 나타난다. 절대 증감 개수로 다시 확인할 필요가 있다.
가동률 공표 정의가 바뀐 구간이어서 당기와 전년동기의 산출방식이 다르다. 가동률 증감 해석 전에 정의 차이를 확인할 필요가 있다.
이 분기는 월별 원자료가 공표되지 않아 분기 내 지속 여부를 확인할 수 없다. 분기말 단일시점 값에만 의존한 판단임을 감안할 필요가 있다.
연간보정 개정본을 사용한 구간이다. 이후 재개정 시 값이 달라질 수 있음을 확인할 필요가 있다.",산업동향 · 기업지원 / 고용지원 · 직업훈련 / 산업동향,검토 대상 기능의 제안이며 특정 사업·예산의 선정이 아니다. 지원 여부는 담당자의 현장 확인 뒤에 기존 체계에서 결정한다.
운송장비,2025Q1,관찰,고용 축 진입신호 없음,S2,1.0,-2.2688330871491917,6.304594063666169,-384.0,16541.0,39050.48430555556,14.14849029167736,2.2688330871491917,4.828661847062177,0.3284577880420836,0.0,True,False,False,False,"자동화·설비투자, 외주·도급 전환, 미충원·숙련 불일치, 직무구조 변화 가능성을 질문으로 확인한다(원인 후보이며 입증된 원인이 아님).",고용·훈련 기능 + 기업지원 기능,243.0,253.0,240.0,3.0,1.2499999999999956,3.688524590163933,91.22149294890312,-0.36867843325812943,-0.337558476300444,official_quarterly,가동률 공표 정의가 2024Q2 를 기점으로 바뀌어 당기와 전년동기의 산출방식이 다르다,16541.0,243.0,False,메인 트랙,"240개 → 243개 (+3개, +1.2%)",,1,1,1,1,1,6.304594063666169,A,대분류 직접 대응,1,운송장비,4.956148948816463,4.956148948816463,True,4.956148948816463,False,True,True,,,0.6600368844141391,2.5598287599129854,방향 일치,1.8997918754988463,자동차·부품,18755.0,-1.3984543399400695,방향 일치 (매핑 C등급 — 참고),-0.8703787472091222,C,True,KICOX 산단 고용과 고용보험 피보험자는 모집단이 다르다(산단 입주 사업체 vs 창원시 전역 사업장). 수준·점유율 비교 금지.,,,,,,,,,,,,,,,,,,,,,1894661.0,33.11420010046826,-10.779736525329342,64.0,A,mapped_chapters_only,0,True,False,usable,,123.0,81.0,0.0,창원시 전역 통관 · 연도창을 모두 확보한 HS6 합계(업종 수출 총액 아님),202501,115166.0,-0.47186117256636795,2547.0,-13.777928232904536,2319.0,-2.7265100671140963,228.0,583.0,True,True,True,False,창원시 전역 제조업 총계 · 반기 · 표본조사. 업종별 값이 아니며 입직-이직을 KICOX 고용 증감과 같다고 보지 않는다.,1423510804,-4.143112585454345,6025,0.2662672657680165,True,True,True,False,창원시 전역 제조업 총계 전력사용량 · 월→분기 합계. 업종별 값이 아니며 가동률과 개념·모집단이 다르다.,65.0,73.0,68.33,73.67,89.0,86.66,A,2.0,True,True,True,경상남도 제조업 총계(업종 공통 배경),전국 업종별 심리지수. 창원국가산단 개별 업종의 신호가 아니라 같은 업종의 전국 분위기다.,True,False,False,False,,True,PPI 조정 생산,1,생산유지·고용감소 신호,생산유지·고용감소 신호,,False,True,False,False,False,True,False,False,False,False,,True,True,True,5,고용보험 지표와 방향 일치 · 연간보정 개정본 사용 구간 · 외부자료 업종 대응 불확실 · 가동률 공표 정의 단절 구간 · 월별 원자료 미제공 구간,가중치 근거가 없어 신뢰도 점수를 만들지 않는다. 플래그를 그대로 읽는다.,생산이 유지되는데 고용이 감소하고 있어 자동화·생산성 변화·미충원·외주화·인력구조 조정 여부를 확인할 필요가 있다.,"가동률 공표 정의가 바뀐 구간이어서 당기와 전년동기의 산출방식이 다르다. 가동률 증감 해석 전에 정의 차이를 확인할 필요가 있다.
이 분기는 월별 원자료가 공표되지 않아 분기 내 지속 여부를 확인할 수 없다. 분기말 단일시점 값에만 의존한 판단임을 감안할 필요가 있다.
연간보정 개정본을 사용한 구간이다. 이후 재개정 시 값이 달라질 수 있음을 확인할 필요가 있다.
외부 자료의 업종 구분이 산단 10업종과 정확히 대응하지 않는다. 비교 결과를 참고로만 읽고 대응 범위를 확인할 필요가 있다.","확인된 품목 기준 수출은 유지·확대되는데 고용이 감소하고 있어 생산성·자동화·기업구성 변화 등의 가능성을 추가 확인할 필요가 있다.
창원시 제조업 전체에서 입직자 감소가 함께 관측되므로, 고용 감소가 신규 채용 둔화와 함께 나타나는지 확인할 필요가 있다.
가동률 하락과 창원시 제조업 전력사용 감소가 함께 나타나 실제 생산활동 위축 여부를 추가 확인할 필요가 있다. 다만 전력은 시 전체 제조업 총계이므로 이 업종의 값이 아니다.
경남 제조업 업황 심리지수가 기준선(100)을 밑돌아, 업종 고유 요인인지 지역 전반의 경기 흐름인지 구분해 확인할 필요가 있다.
같은 업종의 전국 업황 심리지수도 기준선을 밑돌아, 관측된 변화가 산단 고유 현상인지 전국 업종 흐름인지 확인할 필요가 있다.","생산이 유지되는데 고용이 감소하고 있어 자동화·생산성 변화·미충원·외주화·인력구조 조정 여부를 확인할 필요가 있다.
확인된 품목 기준 수출은 유지·확대되는데 고용이 감소하고 있어 생산성·자동화·기업구성 변화 등의 가능성을 추가 확인할 필요가 있다.
창원시 제조업 전체에서 입직자 감소가 함께 관측되므로, 고용 감소가 신규 채용 둔화와 함께 나타나는지 확인할 필요가 있다.
가동률 하락과 창원시 제조업 전력사용 감소가 함께 나타나 실제 생산활동 위축 여부를 추가 확인할 필요가 있다. 다만 전력은 시 전체 제조업 총계이므로 이 업종의 값이 아니다.
경남 제조업 업황 심리지수가 기준선(100)을 밑돌아, 업종 고유 요인인지 지역 전반의 경기 흐름인지 구분해 확인할 필요가 있다.
같은 업종의 전국 업황 심리지수도 기준선을 밑돌아, 관측된 변화가 산단 고유 현상인지 전국 업종 흐름인지 확인할 필요가 있다.
가동률 공표 정의가 바뀐 구간이어서 당기와 전년동기의 산출방식이 다르다. 가동률 증감 해석 전에 정의 차이를 확인할 필요가 있다.
이 분기는 월별 원자료가 공표되지 않아 분기 내 지속 여부를 확인할 수 없다. 분기말 단일시점 값에만 의존한 판단임을 감안할 필요가 있다.
연간보정 개정본을 사용한 구간이다. 이후 재개정 시 값이 달라질 수 있음을 확인할 필요가 있다.
외부 자료의 업종 구분이 산단 10업종과 정확히 대응하지 않는다. 비교 결과를 참고로만 읽고 대응 범위를 확인할 필요가 있다.",고용지원 · 직업훈련 / 산업동향 · 기업지원 / 산업동향,검토 대상 기능의 제안이며 특정 사업·예산의 선정이 아니다. 지원 여부는 담당자의 현장 확인 뒤에 기존 체계에서 결정한다.
음식료,2025Q1,우선점검,고용감소 8.9%(진입경계 5% 통과) · 산단평균 대비 11.4%p 열위(상위경계 통과) → 보강: 생산 12.9% 감소,S4,1.0,-8.883826879271073,-12.937596117034044,-78.0,800.0,1341.71,0.6842870584210076,8.883826879271073,11.443655639184058,0.0667179881960482,12.937596117034044,True,False,False,False,수주잔량·가동률·휴업/감산·기업 수 변동·고용조정 계획 신고 여부를 확인한다(원인 후보이며 입증된 원인이 아님).,기업지원 기능 + 고용지원 기능,4.0,7.0,5.0,-1.0,-19.999999999999996,-12.5,96.33323281494565,8.759017829346917,7.758294628117312,official_quarterly,가동률 공표 정의가 2024Q2 를 기점으로 바뀌어 당기와 전년동기의 산출방식이 다르다,800.0,4.0,False,메인 트랙,"5개 → 4개 (-1개, -20.0%)",,1,1,1,1,1,-12.937596117034044,A,대분류 직접 대응,1,음식료품,-14.491273432114482,-14.491273432114482,True,-14.491273432114482,False,True,True,,,0.6600368844141391,2.5598287599129854,방향 일치,1.8997918754988463,,,,비교자료 없음,,,False,KICOX 산단 고용과 고용보험 피보험자는 모집단이 다르다(산단 입주 사업체 vs 창원시 전역 사업장). 수준·점유율 비교 금지.,,,,,,,,,,,,,,,,,,,,,,,,,,no_data,0,False,,no_mapped_chapter,해당 업종에 귀속 근거가 있는 HS 류가 없다,,,,창원시 전역 통관 · 연도창을 모두 확보한 HS6 합계(업종 수출 총액 아님),202501,115166.0,-0.47186117256636795,2547.0,-13.777928232904536,2319.0,-2.7265100671140963,228.0,583.0,True,True,True,False,창원시 전역 제조업 총계 · 반기 · 표본조사. 업종별 값이 아니며 입직-이직을 KICOX 고용 증감과 같다고 보지 않는다.,1423510804,-4.143112585454345,6025,0.2662672657680165,True,True,False,True,창원시 전역 제조업 총계 전력사용량 · 월→분기 합계. 업종별 값이 아니며 가동률과 개념·모집단이 다르다.,65.0,73.0,68.33,73.67,89.0,65.67,A,2.0,True,True,True,경상남도 제조업 총계(업종 공통 배경),전국 업종별 심리지수. 창원국가산단 개별 업종의 신호가 아니라 같은 업종의 전국 분위기다.,,True,False,True,,False,PPI 조정 생산,2,업체수 감소 신호 · 실질생산 위축 신호(PPI 조정),업체수 감소 신호,"대표 확인신호는 표시순서에 따른 요약이며, 유일한 원인이 아니다. 확인신호 프로필 전체를 함께 읽어야 한다.",False,False,False,False,False,True,False,False,True,False,,True,False,True,4,소규모 분모 — 비율 변동 과대 가능 · 연간보정 개정본 사용 구간 · 가동률 공표 정의 단절 구간 · 월별 원자료 미제공 구간,가중치 근거가 없어 신뢰도 점수를 만들지 않는다. 플래그를 그대로 읽는다.,"가동업체 감소가 실제 퇴거·폐업·통합·휴업에 따른 것인지, 아니면 조사대상 변동이나 집계기준 변경에 따른 것인지 확인할 필요가 있다.
명목생산 변화에 가격효과가 포함되어 있으므로 실제 물량이 줄었는지 추가로 확인할 필요가 있다.","업체수·고용 규모가 작아 비율 변동이 크게 나타난다. 절대 증감 개수로 다시 확인할 필요가 있다.
가동률 공표 정의가 바뀐 구간이어서 당기와 전년동기의 산출방식이 다르다. 가동률 증감 해석 전에 정의 차이를 확인할 필요가 있다.
이 분기는 월별 원자료가 공표되지 않아 분기 내 지속 여부를 확인할 수 없다. 분기말 단일시점 값에만 의존한 판단임을 감안할 필요가 있다.
연간보정 개정본을 사용한 구간이다. 이후 재개정 시 값이 달라질 수 있음을 확인할 필요가 있다.","창원시 제조업 전체에서 입직자 감소가 함께 관측되므로, 고용 감소가 신규 채용 둔화와 함께 나타나는지 확인할 필요가 있다.
가동률과 전력사용의 방향이 달라 업종 구성·설비 특성·자료범위(산단 vs 시 전체) 차이를 추가 확인할 필요가 있다.
경남 제조업 업황 심리지수가 기준선(100)을 밑돌아, 업종 고유 요인인지 지역 전반의 경기 흐름인지 구분해 확인할 필요가 있다.
같은 업종의 전국 업황 심리지수도 기준선을 밑돌아, 관측된 변화가 산단 고유 현상인지 전국 업종 흐름인지 확인할 필요가 있다.","가동업체 감소가 실제 퇴거·폐업·통합·휴업에 따른 것인지, 아니면 조사대상 변동이나 집계기준 변경에 따른 것인지 확인할 필요가 있다.
명목생산 변화에 가격효과가 포함되어 있으므로 실제 물량이 줄었는지 추가로 확인할 필요가 있다.
창원시 제조업 전체에서 입직자 감소가 함께 관측되므로, 고용 감소가 신규 채용 둔화와 함께 나타나는지 확인할 필요가 있다.
가동률과 전력사용의 방향이 달라 업종 구성·설비 특성·자료범위(산단 vs 시 전체) 차이를 추가 확인할 필요가 있다.
경남 제조업 업황 심리지수가 기준선(100)을 밑돌아, 업종 고유 요인인지 지역 전반의 경기 흐름인지 구분해 확인할 필요가 있다.
같은 업종의 전국 업황 심리지수도 기준선을 밑돌아, 관측된 변화가 산단 고유 현상인지 전국 업종 흐름인지 확인할 필요가 있다.
업체수·고용 규모가 작아 비율 변동이 크게 나타난다. 절대 증감 개수로 다시 확인할 필요가 있다.
가동률 공표 정의가 바뀐 구간이어서 당기와 전년동기의 산출방식이 다르다. 가동률 증감 해석 전에 정의 차이를 확인할 필요가 있다.
이 분기는 월별 원자료가 공표되지 않아 분기 내 지속 여부를 확인할 수 없다. 분기말 단일시점 값에만 의존한 판단임을 감안할 필요가 있다.
연간보정 개정본을 사용한 구간이다. 이후 재개정 시 값이 달라질 수 있음을 확인할 필요가 있다.",산업동향 · 기업지원 / 산업동향 / 고용지원 · 직업훈련,검토 대상 기능의 제안이며 특정 사업·예산의 선정이 아니다. 지원 여부는 담당자의 현장 확인 뒤에 기존 체계에서 결정한다.
전기전자,2025Q1,추가확인,산단평균 대비 5.7%p 열위(진입경계 통과),S2,1.0,-3.1039321036241074,4.325631703897304,-907.0,28314.0,37044.858888888906,24.218629715165516,3.1039321036241074,5.663760863537092,0.7758104524848174,0.0,True,False,False,False,"자동화·설비투자, 외주·도급 전환, 미충원·숙련 불일치, 직무구조 변화 가능성을 질문으로 확인한다(원인 후보이며 입증된 원인이 아님).",고용·훈련 기능 + 기업지원 기능,573.0,633.0,556.0,17.0,3.0575539568345356,6.745362563237767,79.32350370517987,6.008060798268966,4.495699943982146,official_quarterly,가동률 공표 정의가 2024Q2 를 기점으로 바뀌어 당기와 전년동기의 산출방식이 다르다,28314.0,573.0,False,메인 트랙,"556개 → 573개 (+17개, +3.1%)",,1,1,1,1,1,4.325631703897304,C,복수 후보만 존재 — 가중치 근거 없음. 밴드로만 해석,2,전기장비|컴퓨터전자및광학기기,1.1384545735368734,2.328442467739733,True,,True,,,False,False,0.6600368844141391,2.5598287599129854,방향 일치,1.8997918754988463,전기장비,18535.0,1.0742720034900177,방향 불일치 (매핑 C등급 — 참고),-4.178204107114125,C,True,KICOX 산단 고용과 고용보험 피보험자는 모집단이 다르다(산단 입주 사업체 vs 창원시 전역 사업장). 수준·점유율 비교 금지.,,,,,,,,,,,,,,,,,,,,,446491.0,-14.83356445407501,-1.701231550249127,252.0,B,mapped_chapters_only,0,True,True,usable,,296.0,272.0,0.0,창원시 전역 통관 · 연도창을 모두 확보한 HS6 합계(업종 수출 총액 아님),202501,115166.0,-0.47186117256636795,2547.0,-13.777928232904536,2319.0,-2.7265100671140963,228.0,583.0,True,True,True,False,창원시 전역 제조업 총계 · 반기 · 표본조사. 업종별 값이 아니며 입직-이직을 KICOX 고용 증감과 같다고 보지 않는다.,1423510804,-4.143112585454345,6025,0.2662672657680165,True,True,False,True,창원시 전역 제조업 총계 전력사용량 · 월→분기 합계. 업종별 값이 아니며 가동률과 개념·모집단이 다르다.,65.0,73.0,68.33,73.67,89.0,74.34,A,2.0,True,True,True,경상남도 제조업 총계(업종 공통 배경),전국 업종별 심리지수. 창원국가산단 개별 업종의 신호가 아니라 같은 업종의 전국 분위기다.,False,False,False,,후보 모두 위축 아님,True,명목 생산만(가격효과 미조정),1,생산유지·고용감소 신호,생산유지·고용감소 신호,,True,False,True,False,False,True,False,True,False,False,,True,True,True,6,고용보험 지표와 방향 불일치 · PPI 매핑 불확실(C·D 등급) · 연간보정 개정본 사용 구간 · 외부자료 업종 대응 불확실 · 가동률 공표 정의 단절 구간 · 월별 원자료 미제공 구간,가중치 근거가 없어 신뢰도 점수를 만들지 않는다. 플래그를 그대로 읽는다.,생산이 유지되는데 고용이 감소하고 있어 자동화·생산성 변화·미충원·외주화·인력구조 조정 여부를 확인할 필요가 있다.,"산단 고용과 창원시 고용보험 지표의 방향이 달라 모집단 차이·자료 개정·기업 구성 차이 중 무엇 때문인지 확인할 필요가 있다.
이 업종은 생산자물가지수 대응 후보가 복수이거나 없어, PPI 조정 생산을 단일값으로 해석하지 않고 원자료로 확인할 필요가 있다.
가동률 공표 정의가 바뀐 구간이어서 당기와 전년동기의 산출방식이 다르다. 가동률 증감 해석 전에 정의 차이를 확인할 필요가 있다.
이 분기는 월별 원자료가 공표되지 않아 분기 내 지속 여부를 확인할 수 없다. 분기말 단일시점 값에만 의존한 판단임을 감안할 필요가 있다.
연간보정 개정본을 사용한 구간이다. 이후 재개정 시 값이 달라질 수 있음을 확인할 필요가 있다.
외부 자료의 업종 구분이 산단 10업종과 정확히 대응하지 않는다. 비교 결과를 참고로만 읽고 대응 범위를 확인할 필요가 있다.","확인된 품목 기준 수출이 함께 감소하고 있어, 외부수요 약화 가능성을 보려면 수출 감소가 특정 품목·기업에 집중되는지 추가 확인할 필요가 있다.
창원시 제조업 전체에서 입직자 감소가 함께 관측되므로, 고용 감소가 신규 채용 둔화와 함께 나타나는지 확인할 필요가 있다.
가동률과 전력사용의 방향이 달라 업종 구성·설비 특성·자료범위(산단 vs 시 전체) 차이를 추가 확인할 필요가 있다.
경남 제조업 업황 심리지수가 기준선(100)을 밑돌아, 업종 고유 요인인지 지역 전반의 경기 흐름인지 구분해 확인할 필요가 있다.
같은 업종의 전국 업황 심리지수도 기준선을 밑돌아, 관측된 변화가 산단 고유 현상인지 전국 업종 흐름인지 확인할 필요가 있다.","생산이 유지되는데 고용이 감소하고 있어 자동화·생산성 변화·미충원·외주화·인력구조 조정 여부를 확인할 필요가 있다.
확인된 품목 기준 수출이 함께 감소하고 있어, 외부수요 약화 가능성을 보려면 수출 감소가 특정 품목·기업에 집중되는지 추가 확인할 필요가 있다.
창원시 제조업 전체에서 입직자 감소가 함께 관측되므로, 고용 감소가 신규 채용 둔화와 함께 나타나는지 확인할 필요가 있다.
가동률과 전력사용의 방향이 달라 업종 구성·설비 특성·자료범위(산단 vs 시 전체) 차이를 추가 확인할 필요가 있다.
경남 제조업 업황 심리지수가 기준선(100)을 밑돌아, 업종 고유 요인인지 지역 전반의 경기 흐름인지 구분해 확인할 필요가 있다.
같은 업종의 전국 업황 심리지수도 기준선을 밑돌아, 관측된 변화가 산단 고유 현상인지 전국 업종 흐름인지 확인할 필요가 있다.
산단 고용과 창원시 고용보험 지표의 방향이 달라 모집단 차이·자료 개정·기업 구성 차이 중 무엇 때문인지 확인할 필요가 있다.
이 업종은 생산자물가지수 대응 후보가 복수이거나 없어, PPI 조정 생산을 단일값으로 해석하지 않고 원자료로 확인할 필요가 있다.
가동률 공표 정의가 바뀐 구간이어서 당기와 전년동기의 산출방식이 다르다. 가동률 증감 해석 전에 정의 차이를 확인할 필요가 있다.
이 분기는 월별 원자료가 공표되지 않아 분기 내 지속 여부를 확인할 수 없다. 분기말 단일시점 값에만 의존한 판단임을 감안할 필요가 있다.
연간보정 개정본을 사용한 구간이다. 이후 재개정 시 값이 달라질 수 있음을 확인할 필요가 있다.
외부 자료의 업종 구분이 산단 10업종과 정확히 대응하지 않는다. 비교 결과를 참고로만 읽고 대응 범위를 확인할 필요가 있다.",고용지원 · 직업훈련 / 산업동향 · 기업지원 / 산업동향,검토 대상 기능의 제안이며 특정 사업·예산의 선정이 아니다. 지원 여부는 담당자의 현장 확인 뒤에 기존 체계에서 결정한다.
철강,2025Q1,관찰,고용 축 진입신호 없음 (생산 11.3% 단독 감소 — 확인질문에 반영),S3,1.0,4.724578546118319,-11.307054276940642,440.0,9753.0,13044.26,8.34231460097511,0.0,0.0,0.0,11.307054276940642,True,False,False,False,선제채용·신규 입주기업·고용조정 시차·생산 단가와 물량 구분 가능성을 확인한다.,기업지원 기능(모니터링),76.0,80.0,73.0,3.0,4.109589041095885,2.564102564102555,53.45114423489843,-21.1691313028734,-14.353695567465358,official_quarterly,가동률 공표 정의가 2024Q2 를 기점으로 바뀌어 당기와 전년동기의 산출방식이 다르다,9753.0,76.0,False,메인 트랙,"73개 → 76개 (+3개, +4.1%)",,1,1,1,1,1,-11.307054276940642,B,상위 범주가 넓어 범위 과대·과소 가능,1,철강1차제품,-8.788121500985879,-8.788121500985879,True,-8.788121500985879,False,True,True,,,0.6600368844141391,2.5598287599129854,방향 일치,1.8997918754988463,,,,비교자료 없음,,,False,KICOX 산단 고용과 고용보험 피보험자는 모집단이 다르다(산단 입주 사업체 vs 창원시 전역 사업장). 수준·점유율 비교 금지.,,,,,,,,,,,,,,,,,,,,,201283.0,-12.209302325581394,-27.74591914667771,203.0,A,mapped_chapters_only,0,True,True,usable,,291.0,237.0,0.0,창원시 전역 통관 · 연도창을 모두 확보한 HS6 합계(업종 수출 총액 아님),202501,115166.0,-0.47186117256636795,2547.0,-13.777928232904536,2319.0,-2.7265100671140963,228.0,583.0,True,True,True,False,창원시 전역 제조업 총계 · 반기 · 표본조사. 업종별 값이 아니며 입직-이직을 KICOX 고용 증감과 같다고 보지 않는다.,1423510804,-4.143112585454345,6025,0.2662672657680165,True,True,True,False,창원시 전역 제조업 총계 전력사용량 · 월→분기 합계. 업종별 값이 아니며 가동률과 개념·모집단이 다르다.,65.0,73.0,68.33,73.67,89.0,64.0,B,1.0,True,True,True,경상남도 제조업 총계(업종 공통 배경),전국 업종별 심리지수. 창원국가산단 개별 업종의 신호가 아니라 같은 업종의 전국 분위기다.,False,False,True,True,,False,PPI 조정 생산,2,가동 위축 신호 · 실질생산 위축 신호(PPI 조정),가동 위축 신호,"대표 확인신호는 표시순서에 따른 요약이며, 유일한 원인이 아니다. 확인신호 프로필 전체를 함께 읽어야 한다.",False,False,False,False,False,True,False,False,False,False,,True,False,True,3,연간보정 개정본 사용 구간 · 가동률 공표 정의 단절 구간 · 월별 원자료 미제공 구간,가중치 근거가 없어 신뢰도 점수를 만들지 않는다. 플래그를 그대로 읽는다.,"가동률 하락이 일시적 생산조정인지 수주·수요 감소에 따른 것인지 확인할 필요가 있다.
명목생산 변화에 가격효과가 포함되어 있으므로 실제 물량이 줄었는지 추가로 확인할 필요가 있다.","가동률 공표 정의가 바뀐 구간이어서 당기와 전년동기의 산출방식이 다르다. 가동률 증감 해석 전에 정의 차이를 확인할 필요가 있다.
이 분기는 월별 원자료가 공표되지 않아 분기 내 지속 여부를 확인할 수 없다. 분기말 단일시점 값에만 의존한 판단임을 감안할 필요가 있다.
연간보정 개정본을 사용한 구간이다. 이후 재개정 시 값이 달라질 수 있음을 확인할 필요가 있다.","확인된 품목 기준 수출이 함께 감소하고 있어, 외부수요 약화 가능성을 보려면 수출 감소가 특정 품목·기업에 집중되는지 추가 확인할 필요가 있다.
창원시 제조업 전체에서 입직자 감소가 함께 관측되므로, 고용 감소가 신규 채용 둔화와 함께 나타나는지 확인할 필요가 있다.
가동률 하락과 창원시 제조업 전력사용 감소가 함께 나타나 실제 생산활동 위축 여부를 추가 확인할 필요가 있다. 다만 전력은 시 전체 제조업 총계이므로 이 업종의 값이 아니다.
경남 제조업 업황 심리지수가 기준선(100)을 밑돌아, 업종 고유 요인인지 지역 전반의 경기 흐름인지 구분해 확인할 필요가 있다.
같은 업종의 전국 업황 심리지수도 기준선을 밑돌아, 관측된 변화가 산단 고유 현상인지 전국 업종 흐름인지 확인할 필요가 있다.","가동률 하락이 일시적 생산조정인지 수주·수요 감소에 따른 것인지 확인할 필요가 있다.
명목생산 변화에 가격효과가 포함되어 있으므로 실제 물량이 줄었는지 추가로 확인할 필요가 있다.
확인된 품목 기준 수출이 함께 감소하고 있어, 외부수요 약화 가능성을 보려면 수출 감소가 특정 품목·기업에 집중되는지 추가 확인할 필요가 있다.
창원시 제조업 전체에서 입직자 감소가 함께 관측되므로, 고용 감소가 신규 채용 둔화와 함께 나타나는지 확인할 필요가 있다.
가동률 하락과 창원시 제조업 전력사용 감소가 함께 나타나 실제 생산활동 위축 여부를 추가 확인할 필요가 있다. 다만 전력은 시 전체 제조업 총계이므로 이 업종의 값이 아니다.
경남 제조업 업황 심리지수가 기준선(100)을 밑돌아, 업종 고유 요인인지 지역 전반의 경기 흐름인지 구분해 확인할 필요가 있다.
같은 업종의 전국 업황 심리지수도 기준선을 밑돌아, 관측된 변화가 산단 고유 현상인지 전국 업종 흐름인지 확인할 필요가 있다.
가동률 공표 정의가 바뀐 구간이어서 당기와 전년동기의 산출방식이 다르다. 가동률 증감 해석 전에 정의 차이를 확인할 필요가 있다.
이 분기는 월별 원자료가 공표되지 않아 분기 내 지속 여부를 확인할 수 없다. 분기말 단일시점 값에만 의존한 판단임을 감안할 필요가 있다.
연간보정 개정본을 사용한 구간이다. 이후 재개정 시 값이 달라질 수 있음을 확인할 필요가 있다.",산업동향 · 기업지원 / 산업동향 / 고용지원 · 직업훈련,검토 대상 기능의 제안이며 특정 사업·예산의 선정이 아니다. 지원 여부는 담당자의 현장 확인 뒤에 기존 체계에서 결정한다.
기계,2025Q2,관찰,고용 축 진입신호 없음,S1,2.0,7.688480148244747,21.41755812200161,4481.0,62763.0,66747.17383,52.67031436196103,0.0,0.0,0.0,0.0,True,False,False,False,미충원·숙련수요·증가의 지속가능성을 확인한다.,고용·훈련 기능,1453.0,1535.0,1466.0,-13.0,-0.8867667121418843,-0.7115135834411368,85.50016256,7.501288255692273,5.96608073891754,official_quarterly,,62763.0,1453.0,False,메인 트랙,"1,466개 → 1,453개 (-13개, -0.9%)",,0,0,0,0,0,21.41755812200161,A,대분류 직접 대응,1,기계및장비,19.860691199827762,19.860691199827762,True,19.860691199827762,False,True,True,,,-0.15533128565160537,2.4617580546694384,방향 불일치,2.617089340321044,기계·장비,29159.0,-0.04456327985740138,방향 불일치,7.733043428102149,B,True,KICOX 산단 고용과 고용보험 피보험자는 모집단이 다르다(산단 입주 사업체 vs 창원시 전역 사업장). 수준·점유율 비교 금지.,,,,,,,,,,,,,,,,,,,,,2363169.0,-2.4649065929916003,5.6255906206385875,365.0,B,mapped_chapters_only,0,True,False,usable,,538.0,439.0,0.0,창원시 전역 통관 · 연도창을 모두 확보한 HS6 합계(업종 수출 총액 아님),202501,115166.0,-0.47186117256636795,2547.0,-13.777928232904536,2319.0,-2.7265100671140963,228.0,583.0,True,True,True,False,창원시 전역 제조업 총계 · 반기 · 표본조사. 업종별 값이 아니며 입직-이직을 KICOX 고용 증감과 같다고 보지 않는다.,1408822420,-3.427967239380547,6033,-0.0331400165700102,True,True,False,True,창원시 전역 제조업 총계 전력사용량 · 월→분기 합계. 업종별 값이 아니며 가동률과 개념·모집단이 다르다.,68.33,82.33,76.33,81.33,90.33,66.66,C,2.0,True,True,True,경상남도 제조업 총계(업종 공통 배경),전국 업종별 심리지수. 창원국가산단 개별 업종의 신호가 아니라 같은 업종의 전국 분위기다.,False,False,False,False,,False,PPI 조정 생산,0,해석 보류,해석 보류,,False,False,True,False,False,True,False,False,False,False,,False,False,False,2,고용보험 지표와 방향 불일치 · 월별 원자료 미제공 구간,가중치 근거가 없어 신뢰도 점수를 만들지 않는다. 플래그를 그대로 읽는다.,,"산단 고용과 창원시 고용보험 지표의 방향이 달라 모집단 차이·자료 개정·기업 구성 차이 중 무엇 때문인지 확인할 필요가 있다.
이 분기는 월별 원자료가 공표되지 않아 분기 내 지속 여부를 확인할 수 없다. 분기말 단일시점 값에만 의존한 판단임을 감안할 필요가 있다.","창원시 제조업 전체에서 입직자 감소가 함께 관측되므로, 고용 감소가 신규 채용 둔화와 함께 나타나는지 확인할 필요가 있다.
가동률과 전력사용의 방향이 달라 업종 구성·설비 특성·자료범위(산단 vs 시 전체) 차이를 추가 확인할 필요가 있다.
경남 제조업 업황 심리지수가 기준선(100)을 밑돌아, 업종 고유 요인인지 지역 전반의 경기 흐름인지 구분해 확인할 필요가 있다.
같은 업종의 전국 업황 심리지수도 기준선을 밑돌아, 관측된 변화가 산단 고유 현상인지 전국 업종 흐름인지 확인할 필요가 있다.","창원시 제조업 전체에서 입직자 감소가 함께 관측되므로, 고용 감소가 신규 채용 둔화와 함께 나타나는지 확인할 필요가 있다.
가동률과 전력사용의 방향이 달라 업종 구성·설비 특성·자료범위(산단 vs 시 전체) 차이를 추가 확인할 필요가 있다.
경남 제조업 업황 심리지수가 기준선(100)을 밑돌아, 업종 고유 요인인지 지역 전반의 경기 흐름인지 구분해 확인할 필요가 있다.
같은 업종의 전국 업황 심리지수도 기준선을 밑돌아, 관측된 변화가 산단 고유 현상인지 전국 업종 흐름인지 확인할 필요가 있다.
산단 고용과 창원시 고용보험 지표의 방향이 달라 모집단 차이·자료 개정·기업 구성 차이 중 무엇 때문인지 확인할 필요가 있다.
이 분기는 월별 원자료가 공표되지 않아 분기 내 지속 여부를 확인할 수 없다. 분기말 단일시점 값에만 의존한 판단임을 감안할 필요가 있다.",고용지원 · 직업훈련 / 산업동향,검토 대상 기능의 제안이며 특정 사업·예산의 선정이 아니다. 지원 여부는 담당자의 현장 확인 뒤에 기존 체계에서 결정한다.
기타,2025Q2,추가확인,고용감소 15.6%(상위경계 10% 통과) · 산단평균 대비 18.1%p 열위(상위경계 통과) [상위경계 통과했으나 고용 146인 < 300인으로 우선점검 제외],S2,2.0,-15.606936416184968,2.4066200243261004,-27.0,146.0,82.09,0.1225222805928064,15.606936416184968,18.068694470854407,0.0226582299726422,0.0,False,True,False,False,"자동화·설비투자, 외주·도급 전환, 미충원·숙련 불일치, 직무구조 변화 가능성을 질문으로 확인한다(원인 후보이며 입증된 원인이 아님).",고용·훈련 기능 + 기업지원 기능,27.0,37.0,22.0,5.0,22.72727272727273,42.307692307692314,67.53043764,-4.774451854058803,-3.3858647124988295,official_quarterly,,146.0,27.0,True,소규모 집계 트랙,"22개 → 27개 (+5개, +22.7%)","소규모 집계 트랙은 업종을 배제하는 장치가 아니라, 분모가 작아 비율 변동이 커지는 집계군을 별도 방식으로 읽기 위한 표시다.",0,0,0,0,0,2.4066200243261004,D,대응 항목 없음 — 조정 생산 산출 불가,0,,,,True,,False,,,,,-0.15533128565160537,2.4617580546694384,방향 불일치,2.617089340321044,,,,비교자료 없음,,,False,KICOX 산단 고용과 고용보험 피보험자는 모집단이 다르다(산단 입주 사업체 vs 창원시 전역 사업장). 수준·점유율 비교 금지.,,,,,,,,,,,,,,,,,,,,,,,,,,no_data,0,False,,no_mapped_chapter,해당 업종에 귀속 근거가 있는 HS 류가 없다,,,,창원시 전역 통관 · 연도창을 모두 확보한 HS6 합계(업종 수출 총액 아님),202501,115166.0,-0.47186117256636795,2547.0,-13.777928232904536,2319.0,-2.7265100671140963,228.0,583.0,True,True,True,False,창원시 전역 제조업 총계 · 반기 · 표본조사. 업종별 값이 아니며 입직-이직을 KICOX 고용 증감과 같다고 보지 않는다.,1408822420,-3.427967239380547,6033,-0.0331400165700102,True,True,True,False,창원시 전역 제조업 총계 전력사용량 · 월→분기 합계. 업종별 값이 아니며 가동률과 개념·모집단이 다르다.,68.33,82.33,76.33,81.33,90.33,,,,True,,True,경상남도 제조업 총계(업종 공통 배경),전국 업종별 심리지수. 창원국가산단 개별 업종의 신호가 아니라 같은 업종의 전국 분위기다.,,False,True,,,True,명목 생산만(가격효과 미조정),2,가동 위축 신호 · 생산유지·고용감소 신호,가동 위축 신호,"대표 확인신호는 표시순서에 따른 요약이며, 유일한 원인이 아니다. 확인신호 프로필 전체를 함께 읽어야 한다.",True,False,False,False,False,True,False,True,True,False,,False,False,False,3,PPI 매핑 불확실(C·D 등급) · 소규모 분모 — 비율 변동 과대 가능 · 월별 원자료 미제공 구간,가중치 근거가 없어 신뢰도 점수를 만들지 않는다. 플래그를 그대로 읽는다.,"가동률 하락이 일시적 생산조정인지 수주·수요 감소에 따른 것인지 확인할 필요가 있다.
생산이 유지되는데 고용이 감소하고 있어 자동화·생산성 변화·미충원·외주화·인력구조 조정 여부를 확인할 필요가 있다.","이 업종은 생산자물가지수 대응 후보가 복수이거나 없어, PPI 조정 생산을 단일값으로 해석하지 않고 원자료로 확인할 필요가 있다.
업체수·고용 규모가 작아 비율 변동이 크게 나타난다. 절대 증감 개수로 다시 확인할 필요가 있다.
이 분기는 월별 원자료가 공표되지 않아 분기 내 지속 여부를 확인할 수 없다. 분기말 단일시점 값에만 의존한 판단임을 감안할 필요가 있다.","창원시 제조업 전체에서 입직자 감소가 함께 관측되므로, 고용 감소가 신규 채용 둔화와 함께 나타나는지 확인할 필요가 있다.
가동률 하락과 창원시 제조업 전력사용 감소가 함께 나타나 실제 생산활동 위축 여부를 추가 확인할 필요가 있다. 다만 전력은 시 전체 제조업 총계이므로 이 업종의 값이 아니다.
경남 제조업 업황 심리지수가 기준선(100)을 밑돌아, 업종 고유 요인인지 지역 전반의 경기 흐름인지 구분해 확인할 필요가 있다.","가동률 하락이 일시적 생산조정인지 수주·수요 감소에 따른 것인지 확인할 필요가 있다.
생산이 유지되는데 고용이 감소하고 있어 자동화·생산성 변화·미충원·외주화·인력구조 조정 여부를 확인할 필요가 있다.
창원시 제조업 전체에서 입직자 감소가 함께 관측되므로, 고용 감소가 신규 채용 둔화와 함께 나타나는지 확인할 필요가 있다.
가동률 하락과 창원시 제조업 전력사용 감소가 함께 나타나 실제 생산활동 위축 여부를 추가 확인할 필요가 있다. 다만 전력은 시 전체 제조업 총계이므로 이 업종의 값이 아니다.
경남 제조업 업황 심리지수가 기준선(100)을 밑돌아, 업종 고유 요인인지 지역 전반의 경기 흐름인지 구분해 확인할 필요가 있다.
이 업종은 생산자물가지수 대응 후보가 복수이거나 없어, PPI 조정 생산을 단일값으로 해석하지 않고 원자료로 확인할 필요가 있다.
업체수·고용 규모가 작아 비율 변동이 크게 나타난다. 절대 증감 개수로 다시 확인할 필요가 있다.
이 분기는 월별 원자료가 공표되지 않아 분기 내 지속 여부를 확인할 수 없다. 분기말 단일시점 값에만 의존한 판단임을 감안할 필요가 있다.",산업동향 · 기업지원 / 고용지원 · 직업훈련 / 산업동향,검토 대상 기능의 제안이며 특정 사업·예산의 선정이 아니다. 지원 여부는 담당자의 현장 확인 뒤에 기존 체계에서 결정한다.
목재종이,2025Q2,관찰,고용 축 진입신호 없음,S1,2.0,100.84388185654008,135.46213292117466,239.0,476.0,190.43,0.3994562024806565,0.0,0.0,0.0,0.0,True,False,False,False,미충원·숙련수요·증가의 지속가능성을 확인한다.,고용·훈련 기능,45.0,50.0,43.0,2.0,4.651162790697683,4.166666666666674,68.6976912,-9.875424589551784,-7.527567989443924,official_quarterly,,476.0,45.0,False,메인 트랙,"43개 → 45개 (+2개, +4.7%)",,0,0,0,0,0,135.46213292117466,A,대분류 직접 대응,1,목재및종이제품,132.48920740507916,132.48920740507916,True,132.48920740507916,False,True,True,,,-0.15533128565160537,2.4617580546694384,방향 불일치,2.617089340321044,,,,비교자료 없음,,,False,KICOX 산단 고용과 고용보험 피보험자는 모집단이 다르다(산단 입주 사업체 vs 창원시 전역 사업장). 수준·점유율 비교 금지.,,,,,,,,,,,,,,,,,,,,,,,,,,no_data,0,False,,no_mapped_chapter,해당 업종에 귀속 근거가 있는 HS 류가 없다,,,,창원시 전역 통관 · 연도창을 모두 확보한 HS6 합계(업종 수출 총액 아님),202501,115166.0,-0.47186117256636795,2547.0,-13.777928232904536,2319.0,-2.7265100671140963,228.0,583.0,True,True,True,False,창원시 전역 제조업 총계 · 반기 · 표본조사. 업종별 값이 아니며 입직-이직을 KICOX 고용 증감과 같다고 보지 않는다.,1408822420,-3.427967239380547,6033,-0.0331400165700102,True,True,True,False,창원시 전역 제조업 총계 전력사용량 · 월→분기 합계. 업종별 값이 아니며 가동률과 개념·모집단이 다르다.,68.33,82.33,76.33,81.33,90.33,45.84,A,2.0,True,True,True,경상남도 제조업 총계(업종 공통 배경),전국 업종별 심리지수. 창원국가산단 개별 업종의 신호가 아니라 같은 업종의 전국 분위기다.,,False,True,False,,False,PPI 조정 생산,1,가동 위축 신호,가동 위축 신호,,False,False,False,False,False,True,False,False,False,False,,False,False,False,1,월별 원자료 미제공 구간,가중치 근거가 없어 신뢰도 점수를 만들지 않는다. 플래그를 그대로 읽는다.,가동률 하락이 일시적 생산조정인지 수주·수요 감소에 따른 것인지 확인할 필요가 있다.,이 분기는 월별 원자료가 공표되지 않아 분기 내 지속 여부를 확인할 수 없다. 분기말 단일시점 값에만 의존한 판단임을 감안할 필요가 있다.,"창원시 제조업 전체에서 입직자 감소가 함께 관측되므로, 고용 감소가 신규 채용 둔화와 함께 나타나는지 확인할 필요가 있다.
가동률 하락과 창원시 제조업 전력사용 감소가 함께 나타나 실제 생산활동 위축 여부를 추가 확인할 필요가 있다. 다만 전력은 시 전체 제조업 총계이므로 이 업종의 값이 아니다.
경남 제조업 업황 심리지수가 기준선(100)을 밑돌아, 업종 고유 요인인지 지역 전반의 경기 흐름인지 구분해 확인할 필요가 있다.
같은 업종의 전국 업황 심리지수도 기준선을 밑돌아, 관측된 변화가 산단 고유 현상인지 전국 업종 흐름인지 확인할 필요가 있다.","가동률 하락이 일시적 생산조정인지 수주·수요 감소에 따른 것인지 확인할 필요가 있다.
창원시 제조업 전체에서 입직자 감소가 함께 관측되므로, 고용 감소가 신규 채용 둔화와 함께 나타나는지 확인할 필요가 있다.
가동률 하락과 창원시 제조업 전력사용 감소가 함께 나타나 실제 생산활동 위축 여부를 추가 확인할 필요가 있다. 다만 전력은 시 전체 제조업 총계이므로 이 업종의 값이 아니다.
경남 제조업 업황 심리지수가 기준선(100)을 밑돌아, 업종 고유 요인인지 지역 전반의 경기 흐름인지 구분해 확인할 필요가 있다.
같은 업종의 전국 업황 심리지수도 기준선을 밑돌아, 관측된 변화가 산단 고유 현상인지 전국 업종 흐름인지 확인할 필요가 있다.
이 분기는 월별 원자료가 공표되지 않아 분기 내 지속 여부를 확인할 수 없다. 분기말 단일시점 값에만 의존한 판단임을 감안할 필요가 있다.",산업동향 · 기업지원 / 고용지원 · 직업훈련 / 산업동향,검토 대상 기능의 제안이며 특정 사업·예산의 선정이 아니다. 지원 여부는 담당자의 현장 확인 뒤에 기존 체계에서 결정한다.
비금속,2025Q2,추가확인,고용감소 20.6%(상위경계 10% 통과) · 산단평균 대비 23.1%p 열위(상위경계 통과) [상위경계 통과했으나 고용 185인 < 300인으로 우선점검 제외],S4,2.0,-20.60085836909872,-37.9264251301902,-48.0,185.0,111.45,0.1552508349977341,20.60085836909872,23.062616423768155,0.0402812977291418,37.9264251301902,False,True,False,False,수주잔량·가동률·휴업/감산·기업 수 변동·고용조정 계획 신고 여부를 확인한다(원인 후보이며 입증된 원인이 아님).,기업지원 기능 + 고용지원 기능,5.0,5.0,5.0,0.0,0.0,-16.666666666666664,43.18261072,-27.193606036899954,-16.12895296201114,official_quarterly,,185.0,5.0,True,소규모 집계 트랙,"5개 → 5개 (+0개, +0.0%)","소규모 집계 트랙은 업종을 배제하는 장치가 아니라, 분모가 작아 비율 변동이 커지는 집계군을 별도 방식으로 읽기 위한 표시다.",0,0,0,0,0,-37.9264251301902,A,대분류 직접 대응,1,비금속광물제품,-37.388865968962605,-37.388865968962605,True,-37.388865968962605,False,True,True,,,-0.15533128565160537,2.4617580546694384,방향 불일치,2.617089340321044,,,,비교자료 없음,,,False,KICOX 산단 고용과 고용보험 피보험자는 모집단이 다르다(산단 입주 사업체 vs 창원시 전역 사업장). 수준·점유율 비교 금지.,,,,,,,,,,,,,,,,,,,,,,,,,,no_data,0,False,,no_mapped_chapter,해당 업종에 귀속 근거가 있는 HS 류가 없다,,,,창원시 전역 통관 · 연도창을 모두 확보한 HS6 합계(업종 수출 총액 아님),202501,115166.0,-0.47186117256636795,2547.0,-13.777928232904536,2319.0,-2.7265100671140963,228.0,583.0,True,True,True,False,창원시 전역 제조업 총계 · 반기 · 표본조사. 업종별 값이 아니며 입직-이직을 KICOX 고용 증감과 같다고 보지 않는다.,1408822420,-3.427967239380547,6033,-0.0331400165700102,True,True,True,False,창원시 전역 제조업 총계 전력사용량 · 월→분기 합계. 업종별 값이 아니며 가동률과 개념·모집단이 다르다.,68.33,82.33,76.33,81.33,90.33,53.33,A,1.0,True,True,True,경상남도 제조업 총계(업종 공통 배경),전국 업종별 심리지수. 창원국가산단 개별 업종의 신호가 아니라 같은 업종의 전국 분위기다.,,False,True,True,,False,PPI 조정 생산,2,가동 위축 신호 · 실질생산 위축 신호(PPI 조정),가동 위축 신호,"대표 확인신호는 표시순서에 따른 요약이며, 유일한 원인이 아니다. 확인신호 프로필 전체를 함께 읽어야 한다.",False,False,False,False,False,True,False,False,True,False,,False,False,False,2,소규모 분모 — 비율 변동 과대 가능 · 월별 원자료 미제공 구간,가중치 근거가 없어 신뢰도 점수를 만들지 않는다. 플래그를 그대로 읽는다.,"가동률 하락이 일시적 생산조정인지 수주·수요 감소에 따른 것인지 확인할 필요가 있다.
명목생산 변화에 가격효과가 포함되어 있으므로 실제 물량이 줄었는지 추가로 확인할 필요가 있다.","업체수·고용 규모가 작아 비율 변동이 크게 나타난다. 절대 증감 개수로 다시 확인할 필요가 있다.
이 분기는 월별 원자료가 공표되지 않아 분기 내 지속 여부를 확인할 수 없다. 분기말 단일시점 값에만 의존한 판단임을 감안할 필요가 있다.","창원시 제조업 전체에서 입직자 감소가 함께 관측되므로, 고용 감소가 신규 채용 둔화와 함께 나타나는지 확인할 필요가 있다.
가동률 하락과 창원시 제조업 전력사용 감소가 함께 나타나 실제 생산활동 위축 여부를 추가 확인할 필요가 있다. 다만 전력은 시 전체 제조업 총계이므로 이 업종의 값이 아니다.
경남 제조업 업황 심리지수가 기준선(100)을 밑돌아, 업종 고유 요인인지 지역 전반의 경기 흐름인지 구분해 확인할 필요가 있다.
같은 업종의 전국 업황 심리지수도 기준선을 밑돌아, 관측된 변화가 산단 고유 현상인지 전국 업종 흐름인지 확인할 필요가 있다.","가동률 하락이 일시적 생산조정인지 수주·수요 감소에 따른 것인지 확인할 필요가 있다.
명목생산 변화에 가격효과가 포함되어 있으므로 실제 물량이 줄었는지 추가로 확인할 필요가 있다.
창원시 제조업 전체에서 입직자 감소가 함께 관측되므로, 고용 감소가 신규 채용 둔화와 함께 나타나는지 확인할 필요가 있다.
가동률 하락과 창원시 제조업 전력사용 감소가 함께 나타나 실제 생산활동 위축 여부를 추가 확인할 필요가 있다. 다만 전력은 시 전체 제조업 총계이므로 이 업종의 값이 아니다.
경남 제조업 업황 심리지수가 기준선(100)을 밑돌아, 업종 고유 요인인지 지역 전반의 경기 흐름인지 구분해 확인할 필요가 있다.
같은 업종의 전국 업황 심리지수도 기준선을 밑돌아, 관측된 변화가 산단 고유 현상인지 전국 업종 흐름인지 확인할 필요가 있다.
업체수·고용 규모가 작아 비율 변동이 크게 나타난다. 절대 증감 개수로 다시 확인할 필요가 있다.
이 분기는 월별 원자료가 공표되지 않아 분기 내 지속 여부를 확인할 수 없다. 분기말 단일시점 값에만 의존한 판단임을 감안할 필요가 있다.",산업동향 · 기업지원 / 산업동향 / 고용지원 · 직업훈련,검토 대상 기능의 제안이며 특정 사업·예산의 선정이 아니다. 지원 여부는 담당자의 현장 확인 뒤에 기존 체계에서 결정한다.
석유화학,2025Q2,우선점검,고용감소 10.0%(상위경계 10% 통과) · 산단평균 대비 12.5%p 열위(상위경계 통과) → 보강: 생산 50.2% 감소,S4,2.0,-10.031847133757966,-50.165702264397424,-63.0,565.0,449.49,0.4741444420201071,10.031847133757966,12.493605188427404,0.0528692032694986,50.165702264397424,True,False,False,False,수주잔량·가동률·휴업/감산·기업 수 변동·고용조정 계획 신고 여부를 확인한다(원인 후보이며 입증된 원인이 아님).,기업지원 기능 + 고용지원 기능,41.0,45.0,41.0,0.0,0.0,4.651162790697683,79.62762848,-1.9006903797398889,-1.5427984967407014,official_quarterly,,565.0,41.0,False,메인 트랙,"41개 → 41개 (+0개, +0.0%)",,0,0,0,0,0,-50.165702264397424,C,복수 후보만 존재 — 가중치 근거 없음. 밴드로만 해석,2,석탄및석유제품|화학제품,-48.94874395431814,-45.17620815710247,True,,True,,,False,False,-0.15533128565160537,2.4617580546694384,방향 불일치,2.617089340321044,,,,비교자료 없음,,,False,KICOX 산단 고용과 고용보험 피보험자는 모집단이 다르다(산단 입주 사업체 vs 창원시 전역 사업장). 수준·점유율 비교 금지.,,,,,,,,,,,,,,,,,,,,,,,,,,no_data,0,False,,no_mapped_chapter,해당 업종에 귀속 근거가 있는 HS 류가 없다,,,,창원시 전역 통관 · 연도창을 모두 확보한 HS6 합계(업종 수출 총액 아님),202501,115166.0,-0.47186117256636795,2547.0,-13.777928232904536,2319.0,-2.7265100671140963,228.0,583.0,True,True,True,False,창원시 전역 제조업 총계 · 반기 · 표본조사. 업종별 값이 아니며 입직-이직을 KICOX 고용 증감과 같다고 보지 않는다.,1408822420,-3.427967239380547,6033,-0.0331400165700102,True,True,True,False,창원시 전역 제조업 총계 전력사용량 · 월→분기 합계. 업종별 값이 아니며 가동률과 개념·모집단이 다르다.,68.33,82.33,76.33,81.33,90.33,67.0,B,3.0,True,True,True,경상남도 제조업 총계(업종 공통 배경),전국 업종별 심리지수. 창원국가산단 개별 업종의 신호가 아니라 같은 업종의 전국 분위기다.,,False,False,,후보 모두 위축,False,명목 생산만(가격효과 미조정),0,해석 보류,해석 보류,,True,False,False,False,False,True,False,True,False,False,,False,False,False,2,PPI 매핑 불확실(C·D 등급) · 월별 원자료 미제공 구간,가중치 근거가 없어 신뢰도 점수를 만들지 않는다. 플래그를 그대로 읽는다.,,"이 업종은 생산자물가지수 대응 후보가 복수이거나 없어, PPI 조정 생산을 단일값으로 해석하지 않고 원자료로 확인할 필요가 있다.
이 분기는 월별 원자료가 공표되지 않아 분기 내 지속 여부를 확인할 수 없다. 분기말 단일시점 값에만 의존한 판단임을 감안할 필요가 있다.","창원시 제조업 전체에서 입직자 감소가 함께 관측되므로, 고용 감소가 신규 채용 둔화와 함께 나타나는지 확인할 필요가 있다.
가동률 하락과 창원시 제조업 전력사용 감소가 함께 나타나 실제 생산활동 위축 여부를 추가 확인할 필요가 있다. 다만 전력은 시 전체 제조업 총계이므로 이 업종의 값이 아니다.
경남 제조업 업황 심리지수가 기준선(100)을 밑돌아, 업종 고유 요인인지 지역 전반의 경기 흐름인지 구분해 확인할 필요가 있다.
같은 업종의 전국 업황 심리지수도 기준선을 밑돌아, 관측된 변화가 산단 고유 현상인지 전국 업종 흐름인지 확인할 필요가 있다.","창원시 제조업 전체에서 입직자 감소가 함께 관측되므로, 고용 감소가 신규 채용 둔화와 함께 나타나는지 확인할 필요가 있다.
가동률 하락과 창원시 제조업 전력사용 감소가 함께 나타나 실제 생산활동 위축 여부를 추가 확인할 필요가 있다. 다만 전력은 시 전체 제조업 총계이므로 이 업종의 값이 아니다.
경남 제조업 업황 심리지수가 기준선(100)을 밑돌아, 업종 고유 요인인지 지역 전반의 경기 흐름인지 구분해 확인할 필요가 있다.
같은 업종의 전국 업황 심리지수도 기준선을 밑돌아, 관측된 변화가 산단 고유 현상인지 전국 업종 흐름인지 확인할 필요가 있다.
이 업종은 생산자물가지수 대응 후보가 복수이거나 없어, PPI 조정 생산을 단일값으로 해석하지 않고 원자료로 확인할 필요가 있다.
이 분기는 월별 원자료가 공표되지 않아 분기 내 지속 여부를 확인할 수 없다. 분기말 단일시점 값에만 의존한 판단임을 감안할 필요가 있다.",고용지원 · 직업훈련 / 산업동향 · 기업지원 / 산업동향,검토 대상 기능의 제안이며 특정 사업·예산의 선정이 아니다. 지원 여부는 담당자의 현장 확인 뒤에 기존 체계에서 결정한다.
섬유의복,2025Q2,추가확인,고용감소 10.5%(상위경계 10% 통과) · 산단평균 대비 13.0%p 열위(상위경계 통과) [상위경계 통과했으나 고용 34인 < 300인으로 우선점검 제외],S4,2.0,-10.526315789473683,-2.847396768402155,-4.0,34.0,8.1171,0.0285325858914754,10.526315789473683,12.988073844143122,0.0033567748107618,2.847396768402155,False,True,False,False,수주잔량·가동률·휴업/감산·기업 수 변동·고용조정 계획 신고 여부를 확인한다(원인 후보이며 입증된 원인이 아님).,기업지원 기능 + 고용지원 기능,7.0,9.0,7.0,0.0,0.0,0.0,73.01454516,-19.6446747161939,-17.850055166264283,official_quarterly,,34.0,7.0,True,소규모 집계 트랙,"7개 → 7개 (+0개, +0.0%)","소규모 집계 트랙은 업종을 배제하는 장치가 아니라, 분모가 작아 비율 변동이 커지는 집계군을 별도 방식으로 읽기 위한 표시다.",0,0,0,0,0,-2.847396768402155,A,대분류 직접 대응,1,섬유및의복,-2.378707179441375,-2.378707179441375,True,-2.378707179441375,False,True,True,,,-0.15533128565160537,2.4617580546694384,방향 불일치,2.617089340321044,,,,비교자료 없음,,,False,KICOX 산단 고용과 고용보험 피보험자는 모집단이 다르다(산단 입주 사업체 vs 창원시 전역 사업장). 수준·점유율 비교 금지.,,,,,,,,,,,,,,,,,,,,,,,,,,no_data,0,False,,no_mapped_chapter,해당 업종에 귀속 근거가 있는 HS 류가 없다,,,,창원시 전역 통관 · 연도창을 모두 확보한 HS6 합계(업종 수출 총액 아님),202501,115166.0,-0.47186117256636795,2547.0,-13.777928232904536,2319.0,-2.7265100671140963,228.0,583.0,True,True,True,False,창원시 전역 제조업 총계 · 반기 · 표본조사. 업종별 값이 아니며 입직-이직을 KICOX 고용 증감과 같다고 보지 않는다.,1408822420,-3.427967239380547,6033,-0.0331400165700102,True,True,True,False,창원시 전역 제조업 총계 전력사용량 · 월→분기 합계. 업종별 값이 아니며 가동률과 개념·모집단이 다르다.,68.33,82.33,76.33,81.33,90.33,53.33,A,2.0,True,True,True,경상남도 제조업 총계(업종 공통 배경),전국 업종별 심리지수. 창원국가산단 개별 업종의 신호가 아니라 같은 업종의 전국 분위기다.,,False,True,False,,False,PPI 조정 생산,1,가동 위축 신호,가동 위축 신호,,False,False,False,False,False,True,False,False,True,False,,False,False,False,2,소규모 분모 — 비율 변동 과대 가능 · 월별 원자료 미제공 구간,가중치 근거가 없어 신뢰도 점수를 만들지 않는다. 플래그를 그대로 읽는다.,가동률 하락이 일시적 생산조정인지 수주·수요 감소에 따른 것인지 확인할 필요가 있다.,"업체수·고용 규모가 작아 비율 변동이 크게 나타난다. 절대 증감 개수로 다시 확인할 필요가 있다.
이 분기는 월별 원자료가 공표되지 않아 분기 내 지속 여부를 확인할 수 없다. 분기말 단일시점 값에만 의존한 판단임을 감안할 필요가 있다.","창원시 제조업 전체에서 입직자 감소가 함께 관측되므로, 고용 감소가 신규 채용 둔화와 함께 나타나는지 확인할 필요가 있다.
가동률 하락과 창원시 제조업 전력사용 감소가 함께 나타나 실제 생산활동 위축 여부를 추가 확인할 필요가 있다. 다만 전력은 시 전체 제조업 총계이므로 이 업종의 값이 아니다.
경남 제조업 업황 심리지수가 기준선(100)을 밑돌아, 업종 고유 요인인지 지역 전반의 경기 흐름인지 구분해 확인할 필요가 있다.
같은 업종의 전국 업황 심리지수도 기준선을 밑돌아, 관측된 변화가 산단 고유 현상인지 전국 업종 흐름인지 확인할 필요가 있다.","가동률 하락이 일시적 생산조정인지 수주·수요 감소에 따른 것인지 확인할 필요가 있다.
창원시 제조업 전체에서 입직자 감소가 함께 관측되므로, 고용 감소가 신규 채용 둔화와 함께 나타나는지 확인할 필요가 있다.
가동률 하락과 창원시 제조업 전력사용 감소가 함께 나타나 실제 생산활동 위축 여부를 추가 확인할 필요가 있다. 다만 전력은 시 전체 제조업 총계이므로 이 업종의 값이 아니다.
경남 제조업 업황 심리지수가 기준선(100)을 밑돌아, 업종 고유 요인인지 지역 전반의 경기 흐름인지 구분해 확인할 필요가 있다.
같은 업종의 전국 업황 심리지수도 기준선을 밑돌아, 관측된 변화가 산단 고유 현상인지 전국 업종 흐름인지 확인할 필요가 있다.
업체수·고용 규모가 작아 비율 변동이 크게 나타난다. 절대 증감 개수로 다시 확인할 필요가 있다.
이 분기는 월별 원자료가 공표되지 않아 분기 내 지속 여부를 확인할 수 없다. 분기말 단일시점 값에만 의존한 판단임을 감안할 필요가 있다.",산업동향 · 기업지원 / 고용지원 · 직업훈련 / 산업동향,검토 대상 기능의 제안이며 특정 사업·예산의 선정이 아니다. 지원 여부는 담당자의 현장 확인 뒤에 기존 체계에서 결정한다.
운송장비,2025Q2,관찰,고용 축 진입신호 없음,S4,1.0,-2.1898244570068397,-1.1127267990946987,-368.0,16437.0,39202.48792,13.79382689112301,2.1898244570068397,4.651582511676278,0.3088232825900874,1.1127267990946987,True,False,False,False,수주잔량·가동률·휴업/감산·기업 수 변동·고용조정 계획 신고 여부를 확인한다(원인 후보이며 입증된 원인이 아님).,기업지원 기능 + 고용지원 기능,244.0,252.0,237.0,7.0,2.9535864978903037,3.703703703703698,91.30815673,0.026598221485429896,0.024279887742991946,official_quarterly,,16437.0,244.0,False,메인 트랙,"237개 → 244개 (+7개, +3.0%)",,0,0,0,0,0,-1.1127267990946987,A,대분류 직접 대응,1,운송장비,-2.241736978727382,-2.241736978727382,True,-2.241736978727382,False,True,True,,,-0.15533128565160537,2.4617580546694384,방향 불일치,2.617089340321044,자동차·부품,18897.0,-0.990254636906629,방향 일치 (매핑 C등급 — 참고),-1.1995698201002107,C,True,KICOX 산단 고용과 고용보험 피보험자는 모집단이 다르다(산단 입주 사업체 vs 창원시 전역 사업장). 수준·점유율 비교 금지.,,,,,,,,,,,,,,,,,,,,,2064838.0,31.4907895097142,-14.402417188898841,64.0,A,mapped_chapters_only,0,True,False,usable,,123.0,81.0,0.0,창원시 전역 통관 · 연도창을 모두 확보한 HS6 합계(업종 수출 총액 아님),202501,115166.0,-0.47186117256636795,2547.0,-13.777928232904536,2319.0,-2.7265100671140963,228.0,583.0,True,True,True,False,창원시 전역 제조업 총계 · 반기 · 표본조사. 업종별 값이 아니며 입직-이직을 KICOX 고용 증감과 같다고 보지 않는다.,1408822420,-3.427967239380547,6033,-0.0331400165700102,True,True,False,True,창원시 전역 제조업 총계 전력사용량 · 월→분기 합계. 업종별 값이 아니며 가동률과 개념·모집단이 다르다.,68.33,82.33,76.33,81.33,90.33,89.84,A,2.0,True,True,True,경상남도 제조업 총계(업종 공통 배경),전국 업종별 심리지수. 창원국가산단 개별 업종의 신호가 아니라 같은 업종의 전국 분위기다.,True,False,False,False,,False,PPI 조정 생산,0,해석 보류,해석 보류,,False,True,False,False,False,True,False,False,False,False,,False,True,False,3,고용보험 지표와 방향 일치 · 외부자료 업종 대응 불확실 · 월별 원자료 미제공 구간,가중치 근거가 없어 신뢰도 점수를 만들지 않는다. 플래그를 그대로 읽는다.,,"이 분기는 월별 원자료가 공표되지 않아 분기 내 지속 여부를 확인할 수 없다. 분기말 단일시점 값에만 의존한 판단임을 감안할 필요가 있다.
외부 자료의 업종 구분이 산단 10업종과 정확히 대응하지 않는다. 비교 결과를 참고로만 읽고 대응 범위를 확인할 필요가 있다.","확인된 품목 기준 수출은 유지·확대되는데 고용이 감소하고 있어 생산성·자동화·기업구성 변화 등의 가능성을 추가 확인할 필요가 있다.
창원시 제조업 전체에서 입직자 감소가 함께 관측되므로, 고용 감소가 신규 채용 둔화와 함께 나타나는지 확인할 필요가 있다.
가동률과 전력사용의 방향이 달라 업종 구성·설비 특성·자료범위(산단 vs 시 전체) 차이를 추가 확인할 필요가 있다.
경남 제조업 업황 심리지수가 기준선(100)을 밑돌아, 업종 고유 요인인지 지역 전반의 경기 흐름인지 구분해 확인할 필요가 있다.
같은 업종의 전국 업황 심리지수도 기준선을 밑돌아, 관측된 변화가 산단 고유 현상인지 전국 업종 흐름인지 확인할 필요가 있다.","확인된 품목 기준 수출은 유지·확대되는데 고용이 감소하고 있어 생산성·자동화·기업구성 변화 등의 가능성을 추가 확인할 필요가 있다.
창원시 제조업 전체에서 입직자 감소가 함께 관측되므로, 고용 감소가 신규 채용 둔화와 함께 나타나는지 확인할 필요가 있다.
가동률과 전력사용의 방향이 달라 업종 구성·설비 특성·자료범위(산단 vs 시 전체) 차이를 추가 확인할 필요가 있다.
경남 제조업 업황 심리지수가 기준선(100)을 밑돌아, 업종 고유 요인인지 지역 전반의 경기 흐름인지 구분해 확인할 필요가 있다.
같은 업종의 전국 업황 심리지수도 기준선을 밑돌아, 관측된 변화가 산단 고유 현상인지 전국 업종 흐름인지 확인할 필요가 있다.
이 분기는 월별 원자료가 공표되지 않아 분기 내 지속 여부를 확인할 수 없다. 분기말 단일시점 값에만 의존한 판단임을 감안할 필요가 있다.
외부 자료의 업종 구분이 산단 10업종과 정확히 대응하지 않는다. 비교 결과를 참고로만 읽고 대응 범위를 확인할 필요가 있다.",고용지원 · 직업훈련 / 산업동향,검토 대상 기능의 제안이며 특정 사업·예산의 선정이 아니다. 지원 여부는 담당자의 현장 확인 뒤에 기존 체계에서 결정한다.
음식료,2025Q2,우선점검,고용감소 30.5%(상위경계 10% 통과) · 산단평균 대비 32.9%p 열위(상위경계 통과) → 보강: 생산 18.5% 감소 / 직전 분기에도 진입신호(지속),S4,2.0,-30.45310853530031,-18.541992891407546,-289.0,660.0,1310.92,0.5538678437757003,30.45310853530031,32.91486658996975,0.2425269800775415,18.541992891407546,True,True,False,False,수주잔량·가동률·휴업/감산·기업 수 변동·고용조정 계획 신고 여부를 확인한다(원인 후보이며 입증된 원인이 아님).,기업지원 기능 + 고용지원 기능,4.0,7.0,4.0,0.0,0.0,0.0,93.7322141,5.21751469866869,4.647982859185504,official_quarterly,,660.0,4.0,False,메인 트랙,"4개 → 4개 (+0개, +0.0%)",,0,0,0,0,0,-18.541992891407546,A,대분류 직접 대응,1,음식료품,-20.645905615208683,-20.645905615208683,True,-20.645905615208683,False,True,True,,,-0.15533128565160537,2.4617580546694384,방향 불일치,2.617089340321044,,,,비교자료 없음,,,False,KICOX 산단 고용과 고용보험 피보험자는 모집단이 다르다(산단 입주 사업체 vs 창원시 전역 사업장). 수준·점유율 비교 금지.,,,,,,,,,,,,,,,,,,,,,,,,,,no_data,0,False,,no_mapped_chapter,해당 업종에 귀속 근거가 있는 HS 류가 없다,,,,창원시 전역 통관 · 연도창을 모두 확보한 HS6 합계(업종 수출 총액 아님),202501,115166.0,-0.47186117256636795,2547.0,-13.777928232904536,2319.0,-2.7265100671140963,228.0,583.0,True,True,True,False,창원시 전역 제조업 총계 · 반기 · 표본조사. 업종별 값이 아니며 입직-이직을 KICOX 고용 증감과 같다고 보지 않는다.,1408822420,-3.427967239380547,6033,-0.0331400165700102,True,True,False,True,창원시 전역 제조업 총계 전력사용량 · 월→분기 합계. 업종별 값이 아니며 가동률과 개념·모집단이 다르다.,68.33,82.33,76.33,81.33,90.33,67.66,A,2.0,True,True,True,경상남도 제조업 총계(업종 공통 배경),전국 업종별 심리지수. 창원국가산단 개별 업종의 신호가 아니라 같은 업종의 전국 분위기다.,,False,False,True,,False,PPI 조정 생산,1,실질생산 위축 신호(PPI 조정),실질생산 위축 신호(PPI 조정),,False,False,False,False,False,True,False,False,True,False,,False,False,False,2,소규모 분모 — 비율 변동 과대 가능 · 월별 원자료 미제공 구간,가중치 근거가 없어 신뢰도 점수를 만들지 않는다. 플래그를 그대로 읽는다.,명목생산 변화에 가격효과가 포함되어 있으므로 실제 물량이 줄었는지 추가로 확인할 필요가 있다.,"업체수·고용 규모가 작아 비율 변동이 크게 나타난다. 절대 증감 개수로 다시 확인할 필요가 있다.
이 분기는 월별 원자료가 공표되지 않아 분기 내 지속 여부를 확인할 수 없다. 분기말 단일시점 값에만 의존한 판단임을 감안할 필요가 있다.","창원시 제조업 전체에서 입직자 감소가 함께 관측되므로, 고용 감소가 신규 채용 둔화와 함께 나타나는지 확인할 필요가 있다.
가동률과 전력사용의 방향이 달라 업종 구성·설비 특성·자료범위(산단 vs 시 전체) 차이를 추가 확인할 필요가 있다.
경남 제조업 업황 심리지수가 기준선(100)을 밑돌아, 업종 고유 요인인지 지역 전반의 경기 흐름인지 구분해 확인할 필요가 있다.
같은 업종의 전국 업황 심리지수도 기준선을 밑돌아, 관측된 변화가 산단 고유 현상인지 전국 업종 흐름인지 확인할 필요가 있다.","명목생산 변화에 가격효과가 포함되어 있으므로 실제 물량이 줄었는지 추가로 확인할 필요가 있다.
창원시 제조업 전체에서 입직자 감소가 함께 관측되므로, 고용 감소가 신규 채용 둔화와 함께 나타나는지 확인할 필요가 있다.
가동률과 전력사용의 방향이 달라 업종 구성·설비 특성·자료범위(산단 vs 시 전체) 차이를 추가 확인할 필요가 있다.
경남 제조업 업황 심리지수가 기준선(100)을 밑돌아, 업종 고유 요인인지 지역 전반의 경기 흐름인지 구분해 확인할 필요가 있다.
같은 업종의 전국 업황 심리지수도 기준선을 밑돌아, 관측된 변화가 산단 고유 현상인지 전국 업종 흐름인지 확인할 필요가 있다.
업체수·고용 규모가 작아 비율 변동이 크게 나타난다. 절대 증감 개수로 다시 확인할 필요가 있다.
이 분기는 월별 원자료가 공표되지 않아 분기 내 지속 여부를 확인할 수 없다. 분기말 단일시점 값에만 의존한 판단임을 감안할 필요가 있다.",산업동향 / 고용지원 · 직업훈련,검토 대상 기능의 제안이며 특정 사업·예산의 선정이 아니다. 지원 여부는 담당자의 현장 확인 뒤에 기존 체계에서 결정한다.
전기전자,2025Q2,추가확인,산단평균 대비 7.0%p 열위(진입경계 통과) · 산단 제조업 고용의 1.13% 감소(진입경계 1.0% 통과),S4,1.0,-4.584819154355579,-3.498117545216406,-1350.0,28095.0,33655.73,23.57714707708833,4.584819154355579,7.046577209025018,1.1329114986321145,3.498117545216406,True,True,False,False,수주잔량·가동률·휴업/감산·기업 수 변동·고용조정 계획 신고 여부를 확인한다(원인 후보이며 입증된 원인이 아님).,기업지원 기능 + 고용지원 기능,571.0,639.0,562.0,9.0,1.6014234875444844,3.9024390243902474,77.02966456,1.8589856974269292,1.4058361539157858,official_quarterly,,28095.0,571.0,False,메인 트랙,"562개 → 571개 (+9개, +1.6%)",,0,0,0,0,0,-3.498117545216406,C,복수 후보만 존재 — 가중치 근거 없음. 밴드로만 해석,2,전기장비|컴퓨터전자및광학기기,-3.4827500686823387,-2.749476205509749,True,,True,,,False,False,-0.15533128565160537,2.4617580546694384,방향 불일치,2.617089340321044,전기장비,18160.0,-2.0231993525762104,방향 일치 (매핑 C등급 — 참고),-2.561619801779369,C,True,KICOX 산단 고용과 고용보험 피보험자는 모집단이 다르다(산단 입주 사업체 vs 창원시 전역 사업장). 수준·점유율 비교 금지.,,,,,,,,,,,,,,,,,,,,,585196.0,16.47429964671343,20.35913901771911,257.0,B,mapped_chapters_only,0,True,False,usable,,296.0,272.0,0.0,창원시 전역 통관 · 연도창을 모두 확보한 HS6 합계(업종 수출 총액 아님),202501,115166.0,-0.47186117256636795,2547.0,-13.777928232904536,2319.0,-2.7265100671140963,228.0,583.0,True,True,True,False,창원시 전역 제조업 총계 · 반기 · 표본조사. 업종별 값이 아니며 입직-이직을 KICOX 고용 증감과 같다고 보지 않는다.,1408822420,-3.427967239380547,6033,-0.0331400165700102,True,True,False,True,창원시 전역 제조업 총계 전력사용량 · 월→분기 합계. 업종별 값이 아니며 가동률과 개념·모집단이 다르다.,68.33,82.33,76.33,81.33,90.33,76.5,A,2.0,True,True,True,경상남도 제조업 총계(업종 공통 배경),전국 업종별 심리지수. 창원국가산단 개별 업종의 신호가 아니라 같은 업종의 전국 분위기다.,True,False,False,,후보 모두 위축 아님,False,명목 생산만(가격효과 미조정),0,해석 보류,해석 보류,,True,True,False,False,False,True,False,True,False,False,,False,True,False,4,고용보험 지표와 방향 일치 · PPI 매핑 불확실(C·D 등급) · 외부자료 업종 대응 불확실 · 월별 원자료 미제공 구간,가중치 근거가 없어 신뢰도 점수를 만들지 않는다. 플래그를 그대로 읽는다.,,"이 업종은 생산자물가지수 대응 후보가 복수이거나 없어, PPI 조정 생산을 단일값으로 해석하지 않고 원자료로 확인할 필요가 있다.
이 분기는 월별 원자료가 공표되지 않아 분기 내 지속 여부를 확인할 수 없다. 분기말 단일시점 값에만 의존한 판단임을 감안할 필요가 있다.
외부 자료의 업종 구분이 산단 10업종과 정확히 대응하지 않는다. 비교 결과를 참고로만 읽고 대응 범위를 확인할 필요가 있다.","확인된 품목 기준 수출은 유지·확대되는데 고용이 감소하고 있어 생산성·자동화·기업구성 변화 등의 가능성을 추가 확인할 필요가 있다.
창원시 제조업 전체에서 입직자 감소가 함께 관측되므로, 고용 감소가 신규 채용 둔화와 함께 나타나는지 확인할 필요가 있다.
가동률과 전력사용의 방향이 달라 업종 구성·설비 특성·자료범위(산단 vs 시 전체) 차이를 추가 확인할 필요가 있다.
경남 제조업 업황 심리지수가 기준선(100)을 밑돌아, 업종 고유 요인인지 지역 전반의 경기 흐름인지 구분해 확인할 필요가 있다.
같은 업종의 전국 업황 심리지수도 기준선을 밑돌아, 관측된 변화가 산단 고유 현상인지 전국 업종 흐름인지 확인할 필요가 있다.","확인된 품목 기준 수출은 유지·확대되는데 고용이 감소하고 있어 생산성·자동화·기업구성 변화 등의 가능성을 추가 확인할 필요가 있다.
창원시 제조업 전체에서 입직자 감소가 함께 관측되므로, 고용 감소가 신규 채용 둔화와 함께 나타나는지 확인할 필요가 있다.
가동률과 전력사용의 방향이 달라 업종 구성·설비 특성·자료범위(산단 vs 시 전체) 차이를 추가 확인할 필요가 있다.
경남 제조업 업황 심리지수가 기준선(100)을 밑돌아, 업종 고유 요인인지 지역 전반의 경기 흐름인지 구분해 확인할 필요가 있다.
같은 업종의 전국 업황 심리지수도 기준선을 밑돌아, 관측된 변화가 산단 고유 현상인지 전국 업종 흐름인지 확인할 필요가 있다.
이 업종은 생산자물가지수 대응 후보가 복수이거나 없어, PPI 조정 생산을 단일값으로 해석하지 않고 원자료로 확인할 필요가 있다.
이 분기는 월별 원자료가 공표되지 않아 분기 내 지속 여부를 확인할 수 없다. 분기말 단일시점 값에만 의존한 판단임을 감안할 필요가 있다.
외부 자료의 업종 구분이 산단 10업종과 정확히 대응하지 않는다. 비교 결과를 참고로만 읽고 대응 범위를 확인할 필요가 있다.",고용지원 · 직업훈련 / 산업동향,검토 대상 기능의 제안이며 특정 사업·예산의 선정이 아니다. 지원 여부는 담당자의 현장 확인 뒤에 기존 체계에서 결정한다.
철강,2025Q2,관찰,고용 축 진입신호 없음,S1,1.0,3.0707750552108504,1.369630686482437,292.0,9801.0,15438.65,8.22493748006915,0.0,0.0,0.0,0.0,True,False,False,False,미충원·숙련수요·증가의 지속가능성을 확인한다.,고용·훈련 기능,75.0,79.0,74.0,1.0,1.3513513513513598,0.0,63.43900714,-7.84481047633111,-5.400314300174017,official_quarterly,,9801.0,75.0,False,메인 트랙,"74개 → 75개 (+1개, +1.4%)",,0,0,0,0,0,1.369630686482437,B,상위 범주가 넓어 범위 과대·과소 가능,1,철강1차제품,4.127044996804052,4.127044996804052,True,4.127044996804052,False,True,True,,,-0.15533128565160537,2.4617580546694384,방향 불일치,2.617089340321044,,,,비교자료 없음,,,False,KICOX 산단 고용과 고용보험 피보험자는 모집단이 다르다(산단 입주 사업체 vs 창원시 전역 사업장). 수준·점유율 비교 금지.,,,,,,,,,,,,,,,,,,,,,219570.0,-9.30157628630911,-12.182464703721196,202.0,A,mapped_chapters_only,0,True,True,usable,,291.0,237.0,0.0,창원시 전역 통관 · 연도창을 모두 확보한 HS6 합계(업종 수출 총액 아님),202501,115166.0,-0.47186117256636795,2547.0,-13.777928232904536,2319.0,-2.7265100671140963,228.0,583.0,True,True,True,False,창원시 전역 제조업 총계 · 반기 · 표본조사. 업종별 값이 아니며 입직-이직을 KICOX 고용 증감과 같다고 보지 않는다.,1408822420,-3.427967239380547,6033,-0.0331400165700102,True,True,True,False,창원시 전역 제조업 총계 전력사용량 · 월→분기 합계. 업종별 값이 아니며 가동률과 개념·모집단이 다르다.,68.33,82.33,76.33,81.33,90.33,60.67,B,1.0,True,True,True,경상남도 제조업 총계(업종 공통 배경),전국 업종별 심리지수. 창원국가산단 개별 업종의 신호가 아니라 같은 업종의 전국 분위기다.,False,False,True,False,,False,PPI 조정 생산,1,가동 위축 신호,가동 위축 신호,,False,False,False,False,False,True,False,False,False,False,,False,False,False,1,월별 원자료 미제공 구간,가중치 근거가 없어 신뢰도 점수를 만들지 않는다. 플래그를 그대로 읽는다.,가동률 하락이 일시적 생산조정인지 수주·수요 감소에 따른 것인지 확인할 필요가 있다.,이 분기는 월별 원자료가 공표되지 않아 분기 내 지속 여부를 확인할 수 없다. 분기말 단일시점 값에만 의존한 판단임을 감안할 필요가 있다.,"확인된 품목 기준 수출이 함께 감소하고 있어, 외부수요 약화 가능성을 보려면 수출 감소가 특정 품목·기업에 집중되는지 추가 확인할 필요가 있다.
창원시 제조업 전체에서 입직자 감소가 함께 관측되므로, 고용 감소가 신규 채용 둔화와 함께 나타나는지 확인할 필요가 있다.
가동률 하락과 창원시 제조업 전력사용 감소가 함께 나타나 실제 생산활동 위축 여부를 추가 확인할 필요가 있다. 다만 전력은 시 전체 제조업 총계이므로 이 업종의 값이 아니다.
경남 제조업 업황 심리지수가 기준선(100)을 밑돌아, 업종 고유 요인인지 지역 전반의 경기 흐름인지 구분해 확인할 필요가 있다.
같은 업종의 전국 업황 심리지수도 기준선을 밑돌아, 관측된 변화가 산단 고유 현상인지 전국 업종 흐름인지 확인할 필요가 있다.","가동률 하락이 일시적 생산조정인지 수주·수요 감소에 따른 것인지 확인할 필요가 있다.
확인된 품목 기준 수출이 함께 감소하고 있어, 외부수요 약화 가능성을 보려면 수출 감소가 특정 품목·기업에 집중되는지 추가 확인할 필요가 있다.
창원시 제조업 전체에서 입직자 감소가 함께 관측되므로, 고용 감소가 신규 채용 둔화와 함께 나타나는지 확인할 필요가 있다.
가동률 하락과 창원시 제조업 전력사용 감소가 함께 나타나 실제 생산활동 위축 여부를 추가 확인할 필요가 있다. 다만 전력은 시 전체 제조업 총계이므로 이 업종의 값이 아니다.
경남 제조업 업황 심리지수가 기준선(100)을 밑돌아, 업종 고유 요인인지 지역 전반의 경기 흐름인지 구분해 확인할 필요가 있다.
같은 업종의 전국 업황 심리지수도 기준선을 밑돌아, 관측된 변화가 산단 고유 현상인지 전국 업종 흐름인지 확인할 필요가 있다.
이 분기는 월별 원자료가 공표되지 않아 분기 내 지속 여부를 확인할 수 없다. 분기말 단일시점 값에만 의존한 판단임을 감안할 필요가 있다.",산업동향 · 기업지원 / 고용지원 · 직업훈련 / 산업동향,검토 대상 기능의 제안이며 특정 사업·예산의 선정이 아니다. 지원 여부는 담당자의 현장 확인 뒤에 기존 체계에서 결정한다.
기계,2025Q3,관찰,고용 축 진입신호 없음,S3,1.0,3.3654257229338125,-0.0965560400941645,1968.0,60445.0,54619.3335,51.82451086304165,0.0,0.0,0.0,0.0965560400941645,True,False,False,False,선제채용·신규 입주기업·고용조정 시차·생산 단가와 물량 구분 가능성을 확인한다.,기업지원 기능(모니터링),1454.0,1541.0,1463.0,-9.0,-0.6151742993848242,-0.3234152652005218,80.42348571,3.2707602389690615,2.5471482802186642,official_quarterly,,60445.0,1454.0,False,메인 트랙,"1,463개 → 1,454개 (-9개, -0.6%)",,0,0,0,0,0,-0.0965560400941645,A,대분류 직접 대응,1,기계및장비,-0.9159002956870888,-0.9159002956870888,True,-0.9159002956870888,False,True,True,,,0.1106719367588882,0.173491823553662,방향 일치,0.0628198867947738,기계·장비,29305.0,0.38365361559278277,방향 일치,2.9817721073410297,B,True,KICOX 산단 고용과 고용보험 피보험자는 모집단이 다르다(산단 입주 사업체 vs 창원시 전역 사업장). 수준·점유율 비교 금지.,,,,,,,,,,,,,,,,,,,,,2162758.0,-0.5747816009205375,17.60385849410393,357.0,B,mapped_chapters_only,0,True,False,usable,,538.0,439.0,0.0,창원시 전역 통관 · 연도창을 모두 확보한 HS6 합계(업종 수출 총액 아님),202502,115307.0,0.006071118820472066,1482.0,-25.49019607843137,1419.0,-21.904237754540457,63.0,518.0,True,False,True,False,창원시 전역 제조업 총계 · 반기 · 표본조사. 업종별 값이 아니며 입직-이직을 KICOX 고용 증감과 같다고 보지 않는다.,1475217617,-0.8972776400840932,6033,0.11616329239960699,True,False,False,True,창원시 전역 제조업 총계 전력사용량 · 월→분기 합계. 업종별 값이 아니며 가동률과 개념·모집단이 다르다.,67.67,80.33,74.67,78.67,92.0,63.66,C,2.0,True,True,True,경상남도 제조업 총계(업종 공통 배경),전국 업종별 심리지수. 창원국가산단 개별 업종의 신호가 아니라 같은 업종의 전국 분위기다.,False,False,False,False,,False,PPI 조정 생산,0,해석 보류,해석 보류,,False,True,False,False,False,True,False,False,False,False,,False,False,False,2,고용보험 지표와 방향 일치 · 월별 원자료 미제공 구간,가중치 근거가 없어 신뢰도 점수를 만들지 않는다. 플래그를 그대로 읽는다.,,이 분기는 월별 원자료가 공표되지 않아 분기 내 지속 여부를 확인할 수 없다. 분기말 단일시점 값에만 의존한 판단임을 감안할 필요가 있다.,"창원시 제조업 전체에서 입직자 감소가 함께 관측되므로, 고용 감소가 신규 채용 둔화와 함께 나타나는지 확인할 필요가 있다.
가동률과 전력사용의 방향이 달라 업종 구성·설비 특성·자료범위(산단 vs 시 전체) 차이를 추가 확인할 필요가 있다.
경남 제조업 업황 심리지수가 기준선(100)을 밑돌아, 업종 고유 요인인지 지역 전반의 경기 흐름인지 구분해 확인할 필요가 있다.
같은 업종의 전국 업황 심리지수도 기준선을 밑돌아, 관측된 변화가 산단 고유 현상인지 전국 업종 흐름인지 확인할 필요가 있다.","창원시 제조업 전체에서 입직자 감소가 함께 관측되므로, 고용 감소가 신규 채용 둔화와 함께 나타나는지 확인할 필요가 있다.
가동률과 전력사용의 방향이 달라 업종 구성·설비 특성·자료범위(산단 vs 시 전체) 차이를 추가 확인할 필요가 있다.
경남 제조업 업황 심리지수가 기준선(100)을 밑돌아, 업종 고유 요인인지 지역 전반의 경기 흐름인지 구분해 확인할 필요가 있다.
같은 업종의 전국 업황 심리지수도 기준선을 밑돌아, 관측된 변화가 산단 고유 현상인지 전국 업종 흐름인지 확인할 필요가 있다.
이 분기는 월별 원자료가 공표되지 않아 분기 내 지속 여부를 확인할 수 없다. 분기말 단일시점 값에만 의존한 판단임을 감안할 필요가 있다.",고용지원 · 직업훈련 / 산업동향,검토 대상 기능의 제안이며 특정 사업·예산의 선정이 아니다. 지원 여부는 담당자의 현장 확인 뒤에 기존 체계에서 결정한다.
기타,2025Q3,추가확인,고용감소 16.2%(상위경계 10% 통과) · 산단평균 대비 16.4%p 열위(상위경계 통과) [상위경계 통과했으나 고용 145인 < 300인으로 우선점검 제외],S2,3.0,-16.184971098265898,3.119785927908092,-28.0,145.0,81.89,0.1243205240324433,16.184971098265898,16.35846292181956,0.0240067218821269,0.0,False,True,False,False,"자동화·설비투자, 외주·도급 전환, 미충원·숙련 불일치, 직무구조 변화 가능성을 질문으로 확인한다(원인 후보이며 입증된 원인이 아님).",고용·훈련 기능 + 기업지원 기능,27.0,37.0,26.0,1.0,3.8461538461538547,0.0,67.58831297,0.4622130293892912,0.3109646696717334,official_quarterly,,145.0,27.0,True,소규모 집계 트랙,"26개 → 27개 (+1개, +3.8%)","소규모 집계 트랙은 업종을 배제하는 장치가 아니라, 분모가 작아 비율 변동이 커지는 집계군을 별도 방식으로 읽기 위한 표시다.",0,0,0,0,0,3.119785927908092,D,대응 항목 없음 — 조정 생산 산출 불가,0,,,,True,,False,,,,,0.1106719367588882,0.173491823553662,방향 일치,0.0628198867947738,,,,비교자료 없음,,,False,KICOX 산단 고용과 고용보험 피보험자는 모집단이 다르다(산단 입주 사업체 vs 창원시 전역 사업장). 수준·점유율 비교 금지.,,,,,,,,,,,,,,,,,,,,,,,,,,no_data,0,False,,no_mapped_chapter,해당 업종에 귀속 근거가 있는 HS 류가 없다,,,,창원시 전역 통관 · 연도창을 모두 확보한 HS6 합계(업종 수출 총액 아님),202502,115307.0,0.006071118820472066,1482.0,-25.49019607843137,1419.0,-21.904237754540457,63.0,518.0,True,False,True,False,창원시 전역 제조업 총계 · 반기 · 표본조사. 업종별 값이 아니며 입직-이직을 KICOX 고용 증감과 같다고 보지 않는다.,1475217617,-0.8972776400840932,6033,0.11616329239960699,True,False,False,True,창원시 전역 제조업 총계 전력사용량 · 월→분기 합계. 업종별 값이 아니며 가동률과 개념·모집단이 다르다.,67.67,80.33,74.67,78.67,92.0,,,,True,,True,경상남도 제조업 총계(업종 공통 배경),전국 업종별 심리지수. 창원국가산단 개별 업종의 신호가 아니라 같은 업종의 전국 분위기다.,,False,False,,,True,명목 생산만(가격효과 미조정),1,생산유지·고용감소 신호,생산유지·고용감소 신호,,True,False,False,False,False,True,False,True,True,False,,False,False,False,3,PPI 매핑 불확실(C·D 등급) · 소규모 분모 — 비율 변동 과대 가능 · 월별 원자료 미제공 구간,가중치 근거가 없어 신뢰도 점수를 만들지 않는다. 플래그를 그대로 읽는다.,생산이 유지되는데 고용이 감소하고 있어 자동화·생산성 변화·미충원·외주화·인력구조 조정 여부를 확인할 필요가 있다.,"이 업종은 생산자물가지수 대응 후보가 복수이거나 없어, PPI 조정 생산을 단일값으로 해석하지 않고 원자료로 확인할 필요가 있다.
업체수·고용 규모가 작아 비율 변동이 크게 나타난다. 절대 증감 개수로 다시 확인할 필요가 있다.
이 분기는 월별 원자료가 공표되지 않아 분기 내 지속 여부를 확인할 수 없다. 분기말 단일시점 값에만 의존한 판단임을 감안할 필요가 있다.","창원시 제조업 전체에서 입직자 감소가 함께 관측되므로, 고용 감소가 신규 채용 둔화와 함께 나타나는지 확인할 필요가 있다.
가동률과 전력사용의 방향이 달라 업종 구성·설비 특성·자료범위(산단 vs 시 전체) 차이를 추가 확인할 필요가 있다.
경남 제조업 업황 심리지수가 기준선(100)을 밑돌아, 업종 고유 요인인지 지역 전반의 경기 흐름인지 구분해 확인할 필요가 있다.","생산이 유지되는데 고용이 감소하고 있어 자동화·생산성 변화·미충원·외주화·인력구조 조정 여부를 확인할 필요가 있다.
창원시 제조업 전체에서 입직자 감소가 함께 관측되므로, 고용 감소가 신규 채용 둔화와 함께 나타나는지 확인할 필요가 있다.
가동률과 전력사용의 방향이 달라 업종 구성·설비 특성·자료범위(산단 vs 시 전체) 차이를 추가 확인할 필요가 있다.
경남 제조업 업황 심리지수가 기준선(100)을 밑돌아, 업종 고유 요인인지 지역 전반의 경기 흐름인지 구분해 확인할 필요가 있다.
이 업종은 생산자물가지수 대응 후보가 복수이거나 없어, PPI 조정 생산을 단일값으로 해석하지 않고 원자료로 확인할 필요가 있다.
업체수·고용 규모가 작아 비율 변동이 크게 나타난다. 절대 증감 개수로 다시 확인할 필요가 있다.
이 분기는 월별 원자료가 공표되지 않아 분기 내 지속 여부를 확인할 수 없다. 분기말 단일시점 값에만 의존한 판단임을 감안할 필요가 있다.",고용지원 · 직업훈련 / 산업동향,검토 대상 기능의 제안이며 특정 사업·예산의 선정이 아니다. 지원 여부는 담당자의 현장 확인 뒤에 기존 체계에서 결정한다.
목재종이,2025Q3,관찰,고용 축 진입신호 없음,S1,3.0,123.22274881516586,129.23234653338457,260.0,471.0,178.87,0.4038273573743505,0.0,0.0,0.0,0.0,True,False,False,False,미충원·숙련수요·증가의 지속가능성을 확인한다.,고용·훈련 기능,44.0,49.0,44.0,0.0,0.0,-2.0000000000000018,66.07683783,-11.9652946199308,-8.980876675579069,official_quarterly,,471.0,44.0,False,메인 트랙,"44개 → 44개 (+0개, +0.0%)",,0,0,0,0,0,129.23234653338457,A,대분류 직접 대응,1,목재및종이제품,130.31383813251858,130.31383813251858,True,130.31383813251858,False,True,True,,,0.1106719367588882,0.173491823553662,방향 일치,0.0628198867947738,,,,비교자료 없음,,,False,KICOX 산단 고용과 고용보험 피보험자는 모집단이 다르다(산단 입주 사업체 vs 창원시 전역 사업장). 수준·점유율 비교 금지.,,,,,,,,,,,,,,,,,,,,,,,,,,no_data,0,False,,no_mapped_chapter,해당 업종에 귀속 근거가 있는 HS 류가 없다,,,,창원시 전역 통관 · 연도창을 모두 확보한 HS6 합계(업종 수출 총액 아님),202502,115307.0,0.006071118820472066,1482.0,-25.49019607843137,1419.0,-21.904237754540457,63.0,518.0,True,False,True,False,창원시 전역 제조업 총계 · 반기 · 표본조사. 업종별 값이 아니며 입직-이직을 KICOX 고용 증감과 같다고 보지 않는다.,1475217617,-0.8972776400840932,6033,0.11616329239960699,True,False,True,False,창원시 전역 제조업 총계 전력사용량 · 월→분기 합계. 업종별 값이 아니며 가동률과 개념·모집단이 다르다.,67.67,80.33,74.67,78.67,92.0,47.84,A,2.0,True,True,True,경상남도 제조업 총계(업종 공통 배경),전국 업종별 심리지수. 창원국가산단 개별 업종의 신호가 아니라 같은 업종의 전국 분위기다.,,False,True,False,,False,PPI 조정 생산,1,가동 위축 신호,가동 위축 신호,,False,False,False,False,False,True,False,False,False,False,,False,False,False,1,월별 원자료 미제공 구간,가중치 근거가 없어 신뢰도 점수를 만들지 않는다. 플래그를 그대로 읽는다.,가동률 하락이 일시적 생산조정인지 수주·수요 감소에 따른 것인지 확인할 필요가 있다.,이 분기는 월별 원자료가 공표되지 않아 분기 내 지속 여부를 확인할 수 없다. 분기말 단일시점 값에만 의존한 판단임을 감안할 필요가 있다.,"창원시 제조업 전체에서 입직자 감소가 함께 관측되므로, 고용 감소가 신규 채용 둔화와 함께 나타나는지 확인할 필요가 있다.
가동률 하락과 창원시 제조업 전력사용 감소가 함께 나타나 실제 생산활동 위축 여부를 추가 확인할 필요가 있다. 다만 전력은 시 전체 제조업 총계이므로 이 업종의 값이 아니다.
경남 제조업 업황 심리지수가 기준선(100)을 밑돌아, 업종 고유 요인인지 지역 전반의 경기 흐름인지 구분해 확인할 필요가 있다.
같은 업종의 전국 업황 심리지수도 기준선을 밑돌아, 관측된 변화가 산단 고유 현상인지 전국 업종 흐름인지 확인할 필요가 있다.","가동률 하락이 일시적 생산조정인지 수주·수요 감소에 따른 것인지 확인할 필요가 있다.
창원시 제조업 전체에서 입직자 감소가 함께 관측되므로, 고용 감소가 신규 채용 둔화와 함께 나타나는지 확인할 필요가 있다.
가동률 하락과 창원시 제조업 전력사용 감소가 함께 나타나 실제 생산활동 위축 여부를 추가 확인할 필요가 있다. 다만 전력은 시 전체 제조업 총계이므로 이 업종의 값이 아니다.
경남 제조업 업황 심리지수가 기준선(100)을 밑돌아, 업종 고유 요인인지 지역 전반의 경기 흐름인지 구분해 확인할 필요가 있다.
같은 업종의 전국 업황 심리지수도 기준선을 밑돌아, 관측된 변화가 산단 고유 현상인지 전국 업종 흐름인지 확인할 필요가 있다.
이 분기는 월별 원자료가 공표되지 않아 분기 내 지속 여부를 확인할 수 없다. 분기말 단일시점 값에만 의존한 판단임을 감안할 필요가 있다.",산업동향 · 기업지원 / 고용지원 · 직업훈련 / 산업동향,검토 대상 기능의 제안이며 특정 사업·예산의 선정이 아니다. 지원 여부는 담당자의 현장 확인 뒤에 기존 체계에서 결정한다.
비금속,2025Q3,추가확인,고용감소 22.9%(상위경계 10% 통과) · 산단평균 대비 23.1%p 열위(상위경계 통과) [상위경계 통과했으나 고용 182인 < 300인으로 우선점검 제외],S4,3.0,-22.881355932203384,-46.38706602632253,-54.0,182.0,73.12,0.1560436922338254,22.881355932203384,23.054847755757045,0.0462986779155306,46.38706602632253,False,True,False,False,수주잔량·가동률·휴업/감산·기업 수 변동·고용조정 계획 신고 여부를 확인한다(원인 후보이며 입증된 원인이 아님).,기업지원 기능 + 고용지원 기능,5.0,5.0,5.0,0.0,0.0,-16.666666666666664,30.26740624,-35.57814994040107,-16.71573102165665,official_quarterly,,182.0,5.0,True,소규모 집계 트랙,"5개 → 5개 (+0개, +0.0%)","소규모 집계 트랙은 업종을 배제하는 장치가 아니라, 분모가 작아 비율 변동이 커지는 집계군을 별도 방식으로 읽기 위한 표시다.",0,0,0,0,0,-46.38706602632253,A,대분류 직접 대응,1,비금속광물제품,-45.905337368133594,-45.905337368133594,True,-45.905337368133594,False,True,True,,,0.1106719367588882,0.173491823553662,방향 일치,0.0628198867947738,,,,비교자료 없음,,,False,KICOX 산단 고용과 고용보험 피보험자는 모집단이 다르다(산단 입주 사업체 vs 창원시 전역 사업장). 수준·점유율 비교 금지.,,,,,,,,,,,,,,,,,,,,,,,,,,no_data,0,False,,no_mapped_chapter,해당 업종에 귀속 근거가 있는 HS 류가 없다,,,,창원시 전역 통관 · 연도창을 모두 확보한 HS6 합계(업종 수출 총액 아님),202502,115307.0,0.006071118820472066,1482.0,-25.49019607843137,1419.0,-21.904237754540457,63.0,518.0,True,False,True,False,창원시 전역 제조업 총계 · 반기 · 표본조사. 업종별 값이 아니며 입직-이직을 KICOX 고용 증감과 같다고 보지 않는다.,1475217617,-0.8972776400840932,6033,0.11616329239960699,True,False,True,False,창원시 전역 제조업 총계 전력사용량 · 월→분기 합계. 업종별 값이 아니며 가동률과 개념·모집단이 다르다.,67.67,80.33,74.67,78.67,92.0,48.67,A,1.0,True,True,True,경상남도 제조업 총계(업종 공통 배경),전국 업종별 심리지수. 창원국가산단 개별 업종의 신호가 아니라 같은 업종의 전국 분위기다.,,False,True,True,,False,PPI 조정 생산,2,가동 위축 신호 · 실질생산 위축 신호(PPI 조정),가동 위축 신호,"대표 확인신호는 표시순서에 따른 요약이며, 유일한 원인이 아니다. 확인신호 프로필 전체를 함께 읽어야 한다.",False,False,False,False,False,True,False,False,True,False,,False,False,False,2,소규모 분모 — 비율 변동 과대 가능 · 월별 원자료 미제공 구간,가중치 근거가 없어 신뢰도 점수를 만들지 않는다. 플래그를 그대로 읽는다.,"가동률 하락이 일시적 생산조정인지 수주·수요 감소에 따른 것인지 확인할 필요가 있다.
명목생산 변화에 가격효과가 포함되어 있으므로 실제 물량이 줄었는지 추가로 확인할 필요가 있다.","업체수·고용 규모가 작아 비율 변동이 크게 나타난다. 절대 증감 개수로 다시 확인할 필요가 있다.
이 분기는 월별 원자료가 공표되지 않아 분기 내 지속 여부를 확인할 수 없다. 분기말 단일시점 값에만 의존한 판단임을 감안할 필요가 있다.","창원시 제조업 전체에서 입직자 감소가 함께 관측되므로, 고용 감소가 신규 채용 둔화와 함께 나타나는지 확인할 필요가 있다.
가동률 하락과 창원시 제조업 전력사용 감소가 함께 나타나 실제 생산활동 위축 여부를 추가 확인할 필요가 있다. 다만 전력은 시 전체 제조업 총계이므로 이 업종의 값이 아니다.
경남 제조업 업황 심리지수가 기준선(100)을 밑돌아, 업종 고유 요인인지 지역 전반의 경기 흐름인지 구분해 확인할 필요가 있다.
같은 업종의 전국 업황 심리지수도 기준선을 밑돌아, 관측된 변화가 산단 고유 현상인지 전국 업종 흐름인지 확인할 필요가 있다.","가동률 하락이 일시적 생산조정인지 수주·수요 감소에 따른 것인지 확인할 필요가 있다.
명목생산 변화에 가격효과가 포함되어 있으므로 실제 물량이 줄었는지 추가로 확인할 필요가 있다.
창원시 제조업 전체에서 입직자 감소가 함께 관측되므로, 고용 감소가 신규 채용 둔화와 함께 나타나는지 확인할 필요가 있다.
가동률 하락과 창원시 제조업 전력사용 감소가 함께 나타나 실제 생산활동 위축 여부를 추가 확인할 필요가 있다. 다만 전력은 시 전체 제조업 총계이므로 이 업종의 값이 아니다.
경남 제조업 업황 심리지수가 기준선(100)을 밑돌아, 업종 고유 요인인지 지역 전반의 경기 흐름인지 구분해 확인할 필요가 있다.
같은 업종의 전국 업황 심리지수도 기준선을 밑돌아, 관측된 변화가 산단 고유 현상인지 전국 업종 흐름인지 확인할 필요가 있다.
업체수·고용 규모가 작아 비율 변동이 크게 나타난다. 절대 증감 개수로 다시 확인할 필요가 있다.
이 분기는 월별 원자료가 공표되지 않아 분기 내 지속 여부를 확인할 수 없다. 분기말 단일시점 값에만 의존한 판단임을 감안할 필요가 있다.",산업동향 · 기업지원 / 산업동향 / 고용지원 · 직업훈련,검토 대상 기능의 제안이며 특정 사업·예산의 선정이 아니다. 지원 여부는 담당자의 현장 확인 뒤에 기존 체계에서 결정한다.
석유화학,2025Q3,관찰,고용 축 진입신호 없음 (생산 44.5% 단독 감소 — 확인질문에 반영),S3,1.0,2.5682182985553803,-44.48493192959134,16.0,639.0,467.72,0.5478676886671126,0.0,0.0,0.0,44.48493192959134,True,False,False,False,선제채용·신규 입주기업·고용조정 시차·생산 단가와 물량 구분 가능성을 확인한다.,기업지원 기능(모니터링),43.0,45.0,40.0,3.0,7.499999999999996,4.651162790697683,84.35138596,6.752044818281089,5.335207765392724,official_quarterly,,639.0,43.0,False,메인 트랙,"40개 → 43개 (+3개, +7.5%)",,0,0,0,0,0,-44.48493192959134,C,복수 후보만 존재 — 가중치 근거 없음. 밴드로만 해석,2,석탄및석유제품|화학제품,-43.555822383991064,-41.49225861757041,True,,True,,,False,False,0.1106719367588882,0.173491823553662,방향 일치,0.0628198867947738,,,,비교자료 없음,,,False,KICOX 산단 고용과 고용보험 피보험자는 모집단이 다르다(산단 입주 사업체 vs 창원시 전역 사업장). 수준·점유율 비교 금지.,,,,,,,,,,,,,,,,,,,,,,,,,,no_data,0,False,,no_mapped_chapter,해당 업종에 귀속 근거가 있는 HS 류가 없다,,,,창원시 전역 통관 · 연도창을 모두 확보한 HS6 합계(업종 수출 총액 아님),202502,115307.0,0.006071118820472066,1482.0,-25.49019607843137,1419.0,-21.904237754540457,63.0,518.0,True,False,True,False,창원시 전역 제조업 총계 · 반기 · 표본조사. 업종별 값이 아니며 입직-이직을 KICOX 고용 증감과 같다고 보지 않는다.,1475217617,-0.8972776400840932,6033,0.11616329239960699,True,False,False,True,창원시 전역 제조업 총계 전력사용량 · 월→분기 합계. 업종별 값이 아니며 가동률과 개념·모집단이 다르다.,67.67,80.33,74.67,78.67,92.0,66.22,B,3.0,True,True,True,경상남도 제조업 총계(업종 공통 배경),전국 업종별 심리지수. 창원국가산단 개별 업종의 신호가 아니라 같은 업종의 전국 분위기다.,,False,False,,후보 모두 위축,False,명목 생산만(가격효과 미조정),0,해석 보류,해석 보류,,True,False,False,False,False,True,False,True,False,False,,False,False,False,2,PPI 매핑 불확실(C·D 등급) · 월별 원자료 미제공 구간,가중치 근거가 없어 신뢰도 점수를 만들지 않는다. 플래그를 그대로 읽는다.,,"이 업종은 생산자물가지수 대응 후보가 복수이거나 없어, PPI 조정 생산을 단일값으로 해석하지 않고 원자료로 확인할 필요가 있다.
이 분기는 월별 원자료가 공표되지 않아 분기 내 지속 여부를 확인할 수 없다. 분기말 단일시점 값에만 의존한 판단임을 감안할 필요가 있다.","창원시 제조업 전체에서 입직자 감소가 함께 관측되므로, 고용 감소가 신규 채용 둔화와 함께 나타나는지 확인할 필요가 있다.
가동률과 전력사용의 방향이 달라 업종 구성·설비 특성·자료범위(산단 vs 시 전체) 차이를 추가 확인할 필요가 있다.
경남 제조업 업황 심리지수가 기준선(100)을 밑돌아, 업종 고유 요인인지 지역 전반의 경기 흐름인지 구분해 확인할 필요가 있다.
같은 업종의 전국 업황 심리지수도 기준선을 밑돌아, 관측된 변화가 산단 고유 현상인지 전국 업종 흐름인지 확인할 필요가 있다.","창원시 제조업 전체에서 입직자 감소가 함께 관측되므로, 고용 감소가 신규 채용 둔화와 함께 나타나는지 확인할 필요가 있다.
가동률과 전력사용의 방향이 달라 업종 구성·설비 특성·자료범위(산단 vs 시 전체) 차이를 추가 확인할 필요가 있다.
경남 제조업 업황 심리지수가 기준선(100)을 밑돌아, 업종 고유 요인인지 지역 전반의 경기 흐름인지 구분해 확인할 필요가 있다.
같은 업종의 전국 업황 심리지수도 기준선을 밑돌아, 관측된 변화가 산단 고유 현상인지 전국 업종 흐름인지 확인할 필요가 있다.
이 업종은 생산자물가지수 대응 후보가 복수이거나 없어, PPI 조정 생산을 단일값으로 해석하지 않고 원자료로 확인할 필요가 있다.
이 분기는 월별 원자료가 공표되지 않아 분기 내 지속 여부를 확인할 수 없다. 분기말 단일시점 값에만 의존한 판단임을 감안할 필요가 있다.",고용지원 · 직업훈련 / 산업동향,검토 대상 기능의 제안이며 특정 사업·예산의 선정이 아니다. 지원 여부는 담당자의 현장 확인 뒤에 기존 체계에서 결정한다.
섬유의복,2025Q3,추가확인,고용감소 10.5%(상위경계 10% 통과) · 산단평균 대비 10.7%p 열위(상위경계 통과) [상위경계 통과했으나 고용 34인 < 300인으로 우선점검 제외],S4,3.0,-10.526315789473683,-26.8400180261379,-4.0,34.0,8.1171,0.029151019428297,10.526315789473683,10.699807613027346,0.0034295316974467,26.8400180261379,False,True,False,False,수주잔량·가동률·휴업/감산·기업 수 변동·고용조정 계획 신고 여부를 확인한다(원인 후보이며 입증된 원인이 아님).,기업지원 기능 + 고용지원 기능,7.0,9.0,7.0,0.0,0.0,0.0,73.01454516,-26.722220788048688,-26.626227179470163,official_quarterly,,34.0,7.0,True,소규모 집계 트랙,"7개 → 7개 (+0개, +0.0%)","소규모 집계 트랙은 업종을 배제하는 장치가 아니라, 분모가 작아 비율 변동이 커지는 집계군을 별도 방식으로 읽기 위한 표시다.",0,0,0,0,0,-26.8400180261379,A,대분류 직접 대응,1,섬유및의복,-26.804318296300554,-26.804318296300554,True,-26.804318296300554,False,True,True,,,0.1106719367588882,0.173491823553662,방향 일치,0.0628198867947738,,,,비교자료 없음,,,False,KICOX 산단 고용과 고용보험 피보험자는 모집단이 다르다(산단 입주 사업체 vs 창원시 전역 사업장). 수준·점유율 비교 금지.,,,,,,,,,,,,,,,,,,,,,,,,,,no_data,0,False,,no_mapped_chapter,해당 업종에 귀속 근거가 있는 HS 류가 없다,,,,창원시 전역 통관 · 연도창을 모두 확보한 HS6 합계(업종 수출 총액 아님),202502,115307.0,0.006071118820472066,1482.0,-25.49019607843137,1419.0,-21.904237754540457,63.0,518.0,True,False,True,False,창원시 전역 제조업 총계 · 반기 · 표본조사. 업종별 값이 아니며 입직-이직을 KICOX 고용 증감과 같다고 보지 않는다.,1475217617,-0.8972776400840932,6033,0.11616329239960699,True,False,True,False,창원시 전역 제조업 총계 전력사용량 · 월→분기 합계. 업종별 값이 아니며 가동률과 개념·모집단이 다르다.,67.67,80.33,74.67,78.67,92.0,57.0,A,2.0,True,True,True,경상남도 제조업 총계(업종 공통 배경),전국 업종별 심리지수. 창원국가산단 개별 업종의 신호가 아니라 같은 업종의 전국 분위기다.,,False,True,True,,False,PPI 조정 생산,2,가동 위축 신호 · 실질생산 위축 신호(PPI 조정),가동 위축 신호,"대표 확인신호는 표시순서에 따른 요약이며, 유일한 원인이 아니다. 확인신호 프로필 전체를 함께 읽어야 한다.",False,False,False,False,False,True,False,False,True,False,,False,False,False,2,소규모 분모 — 비율 변동 과대 가능 · 월별 원자료 미제공 구간,가중치 근거가 없어 신뢰도 점수를 만들지 않는다. 플래그를 그대로 읽는다.,"가동률 하락이 일시적 생산조정인지 수주·수요 감소에 따른 것인지 확인할 필요가 있다.
명목생산 변화에 가격효과가 포함되어 있으므로 실제 물량이 줄었는지 추가로 확인할 필요가 있다.","업체수·고용 규모가 작아 비율 변동이 크게 나타난다. 절대 증감 개수로 다시 확인할 필요가 있다.
이 분기는 월별 원자료가 공표되지 않아 분기 내 지속 여부를 확인할 수 없다. 분기말 단일시점 값에만 의존한 판단임을 감안할 필요가 있다.","창원시 제조업 전체에서 입직자 감소가 함께 관측되므로, 고용 감소가 신규 채용 둔화와 함께 나타나는지 확인할 필요가 있다.
가동률 하락과 창원시 제조업 전력사용 감소가 함께 나타나 실제 생산활동 위축 여부를 추가 확인할 필요가 있다. 다만 전력은 시 전체 제조업 총계이므로 이 업종의 값이 아니다.
경남 제조업 업황 심리지수가 기준선(100)을 밑돌아, 업종 고유 요인인지 지역 전반의 경기 흐름인지 구분해 확인할 필요가 있다.
같은 업종의 전국 업황 심리지수도 기준선을 밑돌아, 관측된 변화가 산단 고유 현상인지 전국 업종 흐름인지 확인할 필요가 있다.","가동률 하락이 일시적 생산조정인지 수주·수요 감소에 따른 것인지 확인할 필요가 있다.
명목생산 변화에 가격효과가 포함되어 있으므로 실제 물량이 줄었는지 추가로 확인할 필요가 있다.
창원시 제조업 전체에서 입직자 감소가 함께 관측되므로, 고용 감소가 신규 채용 둔화와 함께 나타나는지 확인할 필요가 있다.
가동률 하락과 창원시 제조업 전력사용 감소가 함께 나타나 실제 생산활동 위축 여부를 추가 확인할 필요가 있다. 다만 전력은 시 전체 제조업 총계이므로 이 업종의 값이 아니다.
경남 제조업 업황 심리지수가 기준선(100)을 밑돌아, 업종 고유 요인인지 지역 전반의 경기 흐름인지 구분해 확인할 필요가 있다.
같은 업종의 전국 업황 심리지수도 기준선을 밑돌아, 관측된 변화가 산단 고유 현상인지 전국 업종 흐름인지 확인할 필요가 있다.
업체수·고용 규모가 작아 비율 변동이 크게 나타난다. 절대 증감 개수로 다시 확인할 필요가 있다.
이 분기는 월별 원자료가 공표되지 않아 분기 내 지속 여부를 확인할 수 없다. 분기말 단일시점 값에만 의존한 판단임을 감안할 필요가 있다.",산업동향 · 기업지원 / 산업동향 / 고용지원 · 직업훈련,검토 대상 기능의 제안이며 특정 사업·예산의 선정이 아니다. 지원 여부는 담당자의 현장 확인 뒤에 기존 체계에서 결정한다.
운송장비,2025Q3,관찰,고용 축 진입신호 없음,S2,1.0,-3.044203502919096,4.627688865697821,-511.0,16275.0,43309.09042,13.953907093986317,3.044203502919096,3.217695326472758,0.4381226743488177,0.0,True,False,False,False,"자동화·설비투자, 외주·도급 전환, 미충원·숙련 불일치, 직무구조 변화 가능성을 질문으로 확인한다(원인 후보이며 입증된 원인이 아님).",고용·훈련 기능 + 기업지원 기능,248.0,251.0,239.0,9.0,3.765690376569042,1.6194331983805599,92.52531478,1.5027255814115348,1.3698169842399182,official_quarterly,,16275.0,248.0,False,메인 트랙,"239개 → 248개 (+9개, +3.8%)",,0,0,0,0,0,4.627688865697821,A,대분류 직접 대응,1,운송장비,3.0684660196978353,3.0684660196978353,True,3.0684660196978353,False,True,True,,,0.1106719367588882,0.173491823553662,방향 일치,0.0628198867947738,자동차·부품,18798.0,-0.995417917522512,방향 일치 (매핑 C등급 — 참고),-2.048785585396584,C,True,KICOX 산단 고용과 고용보험 피보험자는 모집단이 다르다(산단 입주 사업체 vs 창원시 전역 사업장). 수준·점유율 비교 금지.,,,,,,,,,,,,,,,,,,,,,1627934.0,-3.4228152085570396,2.4865493674567363,60.0,A,mapped_chapters_only,0,True,False,usable,,123.0,81.0,0.0,창원시 전역 통관 · 연도창을 모두 확보한 HS6 합계(업종 수출 총액 아님),202502,115307.0,0.006071118820472066,1482.0,-25.49019607843137,1419.0,-21.904237754540457,63.0,518.0,True,False,True,False,창원시 전역 제조업 총계 · 반기 · 표본조사. 업종별 값이 아니며 입직-이직을 KICOX 고용 증감과 같다고 보지 않는다.,1475217617,-0.8972776400840932,6033,0.11616329239960699,True,False,False,True,창원시 전역 제조업 총계 전력사용량 · 월→분기 합계. 업종별 값이 아니며 가동률과 개념·모집단이 다르다.,67.67,80.33,74.67,78.67,92.0,83.66,A,2.0,True,True,True,경상남도 제조업 총계(업종 공통 배경),전국 업종별 심리지수. 창원국가산단 개별 업종의 신호가 아니라 같은 업종의 전국 분위기다.,False,False,False,False,,True,PPI 조정 생산,1,생산유지·고용감소 신호,생산유지·고용감소 신호,,False,True,False,False,False,True,False,False,False,False,,False,True,False,3,고용보험 지표와 방향 일치 · 외부자료 업종 대응 불확실 · 월별 원자료 미제공 구간,가중치 근거가 없어 신뢰도 점수를 만들지 않는다. 플래그를 그대로 읽는다.,생산이 유지되는데 고용이 감소하고 있어 자동화·생산성 변화·미충원·외주화·인력구조 조정 여부를 확인할 필요가 있다.,"이 분기는 월별 원자료가 공표되지 않아 분기 내 지속 여부를 확인할 수 없다. 분기말 단일시점 값에만 의존한 판단임을 감안할 필요가 있다.
외부 자료의 업종 구분이 산단 10업종과 정확히 대응하지 않는다. 비교 결과를 참고로만 읽고 대응 범위를 확인할 필요가 있다.","창원시 제조업 전체에서 입직자 감소가 함께 관측되므로, 고용 감소가 신규 채용 둔화와 함께 나타나는지 확인할 필요가 있다.
가동률과 전력사용의 방향이 달라 업종 구성·설비 특성·자료범위(산단 vs 시 전체) 차이를 추가 확인할 필요가 있다.
경남 제조업 업황 심리지수가 기준선(100)을 밑돌아, 업종 고유 요인인지 지역 전반의 경기 흐름인지 구분해 확인할 필요가 있다.
같은 업종의 전국 업황 심리지수도 기준선을 밑돌아, 관측된 변화가 산단 고유 현상인지 전국 업종 흐름인지 확인할 필요가 있다.","생산이 유지되는데 고용이 감소하고 있어 자동화·생산성 변화·미충원·외주화·인력구조 조정 여부를 확인할 필요가 있다.
창원시 제조업 전체에서 입직자 감소가 함께 관측되므로, 고용 감소가 신규 채용 둔화와 함께 나타나는지 확인할 필요가 있다.
가동률과 전력사용의 방향이 달라 업종 구성·설비 특성·자료범위(산단 vs 시 전체) 차이를 추가 확인할 필요가 있다.
경남 제조업 업황 심리지수가 기준선(100)을 밑돌아, 업종 고유 요인인지 지역 전반의 경기 흐름인지 구분해 확인할 필요가 있다.
같은 업종의 전국 업황 심리지수도 기준선을 밑돌아, 관측된 변화가 산단 고유 현상인지 전국 업종 흐름인지 확인할 필요가 있다.
이 분기는 월별 원자료가 공표되지 않아 분기 내 지속 여부를 확인할 수 없다. 분기말 단일시점 값에만 의존한 판단임을 감안할 필요가 있다.
외부 자료의 업종 구분이 산단 10업종과 정확히 대응하지 않는다. 비교 결과를 참고로만 읽고 대응 범위를 확인할 필요가 있다.",고용지원 · 직업훈련 / 산업동향,검토 대상 기능의 제안이며 특정 사업·예산의 선정이 아니다. 지원 여부는 담당자의 현장 확인 뒤에 기존 체계에서 결정한다.
음식료,2025Q3,우선점검,고용감소 28.4%(상위경계 10% 통과) · 산단평균 대비 28.5%p 열위(상위경계 통과) → 보강: 생산 17.5% 감소 / 직전 분기에도 진입신호(지속),S4,3.0,-28.368017524644028,-17.463678355900235,-259.0,654.0,1352.63,0.5607284325325377,28.368017524644028,28.54150934819769,0.2220621774096747,17.463678355900235,True,True,False,False,수주잔량·가동률·휴업/감산·기업 수 변동·고용조정 계획 신고 여부를 확인한다(원인 후보이며 입증된 원인이 아님).,기업지원 기능 + 고용지원 기능,4.0,7.0,4.0,0.0,0.0,0.0,93.89482014,6.8538213136213555,6.022604635030859,official_quarterly,,654.0,4.0,False,메인 트랙,"4개 → 4개 (+0개, +0.0%)",,0,0,0,0,0,-17.463678355900235,A,대분류 직접 대응,1,음식료품,-19.87974938066659,-19.87974938066659,True,-19.87974938066659,False,True,True,,,0.1106719367588882,0.173491823553662,방향 일치,0.0628198867947738,,,,비교자료 없음,,,False,KICOX 산단 고용과 고용보험 피보험자는 모집단이 다르다(산단 입주 사업체 vs 창원시 전역 사업장). 수준·점유율 비교 금지.,,,,,,,,,,,,,,,,,,,,,,,,,,no_data,0,False,,no_mapped_chapter,해당 업종에 귀속 근거가 있는 HS 류가 없다,,,,창원시 전역 통관 · 연도창을 모두 확보한 HS6 합계(업종 수출 총액 아님),202502,115307.0,0.006071118820472066,1482.0,-25.49019607843137,1419.0,-21.904237754540457,63.0,518.0,True,False,True,False,창원시 전역 제조업 총계 · 반기 · 표본조사. 업종별 값이 아니며 입직-이직을 KICOX 고용 증감과 같다고 보지 않는다.,1475217617,-0.8972776400840932,6033,0.11616329239960699,True,False,False,True,창원시 전역 제조업 총계 전력사용량 · 월→분기 합계. 업종별 값이 아니며 가동률과 개념·모집단이 다르다.,67.67,80.33,74.67,78.67,92.0,68.34,A,2.0,True,True,True,경상남도 제조업 총계(업종 공통 배경),전국 업종별 심리지수. 창원국가산단 개별 업종의 신호가 아니라 같은 업종의 전국 분위기다.,,False,False,True,,False,PPI 조정 생산,1,실질생산 위축 신호(PPI 조정),실질생산 위축 신호(PPI 조정),,False,False,False,False,False,True,False,False,True,False,,False,False,False,2,소규모 분모 — 비율 변동 과대 가능 · 월별 원자료 미제공 구간,가중치 근거가 없어 신뢰도 점수를 만들지 않는다. 플래그를 그대로 읽는다.,명목생산 변화에 가격효과가 포함되어 있으므로 실제 물량이 줄었는지 추가로 확인할 필요가 있다.,"업체수·고용 규모가 작아 비율 변동이 크게 나타난다. 절대 증감 개수로 다시 확인할 필요가 있다.
이 분기는 월별 원자료가 공표되지 않아 분기 내 지속 여부를 확인할 수 없다. 분기말 단일시점 값에만 의존한 판단임을 감안할 필요가 있다.","창원시 제조업 전체에서 입직자 감소가 함께 관측되므로, 고용 감소가 신규 채용 둔화와 함께 나타나는지 확인할 필요가 있다.
가동률과 전력사용의 방향이 달라 업종 구성·설비 특성·자료범위(산단 vs 시 전체) 차이를 추가 확인할 필요가 있다.
경남 제조업 업황 심리지수가 기준선(100)을 밑돌아, 업종 고유 요인인지 지역 전반의 경기 흐름인지 구분해 확인할 필요가 있다.
같은 업종의 전국 업황 심리지수도 기준선을 밑돌아, 관측된 변화가 산단 고유 현상인지 전국 업종 흐름인지 확인할 필요가 있다.","명목생산 변화에 가격효과가 포함되어 있으므로 실제 물량이 줄었는지 추가로 확인할 필요가 있다.
창원시 제조업 전체에서 입직자 감소가 함께 관측되므로, 고용 감소가 신규 채용 둔화와 함께 나타나는지 확인할 필요가 있다.
가동률과 전력사용의 방향이 달라 업종 구성·설비 특성·자료범위(산단 vs 시 전체) 차이를 추가 확인할 필요가 있다.
경남 제조업 업황 심리지수가 기준선(100)을 밑돌아, 업종 고유 요인인지 지역 전반의 경기 흐름인지 구분해 확인할 필요가 있다.
같은 업종의 전국 업황 심리지수도 기준선을 밑돌아, 관측된 변화가 산단 고유 현상인지 전국 업종 흐름인지 확인할 필요가 있다.
업체수·고용 규모가 작아 비율 변동이 크게 나타난다. 절대 증감 개수로 다시 확인할 필요가 있다.
이 분기는 월별 원자료가 공표되지 않아 분기 내 지속 여부를 확인할 수 없다. 분기말 단일시점 값에만 의존한 판단임을 감안할 필요가 있다.",산업동향 / 고용지원 · 직업훈련,검토 대상 기능의 제안이며 특정 사업·예산의 선정이 아니다. 지원 여부는 담당자의 현장 확인 뒤에 기존 체계에서 결정한다.
전기전자,2025Q3,관찰,고용 축 진입신호 없음,S4,2.0,-3.875889436234259,-0.5693871998398992,-1133.0,28099.0,33382.45889,24.0916027916388,3.875889436234259,4.049381259787921,0.9714148533017816,0.5693871998398992,True,False,False,False,수주잔량·가동률·휴업/감산·기업 수 변동·고용조정 계획 신고 여부를 확인한다(원인 후보이며 입증된 원인이 아님).,기업지원 기능 + 고용지원 기능,572.0,634.0,574.0,-2.0,-0.34843205574912606,1.6025641025640969,76.23409537,1.8089318988535164,1.3545205152730517,official_quarterly,,28099.0,572.0,False,메인 트랙,"574개 → 572개 (-2개, -0.3%)",,0,0,0,0,0,-0.5693871998398992,C,복수 후보만 존재 — 가중치 근거 없음. 밴드로만 해석,2,전기장비|컴퓨터전자및광학기기,-1.033210891682279,0.3522468315384941,True,,True,,,True,False,0.1106719367588882,0.173491823553662,방향 일치,0.0628198867947738,전기장비,18033.0,-3.0483870967741966,방향 일치 (매핑 C등급 — 참고),-0.8275023394600622,C,True,KICOX 산단 고용과 고용보험 피보험자는 모집단이 다르다(산단 입주 사업체 vs 창원시 전역 사업장). 수준·점유율 비교 금지.,,,,,,,,,,,,,,,,,,,,,477225.0,-9.0393595730487,11.126490630323671,249.0,B,mapped_chapters_only,0,True,True,usable,,296.0,272.0,0.0,창원시 전역 통관 · 연도창을 모두 확보한 HS6 합계(업종 수출 총액 아님),202502,115307.0,0.006071118820472066,1482.0,-25.49019607843137,1419.0,-21.904237754540457,63.0,518.0,True,False,True,False,창원시 전역 제조업 총계 · 반기 · 표본조사. 업종별 값이 아니며 입직-이직을 KICOX 고용 증감과 같다고 보지 않는다.,1475217617,-0.8972776400840932,6033,0.11616329239960699,True,False,False,True,창원시 전역 제조업 총계 전력사용량 · 월→분기 합계. 업종별 값이 아니며 가동률과 개념·모집단이 다르다.,67.67,80.33,74.67,78.67,92.0,77.34,A,2.0,True,True,True,경상남도 제조업 총계(업종 공통 배경),전국 업종별 심리지수. 창원국가산단 개별 업종의 신호가 아니라 같은 업종의 전국 분위기다.,False,False,False,,후보 모두 위축 아님,False,명목 생산만(가격효과 미조정),0,해석 보류,해석 보류,,True,True,False,False,False,True,False,True,False,False,,False,True,False,4,고용보험 지표와 방향 일치 · PPI 매핑 불확실(C·D 등급) · 외부자료 업종 대응 불확실 · 월별 원자료 미제공 구간,가중치 근거가 없어 신뢰도 점수를 만들지 않는다. 플래그를 그대로 읽는다.,,"이 업종은 생산자물가지수 대응 후보가 복수이거나 없어, PPI 조정 생산을 단일값으로 해석하지 않고 원자료로 확인할 필요가 있다.
이 분기는 월별 원자료가 공표되지 않아 분기 내 지속 여부를 확인할 수 없다. 분기말 단일시점 값에만 의존한 판단임을 감안할 필요가 있다.
외부 자료의 업종 구분이 산단 10업종과 정확히 대응하지 않는다. 비교 결과를 참고로만 읽고 대응 범위를 확인할 필요가 있다.","확인된 품목 기준 수출이 함께 감소하고 있어, 외부수요 약화 가능성을 보려면 수출 감소가 특정 품목·기업에 집중되는지 추가 확인할 필요가 있다.
창원시 제조업 전체에서 입직자 감소가 함께 관측되므로, 고용 감소가 신규 채용 둔화와 함께 나타나는지 확인할 필요가 있다.
가동률과 전력사용의 방향이 달라 업종 구성·설비 특성·자료범위(산단 vs 시 전체) 차이를 추가 확인할 필요가 있다.
경남 제조업 업황 심리지수가 기준선(100)을 밑돌아, 업종 고유 요인인지 지역 전반의 경기 흐름인지 구분해 확인할 필요가 있다.
같은 업종의 전국 업황 심리지수도 기준선을 밑돌아, 관측된 변화가 산단 고유 현상인지 전국 업종 흐름인지 확인할 필요가 있다.","확인된 품목 기준 수출이 함께 감소하고 있어, 외부수요 약화 가능성을 보려면 수출 감소가 특정 품목·기업에 집중되는지 추가 확인할 필요가 있다.
창원시 제조업 전체에서 입직자 감소가 함께 관측되므로, 고용 감소가 신규 채용 둔화와 함께 나타나는지 확인할 필요가 있다.
가동률과 전력사용의 방향이 달라 업종 구성·설비 특성·자료범위(산단 vs 시 전체) 차이를 추가 확인할 필요가 있다.
경남 제조업 업황 심리지수가 기준선(100)을 밑돌아, 업종 고유 요인인지 지역 전반의 경기 흐름인지 구분해 확인할 필요가 있다.
같은 업종의 전국 업황 심리지수도 기준선을 밑돌아, 관측된 변화가 산단 고유 현상인지 전국 업종 흐름인지 확인할 필요가 있다.
이 업종은 생산자물가지수 대응 후보가 복수이거나 없어, PPI 조정 생산을 단일값으로 해석하지 않고 원자료로 확인할 필요가 있다.
이 분기는 월별 원자료가 공표되지 않아 분기 내 지속 여부를 확인할 수 없다. 분기말 단일시점 값에만 의존한 판단임을 감안할 필요가 있다.
외부 자료의 업종 구분이 산단 10업종과 정확히 대응하지 않는다. 비교 결과를 참고로만 읽고 대응 범위를 확인할 필요가 있다.",산업동향 · 기업지원 / 고용지원 · 직업훈련 / 산업동향,검토 대상 기능의 제안이며 특정 사업·예산의 선정이 아니다. 지원 여부는 담당자의 현장 확인 뒤에 기존 체계에서 결정한다.
철강,2025Q3,관찰,고용 축 진입신호 없음,S2,1.0,-0.5439802935440774,11.980076752368252,-53.0,9690.0,15478.16,8.308040537064663,0.5439802935440774,0.7174721170977394,0.0454412949911689,0.0,True,False,False,False,"자동화·설비투자, 외주·도급 전환, 미충원·숙련 불일치, 직무구조 변화 가능성을 질문으로 확인한다(원인 후보이며 입증된 원인이 아님).",고용·훈련 기능 + 기업지원 기능,75.0,79.0,74.0,1.0,1.3513513513513598,-1.2499999999999956,64.23976399,4.71732173043804,2.8938825938302557,official_quarterly,,9690.0,75.0,False,메인 트랙,"74개 → 75개 (+1개, +1.4%)",,0,0,0,0,0,11.980076752368252,B,상위 범주가 넓어 범위 과대·과소 가능,1,철강1차제품,15.05830168285367,15.05830168285367,True,15.05830168285367,False,True,True,,,0.1106719367588882,0.173491823553662,방향 일치,0.0628198867947738,,,,비교자료 없음,,,False,KICOX 산단 고용과 고용보험 피보험자는 모집단이 다르다(산단 입주 사업체 vs 창원시 전역 사업장). 수준·점유율 비교 금지.,,,,,,,,,,,,,,,,,,,,,223902.0,-8.44438628845281,9.82746353610815,203.0,A,mapped_chapters_only,0,True,True,usable,,291.0,237.0,0.0,창원시 전역 통관 · 연도창을 모두 확보한 HS6 합계(업종 수출 총액 아님),202502,115307.0,0.006071118820472066,1482.0,-25.49019607843137,1419.0,-21.904237754540457,63.0,518.0,True,False,True,False,창원시 전역 제조업 총계 · 반기 · 표본조사. 업종별 값이 아니며 입직-이직을 KICOX 고용 증감과 같다고 보지 않는다.,1475217617,-0.8972776400840932,6033,0.11616329239960699,True,False,False,True,창원시 전역 제조업 총계 전력사용량 · 월→분기 합계. 업종별 값이 아니며 가동률과 개념·모집단이 다르다.,67.67,80.33,74.67,78.67,92.0,62.0,B,1.0,True,True,True,경상남도 제조업 총계(업종 공통 배경),전국 업종별 심리지수. 창원국가산단 개별 업종의 신호가 아니라 같은 업종의 전국 분위기다.,False,False,False,False,,False,PPI 조정 생산,0,해석 보류,해석 보류,,False,False,False,False,False,True,False,False,False,False,,False,False,False,1,월별 원자료 미제공 구간,가중치 근거가 없어 신뢰도 점수를 만들지 않는다. 플래그를 그대로 읽는다.,,이 분기는 월별 원자료가 공표되지 않아 분기 내 지속 여부를 확인할 수 없다. 분기말 단일시점 값에만 의존한 판단임을 감안할 필요가 있다.,"확인된 품목 기준 수출이 함께 감소하고 있어, 외부수요 약화 가능성을 보려면 수출 감소가 특정 품목·기업에 집중되는지 추가 확인할 필요가 있다.
창원시 제조업 전체에서 입직자 감소가 함께 관측되므로, 고용 감소가 신규 채용 둔화와 함께 나타나는지 확인할 필요가 있다.
가동률과 전력사용의 방향이 달라 업종 구성·설비 특성·자료범위(산단 vs 시 전체) 차이를 추가 확인할 필요가 있다.
경남 제조업 업황 심리지수가 기준선(100)을 밑돌아, 업종 고유 요인인지 지역 전반의 경기 흐름인지 구분해 확인할 필요가 있다.
같은 업종의 전국 업황 심리지수도 기준선을 밑돌아, 관측된 변화가 산단 고유 현상인지 전국 업종 흐름인지 확인할 필요가 있다.","확인된 품목 기준 수출이 함께 감소하고 있어, 외부수요 약화 가능성을 보려면 수출 감소가 특정 품목·기업에 집중되는지 추가 확인할 필요가 있다.
창원시 제조업 전체에서 입직자 감소가 함께 관측되므로, 고용 감소가 신규 채용 둔화와 함께 나타나는지 확인할 필요가 있다.
가동률과 전력사용의 방향이 달라 업종 구성·설비 특성·자료범위(산단 vs 시 전체) 차이를 추가 확인할 필요가 있다.
경남 제조업 업황 심리지수가 기준선(100)을 밑돌아, 업종 고유 요인인지 지역 전반의 경기 흐름인지 구분해 확인할 필요가 있다.
같은 업종의 전국 업황 심리지수도 기준선을 밑돌아, 관측된 변화가 산단 고유 현상인지 전국 업종 흐름인지 확인할 필요가 있다.
이 분기는 월별 원자료가 공표되지 않아 분기 내 지속 여부를 확인할 수 없다. 분기말 단일시점 값에만 의존한 판단임을 감안할 필요가 있다.",산업동향 · 기업지원 / 고용지원 · 직업훈련 / 산업동향,검토 대상 기능의 제안이며 특정 사업·예산의 선정이 아니다. 지원 여부는 담당자의 현장 확인 뒤에 기존 체계에서 결정한다.
기계,2025Q4,관찰,고용 축 진입신호 없음,S1,1.0,6.0580067549455885,3.707439849329264,3390.0,59349.0,54735.27441,51.40800540507765,0.0,0.0,0.0,0.0,True,False,False,False,미충원·숙련수요·증가의 지속가능성을 확인한다.,고용·훈련 기능,1457.0,1553.0,1469.0,-12.0,-0.8168822328114334,0.1935483870967758,80.3061316,4.395063062311544,3.380911915936295,official_quarterly,,59349.0,1457.0,False,메인 트랙,"1,469개 → 1,457개 (-12개, -0.8%)",,0,0,0,0,0,3.707439849329264,A,대분류 직접 대응,1,기계및장비,2.6952680982837984,2.6952680982837984,True,2.6952680982837984,False,True,True,,,0.4559698602161877,0.7619529736240249,방향 일치,0.30598311340783724,기계·장비,29265.0,0.006834569251279454,방향 일치,6.051172185694309,B,True,KICOX 산단 고용과 고용보험 피보험자는 모집단이 다르다(산단 입주 사업체 vs 창원시 전역 사업장). 수준·점유율 비교 금지.,,,,,,,,,,,,,,,,,,,,,2131207.0,-10.107135475761652,20.480085565489546,338.0,B,mapped_chapters_only,0,True,True,usable,,538.0,439.0,0.0,창원시 전역 통관 · 연도창을 모두 확보한 HS6 합계(업종 수출 총액 아님),202502,115307.0,0.006071118820472066,1482.0,-25.49019607843137,1419.0,-21.904237754540457,63.0,518.0,True,False,True,False,창원시 전역 제조업 총계 · 반기 · 표본조사. 업종별 값이 아니며 입직-이직을 KICOX 고용 증감과 같다고 보지 않는다.,1360214152,-2.872700229395919,6031,0.21601861083415663,True,False,False,True,창원시 전역 제조업 총계 전력사용량 · 월→분기 합계. 업종별 값이 아니며 가동률과 개념·모집단이 다르다.,65.33,75.0,70.0,76.67,95.0,62.16,C,2.0,True,True,True,경상남도 제조업 총계(업종 공통 배경),전국 업종별 심리지수. 창원국가산단 개별 업종의 신호가 아니라 같은 업종의 전국 분위기다.,False,False,False,False,,False,PPI 조정 생산,0,해석 보류,해석 보류,,False,True,False,False,False,True,False,False,False,False,,False,False,False,2,고용보험 지표와 방향 일치 · 월별 원자료 미제공 구간,가중치 근거가 없어 신뢰도 점수를 만들지 않는다. 플래그를 그대로 읽는다.,,이 분기는 월별 원자료가 공표되지 않아 분기 내 지속 여부를 확인할 수 없다. 분기말 단일시점 값에만 의존한 판단임을 감안할 필요가 있다.,"확인된 품목 기준 수출이 함께 감소하고 있어, 외부수요 약화 가능성을 보려면 수출 감소가 특정 품목·기업에 집중되는지 추가 확인할 필요가 있다.
창원시 제조업 전체에서 입직자 감소가 함께 관측되므로, 고용 감소가 신규 채용 둔화와 함께 나타나는지 확인할 필요가 있다.
가동률과 전력사용의 방향이 달라 업종 구성·설비 특성·자료범위(산단 vs 시 전체) 차이를 추가 확인할 필요가 있다.
경남 제조업 업황 심리지수가 기준선(100)을 밑돌아, 업종 고유 요인인지 지역 전반의 경기 흐름인지 구분해 확인할 필요가 있다.
같은 업종의 전국 업황 심리지수도 기준선을 밑돌아, 관측된 변화가 산단 고유 현상인지 전국 업종 흐름인지 확인할 필요가 있다.","확인된 품목 기준 수출이 함께 감소하고 있어, 외부수요 약화 가능성을 보려면 수출 감소가 특정 품목·기업에 집중되는지 추가 확인할 필요가 있다.
창원시 제조업 전체에서 입직자 감소가 함께 관측되므로, 고용 감소가 신규 채용 둔화와 함께 나타나는지 확인할 필요가 있다.
가동률과 전력사용의 방향이 달라 업종 구성·설비 특성·자료범위(산단 vs 시 전체) 차이를 추가 확인할 필요가 있다.
경남 제조업 업황 심리지수가 기준선(100)을 밑돌아, 업종 고유 요인인지 지역 전반의 경기 흐름인지 구분해 확인할 필요가 있다.
같은 업종의 전국 업황 심리지수도 기준선을 밑돌아, 관측된 변화가 산단 고유 현상인지 전국 업종 흐름인지 확인할 필요가 있다.
이 분기는 월별 원자료가 공표되지 않아 분기 내 지속 여부를 확인할 수 없다. 분기말 단일시점 값에만 의존한 판단임을 감안할 필요가 있다.",산업동향 · 기업지원 / 고용지원 · 직업훈련 / 산업동향,검토 대상 기능의 제안이며 특정 사업·예산의 선정이 아니다. 지원 여부는 담당자의 현장 확인 뒤에 기존 체계에서 결정한다.
기타,2025Q4,추가확인,고용감소 27.0%(상위경계 10% 통과) · 산단평균 대비 27.8%p 열위(상위경계 통과) [상위경계 통과했으나 고용 143인 < 300인으로 우선점검 제외],S2,4.0,-27.040816326530614,5.616902725065187,-53.0,143.0,84.06,0.1238663629197813,27.040816326530614,27.80276930015464,0.0459085121311077,0.0,False,True,False,False,"자동화·설비투자, 외주·도급 전환, 미충원·숙련 불일치, 직무구조 변화 가능성을 질문으로 확인한다(원인 후보이며 입증된 원인이 아님).",고용·훈련 기능 + 기업지원 기능,26.0,36.0,26.0,0.0,0.0,-2.7027027027026973,68.55884512,8.774670956301623,5.5305274820249295,official_quarterly,,143.0,26.0,True,소규모 집계 트랙,"26개 → 26개 (+0개, +0.0%)","소규모 집계 트랙은 업종을 배제하는 장치가 아니라, 분모가 작아 비율 변동이 커지는 집계군을 별도 방식으로 읽기 위한 표시다.",0,0,0,0,0,5.616902725065187,D,대응 항목 없음 — 조정 생산 산출 불가,0,,,,True,,False,,,,,0.4559698602161877,0.7619529736240249,방향 일치,0.30598311340783724,,,,비교자료 없음,,,False,KICOX 산단 고용과 고용보험 피보험자는 모집단이 다르다(산단 입주 사업체 vs 창원시 전역 사업장). 수준·점유율 비교 금지.,,,,,,,,,,,,,,,,,,,,,,,,,,no_data,0,False,,no_mapped_chapter,해당 업종에 귀속 근거가 있는 HS 류가 없다,,,,창원시 전역 통관 · 연도창을 모두 확보한 HS6 합계(업종 수출 총액 아님),202502,115307.0,0.006071118820472066,1482.0,-25.49019607843137,1419.0,-21.904237754540457,63.0,518.0,True,False,True,False,창원시 전역 제조업 총계 · 반기 · 표본조사. 업종별 값이 아니며 입직-이직을 KICOX 고용 증감과 같다고 보지 않는다.,1360214152,-2.872700229395919,6031,0.21601861083415663,True,False,False,True,창원시 전역 제조업 총계 전력사용량 · 월→분기 합계. 업종별 값이 아니며 가동률과 개념·모집단이 다르다.,65.33,75.0,70.0,76.67,95.0,,,,True,,True,경상남도 제조업 총계(업종 공통 배경),전국 업종별 심리지수. 창원국가산단 개별 업종의 신호가 아니라 같은 업종의 전국 분위기다.,,False,False,,,True,명목 생산만(가격효과 미조정),1,생산유지·고용감소 신호,생산유지·고용감소 신호,,True,False,False,False,False,True,False,True,True,False,,False,False,False,3,PPI 매핑 불확실(C·D 등급) · 소규모 분모 — 비율 변동 과대 가능 · 월별 원자료 미제공 구간,가중치 근거가 없어 신뢰도 점수를 만들지 않는다. 플래그를 그대로 읽는다.,생산이 유지되는데 고용이 감소하고 있어 자동화·생산성 변화·미충원·외주화·인력구조 조정 여부를 확인할 필요가 있다.,"이 업종은 생산자물가지수 대응 후보가 복수이거나 없어, PPI 조정 생산을 단일값으로 해석하지 않고 원자료로 확인할 필요가 있다.
업체수·고용 규모가 작아 비율 변동이 크게 나타난다. 절대 증감 개수로 다시 확인할 필요가 있다.
이 분기는 월별 원자료가 공표되지 않아 분기 내 지속 여부를 확인할 수 없다. 분기말 단일시점 값에만 의존한 판단임을 감안할 필요가 있다.","창원시 제조업 전체에서 입직자 감소가 함께 관측되므로, 고용 감소가 신규 채용 둔화와 함께 나타나는지 확인할 필요가 있다.
가동률과 전력사용의 방향이 달라 업종 구성·설비 특성·자료범위(산단 vs 시 전체) 차이를 추가 확인할 필요가 있다.
경남 제조업 업황 심리지수가 기준선(100)을 밑돌아, 업종 고유 요인인지 지역 전반의 경기 흐름인지 구분해 확인할 필요가 있다.","생산이 유지되는데 고용이 감소하고 있어 자동화·생산성 변화·미충원·외주화·인력구조 조정 여부를 확인할 필요가 있다.
창원시 제조업 전체에서 입직자 감소가 함께 관측되므로, 고용 감소가 신규 채용 둔화와 함께 나타나는지 확인할 필요가 있다.
가동률과 전력사용의 방향이 달라 업종 구성·설비 특성·자료범위(산단 vs 시 전체) 차이를 추가 확인할 필요가 있다.
경남 제조업 업황 심리지수가 기준선(100)을 밑돌아, 업종 고유 요인인지 지역 전반의 경기 흐름인지 구분해 확인할 필요가 있다.
이 업종은 생산자물가지수 대응 후보가 복수이거나 없어, PPI 조정 생산을 단일값으로 해석하지 않고 원자료로 확인할 필요가 있다.
업체수·고용 규모가 작아 비율 변동이 크게 나타난다. 절대 증감 개수로 다시 확인할 필요가 있다.
이 분기는 월별 원자료가 공표되지 않아 분기 내 지속 여부를 확인할 수 없다. 분기말 단일시점 값에만 의존한 판단임을 감안할 필요가 있다.",고용지원 · 직업훈련 / 산업동향,검토 대상 기능의 제안이며 특정 사업·예산의 선정이 아니다. 지원 여부는 담당자의 현장 확인 뒤에 기존 체계에서 결정한다.
목재종이,2025Q4,관찰,고용 축 진입신호 없음,S1,4.0,120.09345794392524,180.21049274437888,257.0,471.0,175.72,0.4079794191273918,0.0,0.0,0.0,0.0,True,False,False,False,미충원·숙련수요·증가의 지속가능성을 확인한다.,고용·훈련 기능,45.0,49.0,44.0,1.0,2.2727272727272707,-2.0000000000000018,64.79351032,-9.944149904461796,-7.154631029242765,official_quarterly,,471.0,45.0,False,메인 트랙,"44개 → 45개 (+1개, +2.3%)",,0,0,0,0,0,180.21049274437888,A,대분류 직접 대응,1,목재및종이제품,184.6622777129444,184.6622777129444,True,184.6622777129444,False,True,True,,,0.4559698602161877,0.7619529736240249,방향 일치,0.30598311340783724,,,,비교자료 없음,,,False,KICOX 산단 고용과 고용보험 피보험자는 모집단이 다르다(산단 입주 사업체 vs 창원시 전역 사업장). 수준·점유율 비교 금지.,,,,,,,,,,,,,,,,,,,,,,,,,,no_data,0,False,,no_mapped_chapter,해당 업종에 귀속 근거가 있는 HS 류가 없다,,,,창원시 전역 통관 · 연도창을 모두 확보한 HS6 합계(업종 수출 총액 아님),202502,115307.0,0.006071118820472066,1482.0,-25.49019607843137,1419.0,-21.904237754540457,63.0,518.0,True,False,True,False,창원시 전역 제조업 총계 · 반기 · 표본조사. 업종별 값이 아니며 입직-이직을 KICOX 고용 증감과 같다고 보지 않는다.,1360214152,-2.872700229395919,6031,0.21601861083415663,True,False,True,False,창원시 전역 제조업 총계 전력사용량 · 월→분기 합계. 업종별 값이 아니며 가동률과 개념·모집단이 다르다.,65.33,75.0,70.0,76.67,95.0,41.84,A,2.0,True,True,True,경상남도 제조업 총계(업종 공통 배경),전국 업종별 심리지수. 창원국가산단 개별 업종의 신호가 아니라 같은 업종의 전국 분위기다.,,False,True,False,,False,PPI 조정 생산,1,가동 위축 신호,가동 위축 신호,,False,False,False,False,False,True,False,False,False,False,,False,False,False,1,월별 원자료 미제공 구간,가중치 근거가 없어 신뢰도 점수를 만들지 않는다. 플래그를 그대로 읽는다.,가동률 하락이 일시적 생산조정인지 수주·수요 감소에 따른 것인지 확인할 필요가 있다.,이 분기는 월별 원자료가 공표되지 않아 분기 내 지속 여부를 확인할 수 없다. 분기말 단일시점 값에만 의존한 판단임을 감안할 필요가 있다.,"창원시 제조업 전체에서 입직자 감소가 함께 관측되므로, 고용 감소가 신규 채용 둔화와 함께 나타나는지 확인할 필요가 있다.
가동률 하락과 창원시 제조업 전력사용 감소가 함께 나타나 실제 생산활동 위축 여부를 추가 확인할 필요가 있다. 다만 전력은 시 전체 제조업 총계이므로 이 업종의 값이 아니다.
경남 제조업 업황 심리지수가 기준선(100)을 밑돌아, 업종 고유 요인인지 지역 전반의 경기 흐름인지 구분해 확인할 필요가 있다.
같은 업종의 전국 업황 심리지수도 기준선을 밑돌아, 관측된 변화가 산단 고유 현상인지 전국 업종 흐름인지 확인할 필요가 있다.","가동률 하락이 일시적 생산조정인지 수주·수요 감소에 따른 것인지 확인할 필요가 있다.
창원시 제조업 전체에서 입직자 감소가 함께 관측되므로, 고용 감소가 신규 채용 둔화와 함께 나타나는지 확인할 필요가 있다.
가동률 하락과 창원시 제조업 전력사용 감소가 함께 나타나 실제 생산활동 위축 여부를 추가 확인할 필요가 있다. 다만 전력은 시 전체 제조업 총계이므로 이 업종의 값이 아니다.
경남 제조업 업황 심리지수가 기준선(100)을 밑돌아, 업종 고유 요인인지 지역 전반의 경기 흐름인지 구분해 확인할 필요가 있다.
같은 업종의 전국 업황 심리지수도 기준선을 밑돌아, 관측된 변화가 산단 고유 현상인지 전국 업종 흐름인지 확인할 필요가 있다.
이 분기는 월별 원자료가 공표되지 않아 분기 내 지속 여부를 확인할 수 없다. 분기말 단일시점 값에만 의존한 판단임을 감안할 필요가 있다.",산업동향 · 기업지원 / 고용지원 · 직업훈련 / 산업동향,검토 대상 기능의 제안이며 특정 사업·예산의 선정이 아니다. 지원 여부는 담당자의 현장 확인 뒤에 기존 체계에서 결정한다.
비금속,2025Q4,추가확인,고용감소 27.6%(상위경계 10% 통과) · 산단평균 대비 28.4%p 열위(상위경계 통과) [상위경계 통과했으나 고용 178인 < 300인으로 우선점검 제외],S2,1.0,-27.642276422764223,31.884700665188493,-68.0,178.0,133.83,0.1541833048931544,27.642276422764223,28.40422939638825,0.0589014872625533,0.0,False,True,False,False,"자동화·설비투자, 외주·도급 전환, 미충원·숙련 불일치, 직무구조 변화 가능성을 질문으로 확인한다(원인 후보이며 입증된 원인이 아님).",고용·훈련 기능 + 기업지원 기능,5.0,5.0,6.0,-1.0,-16.666666666666664,-16.666666666666664,48.82524626,48.31856403918504,15.906072199563027,official_quarterly,,178.0,5.0,True,소규모 집계 트랙,"6개 → 5개 (-1개, -16.7%)","소규모 집계 트랙은 업종을 배제하는 장치가 아니라, 분모가 작아 비율 변동이 커지는 집계군을 별도 방식으로 읽기 위한 표시다.",0,0,0,0,0,31.884700665188493,A,대분류 직접 대응,1,비금속광물제품,33.39356867793204,33.39356867793204,True,33.39356867793204,False,True,True,,,0.4559698602161877,0.7619529736240249,방향 일치,0.30598311340783724,,,,비교자료 없음,,,False,KICOX 산단 고용과 고용보험 피보험자는 모집단이 다르다(산단 입주 사업체 vs 창원시 전역 사업장). 수준·점유율 비교 금지.,,,,,,,,,,,,,,,,,,,,,,,,,,no_data,0,False,,no_mapped_chapter,해당 업종에 귀속 근거가 있는 HS 류가 없다,,,,창원시 전역 통관 · 연도창을 모두 확보한 HS6 합계(업종 수출 총액 아님),202502,115307.0,0.006071118820472066,1482.0,-25.49019607843137,1419.0,-21.904237754540457,63.0,518.0,True,False,True,False,창원시 전역 제조업 총계 · 반기 · 표본조사. 업종별 값이 아니며 입직-이직을 KICOX 고용 증감과 같다고 보지 않는다.,1360214152,-2.872700229395919,6031,0.21601861083415663,True,False,False,True,창원시 전역 제조업 총계 전력사용량 · 월→분기 합계. 업종별 값이 아니며 가동률과 개념·모집단이 다르다.,65.33,75.0,70.0,76.67,95.0,54.67,A,1.0,True,True,True,경상남도 제조업 총계(업종 공통 배경),전국 업종별 심리지수. 창원국가산단 개별 업종의 신호가 아니라 같은 업종의 전국 분위기다.,,True,False,False,,True,PPI 조정 생산,2,업체수 감소 신호 · 생산유지·고용감소 신호,업체수 감소 신호,"대표 확인신호는 표시순서에 따른 요약이며, 유일한 원인이 아니다. 확인신호 프로필 전체를 함께 읽어야 한다.",False,False,False,False,False,True,False,False,True,False,,False,False,False,2,소규모 분모 — 비율 변동 과대 가능 · 월별 원자료 미제공 구간,가중치 근거가 없어 신뢰도 점수를 만들지 않는다. 플래그를 그대로 읽는다.,"가동업체 감소가 실제 퇴거·폐업·통합·휴업에 따른 것인지, 아니면 조사대상 변동이나 집계기준 변경에 따른 것인지 확인할 필요가 있다.
생산이 유지되는데 고용이 감소하고 있어 자동화·생산성 변화·미충원·외주화·인력구조 조정 여부를 확인할 필요가 있다.","업체수·고용 규모가 작아 비율 변동이 크게 나타난다. 절대 증감 개수로 다시 확인할 필요가 있다.
이 분기는 월별 원자료가 공표되지 않아 분기 내 지속 여부를 확인할 수 없다. 분기말 단일시점 값에만 의존한 판단임을 감안할 필요가 있다.","창원시 제조업 전체에서 입직자 감소가 함께 관측되므로, 고용 감소가 신규 채용 둔화와 함께 나타나는지 확인할 필요가 있다.
가동률과 전력사용의 방향이 달라 업종 구성·설비 특성·자료범위(산단 vs 시 전체) 차이를 추가 확인할 필요가 있다.
경남 제조업 업황 심리지수가 기준선(100)을 밑돌아, 업종 고유 요인인지 지역 전반의 경기 흐름인지 구분해 확인할 필요가 있다.
같은 업종의 전국 업황 심리지수도 기준선을 밑돌아, 관측된 변화가 산단 고유 현상인지 전국 업종 흐름인지 확인할 필요가 있다.","가동업체 감소가 실제 퇴거·폐업·통합·휴업에 따른 것인지, 아니면 조사대상 변동이나 집계기준 변경에 따른 것인지 확인할 필요가 있다.
생산이 유지되는데 고용이 감소하고 있어 자동화·생산성 변화·미충원·외주화·인력구조 조정 여부를 확인할 필요가 있다.
창원시 제조업 전체에서 입직자 감소가 함께 관측되므로, 고용 감소가 신규 채용 둔화와 함께 나타나는지 확인할 필요가 있다.
가동률과 전력사용의 방향이 달라 업종 구성·설비 특성·자료범위(산단 vs 시 전체) 차이를 추가 확인할 필요가 있다.
경남 제조업 업황 심리지수가 기준선(100)을 밑돌아, 업종 고유 요인인지 지역 전반의 경기 흐름인지 구분해 확인할 필요가 있다.
같은 업종의 전국 업황 심리지수도 기준선을 밑돌아, 관측된 변화가 산단 고유 현상인지 전국 업종 흐름인지 확인할 필요가 있다.
업체수·고용 규모가 작아 비율 변동이 크게 나타난다. 절대 증감 개수로 다시 확인할 필요가 있다.
이 분기는 월별 원자료가 공표되지 않아 분기 내 지속 여부를 확인할 수 없다. 분기말 단일시점 값에만 의존한 판단임을 감안할 필요가 있다.",산업동향 · 기업지원 / 고용지원 · 직업훈련 / 산업동향,검토 대상 기능의 제안이며 특정 사업·예산의 선정이 아니다. 지원 여부는 담당자의 현장 확인 뒤에 기존 체계에서 결정한다.
석유화학,2025Q4,관찰,고용 축 진입신호 없음 (생산 38.8% 단독 감소 — 확인질문에 반영),S3,2.0,4.815409309791341,-38.83673994295156,30.0,653.0,439.93,0.5656275173889318,0.0,0.0,0.0,38.83673994295156,True,False,False,False,선제채용·신규 입주기업·고용조정 시차·생산 단가와 물량 구분 가능성을 확인한다.,기업지원 기능(모니터링),43.0,47.0,42.0,1.0,2.3809523809523725,6.818181818181812,79.85514875,10.115924514897001,7.335983968164271,official_quarterly,,653.0,43.0,False,메인 트랙,"42개 → 43개 (+1개, +2.4%)",,0,0,0,0,0,-38.83673994295156,C,복수 후보만 존재 — 가중치 근거 없음. 밴드로만 해석,2,석탄및석유제품|화학제품,-38.903007573846736,-37.73668159551201,True,,True,,,False,False,0.4559698602161877,0.7619529736240249,방향 일치,0.30598311340783724,,,,비교자료 없음,,,False,KICOX 산단 고용과 고용보험 피보험자는 모집단이 다르다(산단 입주 사업체 vs 창원시 전역 사업장). 수준·점유율 비교 금지.,,,,,,,,,,,,,,,,,,,,,,,,,,no_data,0,False,,no_mapped_chapter,해당 업종에 귀속 근거가 있는 HS 류가 없다,,,,창원시 전역 통관 · 연도창을 모두 확보한 HS6 합계(업종 수출 총액 아님),202502,115307.0,0.006071118820472066,1482.0,-25.49019607843137,1419.0,-21.904237754540457,63.0,518.0,True,False,True,False,창원시 전역 제조업 총계 · 반기 · 표본조사. 업종별 값이 아니며 입직-이직을 KICOX 고용 증감과 같다고 보지 않는다.,1360214152,-2.872700229395919,6031,0.21601861083415663,True,False,False,True,창원시 전역 제조업 총계 전력사용량 · 월→분기 합계. 업종별 값이 아니며 가동률과 개념·모집단이 다르다.,65.33,75.0,70.0,76.67,95.0,67.0,B,3.0,True,True,True,경상남도 제조업 총계(업종 공통 배경),전국 업종별 심리지수. 창원국가산단 개별 업종의 신호가 아니라 같은 업종의 전국 분위기다.,,False,False,,후보 모두 위축,False,명목 생산만(가격효과 미조정),0,해석 보류,해석 보류,,True,False,False,False,False,True,False,True,False,False,,False,False,False,2,PPI 매핑 불확실(C·D 등급) · 월별 원자료 미제공 구간,가중치 근거가 없어 신뢰도 점수를 만들지 않는다. 플래그를 그대로 읽는다.,,"이 업종은 생산자물가지수 대응 후보가 복수이거나 없어, PPI 조정 생산을 단일값으로 해석하지 않고 원자료로 확인할 필요가 있다.
이 분기는 월별 원자료가 공표되지 않아 분기 내 지속 여부를 확인할 수 없다. 분기말 단일시점 값에만 의존한 판단임을 감안할 필요가 있다.","창원시 제조업 전체에서 입직자 감소가 함께 관측되므로, 고용 감소가 신규 채용 둔화와 함께 나타나는지 확인할 필요가 있다.
가동률과 전력사용의 방향이 달라 업종 구성·설비 특성·자료범위(산단 vs 시 전체) 차이를 추가 확인할 필요가 있다.
경남 제조업 업황 심리지수가 기준선(100)을 밑돌아, 업종 고유 요인인지 지역 전반의 경기 흐름인지 구분해 확인할 필요가 있다.
같은 업종의 전국 업황 심리지수도 기준선을 밑돌아, 관측된 변화가 산단 고유 현상인지 전국 업종 흐름인지 확인할 필요가 있다.","창원시 제조업 전체에서 입직자 감소가 함께 관측되므로, 고용 감소가 신규 채용 둔화와 함께 나타나는지 확인할 필요가 있다.
가동률과 전력사용의 방향이 달라 업종 구성·설비 특성·자료범위(산단 vs 시 전체) 차이를 추가 확인할 필요가 있다.
경남 제조업 업황 심리지수가 기준선(100)을 밑돌아, 업종 고유 요인인지 지역 전반의 경기 흐름인지 구분해 확인할 필요가 있다.
같은 업종의 전국 업황 심리지수도 기준선을 밑돌아, 관측된 변화가 산단 고유 현상인지 전국 업종 흐름인지 확인할 필요가 있다.
이 업종은 생산자물가지수 대응 후보가 복수이거나 없어, PPI 조정 생산을 단일값으로 해석하지 않고 원자료로 확인할 필요가 있다.
이 분기는 월별 원자료가 공표되지 않아 분기 내 지속 여부를 확인할 수 없다. 분기말 단일시점 값에만 의존한 판단임을 감안할 필요가 있다.",고용지원 · 직업훈련 / 산업동향,검토 대상 기능의 제안이며 특정 사업·예산의 선정이 아니다. 지원 여부는 담당자의 현장 확인 뒤에 기존 체계에서 결정한다.
섬유의복,2025Q4,관찰,고용 축 진입신호 없음 (생산 18.7% 단독 감소 — 확인질문에 반영),N,,0.0,-18.659812409812403,0.0,34.0,8.1171,0.0294507436312766,0.0,0.7619529736240249,0.0,18.659812409812403,False,False,False,False,"원자료상 정확한 0인지 반올림·개정 영향인지, 0이 아닌 축의 방향과 규모를 확인한다.",자료 검토,7.0,9.0,7.0,0.0,0.0,0.0,73.01454516,-19.66878164375181,-17.87732309998252,official_quarterly,,34.0,7.0,True,소규모 집계 트랙,"7개 → 7개 (+0개, +0.0%)","소규모 집계 트랙은 업종을 배제하는 장치가 아니라, 분모가 작아 비율 변동이 커지는 집계군을 별도 방식으로 읽기 위한 표시다.",0,0,0,0,0,-18.659812409812403,A,대분류 직접 대응,1,섬유및의복,-18.715673437555914,-18.715673437555914,True,-18.715673437555914,False,True,True,,,0.4559698602161877,0.7619529736240249,방향 일치,0.30598311340783724,,,,비교자료 없음,,,False,KICOX 산단 고용과 고용보험 피보험자는 모집단이 다르다(산단 입주 사업체 vs 창원시 전역 사업장). 수준·점유율 비교 금지.,,,,,,,,,,,,,,,,,,,,,,,,,,no_data,0,False,,no_mapped_chapter,해당 업종에 귀속 근거가 있는 HS 류가 없다,,,,창원시 전역 통관 · 연도창을 모두 확보한 HS6 합계(업종 수출 총액 아님),202502,115307.0,0.006071118820472066,1482.0,-25.49019607843137,1419.0,-21.904237754540457,63.0,518.0,True,False,True,False,창원시 전역 제조업 총계 · 반기 · 표본조사. 업종별 값이 아니며 입직-이직을 KICOX 고용 증감과 같다고 보지 않는다.,1360214152,-2.872700229395919,6031,0.21601861083415663,True,False,True,False,창원시 전역 제조업 총계 전력사용량 · 월→분기 합계. 업종별 값이 아니며 가동률과 개념·모집단이 다르다.,65.33,75.0,70.0,76.67,95.0,57.83,A,2.0,True,True,True,경상남도 제조업 총계(업종 공통 배경),전국 업종별 심리지수. 창원국가산단 개별 업종의 신호가 아니라 같은 업종의 전국 분위기다.,,False,True,True,,False,PPI 조정 생산,2,가동 위축 신호 · 실질생산 위축 신호(PPI 조정),가동 위축 신호,"대표 확인신호는 표시순서에 따른 요약이며, 유일한 원인이 아니다. 확인신호 프로필 전체를 함께 읽어야 한다.",False,False,False,False,False,True,False,False,True,False,,False,False,False,2,소규모 분모 — 비율 변동 과대 가능 · 월별 원자료 미제공 구간,가중치 근거가 없어 신뢰도 점수를 만들지 않는다. 플래그를 그대로 읽는다.,"가동률 하락이 일시적 생산조정인지 수주·수요 감소에 따른 것인지 확인할 필요가 있다.
명목생산 변화에 가격효과가 포함되어 있으므로 실제 물량이 줄었는지 추가로 확인할 필요가 있다.","업체수·고용 규모가 작아 비율 변동이 크게 나타난다. 절대 증감 개수로 다시 확인할 필요가 있다.
이 분기는 월별 원자료가 공표되지 않아 분기 내 지속 여부를 확인할 수 없다. 분기말 단일시점 값에만 의존한 판단임을 감안할 필요가 있다.","창원시 제조업 전체에서 입직자 감소가 함께 관측되므로, 고용 감소가 신규 채용 둔화와 함께 나타나는지 확인할 필요가 있다.
가동률 하락과 창원시 제조업 전력사용 감소가 함께 나타나 실제 생산활동 위축 여부를 추가 확인할 필요가 있다. 다만 전력은 시 전체 제조업 총계이므로 이 업종의 값이 아니다.
경남 제조업 업황 심리지수가 기준선(100)을 밑돌아, 업종 고유 요인인지 지역 전반의 경기 흐름인지 구분해 확인할 필요가 있다.
같은 업종의 전국 업황 심리지수도 기준선을 밑돌아, 관측된 변화가 산단 고유 현상인지 전국 업종 흐름인지 확인할 필요가 있다.","가동률 하락이 일시적 생산조정인지 수주·수요 감소에 따른 것인지 확인할 필요가 있다.
명목생산 변화에 가격효과가 포함되어 있으므로 실제 물량이 줄었는지 추가로 확인할 필요가 있다.
창원시 제조업 전체에서 입직자 감소가 함께 관측되므로, 고용 감소가 신규 채용 둔화와 함께 나타나는지 확인할 필요가 있다.
가동률 하락과 창원시 제조업 전력사용 감소가 함께 나타나 실제 생산활동 위축 여부를 추가 확인할 필요가 있다. 다만 전력은 시 전체 제조업 총계이므로 이 업종의 값이 아니다.
경남 제조업 업황 심리지수가 기준선(100)을 밑돌아, 업종 고유 요인인지 지역 전반의 경기 흐름인지 구분해 확인할 필요가 있다.
같은 업종의 전국 업황 심리지수도 기준선을 밑돌아, 관측된 변화가 산단 고유 현상인지 전국 업종 흐름인지 확인할 필요가 있다.
업체수·고용 규모가 작아 비율 변동이 크게 나타난다. 절대 증감 개수로 다시 확인할 필요가 있다.
이 분기는 월별 원자료가 공표되지 않아 분기 내 지속 여부를 확인할 수 없다. 분기말 단일시점 값에만 의존한 판단임을 감안할 필요가 있다.",산업동향 · 기업지원 / 산업동향 / 고용지원 · 직업훈련,검토 대상 기능의 제안이며 특정 사업·예산의 선정이 아니다. 지원 여부는 담당자의 현장 확인 뒤에 기존 체계에서 결정한다.
운송장비,2025Q4,추가확인,고용감소 5.3%(진입경계 5% 통과) · 산단평균 대비 6.1%p 열위(진입경계 통과),S4,1.0,-5.295280167402927,-13.761383046661424,-911.0,16293.0,46213.96278,14.112969587776208,5.295280167402927,6.057233141026952,0.7891066896497959,13.761383046661424,True,False,False,False,수주잔량·가동률·휴업/감산·기업 수 변동·고용조정 계획 신고 여부를 확인한다(원인 후보이며 입증된 원인이 아님).,기업지원 기능 + 고용지원 기능,247.0,253.0,242.0,5.0,2.066115702479343,2.429149797570851,92.52272966,-0.5266311332380758,-0.4898331133872631,official_quarterly,,16293.0,247.0,False,메인 트랙,"242개 → 247개 (+5개, +2.1%)",,0,0,0,0,0,-13.761383046661424,A,대분류 직접 대응,1,운송장비,-14.87293564832789,-14.87293564832789,True,-14.87293564832789,False,True,True,,,0.4559698602161877,0.7619529736240249,방향 일치,0.30598311340783724,자동차·부품,18773.0,-0.724484399788472,방향 일치 (매핑 C등급 — 참고),-4.570795767614455,C,True,KICOX 산단 고용과 고용보험 피보험자는 모집단이 다르다(산단 입주 사업체 vs 창원시 전역 사업장). 수준·점유율 비교 금지.,,,,,,,,,,,,,,,,,,,,,1538410.0,-22.848701891709045,3.18008241461889,66.0,A,mapped_chapters_only,0,True,True,usable,,123.0,81.0,0.0,창원시 전역 통관 · 연도창을 모두 확보한 HS6 합계(업종 수출 총액 아님),202502,115307.0,0.006071118820472066,1482.0,-25.49019607843137,1419.0,-21.904237754540457,63.0,518.0,True,False,True,False,창원시 전역 제조업 총계 · 반기 · 표본조사. 업종별 값이 아니며 입직-이직을 KICOX 고용 증감과 같다고 보지 않는다.,1360214152,-2.872700229395919,6031,0.21601861083415663,True,False,True,False,창원시 전역 제조업 총계 전력사용량 · 월→분기 합계. 업종별 값이 아니며 가동률과 개념·모집단이 다르다.,65.33,75.0,70.0,76.67,95.0,89.0,A,2.0,True,True,True,경상남도 제조업 총계(업종 공통 배경),전국 업종별 심리지수. 창원국가산단 개별 업종의 신호가 아니라 같은 업종의 전국 분위기다.,False,False,False,True,,False,PPI 조정 생산,1,실질생산 위축 신호(PPI 조정),실질생산 위축 신호(PPI 조정),,False,True,False,False,False,True,False,False,False,False,,False,True,False,3,고용보험 지표와 방향 일치 · 외부자료 업종 대응 불확실 · 월별 원자료 미제공 구간,가중치 근거가 없어 신뢰도 점수를 만들지 않는다. 플래그를 그대로 읽는다.,명목생산 변화에 가격효과가 포함되어 있으므로 실제 물량이 줄었는지 추가로 확인할 필요가 있다.,"이 분기는 월별 원자료가 공표되지 않아 분기 내 지속 여부를 확인할 수 없다. 분기말 단일시점 값에만 의존한 판단임을 감안할 필요가 있다.
외부 자료의 업종 구분이 산단 10업종과 정확히 대응하지 않는다. 비교 결과를 참고로만 읽고 대응 범위를 확인할 필요가 있다.","확인된 품목 기준 수출이 함께 감소하고 있어, 외부수요 약화 가능성을 보려면 수출 감소가 특정 품목·기업에 집중되는지 추가 확인할 필요가 있다.
창원시 제조업 전체에서 입직자 감소가 함께 관측되므로, 고용 감소가 신규 채용 둔화와 함께 나타나는지 확인할 필요가 있다.
가동률 하락과 창원시 제조업 전력사용 감소가 함께 나타나 실제 생산활동 위축 여부를 추가 확인할 필요가 있다. 다만 전력은 시 전체 제조업 총계이므로 이 업종의 값이 아니다.
경남 제조업 업황 심리지수가 기준선(100)을 밑돌아, 업종 고유 요인인지 지역 전반의 경기 흐름인지 구분해 확인할 필요가 있다.
같은 업종의 전국 업황 심리지수도 기준선을 밑돌아, 관측된 변화가 산단 고유 현상인지 전국 업종 흐름인지 확인할 필요가 있다.","명목생산 변화에 가격효과가 포함되어 있으므로 실제 물량이 줄었는지 추가로 확인할 필요가 있다.
확인된 품목 기준 수출이 함께 감소하고 있어, 외부수요 약화 가능성을 보려면 수출 감소가 특정 품목·기업에 집중되는지 추가 확인할 필요가 있다.
창원시 제조업 전체에서 입직자 감소가 함께 관측되므로, 고용 감소가 신규 채용 둔화와 함께 나타나는지 확인할 필요가 있다.
가동률 하락과 창원시 제조업 전력사용 감소가 함께 나타나 실제 생산활동 위축 여부를 추가 확인할 필요가 있다. 다만 전력은 시 전체 제조업 총계이므로 이 업종의 값이 아니다.
경남 제조업 업황 심리지수가 기준선(100)을 밑돌아, 업종 고유 요인인지 지역 전반의 경기 흐름인지 구분해 확인할 필요가 있다.
같은 업종의 전국 업황 심리지수도 기준선을 밑돌아, 관측된 변화가 산단 고유 현상인지 전국 업종 흐름인지 확인할 필요가 있다.
이 분기는 월별 원자료가 공표되지 않아 분기 내 지속 여부를 확인할 수 없다. 분기말 단일시점 값에만 의존한 판단임을 감안할 필요가 있다.
외부 자료의 업종 구분이 산단 10업종과 정확히 대응하지 않는다. 비교 결과를 참고로만 읽고 대응 범위를 확인할 필요가 있다.",산업동향 / 산업동향 · 기업지원 / 고용지원 · 직업훈련,검토 대상 기능의 제안이며 특정 사업·예산의 선정이 아니다. 지원 여부는 담당자의 현장 확인 뒤에 기존 체계에서 결정한다.
음식료,2025Q4,우선점검,고용감소 32.6%(상위경계 10% 통과) · 산단평균 대비 33.4%p 열위(상위경계 통과) → 보강: 생산 15.3% 감소 / 직전 분기에도 진입신호(지속),S4,4.0,-32.6109391124871,-15.288713081501893,-316.0,653.0,1340.59,0.5656275173889318,32.6109391124871,33.37289208611113,0.2737186761024539,15.288713081501893,True,True,False,False,수주잔량·가동률·휴업/감산·기업 수 변동·고용조정 계획 신고 여부를 확인한다(원인 후보이며 입증된 원인이 아님).,기업지원 기능 + 고용지원 기능,4.0,7.0,4.0,0.0,0.0,0.0,93.84073696,6.060478558336846,5.36222146057726,official_quarterly,,653.0,4.0,False,메인 트랙,"4개 → 4개 (+0개, +0.0%)",,0,0,0,0,0,-15.288713081501893,A,대분류 직접 대응,1,음식료품,-17.49513410961908,-17.49513410961908,True,-17.49513410961908,False,True,True,,,0.4559698602161877,0.7619529736240249,방향 일치,0.30598311340783724,,,,비교자료 없음,,,False,KICOX 산단 고용과 고용보험 피보험자는 모집단이 다르다(산단 입주 사업체 vs 창원시 전역 사업장). 수준·점유율 비교 금지.,,,,,,,,,,,,,,,,,,,,,,,,,,no_data,0,False,,no_mapped_chapter,해당 업종에 귀속 근거가 있는 HS 류가 없다,,,,창원시 전역 통관 · 연도창을 모두 확보한 HS6 합계(업종 수출 총액 아님),202502,115307.0,0.006071118820472066,1482.0,-25.49019607843137,1419.0,-21.904237754540457,63.0,518.0,True,False,True,False,창원시 전역 제조업 총계 · 반기 · 표본조사. 업종별 값이 아니며 입직-이직을 KICOX 고용 증감과 같다고 보지 않는다.,1360214152,-2.872700229395919,6031,0.21601861083415663,True,False,False,True,창원시 전역 제조업 총계 전력사용량 · 월→분기 합계. 업종별 값이 아니며 가동률과 개념·모집단이 다르다.,65.33,75.0,70.0,76.67,95.0,69.0,A,2.0,True,True,True,경상남도 제조업 총계(업종 공통 배경),전국 업종별 심리지수. 창원국가산단 개별 업종의 신호가 아니라 같은 업종의 전국 분위기다.,,False,False,True,,False,PPI 조정 생산,1,실질생산 위축 신호(PPI 조정),실질생산 위축 신호(PPI 조정),,False,False,False,False,False,True,False,False,True,False,,False,False,False,2,소규모 분모 — 비율 변동 과대 가능 · 월별 원자료 미제공 구간,가중치 근거가 없어 신뢰도 점수를 만들지 않는다. 플래그를 그대로 읽는다.,명목생산 변화에 가격효과가 포함되어 있으므로 실제 물량이 줄었는지 추가로 확인할 필요가 있다.,"업체수·고용 규모가 작아 비율 변동이 크게 나타난다. 절대 증감 개수로 다시 확인할 필요가 있다.
이 분기는 월별 원자료가 공표되지 않아 분기 내 지속 여부를 확인할 수 없다. 분기말 단일시점 값에만 의존한 판단임을 감안할 필요가 있다.","창원시 제조업 전체에서 입직자 감소가 함께 관측되므로, 고용 감소가 신규 채용 둔화와 함께 나타나는지 확인할 필요가 있다.
가동률과 전력사용의 방향이 달라 업종 구성·설비 특성·자료범위(산단 vs 시 전체) 차이를 추가 확인할 필요가 있다.
경남 제조업 업황 심리지수가 기준선(100)을 밑돌아, 업종 고유 요인인지 지역 전반의 경기 흐름인지 구분해 확인할 필요가 있다.
같은 업종의 전국 업황 심리지수도 기준선을 밑돌아, 관측된 변화가 산단 고유 현상인지 전국 업종 흐름인지 확인할 필요가 있다.","명목생산 변화에 가격효과가 포함되어 있으므로 실제 물량이 줄었는지 추가로 확인할 필요가 있다.
창원시 제조업 전체에서 입직자 감소가 함께 관측되므로, 고용 감소가 신규 채용 둔화와 함께 나타나는지 확인할 필요가 있다.
가동률과 전력사용의 방향이 달라 업종 구성·설비 특성·자료범위(산단 vs 시 전체) 차이를 추가 확인할 필요가 있다.
경남 제조업 업황 심리지수가 기준선(100)을 밑돌아, 업종 고유 요인인지 지역 전반의 경기 흐름인지 구분해 확인할 필요가 있다.
같은 업종의 전국 업황 심리지수도 기준선을 밑돌아, 관측된 변화가 산단 고유 현상인지 전국 업종 흐름인지 확인할 필요가 있다.
업체수·고용 규모가 작아 비율 변동이 크게 나타난다. 절대 증감 개수로 다시 확인할 필요가 있다.
이 분기는 월별 원자료가 공표되지 않아 분기 내 지속 여부를 확인할 수 없다. 분기말 단일시점 값에만 의존한 판단임을 감안할 필요가 있다.",산업동향 / 고용지원 · 직업훈련,검토 대상 기능의 제안이며 특정 사업·예산의 선정이 아니다. 지원 여부는 담당자의 현장 확인 뒤에 기존 체계에서 결정한다.
전기전자,2025Q4,추가확인,산단평균 대비 5.5%p 열위(진입경계 통과) · 산단 제조업 고용의 1.20% 감소(진입경계 1.0% 통과),S2,1.0,-4.729178007621126,0.5775755522494652,-1390.0,28002.0,34806.42444,24.25528597538264,4.729178007621126,5.491130981245151,1.204015695513959,0.0,True,False,False,False,"자동화·설비투자, 외주·도급 전환, 미충원·숙련 불일치, 직무구조 변화 가능성을 질문으로 확인한다(원인 후보이며 입증된 원인이 아님).",고용·훈련 기능 + 기업지원 기능,579.0,645.0,580.0,-1.0,-0.17241379310344307,1.7350157728706517,77.90497477,9.446664567118933,6.724208249496101,official_quarterly,,28002.0,579.0,False,메인 트랙,"580개 → 579개 (-1개, -0.2%)",,0,0,0,0,0,0.5775755522494652,C,복수 후보만 존재 — 가중치 근거 없음. 밴드로만 해석,2,전기장비|컴퓨터전자및광학기기,-4.997771765039271,-1.8489136416792173,True,,True,,,False,False,0.4559698602161877,0.7619529736240249,방향 일치,0.30598311340783724,전기장비,17689.0,-2.550683120317321,방향 일치 (매핑 C등급 — 참고),-2.1784948873038052,C,True,KICOX 산단 고용과 고용보험 피보험자는 모집단이 다르다(산단 입주 사업체 vs 창원시 전역 사업장). 수준·점유율 비교 금지.,,,,,,,,,,,,,,,,,,,,,485799.0,-1.5608852649026783,-2.240186339658834,253.0,B,mapped_chapters_only,0,True,False,usable,,296.0,272.0,0.0,창원시 전역 통관 · 연도창을 모두 확보한 HS6 합계(업종 수출 총액 아님),202502,115307.0,0.006071118820472066,1482.0,-25.49019607843137,1419.0,-21.904237754540457,63.0,518.0,True,False,True,False,창원시 전역 제조업 총계 · 반기 · 표본조사. 업종별 값이 아니며 입직-이직을 KICOX 고용 증감과 같다고 보지 않는다.,1360214152,-2.872700229395919,6031,0.21601861083415663,True,False,False,True,창원시 전역 제조업 총계 전력사용량 · 월→분기 합계. 업종별 값이 아니며 가동률과 개념·모집단이 다르다.,65.33,75.0,70.0,76.67,95.0,81.84,A,2.0,True,True,True,경상남도 제조업 총계(업종 공통 배경),전국 업종별 심리지수. 창원국가산단 개별 업종의 신호가 아니라 같은 업종의 전국 분위기다.,False,False,False,,후보 모두 위축 아님,True,명목 생산만(가격효과 미조정),1,생산유지·고용감소 신호,생산유지·고용감소 신호,,True,True,False,False,False,True,False,True,False,False,,False,True,False,4,고용보험 지표와 방향 일치 · PPI 매핑 불확실(C·D 등급) · 외부자료 업종 대응 불확실 · 월별 원자료 미제공 구간,가중치 근거가 없어 신뢰도 점수를 만들지 않는다. 플래그를 그대로 읽는다.,생산이 유지되는데 고용이 감소하고 있어 자동화·생산성 변화·미충원·외주화·인력구조 조정 여부를 확인할 필요가 있다.,"이 업종은 생산자물가지수 대응 후보가 복수이거나 없어, PPI 조정 생산을 단일값으로 해석하지 않고 원자료로 확인할 필요가 있다.
이 분기는 월별 원자료가 공표되지 않아 분기 내 지속 여부를 확인할 수 없다. 분기말 단일시점 값에만 의존한 판단임을 감안할 필요가 있다.
외부 자료의 업종 구분이 산단 10업종과 정확히 대응하지 않는다. 비교 결과를 참고로만 읽고 대응 범위를 확인할 필요가 있다.","창원시 제조업 전체에서 입직자 감소가 함께 관측되므로, 고용 감소가 신규 채용 둔화와 함께 나타나는지 확인할 필요가 있다.
가동률과 전력사용의 방향이 달라 업종 구성·설비 특성·자료범위(산단 vs 시 전체) 차이를 추가 확인할 필요가 있다.
경남 제조업 업황 심리지수가 기준선(100)을 밑돌아, 업종 고유 요인인지 지역 전반의 경기 흐름인지 구분해 확인할 필요가 있다.
같은 업종의 전국 업황 심리지수도 기준선을 밑돌아, 관측된 변화가 산단 고유 현상인지 전국 업종 흐름인지 확인할 필요가 있다.","생산이 유지되는데 고용이 감소하고 있어 자동화·생산성 변화·미충원·외주화·인력구조 조정 여부를 확인할 필요가 있다.
창원시 제조업 전체에서 입직자 감소가 함께 관측되므로, 고용 감소가 신규 채용 둔화와 함께 나타나는지 확인할 필요가 있다.
가동률과 전력사용의 방향이 달라 업종 구성·설비 특성·자료범위(산단 vs 시 전체) 차이를 추가 확인할 필요가 있다.
경남 제조업 업황 심리지수가 기준선(100)을 밑돌아, 업종 고유 요인인지 지역 전반의 경기 흐름인지 구분해 확인할 필요가 있다.
같은 업종의 전국 업황 심리지수도 기준선을 밑돌아, 관측된 변화가 산단 고유 현상인지 전국 업종 흐름인지 확인할 필요가 있다.
이 업종은 생산자물가지수 대응 후보가 복수이거나 없어, PPI 조정 생산을 단일값으로 해석하지 않고 원자료로 확인할 필요가 있다.
이 분기는 월별 원자료가 공표되지 않아 분기 내 지속 여부를 확인할 수 없다. 분기말 단일시점 값에만 의존한 판단임을 감안할 필요가 있다.
외부 자료의 업종 구분이 산단 10업종과 정확히 대응하지 않는다. 비교 결과를 참고로만 읽고 대응 범위를 확인할 필요가 있다.",고용지원 · 직업훈련 / 산업동향,검토 대상 기능의 제안이며 특정 사업·예산의 선정이 아니다. 지원 여부는 담당자의 현장 확인 뒤에 기존 체계에서 결정한다.
철강,2025Q4,관찰,고용 축 진입신호 없음,S2,2.0,-0.6778268460511438,4.7096403773498,-66.0,9671.0,15378.82,8.377004166414025,0.6778268460511438,1.4397798196751688,0.0571690905783606,0.0,True,False,False,False,"자동화·설비투자, 외주·도급 전환, 미충원·숙련 불일치, 직무구조 변화 가능성을 질문으로 확인한다(원인 후보이며 입증된 원인이 아님).",고용·훈련 기능 + 기업지원 기능,74.0,78.0,75.0,-1.0,-1.3333333333333308,-1.2658227848101222,62.87128794,-3.625848262817244,-2.3653826887109233,official_quarterly,,9671.0,74.0,False,메인 트랙,"75개 → 74개 (-1개, -1.3%)",,0,0,0,0,0,4.7096403773498,B,상위 범주가 넓어 범위 과대·과소 가능,1,철강1차제품,4.9635892852665675,4.9635892852665675,True,4.9635892852665675,False,True,True,,,0.4559698602161877,0.7619529736240249,방향 일치,0.30598311340783724,,,,비교자료 없음,,,False,KICOX 산단 고용과 고용보험 피보험자는 모집단이 다르다(산단 입주 사업체 vs 창원시 전역 사업장). 수준·점유율 비교 금지.,,,,,,,,,,,,,,,,,,,,,200438.0,-11.50952725731541,1.185870783470122,209.0,A,mapped_chapters_only,0,True,True,usable,,291.0,237.0,0.0,창원시 전역 통관 · 연도창을 모두 확보한 HS6 합계(업종 수출 총액 아님),202502,115307.0,0.006071118820472066,1482.0,-25.49019607843137,1419.0,-21.904237754540457,63.0,518.0,True,False,True,False,창원시 전역 제조업 총계 · 반기 · 표본조사. 업종별 값이 아니며 입직-이직을 KICOX 고용 증감과 같다고 보지 않는다.,1360214152,-2.872700229395919,6031,0.21601861083415663,True,False,True,False,창원시 전역 제조업 총계 전력사용량 · 월→분기 합계. 업종별 값이 아니며 가동률과 개념·모집단이 다르다.,65.33,75.0,70.0,76.67,95.0,53.67,B,1.0,True,True,True,경상남도 제조업 총계(업종 공통 배경),전국 업종별 심리지수. 창원국가산단 개별 업종의 신호가 아니라 같은 업종의 전국 분위기다.,False,False,True,False,,False,PPI 조정 생산,1,가동 위축 신호,가동 위축 신호,,False,False,False,False,False,True,False,False,False,False,,False,False,False,1,월별 원자료 미제공 구간,가중치 근거가 없어 신뢰도 점수를 만들지 않는다. 플래그를 그대로 읽는다.,가동률 하락이 일시적 생산조정인지 수주·수요 감소에 따른 것인지 확인할 필요가 있다.,이 분기는 월별 원자료가 공표되지 않아 분기 내 지속 여부를 확인할 수 없다. 분기말 단일시점 값에만 의존한 판단임을 감안할 필요가 있다.,"확인된 품목 기준 수출이 함께 감소하고 있어, 외부수요 약화 가능성을 보려면 수출 감소가 특정 품목·기업에 집중되는지 추가 확인할 필요가 있다.
창원시 제조업 전체에서 입직자 감소가 함께 관측되므로, 고용 감소가 신규 채용 둔화와 함께 나타나는지 확인할 필요가 있다.
가동률 하락과 창원시 제조업 전력사용 감소가 함께 나타나 실제 생산활동 위축 여부를 추가 확인할 필요가 있다. 다만 전력은 시 전체 제조업 총계이므로 이 업종의 값이 아니다.
경남 제조업 업황 심리지수가 기준선(100)을 밑돌아, 업종 고유 요인인지 지역 전반의 경기 흐름인지 구분해 확인할 필요가 있다.
같은 업종의 전국 업황 심리지수도 기준선을 밑돌아, 관측된 변화가 산단 고유 현상인지 전국 업종 흐름인지 확인할 필요가 있다.","가동률 하락이 일시적 생산조정인지 수주·수요 감소에 따른 것인지 확인할 필요가 있다.
확인된 품목 기준 수출이 함께 감소하고 있어, 외부수요 약화 가능성을 보려면 수출 감소가 특정 품목·기업에 집중되는지 추가 확인할 필요가 있다.
창원시 제조업 전체에서 입직자 감소가 함께 관측되므로, 고용 감소가 신규 채용 둔화와 함께 나타나는지 확인할 필요가 있다.
가동률 하락과 창원시 제조업 전력사용 감소가 함께 나타나 실제 생산활동 위축 여부를 추가 확인할 필요가 있다. 다만 전력은 시 전체 제조업 총계이므로 이 업종의 값이 아니다.
경남 제조업 업황 심리지수가 기준선(100)을 밑돌아, 업종 고유 요인인지 지역 전반의 경기 흐름인지 구분해 확인할 필요가 있다.
같은 업종의 전국 업황 심리지수도 기준선을 밑돌아, 관측된 변화가 산단 고유 현상인지 전국 업종 흐름인지 확인할 필요가 있다.
이 분기는 월별 원자료가 공표되지 않아 분기 내 지속 여부를 확인할 수 없다. 분기말 단일시점 값에만 의존한 판단임을 감안할 필요가 있다.",산업동향 · 기업지원 / 고용지원 · 직업훈련 / 산업동향,검토 대상 기능의 제안이며 특정 사업·예산의 선정이 아니다. 지원 여부는 담당자의 현장 확인 뒤에 기존 체계에서 결정한다.
기계,2026Q1,관찰,고용 축 진입신호 없음 (생산 9.6% 단독 감소 — 확인질문에 반영),S4,1.0,-1.900747971813621,-9.626244330726308,-1141.0,58888.0,53182.39562121213,51.23145852364173,1.900747971813621,0.2199678845670183,0.9926486580538518,9.626244330726308,True,False,False,False,수주잔량·가동률·휴업/감산·기업 수 변동·고용조정 계획 신고 여부를 확인한다(원인 후보이며 입증된 원인이 아님).,기업지원 기능 + 고용지원 기능,1462.0,1559.0,1462.0,0.0,0.0,1.2337662337662314,81.20676732960955,-0.6595913264943354,-0.5391892392882767,official_quarterly,,58888.0,1462.0,False,메인 트랙,"1,462개 → 1,462개 (+0개, +0.0%)",,1,1,1,1,1,-9.626244330726308,A,대분류 직접 대응,1,기계및장비,-10.48661476478847,-10.48661476478847,True,-10.48661476478847,False,True,True,,,0.4356782818321303,-1.6807800872466028,방향 불일치,-2.116458369078733,기계·장비,29386.0,0.6680141139392193,방향 불일치,-2.5687620857528404,B,True,KICOX 산단 고용과 고용보험 피보험자는 모집단이 다르다(산단 입주 사업체 vs 창원시 전역 사업장). 수준·점유율 비교 금지.,,,,,,,,,,,,,,,,,,,,,1333864.0,-34.190944658512876,21.77238005618367,319.0,B,mapped_chapters_only,0,True,True,usable,,538.0,439.0,0.0,창원시 전역 통관 · 연도창을 모두 확보한 HS6 합계(업종 수출 총액 아님),202601,116666.0,1.302467742215585,2518.0,-1.1385944248135105,2481.0,6.9857697283311815,37.0,513.0,True,False,False,True,창원시 전역 제조업 총계 · 반기 · 표본조사. 업종별 값이 아니며 입직-이직을 KICOX 고용 증감과 같다고 보지 않는다.,1411178437,-0.866334626006815,6042,0.28215767634853783,True,False,True,False,창원시 전역 제조업 총계 전력사용량 · 월→분기 합계. 업종별 값이 아니며 가동률과 개념·모집단이 다르다.,71.33,83.33,76.67,82.33,91.33,67.84,C,2.0,True,True,True,경상남도 제조업 총계(업종 공통 배경),전국 업종별 심리지수. 창원국가산단 개별 업종의 신호가 아니라 같은 업종의 전국 분위기다.,False,False,False,True,,False,PPI 조정 생산,1,실질생산 위축 신호(PPI 조정),실질생산 위축 신호(PPI 조정),,False,False,True,False,False,True,False,False,False,False,,True,False,False,3,고용보험 지표와 방향 불일치 · 연간보정 개정본 사용 구간 · 월별 원자료 미제공 구간,가중치 근거가 없어 신뢰도 점수를 만들지 않는다. 플래그를 그대로 읽는다.,명목생산 변화에 가격효과가 포함되어 있으므로 실제 물량이 줄었는지 추가로 확인할 필요가 있다.,"산단 고용과 창원시 고용보험 지표의 방향이 달라 모집단 차이·자료 개정·기업 구성 차이 중 무엇 때문인지 확인할 필요가 있다.
이 분기는 월별 원자료가 공표되지 않아 분기 내 지속 여부를 확인할 수 없다. 분기말 단일시점 값에만 의존한 판단임을 감안할 필요가 있다.
연간보정 개정본을 사용한 구간이다. 이후 재개정 시 값이 달라질 수 있음을 확인할 필요가 있다.","확인된 품목 기준 수출이 함께 감소하고 있어, 외부수요 약화 가능성을 보려면 수출 감소가 특정 품목·기업에 집중되는지 추가 확인할 필요가 있다.
창원시 제조업 전체에서 이직자 증가가 함께 관측되므로, 특정 사업장 조정 또는 노동이동과 관련된 것인지 추가 확인할 필요가 있다.
가동률 하락과 창원시 제조업 전력사용 감소가 함께 나타나 실제 생산활동 위축 여부를 추가 확인할 필요가 있다. 다만 전력은 시 전체 제조업 총계이므로 이 업종의 값이 아니다.
경남 제조업 업황 심리지수가 기준선(100)을 밑돌아, 업종 고유 요인인지 지역 전반의 경기 흐름인지 구분해 확인할 필요가 있다.
같은 업종의 전국 업황 심리지수도 기준선을 밑돌아, 관측된 변화가 산단 고유 현상인지 전국 업종 흐름인지 확인할 필요가 있다.","명목생산 변화에 가격효과가 포함되어 있으므로 실제 물량이 줄었는지 추가로 확인할 필요가 있다.
확인된 품목 기준 수출이 함께 감소하고 있어, 외부수요 약화 가능성을 보려면 수출 감소가 특정 품목·기업에 집중되는지 추가 확인할 필요가 있다.
창원시 제조업 전체에서 이직자 증가가 함께 관측되므로, 특정 사업장 조정 또는 노동이동과 관련된 것인지 추가 확인할 필요가 있다.
가동률 하락과 창원시 제조업 전력사용 감소가 함께 나타나 실제 생산활동 위축 여부를 추가 확인할 필요가 있다. 다만 전력은 시 전체 제조업 총계이므로 이 업종의 값이 아니다.
경남 제조업 업황 심리지수가 기준선(100)을 밑돌아, 업종 고유 요인인지 지역 전반의 경기 흐름인지 구분해 확인할 필요가 있다.
같은 업종의 전국 업황 심리지수도 기준선을 밑돌아, 관측된 변화가 산단 고유 현상인지 전국 업종 흐름인지 확인할 필요가 있다.
산단 고용과 창원시 고용보험 지표의 방향이 달라 모집단 차이·자료 개정·기업 구성 차이 중 무엇 때문인지 확인할 필요가 있다.
이 분기는 월별 원자료가 공표되지 않아 분기 내 지속 여부를 확인할 수 없다. 분기말 단일시점 값에만 의존한 판단임을 감안할 필요가 있다.
연간보정 개정본을 사용한 구간이다. 이후 재개정 시 값이 달라질 수 있음을 확인할 필요가 있다.",산업동향 / 산업동향 · 기업지원 / 고용지원,검토 대상 기능의 제안이며 특정 사업·예산의 선정이 아니다. 지원 여부는 담당자의 현장 확인 뒤에 기존 체계에서 결정한다.
기타,2026Q1,관찰,고용 축 진입신호 없음,S1,1.0,14.965986394557817,5.395417590539542,22.0,169.0,85.56,0.1470268389229631,0.0,0.0,0.0,0.0,False,False,False,False,미충원·숙련수요·증가의 지속가능성을 확인한다.,고용·훈련 기능,26.0,36.0,26.0,0.0,0.0,0.0,69.7708554187393,4.475796805887522,2.989019288433269,official_quarterly,,169.0,26.0,True,소규모 집계 트랙,"26개 → 26개 (+0개, +0.0%)","소규모 집계 트랙은 업종을 배제하는 장치가 아니라, 분모가 작아 비율 변동이 커지는 집계군을 별도 방식으로 읽기 위한 표시다.",1,1,1,1,1,5.395417590539542,D,대응 항목 없음 — 조정 생산 산출 불가,0,,,,True,,False,,,,,0.4356782818321303,-1.6807800872466028,방향 불일치,-2.116458369078733,,,,비교자료 없음,,,False,KICOX 산단 고용과 고용보험 피보험자는 모집단이 다르다(산단 입주 사업체 vs 창원시 전역 사업장). 수준·점유율 비교 금지.,,,,,,,,,,,,,,,,,,,,,,,,,,no_data,0,False,,no_mapped_chapter,해당 업종에 귀속 근거가 있는 HS 류가 없다,,,,창원시 전역 통관 · 연도창을 모두 확보한 HS6 합계(업종 수출 총액 아님),202601,116666.0,1.302467742215585,2518.0,-1.1385944248135105,2481.0,6.9857697283311815,37.0,513.0,True,False,False,True,창원시 전역 제조업 총계 · 반기 · 표본조사. 업종별 값이 아니며 입직-이직을 KICOX 고용 증감과 같다고 보지 않는다.,1411178437,-0.866334626006815,6042,0.28215767634853783,True,False,False,True,창원시 전역 제조업 총계 전력사용량 · 월→분기 합계. 업종별 값이 아니며 가동률과 개념·모집단이 다르다.,71.33,83.33,76.67,82.33,91.33,,,,True,,True,경상남도 제조업 총계(업종 공통 배경),전국 업종별 심리지수. 창원국가산단 개별 업종의 신호가 아니라 같은 업종의 전국 분위기다.,,False,False,,,False,명목 생산만(가격효과 미조정),0,해석 보류,해석 보류,,True,False,False,False,False,True,False,True,True,False,,True,False,False,4,PPI 매핑 불확실(C·D 등급) · 소규모 분모 — 비율 변동 과대 가능 · 연간보정 개정본 사용 구간 · 월별 원자료 미제공 구간,가중치 근거가 없어 신뢰도 점수를 만들지 않는다. 플래그를 그대로 읽는다.,,"이 업종은 생산자물가지수 대응 후보가 복수이거나 없어, PPI 조정 생산을 단일값으로 해석하지 않고 원자료로 확인할 필요가 있다.
업체수·고용 규모가 작아 비율 변동이 크게 나타난다. 절대 증감 개수로 다시 확인할 필요가 있다.
이 분기는 월별 원자료가 공표되지 않아 분기 내 지속 여부를 확인할 수 없다. 분기말 단일시점 값에만 의존한 판단임을 감안할 필요가 있다.
연간보정 개정본을 사용한 구간이다. 이후 재개정 시 값이 달라질 수 있음을 확인할 필요가 있다.","창원시 제조업 전체에서 이직자 증가가 함께 관측되므로, 특정 사업장 조정 또는 노동이동과 관련된 것인지 추가 확인할 필요가 있다.
가동률과 전력사용의 방향이 달라 업종 구성·설비 특성·자료범위(산단 vs 시 전체) 차이를 추가 확인할 필요가 있다.
경남 제조업 업황 심리지수가 기준선(100)을 밑돌아, 업종 고유 요인인지 지역 전반의 경기 흐름인지 구분해 확인할 필요가 있다.","창원시 제조업 전체에서 이직자 증가가 함께 관측되므로, 특정 사업장 조정 또는 노동이동과 관련된 것인지 추가 확인할 필요가 있다.
가동률과 전력사용의 방향이 달라 업종 구성·설비 특성·자료범위(산단 vs 시 전체) 차이를 추가 확인할 필요가 있다.
경남 제조업 업황 심리지수가 기준선(100)을 밑돌아, 업종 고유 요인인지 지역 전반의 경기 흐름인지 구분해 확인할 필요가 있다.
이 업종은 생산자물가지수 대응 후보가 복수이거나 없어, PPI 조정 생산을 단일값으로 해석하지 않고 원자료로 확인할 필요가 있다.
업체수·고용 규모가 작아 비율 변동이 크게 나타난다. 절대 증감 개수로 다시 확인할 필요가 있다.
이 분기는 월별 원자료가 공표되지 않아 분기 내 지속 여부를 확인할 수 없다. 분기말 단일시점 값에만 의존한 판단임을 감안할 필요가 있다.
연간보정 개정본을 사용한 구간이다. 이후 재개정 시 값이 달라질 수 있음을 확인할 필요가 있다.",고용지원 / 산업동향,검토 대상 기능의 제안이며 특정 사업·예산의 선정이 아니다. 지원 여부는 담당자의 현장 확인 뒤에 기존 체계에서 결정한다.
목재종이,2026Q1,우선점검,고용감소 10.6%(상위경계 10% 통과) · 산단평균 대비 9.0%p 열위(진입경계 통과) → 보강: 생산 14.3% 감소,S4,1.0,-10.647181628392488,-14.28960261295591,-51.0,428.0,157.45,0.3723519944321197,10.647181628392488,8.966401541145885,0.0443690460655095,14.28960261295591,True,False,False,False,수주잔량·가동률·휴업/감산·기업 수 변동·고용조정 계획 신고 여부를 확인한다(원인 후보이며 입증된 원인이 아님).,기업지원 기능 + 고용지원 기능,46.0,50.0,45.0,1.0,2.2222222222222143,0.0,70.18364981724169,3.9573822279339366,2.6717056790571974,official_quarterly,,428.0,46.0,False,메인 트랙,"45개 → 46개 (+1개, +2.2%)",,1,1,1,1,1,-14.28960261295591,A,대분류 직접 대응,1,목재및종이제품,-13.721460153638422,-13.721460153638422,True,-13.721460153638422,False,True,True,,,0.4356782818321303,-1.6807800872466028,방향 불일치,-2.116458369078733,,,,비교자료 없음,,,False,KICOX 산단 고용과 고용보험 피보험자는 모집단이 다르다(산단 입주 사업체 vs 창원시 전역 사업장). 수준·점유율 비교 금지.,,,,,,,,,,,,,,,,,,,,,,,,,,no_data,0,False,,no_mapped_chapter,해당 업종에 귀속 근거가 있는 HS 류가 없다,,,,창원시 전역 통관 · 연도창을 모두 확보한 HS6 합계(업종 수출 총액 아님),202601,116666.0,1.302467742215585,2518.0,-1.1385944248135105,2481.0,6.9857697283311815,37.0,513.0,True,False,False,True,창원시 전역 제조업 총계 · 반기 · 표본조사. 업종별 값이 아니며 입직-이직을 KICOX 고용 증감과 같다고 보지 않는다.,1411178437,-0.866334626006815,6042,0.28215767634853783,True,False,False,True,창원시 전역 제조업 총계 전력사용량 · 월→분기 합계. 업종별 값이 아니며 가동률과 개념·모집단이 다르다.,71.33,83.33,76.67,82.33,91.33,48.84,A,2.0,True,True,True,경상남도 제조업 총계(업종 공통 배경),전국 업종별 심리지수. 창원국가산단 개별 업종의 신호가 아니라 같은 업종의 전국 분위기다.,,False,False,True,,False,PPI 조정 생산,1,실질생산 위축 신호(PPI 조정),실질생산 위축 신호(PPI 조정),,False,False,False,False,False,True,False,False,False,False,,True,False,False,2,연간보정 개정본 사용 구간 · 월별 원자료 미제공 구간,가중치 근거가 없어 신뢰도 점수를 만들지 않는다. 플래그를 그대로 읽는다.,명목생산 변화에 가격효과가 포함되어 있으므로 실제 물량이 줄었는지 추가로 확인할 필요가 있다.,"이 분기는 월별 원자료가 공표되지 않아 분기 내 지속 여부를 확인할 수 없다. 분기말 단일시점 값에만 의존한 판단임을 감안할 필요가 있다.
연간보정 개정본을 사용한 구간이다. 이후 재개정 시 값이 달라질 수 있음을 확인할 필요가 있다.","창원시 제조업 전체에서 이직자 증가가 함께 관측되므로, 특정 사업장 조정 또는 노동이동과 관련된 것인지 추가 확인할 필요가 있다.
가동률과 전력사용의 방향이 달라 업종 구성·설비 특성·자료범위(산단 vs 시 전체) 차이를 추가 확인할 필요가 있다.
경남 제조업 업황 심리지수가 기준선(100)을 밑돌아, 업종 고유 요인인지 지역 전반의 경기 흐름인지 구분해 확인할 필요가 있다.
같은 업종의 전국 업황 심리지수도 기준선을 밑돌아, 관측된 변화가 산단 고유 현상인지 전국 업종 흐름인지 확인할 필요가 있다.","명목생산 변화에 가격효과가 포함되어 있으므로 실제 물량이 줄었는지 추가로 확인할 필요가 있다.
창원시 제조업 전체에서 이직자 증가가 함께 관측되므로, 특정 사업장 조정 또는 노동이동과 관련된 것인지 추가 확인할 필요가 있다.
가동률과 전력사용의 방향이 달라 업종 구성·설비 특성·자료범위(산단 vs 시 전체) 차이를 추가 확인할 필요가 있다.
경남 제조업 업황 심리지수가 기준선(100)을 밑돌아, 업종 고유 요인인지 지역 전반의 경기 흐름인지 구분해 확인할 필요가 있다.
같은 업종의 전국 업황 심리지수도 기준선을 밑돌아, 관측된 변화가 산단 고유 현상인지 전국 업종 흐름인지 확인할 필요가 있다.
이 분기는 월별 원자료가 공표되지 않아 분기 내 지속 여부를 확인할 수 없다. 분기말 단일시점 값에만 의존한 판단임을 감안할 필요가 있다.
연간보정 개정본을 사용한 구간이다. 이후 재개정 시 값이 달라질 수 있음을 확인할 필요가 있다.",산업동향 / 고용지원,검토 대상 기능의 제안이며 특정 사업·예산의 선정이 아니다. 지원 여부는 담당자의 현장 확인 뒤에 기존 체계에서 결정한다.
비금속,2026Q1,관찰,고용 축 진입신호 없음,S2,2.0,-2.1505376344086,40.920195439739416,-4.0,182.0,138.44,0.1583365957631911,2.1505376344086,0.4697575471619974,0.0034799251816085,0.0,False,False,False,False,"자동화·설비투자, 외주·도급 전환, 미충원·숙련 불일치, 직무구조 변화 가능성을 질문으로 확인한다(원인 후보이며 입증된 원인이 아님).",고용·훈련 기능 + 기업지원 기능,5.0,5.0,5.0,0.0,0.0,0.0,49.24937744574884,22.707350543525486,9.113739908468943,official_quarterly,,182.0,5.0,True,소규모 집계 트랙,"5개 → 5개 (+0개, +0.0%)","소규모 집계 트랙은 업종을 배제하는 장치가 아니라, 분모가 작아 비율 변동이 커지는 집계군을 별도 방식으로 읽기 위한 표시다.",1,1,1,1,1,40.920195439739416,A,대분류 직접 대응,1,비금속광물제품,42.47610287162695,42.47610287162695,True,42.47610287162695,False,True,True,,,0.4356782818321303,-1.6807800872466028,방향 불일치,-2.116458369078733,,,,비교자료 없음,,,False,KICOX 산단 고용과 고용보험 피보험자는 모집단이 다르다(산단 입주 사업체 vs 창원시 전역 사업장). 수준·점유율 비교 금지.,,,,,,,,,,,,,,,,,,,,,,,,,,no_data,0,False,,no_mapped_chapter,해당 업종에 귀속 근거가 있는 HS 류가 없다,,,,창원시 전역 통관 · 연도창을 모두 확보한 HS6 합계(업종 수출 총액 아님),202601,116666.0,1.302467742215585,2518.0,-1.1385944248135105,2481.0,6.9857697283311815,37.0,513.0,True,False,False,True,창원시 전역 제조업 총계 · 반기 · 표본조사. 업종별 값이 아니며 입직-이직을 KICOX 고용 증감과 같다고 보지 않는다.,1411178437,-0.866334626006815,6042,0.28215767634853783,True,False,False,True,창원시 전역 제조업 총계 전력사용량 · 월→분기 합계. 업종별 값이 아니며 가동률과 개념·모집단이 다르다.,71.33,83.33,76.67,82.33,91.33,53.0,A,1.0,True,True,True,경상남도 제조업 총계(업종 공통 배경),전국 업종별 심리지수. 창원국가산단 개별 업종의 신호가 아니라 같은 업종의 전국 분위기다.,,False,False,False,,True,PPI 조정 생산,1,생산유지·고용감소 신호,생산유지·고용감소 신호,,False,False,False,False,False,True,False,False,True,False,,True,False,False,3,소규모 분모 — 비율 변동 과대 가능 · 연간보정 개정본 사용 구간 · 월별 원자료 미제공 구간,가중치 근거가 없어 신뢰도 점수를 만들지 않는다. 플래그를 그대로 읽는다.,생산이 유지되는데 고용이 감소하고 있어 자동화·생산성 변화·미충원·외주화·인력구조 조정 여부를 확인할 필요가 있다.,"업체수·고용 규모가 작아 비율 변동이 크게 나타난다. 절대 증감 개수로 다시 확인할 필요가 있다.
이 분기는 월별 원자료가 공표되지 않아 분기 내 지속 여부를 확인할 수 없다. 분기말 단일시점 값에만 의존한 판단임을 감안할 필요가 있다.
연간보정 개정본을 사용한 구간이다. 이후 재개정 시 값이 달라질 수 있음을 확인할 필요가 있다.","창원시 제조업 전체에서 이직자 증가가 함께 관측되므로, 특정 사업장 조정 또는 노동이동과 관련된 것인지 추가 확인할 필요가 있다.
가동률과 전력사용의 방향이 달라 업종 구성·설비 특성·자료범위(산단 vs 시 전체) 차이를 추가 확인할 필요가 있다.
경남 제조업 업황 심리지수가 기준선(100)을 밑돌아, 업종 고유 요인인지 지역 전반의 경기 흐름인지 구분해 확인할 필요가 있다.
같은 업종의 전국 업황 심리지수도 기준선을 밑돌아, 관측된 변화가 산단 고유 현상인지 전국 업종 흐름인지 확인할 필요가 있다.","생산이 유지되는데 고용이 감소하고 있어 자동화·생산성 변화·미충원·외주화·인력구조 조정 여부를 확인할 필요가 있다.
창원시 제조업 전체에서 이직자 증가가 함께 관측되므로, 특정 사업장 조정 또는 노동이동과 관련된 것인지 추가 확인할 필요가 있다.
가동률과 전력사용의 방향이 달라 업종 구성·설비 특성·자료범위(산단 vs 시 전체) 차이를 추가 확인할 필요가 있다.
경남 제조업 업황 심리지수가 기준선(100)을 밑돌아, 업종 고유 요인인지 지역 전반의 경기 흐름인지 구분해 확인할 필요가 있다.
같은 업종의 전국 업황 심리지수도 기준선을 밑돌아, 관측된 변화가 산단 고유 현상인지 전국 업종 흐름인지 확인할 필요가 있다.
업체수·고용 규모가 작아 비율 변동이 크게 나타난다. 절대 증감 개수로 다시 확인할 필요가 있다.
이 분기는 월별 원자료가 공표되지 않아 분기 내 지속 여부를 확인할 수 없다. 분기말 단일시점 값에만 의존한 판단임을 감안할 필요가 있다.
연간보정 개정본을 사용한 구간이다. 이후 재개정 시 값이 달라질 수 있음을 확인할 필요가 있다.",고용지원 · 직업훈련 / 고용지원 / 산업동향,검토 대상 기능의 제안이며 특정 사업·예산의 선정이 아니다. 지원 여부는 담당자의 현장 확인 뒤에 기존 체계에서 결정한다.
석유화학,2026Q1,관찰,고용 축 진입신호 없음 (생산 10.0% 단독 감소 — 확인질문에 반영),S4,1.0,-0.797448165869219,-10.036801605888256,-5.0,622.0,430.24,0.5411283657401367,0.797448165869219,0.0,0.0043499064770107,10.036801605888256,True,False,False,False,수주잔량·가동률·휴업/감산·기업 수 변동·고용조정 계획 신고 여부를 확인한다(원인 후보이며 입증된 원인이 아님).,기업지원 기능 + 고용지원 기능,43.0,47.0,41.0,2.0,4.878048780487809,9.302325581395344,78.09624076527926,-7.819197579473702,-6.624480593823634,official_quarterly,,622.0,43.0,False,메인 트랙,"41개 → 43개 (+2개, +4.9%)",,1,1,1,1,1,-10.036801605888256,C,복수 후보만 존재 — 가중치 근거 없음. 밴드로만 해석,2,석탄및석유제품|화학제품,-12.55913394426198,-11.604623548459703,True,,True,,,False,False,0.4356782818321303,-1.6807800872466028,방향 불일치,-2.116458369078733,,,,비교자료 없음,,,False,KICOX 산단 고용과 고용보험 피보험자는 모집단이 다르다(산단 입주 사업체 vs 창원시 전역 사업장). 수준·점유율 비교 금지.,,,,,,,,,,,,,,,,,,,,,,,,,,no_data,0,False,,no_mapped_chapter,해당 업종에 귀속 근거가 있는 HS 류가 없다,,,,창원시 전역 통관 · 연도창을 모두 확보한 HS6 합계(업종 수출 총액 아님),202601,116666.0,1.302467742215585,2518.0,-1.1385944248135105,2481.0,6.9857697283311815,37.0,513.0,True,False,False,True,창원시 전역 제조업 총계 · 반기 · 표본조사. 업종별 값이 아니며 입직-이직을 KICOX 고용 증감과 같다고 보지 않는다.,1411178437,-0.866334626006815,6042,0.28215767634853783,True,False,True,False,창원시 전역 제조업 총계 전력사용량 · 월→분기 합계. 업종별 값이 아니며 가동률과 개념·모집단이 다르다.,71.33,83.33,76.67,82.33,91.33,69.55,B,3.0,True,True,True,경상남도 제조업 총계(업종 공통 배경),전국 업종별 심리지수. 창원국가산단 개별 업종의 신호가 아니라 같은 업종의 전국 분위기다.,,False,True,,후보 모두 위축,False,명목 생산만(가격효과 미조정),1,가동 위축 신호,가동 위축 신호,,True,False,False,False,False,True,False,True,False,False,,True,False,False,3,PPI 매핑 불확실(C·D 등급) · 연간보정 개정본 사용 구간 · 월별 원자료 미제공 구간,가중치 근거가 없어 신뢰도 점수를 만들지 않는다. 플래그를 그대로 읽는다.,가동률 하락이 일시적 생산조정인지 수주·수요 감소에 따른 것인지 확인할 필요가 있다.,"이 업종은 생산자물가지수 대응 후보가 복수이거나 없어, PPI 조정 생산을 단일값으로 해석하지 않고 원자료로 확인할 필요가 있다.
이 분기는 월별 원자료가 공표되지 않아 분기 내 지속 여부를 확인할 수 없다. 분기말 단일시점 값에만 의존한 판단임을 감안할 필요가 있다.
연간보정 개정본을 사용한 구간이다. 이후 재개정 시 값이 달라질 수 있음을 확인할 필요가 있다.","창원시 제조업 전체에서 이직자 증가가 함께 관측되므로, 특정 사업장 조정 또는 노동이동과 관련된 것인지 추가 확인할 필요가 있다.
가동률 하락과 창원시 제조업 전력사용 감소가 함께 나타나 실제 생산활동 위축 여부를 추가 확인할 필요가 있다. 다만 전력은 시 전체 제조업 총계이므로 이 업종의 값이 아니다.
경남 제조업 업황 심리지수가 기준선(100)을 밑돌아, 업종 고유 요인인지 지역 전반의 경기 흐름인지 구분해 확인할 필요가 있다.
같은 업종의 전국 업황 심리지수도 기준선을 밑돌아, 관측된 변화가 산단 고유 현상인지 전국 업종 흐름인지 확인할 필요가 있다.","가동률 하락이 일시적 생산조정인지 수주·수요 감소에 따른 것인지 확인할 필요가 있다.
창원시 제조업 전체에서 이직자 증가가 함께 관측되므로, 특정 사업장 조정 또는 노동이동과 관련된 것인지 추가 확인할 필요가 있다.
가동률 하락과 창원시 제조업 전력사용 감소가 함께 나타나 실제 생산활동 위축 여부를 추가 확인할 필요가 있다. 다만 전력은 시 전체 제조업 총계이므로 이 업종의 값이 아니다.
경남 제조업 업황 심리지수가 기준선(100)을 밑돌아, 업종 고유 요인인지 지역 전반의 경기 흐름인지 구분해 확인할 필요가 있다.
같은 업종의 전국 업황 심리지수도 기준선을 밑돌아, 관측된 변화가 산단 고유 현상인지 전국 업종 흐름인지 확인할 필요가 있다.
이 업종은 생산자물가지수 대응 후보가 복수이거나 없어, PPI 조정 생산을 단일값으로 해석하지 않고 원자료로 확인할 필요가 있다.
이 분기는 월별 원자료가 공표되지 않아 분기 내 지속 여부를 확인할 수 없다. 분기말 단일시점 값에만 의존한 판단임을 감안할 필요가 있다.
연간보정 개정본을 사용한 구간이다. 이후 재개정 시 값이 달라질 수 있음을 확인할 필요가 있다.",산업동향 · 기업지원 / 고용지원 / 산업동향,검토 대상 기능의 제안이며 특정 사업·예산의 선정이 아니다. 지원 여부는 담당자의 현장 확인 뒤에 기존 체계에서 결정한다.
섬유의복,2026Q1,관찰,고용 축 진입신호 없음 (생산 9.2% 단독 감소 — 확인질문에 반영),N,,0.0,-9.2397531137968,0.0,34.0,7.367100000000001,0.029579364043673,0.0,0.0,0.0,9.2397531137968,False,False,False,False,"원자료상 정확한 0인지 반올림·개정 영향인지, 0이 아닌 축의 방향과 규모를 확인한다.",자료 검토,8.0,10.0,7.0,1.0,14.28571428571428,11.111111111111116,66.26818145019836,-9.23975311379679,-6.74636370996032,official_quarterly,,34.0,8.0,True,소규모 집계 트랙,"7개 → 8개 (+1개, +14.3%)","소규모 집계 트랙은 업종을 배제하는 장치가 아니라, 분모가 작아 비율 변동이 커지는 집계군을 별도 방식으로 읽기 위한 표시다.",1,1,1,1,1,-9.2397531137968,A,대분류 직접 대응,1,섬유및의복,-10.21930094183594,-10.21930094183594,True,-10.21930094183594,False,True,True,,,0.4356782818321303,-1.6807800872466028,방향 불일치,-2.116458369078733,,,,비교자료 없음,,,False,KICOX 산단 고용과 고용보험 피보험자는 모집단이 다르다(산단 입주 사업체 vs 창원시 전역 사업장). 수준·점유율 비교 금지.,,,,,,,,,,,,,,,,,,,,,,,,,,no_data,0,False,,no_mapped_chapter,해당 업종에 귀속 근거가 있는 HS 류가 없다,,,,창원시 전역 통관 · 연도창을 모두 확보한 HS6 합계(업종 수출 총액 아님),202601,116666.0,1.302467742215585,2518.0,-1.1385944248135105,2481.0,6.9857697283311815,37.0,513.0,True,False,False,True,창원시 전역 제조업 총계 · 반기 · 표본조사. 업종별 값이 아니며 입직-이직을 KICOX 고용 증감과 같다고 보지 않는다.,1411178437,-0.866334626006815,6042,0.28215767634853783,True,False,True,False,창원시 전역 제조업 총계 전력사용량 · 월→분기 합계. 업종별 값이 아니며 가동률과 개념·모집단이 다르다.,71.33,83.33,76.67,82.33,91.33,61.34,A,2.0,True,True,True,경상남도 제조업 총계(업종 공통 배경),전국 업종별 심리지수. 창원국가산단 개별 업종의 신호가 아니라 같은 업종의 전국 분위기다.,,False,True,True,,False,PPI 조정 생산,2,가동 위축 신호 · 실질생산 위축 신호(PPI 조정),가동 위축 신호,"대표 확인신호는 표시순서에 따른 요약이며, 유일한 원인이 아니다. 확인신호 프로필 전체를 함께 읽어야 한다.",False,False,False,False,False,True,False,False,True,False,,True,False,False,3,소규모 분모 — 비율 변동 과대 가능 · 연간보정 개정본 사용 구간 · 월별 원자료 미제공 구간,가중치 근거가 없어 신뢰도 점수를 만들지 않는다. 플래그를 그대로 읽는다.,"가동률 하락이 일시적 생산조정인지 수주·수요 감소에 따른 것인지 확인할 필요가 있다.
명목생산 변화에 가격효과가 포함되어 있으므로 실제 물량이 줄었는지 추가로 확인할 필요가 있다.","업체수·고용 규모가 작아 비율 변동이 크게 나타난다. 절대 증감 개수로 다시 확인할 필요가 있다.
이 분기는 월별 원자료가 공표되지 않아 분기 내 지속 여부를 확인할 수 없다. 분기말 단일시점 값에만 의존한 판단임을 감안할 필요가 있다.
연간보정 개정본을 사용한 구간이다. 이후 재개정 시 값이 달라질 수 있음을 확인할 필요가 있다.","창원시 제조업 전체에서 이직자 증가가 함께 관측되므로, 특정 사업장 조정 또는 노동이동과 관련된 것인지 추가 확인할 필요가 있다.
가동률 하락과 창원시 제조업 전력사용 감소가 함께 나타나 실제 생산활동 위축 여부를 추가 확인할 필요가 있다. 다만 전력은 시 전체 제조업 총계이므로 이 업종의 값이 아니다.
경남 제조업 업황 심리지수가 기준선(100)을 밑돌아, 업종 고유 요인인지 지역 전반의 경기 흐름인지 구분해 확인할 필요가 있다.
같은 업종의 전국 업황 심리지수도 기준선을 밑돌아, 관측된 변화가 산단 고유 현상인지 전국 업종 흐름인지 확인할 필요가 있다.","가동률 하락이 일시적 생산조정인지 수주·수요 감소에 따른 것인지 확인할 필요가 있다.
명목생산 변화에 가격효과가 포함되어 있으므로 실제 물량이 줄었는지 추가로 확인할 필요가 있다.
창원시 제조업 전체에서 이직자 증가가 함께 관측되므로, 특정 사업장 조정 또는 노동이동과 관련된 것인지 추가 확인할 필요가 있다.
가동률 하락과 창원시 제조업 전력사용 감소가 함께 나타나 실제 생산활동 위축 여부를 추가 확인할 필요가 있다. 다만 전력은 시 전체 제조업 총계이므로 이 업종의 값이 아니다.
경남 제조업 업황 심리지수가 기준선(100)을 밑돌아, 업종 고유 요인인지 지역 전반의 경기 흐름인지 구분해 확인할 필요가 있다.
같은 업종의 전국 업황 심리지수도 기준선을 밑돌아, 관측된 변화가 산단 고유 현상인지 전국 업종 흐름인지 확인할 필요가 있다.
업체수·고용 규모가 작아 비율 변동이 크게 나타난다. 절대 증감 개수로 다시 확인할 필요가 있다.
이 분기는 월별 원자료가 공표되지 않아 분기 내 지속 여부를 확인할 수 없다. 분기말 단일시점 값에만 의존한 판단임을 감안할 필요가 있다.
연간보정 개정본을 사용한 구간이다. 이후 재개정 시 값이 달라질 수 있음을 확인할 필요가 있다.",산업동향 · 기업지원 / 산업동향 / 고용지원,검토 대상 기능의 제안이며 특정 사업·예산의 선정이 아니다. 지원 여부는 담당자의 현장 확인 뒤에 기존 체계에서 결정한다.
운송장비,2026Q1,관찰,고용 축 진입신호 없음,S2,1.0,-1.0035668943836562,20.119787815833988,-166.0,16375.0,46907.35888888889,14.245943712210188,1.0035668943836562,0.0,0.1444168950367567,0.0,True,False,False,False,"자동화·설비투자, 외주·도급 전환, 미충원·숙련 불일치, 직무구조 변화 가능성을 질문으로 확인한다(원인 후보이며 입증된 원인이 아님).",고용·훈련 기능 + 기업지원 기능,246.0,252.0,243.0,3.0,1.2345679012345734,-0.39525691699604515,92.542012337215,1.4475967731108597,1.3205193883118795,official_quarterly,,16375.0,246.0,False,메인 트랙,"243개 → 246개 (+3개, +1.2%)",,1,1,1,1,1,20.119787815833988,A,대분류 직접 대응,1,운송장비,18.4855053914196,18.4855053914196,True,18.4855053914196,False,True,True,,,0.4356782818321303,-1.6807800872466028,방향 불일치,-2.116458369078733,자동차·부품,18429.0,-1.738203145827777,방향 일치 (매핑 C등급 — 참고),0.7346362514441207,C,True,KICOX 산단 고용과 고용보험 피보험자는 모집단이 다르다(산단 입주 사업체 vs 창원시 전역 사업장). 수준·점유율 비교 금지.,,,,,,,,,,,,,,,,,,,,,1555371.0,-17.90768902721912,0.018913841148959776,59.0,A,mapped_chapters_only,0,True,True,usable,,123.0,81.0,0.0,창원시 전역 통관 · 연도창을 모두 확보한 HS6 합계(업종 수출 총액 아님),202601,116666.0,1.302467742215585,2518.0,-1.1385944248135105,2481.0,6.9857697283311815,37.0,513.0,True,False,False,True,창원시 전역 제조업 총계 · 반기 · 표본조사. 업종별 값이 아니며 입직-이직을 KICOX 고용 증감과 같다고 보지 않는다.,1411178437,-0.866334626006815,6042,0.28215767634853783,True,False,False,True,창원시 전역 제조업 총계 전력사용량 · 월→분기 합계. 업종별 값이 아니며 가동률과 개념·모집단이 다르다.,71.33,83.33,76.67,82.33,91.33,89.34,A,2.0,True,True,True,경상남도 제조업 총계(업종 공통 배경),전국 업종별 심리지수. 창원국가산단 개별 업종의 신호가 아니라 같은 업종의 전국 분위기다.,False,False,False,False,,True,PPI 조정 생산,1,생산유지·고용감소 신호,생산유지·고용감소 신호,,False,True,False,False,False,True,False,False,False,False,,True,True,False,4,고용보험 지표와 방향 일치 · 연간보정 개정본 사용 구간 · 외부자료 업종 대응 불확실 · 월별 원자료 미제공 구간,가중치 근거가 없어 신뢰도 점수를 만들지 않는다. 플래그를 그대로 읽는다.,생산이 유지되는데 고용이 감소하고 있어 자동화·생산성 변화·미충원·외주화·인력구조 조정 여부를 확인할 필요가 있다.,"이 분기는 월별 원자료가 공표되지 않아 분기 내 지속 여부를 확인할 수 없다. 분기말 단일시점 값에만 의존한 판단임을 감안할 필요가 있다.
연간보정 개정본을 사용한 구간이다. 이후 재개정 시 값이 달라질 수 있음을 확인할 필요가 있다.
외부 자료의 업종 구분이 산단 10업종과 정확히 대응하지 않는다. 비교 결과를 참고로만 읽고 대응 범위를 확인할 필요가 있다.","확인된 품목 기준 수출이 함께 감소하고 있어, 외부수요 약화 가능성을 보려면 수출 감소가 특정 품목·기업에 집중되는지 추가 확인할 필요가 있다.
창원시 제조업 전체에서 이직자 증가가 함께 관측되므로, 특정 사업장 조정 또는 노동이동과 관련된 것인지 추가 확인할 필요가 있다.
가동률과 전력사용의 방향이 달라 업종 구성·설비 특성·자료범위(산단 vs 시 전체) 차이를 추가 확인할 필요가 있다.
경남 제조업 업황 심리지수가 기준선(100)을 밑돌아, 업종 고유 요인인지 지역 전반의 경기 흐름인지 구분해 확인할 필요가 있다.
같은 업종의 전국 업황 심리지수도 기준선을 밑돌아, 관측된 변화가 산단 고유 현상인지 전국 업종 흐름인지 확인할 필요가 있다.","생산이 유지되는데 고용이 감소하고 있어 자동화·생산성 변화·미충원·외주화·인력구조 조정 여부를 확인할 필요가 있다.
확인된 품목 기준 수출이 함께 감소하고 있어, 외부수요 약화 가능성을 보려면 수출 감소가 특정 품목·기업에 집중되는지 추가 확인할 필요가 있다.
창원시 제조업 전체에서 이직자 증가가 함께 관측되므로, 특정 사업장 조정 또는 노동이동과 관련된 것인지 추가 확인할 필요가 있다.
가동률과 전력사용의 방향이 달라 업종 구성·설비 특성·자료범위(산단 vs 시 전체) 차이를 추가 확인할 필요가 있다.
경남 제조업 업황 심리지수가 기준선(100)을 밑돌아, 업종 고유 요인인지 지역 전반의 경기 흐름인지 구분해 확인할 필요가 있다.
같은 업종의 전국 업황 심리지수도 기준선을 밑돌아, 관측된 변화가 산단 고유 현상인지 전국 업종 흐름인지 확인할 필요가 있다.
이 분기는 월별 원자료가 공표되지 않아 분기 내 지속 여부를 확인할 수 없다. 분기말 단일시점 값에만 의존한 판단임을 감안할 필요가 있다.
연간보정 개정본을 사용한 구간이다. 이후 재개정 시 값이 달라질 수 있음을 확인할 필요가 있다.
외부 자료의 업종 구분이 산단 10업종과 정확히 대응하지 않는다. 비교 결과를 참고로만 읽고 대응 범위를 확인할 필요가 있다.",고용지원 · 직업훈련 / 산업동향 · 기업지원 / 고용지원 / 산업동향,검토 대상 기능의 제안이며 특정 사업·예산의 선정이 아니다. 지원 여부는 담당자의 현장 확인 뒤에 기존 체계에서 결정한다.
음식료,2026Q1,우선점검,고용감소 21.5%(상위경계 10% 통과) · 산단평균 대비 19.8%p 열위(상위경계 통과) → 보강: 직전 분기에도 진입신호(지속),S2,1.0,-21.5,3.367344657191196,-172.0,628.0,1386.89,0.5463482535125495,21.5,19.819219912753397,0.1496367828091696,0.0,True,True,False,False,"자동화·설비투자, 외주·도급 전환, 미충원·숙련 불일치, 직무구조 변화 가능성을 질문으로 확인한다(원인 후보이며 입증된 원인이 아님).",고용·훈련 기능 + 기업지원 기능,4.0,7.0,4.0,0.0,0.0,0.0,94.4992573009362,-1.9037827968801602,-1.8339755140094525,official_quarterly,,628.0,4.0,False,메인 트랙,"4개 → 4개 (+0개, +0.0%)",,1,1,1,1,1,3.367344657191196,A,대분류 직접 대응,1,음식료품,1.4768631689498601,1.4768631689498601,True,1.4768631689498601,False,True,True,,,0.4356782818321303,-1.6807800872466028,방향 불일치,-2.116458369078733,,,,비교자료 없음,,,False,KICOX 산단 고용과 고용보험 피보험자는 모집단이 다르다(산단 입주 사업체 vs 창원시 전역 사업장). 수준·점유율 비교 금지.,,,,,,,,,,,,,,,,,,,,,,,,,,no_data,0,False,,no_mapped_chapter,해당 업종에 귀속 근거가 있는 HS 류가 없다,,,,창원시 전역 통관 · 연도창을 모두 확보한 HS6 합계(업종 수출 총액 아님),202601,116666.0,1.302467742215585,2518.0,-1.1385944248135105,2481.0,6.9857697283311815,37.0,513.0,True,False,False,True,창원시 전역 제조업 총계 · 반기 · 표본조사. 업종별 값이 아니며 입직-이직을 KICOX 고용 증감과 같다고 보지 않는다.,1411178437,-0.866334626006815,6042,0.28215767634853783,True,False,True,False,창원시 전역 제조업 총계 전력사용량 · 월→분기 합계. 업종별 값이 아니며 가동률과 개념·모집단이 다르다.,71.33,83.33,76.67,82.33,91.33,68.34,A,2.0,True,True,True,경상남도 제조업 총계(업종 공통 배경),전국 업종별 심리지수. 창원국가산단 개별 업종의 신호가 아니라 같은 업종의 전국 분위기다.,,False,False,False,,True,PPI 조정 생산,1,생산유지·고용감소 신호,생산유지·고용감소 신호,,False,False,False,False,False,True,False,False,True,False,,True,False,False,3,소규모 분모 — 비율 변동 과대 가능 · 연간보정 개정본 사용 구간 · 월별 원자료 미제공 구간,가중치 근거가 없어 신뢰도 점수를 만들지 않는다. 플래그를 그대로 읽는다.,생산이 유지되는데 고용이 감소하고 있어 자동화·생산성 변화·미충원·외주화·인력구조 조정 여부를 확인할 필요가 있다.,"업체수·고용 규모가 작아 비율 변동이 크게 나타난다. 절대 증감 개수로 다시 확인할 필요가 있다.
이 분기는 월별 원자료가 공표되지 않아 분기 내 지속 여부를 확인할 수 없다. 분기말 단일시점 값에만 의존한 판단임을 감안할 필요가 있다.
연간보정 개정본을 사용한 구간이다. 이후 재개정 시 값이 달라질 수 있음을 확인할 필요가 있다.","창원시 제조업 전체에서 이직자 증가가 함께 관측되므로, 특정 사업장 조정 또는 노동이동과 관련된 것인지 추가 확인할 필요가 있다.
가동률 하락과 창원시 제조업 전력사용 감소가 함께 나타나 실제 생산활동 위축 여부를 추가 확인할 필요가 있다. 다만 전력은 시 전체 제조업 총계이므로 이 업종의 값이 아니다.
경남 제조업 업황 심리지수가 기준선(100)을 밑돌아, 업종 고유 요인인지 지역 전반의 경기 흐름인지 구분해 확인할 필요가 있다.
같은 업종의 전국 업황 심리지수도 기준선을 밑돌아, 관측된 변화가 산단 고유 현상인지 전국 업종 흐름인지 확인할 필요가 있다.","생산이 유지되는데 고용이 감소하고 있어 자동화·생산성 변화·미충원·외주화·인력구조 조정 여부를 확인할 필요가 있다.
창원시 제조업 전체에서 이직자 증가가 함께 관측되므로, 특정 사업장 조정 또는 노동이동과 관련된 것인지 추가 확인할 필요가 있다.
가동률 하락과 창원시 제조업 전력사용 감소가 함께 나타나 실제 생산활동 위축 여부를 추가 확인할 필요가 있다. 다만 전력은 시 전체 제조업 총계이므로 이 업종의 값이 아니다.
경남 제조업 업황 심리지수가 기준선(100)을 밑돌아, 업종 고유 요인인지 지역 전반의 경기 흐름인지 구분해 확인할 필요가 있다.
같은 업종의 전국 업황 심리지수도 기준선을 밑돌아, 관측된 변화가 산단 고유 현상인지 전국 업종 흐름인지 확인할 필요가 있다.
업체수·고용 규모가 작아 비율 변동이 크게 나타난다. 절대 증감 개수로 다시 확인할 필요가 있다.
이 분기는 월별 원자료가 공표되지 않아 분기 내 지속 여부를 확인할 수 없다. 분기말 단일시점 값에만 의존한 판단임을 감안할 필요가 있다.
연간보정 개정본을 사용한 구간이다. 이후 재개정 시 값이 달라질 수 있음을 확인할 필요가 있다.",고용지원 · 직업훈련 / 고용지원 / 산업동향 · 기업지원 / 산업동향,검토 대상 기능의 제안이며 특정 사업·예산의 선정이 아니다. 지원 여부는 담당자의 현장 확인 뒤에 기존 체계에서 결정한다.
전기전자,2026Q1,관찰,고용 축 진입신호 없음 (생산 7.0% 단독 감소 — 확인질문에 반영),S4,1.0,-1.3067740340467648,-7.049417233574484,-370.0,27944.0,34433.41222222222,24.310757318717645,1.3067740340467648,0.0,0.321893079298795,7.049417233574484,True,False,False,False,수주잔량·가동률·휴업/감산·기업 수 변동·고용조정 계획 신고 여부를 확인한다(원인 후보이며 입증된 원인이 아님).,기업지원 기능 + 고용지원 기능,589.0,647.0,573.0,16.0,2.7923211169284423,2.211690363349139,76.60542630167004,-3.4265725498107913,-2.718077403509838,official_quarterly,,27944.0,589.0,False,메인 트랙,"573개 → 589개 (+16개, +2.8%)",,1,1,1,1,1,-7.049417233574484,C,복수 후보만 존재 — 가중치 근거 없음. 밴드로만 해석,2,전기장비|컴퓨터전자및광학기기,-16.227400789642587,-10.728971729895697,True,,True,,,False,False,0.4356782818321303,-1.6807800872466028,방향 불일치,-2.116458369078733,전기장비,17807.0,-3.927704343134608,방향 일치 (매핑 C등급 — 참고),2.6209303090878433,C,True,KICOX 산단 고용과 고용보험 피보험자는 모집단이 다르다(산단 입주 사업체 vs 창원시 전역 사업장). 수준·점유율 비교 금지.,,,,,,,,,,,,,,,,,,,,,482020.0,7.957383239527793,-2.5807093316398966,243.0,B,mapped_chapters_only,0,True,False,usable,,296.0,272.0,0.0,창원시 전역 통관 · 연도창을 모두 확보한 HS6 합계(업종 수출 총액 아님),202601,116666.0,1.302467742215585,2518.0,-1.1385944248135105,2481.0,6.9857697283311815,37.0,513.0,True,False,False,True,창원시 전역 제조업 총계 · 반기 · 표본조사. 업종별 값이 아니며 입직-이직을 KICOX 고용 증감과 같다고 보지 않는다.,1411178437,-0.866334626006815,6042,0.28215767634853783,True,False,True,False,창원시 전역 제조업 총계 전력사용량 · 월→분기 합계. 업종별 값이 아니며 가동률과 개념·모집단이 다르다.,71.33,83.33,76.67,82.33,91.33,82.34,A,2.0,True,True,True,경상남도 제조업 총계(업종 공통 배경),전국 업종별 심리지수. 창원국가산단 개별 업종의 신호가 아니라 같은 업종의 전국 분위기다.,True,False,True,,후보 모두 위축,False,명목 생산만(가격효과 미조정),1,가동 위축 신호,가동 위축 신호,,True,True,False,False,False,True,False,True,False,False,,True,True,False,5,고용보험 지표와 방향 일치 · PPI 매핑 불확실(C·D 등급) · 연간보정 개정본 사용 구간 · 외부자료 업종 대응 불확실 · 월별 원자료 미제공 구간,가중치 근거가 없어 신뢰도 점수를 만들지 않는다. 플래그를 그대로 읽는다.,가동률 하락이 일시적 생산조정인지 수주·수요 감소에 따른 것인지 확인할 필요가 있다.,"이 업종은 생산자물가지수 대응 후보가 복수이거나 없어, PPI 조정 생산을 단일값으로 해석하지 않고 원자료로 확인할 필요가 있다.
이 분기는 월별 원자료가 공표되지 않아 분기 내 지속 여부를 확인할 수 없다. 분기말 단일시점 값에만 의존한 판단임을 감안할 필요가 있다.
연간보정 개정본을 사용한 구간이다. 이후 재개정 시 값이 달라질 수 있음을 확인할 필요가 있다.
외부 자료의 업종 구분이 산단 10업종과 정확히 대응하지 않는다. 비교 결과를 참고로만 읽고 대응 범위를 확인할 필요가 있다.","확인된 품목 기준 수출은 유지·확대되는데 고용이 감소하고 있어 생산성·자동화·기업구성 변화 등의 가능성을 추가 확인할 필요가 있다.
창원시 제조업 전체에서 이직자 증가가 함께 관측되므로, 특정 사업장 조정 또는 노동이동과 관련된 것인지 추가 확인할 필요가 있다.
가동률 하락과 창원시 제조업 전력사용 감소가 함께 나타나 실제 생산활동 위축 여부를 추가 확인할 필요가 있다. 다만 전력은 시 전체 제조업 총계이므로 이 업종의 값이 아니다.
경남 제조업 업황 심리지수가 기준선(100)을 밑돌아, 업종 고유 요인인지 지역 전반의 경기 흐름인지 구분해 확인할 필요가 있다.
같은 업종의 전국 업황 심리지수도 기준선을 밑돌아, 관측된 변화가 산단 고유 현상인지 전국 업종 흐름인지 확인할 필요가 있다.","가동률 하락이 일시적 생산조정인지 수주·수요 감소에 따른 것인지 확인할 필요가 있다.
확인된 품목 기준 수출은 유지·확대되는데 고용이 감소하고 있어 생산성·자동화·기업구성 변화 등의 가능성을 추가 확인할 필요가 있다.
창원시 제조업 전체에서 이직자 증가가 함께 관측되므로, 특정 사업장 조정 또는 노동이동과 관련된 것인지 추가 확인할 필요가 있다.
가동률 하락과 창원시 제조업 전력사용 감소가 함께 나타나 실제 생산활동 위축 여부를 추가 확인할 필요가 있다. 다만 전력은 시 전체 제조업 총계이므로 이 업종의 값이 아니다.
경남 제조업 업황 심리지수가 기준선(100)을 밑돌아, 업종 고유 요인인지 지역 전반의 경기 흐름인지 구분해 확인할 필요가 있다.
같은 업종의 전국 업황 심리지수도 기준선을 밑돌아, 관측된 변화가 산단 고유 현상인지 전국 업종 흐름인지 확인할 필요가 있다.
이 업종은 생산자물가지수 대응 후보가 복수이거나 없어, PPI 조정 생산을 단일값으로 해석하지 않고 원자료로 확인할 필요가 있다.
이 분기는 월별 원자료가 공표되지 않아 분기 내 지속 여부를 확인할 수 없다. 분기말 단일시점 값에만 의존한 판단임을 감안할 필요가 있다.
연간보정 개정본을 사용한 구간이다. 이후 재개정 시 값이 달라질 수 있음을 확인할 필요가 있다.
외부 자료의 업종 구분이 산단 10업종과 정확히 대응하지 않는다. 비교 결과를 참고로만 읽고 대응 범위를 확인할 필요가 있다.",산업동향 · 기업지원 / 고용지원 · 직업훈련 / 고용지원 / 산업동향,검토 대상 기능의 제안이며 특정 사업·예산의 선정이 아니다. 지원 여부는 담당자의 현장 확인 뒤에 기존 체계에서 결정한다.
철강,2026Q1,관찰,고용 축 진입신호 없음,S2,3.0,-0.7997539218701943,53.82520740923593,-78.0,9675.0,20065.36,8.41706903301579,0.7997539218701943,0.0,0.0678585410413676,0.0,True,False,False,False,"자동화·설비투자, 외주·도급 전환, 미충원·숙련 불일치, 직무구조 변화 가능성을 질문으로 확인한다(원인 후보이며 입증된 원인이 아님).",고용·훈련 기능 + 기업지원 기능,75.0,80.0,76.0,-1.0,-1.3157894736842146,0.0,63.696158427106106,19.167062443386705,10.245014192207677,official_quarterly,,9675.0,75.0,False,메인 트랙,"76개 → 75개 (-1개, -1.3%)",,1,1,1,1,1,53.82520740923593,B,상위 범주가 넓어 범위 과대·과소 가능,1,철강1차제품,52.3813469090551,52.3813469090551,True,52.3813469090551,False,True,True,,,0.4356782818321303,-1.6807800872466028,방향 불일치,-2.116458369078733,,,,비교자료 없음,,,False,KICOX 산단 고용과 고용보험 피보험자는 모집단이 다르다(산단 입주 사업체 vs 창원시 전역 사업장). 수준·점유율 비교 금지.,,,,,,,,,,,,,,,,,,,,,192607.0,-4.310349110456424,35.773151548811285,201.0,A,mapped_chapters_only,0,True,False,usable,,291.0,237.0,0.0,창원시 전역 통관 · 연도창을 모두 확보한 HS6 합계(업종 수출 총액 아님),202601,116666.0,1.302467742215585,2518.0,-1.1385944248135105,2481.0,6.9857697283311815,37.0,513.0,True,False,False,True,창원시 전역 제조업 총계 · 반기 · 표본조사. 업종별 값이 아니며 입직-이직을 KICOX 고용 증감과 같다고 보지 않는다.,1411178437,-0.866334626006815,6042,0.28215767634853783,True,False,False,True,창원시 전역 제조업 총계 전력사용량 · 월→분기 합계. 업종별 값이 아니며 가동률과 개념·모집단이 다르다.,71.33,83.33,76.67,82.33,91.33,62.67,B,1.0,True,True,True,경상남도 제조업 총계(업종 공통 배경),전국 업종별 심리지수. 창원국가산단 개별 업종의 신호가 아니라 같은 업종의 전국 분위기다.,False,False,False,False,,False,PPI 조정 생산,0,해석 보류,해석 보류,,False,False,False,False,False,True,False,False,False,False,,True,False,False,2,연간보정 개정본 사용 구간 · 월별 원자료 미제공 구간,가중치 근거가 없어 신뢰도 점수를 만들지 않는다. 플래그를 그대로 읽는다.,,"이 분기는 월별 원자료가 공표되지 않아 분기 내 지속 여부를 확인할 수 없다. 분기말 단일시점 값에만 의존한 판단임을 감안할 필요가 있다.
연간보정 개정본을 사용한 구간이다. 이후 재개정 시 값이 달라질 수 있음을 확인할 필요가 있다.","창원시 제조업 전체에서 이직자 증가가 함께 관측되므로, 특정 사업장 조정 또는 노동이동과 관련된 것인지 추가 확인할 필요가 있다.
가동률과 전력사용의 방향이 달라 업종 구성·설비 특성·자료범위(산단 vs 시 전체) 차이를 추가 확인할 필요가 있다.
경남 제조업 업황 심리지수가 기준선(100)을 밑돌아, 업종 고유 요인인지 지역 전반의 경기 흐름인지 구분해 확인할 필요가 있다.
같은 업종의 전국 업황 심리지수도 기준선을 밑돌아, 관측된 변화가 산단 고유 현상인지 전국 업종 흐름인지 확인할 필요가 있다.","창원시 제조업 전체에서 이직자 증가가 함께 관측되므로, 특정 사업장 조정 또는 노동이동과 관련된 것인지 추가 확인할 필요가 있다.
가동률과 전력사용의 방향이 달라 업종 구성·설비 특성·자료범위(산단 vs 시 전체) 차이를 추가 확인할 필요가 있다.
경남 제조업 업황 심리지수가 기준선(100)을 밑돌아, 업종 고유 요인인지 지역 전반의 경기 흐름인지 구분해 확인할 필요가 있다.
같은 업종의 전국 업황 심리지수도 기준선을 밑돌아, 관측된 변화가 산단 고유 현상인지 전국 업종 흐름인지 확인할 필요가 있다.
이 분기는 월별 원자료가 공표되지 않아 분기 내 지속 여부를 확인할 수 없다. 분기말 단일시점 값에만 의존한 판단임을 감안할 필요가 있다.
연간보정 개정본을 사용한 구간이다. 이후 재개정 시 값이 달라질 수 있음을 확인할 필요가 있다.",고용지원 / 산업동향,검토 대상 기능의 제안이며 특정 사업·예산의 선정이 아니다. 지원 여부는 담당자의 현장 확인 뒤에 기존 체계에서 결정한다.
기계,2026Q2,우선점검,고용감소 6.3%(진입경계 5% 통과) · 산단 제조업 고용의 3.47% 감소(상위경계 2.0% 통과) → 보강: 생산 19.5% 감소,S4,2.0,-6.339722447939078,-19.547350877543444,-3979.0,58784.0,53699.86956060604,51.19219716102064,6.339722447939078,2.704335327884022,3.465122354785335,19.547350877543444,True,False,False,False,수주잔량·가동률·휴업/감산·기업 수 변동·고용조정 계획 신고 여부를 확인한다(원인 후보이며 입증된 원인이 아님).,기업지원 기능 + 고용지원 기능,1458.0,1556.0,1453.0,5.0,0.34411562284928365,1.3680781758957705,80.61136243111459,-5.71788401624932,-4.888800128885421,official_quarterly,,58784.0,1458.0,False,메인 트랙,"1,453개 → 1,458개 (+5개, +0.3%)",,1,1,1,1,1,-19.547350877543444,A,대분류 직접 대응,1,기계및장비,-20.547174899737886,-20.547174899737886,True,-20.547174899737886,False,True,True,,,0.6671178574881642,-3.635387120055056,방향 불일치,-4.3025049775432205,,,,비교자료 없음,,,False,KICOX 산단 고용과 고용보험 피보험자는 모집단이 다르다(산단 입주 사업체 vs 창원시 전역 사업장). 수준·점유율 비교 금지.,,,,,,,,,,,,,,,,,,,,,1462834.0,-38.09862942514902,35.30511975419095,336.0,B,mapped_chapters_only,0,True,True,usable,,538.0,439.0,0.0,창원시 전역 통관 · 연도창을 모두 확보한 HS6 합계(업종 수출 총액 아님),202601,116666.0,1.302467742215585,2518.0,-1.1385944248135105,2481.0,6.9857697283311815,37.0,513.0,True,False,False,True,창원시 전역 제조업 총계 · 반기 · 표본조사. 업종별 값이 아니며 입직-이직을 KICOX 고용 증감과 같다고 보지 않는다.,1419425162,0.7525960582029922,6026,-0.1160285098624203,True,False,False,True,창원시 전역 제조업 총계 전력사용량 · 월→분기 합계. 업종별 값이 아니며 가동률과 개념·모집단이 다르다.,74.67,91.0,85.33,91.67,89.67,76.84,C,2.0,True,True,True,경상남도 제조업 총계(업종 공통 배경),전국 업종별 심리지수. 창원국가산단 개별 업종의 신호가 아니라 같은 업종의 전국 분위기다.,False,False,True,True,,False,PPI 조정 생산,2,가동 위축 신호 · 실질생산 위축 신호(PPI 조정),가동 위축 신호,"대표 확인신호는 표시순서에 따른 요약이며, 유일한 원인이 아니다. 확인신호 프로필 전체를 함께 읽어야 한다.",False,False,False,False,False,True,False,False,False,False,,True,False,False,2,연간보정 개정본 사용 구간 · 월별 원자료 미제공 구간,가중치 근거가 없어 신뢰도 점수를 만들지 않는다. 플래그를 그대로 읽는다.,"가동률 하락이 일시적 생산조정인지 수주·수요 감소에 따른 것인지 확인할 필요가 있다.
명목생산 변화에 가격효과가 포함되어 있으므로 실제 물량이 줄었는지 추가로 확인할 필요가 있다.","이 분기는 월별 원자료가 공표되지 않아 분기 내 지속 여부를 확인할 수 없다. 분기말 단일시점 값에만 의존한 판단임을 감안할 필요가 있다.
연간보정 개정본을 사용한 구간이다. 이후 재개정 시 값이 달라질 수 있음을 확인할 필요가 있다.","확인된 품목 기준 수출이 함께 감소하고 있어, 외부수요 약화 가능성을 보려면 수출 감소가 특정 품목·기업에 집중되는지 추가 확인할 필요가 있다.
창원시 제조업 전체에서 이직자 증가가 함께 관측되므로, 특정 사업장 조정 또는 노동이동과 관련된 것인지 추가 확인할 필요가 있다.
가동률과 전력사용의 방향이 달라 업종 구성·설비 특성·자료범위(산단 vs 시 전체) 차이를 추가 확인할 필요가 있다.
경남 제조업 업황 심리지수가 기준선(100)을 밑돌아, 업종 고유 요인인지 지역 전반의 경기 흐름인지 구분해 확인할 필요가 있다.
같은 업종의 전국 업황 심리지수도 기준선을 밑돌아, 관측된 변화가 산단 고유 현상인지 전국 업종 흐름인지 확인할 필요가 있다.","가동률 하락이 일시적 생산조정인지 수주·수요 감소에 따른 것인지 확인할 필요가 있다.
명목생산 변화에 가격효과가 포함되어 있으므로 실제 물량이 줄었는지 추가로 확인할 필요가 있다.
확인된 품목 기준 수출이 함께 감소하고 있어, 외부수요 약화 가능성을 보려면 수출 감소가 특정 품목·기업에 집중되는지 추가 확인할 필요가 있다.
창원시 제조업 전체에서 이직자 증가가 함께 관측되므로, 특정 사업장 조정 또는 노동이동과 관련된 것인지 추가 확인할 필요가 있다.
가동률과 전력사용의 방향이 달라 업종 구성·설비 특성·자료범위(산단 vs 시 전체) 차이를 추가 확인할 필요가 있다.
경남 제조업 업황 심리지수가 기준선(100)을 밑돌아, 업종 고유 요인인지 지역 전반의 경기 흐름인지 구분해 확인할 필요가 있다.
같은 업종의 전국 업황 심리지수도 기준선을 밑돌아, 관측된 변화가 산단 고유 현상인지 전국 업종 흐름인지 확인할 필요가 있다.
이 분기는 월별 원자료가 공표되지 않아 분기 내 지속 여부를 확인할 수 없다. 분기말 단일시점 값에만 의존한 판단임을 감안할 필요가 있다.
연간보정 개정본을 사용한 구간이다. 이후 재개정 시 값이 달라질 수 있음을 확인할 필요가 있다.",산업동향 · 기업지원 / 산업동향 / 고용지원,검토 대상 기능의 제안이며 특정 사업·예산의 선정이 아니다. 지원 여부는 담당자의 현장 확인 뒤에 기존 체계에서 결정한다.
기타,2026Q2,관찰,고용 축 진입신호 없음,S1,2.0,17.12328767123288,3.033256182238997,25.0,171.0,84.58,0.1489157885569973,0.0,0.0,0.0,0.0,False,False,False,False,미충원·숙련수요·증가의 지속가능성을 확인한다.,고용·훈련 기능,25.0,35.0,27.0,-2.0,-7.4074074074074066,-5.405405405405405,69.14084852448296,2.384718566563926,1.6104108844829597,official_quarterly,,171.0,25.0,True,소규모 집계 트랙,"27개 → 25개 (-2개, -7.4%)","소규모 집계 트랙은 업종을 배제하는 장치가 아니라, 분모가 작아 비율 변동이 커지는 집계군을 별도 방식으로 읽기 위한 표시다.",1,1,1,1,1,3.033256182238997,D,대응 항목 없음 — 조정 생산 산출 불가,0,,,,True,,False,,,,,0.6671178574881642,-3.635387120055056,방향 불일치,-4.3025049775432205,,,,비교자료 없음,,,False,KICOX 산단 고용과 고용보험 피보험자는 모집단이 다르다(산단 입주 사업체 vs 창원시 전역 사업장). 수준·점유율 비교 금지.,,,,,,,,,,,,,,,,,,,,,,,,,,no_data,0,False,,no_mapped_chapter,해당 업종에 귀속 근거가 있는 HS 류가 없다,,,,창원시 전역 통관 · 연도창을 모두 확보한 HS6 합계(업종 수출 총액 아님),202601,116666.0,1.302467742215585,2518.0,-1.1385944248135105,2481.0,6.9857697283311815,37.0,513.0,True,False,False,True,창원시 전역 제조업 총계 · 반기 · 표본조사. 업종별 값이 아니며 입직-이직을 KICOX 고용 증감과 같다고 보지 않는다.,1419425162,0.7525960582029922,6026,-0.1160285098624203,True,False,False,False,창원시 전역 제조업 총계 전력사용량 · 월→분기 합계. 업종별 값이 아니며 가동률과 개념·모집단이 다르다.,74.67,91.0,85.33,91.67,89.67,,,,True,,True,경상남도 제조업 총계(업종 공통 배경),전국 업종별 심리지수. 창원국가산단 개별 업종의 신호가 아니라 같은 업종의 전국 분위기다.,,True,False,,,False,명목 생산만(가격효과 미조정),1,업체수 감소 신호,업체수 감소 신호,,True,False,False,False,False,True,False,True,True,False,,True,False,False,4,PPI 매핑 불확실(C·D 등급) · 소규모 분모 — 비율 변동 과대 가능 · 연간보정 개정본 사용 구간 · 월별 원자료 미제공 구간,가중치 근거가 없어 신뢰도 점수를 만들지 않는다. 플래그를 그대로 읽는다.,"가동업체 감소가 실제 퇴거·폐업·통합·휴업에 따른 것인지, 아니면 조사대상 변동이나 집계기준 변경에 따른 것인지 확인할 필요가 있다.","이 업종은 생산자물가지수 대응 후보가 복수이거나 없어, PPI 조정 생산을 단일값으로 해석하지 않고 원자료로 확인할 필요가 있다.
업체수·고용 규모가 작아 비율 변동이 크게 나타난다. 절대 증감 개수로 다시 확인할 필요가 있다.
이 분기는 월별 원자료가 공표되지 않아 분기 내 지속 여부를 확인할 수 없다. 분기말 단일시점 값에만 의존한 판단임을 감안할 필요가 있다.
연간보정 개정본을 사용한 구간이다. 이후 재개정 시 값이 달라질 수 있음을 확인할 필요가 있다.","창원시 제조업 전체에서 이직자 증가가 함께 관측되므로, 특정 사업장 조정 또는 노동이동과 관련된 것인지 추가 확인할 필요가 있다.
경남 제조업 업황 심리지수가 기준선(100)을 밑돌아, 업종 고유 요인인지 지역 전반의 경기 흐름인지 구분해 확인할 필요가 있다.","가동업체 감소가 실제 퇴거·폐업·통합·휴업에 따른 것인지, 아니면 조사대상 변동이나 집계기준 변경에 따른 것인지 확인할 필요가 있다.
창원시 제조업 전체에서 이직자 증가가 함께 관측되므로, 특정 사업장 조정 또는 노동이동과 관련된 것인지 추가 확인할 필요가 있다.
경남 제조업 업황 심리지수가 기준선(100)을 밑돌아, 업종 고유 요인인지 지역 전반의 경기 흐름인지 구분해 확인할 필요가 있다.
이 업종은 생산자물가지수 대응 후보가 복수이거나 없어, PPI 조정 생산을 단일값으로 해석하지 않고 원자료로 확인할 필요가 있다.
업체수·고용 규모가 작아 비율 변동이 크게 나타난다. 절대 증감 개수로 다시 확인할 필요가 있다.
이 분기는 월별 원자료가 공표되지 않아 분기 내 지속 여부를 확인할 수 없다. 분기말 단일시점 값에만 의존한 판단임을 감안할 필요가 있다.
연간보정 개정본을 사용한 구간이다. 이후 재개정 시 값이 달라질 수 있음을 확인할 필요가 있다.",산업동향 · 기업지원 / 고용지원 / 산업동향,검토 대상 기능의 제안이며 특정 사업·예산의 선정이 아니다. 지원 여부는 담당자의 현장 확인 뒤에 기존 체계에서 결정한다.
목재종이,2026Q2,우선점검,고용감소 10.1%(상위경계 10% 통과) · 산단평균 대비 6.4%p 열위(진입경계 통과) → 보강: 생산 12.9% 감소 / 직전 분기에도 진입신호(지속),S4,2.0,-10.084033613445376,-12.897127553431709,-48.0,428.0,165.87,0.3727248976748236,10.084033613445376,6.448646493390321,0.0418009231037185,12.897127553431709,True,True,False,False,수주잔량·가동률·휴업/감산·기업 수 변동·고용조정 계획 신고 여부를 확인한다(원인 후보이며 입증된 원인이 아님).,기업지원 기능 + 고용지원 기능,44.0,48.0,45.0,-1.0,-2.2222222222222254,-4.0000000000000036,74.70612079448723,8.746188539284194,6.0084295944872395,official_quarterly,,428.0,44.0,False,메인 트랙,"45개 → 44개 (-1개, -2.2%)",,1,1,1,1,1,-12.897127553431709,A,대분류 직접 대응,1,목재및종이제품,-15.289242445913676,-15.289242445913676,True,-15.289242445913676,False,True,True,,,0.6671178574881642,-3.635387120055056,방향 불일치,-4.3025049775432205,,,,비교자료 없음,,,False,KICOX 산단 고용과 고용보험 피보험자는 모집단이 다르다(산단 입주 사업체 vs 창원시 전역 사업장). 수준·점유율 비교 금지.,,,,,,,,,,,,,,,,,,,,,,,,,,no_data,0,False,,no_mapped_chapter,해당 업종에 귀속 근거가 있는 HS 류가 없다,,,,창원시 전역 통관 · 연도창을 모두 확보한 HS6 합계(업종 수출 총액 아님),202601,116666.0,1.302467742215585,2518.0,-1.1385944248135105,2481.0,6.9857697283311815,37.0,513.0,True,False,False,True,창원시 전역 제조업 총계 · 반기 · 표본조사. 업종별 값이 아니며 입직-이직을 KICOX 고용 증감과 같다고 보지 않는다.,1419425162,0.7525960582029922,6026,-0.1160285098624203,True,False,False,False,창원시 전역 제조업 총계 전력사용량 · 월→분기 합계. 업종별 값이 아니며 가동률과 개념·모집단이 다르다.,74.67,91.0,85.33,91.67,89.67,59.66,A,2.0,True,True,True,경상남도 제조업 총계(업종 공통 배경),전국 업종별 심리지수. 창원국가산단 개별 업종의 신호가 아니라 같은 업종의 전국 분위기다.,,False,False,True,,False,PPI 조정 생산,1,실질생산 위축 신호(PPI 조정),실질생산 위축 신호(PPI 조정),,False,False,False,False,False,True,False,False,False,False,,True,False,False,2,연간보정 개정본 사용 구간 · 월별 원자료 미제공 구간,가중치 근거가 없어 신뢰도 점수를 만들지 않는다. 플래그를 그대로 읽는다.,명목생산 변화에 가격효과가 포함되어 있으므로 실제 물량이 줄었는지 추가로 확인할 필요가 있다.,"이 분기는 월별 원자료가 공표되지 않아 분기 내 지속 여부를 확인할 수 없다. 분기말 단일시점 값에만 의존한 판단임을 감안할 필요가 있다.
연간보정 개정본을 사용한 구간이다. 이후 재개정 시 값이 달라질 수 있음을 확인할 필요가 있다.","창원시 제조업 전체에서 이직자 증가가 함께 관측되므로, 특정 사업장 조정 또는 노동이동과 관련된 것인지 추가 확인할 필요가 있다.
경남 제조업 업황 심리지수가 기준선(100)을 밑돌아, 업종 고유 요인인지 지역 전반의 경기 흐름인지 구분해 확인할 필요가 있다.
같은 업종의 전국 업황 심리지수도 기준선을 밑돌아, 관측된 변화가 산단 고유 현상인지 전국 업종 흐름인지 확인할 필요가 있다.","명목생산 변화에 가격효과가 포함되어 있으므로 실제 물량이 줄었는지 추가로 확인할 필요가 있다.
창원시 제조업 전체에서 이직자 증가가 함께 관측되므로, 특정 사업장 조정 또는 노동이동과 관련된 것인지 추가 확인할 필요가 있다.
경남 제조업 업황 심리지수가 기준선(100)을 밑돌아, 업종 고유 요인인지 지역 전반의 경기 흐름인지 구분해 확인할 필요가 있다.
같은 업종의 전국 업황 심리지수도 기준선을 밑돌아, 관측된 변화가 산단 고유 현상인지 전국 업종 흐름인지 확인할 필요가 있다.
이 분기는 월별 원자료가 공표되지 않아 분기 내 지속 여부를 확인할 수 없다. 분기말 단일시점 값에만 의존한 판단임을 감안할 필요가 있다.
연간보정 개정본을 사용한 구간이다. 이후 재개정 시 값이 달라질 수 있음을 확인할 필요가 있다.",산업동향 / 고용지원,검토 대상 기능의 제안이며 특정 사업·예산의 선정이 아니다. 지원 여부는 담당자의 현장 확인 뒤에 기존 체계에서 결정한다.
비금속,2026Q2,관찰,고용 축 진입신호 없음,S2,3.0,-1.0810810810810811,45.67070435172722,-2.0,183.0,162.35,0.1593660193329269,1.0810810810810811,0.0,0.0017417051293216,0.0,False,False,False,False,"자동화·설비투자, 외주·도급 전환, 미충원·숙련 불일치, 직무구조 변화 가능성을 질문으로 확인한다(원인 후보이며 입증된 원인이 아님).",고용·훈련 기능 + 기업지원 기능,4.0,4.0,5.0,-1.0,-19.999999999999996,-19.999999999999996,57.29662961002294,32.68449650147262,14.11401889002294,official_quarterly,,183.0,4.0,True,소규모 집계 트랙,"5개 → 4개 (-1개, -20.0%)","소규모 집계 트랙은 업종을 배제하는 장치가 아니라, 분모가 작아 비율 변동이 커지는 집계군을 별도 방식으로 읽기 위한 표시다.",1,1,1,1,1,45.67070435172722,A,대분류 직접 대응,1,비금속광물제품,40.860667524642835,40.860667524642835,True,40.860667524642835,False,True,True,,,0.6671178574881642,-3.635387120055056,방향 불일치,-4.3025049775432205,,,,비교자료 없음,,,False,KICOX 산단 고용과 고용보험 피보험자는 모집단이 다르다(산단 입주 사업체 vs 창원시 전역 사업장). 수준·점유율 비교 금지.,,,,,,,,,,,,,,,,,,,,,,,,,,no_data,0,False,,no_mapped_chapter,해당 업종에 귀속 근거가 있는 HS 류가 없다,,,,창원시 전역 통관 · 연도창을 모두 확보한 HS6 합계(업종 수출 총액 아님),202601,116666.0,1.302467742215585,2518.0,-1.1385944248135105,2481.0,6.9857697283311815,37.0,513.0,True,False,False,True,창원시 전역 제조업 총계 · 반기 · 표본조사. 업종별 값이 아니며 입직-이직을 KICOX 고용 증감과 같다고 보지 않는다.,1419425162,0.7525960582029922,6026,-0.1160285098624203,True,False,False,False,창원시 전역 제조업 총계 전력사용량 · 월→분기 합계. 업종별 값이 아니며 가동률과 개념·모집단이 다르다.,74.67,91.0,85.33,91.67,89.67,65.33,A,1.0,True,True,True,경상남도 제조업 총계(업종 공통 배경),전국 업종별 심리지수. 창원국가산단 개별 업종의 신호가 아니라 같은 업종의 전국 분위기다.,,True,False,False,,True,PPI 조정 생산,2,업체수 감소 신호 · 생산유지·고용감소 신호,업체수 감소 신호,"대표 확인신호는 표시순서에 따른 요약이며, 유일한 원인이 아니다. 확인신호 프로필 전체를 함께 읽어야 한다.",False,False,False,False,False,True,False,False,True,False,,True,False,False,3,소규모 분모 — 비율 변동 과대 가능 · 연간보정 개정본 사용 구간 · 월별 원자료 미제공 구간,가중치 근거가 없어 신뢰도 점수를 만들지 않는다. 플래그를 그대로 읽는다.,"가동업체 감소가 실제 퇴거·폐업·통합·휴업에 따른 것인지, 아니면 조사대상 변동이나 집계기준 변경에 따른 것인지 확인할 필요가 있다.
생산이 유지되는데 고용이 감소하고 있어 자동화·생산성 변화·미충원·외주화·인력구조 조정 여부를 확인할 필요가 있다.","업체수·고용 규모가 작아 비율 변동이 크게 나타난다. 절대 증감 개수로 다시 확인할 필요가 있다.
이 분기는 월별 원자료가 공표되지 않아 분기 내 지속 여부를 확인할 수 없다. 분기말 단일시점 값에만 의존한 판단임을 감안할 필요가 있다.
연간보정 개정본을 사용한 구간이다. 이후 재개정 시 값이 달라질 수 있음을 확인할 필요가 있다.","창원시 제조업 전체에서 이직자 증가가 함께 관측되므로, 특정 사업장 조정 또는 노동이동과 관련된 것인지 추가 확인할 필요가 있다.
경남 제조업 업황 심리지수가 기준선(100)을 밑돌아, 업종 고유 요인인지 지역 전반의 경기 흐름인지 구분해 확인할 필요가 있다.
같은 업종의 전국 업황 심리지수도 기준선을 밑돌아, 관측된 변화가 산단 고유 현상인지 전국 업종 흐름인지 확인할 필요가 있다.","가동업체 감소가 실제 퇴거·폐업·통합·휴업에 따른 것인지, 아니면 조사대상 변동이나 집계기준 변경에 따른 것인지 확인할 필요가 있다.
생산이 유지되는데 고용이 감소하고 있어 자동화·생산성 변화·미충원·외주화·인력구조 조정 여부를 확인할 필요가 있다.
창원시 제조업 전체에서 이직자 증가가 함께 관측되므로, 특정 사업장 조정 또는 노동이동과 관련된 것인지 추가 확인할 필요가 있다.
경남 제조업 업황 심리지수가 기준선(100)을 밑돌아, 업종 고유 요인인지 지역 전반의 경기 흐름인지 구분해 확인할 필요가 있다.
같은 업종의 전국 업황 심리지수도 기준선을 밑돌아, 관측된 변화가 산단 고유 현상인지 전국 업종 흐름인지 확인할 필요가 있다.
업체수·고용 규모가 작아 비율 변동이 크게 나타난다. 절대 증감 개수로 다시 확인할 필요가 있다.
이 분기는 월별 원자료가 공표되지 않아 분기 내 지속 여부를 확인할 수 없다. 분기말 단일시점 값에만 의존한 판단임을 감안할 필요가 있다.
연간보정 개정본을 사용한 구간이다. 이후 재개정 시 값이 달라질 수 있음을 확인할 필요가 있다.",산업동향 · 기업지원 / 고용지원 · 직업훈련 / 고용지원 / 산업동향,검토 대상 기능의 제안이며 특정 사업·예산의 선정이 아니다. 지원 여부는 담당자의 현장 확인 뒤에 기존 체계에서 결정한다.
석유화학,2026Q2,관찰,고용 축 진입신호 없음 (생산 6.7% 단독 감소 — 확인질문에 반영),S3,1.0,9.557522123893802,-6.729849384858399,54.0,619.0,419.24,0.539057737525037,0.0,0.0,0.0,6.729849384858399,True,False,False,False,선제채용·신규 입주기업·고용조정 시차·생산 단가와 물량 구분 가능성을 확인한다.,기업지원 기능(모니터링),45.0,49.0,41.0,4.0,9.756097560975618,8.888888888888879,76.3073114795872,-4.169805209314703,-3.3203170004127998,official_quarterly,,619.0,45.0,False,메인 트랙,"41개 → 45개 (+4개, +9.8%)",,1,1,1,1,1,-6.729849384858399,C,복수 후보만 존재 — 가중치 근거 없음. 밴드로만 해석,2,석탄및석유제품|화학제품,-45.537352901155124,-21.723914561709645,True,,True,,,False,False,0.6671178574881642,-3.635387120055056,방향 불일치,-4.3025049775432205,,,,비교자료 없음,,,False,KICOX 산단 고용과 고용보험 피보험자는 모집단이 다르다(산단 입주 사업체 vs 창원시 전역 사업장). 수준·점유율 비교 금지.,,,,,,,,,,,,,,,,,,,,,,,,,,no_data,0,False,,no_mapped_chapter,해당 업종에 귀속 근거가 있는 HS 류가 없다,,,,창원시 전역 통관 · 연도창을 모두 확보한 HS6 합계(업종 수출 총액 아님),202601,116666.0,1.302467742215585,2518.0,-1.1385944248135105,2481.0,6.9857697283311815,37.0,513.0,True,False,False,True,창원시 전역 제조업 총계 · 반기 · 표본조사. 업종별 값이 아니며 입직-이직을 KICOX 고용 증감과 같다고 보지 않는다.,1419425162,0.7525960582029922,6026,-0.1160285098624203,True,False,False,True,창원시 전역 제조업 총계 전력사용량 · 월→분기 합계. 업종별 값이 아니며 가동률과 개념·모집단이 다르다.,74.67,91.0,85.33,91.67,89.67,74.44,B,3.0,True,True,True,경상남도 제조업 총계(업종 공통 배경),전국 업종별 심리지수. 창원국가산단 개별 업종의 신호가 아니라 같은 업종의 전국 분위기다.,,False,True,,후보 모두 위축,False,명목 생산만(가격효과 미조정),1,가동 위축 신호,가동 위축 신호,,True,False,False,False,False,True,False,True,False,False,,True,False,False,3,PPI 매핑 불확실(C·D 등급) · 연간보정 개정본 사용 구간 · 월별 원자료 미제공 구간,가중치 근거가 없어 신뢰도 점수를 만들지 않는다. 플래그를 그대로 읽는다.,가동률 하락이 일시적 생산조정인지 수주·수요 감소에 따른 것인지 확인할 필요가 있다.,"이 업종은 생산자물가지수 대응 후보가 복수이거나 없어, PPI 조정 생산을 단일값으로 해석하지 않고 원자료로 확인할 필요가 있다.
이 분기는 월별 원자료가 공표되지 않아 분기 내 지속 여부를 확인할 수 없다. 분기말 단일시점 값에만 의존한 판단임을 감안할 필요가 있다.
연간보정 개정본을 사용한 구간이다. 이후 재개정 시 값이 달라질 수 있음을 확인할 필요가 있다.","창원시 제조업 전체에서 이직자 증가가 함께 관측되므로, 특정 사업장 조정 또는 노동이동과 관련된 것인지 추가 확인할 필요가 있다.
가동률과 전력사용의 방향이 달라 업종 구성·설비 특성·자료범위(산단 vs 시 전체) 차이를 추가 확인할 필요가 있다.
경남 제조업 업황 심리지수가 기준선(100)을 밑돌아, 업종 고유 요인인지 지역 전반의 경기 흐름인지 구분해 확인할 필요가 있다.
같은 업종의 전국 업황 심리지수도 기준선을 밑돌아, 관측된 변화가 산단 고유 현상인지 전국 업종 흐름인지 확인할 필요가 있다.","가동률 하락이 일시적 생산조정인지 수주·수요 감소에 따른 것인지 확인할 필요가 있다.
창원시 제조업 전체에서 이직자 증가가 함께 관측되므로, 특정 사업장 조정 또는 노동이동과 관련된 것인지 추가 확인할 필요가 있다.
가동률과 전력사용의 방향이 달라 업종 구성·설비 특성·자료범위(산단 vs 시 전체) 차이를 추가 확인할 필요가 있다.
경남 제조업 업황 심리지수가 기준선(100)을 밑돌아, 업종 고유 요인인지 지역 전반의 경기 흐름인지 구분해 확인할 필요가 있다.
같은 업종의 전국 업황 심리지수도 기준선을 밑돌아, 관측된 변화가 산단 고유 현상인지 전국 업종 흐름인지 확인할 필요가 있다.
이 업종은 생산자물가지수 대응 후보가 복수이거나 없어, PPI 조정 생산을 단일값으로 해석하지 않고 원자료로 확인할 필요가 있다.
이 분기는 월별 원자료가 공표되지 않아 분기 내 지속 여부를 확인할 수 없다. 분기말 단일시점 값에만 의존한 판단임을 감안할 필요가 있다.
연간보정 개정본을 사용한 구간이다. 이후 재개정 시 값이 달라질 수 있음을 확인할 필요가 있다.",산업동향 · 기업지원 / 고용지원 / 산업동향,검토 대상 기능의 제안이며 특정 사업·예산의 선정이 아니다. 지원 여부는 담당자의 현장 확인 뒤에 기존 체계에서 결정한다.
섬유의복,2026Q2,관찰,고용 축 진입신호 없음 (생산 12.3% 단독 감소 — 확인질문에 반영),N,,0.0,-12.319670818395734,0.0,34.0,7.117100000000001,0.0296089871984672,0.0,0.0,0.0,12.319670818395734,False,False,False,False,"원자료상 정확한 0인지 반올림·개정 영향인지, 0이 아닌 축의 방향과 규모를 확인한다.",자료 검토,8.0,10.0,7.0,1.0,14.28571428571428,11.111111111111116,64.01939354687823,-12.319670818205186,-8.995151613121763,official_quarterly,,34.0,8.0,True,소규모 집계 트랙,"7개 → 8개 (+1개, +14.3%)","소규모 집계 트랙은 업종을 배제하는 장치가 아니라, 분모가 작아 비율 변동이 커지는 집계군을 별도 방식으로 읽기 위한 표시다.",1,1,1,1,1,-12.319670818395734,A,대분류 직접 대응,1,섬유및의복,-15.169756617058972,-15.169756617058972,True,-15.169756617058972,False,True,True,,,0.6671178574881642,-3.635387120055056,방향 불일치,-4.3025049775432205,,,,비교자료 없음,,,False,KICOX 산단 고용과 고용보험 피보험자는 모집단이 다르다(산단 입주 사업체 vs 창원시 전역 사업장). 수준·점유율 비교 금지.,,,,,,,,,,,,,,,,,,,,,,,,,,no_data,0,False,,no_mapped_chapter,해당 업종에 귀속 근거가 있는 HS 류가 없다,,,,창원시 전역 통관 · 연도창을 모두 확보한 HS6 합계(업종 수출 총액 아님),202601,116666.0,1.302467742215585,2518.0,-1.1385944248135105,2481.0,6.9857697283311815,37.0,513.0,True,False,False,True,창원시 전역 제조업 총계 · 반기 · 표본조사. 업종별 값이 아니며 입직-이직을 KICOX 고용 증감과 같다고 보지 않는다.,1419425162,0.7525960582029922,6026,-0.1160285098624203,True,False,False,True,창원시 전역 제조업 총계 전력사용량 · 월→분기 합계. 업종별 값이 아니며 가동률과 개념·모집단이 다르다.,74.67,91.0,85.33,91.67,89.67,60.16,A,2.0,True,True,True,경상남도 제조업 총계(업종 공통 배경),전국 업종별 심리지수. 창원국가산단 개별 업종의 신호가 아니라 같은 업종의 전국 분위기다.,,False,True,True,,False,PPI 조정 생산,2,가동 위축 신호 · 실질생산 위축 신호(PPI 조정),가동 위축 신호,"대표 확인신호는 표시순서에 따른 요약이며, 유일한 원인이 아니다. 확인신호 프로필 전체를 함께 읽어야 한다.",False,False,False,False,False,True,False,False,True,False,,True,False,False,3,소규모 분모 — 비율 변동 과대 가능 · 연간보정 개정본 사용 구간 · 월별 원자료 미제공 구간,가중치 근거가 없어 신뢰도 점수를 만들지 않는다. 플래그를 그대로 읽는다.,"가동률 하락이 일시적 생산조정인지 수주·수요 감소에 따른 것인지 확인할 필요가 있다.
명목생산 변화에 가격효과가 포함되어 있으므로 실제 물량이 줄었는지 추가로 확인할 필요가 있다.","업체수·고용 규모가 작아 비율 변동이 크게 나타난다. 절대 증감 개수로 다시 확인할 필요가 있다.
이 분기는 월별 원자료가 공표되지 않아 분기 내 지속 여부를 확인할 수 없다. 분기말 단일시점 값에만 의존한 판단임을 감안할 필요가 있다.
연간보정 개정본을 사용한 구간이다. 이후 재개정 시 값이 달라질 수 있음을 확인할 필요가 있다.","창원시 제조업 전체에서 이직자 증가가 함께 관측되므로, 특정 사업장 조정 또는 노동이동과 관련된 것인지 추가 확인할 필요가 있다.
가동률과 전력사용의 방향이 달라 업종 구성·설비 특성·자료범위(산단 vs 시 전체) 차이를 추가 확인할 필요가 있다.
경남 제조업 업황 심리지수가 기준선(100)을 밑돌아, 업종 고유 요인인지 지역 전반의 경기 흐름인지 구분해 확인할 필요가 있다.
같은 업종의 전국 업황 심리지수도 기준선을 밑돌아, 관측된 변화가 산단 고유 현상인지 전국 업종 흐름인지 확인할 필요가 있다.","가동률 하락이 일시적 생산조정인지 수주·수요 감소에 따른 것인지 확인할 필요가 있다.
명목생산 변화에 가격효과가 포함되어 있으므로 실제 물량이 줄었는지 추가로 확인할 필요가 있다.
창원시 제조업 전체에서 이직자 증가가 함께 관측되므로, 특정 사업장 조정 또는 노동이동과 관련된 것인지 추가 확인할 필요가 있다.
가동률과 전력사용의 방향이 달라 업종 구성·설비 특성·자료범위(산단 vs 시 전체) 차이를 추가 확인할 필요가 있다.
경남 제조업 업황 심리지수가 기준선(100)을 밑돌아, 업종 고유 요인인지 지역 전반의 경기 흐름인지 구분해 확인할 필요가 있다.
같은 업종의 전국 업황 심리지수도 기준선을 밑돌아, 관측된 변화가 산단 고유 현상인지 전국 업종 흐름인지 확인할 필요가 있다.
업체수·고용 규모가 작아 비율 변동이 크게 나타난다. 절대 증감 개수로 다시 확인할 필요가 있다.
이 분기는 월별 원자료가 공표되지 않아 분기 내 지속 여부를 확인할 수 없다. 분기말 단일시점 값에만 의존한 판단임을 감안할 필요가 있다.
연간보정 개정본을 사용한 구간이다. 이후 재개정 시 값이 달라질 수 있음을 확인할 필요가 있다.",산업동향 · 기업지원 / 산업동향 / 고용지원,검토 대상 기능의 제안이며 특정 사업·예산의 선정이 아니다. 지원 여부는 담당자의 현장 확인 뒤에 기존 체계에서 결정한다.
운송장비,2026Q2,관찰,고용 축 진입신호 없음,S2,2.0,-0.7848147472166445,19.64333200865325,-129.0,16308.0,46903.16277777778,14.201863624488372,0.7848147472166445,0.0,0.1123399808412435,0.0,True,False,False,False,"자동화·설비투자, 외주·도급 전환, 미충원·숙련 불일치, 직무구조 변화 가능성을 질문으로 확인한다(원인 후보이며 입증된 원인이 아님).",고용·훈련 기능 + 기업지원 기능,245.0,254.0,244.0,1.0,0.4098360655737654,0.7936507936507908,92.2763222787122,1.06032755822143,0.9681655487122072,official_quarterly,,16308.0,245.0,False,메인 트랙,"244개 → 245개 (+1개, +0.4%)",,1,1,1,1,1,19.64333200865325,A,대분류 직접 대응,1,운송장비,17.240435355443175,17.240435355443175,True,17.240435355443175,False,True,True,,,0.6671178574881642,-3.635387120055056,방향 불일치,-4.3025049775432205,,,,비교자료 없음,,,False,KICOX 산단 고용과 고용보험 피보험자는 모집단이 다르다(산단 입주 사업체 vs 창원시 전역 사업장). 수준·점유율 비교 금지.,,,,,,,,,,,,,,,,,,,,,2003465.0,-2.9722912887112707,10.081927920861112,61.0,A,mapped_chapters_only,0,True,False,usable,,123.0,81.0,0.0,창원시 전역 통관 · 연도창을 모두 확보한 HS6 합계(업종 수출 총액 아님),202601,116666.0,1.302467742215585,2518.0,-1.1385944248135105,2481.0,6.9857697283311815,37.0,513.0,True,False,False,True,창원시 전역 제조업 총계 · 반기 · 표본조사. 업종별 값이 아니며 입직-이직을 KICOX 고용 증감과 같다고 보지 않는다.,1419425162,0.7525960582029922,6026,-0.1160285098624203,True,False,False,False,창원시 전역 제조업 총계 전력사용량 · 월→분기 합계. 업종별 값이 아니며 가동률과 개념·모집단이 다르다.,74.67,91.0,85.33,91.67,89.67,90.83,A,2.0,True,True,True,경상남도 제조업 총계(업종 공통 배경),전국 업종별 심리지수. 창원국가산단 개별 업종의 신호가 아니라 같은 업종의 전국 분위기다.,False,False,False,False,,False,PPI 조정 생산,0,해석 보류,해석 보류,,False,False,False,False,False,True,False,False,False,False,,True,False,False,2,연간보정 개정본 사용 구간 · 월별 원자료 미제공 구간,가중치 근거가 없어 신뢰도 점수를 만들지 않는다. 플래그를 그대로 읽는다.,,"이 분기는 월별 원자료가 공표되지 않아 분기 내 지속 여부를 확인할 수 없다. 분기말 단일시점 값에만 의존한 판단임을 감안할 필요가 있다.
연간보정 개정본을 사용한 구간이다. 이후 재개정 시 값이 달라질 수 있음을 확인할 필요가 있다.","창원시 제조업 전체에서 이직자 증가가 함께 관측되므로, 특정 사업장 조정 또는 노동이동과 관련된 것인지 추가 확인할 필요가 있다.
경남 제조업 업황 심리지수가 기준선(100)을 밑돌아, 업종 고유 요인인지 지역 전반의 경기 흐름인지 구분해 확인할 필요가 있다.
같은 업종의 전국 업황 심리지수도 기준선을 밑돌아, 관측된 변화가 산단 고유 현상인지 전국 업종 흐름인지 확인할 필요가 있다.","창원시 제조업 전체에서 이직자 증가가 함께 관측되므로, 특정 사업장 조정 또는 노동이동과 관련된 것인지 추가 확인할 필요가 있다.
경남 제조업 업황 심리지수가 기준선(100)을 밑돌아, 업종 고유 요인인지 지역 전반의 경기 흐름인지 구분해 확인할 필요가 있다.
같은 업종의 전국 업황 심리지수도 기준선을 밑돌아, 관측된 변화가 산단 고유 현상인지 전국 업종 흐름인지 확인할 필요가 있다.
이 분기는 월별 원자료가 공표되지 않아 분기 내 지속 여부를 확인할 수 없다. 분기말 단일시점 값에만 의존한 판단임을 감안할 필요가 있다.
연간보정 개정본을 사용한 구간이다. 이후 재개정 시 값이 달라질 수 있음을 확인할 필요가 있다.",고용지원 / 산업동향,검토 대상 기능의 제안이며 특정 사업·예산의 선정이 아니다. 지원 여부는 담당자의 현장 확인 뒤에 기존 체계에서 결정한다.
음식료,2026Q2,관찰,고용 축 진입신호 없음,S2,2.0,-3.787878787878785,0.8734323986208103,-25.0,635.0,1322.37,0.5529913785596099,3.787878787878785,0.1524916678237287,0.02177131411652,0.0,True,False,False,False,"자동화·설비투자, 외주·도급 전환, 미충원·숙련 불일치, 직무구조 변화 가능성을 질문으로 확인한다(원인 후보이며 입증된 원인이 아님).",고용·훈련 기능 + 기업지원 기능,4.0,7.0,4.0,0.0,0.0,0.0,92.30430958663148,-1.5233871589175663,-1.4279045133685173,official_quarterly,,635.0,4.0,False,메인 트랙,"4개 → 4개 (+0개, +0.0%)",,1,1,1,1,1,0.8734323986208103,A,대분류 직접 대응,1,음식료품,-0.7793172719912755,-0.7793172719912755,True,-0.7793172719912755,False,False,True,,,0.6671178574881642,-3.635387120055056,방향 불일치,-4.3025049775432205,,,,비교자료 없음,,,False,KICOX 산단 고용과 고용보험 피보험자는 모집단이 다르다(산단 입주 사업체 vs 창원시 전역 사업장). 수준·점유율 비교 금지.,,,,,,,,,,,,,,,,,,,,,,,,,,no_data,0,False,,no_mapped_chapter,해당 업종에 귀속 근거가 있는 HS 류가 없다,,,,창원시 전역 통관 · 연도창을 모두 확보한 HS6 합계(업종 수출 총액 아님),202601,116666.0,1.302467742215585,2518.0,-1.1385944248135105,2481.0,6.9857697283311815,37.0,513.0,True,False,False,True,창원시 전역 제조업 총계 · 반기 · 표본조사. 업종별 값이 아니며 입직-이직을 KICOX 고용 증감과 같다고 보지 않는다.,1419425162,0.7525960582029922,6026,-0.1160285098624203,True,False,False,True,창원시 전역 제조업 총계 전력사용량 · 월→분기 합계. 업종별 값이 아니며 가동률과 개념·모집단이 다르다.,74.67,91.0,85.33,91.67,89.67,66.16,A,2.0,True,True,True,경상남도 제조업 총계(업종 공통 배경),전국 업종별 심리지수. 창원국가산단 개별 업종의 신호가 아니라 같은 업종의 전국 분위기다.,,False,False,False,,False,PPI 조정 생산,0,해석 보류,해석 보류,,False,False,False,False,False,True,True,False,True,False,,True,False,False,4,명목·PPI 조정 생산 방향 불일치 · 소규모 분모 — 비율 변동 과대 가능 · 연간보정 개정본 사용 구간 · 월별 원자료 미제공 구간,가중치 근거가 없어 신뢰도 점수를 만들지 않는다. 플래그를 그대로 읽는다.,,"명목생산과 PPI 조정 생산의 방향이 달라, 이 분기의 생산 변화가 가격 때문인지 물량 때문인지 확인할 필요가 있다.
업체수·고용 규모가 작아 비율 변동이 크게 나타난다. 절대 증감 개수로 다시 확인할 필요가 있다.
이 분기는 월별 원자료가 공표되지 않아 분기 내 지속 여부를 확인할 수 없다. 분기말 단일시점 값에만 의존한 판단임을 감안할 필요가 있다.
연간보정 개정본을 사용한 구간이다. 이후 재개정 시 값이 달라질 수 있음을 확인할 필요가 있다.","창원시 제조업 전체에서 이직자 증가가 함께 관측되므로, 특정 사업장 조정 또는 노동이동과 관련된 것인지 추가 확인할 필요가 있다.
가동률과 전력사용의 방향이 달라 업종 구성·설비 특성·자료범위(산단 vs 시 전체) 차이를 추가 확인할 필요가 있다.
경남 제조업 업황 심리지수가 기준선(100)을 밑돌아, 업종 고유 요인인지 지역 전반의 경기 흐름인지 구분해 확인할 필요가 있다.
같은 업종의 전국 업황 심리지수도 기준선을 밑돌아, 관측된 변화가 산단 고유 현상인지 전국 업종 흐름인지 확인할 필요가 있다.","창원시 제조업 전체에서 이직자 증가가 함께 관측되므로, 특정 사업장 조정 또는 노동이동과 관련된 것인지 추가 확인할 필요가 있다.
가동률과 전력사용의 방향이 달라 업종 구성·설비 특성·자료범위(산단 vs 시 전체) 차이를 추가 확인할 필요가 있다.
경남 제조업 업황 심리지수가 기준선(100)을 밑돌아, 업종 고유 요인인지 지역 전반의 경기 흐름인지 구분해 확인할 필요가 있다.
같은 업종의 전국 업황 심리지수도 기준선을 밑돌아, 관측된 변화가 산단 고유 현상인지 전국 업종 흐름인지 확인할 필요가 있다.
명목생산과 PPI 조정 생산의 방향이 달라, 이 분기의 생산 변화가 가격 때문인지 물량 때문인지 확인할 필요가 있다.
업체수·고용 규모가 작아 비율 변동이 크게 나타난다. 절대 증감 개수로 다시 확인할 필요가 있다.
이 분기는 월별 원자료가 공표되지 않아 분기 내 지속 여부를 확인할 수 없다. 분기말 단일시점 값에만 의존한 판단임을 감안할 필요가 있다.
연간보정 개정본을 사용한 구간이다. 이후 재개정 시 값이 달라질 수 있음을 확인할 필요가 있다.",고용지원 / 산업동향,검토 대상 기능의 제안이며 특정 사업·예산의 선정이 아니다. 지원 여부는 담당자의 현장 확인 뒤에 기존 체계에서 결정한다.
전기전자,2026Q2,관찰,고용 축 진입신호 없음,S2,1.0,-0.4128848549563968,2.697876409158262,-116.0,27979.0,34563.72,24.36558390664461,0.4128848549563968,0.0,0.1010188975006531,0.0,True,False,False,False,"자동화·설비투자, 외주·도급 전환, 미충원·숙련 불일치, 직무구조 변화 가능성을 질문으로 확인한다(원인 후보이며 입증된 원인이 아님).",고용·훈련 기능 + 기업지원 기능,590.0,651.0,571.0,19.0,3.327495621716281,1.8779342723004744,76.6519761263072,-0.49031556329653947,-0.37768843369279637,official_quarterly,,27979.0,590.0,False,메인 트랙,"571개 → 590개 (+19개, +3.3%)",,1,1,1,1,1,2.697876409158262,C,복수 후보만 존재 — 가중치 근거 없음. 밴드로만 해석,2,전기장비|컴퓨터전자및광학기기,-15.114355717979478,-5.165173954576785,True,,True,,,False,False,0.6671178574881642,-3.635387120055056,방향 불일치,-4.3025049775432205,,,,비교자료 없음,,,False,KICOX 산단 고용과 고용보험 피보험자는 모집단이 다르다(산단 입주 사업체 vs 창원시 전역 사업장). 수준·점유율 비교 금지.,,,,,,,,,,,,,,,,,,,,,638019.0,9.026548370118736,-8.561715739551424,246.0,B,mapped_chapters_only,0,True,False,usable,,296.0,272.0,0.0,창원시 전역 통관 · 연도창을 모두 확보한 HS6 합계(업종 수출 총액 아님),202601,116666.0,1.302467742215585,2518.0,-1.1385944248135105,2481.0,6.9857697283311815,37.0,513.0,True,False,False,True,창원시 전역 제조업 총계 · 반기 · 표본조사. 업종별 값이 아니며 입직-이직을 KICOX 고용 증감과 같다고 보지 않는다.,1419425162,0.7525960582029922,6026,-0.1160285098624203,True,False,False,True,창원시 전역 제조업 총계 전력사용량 · 월→분기 합계. 업종별 값이 아니며 가동률과 개념·모집단이 다르다.,74.67,91.0,85.33,91.67,89.67,86.67,A,2.0,True,True,True,경상남도 제조업 총계(업종 공통 배경),전국 업종별 심리지수. 창원국가산단 개별 업종의 신호가 아니라 같은 업종의 전국 분위기다.,True,False,False,,후보 모두 위축,False,명목 생산만(가격효과 미조정),0,해석 보류,해석 보류,,True,False,False,False,False,True,False,True,False,False,,True,False,False,3,PPI 매핑 불확실(C·D 등급) · 연간보정 개정본 사용 구간 · 월별 원자료 미제공 구간,가중치 근거가 없어 신뢰도 점수를 만들지 않는다. 플래그를 그대로 읽는다.,,"이 업종은 생산자물가지수 대응 후보가 복수이거나 없어, PPI 조정 생산을 단일값으로 해석하지 않고 원자료로 확인할 필요가 있다.
이 분기는 월별 원자료가 공표되지 않아 분기 내 지속 여부를 확인할 수 없다. 분기말 단일시점 값에만 의존한 판단임을 감안할 필요가 있다.
연간보정 개정본을 사용한 구간이다. 이후 재개정 시 값이 달라질 수 있음을 확인할 필요가 있다.","확인된 품목 기준 수출은 유지·확대되는데 고용이 감소하고 있어 생산성·자동화·기업구성 변화 등의 가능성을 추가 확인할 필요가 있다.
창원시 제조업 전체에서 이직자 증가가 함께 관측되므로, 특정 사업장 조정 또는 노동이동과 관련된 것인지 추가 확인할 필요가 있다.
가동률과 전력사용의 방향이 달라 업종 구성·설비 특성·자료범위(산단 vs 시 전체) 차이를 추가 확인할 필요가 있다.
경남 제조업 업황 심리지수가 기준선(100)을 밑돌아, 업종 고유 요인인지 지역 전반의 경기 흐름인지 구분해 확인할 필요가 있다.
같은 업종의 전국 업황 심리지수도 기준선을 밑돌아, 관측된 변화가 산단 고유 현상인지 전국 업종 흐름인지 확인할 필요가 있다.","확인된 품목 기준 수출은 유지·확대되는데 고용이 감소하고 있어 생산성·자동화·기업구성 변화 등의 가능성을 추가 확인할 필요가 있다.
창원시 제조업 전체에서 이직자 증가가 함께 관측되므로, 특정 사업장 조정 또는 노동이동과 관련된 것인지 추가 확인할 필요가 있다.
가동률과 전력사용의 방향이 달라 업종 구성·설비 특성·자료범위(산단 vs 시 전체) 차이를 추가 확인할 필요가 있다.
경남 제조업 업황 심리지수가 기준선(100)을 밑돌아, 업종 고유 요인인지 지역 전반의 경기 흐름인지 구분해 확인할 필요가 있다.
같은 업종의 전국 업황 심리지수도 기준선을 밑돌아, 관측된 변화가 산단 고유 현상인지 전국 업종 흐름인지 확인할 필요가 있다.
이 업종은 생산자물가지수 대응 후보가 복수이거나 없어, PPI 조정 생산을 단일값으로 해석하지 않고 원자료로 확인할 필요가 있다.
이 분기는 월별 원자료가 공표되지 않아 분기 내 지속 여부를 확인할 수 없다. 분기말 단일시점 값에만 의존한 판단임을 감안할 필요가 있다.
연간보정 개정본을 사용한 구간이다. 이후 재개정 시 값이 달라질 수 있음을 확인할 필요가 있다.",고용지원 · 직업훈련 / 고용지원 / 산업동향,검토 대상 기능의 제안이며 특정 사업·예산의 선정이 아니다. 지원 여부는 담당자의 현장 확인 뒤에 기존 체계에서 결정한다.
철강,2026Q2,관찰,고용 축 진입신호 없음,S2,4.0,-1.1427405366799317,32.648709569813406,-112.0,9689.0,20479.17,8.437690498998519,1.1427405366799317,0.0,0.0975354872420099,0.0,True,False,False,False,"자동화·설비투자, 외주·도급 전환, 미충원·숙련 불일치, 직무구조 변화 가능성을 질문으로 확인한다(원인 후보이며 입증된 원인이 아님).",고용·훈련 기능 + 기업지원 기능,74.0,80.0,75.0,-1.0,-1.3333333333333308,1.2658227848101333,63.682159659013,0.38328550520407845,0.24315251901300172,official_quarterly,,9689.0,74.0,False,메인 트랙,"75개 → 74개 (-1개, -1.3%)",,1,1,1,1,1,32.648709569813406,B,상위 범주가 넓어 범위 과대·과소 가능,1,철강1차제품,25.280923429229606,25.280923429229606,True,25.280923429229606,False,True,True,,,0.6671178574881642,-3.635387120055056,방향 불일치,-4.3025049775432205,,,,비교자료 없음,,,False,KICOX 산단 고용과 고용보험 피보험자는 모집단이 다르다(산단 입주 사업체 vs 창원시 전역 사업장). 수준·점유율 비교 금지.,,,,,,,,,,,,,,,,,,,,,206837.0,-5.799061802614203,32.80564790258116,208.0,A,mapped_chapters_only,0,True,True,usable,,291.0,237.0,0.0,창원시 전역 통관 · 연도창을 모두 확보한 HS6 합계(업종 수출 총액 아님),202601,116666.0,1.302467742215585,2518.0,-1.1385944248135105,2481.0,6.9857697283311815,37.0,513.0,True,False,False,True,창원시 전역 제조업 총계 · 반기 · 표본조사. 업종별 값이 아니며 입직-이직을 KICOX 고용 증감과 같다고 보지 않는다.,1419425162,0.7525960582029922,6026,-0.1160285098624203,True,False,False,False,창원시 전역 제조업 총계 전력사용량 · 월→분기 합계. 업종별 값이 아니며 가동률과 개념·모집단이 다르다.,74.67,91.0,85.33,91.67,89.67,70.33,B,1.0,True,True,True,경상남도 제조업 총계(업종 공통 배경),전국 업종별 심리지수. 창원국가산단 개별 업종의 신호가 아니라 같은 업종의 전국 분위기다.,False,False,False,False,,True,PPI 조정 생산,1,생산유지·고용감소 신호,생산유지·고용감소 신호,,False,False,False,False,False,True,False,False,False,False,,True,False,False,2,연간보정 개정본 사용 구간 · 월별 원자료 미제공 구간,가중치 근거가 없어 신뢰도 점수를 만들지 않는다. 플래그를 그대로 읽는다.,생산이 유지되는데 고용이 감소하고 있어 자동화·생산성 변화·미충원·외주화·인력구조 조정 여부를 확인할 필요가 있다.,"이 분기는 월별 원자료가 공표되지 않아 분기 내 지속 여부를 확인할 수 없다. 분기말 단일시점 값에만 의존한 판단임을 감안할 필요가 있다.
연간보정 개정본을 사용한 구간이다. 이후 재개정 시 값이 달라질 수 있음을 확인할 필요가 있다.","확인된 품목 기준 수출이 함께 감소하고 있어, 외부수요 약화 가능성을 보려면 수출 감소가 특정 품목·기업에 집중되는지 추가 확인할 필요가 있다.
창원시 제조업 전체에서 이직자 증가가 함께 관측되므로, 특정 사업장 조정 또는 노동이동과 관련된 것인지 추가 확인할 필요가 있다.
경남 제조업 업황 심리지수가 기준선(100)을 밑돌아, 업종 고유 요인인지 지역 전반의 경기 흐름인지 구분해 확인할 필요가 있다.
같은 업종의 전국 업황 심리지수도 기준선을 밑돌아, 관측된 변화가 산단 고유 현상인지 전국 업종 흐름인지 확인할 필요가 있다.","생산이 유지되는데 고용이 감소하고 있어 자동화·생산성 변화·미충원·외주화·인력구조 조정 여부를 확인할 필요가 있다.
확인된 품목 기준 수출이 함께 감소하고 있어, 외부수요 약화 가능성을 보려면 수출 감소가 특정 품목·기업에 집중되는지 추가 확인할 필요가 있다.
창원시 제조업 전체에서 이직자 증가가 함께 관측되므로, 특정 사업장 조정 또는 노동이동과 관련된 것인지 추가 확인할 필요가 있다.
경남 제조업 업황 심리지수가 기준선(100)을 밑돌아, 업종 고유 요인인지 지역 전반의 경기 흐름인지 구분해 확인할 필요가 있다.
같은 업종의 전국 업황 심리지수도 기준선을 밑돌아, 관측된 변화가 산단 고유 현상인지 전국 업종 흐름인지 확인할 필요가 있다.
이 분기는 월별 원자료가 공표되지 않아 분기 내 지속 여부를 확인할 수 없다. 분기말 단일시점 값에만 의존한 판단임을 감안할 필요가 있다.
연간보정 개정본을 사용한 구간이다. 이후 재개정 시 값이 달라질 수 있음을 확인할 필요가 있다.",고용지원 · 직업훈련 / 산업동향 · 기업지원 / 고용지원 / 산업동향,검토 대상 기능의 제안이며 특정 사업·예산의 선정이 아니다. 지원 여부는 담당자의 현장 확인 뒤에 기존 체계에서 결정한다.
