indicator,industry,month,value,vintage,quarter,value_lag12,vintage_lag12,yoy_pct,vintage_consistent
employment,기계,2022-10,60644.0,annual_revision,2022Q4,,,,
employment,기계,2022-11,60693.0,annual_revision,2022Q4,,,,
employment,기계,2022-12,60589.0,annual_revision,2022Q4,,,,
employment,기계,2023-01,56565.0,annual_revision,2023Q1,,,,
employment,기계,2023-02,56428.0,annual_revision,2023Q1,,,,
employment,기계,2023-03,56683.0,annual_revision,2023Q1,,,,
employment,기계,2023-04,56651.0,annual_revision,2023Q2,,,,
employment,기계,2023-05,56771.0,annual_revision,2023Q2,,,,
employment,기계,2023-06,56736.0,annual_revision,2023Q2,,,,
employment,기계,2023-07,56595.0,annual_revision,2023Q3,,,,
employment,기계,2023-08,56527.0,annual_revision,2023Q3,,,,
employment,기계,2023-09,56526.0,annual_revision,2023Q3,,,,
employment,기계,2023-10,56778.0,annual_revision,2023Q4,60644.0,annual_revision,-6.374909306773957,True
employment,기계,2023-11,56482.0,annual_revision,2023Q4,60693.0,annual_revision,-6.938197156179459,True
employment,기계,2023-12,56487.0,annual_revision,2023Q4,60589.0,annual_revision,-6.770205812936336,True
employment,기계,2024-01,56405.0,annual_revision,2024Q1,56565.0,annual_revision,-0.2828604260585177,True
employment,기계,2024-02,56426.0,annual_revision,2024Q1,56428.0,annual_revision,-0.0035443396895207258,True
employment,기계,2024-03,56321.0,annual_revision,2024Q1,56683.0,annual_revision,-0.6386394509817706,True
employment,기타,2022-10,158.0,annual_revision,2022Q4,,,,
employment,기타,2022-11,158.0,annual_revision,2022Q4,,,,
employment,기타,2022-12,158.0,annual_revision,2022Q4,,,,
employment,기타,2023-01,147.0,annual_revision,2023Q1,,,,
employment,기타,2023-02,147.0,annual_revision,2023Q1,,,,
employment,기타,2023-03,147.0,annual_revision,2023Q1,,,,
employment,기타,2023-04,147.0,annual_revision,2023Q2,,,,
employment,기타,2023-05,159.0,annual_revision,2023Q2,,,,
employment,기타,2023-06,158.0,annual_revision,2023Q2,,,,
employment,기타,2023-07,170.0,annual_revision,2023Q3,,,,
employment,기타,2023-08,170.0,annual_revision,2023Q3,,,,
employment,기타,2023-09,170.0,annual_revision,2023Q3,,,,
employment,기타,2023-10,170.0,annual_revision,2023Q4,158.0,annual_revision,7.594936708860756,True
employment,기타,2023-11,170.0,annual_revision,2023Q4,158.0,annual_revision,7.594936708860756,True
employment,기타,2023-12,170.0,annual_revision,2023Q4,158.0,annual_revision,7.594936708860756,True
employment,기타,2024-01,170.0,annual_revision,2024Q1,147.0,annual_revision,15.646258503401356,True
employment,기타,2024-02,170.0,annual_revision,2024Q1,147.0,annual_revision,15.646258503401356,True
employment,기타,2024-03,173.0,annual_revision,2024Q1,147.0,annual_revision,17.68707482993197,True
employment,목재종이,2022-10,266.0,annual_revision,2022Q4,,,,
employment,목재종이,2022-11,266.0,annual_revision,2022Q4,,,,
employment,목재종이,2022-12,263.0,annual_revision,2022Q4,,,,
employment,목재종이,2023-01,259.0,annual_revision,2023Q1,,,,
employment,목재종이,2023-02,258.0,annual_revision,2023Q1,,,,
employment,목재종이,2023-03,258.0,annual_revision,2023Q1,,,,
employment,목재종이,2023-04,259.0,annual_revision,2023Q2,,,,
employment,목재종이,2023-05,258.0,annual_revision,2023Q2,,,,
employment,목재종이,2023-06,258.0,annual_revision,2023Q2,,,,
employment,목재종이,2023-07,258.0,annual_revision,2023Q3,,,,
employment,목재종이,2023-08,252.0,annual_revision,2023Q3,,,,
employment,목재종이,2023-09,252.0,annual_revision,2023Q3,,,,
employment,목재종이,2023-10,252.0,annual_revision,2023Q4,266.0,annual_revision,-5.263157894736848,True
employment,목재종이,2023-11,266.0,annual_revision,2023Q4,266.0,annual_revision,0.0,True
employment,목재종이,2023-12,239.0,annual_revision,2023Q4,263.0,annual_revision,-9.125475285171103,True
employment,목재종이,2024-01,239.0,annual_revision,2024Q1,259.0,annual_revision,-7.722007722007717,True
employment,목재종이,2024-02,239.0,annual_revision,2024Q1,258.0,annual_revision,-7.36434108527132,True
employment,목재종이,2024-03,239.0,annual_revision,2024Q1,258.0,annual_revision,-7.36434108527132,True
employment,비금속,2022-10,258.0,annual_revision,2022Q4,,,,
employment,비금속,2022-11,257.0,annual_revision,2022Q4,,,,
employment,비금속,2022-12,257.0,annual_revision,2022Q4,,,,
employment,비금속,2023-01,281.0,annual_revision,2023Q1,,,,
employment,비금속,2023-02,258.0,annual_revision,2023Q1,,,,
employment,비금속,2023-03,256.0,annual_revision,2023Q1,,,,
employment,비금속,2023-04,256.0,annual_revision,2023Q2,,,,
employment,비금속,2023-05,257.0,annual_revision,2023Q2,,,,
employment,비금속,2023-06,251.0,annual_revision,2023Q2,,,,
employment,비금속,2023-07,251.0,annual_revision,2023Q3,,,,
employment,비금속,2023-08,251.0,annual_revision,2023Q3,,,,
employment,비금속,2023-09,251.0,annual_revision,2023Q3,,,,
employment,비금속,2023-10,251.0,annual_revision,2023Q4,258.0,annual_revision,-2.7131782945736482,True
employment,비금속,2023-11,251.0,annual_revision,2023Q4,257.0,annual_revision,-2.3346303501945553,True
employment,비금속,2023-12,251.0,annual_revision,2023Q4,257.0,annual_revision,-2.3346303501945553,True
employment,비금속,2024-01,250.0,annual_revision,2024Q1,281.0,annual_revision,-11.032028469750887,True
employment,비금속,2024-02,250.0,annual_revision,2024Q1,258.0,annual_revision,-3.100775193798455,True
employment,비금속,2024-03,250.0,annual_revision,2024Q1,256.0,annual_revision,-2.34375,True
employment,석유화학,2022-10,563.0,annual_revision,2022Q4,,,,
employment,석유화학,2022-11,566.0,annual_revision,2022Q4,,,,
employment,석유화학,2022-12,564.0,annual_revision,2022Q4,,,,
employment,석유화학,2023-01,567.0,annual_revision,2023Q1,,,,
employment,석유화학,2023-02,624.0,annual_revision,2023Q1,,,,
employment,석유화학,2023-03,624.0,annual_revision,2023Q1,,,,
employment,석유화학,2023-04,617.0,annual_revision,2023Q2,,,,
employment,석유화학,2023-05,630.0,annual_revision,2023Q2,,,,
employment,석유화학,2023-06,625.0,annual_revision,2023Q2,,,,
employment,석유화학,2023-07,625.0,annual_revision,2023Q3,,,,
employment,석유화학,2023-08,627.0,annual_revision,2023Q3,,,,
employment,석유화학,2023-09,627.0,annual_revision,2023Q3,,,,
employment,석유화학,2023-10,634.0,annual_revision,2023Q4,563.0,annual_revision,12.611012433392531,True
employment,석유화학,2023-11,634.0,annual_revision,2023Q4,566.0,annual_revision,12.014134275618371,True
employment,석유화학,2023-12,633.0,annual_revision,2023Q4,564.0,annual_revision,12.234042553191493,True
employment,석유화학,2024-01,646.0,annual_revision,2024Q1,567.0,annual_revision,13.932980599647271,True
employment,석유화학,2024-02,646.0,annual_revision,2024Q1,624.0,annual_revision,3.5256410256410353,True
employment,석유화학,2024-03,634.0,annual_revision,2024Q1,624.0,annual_revision,1.6025641025640969,True
employment,섬유의복,2022-10,65.0,annual_revision,2022Q4,,,,
employment,섬유의복,2022-11,64.0,annual_revision,2022Q4,,,,
employment,섬유의복,2022-12,64.0,annual_revision,2022Q4,,,,
employment,섬유의복,2023-01,53.0,annual_revision,2023Q1,,,,
employment,섬유의복,2023-02,53.0,annual_revision,2023Q1,,,,
employment,섬유의복,2023-03,53.0,annual_revision,2023Q1,,,,
employment,섬유의복,2023-04,52.0,annual_revision,2023Q2,,,,
employment,섬유의복,2023-05,52.0,annual_revision,2023Q2,,,,
employment,섬유의복,2023-06,44.0,annual_revision,2023Q2,,,,
employment,섬유의복,2023-07,44.0,annual_revision,2023Q3,,,,
employment,섬유의복,2023-08,39.0,annual_revision,2023Q3,,,,
employment,섬유의복,2023-09,39.0,annual_revision,2023Q3,,,,
employment,섬유의복,2023-10,39.0,annual_revision,2023Q4,65.0,annual_revision,-40.0,True
employment,섬유의복,2023-11,39.0,annual_revision,2023Q4,64.0,annual_revision,-39.0625,True
employment,섬유의복,2023-12,38.0,annual_revision,2023Q4,64.0,annual_revision,-40.625,True
employment,섬유의복,2024-01,38.0,annual_revision,2024Q1,53.0,annual_revision,-28.301886792452834,True
employment,섬유의복,2024-02,38.0,annual_revision,2024Q1,53.0,annual_revision,-28.301886792452834,True
employment,섬유의복,2024-03,38.0,annual_revision,2024Q1,53.0,annual_revision,-28.301886792452834,True
employment,운송장비,2022-10,16011.0,annual_revision,2022Q4,,,,
employment,운송장비,2022-11,16198.0,annual_revision,2022Q4,,,,
employment,운송장비,2022-12,16045.0,annual_revision,2022Q4,,,,
employment,운송장비,2023-01,16838.0,annual_revision,2023Q1,,,,
employment,운송장비,2023-02,16856.0,annual_revision,2023Q1,,,,
employment,운송장비,2023-03,16916.0,annual_revision,2023Q1,,,,
employment,운송장비,2023-04,16917.0,annual_revision,2023Q2,,,,
employment,운송장비,2023-05,16900.0,annual_revision,2023Q2,,,,
employment,운송장비,2023-06,16513.0,annual_revision,2023Q2,,,,
employment,운송장비,2023-07,16588.0,annual_revision,2023Q3,,,,
employment,운송장비,2023-08,16536.0,annual_revision,2023Q3,,,,
employment,운송장비,2023-09,16734.0,annual_revision,2023Q3,,,,
employment,운송장비,2023-10,16811.0,annual_revision,2023Q4,16011.0,annual_revision,4.996564861657604,True
employment,운송장비,2023-11,16831.0,annual_revision,2023Q4,16198.0,annual_revision,3.9078898629460346,True
employment,운송장비,2023-12,16819.0,annual_revision,2023Q4,16045.0,annual_revision,4.823932689311317,True
employment,운송장비,2024-01,16835.0,annual_revision,2024Q1,16838.0,annual_revision,-0.017816842855444825,True
employment,운송장비,2024-02,16825.0,annual_revision,2024Q1,16856.0,annual_revision,-0.18391077361177288,True
employment,운송장비,2024-03,16925.0,annual_revision,2024Q1,16916.0,annual_revision,0.05320406715536574,True
employment,음식료,2022-10,937.0,annual_revision,2022Q4,,,,
employment,음식료,2022-11,925.0,annual_revision,2022Q4,,,,
employment,음식료,2022-12,924.0,annual_revision,2022Q4,,,,
employment,음식료,2023-01,863.0,annual_revision,2023Q1,,,,
employment,음식료,2023-02,870.0,annual_revision,2023Q1,,,,
employment,음식료,2023-03,859.0,annual_revision,2023Q1,,,,
employment,음식료,2023-04,860.0,annual_revision,2023Q2,,,,
employment,음식료,2023-05,884.0,annual_revision,2023Q2,,,,
employment,음식료,2023-06,909.0,annual_revision,2023Q2,,,,
employment,음식료,2023-07,907.0,annual_revision,2023Q3,,,,
employment,음식료,2023-08,899.0,annual_revision,2023Q3,,,,
employment,음식료,2023-09,868.0,annual_revision,2023Q3,,,,
employment,음식료,2023-10,899.0,annual_revision,2023Q4,937.0,annual_revision,-4.055496264674496,True
employment,음식료,2023-11,911.0,annual_revision,2023Q4,925.0,annual_revision,-1.5135135135135092,True
employment,음식료,2023-12,913.0,annual_revision,2023Q4,924.0,annual_revision,-1.1904761904761862,True
employment,음식료,2024-01,910.0,annual_revision,2024Q1,863.0,annual_revision,5.446118192352256,True
employment,음식료,2024-02,855.0,annual_revision,2024Q1,870.0,annual_revision,-1.7241379310344862,True
employment,음식료,2024-03,878.0,annual_revision,2024Q1,859.0,annual_revision,2.211874272409786,True
employment,전기전자,2022-10,24358.0,annual_revision,2022Q4,,,,
employment,전기전자,2022-11,24305.0,annual_revision,2022Q4,,,,
employment,전기전자,2022-12,24311.0,annual_revision,2022Q4,,,,
employment,전기전자,2023-01,28466.0,annual_revision,2023Q1,,,,
employment,전기전자,2023-02,28666.0,annual_revision,2023Q1,,,,
employment,전기전자,2023-03,28812.0,annual_revision,2023Q1,,,,
employment,전기전자,2023-04,28738.0,annual_revision,2023Q2,,,,
employment,전기전자,2023-05,28737.0,annual_revision,2023Q2,,,,
employment,전기전자,2023-06,28674.0,annual_revision,2023Q2,,,,
employment,전기전자,2023-07,28839.0,annual_revision,2023Q3,,,,
employment,전기전자,2023-08,28816.0,annual_revision,2023Q3,,,,
employment,전기전자,2023-09,28830.0,annual_revision,2023Q3,,,,
employment,전기전자,2023-10,28949.0,annual_revision,2023Q4,24358.0,annual_revision,18.848017078577882,True
employment,전기전자,2023-11,28911.0,annual_revision,2023Q4,24305.0,annual_revision,18.95083316190085,True
employment,전기전자,2023-12,28777.0,annual_revision,2023Q4,24311.0,annual_revision,18.370285056147416,True
employment,전기전자,2024-01,28923.0,annual_revision,2024Q1,28466.0,annual_revision,1.605424014613921,True
employment,전기전자,2024-02,28984.0,annual_revision,2024Q1,28666.0,annual_revision,1.1093281239098474,True
employment,전기전자,2024-03,29221.0,annual_revision,2024Q1,28812.0,annual_revision,1.4195474108010586,True
employment,철강,2022-10,9046.0,annual_revision,2022Q4,,,,
employment,철강,2022-11,9199.0,annual_revision,2022Q4,,,,
employment,철강,2022-12,9158.0,annual_revision,2022Q4,,,,
employment,철강,2023-01,9107.0,annual_revision,2023Q1,,,,
employment,철강,2023-02,9131.0,annual_revision,2023Q1,,,,
employment,철강,2023-03,9115.0,annual_revision,2023Q1,,,,
employment,철강,2023-04,9127.0,annual_revision,2023Q2,,,,
employment,철강,2023-05,9120.0,annual_revision,2023Q2,,,,
employment,철강,2023-06,9192.0,annual_revision,2023Q2,,,,
employment,철강,2023-07,9194.0,annual_revision,2023Q3,,,,
employment,철강,2023-08,9191.0,annual_revision,2023Q3,,,,
employment,철강,2023-09,9191.0,annual_revision,2023Q3,,,,
employment,철강,2023-10,9221.0,annual_revision,2023Q4,9046.0,annual_revision,1.9345567101481276,True
employment,철강,2023-11,9239.0,annual_revision,2023Q4,9199.0,annual_revision,0.43482987281227015,True
employment,철강,2023-12,9184.0,annual_revision,2023Q4,9158.0,annual_revision,0.2839047827036367,True
employment,철강,2024-01,9194.0,annual_revision,2024Q1,9107.0,annual_revision,0.9553091028878802,True
employment,철강,2024-02,9183.0,annual_revision,2024Q1,9131.0,annual_revision,0.5694885554703655,True
employment,철강,2024-03,9313.0,annual_revision,2024Q1,9115.0,annual_revision,2.1722435545803664,True
firms_op,기계,2022-10,1449.0,annual_revision,2022Q4,,,,
firms_op,기계,2022-11,1454.0,annual_revision,2022Q4,,,,
firms_op,기계,2022-12,1455.0,annual_revision,2022Q4,,,,
firms_op,기계,2023-01,1450.0,annual_revision,2023Q1,,,,
firms_op,기계,2023-02,1452.0,annual_revision,2023Q1,,,,
firms_op,기계,2023-03,1455.0,annual_revision,2023Q1,,,,
firms_op,기계,2023-04,1457.0,annual_revision,2023Q2,,,,
firms_op,기계,2023-05,1457.0,annual_revision,2023Q2,,,,
firms_op,기계,2023-06,1460.0,annual_revision,2023Q2,,,,
firms_op,기계,2023-07,1460.0,annual_revision,2023Q3,,,,
firms_op,기계,2023-08,1456.0,annual_revision,2023Q3,,,,
firms_op,기계,2023-09,1456.0,annual_revision,2023Q3,,,,
firms_op,기계,2023-10,1456.0,annual_revision,2023Q4,1449.0,annual_revision,0.48309178743961567,True
firms_op,기계,2023-11,1456.0,annual_revision,2023Q4,1454.0,annual_revision,0.13755158184318717,True
firms_op,기계,2023-12,1459.0,annual_revision,2023Q4,1455.0,annual_revision,0.27491408934707806,True
firms_op,기계,2024-01,1462.0,annual_revision,2024Q1,1450.0,annual_revision,0.8275862068965578,True
firms_op,기계,2024-02,1469.0,annual_revision,2024Q1,1452.0,annual_revision,1.1707988980716344,True
firms_op,기계,2024-03,1469.0,annual_revision,2024Q1,1455.0,annual_revision,0.9621993127147732,True
firms_op,기타,2022-10,24.0,annual_revision,2022Q4,,,,
firms_op,기타,2022-11,23.0,annual_revision,2022Q4,,,,
firms_op,기타,2022-12,23.0,annual_revision,2022Q4,,,,
firms_op,기타,2023-01,23.0,annual_revision,2023Q1,,,,
firms_op,기타,2023-02,23.0,annual_revision,2023Q1,,,,
firms_op,기타,2023-03,22.0,annual_revision,2023Q1,,,,
firms_op,기타,2023-04,23.0,annual_revision,2023Q2,,,,
firms_op,기타,2023-05,23.0,annual_revision,2023Q2,,,,
firms_op,기타,2023-06,23.0,annual_revision,2023Q2,,,,
firms_op,기타,2023-07,23.0,annual_revision,2023Q3,,,,
firms_op,기타,2023-08,23.0,annual_revision,2023Q3,,,,
firms_op,기타,2023-09,23.0,annual_revision,2023Q3,,,,
firms_op,기타,2023-10,23.0,annual_revision,2023Q4,24.0,annual_revision,-4.1666666666666625,True
firms_op,기타,2023-11,23.0,annual_revision,2023Q4,23.0,annual_revision,0.0,True
firms_op,기타,2023-12,23.0,annual_revision,2023Q4,23.0,annual_revision,0.0,True
firms_op,기타,2024-01,23.0,annual_revision,2024Q1,23.0,annual_revision,0.0,True
firms_op,기타,2024-02,23.0,annual_revision,2024Q1,23.0,annual_revision,0.0,True
firms_op,기타,2024-03,23.0,annual_revision,2024Q1,22.0,annual_revision,4.545454545454541,True
firms_op,목재종이,2022-10,40.0,annual_revision,2022Q4,,,,
firms_op,목재종이,2022-11,40.0,annual_revision,2022Q4,,,,
firms_op,목재종이,2022-12,40.0,annual_revision,2022Q4,,,,
firms_op,목재종이,2023-01,40.0,annual_revision,2023Q1,,,,
firms_op,목재종이,2023-02,40.0,annual_revision,2023Q1,,,,
firms_op,목재종이,2023-03,39.0,annual_revision,2023Q1,,,,
firms_op,목재종이,2023-04,39.0,annual_revision,2023Q2,,,,
firms_op,목재종이,2023-05,39.0,annual_revision,2023Q2,,,,
firms_op,목재종이,2023-06,39.0,annual_revision,2023Q2,,,,
firms_op,목재종이,2023-07,39.0,annual_revision,2023Q3,,,,
firms_op,목재종이,2023-08,42.0,annual_revision,2023Q3,,,,
firms_op,목재종이,2023-09,43.0,annual_revision,2023Q3,,,,
firms_op,목재종이,2023-10,43.0,annual_revision,2023Q4,40.0,annual_revision,7.499999999999996,True
firms_op,목재종이,2023-11,43.0,annual_revision,2023Q4,40.0,annual_revision,7.499999999999996,True
firms_op,목재종이,2023-12,43.0,annual_revision,2023Q4,40.0,annual_revision,7.499999999999996,True
firms_op,목재종이,2024-01,43.0,annual_revision,2024Q1,40.0,annual_revision,7.499999999999996,True
firms_op,목재종이,2024-02,43.0,annual_revision,2024Q1,40.0,annual_revision,7.499999999999996,True
firms_op,목재종이,2024-03,43.0,annual_revision,2024Q1,39.0,annual_revision,10.256410256410264,True
firms_op,비금속,2022-10,5.0,annual_revision,2022Q4,,,,
firms_op,비금속,2022-11,5.0,annual_revision,2022Q4,,,,
firms_op,비금속,2022-12,5.0,annual_revision,2022Q4,,,,
firms_op,비금속,2023-01,5.0,annual_revision,2023Q1,,,,
firms_op,비금속,2023-02,5.0,annual_revision,2023Q1,,,,
firms_op,비금속,2023-03,5.0,annual_revision,2023Q1,,,,
firms_op,비금속,2023-04,5.0,annual_revision,2023Q2,,,,
firms_op,비금속,2023-05,5.0,annual_revision,2023Q2,,,,
firms_op,비금속,2023-06,5.0,annual_revision,2023Q2,,,,
firms_op,비금속,2023-07,5.0,annual_revision,2023Q3,,,,
firms_op,비금속,2023-08,5.0,annual_revision,2023Q3,,,,
firms_op,비금속,2023-09,5.0,annual_revision,2023Q3,,,,
firms_op,비금속,2023-10,5.0,annual_revision,2023Q4,5.0,annual_revision,0.0,True
firms_op,비금속,2023-11,5.0,annual_revision,2023Q4,5.0,annual_revision,0.0,True
firms_op,비금속,2023-12,5.0,annual_revision,2023Q4,5.0,annual_revision,0.0,True
firms_op,비금속,2024-01,5.0,annual_revision,2024Q1,5.0,annual_revision,0.0,True
firms_op,비금속,2024-02,5.0,annual_revision,2024Q1,5.0,annual_revision,0.0,True
firms_op,비금속,2024-03,5.0,annual_revision,2024Q1,5.0,annual_revision,0.0,True
firms_op,석유화학,2022-10,40.0,annual_revision,2022Q4,,,,
firms_op,석유화학,2022-11,40.0,annual_revision,2022Q4,,,,
firms_op,석유화학,2022-12,40.0,annual_revision,2022Q4,,,,
firms_op,석유화학,2023-01,40.0,annual_revision,2023Q1,,,,
firms_op,석유화학,2023-02,40.0,annual_revision,2023Q1,,,,
firms_op,석유화학,2023-03,41.0,annual_revision,2023Q1,,,,
firms_op,석유화학,2023-04,40.0,annual_revision,2023Q2,,,,
firms_op,석유화학,2023-05,40.0,annual_revision,2023Q2,,,,
firms_op,석유화학,2023-06,40.0,annual_revision,2023Q2,,,,
firms_op,석유화학,2023-07,40.0,annual_revision,2023Q3,,,,
firms_op,석유화학,2023-08,40.0,annual_revision,2023Q3,,,,
firms_op,석유화학,2023-09,40.0,annual_revision,2023Q3,,,,
firms_op,석유화학,2023-10,40.0,annual_revision,2023Q4,40.0,annual_revision,0.0,True
firms_op,석유화학,2023-11,40.0,annual_revision,2023Q4,40.0,annual_revision,0.0,True
firms_op,석유화학,2023-12,42.0,annual_revision,2023Q4,40.0,annual_revision,5.000000000000004,True
firms_op,석유화학,2024-01,41.0,annual_revision,2024Q1,40.0,annual_revision,2.499999999999991,True
firms_op,석유화학,2024-02,41.0,annual_revision,2024Q1,40.0,annual_revision,2.499999999999991,True
firms_op,석유화학,2024-03,41.0,annual_revision,2024Q1,41.0,annual_revision,0.0,True
firms_op,섬유의복,2022-10,8.0,annual_revision,2022Q4,,,,
firms_op,섬유의복,2022-11,8.0,annual_revision,2022Q4,,,,
firms_op,섬유의복,2022-12,8.0,annual_revision,2022Q4,,,,
firms_op,섬유의복,2023-01,8.0,annual_revision,2023Q1,,,,
firms_op,섬유의복,2023-02,7.0,annual_revision,2023Q1,,,,
firms_op,섬유의복,2023-03,7.0,annual_revision,2023Q1,,,,
firms_op,섬유의복,2023-04,7.0,annual_revision,2023Q2,,,,
firms_op,섬유의복,2023-05,7.0,annual_revision,2023Q2,,,,
firms_op,섬유의복,2023-06,7.0,annual_revision,2023Q2,,,,
firms_op,섬유의복,2023-07,7.0,annual_revision,2023Q3,,,,
firms_op,섬유의복,2023-08,7.0,annual_revision,2023Q3,,,,
firms_op,섬유의복,2023-09,7.0,annual_revision,2023Q3,,,,
firms_op,섬유의복,2023-10,7.0,annual_revision,2023Q4,8.0,annual_revision,-12.5,True
firms_op,섬유의복,2023-11,7.0,annual_revision,2023Q4,8.0,annual_revision,-12.5,True
firms_op,섬유의복,2023-12,7.0,annual_revision,2023Q4,8.0,annual_revision,-12.5,True
firms_op,섬유의복,2024-01,7.0,annual_revision,2024Q1,8.0,annual_revision,-12.5,True
firms_op,섬유의복,2024-02,7.0,annual_revision,2024Q1,7.0,annual_revision,0.0,True
firms_op,섬유의복,2024-03,7.0,annual_revision,2024Q1,7.0,annual_revision,0.0,True
firms_op,운송장비,2022-10,241.0,annual_revision,2022Q4,,,,
firms_op,운송장비,2022-11,241.0,annual_revision,2022Q4,,,,
firms_op,운송장비,2022-12,242.0,annual_revision,2022Q4,,,,
firms_op,운송장비,2023-01,244.0,annual_revision,2023Q1,,,,
firms_op,운송장비,2023-02,241.0,annual_revision,2023Q1,,,,
firms_op,운송장비,2023-03,242.0,annual_revision,2023Q1,,,,
firms_op,운송장비,2023-04,242.0,annual_revision,2023Q2,,,,
firms_op,운송장비,2023-05,242.0,annual_revision,2023Q2,,,,
firms_op,운송장비,2023-06,240.0,annual_revision,2023Q2,,,,
firms_op,운송장비,2023-07,240.0,annual_revision,2023Q3,,,,
firms_op,운송장비,2023-08,239.0,annual_revision,2023Q3,,,,
firms_op,운송장비,2023-09,239.0,annual_revision,2023Q3,,,,
firms_op,운송장비,2023-10,240.0,annual_revision,2023Q4,241.0,annual_revision,-0.4149377593360981,True
firms_op,운송장비,2023-11,240.0,annual_revision,2023Q4,241.0,annual_revision,-0.4149377593360981,True
firms_op,운송장비,2023-12,241.0,annual_revision,2023Q4,242.0,annual_revision,-0.4132231404958664,True
firms_op,운송장비,2024-01,240.0,annual_revision,2024Q1,244.0,annual_revision,-1.6393442622950838,True
firms_op,운송장비,2024-02,240.0,annual_revision,2024Q1,241.0,annual_revision,-0.4149377593360981,True
firms_op,운송장비,2024-03,240.0,annual_revision,2024Q1,242.0,annual_revision,-0.8264462809917328,True
firms_op,음식료,2022-10,6.0,annual_revision,2022Q4,,,,
firms_op,음식료,2022-11,5.0,annual_revision,2022Q4,,,,
firms_op,음식료,2022-12,5.0,annual_revision,2022Q4,,,,
firms_op,음식료,2023-01,5.0,annual_revision,2023Q1,,,,
firms_op,음식료,2023-02,5.0,annual_revision,2023Q1,,,,
firms_op,음식료,2023-03,5.0,annual_revision,2023Q1,,,,
firms_op,음식료,2023-04,5.0,annual_revision,2023Q2,,,,
firms_op,음식료,2023-05,5.0,annual_revision,2023Q2,,,,
firms_op,음식료,2023-06,5.0,annual_revision,2023Q2,,,,
firms_op,음식료,2023-07,5.0,annual_revision,2023Q3,,,,
firms_op,음식료,2023-08,5.0,annual_revision,2023Q3,,,,
firms_op,음식료,2023-09,5.0,annual_revision,2023Q3,,,,
firms_op,음식료,2023-10,5.0,annual_revision,2023Q4,6.0,annual_revision,-16.666666666666664,True
firms_op,음식료,2023-11,5.0,annual_revision,2023Q4,5.0,annual_revision,0.0,True
firms_op,음식료,2023-12,5.0,annual_revision,2023Q4,5.0,annual_revision,0.0,True
firms_op,음식료,2024-01,5.0,annual_revision,2024Q1,5.0,annual_revision,0.0,True
firms_op,음식료,2024-02,5.0,annual_revision,2024Q1,5.0,annual_revision,0.0,True
firms_op,음식료,2024-03,5.0,annual_revision,2024Q1,5.0,annual_revision,0.0,True
firms_op,전기전자,2022-10,543.0,annual_revision,2022Q4,,,,
firms_op,전기전자,2022-11,542.0,annual_revision,2022Q4,,,,
firms_op,전기전자,2022-12,545.0,annual_revision,2022Q4,,,,
firms_op,전기전자,2023-01,544.0,annual_revision,2023Q1,,,,
firms_op,전기전자,2023-02,546.0,annual_revision,2023Q1,,,,
firms_op,전기전자,2023-03,544.0,annual_revision,2023Q1,,,,
firms_op,전기전자,2023-04,549.0,annual_revision,2023Q2,,,,
firms_op,전기전자,2023-05,549.0,annual_revision,2023Q2,,,,
firms_op,전기전자,2023-06,554.0,annual_revision,2023Q2,,,,
firms_op,전기전자,2023-07,554.0,annual_revision,2023Q3,,,,
firms_op,전기전자,2023-08,555.0,annual_revision,2023Q3,,,,
firms_op,전기전자,2023-09,555.0,annual_revision,2023Q3,,,,
firms_op,전기전자,2023-10,556.0,annual_revision,2023Q4,543.0,annual_revision,2.3941068139963217,True
firms_op,전기전자,2023-11,556.0,annual_revision,2023Q4,542.0,annual_revision,2.583025830258312,True
firms_op,전기전자,2023-12,559.0,annual_revision,2023Q4,545.0,annual_revision,2.5688073394495303,True
firms_op,전기전자,2024-01,558.0,annual_revision,2024Q1,544.0,annual_revision,2.5735294117646967,True
firms_op,전기전자,2024-02,556.0,annual_revision,2024Q1,546.0,annual_revision,1.831501831501825,True
firms_op,전기전자,2024-03,556.0,annual_revision,2024Q1,544.0,annual_revision,2.2058823529411686,True
firms_op,철강,2022-10,74.0,annual_revision,2022Q4,,,,
firms_op,철강,2022-11,74.0,annual_revision,2022Q4,,,,
firms_op,철강,2022-12,74.0,annual_revision,2022Q4,,,,
firms_op,철강,2023-01,75.0,annual_revision,2023Q1,,,,
firms_op,철강,2023-02,75.0,annual_revision,2023Q1,,,,
firms_op,철강,2023-03,75.0,annual_revision,2023Q1,,,,
firms_op,철강,2023-04,76.0,annual_revision,2023Q2,,,,
firms_op,철강,2023-05,76.0,annual_revision,2023Q2,,,,
firms_op,철강,2023-06,75.0,annual_revision,2023Q2,,,,
firms_op,철강,2023-07,75.0,annual_revision,2023Q3,,,,
firms_op,철강,2023-08,75.0,annual_revision,2023Q3,,,,
firms_op,철강,2023-09,75.0,annual_revision,2023Q3,,,,
firms_op,철강,2023-10,75.0,annual_revision,2023Q4,74.0,annual_revision,1.3513513513513598,True
firms_op,철강,2023-11,75.0,annual_revision,2023Q4,74.0,annual_revision,1.3513513513513598,True
firms_op,철강,2023-12,75.0,annual_revision,2023Q4,74.0,annual_revision,1.3513513513513598,True
firms_op,철강,2024-01,73.0,annual_revision,2024Q1,75.0,annual_revision,-2.6666666666666616,True
firms_op,철강,2024-02,73.0,annual_revision,2024Q1,75.0,annual_revision,-2.6666666666666616,True
firms_op,철강,2024-03,73.0,annual_revision,2024Q1,75.0,annual_revision,-2.6666666666666616,True
op_rate,기계,2022-10,77.03849826473697,annual_revision,2022Q4,,,,
op_rate,기계,2022-11,77.83949994195561,annual_revision,2022Q4,,,,
op_rate,기계,2022-12,78.94310948237204,annual_revision,2022Q4,,,,
op_rate,기계,2023-01,72.53491882884593,annual_revision,2023Q1,,,,
op_rate,기계,2023-02,76.74485025544986,annual_revision,2023Q1,,,,
op_rate,기계,2023-03,78.1843356620352,annual_revision,2023Q1,,,,
op_rate,기계,2023-04,75.43231436666798,annual_revision,2023Q2,,,,
op_rate,기계,2023-05,77.21613152816941,annual_revision,2023Q2,,,,
op_rate,기계,2023-06,81.51574200804504,annual_revision,2023Q2,,,,
op_rate,기계,2023-07,76.60327243134182,annual_revision,2023Q3,,,,
op_rate,기계,2023-08,73.88080863716723,annual_revision,2023Q3,,,,
op_rate,기계,2023-09,77.51373271228127,annual_revision,2023Q3,,,,
op_rate,기계,2023-10,79.69993938100703,annual_revision,2023Q4,77.03849826473697,annual_revision,3.454689767087893,True
op_rate,기계,2023-11,78.95859234716008,annual_revision,2023Q4,77.83949994195561,annual_revision,1.437692182039929,True
op_rate,기계,2023-12,77.93408488178434,annual_revision,2023Q4,78.94310948237204,annual_revision,-1.278166780107648,True
op_rate,기계,2024-01,75.55897684322444,annual_revision,2024Q1,72.53491882884593,annual_revision,4.169106498228947,True
op_rate,기계,2024-02,74.01960473581876,annual_revision,2024Q1,76.74485025544986,annual_revision,-3.5510467615220587,True
op_rate,기계,2024-03,79.34797823818064,annual_revision,2024Q1,78.1843356620352,annual_revision,1.4883321144730122,True
op_rate,기타,2022-10,89.68197555774654,annual_revision,2022Q4,,,,
op_rate,기타,2022-11,85.00423793275813,annual_revision,2022Q4,,,,
op_rate,기타,2022-12,75.19850806529136,annual_revision,2022Q4,,,,
op_rate,기타,2023-01,67.40051724512638,annual_revision,2023Q1,,,,
op_rate,기타,2023-02,67.40051724512638,annual_revision,2023Q1,,,,
op_rate,기타,2023-03,67.40051724512638,annual_revision,2023Q1,,,,
op_rate,기타,2023-04,70.66046552061374,annual_revision,2023Q2,,,,
op_rate,기타,2023-05,67.40051724512638,annual_revision,2023Q2,,,,
op_rate,기타,2023-06,59.62547824582316,annual_revision,2023Q2,,,,
op_rate,기타,2023-07,59.62547824582316,annual_revision,2023Q3,,,,
op_rate,기타,2023-08,59.62547824582316,annual_revision,2023Q3,,,,
op_rate,기타,2023-09,59.62547824582316,annual_revision,2023Q3,,,,
op_rate,기타,2023-10,59.62547824582316,annual_revision,2023Q4,89.68197555774654,annual_revision,-33.514535250809566,True
op_rate,기타,2023-11,59.62547824582316,annual_revision,2023Q4,85.00423793275813,annual_revision,-29.85587578234702,True
op_rate,기타,2023-12,59.62547824582316,annual_revision,2023Q4,75.19850806529136,annual_revision,-20.709227111190643,True
op_rate,기타,2024-01,59.62547824582316,annual_revision,2024Q1,67.40051724512638,annual_revision,-11.535577644050532,True
op_rate,기타,2024-02,59.62547824582316,annual_revision,2024Q1,67.40051724512638,annual_revision,-11.535577644050532,True
op_rate,기타,2024-03,72.85866147965531,annual_revision,2024Q1,67.40051724512638,annual_revision,8.098074699751056,True
op_rate,목재종이,2022-10,73.27765032352012,annual_revision,2022Q4,,,,
op_rate,목재종이,2022-11,78.41839472706506,annual_revision,2022Q4,,,,
op_rate,목재종이,2022-12,76.39333452392401,annual_revision,2022Q4,,,,
op_rate,목재종이,2023-01,73.74053342113929,annual_revision,2023Q1,,,,
op_rate,목재종이,2023-02,28.509271035544547,annual_revision,2023Q1,,,,
op_rate,목재종이,2023-03,83.1116349553797,annual_revision,2023Q1,,,,
op_rate,목재종이,2023-04,77.88413098236776,annual_revision,2023Q2,,,,
op_rate,목재종이,2023-05,75.58354324097397,annual_revision,2023Q2,,,,
op_rate,목재종이,2023-06,62.16624685138539,annual_revision,2023Q2,,,,
op_rate,목재종이,2023-07,75.25789068514241,annual_revision,2023Q3,,,,
op_rate,목재종이,2023-08,77.19784449576598,annual_revision,2023Q3,,,,
op_rate,목재종이,2023-09,77.2818223795598,annual_revision,2023Q3,,,,
op_rate,목재종이,2023-10,79.2057872864399,annual_revision,2023Q4,73.27765032352012,annual_revision,8.089965953803247,True
op_rate,목재종이,2023-11,68.677851315992,annual_revision,2023Q4,78.41839472706506,annual_revision,-12.421248158643117,True
op_rate,목재종이,2023-12,66.72310297060181,annual_revision,2023Q4,76.39333452392401,annual_revision,-12.658475524842782,True
op_rate,목재종이,2024-01,76.51098901098901,annual_revision,2024Q1,73.74053342113929,annual_revision,3.7570322064628625,True
op_rate,목재종이,2024-02,75.1598692624698,annual_revision,2024Q1,28.509271035544547,annual_revision,163.63307981029266,True
op_rate,목재종이,2024-03,73.24462061155153,annual_revision,2024Q1,83.1116349553797,annual_revision,-11.87200125364577,True
op_rate,비금속,2022-10,49.24133524996007,annual_revision,2022Q4,,,,
op_rate,비금속,2022-11,55.873596239226956,annual_revision,2022Q4,,,,
op_rate,비금속,2022-12,47.413931144915935,annual_revision,2022Q4,,,,
op_rate,비금속,2023-01,48.69495596477182,annual_revision,2023Q1,,,,
op_rate,비금속,2023-02,51.27835601814785,annual_revision,2023Q1,,,,
op_rate,비금속,2023-03,60.57657657657658,annual_revision,2023Q1,,,,
op_rate,비금속,2023-04,57.48777348777349,annual_revision,2023Q2,,,,
op_rate,비금속,2023-05,53.29486495660185,annual_revision,2023Q2,,,,
op_rate,비금속,2023-06,57.91214671401469,annual_revision,2023Q2,,,,
op_rate,비금속,2023-07,50.9474657217686,annual_revision,2023Q3,,,,
op_rate,비금속,2023-08,49.67680908087655,annual_revision,2023Q3,,,,
op_rate,비금속,2023-09,57.24093884719783,annual_revision,2023Q3,,,,
op_rate,비금속,2023-10,56.86274509803921,annual_revision,2023Q4,49.24133524996007,annual_revision,15.47766690198622,True
op_rate,비금속,2023-11,63.23357552969869,annual_revision,2023Q4,55.873596239226956,annual_revision,13.17255338095553,True
op_rate,비금속,2023-12,57.65459072201615,annual_revision,2023Q4,47.413931144915935,annual_revision,21.5984191350864,True
op_rate,비금속,2024-01,46.059651440475584,annual_revision,2024Q1,48.69495596477182,annual_revision,-5.411863450914178,True
op_rate,비금속,2024-02,44.52517656623139,annual_revision,2024Q1,51.27835601814785,annual_revision,-13.169648905137398,True
op_rate,비금속,2024-03,56.9127584980438,annual_revision,2024Q1,60.57657657657658,annual_revision,-6.048242217684985,True
op_rate,석유화학,2022-10,81.46948493656714,annual_revision,2022Q4,,,,
op_rate,석유화학,2022-11,79.71564858982077,annual_revision,2022Q4,,,,
op_rate,석유화학,2022-12,95.34881838619013,annual_revision,2022Q4,,,,
op_rate,석유화학,2023-01,60.300368216361456,annual_revision,2023Q1,,,,
op_rate,석유화학,2023-02,59.301304193605844,annual_revision,2023Q1,,,,
op_rate,석유화학,2023-03,63.27055906043678,annual_revision,2023Q1,,,,
op_rate,석유화학,2023-04,73.36649852017288,annual_revision,2023Q2,,,,
op_rate,석유화학,2023-05,72.83997015708464,annual_revision,2023Q2,,,,
op_rate,석유화학,2023-06,76.0203616499932,annual_revision,2023Q2,,,,
op_rate,석유화학,2023-07,75.56378737108847,annual_revision,2023Q3,,,,
op_rate,석유화학,2023-08,73.10007237465139,annual_revision,2023Q3,,,,
op_rate,석유화학,2023-09,74.74775852541764,annual_revision,2023Q3,,,,
op_rate,석유화학,2023-10,75.68367745814497,annual_revision,2023Q4,81.46948493656714,annual_revision,-7.1018093252056875,True
op_rate,석유화학,2023-11,82.90495213688098,annual_revision,2023Q4,79.71564858982077,annual_revision,4.000850025659153,True
op_rate,석유화학,2023-12,71.98469361819237,annual_revision,2023Q4,95.34881838619013,annual_revision,-24.503843008695025,True
op_rate,석유화학,2024-01,75.8153891842396,annual_revision,2024Q1,60.300368216361456,annual_revision,25.72956256620076,True
op_rate,석유화학,2024-02,70.57377030739222,annual_revision,2024Q1,59.301304193605844,annual_revision,19.008799666503506,True
op_rate,석유화학,2024-03,81.39178052605173,annual_revision,2024Q1,63.27055906043678,annual_revision,28.640842968220582,True
op_rate,섬유의복,2022-10,100.0,annual_revision,2022Q4,,,,
op_rate,섬유의복,2022-11,100.0,annual_revision,2022Q4,,,,
op_rate,섬유의복,2022-12,100.0,annual_revision,2022Q4,,,,
op_rate,섬유의복,2023-01,100.0,annual_revision,2023Q1,,,,
op_rate,섬유의복,2023-02,100.0,annual_revision,2023Q1,,,,
op_rate,섬유의복,2023-03,100.0,annual_revision,2023Q1,,,,
op_rate,섬유의복,2023-04,100.0,annual_revision,2023Q2,,,,
op_rate,섬유의복,2023-05,100.0,annual_revision,2023Q2,,,,
op_rate,섬유의복,2023-06,100.0,annual_revision,2023Q2,,,,
op_rate,섬유의복,2023-07,100.0,annual_revision,2023Q3,,,,
op_rate,섬유의복,2023-08,100.0,annual_revision,2023Q3,,,,
op_rate,섬유의복,2023-09,100.0,annual_revision,2023Q3,,,,
op_rate,섬유의복,2023-10,100.0,annual_revision,2023Q4,100.0,annual_revision,0.0,True
op_rate,섬유의복,2023-11,100.0,annual_revision,2023Q4,100.0,annual_revision,0.0,True
op_rate,섬유의복,2023-12,100.0,annual_revision,2023Q4,100.0,annual_revision,0.0,True
op_rate,섬유의복,2024-01,100.0,annual_revision,2024Q1,100.0,annual_revision,0.0,True
op_rate,섬유의복,2024-02,99.02120717781403,annual_revision,2024Q1,100.0,annual_revision,-0.9787928221859699,True
op_rate,섬유의복,2024-03,90.86460032626428,annual_revision,2024Q1,100.0,annual_revision,-9.135399673735723,True
op_rate,운송장비,2022-10,93.38146128054318,annual_revision,2022Q4,,,,
op_rate,운송장비,2022-11,93.7959514423681,annual_revision,2022Q4,,,,
op_rate,운송장비,2022-12,92.81895523884963,annual_revision,2022Q4,,,,
op_rate,운송장비,2023-01,91.95054694367296,annual_revision,2023Q1,,,,
op_rate,운송장비,2023-02,92.34115867120217,annual_revision,2023Q1,,,,
op_rate,운송장비,2023-03,93.15602449218197,annual_revision,2023Q1,,,,
op_rate,운송장비,2023-04,92.57305686594579,annual_revision,2023Q2,,,,
op_rate,운송장비,2023-05,92.87927096848655,annual_revision,2023Q2,,,,
op_rate,운송장비,2023-06,92.09558495972594,annual_revision,2023Q2,,,,
op_rate,운송장비,2023-07,91.51118015841438,annual_revision,2023Q3,,,,
op_rate,운송장비,2023-08,90.97056850078668,annual_revision,2023Q3,,,,
op_rate,운송장비,2023-09,91.36222299151125,annual_revision,2023Q3,,,,
op_rate,운송장비,2023-10,91.76827751825073,annual_revision,2023Q4,93.38146128054318,annual_revision,-1.7275203666453742,True
op_rate,운송장비,2023-11,92.14326362399756,annual_revision,2023Q4,93.7959514423681,annual_revision,-1.7620033625715847,True
op_rate,운송장비,2023-12,92.35701754195216,annual_revision,2023Q4,92.81895523884963,annual_revision,-0.4976760357933041,True
op_rate,운송장비,2024-01,91.61945941608836,annual_revision,2024Q1,91.95054694367296,annual_revision,-0.3600712976589704,True
op_rate,운송장비,2024-02,90.95062326162227,annual_revision,2024Q1,92.34115867120217,annual_revision,-1.5058674047302767,True
op_rate,운송장비,2024-03,92.10707159790002,annual_revision,2024Q1,93.15602449218197,annual_revision,-1.1260172382839162,True
op_rate,음식료,2022-10,90.74383802816901,annual_revision,2022Q4,,,,
op_rate,음식료,2022-11,90.84020618556701,annual_revision,2022Q4,,,,
op_rate,음식료,2022-12,94.6768826619965,annual_revision,2022Q4,,,,
op_rate,음식료,2023-01,90.33505154639175,annual_revision,2023Q1,,,,
op_rate,음식료,2023-02,86.79136201326305,annual_revision,2023Q1,,,,
op_rate,음식료,2023-03,90.20790378006873,annual_revision,2023Q1,,,,
op_rate,음식료,2023-04,89.74147217235189,annual_revision,2023Q2,,,,
op_rate,음식료,2023-05,88.3645104895105,annual_revision,2023Q2,,,,
op_rate,음식료,2023-06,89.05593803786574,annual_revision,2023Q2,,,,
op_rate,음식료,2023-07,86.52787456445992,annual_revision,2023Q3,,,,
op_rate,음식료,2023-08,87.1094424305196,annual_revision,2023Q3,,,,
op_rate,음식료,2023-09,90.0680799724233,annual_revision,2023Q3,,,,
op_rate,음식료,2023-10,89.8108581436077,annual_revision,2023Q4,90.74383802816901,annual_revision,-1.0281468194806687,True
op_rate,음식료,2023-11,90.62847790507365,annual_revision,2023Q4,90.84020618556701,annual_revision,-0.23307771897924656,True
op_rate,음식료,2023-12,92.68816254416961,annual_revision,2023Q4,94.6768826619965,annual_revision,-2.1005340077860035,True
op_rate,음식료,2024-01,90.38505747126436,annual_revision,2024Q1,90.33505154639175,annual_revision,0.055356059488076426,True
op_rate,음식료,2024-02,88.9074040713385,annual_revision,2024Q1,86.79136201326305,annual_revision,2.4380791002589497,True
op_rate,음식료,2024-03,86.43235301788214,annual_revision,2024Q1,90.20790378006873,annual_revision,-4.18538798040532,True
op_rate,전기전자,2022-10,79.37208695836657,annual_revision,2022Q4,,,,
op_rate,전기전자,2022-11,77.34608673024846,annual_revision,2022Q4,,,,
op_rate,전기전자,2022-12,81.24976560365465,annual_revision,2022Q4,,,,
op_rate,전기전자,2023-01,74.81532392069732,annual_revision,2023Q1,,,,
op_rate,전기전자,2023-02,74.46403203493082,annual_revision,2023Q1,,,,
op_rate,전기전자,2023-03,77.00960676982487,annual_revision,2023Q1,,,,
op_rate,전기전자,2023-04,73.94610664558617,annual_revision,2023Q2,,,,
op_rate,전기전자,2023-05,76.50293808349883,annual_revision,2023Q2,,,,
op_rate,전기전자,2023-06,74.95994720861697,annual_revision,2023Q2,,,,
op_rate,전기전자,2023-07,76.07096532024659,annual_revision,2023Q3,,,,
op_rate,전기전자,2023-08,74.15493149214024,annual_revision,2023Q3,,,,
op_rate,전기전자,2023-09,76.71396307581846,annual_revision,2023Q3,,,,
op_rate,전기전자,2023-10,73.09581560939658,annual_revision,2023Q4,79.37208695836657,annual_revision,-7.907403710150785,True
op_rate,전기전자,2023-11,77.50147367733123,annual_revision,2023Q4,77.34608673024846,annual_revision,0.20089826602953664,True
op_rate,전기전자,2023-12,76.16552863200872,annual_revision,2023Q4,81.24976560365465,annual_revision,-6.257540478882618,True
op_rate,전기전자,2024-01,77.33378009456183,annual_revision,2024Q1,74.81532392069732,annual_revision,3.366230394904157,True
op_rate,전기전자,2024-02,76.40784570133208,annual_revision,2024Q1,74.46403203493082,annual_revision,2.6104061427796754,True
op_rate,전기전자,2024-03,70.74178548769929,annual_revision,2024Q1,77.00960676982487,annual_revision,-8.139012189556505,True
op_rate,철강,2022-10,80.98040128261296,annual_revision,2022Q4,,,,
op_rate,철강,2022-11,76.15923805227195,annual_revision,2022Q4,,,,
op_rate,철강,2022-12,85.90843702236921,annual_revision,2022Q4,,,,
op_rate,철강,2023-01,86.23682828240369,annual_revision,2023Q1,,,,
op_rate,철강,2023-02,87.89398505026327,annual_revision,2023Q1,,,,
op_rate,철강,2023-03,96.68023836475874,annual_revision,2023Q1,,,,
op_rate,철강,2023-04,93.53466599871157,annual_revision,2023Q2,,,,
op_rate,철강,2023-05,91.37965996388529,annual_revision,2023Q2,,,,
op_rate,철강,2023-06,81.11023277223617,annual_revision,2023Q2,,,,
op_rate,철강,2023-07,79.13896275964754,annual_revision,2023Q3,,,,
op_rate,철강,2023-08,63.602343086868984,annual_revision,2023Q3,,,,
op_rate,철강,2023-09,71.50414634953324,annual_revision,2023Q3,,,,
op_rate,철강,2023-10,67.25687750020221,annual_revision,2023Q4,80.98040128261296,annual_revision,-16.94672237362361,True
op_rate,철강,2023-11,66.74710264911081,annual_revision,2023Q4,76.15923805227195,annual_revision,-12.358494706447964,True
op_rate,철강,2023-12,68.24396394224033,annual_revision,2023Q4,85.90843702236921,annual_revision,-20.561977021569287,True
op_rate,철강,2024-01,70.23887221714446,annual_revision,2024Q1,86.23682828240369,annual_revision,-18.551187913439936,True
op_rate,철강,2024-02,62.19915678832106,annual_revision,2024Q1,87.89398505026327,annual_revision,-29.233886991525416,True
op_rate,철강,2024-03,70.97649040162585,annual_revision,2024Q1,96.68023836475874,annual_revision,-26.586351459081893,True
production,기계,2018-01,23230.0,portal_raw,2018Q1,,,,
production,기계,2018-02,19956.0,portal_raw,2018Q1,,,,
production,기계,2018-03,22768.0,portal_raw,2018Q1,,,,
production,기계,2018-04,20924.0,portal_raw,2018Q2,,,,
production,기계,2018-05,21020.0,portal_raw,2018Q2,,,,
production,기계,2018-06,22181.0,portal_raw,2018Q2,,,,
production,기계,2018-07,20558.0,portal_raw,2018Q3,,,,
production,기계,2018-08,20330.0,portal_raw,2018Q3,,,,
production,기계,2018-09,18467.0,portal_raw,2018Q3,,,,
production,기계,2018-10,17624.0,portal_raw,2018Q4,,,,
production,기계,2018-11,15036.0,portal_raw,2018Q4,,,,
production,기계,2018-12,14651.0,portal_raw,2018Q4,,,,
production,기계,2019-01,12901.0,portal_raw,2019Q1,23230.0,portal_raw,-44.464055101162295,True
production,기계,2019-02,12047.0,portal_raw,2019Q1,19956.0,portal_raw,-39.63219081980357,True
production,기계,2019-03,13281.0,portal_raw,2019Q1,22768.0,portal_raw,-41.66813070976809,True
production,기계,2019-04,13643.0,portal_raw,2019Q2,20924.0,portal_raw,-34.79736188109348,True
production,기계,2019-05,14143.0,portal_raw,2019Q2,21020.0,portal_raw,-32.716460513796385,True
production,기계,2019-06,13032.0,portal_raw,2019Q2,22181.0,portal_raw,-41.24701320950363,True
production,기계,2019-07,12829.0,portal_raw,2019Q3,20558.0,portal_raw,-37.59606965658138,True
production,기계,2019-08,11493.0,portal_raw,2019Q3,20330.0,portal_raw,-43.46778160354157,True
production,기계,2019-09,11447.0,portal_raw,2019Q3,18467.0,portal_raw,-38.01375426436346,True
production,기계,2019-10,13514.0,portal_raw,2019Q4,17624.0,portal_raw,-23.32047208352247,True
production,기계,2019-11,12595.0,portal_raw,2019Q4,15036.0,portal_raw,-16.234370843309385,True
production,기계,2019-12,13972.0,portal_raw,2019Q4,14651.0,portal_raw,-4.634495938843763,True
production,기계,2020-01,12107.0,portal_raw,2020Q1,12901.0,portal_raw,-6.154561661886671,True
production,기계,2020-02,12586.0,portal_raw,2020Q1,12047.0,portal_raw,4.474142940151071,True
production,기계,2020-03,14519.0,portal_raw,2020Q1,13281.0,portal_raw,9.32158722987726,True
production,기계,2020-04,12647.0,portal_raw,2020Q2,13643.0,portal_raw,-7.300447115737008,True
production,기계,2020-05,11385.0,portal_raw,2020Q2,14143.0,portal_raw,-19.500813123099768,True
production,기계,2020-06,11896.0,portal_raw,2020Q2,13032.0,portal_raw,-8.717004297114794,True
production,기계,2020-07,11879.0,portal_raw,2020Q3,12829.0,portal_raw,-7.405097825239693,True
production,기계,2020-08,10101.0,portal_raw,2020Q3,11493.0,portal_raw,-12.111720177499352,True
production,기계,2020-09,12510.0,portal_raw,2020Q3,11447.0,portal_raw,9.286275880143279,True
production,기계,2020-10,12704.0,portal_raw,2020Q4,13514.0,portal_raw,-5.993784223767939,True
production,기계,2020-11,13204.0,portal_raw,2020Q4,12595.0,portal_raw,4.83525208416038,True
production,기계,2020-12,13825.0,portal_raw,2020Q4,13972.0,portal_raw,-1.0521042084168375,True
production,기계,2021-01,12689.91849,portal_raw,2021Q1,12107.0,portal_raw,4.814722804988847,True
production,기계,2021-02,12336.28453,portal_raw,2021Q1,12586.0,portal_raw,-1.9840733354520856,True
production,기계,2021-03,14467.28975,portal_raw,2021Q1,14519.0,portal_raw,-0.35615572697844655,True
production,기계,2021-04,14135.91945,portal_raw,2021Q2,12647.0,portal_raw,11.772906222819636,True
production,기계,2021-05,14217.65329,portal_raw,2021Q2,11385.0,portal_raw,24.880573473869138,True
production,기계,2021-06,14910.04411,portal_raw,2021Q2,11896.0,portal_raw,25.336618275050448,True
production,기계,2021-07,14488.99085,portal_raw,2021Q3,11879.0,portal_raw,21.971469399781117,True
production,기계,2021-08,13420.3556,portal_raw,2021Q3,10101.0,portal_raw,32.86165330165331,True
production,기계,2021-09,13787.75559,portal_raw,2021Q3,12510.0,portal_raw,10.213873621103131,True
production,기계,2021-10,14572.8362,portal_raw,2021Q4,12704.0,portal_raw,14.710612405541568,True
production,기계,2021-11,15474.87351,portal_raw,2021Q4,13204.0,portal_raw,17.198375568009695,True
production,기계,2021-12,17063.11184,portal_raw,2021Q4,13825.0,portal_raw,23.42214712477397,True
production,기계,2022-01,15145.20849,portal_raw,2022Q1,12689.91849,portal_raw,19.348351228062157,True
production,기계,2022-02,14804.09734,portal_raw,2022Q1,12336.28453,portal_raw,20.004506251445875,True
production,기계,2022-03,15446.3595,portal_raw,2022Q1,14467.28975,portal_raw,6.767471771967526,True
production,기계,2022-04,15138.90048,portal_raw,2022Q2,14135.91945,portal_raw,7.095265600144618,True
production,기계,2022-05,15423.16806,portal_raw,2022Q2,14217.65329,portal_raw,8.478999631028428,True
production,기계,2022-06,16036.64413,portal_raw,2022Q2,14910.04411,portal_raw,7.555980463159062,True
production,기계,2022-07,15383.93648,portal_raw,2022Q3,14488.99085,portal_raw,6.176728519364061,True
production,기계,2022-08,15084.00097,portal_raw,2022Q3,13420.3556,portal_raw,12.396432848619888,True
production,기계,2022-09,15316.78231,portal_raw,2022Q3,13787.75559,portal_raw,11.089743432273892,True
production,기계,2022-10,14007.384679666671,annual_revision,2022Q4,14572.8362,portal_raw,-3.8801748168508787,False
production,기계,2022-11,14351.108795666669,annual_revision,2022Q4,15474.87351,portal_raw,-7.261866881219703,False
production,기계,2022-12,14772.820371333335,annual_revision,2022Q4,17063.11184,portal_raw,-13.422472349373438,False
production,기계,2023-01,14021.258670256413,annual_revision,2023Q1,15145.20849,portal_raw,-7.421157790503208,False
production,기계,2023-02,14743.325024256417,annual_revision,2023Q1,14804.09734,portal_raw,-0.41051010641073304,False
production,기계,2023-03,15018.535608256418,annual_revision,2023Q1,15446.3595,portal_raw,-2.7697393145846627,False
production,기계,2023-04,14552.225628256409,annual_revision,2023Q2,15138.90048,portal_raw,-3.875280457247521,False
production,기계,2023-05,15414.703526333338,annual_revision,2023Q2,15423.16806,portal_raw,-0.05488193887100978,False
production,기계,2023-06,16813.024035666676,annual_revision,2023Q2,16036.64413,portal_raw,4.84128661441261,False
production,기계,2023-07,14875.182415666668,annual_revision,2023Q3,15383.93648,portal_raw,-3.307047354197945,False
production,기계,2023-08,14127.239108666668,annual_revision,2023Q3,15084.00097,portal_raw,-6.342891804609385,False
production,기계,2023-09,15856.43515466668,annual_revision,2023Q3,15316.78231,portal_raw,3.523278151667353,False
production,기계,2023-10,16385.969840666676,annual_revision,2023Q4,14007.384679666671,annual_revision,16.980936951441006,True
production,기계,2023-11,17097.169004666674,annual_revision,2023Q4,14351.108795666669,annual_revision,19.13482956682191,True
production,기계,2023-12,,annual_revision,2023Q4,14772.820371333335,annual_revision,,True
production,기계,2024-01,16747.477520666667,annual_revision,2024Q1,14021.258670256413,annual_revision,19.44346734144089,True
production,기계,2024-02,16364.739477666668,annual_revision,2024Q1,14743.325024256417,annual_revision,10.997617231815916,True
production,기계,2024-03,17641.824425666666,annual_revision,2024Q1,15018.535608256418,annual_revision,17.467008008211526,True
production,기타,2018-01,18.0,portal_raw,2018Q1,,,,
production,기타,2018-02,13.0,portal_raw,2018Q1,,,,
production,기타,2018-03,9.0,portal_raw,2018Q1,,,,
production,기타,2018-04,17.0,portal_raw,2018Q2,,,,
production,기타,2018-05,33.0,portal_raw,2018Q2,,,,
production,기타,2018-06,24.0,portal_raw,2018Q2,,,,
production,기타,2018-07,19.0,portal_raw,2018Q3,,,,
production,기타,2018-08,35.0,portal_raw,2018Q3,,,,
production,기타,2018-09,9.0,portal_raw,2018Q3,,,,
production,기타,2018-10,13.0,portal_raw,2018Q4,,,,
production,기타,2018-11,25.0,portal_raw,2018Q4,,,,
production,기타,2018-12,18.0,portal_raw,2018Q4,,,,
production,기타,2019-01,18.0,portal_raw,2019Q1,18.0,portal_raw,0.0,True
production,기타,2019-02,17.0,portal_raw,2019Q1,13.0,portal_raw,30.76923076923077,True
production,기타,2019-03,17.0,portal_raw,2019Q1,9.0,portal_raw,88.88888888888889,True
production,기타,2019-04,8.0,portal_raw,2019Q2,17.0,portal_raw,-52.94117647058824,True
production,기타,2019-05,10.0,portal_raw,2019Q2,33.0,portal_raw,-69.6969696969697,True
production,기타,2019-06,13.0,portal_raw,2019Q2,24.0,portal_raw,-45.833333333333336,True
production,기타,2019-07,10.0,portal_raw,2019Q3,19.0,portal_raw,-47.36842105263158,True
production,기타,2019-08,9.0,portal_raw,2019Q3,35.0,portal_raw,-74.28571428571429,True
production,기타,2019-09,10.0,portal_raw,2019Q3,9.0,portal_raw,11.111111111111116,True
production,기타,2019-10,8.0,portal_raw,2019Q4,13.0,portal_raw,-38.46153846153846,True
production,기타,2019-11,11.0,portal_raw,2019Q4,25.0,portal_raw,-56.00000000000001,True
production,기타,2019-12,18.0,portal_raw,2019Q4,18.0,portal_raw,0.0,True
production,기타,2020-01,9.0,portal_raw,2020Q1,18.0,portal_raw,-50.0,True
production,기타,2020-02,10.0,portal_raw,2020Q1,17.0,portal_raw,-41.17647058823529,True
production,기타,2020-03,20.0,portal_raw,2020Q1,17.0,portal_raw,17.647058823529417,True
production,기타,2020-04,11.0,portal_raw,2020Q2,8.0,portal_raw,37.5,True
production,기타,2020-05,12.0,portal_raw,2020Q2,10.0,portal_raw,19.999999999999996,True
production,기타,2020-06,22.0,portal_raw,2020Q2,13.0,portal_raw,69.23076923076923,True
production,기타,2020-07,22.0,portal_raw,2020Q3,10.0,portal_raw,120.00000000000001,True
production,기타,2020-08,21.0,portal_raw,2020Q3,9.0,portal_raw,133.33333333333334,True
production,기타,2020-09,23.0,portal_raw,2020Q3,10.0,portal_raw,129.99999999999997,True
production,기타,2020-10,60.0,portal_raw,2020Q4,8.0,portal_raw,650.0,True
production,기타,2020-11,60.0,portal_raw,2020Q4,11.0,portal_raw,445.45454545454544,True
production,기타,2020-12,64.0,portal_raw,2020Q4,18.0,portal_raw,255.55555555555554,True
production,기타,2021-01,61.99722222,portal_raw,2021Q1,9.0,portal_raw,588.8580246666667,True
production,기타,2021-02,62.55666667,portal_raw,2021Q1,10.0,portal_raw,525.5666667,True
production,기타,2021-03,57.70666667,portal_raw,2021Q1,20.0,portal_raw,188.53333334999996,True
production,기타,2021-04,64.46666667,portal_raw,2021Q2,11.0,portal_raw,486.06060609090906,True
production,기타,2021-05,49.82,portal_raw,2021Q2,12.0,portal_raw,315.16666666666663,True
production,기타,2021-06,49.92,portal_raw,2021Q2,22.0,portal_raw,126.9090909090909,True
production,기타,2021-07,48.87,portal_raw,2021Q3,22.0,portal_raw,122.13636363636363,True
production,기타,2021-08,57.13666667,portal_raw,2021Q3,21.0,portal_raw,172.0793650952381,True
production,기타,2021-09,46.15666667,portal_raw,2021Q3,23.0,portal_raw,100.6811594347826,True
production,기타,2021-10,43.03666667,portal_raw,2021Q4,60.0,portal_raw,-28.272222216666666,True
production,기타,2021-11,58.17666667,portal_raw,2021Q4,60.0,portal_raw,-3.038888883333324,True
production,기타,2021-12,58.17666667,portal_raw,2021Q4,64.0,portal_raw,-9.098958328124995,True
production,기타,2022-01,58.17666667,portal_raw,2022Q1,61.99722222,portal_raw,-6.162462467177288,True
production,기타,2022-02,59.17666667,portal_raw,2022Q1,62.55666667,portal_raw,-5.4031011879680735,True
production,기타,2022-03,44.56666667,portal_raw,2022Q1,57.70666667,portal_raw,-22.770332715875096,True
production,기타,2022-04,43.10666667,portal_raw,2022Q2,64.46666667,portal_raw,-33.13340227336434,True
production,기타,2022-05,42.87666667,portal_raw,2022Q2,49.82,portal_raw,-13.936839281413093,True
production,기타,2022-06,44.70666667,portal_raw,2022Q2,49.92,portal_raw,-10.443376061698729,True
production,기타,2022-07,42.47666667,portal_raw,2022Q3,48.87,portal_raw,-13.082327255985259,True
production,기타,2022-08,44.10666667,portal_raw,2022Q3,57.13666667,portal_raw,-22.804970537144552,True
production,기타,2022-09,45.77666667,portal_raw,2022Q3,46.15666667,portal_raw,-0.8232830215336717,True
production,기타,2022-10,32.594166666666666,annual_revision,2022Q4,43.03666667,portal_raw,-24.264193329388572,False
production,기타,2022-11,32.594166666666666,annual_revision,2022Q4,58.17666667,portal_raw,-43.973815393114435,False
production,기타,2022-12,32.594166666666666,annual_revision,2022Q4,58.17666667,portal_raw,-43.973815393114435,False
production,기타,2023-01,25.84416666666667,annual_revision,2023Q1,58.17666667,portal_raw,-55.576405205089294,False
production,기타,2023-02,25.84416666666667,annual_revision,2023Q1,59.17666667,portal_raw,-56.32709964759043,False
production,기타,2023-03,25.84416666666667,annual_revision,2023Q1,44.56666667,portal_raw,-42.01009723694763,False
production,기타,2023-04,27.09416666666667,annual_revision,2023Q2,43.10666667,portal_raw,-37.146226419954665,False
production,기타,2023-05,25.84416666666667,annual_revision,2023Q2,42.87666667,portal_raw,-39.72440333205904,False
production,기타,2023-06,25.84416666666667,annual_revision,2023Q2,44.70666667,portal_raw,-42.19169400967851,False
production,기타,2023-07,25.84416666666667,annual_revision,2023Q3,42.47666667,portal_raw,-39.15679196899028,False
production,기타,2023-08,25.84416666666667,annual_revision,2023Q3,44.10666667,portal_raw,-41.40530532486356,False
production,기타,2023-09,25.84416666666667,annual_revision,2023Q3,45.77666667,portal_raw,-43.54292580328093,False
production,기타,2023-10,25.84416666666667,annual_revision,2023Q4,32.594166666666666,annual_revision,-20.709227111190643,True
production,기타,2023-11,25.84416666666667,annual_revision,2023Q4,32.594166666666666,annual_revision,-20.709227111190643,True
production,기타,2023-12,,annual_revision,2023Q4,32.594166666666666,annual_revision,,True
production,기타,2024-01,25.84416666666667,annual_revision,2024Q1,25.84416666666667,annual_revision,0.0,True
production,기타,2024-02,25.84416666666667,annual_revision,2024Q1,25.84416666666667,annual_revision,0.0,True
production,기타,2024-03,26.84416666666667,annual_revision,2024Q1,25.84416666666667,annual_revision,3.8693451133395618,True
production,목재종이,2018-01,47.0,portal_raw,2018Q1,,,,
production,목재종이,2018-02,43.0,portal_raw,2018Q1,,,,
production,목재종이,2018-03,42.0,portal_raw,2018Q1,,,,
production,목재종이,2018-04,42.0,portal_raw,2018Q2,,,,
production,목재종이,2018-05,41.0,portal_raw,2018Q2,,,,
production,목재종이,2018-06,32.0,portal_raw,2018Q2,,,,
production,목재종이,2018-07,41.0,portal_raw,2018Q3,,,,
production,목재종이,2018-08,28.0,portal_raw,2018Q3,,,,
production,목재종이,2018-09,25.0,portal_raw,2018Q3,,,,
production,목재종이,2018-10,28.0,portal_raw,2018Q4,,,,
production,목재종이,2018-11,29.0,portal_raw,2018Q4,,,,
production,목재종이,2018-12,27.0,portal_raw,2018Q4,,,,
production,목재종이,2019-01,28.0,portal_raw,2019Q1,47.0,portal_raw,-40.42553191489362,True
production,목재종이,2019-02,24.0,portal_raw,2019Q1,43.0,portal_raw,-44.18604651162791,True
production,목재종이,2019-03,26.0,portal_raw,2019Q1,42.0,portal_raw,-38.095238095238095,True
production,목재종이,2019-04,25.0,portal_raw,2019Q2,42.0,portal_raw,-40.476190476190474,True
production,목재종이,2019-05,25.0,portal_raw,2019Q2,41.0,portal_raw,-39.02439024390244,True
production,목재종이,2019-06,26.0,portal_raw,2019Q2,32.0,portal_raw,-18.75,True
production,목재종이,2019-07,28.0,portal_raw,2019Q3,41.0,portal_raw,-31.707317073170728,True
production,목재종이,2019-08,23.0,portal_raw,2019Q3,28.0,portal_raw,-17.85714285714286,True
production,목재종이,2019-09,25.0,portal_raw,2019Q3,25.0,portal_raw,0.0,True
production,목재종이,2019-10,27.0,portal_raw,2019Q4,28.0,portal_raw,-3.57142857142857,True
production,목재종이,2019-11,25.0,portal_raw,2019Q4,29.0,portal_raw,-13.793103448275868,True
production,목재종이,2019-12,25.0,portal_raw,2019Q4,27.0,portal_raw,-7.4074074074074066,True
production,목재종이,2020-01,21.0,portal_raw,2020Q1,28.0,portal_raw,-25.0,True
production,목재종이,2020-02,21.0,portal_raw,2020Q1,24.0,portal_raw,-12.5,True
production,목재종이,2020-03,23.0,portal_raw,2020Q1,26.0,portal_raw,-11.538461538461542,True
production,목재종이,2020-04,19.0,portal_raw,2020Q2,25.0,portal_raw,-24.0,True
production,목재종이,2020-05,18.0,portal_raw,2020Q2,25.0,portal_raw,-28.000000000000004,True
production,목재종이,2020-06,20.0,portal_raw,2020Q2,26.0,portal_raw,-23.076923076923073,True
production,목재종이,2020-07,22.0,portal_raw,2020Q3,28.0,portal_raw,-21.42857142857143,True
production,목재종이,2020-08,19.0,portal_raw,2020Q3,23.0,portal_raw,-17.391304347826086,True
production,목재종이,2020-09,22.0,portal_raw,2020Q3,25.0,portal_raw,-12.0,True
production,목재종이,2020-10,43.0,portal_raw,2020Q4,27.0,portal_raw,59.25925925925925,True
production,목재종이,2020-11,42.0,portal_raw,2020Q4,25.0,portal_raw,68.0,True
production,목재종이,2020-12,42.0,portal_raw,2020Q4,25.0,portal_raw,68.0,True
production,목재종이,2021-01,42.17777778,portal_raw,2021Q1,21.0,portal_raw,100.84656085714285,True
production,목재종이,2021-02,40.88111111,portal_raw,2021Q1,21.0,portal_raw,94.67195766666667,True
production,목재종이,2021-03,39.29333333,portal_raw,2021Q1,23.0,portal_raw,70.84057969565218,True
production,목재종이,2021-04,38.45666667,portal_raw,2021Q2,19.0,portal_raw,102.40350878947369,True
production,목재종이,2021-05,39.65666667,portal_raw,2021Q2,18.0,portal_raw,120.31481483333333,True
production,목재종이,2021-06,40.04333333,portal_raw,2021Q2,20.0,portal_raw,100.21666665,True
production,목재종이,2021-07,40.00666667,portal_raw,2021Q3,22.0,portal_raw,81.84848486363636,True
production,목재종이,2021-08,39.74333333,portal_raw,2021Q3,19.0,portal_raw,109.17543857894736,True
production,목재종이,2021-09,46.89666667,portal_raw,2021Q3,22.0,portal_raw,113.16666668181821,True
production,목재종이,2021-10,44.35333333,portal_raw,2021Q4,43.0,portal_raw,3.147286813953487,True
production,목재종이,2021-11,47.28,portal_raw,2021Q4,42.0,portal_raw,12.571428571428566,True
production,목재종이,2021-12,46.24666667,portal_raw,2021Q4,42.0,portal_raw,10.111111119047633,True
production,목재종이,2022-01,46.33,portal_raw,2022Q1,42.17777778,portal_raw,9.844573229196808,True
production,목재종이,2022-02,44.27333333,portal_raw,2022Q1,40.88111111,portal_raw,8.297774027893844,True
production,목재종이,2022-03,44.46333333,portal_raw,2022Q1,39.29333333,portal_raw,13.157448253576298,True
production,목재종이,2022-04,44.86,portal_raw,2022Q2,38.45666667,portal_raw,16.650775754819215,True
production,목재종이,2022-05,45.61,portal_raw,2022Q2,39.65666667,portal_raw,15.012187936873822,True
production,목재종이,2022-06,44.5,portal_raw,2022Q2,40.04333333,portal_raw,11.129609598862022,True
production,목재종이,2022-07,45.51333333,portal_raw,2022Q3,40.00666667,portal_raw,13.76437258675518,True
production,목재종이,2022-08,45.36333333,portal_raw,2022Q3,39.74333333,portal_raw,14.140736393033704,True
production,목재종이,2022-09,46.66,portal_raw,2022Q3,46.89666667,portal_raw,-0.5046556329160179,True
production,목재종이,2022-10,22.225416666666664,annual_revision,2022Q4,44.35333333,portal_raw,-49.8900871749504,False
production,목재종이,2022-11,23.745416666666664,annual_revision,2022Q4,47.28,portal_raw,-49.7770375070502,False
production,목재종이,2022-12,23.170416666666664,annual_revision,2022Q4,46.24666667,portal_raw,-49.898190864213774,False
production,목재종이,2023-01,22.395,annual_revision,2023Q1,46.33,portal_raw,-51.661990071228146,False
production,목재종이,2023-02,21.295,annual_revision,2023Q1,44.27333333,portal_raw,-51.901069112475604,False
production,목재종이,2023-03,24.68,annual_revision,2023Q1,44.46333333,portal_raw,-44.493590219993514,False
production,목재종이,2023-04,23.19,annual_revision,2023Q2,44.86,portal_raw,-48.3058403923317,False
production,목재종이,2023-05,22.505,annual_revision,2023Q2,45.61,portal_raw,-50.65775049331287,False
production,목재종이,2023-06,18.51,annual_revision,2023Q2,44.5,portal_raw,-58.40449438202246,False
production,목재종이,2023-07,24.44,annual_revision,2023Q3,45.51333333,portal_raw,-46.30145012057283,False
production,목재종이,2023-08,25.07,annual_revision,2023Q3,45.36333333,portal_raw,-44.73510176682601,False
production,목재종이,2023-09,25.105,annual_revision,2023Q3,46.66,portal_raw,-46.19588512644663,False
production,목재종이,2023-10,25.73,annual_revision,2023Q4,22.225416666666664,annual_revision,15.768358298494611,True
production,목재종이,2023-11,22.31,annual_revision,2023Q4,23.745416666666664,annual_revision,-6.0450262331327,True
production,목재종이,2023-12,,annual_revision,2023Q4,23.170416666666664,annual_revision,,True
production,목재종이,2024-01,27.85,annual_revision,2024Q1,22.395,annual_revision,24.358115650814916,True
production,목재종이,2024-02,26.445,annual_revision,2024Q1,21.295,annual_revision,24.184080770133832,True
production,목재종이,2024-03,25.87,annual_revision,2024Q1,24.68,annual_revision,4.821717990275531,True
production,비금속,2018-01,76.0,portal_raw,2018Q1,,,,
production,비금속,2018-02,59.0,portal_raw,2018Q1,,,,
production,비금속,2018-03,85.0,portal_raw,2018Q1,,,,
production,비금속,2018-04,95.0,portal_raw,2018Q2,,,,
production,비금속,2018-05,126.0,portal_raw,2018Q2,,,,
production,비금속,2018-06,90.0,portal_raw,2018Q2,,,,
production,비금속,2018-07,68.0,portal_raw,2018Q3,,,,
production,비금속,2018-08,40.0,portal_raw,2018Q3,,,,
production,비금속,2018-09,40.0,portal_raw,2018Q3,,,,
production,비금속,2018-10,59.0,portal_raw,2018Q4,,,,
production,비금속,2018-11,54.0,portal_raw,2018Q4,,,,
production,비금속,2018-12,50.0,portal_raw,2018Q4,,,,
production,비금속,2019-01,48.0,portal_raw,2019Q1,76.0,portal_raw,-36.8421052631579,True
production,비금속,2019-02,33.0,portal_raw,2019Q1,59.0,portal_raw,-44.067796610169495,True
production,비금속,2019-03,42.0,portal_raw,2019Q1,85.0,portal_raw,-50.588235294117645,True
production,비금속,2019-04,52.0,portal_raw,2019Q2,95.0,portal_raw,-45.263157894736835,True
production,비금속,2019-05,52.0,portal_raw,2019Q2,126.0,portal_raw,-58.730158730158735,True
production,비금속,2019-06,48.0,portal_raw,2019Q2,90.0,portal_raw,-46.666666666666664,True
production,비금속,2019-07,45.0,portal_raw,2019Q3,68.0,portal_raw,-33.82352941176471,True
production,비금속,2019-08,35.0,portal_raw,2019Q3,40.0,portal_raw,-12.5,True
production,비금속,2019-09,37.0,portal_raw,2019Q3,40.0,portal_raw,-7.499999999999996,True
production,비금속,2019-10,40.0,portal_raw,2019Q4,59.0,portal_raw,-32.20338983050848,True
production,비금속,2019-11,47.0,portal_raw,2019Q4,54.0,portal_raw,-12.962962962962965,True
production,비금속,2019-12,44.0,portal_raw,2019Q4,50.0,portal_raw,-12.0,True
production,비금속,2020-01,36.0,portal_raw,2020Q1,48.0,portal_raw,-25.0,True
production,비금속,2020-02,32.0,portal_raw,2020Q1,33.0,portal_raw,-3.0303030303030276,True
production,비금속,2020-03,37.0,portal_raw,2020Q1,42.0,portal_raw,-11.904761904761907,True
production,비금속,2020-04,34.0,portal_raw,2020Q2,52.0,portal_raw,-34.61538461538461,True
production,비금속,2020-05,30.0,portal_raw,2020Q2,52.0,portal_raw,-42.307692307692314,True
production,비금속,2020-06,26.0,portal_raw,2020Q2,48.0,portal_raw,-45.833333333333336,True
production,비금속,2020-07,22.0,portal_raw,2020Q3,45.0,portal_raw,-51.11111111111111,True
production,비금속,2020-08,26.0,portal_raw,2020Q3,35.0,portal_raw,-25.71428571428571,True
production,비금속,2020-09,32.0,portal_raw,2020Q3,37.0,portal_raw,-13.513513513513509,True
production,비금속,2020-10,43.0,portal_raw,2020Q4,40.0,portal_raw,7.499999999999996,True
production,비금속,2020-11,44.0,portal_raw,2020Q4,47.0,portal_raw,-6.382978723404253,True
production,비금속,2020-12,48.0,portal_raw,2020Q4,44.0,portal_raw,9.090909090909083,True
production,비금속,2021-01,34.525,portal_raw,2021Q1,36.0,portal_raw,-4.09722222222223,True
production,비금속,2021-02,30.815,portal_raw,2021Q1,32.0,portal_raw,-3.703124999999996,True
production,비금속,2021-03,38.975,portal_raw,2021Q1,37.0,portal_raw,5.337837837837833,True
production,비금속,2021-04,40.495,portal_raw,2021Q2,34.0,portal_raw,19.10294117647058,True
production,비금속,2021-05,49.125,portal_raw,2021Q2,30.0,portal_raw,63.74999999999999,True
production,비금속,2021-06,40.725,portal_raw,2021Q2,26.0,portal_raw,56.63461538461539,True
production,비금속,2021-07,41.455,portal_raw,2021Q3,22.0,portal_raw,88.43181818181817,True
production,비금속,2021-08,40.445,portal_raw,2021Q3,26.0,portal_raw,55.55769230769232,True
production,비금속,2021-09,38.935,portal_raw,2021Q3,32.0,portal_raw,21.671875000000007,True
production,비금속,2021-10,41.435,portal_raw,2021Q4,43.0,portal_raw,-3.6395348837209296,True
production,비금속,2021-11,43.475,portal_raw,2021Q4,44.0,portal_raw,-1.19318181818181,True
production,비금속,2021-12,41.115,portal_raw,2021Q4,48.0,portal_raw,-14.34375,True
production,비금속,2022-01,35.555,portal_raw,2022Q1,34.525,portal_raw,2.9833454018826977,True
production,비금속,2022-02,34.125,portal_raw,2022Q1,30.815,portal_raw,10.741521986045743,True
production,비금속,2022-03,46.015,portal_raw,2022Q1,38.975,portal_raw,18.06286080821038,True
production,비금속,2022-04,52.675,portal_raw,2022Q2,40.495,portal_raw,30.07778738115816,True
production,비금속,2022-05,42.745,portal_raw,2022Q2,49.125,portal_raw,-12.987277353689574,True
production,비금속,2022-06,41.805,portal_raw,2022Q2,40.725,portal_raw,2.6519337016574607,True
production,비금속,2022-07,63.895,portal_raw,2022Q3,41.455,portal_raw,54.130985405861786,True
production,비금속,2022-08,53.175,portal_raw,2022Q3,40.445,portal_raw,31.474842378538746,True
production,비금속,2022-09,44.485,portal_raw,2022Q3,38.935,portal_raw,14.254526775394872,True
production,비금속,2022-10,46.245,annual_revision,2022Q4,41.435,portal_raw,11.608543501870393,False
production,비금속,2022-11,53.485,annual_revision,2022Q4,43.475,portal_raw,23.02472685451409,False
production,비금속,2022-12,44.415,annual_revision,2022Q4,41.115,portal_raw,8.026267785479746,False
production,비금속,2023-01,45.615,annual_revision,2023Q1,35.555,portal_raw,28.294192096751523,False
production,비금속,2023-02,48.035,annual_revision,2023Q1,34.125,portal_raw,40.76190476190475,False
production,비금속,2023-03,58.835,annual_revision,2023Q1,46.015,portal_raw,27.860480278170165,False
production,비금속,2023-04,55.835,annual_revision,2023Q2,52.675,portal_raw,5.999050783103943,False
production,비금속,2023-05,54.955,annual_revision,2023Q2,42.745,portal_raw,28.564744414551413,False
production,비금속,2023-06,59.525,annual_revision,2023Q2,41.805,portal_raw,42.38727424949169,False
production,비금속,2023-07,49.605,annual_revision,2023Q3,63.895,portal_raw,-22.364817278347292,False
production,비금속,2023-08,47.265,annual_revision,2023Q3,53.175,portal_raw,-11.114245416078983,False
production,비금속,2023-09,53.775,annual_revision,2023Q3,44.485,portal_raw,20.883443857480046,False
production,비금속,2023-10,52.345,annual_revision,2023Q4,46.245,annual_revision,13.190615201643418,True
production,비금속,2023-11,62.225,annual_revision,2023Q4,53.485,annual_revision,16.34103019538189,True
production,비금속,2023-12,,annual_revision,2023Q4,44.415,annual_revision,,True
production,비금속,2024-01,45.325,annual_revision,2024Q1,45.615,annual_revision,-0.6357557820892201,True
production,비금속,2024-02,43.815,annual_revision,2024Q1,48.035,annual_revision,-8.785260747371703,True
production,비금속,2024-03,56.005,annual_revision,2024Q1,58.835,annual_revision,-4.810062037902608,True
production,석유화학,2018-01,402.0,portal_raw,2018Q1,,,,
production,석유화학,2018-02,401.0,portal_raw,2018Q1,,,,
production,석유화학,2018-03,415.0,portal_raw,2018Q1,,,,
production,석유화학,2018-04,417.0,portal_raw,2018Q2,,,,
production,석유화학,2018-05,422.0,portal_raw,2018Q2,,,,
production,석유화학,2018-06,410.0,portal_raw,2018Q2,,,,
production,석유화학,2018-07,409.0,portal_raw,2018Q3,,,,
production,석유화학,2018-08,148.0,portal_raw,2018Q3,,,,
production,석유화학,2018-09,146.0,portal_raw,2018Q3,,,,
production,석유화학,2018-10,144.0,portal_raw,2018Q4,,,,
production,석유화학,2018-11,162.0,portal_raw,2018Q4,,,,
production,석유화학,2018-12,135.0,portal_raw,2018Q4,,,,
production,석유화학,2019-01,154.0,portal_raw,2019Q1,402.0,portal_raw,-61.69154228855722,True
production,석유화학,2019-02,138.0,portal_raw,2019Q1,401.0,portal_raw,-65.5860349127182,True
production,석유화학,2019-03,142.0,portal_raw,2019Q1,415.0,portal_raw,-65.78313253012048,True
production,석유화학,2019-04,145.0,portal_raw,2019Q2,417.0,portal_raw,-65.22781774580335,True
production,석유화학,2019-05,144.0,portal_raw,2019Q2,422.0,portal_raw,-65.87677725118483,True
production,석유화학,2019-06,139.0,portal_raw,2019Q2,410.0,portal_raw,-66.09756097560975,True
production,석유화학,2019-07,149.0,portal_raw,2019Q3,409.0,portal_raw,-63.56968215158925,True
production,석유화학,2019-08,134.0,portal_raw,2019Q3,148.0,portal_raw,-9.459459459459463,True
production,석유화학,2019-09,141.0,portal_raw,2019Q3,146.0,portal_raw,-3.424657534246578,True
production,석유화학,2019-10,150.0,portal_raw,2019Q4,144.0,portal_raw,4.166666666666674,True
production,석유화학,2019-11,150.0,portal_raw,2019Q4,162.0,portal_raw,-7.4074074074074066,True
production,석유화학,2019-12,144.0,portal_raw,2019Q4,135.0,portal_raw,6.666666666666665,True
production,석유화학,2020-01,148.0,portal_raw,2020Q1,154.0,portal_raw,-3.8961038961038974,True
production,석유화학,2020-02,133.0,portal_raw,2020Q1,138.0,portal_raw,-3.6231884057971064,True
production,석유화학,2020-03,142.0,portal_raw,2020Q1,142.0,portal_raw,0.0,True
production,석유화학,2020-04,122.0,portal_raw,2020Q2,145.0,portal_raw,-15.86206896551724,True
production,석유화학,2020-05,120.0,portal_raw,2020Q2,144.0,portal_raw,-16.666666666666664,True
production,석유화학,2020-06,132.0,portal_raw,2020Q2,139.0,portal_raw,-5.035971223021585,True
production,석유화학,2020-07,136.0,portal_raw,2020Q3,149.0,portal_raw,-8.7248322147651,True
production,석유화학,2020-08,128.0,portal_raw,2020Q3,134.0,portal_raw,-4.477611940298509,True
production,석유화학,2020-09,137.0,portal_raw,2020Q3,141.0,portal_raw,-2.8368794326241176,True
production,석유화학,2020-10,145.0,portal_raw,2020Q4,150.0,portal_raw,-3.3333333333333326,True
production,석유화학,2020-11,144.0,portal_raw,2020Q4,150.0,portal_raw,-4.0000000000000036,True
production,석유화학,2020-12,138.0,portal_raw,2020Q4,144.0,portal_raw,-4.1666666666666625,True
production,석유화학,2021-01,136.0066667,portal_raw,2021Q1,148.0,portal_raw,-8.103603581081076,True
production,석유화학,2021-02,134.7633333,portal_raw,2021Q1,133.0,portal_raw,1.3258145112782005,True
production,석유화학,2021-03,148.8566667,portal_raw,2021Q1,142.0,portal_raw,4.82863852112676,True
production,석유화학,2021-04,164.27,portal_raw,2021Q2,122.0,portal_raw,34.64754098360656,True
production,석유화학,2021-05,173.3233333,portal_raw,2021Q2,120.0,portal_raw,44.436111083333344,True
production,석유화학,2021-06,175.6266667,portal_raw,2021Q2,132.0,portal_raw,33.05050507575758,True
production,석유화학,2021-07,175.0266667,portal_raw,2021Q3,136.0,portal_raw,28.696078455882358,True
production,석유화학,2021-08,174.56,portal_raw,2021Q3,128.0,portal_raw,36.375,True
production,석유화학,2021-09,191.84,portal_raw,2021Q3,137.0,portal_raw,40.02919708029198,True
production,석유화학,2021-10,192.97,portal_raw,2021Q4,145.0,portal_raw,33.08275862068966,True
production,석유화학,2021-11,204.4066667,portal_raw,2021Q4,144.0,portal_raw,41.949074097222216,True
production,석유화학,2021-12,223.47,portal_raw,2021Q4,138.0,portal_raw,61.93478260869565,True
production,석유화학,2022-01,175.3066667,portal_raw,2022Q1,136.0066667,portal_raw,28.895642363390106,True
production,석유화학,2022-02,166.5666667,portal_raw,2022Q1,134.7633333,portal_raw,23.599396528135607,True
production,석유화학,2022-03,175.2233333,portal_raw,2022Q1,148.8566667,portal_raw,17.71278853982292,True
production,석유화학,2022-04,196.74,portal_raw,2022Q2,164.27,portal_raw,19.766238509770506,True
production,석유화학,2022-05,244.6966667,portal_raw,2022Q2,173.3233333,portal_raw,41.17929885208365,True
production,석유화학,2022-06,241.6166667,portal_raw,2022Q2,175.6266667,portal_raw,37.574020642731945,True
production,석유화학,2022-07,238.0033333,portal_raw,2022Q3,175.0266667,portal_raw,35.981183774666505,True
production,석유화학,2022-08,206.15,portal_raw,2022Q3,174.56,portal_raw,18.096929422548126,True
production,석유화학,2022-09,213.09,portal_raw,2022Q3,191.84,portal_raw,11.076939115929951,True
production,석유화학,2022-10,249.2158333333333,annual_revision,2022Q4,192.97,portal_raw,29.1474495171961,False
production,석유화학,2022-11,243.85083333333333,annual_revision,2022Q4,204.4066667,portal_raw,19.296908104873147,False
production,석유화학,2022-12,392.6758333333333,annual_revision,2022Q4,223.47,portal_raw,75.71747139809966,False
production,석유화학,2023-01,267.0708333333333,annual_revision,2023Q1,175.3066667,portal_raw,52.34493836470473,False
production,석유화학,2023-02,324.61583333333334,annual_revision,2023Q1,166.5666667,portal_raw,94.88643182011478,False
production,석유화학,2023-03,280.2258333333333,annual_revision,2023Q1,175.2233333,portal_raw,59.92495294765248,False
production,석유화학,2023-04,324.94083333333333,annual_revision,2023Q2,196.74,portal_raw,65.16256650062688,False
production,석유화학,2023-05,326.25083333333333,annual_revision,2023Q2,244.6966667,portal_raw,33.32867902664132,False
production,석유화학,2023-06,340.4958333333333,annual_revision,2023Q2,241.6166667,portal_raw,40.9239842531663,False
production,석유화학,2023-07,338.45083333333326,annual_revision,2023Q3,238.0033333,portal_raw,42.2042408568793,False
production,석유화학,2023-08,327.4158333333333,annual_revision,2023Q3,206.15,portal_raw,58.82407631983182,False
production,석유화학,2023-09,334.7958333333333,annual_revision,2023Q3,213.09,portal_raw,57.11475589344093,False
production,석유화학,2023-10,359.8008333333333,annual_revision,2023Q4,249.2158333333333,annual_revision,44.373183886791566,True
production,석유화학,2023-11,394.13083333333327,annual_revision,2023Q4,243.85083333333333,annual_revision,61.62783942369137,True
production,석유화학,2023-12,,annual_revision,2023Q4,392.6758333333333,annual_revision,,True
production,석유화학,2024-01,280.8208333333333,annual_revision,2024Q1,267.0708333333333,annual_revision,5.148446885189628,True
production,석유화학,2024-02,261.4058333333333,annual_revision,2024Q1,324.61583333333334,annual_revision,-19.472247964902113,True
production,석유화학,2024-03,301.4758333333333,annual_revision,2024Q1,280.2258333333333,annual_revision,7.583169526958922,True
production,섬유의복,2018-01,0.0,portal_raw,2018Q1,,,,
production,섬유의복,2018-02,0.0,portal_raw,2018Q1,,,,
production,섬유의복,2018-03,0.0,portal_raw,2018Q1,,,,
production,섬유의복,2018-04,0.0,portal_raw,2018Q2,,,,
production,섬유의복,2018-05,0.0,portal_raw,2018Q2,,,,
production,섬유의복,2018-06,0.0,portal_raw,2018Q2,,,,
production,섬유의복,2018-07,0.0,portal_raw,2018Q3,,,,
production,섬유의복,2018-08,0.0,portal_raw,2018Q3,,,,
production,섬유의복,2018-09,0.0,portal_raw,2018Q3,,,,
production,섬유의복,2018-10,0.0,portal_raw,2018Q4,,,,
production,섬유의복,2018-11,0.0,portal_raw,2018Q4,,,,
production,섬유의복,2018-12,0.0,portal_raw,2018Q4,,,,
production,섬유의복,2019-01,0.0,portal_raw,2019Q1,0.0,portal_raw,,True
production,섬유의복,2019-02,0.0,portal_raw,2019Q1,0.0,portal_raw,,True
production,섬유의복,2019-03,0.0,portal_raw,2019Q1,0.0,portal_raw,,True
production,섬유의복,2019-04,0.0,portal_raw,2019Q2,0.0,portal_raw,,True
production,섬유의복,2019-05,0.0,portal_raw,2019Q2,0.0,portal_raw,,True
production,섬유의복,2019-06,0.0,portal_raw,2019Q2,0.0,portal_raw,,True
production,섬유의복,2019-07,0.0,portal_raw,2019Q3,0.0,portal_raw,,True
production,섬유의복,2019-08,0.0,portal_raw,2019Q3,0.0,portal_raw,,True
production,섬유의복,2019-09,0.0,portal_raw,2019Q3,0.0,portal_raw,,True
production,섬유의복,2019-10,0.0,portal_raw,2019Q4,0.0,portal_raw,,True
production,섬유의복,2019-11,0.0,portal_raw,2019Q4,0.0,portal_raw,,True
production,섬유의복,2019-12,0.0,portal_raw,2019Q4,0.0,portal_raw,,True
production,섬유의복,2020-01,0.0,portal_raw,2020Q1,0.0,portal_raw,,True
production,섬유의복,2020-02,0.0,portal_raw,2020Q1,0.0,portal_raw,,True
production,섬유의복,2020-03,0.0,portal_raw,2020Q1,0.0,portal_raw,,True
production,섬유의복,2020-04,0.0,portal_raw,2020Q2,0.0,portal_raw,,True
production,섬유의복,2020-05,0.0,portal_raw,2020Q2,0.0,portal_raw,,True
production,섬유의복,2020-06,0.0,portal_raw,2020Q2,0.0,portal_raw,,True
production,섬유의복,2020-07,0.0,portal_raw,2020Q3,0.0,portal_raw,,True
production,섬유의복,2020-08,0.0,portal_raw,2020Q3,0.0,portal_raw,,True
production,섬유의복,2020-09,0.0,portal_raw,2020Q3,0.0,portal_raw,,True
production,섬유의복,2020-10,0.0,portal_raw,2020Q4,0.0,portal_raw,,True
production,섬유의복,2020-11,0.0,portal_raw,2020Q4,0.0,portal_raw,,True
production,섬유의복,2020-12,0.0,portal_raw,2020Q4,0.0,portal_raw,,True
production,섬유의복,2021-01,0.25,portal_raw,2021Q1,0.0,portal_raw,,True
production,섬유의복,2021-02,0.25,portal_raw,2021Q1,0.0,portal_raw,,True
production,섬유의복,2021-03,0.25,portal_raw,2021Q1,0.0,portal_raw,,True
production,섬유의복,2021-04,0.25,portal_raw,2021Q2,0.0,portal_raw,,True
production,섬유의복,2021-05,0.25,portal_raw,2021Q2,0.0,portal_raw,,True
production,섬유의복,2021-06,0.25,portal_raw,2021Q2,0.0,portal_raw,,True
production,섬유의복,2021-07,0.25,portal_raw,2021Q3,0.0,portal_raw,,True
production,섬유의복,2021-08,0.25,portal_raw,2021Q3,0.0,portal_raw,,True
production,섬유의복,2021-09,0.25,portal_raw,2021Q3,0.0,portal_raw,,True
production,섬유의복,2021-10,0.5,portal_raw,2021Q4,0.0,portal_raw,,True
production,섬유의복,2021-11,0.5,portal_raw,2021Q4,0.0,portal_raw,,True
production,섬유의복,2021-12,0.5,portal_raw,2021Q4,0.0,portal_raw,,True
production,섬유의복,2022-01,0.5,portal_raw,2022Q1,0.25,portal_raw,100.0,True
production,섬유의복,2022-02,0.5,portal_raw,2022Q1,0.25,portal_raw,100.0,True
production,섬유의복,2022-03,0.5,portal_raw,2022Q1,0.25,portal_raw,100.0,True
production,섬유의복,2022-04,0.8,portal_raw,2022Q2,0.25,portal_raw,220.00000000000003,True
production,섬유의복,2022-05,0.8,portal_raw,2022Q2,0.25,portal_raw,220.00000000000003,True
production,섬유의복,2022-06,0.8,portal_raw,2022Q2,0.25,portal_raw,220.00000000000003,True
production,섬유의복,2022-07,0.8,portal_raw,2022Q3,0.25,portal_raw,220.00000000000003,True
production,섬유의복,2022-08,0.8,portal_raw,2022Q3,0.25,portal_raw,220.00000000000003,True
production,섬유의복,2022-09,1.37,portal_raw,2022Q3,0.25,portal_raw,448.00000000000006,True
production,섬유의복,2022-10,2.650833333333333,annual_revision,2022Q4,0.5,portal_raw,430.1666666666666,False
production,섬유의복,2022-11,7.320833333333334,annual_revision,2022Q4,0.5,portal_raw,1364.1666666666667,False
production,섬유의복,2022-12,2.0008333333333335,annual_revision,2022Q4,0.5,portal_raw,300.1666666666667,False
production,섬유의복,2023-01,2.085,annual_revision,2023Q1,0.5,portal_raw,317.0,False
production,섬유의복,2023-02,2.525,annual_revision,2023Q1,0.5,portal_raw,405.0,False
production,섬유의복,2023-03,2.495,annual_revision,2023Q1,0.5,portal_raw,399.0,False
production,섬유의복,2023-04,3.255,annual_revision,2023Q2,0.8,portal_raw,306.87499999999994,False
production,섬유의복,2023-05,3.645,annual_revision,2023Q2,0.8,portal_raw,355.62499999999994,False
production,섬유의복,2023-06,2.075,annual_revision,2023Q2,0.8,portal_raw,159.375,False
production,섬유의복,2023-07,2.105,annual_revision,2023Q3,0.8,portal_raw,163.12499999999997,False
production,섬유의복,2023-08,3.105,annual_revision,2023Q3,0.8,portal_raw,288.12499999999994,False
production,섬유의복,2023-09,2.705,annual_revision,2023Q3,1.37,portal_raw,97.44525547445255,False
production,섬유의복,2023-10,2.725,annual_revision,2023Q4,2.650833333333333,annual_revision,2.797862307450516,True
production,섬유의복,2023-11,2.725,annual_revision,2023Q4,7.320833333333334,annual_revision,-62.777461582242466,True
production,섬유의복,2023-12,,annual_revision,2023Q4,2.0008333333333335,annual_revision,,True
production,섬유의복,2024-01,2.715,annual_revision,2024Q1,2.085,annual_revision,30.215827338129486,True
production,섬유의복,2024-02,3.035,annual_revision,2024Q1,2.525,annual_revision,20.198019801980216,True
production,섬유의복,2024-03,2.785,annual_revision,2024Q1,2.495,annual_revision,11.623246492985984,True
production,운송장비,2018-01,6517.0,portal_raw,2018Q1,,,,
production,운송장비,2018-02,6218.0,portal_raw,2018Q1,,,,
production,운송장비,2018-03,7188.0,portal_raw,2018Q1,,,,
production,운송장비,2018-04,7854.0,portal_raw,2018Q2,,,,
production,운송장비,2018-05,7756.0,portal_raw,2018Q2,,,,
production,운송장비,2018-06,7336.0,portal_raw,2018Q2,,,,
production,운송장비,2018-07,8421.0,portal_raw,2018Q3,,,,
production,운송장비,2018-08,6824.0,portal_raw,2018Q3,,,,
production,운송장비,2018-09,6450.0,portal_raw,2018Q3,,,,
production,운송장비,2018-10,6850.0,portal_raw,2018Q4,,,,
production,운송장비,2018-11,7226.0,portal_raw,2018Q4,,,,
production,운송장비,2018-12,7770.0,portal_raw,2018Q4,,,,
production,운송장비,2019-01,7341.0,portal_raw,2019Q1,6517.0,portal_raw,12.64385453429493,True
production,운송장비,2019-02,6827.0,portal_raw,2019Q1,6218.0,portal_raw,9.794146027661622,True
production,운송장비,2019-03,7221.0,portal_raw,2019Q1,7188.0,portal_raw,0.45909849749583564,True
production,운송장비,2019-04,7343.0,portal_raw,2019Q2,7854.0,portal_raw,-6.506238859180035,True
production,운송장비,2019-05,7759.0,portal_raw,2019Q2,7756.0,portal_raw,0.03867973182052342,True
production,운송장비,2019-06,7446.0,portal_raw,2019Q2,7336.0,portal_raw,1.4994547437295447,True
production,운송장비,2019-07,7580.0,portal_raw,2019Q3,8421.0,portal_raw,-9.986937418358865,True
production,운송장비,2019-08,7044.0,portal_raw,2019Q3,6824.0,portal_raw,3.223915592028126,True
production,운송장비,2019-09,7203.0,portal_raw,2019Q3,6450.0,portal_raw,11.674418604651171,True
production,운송장비,2019-10,7505.0,portal_raw,2019Q4,6850.0,portal_raw,9.562043795620445,True
production,운송장비,2019-11,7694.0,portal_raw,2019Q4,7226.0,portal_raw,6.476612233600876,True
production,운송장비,2019-12,7599.0,portal_raw,2019Q4,7770.0,portal_raw,-2.2007722007722053,True
production,운송장비,2020-01,10047.0,portal_raw,2020Q1,7341.0,portal_raw,36.861463015937886,True
production,운송장비,2020-02,9304.0,portal_raw,2020Q1,6827.0,portal_raw,36.282408085542706,True
production,운송장비,2020-03,9741.0,portal_raw,2020Q1,7221.0,portal_raw,34.898213543830494,True
production,운송장비,2020-04,9556.0,portal_raw,2020Q2,7343.0,portal_raw,30.13754596214082,True
production,운송장비,2020-05,9132.0,portal_raw,2020Q2,7759.0,portal_raw,17.695579327232892,True
production,운송장비,2020-06,9388.0,portal_raw,2020Q2,7446.0,portal_raw,26.08111737845824,True
production,운송장비,2020-07,9902.0,portal_raw,2020Q3,7580.0,portal_raw,30.633245382585763,True
production,운송장비,2020-08,9541.0,portal_raw,2020Q3,7044.0,portal_raw,35.44860874503124,True
production,운송장비,2020-09,9947.0,portal_raw,2020Q3,7203.0,portal_raw,38.095238095238095,True
production,운송장비,2020-10,8589.0,portal_raw,2020Q4,7505.0,portal_raw,14.443704197201868,True
production,운송장비,2020-11,9045.0,portal_raw,2020Q4,7694.0,portal_raw,17.559136989862225,True
production,운송장비,2020-12,9022.0,portal_raw,2020Q4,7599.0,portal_raw,18.726148177391757,True
production,운송장비,2021-01,8403.454444,portal_raw,2021Q1,10047.0,portal_raw,-16.35857027968547,True
production,운송장비,2021-02,8260.852063,portal_raw,2021Q1,9304.0,portal_raw,-11.211822194754939,True
production,운송장비,2021-03,8983.836349,portal_raw,2021Q1,9741.0,portal_raw,-7.772956072271853,True
production,운송장비,2021-04,8592.174762,portal_raw,2021Q2,9556.0,portal_raw,-10.086074068647966,True
production,운송장비,2021-05,8638.384762,portal_raw,2021Q2,9132.0,portal_raw,-5.40533550153307,True
production,운송장비,2021-06,8773.788095,portal_raw,2021Q2,9388.0,portal_raw,-6.542521357051556,True
production,운송장비,2021-07,8782.530952,portal_raw,2021Q3,9902.0,portal_raw,-11.305484225409012,True
production,운송장비,2021-08,8562.590063,portal_raw,2021Q3,9541.0,portal_raw,-10.254794434545644,True
production,운송장비,2021-09,8816.695873,portal_raw,2021Q3,9947.0,portal_raw,-11.36326658288931,True
production,운송장비,2021-10,8573.728,portal_raw,2021Q4,8589.0,portal_raw,-0.1778088252415988,True
production,운송장비,2021-11,9054.691556,portal_raw,2021Q4,9045.0,portal_raw,0.10714821448314371,True
production,운송장비,2021-12,9545.716603,portal_raw,2021Q4,9022.0,portal_raw,5.804883651075166,True
production,운송장비,2022-01,8811.893429,portal_raw,2022Q1,8403.454444,portal_raw,4.860370074257037,True
production,운송장비,2022-02,8761.52419,portal_raw,2022Q1,8260.852063,portal_raw,6.060780694070145,True
production,운송장비,2022-03,9305.195524,portal_raw,2022Q1,8983.836349,portal_raw,3.5770818002018867,True
production,운송장비,2022-04,9176.947905,portal_raw,2022Q2,8592.174762,portal_raw,6.80588045748598,True
production,운송장비,2022-05,9185.454921,portal_raw,2022Q2,8638.384762,portal_raw,6.33301449371122,True
production,운송장비,2022-06,9355.226111,portal_raw,2022Q2,8773.788095,portal_raw,6.626989502189473,True
production,운송장비,2022-07,9592.387079,portal_raw,2022Q3,8782.530952,portal_raw,9.221215745508715,True
production,운송장비,2022-08,9467.293524,portal_raw,2022Q3,8562.590063,portal_raw,10.565768702502009,True
production,운송장비,2022-09,9541.178857,portal_raw,2022Q3,8816.695873,portal_raw,8.21717108581046,True
production,운송장비,2022-10,12402.082707,annual_revision,2022Q4,8573.728,portal_raw,44.65215956232809,False
production,운송장비,2022-11,12911.265941666663,annual_revision,2022Q4,9054.691556,portal_raw,42.59200174644428,False
production,운송장비,2022-12,12727.760957666667,annual_revision,2022Q4,9545.716603,portal_raw,33.33478760166233,False
production,운송장비,2023-01,11699.524133484845,annual_revision,2023Q1,8811.893429,portal_raw,32.76969618109127,False
production,운송장비,2023-02,11855.81551948485,annual_revision,2023Q1,8761.52419,portal_raw,35.31681545793746,False
production,운송장비,2023-03,12647.337009666671,annual_revision,2023Q1,9305.195524,portal_raw,35.916939918635826,False
production,운송장비,2023-04,13038.98617512121,annual_revision,2023Q2,9176.947905,portal_raw,42.08412546416442,False
production,운송장비,2023-05,13215.881753121213,annual_revision,2023Q2,9185.454921,portal_raw,43.87835841322085,False
production,운송장비,2023-06,13799.001067121211,annual_revision,2023Q2,9355.226111,portal_raw,47.500454862295214,False
production,운송장비,2023-07,12674.59492712121,annual_revision,2023Q3,9592.387079,portal_raw,32.13181268371552,False
production,운송장비,2023-08,12636.633881121208,annual_revision,2023Q3,9467.293524,portal_raw,33.47673069485795,False
production,운송장비,2023-09,13768.91459112121,annual_revision,2023Q3,9541.178857,portal_raw,44.310412764346,False
production,운송장비,2023-10,13868.203305121211,annual_revision,2023Q4,12402.082707,annual_revision,11.821567657291165,True
production,운송장비,2023-11,14013.89244112121,annual_revision,2023Q4,12911.265941666663,annual_revision,8.540033986103568,True
production,운송장비,2023-12,,annual_revision,2023Q4,12727.760957666667,annual_revision,,True
production,운송장비,2024-01,12586.603151121211,annual_revision,2024Q1,11699.524133484845,annual_revision,7.582180330715205,True
production,운송장비,2024-02,11902.283937121209,annual_revision,2024Q1,11855.81551948485,annual_revision,0.3919461934945634,True
production,운송장비,2024-03,12245.63473512121,annual_revision,2024Q1,12647.337009666671,annual_revision,-3.17618067928791,True
production,음식료,2018-01,394.0,portal_raw,2018Q1,,,,
production,음식료,2018-02,360.0,portal_raw,2018Q1,,,,
production,음식료,2018-03,365.0,portal_raw,2018Q1,,,,
production,음식료,2018-04,366.0,portal_raw,2018Q2,,,,
production,음식료,2018-05,379.0,portal_raw,2018Q2,,,,
production,음식료,2018-06,371.0,portal_raw,2018Q2,,,,
production,음식료,2018-07,409.0,portal_raw,2018Q3,,,,
production,음식료,2018-08,274.0,portal_raw,2018Q3,,,,
production,음식료,2018-09,251.0,portal_raw,2018Q3,,,,
production,음식료,2018-10,278.0,portal_raw,2018Q4,,,,
production,음식료,2018-11,278.0,portal_raw,2018Q4,,,,
production,음식료,2018-12,288.0,portal_raw,2018Q4,,,,
production,음식료,2019-01,288.0,portal_raw,2019Q1,394.0,portal_raw,-26.903553299492387,True
production,음식료,2019-02,273.0,portal_raw,2019Q1,360.0,portal_raw,-24.16666666666667,True
production,음식료,2019-03,275.0,portal_raw,2019Q1,365.0,portal_raw,-24.65753424657534,True
production,음식료,2019-04,258.0,portal_raw,2019Q2,366.0,portal_raw,-29.508196721311474,True
production,음식료,2019-05,269.0,portal_raw,2019Q2,379.0,portal_raw,-29.023746701846964,True
production,음식료,2019-06,284.0,portal_raw,2019Q2,371.0,portal_raw,-23.450134770889484,True
production,음식료,2019-07,285.0,portal_raw,2019Q3,409.0,portal_raw,-30.317848410757943,True
production,음식료,2019-08,279.0,portal_raw,2019Q3,274.0,portal_raw,1.8248175182481674,True
production,음식료,2019-09,244.0,portal_raw,2019Q3,251.0,portal_raw,-2.7888446215139417,True
production,음식료,2019-10,282.0,portal_raw,2019Q4,278.0,portal_raw,1.4388489208633004,True
production,음식료,2019-11,281.0,portal_raw,2019Q4,278.0,portal_raw,1.0791366906474753,True
production,음식료,2019-12,278.0,portal_raw,2019Q4,288.0,portal_raw,-3.472222222222221,True
production,음식료,2020-01,248.0,portal_raw,2020Q1,288.0,portal_raw,-13.888888888888884,True
production,음식료,2020-02,242.0,portal_raw,2020Q1,273.0,portal_raw,-11.35531135531136,True
production,음식료,2020-03,245.0,portal_raw,2020Q1,275.0,portal_raw,-10.909090909090914,True
production,음식료,2020-04,221.0,portal_raw,2020Q2,258.0,portal_raw,-14.341085271317834,True
production,음식료,2020-05,231.0,portal_raw,2020Q2,269.0,portal_raw,-14.12639405204461,True
production,음식료,2020-06,261.0,portal_raw,2020Q2,284.0,portal_raw,-8.098591549295776,True
production,음식료,2020-07,266.0,portal_raw,2020Q3,285.0,portal_raw,-6.666666666666665,True
production,음식료,2020-08,246.0,portal_raw,2020Q3,279.0,portal_raw,-11.827956989247312,True
production,음식료,2020-09,248.0,portal_raw,2020Q3,244.0,portal_raw,1.6393442622950838,True
production,음식료,2020-10,333.0,portal_raw,2020Q4,282.0,portal_raw,18.085106382978733,True
production,음식료,2020-11,348.0,portal_raw,2020Q4,281.0,portal_raw,23.843416370106763,True
production,음식료,2020-12,351.0,portal_raw,2020Q4,278.0,portal_raw,26.258992805755387,True
production,음식료,2021-01,386.34,portal_raw,2021Q1,248.0,portal_raw,55.782258064516114,True
production,음식료,2021-02,341.11,portal_raw,2021Q1,242.0,portal_raw,40.95454545454547,True
production,음식료,2021-03,387.9,portal_raw,2021Q1,245.0,portal_raw,58.32653061224489,True
production,음식료,2021-04,399.2,portal_raw,2021Q2,221.0,portal_raw,80.63348416289593,True
production,음식료,2021-05,387.18,portal_raw,2021Q2,231.0,portal_raw,67.6103896103896,True
production,음식료,2021-06,405.6016667,portal_raw,2021Q2,261.0,portal_raw,55.402937432950196,True
production,음식료,2021-07,390.9616667,portal_raw,2021Q3,266.0,portal_raw,46.978070187969934,True
production,음식료,2021-08,390.9216667,portal_raw,2021Q3,246.0,portal_raw,58.91124662601626,True
production,음식료,2021-09,352.8716667,portal_raw,2021Q3,248.0,portal_raw,42.286962379032246,True
production,음식료,2021-10,360.3816667,portal_raw,2021Q4,333.0,portal_raw,8.222722732732723,True
production,음식료,2021-11,404.1816667,portal_raw,2021Q4,348.0,portal_raw,16.14415709770114,True
production,음식료,2021-12,424.0416667,portal_raw,2021Q4,351.0,portal_raw,20.809591652421645,True
production,음식료,2022-01,396.97,portal_raw,2022Q1,386.34,portal_raw,2.751462442408248,True
production,음식료,2022-02,353.63,portal_raw,2022Q1,341.11,portal_raw,3.6703702617923772,True
production,음식료,2022-03,408.26,portal_raw,2022Q1,387.9,portal_raw,5.24877545759217,True
production,음식료,2022-04,404.31,portal_raw,2022Q2,399.2,portal_raw,1.2800601202404893,True
production,음식료,2022-05,402.57,portal_raw,2022Q2,387.18,portal_raw,3.974895397489542,True
production,음식료,2022-06,439.53,portal_raw,2022Q2,405.6016667,portal_raw,8.364939319910336,True
production,음식료,2022-07,427.98,portal_raw,2022Q3,390.9616667,portal_raw,9.468532711265931,True
production,음식료,2022-08,458.74,portal_raw,2022Q3,390.9216667,portal_raw,17.348317854186625,True
production,음식료,2022-09,405.37,portal_raw,2022Q3,352.8716667,portal_raw,14.877457799589333,True
production,음식료,2022-10,515.425,annual_revision,2022Q4,360.3816667,portal_raw,43.02198131212538,False
production,음식료,2022-11,528.69,annual_revision,2022Q4,404.1816667,portal_raw,30.805042276302743,False
production,음식료,2022-12,540.605,annual_revision,2022Q4,424.0416667,portal_raw,27.4886508694123,False
production,음식료,2023-01,525.75,annual_revision,2023Q1,396.97,portal_raw,32.440738594856036,False
production,음식료,2023-02,510.42,annual_revision,2023Q1,353.63,portal_raw,44.33730169951644,False
production,음식료,2023-03,525.01,annual_revision,2023Q1,408.26,portal_raw,28.596972517513343,False
production,음식료,2023-04,499.86,annual_revision,2023Q2,404.31,portal_raw,23.632855976849456,False
production,음식료,2023-05,505.445,annual_revision,2023Q2,402.57,portal_raw,25.554561939538466,False
production,음식료,2023-06,517.415,annual_revision,2023Q2,439.53,portal_raw,17.720064614474552,False
production,음식료,2023-07,496.67,annual_revision,2023Q3,427.98,portal_raw,16.049815411935132,False
production,음식료,2023-08,504.625,annual_revision,2023Q3,458.74,portal_raw,10.002397872433178,False
production,음식료,2023-09,522.575,annual_revision,2023Q3,405.37,portal_raw,28.913091743345596,False
production,음식료,2023-10,512.82,annual_revision,2023Q4,515.425,annual_revision,-0.5054081583159342,True
production,음식료,2023-11,553.74,annual_revision,2023Q4,528.69,annual_revision,4.738126312205626,True
production,음식료,2023-12,,annual_revision,2023Q4,540.605,annual_revision,,True
production,음식료,2024-01,550.445,annual_revision,2024Q1,525.75,annual_revision,4.69709938183549,True
production,음식료,2024-02,493.525,annual_revision,2024Q1,510.42,annual_revision,-3.3100191998746253,True
production,음식료,2024-03,497.12,annual_revision,2024Q1,525.01,annual_revision,-5.312279766099692,True
production,전기전자,2018-01,13367.0,portal_raw,2018Q1,,,,
production,전기전자,2018-02,13768.0,portal_raw,2018Q1,,,,
production,전기전자,2018-03,13783.0,portal_raw,2018Q1,,,,
production,전기전자,2018-04,13006.0,portal_raw,2018Q2,,,,
production,전기전자,2018-05,13020.0,portal_raw,2018Q2,,,,
production,전기전자,2018-06,13088.0,portal_raw,2018Q2,,,,
production,전기전자,2018-07,13531.0,portal_raw,2018Q3,,,,
production,전기전자,2018-08,9346.0,portal_raw,2018Q3,,,,
production,전기전자,2018-09,8948.0,portal_raw,2018Q3,,,,
production,전기전자,2018-10,8422.0,portal_raw,2018Q4,,,,
production,전기전자,2018-11,7956.0,portal_raw,2018Q4,,,,
production,전기전자,2018-12,7998.0,portal_raw,2018Q4,,,,
production,전기전자,2019-01,8249.0,portal_raw,2019Q1,13367.0,portal_raw,-38.288321986982865,True
production,전기전자,2019-02,7838.0,portal_raw,2019Q1,13768.0,portal_raw,-43.07088901801278,True
production,전기전자,2019-03,8311.0,portal_raw,2019Q1,13783.0,portal_raw,-39.70108104186316,True
production,전기전자,2019-04,8367.0,portal_raw,2019Q2,13006.0,portal_raw,-35.66815316007996,True
production,전기전자,2019-05,8406.0,portal_raw,2019Q2,13020.0,portal_raw,-35.43778801843318,True
production,전기전자,2019-06,8285.0,portal_raw,2019Q2,13088.0,portal_raw,-36.69773838630807,True
production,전기전자,2019-07,8116.0,portal_raw,2019Q3,13531.0,portal_raw,-40.019215135614516,True
production,전기전자,2019-08,7675.0,portal_raw,2019Q3,9346.0,portal_raw,-17.87930665525358,True
production,전기전자,2019-09,7676.0,portal_raw,2019Q3,8948.0,portal_raw,-14.215467143495752,True
production,전기전자,2019-10,7852.0,portal_raw,2019Q4,8422.0,portal_raw,-6.76798860128236,True
production,전기전자,2019-11,7795.0,portal_raw,2019Q4,7956.0,portal_raw,-2.0236299648064393,True
production,전기전자,2019-12,7656.0,portal_raw,2019Q4,7998.0,portal_raw,-4.276069017254313,True
production,전기전자,2020-01,7963.0,portal_raw,2020Q1,8249.0,portal_raw,-3.4670869196266163,True
production,전기전자,2020-02,7912.0,portal_raw,2020Q1,7838.0,portal_raw,0.9441183975503975,True
production,전기전자,2020-03,8304.0,portal_raw,2020Q1,8311.0,portal_raw,-0.08422572494284353,True
production,전기전자,2020-04,7666.0,portal_raw,2020Q2,8367.0,portal_raw,-8.378152264850003,True
production,전기전자,2020-05,7755.0,portal_raw,2020Q2,8406.0,portal_raw,-7.7444682369735895,True
production,전기전자,2020-06,7920.0,portal_raw,2020Q2,8285.0,portal_raw,-4.405552202776097,True
production,전기전자,2020-07,8145.0,portal_raw,2020Q3,8116.0,portal_raw,0.35731887629373293,True
production,전기전자,2020-08,8368.0,portal_raw,2020Q3,7675.0,portal_raw,9.029315960912054,True
production,전기전자,2020-09,8497.0,portal_raw,2020Q3,7676.0,portal_raw,10.695674830640955,True
production,전기전자,2020-10,7815.0,portal_raw,2020Q4,7852.0,portal_raw,-0.4712175241976535,True
production,전기전자,2020-11,7896.0,portal_raw,2020Q4,7795.0,portal_raw,1.295702373316221,True
production,전기전자,2020-12,7707.0,portal_raw,2020Q4,7656.0,portal_raw,0.6661442006269613,True
production,전기전자,2021-01,8404.950556,portal_raw,2021Q1,7963.0,portal_raw,5.550050935577033,True
production,전기전자,2021-02,8085.442778,portal_raw,2021Q1,7912.0,portal_raw,2.1921483569261824,True
production,전기전자,2021-03,8501.690505,portal_raw,2021Q1,8304.0,portal_raw,2.3806660043352634,True
production,전기전자,2021-04,8724.508636,portal_raw,2021Q2,7666.0,portal_raw,13.807835063918606,True
production,전기전자,2021-05,8511.85601,portal_raw,2021Q2,7755.0,portal_raw,9.75958749194068,True
production,전기전자,2021-06,8612.980758,portal_raw,2021Q2,7920.0,portal_raw,8.749757045454531,True
production,전기전자,2021-07,9143.276919,portal_raw,2021Q3,8145.0,portal_raw,12.256315764272552,True
production,전기전자,2021-08,8632.834697,portal_raw,2021Q3,8368.0,portal_raw,3.1648505855640607,True
production,전기전자,2021-09,8889.799545,portal_raw,2021Q3,8497.0,portal_raw,4.6228026950688506,True
production,전기전자,2021-10,8896.726364,portal_raw,2021Q4,7815.0,portal_raw,13.841668125399863,True
production,전기전자,2021-11,9614.70303,portal_raw,2021Q4,7896.0,portal_raw,21.766755699088147,True
production,전기전자,2021-12,9729.094798,portal_raw,2021Q4,7707.0,portal_raw,26.23711947580123,True
production,전기전자,2022-01,10853.52949,portal_raw,2022Q1,8404.950556,portal_raw,29.13257987284703,True
production,전기전자,2022-02,10078.28379,portal_raw,2022Q1,8085.442778,portal_raw,24.647271234451118,True
production,전기전자,2022-03,10472.06616,portal_raw,2022Q1,8501.690505,portal_raw,23.176280691953988,True
production,전기전자,2022-04,10275.13212,portal_raw,2022Q2,8724.508636,portal_raw,17.773189857382366,True
production,전기전자,2022-05,10412.06641,portal_raw,2022Q2,8511.85601,portal_raw,22.324278016070444,True
production,전기전자,2022-06,10090.7351,portal_raw,2022Q2,8612.980758,portal_raw,17.157292968841432,True
production,전기전자,2022-07,10413.01556,portal_raw,2022Q3,9143.276919,portal_raw,13.887128785976554,True
production,전기전자,2022-08,9646.94096,portal_raw,2022Q3,8632.834697,portal_raw,11.747083068234954,True
production,전기전자,2022-09,10283.74298,portal_raw,2022Q3,8889.799545,portal_raw,15.680257220018134,True
production,전기전자,2022-10,8643.182185916668,annual_revision,2022Q4,8896.726364,portal_raw,-2.8498592370928777,False
production,전기전자,2022-11,8435.110942916668,annual_revision,2022Q4,9614.70303,portal_raw,-12.268627365845253,False
production,전기전자,2022-12,8972.697631916666,annual_revision,2022Q4,9729.094798,portal_raw,-7.7745893301278794,False
production,전기전자,2023-01,10557.286662916667,annual_revision,2023Q1,10853.52949,portal_raw,-2.7294607469052323,False
production,전기전자,2023-02,10620.11326491667,annual_revision,2023Q1,10078.28379,portal_raw,5.376207757260132,False
production,전기전자,2023-03,11363.657059916666,annual_revision,2023Q1,10472.06616,portal_raw,8.513992237007283,False
production,전기전자,2023-04,10674.92007791667,annual_revision,2023Q2,10275.13212,portal_raw,3.8908303391885557,False
production,전기전자,2023-05,11386.840969916671,annual_revision,2023Q2,10412.06641,portal_raw,9.361970251942253,False
production,전기전자,2023-06,11104.429967916663,annual_revision,2023Q2,10090.7351,portal_raw,10.045798030280896,False
production,전기전자,2023-07,11254.820201916667,annual_revision,2023Q3,10413.01556,portal_raw,8.084158110262795,False
production,전기전자,2023-08,10878.738779916668,annual_revision,2023Q3,9646.94096,portal_raw,12.768791941654722,False
production,전기전자,2023-09,12274.214816916665,annual_revision,2023Q3,10283.74298,portal_raw,19.355519102215666,False
production,전기전자,2023-10,10898.791616916664,annual_revision,2023Q4,8643.182185916668,annual_revision,26.09697889598255,True
production,전기전자,2023-11,11351.448238916664,annual_revision,2023Q4,8435.110942916668,annual_revision,34.57378706380825,True
production,전기전자,2023-12,,annual_revision,2023Q4,8972.697631916666,annual_revision,,True
production,전기전자,2024-01,11933.593778583338,annual_revision,2024Q1,10557.286662916667,annual_revision,13.03656099915389,True
production,전기전자,2024-02,12186.806742583338,annual_revision,2024Q1,10620.11326491667,annual_revision,14.752135298238379,True
production,전기전자,2024-03,11388.475182583334,annual_revision,2024Q1,11363.657059916666,annual_revision,0.21839908170240285,True
production,철강,2018-01,2367.0,portal_raw,2018Q1,,,,
production,철강,2018-02,2304.0,portal_raw,2018Q1,,,,
production,철강,2018-03,2351.0,portal_raw,2018Q1,,,,
production,철강,2018-04,2286.0,portal_raw,2018Q2,,,,
production,철강,2018-05,2069.0,portal_raw,2018Q2,,,,
production,철강,2018-06,2089.0,portal_raw,2018Q2,,,,
production,철강,2018-07,2119.0,portal_raw,2018Q3,,,,
production,철강,2018-08,3655.0,portal_raw,2018Q3,,,,
production,철강,2018-09,3640.0,portal_raw,2018Q3,,,,
production,철강,2018-10,3983.0,portal_raw,2018Q4,,,,
production,철강,2018-11,3823.0,portal_raw,2018Q4,,,,
production,철강,2018-12,3815.0,portal_raw,2018Q4,,,,
production,철강,2019-01,4000.0,portal_raw,2019Q1,2367.0,portal_raw,68.99028305872412,True
production,철강,2019-02,3367.0,portal_raw,2019Q1,2304.0,portal_raw,46.13715277777777,True
production,철강,2019-03,3873.0,portal_raw,2019Q1,2351.0,portal_raw,64.73840918757976,True
production,철강,2019-04,3757.0,portal_raw,2019Q2,2286.0,portal_raw,64.34820647419073,True
production,철강,2019-05,3772.0,portal_raw,2019Q2,2069.0,portal_raw,82.31029482841952,True
production,철강,2019-06,3748.0,portal_raw,2019Q2,2089.0,portal_raw,79.4159885112494,True
production,철강,2019-07,3852.0,portal_raw,2019Q3,2119.0,portal_raw,81.78386031146768,True
production,철강,2019-08,3635.0,portal_raw,2019Q3,3655.0,portal_raw,-0.5471956224350261,True
production,철강,2019-09,3611.0,portal_raw,2019Q3,3640.0,portal_raw,-0.7967032967032939,True
production,철강,2019-10,3883.0,portal_raw,2019Q4,3983.0,portal_raw,-2.5106703489831794,True
production,철강,2019-11,4438.0,portal_raw,2019Q4,3823.0,portal_raw,16.086842793617585,True
production,철강,2019-12,4340.0,portal_raw,2019Q4,3815.0,portal_raw,13.761467889908264,True
production,철강,2020-01,4177.0,portal_raw,2020Q1,4000.0,portal_raw,4.42499999999999,True
production,철강,2020-02,4144.0,portal_raw,2020Q1,3367.0,portal_raw,23.076923076923084,True
production,철강,2020-03,4395.0,portal_raw,2020Q1,3873.0,portal_raw,13.477924089852822,True
production,철강,2020-04,4202.0,portal_raw,2020Q2,3757.0,portal_raw,11.844556827255781,True
production,철강,2020-05,4081.0,portal_raw,2020Q2,3772.0,portal_raw,8.191940615058325,True
production,철강,2020-06,4173.0,portal_raw,2020Q2,3748.0,portal_raw,11.339381003201709,True
production,철강,2020-07,4310.0,portal_raw,2020Q3,3852.0,portal_raw,11.889927310488059,True
production,철강,2020-08,4208.0,portal_raw,2020Q3,3635.0,portal_raw,15.763411279229711,True
production,철강,2020-09,4529.0,portal_raw,2020Q3,3611.0,portal_raw,25.422320686790357,True
production,철강,2020-10,4649.0,portal_raw,2020Q4,3883.0,portal_raw,19.727015194437293,True
production,철강,2020-11,4799.0,portal_raw,2020Q4,4438.0,portal_raw,8.134294727354675,True
production,철강,2020-12,5192.0,portal_raw,2020Q4,4340.0,portal_raw,19.631336405529964,True
production,철강,2021-01,4473.24,portal_raw,2021Q1,4177.0,portal_raw,7.092171414891069,True
production,철강,2021-02,4147.643333,portal_raw,2021Q1,4144.0,portal_raw,0.08791826737450936,True
production,철강,2021-03,5131.076667,portal_raw,2021Q1,4395.0,portal_raw,16.748047030716727,True
production,철강,2021-04,5180.98,portal_raw,2021Q2,4202.0,portal_raw,23.297953355544966,True
production,철강,2021-05,4988.383333,portal_raw,2021Q2,4081.0,portal_raw,22.23433798088703,True
production,철강,2021-06,5673.406667,portal_raw,2021Q2,4173.0,portal_raw,35.95510824346992,True
production,철강,2021-07,5732.08,portal_raw,2021Q3,4310.0,portal_raw,32.99489559164732,True
production,철강,2021-08,5099.796667,portal_raw,2021Q3,4208.0,portal_raw,21.192886573193913,True
production,철강,2021-09,5276.81,portal_raw,2021Q3,4529.0,portal_raw,16.511591962905726,True
production,철강,2021-10,5806.176667,portal_raw,2021Q4,4649.0,portal_raw,24.890872596257264,True
production,철강,2021-11,5816.016667,portal_raw,2021Q4,4799.0,portal_raw,21.19226228380913,True
production,철강,2021-12,6476.386667,portal_raw,2021Q4,5192.0,portal_raw,24.73780175269644,True
production,철강,2022-01,5698.416667,portal_raw,2022Q1,4473.24,portal_raw,27.389021536962034,True
production,철강,2022-02,5562.926667,portal_raw,2022Q1,4147.643333,portal_raw,34.12259011616416,True
production,철강,2022-03,6928.446667,portal_raw,2022Q1,5131.076667,portal_raw,35.02910045292449,True
production,철강,2022-04,6484.93,portal_raw,2022Q2,5180.98,portal_raw,25.16801840578424,True
production,철강,2022-05,6805.68,portal_raw,2022Q2,4988.383333,portal_raw,36.43057370867855,True
production,철강,2022-06,6804.71,portal_raw,2022Q2,5673.406667,portal_raw,19.94045904694883,True
production,철강,2022-07,6175.44,portal_raw,2022Q3,5732.08,portal_raw,7.734714100291695,True
production,철강,2022-08,5669.093333,portal_raw,2022Q3,5099.796667,portal_raw,11.163124790520197,True
production,철강,2022-09,5739.866667,portal_raw,2022Q3,5276.81,portal_raw,8.775314385016708,True
production,철강,2022-10,5153.204166666666,annual_revision,2022Q4,5806.176667,portal_raw,-11.246170032072389,False
production,철강,2022-11,4819.058166666667,annual_revision,2022Q4,5816.016667,portal_raw,-17.141603221154135,False
production,철강,2022-12,5369.212166666667,annual_revision,2022Q4,6476.386667,portal_raw,-17.09555894762842,False
production,철강,2023-01,4998.904166666666,annual_revision,2023Q1,5698.416667,portal_raw,-12.27555900543863,False
production,철강,2023-02,5171.3341666666665,annual_revision,2023Q1,5562.926667,portal_raw,-7.03932522886398,False
production,철강,2023-03,5954.474166666666,annual_revision,2023Q1,6928.446667,portal_raw,-14.057588188884218,False
production,철강,2023-04,5787.652166666666,annual_revision,2023Q2,6484.93,portal_raw,-10.752280029751049,False
production,철강,2023-05,5483.496166666667,annual_revision,2023Q2,6805.68,portal_raw,-19.42765209844326,False
production,철강,2023-06,6112.386166666666,annual_revision,2023Q2,6804.71,portal_raw,-10.174185723320084,False
production,철강,2023-07,5906.872166666667,annual_revision,2023Q3,6175.44,portal_raw,-4.348966767280271,False
production,철강,2023-08,4660.108166666667,annual_revision,2023Q3,5669.093333,portal_raw,-17.797998852126728,False
production,철강,2023-09,5276.780166666666,annual_revision,2023Q3,5739.866667,portal_raw,-8.0678964721557,False
production,철강,2023-10,4780.148166666667,annual_revision,2023Q4,5153.204166666666,annual_revision,-7.239301761282824,True
production,철강,2023-11,4861.6641666666665,annual_revision,2023Q4,4819.058166666667,annual_revision,0.884114665697644,True
production,철강,2023-12,,annual_revision,2023Q4,5369.212166666667,annual_revision,,True
production,철강,2024-01,5058.272166666667,annual_revision,2024Q1,4998.904166666666,annual_revision,1.1876202867795227,True
production,철강,2024-02,4443.652166666666,annual_revision,2024Q1,5171.3341666666665,annual_revision,-14.07145577035973,True
production,철강,2024-03,5205.288166666667,annual_revision,2024Q1,5954.474166666666,annual_revision,-12.581900248958434,True
