q1_q3_industry,q1_q3_quarter,q1_q3_stage,q1_q3_state,kicox_industry,company_raw,normalized_company,company_official,wanted_auth_no,title_raw,region_raw,gu,reg_date,due_date,recruitment_count,recruitment_count_source,occupation,occupation_source,career_type,career_min_months,wage_type,wage_min,wage_max,ksic_code,ksic_name,ksic_resolution_method,company_match_status,is_manufacturing,workplace_address_enriched,address_source,industrial_complex_match_status,industrial_complex_match_method,kicox_mapping_status,kicox_mapping_confidence,repost_candidate,evidence_status,evidence_notes,source_url
기계,2026Q2,우선점검,S4,기계,(유)티에스,티에스,(유)티에스,K131132609180046,H-MCT 가공 경력자 모집,경남 창원시 의창구,의창구,2026-09-18,2026-09-30,,NOT_COLLECTED_ACCESS_POLICY,,NOT_PROVIDED_ON_LIST,경력,24.0,시급,11000,12000,25924,절삭가공 및 유사처리업,COMPANY_MASTER_EXACT,MATCH,True,,NOT_COLLECTED_ACCESS_POLICY,UNKNOWN,NO_RELIABLE_ADDRESS,MAPPED,C,False,CONFIRMED_POSTING_COMPANY_IDENTIFIED,수집시점 공개 채용활동 확인. 공고 수는 모집인원·노동수요가 아니다. 모집인원은 목록 미제공·상세 수집 비허용으로 미확보(NULL).,http://www.work.go.kr/empInfo/empInfoSrch/detail/empDetailAuthView.do?callPage=detail&wantedAuthNo=K131132609180046
기계,2026Q2,우선점검,S4,기계,도해정밀,도해정밀,도해정밀,KF10532609180005,검사 및 출하 직원 모집,경남 창원시 의창구,의창구,2026-09-18,2026-11-17,,NOT_COLLECTED_ACCESS_POLICY,,NOT_PROVIDED_ON_LIST,관계없음,,시급,10320,10320,29293,주형 및 금형 제조업,COMPANY_MASTER_EXACT,MATCH,True,경상남도 창원시 의창구 북면 감계로188번길 3,ENRICHED_FROM_FACTORY_REGISTER,POSSIBLE,LEGAL_DONG_MFG_DENSITY_PROXY_UPPER_BOUND,MAPPED,A,False,CONFIRMED_POSTING_COMPANY_IDENTIFIED,수집시점 공개 채용활동 확인. 공고 수는 모집인원·노동수요가 아니다. 모집인원은 목록 미제공·상세 수집 비허용으로 미확보(NULL).,http://www.work.go.kr/empInfo/empInfoSrch/detail/empDetailAuthView.do?callPage=detail&wantedAuthNo=KF10532609180005
기계,2026Q2,우선점검,S4,기계,주식회사 에이지,에이지,주식회사 에이지,K131132609180044,사상 및 제품검사자 모집 [주5일/주간근무],경남 창원시 의창구,의창구,2026-09-18,2026-10-02,,NOT_COLLECTED_ACCESS_POLICY,,NOT_PROVIDED_ON_LIST,관계없음,,시급,11000,11000,25924,절삭가공 및 유사처리업,COMPANY_MASTER_EXACT,MATCH,True,경상남도 창원시 의창구 평산로8번길 37-19 (팔용동),ENRICHED_FROM_FACTORY_REGISTER,NOT_MATCH,LEGAL_DONG_MFG_DENSITY_PROXY_UPPER_BOUND,MAPPED,C,False,CONFIRMED_POSTING_COMPANY_IDENTIFIED,수집시점 공개 채용활동 확인. 공고 수는 모집인원·노동수요가 아니다. 모집인원은 목록 미제공·상세 수집 비허용으로 미확보(NULL).,http://www.work.go.kr/empInfo/empInfoSrch/detail/empDetailAuthView.do?callPage=detail&wantedAuthNo=K131132609180044
기계,2026Q2,우선점검,S4,기계,도해정밀,도해정밀,도해정밀,K131132609180036,"반도체 및 금형 제품 검사 및 포장, CAD편집",경남 창원시 의창구,의창구,2026-09-18,2026-10-18,,NOT_COLLECTED_ACCESS_POLICY,,NOT_PROVIDED_ON_LIST,관계없음,,시급,10320,10320,29293,주형 및 금형 제조업,COMPANY_MASTER_EXACT,MATCH,True,경상남도 창원시 의창구 북면 감계로188번길 3,ENRICHED_FROM_FACTORY_REGISTER,POSSIBLE,LEGAL_DONG_MFG_DENSITY_PROXY_UPPER_BOUND,MAPPED,A,False,CONFIRMED_POSTING_COMPANY_IDENTIFIED,수집시점 공개 채용활동 확인. 공고 수는 모집인원·노동수요가 아니다. 모집인원은 목록 미제공·상세 수집 비허용으로 미확보(NULL).,http://www.work.go.kr/empInfo/empInfoSrch/detail/empDetailAuthView.do?callPage=detail&wantedAuthNo=K131132609180036
기계,2026Q2,우선점검,S4,기계,주식회사동경씨에스,동경씨에스,(주)동경씨에스,K131132609180033,편집인원구인,경남 창원시 성산구,성산구,2026-09-18,2026-10-02,,NOT_COLLECTED_ACCESS_POLICY,,NOT_PROVIDED_ON_LIST,경력,12.0,연봉,35000000,35000000,25913,자동차용 금속 압형제품 제조업,COMPANY_MASTER_EXACT,MATCH,True,경상남도 창원시 성산구 성산패총로38번길 18 (성산동),ENRICHED_FROM_FACTORY_REGISTER,NOT_MATCH,LEGAL_DONG_MFG_DENSITY_PROXY_UPPER_BOUND,MAPPED,C,False,CONFIRMED_POSTING_COMPANY_IDENTIFIED,수집시점 공개 채용활동 확인. 공고 수는 모집인원·노동수요가 아니다. 모집인원은 목록 미제공·상세 수집 비허용으로 미확보(NULL).,http://www.work.go.kr/empInfo/empInfoSrch/detail/empDetailAuthView.do?callPage=detail&wantedAuthNo=K131132609180033
기계,2026Q2,우선점검,S4,기계,주식회사 건우엠티씨,건우엠티씨,주식회사 건우엠티씨,K131132609180028,자재 구매 인재 모집,경남 창원시 의창구,의창구,2026-09-18,2026-10-17,,NOT_COLLECTED_ACCESS_POLICY,,NOT_PROVIDED_ON_LIST,경력,12.0,연봉,35000000,40000000,29223,금속 절삭기계 제조업,COMPANY_MASTER_EXACT,MATCH,True,경상남도 창원시 의창구 차룡로 16 (팔용동),ENRICHED_FROM_FACTORY_REGISTER,NOT_MATCH,LEGAL_DONG_MFG_DENSITY_PROXY_UPPER_BOUND,MAPPED,A,False,CONFIRMED_POSTING_COMPANY_IDENTIFIED,수집시점 공개 채용활동 확인. 공고 수는 모집인원·노동수요가 아니다. 모집인원은 목록 미제공·상세 수집 비허용으로 미확보(NULL).,http://www.work.go.kr/empInfo/empInfoSrch/detail/empDetailAuthView.do?callPage=detail&wantedAuthNo=K131132609180028
기계,2026Q2,우선점검,S4,기계,주식회사 건우엠티씨,건우엠티씨,주식회사 건우엠티씨,K131132609180027,MCT 가공원 모집,경남 창원시 의창구,의창구,2026-09-18,2026-10-17,,NOT_COLLECTED_ACCESS_POLICY,,NOT_PROVIDED_ON_LIST,경력,12.0,시급,10320,10700,29223,금속 절삭기계 제조업,COMPANY_MASTER_EXACT,MATCH,True,경상남도 창원시 의창구 차룡로 16 (팔용동),ENRICHED_FROM_FACTORY_REGISTER,NOT_MATCH,LEGAL_DONG_MFG_DENSITY_PROXY_UPPER_BOUND,MAPPED,A,False,CONFIRMED_POSTING_COMPANY_IDENTIFIED,수집시점 공개 채용활동 확인. 공고 수는 모집인원·노동수요가 아니다. 모집인원은 목록 미제공·상세 수집 비허용으로 미확보(NULL).,http://www.work.go.kr/empInfo/empInfoSrch/detail/empDetailAuthView.do?callPage=detail&wantedAuthNo=K131132609180027
기계,2026Q2,우선점검,S4,기계,덕보기계,덕보기계,덕보기계,K131132609180024,방산 범용선반 사원모집 [경력무관],경남 창원시 의창구,의창구,2026-09-18,2026-10-17,,NOT_COLLECTED_ACCESS_POLICY,,NOT_PROVIDED_ON_LIST,관계없음,,시급,10320,10320,25924,절삭가공 및 유사처리업,COMPANY_MASTER_EXACT,MATCH,True,경상남도 창원시 의창구 차룡로 12 (팔용동),ENRICHED_FROM_FACTORY_REGISTER,NOT_MATCH,LEGAL_DONG_MFG_DENSITY_PROXY_UPPER_BOUND,MAPPED,C,False,CONFIRMED_POSTING_COMPANY_IDENTIFIED,수집시점 공개 채용활동 확인. 공고 수는 모집인원·노동수요가 아니다. 모집인원은 목록 미제공·상세 수집 비허용으로 미확보(NULL).,http://www.work.go.kr/empInfo/empInfoSrch/detail/empDetailAuthView.do?callPage=detail&wantedAuthNo=K131132609180024
기계,2026Q2,우선점검,S4,기계,주식회사킴텍,킴텍,주식회사 킴텍,K131132609180022,플라스틱 사출기 오퍼레이터 구인,경남 창원시 의창구,의창구,2026-09-18,2026-10-02,,NOT_COLLECTED_ACCESS_POLICY,,NOT_PROVIDED_ON_LIST,경력,6.0,시급,10320,10320,29176,액체 여과기 제조업,COMPANY_MASTER_EXACT,MATCH,True,경상남도 창원시 의창구 북면 동전산단서로 34,ENRICHED_FROM_FACTORY_REGISTER,POSSIBLE,LEGAL_DONG_MFG_DENSITY_PROXY_UPPER_BOUND,MAPPED,A,False,CONFIRMED_POSTING_COMPANY_IDENTIFIED,수집시점 공개 채용활동 확인. 공고 수는 모집인원·노동수요가 아니다. 모집인원은 목록 미제공·상세 수집 비허용으로 미확보(NULL).,http://www.work.go.kr/empInfo/empInfoSrch/detail/empDetailAuthView.do?callPage=detail&wantedAuthNo=K131132609180022
기계,2026Q2,우선점검,S4,기계,주식회사킴텍,킴텍,주식회사 킴텍,K131132609180021,"플라스틱 사출, 납품보조 구인(월수금 출근)",경남 창원시 의창구,의창구,2026-09-18,2026-10-02,,NOT_COLLECTED_ACCESS_POLICY,,NOT_PROVIDED_ON_LIST,관계없음,,시급,10320,10320,29176,액체 여과기 제조업,COMPANY_MASTER_EXACT,MATCH,True,경상남도 창원시 의창구 북면 동전산단서로 34,ENRICHED_FROM_FACTORY_REGISTER,POSSIBLE,LEGAL_DONG_MFG_DENSITY_PROXY_UPPER_BOUND,MAPPED,A,False,CONFIRMED_POSTING_COMPANY_IDENTIFIED,수집시점 공개 채용활동 확인. 공고 수는 모집인원·노동수요가 아니다. 모집인원은 목록 미제공·상세 수집 비허용으로 미확보(NULL).,http://www.work.go.kr/empInfo/empInfoSrch/detail/empDetailAuthView.do?callPage=detail&wantedAuthNo=K131132609180021
기계,2026Q2,우선점검,S4,기계,주식회사성산글로팩,성산글로팩,(주)성산글로팩,K131132609180016,제품설계(CAD) 담당자 모집(신입),경남 창원시 성산구,성산구,2026-09-18,2026-10-07,,NOT_COLLECTED_ACCESS_POLICY,,NOT_PROVIDED_ON_LIST,신입,0.0,연봉,32400000,32400000,25991,금속 캔 및 기타 포장용기 제조업,COMPANY_MASTER_EXACT,MATCH,True,경상남도 창원시 의창구 대산면 가술길23번길 12-64,ENRICHED_FROM_FACTORY_REGISTER,POSSIBLE,LEGAL_DONG_MFG_DENSITY_PROXY_UPPER_BOUND,MAPPED,C,False,CONFIRMED_POSTING_COMPANY_IDENTIFIED,수집시점 공개 채용활동 확인. 공고 수는 모집인원·노동수요가 아니다. 모집인원은 목록 미제공·상세 수집 비허용으로 미확보(NULL).,http://www.work.go.kr/empInfo/empInfoSrch/detail/empDetailAuthView.do?callPage=detail&wantedAuthNo=K131132609180016
기계,2026Q2,우선점검,S4,기계,주식회사킴텍,킴텍,주식회사 킴텍,K131132609180015,플라스틱 사출 소재담당자 구인,경남 창원시 의창구,의창구,2026-09-18,2026-10-02,,NOT_COLLECTED_ACCESS_POLICY,,NOT_PROVIDED_ON_LIST,관계없음,,시급,10320,10320,29176,액체 여과기 제조업,COMPANY_MASTER_EXACT,MATCH,True,경상남도 창원시 의창구 북면 동전산단서로 34,ENRICHED_FROM_FACTORY_REGISTER,POSSIBLE,LEGAL_DONG_MFG_DENSITY_PROXY_UPPER_BOUND,MAPPED,A,False,CONFIRMED_POSTING_COMPANY_IDENTIFIED,수집시점 공개 채용활동 확인. 공고 수는 모집인원·노동수요가 아니다. 모집인원은 목록 미제공·상세 수집 비허용으로 미확보(NULL).,http://www.work.go.kr/empInfo/empInfoSrch/detail/empDetailAuthView.do?callPage=detail&wantedAuthNo=K131132609180015
기계,2026Q2,우선점검,S4,기계,(주)신승정밀,신승정밀,(주)신승정밀,K131132609180014,CNC선반 조작원 채용,경남 창원시 성산구,성산구,2026-09-18,2026-10-30,,NOT_COLLECTED_ACCESS_POLICY,,NOT_PROVIDED_ON_LIST,경력,36.0,연봉,40000000,45000000,25924,절삭가공 및 유사처리업,COMPANY_MASTER_EXACT,MATCH,True,경상남도 창원시 성산구 공단로 220 (웅남동),ENRICHED_FROM_FACTORY_REGISTER,NOT_MATCH,LEGAL_DONG_MFG_DENSITY_PROXY_UPPER_BOUND,MAPPED,C,False,CONFIRMED_POSTING_COMPANY_IDENTIFIED,수집시점 공개 채용활동 확인. 공고 수는 모집인원·노동수요가 아니다. 모집인원은 목록 미제공·상세 수집 비허용으로 미확보(NULL).,http://www.work.go.kr/empInfo/empInfoSrch/detail/empDetailAuthView.do?callPage=detail&wantedAuthNo=K131132609180014
기계,2026Q2,우선점검,S4,기계,삼명기계공업(주),삼명기계공업,삼명기계공업(주),K131132609180012,삼명기계공업(주) 품질관리부 사원 모집,경남 창원시 성산구,성산구,2026-09-18,2026-11-16,,NOT_COLLECTED_ACCESS_POLICY,,NOT_PROVIDED_ON_LIST,경력,24.0,연봉,32000000,32000000,,공기 조화장치 제조업,COMPANY_MASTER_EXACT,MATCH,True,"경상남도 창원시 성산구 웅남로 324 (웅남동, 삼명기계공업(주))",ENRICHED_FROM_FACTORY_REGISTER,NOT_MATCH,LEGAL_DONG_MFG_DENSITY_PROXY_UPPER_BOUND,MAPPED,A,False,CONFIRMED_POSTING_COMPANY_IDENTIFIED,수집시점 공개 채용활동 확인. 공고 수는 모집인원·노동수요가 아니다. 모집인원은 목록 미제공·상세 수집 비허용으로 미확보(NULL).,http://www.work.go.kr/empInfo/empInfoSrch/detail/empDetailAuthView.do?callPage=detail&wantedAuthNo=K131132609180012
기계,2026Q2,우선점검,S4,기계,제이텍,제이텍,제이텍,K131132609180007,창원)LG 전자 가전 제품  개발( 설계변경 및 편집 ) 연구원/신입가능,경남 창원시 성산구,성산구,2026-09-18,2026-11-17,,NOT_COLLECTED_ACCESS_POLICY,,NOT_PROVIDED_ON_LIST,관계없음,,연봉,35000000,35000000,25924,절삭가공 및 유사처리업,COMPANY_MASTER_EXACT,MATCH,True,"경상남도 창원시 성산구 완암로 50, 메카동 3층 309호 (성산동, SK테크노파크)",ENRICHED_FROM_FACTORY_REGISTER,NOT_MATCH,LEGAL_DONG_MFG_DENSITY_PROXY_UPPER_BOUND,MAPPED,C,False,CONFIRMED_POSTING_COMPANY_IDENTIFIED,수집시점 공개 채용활동 확인. 공고 수는 모집인원·노동수요가 아니다. 모집인원은 목록 미제공·상세 수집 비허용으로 미확보(NULL).,http://www.work.go.kr/empInfo/empInfoSrch/detail/empDetailAuthView.do?callPage=detail&wantedAuthNo=K131132609180007
기계,2026Q2,우선점검,S4,기계,주식회사 신화엠티,신화엠티,(주)신화엠티,K131132609180004,MCT 생산직 모집,경남 창원시 의창구,의창구,2026-09-18,2026-10-17,,NOT_COLLECTED_ACCESS_POLICY,,NOT_PROVIDED_ON_LIST,관계없음,,시급,11000,11000,25924,절삭가공 및 유사처리업,COMPANY_MASTER_EXACT,MATCH,True,경상남도 창원시 의창구 팔용로345번길 31 (팔용동),ENRICHED_FROM_FACTORY_REGISTER,NOT_MATCH,LEGAL_DONG_MFG_DENSITY_PROXY_UPPER_BOUND,MAPPED,C,False,CONFIRMED_POSTING_COMPANY_IDENTIFIED,수집시점 공개 채용활동 확인. 공고 수는 모집인원·노동수요가 아니다. 모집인원은 목록 미제공·상세 수집 비허용으로 미확보(NULL).,http://www.work.go.kr/empInfo/empInfoSrch/detail/empDetailAuthView.do?callPage=detail&wantedAuthNo=K131132609180004
기계,2026Q2,우선점검,S4,기계,(주)에스제이에이치,에스제이에이치,(주)에스제이에이치,K131132609170054,"유압기기 세척 및 조립, 시험원 모집",경남 창원시 의창구,의창구,2026-09-17,2026-11-16,,NOT_COLLECTED_ACCESS_POLICY,,NOT_PROVIDED_ON_LIST,경력,36.0,시급,10320,10320,29210,농업 및 임업용 기계 제조업,COMPANY_MASTER_EXACT,MATCH,True,경상남도 창원시 의창구 대산면 봉강가술로 580-7 ((주)SJH),ENRICHED_FROM_FACTORY_REGISTER,POSSIBLE,LEGAL_DONG_MFG_DENSITY_PROXY_UPPER_BOUND,MAPPED,A,False,CONFIRMED_POSTING_COMPANY_IDENTIFIED,수집시점 공개 채용활동 확인. 공고 수는 모집인원·노동수요가 아니다. 모집인원은 목록 미제공·상세 수집 비허용으로 미확보(NULL).,http://www.work.go.kr/empInfo/empInfoSrch/detail/empDetailAuthView.do?callPage=detail&wantedAuthNo=K131132609170054
목재종이,2026Q2,우선점검,S4,목재종이,주식회사마크,마크,주식회사 마크,K131132609170053,[주식회사마크] 홍보팀 추가 채용 (본사 상주근무 필수!),경남 창원시 성산구,성산구,2026-09-17,2026-11-16,,NOT_COLLECTED_ACCESS_POLICY,,NOT_PROVIDED_ON_LIST,관계없음,,월급,2200000,2200000,18119,기타 인쇄업,COMPANY_MASTER_EXACT,MATCH,True,경상남도 창원시 성산구 용지로 111 (중앙동) 평안빌딩,ENRICHED_FROM_FACTORY_REGISTER,NOT_MATCH,LEGAL_DONG_MFG_DENSITY_PROXY_UPPER_BOUND,MAPPED,C,False,CONFIRMED_POSTING_COMPANY_IDENTIFIED,수집시점 공개 채용활동 확인. 공고 수는 모집인원·노동수요가 아니다. 모집인원은 목록 미제공·상세 수집 비허용으로 미확보(NULL).,http://www.work.go.kr/empInfo/empInfoSrch/detail/empDetailAuthView.do?callPage=detail&wantedAuthNo=K131132609170053
기계,2026Q2,우선점검,S4,기계,주현테크,주현테크,주현테크,K131132609170043,CNC  금형 및 단품 가공 사원 모집(경력),경남 창원시 성산구,성산구,2026-09-17,2026-10-31,,NOT_COLLECTED_ACCESS_POLICY,,NOT_PROVIDED_ON_LIST,경력,60.0,연봉,45000000,45000000,29293,주형 및 금형 제조업,COMPANY_MASTER_EXACT,MATCH,True,"경상남도 창원시 성산구 웅남로 316, 4동 1층 106호 (웅남동, 창원 지식산업센터)",ENRICHED_FROM_FACTORY_REGISTER,NOT_MATCH,LEGAL_DONG_MFG_DENSITY_PROXY_UPPER_BOUND,MAPPED,A,False,CONFIRMED_POSTING_COMPANY_IDENTIFIED,수집시점 공개 채용활동 확인. 공고 수는 모집인원·노동수요가 아니다. 모집인원은 목록 미제공·상세 수집 비허용으로 미확보(NULL).,http://www.work.go.kr/empInfo/empInfoSrch/detail/empDetailAuthView.do?callPage=detail&wantedAuthNo=K131132609170043
기계,2026Q2,우선점검,S4,기계,주현테크,주현테크,주현테크,K131132609170042,납품영업 및 외주관리 사원 모집,경남 창원시 성산구,성산구,2026-09-17,2026-10-31,,NOT_COLLECTED_ACCESS_POLICY,,NOT_PROVIDED_ON_LIST,경력,24.0,연봉,40000000,40000000,29293,주형 및 금형 제조업,COMPANY_MASTER_EXACT,MATCH,True,"경상남도 창원시 성산구 웅남로 316, 4동 1층 106호 (웅남동, 창원 지식산업센터)",ENRICHED_FROM_FACTORY_REGISTER,NOT_MATCH,LEGAL_DONG_MFG_DENSITY_PROXY_UPPER_BOUND,MAPPED,A,False,CONFIRMED_POSTING_COMPANY_IDENTIFIED,수집시점 공개 채용활동 확인. 공고 수는 모집인원·노동수요가 아니다. 모집인원은 목록 미제공·상세 수집 비허용으로 미확보(NULL).,http://www.work.go.kr/empInfo/empInfoSrch/detail/empDetailAuthView.do?callPage=detail&wantedAuthNo=K131132609170042
기계,2026Q2,우선점검,S4,기계,성신메카텍 주식회사,성신메카텍,성신메카텍(주),K131132609170036,[창원] MCT 가공직원 모집 (정규직) (상여금있음),경남 창원시 의창구,의창구,2026-09-17,2026-11-16,,NOT_COLLECTED_ACCESS_POLICY,,NOT_PROVIDED_ON_LIST,신입,0.0,시급,10320,10320,25924,절삭가공 및 유사처리업,COMPANY_MASTER_EXACT,MATCH,True,,NOT_COLLECTED_ACCESS_POLICY,UNKNOWN,NO_RELIABLE_ADDRESS,MAPPED,C,False,CONFIRMED_POSTING_COMPANY_IDENTIFIED,수집시점 공개 채용활동 확인. 공고 수는 모집인원·노동수요가 아니다. 모집인원은 목록 미제공·상세 수집 비허용으로 미확보(NULL).,http://www.work.go.kr/empInfo/empInfoSrch/detail/empDetailAuthView.do?callPage=detail&wantedAuthNo=K131132609170036
기계,2026Q2,우선점검,S4,기계,주식회사 대성금속,대성금속,대성금속,K131132609170035,생산직 사원 모집,경남 창원시 성산구,성산구,2026-09-17,2026-11-13,,NOT_COLLECTED_ACCESS_POLICY,,NOT_PROVIDED_ON_LIST,관계없음,,시급,10320,13000,25922,도금업,COMPANY_MASTER_EXACT,MATCH,True,,NOT_COLLECTED_ACCESS_POLICY,UNKNOWN,NO_RELIABLE_ADDRESS,MAPPED,C,False,CONFIRMED_POSTING_COMPANY_IDENTIFIED,수집시점 공개 채용활동 확인. 공고 수는 모집인원·노동수요가 아니다. 모집인원은 목록 미제공·상세 수집 비허용으로 미확보(NULL).,http://www.work.go.kr/empInfo/empInfoSrch/detail/empDetailAuthView.do?callPage=detail&wantedAuthNo=K131132609170035
기계,2026Q2,우선점검,S4,기계,주식회사승은테크,승은테크,(주)승은테크,K131132609170030,사상원 모집,경남 창원시 성산구,성산구,2026-09-17,2026-10-01,,NOT_COLLECTED_ACCESS_POLICY,,NOT_PROVIDED_ON_LIST,관계없음,,시급,12000,12000,25113,육상 금속 골조 구조재 제조업,COMPANY_MASTER_EXACT,MATCH,True,"경상남도 창원시 성산구 공단로21번길 35 (신촌동, (주)승은테크) 외 1필지",ENRICHED_FROM_FACTORY_REGISTER,NOT_MATCH,LEGAL_DONG_MFG_DENSITY_PROXY_UPPER_BOUND,MAPPED,C,False,CONFIRMED_POSTING_COMPANY_IDENTIFIED,수집시점 공개 채용활동 확인. 공고 수는 모집인원·노동수요가 아니다. 모집인원은 목록 미제공·상세 수집 비허용으로 미확보(NULL).,http://www.work.go.kr/empInfo/empInfoSrch/detail/empDetailAuthView.do?callPage=detail&wantedAuthNo=K131132609170030
기계,2026Q2,우선점검,S4,기계,우진이디엠,우진이디엠,(주)우진이디엠,K131132609170028,방전기 조작원 모집,경남 창원시 의창구,의창구,2026-09-17,2026-11-16,,NOT_COLLECTED_ACCESS_POLICY,,NOT_PROVIDED_ON_LIST,관계없음,,시급,10320,10320,29293,주형 및 금형 제조업,COMPANY_MASTER_EXACT,MATCH,True,"경상남도 창원시 의창구 평산로 37 (팔용동, KPE)",ENRICHED_FROM_FACTORY_REGISTER,NOT_MATCH,LEGAL_DONG_MFG_DENSITY_PROXY_UPPER_BOUND,MAPPED,A,False,CONFIRMED_POSTING_COMPANY_IDENTIFIED,수집시점 공개 채용활동 확인. 공고 수는 모집인원·노동수요가 아니다. 모집인원은 목록 미제공·상세 수집 비허용으로 미확보(NULL).,http://www.work.go.kr/empInfo/empInfoSrch/detail/empDetailAuthView.do?callPage=detail&wantedAuthNo=K131132609170028
기계,2026Q2,우선점검,S4,기계,창현정밀,창현정밀,창현정밀,K131132609170027,MCT 조작원,경남 창원시 성산구,성산구,2026-09-17,2026-11-14,,NOT_COLLECTED_ACCESS_POLICY,,NOT_PROVIDED_ON_LIST,경력,48.0,연봉,60000000,60000000,25924,절삭가공 및 유사처리업,COMPANY_MASTER_EXACT,MATCH,True,"경상남도 창원시 성산구 공단로98번길 23 (신촌동, 태성정밀)",ENRICHED_FROM_FACTORY_REGISTER,NOT_MATCH,LEGAL_DONG_MFG_DENSITY_PROXY_UPPER_BOUND,MAPPED,C,False,CONFIRMED_POSTING_COMPANY_IDENTIFIED,수집시점 공개 채용활동 확인. 공고 수는 모집인원·노동수요가 아니다. 모집인원은 목록 미제공·상세 수집 비허용으로 미확보(NULL).,http://www.work.go.kr/empInfo/empInfoSrch/detail/empDetailAuthView.do?callPage=detail&wantedAuthNo=K131132609170027
기계,2026Q2,우선점검,S4,기계,세계미크론,세계미크론,세계미크론,K131132609170017,원통연삭 기능공  모집,경남 창원시 의창구,의창구,2026-09-17,2026-11-16,,NOT_COLLECTED_ACCESS_POLICY,,NOT_PROVIDED_ON_LIST,경력,24.0,연봉,36000000,36000000,29299,그 외 기타 특수목적용 기계 제조업,COMPANY_MASTER_EXACT,MATCH,True,경상남도 창원시 의창구 죽전로74번길 43 (팔용동),ENRICHED_FROM_FACTORY_REGISTER,NOT_MATCH,LEGAL_DONG_MFG_DENSITY_PROXY_UPPER_BOUND,MAPPED,A,False,CONFIRMED_POSTING_COMPANY_IDENTIFIED,수집시점 공개 채용활동 확인. 공고 수는 모집인원·노동수요가 아니다. 모집인원은 목록 미제공·상세 수집 비허용으로 미확보(NULL).,http://www.work.go.kr/empInfo/empInfoSrch/detail/empDetailAuthView.do?callPage=detail&wantedAuthNo=K131132609170017
기계,2026Q2,우선점검,S4,기계,주식회사 인시스(INSYS),인시스INSYS,(주)인시스,KEC0132609170005,[창원 용호동] 오피스텔 경비원 모집,경남 창원시 성산구,성산구,2026-09-17,2026-10-16,,NOT_COLLECTED_ACCESS_POLICY,,NOT_PROVIDED_ON_LIST,관계없음,,월급,2400000,2400000,29141,구름베어링 제조업,COMPANY_MASTER_EXACT,MATCH,True,경상남도 창원시 성산구 반월로60번길 18 (신촌동),ENRICHED_FROM_FACTORY_REGISTER,NOT_MATCH,LEGAL_DONG_MFG_DENSITY_PROXY_UPPER_BOUND,MAPPED,A,False,CONFIRMED_POSTING_COMPANY_IDENTIFIED,수집시점 공개 채용활동 확인. 공고 수는 모집인원·노동수요가 아니다. 모집인원은 목록 미제공·상세 수집 비허용으로 미확보(NULL).,http://www.work.go.kr/empInfo/empInfoSrch/detail/empDetailAuthView.do?callPage=detail&wantedAuthNo=KEC0132609170005
기계,2026Q2,우선점검,S4,기계,주식회사 인시스(INSYS),인시스INSYS,(주)인시스,KEC0132609170004,[창원 서상동] 메트로병원 미화원 채용,경남 창원시 의창구,의창구,2026-09-17,2026-10-16,,NOT_COLLECTED_ACCESS_POLICY,,NOT_PROVIDED_ON_LIST,경력,12.0,시급,10320,10320,29141,구름베어링 제조업,COMPANY_MASTER_EXACT,MATCH,True,경상남도 창원시 성산구 반월로60번길 18 (신촌동),ENRICHED_FROM_FACTORY_REGISTER,NOT_MATCH,LEGAL_DONG_MFG_DENSITY_PROXY_UPPER_BOUND,MAPPED,A,False,CONFIRMED_POSTING_COMPANY_IDENTIFIED,수집시점 공개 채용활동 확인. 공고 수는 모집인원·노동수요가 아니다. 모집인원은 목록 미제공·상세 수집 비허용으로 미확보(NULL).,http://www.work.go.kr/empInfo/empInfoSrch/detail/empDetailAuthView.do?callPage=detail&wantedAuthNo=KEC0132609170004
기계,2026Q2,우선점검,S4,기계,SMC,SMC,SMC,K131132609170005,하네스 및 케이블 생산직 모집,경남 창원시 의창구,의창구,2026-09-17,2026-10-01,,NOT_COLLECTED_ACCESS_POLICY,,NOT_PROVIDED_ON_LIST,경력,12.0,시급,10320,10320,25924,절삭가공 및 유사처리업,COMPANY_MASTER_EXACT,MATCH,True,"경상남도 창원시 성산구 공단로21번길 46 (신촌동, 경일정밀) 외 1필지",ENRICHED_FROM_FACTORY_REGISTER,NOT_MATCH,LEGAL_DONG_MFG_DENSITY_PROXY_UPPER_BOUND,MAPPED,C,False,CONFIRMED_POSTING_COMPANY_IDENTIFIED,수집시점 공개 채용활동 확인. 공고 수는 모집인원·노동수요가 아니다. 모집인원은 목록 미제공·상세 수집 비허용으로 미확보(NULL).,http://www.work.go.kr/empInfo/empInfoSrch/detail/empDetailAuthView.do?callPage=detail&wantedAuthNo=K131132609170005
기계,2026Q2,우선점검,S4,기계,(주)지성큐앤텍,지성큐앤텍,(주)지성큐앤텍,K131132609170004,지성큐엔텍 가공 작업자(오퍼레이터) 모집 (경력),경남 창원시 성산구,성산구,2026-09-17,2026-10-01,,NOT_COLLECTED_ACCESS_POLICY,,NOT_PROVIDED_ON_LIST,경력,120.0,시급,18000,18000,25200,무기 및 총포탄 제조업,COMPANY_MASTER_EXACT,MATCH,True,,NOT_COLLECTED_ACCESS_POLICY,UNKNOWN,NO_RELIABLE_ADDRESS,MAPPED,C,False,CONFIRMED_POSTING_COMPANY_IDENTIFIED,수집시점 공개 채용활동 확인. 공고 수는 모집인원·노동수요가 아니다. 모집인원은 목록 미제공·상세 수집 비허용으로 미확보(NULL).,http://www.work.go.kr/empInfo/empInfoSrch/detail/empDetailAuthView.do?callPage=detail&wantedAuthNo=K131132609170004
기계,2026Q2,우선점검,S4,기계,(주)지성큐앤텍,지성큐앤텍,(주)지성큐앤텍,K131132609170003,특수차량 부품 조립 사원 모집(단기직 6개월),경남 창원시 성산구,성산구,2026-09-17,2026-10-01,,NOT_COLLECTED_ACCESS_POLICY,,NOT_PROVIDED_ON_LIST,관계없음,,시급,11500,11500,25200,무기 및 총포탄 제조업,COMPANY_MASTER_EXACT,MATCH,True,,NOT_COLLECTED_ACCESS_POLICY,UNKNOWN,NO_RELIABLE_ADDRESS,MAPPED,C,False,CONFIRMED_POSTING_COMPANY_IDENTIFIED,수집시점 공개 채용활동 확인. 공고 수는 모집인원·노동수요가 아니다. 모집인원은 목록 미제공·상세 수집 비허용으로 미확보(NULL).,http://www.work.go.kr/empInfo/empInfoSrch/detail/empDetailAuthView.do?callPage=detail&wantedAuthNo=K131132609170003
기계,2026Q2,우선점검,S4,기계,에이피엠글로벌 주식회사,에이피엠글로벌,에이피엠글로벌(주),K131132609170001,CNC / MCT / NC/ 범용 정규직 신입/경력사원 모집,경남 창원시 성산구,성산구,2026-09-17,2026-11-15,,NOT_COLLECTED_ACCESS_POLICY,,NOT_PROVIDED_ON_LIST,관계없음,,시급,10320,10320,25924,절삭가공 및 유사처리업,COMPANY_MASTER_EXACT,MATCH,True,"경상남도 창원시 성산구 남면로 121 (대원동, 에이피엠글로벌주식회사)",ENRICHED_FROM_FACTORY_REGISTER,NOT_MATCH,LEGAL_DONG_MFG_DENSITY_PROXY_UPPER_BOUND,MAPPED,C,False,CONFIRMED_POSTING_COMPANY_IDENTIFIED,수집시점 공개 채용활동 확인. 공고 수는 모집인원·노동수요가 아니다. 모집인원은 목록 미제공·상세 수집 비허용으로 미확보(NULL).,http://www.work.go.kr/empInfo/empInfoSrch/detail/empDetailAuthView.do?callPage=detail&wantedAuthNo=K131132609170001
기계,2026Q2,우선점검,S4,기계,주식회사에이치앤씨,에이치앤씨,(주)에이치앤씨,K131132609160044,"MCT , CNC조작원 모집",경남 창원시 성산구,성산구,2026-09-16,2026-11-15,,NOT_COLLECTED_ACCESS_POLICY,,NOT_PROVIDED_ON_LIST,경력,60.0,연봉,36000000,60000000,25113,육상 금속 골조 구조재 제조업,COMPANY_MASTER_EXACT,MATCH,True,경상남도 창원시 의창구 대산면 봉강가술로477번길 129,ENRICHED_FROM_FACTORY_REGISTER,POSSIBLE,LEGAL_DONG_MFG_DENSITY_PROXY_UPPER_BOUND,MAPPED,C,False,CONFIRMED_POSTING_COMPANY_IDENTIFIED,수집시점 공개 채용활동 확인. 공고 수는 모집인원·노동수요가 아니다. 모집인원은 목록 미제공·상세 수집 비허용으로 미확보(NULL).,http://www.work.go.kr/empInfo/empInfoSrch/detail/empDetailAuthView.do?callPage=detail&wantedAuthNo=K131132609160044
기계,2026Q2,우선점검,S4,기계,주식회사동경씨에스,동경씨에스,(주)동경씨에스,K131132609160035,동경씨에스 - 레이저 오퍼레이터  모집,경남 창원시 성산구,성산구,2026-09-16,2026-09-30,,NOT_COLLECTED_ACCESS_POLICY,,NOT_PROVIDED_ON_LIST,경력,24.0,연봉,40000000,45000000,25913,자동차용 금속 압형제품 제조업,COMPANY_MASTER_EXACT,MATCH,True,경상남도 창원시 성산구 성산패총로38번길 18 (성산동),ENRICHED_FROM_FACTORY_REGISTER,NOT_MATCH,LEGAL_DONG_MFG_DENSITY_PROXY_UPPER_BOUND,MAPPED,C,False,CONFIRMED_POSTING_COMPANY_IDENTIFIED,수집시점 공개 채용활동 확인. 공고 수는 모집인원·노동수요가 아니다. 모집인원은 목록 미제공·상세 수집 비허용으로 미확보(NULL).,http://www.work.go.kr/empInfo/empInfoSrch/detail/empDetailAuthView.do?callPage=detail&wantedAuthNo=K131132609160035
기계,2026Q2,우선점검,S4,기계,하이에스지,하이에스지,하이에스지,K131132609160023,MCT 가공 (H-MCT),경남 창원시 성산구,성산구,2026-09-16,2026-11-15,,NOT_COLLECTED_ACCESS_POLICY,,NOT_PROVIDED_ON_LIST,경력,36.0,연봉,37000000,45000000,29120,유압기기 제조업,COMPANY_MASTER_EXACT,MATCH,True,,NOT_COLLECTED_ACCESS_POLICY,UNKNOWN,NO_RELIABLE_ADDRESS,MAPPED,A,False,CONFIRMED_POSTING_COMPANY_IDENTIFIED,수집시점 공개 채용활동 확인. 공고 수는 모집인원·노동수요가 아니다. 모집인원은 목록 미제공·상세 수집 비허용으로 미확보(NULL).,http://www.work.go.kr/empInfo/empInfoSrch/detail/empDetailAuthView.do?callPage=detail&wantedAuthNo=K131132609160023
기계,2026Q2,우선점검,S4,기계,주식회사원우이엔지,원우이엔지,(주)원우이엔지,K131132609160001,원우이엔지 [발주서관리.납품일정.납품.등] 모집,경남 창원시 성산구,성산구,2026-09-16,2026-11-01,,NOT_COLLECTED_ACCESS_POLICY,,NOT_PROVIDED_ON_LIST,경력,36.0,월급,3300000,3300000,29299,그 외 기타 특수목적용 기계 제조업,COMPANY_MASTER_EXACT,MATCH,True,경상남도 창원시 성산구 월림로67번길 25 (신촌동),ENRICHED_FROM_FACTORY_REGISTER,NOT_MATCH,LEGAL_DONG_MFG_DENSITY_PROXY_UPPER_BOUND,MAPPED,A,False,CONFIRMED_POSTING_COMPANY_IDENTIFIED,수집시점 공개 채용활동 확인. 공고 수는 모집인원·노동수요가 아니다. 모집인원은 목록 미제공·상세 수집 비허용으로 미확보(NULL).,http://www.work.go.kr/empInfo/empInfoSrch/detail/empDetailAuthView.do?callPage=detail&wantedAuthNo=K131132609160001
기계,2026Q2,우선점검,S4,기계,주식회사 한성디에스,한성디에스,(주)한성디에스,K131132609150035,한성디에스 - 공작기계 조립원 모집,경남 창원시 성산구,성산구,2026-09-15,2026-10-02,,NOT_COLLECTED_ACCESS_POLICY,,NOT_PROVIDED_ON_LIST,관계없음,,일급,83000,83000,29142,기어 및 동력전달장치 제조업,COMPANY_MASTER_EXACT,MATCH,True,"경상남도 창원시 성산구 월림로39번길 17 (신촌동, 주식회사한성기어)",ENRICHED_FROM_FACTORY_REGISTER,NOT_MATCH,LEGAL_DONG_MFG_DENSITY_PROXY_UPPER_BOUND,MAPPED,A,False,CONFIRMED_POSTING_COMPANY_IDENTIFIED,수집시점 공개 채용활동 확인. 공고 수는 모집인원·노동수요가 아니다. 모집인원은 목록 미제공·상세 수집 비허용으로 미확보(NULL).,http://www.work.go.kr/empInfo/empInfoSrch/detail/empDetailAuthView.do?callPage=detail&wantedAuthNo=K131132609150035
기계,2026Q2,우선점검,S4,기계,주식회사도경테크,도경테크,도경테크,K131132609150030,타워 크레인 신호수 모집,경남 창원시 진해구,진해구,2026-09-15,2026-11-14,,NOT_COLLECTED_ACCESS_POLICY,,NOT_PROVIDED_ON_LIST,관계없음,,시급,10320,10320,25924,절삭가공 및 유사처리업,COMPANY_MASTER_EXACT,MATCH,True,경상남도 창원시 의창구 평산로70번길 20 (팔용동),ENRICHED_FROM_FACTORY_REGISTER,NOT_MATCH,LEGAL_DONG_MFG_DENSITY_PROXY_UPPER_BOUND,MAPPED,C,False,CONFIRMED_POSTING_COMPANY_IDENTIFIED,수집시점 공개 채용활동 확인. 공고 수는 모집인원·노동수요가 아니다. 모집인원은 목록 미제공·상세 수집 비허용으로 미확보(NULL).,http://www.work.go.kr/empInfo/empInfoSrch/detail/empDetailAuthView.do?callPage=detail&wantedAuthNo=K131132609150030
기계,2026Q2,우선점검,S4,기계,신흥공업(주),신흥공업,신흥공업(주),K131132609150029,일반사무원 모집(제조업),경남 창원시 성산구,성산구,2026-09-15,2026-09-28,,NOT_COLLECTED_ACCESS_POLICY,,NOT_PROVIDED_ON_LIST,관계없음,,연봉,27600000,27600000,29199,그 외 기타 일반목적용 기계 제조업,COMPANY_MASTER_EXACT,MATCH,True,"경상남도 창원시 성산구 웅남로795번길 6(남산동, 신흥공업(주)) 외 1필지",ENRICHED_FROM_FACTORY_REGISTER,NOT_MATCH,LEGAL_DONG_MFG_DENSITY_PROXY_UPPER_BOUND,MAPPED,A,False,CONFIRMED_POSTING_COMPANY_IDENTIFIED,수집시점 공개 채용활동 확인. 공고 수는 모집인원·노동수요가 아니다. 모집인원은 목록 미제공·상세 수집 비허용으로 미확보(NULL).,http://www.work.go.kr/empInfo/empInfoSrch/detail/empDetailAuthView.do?callPage=detail&wantedAuthNo=K131132609150029
기계,2026Q2,우선점검,S4,기계,대경정밀공업(주),대경정밀공업,대경정밀공업(주),K131132609150028,cnc가공 사원 모집_창원 팔용동 [경력무관],경남 창원시 의창구,의창구,2026-09-15,2026-09-30,,NOT_COLLECTED_ACCESS_POLICY,,NOT_PROVIDED_ON_LIST,관계없음,,시급,10400,10500,25924,절삭가공 및 유사처리업,COMPANY_MASTER_EXACT,MATCH,True,경상남도 창원시 의창구 차룡로 63 (팔용동),ENRICHED_FROM_FACTORY_REGISTER,NOT_MATCH,LEGAL_DONG_MFG_DENSITY_PROXY_UPPER_BOUND,MAPPED,C,False,CONFIRMED_POSTING_COMPANY_IDENTIFIED,수집시점 공개 채용활동 확인. 공고 수는 모집인원·노동수요가 아니다. 모집인원은 목록 미제공·상세 수집 비허용으로 미확보(NULL).,http://www.work.go.kr/empInfo/empInfoSrch/detail/empDetailAuthView.do?callPage=detail&wantedAuthNo=K131132609150028
기계,2026Q2,우선점검,S4,기계,한성기계공업사,한성기계공업사,한성기계공업사,K131132609150027,생산직 기계조작원 모집,경남 창원시 의창구,의창구,2026-09-15,2026-10-02,,NOT_COLLECTED_ACCESS_POLICY,,NOT_PROVIDED_ON_LIST,관계없음,,일급,85000,85000,29142,기어 및 동력전달장치 제조업,COMPANY_MASTER_EXACT,MATCH,True,"경상남도 창원시 의창구 죽전로 65 (팔용동, 신화철강(주))",ENRICHED_FROM_FACTORY_REGISTER,NOT_MATCH,LEGAL_DONG_MFG_DENSITY_PROXY_UPPER_BOUND,MAPPED,A,False,CONFIRMED_POSTING_COMPANY_IDENTIFIED,수집시점 공개 채용활동 확인. 공고 수는 모집인원·노동수요가 아니다. 모집인원은 목록 미제공·상세 수집 비허용으로 미확보(NULL).,http://www.work.go.kr/empInfo/empInfoSrch/detail/empDetailAuthView.do?callPage=detail&wantedAuthNo=K131132609150027
기계,2026Q2,우선점검,S4,기계,"주식회사지이브이솔루션(GEVSolutionCO.,Ltd.)",지이브이솔루션GEVSOLUTIONCOLTD,(주)지이브이솔루션,K131132609150024,금속기계/금속부품 조립 및 포장 [계약직 사원] 모집,경남 창원시 의창구,의창구,2026-09-15,2026-11-14,,NOT_COLLECTED_ACCESS_POLICY,,NOT_PROVIDED_ON_LIST,관계없음,,시급,10320,10320,29293,주형 및 금형 제조업,COMPANY_MASTER_EXACT,MATCH,True,경상남도 창원시 의창구 죽전로 10(팔용동),ENRICHED_FROM_FACTORY_REGISTER,NOT_MATCH,LEGAL_DONG_MFG_DENSITY_PROXY_UPPER_BOUND,MAPPED,A,False,CONFIRMED_POSTING_COMPANY_IDENTIFIED,수집시점 공개 채용활동 확인. 공고 수는 모집인원·노동수요가 아니다. 모집인원은 목록 미제공·상세 수집 비허용으로 미확보(NULL).,http://www.work.go.kr/empInfo/empInfoSrch/detail/empDetailAuthView.do?callPage=detail&wantedAuthNo=K131132609150024
기계,2026Q2,우선점검,S4,기계,주식회사동경씨에스,동경씨에스,(주)동경씨에스,K131132609150022,CNC컴퓨터 조작원 모집,경남 창원시 성산구,성산구,2026-09-15,2026-09-29,,NOT_COLLECTED_ACCESS_POLICY,,NOT_PROVIDED_ON_LIST,경력,12.0,연봉,35000000,35000000,25913,자동차용 금속 압형제품 제조업,COMPANY_MASTER_EXACT,MATCH,True,경상남도 창원시 성산구 성산패총로38번길 18 (성산동),ENRICHED_FROM_FACTORY_REGISTER,NOT_MATCH,LEGAL_DONG_MFG_DENSITY_PROXY_UPPER_BOUND,MAPPED,C,False,CONFIRMED_POSTING_COMPANY_IDENTIFIED,수집시점 공개 채용활동 확인. 공고 수는 모집인원·노동수요가 아니다. 모집인원은 목록 미제공·상세 수집 비허용으로 미확보(NULL).,http://www.work.go.kr/empInfo/empInfoSrch/detail/empDetailAuthView.do?callPage=detail&wantedAuthNo=K131132609150022
기계,2026Q2,우선점검,S4,기계,(주)화신정밀,화신정밀,(주)화신정밀,K131132609150015,오면가공기작업자 및 MCT. 호리젠탈 실무경력 경험자 채용,경남 창원시 성산구,성산구,2026-09-15,2026-11-14,,NOT_COLLECTED_ACCESS_POLICY,,NOT_PROVIDED_ON_LIST,경력,24.0,월급,3500000,3500000,29223,금속 절삭기계 제조업,COMPANY_MASTER_EXACT,MATCH,True,,NOT_COLLECTED_ACCESS_POLICY,UNKNOWN,NO_RELIABLE_ADDRESS,MAPPED,A,False,CONFIRMED_POSTING_COMPANY_IDENTIFIED,수집시점 공개 채용활동 확인. 공고 수는 모집인원·노동수요가 아니다. 모집인원은 목록 미제공·상세 수집 비허용으로 미확보(NULL).,http://www.work.go.kr/empInfo/empInfoSrch/detail/empDetailAuthView.do?callPage=detail&wantedAuthNo=K131132609150015
기계,2026Q2,우선점검,S4,기계,주식회사컨트로맥스（Contromax）,컨트로맥스CONTROMAX,(주)컨트로맥스,KF10802609150002,창원지점 행정서무 채용 [창원여성새일센터 채용대행],경남 창원시 의창구,의창구,2026-09-15,2026-11-14,,NOT_COLLECTED_ACCESS_POLICY,,NOT_PROVIDED_ON_LIST,경력,24.0,연봉,28000000,40000000,29142,기어 및 동력전달장치 제조업,COMPANY_MASTER_EXACT,MATCH,True,"경상남도 창원시 의창구 창원대로18번길 22, 시험생산동 101호,103호,108호(팔용동, 경남테크노파크)",ENRICHED_FROM_FACTORY_REGISTER,NOT_MATCH,LEGAL_DONG_MFG_DENSITY_PROXY_UPPER_BOUND,MAPPED,A,False,CONFIRMED_POSTING_COMPANY_IDENTIFIED,수집시점 공개 채용활동 확인. 공고 수는 모집인원·노동수요가 아니다. 모집인원은 목록 미제공·상세 수집 비허용으로 미확보(NULL).,http://www.work.go.kr/empInfo/empInfoSrch/detail/empDetailAuthView.do?callPage=detail&wantedAuthNo=KF10802609150002
기계,2026Q2,우선점검,S4,기계,남도하이텍주식회사,남도하이텍,남도하이텍(주),K131132609150005,[남도하이텍] 품질보증 경력자 모십니다.,경남 창원시 의창구,의창구,2026-09-15,2026-09-30,,NOT_COLLECTED_ACCESS_POLICY,,NOT_PROVIDED_ON_LIST,경력,36.0,연봉,34000000,43000000,29223,금속 절삭기계 제조업,COMPANY_MASTER_EXACT,MATCH,True,경상남도 창원시 의창구 죽전로68번길 17 (팔용동),ENRICHED_FROM_FACTORY_REGISTER,NOT_MATCH,LEGAL_DONG_MFG_DENSITY_PROXY_UPPER_BOUND,MAPPED,A,False,CONFIRMED_POSTING_COMPANY_IDENTIFIED,수집시점 공개 채용활동 확인. 공고 수는 모집인원·노동수요가 아니다. 모집인원은 목록 미제공·상세 수집 비허용으로 미확보(NULL).,http://www.work.go.kr/empInfo/empInfoSrch/detail/empDetailAuthView.do?callPage=detail&wantedAuthNo=K131132609150005
기계,2026Q2,우선점검,S4,기계,남도하이텍주식회사,남도하이텍,남도하이텍(주),K131132609150004,MCT 가공 경력직 모집,경남 창원시 의창구,의창구,2026-09-15,2026-09-30,,NOT_COLLECTED_ACCESS_POLICY,,NOT_PROVIDED_ON_LIST,경력,60.0,연봉,38000000,45000000,29223,금속 절삭기계 제조업,COMPANY_MASTER_EXACT,MATCH,True,경상남도 창원시 의창구 죽전로68번길 17 (팔용동),ENRICHED_FROM_FACTORY_REGISTER,NOT_MATCH,LEGAL_DONG_MFG_DENSITY_PROXY_UPPER_BOUND,MAPPED,A,False,CONFIRMED_POSTING_COMPANY_IDENTIFIED,수집시점 공개 채용활동 확인. 공고 수는 모집인원·노동수요가 아니다. 모집인원은 목록 미제공·상세 수집 비허용으로 미확보(NULL).,http://www.work.go.kr/empInfo/empInfoSrch/detail/empDetailAuthView.do?callPage=detail&wantedAuthNo=K131132609150004
기계,2026Q2,우선점검,S4,기계,리드웰테크,리드웰테크,리드웰테크,K131132609140083,금속가공 검사원,경남 창원시 의창구,의창구,2026-09-14,2026-09-28,,NOT_COLLECTED_ACCESS_POLICY,,NOT_PROVIDED_ON_LIST,관계없음,,시급,10320,10320,25941,볼트 및 너트류 제조업,COMPANY_MASTER_EXACT,MATCH,True,경상남도 창원시 의창구 대산면 주남로503번길 12,ENRICHED_FROM_FACTORY_REGISTER,POSSIBLE,LEGAL_DONG_MFG_DENSITY_PROXY_UPPER_BOUND,MAPPED,C,False,CONFIRMED_POSTING_COMPANY_IDENTIFIED,수집시점 공개 채용활동 확인. 공고 수는 모집인원·노동수요가 아니다. 모집인원은 목록 미제공·상세 수집 비허용으로 미확보(NULL).,http://www.work.go.kr/empInfo/empInfoSrch/detail/empDetailAuthView.do?callPage=detail&wantedAuthNo=K131132609140083
기계,2026Q2,우선점검,S4,기계,덕보기계,덕보기계,덕보기계,K131132609140079,MCT 가공 모집,경남 창원시 의창구,의창구,2026-09-14,2026-10-13,,NOT_COLLECTED_ACCESS_POLICY,,NOT_PROVIDED_ON_LIST,관계없음,,시급,10320,10320,25924,절삭가공 및 유사처리업,COMPANY_MASTER_EXACT,MATCH,True,경상남도 창원시 의창구 차룡로 12 (팔용동),ENRICHED_FROM_FACTORY_REGISTER,NOT_MATCH,LEGAL_DONG_MFG_DENSITY_PROXY_UPPER_BOUND,MAPPED,C,False,CONFIRMED_POSTING_COMPANY_IDENTIFIED,수집시점 공개 채용활동 확인. 공고 수는 모집인원·노동수요가 아니다. 모집인원은 목록 미제공·상세 수집 비허용으로 미확보(NULL).,http://www.work.go.kr/empInfo/empInfoSrch/detail/empDetailAuthView.do?callPage=detail&wantedAuthNo=K131132609140079
기계,2026Q2,우선점검,S4,기계,유창공업(주),유창공업,유창공업(주),K131132609140078,품질관리 사원 모집,경남 창원시 성산구,성산구,2026-09-14,2026-09-30,,NOT_COLLECTED_ACCESS_POLICY,,NOT_PROVIDED_ON_LIST,신입,0.0,월급,3000000,3300000,29229,기타 가공 공작기계 제조업,COMPANY_MASTER_EXACT,MATCH,True,"경상남도 창원시 성산구 반월로60번길 6 (신촌동, 유창공업(주))",ENRICHED_FROM_FACTORY_REGISTER,NOT_MATCH,LEGAL_DONG_MFG_DENSITY_PROXY_UPPER_BOUND,MAPPED,A,False,CONFIRMED_POSTING_COMPANY_IDENTIFIED,수집시점 공개 채용활동 확인. 공고 수는 모집인원·노동수요가 아니다. 모집인원은 목록 미제공·상세 수집 비허용으로 미확보(NULL).,http://www.work.go.kr/empInfo/empInfoSrch/detail/empDetailAuthView.do?callPage=detail&wantedAuthNo=K131132609140078
기계,2026Q2,우선점검,S4,기계,진오테크,진오테크,진오테크,K131132609140072,자재및 품질사무원,경남 창원시 의창구,의창구,2026-09-14,2026-09-30,,NOT_COLLECTED_ACCESS_POLICY,,NOT_PROVIDED_ON_LIST,경력,24.0,연봉,35000000,35000000,25924,절삭가공 및 유사처리업,COMPANY_MASTER_EXACT,MATCH,True,경상남도 창원시 의창구 북면 감계로156번길 5-10,ENRICHED_FROM_FACTORY_REGISTER,POSSIBLE,LEGAL_DONG_MFG_DENSITY_PROXY_UPPER_BOUND,MAPPED,C,False,CONFIRMED_POSTING_COMPANY_IDENTIFIED,수집시점 공개 채용활동 확인. 공고 수는 모집인원·노동수요가 아니다. 모집인원은 목록 미제공·상세 수집 비허용으로 미확보(NULL).,http://www.work.go.kr/empInfo/empInfoSrch/detail/empDetailAuthView.do?callPage=detail&wantedAuthNo=K131132609140072
기계,2026Q2,우선점검,S4,기계,주식회사코만,코만,(주)코만,K131132609140070,"CNC 기계부품 가공 사원모집[신입/경력무관]-일반 1명, 병역특례 현역 1명 모집",경남 창원시 의창구,의창구,2026-09-14,2026-10-13,,NOT_COLLECTED_ACCESS_POLICY,,NOT_PROVIDED_ON_LIST,관계없음,,시급,11380,12380,29241,건설 및 채광용 기계장비 제조업,COMPANY_MASTER_EXACT,MATCH,True,"경상남도 창원시 의창구 죽전로40번길 38 (팔용동, 계산산업)",ENRICHED_FROM_FACTORY_REGISTER,NOT_MATCH,LEGAL_DONG_MFG_DENSITY_PROXY_UPPER_BOUND,MAPPED,A,False,CONFIRMED_POSTING_COMPANY_IDENTIFIED,수집시점 공개 채용활동 확인. 공고 수는 모집인원·노동수요가 아니다. 모집인원은 목록 미제공·상세 수집 비허용으로 미확보(NULL).,http://www.work.go.kr/empInfo/empInfoSrch/detail/empDetailAuthView.do?callPage=detail&wantedAuthNo=K131132609140070
기계,2026Q2,우선점검,S4,기계,한영레이저,한영레이저,한영레이저,K131132609140064,레이저 오퍼레이터 [경력직] 모집,경남 창원시 성산구,성산구,2026-09-14,2026-09-28,,NOT_COLLECTED_ACCESS_POLICY,,NOT_PROVIDED_ON_LIST,경력,36.0,시급,13000,13000,29223,금속 절삭기계 제조업,COMPANY_MASTER_EXACT,MATCH,True,"경상남도 창원시 성산구 연덕로27번길 63 (웅남동, 한영레이저 웅남공장)",ENRICHED_FROM_FACTORY_REGISTER,NOT_MATCH,LEGAL_DONG_MFG_DENSITY_PROXY_UPPER_BOUND,MAPPED,A,False,CONFIRMED_POSTING_COMPANY_IDENTIFIED,수집시점 공개 채용활동 확인. 공고 수는 모집인원·노동수요가 아니다. 모집인원은 목록 미제공·상세 수집 비허용으로 미확보(NULL).,http://www.work.go.kr/empInfo/empInfoSrch/detail/empDetailAuthView.do?callPage=detail&wantedAuthNo=K131132609140064
기계,2026Q2,우선점검,S4,기계,한영레이저,한영레이저,한영레이저,K131132609140062,레이저 오퍼레이터 [신입] 모집,경남 창원시 성산구,성산구,2026-09-14,2026-09-28,,NOT_COLLECTED_ACCESS_POLICY,,NOT_PROVIDED_ON_LIST,신입,0.0,시급,10500,10500,29223,금속 절삭기계 제조업,COMPANY_MASTER_EXACT,MATCH,True,"경상남도 창원시 성산구 연덕로27번길 63 (웅남동, 한영레이저 웅남공장)",ENRICHED_FROM_FACTORY_REGISTER,NOT_MATCH,LEGAL_DONG_MFG_DENSITY_PROXY_UPPER_BOUND,MAPPED,A,False,CONFIRMED_POSTING_COMPANY_IDENTIFIED,수집시점 공개 채용활동 확인. 공고 수는 모집인원·노동수요가 아니다. 모집인원은 목록 미제공·상세 수집 비허용으로 미확보(NULL).,http://www.work.go.kr/empInfo/empInfoSrch/detail/empDetailAuthView.do?callPage=detail&wantedAuthNo=K131132609140062
기계,2026Q2,우선점검,S4,기계,대경진공열처리,대경진공열처리,대경진공열처리,K131132609140059,열처리 생산직 모집(3조2교대),경남 창원시 성산구,성산구,2026-09-14,2026-10-31,,NOT_COLLECTED_ACCESS_POLICY,,NOT_PROVIDED_ON_LIST,관계없음,,연봉,36000000,36000000,25921,금속 열처리업,COMPANY_MASTER_EXACT,MATCH,True,"경상남도 창원시 성산구 성주로81번길 26 (남산동, 대경진공열처리)",ENRICHED_FROM_FACTORY_REGISTER,NOT_MATCH,LEGAL_DONG_MFG_DENSITY_PROXY_UPPER_BOUND,MAPPED,C,False,CONFIRMED_POSTING_COMPANY_IDENTIFIED,수집시점 공개 채용활동 확인. 공고 수는 모집인원·노동수요가 아니다. 모집인원은 목록 미제공·상세 수집 비허용으로 미확보(NULL).,http://www.work.go.kr/empInfo/empInfoSrch/detail/empDetailAuthView.do?callPage=detail&wantedAuthNo=K131132609140059
기계,2026Q2,우선점검,S4,기계,진오테크,진오테크,진오테크,K131132609140058,품질검사,경남 창원시 의창구,의창구,2026-09-14,2026-09-30,,NOT_COLLECTED_ACCESS_POLICY,,NOT_PROVIDED_ON_LIST,경력,24.0,연봉,36000000,36000000,25924,절삭가공 및 유사처리업,COMPANY_MASTER_EXACT,MATCH,True,경상남도 창원시 의창구 북면 감계로156번길 5-10,ENRICHED_FROM_FACTORY_REGISTER,POSSIBLE,LEGAL_DONG_MFG_DENSITY_PROXY_UPPER_BOUND,MAPPED,C,False,CONFIRMED_POSTING_COMPANY_IDENTIFIED,수집시점 공개 채용활동 확인. 공고 수는 모집인원·노동수요가 아니다. 모집인원은 목록 미제공·상세 수집 비허용으로 미확보(NULL).,http://www.work.go.kr/empInfo/empInfoSrch/detail/empDetailAuthView.do?callPage=detail&wantedAuthNo=K131132609140058
기계,2026Q2,우선점검,S4,기계,주식회사동경씨에스,동경씨에스,(주)동경씨에스,K131132609140054,현장 보조업무 구인,경남 창원시 성산구,성산구,2026-09-14,2026-09-28,,NOT_COLLECTED_ACCESS_POLICY,,NOT_PROVIDED_ON_LIST,관계없음,,시급,10320,10320,25913,자동차용 금속 압형제품 제조업,COMPANY_MASTER_EXACT,MATCH,True,경상남도 창원시 성산구 성산패총로38번길 18 (성산동),ENRICHED_FROM_FACTORY_REGISTER,NOT_MATCH,LEGAL_DONG_MFG_DENSITY_PROXY_UPPER_BOUND,MAPPED,C,False,CONFIRMED_POSTING_COMPANY_IDENTIFIED,수집시점 공개 채용활동 확인. 공고 수는 모집인원·노동수요가 아니다. 모집인원은 목록 미제공·상세 수집 비허용으로 미확보(NULL).,http://www.work.go.kr/empInfo/empInfoSrch/detail/empDetailAuthView.do?callPage=detail&wantedAuthNo=K131132609140054
기계,2026Q2,우선점검,S4,기계,제이텍,제이텍,제이텍,K131132609140051,창원) LG 연구 개발 시험원 모집 (신입우대),경남 창원시 성산구,성산구,2026-09-14,2026-11-13,,NOT_COLLECTED_ACCESS_POLICY,,NOT_PROVIDED_ON_LIST,신입,0.0,시급,12000,12000,25924,절삭가공 및 유사처리업,COMPANY_MASTER_EXACT,MATCH,True,"경상남도 창원시 성산구 완암로 50, 메카동 3층 309호 (성산동, SK테크노파크)",ENRICHED_FROM_FACTORY_REGISTER,NOT_MATCH,LEGAL_DONG_MFG_DENSITY_PROXY_UPPER_BOUND,MAPPED,C,False,CONFIRMED_POSTING_COMPANY_IDENTIFIED,수집시점 공개 채용활동 확인. 공고 수는 모집인원·노동수요가 아니다. 모집인원은 목록 미제공·상세 수집 비허용으로 미확보(NULL).,http://www.work.go.kr/empInfo/empInfoSrch/detail/empDetailAuthView.do?callPage=detail&wantedAuthNo=K131132609140051
기계,2026Q2,우선점검,S4,기계,동아산기(주),동아산기,동아산기(주),K131132609140049,"용접 및 기계조립, 제관 경력자 모집",경남 창원시 의창구,의창구,2026-09-14,2026-09-29,,NOT_COLLECTED_ACCESS_POLICY,,NOT_PROVIDED_ON_LIST,경력,12.0,연봉,40000000,40000000,29299,그 외 기타 특수목적용 기계 제조업,COMPANY_MASTER_EXACT,MATCH,True,경상남도 창원시 의창구 대산면 대산북로 425 외 3필지,ENRICHED_FROM_FACTORY_REGISTER,POSSIBLE,LEGAL_DONG_MFG_DENSITY_PROXY_UPPER_BOUND,MAPPED,A,False,CONFIRMED_POSTING_COMPANY_IDENTIFIED,수집시점 공개 채용활동 확인. 공고 수는 모집인원·노동수요가 아니다. 모집인원은 목록 미제공·상세 수집 비허용으로 미확보(NULL).,http://www.work.go.kr/empInfo/empInfoSrch/detail/empDetailAuthView.do?callPage=detail&wantedAuthNo=K131132609140049
목재종이,2026Q2,우선점검,S4,목재종이,주식회사 오투드림,오투드림,(주)오투드림,K131132609140036,편집 디자이너 모집합니다.(급여협의가능합니다),경남 창원시 성산구,성산구,2026-09-14,2026-11-13,,NOT_COLLECTED_ACCESS_POLICY,,NOT_PROVIDED_ON_LIST,관계없음,,월급,2400000,2400000,18111,경 인쇄업,COMPANY_MASTER_EXACT,MATCH,True,"경상남도 창원시 마산회원구 봉암북7길 21, 6동 104호(봉암동, 경남지능형홈산업화센터)",ENRICHED_FROM_FACTORY_REGISTER,NOT_MATCH,LEGAL_DONG_MFG_DENSITY_PROXY_UPPER_BOUND,MAPPED,C,False,CONFIRMED_POSTING_COMPANY_IDENTIFIED,수집시점 공개 채용활동 확인. 공고 수는 모집인원·노동수요가 아니다. 모집인원은 목록 미제공·상세 수집 비허용으로 미확보(NULL).,http://www.work.go.kr/empInfo/empInfoSrch/detail/empDetailAuthView.do?callPage=detail&wantedAuthNo=K131132609140036
기계,2026Q2,우선점검,S4,기계,세원기계,세원기계,세원기계,K131132609140034,공정 품질관리원 모집 (자동차부품),경남 창원시 성산구,성산구,2026-09-14,2026-11-13,,NOT_COLLECTED_ACCESS_POLICY,,NOT_PROVIDED_ON_LIST,관계없음,,시급,10320,10320,25924,절삭가공 및 유사처리업,COMPANY_MASTER_EXACT,MATCH,True,"경상남도 창원시 성산구 연덕로15번길 49 (웅남동, 세원기계)",ENRICHED_FROM_FACTORY_REGISTER,NOT_MATCH,LEGAL_DONG_MFG_DENSITY_PROXY_UPPER_BOUND,MAPPED,C,False,CONFIRMED_POSTING_COMPANY_IDENTIFIED,수집시점 공개 채용활동 확인. 공고 수는 모집인원·노동수요가 아니다. 모집인원은 목록 미제공·상세 수집 비허용으로 미확보(NULL).,http://www.work.go.kr/empInfo/empInfoSrch/detail/empDetailAuthView.do?callPage=detail&wantedAuthNo=K131132609140034
기계,2026Q2,우선점검,S4,기계,(주)동구기업,동구기업,(주)동구기업,K131132609140027,프레스금형 영업(관리)팀 담당자 모집,경남 창원시 성산구,성산구,2026-09-14,2026-11-13,,NOT_COLLECTED_ACCESS_POLICY,,NOT_PROVIDED_ON_LIST,관계없음,,연봉,36000000,36000000,29293,주형 및 금형 제조업,COMPANY_MASTER_EXACT,MATCH,True,"경상남도 창원시 성산구 정동로62번길 60 (성주동, (주)동구기업) 외 1필지",ENRICHED_FROM_FACTORY_REGISTER,NOT_MATCH,LEGAL_DONG_MFG_DENSITY_PROXY_UPPER_BOUND,MAPPED,A,False,CONFIRMED_POSTING_COMPANY_IDENTIFIED,수집시점 공개 채용활동 확인. 공고 수는 모집인원·노동수요가 아니다. 모집인원은 목록 미제공·상세 수집 비허용으로 미확보(NULL).,http://www.work.go.kr/empInfo/empInfoSrch/detail/empDetailAuthView.do?callPage=detail&wantedAuthNo=K131132609140027
기계,2026Q2,우선점검,S4,기계,기성하이스트,기성하이스트,기성하이스트,K131132609140026,금형의 완성도를 만드는 성형연마 직원 구인(경력우대/초보가능),경남 창원시 성산구,성산구,2026-09-14,2026-09-29,,NOT_COLLECTED_ACCESS_POLICY,,NOT_PROVIDED_ON_LIST,관계없음,,시급,10320,14000,29293,주형 및 금형 제조업,COMPANY_MASTER_EXACT,MATCH,True,경상남도 창원시 성산구 창원대로1144번길 74 (성주동),ENRICHED_FROM_FACTORY_REGISTER,NOT_MATCH,LEGAL_DONG_MFG_DENSITY_PROXY_UPPER_BOUND,MAPPED,A,False,CONFIRMED_POSTING_COMPANY_IDENTIFIED,수집시점 공개 채용활동 확인. 공고 수는 모집인원·노동수요가 아니다. 모집인원은 목록 미제공·상세 수집 비허용으로 미확보(NULL).,http://www.work.go.kr/empInfo/empInfoSrch/detail/empDetailAuthView.do?callPage=detail&wantedAuthNo=K131132609140026
기계,2026Q2,우선점검,S4,기계,기성하이스트,기성하이스트,기성하이스트,K131132609140025,NC선반 작업자 (위아 NC선반 有경험자),경남 창원시 성산구,성산구,2026-09-14,2026-09-29,,NOT_COLLECTED_ACCESS_POLICY,,NOT_PROVIDED_ON_LIST,경력,12.0,시급,10320,14000,29293,주형 및 금형 제조업,COMPANY_MASTER_EXACT,MATCH,True,경상남도 창원시 성산구 창원대로1144번길 74 (성주동),ENRICHED_FROM_FACTORY_REGISTER,NOT_MATCH,LEGAL_DONG_MFG_DENSITY_PROXY_UPPER_BOUND,MAPPED,A,False,CONFIRMED_POSTING_COMPANY_IDENTIFIED,수집시점 공개 채용활동 확인. 공고 수는 모집인원·노동수요가 아니다. 모집인원은 목록 미제공·상세 수집 비허용으로 미확보(NULL).,http://www.work.go.kr/empInfo/empInfoSrch/detail/empDetailAuthView.do?callPage=detail&wantedAuthNo=K131132609140025
기계,2026Q2,우선점검,S4,기계,윤현테크,윤현테크,윤현테크,K131132609140017,MCT 작업자 모집합니다.,경남 창원시 의창구,의창구,2026-09-14,2026-09-28,,NOT_COLLECTED_ACCESS_POLICY,,NOT_PROVIDED_ON_LIST,경력,24.0,연봉,42000000,42000000,29299,그 외 기타 특수목적용 기계 제조업,COMPANY_MASTER_EXACT,MATCH,True,"경상남도 창원시 의창구 북면 감계로188번길 21 B, C 동",ENRICHED_FROM_FACTORY_REGISTER,POSSIBLE,LEGAL_DONG_MFG_DENSITY_PROXY_UPPER_BOUND,MAPPED,A,False,CONFIRMED_POSTING_COMPANY_IDENTIFIED,수집시점 공개 채용활동 확인. 공고 수는 모집인원·노동수요가 아니다. 모집인원은 목록 미제공·상세 수집 비허용으로 미확보(NULL).,http://www.work.go.kr/empInfo/empInfoSrch/detail/empDetailAuthView.do?callPage=detail&wantedAuthNo=K131132609140017
기계,2026Q2,우선점검,S4,기계,(주)아원이노텍,아원이노텍,(주)아원이노텍,K131132609140015,[방산] W/H(케이블) 생산팀 중간관리자 채용,경남 창원시 의창구,의창구,2026-09-14,2026-09-30,,NOT_COLLECTED_ACCESS_POLICY,,NOT_PROVIDED_ON_LIST,경력,60.0,연봉,45000000,45000000,25924,절삭가공 및 유사처리업,COMPANY_MASTER_EXACT,MATCH,True,,NOT_COLLECTED_ACCESS_POLICY,UNKNOWN,NO_RELIABLE_ADDRESS,MAPPED,C,False,CONFIRMED_POSTING_COMPANY_IDENTIFIED,수집시점 공개 채용활동 확인. 공고 수는 모집인원·노동수요가 아니다. 모집인원은 목록 미제공·상세 수집 비허용으로 미확보(NULL).,http://www.work.go.kr/empInfo/empInfoSrch/detail/empDetailAuthView.do?callPage=detail&wantedAuthNo=K131132609140015
기계,2026Q2,우선점검,S4,기계,윤현테크,윤현테크,윤현테크,K131132609140014,CNC 작업자 모집(NC 프로그램 가능자),경남 창원시 의창구,의창구,2026-09-14,2026-09-28,,NOT_COLLECTED_ACCESS_POLICY,,NOT_PROVIDED_ON_LIST,경력,36.0,연봉,44000000,44000000,29299,그 외 기타 특수목적용 기계 제조업,COMPANY_MASTER_EXACT,MATCH,True,"경상남도 창원시 의창구 북면 감계로188번길 21 B, C 동",ENRICHED_FROM_FACTORY_REGISTER,POSSIBLE,LEGAL_DONG_MFG_DENSITY_PROXY_UPPER_BOUND,MAPPED,A,False,CONFIRMED_POSTING_COMPANY_IDENTIFIED,수집시점 공개 채용활동 확인. 공고 수는 모집인원·노동수요가 아니다. 모집인원은 목록 미제공·상세 수집 비허용으로 미확보(NULL).,http://www.work.go.kr/empInfo/empInfoSrch/detail/empDetailAuthView.do?callPage=detail&wantedAuthNo=K131132609140014
기계,2026Q2,우선점검,S4,기계,주식회사성산글로팩,성산글로팩,(주)성산글로팩,K131132609140008,수출 기계(대형기계) 포장 현장직 모집(경력무관),경남 창원시 성산구,성산구,2026-09-14,2026-09-30,,NOT_COLLECTED_ACCESS_POLICY,,NOT_PROVIDED_ON_LIST,관계없음,,시급,11000,11000,25991,금속 캔 및 기타 포장용기 제조업,COMPANY_MASTER_EXACT,MATCH,True,경상남도 창원시 의창구 대산면 가술길23번길 12-64,ENRICHED_FROM_FACTORY_REGISTER,POSSIBLE,LEGAL_DONG_MFG_DENSITY_PROXY_UPPER_BOUND,MAPPED,C,False,CONFIRMED_POSTING_COMPANY_IDENTIFIED,수집시점 공개 채용활동 확인. 공고 수는 모집인원·노동수요가 아니다. 모집인원은 목록 미제공·상세 수집 비허용으로 미확보(NULL).,http://www.work.go.kr/empInfo/empInfoSrch/detail/empDetailAuthView.do?callPage=detail&wantedAuthNo=K131132609140008
기계,2026Q2,우선점검,S4,기계,주식회사성산글로팩,성산글로팩,(주)성산글로팩,K131132609140004,지게차 수신호 작업자 모집,경남 창원시 성산구,성산구,2026-09-14,2026-09-30,,NOT_COLLECTED_ACCESS_POLICY,,NOT_PROVIDED_ON_LIST,신입,0.0,시급,10320,10320,25991,금속 캔 및 기타 포장용기 제조업,COMPANY_MASTER_EXACT,MATCH,True,경상남도 창원시 의창구 대산면 가술길23번길 12-64,ENRICHED_FROM_FACTORY_REGISTER,POSSIBLE,LEGAL_DONG_MFG_DENSITY_PROXY_UPPER_BOUND,MAPPED,C,False,CONFIRMED_POSTING_COMPANY_IDENTIFIED,수집시점 공개 채용활동 확인. 공고 수는 모집인원·노동수요가 아니다. 모집인원은 목록 미제공·상세 수집 비허용으로 미확보(NULL).,http://www.work.go.kr/empInfo/empInfoSrch/detail/empDetailAuthView.do?callPage=detail&wantedAuthNo=K131132609140004
기계,2026Q2,우선점검,S4,기계,주식회사 닥터스핀들,닥터스핀들,닥터스핀들,K131132609140002,공작기계 스핀들(주축) 조립 직원모집(신입 및 경력),경남 창원시 의창구,의창구,2026-09-14,2026-11-13,,NOT_COLLECTED_ACCESS_POLICY,,NOT_PROVIDED_ON_LIST,관계없음,,시급,10340,25000,25924,절삭가공 및 유사처리업,COMPANY_MASTER_EXACT,MATCH,True,"경상남도 창원시 성산구 완암로 50, 테크동 4층 411호(성산동, SK테크노파크)",ENRICHED_FROM_FACTORY_REGISTER,NOT_MATCH,LEGAL_DONG_MFG_DENSITY_PROXY_UPPER_BOUND,MAPPED,C,False,CONFIRMED_POSTING_COMPANY_IDENTIFIED,수집시점 공개 채용활동 확인. 공고 수는 모집인원·노동수요가 아니다. 모집인원은 목록 미제공·상세 수집 비허용으로 미확보(NULL).,http://www.work.go.kr/empInfo/empInfoSrch/detail/empDetailAuthView.do?callPage=detail&wantedAuthNo=K131132609140002
기계,2026Q2,우선점검,S4,기계,해암테크(주),해암테크,해암테크(주),KJSA002609140009,"[9/16 경상남도 일자리 종합 박람회]해암테크 - 생산관리 직원 모집 (각종기계부품, 기어, 동력전달장치용 부품 작업표준서 및 공정도 작성 등)",경남 창원시 성산구,성산구,2026-09-14,2026-11-13,,NOT_COLLECTED_ACCESS_POLICY,,NOT_PROVIDED_ON_LIST,경력,12.0,연봉,38000000,38000000,29142,기어 및 동력전달장치 제조업,COMPANY_MASTER_EXACT,MATCH,True,,NOT_COLLECTED_ACCESS_POLICY,UNKNOWN,NO_RELIABLE_ADDRESS,MAPPED,A,False,CONFIRMED_POSTING_COMPANY_IDENTIFIED,수집시점 공개 채용활동 확인. 공고 수는 모집인원·노동수요가 아니다. 모집인원은 목록 미제공·상세 수집 비허용으로 미확보(NULL).,http://www.work.go.kr/empInfo/empInfoSrch/detail/empDetailAuthView.do?callPage=detail&wantedAuthNo=KJSA002609140009
기계,2026Q2,우선점검,S4,기계,호은테크,호은테크,호은테크,K131132609140001,MCT 사원모집,경남 창원시 성산구,성산구,2026-09-14,2026-09-28,,NOT_COLLECTED_ACCESS_POLICY,,NOT_PROVIDED_ON_LIST,관계없음,,시급,10500,10500,29111,내연기관 제조업,COMPANY_MASTER_EXACT,MATCH,True,"경상남도 창원시 성산구 공단로474번길 15 (성산동, 대영정공)",ENRICHED_FROM_FACTORY_REGISTER,NOT_MATCH,LEGAL_DONG_MFG_DENSITY_PROXY_UPPER_BOUND,MAPPED,A,False,CONFIRMED_POSTING_COMPANY_IDENTIFIED,수집시점 공개 채용활동 확인. 공고 수는 모집인원·노동수요가 아니다. 모집인원은 목록 미제공·상세 수집 비허용으로 미확보(NULL).,http://www.work.go.kr/empInfo/empInfoSrch/detail/empDetailAuthView.do?callPage=detail&wantedAuthNo=K131132609140001
기계,2026Q2,우선점검,S4,기계,해암테크(주),해암테크,해암테크(주),KJSA002609140008,"[2026년 경상남도 일자리종합박람회]해암테크 - 기술연구소 선임연구원 모집 (기어, 동력전달, 유압부품 및 국책과제, 국산화개발 관리 등)",경남 창원시 성산구,성산구,2026-09-14,2026-11-13,,NOT_COLLECTED_ACCESS_POLICY,,NOT_PROVIDED_ON_LIST,경력,12.0,연봉,40000000,40000000,29142,기어 및 동력전달장치 제조업,COMPANY_MASTER_EXACT,MATCH,True,,NOT_COLLECTED_ACCESS_POLICY,UNKNOWN,NO_RELIABLE_ADDRESS,MAPPED,A,False,CONFIRMED_POSTING_COMPANY_IDENTIFIED,수집시점 공개 채용활동 확인. 공고 수는 모집인원·노동수요가 아니다. 모집인원은 목록 미제공·상세 수집 비허용으로 미확보(NULL).,http://www.work.go.kr/empInfo/empInfoSrch/detail/empDetailAuthView.do?callPage=detail&wantedAuthNo=KJSA002609140008
기계,2026Q2,우선점검,S4,기계,해암테크(주),해암테크,해암테크(주),KJSA002609140007,"[9/16 경상남도 일자리 종합 박람회 ]해암테크 - 기어연삭,연삭기 및 cnc 선반 조작원 모집 (각종 기어부품 가공)",경남 창원시 성산구,성산구,2026-09-14,2026-11-13,,NOT_COLLECTED_ACCESS_POLICY,,NOT_PROVIDED_ON_LIST,경력,12.0,연봉,36000000,36000000,29142,기어 및 동력전달장치 제조업,COMPANY_MASTER_EXACT,MATCH,True,,NOT_COLLECTED_ACCESS_POLICY,UNKNOWN,NO_RELIABLE_ADDRESS,MAPPED,A,False,CONFIRMED_POSTING_COMPANY_IDENTIFIED,수집시점 공개 채용활동 확인. 공고 수는 모집인원·노동수요가 아니다. 모집인원은 목록 미제공·상세 수집 비허용으로 미확보(NULL).,http://www.work.go.kr/empInfo/empInfoSrch/detail/empDetailAuthView.do?callPage=detail&wantedAuthNo=KJSA002609140007
기계,2026Q2,우선점검,S4,기계,(주)경인테크,경인테크,(주)경인테크,KJSA002609140002,[9/16 경남일자리종합박람회] (주)경인테크-기구설계,경남 창원시 의창구,의창구,2026-09-14,2026-11-13,,NOT_COLLECTED_ACCESS_POLICY,,NOT_PROVIDED_ON_LIST,관계없음,,시급,10320,10320,25200,무기 및 총포탄 제조업,COMPANY_MASTER_EXACT,MATCH,True,경상남도 창원시 의창구 팔용로371번길 6 (팔용동),ENRICHED_FROM_FACTORY_REGISTER,NOT_MATCH,LEGAL_DONG_MFG_DENSITY_PROXY_UPPER_BOUND,MAPPED,C,False,CONFIRMED_POSTING_COMPANY_IDENTIFIED,수집시점 공개 채용활동 확인. 공고 수는 모집인원·노동수요가 아니다. 모집인원은 목록 미제공·상세 수집 비허용으로 미확보(NULL).,http://www.work.go.kr/empInfo/empInfoSrch/detail/empDetailAuthView.do?callPage=detail&wantedAuthNo=KJSA002609140002
기계,2026Q2,우선점검,S4,기계,(주)경인테크,경인테크,(주)경인테크,KJSA002609140001,[9/16 경남일자리종합박람회](주)경인테크 - 해외.국내 영업,경남 창원시 의창구,의창구,2026-09-14,2026-11-13,,NOT_COLLECTED_ACCESS_POLICY,,NOT_PROVIDED_ON_LIST,관계없음,,시급,10320,10320,25200,무기 및 총포탄 제조업,COMPANY_MASTER_EXACT,MATCH,True,경상남도 창원시 의창구 팔용로371번길 6 (팔용동),ENRICHED_FROM_FACTORY_REGISTER,NOT_MATCH,LEGAL_DONG_MFG_DENSITY_PROXY_UPPER_BOUND,MAPPED,C,False,CONFIRMED_POSTING_COMPANY_IDENTIFIED,수집시점 공개 채용활동 확인. 공고 수는 모집인원·노동수요가 아니다. 모집인원은 목록 미제공·상세 수집 비허용으로 미확보(NULL).,http://www.work.go.kr/empInfo/empInfoSrch/detail/empDetailAuthView.do?callPage=detail&wantedAuthNo=KJSA002609140001
기계,2026Q2,우선점검,S4,기계,혜송산업,혜송산업,혜송산업,K131132609110055,사상공 모집,경남 창원시 의창구,의창구,2026-09-11,2026-09-27,,NOT_COLLECTED_ACCESS_POLICY,,NOT_PROVIDED_ON_LIST,경력,60.0,시급,10320,10320,25924,절삭가공 및 유사처리업,COMPANY_MASTER_EXACT,MATCH,True,경상남도 창원시 의창구 팔용로371번길 36 (팔용동),ENRICHED_FROM_FACTORY_REGISTER,NOT_MATCH,LEGAL_DONG_MFG_DENSITY_PROXY_UPPER_BOUND,MAPPED,C,False,CONFIRMED_POSTING_COMPANY_IDENTIFIED,수집시점 공개 채용활동 확인. 공고 수는 모집인원·노동수요가 아니다. 모집인원은 목록 미제공·상세 수집 비허용으로 미확보(NULL).,http://www.work.go.kr/empInfo/empInfoSrch/detail/empDetailAuthView.do?callPage=detail&wantedAuthNo=K131132609110055
기계,2026Q2,우선점검,S4,기계,한성기계공업사,한성기계공업사,한성기계공업사,K131132609110048,CNC 터닝 선반 및 5축가공 경력직 모집,경남 창원시 의창구,의창구,2026-09-11,2026-09-28,,NOT_COLLECTED_ACCESS_POLICY,,NOT_PROVIDED_ON_LIST,경력,48.0,시급,13000,13000,29142,기어 및 동력전달장치 제조업,COMPANY_MASTER_EXACT,MATCH,True,"경상남도 창원시 의창구 죽전로 65 (팔용동, 신화철강(주))",ENRICHED_FROM_FACTORY_REGISTER,NOT_MATCH,LEGAL_DONG_MFG_DENSITY_PROXY_UPPER_BOUND,MAPPED,A,False,CONFIRMED_POSTING_COMPANY_IDENTIFIED,수집시점 공개 채용활동 확인. 공고 수는 모집인원·노동수요가 아니다. 모집인원은 목록 미제공·상세 수집 비허용으로 미확보(NULL).,http://www.work.go.kr/empInfo/empInfoSrch/detail/empDetailAuthView.do?callPage=detail&wantedAuthNo=K131132609110048
기계,2026Q2,우선점검,S4,기계,주식회사 인시스(INSYS),인시스INSYS,(주)인시스,K131132609110037,(주)인시스 영업 관리자 채용 (신입/경력),경남 창원시 의창구,의창구,2026-09-11,2026-09-25,,NOT_COLLECTED_ACCESS_POLICY,,NOT_PROVIDED_ON_LIST,관계없음,,연봉,35000000,43000000,29141,구름베어링 제조업,COMPANY_MASTER_EXACT,MATCH,True,경상남도 창원시 성산구 반월로60번길 18 (신촌동),ENRICHED_FROM_FACTORY_REGISTER,NOT_MATCH,LEGAL_DONG_MFG_DENSITY_PROXY_UPPER_BOUND,MAPPED,A,False,CONFIRMED_POSTING_COMPANY_IDENTIFIED,수집시점 공개 채용활동 확인. 공고 수는 모집인원·노동수요가 아니다. 모집인원은 목록 미제공·상세 수집 비허용으로 미확보(NULL).,http://www.work.go.kr/empInfo/empInfoSrch/detail/empDetailAuthView.do?callPage=detail&wantedAuthNo=K131132609110037
기계,2026Q2,우선점검,S4,기계,주식회사 인시스(INSYS),인시스INSYS,(주)인시스,K131132609110035,(주)인시스 건물관리자 채용 (신입/경력),경남 창원시 의창구,의창구,2026-09-11,2026-09-25,,NOT_COLLECTED_ACCESS_POLICY,,NOT_PROVIDED_ON_LIST,관계없음,,연봉,35000000,43000000,29141,구름베어링 제조업,COMPANY_MASTER_EXACT,MATCH,True,경상남도 창원시 성산구 반월로60번길 18 (신촌동),ENRICHED_FROM_FACTORY_REGISTER,NOT_MATCH,LEGAL_DONG_MFG_DENSITY_PROXY_UPPER_BOUND,MAPPED,A,False,CONFIRMED_POSTING_COMPANY_IDENTIFIED,수집시점 공개 채용활동 확인. 공고 수는 모집인원·노동수요가 아니다. 모집인원은 목록 미제공·상세 수집 비허용으로 미확보(NULL).,http://www.work.go.kr/empInfo/empInfoSrch/detail/empDetailAuthView.do?callPage=detail&wantedAuthNo=K131132609110035
기계,2026Q2,우선점검,S4,기계,주식회사 인시스(INSYS),인시스INSYS,(주)인시스,K131132609110034,(주)인시스 인사/노무 관리자 채용 (신입/경력),경남 창원시 의창구,의창구,2026-09-11,2026-09-25,,NOT_COLLECTED_ACCESS_POLICY,,NOT_PROVIDED_ON_LIST,관계없음,,연봉,35000000,43000000,29141,구름베어링 제조업,COMPANY_MASTER_EXACT,MATCH,True,경상남도 창원시 성산구 반월로60번길 18 (신촌동),ENRICHED_FROM_FACTORY_REGISTER,NOT_MATCH,LEGAL_DONG_MFG_DENSITY_PROXY_UPPER_BOUND,MAPPED,A,False,CONFIRMED_POSTING_COMPANY_IDENTIFIED,수집시점 공개 채용활동 확인. 공고 수는 모집인원·노동수요가 아니다. 모집인원은 목록 미제공·상세 수집 비허용으로 미확보(NULL).,http://www.work.go.kr/empInfo/empInfoSrch/detail/empDetailAuthView.do?callPage=detail&wantedAuthNo=K131132609110034
기계,2026Q2,우선점검,S4,기계,(주)신일이엔지,신일이엔지,(주)신일이엔지,K131132609110027,생산 및 공정관리 직원모집,경남 창원시 의창구,의창구,2026-09-11,2026-11-10,,NOT_COLLECTED_ACCESS_POLICY,,NOT_PROVIDED_ON_LIST,관계없음,,월급,3000000,3000000,29221,전자 응용 절삭기계 제조업,COMPANY_MASTER_EXACT,MATCH,True,경상남도 창원시 의창구 대산면 가술리 457-5번지,ENRICHED_FROM_FACTORY_REGISTER,POSSIBLE,LEGAL_DONG_MFG_DENSITY_PROXY_UPPER_BOUND,MAPPED,A,False,CONFIRMED_POSTING_COMPANY_IDENTIFIED,수집시점 공개 채용활동 확인. 공고 수는 모집인원·노동수요가 아니다. 모집인원은 목록 미제공·상세 수집 비허용으로 미확보(NULL).,http://www.work.go.kr/empInfo/empInfoSrch/detail/empDetailAuthView.do?callPage=detail&wantedAuthNo=K131132609110027
기계,2026Q2,우선점검,S4,기계,이드원(주),이드원,이드원(주),K131132609110026,보링가공 신입사원 모집 (KBN135),경남 창원시 성산구,성산구,2026-09-11,2026-09-26,,NOT_COLLECTED_ACCESS_POLICY,,NOT_PROVIDED_ON_LIST,신입,0.0,연봉,36000000,36000000,25924,절삭가공 및 유사처리업,COMPANY_MASTER_EXACT,MATCH,True,경상남도 창원시 성산구 연덕로15번길 60 (웅남동),ENRICHED_FROM_FACTORY_REGISTER,NOT_MATCH,LEGAL_DONG_MFG_DENSITY_PROXY_UPPER_BOUND,MAPPED,C,False,CONFIRMED_POSTING_COMPANY_IDENTIFIED,수집시점 공개 채용활동 확인. 공고 수는 모집인원·노동수요가 아니다. 모집인원은 목록 미제공·상세 수집 비허용으로 미확보(NULL).,http://www.work.go.kr/empInfo/empInfoSrch/detail/empDetailAuthView.do?callPage=detail&wantedAuthNo=K131132609110026
기계,2026Q2,우선점검,S4,기계,이드원(주),이드원,이드원(주),K131132609110025,MCT 가공 경력사원 모집 (프로그램 가능자),경남 창원시 성산구,성산구,2026-09-11,2026-09-26,,NOT_COLLECTED_ACCESS_POLICY,,NOT_PROVIDED_ON_LIST,경력,60.0,연봉,48000000,50000000,25924,절삭가공 및 유사처리업,COMPANY_MASTER_EXACT,MATCH,True,경상남도 창원시 성산구 연덕로15번길 60 (웅남동),ENRICHED_FROM_FACTORY_REGISTER,NOT_MATCH,LEGAL_DONG_MFG_DENSITY_PROXY_UPPER_BOUND,MAPPED,C,False,CONFIRMED_POSTING_COMPANY_IDENTIFIED,수집시점 공개 채용활동 확인. 공고 수는 모집인원·노동수요가 아니다. 모집인원은 목록 미제공·상세 수집 비허용으로 미확보(NULL).,http://www.work.go.kr/empInfo/empInfoSrch/detail/empDetailAuthView.do?callPage=detail&wantedAuthNo=K131132609110025
기계,2026Q2,우선점검,S4,기계,호은테크,호은테크,호은테크,K131132609110013,"기계부품 조립,및 검사모집",경남 창원시 성산구,성산구,2026-09-11,2026-09-25,,NOT_COLLECTED_ACCESS_POLICY,,NOT_PROVIDED_ON_LIST,관계없음,,시급,10320,10320,29111,내연기관 제조업,COMPANY_MASTER_EXACT,MATCH,True,"경상남도 창원시 성산구 공단로474번길 15 (성산동, 대영정공)",ENRICHED_FROM_FACTORY_REGISTER,NOT_MATCH,LEGAL_DONG_MFG_DENSITY_PROXY_UPPER_BOUND,MAPPED,A,False,CONFIRMED_POSTING_COMPANY_IDENTIFIED,수집시점 공개 채용활동 확인. 공고 수는 모집인원·노동수요가 아니다. 모집인원은 목록 미제공·상세 수집 비허용으로 미확보(NULL).,http://www.work.go.kr/empInfo/empInfoSrch/detail/empDetailAuthView.do?callPage=detail&wantedAuthNo=K131132609110013
기계,2026Q2,우선점검,S4,기계,한영정밀(주),한영정밀,한영정밀(주),K131132609110010,품질사무원 방산 [경력직] 모집,경남 창원시 의창구,의창구,2026-09-11,2026-09-25,,NOT_COLLECTED_ACCESS_POLICY,,NOT_PROVIDED_ON_LIST,경력,36.0,월급,3500000,3500000,29199,그 외 기타 일반목적용 기계 제조업,COMPANY_MASTER_EXACT,MATCH,True,경상남도 창원시 의창구 평산로8번길 14(팔용동),ENRICHED_FROM_FACTORY_REGISTER,NOT_MATCH,LEGAL_DONG_MFG_DENSITY_PROXY_UPPER_BOUND,MAPPED,A,False,CONFIRMED_POSTING_COMPANY_IDENTIFIED,수집시점 공개 채용활동 확인. 공고 수는 모집인원·노동수요가 아니다. 모집인원은 목록 미제공·상세 수집 비허용으로 미확보(NULL).,http://www.work.go.kr/empInfo/empInfoSrch/detail/empDetailAuthView.do?callPage=detail&wantedAuthNo=K131132609110010
기계,2026Q2,우선점검,S4,기계,성신메카텍 주식회사,성신메카텍,성신메카텍(주),K131132609110009,[생산관리] 신규 인원 채용,경남 창원시 의창구,의창구,2026-09-11,2026-11-10,,NOT_COLLECTED_ACCESS_POLICY,,NOT_PROVIDED_ON_LIST,관계없음,,시급,10320,10320,25924,절삭가공 및 유사처리업,COMPANY_MASTER_EXACT,MATCH,True,,NOT_COLLECTED_ACCESS_POLICY,UNKNOWN,NO_RELIABLE_ADDRESS,MAPPED,C,False,CONFIRMED_POSTING_COMPANY_IDENTIFIED,수집시점 공개 채용활동 확인. 공고 수는 모집인원·노동수요가 아니다. 모집인원은 목록 미제공·상세 수집 비허용으로 미확보(NULL).,http://www.work.go.kr/empInfo/empInfoSrch/detail/empDetailAuthView.do?callPage=detail&wantedAuthNo=K131132609110009
기계,2026Q2,우선점검,S4,기계,국제정밀,국제정밀,국제정밀,K131132609110003,생산직 [MCT 가공] 모집,경남 창원시 의창구,의창구,2026-09-11,2026-11-10,,NOT_COLLECTED_ACCESS_POLICY,,NOT_PROVIDED_ON_LIST,경력,24.0,시급,13000,13500,29223,금속 절삭기계 제조업,COMPANY_MASTER_EXACT,MATCH,True,"경상남도 창원시 의창구 창원대로204번길 9, 1동 1층 4호  (팔용동)",ENRICHED_FROM_FACTORY_REGISTER,NOT_MATCH,LEGAL_DONG_MFG_DENSITY_PROXY_UPPER_BOUND,MAPPED,A,False,CONFIRMED_POSTING_COMPANY_IDENTIFIED,수집시점 공개 채용활동 확인. 공고 수는 모집인원·노동수요가 아니다. 모집인원은 목록 미제공·상세 수집 비허용으로 미확보(NULL).,http://www.work.go.kr/empInfo/empInfoSrch/detail/empDetailAuthView.do?callPage=detail&wantedAuthNo=K131132609110003
기계,2026Q2,우선점검,S4,기계,모젠코리아,모젠코리아,모젠코리아,K131132609110002,모터 및 발전기 관련 제품 생산,경남 창원시 의창구,의창구,2026-09-11,2026-11-09,,NOT_COLLECTED_ACCESS_POLICY,,NOT_PROVIDED_ON_LIST,관계없음,,시급,10320,10320,29132,기체 펌프 및 압축기 제조업,COMPANY_MASTER_EXACT,MATCH,True,경상남도 창원시 의창구 동읍 죽동길 42,ENRICHED_FROM_FACTORY_REGISTER,POSSIBLE,LEGAL_DONG_MFG_DENSITY_PROXY_UPPER_BOUND,MAPPED,A,False,CONFIRMED_POSTING_COMPANY_IDENTIFIED,수집시점 공개 채용활동 확인. 공고 수는 모집인원·노동수요가 아니다. 모집인원은 목록 미제공·상세 수집 비허용으로 미확보(NULL).,http://www.work.go.kr/empInfo/empInfoSrch/detail/empDetailAuthView.do?callPage=detail&wantedAuthNo=K131132609110002
기계,2026Q2,우선점검,S4,기계,가온테크,가온테크,가온테크,K131132609110001,"세탁기, 건조기 개발 연구원 모집",경남 창원시 성산구,성산구,2026-09-11,2026-11-10,,NOT_COLLECTED_ACCESS_POLICY,,NOT_PROVIDED_ON_LIST,관계없음,,시급,10500,10500,25942,그 외 금속파스너 및 나사제품 제조업,COMPANY_MASTER_EXACT,MATCH,True,"경상남도 창원시 성산구 월림로39번길 63-14, 가온테크(신촌동, 동화정밀)",ENRICHED_FROM_FACTORY_REGISTER,NOT_MATCH,LEGAL_DONG_MFG_DENSITY_PROXY_UPPER_BOUND,MAPPED,C,False,CONFIRMED_POSTING_COMPANY_IDENTIFIED,수집시점 공개 채용활동 확인. 공고 수는 모집인원·노동수요가 아니다. 모집인원은 목록 미제공·상세 수집 비허용으로 미확보(NULL).,http://www.work.go.kr/empInfo/empInfoSrch/detail/empDetailAuthView.do?callPage=detail&wantedAuthNo=K131132609110001
기계,2026Q2,우선점검,S4,기계,성협나노텍,성협나노텍,성협나노텍,K131132609100049,와이어컷팅부서 사원 및 관리자 모집,경남 창원시 의창구,의창구,2026-09-10,2026-09-26,,NOT_COLLECTED_ACCESS_POLICY,,NOT_PROVIDED_ON_LIST,경력,12.0,연봉,40000000,55000000,29293,주형 및 금형 제조업,COMPANY_MASTER_EXACT,MATCH,True,경상남도 창원시 의창구 팔용동 36번지 제3아파트형공장 3동 1층 7호,ENRICHED_FROM_FACTORY_REGISTER,POSSIBLE,LEGAL_DONG_MFG_DENSITY_PROXY_UPPER_BOUND,MAPPED,A,False,CONFIRMED_POSTING_COMPANY_IDENTIFIED,수집시점 공개 채용활동 확인. 공고 수는 모집인원·노동수요가 아니다. 모집인원은 목록 미제공·상세 수집 비허용으로 미확보(NULL).,http://www.work.go.kr/empInfo/empInfoSrch/detail/empDetailAuthView.do?callPage=detail&wantedAuthNo=K131132609100049
기계,2026Q2,우선점검,S4,기계,에스지솔루션(주),에스지솔루션,에스지솔루션(주),KJSA002609100034,[9/16 경남일자리종합박람회 직접참여] 에스지솔루션(주)_총무,경남 창원시 성산구,성산구,2026-09-10,2026-09-24,,NOT_COLLECTED_ACCESS_POLICY,,NOT_PROVIDED_ON_LIST,경력,36.0,연봉,26000000,26000000,29120,유압기기 제조업,COMPANY_MASTER_EXACT,MATCH,True,경상남도 창원시 성산구 곰절길10번길 7 (성주동),ENRICHED_FROM_FACTORY_REGISTER,NOT_MATCH,LEGAL_DONG_MFG_DENSITY_PROXY_UPPER_BOUND,MAPPED,A,False,CONFIRMED_POSTING_COMPANY_IDENTIFIED,수집시점 공개 채용활동 확인. 공고 수는 모집인원·노동수요가 아니다. 모집인원은 목록 미제공·상세 수집 비허용으로 미확보(NULL).,http://www.work.go.kr/empInfo/empInfoSrch/detail/empDetailAuthView.do?callPage=detail&wantedAuthNo=KJSA002609100034
기계,2026Q2,우선점검,S4,기계,에스지솔루션(주),에스지솔루션,에스지솔루션(주),KJSA002609100033,[9/16 경남일자리종합박람회 직접참여] 에스지솔루션(주)_품질,경남 창원시 성산구,성산구,2026-09-10,2026-09-24,,NOT_COLLECTED_ACCESS_POLICY,,NOT_PROVIDED_ON_LIST,관계없음,,연봉,26000000,26000000,29120,유압기기 제조업,COMPANY_MASTER_EXACT,MATCH,True,경상남도 창원시 성산구 곰절길10번길 7 (성주동),ENRICHED_FROM_FACTORY_REGISTER,NOT_MATCH,LEGAL_DONG_MFG_DENSITY_PROXY_UPPER_BOUND,MAPPED,A,False,CONFIRMED_POSTING_COMPANY_IDENTIFIED,수집시점 공개 채용활동 확인. 공고 수는 모집인원·노동수요가 아니다. 모집인원은 목록 미제공·상세 수집 비허용으로 미확보(NULL).,http://www.work.go.kr/empInfo/empInfoSrch/detail/empDetailAuthView.do?callPage=detail&wantedAuthNo=KJSA002609100033
기계,2026Q2,우선점검,S4,기계,에스지솔루션(주),에스지솔루션,에스지솔루션(주),KJSA002609100032,[9/16 경남일자리종합박람회 직접참여] 에스지솔루션(주)_생산,경남 창원시 성산구,성산구,2026-09-10,2026-09-24,,NOT_COLLECTED_ACCESS_POLICY,,NOT_PROVIDED_ON_LIST,관계없음,,연봉,26000000,26000000,29120,유압기기 제조업,COMPANY_MASTER_EXACT,MATCH,True,경상남도 창원시 성산구 곰절길10번길 7 (성주동),ENRICHED_FROM_FACTORY_REGISTER,NOT_MATCH,LEGAL_DONG_MFG_DENSITY_PROXY_UPPER_BOUND,MAPPED,A,False,CONFIRMED_POSTING_COMPANY_IDENTIFIED,수집시점 공개 채용활동 확인. 공고 수는 모집인원·노동수요가 아니다. 모집인원은 목록 미제공·상세 수집 비허용으로 미확보(NULL).,http://www.work.go.kr/empInfo/empInfoSrch/detail/empDetailAuthView.do?callPage=detail&wantedAuthNo=KJSA002609100032
기계,2026Q2,우선점검,S4,기계,월드에너지솔루션(주),월드에너지솔루션,월드에너지솔루션(주),K131132609100037,"경영본부(인사,노무,재무,회계,안전 등) 부서장을 모십니다.",경남 창원시 의창구,의창구,2026-09-10,2026-10-09,,NOT_COLLECTED_ACCESS_POLICY,,NOT_PROVIDED_ON_LIST,경력,300.0,연봉,50000000,55000000,29119,기타 기관 및 터빈 제조업,COMPANY_MASTER_EXACT,MATCH,True,경상남도 창원시 의창구 죽전로 44(팔용동),ENRICHED_FROM_FACTORY_REGISTER,NOT_MATCH,LEGAL_DONG_MFG_DENSITY_PROXY_UPPER_BOUND,MAPPED,A,False,CONFIRMED_POSTING_COMPANY_IDENTIFIED,수집시점 공개 채용활동 확인. 공고 수는 모집인원·노동수요가 아니다. 모집인원은 목록 미제공·상세 수집 비허용으로 미확보(NULL).,http://www.work.go.kr/empInfo/empInfoSrch/detail/empDetailAuthView.do?callPage=detail&wantedAuthNo=K131132609100037
기계,2026Q2,우선점검,S4,기계,고려메탈주식회사,고려메탈,고려메탈(주),K131132609100036,"단조기 조작원, 단열공, 호이스트 운전원을 모집합니다.",경남 창원시 성산구,성산구,2026-09-10,2026-09-30,,NOT_COLLECTED_ACCESS_POLICY,,NOT_PROVIDED_ON_LIST,신입,0.0,시급,10320,10320,29199,그 외 기타 일반목적용 기계 제조업,COMPANY_MASTER_EXACT,MATCH,True,"경상남도 창원시 성산구 반월로 28 (양곡동, (주)고려ENG) 외 1필지",ENRICHED_FROM_FACTORY_REGISTER,NOT_MATCH,LEGAL_DONG_MFG_DENSITY_PROXY_UPPER_BOUND,MAPPED,A,False,CONFIRMED_POSTING_COMPANY_IDENTIFIED,수집시점 공개 채용활동 확인. 공고 수는 모집인원·노동수요가 아니다. 모집인원은 목록 미제공·상세 수집 비허용으로 미확보(NULL).,http://www.work.go.kr/empInfo/empInfoSrch/detail/empDetailAuthView.do?callPage=detail&wantedAuthNo=K131132609100036
기계,2026Q2,우선점검,S4,기계,주식회사코만,코만,(주)코만,K131132609100035,"조립, 호스조립 신입사원 모집",경남 창원시 의창구,의창구,2026-09-10,2026-10-09,,NOT_COLLECTED_ACCESS_POLICY,,NOT_PROVIDED_ON_LIST,신입,0.0,시급,11380,11380,29241,건설 및 채광용 기계장비 제조업,COMPANY_MASTER_EXACT,MATCH,True,"경상남도 창원시 의창구 죽전로40번길 38 (팔용동, 계산산업)",ENRICHED_FROM_FACTORY_REGISTER,NOT_MATCH,LEGAL_DONG_MFG_DENSITY_PROXY_UPPER_BOUND,MAPPED,A,False,CONFIRMED_POSTING_COMPANY_IDENTIFIED,수집시점 공개 채용활동 확인. 공고 수는 모집인원·노동수요가 아니다. 모집인원은 목록 미제공·상세 수집 비허용으로 미확보(NULL).,http://www.work.go.kr/empInfo/empInfoSrch/detail/empDetailAuthView.do?callPage=detail&wantedAuthNo=K131132609100035
기계,2026Q2,우선점검,S4,기계,에스지솔루션(주),에스지솔루션,에스지솔루션(주),KJSA002609100031,[9/16 경남일자리종합박람회 직접참여] 에스지솔루션(주)_영업,경남 창원시 성산구,성산구,2026-09-10,2026-09-24,,NOT_COLLECTED_ACCESS_POLICY,,NOT_PROVIDED_ON_LIST,관계없음,,연봉,26000000,26000000,29120,유압기기 제조업,COMPANY_MASTER_EXACT,MATCH,True,경상남도 창원시 성산구 곰절길10번길 7 (성주동),ENRICHED_FROM_FACTORY_REGISTER,NOT_MATCH,LEGAL_DONG_MFG_DENSITY_PROXY_UPPER_BOUND,MAPPED,A,False,CONFIRMED_POSTING_COMPANY_IDENTIFIED,수집시점 공개 채용활동 확인. 공고 수는 모집인원·노동수요가 아니다. 모집인원은 목록 미제공·상세 수집 비허용으로 미확보(NULL).,http://www.work.go.kr/empInfo/empInfoSrch/detail/empDetailAuthView.do?callPage=detail&wantedAuthNo=KJSA002609100031
기계,2026Q2,우선점검,S4,기계,에스지솔루션(주),에스지솔루션,에스지솔루션(주),KJSA002609100030,[9/16 경남일자리종합박람회 직접참여] 에스지솔루션(주)_연구원,경남 창원시 성산구,성산구,2026-09-10,2026-09-24,,NOT_COLLECTED_ACCESS_POLICY,,NOT_PROVIDED_ON_LIST,관계없음,,연봉,26000000,26000000,29120,유압기기 제조업,COMPANY_MASTER_EXACT,MATCH,True,경상남도 창원시 성산구 곰절길10번길 7 (성주동),ENRICHED_FROM_FACTORY_REGISTER,NOT_MATCH,LEGAL_DONG_MFG_DENSITY_PROXY_UPPER_BOUND,MAPPED,A,False,CONFIRMED_POSTING_COMPANY_IDENTIFIED,수집시점 공개 채용활동 확인. 공고 수는 모집인원·노동수요가 아니다. 모집인원은 목록 미제공·상세 수집 비허용으로 미확보(NULL).,http://www.work.go.kr/empInfo/empInfoSrch/detail/empDetailAuthView.do?callPage=detail&wantedAuthNo=KJSA002609100030
기계,2026Q2,우선점검,S4,기계,(주)삼기코아,삼기코아,(주)삼기코아,K131132609100022,성형연삭 경력사원 모집,경남 창원시 의창구,의창구,2026-09-10,2026-11-09,,NOT_COLLECTED_ACCESS_POLICY,,NOT_PROVIDED_ON_LIST,경력,12.0,시급,12000,16000,29293,주형 및 금형 제조업,COMPANY_MASTER_EXACT,MATCH,True,경상남도 창원시 의창구 차룡로 57 (팔용동),ENRICHED_FROM_FACTORY_REGISTER,NOT_MATCH,LEGAL_DONG_MFG_DENSITY_PROXY_UPPER_BOUND,MAPPED,A,False,CONFIRMED_POSTING_COMPANY_IDENTIFIED,수집시점 공개 채용활동 확인. 공고 수는 모집인원·노동수요가 아니다. 모집인원은 목록 미제공·상세 수집 비허용으로 미확보(NULL).,http://www.work.go.kr/empInfo/empInfoSrch/detail/empDetailAuthView.do?callPage=detail&wantedAuthNo=K131132609100022
기계,2026Q2,우선점검,S4,기계,고려정밀공업(주),고려정밀공업,고려정밀공업(주),KJSA002609100016,[9/16 경남일자리종합박람회 직접참여] 고려정밀공업(주)_품질,경남 창원시 의창구,의창구,2026-09-10,2026-09-24,,NOT_COLLECTED_ACCESS_POLICY,,NOT_PROVIDED_ON_LIST,관계없음,,연봉,31000000,31000000,29223,금속 절삭기계 제조업,COMPANY_MASTER_EXACT,MATCH,True,경상남도 창원시 의창구 북면 천주로 829-88 외 1필지,ENRICHED_FROM_FACTORY_REGISTER,POSSIBLE,LEGAL_DONG_MFG_DENSITY_PROXY_UPPER_BOUND,MAPPED,A,False,CONFIRMED_POSTING_COMPANY_IDENTIFIED,수집시점 공개 채용활동 확인. 공고 수는 모집인원·노동수요가 아니다. 모집인원은 목록 미제공·상세 수집 비허용으로 미확보(NULL).,http://www.work.go.kr/empInfo/empInfoSrch/detail/empDetailAuthView.do?callPage=detail&wantedAuthNo=KJSA002609100016
기계,2026Q2,우선점검,S4,기계,고려정밀공업(주),고려정밀공업,고려정밀공업(주),KJSA002609100015,[9/16 경남일자리종합박람회 직접참여] 고려정밀공업(주)_연구,경남 창원시 의창구,의창구,2026-09-10,2026-09-24,,NOT_COLLECTED_ACCESS_POLICY,,NOT_PROVIDED_ON_LIST,관계없음,,연봉,31000000,31000000,29223,금속 절삭기계 제조업,COMPANY_MASTER_EXACT,MATCH,True,경상남도 창원시 의창구 북면 천주로 829-88 외 1필지,ENRICHED_FROM_FACTORY_REGISTER,POSSIBLE,LEGAL_DONG_MFG_DENSITY_PROXY_UPPER_BOUND,MAPPED,A,False,CONFIRMED_POSTING_COMPANY_IDENTIFIED,수집시점 공개 채용활동 확인. 공고 수는 모집인원·노동수요가 아니다. 모집인원은 목록 미제공·상세 수집 비허용으로 미확보(NULL).,http://www.work.go.kr/empInfo/empInfoSrch/detail/empDetailAuthView.do?callPage=detail&wantedAuthNo=KJSA002609100015
기계,2026Q2,우선점검,S4,기계,대명산업주식회사,대명산업,대명산업(주),K131132609100008,단조 생산사원 모집 - 베어링 제조,경남 창원시 성산구,성산구,2026-09-10,2026-11-09,,NOT_COLLECTED_ACCESS_POLICY,,NOT_PROVIDED_ON_LIST,경력,12.0,시급,10320,10320,29141,구름베어링 제조업,COMPANY_MASTER_EXACT,MATCH,True,경상남도 창원시 성산구 공단로 308-7 (웅남동),ENRICHED_FROM_FACTORY_REGISTER,NOT_MATCH,LEGAL_DONG_MFG_DENSITY_PROXY_UPPER_BOUND,MAPPED,A,False,CONFIRMED_POSTING_COMPANY_IDENTIFIED,수집시점 공개 채용활동 확인. 공고 수는 모집인원·노동수요가 아니다. 모집인원은 목록 미제공·상세 수집 비허용으로 미확보(NULL).,http://www.work.go.kr/empInfo/empInfoSrch/detail/empDetailAuthView.do?callPage=detail&wantedAuthNo=K131132609100008
기계,2026Q2,우선점검,S4,기계,영창이엔지주식회사,영창이엔지,영창이엔지(주),K131132609100003,물류팀 납품준비 및 납품기사 모집합니다.,경남 창원시 의창구,의창구,2026-09-10,2026-09-24,,NOT_COLLECTED_ACCESS_POLICY,,NOT_PROVIDED_ON_LIST,경력,60.0,시급,11500,12500,29223,금속 절삭기계 제조업,COMPANY_MASTER_EXACT,MATCH,True,"경상남도 창원시 의창구 평산로8번길 19-15(팔용동, 영창이엔지(주))",ENRICHED_FROM_FACTORY_REGISTER,NOT_MATCH,LEGAL_DONG_MFG_DENSITY_PROXY_UPPER_BOUND,MAPPED,A,False,CONFIRMED_POSTING_COMPANY_IDENTIFIED,수집시점 공개 채용활동 확인. 공고 수는 모집인원·노동수요가 아니다. 모집인원은 목록 미제공·상세 수집 비허용으로 미확보(NULL).,http://www.work.go.kr/empInfo/empInfoSrch/detail/empDetailAuthView.do?callPage=detail&wantedAuthNo=K131132609100003
기계,2026Q2,우선점검,S4,기계,영창이엔지주식회사,영창이엔지,영창이엔지(주),K131132609100002,영창이엔지에서 CNC선반 조작원 모집합니다.,경남 창원시 의창구,의창구,2026-09-10,2026-09-24,,NOT_COLLECTED_ACCESS_POLICY,,NOT_PROVIDED_ON_LIST,경력,60.0,시급,12000,14000,29223,금속 절삭기계 제조업,COMPANY_MASTER_EXACT,MATCH,True,"경상남도 창원시 의창구 평산로8번길 19-15(팔용동, 영창이엔지(주))",ENRICHED_FROM_FACTORY_REGISTER,NOT_MATCH,LEGAL_DONG_MFG_DENSITY_PROXY_UPPER_BOUND,MAPPED,A,False,CONFIRMED_POSTING_COMPANY_IDENTIFIED,수집시점 공개 채용활동 확인. 공고 수는 모집인원·노동수요가 아니다. 모집인원은 목록 미제공·상세 수집 비허용으로 미확보(NULL).,http://www.work.go.kr/empInfo/empInfoSrch/detail/empDetailAuthView.do?callPage=detail&wantedAuthNo=K131132609100002
기계,2026Q2,우선점검,S4,기계,(주)동구기업,동구기업,(주)동구기업,KJSA002609090073,[9/16 경남일자리종합박람회 직접참여] (주)동구기업_품질,경남 창원시 성산구,성산구,2026-09-09,2026-09-23,,NOT_COLLECTED_ACCESS_POLICY,,NOT_PROVIDED_ON_LIST,관계없음,,시급,10320,11000,29293,주형 및 금형 제조업,COMPANY_MASTER_EXACT,MATCH,True,"경상남도 창원시 성산구 정동로62번길 60 (성주동, (주)동구기업) 외 1필지",ENRICHED_FROM_FACTORY_REGISTER,NOT_MATCH,LEGAL_DONG_MFG_DENSITY_PROXY_UPPER_BOUND,MAPPED,A,False,CONFIRMED_POSTING_COMPANY_IDENTIFIED,수집시점 공개 채용활동 확인. 공고 수는 모집인원·노동수요가 아니다. 모집인원은 목록 미제공·상세 수집 비허용으로 미확보(NULL).,http://www.work.go.kr/empInfo/empInfoSrch/detail/empDetailAuthView.do?callPage=detail&wantedAuthNo=KJSA002609090073
기계,2026Q2,우선점검,S4,기계,(주)동구기업,동구기업,(주)동구기업,KJSA002609090072,[9/16 경남일자리종합박람회 직접참여] (주)동구기업_금형조립,경남 창원시 성산구,성산구,2026-09-09,2026-09-23,,NOT_COLLECTED_ACCESS_POLICY,,NOT_PROVIDED_ON_LIST,관계없음,,시급,10320,11000,29293,주형 및 금형 제조업,COMPANY_MASTER_EXACT,MATCH,True,"경상남도 창원시 성산구 정동로62번길 60 (성주동, (주)동구기업) 외 1필지",ENRICHED_FROM_FACTORY_REGISTER,NOT_MATCH,LEGAL_DONG_MFG_DENSITY_PROXY_UPPER_BOUND,MAPPED,A,False,CONFIRMED_POSTING_COMPANY_IDENTIFIED,수집시점 공개 채용활동 확인. 공고 수는 모집인원·노동수요가 아니다. 모집인원은 목록 미제공·상세 수집 비허용으로 미확보(NULL).,http://www.work.go.kr/empInfo/empInfoSrch/detail/empDetailAuthView.do?callPage=detail&wantedAuthNo=KJSA002609090072
기계,2026Q2,우선점검,S4,기계,(주)대원정공,대원정공,(주)대원정공,K131132609090053,[방산] 생산기술/설계 사원 모집,경남 창원시 성산구,성산구,2026-09-09,2026-11-08,,NOT_COLLECTED_ACCESS_POLICY,,NOT_PROVIDED_ON_LIST,경력,24.0,연봉,42000000,60000000,25999,그 외 기타 분류 안된 금속 가공 제품 제조업,COMPANY_MASTER_EXACT,MATCH,True,,NOT_COLLECTED_ACCESS_POLICY,UNKNOWN,NO_RELIABLE_ADDRESS,MAPPED,C,False,CONFIRMED_POSTING_COMPANY_IDENTIFIED,수집시점 공개 채용활동 확인. 공고 수는 모집인원·노동수요가 아니다. 모집인원은 목록 미제공·상세 수집 비허용으로 미확보(NULL).,http://www.work.go.kr/empInfo/empInfoSrch/detail/empDetailAuthView.do?callPage=detail&wantedAuthNo=K131132609090053
기계,2026Q2,우선점검,S4,기계,주식회사 인시스(INSYS),인시스INSYS,(주)인시스,K131132609090047,(주)인시스 경리·회계 사무원 모집 (경력무관/초보가능/정규직),경남 창원시 의창구,의창구,2026-09-09,2026-09-23,,NOT_COLLECTED_ACCESS_POLICY,,NOT_PROVIDED_ON_LIST,관계없음,,연봉,28000000,28000000,29141,구름베어링 제조업,COMPANY_MASTER_EXACT,MATCH,True,경상남도 창원시 성산구 반월로60번길 18 (신촌동),ENRICHED_FROM_FACTORY_REGISTER,NOT_MATCH,LEGAL_DONG_MFG_DENSITY_PROXY_UPPER_BOUND,MAPPED,A,False,CONFIRMED_POSTING_COMPANY_IDENTIFIED,수집시점 공개 채용활동 확인. 공고 수는 모집인원·노동수요가 아니다. 모집인원은 목록 미제공·상세 수집 비허용으로 미확보(NULL).,http://www.work.go.kr/empInfo/empInfoSrch/detail/empDetailAuthView.do?callPage=detail&wantedAuthNo=K131132609090047
기계,2026Q2,우선점검,S4,기계,주식회사 인시스(INSYS),인시스INSYS,(주)인시스,K131132609090046,AI혁신연구소 소프트웨어 연구원 (R&D),경남 창원시 의창구,의창구,2026-09-09,2026-09-23,,NOT_COLLECTED_ACCESS_POLICY,,NOT_PROVIDED_ON_LIST,관계없음,,연봉,32000000,35000000,29141,구름베어링 제조업,COMPANY_MASTER_EXACT,MATCH,True,경상남도 창원시 성산구 반월로60번길 18 (신촌동),ENRICHED_FROM_FACTORY_REGISTER,NOT_MATCH,LEGAL_DONG_MFG_DENSITY_PROXY_UPPER_BOUND,MAPPED,A,False,CONFIRMED_POSTING_COMPANY_IDENTIFIED,수집시점 공개 채용활동 확인. 공고 수는 모집인원·노동수요가 아니다. 모집인원은 목록 미제공·상세 수집 비허용으로 미확보(NULL).,http://www.work.go.kr/empInfo/empInfoSrch/detail/empDetailAuthView.do?callPage=detail&wantedAuthNo=K131132609090046
기계,2026Q2,우선점검,S4,기계,주식회사 인시스(INSYS),인시스INSYS,(주)인시스,K131132609090045,AI혁신연구개발실 기계설계 연구원(R&D),경남 창원시 의창구,의창구,2026-09-09,2026-09-23,,NOT_COLLECTED_ACCESS_POLICY,,NOT_PROVIDED_ON_LIST,관계없음,,연봉,32000000,35000000,29141,구름베어링 제조업,COMPANY_MASTER_EXACT,MATCH,True,경상남도 창원시 성산구 반월로60번길 18 (신촌동),ENRICHED_FROM_FACTORY_REGISTER,NOT_MATCH,LEGAL_DONG_MFG_DENSITY_PROXY_UPPER_BOUND,MAPPED,A,False,CONFIRMED_POSTING_COMPANY_IDENTIFIED,수집시점 공개 채용활동 확인. 공고 수는 모집인원·노동수요가 아니다. 모집인원은 목록 미제공·상세 수집 비허용으로 미확보(NULL).,http://www.work.go.kr/empInfo/empInfoSrch/detail/empDetailAuthView.do?callPage=detail&wantedAuthNo=K131132609090045
기계,2026Q2,우선점검,S4,기계,주식회사케이에스엘코리아,케이에스엘코리아,주식회사 케이에스엘코리아,K131132609090044,CAD(캐드)  및 공정 관리 지원 담당자 채용,경남 창원시 의창구,의창구,2026-09-09,2026-09-30,,NOT_COLLECTED_ACCESS_POLICY,,NOT_PROVIDED_ON_LIST,관계없음,,월급,2500000,3000000,29293,주형 및 금형 제조업,COMPANY_MASTER_EXACT,MATCH,True,경상남도 창원시 의창구 차룡로14번길 39 (팔용동),ENRICHED_FROM_FACTORY_REGISTER,NOT_MATCH,LEGAL_DONG_MFG_DENSITY_PROXY_UPPER_BOUND,MAPPED,A,False,CONFIRMED_POSTING_COMPANY_IDENTIFIED,수집시점 공개 채용활동 확인. 공고 수는 모집인원·노동수요가 아니다. 모집인원은 목록 미제공·상세 수집 비허용으로 미확보(NULL).,http://www.work.go.kr/empInfo/empInfoSrch/detail/empDetailAuthView.do?callPage=detail&wantedAuthNo=K131132609090044
기계,2026Q2,우선점검,S4,기계,(주)제이오하이테크,제이오하이테크,(주)제이오하이테크,K131132609090043,"NC, CNC 생산직 모집[로기스 측정 가능한 자]",경남 창원시 의창구,의창구,2026-09-09,2026-09-23,,NOT_COLLECTED_ACCESS_POLICY,,NOT_PROVIDED_ON_LIST,관계없음,,시급,10320,12000,25924,절삭가공 및 유사처리업,COMPANY_MASTER_EXACT,MATCH,True,"경상남도 창원시 의창구 차룡단지로 75-19 (팔용동, (주)제이오하이테크)",ENRICHED_FROM_FACTORY_REGISTER,NOT_MATCH,LEGAL_DONG_MFG_DENSITY_PROXY_UPPER_BOUND,MAPPED,C,False,CONFIRMED_POSTING_COMPANY_IDENTIFIED,수집시점 공개 채용활동 확인. 공고 수는 모집인원·노동수요가 아니다. 모집인원은 목록 미제공·상세 수집 비허용으로 미확보(NULL).,http://www.work.go.kr/empInfo/empInfoSrch/detail/empDetailAuthView.do?callPage=detail&wantedAuthNo=K131132609090043
기계,2026Q2,우선점검,S4,기계,주식회사 파인(PINE),파인PINE,(주)파인,K131132609090042,경리 사무원 모집(정규직),경남 창원시 의창구,의창구,2026-09-09,2026-09-23,,NOT_COLLECTED_ACCESS_POLICY,,NOT_PROVIDED_ON_LIST,관계없음,,연봉,28000000,28000000,29141,구름베어링 제조업,COMPANY_MASTER_EXACT,MATCH,True,경상남도 창원시 성산구 완암로 146 (외동),ENRICHED_FROM_FACTORY_REGISTER,NOT_MATCH,LEGAL_DONG_MFG_DENSITY_PROXY_UPPER_BOUND,MAPPED,A,False,CONFIRMED_POSTING_COMPANY_IDENTIFIED,수집시점 공개 채용활동 확인. 공고 수는 모집인원·노동수요가 아니다. 모집인원은 목록 미제공·상세 수집 비허용으로 미확보(NULL).,http://www.work.go.kr/empInfo/empInfoSrch/detail/empDetailAuthView.do?callPage=detail&wantedAuthNo=K131132609090042
기계,2026Q2,우선점검,S4,기계,(유)영진기업,영진기업,영진기업,K131132609090041,strip 기계 용접 단기근무자 모집합니다. (초보자 가능),경남 창원시 성산구,성산구,2026-09-09,2026-10-03,,NOT_COLLECTED_ACCESS_POLICY,,NOT_PROVIDED_ON_LIST,신입,0.0,시급,11000,11000,25924,절삭가공 및 유사처리업,COMPANY_MASTER_EXACT,MATCH,True,경상남도 창원시 마산회원구 내서읍 수곡로 62,ENRICHED_FROM_FACTORY_REGISTER,POSSIBLE,LEGAL_DONG_MFG_DENSITY_PROXY_UPPER_BOUND,MAPPED,C,False,CONFIRMED_POSTING_COMPANY_IDENTIFIED,수집시점 공개 채용활동 확인. 공고 수는 모집인원·노동수요가 아니다. 모집인원은 목록 미제공·상세 수집 비허용으로 미확보(NULL).,http://www.work.go.kr/empInfo/empInfoSrch/detail/empDetailAuthView.do?callPage=detail&wantedAuthNo=K131132609090041
기계,2026Q2,우선점검,S4,기계,대영에스앤씨주식회사,대영에스앤씨,대영에스앤씨(주),K131132609090040,당사의 물량증가와 결원을 보충하기 위하여 성실한 직원을 모집 합니다,경남 창원시 성산구,성산구,2026-09-09,2026-09-23,,NOT_COLLECTED_ACCESS_POLICY,,NOT_PROVIDED_ON_LIST,경력,24.0,시급,11000,11000,29229,기타 가공 공작기계 제조업,COMPANY_MASTER_EXACT,MATCH,True,경상남도 창원시 성산구 창곡로 134 (신촌동),ENRICHED_FROM_FACTORY_REGISTER,NOT_MATCH,LEGAL_DONG_MFG_DENSITY_PROXY_UPPER_BOUND,MAPPED,A,False,CONFIRMED_POSTING_COMPANY_IDENTIFIED,수집시점 공개 채용활동 확인. 공고 수는 모집인원·노동수요가 아니다. 모집인원은 목록 미제공·상세 수집 비허용으로 미확보(NULL).,http://www.work.go.kr/empInfo/empInfoSrch/detail/empDetailAuthView.do?callPage=detail&wantedAuthNo=K131132609090040
기계,2026Q2,우선점검,S4,기계,유덕산업,유덕산업,유덕산업,K131132609090034,생산직 사원 모집(롤 포밍),경남 창원시 의창구,의창구,2026-09-09,2026-11-08,,NOT_COLLECTED_ACCESS_POLICY,,NOT_PROVIDED_ON_LIST,관계없음,,월급,2700000,2700000,25119,기타 구조용 금속제품 제조업,COMPANY_MASTER_EXACT,MATCH,True,경상남도 창원시 의창구 대산면 모산길46번길 11,ENRICHED_FROM_FACTORY_REGISTER,POSSIBLE,LEGAL_DONG_MFG_DENSITY_PROXY_UPPER_BOUND,MAPPED,C,False,CONFIRMED_POSTING_COMPANY_IDENTIFIED,수집시점 공개 채용활동 확인. 공고 수는 모집인원·노동수요가 아니다. 모집인원은 목록 미제공·상세 수집 비허용으로 미확보(NULL).,http://www.work.go.kr/empInfo/empInfoSrch/detail/empDetailAuthView.do?callPage=detail&wantedAuthNo=K131132609090034
기계,2026Q2,우선점검,S4,기계,삼명기계공업(주),삼명기계공업,삼명기계공업(주),KF10532609090004,삼명기계공업(주) 회계•총무 담당 경력직 채용,경남 창원시 성산구,성산구,2026-09-09,2026-10-08,,NOT_COLLECTED_ACCESS_POLICY,,NOT_PROVIDED_ON_LIST,경력,48.0,연봉,32000000,40000000,,공기 조화장치 제조업,COMPANY_MASTER_EXACT,MATCH,True,"경상남도 창원시 성산구 웅남로 324 (웅남동, 삼명기계공업(주))",ENRICHED_FROM_FACTORY_REGISTER,NOT_MATCH,LEGAL_DONG_MFG_DENSITY_PROXY_UPPER_BOUND,MAPPED,A,False,CONFIRMED_POSTING_COMPANY_IDENTIFIED,수집시점 공개 채용활동 확인. 공고 수는 모집인원·노동수요가 아니다. 모집인원은 목록 미제공·상세 수집 비허용으로 미확보(NULL).,http://www.work.go.kr/empInfo/empInfoSrch/detail/empDetailAuthView.do?callPage=detail&wantedAuthNo=KF10532609090004
기계,2026Q2,우선점검,S4,기계,(주)지성큐앤텍,지성큐앤텍,(주)지성큐앤텍,K131132609090029,지성큐앤텍 - 제관/취부 경력사원 모집,경남 창원시 성산구,성산구,2026-09-09,2026-09-23,,NOT_COLLECTED_ACCESS_POLICY,,NOT_PROVIDED_ON_LIST,경력,120.0,시급,15000,15000,25200,무기 및 총포탄 제조업,COMPANY_MASTER_EXACT,MATCH,True,,NOT_COLLECTED_ACCESS_POLICY,UNKNOWN,NO_RELIABLE_ADDRESS,MAPPED,C,False,CONFIRMED_POSTING_COMPANY_IDENTIFIED,수집시점 공개 채용활동 확인. 공고 수는 모집인원·노동수요가 아니다. 모집인원은 목록 미제공·상세 수집 비허용으로 미확보(NULL).,http://www.work.go.kr/empInfo/empInfoSrch/detail/empDetailAuthView.do?callPage=detail&wantedAuthNo=K131132609090029
기계,2026Q2,우선점검,S4,기계,(주)범아정밀,범아정밀,(주)범아정밀,K131132609090022,품질관리사원모집,경남 창원시 의창구,의창구,2026-09-09,2026-11-08,,NOT_COLLECTED_ACCESS_POLICY,,NOT_PROVIDED_ON_LIST,관계없음,,시급,12000,12000,25924,절삭가공 및 유사처리업,COMPANY_MASTER_EXACT,MATCH,True,경상남도 창원시 의창구 북면 감계로156번길 5-11,ENRICHED_FROM_FACTORY_REGISTER,POSSIBLE,LEGAL_DONG_MFG_DENSITY_PROXY_UPPER_BOUND,MAPPED,C,False,CONFIRMED_POSTING_COMPANY_IDENTIFIED,수집시점 공개 채용활동 확인. 공고 수는 모집인원·노동수요가 아니다. 모집인원은 목록 미제공·상세 수집 비허용으로 미확보(NULL).,http://www.work.go.kr/empInfo/empInfoSrch/detail/empDetailAuthView.do?callPage=detail&wantedAuthNo=K131132609090022
기계,2026Q2,우선점검,S4,기계,（주）중앙유앤아이,중앙유앤아이,(주)중앙유앤아이,K131132609090019,생산관리원 모집(견적업무 포함),경남 창원시 의창구,의창구,2026-09-09,2026-11-08,,NOT_COLLECTED_ACCESS_POLICY,,NOT_PROVIDED_ON_LIST,경력,36.0,월급,3500000,3500000,25924,절삭가공 및 유사처리업,COMPANY_MASTER_EXACT,MATCH,True,"경상남도 창원시 의창구 대산면 봉강가술로477번길 75, (가술리 458-1번지)",ENRICHED_FROM_FACTORY_REGISTER,POSSIBLE,LEGAL_DONG_MFG_DENSITY_PROXY_UPPER_BOUND,MAPPED,C,False,CONFIRMED_POSTING_COMPANY_IDENTIFIED,수집시점 공개 채용활동 확인. 공고 수는 모집인원·노동수요가 아니다. 모집인원은 목록 미제공·상세 수집 비허용으로 미확보(NULL).,http://www.work.go.kr/empInfo/empInfoSrch/detail/empDetailAuthView.do?callPage=detail&wantedAuthNo=K131132609090019
기계,2026Q2,우선점검,S4,기계,태진테크(주),태진테크,태진테크(주),K131132609090018,"조립 및 제품 검사, 포장. 꾸준한 성장을 함께 이뤄갈 인력을 모집합니다.",경남 창원시 성산구,성산구,2026-09-09,2026-09-22,,NOT_COLLECTED_ACCESS_POLICY,,NOT_PROVIDED_ON_LIST,관계없음,,월급,3000000,3000000,29120,유압기기 제조업,COMPANY_MASTER_EXACT,MATCH,True,경상남도 창원시 성산구 월림로 71-21 (신촌동),ENRICHED_FROM_FACTORY_REGISTER,NOT_MATCH,LEGAL_DONG_MFG_DENSITY_PROXY_UPPER_BOUND,MAPPED,A,False,CONFIRMED_POSTING_COMPANY_IDENTIFIED,수집시점 공개 채용활동 확인. 공고 수는 모집인원·노동수요가 아니다. 모집인원은 목록 미제공·상세 수집 비허용으로 미확보(NULL).,http://www.work.go.kr/empInfo/empInfoSrch/detail/empDetailAuthView.do?callPage=detail&wantedAuthNo=K131132609090018
기계,2026Q2,우선점검,S4,기계,동우테크윈,동우테크윈,동우테크윈,K131132609090012,기계설계 사원 구인,경남 창원시 성산구,성산구,2026-09-09,2026-09-23,,NOT_COLLECTED_ACCESS_POLICY,,NOT_PROVIDED_ON_LIST,관계없음,,연봉,40000000,40000000,29229,기타 가공 공작기계 제조업,COMPANY_MASTER_EXACT,MATCH,True,"경상남도 창원시 성산구 완암로 50, 테크동 7층 701호 (성산동, SK테크노파크)",ENRICHED_FROM_FACTORY_REGISTER,NOT_MATCH,LEGAL_DONG_MFG_DENSITY_PROXY_UPPER_BOUND,MAPPED,A,False,CONFIRMED_POSTING_COMPANY_IDENTIFIED,수집시점 공개 채용활동 확인. 공고 수는 모집인원·노동수요가 아니다. 모집인원은 목록 미제공·상세 수집 비허용으로 미확보(NULL).,http://www.work.go.kr/empInfo/empInfoSrch/detail/empDetailAuthView.do?callPage=detail&wantedAuthNo=K131132609090012
기계,2026Q2,우선점검,S4,기계,주식회사신한,신한,(주)신한,K131132609090005,구매자재관리 직원 모집,경남 창원시 의창구,의창구,2026-09-09,2026-09-30,,NOT_COLLECTED_ACCESS_POLICY,,NOT_PROVIDED_ON_LIST,관계없음,,월급,3000000,3000000,29293,주형 및 금형 제조업,COMPANY_MASTER_EXACT,MATCH,True,경상남도 창원시 의창구 팔용로 367 (팔용동),ENRICHED_FROM_FACTORY_REGISTER,NOT_MATCH,LEGAL_DONG_MFG_DENSITY_PROXY_UPPER_BOUND,MAPPED,A,False,CONFIRMED_POSTING_COMPANY_IDENTIFIED,수집시점 공개 채용활동 확인. 공고 수는 모집인원·노동수요가 아니다. 모집인원은 목록 미제공·상세 수집 비허용으로 미확보(NULL).,http://www.work.go.kr/empInfo/empInfoSrch/detail/empDetailAuthView.do?callPage=detail&wantedAuthNo=K131132609090005
기계,2026Q2,우선점검,S4,기계,리드웰테크,리드웰테크,리드웰테크,K131132609090003,자재관리,경남 창원시 의창구,의창구,2026-09-09,2026-09-22,,NOT_COLLECTED_ACCESS_POLICY,,NOT_PROVIDED_ON_LIST,관계없음,,시급,10320,10320,25941,볼트 및 너트류 제조업,COMPANY_MASTER_EXACT,MATCH,True,경상남도 창원시 의창구 대산면 주남로503번길 12,ENRICHED_FROM_FACTORY_REGISTER,POSSIBLE,LEGAL_DONG_MFG_DENSITY_PROXY_UPPER_BOUND,MAPPED,C,False,CONFIRMED_POSTING_COMPANY_IDENTIFIED,수집시점 공개 채용활동 확인. 공고 수는 모집인원·노동수요가 아니다. 모집인원은 목록 미제공·상세 수집 비허용으로 미확보(NULL).,http://www.work.go.kr/empInfo/empInfoSrch/detail/empDetailAuthView.do?callPage=detail&wantedAuthNo=K131132609090003
기계,2026Q2,우선점검,S4,기계,도해정밀,도해정밀,도해정밀,K131132609080091,프로파일  및 성형 연삭 신입 구함,경남 창원시 의창구,의창구,2026-09-08,2026-10-09,,NOT_COLLECTED_ACCESS_POLICY,,NOT_PROVIDED_ON_LIST,신입,0.0,시급,13000,13000,29293,주형 및 금형 제조업,COMPANY_MASTER_EXACT,MATCH,True,경상남도 창원시 의창구 북면 감계로188번길 3,ENRICHED_FROM_FACTORY_REGISTER,POSSIBLE,LEGAL_DONG_MFG_DENSITY_PROXY_UPPER_BOUND,MAPPED,A,False,CONFIRMED_POSTING_COMPANY_IDENTIFIED,수집시점 공개 채용활동 확인. 공고 수는 모집인원·노동수요가 아니다. 모집인원은 목록 미제공·상세 수집 비허용으로 미확보(NULL).,http://www.work.go.kr/empInfo/empInfoSrch/detail/empDetailAuthView.do?callPage=detail&wantedAuthNo=K131132609080091
기계,2026Q2,우선점검,S4,기계,주식회사원우이엔지,원우이엔지,(주)원우이엔지,K131132609080086,"원우이엔지 - 기계 부품 검사원, 품질 관리원 모집",경남 창원시 성산구,성산구,2026-09-08,2026-11-05,,NOT_COLLECTED_ACCESS_POLICY,,NOT_PROVIDED_ON_LIST,경력,24.0,월급,3000000,3300000,29299,그 외 기타 특수목적용 기계 제조업,COMPANY_MASTER_EXACT,MATCH,True,경상남도 창원시 성산구 월림로67번길 25 (신촌동),ENRICHED_FROM_FACTORY_REGISTER,NOT_MATCH,LEGAL_DONG_MFG_DENSITY_PROXY_UPPER_BOUND,MAPPED,A,False,CONFIRMED_POSTING_COMPANY_IDENTIFIED,수집시점 공개 채용활동 확인. 공고 수는 모집인원·노동수요가 아니다. 모집인원은 목록 미제공·상세 수집 비허용으로 미확보(NULL).,http://www.work.go.kr/empInfo/empInfoSrch/detail/empDetailAuthView.do?callPage=detail&wantedAuthNo=K131132609080086
기계,2026Q2,우선점검,S4,기계,주식회사원우이엔지,원우이엔지,(주)원우이엔지,K131132609080085,원우이엔지 - CNC 선반 경력자 모집,경남 창원시 성산구,성산구,2026-09-08,2026-11-07,,NOT_COLLECTED_ACCESS_POLICY,,NOT_PROVIDED_ON_LIST,경력,36.0,월급,3000000,3000000,29299,그 외 기타 특수목적용 기계 제조업,COMPANY_MASTER_EXACT,MATCH,True,경상남도 창원시 성산구 월림로67번길 25 (신촌동),ENRICHED_FROM_FACTORY_REGISTER,NOT_MATCH,LEGAL_DONG_MFG_DENSITY_PROXY_UPPER_BOUND,MAPPED,A,False,CONFIRMED_POSTING_COMPANY_IDENTIFIED,수집시점 공개 채용활동 확인. 공고 수는 모집인원·노동수요가 아니다. 모집인원은 목록 미제공·상세 수집 비허용으로 미확보(NULL).,http://www.work.go.kr/empInfo/empInfoSrch/detail/empDetailAuthView.do?callPage=detail&wantedAuthNo=K131132609080085
기계,2026Q2,우선점검,S4,기계,주식회사 거송,거송,(주)거송,K131132609080072,거송 - 납품 보조인원 모집 ( 12개월 계약),경남 창원시 성산구,성산구,2026-09-08,2026-09-22,,NOT_COLLECTED_ACCESS_POLICY,,NOT_PROVIDED_ON_LIST,관계없음,,시급,10320,10320,25913,자동차용 금속 압형제품 제조업,COMPANY_MASTER_EXACT,MATCH,True,"경상남도 창원시 성산구 정동로62번길 30 (성주동, (주)삼송)",ENRICHED_FROM_FACTORY_REGISTER,NOT_MATCH,LEGAL_DONG_MFG_DENSITY_PROXY_UPPER_BOUND,MAPPED,C,False,CONFIRMED_POSTING_COMPANY_IDENTIFIED,수집시점 공개 채용활동 확인. 공고 수는 모집인원·노동수요가 아니다. 모집인원은 목록 미제공·상세 수집 비허용으로 미확보(NULL).,http://www.work.go.kr/empInfo/empInfoSrch/detail/empDetailAuthView.do?callPage=detail&wantedAuthNo=K131132609080072
기계,2026Q2,우선점검,S4,기계,주식회사 거송,거송,(주)거송,K131132609080071,금형원 모집,경남 창원시 성산구,성산구,2026-09-08,2026-09-22,,NOT_COLLECTED_ACCESS_POLICY,,NOT_PROVIDED_ON_LIST,관계없음,,연봉,40000000,40000000,25913,자동차용 금속 압형제품 제조업,COMPANY_MASTER_EXACT,MATCH,True,"경상남도 창원시 성산구 정동로62번길 30 (성주동, (주)삼송)",ENRICHED_FROM_FACTORY_REGISTER,NOT_MATCH,LEGAL_DONG_MFG_DENSITY_PROXY_UPPER_BOUND,MAPPED,C,False,CONFIRMED_POSTING_COMPANY_IDENTIFIED,수집시점 공개 채용활동 확인. 공고 수는 모집인원·노동수요가 아니다. 모집인원은 목록 미제공·상세 수집 비허용으로 미확보(NULL).,http://www.work.go.kr/empInfo/empInfoSrch/detail/empDetailAuthView.do?callPage=detail&wantedAuthNo=K131132609080071
기계,2026Q2,우선점검,S4,기계,주식회사 거송,거송,(주)거송,K131132609080069,프레스 인원 모집,경남 창원시 성산구,성산구,2026-09-08,2026-09-22,,NOT_COLLECTED_ACCESS_POLICY,,NOT_PROVIDED_ON_LIST,관계없음,,시급,11000,11000,25913,자동차용 금속 압형제품 제조업,COMPANY_MASTER_EXACT,MATCH,True,"경상남도 창원시 성산구 정동로62번길 30 (성주동, (주)삼송)",ENRICHED_FROM_FACTORY_REGISTER,NOT_MATCH,LEGAL_DONG_MFG_DENSITY_PROXY_UPPER_BOUND,MAPPED,C,False,CONFIRMED_POSTING_COMPANY_IDENTIFIED,수집시점 공개 채용활동 확인. 공고 수는 모집인원·노동수요가 아니다. 모집인원은 목록 미제공·상세 수집 비허용으로 미확보(NULL).,http://www.work.go.kr/empInfo/empInfoSrch/detail/empDetailAuthView.do?callPage=detail&wantedAuthNo=K131132609080069
기계,2026Q2,우선점검,S4,기계,대영에스앤씨주식회사,대영에스앤씨,대영에스앤씨(주),K131132609080068,생산직 사상(버핑)직원 모집,경남 창원시 성산구,성산구,2026-09-08,2026-09-22,,NOT_COLLECTED_ACCESS_POLICY,,NOT_PROVIDED_ON_LIST,관계없음,,시급,10320,10320,29229,기타 가공 공작기계 제조업,COMPANY_MASTER_EXACT,MATCH,True,경상남도 창원시 성산구 창곡로 134 (신촌동),ENRICHED_FROM_FACTORY_REGISTER,NOT_MATCH,LEGAL_DONG_MFG_DENSITY_PROXY_UPPER_BOUND,MAPPED,A,False,CONFIRMED_POSTING_COMPANY_IDENTIFIED,수집시점 공개 채용활동 확인. 공고 수는 모집인원·노동수요가 아니다. 모집인원은 목록 미제공·상세 수집 비허용으로 미확보(NULL).,http://www.work.go.kr/empInfo/empInfoSrch/detail/empDetailAuthView.do?callPage=detail&wantedAuthNo=K131132609080068
기계,2026Q2,우선점검,S4,기계,화천기계(주),화천기계,화천기계(주),K131132609080061,안전보건 관리자 모집,경남 창원시 성산구,성산구,2026-09-08,2026-09-27,,NOT_COLLECTED_ACCESS_POLICY,,NOT_PROVIDED_ON_LIST,신입,0.0,연봉,47900000,51600000,29223,금속 절삭기계 제조업,COMPANY_MASTER_EXACT,MATCH,True,"경상남도 창원시 성산구 연덕로 108 (웅남동, 화천기계공업(주))",ENRICHED_FROM_FACTORY_REGISTER,NOT_MATCH,LEGAL_DONG_MFG_DENSITY_PROXY_UPPER_BOUND,MAPPED,A,False,CONFIRMED_POSTING_COMPANY_IDENTIFIED,수집시점 공개 채용활동 확인. 공고 수는 모집인원·노동수요가 아니다. 모집인원은 목록 미제공·상세 수집 비허용으로 미확보(NULL).,http://www.work.go.kr/empInfo/empInfoSrch/detail/empDetailAuthView.do?callPage=detail&wantedAuthNo=K131132609080061
기계,2026Q2,우선점검,S4,기계,주식회사아올,아올,(주)아올,K131132609080058,M.C.T 조작원 모집,경남 창원시 성산구,성산구,2026-09-08,2026-09-22,,NOT_COLLECTED_ACCESS_POLICY,,NOT_PROVIDED_ON_LIST,경력,60.0,연봉,60000000,60000000,29223,금속 절삭기계 제조업,COMPANY_MASTER_EXACT,MATCH,True,"경상남도 창원시 성산구 반월로 30 (양곡동, (주)아울)",ENRICHED_FROM_FACTORY_REGISTER,NOT_MATCH,LEGAL_DONG_MFG_DENSITY_PROXY_UPPER_BOUND,MAPPED,A,False,CONFIRMED_POSTING_COMPANY_IDENTIFIED,수집시점 공개 채용활동 확인. 공고 수는 모집인원·노동수요가 아니다. 모집인원은 목록 미제공·상세 수집 비허용으로 미확보(NULL).,http://www.work.go.kr/empInfo/empInfoSrch/detail/empDetailAuthView.do?callPage=detail&wantedAuthNo=K131132609080058
기계,2026Q2,우선점검,S4,기계,한울테크,한울테크,한울테크,K131132609080055,한울테크 - 자재 구매 및 발주 관리자 모집,경남 창원시 성산구,성산구,2026-09-08,2026-11-06,,NOT_COLLECTED_ACCESS_POLICY,,NOT_PROVIDED_ON_LIST,관계없음,,시급,10320,10320,25112,구조용 금속 판제품 및 공작물 제조업,COMPANY_MASTER_EXACT,MATCH,True,경상남도 창원시 성산구 반월로 61-15 (신촌동),ENRICHED_FROM_FACTORY_REGISTER,NOT_MATCH,LEGAL_DONG_MFG_DENSITY_PROXY_UPPER_BOUND,MAPPED,C,False,CONFIRMED_POSTING_COMPANY_IDENTIFIED,수집시점 공개 채용활동 확인. 공고 수는 모집인원·노동수요가 아니다. 모집인원은 목록 미제공·상세 수집 비허용으로 미확보(NULL).,http://www.work.go.kr/empInfo/empInfoSrch/detail/empDetailAuthView.do?callPage=detail&wantedAuthNo=K131132609080055
기계,2026Q2,우선점검,S4,기계,(주)천호하이드로릭,천호하이드로릭,(주)천호하이드로릭,K131132609080046,cnc 선반 생산직 사원 모집,경남 창원시 성산구,성산구,2026-09-08,2026-11-07,,NOT_COLLECTED_ACCESS_POLICY,,NOT_PROVIDED_ON_LIST,경력,12.0,시급,10320,10320,25924,절삭가공 및 유사처리업,COMPANY_MASTER_EXACT,MATCH,True,경상남도 창원시 성산구 성주로137번길 31-18(남산동),ENRICHED_FROM_FACTORY_REGISTER,NOT_MATCH,LEGAL_DONG_MFG_DENSITY_PROXY_UPPER_BOUND,MAPPED,C,False,CONFIRMED_POSTING_COMPANY_IDENTIFIED,수집시점 공개 채용활동 확인. 공고 수는 모집인원·노동수요가 아니다. 모집인원은 목록 미제공·상세 수집 비허용으로 미확보(NULL).,http://www.work.go.kr/empInfo/empInfoSrch/detail/empDetailAuthView.do?callPage=detail&wantedAuthNo=K131132609080046
기계,2026Q2,우선점검,S4,기계,한영정밀(주),한영정밀,한영정밀(주),K131132609080039,[자동차 제조] 영업관리 및 납품 [경력직] 모집,경남 창원시 의창구,의창구,2026-09-08,2026-09-22,,NOT_COLLECTED_ACCESS_POLICY,,NOT_PROVIDED_ON_LIST,경력,36.0,월급,3500000,3500000,29199,그 외 기타 일반목적용 기계 제조업,COMPANY_MASTER_EXACT,MATCH,True,경상남도 창원시 의창구 평산로8번길 14(팔용동),ENRICHED_FROM_FACTORY_REGISTER,NOT_MATCH,LEGAL_DONG_MFG_DENSITY_PROXY_UPPER_BOUND,MAPPED,A,False,CONFIRMED_POSTING_COMPANY_IDENTIFIED,수집시점 공개 채용활동 확인. 공고 수는 모집인원·노동수요가 아니다. 모집인원은 목록 미제공·상세 수집 비허용으로 미확보(NULL).,http://www.work.go.kr/empInfo/empInfoSrch/detail/empDetailAuthView.do?callPage=detail&wantedAuthNo=K131132609080039
기계,2026Q2,우선점검,S4,기계,(주)성진테크,성진테크,(주)성진테크,K131132609080038,다이캐스팅 금형 가공원 모집(초보가능),경남 창원시 성산구,성산구,2026-09-08,2026-09-22,,NOT_COLLECTED_ACCESS_POLICY,,NOT_PROVIDED_ON_LIST,관계없음,,시급,11000,11000,29293,주형 및 금형 제조업,COMPANY_MASTER_EXACT,MATCH,True,,NOT_COLLECTED_ACCESS_POLICY,UNKNOWN,NO_RELIABLE_ADDRESS,MAPPED,A,False,CONFIRMED_POSTING_COMPANY_IDENTIFIED,수집시점 공개 채용활동 확인. 공고 수는 모집인원·노동수요가 아니다. 모집인원은 목록 미제공·상세 수집 비허용으로 미확보(NULL).,http://www.work.go.kr/empInfo/empInfoSrch/detail/empDetailAuthView.do?callPage=detail&wantedAuthNo=K131132609080038
기계,2026Q2,우선점검,S4,기계,주식회사풍왕,풍왕,(주)풍왕,K131132609080028,주식회사 풍왕 - 프레스 작업 및 포장 직원 구인 (초보자가능),경남 창원시 진해구,진해구,2026-09-08,2026-10-07,,NOT_COLLECTED_ACCESS_POLICY,,NOT_PROVIDED_ON_LIST,신입,0.0,월급,2300000,2300000,25112,구조용 금속 판제품 및 공작물 제조업,COMPANY_MASTER_EXACT,MATCH,True,경상남도 창원시 진해구 남영로527번길 84(남양동),ENRICHED_FROM_FACTORY_REGISTER,NOT_MATCH,LEGAL_DONG_MFG_DENSITY_PROXY_UPPER_BOUND,MAPPED,C,False,CONFIRMED_POSTING_COMPANY_IDENTIFIED,수집시점 공개 채용활동 확인. 공고 수는 모집인원·노동수요가 아니다. 모집인원은 목록 미제공·상세 수집 비허용으로 미확보(NULL).,http://www.work.go.kr/empInfo/empInfoSrch/detail/empDetailAuthView.do?callPage=detail&wantedAuthNo=K131132609080028
기계,2026Q2,우선점검,S4,기계,(주)대웅셀테크,대웅셀테크,(주)대웅셀테크,K131132609080027,중자 성형 조작 및 후처리 생산직 구인,경남 창원시 진해구,진해구,2026-09-08,2026-09-30,,NOT_COLLECTED_ACCESS_POLICY,,NOT_PROVIDED_ON_LIST,관계없음,,시급,10320,10320,29293,주형 및 금형 제조업,COMPANY_MASTER_EXACT,MATCH,True,"경상남도 창원시 진해구 남의로71번길 35 (남양동, 대웅중자)",ENRICHED_FROM_FACTORY_REGISTER,NOT_MATCH,LEGAL_DONG_MFG_DENSITY_PROXY_UPPER_BOUND,MAPPED,A,False,CONFIRMED_POSTING_COMPANY_IDENTIFIED,수집시점 공개 채용활동 확인. 공고 수는 모집인원·노동수요가 아니다. 모집인원은 목록 미제공·상세 수집 비허용으로 미확보(NULL).,http://www.work.go.kr/empInfo/empInfoSrch/detail/empDetailAuthView.do?callPage=detail&wantedAuthNo=K131132609080027
기계,2026Q2,우선점검,S4,기계,테크원,테크원,테크원,K131132609080022,방산_도장공 모집,경남 창원시 의창구,의창구,2026-09-08,2026-09-22,,NOT_COLLECTED_ACCESS_POLICY,,NOT_PROVIDED_ON_LIST,경력,12.0,월급,3500000,3500000,25923,도장 및 기타 피막처리업,COMPANY_MASTER_EXACT,MATCH,True,경상남도 창원시 의창구 사화로 224(팔용동),ENRICHED_FROM_FACTORY_REGISTER,NOT_MATCH,LEGAL_DONG_MFG_DENSITY_PROXY_UPPER_BOUND,MAPPED,C,False,CONFIRMED_POSTING_COMPANY_IDENTIFIED,수집시점 공개 채용활동 확인. 공고 수는 모집인원·노동수요가 아니다. 모집인원은 목록 미제공·상세 수집 비허용으로 미확보(NULL).,http://www.work.go.kr/empInfo/empInfoSrch/detail/empDetailAuthView.do?callPage=detail&wantedAuthNo=K131132609080022
기계,2026Q2,우선점검,S4,기계,주식회사 인시스(INSYS),인시스INSYS,(주)인시스,K131132609080020,[창원 신촌동] 사무보조 담당자 모집 (출산·육아휴직 대체),경남 창원시 성산구,성산구,2026-09-08,2026-09-22,,NOT_COLLECTED_ACCESS_POLICY,,NOT_PROVIDED_ON_LIST,신입,0.0,월급,2500000,2500000,29141,구름베어링 제조업,COMPANY_MASTER_EXACT,MATCH,True,경상남도 창원시 성산구 반월로60번길 18 (신촌동),ENRICHED_FROM_FACTORY_REGISTER,NOT_MATCH,LEGAL_DONG_MFG_DENSITY_PROXY_UPPER_BOUND,MAPPED,A,False,CONFIRMED_POSTING_COMPANY_IDENTIFIED,수집시점 공개 채용활동 확인. 공고 수는 모집인원·노동수요가 아니다. 모집인원은 목록 미제공·상세 수집 비허용으로 미확보(NULL).,http://www.work.go.kr/empInfo/empInfoSrch/detail/empDetailAuthView.do?callPage=detail&wantedAuthNo=K131132609080020
기계,2026Q2,우선점검,S4,기계,에스제이메카텍(주),에스제이메카텍,에스제이메카텍(주),K131132609080016,단순 사상원 구인,경남 창원시 성산구,성산구,2026-09-08,2026-11-07,,NOT_COLLECTED_ACCESS_POLICY,,NOT_PROVIDED_ON_LIST,관계없음,,시급,10320,10320,29120,유압기기 제조업,COMPANY_MASTER_EXACT,MATCH,True,경상남도 창원시 성산구 연덕로15번길 22 (웅남동),ENRICHED_FROM_FACTORY_REGISTER,NOT_MATCH,LEGAL_DONG_MFG_DENSITY_PROXY_UPPER_BOUND,MAPPED,A,False,CONFIRMED_POSTING_COMPANY_IDENTIFIED,수집시점 공개 채용활동 확인. 공고 수는 모집인원·노동수요가 아니다. 모집인원은 목록 미제공·상세 수집 비허용으로 미확보(NULL).,http://www.work.go.kr/empInfo/empInfoSrch/detail/empDetailAuthView.do?callPage=detail&wantedAuthNo=K131132609080016
기계,2026Q2,우선점검,S4,기계,지엠진성주식회사,지엠진성,지엠진성(주),K131132609080015,품질관리 사무원 모집(경력),경남 창원시 성산구,성산구,2026-09-08,2026-09-30,,NOT_COLLECTED_ACCESS_POLICY,,NOT_PROVIDED_ON_LIST,경력,36.0,연봉,40000000,48000000,25924,절삭가공 및 유사처리업,COMPANY_MASTER_EXACT,MATCH,True,경상남도 창원시 성산구 성산패총로24번길 22-1(성산동),ENRICHED_FROM_FACTORY_REGISTER,NOT_MATCH,LEGAL_DONG_MFG_DENSITY_PROXY_UPPER_BOUND,MAPPED,C,False,CONFIRMED_POSTING_COMPANY_IDENTIFIED,수집시점 공개 채용활동 확인. 공고 수는 모집인원·노동수요가 아니다. 모집인원은 목록 미제공·상세 수집 비허용으로 미확보(NULL).,http://www.work.go.kr/empInfo/empInfoSrch/detail/empDetailAuthView.do?callPage=detail&wantedAuthNo=K131132609080015
기계,2026Q2,우선점검,S4,기계,영창이엔지주식회사,영창이엔지,영창이엔지(주),K131132609080006,MCT 작업자 모집,경남 창원시 의창구,의창구,2026-09-08,2026-09-22,,NOT_COLLECTED_ACCESS_POLICY,,NOT_PROVIDED_ON_LIST,경력,36.0,시급,12000,14000,29223,금속 절삭기계 제조업,COMPANY_MASTER_EXACT,MATCH,True,"경상남도 창원시 의창구 평산로8번길 19-15(팔용동, 영창이엔지(주))",ENRICHED_FROM_FACTORY_REGISTER,NOT_MATCH,LEGAL_DONG_MFG_DENSITY_PROXY_UPPER_BOUND,MAPPED,A,False,CONFIRMED_POSTING_COMPANY_IDENTIFIED,수집시점 공개 채용활동 확인. 공고 수는 모집인원·노동수요가 아니다. 모집인원은 목록 미제공·상세 수집 비허용으로 미확보(NULL).,http://www.work.go.kr/empInfo/empInfoSrch/detail/empDetailAuthView.do?callPage=detail&wantedAuthNo=K131132609080006
기계,2026Q2,우선점검,S4,기계,삼성다이나에이치백 (주),삼성다이나에이치백,삼성다이나에이치백(주),K131132609080001,삼성다이나에이치백(주) 경영지원부 신입/경력직(사원급) 채용 공고,경남 창원시 성산구,성산구,2026-09-08,2026-11-06,,NOT_COLLECTED_ACCESS_POLICY,,NOT_PROVIDED_ON_LIST,관계없음,,월급,2450000,3000000,,공기 조화장치 제조업,COMPANY_MASTER_EXACT,MATCH,True,"경상남도 창원시 성산구 공단로 535 (성산동, 동환산업(주))",ENRICHED_FROM_FACTORY_REGISTER,NOT_MATCH,LEGAL_DONG_MFG_DENSITY_PROXY_UPPER_BOUND,MAPPED,A,False,CONFIRMED_POSTING_COMPANY_IDENTIFIED,수집시점 공개 채용활동 확인. 공고 수는 모집인원·노동수요가 아니다. 모집인원은 목록 미제공·상세 수집 비허용으로 미확보(NULL).,http://www.work.go.kr/empInfo/empInfoSrch/detail/empDetailAuthView.do?callPage=detail&wantedAuthNo=K131132609080001
기계,2026Q2,우선점검,S4,기계,용마테크,용마테크,용마테크,K131132609070089,cnc 수직선반,경남 창원시 성산구,성산구,2026-09-07,2026-11-06,,NOT_COLLECTED_ACCESS_POLICY,,NOT_PROVIDED_ON_LIST,경력,36.0,월급,4500000,4800000,25924,절삭가공 및 유사처리업,COMPANY_MASTER_EXACT,MATCH,True,"경상남도 창원시 성산구 남면로 219, 2동 1층 29호 (대원동)",ENRICHED_FROM_FACTORY_REGISTER,NOT_MATCH,LEGAL_DONG_MFG_DENSITY_PROXY_UPPER_BOUND,MAPPED,C,False,CONFIRMED_POSTING_COMPANY_IDENTIFIED,수집시점 공개 채용활동 확인. 공고 수는 모집인원·노동수요가 아니다. 모집인원은 목록 미제공·상세 수집 비허용으로 미확보(NULL).,http://www.work.go.kr/empInfo/empInfoSrch/detail/empDetailAuthView.do?callPage=detail&wantedAuthNo=K131132609070089
기계,2026Q2,우선점검,S4,기계,B&P,BP,B&P,K131132609070083,CNC선반 조작원(NC프로그램 가능자),경남 창원시 성산구,성산구,2026-09-07,2026-09-30,,NOT_COLLECTED_ACCESS_POLICY,,NOT_PROVIDED_ON_LIST,경력,24.0,연봉,50000000,50000000,25924,절삭가공 및 유사처리업,COMPANY_MASTER_EXACT,MATCH,True,경상남도 창원시 성산구 월림로67번길 19 (신촌동),ENRICHED_FROM_FACTORY_REGISTER,NOT_MATCH,LEGAL_DONG_MFG_DENSITY_PROXY_UPPER_BOUND,MAPPED,C,False,CONFIRMED_POSTING_COMPANY_IDENTIFIED,수집시점 공개 채용활동 확인. 공고 수는 모집인원·노동수요가 아니다. 모집인원은 목록 미제공·상세 수집 비허용으로 미확보(NULL).,http://www.work.go.kr/empInfo/empInfoSrch/detail/empDetailAuthView.do?callPage=detail&wantedAuthNo=K131132609070083
기계,2026Q2,우선점검,S4,기계,웰드웰 주식회사,웰드웰,웰드웰,K131132609070064,웰드웰(주) 오비탈자동용접기 수리기사 채용(경력무관),경남 창원시 성산구,성산구,2026-09-07,2026-10-15,,NOT_COLLECTED_ACCESS_POLICY,,NOT_PROVIDED_ON_LIST,관계없음,,연봉,30000000,35000000,29199,그 외 기타 일반목적용 기계 제조업,COMPANY_MASTER_EXACT,MATCH,True,,NOT_COLLECTED_ACCESS_POLICY,UNKNOWN,NO_RELIABLE_ADDRESS,MAPPED,A,False,CONFIRMED_POSTING_COMPANY_IDENTIFIED,수집시점 공개 채용활동 확인. 공고 수는 모집인원·노동수요가 아니다. 모집인원은 목록 미제공·상세 수집 비허용으로 미확보(NULL).,http://www.work.go.kr/empInfo/empInfoSrch/detail/empDetailAuthView.do?callPage=detail&wantedAuthNo=K131132609070064
기계,2026Q2,우선점검,S4,기계,경동엔지니어링,경동엔지니어링,경동엔지니어링,K131132609070062,"CNC, 조작원 구인",경남 창원시 의창구,의창구,2026-09-07,2026-11-06,,NOT_COLLECTED_ACCESS_POLICY,,NOT_PROVIDED_ON_LIST,경력,36.0,시급,10400,13000,29133,"탭, 밸브 및 유사장치 제조업",COMPANY_MASTER_EXACT,MATCH,True,경상남도 창원시 의창구 북면 천주로769번길 100,ENRICHED_FROM_FACTORY_REGISTER,POSSIBLE,LEGAL_DONG_MFG_DENSITY_PROXY_UPPER_BOUND,MAPPED,A,False,CONFIRMED_POSTING_COMPANY_IDENTIFIED,수집시점 공개 채용활동 확인. 공고 수는 모집인원·노동수요가 아니다. 모집인원은 목록 미제공·상세 수집 비허용으로 미확보(NULL).,http://www.work.go.kr/empInfo/empInfoSrch/detail/empDetailAuthView.do?callPage=detail&wantedAuthNo=K131132609070062
기계,2026Q2,우선점검,S4,기계,주식회사덕유,덕유,(주)덕유,K131132609070058,프레스 부품 세척 및 포장 작업자-1명 구인,경남 창원시 성산구,성산구,2026-09-07,2026-09-23,,NOT_COLLECTED_ACCESS_POLICY,,NOT_PROVIDED_ON_LIST,신입,0.0,시급,10320,10320,29293,주형 및 금형 제조업,COMPANY_MASTER_EXACT,MATCH,True,경상남도 창원시 성산구 웅남로 502 (성산동),ENRICHED_FROM_FACTORY_REGISTER,NOT_MATCH,LEGAL_DONG_MFG_DENSITY_PROXY_UPPER_BOUND,MAPPED,A,False,CONFIRMED_POSTING_COMPANY_IDENTIFIED,수집시점 공개 채용활동 확인. 공고 수는 모집인원·노동수요가 아니다. 모집인원은 목록 미제공·상세 수집 비허용으로 미확보(NULL).,http://www.work.go.kr/empInfo/empInfoSrch/detail/empDetailAuthView.do?callPage=detail&wantedAuthNo=K131132609070058
기계,2026Q2,우선점검,S4,기계,주식회사아올,아올,(주)아올,K131132609070056,아올 - CNC 선반 조작원 (경력),경남 창원시 성산구,성산구,2026-09-07,2026-09-20,,NOT_COLLECTED_ACCESS_POLICY,,NOT_PROVIDED_ON_LIST,경력,24.0,연봉,50000000,50000000,29223,금속 절삭기계 제조업,COMPANY_MASTER_EXACT,MATCH,True,"경상남도 창원시 성산구 반월로 30 (양곡동, (주)아울)",ENRICHED_FROM_FACTORY_REGISTER,NOT_MATCH,LEGAL_DONG_MFG_DENSITY_PROXY_UPPER_BOUND,MAPPED,A,False,CONFIRMED_POSTING_COMPANY_IDENTIFIED,수집시점 공개 채용활동 확인. 공고 수는 모집인원·노동수요가 아니다. 모집인원은 목록 미제공·상세 수집 비허용으로 미확보(NULL).,http://www.work.go.kr/empInfo/empInfoSrch/detail/empDetailAuthView.do?callPage=detail&wantedAuthNo=K131132609070056
기계,2026Q2,우선점검,S4,기계,금강산업,금강산업,금강산업,K131132609070054,천장크레인 운전기사 모집,경남 창원시 성산구,성산구,2026-09-07,2026-11-06,,NOT_COLLECTED_ACCESS_POLICY,,NOT_PROVIDED_ON_LIST,경력,120.0,월급,3050000,3050000,25924,절삭가공 및 유사처리업,COMPANY_MASTER_EXACT,MATCH,True,경상남도 창원시 성산구 연덕로27번길 32 (웅남동),ENRICHED_FROM_FACTORY_REGISTER,NOT_MATCH,LEGAL_DONG_MFG_DENSITY_PROXY_UPPER_BOUND,MAPPED,C,False,CONFIRMED_POSTING_COMPANY_IDENTIFIED,수집시점 공개 채용활동 확인. 공고 수는 모집인원·노동수요가 아니다. 모집인원은 목록 미제공·상세 수집 비허용으로 미확보(NULL).,http://www.work.go.kr/empInfo/empInfoSrch/detail/empDetailAuthView.do?callPage=detail&wantedAuthNo=K131132609070054
기계,2026Q2,우선점검,S4,기계,（주）중앙유앤아이,중앙유앤아이,(주)중앙유앤아이,K131132609070038,"연마, 연삭 생산원 모집",경남 창원시 의창구,의창구,2026-09-07,2026-11-06,,NOT_COLLECTED_ACCESS_POLICY,,NOT_PROVIDED_ON_LIST,관계없음,,시급,10320,10320,25924,절삭가공 및 유사처리업,COMPANY_MASTER_EXACT,MATCH,True,"경상남도 창원시 의창구 대산면 봉강가술로477번길 75, (가술리 458-1번지)",ENRICHED_FROM_FACTORY_REGISTER,POSSIBLE,LEGAL_DONG_MFG_DENSITY_PROXY_UPPER_BOUND,MAPPED,C,False,CONFIRMED_POSTING_COMPANY_IDENTIFIED,수집시점 공개 채용활동 확인. 공고 수는 모집인원·노동수요가 아니다. 모집인원은 목록 미제공·상세 수집 비허용으로 미확보(NULL).,http://www.work.go.kr/empInfo/empInfoSrch/detail/empDetailAuthView.do?callPage=detail&wantedAuthNo=K131132609070038
목재종이,2026Q2,우선점검,S4,목재종이,주식회사 태광수출포장,태광수출포장,(주)태광수출포장,K131132609070031,제조업 생산관리자 구인,경남 창원시 의창구,의창구,2026-09-07,2026-11-06,,NOT_COLLECTED_ACCESS_POLICY,,NOT_PROVIDED_ON_LIST,경력,24.0,시급,12000,12000,16232,"목재 포장용 상자, 드럼 및 유사용기 제조업",COMPANY_MASTER_EXACT,MATCH,True,경상남도 창원시 의창구 대산면 가술산단로 31,ENRICHED_FROM_FACTORY_REGISTER,POSSIBLE,LEGAL_DONG_MFG_DENSITY_PROXY_UPPER_BOUND,MAPPED,A,False,CONFIRMED_POSTING_COMPANY_IDENTIFIED,수집시점 공개 채용활동 확인. 공고 수는 모집인원·노동수요가 아니다. 모집인원은 목록 미제공·상세 수집 비허용으로 미확보(NULL).,http://www.work.go.kr/empInfo/empInfoSrch/detail/empDetailAuthView.do?callPage=detail&wantedAuthNo=K131132609070031
기계,2026Q2,우선점검,S4,기계,우선테크,우선테크,우선테크,K131132609070026,MCT 경력10년이상 경력자모집,경남 창원시 성산구,성산구,2026-09-07,2026-11-06,,NOT_COLLECTED_ACCESS_POLICY,,NOT_PROVIDED_ON_LIST,경력,120.0,연봉,60000000,60000000,29229,기타 가공 공작기계 제조업,COMPANY_MASTER_EXACT,MATCH,True,"경상남도 창원시 성산구 완암로 50, 메카동 1층 103호(성산동, SK테크노파크)",ENRICHED_FROM_FACTORY_REGISTER,NOT_MATCH,LEGAL_DONG_MFG_DENSITY_PROXY_UPPER_BOUND,MAPPED,A,False,CONFIRMED_POSTING_COMPANY_IDENTIFIED,수집시점 공개 채용활동 확인. 공고 수는 모집인원·노동수요가 아니다. 모집인원은 목록 미제공·상세 수집 비허용으로 미확보(NULL).,http://www.work.go.kr/empInfo/empInfoSrch/detail/empDetailAuthView.do?callPage=detail&wantedAuthNo=K131132609070026
기계,2026Q2,우선점검,S4,기계,대명기계,대명기계,대명기계,K131132609070025,"금형가공 업체, MCT 가공 경력자를 모집합니다.",경남 창원시 성산구,성산구,2026-09-07,2026-11-04,,NOT_COLLECTED_ACCESS_POLICY,,NOT_PROVIDED_ON_LIST,경력,36.0,월급,3800000,4000000,25924,절삭가공 및 유사처리업,COMPANY_MASTER_EXACT,MATCH,True,"경상남도 창원시 성산구 남면로 219, 2동 1층 26호  (대원동) 외 2필지",ENRICHED_FROM_FACTORY_REGISTER,NOT_MATCH,LEGAL_DONG_MFG_DENSITY_PROXY_UPPER_BOUND,MAPPED,C,False,CONFIRMED_POSTING_COMPANY_IDENTIFIED,수집시점 공개 채용활동 확인. 공고 수는 모집인원·노동수요가 아니다. 모집인원은 목록 미제공·상세 수집 비허용으로 미확보(NULL).,http://www.work.go.kr/empInfo/empInfoSrch/detail/empDetailAuthView.do?callPage=detail&wantedAuthNo=K131132609070025
기계,2026Q2,우선점검,S4,기계,(주)가현,가현,(주)가현,K131132609070024,중장비 부품 용접(가접)원 모집,경남 창원시 의창구,의창구,2026-09-07,2026-09-21,,NOT_COLLECTED_ACCESS_POLICY,,NOT_PROVIDED_ON_LIST,경력,12.0,시급,12000,12000,29241,건설 및 채광용 기계장비 제조업,COMPANY_MASTER_EXACT,MATCH,True,경상남도 창원시 의창구 평산로38번길 13 (팔용동),ENRICHED_FROM_FACTORY_REGISTER,NOT_MATCH,LEGAL_DONG_MFG_DENSITY_PROXY_UPPER_BOUND,MAPPED,A,False,CONFIRMED_POSTING_COMPANY_IDENTIFIED,수집시점 공개 채용활동 확인. 공고 수는 모집인원·노동수요가 아니다. 모집인원은 목록 미제공·상세 수집 비허용으로 미확보(NULL).,http://www.work.go.kr/empInfo/empInfoSrch/detail/empDetailAuthView.do?callPage=detail&wantedAuthNo=K131132609070024
기계,2026Q2,우선점검,S4,기계,(주)가현,가현,(주)가현,K131132609070022,사상공 모집,경남 창원시 의창구,의창구,2026-09-07,2026-09-21,,NOT_COLLECTED_ACCESS_POLICY,,NOT_PROVIDED_ON_LIST,경력,12.0,시급,12000,12000,29241,건설 및 채광용 기계장비 제조업,COMPANY_MASTER_EXACT,MATCH,True,경상남도 창원시 의창구 평산로38번길 13 (팔용동),ENRICHED_FROM_FACTORY_REGISTER,NOT_MATCH,LEGAL_DONG_MFG_DENSITY_PROXY_UPPER_BOUND,MAPPED,A,False,CONFIRMED_POSTING_COMPANY_IDENTIFIED,수집시점 공개 채용활동 확인. 공고 수는 모집인원·노동수요가 아니다. 모집인원은 목록 미제공·상세 수집 비허용으로 미확보(NULL).,http://www.work.go.kr/empInfo/empInfoSrch/detail/empDetailAuthView.do?callPage=detail&wantedAuthNo=K131132609070022
기계,2026Q2,우선점검,S4,기계,영창이엔지주식회사,영창이엔지,영창이엔지(주),K131132609070020,제조분야 생산관리 팀장급 모집,경남 창원시 의창구,의창구,2026-09-07,2026-09-21,,NOT_COLLECTED_ACCESS_POLICY,,NOT_PROVIDED_ON_LIST,경력,60.0,연봉,45000000,50000000,29223,금속 절삭기계 제조업,COMPANY_MASTER_EXACT,MATCH,True,"경상남도 창원시 의창구 평산로8번길 19-15(팔용동, 영창이엔지(주))",ENRICHED_FROM_FACTORY_REGISTER,NOT_MATCH,LEGAL_DONG_MFG_DENSITY_PROXY_UPPER_BOUND,MAPPED,A,False,CONFIRMED_POSTING_COMPANY_IDENTIFIED,수집시점 공개 채용활동 확인. 공고 수는 모집인원·노동수요가 아니다. 모집인원은 목록 미제공·상세 수집 비허용으로 미확보(NULL).,http://www.work.go.kr/empInfo/empInfoSrch/detail/empDetailAuthView.do?callPage=detail&wantedAuthNo=K131132609070020
기계,2026Q2,우선점검,S4,기계,영창이엔지주식회사,영창이엔지,영창이엔지(주),K131132609070019,생산기술 경력자 모집,경남 창원시 의창구,의창구,2026-09-07,2026-09-21,,NOT_COLLECTED_ACCESS_POLICY,,NOT_PROVIDED_ON_LIST,경력,60.0,연봉,50000000,55000000,29223,금속 절삭기계 제조업,COMPANY_MASTER_EXACT,MATCH,True,"경상남도 창원시 의창구 평산로8번길 19-15(팔용동, 영창이엔지(주))",ENRICHED_FROM_FACTORY_REGISTER,NOT_MATCH,LEGAL_DONG_MFG_DENSITY_PROXY_UPPER_BOUND,MAPPED,A,False,CONFIRMED_POSTING_COMPANY_IDENTIFIED,수집시점 공개 채용활동 확인. 공고 수는 모집인원·노동수요가 아니다. 모집인원은 목록 미제공·상세 수집 비허용으로 미확보(NULL).,http://www.work.go.kr/empInfo/empInfoSrch/detail/empDetailAuthView.do?callPage=detail&wantedAuthNo=K131132609070019
기계,2026Q2,우선점검,S4,기계,(주)가현,가현,(주)가현,K131132609070018,생산 및 물류관리 대리~과장급 팀원 모집,경남 창원시 의창구,의창구,2026-09-07,2026-09-21,,NOT_COLLECTED_ACCESS_POLICY,,NOT_PROVIDED_ON_LIST,경력,12.0,연봉,34000000,36000000,29241,건설 및 채광용 기계장비 제조업,COMPANY_MASTER_EXACT,MATCH,True,경상남도 창원시 의창구 평산로38번길 13 (팔용동),ENRICHED_FROM_FACTORY_REGISTER,NOT_MATCH,LEGAL_DONG_MFG_DENSITY_PROXY_UPPER_BOUND,MAPPED,A,False,CONFIRMED_POSTING_COMPANY_IDENTIFIED,수집시점 공개 채용활동 확인. 공고 수는 모집인원·노동수요가 아니다. 모집인원은 목록 미제공·상세 수집 비허용으로 미확보(NULL).,http://www.work.go.kr/empInfo/empInfoSrch/detail/empDetailAuthView.do?callPage=detail&wantedAuthNo=K131132609070018
목재종이,2026Q2,우선점검,S4,목재종이,지성정판,지성정판,지성정판,K131132609070012,배송 운전원 & 인쇄 작업 지원,경남 창원시 성산구,성산구,2026-09-07,2026-09-22,,NOT_COLLECTED_ACCESS_POLICY,,NOT_PROVIDED_ON_LIST,신입,0.0,시급,10500,10500,18113,오프셋 인쇄업,COMPANY_MASTER_EXACT,MATCH,True,"경상남도 창원시 성산구 완암로 50, 테크동 1층 106호(성산동, SK테크노파크)",ENRICHED_FROM_FACTORY_REGISTER,NOT_MATCH,LEGAL_DONG_MFG_DENSITY_PROXY_UPPER_BOUND,MAPPED,C,False,CONFIRMED_POSTING_COMPANY_IDENTIFIED,수집시점 공개 채용활동 확인. 공고 수는 모집인원·노동수요가 아니다. 모집인원은 목록 미제공·상세 수집 비허용으로 미확보(NULL).,http://www.work.go.kr/empInfo/empInfoSrch/detail/empDetailAuthView.do?callPage=detail&wantedAuthNo=K131132609070012
기계,2026Q2,우선점검,S4,기계,혜송산업,혜송산업,혜송산업,K131132609070004,NC선반 조작원 모집 (신입 및 경력자),경남 창원시 의창구,의창구,2026-09-07,2026-09-21,,NOT_COLLECTED_ACCESS_POLICY,,NOT_PROVIDED_ON_LIST,관계없음,,시급,10320,10320,25924,절삭가공 및 유사처리업,COMPANY_MASTER_EXACT,MATCH,True,경상남도 창원시 의창구 팔용로371번길 36 (팔용동),ENRICHED_FROM_FACTORY_REGISTER,NOT_MATCH,LEGAL_DONG_MFG_DENSITY_PROXY_UPPER_BOUND,MAPPED,C,False,CONFIRMED_POSTING_COMPANY_IDENTIFIED,수집시점 공개 채용활동 확인. 공고 수는 모집인원·노동수요가 아니다. 모집인원은 목록 미제공·상세 수집 비허용으로 미확보(NULL).,http://www.work.go.kr/empInfo/empInfoSrch/detail/empDetailAuthView.do?callPage=detail&wantedAuthNo=K131132609070004
기계,2026Q2,우선점검,S4,기계,(주)선광테크윈,선광테크윈,(주)선광테크윈,K131132609040054,MCT오퍼레이터 유경험자 모집합니다.,경남 창원시 성산구,성산구,2026-09-04,2026-11-03,,NOT_COLLECTED_ACCESS_POLICY,,NOT_PROVIDED_ON_LIST,경력,36.0,연봉,35000000,35000000,25924,절삭가공 및 유사처리업,COMPANY_MASTER_EXACT,MATCH,True,경상남도 창원시 성산구 성산패총로24번길 16 (성산동) (주)대성파인텍,ENRICHED_FROM_FACTORY_REGISTER,NOT_MATCH,LEGAL_DONG_MFG_DENSITY_PROXY_UPPER_BOUND,MAPPED,C,False,CONFIRMED_POSTING_COMPANY_IDENTIFIED,수집시점 공개 채용활동 확인. 공고 수는 모집인원·노동수요가 아니다. 모집인원은 목록 미제공·상세 수집 비허용으로 미확보(NULL).,http://www.work.go.kr/empInfo/empInfoSrch/detail/empDetailAuthView.do?callPage=detail&wantedAuthNo=K131132609040054
기계,2026Q2,우선점검,S4,기계,(주)신한정기,신한정기,(주)신한정기,K131132609040042,납품원(정규직/경력자),경남 창원시 성산구,성산구,2026-09-04,2026-11-03,,NOT_COLLECTED_ACCESS_POLICY,,NOT_PROVIDED_ON_LIST,경력,12.0,시급,10320,10320,29223,금속 절삭기계 제조업,COMPANY_MASTER_EXACT,MATCH,True,,NOT_COLLECTED_ACCESS_POLICY,UNKNOWN,NO_RELIABLE_ADDRESS,MAPPED,A,False,CONFIRMED_POSTING_COMPANY_IDENTIFIED,수집시점 공개 채용활동 확인. 공고 수는 모집인원·노동수요가 아니다. 모집인원은 목록 미제공·상세 수집 비허용으로 미확보(NULL).,http://www.work.go.kr/empInfo/empInfoSrch/detail/empDetailAuthView.do?callPage=detail&wantedAuthNo=K131132609040042
기계,2026Q2,우선점검,S4,기계,(주)신한정기,신한정기,(주)신한정기,K131132609040040,공작기계 조립원,경남 창원시 성산구,성산구,2026-09-04,2026-11-03,,NOT_COLLECTED_ACCESS_POLICY,,NOT_PROVIDED_ON_LIST,경력,24.0,시급,10320,10320,29223,금속 절삭기계 제조업,COMPANY_MASTER_EXACT,MATCH,True,,NOT_COLLECTED_ACCESS_POLICY,UNKNOWN,NO_RELIABLE_ADDRESS,MAPPED,A,False,CONFIRMED_POSTING_COMPANY_IDENTIFIED,수집시점 공개 채용활동 확인. 공고 수는 모집인원·노동수요가 아니다. 모집인원은 목록 미제공·상세 수집 비허용으로 미확보(NULL).,http://www.work.go.kr/empInfo/empInfoSrch/detail/empDetailAuthView.do?callPage=detail&wantedAuthNo=K131132609040040
기계,2026Q2,우선점검,S4,기계,주식회사 동진금속,동진금속,(주)동진금속,K131132609040023,도금/피막 생산 실무자를 모집합니다.,경남 창원시 성산구,성산구,2026-09-04,2026-11-03,,NOT_COLLECTED_ACCESS_POLICY,,NOT_PROVIDED_ON_LIST,관계없음,,시급,10320,10320,25922,도금업,COMPANY_MASTER_EXACT,MATCH,True,,NOT_COLLECTED_ACCESS_POLICY,UNKNOWN,NO_RELIABLE_ADDRESS,MAPPED,C,False,CONFIRMED_POSTING_COMPANY_IDENTIFIED,수집시점 공개 채용활동 확인. 공고 수는 모집인원·노동수요가 아니다. 모집인원은 목록 미제공·상세 수집 비허용으로 미확보(NULL).,http://www.work.go.kr/empInfo/empInfoSrch/detail/empDetailAuthView.do?callPage=detail&wantedAuthNo=K131132609040023
기계,2026Q2,우선점검,S4,기계,주식회사 도영,도영,(주)도영,K131132609040011,품질및생산관리,경남 창원시 의창구,의창구,2026-09-04,2026-09-21,,NOT_COLLECTED_ACCESS_POLICY,,NOT_PROVIDED_ON_LIST,경력,36.0,연봉,43000000,43000000,29141,구름베어링 제조업,COMPANY_MASTER_EXACT,MATCH,True,경상남도 창원시 의창구 대산면 봉강가술로 580-8,ENRICHED_FROM_FACTORY_REGISTER,POSSIBLE,LEGAL_DONG_MFG_DENSITY_PROXY_UPPER_BOUND,MAPPED,A,False,CONFIRMED_POSTING_COMPANY_IDENTIFIED,수집시점 공개 채용활동 확인. 공고 수는 모집인원·노동수요가 아니다. 모집인원은 목록 미제공·상세 수집 비허용으로 미확보(NULL).,http://www.work.go.kr/empInfo/empInfoSrch/detail/empDetailAuthView.do?callPage=detail&wantedAuthNo=K131132609040011
기계,2026Q2,우선점검,S4,기계,혜송산업,혜송산업,혜송산업,K131132609040008,머시닝센터(MCT) 조작원 모집 (공장장 급),경남 창원시 의창구,의창구,2026-09-04,2026-09-20,,NOT_COLLECTED_ACCESS_POLICY,,NOT_PROVIDED_ON_LIST,경력,120.0,연봉,60000000,70000000,25924,절삭가공 및 유사처리업,COMPANY_MASTER_EXACT,MATCH,True,경상남도 창원시 의창구 팔용로371번길 36 (팔용동),ENRICHED_FROM_FACTORY_REGISTER,NOT_MATCH,LEGAL_DONG_MFG_DENSITY_PROXY_UPPER_BOUND,MAPPED,C,False,CONFIRMED_POSTING_COMPANY_IDENTIFIED,수집시점 공개 채용활동 확인. 공고 수는 모집인원·노동수요가 아니다. 모집인원은 목록 미제공·상세 수집 비허용으로 미확보(NULL).,http://www.work.go.kr/empInfo/empInfoSrch/detail/empDetailAuthView.do?callPage=detail&wantedAuthNo=K131132609040008
기계,2026Q2,우선점검,S4,기계,일성테크,일성테크,일성테크,K131132609030066,공작기계조립 채용 공고,경남 창원시 성산구,성산구,2026-09-03,2026-10-31,,NOT_COLLECTED_ACCESS_POLICY,,NOT_PROVIDED_ON_LIST,관계없음,,연봉,40000000,40000000,29293,주형 및 금형 제조업,COMPANY_MASTER_EXACT,MATCH,True,"경상남도 창원시 성산구 삼동로 100-29, 제2동 (내동)",ENRICHED_FROM_FACTORY_REGISTER,NOT_MATCH,LEGAL_DONG_MFG_DENSITY_PROXY_UPPER_BOUND,MAPPED,A,False,CONFIRMED_POSTING_COMPANY_IDENTIFIED,수집시점 공개 채용활동 확인. 공고 수는 모집인원·노동수요가 아니다. 모집인원은 목록 미제공·상세 수집 비허용으로 미확보(NULL).,http://www.work.go.kr/empInfo/empInfoSrch/detail/empDetailAuthView.do?callPage=detail&wantedAuthNo=K131132609030066
기계,2026Q2,우선점검,S4,기계,(주)카스윈(KASWIN),카스윈KASWIN,(주)카스윈,K131132609030062,MCT 공작기계원 모집,경남 창원시 성산구,성산구,2026-09-03,2026-11-02,,NOT_COLLECTED_ACCESS_POLICY,,NOT_PROVIDED_ON_LIST,관계없음,,시급,12500,12500,29223,금속 절삭기계 제조업,COMPANY_MASTER_EXACT,MATCH,True,경상남도 창원시 성산구 웅남로 338(웅남동),ENRICHED_FROM_FACTORY_REGISTER,NOT_MATCH,LEGAL_DONG_MFG_DENSITY_PROXY_UPPER_BOUND,MAPPED,A,False,CONFIRMED_POSTING_COMPANY_IDENTIFIED,수집시점 공개 채용활동 확인. 공고 수는 모집인원·노동수요가 아니다. 모집인원은 목록 미제공·상세 수집 비허용으로 미확보(NULL).,http://www.work.go.kr/empInfo/empInfoSrch/detail/empDetailAuthView.do?callPage=detail&wantedAuthNo=K131132609030062
기계,2026Q2,우선점검,S4,기계,HSG중공업（주）,HSG중공업,HSG중공업(주),K131132609030057,HSG중공업 생산기술부 경력 사원 모집 (조선/해양 설계),경남 창원시 성산구,성산구,2026-09-03,2026-11-02,,NOT_COLLECTED_ACCESS_POLICY,,NOT_PROVIDED_ON_LIST,경력,24.0,연봉,38000000,38000000,25113,육상 금속 골조 구조재 제조업,COMPANY_MASTER_EXACT,MATCH,True,"경상남도 창원시 성산구 공단로 160-1(신촌동, HSG중공업(주))",ENRICHED_FROM_FACTORY_REGISTER,NOT_MATCH,LEGAL_DONG_MFG_DENSITY_PROXY_UPPER_BOUND,MAPPED,C,False,CONFIRMED_POSTING_COMPANY_IDENTIFIED,수집시점 공개 채용활동 확인. 공고 수는 모집인원·노동수요가 아니다. 모집인원은 목록 미제공·상세 수집 비허용으로 미확보(NULL).,http://www.work.go.kr/empInfo/empInfoSrch/detail/empDetailAuthView.do?callPage=detail&wantedAuthNo=K131132609030057
기계,2026Q2,우선점검,S4,기계,정일기업,정일기업,정일기업,K131132609030054,납품 및 영업원 모집,경남 창원시 성산구,성산구,2026-09-03,2026-11-02,,NOT_COLLECTED_ACCESS_POLICY,,NOT_PROVIDED_ON_LIST,경력,24.0,월급,2500000,3000000,25924,절삭가공 및 유사처리업,COMPANY_MASTER_EXACT,MATCH,True,"경상남도 창원시 성산구 반월로 59 (신촌동, 정일기업)",ENRICHED_FROM_FACTORY_REGISTER,NOT_MATCH,LEGAL_DONG_MFG_DENSITY_PROXY_UPPER_BOUND,MAPPED,C,False,CONFIRMED_POSTING_COMPANY_IDENTIFIED,수집시점 공개 채용활동 확인. 공고 수는 모집인원·노동수요가 아니다. 모집인원은 목록 미제공·상세 수집 비허용으로 미확보(NULL).,http://www.work.go.kr/empInfo/empInfoSrch/detail/empDetailAuthView.do?callPage=detail&wantedAuthNo=K131132609030054
기계,2026Q2,우선점검,S4,기계,테크원,테크원,테크원,K131132609030035,"방산 현장 품질관리 [도금,도장 경력자] 모집",경남 창원시 의창구,의창구,2026-09-03,2026-09-20,,NOT_COLLECTED_ACCESS_POLICY,,NOT_PROVIDED_ON_LIST,경력,12.0,시급,10320,10320,25923,도장 및 기타 피막처리업,COMPANY_MASTER_EXACT,MATCH,True,경상남도 창원시 의창구 사화로 224(팔용동),ENRICHED_FROM_FACTORY_REGISTER,NOT_MATCH,LEGAL_DONG_MFG_DENSITY_PROXY_UPPER_BOUND,MAPPED,C,False,CONFIRMED_POSTING_COMPANY_IDENTIFIED,수집시점 공개 채용활동 확인. 공고 수는 모집인원·노동수요가 아니다. 모집인원은 목록 미제공·상세 수집 비허용으로 미확보(NULL).,http://www.work.go.kr/empInfo/empInfoSrch/detail/empDetailAuthView.do?callPage=detail&wantedAuthNo=K131132609030035
기계,2026Q2,우선점검,S4,기계,(주)에스제이에이치,에스제이에이치,(주)에스제이에이치,K131132609030029,품질검사원 사원모집,경남 창원시 의창구,의창구,2026-09-03,2026-11-02,,NOT_COLLECTED_ACCESS_POLICY,,NOT_PROVIDED_ON_LIST,경력,36.0,월급,3000000,3300000,29210,농업 및 임업용 기계 제조업,COMPANY_MASTER_EXACT,MATCH,True,경상남도 창원시 의창구 대산면 봉강가술로 580-7 ((주)SJH),ENRICHED_FROM_FACTORY_REGISTER,POSSIBLE,LEGAL_DONG_MFG_DENSITY_PROXY_UPPER_BOUND,MAPPED,A,False,CONFIRMED_POSTING_COMPANY_IDENTIFIED,수집시점 공개 채용활동 확인. 공고 수는 모집인원·노동수요가 아니다. 모집인원은 목록 미제공·상세 수집 비허용으로 미확보(NULL).,http://www.work.go.kr/empInfo/empInfoSrch/detail/empDetailAuthView.do?callPage=detail&wantedAuthNo=K131132609030029
기계,2026Q2,우선점검,S4,기계,(주)에스제이에이치,에스제이에이치,(주)에스제이에이치,K131132609030028,품질 부서장 모집 _ 영어가능자 우대,경남 창원시 의창구,의창구,2026-09-03,2026-11-02,,NOT_COLLECTED_ACCESS_POLICY,,NOT_PROVIDED_ON_LIST,경력,120.0,월급,4000000,4500000,29210,농업 및 임업용 기계 제조업,COMPANY_MASTER_EXACT,MATCH,True,경상남도 창원시 의창구 대산면 봉강가술로 580-7 ((주)SJH),ENRICHED_FROM_FACTORY_REGISTER,POSSIBLE,LEGAL_DONG_MFG_DENSITY_PROXY_UPPER_BOUND,MAPPED,A,False,CONFIRMED_POSTING_COMPANY_IDENTIFIED,수집시점 공개 채용활동 확인. 공고 수는 모집인원·노동수요가 아니다. 모집인원은 목록 미제공·상세 수집 비허용으로 미확보(NULL).,http://www.work.go.kr/empInfo/empInfoSrch/detail/empDetailAuthView.do?callPage=detail&wantedAuthNo=K131132609030028
기계,2026Q2,우선점검,S4,기계,제이에이치산업 주식회사,제이에이치산업,제이에이치산업,K131132609020071,조립 보조공 및 조립원,경남 창원시 성산구,성산구,2026-09-02,2026-09-30,,NOT_COLLECTED_ACCESS_POLICY,,NOT_PROVIDED_ON_LIST,신입,0.0,시급,12000,12000,25994,금속 표시판 제조업,COMPANY_MASTER_EXACT,MATCH,True,,NOT_COLLECTED_ACCESS_POLICY,UNKNOWN,NO_RELIABLE_ADDRESS,MAPPED,C,False,CONFIRMED_POSTING_COMPANY_IDENTIFIED,수집시점 공개 채용활동 확인. 공고 수는 모집인원·노동수요가 아니다. 모집인원은 목록 미제공·상세 수집 비허용으로 미확보(NULL).,http://www.work.go.kr/empInfo/empInfoSrch/detail/empDetailAuthView.do?callPage=detail&wantedAuthNo=K131132609020071
기계,2026Q2,우선점검,S4,기계,신흥공업(주),신흥공업,신흥공업(주),K131132609020054,생산직 사원모집(자격증 보유자),경남 창원시 성산구,성산구,2026-09-02,2026-09-21,,NOT_COLLECTED_ACCESS_POLICY,,NOT_PROVIDED_ON_LIST,관계없음,,월급,2300000,2300000,29199,그 외 기타 일반목적용 기계 제조업,COMPANY_MASTER_EXACT,MATCH,True,"경상남도 창원시 성산구 웅남로795번길 6(남산동, 신흥공업(주)) 외 1필지",ENRICHED_FROM_FACTORY_REGISTER,NOT_MATCH,LEGAL_DONG_MFG_DENSITY_PROXY_UPPER_BOUND,MAPPED,A,False,CONFIRMED_POSTING_COMPANY_IDENTIFIED,수집시점 공개 채용활동 확인. 공고 수는 모집인원·노동수요가 아니다. 모집인원은 목록 미제공·상세 수집 비허용으로 미확보(NULL).,http://www.work.go.kr/empInfo/empInfoSrch/detail/empDetailAuthView.do?callPage=detail&wantedAuthNo=K131132609020054
기계,2026Q2,우선점검,S4,기계,동연오토텍주식회사,동연오토텍,동연오토텍 주식회사,K131132609020051,동연오토텍㈜마천공장 생산팀 생산직 구인,경남 창원시 진해구,진해구,2026-09-02,2026-10-31,,NOT_COLLECTED_ACCESS_POLICY,,NOT_PROVIDED_ON_LIST,관계없음,,시급,10320,10320,25921,금속 열처리업,COMPANY_MASTER_EXACT,MATCH,True,경상남도 창원시 진해구 남영로552번길 53 (남양동),ENRICHED_FROM_FACTORY_REGISTER,NOT_MATCH,LEGAL_DONG_MFG_DENSITY_PROXY_UPPER_BOUND,MAPPED,C,False,CONFIRMED_POSTING_COMPANY_IDENTIFIED,수집시점 공개 채용활동 확인. 공고 수는 모집인원·노동수요가 아니다. 모집인원은 목록 미제공·상세 수집 비허용으로 미확보(NULL).,http://www.work.go.kr/empInfo/empInfoSrch/detail/empDetailAuthView.do?callPage=detail&wantedAuthNo=K131132609020051
기계,2026Q2,우선점검,S4,기계,（주）중앙유앤아이,중앙유앤아이,(주)중앙유앤아이,K131132609020044,용접원 정규직/경력직 모집,경남 창원시 의창구,의창구,2026-09-02,2026-11-01,,NOT_COLLECTED_ACCESS_POLICY,,NOT_PROVIDED_ON_LIST,경력,36.0,시급,12000,15000,25924,절삭가공 및 유사처리업,COMPANY_MASTER_EXACT,MATCH,True,"경상남도 창원시 의창구 대산면 봉강가술로477번길 75, (가술리 458-1번지)",ENRICHED_FROM_FACTORY_REGISTER,POSSIBLE,LEGAL_DONG_MFG_DENSITY_PROXY_UPPER_BOUND,MAPPED,C,False,CONFIRMED_POSTING_COMPANY_IDENTIFIED,수집시점 공개 채용활동 확인. 공고 수는 모집인원·노동수요가 아니다. 모집인원은 목록 미제공·상세 수집 비허용으로 미확보(NULL).,http://www.work.go.kr/empInfo/empInfoSrch/detail/empDetailAuthView.do?callPage=detail&wantedAuthNo=K131132609020044
기계,2026Q2,우선점검,S4,기계,（주）중앙유앤아이,중앙유앤아이,(주)중앙유앤아이,K131132609020043,캐드 작업자 정규직 모집(견적업무 포함),경남 창원시 의창구,의창구,2026-09-02,2026-11-01,,NOT_COLLECTED_ACCESS_POLICY,,NOT_PROVIDED_ON_LIST,관계없음,,연봉,48000000,51000000,25924,절삭가공 및 유사처리업,COMPANY_MASTER_EXACT,MATCH,True,"경상남도 창원시 의창구 대산면 봉강가술로477번길 75, (가술리 458-1번지)",ENRICHED_FROM_FACTORY_REGISTER,POSSIBLE,LEGAL_DONG_MFG_DENSITY_PROXY_UPPER_BOUND,MAPPED,C,False,CONFIRMED_POSTING_COMPANY_IDENTIFIED,수집시점 공개 채용활동 확인. 공고 수는 모집인원·노동수요가 아니다. 모집인원은 목록 미제공·상세 수집 비허용으로 미확보(NULL).,http://www.work.go.kr/empInfo/empInfoSrch/detail/empDetailAuthView.do?callPage=detail&wantedAuthNo=K131132609020043
기계,2026Q2,우선점검,S4,기계,(주)신한정기,신한정기,(주)신한정기,K131132609020029,MCT 가공조작원(정규직/경력자),경남 창원시 성산구,성산구,2026-09-02,2026-11-01,,NOT_COLLECTED_ACCESS_POLICY,,NOT_PROVIDED_ON_LIST,경력,12.0,시급,10320,10320,29223,금속 절삭기계 제조업,COMPANY_MASTER_EXACT,MATCH,True,,NOT_COLLECTED_ACCESS_POLICY,UNKNOWN,NO_RELIABLE_ADDRESS,MAPPED,A,False,CONFIRMED_POSTING_COMPANY_IDENTIFIED,수집시점 공개 채용활동 확인. 공고 수는 모집인원·노동수요가 아니다. 모집인원은 목록 미제공·상세 수집 비허용으로 미확보(NULL).,http://www.work.go.kr/empInfo/empInfoSrch/detail/empDetailAuthView.do?callPage=detail&wantedAuthNo=K131132609020029
기계,2026Q2,우선점검,S4,기계,(주)에스제이엠,에스제이엠,(주)에스제이엠,K131132609020016,"품질관리(헥사곤 3차원 측정,프로그램 가능자) 구인",경남 창원시 성산구,성산구,2026-09-02,2026-10-31,,NOT_COLLECTED_ACCESS_POLICY,,NOT_PROVIDED_ON_LIST,경력,60.0,연봉,45000000,55000000,29223,금속 절삭기계 제조업,COMPANY_MASTER_EXACT,MATCH,True,경상남도 창원시 성산구 연덕로27번길 67 (웅남동),ENRICHED_FROM_FACTORY_REGISTER,NOT_MATCH,LEGAL_DONG_MFG_DENSITY_PROXY_UPPER_BOUND,MAPPED,A,False,CONFIRMED_POSTING_COMPANY_IDENTIFIED,수집시점 공개 채용활동 확인. 공고 수는 모집인원·노동수요가 아니다. 모집인원은 목록 미제공·상세 수집 비허용으로 미확보(NULL).,http://www.work.go.kr/empInfo/empInfoSrch/detail/empDetailAuthView.do?callPage=detail&wantedAuthNo=K131132609020016
기계,2026Q2,우선점검,S4,기계,성광엠티,성광엠티,성광엠티,K131132609020015,반도체 검사용 부품 생산직을 모집합니다.,경남 창원시 의창구,의창구,2026-09-02,2026-10-31,,NOT_COLLECTED_ACCESS_POLICY,,NOT_PROVIDED_ON_LIST,관계없음,,시급,11000,11000,25922,도금업,COMPANY_MASTER_EXACT,MATCH,True,경상남도 창원시 의창구 반계로 19-1 (팔용동),ENRICHED_FROM_FACTORY_REGISTER,NOT_MATCH,LEGAL_DONG_MFG_DENSITY_PROXY_UPPER_BOUND,MAPPED,C,False,CONFIRMED_POSTING_COMPANY_IDENTIFIED,수집시점 공개 채용활동 확인. 공고 수는 모집인원·노동수요가 아니다. 모집인원은 목록 미제공·상세 수집 비허용으로 미확보(NULL).,http://www.work.go.kr/empInfo/empInfoSrch/detail/empDetailAuthView.do?callPage=detail&wantedAuthNo=K131132609020015
기계,2026Q2,우선점검,S4,기계,명창정밀,명창정밀,명창정밀,K131132609010053,품질관리(SQ) 사원 모집,경남 창원시 성산구,성산구,2026-09-01,2026-10-31,,NOT_COLLECTED_ACCESS_POLICY,,NOT_PROVIDED_ON_LIST,신입,0.0,시급,10320,10320,29293,주형 및 금형 제조업,COMPANY_MASTER_EXACT,MATCH,True,"경상남도 창원시 성산구 연덕로15번길 36 (웅남동, 명창정밀)",ENRICHED_FROM_FACTORY_REGISTER,NOT_MATCH,LEGAL_DONG_MFG_DENSITY_PROXY_UPPER_BOUND,MAPPED,A,False,CONFIRMED_POSTING_COMPANY_IDENTIFIED,수집시점 공개 채용활동 확인. 공고 수는 모집인원·노동수요가 아니다. 모집인원은 목록 미제공·상세 수집 비허용으로 미확보(NULL).,http://www.work.go.kr/empInfo/empInfoSrch/detail/empDetailAuthView.do?callPage=detail&wantedAuthNo=K131132609010053
기계,2026Q2,우선점검,S4,기계,명창정밀,명창정밀,명창정밀,K131132609010052,품질관리(SQ) 경력자 모집,경남 창원시 성산구,성산구,2026-09-01,2026-10-31,,NOT_COLLECTED_ACCESS_POLICY,,NOT_PROVIDED_ON_LIST,경력,12.0,연봉,35000000,35000000,29293,주형 및 금형 제조업,COMPANY_MASTER_EXACT,MATCH,True,"경상남도 창원시 성산구 연덕로15번길 36 (웅남동, 명창정밀)",ENRICHED_FROM_FACTORY_REGISTER,NOT_MATCH,LEGAL_DONG_MFG_DENSITY_PROXY_UPPER_BOUND,MAPPED,A,False,CONFIRMED_POSTING_COMPANY_IDENTIFIED,수집시점 공개 채용활동 확인. 공고 수는 모집인원·노동수요가 아니다. 모집인원은 목록 미제공·상세 수집 비허용으로 미확보(NULL).,http://www.work.go.kr/empInfo/empInfoSrch/detail/empDetailAuthView.do?callPage=detail&wantedAuthNo=K131132609010052
기계,2026Q2,우선점검,S4,기계,주식회사동양기업,동양기업,(주)동양기업,K131132609010051,기계업종 경리업무 담당자 모집[인원충원],경남 창원시 의창구,의창구,2026-09-01,2026-09-30,,NOT_COLLECTED_ACCESS_POLICY,,NOT_PROVIDED_ON_LIST,경력,36.0,연봉,30600000,35000000,29142,기어 및 동력전달장치 제조업,COMPANY_MASTER_EXACT,MATCH,True,경상남도 창원시 성산구 공단로21번길 50 (신촌동),ENRICHED_FROM_FACTORY_REGISTER,NOT_MATCH,LEGAL_DONG_MFG_DENSITY_PROXY_UPPER_BOUND,MAPPED,A,False,CONFIRMED_POSTING_COMPANY_IDENTIFIED,수집시점 공개 채용활동 확인. 공고 수는 모집인원·노동수요가 아니다. 모집인원은 목록 미제공·상세 수집 비허용으로 미확보(NULL).,http://www.work.go.kr/empInfo/empInfoSrch/detail/empDetailAuthView.do?callPage=detail&wantedAuthNo=K131132609010051
기계,2026Q2,우선점검,S4,기계,주식회사코만,코만,(주)코만,K131132609010049,"조립부, 가공부 단순생산 [기간제 사원] 모집",경남 창원시 의창구,의창구,2026-09-01,2026-10-31,,NOT_COLLECTED_ACCESS_POLICY,,NOT_PROVIDED_ON_LIST,신입,0.0,시급,10320,10320,29241,건설 및 채광용 기계장비 제조업,COMPANY_MASTER_EXACT,MATCH,True,"경상남도 창원시 의창구 죽전로40번길 38 (팔용동, 계산산업)",ENRICHED_FROM_FACTORY_REGISTER,NOT_MATCH,LEGAL_DONG_MFG_DENSITY_PROXY_UPPER_BOUND,MAPPED,A,False,CONFIRMED_POSTING_COMPANY_IDENTIFIED,수집시점 공개 채용활동 확인. 공고 수는 모집인원·노동수요가 아니다. 모집인원은 목록 미제공·상세 수집 비허용으로 미확보(NULL).,http://www.work.go.kr/empInfo/empInfoSrch/detail/empDetailAuthView.do?callPage=detail&wantedAuthNo=K131132609010049
기계,2026Q2,우선점검,S4,기계,주식회사동양기업,동양기업,(주)동양기업,K131132609010047,기술영업직 모집,경남 창원시 의창구,의창구,2026-09-01,2026-09-30,,NOT_COLLECTED_ACCESS_POLICY,,NOT_PROVIDED_ON_LIST,경력,60.0,연봉,43000000,53000000,29142,기어 및 동력전달장치 제조업,COMPANY_MASTER_EXACT,MATCH,True,경상남도 창원시 성산구 공단로21번길 50 (신촌동),ENRICHED_FROM_FACTORY_REGISTER,NOT_MATCH,LEGAL_DONG_MFG_DENSITY_PROXY_UPPER_BOUND,MAPPED,A,False,CONFIRMED_POSTING_COMPANY_IDENTIFIED,수집시점 공개 채용활동 확인. 공고 수는 모집인원·노동수요가 아니다. 모집인원은 목록 미제공·상세 수집 비허용으로 미확보(NULL).,http://www.work.go.kr/empInfo/empInfoSrch/detail/empDetailAuthView.do?callPage=detail&wantedAuthNo=K131132609010047
기계,2026Q2,우선점검,S4,기계,주식회사신한,신한,(주)신한,K131132609010040,와이어컷팅 경력직 모집,경남 창원시 의창구,의창구,2026-09-01,2026-09-30,,NOT_COLLECTED_ACCESS_POLICY,,NOT_PROVIDED_ON_LIST,경력,12.0,연봉,45000000,50000000,29293,주형 및 금형 제조업,COMPANY_MASTER_EXACT,MATCH,True,경상남도 창원시 의창구 팔용로 367 (팔용동),ENRICHED_FROM_FACTORY_REGISTER,NOT_MATCH,LEGAL_DONG_MFG_DENSITY_PROXY_UPPER_BOUND,MAPPED,A,False,CONFIRMED_POSTING_COMPANY_IDENTIFIED,수집시점 공개 채용활동 확인. 공고 수는 모집인원·노동수요가 아니다. 모집인원은 목록 미제공·상세 수집 비허용으로 미확보(NULL).,http://www.work.go.kr/empInfo/empInfoSrch/detail/empDetailAuthView.do?callPage=detail&wantedAuthNo=K131132609010040
기계,2026Q2,우선점검,S4,기계,주식회사신한,신한,(주)신한,K131132609010039,프로파일 정규직 모집,경남 창원시 의창구,의창구,2026-09-01,2026-09-30,,NOT_COLLECTED_ACCESS_POLICY,,NOT_PROVIDED_ON_LIST,관계없음,,시급,10320,10320,29293,주형 및 금형 제조업,COMPANY_MASTER_EXACT,MATCH,True,경상남도 창원시 의창구 팔용로 367 (팔용동),ENRICHED_FROM_FACTORY_REGISTER,NOT_MATCH,LEGAL_DONG_MFG_DENSITY_PROXY_UPPER_BOUND,MAPPED,A,False,CONFIRMED_POSTING_COMPANY_IDENTIFIED,수집시점 공개 채용활동 확인. 공고 수는 모집인원·노동수요가 아니다. 모집인원은 목록 미제공·상세 수집 비허용으로 미확보(NULL).,http://www.work.go.kr/empInfo/empInfoSrch/detail/empDetailAuthView.do?callPage=detail&wantedAuthNo=K131132609010039
기계,2026Q2,우선점검,S4,기계,주식회사신한,신한,(주)신한,K131132609010038,밀링 작업 정규직 모집,경남 창원시 의창구,의창구,2026-09-01,2026-09-30,,NOT_COLLECTED_ACCESS_POLICY,,NOT_PROVIDED_ON_LIST,관계없음,,시급,10320,10320,29293,주형 및 금형 제조업,COMPANY_MASTER_EXACT,MATCH,True,경상남도 창원시 의창구 팔용로 367 (팔용동),ENRICHED_FROM_FACTORY_REGISTER,NOT_MATCH,LEGAL_DONG_MFG_DENSITY_PROXY_UPPER_BOUND,MAPPED,A,False,CONFIRMED_POSTING_COMPANY_IDENTIFIED,수집시점 공개 채용활동 확인. 공고 수는 모집인원·노동수요가 아니다. 모집인원은 목록 미제공·상세 수집 비허용으로 미확보(NULL).,http://www.work.go.kr/empInfo/empInfoSrch/detail/empDetailAuthView.do?callPage=detail&wantedAuthNo=K131132609010038
기계,2026Q2,우선점검,S4,기계,주식회사신한,신한,(주)신한,K131132609010036,슈퍼드릴 정규직 모집,경남 창원시 의창구,의창구,2026-09-01,2026-09-30,,NOT_COLLECTED_ACCESS_POLICY,,NOT_PROVIDED_ON_LIST,신입,0.0,시급,10320,10320,29293,주형 및 금형 제조업,COMPANY_MASTER_EXACT,MATCH,True,경상남도 창원시 의창구 팔용로 367 (팔용동),ENRICHED_FROM_FACTORY_REGISTER,NOT_MATCH,LEGAL_DONG_MFG_DENSITY_PROXY_UPPER_BOUND,MAPPED,A,False,CONFIRMED_POSTING_COMPANY_IDENTIFIED,수집시점 공개 채용활동 확인. 공고 수는 모집인원·노동수요가 아니다. 모집인원은 목록 미제공·상세 수집 비허용으로 미확보(NULL).,http://www.work.go.kr/empInfo/empInfoSrch/detail/empDetailAuthView.do?callPage=detail&wantedAuthNo=K131132609010036
목재종이,2026Q2,우선점검,S4,목재종이,디지털코리아,디지털코리아,디지털코리아,K131132609010019,"인쇄및 기계조작, 컴퓨터업무 직원구합니다",경남 창원시 성산구,성산구,2026-09-01,2026-10-31,,NOT_COLLECTED_ACCESS_POLICY,,NOT_PROVIDED_ON_LIST,신입,0.0,연봉,27000000,27000000,18119,기타 인쇄업,COMPANY_MASTER_EXACT,MATCH,True,"경상남도 창원시 성산구 완암로 50, 메카동 4층 401호 (성산동, SK테크노파크) 외 1필지",ENRICHED_FROM_FACTORY_REGISTER,NOT_MATCH,LEGAL_DONG_MFG_DENSITY_PROXY_UPPER_BOUND,MAPPED,C,False,CONFIRMED_POSTING_COMPANY_IDENTIFIED,수집시점 공개 채용활동 확인. 공고 수는 모집인원·노동수요가 아니다. 모집인원은 목록 미제공·상세 수집 비허용으로 미확보(NULL).,http://www.work.go.kr/empInfo/empInfoSrch/detail/empDetailAuthView.do?callPage=detail&wantedAuthNo=K131132609010019
기계,2026Q2,우선점검,S4,기계,(유)티에스,티에스,(유)티에스,K131132609010013,MCT 가공 경력자 모집,경남 창원시 의창구,의창구,2026-09-01,2026-10-31,,NOT_COLLECTED_ACCESS_POLICY,,NOT_PROVIDED_ON_LIST,경력,12.0,시급,11000,13000,25924,절삭가공 및 유사처리업,COMPANY_MASTER_EXACT,MATCH,True,,NOT_COLLECTED_ACCESS_POLICY,UNKNOWN,NO_RELIABLE_ADDRESS,MAPPED,C,False,CONFIRMED_POSTING_COMPANY_IDENTIFIED,수집시점 공개 채용활동 확인. 공고 수는 모집인원·노동수요가 아니다. 모집인원은 목록 미제공·상세 수집 비허용으로 미확보(NULL).,http://www.work.go.kr/empInfo/empInfoSrch/detail/empDetailAuthView.do?callPage=detail&wantedAuthNo=K131132609010013
기계,2026Q2,우선점검,S4,기계,성원코리아주식회사,성원코리아,성원코리아(주),K131132609010007,NC 오퍼레이터 [경력무관] 채용,경남 창원시 의창구,의창구,2026-09-01,2026-09-30,,NOT_COLLECTED_ACCESS_POLICY,,NOT_PROVIDED_ON_LIST,관계없음,,시급,10320,10320,25924,절삭가공 및 유사처리업,COMPANY_MASTER_EXACT,MATCH,True,경상남도 창원시 의창구 평산로8번길 37-39 (팔용동),ENRICHED_FROM_FACTORY_REGISTER,NOT_MATCH,LEGAL_DONG_MFG_DENSITY_PROXY_UPPER_BOUND,MAPPED,C,False,CONFIRMED_POSTING_COMPANY_IDENTIFIED,수집시점 공개 채용활동 확인. 공고 수는 모집인원·노동수요가 아니다. 모집인원은 목록 미제공·상세 수집 비허용으로 미확보(NULL).,http://www.work.go.kr/empInfo/empInfoSrch/detail/empDetailAuthView.do?callPage=detail&wantedAuthNo=K131132609010007
기계,2026Q2,우선점검,S4,기계,미래엔지니어링 주식회사,미래엔지니어링,미래엔지니어링,K131132609010002,토목분야(안전진단) 신입 및 경력 정규직 채용공고,경남 창원시 진해구,진해구,2026-09-01,2026-09-30,,NOT_COLLECTED_ACCESS_POLICY,,NOT_PROVIDED_ON_LIST,관계없음,,연봉,30000000,30000000,25924,절삭가공 및 유사처리업,COMPANY_MASTER_EXACT,MATCH,True,"경상남도 창원시 성산구 연덕로15번길 30 (웅남동, 미래엔지니어링)",ENRICHED_FROM_FACTORY_REGISTER,NOT_MATCH,LEGAL_DONG_MFG_DENSITY_PROXY_UPPER_BOUND,MAPPED,C,False,CONFIRMED_POSTING_COMPANY_IDENTIFIED,수집시점 공개 채용활동 확인. 공고 수는 모집인원·노동수요가 아니다. 모집인원은 목록 미제공·상세 수집 비허용으로 미확보(NULL).,http://www.work.go.kr/empInfo/empInfoSrch/detail/empDetailAuthView.do?callPage=detail&wantedAuthNo=K131132609010002
기계,2026Q2,우선점검,S4,기계,주식회사대경열처리,대경열처리,(주)대경열처리,K131132609010001,품질관리 사원 모집,경남 창원시 성산구,성산구,2026-09-01,2026-09-30,,NOT_COLLECTED_ACCESS_POLICY,,NOT_PROVIDED_ON_LIST,관계없음,,연봉,36000000,36000000,25921,금속 열처리업,COMPANY_MASTER_EXACT,MATCH,True,경상남도 창원시 성산구 성주로81번길 26 (남산동),ENRICHED_FROM_FACTORY_REGISTER,NOT_MATCH,LEGAL_DONG_MFG_DENSITY_PROXY_UPPER_BOUND,MAPPED,C,False,CONFIRMED_POSTING_COMPANY_IDENTIFIED,수집시점 공개 채용활동 확인. 공고 수는 모집인원·노동수요가 아니다. 모집인원은 목록 미제공·상세 수집 비허용으로 미확보(NULL).,http://www.work.go.kr/empInfo/empInfoSrch/detail/empDetailAuthView.do?callPage=detail&wantedAuthNo=K131132609010001
기계,2026Q2,우선점검,S4,기계,주식회사호성,호성,(주)호성,K131132608310075,생산직 사원모집,경남 창원시 성산구,성산구,2026-08-31,2026-10-30,,NOT_COLLECTED_ACCESS_POLICY,,NOT_PROVIDED_ON_LIST,관계없음,,월급,3000000,3000000,25922,도금업,COMPANY_MASTER_EXACT,MATCH,True,경상남도 창원시 성산구 공단로98번길 24 (신촌동),ENRICHED_FROM_FACTORY_REGISTER,NOT_MATCH,LEGAL_DONG_MFG_DENSITY_PROXY_UPPER_BOUND,MAPPED,C,False,CONFIRMED_POSTING_COMPANY_IDENTIFIED,수집시점 공개 채용활동 확인. 공고 수는 모집인원·노동수요가 아니다. 모집인원은 목록 미제공·상세 수집 비허용으로 미확보(NULL).,http://www.work.go.kr/empInfo/empInfoSrch/detail/empDetailAuthView.do?callPage=detail&wantedAuthNo=K131132608310075
기계,2026Q2,우선점검,S4,기계,(주)하은,하은,(주)하은,K131132608310059,MCT 가공 현장 경력자 모집,경남 창원시 성산구,성산구,2026-08-31,2026-10-30,,NOT_COLLECTED_ACCESS_POLICY,,NOT_PROVIDED_ON_LIST,경력,6.0,시급,12000,12000,25924,절삭가공 및 유사처리업,COMPANY_MASTER_EXACT,MATCH,True,"경상남도 창원시 성산구 완암로 3, 3동 1층 2호 (웅남동)",ENRICHED_FROM_FACTORY_REGISTER,NOT_MATCH,LEGAL_DONG_MFG_DENSITY_PROXY_UPPER_BOUND,MAPPED,C,False,CONFIRMED_POSTING_COMPANY_IDENTIFIED,수집시점 공개 채용활동 확인. 공고 수는 모집인원·노동수요가 아니다. 모집인원은 목록 미제공·상세 수집 비허용으로 미확보(NULL).,http://www.work.go.kr/empInfo/empInfoSrch/detail/empDetailAuthView.do?callPage=detail&wantedAuthNo=K131132608310059
목재종이,2026Q2,우선점검,S4,목재종이,(주) 서연팩,서연팩,(주)서연팩,K131132608310048,생산직 사원모집,경남 창원시 의창구,의창구,2026-08-31,2026-10-30,,NOT_COLLECTED_ACCESS_POLICY,,NOT_PROVIDED_ON_LIST,신입,0.0,연봉,29000000,29000000,17212,골판지 상자 및 가공제품 제조업,COMPANY_MASTER_EXACT,MATCH,True,경상남도 창원시 의창구 팔용로359번길 14 (팔용동),ENRICHED_FROM_FACTORY_REGISTER,NOT_MATCH,LEGAL_DONG_MFG_DENSITY_PROXY_UPPER_BOUND,MAPPED,A,False,CONFIRMED_POSTING_COMPANY_IDENTIFIED,수집시점 공개 채용활동 확인. 공고 수는 모집인원·노동수요가 아니다. 모집인원은 목록 미제공·상세 수집 비허용으로 미확보(NULL).,http://www.work.go.kr/empInfo/empInfoSrch/detail/empDetailAuthView.do?callPage=detail&wantedAuthNo=K131132608310048
기계,2026Q2,우선점검,S4,기계,하이에스지,하이에스지,하이에스지,K131132608310044,조립 및 사상원 모집,경남 창원시 성산구,성산구,2026-08-31,2026-10-30,,NOT_COLLECTED_ACCESS_POLICY,,NOT_PROVIDED_ON_LIST,경력,36.0,연봉,35600000,35600000,29120,유압기기 제조업,COMPANY_MASTER_EXACT,MATCH,True,,NOT_COLLECTED_ACCESS_POLICY,UNKNOWN,NO_RELIABLE_ADDRESS,MAPPED,A,False,CONFIRMED_POSTING_COMPANY_IDENTIFIED,수집시점 공개 채용활동 확인. 공고 수는 모집인원·노동수요가 아니다. 모집인원은 목록 미제공·상세 수집 비허용으로 미확보(NULL).,http://www.work.go.kr/empInfo/empInfoSrch/detail/empDetailAuthView.do?callPage=detail&wantedAuthNo=K131132608310044
기계,2026Q2,우선점검,S4,기계,(주)엠제이테크,엠제이테크,엠제이(MJ)테크,K131132608310041,"용접, 취부, 사상 구인!~",경남 창원시 진해구,진해구,2026-08-31,2026-10-30,,NOT_COLLECTED_ACCESS_POLICY,,NOT_PROVIDED_ON_LIST,관계없음,,시급,10320,10320,29229,기타 가공 공작기계 제조업,COMPANY_MASTER_EXACT,MATCH,True,"경상남도 창원시 성산구 완암로 50, 테크동 2층 204 (성산동, SK테크노파크)",ENRICHED_FROM_FACTORY_REGISTER,NOT_MATCH,LEGAL_DONG_MFG_DENSITY_PROXY_UPPER_BOUND,MAPPED,A,False,CONFIRMED_POSTING_COMPANY_IDENTIFIED,수집시점 공개 채용활동 확인. 공고 수는 모집인원·노동수요가 아니다. 모집인원은 목록 미제공·상세 수집 비허용으로 미확보(NULL).,http://www.work.go.kr/empInfo/empInfoSrch/detail/empDetailAuthView.do?callPage=detail&wantedAuthNo=K131132608310041
기계,2026Q2,우선점검,S4,기계,기원정밀,기원정밀,기원정밀,K131132608310025,원통 연마 작업자 모집,경남 창원시 의창구,의창구,2026-08-31,2026-10-30,,NOT_COLLECTED_ACCESS_POLICY,,NOT_PROVIDED_ON_LIST,경력,24.0,월급,3000000,4000000,25924,절삭가공 및 유사처리업,COMPANY_MASTER_EXACT,MATCH,True,"경상남도 창원시 의창구 창원대로363번길 11, 2동 1층 7호 (팔용동, 창원제3표준공장)",ENRICHED_FROM_FACTORY_REGISTER,NOT_MATCH,LEGAL_DONG_MFG_DENSITY_PROXY_UPPER_BOUND,MAPPED,C,False,CONFIRMED_POSTING_COMPANY_IDENTIFIED,수집시점 공개 채용활동 확인. 공고 수는 모집인원·노동수요가 아니다. 모집인원은 목록 미제공·상세 수집 비허용으로 미확보(NULL).,http://www.work.go.kr/empInfo/empInfoSrch/detail/empDetailAuthView.do?callPage=detail&wantedAuthNo=K131132608310025
기계,2026Q2,우선점검,S4,기계,주식회사 디에스이아이,디에스이아이,(주)디에스이아이,K131132608310003,선박 용도 DOOR  생산관리 경력자 모집,경남 창원시 진해구,진해구,2026-08-31,2026-10-27,,NOT_COLLECTED_ACCESS_POLICY,,NOT_PROVIDED_ON_LIST,경력,24.0,월급,2750000,2750000,25111,"금속 문, 창, 셔터 및 관련제품 제조업",COMPANY_MASTER_EXACT,MATCH,True,경상남도 창원시 진해구 남영로527번길 19 (남양동),ENRICHED_FROM_FACTORY_REGISTER,NOT_MATCH,LEGAL_DONG_MFG_DENSITY_PROXY_UPPER_BOUND,MAPPED,C,False,CONFIRMED_POSTING_COMPANY_IDENTIFIED,수집시점 공개 채용활동 확인. 공고 수는 모집인원·노동수요가 아니다. 모집인원은 목록 미제공·상세 수집 비허용으로 미확보(NULL).,http://www.work.go.kr/empInfo/empInfoSrch/detail/empDetailAuthView.do?callPage=detail&wantedAuthNo=K131132608310003
기계,2026Q2,우선점검,S4,기계,주식회사 디에스이아이,디에스이아이,(주)디에스이아이,K131132608310002,조선 기자재 선실 DOOR 제작 설계 신입 & 경력자 모집,경남 창원시 진해구,진해구,2026-08-31,2026-10-27,,NOT_COLLECTED_ACCESS_POLICY,,NOT_PROVIDED_ON_LIST,관계없음,,월급,2160000,2160000,25111,"금속 문, 창, 셔터 및 관련제품 제조업",COMPANY_MASTER_EXACT,MATCH,True,경상남도 창원시 진해구 남영로527번길 19 (남양동),ENRICHED_FROM_FACTORY_REGISTER,NOT_MATCH,LEGAL_DONG_MFG_DENSITY_PROXY_UPPER_BOUND,MAPPED,C,False,CONFIRMED_POSTING_COMPANY_IDENTIFIED,수집시점 공개 채용활동 확인. 공고 수는 모집인원·노동수요가 아니다. 모집인원은 목록 미제공·상세 수집 비허용으로 미확보(NULL).,http://www.work.go.kr/empInfo/empInfoSrch/detail/empDetailAuthView.do?callPage=detail&wantedAuthNo=K131132608310002
기계,2026Q2,우선점검,S4,기계,주식회사케이에스엘코리아,케이에스엘코리아,주식회사 케이에스엘코리아,K131132608280017,성형연삭 담당자 모집,경남 창원시 의창구,의창구,2026-08-28,2026-09-30,,NOT_COLLECTED_ACCESS_POLICY,,NOT_PROVIDED_ON_LIST,경력,12.0,월급,3000000,4000000,29293,주형 및 금형 제조업,COMPANY_MASTER_EXACT,MATCH,True,경상남도 창원시 의창구 차룡로14번길 39 (팔용동),ENRICHED_FROM_FACTORY_REGISTER,NOT_MATCH,LEGAL_DONG_MFG_DENSITY_PROXY_UPPER_BOUND,MAPPED,A,False,CONFIRMED_POSTING_COMPANY_IDENTIFIED,수집시점 공개 채용활동 확인. 공고 수는 모집인원·노동수요가 아니다. 모집인원은 목록 미제공·상세 수집 비허용으로 미확보(NULL).,http://www.work.go.kr/empInfo/empInfoSrch/detail/empDetailAuthView.do?callPage=detail&wantedAuthNo=K131132608280017
기계,2026Q2,우선점검,S4,기계,(주)티엠씨테크,티엠씨테크,(주)티엠씨테크,K131132608280009,자동차 부품 생산직 사원 모집,경남 창원시 성산구,성산구,2026-08-28,2026-10-27,,NOT_COLLECTED_ACCESS_POLICY,,NOT_PROVIDED_ON_LIST,관계없음,,시급,10320,10320,25924,절삭가공 및 유사처리업,COMPANY_MASTER_EXACT,MATCH,True,경상남도 창원시 성산구 연덕로9번길 2(웅남동),ENRICHED_FROM_FACTORY_REGISTER,NOT_MATCH,LEGAL_DONG_MFG_DENSITY_PROXY_UPPER_BOUND,MAPPED,C,False,CONFIRMED_POSTING_COMPANY_IDENTIFIED,수집시점 공개 채용활동 확인. 공고 수는 모집인원·노동수요가 아니다. 모집인원은 목록 미제공·상세 수집 비허용으로 미확보(NULL).,http://www.work.go.kr/empInfo/empInfoSrch/detail/empDetailAuthView.do?callPage=detail&wantedAuthNo=K131132608280009
기계,2026Q2,우선점검,S4,기계,주식회사 경일웰드텍,경일웰드텍,(주)경일웰드텍,K131132608280006,품질관리(공정/수입),경남 창원시 성산구,성산구,2026-08-28,2026-10-27,,NOT_COLLECTED_ACCESS_POLICY,,NOT_PROVIDED_ON_LIST,신입,0.0,시급,13000,13000,25929,그 외 기타 금속가공업,COMPANY_MASTER_EXACT,MATCH,True,경상남도 창원시 성산구 연덕로15번길 64 (웅남동),ENRICHED_FROM_FACTORY_REGISTER,NOT_MATCH,LEGAL_DONG_MFG_DENSITY_PROXY_UPPER_BOUND,MAPPED,C,False,CONFIRMED_POSTING_COMPANY_IDENTIFIED,수집시점 공개 채용활동 확인. 공고 수는 모집인원·노동수요가 아니다. 모집인원은 목록 미제공·상세 수집 비허용으로 미확보(NULL).,http://www.work.go.kr/empInfo/empInfoSrch/detail/empDetailAuthView.do?callPage=detail&wantedAuthNo=K131132608280006
기계,2026Q2,우선점검,S4,기계,광림테크,광림테크,광림테크,K131132608270051,"성형연삭,평면연마 신규및 경력사원 모집",경남 창원시 의창구,의창구,2026-08-27,2026-10-26,,NOT_COLLECTED_ACCESS_POLICY,,NOT_PROVIDED_ON_LIST,관계없음,,연봉,30000000,70000000,29293,주형 및 금형 제조업,COMPANY_MASTER_EXACT,MATCH,True,"경상남도 창원시 의창구 평산로 37 (팔용동, KPE)",ENRICHED_FROM_FACTORY_REGISTER,NOT_MATCH,LEGAL_DONG_MFG_DENSITY_PROXY_UPPER_BOUND,MAPPED,A,False,CONFIRMED_POSTING_COMPANY_IDENTIFIED,수집시점 공개 채용활동 확인. 공고 수는 모집인원·노동수요가 아니다. 모집인원은 목록 미제공·상세 수집 비허용으로 미확보(NULL).,http://www.work.go.kr/empInfo/empInfoSrch/detail/empDetailAuthView.do?callPage=detail&wantedAuthNo=K131132608270051
기계,2026Q2,우선점검,S4,기계,제이피코(주）,제이피코,제이피코(주),K131132608270047,"현장직 배관공, 용접공( 단기계약, 계약종료 후 연장 검토)",경남 창원시 성산구,성산구,2026-08-27,2026-10-26,,NOT_COLLECTED_ACCESS_POLICY,,NOT_PROVIDED_ON_LIST,경력,36.0,일급,140000,200000,29161,산업용 트럭 및 적재기 제조업,COMPANY_MASTER_EXACT,MATCH,True,,NOT_COLLECTED_ACCESS_POLICY,UNKNOWN,NO_RELIABLE_ADDRESS,MAPPED,A,False,CONFIRMED_POSTING_COMPANY_IDENTIFIED,수집시점 공개 채용활동 확인. 공고 수는 모집인원·노동수요가 아니다. 모집인원은 목록 미제공·상세 수집 비허용으로 미확보(NULL).,http://www.work.go.kr/empInfo/empInfoSrch/detail/empDetailAuthView.do?callPage=detail&wantedAuthNo=K131132608270047
기계,2026Q2,우선점검,S4,기계,나우텍주식회사,나우텍,나우텍,K131132608270044,금형조립원 모집,경남 창원시 의창구,의창구,2026-08-27,2026-10-26,,NOT_COLLECTED_ACCESS_POLICY,,NOT_PROVIDED_ON_LIST,경력,12.0,연봉,45000000,45000000,25924,절삭가공 및 유사처리업,COMPANY_MASTER_EXACT,MATCH,True,,NOT_COLLECTED_ACCESS_POLICY,UNKNOWN,NO_RELIABLE_ADDRESS,MAPPED,C,False,CONFIRMED_POSTING_COMPANY_IDENTIFIED,수집시점 공개 채용활동 확인. 공고 수는 모집인원·노동수요가 아니다. 모집인원은 목록 미제공·상세 수집 비허용으로 미확보(NULL).,http://www.work.go.kr/empInfo/empInfoSrch/detail/empDetailAuthView.do?callPage=detail&wantedAuthNo=K131132608270044
기계,2026Q2,우선점검,S4,기계,나우텍주식회사,나우텍,나우텍,K131132608270042,금형개발보조원 모집,경남 창원시 의창구,의창구,2026-08-27,2026-10-26,,NOT_COLLECTED_ACCESS_POLICY,,NOT_PROVIDED_ON_LIST,관계없음,,시급,10320,10320,25924,절삭가공 및 유사처리업,COMPANY_MASTER_EXACT,MATCH,True,,NOT_COLLECTED_ACCESS_POLICY,UNKNOWN,NO_RELIABLE_ADDRESS,MAPPED,C,False,CONFIRMED_POSTING_COMPANY_IDENTIFIED,수집시점 공개 채용활동 확인. 공고 수는 모집인원·노동수요가 아니다. 모집인원은 목록 미제공·상세 수집 비허용으로 미확보(NULL).,http://www.work.go.kr/empInfo/empInfoSrch/detail/empDetailAuthView.do?callPage=detail&wantedAuthNo=K131132608270042
기계,2026Q2,우선점검,S4,기계,부성A-TECH,부성ATECH,부성A-TECH,K131132608270026,프로파일성형연삭,경남 창원시 의창구,의창구,2026-08-27,2026-10-26,,NOT_COLLECTED_ACCESS_POLICY,,NOT_PROVIDED_ON_LIST,관계없음,,시급,10320,12000,29293,주형 및 금형 제조업,COMPANY_MASTER_EXACT,MATCH,True,"경상남도 창원시 의창구 창원대로363번길 11, 6동 1층 2 (팔용동, 창원제3표준공장)",ENRICHED_FROM_FACTORY_REGISTER,NOT_MATCH,LEGAL_DONG_MFG_DENSITY_PROXY_UPPER_BOUND,MAPPED,A,False,CONFIRMED_POSTING_COMPANY_IDENTIFIED,수집시점 공개 채용활동 확인. 공고 수는 모집인원·노동수요가 아니다. 모집인원은 목록 미제공·상세 수집 비허용으로 미확보(NULL).,http://www.work.go.kr/empInfo/empInfoSrch/detail/empDetailAuthView.do?callPage=detail&wantedAuthNo=K131132608270026
기계,2026Q2,우선점검,S4,기계,(주)효림HF(HiForging),효림HFHIFORGING,(주)효림 H.F,K131132608260079,효림HF 열간단조 프레스원 현장직 채용,경남 창원시 성산구,성산구,2026-08-26,2026-09-23,,NOT_COLLECTED_ACCESS_POLICY,,NOT_PROVIDED_ON_LIST,관계없음,,월급,4000000,4000000,25912,금속 단조제품 제조업,COMPANY_MASTER_EXACT,MATCH,True,경상남도 창원시 성산구 성산패총로 86 (성산동),ENRICHED_FROM_FACTORY_REGISTER,NOT_MATCH,LEGAL_DONG_MFG_DENSITY_PROXY_UPPER_BOUND,MAPPED,C,False,CONFIRMED_POSTING_COMPANY_IDENTIFIED,수집시점 공개 채용활동 확인. 공고 수는 모집인원·노동수요가 아니다. 모집인원은 목록 미제공·상세 수집 비허용으로 미확보(NULL).,http://www.work.go.kr/empInfo/empInfoSrch/detail/empDetailAuthView.do?callPage=detail&wantedAuthNo=K131132608260079
기계,2026Q2,우선점검,S4,기계,주식회사도경테크,도경테크,도경테크,K131132608260071,(주)도경테크 수압검사원 모집,경남 창원시 진해구,진해구,2026-08-26,2026-10-25,,NOT_COLLECTED_ACCESS_POLICY,,NOT_PROVIDED_ON_LIST,관계없음,,월급,3000000,3000000,25924,절삭가공 및 유사처리업,COMPANY_MASTER_EXACT,MATCH,True,경상남도 창원시 의창구 평산로70번길 20 (팔용동),ENRICHED_FROM_FACTORY_REGISTER,NOT_MATCH,LEGAL_DONG_MFG_DENSITY_PROXY_UPPER_BOUND,MAPPED,C,False,CONFIRMED_POSTING_COMPANY_IDENTIFIED,수집시점 공개 채용활동 확인. 공고 수는 모집인원·노동수요가 아니다. 모집인원은 목록 미제공·상세 수집 비허용으로 미확보(NULL).,http://www.work.go.kr/empInfo/empInfoSrch/detail/empDetailAuthView.do?callPage=detail&wantedAuthNo=K131132608260071
기계,2026Q2,우선점검,S4,기계,성원코리아주식회사,성원코리아,성원코리아(주),K131132608260061,"품질(보증,QC)모집-경력자우대",경남 창원시 의창구,의창구,2026-08-26,2026-09-25,,NOT_COLLECTED_ACCESS_POLICY,,NOT_PROVIDED_ON_LIST,경력,36.0,연봉,40000000,40000000,25924,절삭가공 및 유사처리업,COMPANY_MASTER_EXACT,MATCH,True,경상남도 창원시 의창구 평산로8번길 37-39 (팔용동),ENRICHED_FROM_FACTORY_REGISTER,NOT_MATCH,LEGAL_DONG_MFG_DENSITY_PROXY_UPPER_BOUND,MAPPED,C,False,CONFIRMED_POSTING_COMPANY_IDENTIFIED,수집시점 공개 채용활동 확인. 공고 수는 모집인원·노동수요가 아니다. 모집인원은 목록 미제공·상세 수집 비허용으로 미확보(NULL).,http://www.work.go.kr/empInfo/empInfoSrch/detail/empDetailAuthView.do?callPage=detail&wantedAuthNo=K131132608260061
기계,2026Q2,우선점검,S4,기계,삼영정공(주),삼영정공,삼영정공(주),K131132608260059,▩삼영정공(주)▩부설연구소 연구원(신입 or 경력)을 모십니다▩창원 신촌동▩,경남 창원시 성산구,성산구,2026-08-26,2026-10-25,,NOT_COLLECTED_ACCESS_POLICY,,NOT_PROVIDED_ON_LIST,관계없음,,연봉,38000000,38000000,25924,절삭가공 및 유사처리업,COMPANY_MASTER_EXACT,MATCH,True,경상남도 창원시 성산구 공단로21번길 40 (신촌동),ENRICHED_FROM_FACTORY_REGISTER,NOT_MATCH,LEGAL_DONG_MFG_DENSITY_PROXY_UPPER_BOUND,MAPPED,C,False,CONFIRMED_POSTING_COMPANY_IDENTIFIED,수집시점 공개 채용활동 확인. 공고 수는 모집인원·노동수요가 아니다. 모집인원은 목록 미제공·상세 수집 비허용으로 미확보(NULL).,http://www.work.go.kr/empInfo/empInfoSrch/detail/empDetailAuthView.do?callPage=detail&wantedAuthNo=K131132608260059
목재종이,2026Q2,우선점검,S4,목재종이,주식회사마크,마크,주식회사 마크,K131132608260052,[주식회사마크] 시각디자이너를 모집합니다. (본사 상주근무 필수!),경남 창원시 성산구,성산구,2026-08-26,2026-10-25,,NOT_COLLECTED_ACCESS_POLICY,,NOT_PROVIDED_ON_LIST,경력,12.0,월급,2200000,2200000,18119,기타 인쇄업,COMPANY_MASTER_EXACT,MATCH,True,경상남도 창원시 성산구 용지로 111 (중앙동) 평안빌딩,ENRICHED_FROM_FACTORY_REGISTER,NOT_MATCH,LEGAL_DONG_MFG_DENSITY_PROXY_UPPER_BOUND,MAPPED,C,False,CONFIRMED_POSTING_COMPANY_IDENTIFIED,수집시점 공개 채용활동 확인. 공고 수는 모집인원·노동수요가 아니다. 모집인원은 목록 미제공·상세 수집 비허용으로 미확보(NULL).,http://www.work.go.kr/empInfo/empInfoSrch/detail/empDetailAuthView.do?callPage=detail&wantedAuthNo=K131132608260052
기계,2026Q2,우선점검,S4,기계,주식회사올니스,올니스,(주)올니스,K131132608260007,(주)올니스 CNC선반 조작원 모집,경남 창원시 의창구,의창구,2026-08-26,2026-10-24,,NOT_COLLECTED_ACCESS_POLICY,,NOT_PROVIDED_ON_LIST,경력,36.0,시급,10320,11500,29271,반도체 제조용 기계 제조업,COMPANY_MASTER_EXACT,MATCH,True,경상남도 창원시 의창구 반계로 21(팔용동),ENRICHED_FROM_FACTORY_REGISTER,NOT_MATCH,LEGAL_DONG_MFG_DENSITY_PROXY_UPPER_BOUND,MAPPED,A,False,CONFIRMED_POSTING_COMPANY_IDENTIFIED,수집시점 공개 채용활동 확인. 공고 수는 모집인원·노동수요가 아니다. 모집인원은 목록 미제공·상세 수집 비허용으로 미확보(NULL).,http://www.work.go.kr/empInfo/empInfoSrch/detail/empDetailAuthView.do?callPage=detail&wantedAuthNo=K131132608260007
기계,2026Q2,우선점검,S4,기계,(주)영신엔지니어링,영신엔지니어링,(주)영신엔지니어링,K131132608250063,가스 기술연구 사무직 사원모집,경남 창원시 성산구,성산구,2026-08-25,2026-09-30,,NOT_COLLECTED_ACCESS_POLICY,,NOT_PROVIDED_ON_LIST,관계없음,,연봉,30000000,30000000,25929,그 외 기타 금속가공업,COMPANY_MASTER_EXACT,MATCH,True,"경상남도 창원시 성산구 완암로 50, 테크동 2층 203-1호 (성산동, SK테크노파크)",ENRICHED_FROM_FACTORY_REGISTER,NOT_MATCH,LEGAL_DONG_MFG_DENSITY_PROXY_UPPER_BOUND,MAPPED,C,False,CONFIRMED_POSTING_COMPANY_IDENTIFIED,수집시점 공개 채용활동 확인. 공고 수는 모집인원·노동수요가 아니다. 모집인원은 목록 미제공·상세 수집 비허용으로 미확보(NULL).,http://www.work.go.kr/empInfo/empInfoSrch/detail/empDetailAuthView.do?callPage=detail&wantedAuthNo=K131132608250063
기계,2026Q2,우선점검,S4,기계,주식회사 이앤에스코리아,이앤에스코리아,(주)이앤에스코리아,K131132608250058,"기계설계, 캐드원 모집",경남 창원시 진해구,진해구,2026-08-25,2026-10-24,,NOT_COLLECTED_ACCESS_POLICY,,NOT_PROVIDED_ON_LIST,관계없음,,연봉,28000000,50000000,25121,산업용 난방보일러 및 방열기 제조업,COMPANY_MASTER_EXACT,MATCH,True,"경상남도 창원시 진해구 남영로527번길 66(남양동, 한호금속)",ENRICHED_FROM_FACTORY_REGISTER,NOT_MATCH,LEGAL_DONG_MFG_DENSITY_PROXY_UPPER_BOUND,MAPPED,C,False,CONFIRMED_POSTING_COMPANY_IDENTIFIED,수집시점 공개 채용활동 확인. 공고 수는 모집인원·노동수요가 아니다. 모집인원은 목록 미제공·상세 수집 비허용으로 미확보(NULL).,http://www.work.go.kr/empInfo/empInfoSrch/detail/empDetailAuthView.do?callPage=detail&wantedAuthNo=K131132608250058
기계,2026Q2,우선점검,S4,기계,동명테크,동명테크,동명테크,K131132608250044,CNC/MCT 경력사원 모집,경남 창원시 성산구,성산구,2026-08-25,2026-10-24,,NOT_COLLECTED_ACCESS_POLICY,,NOT_PROVIDED_ON_LIST,경력,36.0,월급,3000000,5000000,29293,주형 및 금형 제조업,COMPANY_MASTER_EXACT,MATCH,True,경상남도 창원시 의창구 평산로70번길 23 (팔용동),ENRICHED_FROM_FACTORY_REGISTER,NOT_MATCH,LEGAL_DONG_MFG_DENSITY_PROXY_UPPER_BOUND,MAPPED,A,False,CONFIRMED_POSTING_COMPANY_IDENTIFIED,수집시점 공개 채용활동 확인. 공고 수는 모집인원·노동수요가 아니다. 모집인원은 목록 미제공·상세 수집 비허용으로 미확보(NULL).,http://www.work.go.kr/empInfo/empInfoSrch/detail/empDetailAuthView.do?callPage=detail&wantedAuthNo=K131132608250044
기계,2026Q2,우선점검,S4,기계,태광엠앤에스 주식회사,태광엠앤에스,태광엠앤에스(주),KEC0132608250005,[2026년 경상남도 일자리 종합 박람회 직접 참여업체]레이저절단 기술영업직 채용공고,경남 창원시 성산구,성산구,2026-08-25,2026-09-24,,NOT_COLLECTED_ACCESS_POLICY,,NOT_PROVIDED_ON_LIST,경력,120.0,연봉,50000000,60000000,25113,육상 금속 골조 구조재 제조업,COMPANY_MASTER_EXACT,MATCH,True,경상남도 창원시 마산합포구 진북면 산단1길 35,ENRICHED_FROM_FACTORY_REGISTER,POSSIBLE,LEGAL_DONG_MFG_DENSITY_PROXY_UPPER_BOUND,MAPPED,C,False,CONFIRMED_POSTING_COMPANY_IDENTIFIED,수집시점 공개 채용활동 확인. 공고 수는 모집인원·노동수요가 아니다. 모집인원은 목록 미제공·상세 수집 비허용으로 미확보(NULL).,http://www.work.go.kr/empInfo/empInfoSrch/detail/empDetailAuthView.do?callPage=detail&wantedAuthNo=KEC0132608250005
기계,2026Q2,우선점검,S4,기계,벡터산업,벡터산업,벡터산업,KF10532608240003,생산 및 품질관리 사무원,경남 창원시 의창구,의창구,2026-08-24,2026-10-23,,NOT_COLLECTED_ACCESS_POLICY,,NOT_PROVIDED_ON_LIST,경력,24.0,월급,2170000,2170000,25994,금속 표시판 제조업,COMPANY_MASTER_EXACT,MATCH,True,경상남도 창원시 의창구 동읍 신방로39번길 67,ENRICHED_FROM_FACTORY_REGISTER,POSSIBLE,LEGAL_DONG_MFG_DENSITY_PROXY_UPPER_BOUND,MAPPED,C,False,CONFIRMED_POSTING_COMPANY_IDENTIFIED,수집시점 공개 채용활동 확인. 공고 수는 모집인원·노동수요가 아니다. 모집인원은 목록 미제공·상세 수집 비허용으로 미확보(NULL).,http://www.work.go.kr/empInfo/empInfoSrch/detail/empDetailAuthView.do?callPage=detail&wantedAuthNo=KF10532608240003
기계,2026Q2,우선점검,S4,기계,재성테크,재성테크,재성테크,K131132608240060,CNC 선반 경력자 모집,경남 창원시 의창구,의창구,2026-08-24,2026-10-23,,NOT_COLLECTED_ACCESS_POLICY,,NOT_PROVIDED_ON_LIST,경력,60.0,연봉,40000000,50000000,29120,유압기기 제조업,COMPANY_MASTER_EXACT,MATCH,True,경상남도 창원시 마산회원구 봉암공단10길 79-4 (봉암동),ENRICHED_FROM_FACTORY_REGISTER,NOT_MATCH,LEGAL_DONG_MFG_DENSITY_PROXY_UPPER_BOUND,MAPPED,A,False,CONFIRMED_POSTING_COMPANY_IDENTIFIED,수집시점 공개 채용활동 확인. 공고 수는 모집인원·노동수요가 아니다. 모집인원은 목록 미제공·상세 수집 비허용으로 미확보(NULL).,http://www.work.go.kr/empInfo/empInfoSrch/detail/empDetailAuthView.do?callPage=detail&wantedAuthNo=K131132608240060
기계,2026Q2,우선점검,S4,기계,부성A-TECH,부성ATECH,부성A-TECH,K131132608240045,성형 연삭 가공 /프로파일 성형 연삭,경남 창원시 의창구,의창구,2026-08-24,2026-10-23,,NOT_COLLECTED_ACCESS_POLICY,,NOT_PROVIDED_ON_LIST,관계없음,,시급,10320,12000,29293,주형 및 금형 제조업,COMPANY_MASTER_EXACT,MATCH,True,"경상남도 창원시 의창구 창원대로363번길 11, 6동 1층 2 (팔용동, 창원제3표준공장)",ENRICHED_FROM_FACTORY_REGISTER,NOT_MATCH,LEGAL_DONG_MFG_DENSITY_PROXY_UPPER_BOUND,MAPPED,A,False,CONFIRMED_POSTING_COMPANY_IDENTIFIED,수집시점 공개 채용활동 확인. 공고 수는 모집인원·노동수요가 아니다. 모집인원은 목록 미제공·상세 수집 비허용으로 미확보(NULL).,http://www.work.go.kr/empInfo/empInfoSrch/detail/empDetailAuthView.do?callPage=detail&wantedAuthNo=K131132608240045
기계,2026Q2,우선점검,S4,기계,명창정밀,명창정밀,명창정밀,K131132608240031,"금형설계사무직 경력, 보조직원모집합니다.",경남 창원시 성산구,성산구,2026-08-24,2026-09-30,,NOT_COLLECTED_ACCESS_POLICY,,NOT_PROVIDED_ON_LIST,경력,12.0,연봉,29000000,29000000,29293,주형 및 금형 제조업,COMPANY_MASTER_EXACT,MATCH,True,"경상남도 창원시 성산구 연덕로15번길 36 (웅남동, 명창정밀)",ENRICHED_FROM_FACTORY_REGISTER,NOT_MATCH,LEGAL_DONG_MFG_DENSITY_PROXY_UPPER_BOUND,MAPPED,A,False,CONFIRMED_POSTING_COMPANY_IDENTIFIED,수집시점 공개 채용활동 확인. 공고 수는 모집인원·노동수요가 아니다. 모집인원은 목록 미제공·상세 수집 비허용으로 미확보(NULL).,http://www.work.go.kr/empInfo/empInfoSrch/detail/empDetailAuthView.do?callPage=detail&wantedAuthNo=K131132608240031
기계,2026Q2,우선점검,S4,기계,명창정밀,명창정밀,명창정밀,K131132608240030,방전가공원 경력자,경남 창원시 성산구,성산구,2026-08-24,2026-09-30,,NOT_COLLECTED_ACCESS_POLICY,,NOT_PROVIDED_ON_LIST,경력,12.0,연봉,40000000,40000000,29293,주형 및 금형 제조업,COMPANY_MASTER_EXACT,MATCH,True,"경상남도 창원시 성산구 연덕로15번길 36 (웅남동, 명창정밀)",ENRICHED_FROM_FACTORY_REGISTER,NOT_MATCH,LEGAL_DONG_MFG_DENSITY_PROXY_UPPER_BOUND,MAPPED,A,False,CONFIRMED_POSTING_COMPANY_IDENTIFIED,수집시점 공개 채용활동 확인. 공고 수는 모집인원·노동수요가 아니다. 모집인원은 목록 미제공·상세 수집 비허용으로 미확보(NULL).,http://www.work.go.kr/empInfo/empInfoSrch/detail/empDetailAuthView.do?callPage=detail&wantedAuthNo=K131132608240030
기계,2026Q2,우선점검,S4,기계,(주)대원정공,대원정공,(주)대원정공,K131132608240021,[모집] 방산 용접 인원 (MIG/CO2/TIG),경남 창원시 성산구,성산구,2026-08-24,2026-10-23,,NOT_COLLECTED_ACCESS_POLICY,,NOT_PROVIDED_ON_LIST,경력,36.0,연봉,38000000,55000000,25999,그 외 기타 분류 안된 금속 가공 제품 제조업,COMPANY_MASTER_EXACT,MATCH,True,,NOT_COLLECTED_ACCESS_POLICY,UNKNOWN,NO_RELIABLE_ADDRESS,MAPPED,C,False,CONFIRMED_POSTING_COMPANY_IDENTIFIED,수집시점 공개 채용활동 확인. 공고 수는 모집인원·노동수요가 아니다. 모집인원은 목록 미제공·상세 수집 비허용으로 미확보(NULL).,http://www.work.go.kr/empInfo/empInfoSrch/detail/empDetailAuthView.do?callPage=detail&wantedAuthNo=K131132608240021
기계,2026Q2,우선점검,S4,기계,(주)신승정밀,신승정밀,(주)신승정밀,K131132608240019,품질관리 검사원 모집 (방산/항공),경남 창원시 성산구,성산구,2026-08-24,2026-09-30,,NOT_COLLECTED_ACCESS_POLICY,,NOT_PROVIDED_ON_LIST,경력,36.0,연봉,35600000,45000000,25924,절삭가공 및 유사처리업,COMPANY_MASTER_EXACT,MATCH,True,경상남도 창원시 성산구 공단로 220 (웅남동),ENRICHED_FROM_FACTORY_REGISTER,NOT_MATCH,LEGAL_DONG_MFG_DENSITY_PROXY_UPPER_BOUND,MAPPED,C,False,CONFIRMED_POSTING_COMPANY_IDENTIFIED,수집시점 공개 채용활동 확인. 공고 수는 모집인원·노동수요가 아니다. 모집인원은 목록 미제공·상세 수집 비허용으로 미확보(NULL).,http://www.work.go.kr/empInfo/empInfoSrch/detail/empDetailAuthView.do?callPage=detail&wantedAuthNo=K131132608240019
기계,2026Q2,우선점검,S4,기계,주식회사 탑엔지니어링,탑엔지니어링,탑엔지니어링,K131132608240013,철근콘크리트 건설현장(공무보조or 안전서류 )담당자 모집합니다(경남창원),경남 창원시 의창구,의창구,2026-08-24,2026-10-23,,NOT_COLLECTED_ACCESS_POLICY,,NOT_PROVIDED_ON_LIST,경력,12.0,월급,3000000,4000000,25999,그 외 기타 분류 안된 금속 가공 제품 제조업,COMPANY_MASTER_EXACT,MATCH,True,,NOT_COLLECTED_ACCESS_POLICY,UNKNOWN,NO_RELIABLE_ADDRESS,MAPPED,C,False,CONFIRMED_POSTING_COMPANY_IDENTIFIED,수집시점 공개 채용활동 확인. 공고 수는 모집인원·노동수요가 아니다. 모집인원은 목록 미제공·상세 수집 비허용으로 미확보(NULL).,http://www.work.go.kr/empInfo/empInfoSrch/detail/empDetailAuthView.do?callPage=detail&wantedAuthNo=K131132608240013
기계,2026Q2,우선점검,S4,기계,주식회사 안국,안국,주식회사 안국,K131132608240005,㈜ 안국,경남 창원시 의창구,의창구,2026-08-24,2026-10-18,,NOT_COLLECTED_ACCESS_POLICY,,NOT_PROVIDED_ON_LIST,관계없음,,시급,10320,10320,29241,건설 및 채광용 기계장비 제조업,COMPANY_MASTER_EXACT,MATCH,True,경상남도 창원시 의창구 북면 화천리 916-3,ENRICHED_FROM_FACTORY_REGISTER,POSSIBLE,LEGAL_DONG_MFG_DENSITY_PROXY_UPPER_BOUND,MAPPED,A,False,CONFIRMED_POSTING_COMPANY_IDENTIFIED,수집시점 공개 채용활동 확인. 공고 수는 모집인원·노동수요가 아니다. 모집인원은 목록 미제공·상세 수집 비허용으로 미확보(NULL).,http://www.work.go.kr/empInfo/empInfoSrch/detail/empDetailAuthView.do?callPage=detail&wantedAuthNo=K131132608240005
기계,2026Q2,우선점검,S4,기계,（주）정일테크,정일테크,(주)정일테크,K131132608210052,공작기계 부품 조립 및 보조원,경남 창원시 의창구,의창구,2026-08-21,2026-10-20,,NOT_COLLECTED_ACCESS_POLICY,,NOT_PROVIDED_ON_LIST,관계없음,,시급,10320,10320,29223,금속 절삭기계 제조업,COMPANY_MASTER_EXACT,MATCH,True,경상남도 창원시 의창구 대산면 주남로503번길 26-14,ENRICHED_FROM_FACTORY_REGISTER,POSSIBLE,LEGAL_DONG_MFG_DENSITY_PROXY_UPPER_BOUND,MAPPED,A,False,CONFIRMED_POSTING_COMPANY_IDENTIFIED,수집시점 공개 채용활동 확인. 공고 수는 모집인원·노동수요가 아니다. 모집인원은 목록 미제공·상세 수집 비허용으로 미확보(NULL).,http://www.work.go.kr/empInfo/empInfoSrch/detail/empDetailAuthView.do?callPage=detail&wantedAuthNo=K131132608210052
기계,2026Q2,우선점검,S4,기계,주식회사금정테크,금정테크,주식회사 금정테크,K131132608210049,평면연삭(연마) 기능공,경남 창원시 의창구,의창구,2026-08-21,2026-10-20,,NOT_COLLECTED_ACCESS_POLICY,,NOT_PROVIDED_ON_LIST,경력,36.0,월급,3500000,3500000,25924,절삭가공 및 유사처리업,COMPANY_MASTER_EXACT,MATCH,True,경상남도 창원시 의창구 북면 동전산단동로 58,ENRICHED_FROM_FACTORY_REGISTER,POSSIBLE,LEGAL_DONG_MFG_DENSITY_PROXY_UPPER_BOUND,MAPPED,C,False,CONFIRMED_POSTING_COMPANY_IDENTIFIED,수집시점 공개 채용활동 확인. 공고 수는 모집인원·노동수요가 아니다. 모집인원은 목록 미제공·상세 수집 비허용으로 미확보(NULL).,http://www.work.go.kr/empInfo/empInfoSrch/detail/empDetailAuthView.do?callPage=detail&wantedAuthNo=K131132608210049
기계,2026Q2,우선점검,S4,기계,SSENG,SSENG,SS ENG,K131132608210041,CNC 선반원(경력) 모집,경남 창원시 성산구,성산구,2026-08-21,2026-09-25,,NOT_COLLECTED_ACCESS_POLICY,,NOT_PROVIDED_ON_LIST,경력,60.0,월급,4500000,4500000,25924,절삭가공 및 유사처리업,COMPANY_MASTER_EXACT,MATCH,True,경상남도 창원시 성산구 공단로166번길 27-29 (신촌동),ENRICHED_FROM_FACTORY_REGISTER,NOT_MATCH,LEGAL_DONG_MFG_DENSITY_PROXY_UPPER_BOUND,MAPPED,C,False,CONFIRMED_POSTING_COMPANY_IDENTIFIED,수집시점 공개 채용활동 확인. 공고 수는 모집인원·노동수요가 아니다. 모집인원은 목록 미제공·상세 수집 비허용으로 미확보(NULL).,http://www.work.go.kr/empInfo/empInfoSrch/detail/empDetailAuthView.do?callPage=detail&wantedAuthNo=K131132608210041
기계,2026Q2,우선점검,S4,기계,주식회사 신화엠티,신화엠티,(주)신화엠티,K131132608210012,CNC선반 생산직 모집,경남 창원시 의창구,의창구,2026-08-21,2026-10-20,,NOT_COLLECTED_ACCESS_POLICY,,NOT_PROVIDED_ON_LIST,관계없음,,시급,11000,11000,25924,절삭가공 및 유사처리업,COMPANY_MASTER_EXACT,MATCH,True,경상남도 창원시 의창구 팔용로345번길 31 (팔용동),ENRICHED_FROM_FACTORY_REGISTER,NOT_MATCH,LEGAL_DONG_MFG_DENSITY_PROXY_UPPER_BOUND,MAPPED,C,False,CONFIRMED_POSTING_COMPANY_IDENTIFIED,수집시점 공개 채용활동 확인. 공고 수는 모집인원·노동수요가 아니다. 모집인원은 목록 미제공·상세 수집 비허용으로 미확보(NULL).,http://www.work.go.kr/empInfo/empInfoSrch/detail/empDetailAuthView.do?callPage=detail&wantedAuthNo=K131132608210012
기계,2026Q2,우선점검,S4,기계,삼성다이나에이치백 (주),삼성다이나에이치백,삼성다이나에이치백(주),K131132608210008,삼성다이나에이치백(주) 경영지원부 경력직(과장급) 채용 공고,경남 창원시 성산구,성산구,2026-08-21,2026-10-20,,NOT_COLLECTED_ACCESS_POLICY,,NOT_PROVIDED_ON_LIST,경력,24.0,월급,3000000,3900000,,공기 조화장치 제조업,COMPANY_MASTER_EXACT,MATCH,True,"경상남도 창원시 성산구 공단로 535 (성산동, 동환산업(주))",ENRICHED_FROM_FACTORY_REGISTER,NOT_MATCH,LEGAL_DONG_MFG_DENSITY_PROXY_UPPER_BOUND,MAPPED,A,False,CONFIRMED_POSTING_COMPANY_IDENTIFIED,수집시점 공개 채용활동 확인. 공고 수는 모집인원·노동수요가 아니다. 모집인원은 목록 미제공·상세 수집 비허용으로 미확보(NULL).,http://www.work.go.kr/empInfo/empInfoSrch/detail/empDetailAuthView.do?callPage=detail&wantedAuthNo=K131132608210008
기계,2026Q2,우선점검,S4,기계,（주）세복,세복,(주)세복,K131132608200045,세복 - 품질관리직 정규직 채용,경남 창원시 성산구,성산구,2026-08-20,2026-09-30,,NOT_COLLECTED_ACCESS_POLICY,,NOT_PROVIDED_ON_LIST,경력,60.0,연봉,45000000,45000000,,공기 조화장치 제조업,COMPANY_MASTER_EXACT,MATCH,True,"경상남도 창원시 성산구 웅남로 786 (성주동, (주)세복)",ENRICHED_FROM_FACTORY_REGISTER,NOT_MATCH,LEGAL_DONG_MFG_DENSITY_PROXY_UPPER_BOUND,MAPPED,A,False,CONFIRMED_POSTING_COMPANY_IDENTIFIED,수집시점 공개 채용활동 확인. 공고 수는 모집인원·노동수요가 아니다. 모집인원은 목록 미제공·상세 수집 비허용으로 미확보(NULL).,http://www.work.go.kr/empInfo/empInfoSrch/detail/empDetailAuthView.do?callPage=detail&wantedAuthNo=K131132608200045
기계,2026Q2,우선점검,S4,기계,HSG중공업（주）,HSG중공업,HSG중공업(주),K131132608200044,HSG중공업[창원공장] 자재관리 정규직 채용 공고,경남 창원시 성산구,성산구,2026-08-20,2026-10-19,,NOT_COLLECTED_ACCESS_POLICY,,NOT_PROVIDED_ON_LIST,신입,0.0,연봉,39000000,39000000,25113,육상 금속 골조 구조재 제조업,COMPANY_MASTER_EXACT,MATCH,True,"경상남도 창원시 성산구 공단로 160-1(신촌동, HSG중공업(주))",ENRICHED_FROM_FACTORY_REGISTER,NOT_MATCH,LEGAL_DONG_MFG_DENSITY_PROXY_UPPER_BOUND,MAPPED,C,False,CONFIRMED_POSTING_COMPANY_IDENTIFIED,수집시점 공개 채용활동 확인. 공고 수는 모집인원·노동수요가 아니다. 모집인원은 목록 미제공·상세 수집 비허용으로 미확보(NULL).,http://www.work.go.kr/empInfo/empInfoSrch/detail/empDetailAuthView.do?callPage=detail&wantedAuthNo=K131132608200044
기계,2026Q2,우선점검,S4,기계,세원기계,세원기계,세원기계,K131132608200041,CNC선반 조작원,경남 창원시 성산구,성산구,2026-08-20,2026-10-19,,NOT_COLLECTED_ACCESS_POLICY,,NOT_PROVIDED_ON_LIST,관계없음,,시급,10320,10320,25924,절삭가공 및 유사처리업,COMPANY_MASTER_EXACT,MATCH,True,"경상남도 창원시 성산구 연덕로15번길 49 (웅남동, 세원기계)",ENRICHED_FROM_FACTORY_REGISTER,NOT_MATCH,LEGAL_DONG_MFG_DENSITY_PROXY_UPPER_BOUND,MAPPED,C,False,CONFIRMED_POSTING_COMPANY_IDENTIFIED,수집시점 공개 채용활동 확인. 공고 수는 모집인원·노동수요가 아니다. 모집인원은 목록 미제공·상세 수집 비허용으로 미확보(NULL).,http://www.work.go.kr/empInfo/empInfoSrch/detail/empDetailAuthView.do?callPage=detail&wantedAuthNo=K131132608200041
기계,2026Q2,우선점검,S4,기계,(주)현진코리아,현진코리아,(주)현진코리아,KF10532608200001,베어링 외관 검사자 모집,경남 창원시 의창구,의창구,2026-08-20,2026-10-19,,NOT_COLLECTED_ACCESS_POLICY,,NOT_PROVIDED_ON_LIST,경력,12.0,시급,10320,10320,29141,구름베어링 제조업,COMPANY_MASTER_EXACT,MATCH,True,경상남도 창원시 의창구 대산면 가술산단로 58,ENRICHED_FROM_FACTORY_REGISTER,POSSIBLE,LEGAL_DONG_MFG_DENSITY_PROXY_UPPER_BOUND,MAPPED,A,False,CONFIRMED_POSTING_COMPANY_IDENTIFIED,수집시점 공개 채용활동 확인. 공고 수는 모집인원·노동수요가 아니다. 모집인원은 목록 미제공·상세 수집 비허용으로 미확보(NULL).,http://www.work.go.kr/empInfo/empInfoSrch/detail/empDetailAuthView.do?callPage=detail&wantedAuthNo=KF10532608200001
기계,2026Q2,우선점검,S4,기계,(주)케이알텍,케이알텍,(주)케이알텍,K131132608200012,용접사 직원채용(제관 및 용접-방산품 경력자 우대),경남 창원시 성산구,성산구,2026-08-20,2026-10-19,,NOT_COLLECTED_ACCESS_POLICY,,NOT_PROVIDED_ON_LIST,경력,36.0,시급,11000,18000,25999,그 외 기타 분류 안된 금속 가공 제품 제조업,COMPANY_MASTER_EXACT,MATCH,True,,NOT_COLLECTED_ACCESS_POLICY,UNKNOWN,NO_RELIABLE_ADDRESS,MAPPED,C,False,CONFIRMED_POSTING_COMPANY_IDENTIFIED,수집시점 공개 채용활동 확인. 공고 수는 모집인원·노동수요가 아니다. 모집인원은 목록 미제공·상세 수집 비허용으로 미확보(NULL).,http://www.work.go.kr/empInfo/empInfoSrch/detail/empDetailAuthView.do?callPage=detail&wantedAuthNo=K131132608200012
기계,2026Q2,우선점검,S4,기계,(주)에스제이케이,에스제이케이,(주)에스제이케이,K131132608190060,"자동선반, CNC선반 생산직 모집",경남 창원시 의창구,의창구,2026-08-19,2026-10-18,,NOT_COLLECTED_ACCESS_POLICY,,NOT_PROVIDED_ON_LIST,경력,12.0,시급,10320,10320,29141,구름베어링 제조업,COMPANY_MASTER_EXACT,MATCH,True,경상남도 창원시 의창구 대산면 가술산단로 58,ENRICHED_FROM_FACTORY_REGISTER,POSSIBLE,LEGAL_DONG_MFG_DENSITY_PROXY_UPPER_BOUND,MAPPED,A,False,CONFIRMED_POSTING_COMPANY_IDENTIFIED,수집시점 공개 채용활동 확인. 공고 수는 모집인원·노동수요가 아니다. 모집인원은 목록 미제공·상세 수집 비허용으로 미확보(NULL).,http://www.work.go.kr/empInfo/empInfoSrch/detail/empDetailAuthView.do?callPage=detail&wantedAuthNo=K131132608190060
기계,2026Q2,우선점검,S4,기계,주식회사효림산업,효림산업,(주)효림산업,K131132608190057,제조업 선박도장원 생산보조 신입 및 경력 모집,경남 창원시 성산구,성산구,2026-08-19,2026-10-18,,NOT_COLLECTED_ACCESS_POLICY,,NOT_PROVIDED_ON_LIST,관계없음,,시급,10320,10320,25921,금속 열처리업,COMPANY_MASTER_EXACT,MATCH,True,경상남도 창원시 성산구 연덕로27번길 53 (웅남동),ENRICHED_FROM_FACTORY_REGISTER,NOT_MATCH,LEGAL_DONG_MFG_DENSITY_PROXY_UPPER_BOUND,MAPPED,C,False,CONFIRMED_POSTING_COMPANY_IDENTIFIED,수집시점 공개 채용활동 확인. 공고 수는 모집인원·노동수요가 아니다. 모집인원은 목록 미제공·상세 수집 비허용으로 미확보(NULL).,http://www.work.go.kr/empInfo/empInfoSrch/detail/empDetailAuthView.do?callPage=detail&wantedAuthNo=K131132608190057
목재종이,2026Q2,우선점검,S4,목재종이,주식회사 태광수출포장,태광수출포장,(주)태광수출포장,K131132608190054,"수출용 포장 목상자 제작, 포장 생산직 모집",경남 창원시 의창구,의창구,2026-08-19,2026-10-18,,NOT_COLLECTED_ACCESS_POLICY,,NOT_PROVIDED_ON_LIST,경력,24.0,시급,12000,12000,16232,"목재 포장용 상자, 드럼 및 유사용기 제조업",COMPANY_MASTER_EXACT,MATCH,True,경상남도 창원시 의창구 대산면 가술산단로 31,ENRICHED_FROM_FACTORY_REGISTER,POSSIBLE,LEGAL_DONG_MFG_DENSITY_PROXY_UPPER_BOUND,MAPPED,A,False,CONFIRMED_POSTING_COMPANY_IDENTIFIED,수집시점 공개 채용활동 확인. 공고 수는 모집인원·노동수요가 아니다. 모집인원은 목록 미제공·상세 수집 비허용으로 미확보(NULL).,http://www.work.go.kr/empInfo/empInfoSrch/detail/empDetailAuthView.do?callPage=detail&wantedAuthNo=K131132608190054
목재종이,2026Q2,우선점검,S4,목재종이,주식회사 태광수출포장,태광수출포장,(주)태광수출포장,K131132608190052,제조업 사무직 관리업무,경남 창원시 의창구,의창구,2026-08-19,2026-10-18,,NOT_COLLECTED_ACCESS_POLICY,,NOT_PROVIDED_ON_LIST,경력,12.0,월급,2300000,2300000,16232,"목재 포장용 상자, 드럼 및 유사용기 제조업",COMPANY_MASTER_EXACT,MATCH,True,경상남도 창원시 의창구 대산면 가술산단로 31,ENRICHED_FROM_FACTORY_REGISTER,POSSIBLE,LEGAL_DONG_MFG_DENSITY_PROXY_UPPER_BOUND,MAPPED,A,False,CONFIRMED_POSTING_COMPANY_IDENTIFIED,수집시점 공개 채용활동 확인. 공고 수는 모집인원·노동수요가 아니다. 모집인원은 목록 미제공·상세 수집 비허용으로 미확보(NULL).,http://www.work.go.kr/empInfo/empInfoSrch/detail/empDetailAuthView.do?callPage=detail&wantedAuthNo=K131132608190052
기계,2026Q2,우선점검,S4,기계,정일기업,정일기업,정일기업,K131132608190051,품질관리원 모집,경남 창원시 성산구,성산구,2026-08-19,2026-10-18,,NOT_COLLECTED_ACCESS_POLICY,,NOT_PROVIDED_ON_LIST,경력,24.0,월급,2500000,3000000,25924,절삭가공 및 유사처리업,COMPANY_MASTER_EXACT,MATCH,True,"경상남도 창원시 성산구 반월로 59 (신촌동, 정일기업)",ENRICHED_FROM_FACTORY_REGISTER,NOT_MATCH,LEGAL_DONG_MFG_DENSITY_PROXY_UPPER_BOUND,MAPPED,C,False,CONFIRMED_POSTING_COMPANY_IDENTIFIED,수집시점 공개 채용활동 확인. 공고 수는 모집인원·노동수요가 아니다. 모집인원은 목록 미제공·상세 수집 비허용으로 미확보(NULL).,http://www.work.go.kr/empInfo/empInfoSrch/detail/empDetailAuthView.do?callPage=detail&wantedAuthNo=K131132608190051
기계,2026Q2,우선점검,S4,기계,(주)케이알텍,케이알텍,(주)케이알텍,K131132608190035,자재관리 직원채용(방산업체 유경험자 우대),경남 창원시 성산구,성산구,2026-08-19,2026-10-18,,NOT_COLLECTED_ACCESS_POLICY,,NOT_PROVIDED_ON_LIST,경력,36.0,연봉,36000000,36000000,25999,그 외 기타 분류 안된 금속 가공 제품 제조업,COMPANY_MASTER_EXACT,MATCH,True,,NOT_COLLECTED_ACCESS_POLICY,UNKNOWN,NO_RELIABLE_ADDRESS,MAPPED,C,False,CONFIRMED_POSTING_COMPANY_IDENTIFIED,수집시점 공개 채용활동 확인. 공고 수는 모집인원·노동수요가 아니다. 모집인원은 목록 미제공·상세 수집 비허용으로 미확보(NULL).,http://www.work.go.kr/empInfo/empInfoSrch/detail/empDetailAuthView.do?callPage=detail&wantedAuthNo=K131132608190035
기계,2026Q2,우선점검,S4,기계,（주）정일테크,정일테크,(주)정일테크,K131132608190023,공작기계 자재·구매 관리,경남 창원시 의창구,의창구,2026-08-19,2026-10-18,,NOT_COLLECTED_ACCESS_POLICY,,NOT_PROVIDED_ON_LIST,경력,24.0,월급,3000000,3500000,29223,금속 절삭기계 제조업,COMPANY_MASTER_EXACT,MATCH,True,경상남도 창원시 의창구 대산면 주남로503번길 26-14,ENRICHED_FROM_FACTORY_REGISTER,POSSIBLE,LEGAL_DONG_MFG_DENSITY_PROXY_UPPER_BOUND,MAPPED,A,False,CONFIRMED_POSTING_COMPANY_IDENTIFIED,수집시점 공개 채용활동 확인. 공고 수는 모집인원·노동수요가 아니다. 모집인원은 목록 미제공·상세 수집 비허용으로 미확보(NULL).,http://www.work.go.kr/empInfo/empInfoSrch/detail/empDetailAuthView.do?callPage=detail&wantedAuthNo=K131132608190023
기계,2026Q2,우선점검,S4,기계,삼우금속공업（주）,삼우금속공업,삼우금속공업(주),K131132608190012,설비유지 관리 및 보수 인원 구인,경남 창원시 성산구,성산구,2026-08-19,2026-10-18,,NOT_COLLECTED_ACCESS_POLICY,,NOT_PROVIDED_ON_LIST,관계없음,,시급,10320,10320,25922,도금업,COMPANY_MASTER_EXACT,MATCH,True,"경상남도 창원시 성산구 성주로 53 (남산동, 삼우금속공업(주))",ENRICHED_FROM_FACTORY_REGISTER,NOT_MATCH,LEGAL_DONG_MFG_DENSITY_PROXY_UPPER_BOUND,MAPPED,C,False,CONFIRMED_POSTING_COMPANY_IDENTIFIED,수집시점 공개 채용활동 확인. 공고 수는 모집인원·노동수요가 아니다. 모집인원은 목록 미제공·상세 수집 비허용으로 미확보(NULL).,http://www.work.go.kr/empInfo/empInfoSrch/detail/empDetailAuthView.do?callPage=detail&wantedAuthNo=K131132608190012
기계,2026Q2,우선점검,S4,기계,성진테크,성진테크,(주)성진테크,K131132608180102,자동차(독일/벤츠) 차량부품 생산업체로  경력 및 견습공  을  모집 합니다. (청년일자리도약 가능),경남 창원시 성산구,성산구,2026-08-18,2026-10-17,,NOT_COLLECTED_ACCESS_POLICY,,NOT_PROVIDED_ON_LIST,관계없음,,시급,10320,12000,29293,주형 및 금형 제조업,COMPANY_MASTER_EXACT,MATCH,True,,NOT_COLLECTED_ACCESS_POLICY,UNKNOWN,NO_RELIABLE_ADDRESS,MAPPED,A,False,CONFIRMED_POSTING_COMPANY_IDENTIFIED,수집시점 공개 채용활동 확인. 공고 수는 모집인원·노동수요가 아니다. 모집인원은 목록 미제공·상세 수집 비허용으로 미확보(NULL).,http://www.work.go.kr/empInfo/empInfoSrch/detail/empDetailAuthView.do?callPage=detail&wantedAuthNo=K131132608180102
기계,2026Q2,우선점검,S4,기계,금창테크,금창테크,금창테크,K131132608180098,MCT 조작원 채용,경남 창원시 의창구,의창구,2026-08-18,2026-10-17,,NOT_COLLECTED_ACCESS_POLICY,,NOT_PROVIDED_ON_LIST,경력,36.0,연봉,36000000,40000000,25924,절삭가공 및 유사처리업,COMPANY_MASTER_EXACT,MATCH,True,,NOT_COLLECTED_ACCESS_POLICY,UNKNOWN,NO_RELIABLE_ADDRESS,MAPPED,C,False,CONFIRMED_POSTING_COMPANY_IDENTIFIED,수집시점 공개 채용활동 확인. 공고 수는 모집인원·노동수요가 아니다. 모집인원은 목록 미제공·상세 수집 비허용으로 미확보(NULL).,http://www.work.go.kr/empInfo/empInfoSrch/detail/empDetailAuthView.do?callPage=detail&wantedAuthNo=K131132608180098
기계,2026Q2,우선점검,S4,기계,(주)진승테크,진승테크,진승테크,K131132608180067,HD현대 마린엔진(내) 설비보전 및 시설관리 업무,경남 창원시 성산구,성산구,2026-08-18,2026-10-17,,NOT_COLLECTED_ACCESS_POLICY,,NOT_PROVIDED_ON_LIST,경력,36.0,연봉,35000000,50000000,29210,농업 및 임업용 기계 제조업,COMPANY_MASTER_EXACT,MATCH,True,"경상남도 창원시 성산구 완암로 3 (웅남동, 한국산업단지공단 창원제4아파트형공장) 2동 1층 2호",ENRICHED_FROM_FACTORY_REGISTER,NOT_MATCH,LEGAL_DONG_MFG_DENSITY_PROXY_UPPER_BOUND,MAPPED,A,False,CONFIRMED_POSTING_COMPANY_IDENTIFIED,수집시점 공개 채용활동 확인. 공고 수는 모집인원·노동수요가 아니다. 모집인원은 목록 미제공·상세 수집 비허용으로 미확보(NULL).,http://www.work.go.kr/empInfo/empInfoSrch/detail/empDetailAuthView.do?callPage=detail&wantedAuthNo=K131132608180067
기계,2026Q2,우선점검,S4,기계,주식회사 유한이엔에스,유한이엔에스,(주)유한이엔에스,K131132608180047,기술연구소 경력 및 신입 인력 채용,경남 창원시 성산구,성산구,2026-08-18,2026-10-17,,NOT_COLLECTED_ACCESS_POLICY,,NOT_PROVIDED_ON_LIST,관계없음,,연봉,30000000,40000000,29142,기어 및 동력전달장치 제조업,COMPANY_MASTER_EXACT,MATCH,True,"경상남도 창원시 성산구 완암로 50, 테크동 4층 408 (성산동, SK테크노파크) 테크동 4층 408호 외 1필지",ENRICHED_FROM_FACTORY_REGISTER,NOT_MATCH,LEGAL_DONG_MFG_DENSITY_PROXY_UPPER_BOUND,MAPPED,A,False,CONFIRMED_POSTING_COMPANY_IDENTIFIED,수집시점 공개 채용활동 확인. 공고 수는 모집인원·노동수요가 아니다. 모집인원은 목록 미제공·상세 수집 비허용으로 미확보(NULL).,http://www.work.go.kr/empInfo/empInfoSrch/detail/empDetailAuthView.do?callPage=detail&wantedAuthNo=K131132608180047
기계,2026Q2,우선점검,S4,기계,주식회사 유한이엔에스,유한이엔에스,(주)유한이엔에스,K131132608180046,품질 생산팀 경력 및 신입 인원 충원,경남 창원시 성산구,성산구,2026-08-18,2026-10-17,,NOT_COLLECTED_ACCESS_POLICY,,NOT_PROVIDED_ON_LIST,관계없음,,연봉,30000000,40000000,29142,기어 및 동력전달장치 제조업,COMPANY_MASTER_EXACT,MATCH,True,"경상남도 창원시 성산구 완암로 50, 테크동 4층 408 (성산동, SK테크노파크) 테크동 4층 408호 외 1필지",ENRICHED_FROM_FACTORY_REGISTER,NOT_MATCH,LEGAL_DONG_MFG_DENSITY_PROXY_UPPER_BOUND,MAPPED,A,False,CONFIRMED_POSTING_COMPANY_IDENTIFIED,수집시점 공개 채용활동 확인. 공고 수는 모집인원·노동수요가 아니다. 모집인원은 목록 미제공·상세 수집 비허용으로 미확보(NULL).,http://www.work.go.kr/empInfo/empInfoSrch/detail/empDetailAuthView.do?callPage=detail&wantedAuthNo=K131132608180046
기계,2026Q2,우선점검,S4,기계,신흥연삭,신흥연삭,신흥연삭,K131132608180021,연삭기 및 프로파일  작업자 구함,경남 창원시 의창구,의창구,2026-08-18,2026-10-17,,NOT_COLLECTED_ACCESS_POLICY,,NOT_PROVIDED_ON_LIST,경력,12.0,연봉,40000000,70000000,29293,주형 및 금형 제조업,COMPANY_MASTER_EXACT,MATCH,True,,NOT_COLLECTED_ACCESS_POLICY,UNKNOWN,NO_RELIABLE_ADDRESS,MAPPED,A,False,CONFIRMED_POSTING_COMPANY_IDENTIFIED,수집시점 공개 채용활동 확인. 공고 수는 모집인원·노동수요가 아니다. 모집인원은 목록 미제공·상세 수집 비허용으로 미확보(NULL).,http://www.work.go.kr/empInfo/empInfoSrch/detail/empDetailAuthView.do?callPage=detail&wantedAuthNo=K131132608180021
기계,2026Q2,우선점검,S4,기계,강진산업주식회사,강진산업,강진산업(주),K131132608140050,생산직 사원 모집,경남 창원시 성산구,성산구,2026-08-14,2026-10-13,,NOT_COLLECTED_ACCESS_POLICY,,NOT_PROVIDED_ON_LIST,관계없음,,월급,2800000,3300000,25924,절삭가공 및 유사처리업,COMPANY_MASTER_EXACT,MATCH,True,"경상남도 창원시 성산구 공단로271번길 11 (웅남동, 진흥기계(주))",ENRICHED_FROM_FACTORY_REGISTER,NOT_MATCH,LEGAL_DONG_MFG_DENSITY_PROXY_UPPER_BOUND,MAPPED,C,False,CONFIRMED_POSTING_COMPANY_IDENTIFIED,수집시점 공개 채용활동 확인. 공고 수는 모집인원·노동수요가 아니다. 모집인원은 목록 미제공·상세 수집 비허용으로 미확보(NULL).,http://www.work.go.kr/empInfo/empInfoSrch/detail/empDetailAuthView.do?callPage=detail&wantedAuthNo=K131132608140050
기계,2026Q2,우선점검,S4,기계,주식회사 플라즈마홀딩스,플라즈마홀딩스,(주)플라즈마홀딩스,K131132608140007,"일반기계기사, 건설기계기사, 기계설계기사, 화공기사, 공업화학기사, 토목기사  모집합니다.",경남 창원시 성산구,성산구,2026-08-14,2026-10-12,,NOT_COLLECTED_ACCESS_POLICY,,NOT_PROVIDED_ON_LIST,관계없음,,연봉,30000000,30000000,29176,액체 여과기 제조업,COMPANY_MASTER_EXACT,MATCH,True,,NOT_COLLECTED_ACCESS_POLICY,UNKNOWN,NO_RELIABLE_ADDRESS,MAPPED,A,False,CONFIRMED_POSTING_COMPANY_IDENTIFIED,수집시점 공개 채용활동 확인. 공고 수는 모집인원·노동수요가 아니다. 모집인원은 목록 미제공·상세 수집 비허용으로 미확보(NULL).,http://www.work.go.kr/empInfo/empInfoSrch/detail/empDetailAuthView.do?callPage=detail&wantedAuthNo=K131132608140007
기계,2026Q2,우선점검,S4,기계,우진,우진,우진,K131132608140005,프레스 오퍼레이터 모집,경남 창원시 의창구,의창구,2026-08-14,2026-10-12,,NOT_COLLECTED_ACCESS_POLICY,,NOT_PROVIDED_ON_LIST,관계없음,,시급,10320,10320,25992,수동식 식품 가공기기 및 금속 주방용기 제조업,COMPANY_MASTER_EXACT,MATCH,True,경상남도 창원시 마산합포구 진북면 학동로 35-32,ENRICHED_FROM_FACTORY_REGISTER,POSSIBLE,LEGAL_DONG_MFG_DENSITY_PROXY_UPPER_BOUND,MAPPED,C,False,CONFIRMED_POSTING_COMPANY_IDENTIFIED,수집시점 공개 채용활동 확인. 공고 수는 모집인원·노동수요가 아니다. 모집인원은 목록 미제공·상세 수집 비허용으로 미확보(NULL).,http://www.work.go.kr/empInfo/empInfoSrch/detail/empDetailAuthView.do?callPage=detail&wantedAuthNo=K131132608140005
기계,2026Q2,우선점검,S4,기계,에이피엠글로벌 주식회사,에이피엠글로벌,에이피엠글로벌(주),K131132608130058,관리직 모집(신입/경력),경남 창원시 성산구,성산구,2026-08-13,2026-10-12,,NOT_COLLECTED_ACCESS_POLICY,,NOT_PROVIDED_ON_LIST,관계없음,,연봉,35510000,35510000,25924,절삭가공 및 유사처리업,COMPANY_MASTER_EXACT,MATCH,True,"경상남도 창원시 성산구 남면로 121 (대원동, 에이피엠글로벌주식회사)",ENRICHED_FROM_FACTORY_REGISTER,NOT_MATCH,LEGAL_DONG_MFG_DENSITY_PROXY_UPPER_BOUND,MAPPED,C,False,CONFIRMED_POSTING_COMPANY_IDENTIFIED,수집시점 공개 채용활동 확인. 공고 수는 모집인원·노동수요가 아니다. 모집인원은 목록 미제공·상세 수집 비허용으로 미확보(NULL).,http://www.work.go.kr/empInfo/empInfoSrch/detail/empDetailAuthView.do?callPage=detail&wantedAuthNo=K131132608130058
기계,2026Q2,우선점검,S4,기계,(주)효림HF(HiForging),효림HFHIFORGING,(주)효림 H.F,K131132608130038,효림HF 설비보전팀 공무전기담당 채용,경남 창원시 성산구,성산구,2026-08-13,2026-10-12,,NOT_COLLECTED_ACCESS_POLICY,,NOT_PROVIDED_ON_LIST,경력,24.0,연봉,40000000,40000000,25912,금속 단조제품 제조업,COMPANY_MASTER_EXACT,MATCH,True,경상남도 창원시 성산구 성산패총로 86 (성산동),ENRICHED_FROM_FACTORY_REGISTER,NOT_MATCH,LEGAL_DONG_MFG_DENSITY_PROXY_UPPER_BOUND,MAPPED,C,False,CONFIRMED_POSTING_COMPANY_IDENTIFIED,수집시점 공개 채용활동 확인. 공고 수는 모집인원·노동수요가 아니다. 모집인원은 목록 미제공·상세 수집 비허용으로 미확보(NULL).,http://www.work.go.kr/empInfo/empInfoSrch/detail/empDetailAuthView.do?callPage=detail&wantedAuthNo=K131132608130038
기계,2026Q2,우선점검,S4,기계,진영티비엑스주식회사,진영티비엑스,진영티비엑스(주),KF10532608130005,"(내동)사상, 포장원 모집",경남 창원시 성산구,성산구,2026-08-13,2026-10-12,,NOT_COLLECTED_ACCESS_POLICY,,NOT_PROVIDED_ON_LIST,관계없음,,시급,10320,10320,29119,기타 기관 및 터빈 제조업,COMPANY_MASTER_EXACT,MATCH,True,"경상남도 창원시 성산구 남면로 501 (내동, 진영티비엑스주식회사) (총 2 필지) 외 1필지",ENRICHED_FROM_FACTORY_REGISTER,NOT_MATCH,LEGAL_DONG_MFG_DENSITY_PROXY_UPPER_BOUND,MAPPED,A,False,CONFIRMED_POSTING_COMPANY_IDENTIFIED,수집시점 공개 채용활동 확인. 공고 수는 모집인원·노동수요가 아니다. 모집인원은 목록 미제공·상세 수집 비허용으로 미확보(NULL).,http://www.work.go.kr/empInfo/empInfoSrch/detail/empDetailAuthView.do?callPage=detail&wantedAuthNo=KF10532608130005
기계,2026Q2,우선점검,S4,기계,진영티비엑스주식회사,진영티비엑스,진영티비엑스(주),K131132608130011,2026 MCT 가공 엔지니어 모집,경남 창원시 성산구,성산구,2026-08-13,2026-10-12,,NOT_COLLECTED_ACCESS_POLICY,,NOT_PROVIDED_ON_LIST,관계없음,,시급,10320,15000,29119,기타 기관 및 터빈 제조업,COMPANY_MASTER_EXACT,MATCH,True,"경상남도 창원시 성산구 남면로 501 (내동, 진영티비엑스주식회사) (총 2 필지) 외 1필지",ENRICHED_FROM_FACTORY_REGISTER,NOT_MATCH,LEGAL_DONG_MFG_DENSITY_PROXY_UPPER_BOUND,MAPPED,A,False,CONFIRMED_POSTING_COMPANY_IDENTIFIED,수집시점 공개 채용활동 확인. 공고 수는 모집인원·노동수요가 아니다. 모집인원은 목록 미제공·상세 수집 비허용으로 미확보(NULL).,http://www.work.go.kr/empInfo/empInfoSrch/detail/empDetailAuthView.do?callPage=detail&wantedAuthNo=K131132608130011
기계,2026Q2,우선점검,S4,기계,제이테크(JTech),제이테크JTECH,(주)제이테크,K131132608120068,CNC 자동선반 / 연삭기 조작원  모집,경남 창원시 성산구,성산구,2026-08-12,2026-10-11,,NOT_COLLECTED_ACCESS_POLICY,,NOT_PROVIDED_ON_LIST,관계없음,,시급,10600,13000,25922,도금업,COMPANY_MASTER_EXACT,MATCH,True,,NOT_COLLECTED_ACCESS_POLICY,UNKNOWN,NO_RELIABLE_ADDRESS,MAPPED,C,False,CONFIRMED_POSTING_COMPANY_IDENTIFIED,수집시점 공개 채용활동 확인. 공고 수는 모집인원·노동수요가 아니다. 모집인원은 목록 미제공·상세 수집 비허용으로 미확보(NULL).,http://www.work.go.kr/empInfo/empInfoSrch/detail/empDetailAuthView.do?callPage=detail&wantedAuthNo=K131132608120068
기계,2026Q2,우선점검,S4,기계,주식회사성오테크,성오테크,주식회사 성오테크,K131132608120065,생산관리부 책임자 구인,경남 창원시 성산구,성산구,2026-08-12,2026-10-11,,NOT_COLLECTED_ACCESS_POLICY,,NOT_PROVIDED_ON_LIST,경력,36.0,연봉,45000000,45000000,29223,금속 절삭기계 제조업,COMPANY_MASTER_EXACT,MATCH,True,경상남도 창원시 성산구 공단로 228-6(웅남동),ENRICHED_FROM_FACTORY_REGISTER,NOT_MATCH,LEGAL_DONG_MFG_DENSITY_PROXY_UPPER_BOUND,MAPPED,A,False,CONFIRMED_POSTING_COMPANY_IDENTIFIED,수집시점 공개 채용활동 확인. 공고 수는 모집인원·노동수요가 아니다. 모집인원은 목록 미제공·상세 수집 비허용으로 미확보(NULL).,http://www.work.go.kr/empInfo/empInfoSrch/detail/empDetailAuthView.do?callPage=detail&wantedAuthNo=K131132608120065
기계,2026Q2,우선점검,S4,기계,(주)화신정밀,화신정밀,(주)화신정밀,K131132608120056,전산관리 사무원,경남 창원시 성산구,성산구,2026-08-12,2026-10-11,,NOT_COLLECTED_ACCESS_POLICY,,NOT_PROVIDED_ON_LIST,신입,0.0,연봉,25880000,25880000,29223,금속 절삭기계 제조업,COMPANY_MASTER_EXACT,MATCH,True,,NOT_COLLECTED_ACCESS_POLICY,UNKNOWN,NO_RELIABLE_ADDRESS,MAPPED,A,False,CONFIRMED_POSTING_COMPANY_IDENTIFIED,수집시점 공개 채용활동 확인. 공고 수는 모집인원·노동수요가 아니다. 모집인원은 목록 미제공·상세 수집 비허용으로 미확보(NULL).,http://www.work.go.kr/empInfo/empInfoSrch/detail/empDetailAuthView.do?callPage=detail&wantedAuthNo=K131132608120056
기계,2026Q2,우선점검,S4,기계,(주)화신정밀,화신정밀,(주)화신정밀,K131132608120054,생산관리부 책임자 구인,경남 창원시 성산구,성산구,2026-08-12,2026-10-11,,NOT_COLLECTED_ACCESS_POLICY,,NOT_PROVIDED_ON_LIST,경력,36.0,연봉,45000000,45000000,29223,금속 절삭기계 제조업,COMPANY_MASTER_EXACT,MATCH,True,,NOT_COLLECTED_ACCESS_POLICY,UNKNOWN,NO_RELIABLE_ADDRESS,MAPPED,A,False,CONFIRMED_POSTING_COMPANY_IDENTIFIED,수집시점 공개 채용활동 확인. 공고 수는 모집인원·노동수요가 아니다. 모집인원은 목록 미제공·상세 수집 비허용으로 미확보(NULL).,http://www.work.go.kr/empInfo/empInfoSrch/detail/empDetailAuthView.do?callPage=detail&wantedAuthNo=K131132608120054
기계,2026Q2,우선점검,S4,기계,보성정밀,보성정밀,보성정밀,K131132608120038,머시닝센터(MCT) 세팅  (cam 프로그램 가능자)  경력모집,경남 창원시 성산구,성산구,2026-08-12,2026-10-11,,NOT_COLLECTED_ACCESS_POLICY,,NOT_PROVIDED_ON_LIST,경력,48.0,시급,12000,13000,25924,절삭가공 및 유사처리업,COMPANY_MASTER_EXACT,MATCH,True,,NOT_COLLECTED_ACCESS_POLICY,UNKNOWN,NO_RELIABLE_ADDRESS,MAPPED,C,False,CONFIRMED_POSTING_COMPANY_IDENTIFIED,수집시점 공개 채용활동 확인. 공고 수는 모집인원·노동수요가 아니다. 모집인원은 목록 미제공·상세 수집 비허용으로 미확보(NULL).,http://www.work.go.kr/empInfo/empInfoSrch/detail/empDetailAuthView.do?callPage=detail&wantedAuthNo=K131132608120038
기계,2026Q2,우선점검,S4,기계,주식회사한진시스텍,한진시스텍,주식회사 한진시스텍,K131112608120007,품질관리,경남 창원시 의창구,의창구,2026-08-12,2026-10-09,,NOT_COLLECTED_ACCESS_POLICY,,NOT_PROVIDED_ON_LIST,경력,60.0,연봉,32000000,35000000,25113,육상 금속 골조 구조재 제조업,COMPANY_MASTER_EXACT,MATCH,True,경상남도 창원시 마산회원구 봉암공단1길 83 (봉암동),ENRICHED_FROM_FACTORY_REGISTER,NOT_MATCH,LEGAL_DONG_MFG_DENSITY_PROXY_UPPER_BOUND,MAPPED,C,False,CONFIRMED_POSTING_COMPANY_IDENTIFIED,수집시점 공개 채용활동 확인. 공고 수는 모집인원·노동수요가 아니다. 모집인원은 목록 미제공·상세 수집 비허용으로 미확보(NULL).,http://www.work.go.kr/empInfo/empInfoSrch/detail/empDetailAuthView.do?callPage=detail&wantedAuthNo=K131112608120007
기계,2026Q2,우선점검,S4,기계,보성정밀,보성정밀,보성정밀,K131132608100103,사상원 모집합니다.,경남 창원시 성산구,성산구,2026-08-10,2026-10-09,,NOT_COLLECTED_ACCESS_POLICY,,NOT_PROVIDED_ON_LIST,경력,24.0,시급,10320,11000,25924,절삭가공 및 유사처리업,COMPANY_MASTER_EXACT,MATCH,True,,NOT_COLLECTED_ACCESS_POLICY,UNKNOWN,NO_RELIABLE_ADDRESS,MAPPED,C,False,CONFIRMED_POSTING_COMPANY_IDENTIFIED,수집시점 공개 채용활동 확인. 공고 수는 모집인원·노동수요가 아니다. 모집인원은 목록 미제공·상세 수집 비허용으로 미확보(NULL).,http://www.work.go.kr/empInfo/empInfoSrch/detail/empDetailAuthView.do?callPage=detail&wantedAuthNo=K131132608100103
기계,2026Q2,우선점검,S4,기계,삼성다이나에이치백 (주),삼성다이나에이치백,삼성다이나에이치백(주),K131132608100094,삼성다이나에이치백(주) 기술연구소 연구원 및 연구소장 채용,경남 창원시 성산구,성산구,2026-08-10,2026-10-09,,NOT_COLLECTED_ACCESS_POLICY,,NOT_PROVIDED_ON_LIST,관계없음,,월급,2600000,2600000,,공기 조화장치 제조업,COMPANY_MASTER_EXACT,MATCH,True,"경상남도 창원시 성산구 공단로 535 (성산동, 동환산업(주))",ENRICHED_FROM_FACTORY_REGISTER,NOT_MATCH,LEGAL_DONG_MFG_DENSITY_PROXY_UPPER_BOUND,MAPPED,A,False,CONFIRMED_POSTING_COMPANY_IDENTIFIED,수집시점 공개 채용활동 확인. 공고 수는 모집인원·노동수요가 아니다. 모집인원은 목록 미제공·상세 수집 비허용으로 미확보(NULL).,http://www.work.go.kr/empInfo/empInfoSrch/detail/empDetailAuthView.do?callPage=detail&wantedAuthNo=K131132608100094
기계,2026Q2,우선점검,S4,기계,창원기술정공,창원기술정공,창원기술정공,K131132608100061,자재관리 및 구매/납품 운전원(1톤 수동) 계약직 채용합니다.,경남 창원시 성산구,성산구,2026-08-10,2026-10-09,,NOT_COLLECTED_ACCESS_POLICY,,NOT_PROVIDED_ON_LIST,관계없음,,월급,2900000,2900000,29223,금속 절삭기계 제조업,COMPANY_MASTER_EXACT,MATCH,True,"경상남도 창원시 성산구 곰절길9번길 19, 창원기술정공 (성주동)",ENRICHED_FROM_FACTORY_REGISTER,NOT_MATCH,LEGAL_DONG_MFG_DENSITY_PROXY_UPPER_BOUND,MAPPED,A,False,CONFIRMED_POSTING_COMPANY_IDENTIFIED,수집시점 공개 채용활동 확인. 공고 수는 모집인원·노동수요가 아니다. 모집인원은 목록 미제공·상세 수집 비허용으로 미확보(NULL).,http://www.work.go.kr/empInfo/empInfoSrch/detail/empDetailAuthView.do?callPage=detail&wantedAuthNo=K131132608100061
기계,2026Q2,우선점검,S4,기계,창원기술정공,창원기술정공,창원기술정공,K131132608100060,자재관리 및 납품 지원 계약직 채용합니다.,경남 창원시 성산구,성산구,2026-08-10,2026-10-09,,NOT_COLLECTED_ACCESS_POLICY,,NOT_PROVIDED_ON_LIST,관계없음,,월급,2800000,2800000,29223,금속 절삭기계 제조업,COMPANY_MASTER_EXACT,MATCH,True,"경상남도 창원시 성산구 곰절길9번길 19, 창원기술정공 (성주동)",ENRICHED_FROM_FACTORY_REGISTER,NOT_MATCH,LEGAL_DONG_MFG_DENSITY_PROXY_UPPER_BOUND,MAPPED,A,False,CONFIRMED_POSTING_COMPANY_IDENTIFIED,수집시점 공개 채용활동 확인. 공고 수는 모집인원·노동수요가 아니다. 모집인원은 목록 미제공·상세 수집 비허용으로 미확보(NULL).,http://www.work.go.kr/empInfo/empInfoSrch/detail/empDetailAuthView.do?callPage=detail&wantedAuthNo=K131132608100060
기계,2026Q2,우선점검,S4,기계,티지원,티지원,티지원,K131132608070045,MCT경력자모집합니다,경남 창원시 성산구,성산구,2026-08-07,2026-10-06,,NOT_COLLECTED_ACCESS_POLICY,,NOT_PROVIDED_ON_LIST,경력,60.0,연봉,45000000,55000000,29293,주형 및 금형 제조업,COMPANY_MASTER_EXACT,MATCH,True,"경상남도 창원시 성산구 곰절길9번길 26, 대신엔지니어링 (천선동)",ENRICHED_FROM_FACTORY_REGISTER,NOT_MATCH,LEGAL_DONG_MFG_DENSITY_PROXY_UPPER_BOUND,MAPPED,A,False,CONFIRMED_POSTING_COMPANY_IDENTIFIED,수집시점 공개 채용활동 확인. 공고 수는 모집인원·노동수요가 아니다. 모집인원은 목록 미제공·상세 수집 비허용으로 미확보(NULL).,http://www.work.go.kr/empInfo/empInfoSrch/detail/empDetailAuthView.do?callPage=detail&wantedAuthNo=K131132608070045
기계,2026Q2,우선점검,S4,기계,주식회사동경씨에스,동경씨에스,(주)동경씨에스,K131132608070026,실크 스크린 인쇄기사 모집,경남 창원시 성산구,성산구,2026-08-07,2026-10-06,,NOT_COLLECTED_ACCESS_POLICY,,NOT_PROVIDED_ON_LIST,경력,60.0,연봉,40000000,40000000,25913,자동차용 금속 압형제품 제조업,COMPANY_MASTER_EXACT,MATCH,True,경상남도 창원시 성산구 성산패총로38번길 18 (성산동),ENRICHED_FROM_FACTORY_REGISTER,NOT_MATCH,LEGAL_DONG_MFG_DENSITY_PROXY_UPPER_BOUND,MAPPED,C,False,CONFIRMED_POSTING_COMPANY_IDENTIFIED,수집시점 공개 채용활동 확인. 공고 수는 모집인원·노동수요가 아니다. 모집인원은 목록 미제공·상세 수집 비허용으로 미확보(NULL).,http://www.work.go.kr/empInfo/empInfoSrch/detail/empDetailAuthView.do?callPage=detail&wantedAuthNo=K131132608070026
기계,2026Q2,우선점검,S4,기계,(주)동구기업,동구기업,(주)동구기업,K131132608060041,동구기업 프레스 조작원 경력/신입사원 모집,경남 창원시 성산구,성산구,2026-08-06,2026-10-05,,NOT_COLLECTED_ACCESS_POLICY,,NOT_PROVIDED_ON_LIST,관계없음,,시급,10320,11000,29293,주형 및 금형 제조업,COMPANY_MASTER_EXACT,MATCH,True,"경상남도 창원시 성산구 정동로62번길 60 (성주동, (주)동구기업) 외 1필지",ENRICHED_FROM_FACTORY_REGISTER,NOT_MATCH,LEGAL_DONG_MFG_DENSITY_PROXY_UPPER_BOUND,MAPPED,A,False,CONFIRMED_POSTING_COMPANY_IDENTIFIED,수집시점 공개 채용활동 확인. 공고 수는 모집인원·노동수요가 아니다. 모집인원은 목록 미제공·상세 수집 비허용으로 미확보(NULL).,http://www.work.go.kr/empInfo/empInfoSrch/detail/empDetailAuthView.do?callPage=detail&wantedAuthNo=K131132608060041
기계,2026Q2,우선점검,S4,기계,창조산업,창조산업,창조산업,K131132608060024,MCT 가공 경력사원 모집,경남 창원시 성산구,성산구,2026-08-06,2026-10-05,,NOT_COLLECTED_ACCESS_POLICY,,NOT_PROVIDED_ON_LIST,경력,60.0,연봉,36000000,60000000,29293,주형 및 금형 제조업,COMPANY_MASTER_EXACT,MATCH,True,경상남도 창원시 성산구 연덕로27번길 84 (웅남동),ENRICHED_FROM_FACTORY_REGISTER,NOT_MATCH,LEGAL_DONG_MFG_DENSITY_PROXY_UPPER_BOUND,MAPPED,A,False,CONFIRMED_POSTING_COMPANY_IDENTIFIED,수집시점 공개 채용활동 확인. 공고 수는 모집인원·노동수요가 아니다. 모집인원은 목록 미제공·상세 수집 비허용으로 미확보(NULL).,http://www.work.go.kr/empInfo/empInfoSrch/detail/empDetailAuthView.do?callPage=detail&wantedAuthNo=K131132608060024
기계,2026Q2,우선점검,S4,기계,씨에스레이저(CS LASER),씨에스레이저CSLASER,씨에스레이저,K131132608060010,절곡기 조작원 모집,경남 창원시 성산구,성산구,2026-08-06,2026-10-05,,NOT_COLLECTED_ACCESS_POLICY,,NOT_PROVIDED_ON_LIST,경력,12.0,시급,11000,12000,29221,전자 응용 절삭기계 제조업,COMPANY_MASTER_EXACT,MATCH,True,"경상남도 창원시 성산구 연덕로15번길 63, A동(웅남동)",ENRICHED_FROM_FACTORY_REGISTER,NOT_MATCH,LEGAL_DONG_MFG_DENSITY_PROXY_UPPER_BOUND,MAPPED,A,False,CONFIRMED_POSTING_COMPANY_IDENTIFIED,수집시점 공개 채용활동 확인. 공고 수는 모집인원·노동수요가 아니다. 모집인원은 목록 미제공·상세 수집 비허용으로 미확보(NULL).,http://www.work.go.kr/empInfo/empInfoSrch/detail/empDetailAuthView.do?callPage=detail&wantedAuthNo=K131132608060010
기계,2026Q2,우선점검,S4,기계,주식회사 이앤에스코리아,이앤에스코리아,(주)이앤에스코리아,K131132608050047,제관사 모집,경남 창원시 진해구,진해구,2026-08-05,2026-10-04,,NOT_COLLECTED_ACCESS_POLICY,,NOT_PROVIDED_ON_LIST,관계없음,,월급,3500000,3500000,25121,산업용 난방보일러 및 방열기 제조업,COMPANY_MASTER_EXACT,MATCH,True,"경상남도 창원시 진해구 남영로527번길 66(남양동, 한호금속)",ENRICHED_FROM_FACTORY_REGISTER,NOT_MATCH,LEGAL_DONG_MFG_DENSITY_PROXY_UPPER_BOUND,MAPPED,C,False,CONFIRMED_POSTING_COMPANY_IDENTIFIED,수집시점 공개 채용활동 확인. 공고 수는 모집인원·노동수요가 아니다. 모집인원은 목록 미제공·상세 수집 비허용으로 미확보(NULL).,http://www.work.go.kr/empInfo/empInfoSrch/detail/empDetailAuthView.do?callPage=detail&wantedAuthNo=K131132608050047
기계,2026Q2,우선점검,S4,기계,주식회사 이앤에스코리아,이앤에스코리아,(주)이앤에스코리아,K131132608050044,용접원 모집,경남 창원시 진해구,진해구,2026-08-05,2026-10-04,,NOT_COLLECTED_ACCESS_POLICY,,NOT_PROVIDED_ON_LIST,관계없음,,월급,3500000,3500000,25121,산업용 난방보일러 및 방열기 제조업,COMPANY_MASTER_EXACT,MATCH,True,"경상남도 창원시 진해구 남영로527번길 66(남양동, 한호금속)",ENRICHED_FROM_FACTORY_REGISTER,NOT_MATCH,LEGAL_DONG_MFG_DENSITY_PROXY_UPPER_BOUND,MAPPED,C,False,CONFIRMED_POSTING_COMPANY_IDENTIFIED,수집시점 공개 채용활동 확인. 공고 수는 모집인원·노동수요가 아니다. 모집인원은 목록 미제공·상세 수집 비허용으로 미확보(NULL).,http://www.work.go.kr/empInfo/empInfoSrch/detail/empDetailAuthView.do?callPage=detail&wantedAuthNo=K131132608050044
기계,2026Q2,우선점검,S4,기계,보성정밀,보성정밀,보성정밀,K131132608050042,생산지원(납품·포장·품질관리) 담당자 채용,경남 창원시 성산구,성산구,2026-08-05,2026-10-04,,NOT_COLLECTED_ACCESS_POLICY,,NOT_PROVIDED_ON_LIST,신입,0.0,시급,10320,11000,25924,절삭가공 및 유사처리업,COMPANY_MASTER_EXACT,MATCH,True,,NOT_COLLECTED_ACCESS_POLICY,UNKNOWN,NO_RELIABLE_ADDRESS,MAPPED,C,False,CONFIRMED_POSTING_COMPANY_IDENTIFIED,수집시점 공개 채용활동 확인. 공고 수는 모집인원·노동수요가 아니다. 모집인원은 목록 미제공·상세 수집 비허용으로 미확보(NULL).,http://www.work.go.kr/empInfo/empInfoSrch/detail/empDetailAuthView.do?callPage=detail&wantedAuthNo=K131132608050042
기계,2026Q2,우선점검,S4,기계,진성기계,진성기계,진성기계,K131132608040019,자동차부품 주조원 모집,경남 창원시 성산구,성산구,2026-08-04,2026-10-03,,NOT_COLLECTED_ACCESS_POLICY,,NOT_PROVIDED_ON_LIST,관계없음,,일급,82560,82560,29223,금속 절삭기계 제조업,COMPANY_MASTER_EXACT,MATCH,True,경상남도 창원시 마산회원구 내서읍 중리공단로5길 29-3,ENRICHED_FROM_FACTORY_REGISTER,POSSIBLE,LEGAL_DONG_MFG_DENSITY_PROXY_UPPER_BOUND,MAPPED,A,False,CONFIRMED_POSTING_COMPANY_IDENTIFIED,수집시점 공개 채용활동 확인. 공고 수는 모집인원·노동수요가 아니다. 모집인원은 목록 미제공·상세 수집 비허용으로 미확보(NULL).,http://www.work.go.kr/empInfo/empInfoSrch/detail/empDetailAuthView.do?callPage=detail&wantedAuthNo=K131132608040019
기계,2026Q2,우선점검,S4,기계,(주)케이알텍,케이알텍,(주)케이알텍,K131132608040010,MCT 가공장비 운용 직원 채용,경남 창원시 성산구,성산구,2026-08-04,2026-10-03,,NOT_COLLECTED_ACCESS_POLICY,,NOT_PROVIDED_ON_LIST,경력,36.0,시급,15000,17000,25999,그 외 기타 분류 안된 금속 가공 제품 제조업,COMPANY_MASTER_EXACT,MATCH,True,,NOT_COLLECTED_ACCESS_POLICY,UNKNOWN,NO_RELIABLE_ADDRESS,MAPPED,C,False,CONFIRMED_POSTING_COMPANY_IDENTIFIED,수집시점 공개 채용활동 확인. 공고 수는 모집인원·노동수요가 아니다. 모집인원은 목록 미제공·상세 수집 비허용으로 미확보(NULL).,http://www.work.go.kr/empInfo/empInfoSrch/detail/empDetailAuthView.do?callPage=detail&wantedAuthNo=K131132608040010
기계,2026Q2,우선점검,S4,기계,주식회사 선진기술,선진기술,(주)선진기술,K131132608030058,자동화 시스템 기구부 설계자 모집,경남 창원시 의창구,의창구,2026-08-03,2026-10-02,,NOT_COLLECTED_ACCESS_POLICY,,NOT_PROVIDED_ON_LIST,관계없음,,연봉,30000000,50000000,29229,기타 가공 공작기계 제조업,COMPANY_MASTER_EXACT,MATCH,True,"경상남도 창원시 의창구 사화로 210, 1동 2층 8호  (팔용동)",ENRICHED_FROM_FACTORY_REGISTER,NOT_MATCH,LEGAL_DONG_MFG_DENSITY_PROXY_UPPER_BOUND,MAPPED,A,False,CONFIRMED_POSTING_COMPANY_IDENTIFIED,수집시점 공개 채용활동 확인. 공고 수는 모집인원·노동수요가 아니다. 모집인원은 목록 미제공·상세 수집 비허용으로 미확보(NULL).,http://www.work.go.kr/empInfo/empInfoSrch/detail/empDetailAuthView.do?callPage=detail&wantedAuthNo=K131132608030058
기계,2026Q2,우선점검,S4,기계,주식회사 선진기술,선진기술,(주)선진기술,K131132608030057,"AMR로봇 센서 융합, 자율주행 프로그램 개발자",경남 창원시 의창구,의창구,2026-08-03,2026-10-02,,NOT_COLLECTED_ACCESS_POLICY,,NOT_PROVIDED_ON_LIST,경력,36.0,연봉,40000000,60000000,29229,기타 가공 공작기계 제조업,COMPANY_MASTER_EXACT,MATCH,True,"경상남도 창원시 의창구 사화로 210, 1동 2층 8호  (팔용동)",ENRICHED_FROM_FACTORY_REGISTER,NOT_MATCH,LEGAL_DONG_MFG_DENSITY_PROXY_UPPER_BOUND,MAPPED,A,False,CONFIRMED_POSTING_COMPANY_IDENTIFIED,수집시점 공개 채용활동 확인. 공고 수는 모집인원·노동수요가 아니다. 모집인원은 목록 미제공·상세 수집 비허용으로 미확보(NULL).,http://www.work.go.kr/empInfo/empInfoSrch/detail/empDetailAuthView.do?callPage=detail&wantedAuthNo=K131132608030057
기계,2026Q2,우선점검,S4,기계,(주)케이알텍,케이알텍,(주)케이알텍,K131132608030034,납품 및 공정관리 직원 채용(방산업체 유경험자 우대),경남 창원시 성산구,성산구,2026-08-03,2026-10-02,,NOT_COLLECTED_ACCESS_POLICY,,NOT_PROVIDED_ON_LIST,관계없음,,연봉,36000000,38000000,25999,그 외 기타 분류 안된 금속 가공 제품 제조업,COMPANY_MASTER_EXACT,MATCH,True,,NOT_COLLECTED_ACCESS_POLICY,UNKNOWN,NO_RELIABLE_ADDRESS,MAPPED,C,False,CONFIRMED_POSTING_COMPANY_IDENTIFIED,수집시점 공개 채용활동 확인. 공고 수는 모집인원·노동수요가 아니다. 모집인원은 목록 미제공·상세 수집 비허용으로 미확보(NULL).,http://www.work.go.kr/empInfo/empInfoSrch/detail/empDetailAuthView.do?callPage=detail&wantedAuthNo=K131132608030034
기계,2026Q2,우선점검,S4,기계,주식회사 파인(PINE),파인PINE,(주)파인,K131132607310033,자동차 베어링 생산 및 품질 관리원 모집,경남 창원시 성산구,성산구,2026-07-31,2026-09-29,,NOT_COLLECTED_ACCESS_POLICY,,NOT_PROVIDED_ON_LIST,신입,0.0,월급,3000000,3200000,29141,구름베어링 제조업,COMPANY_MASTER_EXACT,MATCH,True,경상남도 창원시 성산구 완암로 146 (외동),ENRICHED_FROM_FACTORY_REGISTER,NOT_MATCH,LEGAL_DONG_MFG_DENSITY_PROXY_UPPER_BOUND,MAPPED,A,False,CONFIRMED_POSTING_COMPANY_IDENTIFIED,수집시점 공개 채용활동 확인. 공고 수는 모집인원·노동수요가 아니다. 모집인원은 목록 미제공·상세 수집 비허용으로 미확보(NULL).,http://www.work.go.kr/empInfo/empInfoSrch/detail/empDetailAuthView.do?callPage=detail&wantedAuthNo=K131132607310033
기계,2026Q2,우선점검,S4,기계,현대정밀기계주식회사,현대정밀기계,현대정밀기계 주식회사,K131132607300022,CNC자동선반 생산직,경남 창원시 의창구,의창구,2026-07-30,2026-09-29,,NOT_COLLECTED_ACCESS_POLICY,,NOT_PROVIDED_ON_LIST,경력,24.0,시급,10320,10320,25200,무기 및 총포탄 제조업,COMPANY_MASTER_EXACT,MATCH,True,경상남도 창원시 의창구 대산면 봉강가술로 580-4,ENRICHED_FROM_FACTORY_REGISTER,POSSIBLE,LEGAL_DONG_MFG_DENSITY_PROXY_UPPER_BOUND,MAPPED,C,False,CONFIRMED_POSTING_COMPANY_IDENTIFIED,수집시점 공개 채용활동 확인. 공고 수는 모집인원·노동수요가 아니다. 모집인원은 목록 미제공·상세 수집 비허용으로 미확보(NULL).,http://www.work.go.kr/empInfo/empInfoSrch/detail/empDetailAuthView.do?callPage=detail&wantedAuthNo=K131132607300022
목재종이,2026Q2,우선점검,S4,목재종이,(瞳暎)동영미디어,동영미디어,瞳暎동영미디어,K131132607290018,신사업 기획 및 마케팅 전략 수립을 책임질 비즈니스 홍보 전문가를 모집합니다.,경남 창원시 의창구,의창구,2026-07-29,2026-09-28,,NOT_COLLECTED_ACCESS_POLICY,,NOT_PROVIDED_ON_LIST,관계없음,,월급,2200000,2200000,18111,경 인쇄업,COMPANY_MASTER_EXACT,MATCH,True,"경상남도 창원시 의창구 차룡로48번길 44, 1동 9층 F904호  (팔용동)",ENRICHED_FROM_FACTORY_REGISTER,NOT_MATCH,LEGAL_DONG_MFG_DENSITY_PROXY_UPPER_BOUND,MAPPED,C,False,CONFIRMED_POSTING_COMPANY_IDENTIFIED,수집시점 공개 채용활동 확인. 공고 수는 모집인원·노동수요가 아니다. 모집인원은 목록 미제공·상세 수집 비허용으로 미확보(NULL).,http://www.work.go.kr/empInfo/empInfoSrch/detail/empDetailAuthView.do?callPage=detail&wantedAuthNo=K131132607290018
목재종이,2026Q2,우선점검,S4,목재종이,(瞳暎)동영미디어,동영미디어,瞳暎동영미디어,K131132607290017,"[마케팅, 전시컨벤션] 끼가넘치는 인재를 모집합니다",경남 창원시 의창구,의창구,2026-07-29,2026-09-28,,NOT_COLLECTED_ACCESS_POLICY,,NOT_PROVIDED_ON_LIST,관계없음,,월급,2200000,2200000,18111,경 인쇄업,COMPANY_MASTER_EXACT,MATCH,True,"경상남도 창원시 의창구 차룡로48번길 44, 1동 9층 F904호  (팔용동)",ENRICHED_FROM_FACTORY_REGISTER,NOT_MATCH,LEGAL_DONG_MFG_DENSITY_PROXY_UPPER_BOUND,MAPPED,C,False,CONFIRMED_POSTING_COMPANY_IDENTIFIED,수집시점 공개 채용활동 확인. 공고 수는 모집인원·노동수요가 아니다. 모집인원은 목록 미제공·상세 수집 비허용으로 미확보(NULL).,http://www.work.go.kr/empInfo/empInfoSrch/detail/empDetailAuthView.do?callPage=detail&wantedAuthNo=K131132607290017
기계,2026Q2,우선점검,S4,기계,주식회사 길상엔지니어링,길상엔지니어링,(주)길상엔지니어링,K131132607280015,(주)길상엔지니어링에서 열처리 기술자 (신입·경력)를 모집합니다,경남 창원시 성산구,성산구,2026-07-28,2026-09-27,,NOT_COLLECTED_ACCESS_POLICY,,NOT_PROVIDED_ON_LIST,관계없음,,연봉,32000000,32000000,25130,핵반응기 및 증기보일러 제조업,COMPANY_MASTER_EXACT,MATCH,True,,NOT_COLLECTED_ACCESS_POLICY,UNKNOWN,NO_RELIABLE_ADDRESS,MAPPED,C,False,CONFIRMED_POSTING_COMPANY_IDENTIFIED,수집시점 공개 채용활동 확인. 공고 수는 모집인원·노동수요가 아니다. 모집인원은 목록 미제공·상세 수집 비허용으로 미확보(NULL).,http://www.work.go.kr/empInfo/empInfoSrch/detail/empDetailAuthView.do?callPage=detail&wantedAuthNo=K131132607280015
기계,2026Q2,우선점검,S4,기계,주식회사금정테크,금정테크,주식회사 금정테크,K131132607270066,MCT조작원 모집(경력직),경남 창원시 의창구,의창구,2026-07-27,2026-09-26,,NOT_COLLECTED_ACCESS_POLICY,,NOT_PROVIDED_ON_LIST,경력,36.0,월급,4000000,4200000,25924,절삭가공 및 유사처리업,COMPANY_MASTER_EXACT,MATCH,True,경상남도 창원시 의창구 북면 동전산단동로 58,ENRICHED_FROM_FACTORY_REGISTER,POSSIBLE,LEGAL_DONG_MFG_DENSITY_PROXY_UPPER_BOUND,MAPPED,C,False,CONFIRMED_POSTING_COMPANY_IDENTIFIED,수집시점 공개 채용활동 확인. 공고 수는 모집인원·노동수요가 아니다. 모집인원은 목록 미제공·상세 수집 비허용으로 미확보(NULL).,http://www.work.go.kr/empInfo/empInfoSrch/detail/empDetailAuthView.do?callPage=detail&wantedAuthNo=K131132607270066
기계,2026Q2,우선점검,S4,기계,주식회사 에스브이엔지니어링,에스브이엔지니어링,주식회사 에스브이엔지니어링,K131132607270024,5면가공기 오퍼레이터 채용 공고,경남 창원시 성산구,성산구,2026-07-27,2026-09-24,,NOT_COLLECTED_ACCESS_POLICY,,NOT_PROVIDED_ON_LIST,경력,60.0,월급,5500000,5500000,29131,액체 펌프 제조업,COMPANY_MASTER_EXACT,MATCH,True,"경상남도 창원시 성산구 월림로67번길 40-2(신촌동, (주)제이에스케이)",ENRICHED_FROM_FACTORY_REGISTER,NOT_MATCH,LEGAL_DONG_MFG_DENSITY_PROXY_UPPER_BOUND,MAPPED,A,False,CONFIRMED_POSTING_COMPANY_IDENTIFIED,수집시점 공개 채용활동 확인. 공고 수는 모집인원·노동수요가 아니다. 모집인원은 목록 미제공·상세 수집 비허용으로 미확보(NULL).,http://www.work.go.kr/empInfo/empInfoSrch/detail/empDetailAuthView.do?callPage=detail&wantedAuthNo=K131132607270024
기계,2026Q2,우선점검,S4,기계,철원정밀공업사,철원정밀공업사,철원정밀공업사,K131132607240017,CNC 선반 조작원 모집,경남 창원시 의창구,의창구,2026-07-24,2026-09-23,,NOT_COLLECTED_ACCESS_POLICY,,NOT_PROVIDED_ON_LIST,경력,60.0,시급,13000,16000,29142,기어 및 동력전달장치 제조업,COMPANY_MASTER_EXACT,MATCH,True,경상남도 창원시 의창구 차룡단지로 27 (팔용동),ENRICHED_FROM_FACTORY_REGISTER,NOT_MATCH,LEGAL_DONG_MFG_DENSITY_PROXY_UPPER_BOUND,MAPPED,A,False,CONFIRMED_POSTING_COMPANY_IDENTIFIED,수집시점 공개 채용활동 확인. 공고 수는 모집인원·노동수요가 아니다. 모집인원은 목록 미제공·상세 수집 비허용으로 미확보(NULL).,http://www.work.go.kr/empInfo/empInfoSrch/detail/empDetailAuthView.do?callPage=detail&wantedAuthNo=K131132607240017
기계,2026Q2,우선점검,S4,기계,주식회사 신우원,신우원,(주)신우원,K131132607230023,생산직 모집,경남 창원시 의창구,의창구,2026-07-23,2026-09-22,,NOT_COLLECTED_ACCESS_POLICY,,NOT_PROVIDED_ON_LIST,경력,60.0,연봉,26000000,45000000,25929,그 외 기타 금속가공업,COMPANY_MASTER_EXACT,MATCH,True,경상남도 창원시 의창구 대산면 가술산단북로 40,ENRICHED_FROM_FACTORY_REGISTER,POSSIBLE,LEGAL_DONG_MFG_DENSITY_PROXY_UPPER_BOUND,MAPPED,C,False,CONFIRMED_POSTING_COMPANY_IDENTIFIED,수집시점 공개 채용활동 확인. 공고 수는 모집인원·노동수요가 아니다. 모집인원은 목록 미제공·상세 수집 비허용으로 미확보(NULL).,http://www.work.go.kr/empInfo/empInfoSrch/detail/empDetailAuthView.do?callPage=detail&wantedAuthNo=K131132607230023
기계,2026Q2,우선점검,S4,기계,주식회사 신우원,신우원,(주)신우원,K131132607230022,영업 및 자재 관리자 모집,경남 창원시 의창구,의창구,2026-07-23,2026-09-22,,NOT_COLLECTED_ACCESS_POLICY,,NOT_PROVIDED_ON_LIST,경력,12.0,연봉,26000000,35000000,25929,그 외 기타 금속가공업,COMPANY_MASTER_EXACT,MATCH,True,경상남도 창원시 의창구 대산면 가술산단북로 40,ENRICHED_FROM_FACTORY_REGISTER,POSSIBLE,LEGAL_DONG_MFG_DENSITY_PROXY_UPPER_BOUND,MAPPED,C,False,CONFIRMED_POSTING_COMPANY_IDENTIFIED,수집시점 공개 채용활동 확인. 공고 수는 모집인원·노동수요가 아니다. 모집인원은 목록 미제공·상세 수집 비허용으로 미확보(NULL).,http://www.work.go.kr/empInfo/empInfoSrch/detail/empDetailAuthView.do?callPage=detail&wantedAuthNo=K131132607230022
기계,2026Q2,우선점검,S4,기계,에스에프하이월드주식회사,에스에프하이월드,에스에프하이월드(주),K131132607230020,기계부품 조립 가공 생산직 사원 채용,경남 창원시 성산구,성산구,2026-07-23,2026-09-22,,NOT_COLLECTED_ACCESS_POLICY,,NOT_PROVIDED_ON_LIST,신입,0.0,시급,10320,10320,29120,유압기기 제조업,COMPANY_MASTER_EXACT,MATCH,True,경상남도 창원시 성산구 공단로21번길 34(신촌동),ENRICHED_FROM_FACTORY_REGISTER,NOT_MATCH,LEGAL_DONG_MFG_DENSITY_PROXY_UPPER_BOUND,MAPPED,A,False,CONFIRMED_POSTING_COMPANY_IDENTIFIED,수집시점 공개 채용활동 확인. 공고 수는 모집인원·노동수요가 아니다. 모집인원은 목록 미제공·상세 수집 비허용으로 미확보(NULL).,http://www.work.go.kr/empInfo/empInfoSrch/detail/empDetailAuthView.do?callPage=detail&wantedAuthNo=K131132607230020
기계,2026Q2,우선점검,S4,기계,유창공업(주),유창공업,유창공업(주),K131132607220052,생산관리 모집,경남 창원시 성산구,성산구,2026-07-22,2026-09-21,,NOT_COLLECTED_ACCESS_POLICY,,NOT_PROVIDED_ON_LIST,신입,0.0,월급,2500000,3300000,29229,기타 가공 공작기계 제조업,COMPANY_MASTER_EXACT,MATCH,True,"경상남도 창원시 성산구 반월로60번길 6 (신촌동, 유창공업(주))",ENRICHED_FROM_FACTORY_REGISTER,NOT_MATCH,LEGAL_DONG_MFG_DENSITY_PROXY_UPPER_BOUND,MAPPED,A,False,CONFIRMED_POSTING_COMPANY_IDENTIFIED,수집시점 공개 채용활동 확인. 공고 수는 모집인원·노동수요가 아니다. 모집인원은 목록 미제공·상세 수집 비허용으로 미확보(NULL).,http://www.work.go.kr/empInfo/empInfoSrch/detail/empDetailAuthView.do?callPage=detail&wantedAuthNo=K131132607220052
기계,2026Q2,우선점검,S4,기계,보성테크,보성테크,보성테크,K131132607220050,3차원 측정이 가능한 품질검사원 모집,경남 창원시 성산구,성산구,2026-07-22,2026-09-21,,NOT_COLLECTED_ACCESS_POLICY,,NOT_PROVIDED_ON_LIST,경력,60.0,시급,11000,11000,25999,그 외 기타 분류 안된 금속 가공 제품 제조업,COMPANY_MASTER_EXACT,MATCH,True,"경상남도 창원시 성산구 연덕로9번길 24 (웅남동, 동양 공장)",ENRICHED_FROM_FACTORY_REGISTER,NOT_MATCH,LEGAL_DONG_MFG_DENSITY_PROXY_UPPER_BOUND,MAPPED,C,False,CONFIRMED_POSTING_COMPANY_IDENTIFIED,수집시점 공개 채용활동 확인. 공고 수는 모집인원·노동수요가 아니다. 모집인원은 목록 미제공·상세 수집 비허용으로 미확보(NULL).,http://www.work.go.kr/empInfo/empInfoSrch/detail/empDetailAuthView.do?callPage=detail&wantedAuthNo=K131132607220050
기계,2026Q2,우선점검,S4,기계,삼명기계공업(주),삼명기계공업,삼명기계공업(주),K131132607220047,삼명기계공업(주) 자동차 부품 생산직 사원 모집,경남 창원시 성산구,성산구,2026-07-22,2026-09-21,,NOT_COLLECTED_ACCESS_POLICY,,NOT_PROVIDED_ON_LIST,신입,0.0,시급,10320,10320,,공기 조화장치 제조업,COMPANY_MASTER_EXACT,MATCH,True,"경상남도 창원시 성산구 웅남로 324 (웅남동, 삼명기계공업(주))",ENRICHED_FROM_FACTORY_REGISTER,NOT_MATCH,LEGAL_DONG_MFG_DENSITY_PROXY_UPPER_BOUND,MAPPED,A,False,CONFIRMED_POSTING_COMPANY_IDENTIFIED,수집시점 공개 채용활동 확인. 공고 수는 모집인원·노동수요가 아니다. 모집인원은 목록 미제공·상세 수집 비허용으로 미확보(NULL).,http://www.work.go.kr/empInfo/empInfoSrch/detail/empDetailAuthView.do?callPage=detail&wantedAuthNo=K131132607220047
기계,2026Q2,우선점검,S4,기계,창조정밀,창조정밀,창조정밀,K131132607220035,CNC 선반공 경력직 모집,경남 창원시 성산구,성산구,2026-07-22,2026-09-21,,NOT_COLLECTED_ACCESS_POLICY,,NOT_PROVIDED_ON_LIST,경력,24.0,월급,3000000,4000000,29120,유압기기 제조업,COMPANY_MASTER_EXACT,MATCH,True,"경상남도 창원시 성산구 연덕로9번길 22 (웅남동, (주)한림테크)",ENRICHED_FROM_FACTORY_REGISTER,NOT_MATCH,LEGAL_DONG_MFG_DENSITY_PROXY_UPPER_BOUND,MAPPED,A,False,CONFIRMED_POSTING_COMPANY_IDENTIFIED,수집시점 공개 채용활동 확인. 공고 수는 모집인원·노동수요가 아니다. 모집인원은 목록 미제공·상세 수집 비허용으로 미확보(NULL).,http://www.work.go.kr/empInfo/empInfoSrch/detail/empDetailAuthView.do?callPage=detail&wantedAuthNo=K131132607220035
기계,2026Q2,우선점검,S4,기계,주식회사 가람,가람,주식회사 가람,K131132607210045,[주식회사 가람] 레디알 드릴가공 생산직 모집합니다.,경남 창원시 진해구,진해구,2026-07-21,2026-09-20,,NOT_COLLECTED_ACCESS_POLICY,,NOT_PROVIDED_ON_LIST,경력,60.0,월급,3500000,3500000,29119,기타 기관 및 터빈 제조업,COMPANY_MASTER_EXACT,MATCH,True,경상남도 창원시 진해구 남영로527번길 92 (남양동),ENRICHED_FROM_FACTORY_REGISTER,NOT_MATCH,LEGAL_DONG_MFG_DENSITY_PROXY_UPPER_BOUND,MAPPED,A,False,CONFIRMED_POSTING_COMPANY_IDENTIFIED,수집시점 공개 채용활동 확인. 공고 수는 모집인원·노동수요가 아니다. 모집인원은 목록 미제공·상세 수집 비허용으로 미확보(NULL).,http://www.work.go.kr/empInfo/empInfoSrch/detail/empDetailAuthView.do?callPage=detail&wantedAuthNo=K131132607210045
기계,2026Q2,우선점검,S4,기계,유영테크놀로지,유영테크놀로지,유영테크놀로지,K131132607210044,자동화설비 생산 및 생산관리,경남 창원시 성산구,성산구,2026-07-21,2026-09-20,,NOT_COLLECTED_ACCESS_POLICY,,NOT_PROVIDED_ON_LIST,경력,12.0,월급,3000000,3000000,29280,산업용 로봇 제조업,COMPANY_MASTER_EXACT,MATCH,True,경상남도 창원시 성산구 연덕로27번길 42 (웅남동),ENRICHED_FROM_FACTORY_REGISTER,NOT_MATCH,LEGAL_DONG_MFG_DENSITY_PROXY_UPPER_BOUND,MAPPED,A,False,CONFIRMED_POSTING_COMPANY_IDENTIFIED,수집시점 공개 채용활동 확인. 공고 수는 모집인원·노동수요가 아니다. 모집인원은 목록 미제공·상세 수집 비허용으로 미확보(NULL).,http://www.work.go.kr/empInfo/empInfoSrch/detail/empDetailAuthView.do?callPage=detail&wantedAuthNo=K131132607210044
기계,2026Q2,우선점검,S4,기계,（주）웰템,웰템,(주)웰템,K131112609180030,(주)웰템 용접원 모집,경남 창원시 마산회원구,마산회원구,2026-09-18,2026-10-02,,NOT_COLLECTED_ACCESS_POLICY,,NOT_PROVIDED_ON_LIST,경력,12.0,월급,2600000,2600000,29171,산업용 냉장 및 냉동 장비 제조업,COMPANY_MASTER_EXACT,MATCH,True,"경상남도 창원시 마산회원구 자유무역3길 138 (양덕동, (주)삼일)",ENRICHED_FROM_FACTORY_REGISTER,NOT_MATCH,LEGAL_DONG_MFG_DENSITY_PROXY_UPPER_BOUND,MAPPED,A,False,CONFIRMED_POSTING_COMPANY_IDENTIFIED,수집시점 공개 채용활동 확인. 공고 수는 모집인원·노동수요가 아니다. 모집인원은 목록 미제공·상세 수집 비허용으로 미확보(NULL).,http://www.work.go.kr/empInfo/empInfoSrch/detail/empDetailAuthView.do?callPage=detail&wantedAuthNo=K131112609180030
목재종이,2026Q2,우선점검,S4,목재종이,신혁기업사,신혁기업사,신혁기업사,K131112609180027,납품사원 모집,경남 창원시 마산회원구,마산회원구,2026-09-18,2026-11-17,,NOT_COLLECTED_ACCESS_POLICY,,NOT_PROVIDED_ON_LIST,관계없음,,시급,10500,10500,17211,골판지 제조업,COMPANY_MASTER_EXACT,MATCH,True,"경상남도 창원시 마산회원구 봉암공단8길 66 (봉암동, 신혁기업)",ENRICHED_FROM_FACTORY_REGISTER,NOT_MATCH,LEGAL_DONG_MFG_DENSITY_PROXY_UPPER_BOUND,MAPPED,A,False,CONFIRMED_POSTING_COMPANY_IDENTIFIED,수집시점 공개 채용활동 확인. 공고 수는 모집인원·노동수요가 아니다. 모집인원은 목록 미제공·상세 수집 비허용으로 미확보(NULL).,http://www.work.go.kr/empInfo/empInfoSrch/detail/empDetailAuthView.do?callPage=detail&wantedAuthNo=K131112609180027
기계,2026Q2,우선점검,S4,기계,(주）강림기계,강림기계,(주)강림기계,K131112609180012,MCT 기능공 신입 및 경력,경남 창원시 마산합포구,마산합포구,2026-09-18,2026-10-31,,NOT_COLLECTED_ACCESS_POLICY,,NOT_PROVIDED_ON_LIST,관계없음,,시급,11000,13000,29111,내연기관 제조업,COMPANY_MASTER_EXACT,MATCH,True,경상남도 창원시 마산합포구 진북면 산단1길 29-35,ENRICHED_FROM_FACTORY_REGISTER,POSSIBLE,LEGAL_DONG_MFG_DENSITY_PROXY_UPPER_BOUND,MAPPED,A,False,CONFIRMED_POSTING_COMPANY_IDENTIFIED,수집시점 공개 채용활동 확인. 공고 수는 모집인원·노동수요가 아니다. 모집인원은 목록 미제공·상세 수집 비허용으로 미확보(NULL).,http://www.work.go.kr/empInfo/empInfoSrch/detail/empDetailAuthView.do?callPage=detail&wantedAuthNo=K131112609180012
기계,2026Q2,우선점검,S4,기계,(주)금화테크,금화테크,(주)금화테크,K131112609170033,CNC선반 경력사원 채용,경남 창원시 마산회원구,마산회원구,2026-09-17,2026-10-12,,NOT_COLLECTED_ACCESS_POLICY,,NOT_PROVIDED_ON_LIST,경력,96.0,연봉,49000000,49000000,25924,절삭가공 및 유사처리업,COMPANY_MASTER_EXACT,MATCH,True,경상남도 창원시 마산회원구 봉암공단3길 76 (봉암동),ENRICHED_FROM_FACTORY_REGISTER,NOT_MATCH,LEGAL_DONG_MFG_DENSITY_PROXY_UPPER_BOUND,MAPPED,C,False,CONFIRMED_POSTING_COMPANY_IDENTIFIED,수집시점 공개 채용활동 확인. 공고 수는 모집인원·노동수요가 아니다. 모집인원은 목록 미제공·상세 수집 비허용으로 미확보(NULL).,http://www.work.go.kr/empInfo/empInfoSrch/detail/empDetailAuthView.do?callPage=detail&wantedAuthNo=K131112609170033
기계,2026Q2,우선점검,S4,기계,한국정상화성（주）,한국정상화성,한국정상화성(주),K131112609170032,생산관리자 모집,경남 창원시 마산회원구,마산회원구,2026-09-17,2026-11-16,,NOT_COLLECTED_ACCESS_POLICY,,NOT_PROVIDED_ON_LIST,경력,36.0,연봉,50000000,55000000,,타이어 및 튜브 제조업,COMPANY_MASTER_EXACT,MATCH,True,경상남도 창원시 마산회원구 자유무역5길 100 (봉암동),ENRICHED_FROM_FACTORY_REGISTER,NOT_MATCH,LEGAL_DONG_MFG_DENSITY_PROXY_UPPER_BOUND,MAPPED,C,False,CONFIRMED_POSTING_COMPANY_IDENTIFIED,수집시점 공개 채용활동 확인. 공고 수는 모집인원·노동수요가 아니다. 모집인원은 목록 미제공·상세 수집 비허용으로 미확보(NULL).,http://www.work.go.kr/empInfo/empInfoSrch/detail/empDetailAuthView.do?callPage=detail&wantedAuthNo=K131112609170032
기계,2026Q2,우선점검,S4,기계,주식회사유진정공,유진정공,(주)유진정공,K131112609170007,단순노무직,경남 창원시 마산회원구,마산회원구,2026-09-17,2026-11-16,,NOT_COLLECTED_ACCESS_POLICY,,NOT_PROVIDED_ON_LIST,관계없음,,시급,10320,10320,29221,전자 응용 절삭기계 제조업,COMPANY_MASTER_EXACT,MATCH,True,,NOT_COLLECTED_ACCESS_POLICY,UNKNOWN,NO_RELIABLE_ADDRESS,MAPPED,A,False,CONFIRMED_POSTING_COMPANY_IDENTIFIED,수집시점 공개 채용활동 확인. 공고 수는 모집인원·노동수요가 아니다. 모집인원은 목록 미제공·상세 수집 비허용으로 미확보(NULL).,http://www.work.go.kr/empInfo/empInfoSrch/detail/empDetailAuthView.do?callPage=detail&wantedAuthNo=K131112609170007
기계,2026Q2,우선점검,S4,기계,(주)배진금속,배진금속,(주)배진금속,K131112609160021,일본어 가능자 모집,경남 창원시 마산합포구,마산합포구,2026-09-16,2026-09-30,,NOT_COLLECTED_ACCESS_POLICY,,NOT_PROVIDED_ON_LIST,관계없음,,연봉,42000000,42000000,25941,볼트 및 너트류 제조업,COMPANY_MASTER_EXACT,MATCH,True,경상남도 창원시 마산합포구 진북면 산단2길 46-57,ENRICHED_FROM_FACTORY_REGISTER,POSSIBLE,LEGAL_DONG_MFG_DENSITY_PROXY_UPPER_BOUND,MAPPED,C,False,CONFIRMED_POSTING_COMPANY_IDENTIFIED,수집시점 공개 채용활동 확인. 공고 수는 모집인원·노동수요가 아니다. 모집인원은 목록 미제공·상세 수집 비허용으로 미확보(NULL).,http://www.work.go.kr/empInfo/empInfoSrch/detail/empDetailAuthView.do?callPage=detail&wantedAuthNo=K131112609160021
기계,2026Q2,우선점검,S4,기계,주식회사비츠로,비츠로,(주)비츠로,KF10792609160005,관리부 (경리사무원) 직원 모집,경남 창원시 마산회원구,마산회원구,2026-09-16,2026-10-31,,NOT_COLLECTED_ACCESS_POLICY,,NOT_PROVIDED_ON_LIST,경력,36.0,월급,2500000,2500000,25113,육상 금속 골조 구조재 제조업,COMPANY_MASTER_EXACT,MATCH,True,경상남도 창원시 마산회원구 내서읍 수곡로 71-107,ENRICHED_FROM_FACTORY_REGISTER,POSSIBLE,LEGAL_DONG_MFG_DENSITY_PROXY_UPPER_BOUND,MAPPED,C,False,CONFIRMED_POSTING_COMPANY_IDENTIFIED,수집시점 공개 채용활동 확인. 공고 수는 모집인원·노동수요가 아니다. 모집인원은 목록 미제공·상세 수집 비허용으로 미확보(NULL).,http://www.work.go.kr/empInfo/empInfoSrch/detail/empDetailAuthView.do?callPage=detail&wantedAuthNo=KF10792609160005
기계,2026Q2,우선점검,S4,기계,주식회사이성,이성,(주)이성,K131112609150032,출하/장입관리 및 보조업무원,경남 창원시 마산회원구,마산회원구,2026-09-15,2026-09-22,,NOT_COLLECTED_ACCESS_POLICY,,NOT_PROVIDED_ON_LIST,신입,0.0,시급,10320,11000,29141,구름베어링 제조업,COMPANY_MASTER_EXACT,MATCH,True,경상남도 창원시 마산회원구 자유무역6길 33 (봉암동),ENRICHED_FROM_FACTORY_REGISTER,NOT_MATCH,LEGAL_DONG_MFG_DENSITY_PROXY_UPPER_BOUND,MAPPED,A,False,CONFIRMED_POSTING_COMPANY_IDENTIFIED,수집시점 공개 채용활동 확인. 공고 수는 모집인원·노동수요가 아니다. 모집인원은 목록 미제공·상세 수집 비허용으로 미확보(NULL).,http://www.work.go.kr/empInfo/empInfoSrch/detail/empDetailAuthView.do?callPage=detail&wantedAuthNo=K131112609150032
기계,2026Q2,우선점검,S4,기계,영테크(주),영테크,영테크주식회사,K131112609150026,중국사업부 신입사원 모집,경남 창원시 마산합포구,마산합포구,2026-09-15,2026-09-30,,NOT_COLLECTED_ACCESS_POLICY,,NOT_PROVIDED_ON_LIST,신입,0.0,연봉,48000000,48000000,29120,유압기기 제조업,COMPANY_MASTER_EXACT,MATCH,True,경상남도 창원시 마산합포구 가포동 681번지,ENRICHED_FROM_FACTORY_REGISTER,NOT_MATCH,LEGAL_DONG_MFG_DENSITY_PROXY_UPPER_BOUND,MAPPED,A,False,CONFIRMED_POSTING_COMPANY_IDENTIFIED,수집시점 공개 채용활동 확인. 공고 수는 모집인원·노동수요가 아니다. 모집인원은 목록 미제공·상세 수집 비허용으로 미확보(NULL).,http://www.work.go.kr/empInfo/empInfoSrch/detail/empDetailAuthView.do?callPage=detail&wantedAuthNo=K131112609150026
기계,2026Q2,우선점검,S4,기계,주식회사 성우테크,성우테크,(주)성우테크,K131112609140044,칩컨베이어 연구개발(R&D) 설계 경력 채용,경남 창원시 마산합포구,마산합포구,2026-09-14,2026-11-13,,NOT_COLLECTED_ACCESS_POLICY,,NOT_PROVIDED_ON_LIST,경력,36.0,연봉,40000000,40000000,29162,승강기 제조업,COMPANY_MASTER_EXACT,MATCH,True,경상남도 창원시 마산합포구 진북면 산단1길 15 (진북면),ENRICHED_FROM_FACTORY_REGISTER,POSSIBLE,LEGAL_DONG_MFG_DENSITY_PROXY_UPPER_BOUND,MAPPED,A,False,CONFIRMED_POSTING_COMPANY_IDENTIFIED,수집시점 공개 채용활동 확인. 공고 수는 모집인원·노동수요가 아니다. 모집인원은 목록 미제공·상세 수집 비허용으로 미확보(NULL).,http://www.work.go.kr/empInfo/empInfoSrch/detail/empDetailAuthView.do?callPage=detail&wantedAuthNo=K131112609140044
기계,2026Q2,우선점검,S4,기계,주식회사 디에스이엔지,디에스이엔지,(주)디에스이엔지,K131112609140035,밴드쇼 작업자,경남 창원시 마산회원구,마산회원구,2026-09-14,2026-09-30,,NOT_COLLECTED_ACCESS_POLICY,,NOT_PROVIDED_ON_LIST,관계없음,,시급,11300,11300,25924,절삭가공 및 유사처리업,COMPANY_MASTER_EXACT,MATCH,True,경상남도 창원시 마산회원구 내서읍 신평안길 42,ENRICHED_FROM_FACTORY_REGISTER,POSSIBLE,LEGAL_DONG_MFG_DENSITY_PROXY_UPPER_BOUND,MAPPED,C,False,CONFIRMED_POSTING_COMPANY_IDENTIFIED,수집시점 공개 채용활동 확인. 공고 수는 모집인원·노동수요가 아니다. 모집인원은 목록 미제공·상세 수집 비허용으로 미확보(NULL).,http://www.work.go.kr/empInfo/empInfoSrch/detail/empDetailAuthView.do?callPage=detail&wantedAuthNo=K131112609140035
기계,2026Q2,우선점검,S4,기계,동광정밀,동광정밀,동광정밀,K131112609140032,생산직 사원 모집,경남 창원시 마산회원구,마산회원구,2026-09-14,2026-11-13,,NOT_COLLECTED_ACCESS_POLICY,,NOT_PROVIDED_ON_LIST,경력,12.0,시급,10320,10320,25924,절삭가공 및 유사처리업,COMPANY_MASTER_EXACT,MATCH,True,"경상남도 창원시 마산회원구 봉암공단11길 55-1 (봉암동, 공장)",ENRICHED_FROM_FACTORY_REGISTER,NOT_MATCH,LEGAL_DONG_MFG_DENSITY_PROXY_UPPER_BOUND,MAPPED,C,False,CONFIRMED_POSTING_COMPANY_IDENTIFIED,수집시점 공개 채용활동 확인. 공고 수는 모집인원·노동수요가 아니다. 모집인원은 목록 미제공·상세 수집 비허용으로 미확보(NULL).,http://www.work.go.kr/empInfo/empInfoSrch/detail/empDetailAuthView.do?callPage=detail&wantedAuthNo=K131112609140032
기계,2026Q2,우선점검,S4,기계,동원테크,동원테크,동원테크,KJBO002609140012,"2026년 영도구 일자리 박람회 간접 참여 업체 [전기,전자 조립원 모집]",경남 창원시 마산회원구,마산회원구,2026-09-14,2026-10-12,,NOT_COLLECTED_ACCESS_POLICY,,NOT_PROVIDED_ON_LIST,관계없음,,월급,2160000,2160000,29293,주형 및 금형 제조업,COMPANY_MASTER_EXACT,MATCH,True,"경상남도 창원시 성산구 완암로 3, 4동 1층 2호 (웅남동)",ENRICHED_FROM_FACTORY_REGISTER,NOT_MATCH,LEGAL_DONG_MFG_DENSITY_PROXY_UPPER_BOUND,MAPPED,A,False,CONFIRMED_POSTING_COMPANY_IDENTIFIED,수집시점 공개 채용활동 확인. 공고 수는 모집인원·노동수요가 아니다. 모집인원은 목록 미제공·상세 수집 비허용으로 미확보(NULL).,http://www.work.go.kr/empInfo/empInfoSrch/detail/empDetailAuthView.do?callPage=detail&wantedAuthNo=KJBO002609140012
기계,2026Q2,우선점검,S4,기계,（유）현대기공,현대기공,(유)현대기공,K131112609140024,MCT 모집합니다.,경남 창원시 마산합포구,마산합포구,2026-09-14,2026-10-13,,NOT_COLLECTED_ACCESS_POLICY,,NOT_PROVIDED_ON_LIST,신입,0.0,시급,10320,10320,25941,볼트 및 너트류 제조업,COMPANY_MASTER_EXACT,MATCH,True,경상남도 창원시 마산합포구 진북면 산단2길 66,ENRICHED_FROM_FACTORY_REGISTER,POSSIBLE,LEGAL_DONG_MFG_DENSITY_PROXY_UPPER_BOUND,MAPPED,C,False,CONFIRMED_POSTING_COMPANY_IDENTIFIED,수집시점 공개 채용활동 확인. 공고 수는 모집인원·노동수요가 아니다. 모집인원은 목록 미제공·상세 수집 비허용으로 미확보(NULL).,http://www.work.go.kr/empInfo/empInfoSrch/detail/empDetailAuthView.do?callPage=detail&wantedAuthNo=K131112609140024
목재종이,2026Q2,우선점검,S4,목재종이,주식회사 케이티에스,케이티에스,케이티에스,KEC0052609140005,대형마트 정육판매원 채용,경남 창원시 마산회원구,마산회원구,2026-09-14,2026-09-28,,NOT_COLLECTED_ACCESS_POLICY,,NOT_PROVIDED_ON_LIST,경력,3.0,월급,1080000,1080000,17902,위생용 종이제품 제조업,COMPANY_MASTER_EXACT,MATCH,True,경상남도 창원시 의창구 동읍 석산길 42,ENRICHED_FROM_FACTORY_REGISTER,POSSIBLE,LEGAL_DONG_MFG_DENSITY_PROXY_UPPER_BOUND,MAPPED,A,False,CONFIRMED_POSTING_COMPANY_IDENTIFIED,수집시점 공개 채용활동 확인. 공고 수는 모집인원·노동수요가 아니다. 모집인원은 목록 미제공·상세 수집 비허용으로 미확보(NULL).,http://www.work.go.kr/empInfo/empInfoSrch/detail/empDetailAuthView.do?callPage=detail&wantedAuthNo=KEC0052609140005
기계,2026Q2,우선점검,S4,기계,피엔테크 주식회사,피엔테크,피엔테크 주식회사,K131112609110029,렌즈 가공직 구인 (3교대)  CNC MCT,경남 창원시 마산합포구,마산합포구,2026-09-11,2026-09-30,,NOT_COLLECTED_ACCESS_POLICY,,NOT_PROVIDED_ON_LIST,관계없음,,시급,10320,10320,29271,반도체 제조용 기계 제조업,COMPANY_MASTER_EXACT,MATCH,True,경상남도 창원시 마산합포구 진북면 진북신촌로 158,ENRICHED_FROM_FACTORY_REGISTER,POSSIBLE,LEGAL_DONG_MFG_DENSITY_PROXY_UPPER_BOUND,MAPPED,A,False,CONFIRMED_POSTING_COMPANY_IDENTIFIED,수집시점 공개 채용활동 확인. 공고 수는 모집인원·노동수요가 아니다. 모집인원은 목록 미제공·상세 수집 비허용으로 미확보(NULL).,http://www.work.go.kr/empInfo/empInfoSrch/detail/empDetailAuthView.do?callPage=detail&wantedAuthNo=K131112609110029
기계,2026Q2,우선점검,S4,기계,피엔테크 주식회사,피엔테크,피엔테크 주식회사,K131112609110028,유리 연마직  2교대 근무자 채용,경남 창원시 마산합포구,마산합포구,2026-09-11,2026-09-30,,NOT_COLLECTED_ACCESS_POLICY,,NOT_PROVIDED_ON_LIST,신입,0.0,시급,10320,10320,29271,반도체 제조용 기계 제조업,COMPANY_MASTER_EXACT,MATCH,True,경상남도 창원시 마산합포구 진북면 진북신촌로 158,ENRICHED_FROM_FACTORY_REGISTER,POSSIBLE,LEGAL_DONG_MFG_DENSITY_PROXY_UPPER_BOUND,MAPPED,A,False,CONFIRMED_POSTING_COMPANY_IDENTIFIED,수집시점 공개 채용활동 확인. 공고 수는 모집인원·노동수요가 아니다. 모집인원은 목록 미제공·상세 수집 비허용으로 미확보(NULL).,http://www.work.go.kr/empInfo/empInfoSrch/detail/empDetailAuthView.do?callPage=detail&wantedAuthNo=K131112609110028
기계,2026Q2,우선점검,S4,기계,（주）예림도장기,예림도장기,(주)예림도장기,K131112609100013,CNC / MCT 가공 보조  모집 - 마산자유무역지구,경남 창원시 마산회원구,마산회원구,2026-09-10,2026-11-09,,NOT_COLLECTED_ACCESS_POLICY,,NOT_PROVIDED_ON_LIST,관계없음,,시급,10320,10320,29193,동력식 수지공구 제조업,COMPANY_MASTER_EXACT,MATCH,True,경상남도 창원시 마산회원구 자유무역5길 85(봉암동),ENRICHED_FROM_FACTORY_REGISTER,NOT_MATCH,LEGAL_DONG_MFG_DENSITY_PROXY_UPPER_BOUND,MAPPED,A,False,CONFIRMED_POSTING_COMPANY_IDENTIFIED,수집시점 공개 채용활동 확인. 공고 수는 모집인원·노동수요가 아니다. 모집인원은 목록 미제공·상세 수집 비허용으로 미확보(NULL).,http://www.work.go.kr/empInfo/empInfoSrch/detail/empDetailAuthView.do?callPage=detail&wantedAuthNo=K131112609100013
기계,2026Q2,우선점검,S4,기계,주식회사비토,비토,(주)비토,K131112609090041,[공구연삭] 생산 정규직 모집 - 초보가능[경력자우대],경남 창원시 마산회원구,마산회원구,2026-09-09,2026-11-08,,NOT_COLLECTED_ACCESS_POLICY,,NOT_PROVIDED_ON_LIST,관계없음,,시급,10500,10500,25933,비동력식 수공구 제조업,COMPANY_MASTER_EXACT,MATCH,True,"경상남도 창원시 마산회원구 자유무역3길 193, 표준공장 2호동 6층 일부(양덕동)",ENRICHED_FROM_FACTORY_REGISTER,NOT_MATCH,LEGAL_DONG_MFG_DENSITY_PROXY_UPPER_BOUND,MAPPED,C,False,CONFIRMED_POSTING_COMPANY_IDENTIFIED,수집시점 공개 채용활동 확인. 공고 수는 모집인원·노동수요가 아니다. 모집인원은 목록 미제공·상세 수집 비허용으로 미확보(NULL).,http://www.work.go.kr/empInfo/empInfoSrch/detail/empDetailAuthView.do?callPage=detail&wantedAuthNo=K131112609090041
기계,2026Q2,우선점검,S4,기계,(주)에스에프에이,에스에프에이,(주)에스에프에이,K131112609090007,공작기계 ATC(자동공구 교환장치) 부품 조립인원 채용,경남 창원시 마산합포구,마산합포구,2026-09-09,2026-09-23,,NOT_COLLECTED_ACCESS_POLICY,,NOT_PROVIDED_ON_LIST,관계없음,,연봉,33000000,33000000,29229,기타 가공 공작기계 제조업,COMPANY_MASTER_EXACT,MATCH,True,경상남도 창원시 마산합포구 진북면 농공단지로 34,ENRICHED_FROM_FACTORY_REGISTER,POSSIBLE,LEGAL_DONG_MFG_DENSITY_PROXY_UPPER_BOUND,MAPPED,A,False,CONFIRMED_POSTING_COMPANY_IDENTIFIED,수집시점 공개 채용활동 확인. 공고 수는 모집인원·노동수요가 아니다. 모집인원은 목록 미제공·상세 수집 비허용으로 미확보(NULL).,http://www.work.go.kr/empInfo/empInfoSrch/detail/empDetailAuthView.do?callPage=detail&wantedAuthNo=K131112609090007
기계,2026Q2,우선점검,S4,기계,미래정밀,미래정밀,미래정밀,K131112609090004,생산직사원 모집,경남 창원시 마산회원구,마산회원구,2026-09-09,2026-11-07,,NOT_COLLECTED_ACCESS_POLICY,,NOT_PROVIDED_ON_LIST,관계없음,,시급,10320,10320,25924,절삭가공 및 유사처리업,COMPANY_MASTER_EXACT,MATCH,True,경상남도 창원시 성산구 연덕로9번길 15 (웅남동),ENRICHED_FROM_FACTORY_REGISTER,NOT_MATCH,LEGAL_DONG_MFG_DENSITY_PROXY_UPPER_BOUND,MAPPED,C,False,CONFIRMED_POSTING_COMPANY_IDENTIFIED,수집시점 공개 채용활동 확인. 공고 수는 모집인원·노동수요가 아니다. 모집인원은 목록 미제공·상세 수집 비허용으로 미확보(NULL).,http://www.work.go.kr/empInfo/empInfoSrch/detail/empDetailAuthView.do?callPage=detail&wantedAuthNo=K131112609090004
기계,2026Q2,우선점검,S4,기계,주식회사 강운테크,강운테크,(주)강운테크,K131112609080020,기계 조립공 모집,경남 창원시 마산회원구,마산회원구,2026-09-08,2026-09-22,,NOT_COLLECTED_ACCESS_POLICY,,NOT_PROVIDED_ON_LIST,경력,12.0,연봉,36000000,50000000,29131,액체 펌프 제조업,COMPANY_MASTER_EXACT,MATCH,True,경상남도 창원시 마산회원구 봉암공단4길 161 (봉암동),ENRICHED_FROM_FACTORY_REGISTER,NOT_MATCH,LEGAL_DONG_MFG_DENSITY_PROXY_UPPER_BOUND,MAPPED,A,False,CONFIRMED_POSTING_COMPANY_IDENTIFIED,수집시점 공개 채용활동 확인. 공고 수는 모집인원·노동수요가 아니다. 모집인원은 목록 미제공·상세 수집 비허용으로 미확보(NULL).,http://www.work.go.kr/empInfo/empInfoSrch/detail/empDetailAuthView.do?callPage=detail&wantedAuthNo=K131112609080020
기계,2026Q2,우선점검,S4,기계,주식회사 인시스(INSYS),인시스INSYS,(주)인시스,K131132609080011,[마산] 방송국 취재차량 운전&촬영보조 채용,경남 창원시 마산회원구,마산회원구,2026-09-08,2026-09-22,,NOT_COLLECTED_ACCESS_POLICY,,NOT_PROVIDED_ON_LIST,관계없음,,월급,2250000,2550000,29141,구름베어링 제조업,COMPANY_MASTER_EXACT,MATCH,True,경상남도 창원시 성산구 반월로60번길 18 (신촌동),ENRICHED_FROM_FACTORY_REGISTER,NOT_MATCH,LEGAL_DONG_MFG_DENSITY_PROXY_UPPER_BOUND,MAPPED,A,False,CONFIRMED_POSTING_COMPANY_IDENTIFIED,수집시점 공개 채용활동 확인. 공고 수는 모집인원·노동수요가 아니다. 모집인원은 목록 미제공·상세 수집 비허용으로 미확보(NULL).,http://www.work.go.kr/empInfo/empInfoSrch/detail/empDetailAuthView.do?callPage=detail&wantedAuthNo=K131132609080011
기계,2026Q2,우선점검,S4,기계,（주）성우,성우,(주)성우,K131112609080007,[생산관리] 신입 및 경력 채용,경남 창원시 마산합포구,마산합포구,2026-09-08,2026-11-07,,NOT_COLLECTED_ACCESS_POLICY,,NOT_PROVIDED_ON_LIST,관계없음,,연봉,31000000,31000000,29229,기타 가공 공작기계 제조업,COMPANY_MASTER_EXACT,MATCH,True,경상남도 창원시 마산합포구 진북면 산단1길 29-5,ENRICHED_FROM_FACTORY_REGISTER,POSSIBLE,LEGAL_DONG_MFG_DENSITY_PROXY_UPPER_BOUND,MAPPED,A,False,CONFIRMED_POSTING_COMPANY_IDENTIFIED,수집시점 공개 채용활동 확인. 공고 수는 모집인원·노동수요가 아니다. 모집인원은 목록 미제공·상세 수집 비허용으로 미확보(NULL).,http://www.work.go.kr/empInfo/empInfoSrch/detail/empDetailAuthView.do?callPage=detail&wantedAuthNo=K131112609080007
목재종이,2026Q2,우선점검,S4,목재종이,주식회사 극동티앤에프,극동티앤에프,(주)극동티앤에프,K131112609070060,생산직모집,경남 창원시 마산합포구,마산합포구,2026-09-07,2026-09-21,,NOT_COLLECTED_ACCESS_POLICY,,NOT_PROVIDED_ON_LIST,관계없음,,시급,10320,10320,16102,표면 가공 목재 및 특정 목적용 제재목 제조업,COMPANY_MASTER_EXACT,MATCH,True,경상남도 창원시 마산합포구 가포신항남로 44 (가포동),ENRICHED_FROM_FACTORY_REGISTER,NOT_MATCH,LEGAL_DONG_MFG_DENSITY_PROXY_UPPER_BOUND,MAPPED,A,False,CONFIRMED_POSTING_COMPANY_IDENTIFIED,수집시점 공개 채용활동 확인. 공고 수는 모집인원·노동수요가 아니다. 모집인원은 목록 미제공·상세 수집 비허용으로 미확보(NULL).,http://www.work.go.kr/empInfo/empInfoSrch/detail/empDetailAuthView.do?callPage=detail&wantedAuthNo=K131112609070060
기계,2026Q2,우선점검,S4,기계,칸에스티엔(주) 마산공장,칸에스티엔마산공장,칸에스티엔(주) 마산공장,K131112609070058,부품 품질 검사 QA팀장 모집,경남 창원시 마산회원구,마산회원구,2026-09-07,2026-11-06,,NOT_COLLECTED_ACCESS_POLICY,,NOT_PROVIDED_ON_LIST,경력,36.0,연봉,36000000,40000000,25924,절삭가공 및 유사처리업,COMPANY_MASTER_EXACT,MATCH,True,"경상남도 창원시 마산회원구 자유무역3길 130, 칸에스티엔(주) 마산공장(양덕동)",ENRICHED_FROM_FACTORY_REGISTER,NOT_MATCH,LEGAL_DONG_MFG_DENSITY_PROXY_UPPER_BOUND,MAPPED,C,False,CONFIRMED_POSTING_COMPANY_IDENTIFIED,수집시점 공개 채용활동 확인. 공고 수는 모집인원·노동수요가 아니다. 모집인원은 목록 미제공·상세 수집 비허용으로 미확보(NULL).,http://www.work.go.kr/empInfo/empInfoSrch/detail/empDetailAuthView.do?callPage=detail&wantedAuthNo=K131112609070058
기계,2026Q2,우선점검,S4,기계,첨단엔진주식회사,첨단엔진,첨단엔진(주),K131112609070056,CNC 조작원(단능기) 모집합니다. ※실업급여 목적인 분은 정중히 거절합니다.※,경남 창원시 마산회원구,마산회원구,2026-09-07,2026-09-21,,NOT_COLLECTED_ACCESS_POLICY,,NOT_PROVIDED_ON_LIST,관계없음,,일급,82560,82560,29141,구름베어링 제조업,COMPANY_MASTER_EXACT,MATCH,True,경상남도 창원시 마산회원구 자유무역2길 110 (양덕동),ENRICHED_FROM_FACTORY_REGISTER,NOT_MATCH,LEGAL_DONG_MFG_DENSITY_PROXY_UPPER_BOUND,MAPPED,A,False,CONFIRMED_POSTING_COMPANY_IDENTIFIED,수집시점 공개 채용활동 확인. 공고 수는 모집인원·노동수요가 아니다. 모집인원은 목록 미제공·상세 수집 비허용으로 미확보(NULL).,http://www.work.go.kr/empInfo/empInfoSrch/detail/empDetailAuthView.do?callPage=detail&wantedAuthNo=K131112609070056
기계,2026Q2,우선점검,S4,기계,동원하이테크,동원하이테크,동원하이테크,K131112609070046,MCT 및 NC선반보조 직원 모집,경남 창원시 마산회원구,마산회원구,2026-09-07,2026-11-06,,NOT_COLLECTED_ACCESS_POLICY,,NOT_PROVIDED_ON_LIST,신입,0.0,시급,10400,11000,29223,금속 절삭기계 제조업,COMPANY_MASTER_EXACT,MATCH,True,"경상남도 창원시 마산회원구 봉암공단7길 10, 동원테크 내 (봉암동)",ENRICHED_FROM_FACTORY_REGISTER,NOT_MATCH,LEGAL_DONG_MFG_DENSITY_PROXY_UPPER_BOUND,MAPPED,A,False,CONFIRMED_POSTING_COMPANY_IDENTIFIED,수집시점 공개 채용활동 확인. 공고 수는 모집인원·노동수요가 아니다. 모집인원은 목록 미제공·상세 수집 비허용으로 미확보(NULL).,http://www.work.go.kr/empInfo/empInfoSrch/detail/empDetailAuthView.do?callPage=detail&wantedAuthNo=K131112609070046
기계,2026Q2,우선점검,S4,기계,(주) 엘피스테크,엘피스테크,(주)엘피스테크,K131112609070021,품질관리 사원 모집,경남 창원시 마산회원구,마산회원구,2026-09-07,2026-09-20,,NOT_COLLECTED_ACCESS_POLICY,,NOT_PROVIDED_ON_LIST,경력,36.0,연봉,40000000,40000000,25992,수동식 식품 가공기기 및 금속 주방용기 제조업,COMPANY_MASTER_EXACT,MATCH,True,"경상남도 창원시 마산합포구 가포신항중앙로 21, (주)엘피스테크 (가포동)",ENRICHED_FROM_FACTORY_REGISTER,NOT_MATCH,LEGAL_DONG_MFG_DENSITY_PROXY_UPPER_BOUND,MAPPED,C,False,CONFIRMED_POSTING_COMPANY_IDENTIFIED,수집시점 공개 채용활동 확인. 공고 수는 모집인원·노동수요가 아니다. 모집인원은 목록 미제공·상세 수집 비허용으로 미확보(NULL).,http://www.work.go.kr/empInfo/empInfoSrch/detail/empDetailAuthView.do?callPage=detail&wantedAuthNo=K131112609070021
기계,2026Q2,우선점검,S4,기계,대원정밀,대원정밀,대원정밀,K131112609070016,CNC.MCT 조작자 모집,경남 창원시 마산회원구,마산회원구,2026-09-07,2026-09-30,,NOT_COLLECTED_ACCESS_POLICY,,NOT_PROVIDED_ON_LIST,관계없음,,시급,10320,10320,29210,농업 및 임업용 기계 제조업,COMPANY_MASTER_EXACT,MATCH,True,"경상남도 창원시 마산회원구 봉암공단6길 69 (봉암동, 주택)",ENRICHED_FROM_FACTORY_REGISTER,NOT_MATCH,LEGAL_DONG_MFG_DENSITY_PROXY_UPPER_BOUND,MAPPED,A,False,CONFIRMED_POSTING_COMPANY_IDENTIFIED,수집시점 공개 채용활동 확인. 공고 수는 모집인원·노동수요가 아니다. 모집인원은 목록 미제공·상세 수집 비허용으로 미확보(NULL).,http://www.work.go.kr/empInfo/empInfoSrch/detail/empDetailAuthView.do?callPage=detail&wantedAuthNo=K131112609070016
기계,2026Q2,우선점검,S4,기계,주식회사 다트코리아,다트코리아,다트코리아,K131112609070005,자동화 관련 연구설계,경남 창원시 마산회원구,마산회원구,2026-09-07,2026-11-05,,NOT_COLLECTED_ACCESS_POLICY,,NOT_PROVIDED_ON_LIST,신입,0.0,연봉,28000000,30000000,29299,그 외 기타 특수목적용 기계 제조업,COMPANY_MASTER_EXACT,MATCH,True,,NOT_COLLECTED_ACCESS_POLICY,UNKNOWN,NO_RELIABLE_ADDRESS,MAPPED,A,False,CONFIRMED_POSTING_COMPANY_IDENTIFIED,수집시점 공개 채용활동 확인. 공고 수는 모집인원·노동수요가 아니다. 모집인원은 목록 미제공·상세 수집 비허용으로 미확보(NULL).,http://www.work.go.kr/empInfo/empInfoSrch/detail/empDetailAuthView.do?callPage=detail&wantedAuthNo=K131112609070005
기계,2026Q2,우선점검,S4,기계,효종（주）,효종,효종(주),K131112609040012,생산관리,경남 창원시 마산합포구,마산합포구,2026-09-04,2026-09-30,,NOT_COLLECTED_ACCESS_POLICY,,NOT_PROVIDED_ON_LIST,경력,12.0,연봉,42000000,45000000,25929,그 외 기타 금속가공업,COMPANY_MASTER_EXACT,MATCH,True,경상남도 창원시 마산합포구 진전면 대실로 189 (효종) 외 2필지,ENRICHED_FROM_FACTORY_REGISTER,POSSIBLE,LEGAL_DONG_MFG_DENSITY_PROXY_UPPER_BOUND,MAPPED,C,False,CONFIRMED_POSTING_COMPANY_IDENTIFIED,수집시점 공개 채용활동 확인. 공고 수는 모집인원·노동수요가 아니다. 모집인원은 목록 미제공·상세 수집 비허용으로 미확보(NULL).,http://www.work.go.kr/empInfo/empInfoSrch/detail/empDetailAuthView.do?callPage=detail&wantedAuthNo=K131112609040012
기계,2026Q2,우선점검,S4,기계,효종（주）,효종,효종(주),K131112609040011,캐드원 모집,경남 창원시 마산합포구,마산합포구,2026-09-04,2026-09-30,,NOT_COLLECTED_ACCESS_POLICY,,NOT_PROVIDED_ON_LIST,경력,24.0,연봉,42000000,45000000,25929,그 외 기타 금속가공업,COMPANY_MASTER_EXACT,MATCH,True,경상남도 창원시 마산합포구 진전면 대실로 189 (효종) 외 2필지,ENRICHED_FROM_FACTORY_REGISTER,POSSIBLE,LEGAL_DONG_MFG_DENSITY_PROXY_UPPER_BOUND,MAPPED,C,False,CONFIRMED_POSTING_COMPANY_IDENTIFIED,수집시점 공개 채용활동 확인. 공고 수는 모집인원·노동수요가 아니다. 모집인원은 목록 미제공·상세 수집 비허용으로 미확보(NULL).,http://www.work.go.kr/empInfo/empInfoSrch/detail/empDetailAuthView.do?callPage=detail&wantedAuthNo=K131112609040011
기계,2026Q2,우선점검,S4,기계,효종（주）,효종,효종(주),K131112609040010,조선의장품 제관원 모집,경남 창원시 마산합포구,마산합포구,2026-09-04,2026-09-30,,NOT_COLLECTED_ACCESS_POLICY,,NOT_PROVIDED_ON_LIST,경력,12.0,시급,16000,20000,25929,그 외 기타 금속가공업,COMPANY_MASTER_EXACT,MATCH,True,경상남도 창원시 마산합포구 진전면 대실로 189 (효종) 외 2필지,ENRICHED_FROM_FACTORY_REGISTER,POSSIBLE,LEGAL_DONG_MFG_DENSITY_PROXY_UPPER_BOUND,MAPPED,C,False,CONFIRMED_POSTING_COMPANY_IDENTIFIED,수집시점 공개 채용활동 확인. 공고 수는 모집인원·노동수요가 아니다. 모집인원은 목록 미제공·상세 수집 비허용으로 미확보(NULL).,http://www.work.go.kr/empInfo/empInfoSrch/detail/empDetailAuthView.do?callPage=detail&wantedAuthNo=K131112609040010
기계,2026Q2,우선점검,S4,기계,광림테크,광림테크,광림테크,K131112609040009,품질관리원,경남 창원시 마산합포구,마산합포구,2026-09-04,2026-09-30,,NOT_COLLECTED_ACCESS_POLICY,,NOT_PROVIDED_ON_LIST,경력,12.0,연봉,42000000,46000000,29293,주형 및 금형 제조업,COMPANY_MASTER_EXACT,MATCH,True,"경상남도 창원시 의창구 평산로 37 (팔용동, KPE)",ENRICHED_FROM_FACTORY_REGISTER,NOT_MATCH,LEGAL_DONG_MFG_DENSITY_PROXY_UPPER_BOUND,MAPPED,A,False,CONFIRMED_POSTING_COMPANY_IDENTIFIED,수집시점 공개 채용활동 확인. 공고 수는 모집인원·노동수요가 아니다. 모집인원은 목록 미제공·상세 수집 비허용으로 미확보(NULL).,http://www.work.go.kr/empInfo/empInfoSrch/detail/empDetailAuthView.do?callPage=detail&wantedAuthNo=K131112609040009
기계,2026Q2,우선점검,S4,기계,광림테크,광림테크,광림테크,K131112609040008,캐드원 모집,경남 창원시 마산합포구,마산합포구,2026-09-04,2026-09-30,,NOT_COLLECTED_ACCESS_POLICY,,NOT_PROVIDED_ON_LIST,경력,12.0,연봉,42000000,45000000,29293,주형 및 금형 제조업,COMPANY_MASTER_EXACT,MATCH,True,"경상남도 창원시 의창구 평산로 37 (팔용동, KPE)",ENRICHED_FROM_FACTORY_REGISTER,NOT_MATCH,LEGAL_DONG_MFG_DENSITY_PROXY_UPPER_BOUND,MAPPED,A,False,CONFIRMED_POSTING_COMPANY_IDENTIFIED,수집시점 공개 채용활동 확인. 공고 수는 모집인원·노동수요가 아니다. 모집인원은 목록 미제공·상세 수집 비허용으로 미확보(NULL).,http://www.work.go.kr/empInfo/empInfoSrch/detail/empDetailAuthView.do?callPage=detail&wantedAuthNo=K131112609040008
기계,2026Q2,우선점검,S4,기계,광림테크,광림테크,광림테크,K131112609040007,조선철의장품 제관사 모집,경남 창원시 마산합포구,마산합포구,2026-09-04,2026-09-30,,NOT_COLLECTED_ACCESS_POLICY,,NOT_PROVIDED_ON_LIST,관계없음,,시급,11000,18000,29293,주형 및 금형 제조업,COMPANY_MASTER_EXACT,MATCH,True,"경상남도 창원시 의창구 평산로 37 (팔용동, KPE)",ENRICHED_FROM_FACTORY_REGISTER,NOT_MATCH,LEGAL_DONG_MFG_DENSITY_PROXY_UPPER_BOUND,MAPPED,A,False,CONFIRMED_POSTING_COMPANY_IDENTIFIED,수집시점 공개 채용활동 확인. 공고 수는 모집인원·노동수요가 아니다. 모집인원은 목록 미제공·상세 수집 비허용으로 미확보(NULL).,http://www.work.go.kr/empInfo/empInfoSrch/detail/empDetailAuthView.do?callPage=detail&wantedAuthNo=K131112609040007
기계,2026Q2,우선점검,S4,기계,광림테크,광림테크,광림테크,K131112609040006,MCT 머시닝센터 오퍼레이터,경남 창원시 마산합포구,마산합포구,2026-09-04,2026-09-30,,NOT_COLLECTED_ACCESS_POLICY,,NOT_PROVIDED_ON_LIST,경력,12.0,월급,3500000,4000000,29293,주형 및 금형 제조업,COMPANY_MASTER_EXACT,MATCH,True,"경상남도 창원시 의창구 평산로 37 (팔용동, KPE)",ENRICHED_FROM_FACTORY_REGISTER,NOT_MATCH,LEGAL_DONG_MFG_DENSITY_PROXY_UPPER_BOUND,MAPPED,A,False,CONFIRMED_POSTING_COMPANY_IDENTIFIED,수집시점 공개 채용활동 확인. 공고 수는 모집인원·노동수요가 아니다. 모집인원은 목록 미제공·상세 수집 비허용으로 미확보(NULL).,http://www.work.go.kr/empInfo/empInfoSrch/detail/empDetailAuthView.do?callPage=detail&wantedAuthNo=K131112609040006
기계,2026Q2,우선점검,S4,기계,（주）성우,성우,(주)성우,K131112609040001,[MCT 출하 및 상하차 지원] 신입 채용,경남 창원시 마산합포구,마산합포구,2026-09-04,2026-11-03,,NOT_COLLECTED_ACCESS_POLICY,,NOT_PROVIDED_ON_LIST,관계없음,,연봉,31000000,31000000,29229,기타 가공 공작기계 제조업,COMPANY_MASTER_EXACT,MATCH,True,경상남도 창원시 마산합포구 진북면 산단1길 29-5,ENRICHED_FROM_FACTORY_REGISTER,POSSIBLE,LEGAL_DONG_MFG_DENSITY_PROXY_UPPER_BOUND,MAPPED,A,False,CONFIRMED_POSTING_COMPANY_IDENTIFIED,수집시점 공개 채용활동 확인. 공고 수는 모집인원·노동수요가 아니다. 모집인원은 목록 미제공·상세 수집 비허용으로 미확보(NULL).,http://www.work.go.kr/empInfo/empInfoSrch/detail/empDetailAuthView.do?callPage=detail&wantedAuthNo=K131112609040001
기계,2026Q2,우선점검,S4,기계,（유）현대기공,현대기공,(유)현대기공,K131112609030026,자재 납품지원팀 구인 ( 제품 포장관리 및 납품 ),경남 창원시 마산합포구,마산합포구,2026-09-03,2026-10-02,,NOT_COLLECTED_ACCESS_POLICY,,NOT_PROVIDED_ON_LIST,관계없음,,연봉,36000000,36000000,25941,볼트 및 너트류 제조업,COMPANY_MASTER_EXACT,MATCH,True,경상남도 창원시 마산합포구 진북면 산단2길 66,ENRICHED_FROM_FACTORY_REGISTER,POSSIBLE,LEGAL_DONG_MFG_DENSITY_PROXY_UPPER_BOUND,MAPPED,C,False,CONFIRMED_POSTING_COMPANY_IDENTIFIED,수집시점 공개 채용활동 확인. 공고 수는 모집인원·노동수요가 아니다. 모집인원은 목록 미제공·상세 수집 비허용으로 미확보(NULL).,http://www.work.go.kr/empInfo/empInfoSrch/detail/empDetailAuthView.do?callPage=detail&wantedAuthNo=K131112609030026
기계,2026Q2,우선점검,S4,기계,(주)부용,부용,(주)부용,K131112609030020,품질 사무원 및 관리원,경남 창원시 마산합포구,마산합포구,2026-09-03,2026-09-30,,NOT_COLLECTED_ACCESS_POLICY,,NOT_PROVIDED_ON_LIST,관계없음,,연봉,36000000,36000000,29293,주형 및 금형 제조업,COMPANY_MASTER_EXACT,MATCH,True,경상남도 창원시 마산합포구 가포신항북2길 4 (가포동),ENRICHED_FROM_FACTORY_REGISTER,NOT_MATCH,LEGAL_DONG_MFG_DENSITY_PROXY_UPPER_BOUND,MAPPED,A,False,CONFIRMED_POSTING_COMPANY_IDENTIFIED,수집시점 공개 채용활동 확인. 공고 수는 모집인원·노동수요가 아니다. 모집인원은 목록 미제공·상세 수집 비허용으로 미확보(NULL).,http://www.work.go.kr/empInfo/empInfoSrch/detail/empDetailAuthView.do?callPage=detail&wantedAuthNo=K131112609030020
기계,2026Q2,우선점검,S4,기계,하이윈코퍼레이션(주),하이윈코퍼레이션,하이윈코퍼레이션(주),K131112609020063,HIWIN 한국지사 창원지점 영업운영팀 채용,경남 창원시 마산회원구,마산회원구,2026-09-02,2026-11-01,,NOT_COLLECTED_ACCESS_POLICY,,NOT_PROVIDED_ON_LIST,신입,0.0,월급,2500000,2500000,29280,산업용 로봇 제조업,COMPANY_MASTER_EXACT,MATCH,True,"경상남도 창원시 마산회원구 자유무역3길 177, 1동 1층 , 5층 (양덕동)",ENRICHED_FROM_FACTORY_REGISTER,NOT_MATCH,LEGAL_DONG_MFG_DENSITY_PROXY_UPPER_BOUND,MAPPED,A,False,CONFIRMED_POSTING_COMPANY_IDENTIFIED,수집시점 공개 채용활동 확인. 공고 수는 모집인원·노동수요가 아니다. 모집인원은 목록 미제공·상세 수집 비허용으로 미확보(NULL).,http://www.work.go.kr/empInfo/empInfoSrch/detail/empDetailAuthView.do?callPage=detail&wantedAuthNo=K131112609020063
기계,2026Q2,우선점검,S4,기계,대영산업,대영산업,대영산업,K131112609020025,직원을 모집합니다.,경남 창원시 마산합포구,마산합포구,2026-09-02,2026-11-01,,NOT_COLLECTED_ACCESS_POLICY,,NOT_PROVIDED_ON_LIST,신입,0.0,월급,3000000,3000000,25119,기타 구조용 금속제품 제조업,COMPANY_MASTER_EXACT,MATCH,True,경상남도 창원시 마산합포구 지산1길 98-176 (진북면) 외 2필지,ENRICHED_FROM_FACTORY_REGISTER,NOT_MATCH,LEGAL_DONG_MFG_DENSITY_PROXY_UPPER_BOUND,MAPPED,C,False,CONFIRMED_POSTING_COMPANY_IDENTIFIED,수집시점 공개 채용활동 확인. 공고 수는 모집인원·노동수요가 아니다. 모집인원은 목록 미제공·상세 수집 비허용으로 미확보(NULL).,http://www.work.go.kr/empInfo/empInfoSrch/detail/empDetailAuthView.do?callPage=detail&wantedAuthNo=K131112609020025
기계,2026Q2,우선점검,S4,기계,주식회사 프리텍,프리텍,(주)프리텍,K131112609020011,정밀 금속 가공품 조립 및 사상 요원을 모집합니다.,경남 창원시 마산합포구,마산합포구,2026-09-02,2026-09-30,,NOT_COLLECTED_ACCESS_POLICY,,NOT_PROVIDED_ON_LIST,관계없음,,시급,10320,10320,29111,내연기관 제조업,COMPANY_MASTER_EXACT,MATCH,True,경상남도 창원시 마산합포구 진북면 산단2길 46-6 (총 2 필지) 외 1필지,ENRICHED_FROM_FACTORY_REGISTER,POSSIBLE,LEGAL_DONG_MFG_DENSITY_PROXY_UPPER_BOUND,MAPPED,A,False,CONFIRMED_POSTING_COMPANY_IDENTIFIED,수집시점 공개 채용활동 확인. 공고 수는 모집인원·노동수요가 아니다. 모집인원은 목록 미제공·상세 수집 비허용으로 미확보(NULL).,http://www.work.go.kr/empInfo/empInfoSrch/detail/empDetailAuthView.do?callPage=detail&wantedAuthNo=K131112609020011
기계,2026Q2,우선점검,S4,기계,（주）성우,성우,(주)성우,K131112609020001,[자재관리] 신입 채용,경남 창원시 마산합포구,마산합포구,2026-09-02,2026-11-01,,NOT_COLLECTED_ACCESS_POLICY,,NOT_PROVIDED_ON_LIST,신입,0.0,연봉,30000000,35000000,29229,기타 가공 공작기계 제조업,COMPANY_MASTER_EXACT,MATCH,True,경상남도 창원시 마산합포구 진북면 산단1길 29-5,ENRICHED_FROM_FACTORY_REGISTER,POSSIBLE,LEGAL_DONG_MFG_DENSITY_PROXY_UPPER_BOUND,MAPPED,A,False,CONFIRMED_POSTING_COMPANY_IDENTIFIED,수집시점 공개 채용활동 확인. 공고 수는 모집인원·노동수요가 아니다. 모집인원은 목록 미제공·상세 수집 비허용으로 미확보(NULL).,http://www.work.go.kr/empInfo/empInfoSrch/detail/empDetailAuthView.do?callPage=detail&wantedAuthNo=K131112609020001
기계,2026Q2,우선점검,S4,기계,그린산업주식회사,그린산업,그린산업(주),K131112609010047,생산관리(경력직) 모집,경남 창원시 마산회원구,마산회원구,2026-09-01,2026-09-30,,NOT_COLLECTED_ACCESS_POLICY,,NOT_PROVIDED_ON_LIST,경력,24.0,연봉,36000000,40000000,,공기 조화장치 제조업,COMPANY_MASTER_EXACT,MATCH,True,경상남도 창원시 마산회원구 자유무역4길 49 (봉암동),ENRICHED_FROM_FACTORY_REGISTER,NOT_MATCH,LEGAL_DONG_MFG_DENSITY_PROXY_UPPER_BOUND,MAPPED,A,False,CONFIRMED_POSTING_COMPANY_IDENTIFIED,수집시점 공개 채용활동 확인. 공고 수는 모집인원·노동수요가 아니다. 모집인원은 목록 미제공·상세 수집 비허용으로 미확보(NULL).,http://www.work.go.kr/empInfo/empInfoSrch/detail/empDetailAuthView.do?callPage=detail&wantedAuthNo=K131112609010047
기계,2026Q2,우선점검,S4,기계,대원하이텍,대원하이텍,대원 하이텍,K131112609010039,"버티컬, 호리젠탈MCT 보조원 모집",경남 창원시 마산회원구,마산회원구,2026-09-01,2026-10-31,,NOT_COLLECTED_ACCESS_POLICY,,NOT_PROVIDED_ON_LIST,경력,24.0,월급,2800000,3200000,29223,금속 절삭기계 제조업,COMPANY_MASTER_EXACT,MATCH,True,경상남도 창원시 마산회원구 내서읍 중리공단로 63-1,ENRICHED_FROM_FACTORY_REGISTER,POSSIBLE,LEGAL_DONG_MFG_DENSITY_PROXY_UPPER_BOUND,MAPPED,A,False,CONFIRMED_POSTING_COMPANY_IDENTIFIED,수집시점 공개 채용활동 확인. 공고 수는 모집인원·노동수요가 아니다. 모집인원은 목록 미제공·상세 수집 비허용으로 미확보(NULL).,http://www.work.go.kr/empInfo/empInfoSrch/detail/empDetailAuthView.do?callPage=detail&wantedAuthNo=K131112609010039
기계,2026Q2,우선점검,S4,기계,주식회사 프리텍,프리텍,(주)프리텍,K131112609010011,금속 가공 분야의 전문가 밀링 기능공을 찾고 있습니다.,경남 창원시 마산합포구,마산합포구,2026-09-01,2026-09-30,,NOT_COLLECTED_ACCESS_POLICY,,NOT_PROVIDED_ON_LIST,관계없음,,시급,11000,14000,29111,내연기관 제조업,COMPANY_MASTER_EXACT,MATCH,True,경상남도 창원시 마산합포구 진북면 산단2길 46-6 (총 2 필지) 외 1필지,ENRICHED_FROM_FACTORY_REGISTER,POSSIBLE,LEGAL_DONG_MFG_DENSITY_PROXY_UPPER_BOUND,MAPPED,A,False,CONFIRMED_POSTING_COMPANY_IDENTIFIED,수집시점 공개 채용활동 확인. 공고 수는 모집인원·노동수요가 아니다. 모집인원은 목록 미제공·상세 수집 비허용으로 미확보(NULL).,http://www.work.go.kr/empInfo/empInfoSrch/detail/empDetailAuthView.do?callPage=detail&wantedAuthNo=K131112609010011
기계,2026Q2,우선점검,S4,기계,주식회사 프리텍,프리텍,(주)프리텍,K131112609010010,성실한 CNC 및 밀링 요원을 모집합니다.,경남 창원시 마산합포구,마산합포구,2026-09-01,2026-09-30,,NOT_COLLECTED_ACCESS_POLICY,,NOT_PROVIDED_ON_LIST,경력,24.0,시급,10320,14000,29111,내연기관 제조업,COMPANY_MASTER_EXACT,MATCH,True,경상남도 창원시 마산합포구 진북면 산단2길 46-6 (총 2 필지) 외 1필지,ENRICHED_FROM_FACTORY_REGISTER,POSSIBLE,LEGAL_DONG_MFG_DENSITY_PROXY_UPPER_BOUND,MAPPED,A,False,CONFIRMED_POSTING_COMPANY_IDENTIFIED,수집시점 공개 채용활동 확인. 공고 수는 모집인원·노동수요가 아니다. 모집인원은 목록 미제공·상세 수집 비허용으로 미확보(NULL).,http://www.work.go.kr/empInfo/empInfoSrch/detail/empDetailAuthView.do?callPage=detail&wantedAuthNo=K131112609010010
기계,2026Q2,우선점검,S4,기계,주식회사 프리텍,프리텍,(주)프리텍,K131112609010009,금속 열처리 설비 가동 요원을 모집합니다.,경남 창원시 마산합포구,마산합포구,2026-09-01,2026-09-30,,NOT_COLLECTED_ACCESS_POLICY,,NOT_PROVIDED_ON_LIST,관계없음,,시급,12000,15000,29111,내연기관 제조업,COMPANY_MASTER_EXACT,MATCH,True,경상남도 창원시 마산합포구 진북면 산단2길 46-6 (총 2 필지) 외 1필지,ENRICHED_FROM_FACTORY_REGISTER,POSSIBLE,LEGAL_DONG_MFG_DENSITY_PROXY_UPPER_BOUND,MAPPED,A,False,CONFIRMED_POSTING_COMPANY_IDENTIFIED,수집시점 공개 채용활동 확인. 공고 수는 모집인원·노동수요가 아니다. 모집인원은 목록 미제공·상세 수집 비허용으로 미확보(NULL).,http://www.work.go.kr/empInfo/empInfoSrch/detail/empDetailAuthView.do?callPage=detail&wantedAuthNo=K131112609010009
기계,2026Q2,우선점검,S4,기계,주식회사 아이피테크,아이피테크,주식회사 아이피테크,K131112608310024,취부사 구인,경남 창원시 마산회원구,마산회원구,2026-08-31,2026-09-30,,NOT_COLLECTED_ACCESS_POLICY,,NOT_PROVIDED_ON_LIST,경력,36.0,월급,3000000,3000000,25112,구조용 금속 판제품 및 공작물 제조업,COMPANY_MASTER_EXACT,MATCH,True,경상남도 창원시 마산회원구 내서읍 수곡로 71-61,ENRICHED_FROM_FACTORY_REGISTER,POSSIBLE,LEGAL_DONG_MFG_DENSITY_PROXY_UPPER_BOUND,MAPPED,C,False,CONFIRMED_POSTING_COMPANY_IDENTIFIED,수집시점 공개 채용활동 확인. 공고 수는 모집인원·노동수요가 아니다. 모집인원은 목록 미제공·상세 수집 비허용으로 미확보(NULL).,http://www.work.go.kr/empInfo/empInfoSrch/detail/empDetailAuthView.do?callPage=detail&wantedAuthNo=K131112608310024
기계,2026Q2,우선점검,S4,기계,엔디티엔지니어링(주),엔디티엔지니어링,엔디티엔지니어링(주),K131112608310019,항공기부품 MCT 기계가공 인원 채용(마산 봉암동 공장),경남 창원시 마산회원구,마산회원구,2026-08-31,2026-09-30,,NOT_COLLECTED_ACCESS_POLICY,,NOT_PROVIDED_ON_LIST,경력,12.0,시급,11000,11000,29299,그 외 기타 특수목적용 기계 제조업,COMPANY_MASTER_EXACT,MATCH,True,경상남도 창원시 성산구 성주로97번길 28 (남산동),ENRICHED_FROM_FACTORY_REGISTER,NOT_MATCH,LEGAL_DONG_MFG_DENSITY_PROXY_UPPER_BOUND,MAPPED,A,False,CONFIRMED_POSTING_COMPANY_IDENTIFIED,수집시점 공개 채용활동 확인. 공고 수는 모집인원·노동수요가 아니다. 모집인원은 목록 미제공·상세 수집 비허용으로 미확보(NULL).,http://www.work.go.kr/empInfo/empInfoSrch/detail/empDetailAuthView.do?callPage=detail&wantedAuthNo=K131112608310019
기계,2026Q2,우선점검,S4,기계,효종（주）,효종,효종(주),K131112608270035,제관 보조,경남 창원시 마산합포구,마산합포구,2026-08-27,2026-10-26,,NOT_COLLECTED_ACCESS_POLICY,,NOT_PROVIDED_ON_LIST,관계없음,,시급,11000,16000,25929,그 외 기타 금속가공업,COMPANY_MASTER_EXACT,MATCH,True,경상남도 창원시 마산합포구 진전면 대실로 189 (효종) 외 2필지,ENRICHED_FROM_FACTORY_REGISTER,POSSIBLE,LEGAL_DONG_MFG_DENSITY_PROXY_UPPER_BOUND,MAPPED,C,False,CONFIRMED_POSTING_COMPANY_IDENTIFIED,수집시점 공개 채용활동 확인. 공고 수는 모집인원·노동수요가 아니다. 모집인원은 목록 미제공·상세 수집 비허용으로 미확보(NULL).,http://www.work.go.kr/empInfo/empInfoSrch/detail/empDetailAuthView.do?callPage=detail&wantedAuthNo=K131112608270035
기계,2026Q2,우선점검,S4,기계,（유）현대기공,현대기공,(유)현대기공,K131112608270034,[경력]MCT (버티칼) 조작및 프로그램 작성 가능 경력자 구인,경남 창원시 마산합포구,마산합포구,2026-08-27,2026-09-25,,NOT_COLLECTED_ACCESS_POLICY,,NOT_PROVIDED_ON_LIST,경력,60.0,시급,12000,12000,25941,볼트 및 너트류 제조업,COMPANY_MASTER_EXACT,MATCH,True,경상남도 창원시 마산합포구 진북면 산단2길 66,ENRICHED_FROM_FACTORY_REGISTER,POSSIBLE,LEGAL_DONG_MFG_DENSITY_PROXY_UPPER_BOUND,MAPPED,C,False,CONFIRMED_POSTING_COMPANY_IDENTIFIED,수집시점 공개 채용활동 확인. 공고 수는 모집인원·노동수요가 아니다. 모집인원은 목록 미제공·상세 수집 비허용으로 미확보(NULL).,http://www.work.go.kr/empInfo/empInfoSrch/detail/empDetailAuthView.do?callPage=detail&wantedAuthNo=K131112608270034
기계,2026Q2,우선점검,S4,기계,(주)회도리,회도리,주식회사 회도리,K131112608270029,현장 A/S 직원 모집,경남 창원시 마산회원구,마산회원구,2026-08-27,2026-10-26,,NOT_COLLECTED_ACCESS_POLICY,,NOT_PROVIDED_ON_LIST,관계없음,,월급,2400000,2400000,29299,그 외 기타 특수목적용 기계 제조업,COMPANY_MASTER_EXACT,MATCH,True,경상남도 창원시 마산회원구 봉암공단11길 13 (봉암동),ENRICHED_FROM_FACTORY_REGISTER,NOT_MATCH,LEGAL_DONG_MFG_DENSITY_PROXY_UPPER_BOUND,MAPPED,A,False,CONFIRMED_POSTING_COMPANY_IDENTIFIED,수집시점 공개 채용활동 확인. 공고 수는 모집인원·노동수요가 아니다. 모집인원은 목록 미제공·상세 수집 비허용으로 미확보(NULL).,http://www.work.go.kr/empInfo/empInfoSrch/detail/empDetailAuthView.do?callPage=detail&wantedAuthNo=K131112608270029
기계,2026Q2,우선점검,S4,기계,대원하이텍,대원하이텍,대원 하이텍,K131112608270015,"버티컬, 호리젠탈MCT 기능공 모집합니다",경남 창원시 마산회원구,마산회원구,2026-08-27,2026-10-26,,NOT_COLLECTED_ACCESS_POLICY,,NOT_PROVIDED_ON_LIST,경력,60.0,연봉,50000000,55000000,29223,금속 절삭기계 제조업,COMPANY_MASTER_EXACT,MATCH,True,경상남도 창원시 마산회원구 내서읍 중리공단로 63-1,ENRICHED_FROM_FACTORY_REGISTER,POSSIBLE,LEGAL_DONG_MFG_DENSITY_PROXY_UPPER_BOUND,MAPPED,A,False,CONFIRMED_POSTING_COMPANY_IDENTIFIED,수집시점 공개 채용활동 확인. 공고 수는 모집인원·노동수요가 아니다. 모집인원은 목록 미제공·상세 수집 비허용으로 미확보(NULL).,http://www.work.go.kr/empInfo/empInfoSrch/detail/empDetailAuthView.do?callPage=detail&wantedAuthNo=K131112608270015
기계,2026Q2,우선점검,S4,기계,주식회사현대델타코팅,현대델타코팅,(주)현대델타코팅,K131112608260033,친환경 자동 피막코팅작업 단순 작업자 구인,경남 창원시 마산합포구,마산합포구,2026-08-26,2026-09-25,,NOT_COLLECTED_ACCESS_POLICY,,NOT_PROVIDED_ON_LIST,관계없음,,시급,10320,10320,25923,도장 및 기타 피막처리업,COMPANY_MASTER_EXACT,MATCH,True,"경상남도 창원시 마산합포구 진북면 산단2길 66, (신촌리 12-14)",ENRICHED_FROM_FACTORY_REGISTER,POSSIBLE,LEGAL_DONG_MFG_DENSITY_PROXY_UPPER_BOUND,MAPPED,C,False,CONFIRMED_POSTING_COMPANY_IDENTIFIED,수집시점 공개 채용활동 확인. 공고 수는 모집인원·노동수요가 아니다. 모집인원은 목록 미제공·상세 수집 비허용으로 미확보(NULL).,http://www.work.go.kr/empInfo/empInfoSrch/detail/empDetailAuthView.do?callPage=detail&wantedAuthNo=K131112608260033
기계,2026Q2,우선점검,S4,기계,(주)부용,부용,(주)부용,K131112608260027,복합 CNC 선반  생산직,경남 창원시 마산합포구,마산합포구,2026-08-26,2026-09-22,,NOT_COLLECTED_ACCESS_POLICY,,NOT_PROVIDED_ON_LIST,관계없음,,연봉,38000000,43000000,29293,주형 및 금형 제조업,COMPANY_MASTER_EXACT,MATCH,True,경상남도 창원시 마산합포구 가포신항북2길 4 (가포동),ENRICHED_FROM_FACTORY_REGISTER,NOT_MATCH,LEGAL_DONG_MFG_DENSITY_PROXY_UPPER_BOUND,MAPPED,A,False,CONFIRMED_POSTING_COMPANY_IDENTIFIED,수집시점 공개 채용활동 확인. 공고 수는 모집인원·노동수요가 아니다. 모집인원은 목록 미제공·상세 수집 비허용으로 미확보(NULL).,http://www.work.go.kr/empInfo/empInfoSrch/detail/empDetailAuthView.do?callPage=detail&wantedAuthNo=K131112608260027
기계,2026Q2,우선점검,S4,기계,주식회사용강테크,용강테크,용강테크,K131112608250022,"(주) 용강테크 구매, 자재 사무원 모집 합니다.",경남 창원시 마산회원구,마산회원구,2026-08-25,2026-09-25,,NOT_COLLECTED_ACCESS_POLICY,,NOT_PROVIDED_ON_LIST,경력,12.0,연봉,40000000,40000000,25924,절삭가공 및 유사처리업,COMPANY_MASTER_EXACT,MATCH,True,,NOT_COLLECTED_ACCESS_POLICY,UNKNOWN,NO_RELIABLE_ADDRESS,MAPPED,C,False,CONFIRMED_POSTING_COMPANY_IDENTIFIED,수집시점 공개 채용활동 확인. 공고 수는 모집인원·노동수요가 아니다. 모집인원은 목록 미제공·상세 수집 비허용으로 미확보(NULL).,http://www.work.go.kr/empInfo/empInfoSrch/detail/empDetailAuthView.do?callPage=detail&wantedAuthNo=K131112608250022
기계,2026Q2,우선점검,S4,기계,정도산업,정도산업,정도산업,K131112608250020,생산관리 및 납품 사원 채용,경남 창원시 마산회원구,마산회원구,2026-08-25,2026-10-24,,NOT_COLLECTED_ACCESS_POLICY,,NOT_PROVIDED_ON_LIST,경력,36.0,월급,3000000,3200000,29199,그 외 기타 일반목적용 기계 제조업,COMPANY_MASTER_EXACT,MATCH,True,경상남도 창원시 마산회원구 봉암공단11길 21-2 (봉암동),ENRICHED_FROM_FACTORY_REGISTER,NOT_MATCH,LEGAL_DONG_MFG_DENSITY_PROXY_UPPER_BOUND,MAPPED,A,False,CONFIRMED_POSTING_COMPANY_IDENTIFIED,수집시점 공개 채용활동 확인. 공고 수는 모집인원·노동수요가 아니다. 모집인원은 목록 미제공·상세 수집 비허용으로 미확보(NULL).,http://www.work.go.kr/empInfo/empInfoSrch/detail/empDetailAuthView.do?callPage=detail&wantedAuthNo=K131112608250020
기계,2026Q2,우선점검,S4,기계,지유테크,지유테크,지유테크,KEC0132608250006,MCT가공 및 현장관리,경남 창원시 마산회원구,마산회원구,2026-08-25,2026-10-24,,NOT_COLLECTED_ACCESS_POLICY,,NOT_PROVIDED_ON_LIST,경력,36.0,월급,3000000,3000000,29221,전자 응용 절삭기계 제조업,COMPANY_MASTER_EXACT,MATCH,True,"경상남도 창원시 의창구 평산로 33, 1동동 지상15층층 1510호 (팔용동)",ENRICHED_FROM_FACTORY_REGISTER,NOT_MATCH,LEGAL_DONG_MFG_DENSITY_PROXY_UPPER_BOUND,MAPPED,A,False,CONFIRMED_POSTING_COMPANY_IDENTIFIED,수집시점 공개 채용활동 확인. 공고 수는 모집인원·노동수요가 아니다. 모집인원은 목록 미제공·상세 수집 비허용으로 미확보(NULL).,http://www.work.go.kr/empInfo/empInfoSrch/detail/empDetailAuthView.do?callPage=detail&wantedAuthNo=KEC0132608250006
기계,2026Q2,우선점검,S4,기계,주식회사 삼정이앤더블유,삼정이앤더블유,(주)삼정이앤더블유,K131112608240054,삼정이앤더블유 생산관리자(대리급) 모집,경남 창원시 마산합포구,마산합포구,2026-08-24,2026-10-23,,NOT_COLLECTED_ACCESS_POLICY,,NOT_PROVIDED_ON_LIST,경력,12.0,월급,3000000,3000000,29111,내연기관 제조업,COMPANY_MASTER_EXACT,MATCH,True,경상남도 창원시 마산합포구 진북면 산단2길 78,ENRICHED_FROM_FACTORY_REGISTER,POSSIBLE,LEGAL_DONG_MFG_DENSITY_PROXY_UPPER_BOUND,MAPPED,A,False,CONFIRMED_POSTING_COMPANY_IDENTIFIED,수집시점 공개 채용활동 확인. 공고 수는 모집인원·노동수요가 아니다. 모집인원은 목록 미제공·상세 수집 비허용으로 미확보(NULL).,http://www.work.go.kr/empInfo/empInfoSrch/detail/empDetailAuthView.do?callPage=detail&wantedAuthNo=K131112608240054
기계,2026Q2,우선점검,S4,기계,주식회사 삼정이앤더블유,삼정이앤더블유,(주)삼정이앤더블유,K131112608240053,삼정이앤 더블유 생산직 모집 (보링 및 프라노밀러),경남 창원시 마산합포구,마산합포구,2026-08-24,2026-10-23,,NOT_COLLECTED_ACCESS_POLICY,,NOT_PROVIDED_ON_LIST,경력,12.0,시급,14000,14000,29111,내연기관 제조업,COMPANY_MASTER_EXACT,MATCH,True,경상남도 창원시 마산합포구 진북면 산단2길 78,ENRICHED_FROM_FACTORY_REGISTER,POSSIBLE,LEGAL_DONG_MFG_DENSITY_PROXY_UPPER_BOUND,MAPPED,A,False,CONFIRMED_POSTING_COMPANY_IDENTIFIED,수집시점 공개 채용활동 확인. 공고 수는 모집인원·노동수요가 아니다. 모집인원은 목록 미제공·상세 수집 비허용으로 미확보(NULL).,http://www.work.go.kr/empInfo/empInfoSrch/detail/empDetailAuthView.do?callPage=detail&wantedAuthNo=K131112608240053
기계,2026Q2,우선점검,S4,기계,주식회사 삼정이앤더블유,삼정이앤더블유,(주)삼정이앤더블유,K131112608240052,[삼정이앤더블유] NC선반 작업자 모집,경남 창원시 마산합포구,마산합포구,2026-08-24,2026-10-23,,NOT_COLLECTED_ACCESS_POLICY,,NOT_PROVIDED_ON_LIST,관계없음,,시급,12000,12000,29111,내연기관 제조업,COMPANY_MASTER_EXACT,MATCH,True,경상남도 창원시 마산합포구 진북면 산단2길 78,ENRICHED_FROM_FACTORY_REGISTER,POSSIBLE,LEGAL_DONG_MFG_DENSITY_PROXY_UPPER_BOUND,MAPPED,A,False,CONFIRMED_POSTING_COMPANY_IDENTIFIED,수집시점 공개 채용활동 확인. 공고 수는 모집인원·노동수요가 아니다. 모집인원은 목록 미제공·상세 수집 비허용으로 미확보(NULL).,http://www.work.go.kr/empInfo/empInfoSrch/detail/empDetailAuthView.do?callPage=detail&wantedAuthNo=K131112608240052
기계,2026Q2,우선점검,S4,기계,주식회사 삼정이앤더블유,삼정이앤더블유,(주)삼정이앤더블유,K131112608240051,[삼정이앤더블유] NC보링 작업자 모집(MCT 작업자 우대),경남 창원시 마산합포구,마산합포구,2026-08-24,2026-10-23,,NOT_COLLECTED_ACCESS_POLICY,,NOT_PROVIDED_ON_LIST,관계없음,,시급,14000,14000,29111,내연기관 제조업,COMPANY_MASTER_EXACT,MATCH,True,경상남도 창원시 마산합포구 진북면 산단2길 78,ENRICHED_FROM_FACTORY_REGISTER,POSSIBLE,LEGAL_DONG_MFG_DENSITY_PROXY_UPPER_BOUND,MAPPED,A,False,CONFIRMED_POSTING_COMPANY_IDENTIFIED,수집시점 공개 채용활동 확인. 공고 수는 모집인원·노동수요가 아니다. 모집인원은 목록 미제공·상세 수집 비허용으로 미확보(NULL).,http://www.work.go.kr/empInfo/empInfoSrch/detail/empDetailAuthView.do?callPage=detail&wantedAuthNo=K131112608240051
기계,2026Q2,우선점검,S4,기계,주식회사 삼정이앤더블유,삼정이앤더블유,(주)삼정이앤더블유,K131112608240050,[삼정이앤더블유] 원통 연마기 작업자 모집,경남 창원시 마산합포구,마산합포구,2026-08-24,2026-10-23,,NOT_COLLECTED_ACCESS_POLICY,,NOT_PROVIDED_ON_LIST,관계없음,,시급,13000,13000,29111,내연기관 제조업,COMPANY_MASTER_EXACT,MATCH,True,경상남도 창원시 마산합포구 진북면 산단2길 78,ENRICHED_FROM_FACTORY_REGISTER,POSSIBLE,LEGAL_DONG_MFG_DENSITY_PROXY_UPPER_BOUND,MAPPED,A,False,CONFIRMED_POSTING_COMPANY_IDENTIFIED,수집시점 공개 채용활동 확인. 공고 수는 모집인원·노동수요가 아니다. 모집인원은 목록 미제공·상세 수집 비허용으로 미확보(NULL).,http://www.work.go.kr/empInfo/empInfoSrch/detail/empDetailAuthView.do?callPage=detail&wantedAuthNo=K131112608240050
기계,2026Q2,우선점검,S4,기계,（주）성우,성우,(주)성우,K131112608240043,[MCT 생산관리] 신입 채용,경남 창원시 마산합포구,마산합포구,2026-08-24,2026-10-23,,NOT_COLLECTED_ACCESS_POLICY,,NOT_PROVIDED_ON_LIST,관계없음,,연봉,31000000,31000000,29229,기타 가공 공작기계 제조업,COMPANY_MASTER_EXACT,MATCH,True,경상남도 창원시 마산합포구 진북면 산단1길 29-5,ENRICHED_FROM_FACTORY_REGISTER,POSSIBLE,LEGAL_DONG_MFG_DENSITY_PROXY_UPPER_BOUND,MAPPED,A,False,CONFIRMED_POSTING_COMPANY_IDENTIFIED,수집시점 공개 채용활동 확인. 공고 수는 모집인원·노동수요가 아니다. 모집인원은 목록 미제공·상세 수집 비허용으로 미확보(NULL).,http://www.work.go.kr/empInfo/empInfoSrch/detail/empDetailAuthView.do?callPage=detail&wantedAuthNo=K131112608240043
기계,2026Q2,우선점검,S4,기계,드림팩토리,드림팩토리,드림팩토리,K131112608240007,CNC 고속가공기(조각기)·Fusion 360 담당자 모집 / MCT 경험자 지원 가능,경남 창원시 마산회원구,마산회원구,2026-08-24,2026-10-22,,NOT_COLLECTED_ACCESS_POLICY,,NOT_PROVIDED_ON_LIST,관계없음,,월급,3000000,3500000,29292,인쇄 및 제책용 기계 제조업,COMPANY_MASTER_EXACT,MATCH,True,"경상남도 창원시 마산회원구 자유무역3길 184, 표준공장 5호동 6층(양덕동)",ENRICHED_FROM_FACTORY_REGISTER,NOT_MATCH,LEGAL_DONG_MFG_DENSITY_PROXY_UPPER_BOUND,MAPPED,A,False,CONFIRMED_POSTING_COMPANY_IDENTIFIED,수집시점 공개 채용활동 확인. 공고 수는 모집인원·노동수요가 아니다. 모집인원은 목록 미제공·상세 수집 비허용으로 미확보(NULL).,http://www.work.go.kr/empInfo/empInfoSrch/detail/empDetailAuthView.do?callPage=detail&wantedAuthNo=K131112608240007
기계,2026Q2,우선점검,S4,기계,삼일테크(주),삼일테크,삼일테크(주),K131112608200042,생산직 사원 모집,경남 창원시 마산회원구,마산회원구,2026-08-20,2026-10-19,,NOT_COLLECTED_ACCESS_POLICY,,NOT_PROVIDED_ON_LIST,관계없음,,시급,10320,10320,29150,"산업용 오븐, 노 및 노용 버너 제조업",COMPANY_MASTER_EXACT,MATCH,True,경상남도 창원시 마산회원구 자유무역3길 72 (양덕동) 외 1필지,ENRICHED_FROM_FACTORY_REGISTER,NOT_MATCH,LEGAL_DONG_MFG_DENSITY_PROXY_UPPER_BOUND,MAPPED,A,False,CONFIRMED_POSTING_COMPANY_IDENTIFIED,수집시점 공개 채용활동 확인. 공고 수는 모집인원·노동수요가 아니다. 모집인원은 목록 미제공·상세 수집 비허용으로 미확보(NULL).,http://www.work.go.kr/empInfo/empInfoSrch/detail/empDetailAuthView.do?callPage=detail&wantedAuthNo=K131112608200042
기계,2026Q2,우선점검,S4,기계,（주）삼호엠．테크,삼호엠테크,(주)삼호엠.테크,K131112608200029,"CNC선반, MCT가공사원 모집",경남 창원시 마산회원구,마산회원구,2026-08-20,2026-10-19,,NOT_COLLECTED_ACCESS_POLICY,,NOT_PROVIDED_ON_LIST,관계없음,,시급,10320,10320,25924,절삭가공 및 유사처리업,COMPANY_MASTER_EXACT,MATCH,True,경상남도 창원시 마산회원구 내서읍 중리공단로 45 ((상호없음)),ENRICHED_FROM_FACTORY_REGISTER,POSSIBLE,LEGAL_DONG_MFG_DENSITY_PROXY_UPPER_BOUND,MAPPED,C,False,CONFIRMED_POSTING_COMPANY_IDENTIFIED,수집시점 공개 채용활동 확인. 공고 수는 모집인원·노동수요가 아니다. 모집인원은 목록 미제공·상세 수집 비허용으로 미확보(NULL).,http://www.work.go.kr/empInfo/empInfoSrch/detail/empDetailAuthView.do?callPage=detail&wantedAuthNo=K131112608200029
기계,2026Q2,우선점검,S4,기계,주식회사용강테크,용강테크,용강테크,K131112608200008,(주) 용강테크 품질관리 사원(경력직) 채용 합니다.,경남 창원시 마산회원구,마산회원구,2026-08-20,2026-09-28,,NOT_COLLECTED_ACCESS_POLICY,,NOT_PROVIDED_ON_LIST,경력,12.0,연봉,40000000,40000000,25924,절삭가공 및 유사처리업,COMPANY_MASTER_EXACT,MATCH,True,,NOT_COLLECTED_ACCESS_POLICY,UNKNOWN,NO_RELIABLE_ADDRESS,MAPPED,C,False,CONFIRMED_POSTING_COMPANY_IDENTIFIED,수집시점 공개 채용활동 확인. 공고 수는 모집인원·노동수요가 아니다. 모집인원은 목록 미제공·상세 수집 비허용으로 미확보(NULL).,http://www.work.go.kr/empInfo/empInfoSrch/detail/empDetailAuthView.do?callPage=detail&wantedAuthNo=K131112608200008
기계,2026Q2,우선점검,S4,기계,(주)가유,가유,(주)가유,KF10792608190010,CNC/MCT 생산직 채용(주야2교대),경남 창원시 마산회원구,마산회원구,2026-08-19,2026-10-18,,NOT_COLLECTED_ACCESS_POLICY,,NOT_PROVIDED_ON_LIST,관계없음,,시급,10320,10320,29142,기어 및 동력전달장치 제조업,COMPANY_MASTER_EXACT,MATCH,True,경상남도 창원시 마산회원구 자유무역3길 143 (양덕동),ENRICHED_FROM_FACTORY_REGISTER,NOT_MATCH,LEGAL_DONG_MFG_DENSITY_PROXY_UPPER_BOUND,MAPPED,A,False,CONFIRMED_POSTING_COMPANY_IDENTIFIED,수집시점 공개 채용활동 확인. 공고 수는 모집인원·노동수요가 아니다. 모집인원은 목록 미제공·상세 수집 비허용으로 미확보(NULL).,http://www.work.go.kr/empInfo/empInfoSrch/detail/empDetailAuthView.do?callPage=detail&wantedAuthNo=KF10792608190010
기계,2026Q2,우선점검,S4,기계,정민테크니션,정민테크니션,정민테크니션,K131112608180006,밀링조작원,경남 창원시 마산회원구,마산회원구,2026-08-18,2026-10-16,,NOT_COLLECTED_ACCESS_POLICY,,NOT_PROVIDED_ON_LIST,경력,120.0,월급,4000000,4500000,25924,절삭가공 및 유사처리업,COMPANY_MASTER_EXACT,MATCH,True,경상남도 창원시 마산회원구 봉암공단6길 55(봉암동),ENRICHED_FROM_FACTORY_REGISTER,NOT_MATCH,LEGAL_DONG_MFG_DENSITY_PROXY_UPPER_BOUND,MAPPED,C,False,CONFIRMED_POSTING_COMPANY_IDENTIFIED,수집시점 공개 채용활동 확인. 공고 수는 모집인원·노동수요가 아니다. 모집인원은 목록 미제공·상세 수집 비허용으로 미확보(NULL).,http://www.work.go.kr/empInfo/empInfoSrch/detail/empDetailAuthView.do?callPage=detail&wantedAuthNo=K131112608180006
기계,2026Q2,우선점검,S4,기계,(주)케이엠에스,케이엠에스,(주)케이엠에스,K131112608140026,전조 중견 기술자 모집합니다.,경남 창원시 마산회원구,마산회원구,2026-08-14,2026-10-13,,NOT_COLLECTED_ACCESS_POLICY,,NOT_PROVIDED_ON_LIST,경력,24.0,연봉,40000000,43000000,25942,그 외 금속파스너 및 나사제품 제조업,COMPANY_MASTER_EXACT,MATCH,True,"경상남도 창원시 마산회원구 자유무역3길 138, (주)케이엠에스 (양덕동, (주)삼일)",ENRICHED_FROM_FACTORY_REGISTER,NOT_MATCH,LEGAL_DONG_MFG_DENSITY_PROXY_UPPER_BOUND,MAPPED,C,False,CONFIRMED_POSTING_COMPANY_IDENTIFIED,수집시점 공개 채용활동 확인. 공고 수는 모집인원·노동수요가 아니다. 모집인원은 목록 미제공·상세 수집 비허용으로 미확보(NULL).,http://www.work.go.kr/empInfo/empInfoSrch/detail/empDetailAuthView.do?callPage=detail&wantedAuthNo=K131112608140026
기계,2026Q2,우선점검,S4,기계,（주）성우,성우,(주)성우,K131112608140025,[품질관리] 품질 검사 신입 채용,경남 창원시 마산합포구,마산합포구,2026-08-14,2026-10-13,,NOT_COLLECTED_ACCESS_POLICY,,NOT_PROVIDED_ON_LIST,신입,0.0,연봉,31000000,31000000,29229,기타 가공 공작기계 제조업,COMPANY_MASTER_EXACT,MATCH,True,경상남도 창원시 마산합포구 진북면 산단1길 29-5,ENRICHED_FROM_FACTORY_REGISTER,POSSIBLE,LEGAL_DONG_MFG_DENSITY_PROXY_UPPER_BOUND,MAPPED,A,False,CONFIRMED_POSTING_COMPANY_IDENTIFIED,수집시점 공개 채용활동 확인. 공고 수는 모집인원·노동수요가 아니다. 모집인원은 목록 미제공·상세 수집 비허용으로 미확보(NULL).,http://www.work.go.kr/empInfo/empInfoSrch/detail/empDetailAuthView.do?callPage=detail&wantedAuthNo=K131112608140025
기계,2026Q2,우선점검,S4,기계,(주)가유,가유,(주)가유,KF10792608140011,"자동차/중장비 부품 검사, 사상, 포장 사원모집",경남 창원시 마산회원구,마산회원구,2026-08-14,2026-10-13,,NOT_COLLECTED_ACCESS_POLICY,,NOT_PROVIDED_ON_LIST,관계없음,,시급,10320,10320,29142,기어 및 동력전달장치 제조업,COMPANY_MASTER_EXACT,MATCH,True,경상남도 창원시 마산회원구 자유무역3길 143 (양덕동),ENRICHED_FROM_FACTORY_REGISTER,NOT_MATCH,LEGAL_DONG_MFG_DENSITY_PROXY_UPPER_BOUND,MAPPED,A,False,CONFIRMED_POSTING_COMPANY_IDENTIFIED,수집시점 공개 채용활동 확인. 공고 수는 모집인원·노동수요가 아니다. 모집인원은 목록 미제공·상세 수집 비허용으로 미확보(NULL).,http://www.work.go.kr/empInfo/empInfoSrch/detail/empDetailAuthView.do?callPage=detail&wantedAuthNo=KF10792608140011
기계,2026Q2,우선점검,S4,기계,영진기업,영진기업,영진기업,K131112608120040,"CNC,MCT 선반 경력자 모집",경남 창원시 마산회원구,마산회원구,2026-08-12,2026-10-11,,NOT_COLLECTED_ACCESS_POLICY,,NOT_PROVIDED_ON_LIST,경력,60.0,연봉,40000000,40000000,25924,절삭가공 및 유사처리업,COMPANY_MASTER_EXACT,MATCH,True,경상남도 창원시 마산회원구 내서읍 수곡로 62,ENRICHED_FROM_FACTORY_REGISTER,POSSIBLE,LEGAL_DONG_MFG_DENSITY_PROXY_UPPER_BOUND,MAPPED,C,False,CONFIRMED_POSTING_COMPANY_IDENTIFIED,수집시점 공개 채용활동 확인. 공고 수는 모집인원·노동수요가 아니다. 모집인원은 목록 미제공·상세 수집 비허용으로 미확보(NULL).,http://www.work.go.kr/empInfo/empInfoSrch/detail/empDetailAuthView.do?callPage=detail&wantedAuthNo=K131112608120040
기계,2026Q2,우선점검,S4,기계,주식회사 프리텍,프리텍,(주)프리텍,K131112608120009,도전과 열정이 함께하는 인재를 모집합니다. [ 기업부설연구소 연구원 ],경남 창원시 마산합포구,마산합포구,2026-08-12,2026-09-30,,NOT_COLLECTED_ACCESS_POLICY,,NOT_PROVIDED_ON_LIST,신입,0.0,연봉,37000000,37000000,29111,내연기관 제조업,COMPANY_MASTER_EXACT,MATCH,True,경상남도 창원시 마산합포구 진북면 산단2길 46-6 (총 2 필지) 외 1필지,ENRICHED_FROM_FACTORY_REGISTER,POSSIBLE,LEGAL_DONG_MFG_DENSITY_PROXY_UPPER_BOUND,MAPPED,A,False,CONFIRMED_POSTING_COMPANY_IDENTIFIED,수집시점 공개 채용활동 확인. 공고 수는 모집인원·노동수요가 아니다. 모집인원은 목록 미제공·상세 수집 비허용으로 미확보(NULL).,http://www.work.go.kr/empInfo/empInfoSrch/detail/empDetailAuthView.do?callPage=detail&wantedAuthNo=K131112608120009
기계,2026Q2,우선점검,S4,기계,하나테크,하나테크,하나테크,KF10792608110001,생산직 채용 (마산 자유무역 1공구),경남 창원시 마산회원구,마산회원구,2026-08-11,2026-10-09,,NOT_COLLECTED_ACCESS_POLICY,,NOT_PROVIDED_ON_LIST,신입,0.0,시급,10320,10320,29221,전자 응용 절삭기계 제조업,COMPANY_MASTER_EXACT,MATCH,True,경상남도 창원시 의창구 대산면 봉강가술로537번길 50,ENRICHED_FROM_FACTORY_REGISTER,POSSIBLE,LEGAL_DONG_MFG_DENSITY_PROXY_UPPER_BOUND,MAPPED,A,False,CONFIRMED_POSTING_COMPANY_IDENTIFIED,수집시점 공개 채용활동 확인. 공고 수는 모집인원·노동수요가 아니다. 모집인원은 목록 미제공·상세 수집 비허용으로 미확보(NULL).,http://www.work.go.kr/empInfo/empInfoSrch/detail/empDetailAuthView.do?callPage=detail&wantedAuthNo=KF10792608110001
기계,2026Q2,우선점검,S4,기계,동원하이테크,동원하이테크,동원하이테크,K131112608100004,원통연마 기술자 모집,경남 창원시 마산회원구,마산회원구,2026-08-10,2026-10-06,,NOT_COLLECTED_ACCESS_POLICY,,NOT_PROVIDED_ON_LIST,경력,60.0,연봉,50000000,50000000,29223,금속 절삭기계 제조업,COMPANY_MASTER_EXACT,MATCH,True,"경상남도 창원시 마산회원구 봉암공단7길 10, 동원테크 내 (봉암동)",ENRICHED_FROM_FACTORY_REGISTER,NOT_MATCH,LEGAL_DONG_MFG_DENSITY_PROXY_UPPER_BOUND,MAPPED,A,False,CONFIRMED_POSTING_COMPANY_IDENTIFIED,수집시점 공개 채용활동 확인. 공고 수는 모집인원·노동수요가 아니다. 모집인원은 목록 미제공·상세 수집 비허용으로 미확보(NULL).,http://www.work.go.kr/empInfo/empInfoSrch/detail/empDetailAuthView.do?callPage=detail&wantedAuthNo=K131112608100004
기계,2026Q2,우선점검,S4,기계,（주）성우,성우,(주)성우,K131112608070008,[공작기계 제어/전기] 신입 채용,경남 창원시 마산합포구,마산합포구,2026-08-07,2026-10-06,,NOT_COLLECTED_ACCESS_POLICY,,NOT_PROVIDED_ON_LIST,관계없음,,연봉,30000000,40000000,29229,기타 가공 공작기계 제조업,COMPANY_MASTER_EXACT,MATCH,True,경상남도 창원시 마산합포구 진북면 산단1길 29-5,ENRICHED_FROM_FACTORY_REGISTER,POSSIBLE,LEGAL_DONG_MFG_DENSITY_PROXY_UPPER_BOUND,MAPPED,A,False,CONFIRMED_POSTING_COMPANY_IDENTIFIED,수집시점 공개 채용활동 확인. 공고 수는 모집인원·노동수요가 아니다. 모집인원은 목록 미제공·상세 수집 비허용으로 미확보(NULL).,http://www.work.go.kr/empInfo/empInfoSrch/detail/empDetailAuthView.do?callPage=detail&wantedAuthNo=K131112608070008
기계,2026Q2,우선점검,S4,기계,주식회사용강테크,용강테크,용강테크,K131112608040016,(주) 용강테크 MCT 생산직 사원(경력직) 모집 합니다.,경남 창원시 마산회원구,마산회원구,2026-08-04,2026-10-02,,NOT_COLLECTED_ACCESS_POLICY,,NOT_PROVIDED_ON_LIST,경력,12.0,연봉,43000000,43000000,25924,절삭가공 및 유사처리업,COMPANY_MASTER_EXACT,MATCH,True,,NOT_COLLECTED_ACCESS_POLICY,UNKNOWN,NO_RELIABLE_ADDRESS,MAPPED,C,False,CONFIRMED_POSTING_COMPANY_IDENTIFIED,수집시점 공개 채용활동 확인. 공고 수는 모집인원·노동수요가 아니다. 모집인원은 목록 미제공·상세 수집 비허용으로 미확보(NULL).,http://www.work.go.kr/empInfo/empInfoSrch/detail/empDetailAuthView.do?callPage=detail&wantedAuthNo=K131112608040016
기계,2026Q2,우선점검,S4,기계,（주）성우,성우,(주)성우,K131112608030015,[구매] 신입 채용,경남 창원시 마산합포구,마산합포구,2026-08-03,2026-10-02,,NOT_COLLECTED_ACCESS_POLICY,,NOT_PROVIDED_ON_LIST,관계없음,,연봉,30000000,30000000,29229,기타 가공 공작기계 제조업,COMPANY_MASTER_EXACT,MATCH,True,경상남도 창원시 마산합포구 진북면 산단1길 29-5,ENRICHED_FROM_FACTORY_REGISTER,POSSIBLE,LEGAL_DONG_MFG_DENSITY_PROXY_UPPER_BOUND,MAPPED,A,False,CONFIRMED_POSTING_COMPANY_IDENTIFIED,수집시점 공개 채용활동 확인. 공고 수는 모집인원·노동수요가 아니다. 모집인원은 목록 미제공·상세 수집 비허용으로 미확보(NULL).,http://www.work.go.kr/empInfo/empInfoSrch/detail/empDetailAuthView.do?callPage=detail&wantedAuthNo=K131112608030015
목재종이,2026Q2,우선점검,S4,목재종이,호산산업주식회사,호산산업,호산산업주식회사,K131112607310019,생산직모집,경남 창원시 마산합포구,마산합포구,2026-07-31,2026-09-29,,NOT_COLLECTED_ACCESS_POLICY,,NOT_PROVIDED_ON_LIST,관계없음,,월급,2500000,2500000,17211,골판지 제조업,COMPANY_MASTER_EXACT,MATCH,True,경상남도 창원시 마산합포구 진북면 진북산업로 341,ENRICHED_FROM_FACTORY_REGISTER,POSSIBLE,LEGAL_DONG_MFG_DENSITY_PROXY_UPPER_BOUND,MAPPED,A,False,CONFIRMED_POSTING_COMPANY_IDENTIFIED,수집시점 공개 채용활동 확인. 공고 수는 모집인원·노동수요가 아니다. 모집인원은 목록 미제공·상세 수집 비허용으로 미확보(NULL).,http://www.work.go.kr/empInfo/empInfoSrch/detail/empDetailAuthView.do?callPage=detail&wantedAuthNo=K131112607310019
기계,2026Q2,우선점검,S4,기계,(주)태광환경,태광환경,태광환경(주),K131112607240010,수처리시설시공/ 수처리시설 시운전 가능한 직원을 모집합니다.,경남 창원시 마산회원구,마산회원구,2026-07-24,2026-09-23,,NOT_COLLECTED_ACCESS_POLICY,,NOT_PROVIDED_ON_LIST,관계없음,,연봉,35000000,50000000,25111,"금속 문, 창, 셔터 및 관련제품 제조업",COMPANY_MASTER_EXACT,MATCH,True,경상남도 창원시 마산회원구 내서읍 함마대로 2502-130,ENRICHED_FROM_FACTORY_REGISTER,POSSIBLE,LEGAL_DONG_MFG_DENSITY_PROXY_UPPER_BOUND,MAPPED,C,False,CONFIRMED_POSTING_COMPANY_IDENTIFIED,수집시점 공개 채용활동 확인. 공고 수는 모집인원·노동수요가 아니다. 모집인원은 목록 미제공·상세 수집 비허용으로 미확보(NULL).,http://www.work.go.kr/empInfo/empInfoSrch/detail/empDetailAuthView.do?callPage=detail&wantedAuthNo=K131112607240010
기계,2026Q2,우선점검,S4,기계,화성지엔아이주식회사,화성지엔아이,화성지엔아이(주),K131112607230045,화성지엔아이(주) 자재 입고 물품 검수 담당자 구인,경남 창원시 마산회원구,마산회원구,2026-07-23,2026-09-22,,NOT_COLLECTED_ACCESS_POLICY,,NOT_PROVIDED_ON_LIST,관계없음,,시급,12000,12000,25999,그 외 기타 분류 안된 금속 가공 제품 제조업,COMPANY_MASTER_EXACT,MATCH,True,경상남도 창원시 마산합포구 진북면 농공단지로 51 (화성계전(주)),ENRICHED_FROM_FACTORY_REGISTER,POSSIBLE,LEGAL_DONG_MFG_DENSITY_PROXY_UPPER_BOUND,MAPPED,C,False,CONFIRMED_POSTING_COMPANY_IDENTIFIED,수집시점 공개 채용활동 확인. 공고 수는 모집인원·노동수요가 아니다. 모집인원은 목록 미제공·상세 수집 비허용으로 미확보(NULL).,http://www.work.go.kr/empInfo/empInfoSrch/detail/empDetailAuthView.do?callPage=detail&wantedAuthNo=K131112607230045
기계,2026Q2,우선점검,S4,기계,화성지엔아이주식회사,화성지엔아이,화성지엔아이(주),K131112607230044,"화성지엔아이(주) 자재 취합, 포장 및 지게차 운전 담당자 구인",경남 창원시 마산회원구,마산회원구,2026-07-23,2026-09-22,,NOT_COLLECTED_ACCESS_POLICY,,NOT_PROVIDED_ON_LIST,관계없음,,시급,12500,12500,25999,그 외 기타 분류 안된 금속 가공 제품 제조업,COMPANY_MASTER_EXACT,MATCH,True,경상남도 창원시 마산합포구 진북면 농공단지로 51 (화성계전(주)),ENRICHED_FROM_FACTORY_REGISTER,POSSIBLE,LEGAL_DONG_MFG_DENSITY_PROXY_UPPER_BOUND,MAPPED,C,False,CONFIRMED_POSTING_COMPANY_IDENTIFIED,수집시점 공개 채용활동 확인. 공고 수는 모집인원·노동수요가 아니다. 모집인원은 목록 미제공·상세 수집 비허용으로 미확보(NULL).,http://www.work.go.kr/empInfo/empInfoSrch/detail/empDetailAuthView.do?callPage=detail&wantedAuthNo=K131112607230044
기계,2026Q2,우선점검,S4,기계,세븐텍 (주),세븐텍,세븐텍(주),K131112607230031,세븐텍(주) 조립반 사원 모집(계약직),경남 창원시 마산회원구,마산회원구,2026-07-23,2026-09-22,,NOT_COLLECTED_ACCESS_POLICY,,NOT_PROVIDED_ON_LIST,관계없음,,시급,11187,11187,29299,그 외 기타 특수목적용 기계 제조업,COMPANY_MASTER_EXACT,MATCH,True,경상남도 창원시 마산회원구 봉암공단13길 15-11 (봉암동),ENRICHED_FROM_FACTORY_REGISTER,NOT_MATCH,LEGAL_DONG_MFG_DENSITY_PROXY_UPPER_BOUND,MAPPED,A,False,CONFIRMED_POSTING_COMPANY_IDENTIFIED,수집시점 공개 채용활동 확인. 공고 수는 모집인원·노동수요가 아니다. 모집인원은 목록 미제공·상세 수집 비허용으로 미확보(NULL).,http://www.work.go.kr/empInfo/empInfoSrch/detail/empDetailAuthView.do?callPage=detail&wantedAuthNo=K131112607230031
기계,2026Q2,우선점검,S4,기계,그린산업주식회사,그린산업,그린산업(주),KF10532607220004,생산직 모집,경남 창원시 마산회원구,마산회원구,2026-07-22,2026-09-21,,NOT_COLLECTED_ACCESS_POLICY,,NOT_PROVIDED_ON_LIST,경력,12.0,시급,10700,10700,,공기 조화장치 제조업,COMPANY_MASTER_EXACT,MATCH,True,경상남도 창원시 마산회원구 자유무역4길 49 (봉암동),ENRICHED_FROM_FACTORY_REGISTER,NOT_MATCH,LEGAL_DONG_MFG_DENSITY_PROXY_UPPER_BOUND,MAPPED,A,False,CONFIRMED_POSTING_COMPANY_IDENTIFIED,수집시점 공개 채용활동 확인. 공고 수는 모집인원·노동수요가 아니다. 모집인원은 목록 미제공·상세 수집 비허용으로 미확보(NULL).,http://www.work.go.kr/empInfo/empInfoSrch/detail/empDetailAuthView.do?callPage=detail&wantedAuthNo=KF10532607220004
