snapshot_id,crawl_timestamp,wanted_auth_no,kicox_industry,kicox_mapping_status,kicox_mapping_confidence,ksic_code,ksic_name,company_raw,title_raw,region_raw,gu,reg_date,due_date,wage_raw,career_raw,education_raw,source_url,list_source_url,detail_source_url,request_status,http_status,error,company,title,source,collected_at,acquisition_path,recruitment_count_raw,recruitment_count,occupation_raw,related_occupation,occupation_keywords,job_description_raw,job_description_clean,employment_type,career,education,wage,work_hours_raw,work_pattern_raw,certificate_raw,preference_raw,other_preference_raw,computer_skill_raw,workplace_address,city,district,dong_eup_myeon,registered_at,closing_date,is_until_hired,personal_contact_fields_collected
work24_5gu_20260919_2138,2026-09-19T12:38:57+00:00,K131132609180046,기계,MAPPED,C,25924,절삭가공 및 유사처리업,(유)티에스,H-MCT 가공 경력자 모집,경남 창원시 의창구,의창구,2026-09-18,2026-09-30,"시급 11,000 원 이상 ~ 12,000 원 이하",경력 2년,학력무관,https://www.work24.go.kr/wk/a/b/1500/empDetailAuthView.do?wantedAuthNo=K131132609180046&infoTypeCd=VALIDATION&infoTypeGroup=tb_workinfoworknet,http://www.work.go.kr/empInfo/empInfoSrch/detail/empDetailAuthView.do?callPage=detail&wantedAuthNo=K131132609180046,https://www.work24.go.kr/wk/a/b/1500/empDetailAuthView.do?wantedAuthNo=K131132609180046&infoTypeCd=VALIDATION&infoTypeGroup=tb_workinfoworknet,SUCCESS,200,,(유)티에스,H-MCT 가공 경력자 모집,work24,2026-09-23T04:41:11+00:00,CURRENT_DETAIL_HTML,3명,3,금속 공작기계 조작원,-,밸브가공원,"H-MCT ,V-MCT ,CNC 선반가공 경력자 경력 2년이상 희망 외국인 기능자도가능","H-MCT ,V-MCT ,CNC 선반가공 경력자 경력 2년이상 희망 외국인 기능자도가능",기간의 정함이 없는 근로계약,경력 (최소 2년 이상) 필수,학력무관,"시급 11,000원 ~ 12,000원 이하 협의가능",상세 근무시간 (오전) 7시 00분~(오후) 4시 00분- 월 화 목 금(잔업시 18시30분) 휴일근무시(오전) 7시 00분~(오후) 3시 00분- 7시간근무 8시간특근처리 일요일 근무는 절대하지 않음,주 5일 근무,관계없음,,,-,"경상남도 창원시 의창구 차룡단지로 75-2, 팔용동 (팔용동) 지도 보기 길찾기",창원시,의창구,,2026.09.18 17:30:15,2026.09.30 (수) 24:00,False,False
work24_5gu_20260919_2138,2026-09-19T12:38:57+00:00,KF10532609180005,기계,MAPPED,A,29293,주형 및 금형 제조업,도해정밀,검사 및 출하 직원 모집,경남 창원시 의창구,의창구,2026-09-18,2026-11-17,"시급 10,320 원 이상",관계없음,학력무관,https://www.work24.go.kr/wk/a/b/1500/empDetailAuthView.do?wantedAuthNo=KF10532609180005&infoTypeCd=VALIDATION&infoTypeGroup=tb_workinfoworknet,http://www.work.go.kr/empInfo/empInfoSrch/detail/empDetailAuthView.do?callPage=detail&wantedAuthNo=KF10532609180005,https://www.work24.go.kr/wk/a/b/1500/empDetailAuthView.do?wantedAuthNo=KF10532609180005&infoTypeCd=VALIDATION&infoTypeGroup=tb_workinfoworknet,SUCCESS,200,,도해정밀,검사 및 출하 직원 모집,work24,2026-09-23T04:41:06+00:00,CURRENT_DETAIL_HTML,1명,1,기타 제조 관련 단순 종사원,기타 금속공작기계 조작원 및 보조원,-,"오토캐드를 사용하여 제품 검사 및 포장 출하 관련 업무 -검사실에서 완성된 제품을 도면과 비교하면서 검사 하는 작업 검사 완료 후 포장업무 작은 금속 부품 (가벼움) 검사, 포장 -간단한 캐드작업(초급정도실력)가능자 (캐드 사용이 안된다면 배우려는 의지가 있으신 분)","오토캐드를 사용하여 제품 검사 및 포장 출하 관련 업무 -검사실에서 완성된 제품을 도면과 비교하면서 검사 하는 작업 검사 완료 후 포장업무 작은 금속 부품 (가벼움) 검사, 포장 -간단한 캐드작업(초급정도실력)가능자 (캐드 사용이 안된다면 배우려는 의지가 있으신 분)",기간의 정함이 없는 근로계약,관계없음,학력무관,"시급 10,320원 이상 협의가능",상세 근무시간 (근무시간) (오전) 8시 00분 ~ (오후) 5시 00분 근무시간 협의가능,주 5일 근무,관계없음,,,-,경상남도 창원시 의창구 북면 감계로188번길 3 지도 보기 길찾기,창원시,의창구,북면,2026.09.18 17:27:30,채용시까지 (마감시간 : 24시),True,False
work24_5gu_20260919_2138,2026-09-19T12:38:57+00:00,K131132609180044,기계,MAPPED,C,25924,절삭가공 및 유사처리업,주식회사 에이지,사상 및 제품검사자 모집 [주5일/주간근무],경남 창원시 의창구,의창구,2026-09-18,2026-10-02,"시급 11,000 원 이상 ~ 11,000 원 이하",관계없음,학력무관,https://www.work24.go.kr/wk/a/b/1500/empDetailAuthView.do?wantedAuthNo=K131132609180044&infoTypeCd=VALIDATION&infoTypeGroup=tb_workinfoworknet,http://www.work.go.kr/empInfo/empInfoSrch/detail/empDetailAuthView.do?callPage=detail&wantedAuthNo=K131132609180044,https://www.work24.go.kr/wk/a/b/1500/empDetailAuthView.do?wantedAuthNo=K131132609180044&infoTypeCd=VALIDATION&infoTypeGroup=tb_workinfoworknet,SUCCESS,200,,주식회사 에이지,사상 및 제품검사자 모집 [주5일/주간근무],work24,2026-09-23T04:41:15+00:00,CURRENT_DETAIL_HTML,1명,1,단순 사상원(용접사상 제외-용접원구분),용접 사상원 및 보조원,단순사상원,"로봇부품을 생산하는 제조업입니다. 로봇부품 사상, 제품검사 및 세척 작업자 모집합니다. 수공구로 제품 사상합니다. 작업일보 작성합니다. 신입도 가능, 경력직 우대합니다. 점심,저녁 식사제공 토요일,일요일 휴무","로봇부품을 생산하는 제조업입니다. 로봇부품 사상, 제품검사 및 세척 작업자 모집합니다. 수공구로 제품 사상합니다. 작업일보 작성합니다. 신입도 가능, 경력직 우대합니다. 점심,저녁 식사제공 토요일,일요일 휴무",기간의 정함이 없는 근로계약,관계없음,학력무관,"시급 11,000원 ~ 11,000원 이하",상세 근무시간 [근무시간] 8시 00분 ~ 17시 00분 [휴게시간] 12시 00분~ 13시 00분/ 17시 00분 ~ 17시 30분 [잔업시간] 17시 30분 ~ 20시,주 5일 근무,관계없음,,,-,"경상남도 창원시 의창구 평산로8번길 37-19, 에이지 (팔용동) 지도 보기 길찾기",창원시,의창구,,2026.09.18 17:24:15,채용시까지 (마감시간 : 24시),True,False
work24_5gu_20260919_2138,2026-09-19T12:38:57+00:00,K131132609180036,기계,MAPPED,A,29293,주형 및 금형 제조업,도해정밀,"반도체 및 금형 제품 검사 및 포장, CAD편집",경남 창원시 의창구,의창구,2026-09-18,2026-10-18,"시급 10,320 원 이상",관계없음,학력무관,https://www.work24.go.kr/wk/a/b/1500/empDetailAuthView.do?wantedAuthNo=K131132609180036&infoTypeCd=VALIDATION&infoTypeGroup=tb_workinfoworknet,http://www.work.go.kr/empInfo/empInfoSrch/detail/empDetailAuthView.do?callPage=detail&wantedAuthNo=K131132609180036,https://www.work24.go.kr/wk/a/b/1500/empDetailAuthView.do?wantedAuthNo=K131132609180036&infoTypeCd=VALIDATION&infoTypeGroup=tb_workinfoworknet,NOT_REQUESTED,,,,,,,,,,,,,,,,,,,,,,,,,,,,,,,,
work24_5gu_20260919_2138,2026-09-19T12:38:57+00:00,K131132609180033,기계,MAPPED,C,25913,자동차용 금속 압형제품 제조업,주식회사동경씨에스,편집인원구인,경남 창원시 성산구,성산구,2026-09-18,2026-10-02,"연봉 3,500 만원 이상",경력 1년,학력무관,https://www.work24.go.kr/wk/a/b/1500/empDetailAuthView.do?wantedAuthNo=K131132609180033&infoTypeCd=VALIDATION&infoTypeGroup=tb_workinfoworknet,http://www.work.go.kr/empInfo/empInfoSrch/detail/empDetailAuthView.do?callPage=detail&wantedAuthNo=K131132609180033,https://www.work24.go.kr/wk/a/b/1500/empDetailAuthView.do?wantedAuthNo=K131132609180033&infoTypeCd=VALIDATION&infoTypeGroup=tb_workinfoworknet,NOT_REQUESTED,,,,,,,,,,,,,,,,,,,,,,,,,,,,,,,,
work24_5gu_20260919_2138,2026-09-19T12:38:57+00:00,K131132609180028,기계,MAPPED,A,29223,금속 절삭기계 제조업,주식회사 건우엠티씨,자재 구매 인재 모집,경남 창원시 의창구,의창구,2026-09-18,2026-10-17,"연봉 3,500 만원 이상 ~ 4,000 만원 이하",경력 1년,학력무관,https://www.work24.go.kr/wk/a/b/1500/empDetailAuthView.do?wantedAuthNo=K131132609180028&infoTypeCd=VALIDATION&infoTypeGroup=tb_workinfoworknet,http://www.work.go.kr/empInfo/empInfoSrch/detail/empDetailAuthView.do?callPage=detail&wantedAuthNo=K131132609180028,https://www.work24.go.kr/wk/a/b/1500/empDetailAuthView.do?wantedAuthNo=K131132609180028&infoTypeCd=VALIDATION&infoTypeGroup=tb_workinfoworknet,NOT_REQUESTED,,,,,,,,,,,,,,,,,,,,,,,,,,,,,,,,
work24_5gu_20260919_2138,2026-09-19T12:38:57+00:00,K131132609180027,기계,MAPPED,A,29223,금속 절삭기계 제조업,주식회사 건우엠티씨,MCT 가공원 모집,경남 창원시 의창구,의창구,2026-09-18,2026-10-17,"시급 10,320 원 이상 ~ 10,700 원 이하",경력 1년,학력무관,https://www.work24.go.kr/wk/a/b/1500/empDetailAuthView.do?wantedAuthNo=K131132609180027&infoTypeCd=VALIDATION&infoTypeGroup=tb_workinfoworknet,http://www.work.go.kr/empInfo/empInfoSrch/detail/empDetailAuthView.do?callPage=detail&wantedAuthNo=K131132609180027,https://www.work24.go.kr/wk/a/b/1500/empDetailAuthView.do?wantedAuthNo=K131132609180027&infoTypeCd=VALIDATION&infoTypeGroup=tb_workinfoworknet,NOT_REQUESTED,,,,,,,,,,,,,,,,,,,,,,,,,,,,,,,,
work24_5gu_20260919_2138,2026-09-19T12:38:57+00:00,K131132609180024,기계,MAPPED,C,25924,절삭가공 및 유사처리업,덕보기계,방산 범용선반 사원모집 [경력무관],경남 창원시 의창구,의창구,2026-09-18,2026-10-17,"시급 10,320 원 이상 ~ 10,320 원 이하",관계없음,학력무관,https://www.work24.go.kr/wk/a/b/1500/empDetailAuthView.do?wantedAuthNo=K131132609180024&infoTypeCd=VALIDATION&infoTypeGroup=tb_workinfoworknet,http://www.work.go.kr/empInfo/empInfoSrch/detail/empDetailAuthView.do?callPage=detail&wantedAuthNo=K131132609180024,https://www.work24.go.kr/wk/a/b/1500/empDetailAuthView.do?wantedAuthNo=K131132609180024&infoTypeCd=VALIDATION&infoTypeGroup=tb_workinfoworknet,NOT_REQUESTED,,,,,,,,,,,,,,,,,,,,,,,,,,,,,,,,
work24_5gu_20260919_2138,2026-09-19T12:38:57+00:00,K131132609180022,기계,MAPPED,A,29176,액체 여과기 제조업,주식회사킴텍,플라스틱 사출기 오퍼레이터 구인,경남 창원시 의창구,의창구,2026-09-18,2026-10-02,"시급 10,320 원 이상 ~ 10,320 원 이하",경력 6개월,학력무관,https://www.work24.go.kr/wk/a/b/1500/empDetailAuthView.do?wantedAuthNo=K131132609180022&infoTypeCd=VALIDATION&infoTypeGroup=tb_workinfoworknet,http://www.work.go.kr/empInfo/empInfoSrch/detail/empDetailAuthView.do?callPage=detail&wantedAuthNo=K131132609180022,https://www.work24.go.kr/wk/a/b/1500/empDetailAuthView.do?wantedAuthNo=K131132609180022&infoTypeCd=VALIDATION&infoTypeGroup=tb_workinfoworknet,NOT_REQUESTED,,,,,,,,,,,,,,,,,,,,,,,,,,,,,,,,
work24_5gu_20260919_2138,2026-09-19T12:38:57+00:00,K131132609180021,기계,MAPPED,A,29176,액체 여과기 제조업,주식회사킴텍,"플라스틱 사출, 납품보조 구인(월수금 출근)",경남 창원시 의창구,의창구,2026-09-18,2026-10-02,"시급 10,320 원 이상 ~ 10,320 원 이하",관계없음,학력무관,https://www.work24.go.kr/wk/a/b/1500/empDetailAuthView.do?wantedAuthNo=K131132609180021&infoTypeCd=VALIDATION&infoTypeGroup=tb_workinfoworknet,http://www.work.go.kr/empInfo/empInfoSrch/detail/empDetailAuthView.do?callPage=detail&wantedAuthNo=K131132609180021,https://www.work24.go.kr/wk/a/b/1500/empDetailAuthView.do?wantedAuthNo=K131132609180021&infoTypeCd=VALIDATION&infoTypeGroup=tb_workinfoworknet,NOT_REQUESTED,,,,,,,,,,,,,,,,,,,,,,,,,,,,,,,,
work24_5gu_20260919_2138,2026-09-19T12:38:57+00:00,K131132609180016,기계,MAPPED,C,25991,금속 캔 및 기타 포장용기 제조업,주식회사성산글로팩,제품설계(CAD) 담당자 모집(신입),경남 창원시 성산구,성산구,2026-09-18,2026-10-07,"연봉 3,240 만원 이상",신입,학력무관,https://www.work24.go.kr/wk/a/b/1500/empDetailAuthView.do?wantedAuthNo=K131132609180016&infoTypeCd=VALIDATION&infoTypeGroup=tb_workinfoworknet,http://www.work.go.kr/empInfo/empInfoSrch/detail/empDetailAuthView.do?callPage=detail&wantedAuthNo=K131132609180016,https://www.work24.go.kr/wk/a/b/1500/empDetailAuthView.do?wantedAuthNo=K131132609180016&infoTypeCd=VALIDATION&infoTypeGroup=tb_workinfoworknet,NOT_REQUESTED,,,,,,,,,,,,,,,,,,,,,,,,,,,,,,,,
work24_5gu_20260919_2138,2026-09-19T12:38:57+00:00,K131132609180015,기계,MAPPED,A,29176,액체 여과기 제조업,주식회사킴텍,플라스틱 사출 소재담당자 구인,경남 창원시 의창구,의창구,2026-09-18,2026-10-02,"시급 10,320 원 이상 ~ 10,320 원 이하",관계없음,학력무관,https://www.work24.go.kr/wk/a/b/1500/empDetailAuthView.do?wantedAuthNo=K131132609180015&infoTypeCd=VALIDATION&infoTypeGroup=tb_workinfoworknet,http://www.work.go.kr/empInfo/empInfoSrch/detail/empDetailAuthView.do?callPage=detail&wantedAuthNo=K131132609180015,https://www.work24.go.kr/wk/a/b/1500/empDetailAuthView.do?wantedAuthNo=K131132609180015&infoTypeCd=VALIDATION&infoTypeGroup=tb_workinfoworknet,NOT_REQUESTED,,,,,,,,,,,,,,,,,,,,,,,,,,,,,,,,
work24_5gu_20260919_2138,2026-09-19T12:38:57+00:00,K131132609180014,기계,MAPPED,C,25924,절삭가공 및 유사처리업,(주)신승정밀,CNC선반 조작원 채용,경남 창원시 성산구,성산구,2026-09-18,2026-10-30,"연봉 4,000 만원 이상 ~ 4,500 만원 이하",경력 3년,학력무관,https://www.work24.go.kr/wk/a/b/1500/empDetailAuthView.do?wantedAuthNo=K131132609180014&infoTypeCd=VALIDATION&infoTypeGroup=tb_workinfoworknet,http://www.work.go.kr/empInfo/empInfoSrch/detail/empDetailAuthView.do?callPage=detail&wantedAuthNo=K131132609180014,https://www.work24.go.kr/wk/a/b/1500/empDetailAuthView.do?wantedAuthNo=K131132609180014&infoTypeCd=VALIDATION&infoTypeGroup=tb_workinfoworknet,NOT_REQUESTED,,,,,,,,,,,,,,,,,,,,,,,,,,,,,,,,
work24_5gu_20260919_2138,2026-09-19T12:38:57+00:00,K131132609180012,기계,MAPPED,A,,공기 조화장치 제조업,삼명기계공업(주),삼명기계공업(주) 품질관리부 사원 모집,경남 창원시 성산구,성산구,2026-09-18,2026-11-16,"연봉 3,200 만원 이상",경력 2년,학력무관,https://www.work24.go.kr/wk/a/b/1500/empDetailAuthView.do?wantedAuthNo=K131132609180012&infoTypeCd=VALIDATION&infoTypeGroup=tb_workinfoworknet,http://www.work.go.kr/empInfo/empInfoSrch/detail/empDetailAuthView.do?callPage=detail&wantedAuthNo=K131132609180012,https://www.work24.go.kr/wk/a/b/1500/empDetailAuthView.do?wantedAuthNo=K131132609180012&infoTypeCd=VALIDATION&infoTypeGroup=tb_workinfoworknet,NOT_REQUESTED,,,,,,,,,,,,,,,,,,,,,,,,,,,,,,,,
work24_5gu_20260919_2138,2026-09-19T12:38:57+00:00,K131132609180007,기계,MAPPED,C,25924,절삭가공 및 유사처리업,제이텍,창원)LG 전자 가전 제품  개발( 설계변경 및 편집 ) 연구원/신입가능,경남 창원시 성산구,성산구,2026-09-18,2026-11-17,"연봉 3,500 만원 이상",관계없음,학력무관,https://www.work24.go.kr/wk/a/b/1500/empDetailAuthView.do?wantedAuthNo=K131132609180007&infoTypeCd=VALIDATION&infoTypeGroup=tb_workinfoworknet,http://www.work.go.kr/empInfo/empInfoSrch/detail/empDetailAuthView.do?callPage=detail&wantedAuthNo=K131132609180007,https://www.work24.go.kr/wk/a/b/1500/empDetailAuthView.do?wantedAuthNo=K131132609180007&infoTypeCd=VALIDATION&infoTypeGroup=tb_workinfoworknet,NOT_REQUESTED,,,,,,,,,,,,,,,,,,,,,,,,,,,,,,,,
work24_5gu_20260919_2138,2026-09-19T12:38:57+00:00,K131132609180004,기계,MAPPED,C,25924,절삭가공 및 유사처리업,주식회사 신화엠티,MCT 생산직 모집,경남 창원시 의창구,의창구,2026-09-18,2026-10-17,"시급 11,000 원 이상",관계없음,학력무관,https://www.work24.go.kr/wk/a/b/1500/empDetailAuthView.do?wantedAuthNo=K131132609180004&infoTypeCd=VALIDATION&infoTypeGroup=tb_workinfoworknet,http://www.work.go.kr/empInfo/empInfoSrch/detail/empDetailAuthView.do?callPage=detail&wantedAuthNo=K131132609180004,https://www.work24.go.kr/wk/a/b/1500/empDetailAuthView.do?wantedAuthNo=K131132609180004&infoTypeCd=VALIDATION&infoTypeGroup=tb_workinfoworknet,NOT_REQUESTED,,,,,,,,,,,,,,,,,,,,,,,,,,,,,,,,
work24_5gu_20260919_2138,2026-09-19T12:38:57+00:00,K131132609170054,기계,MAPPED,A,29210,농업 및 임업용 기계 제조업,(주)에스제이에이치,"유압기기 세척 및 조립, 시험원 모집",경남 창원시 의창구,의창구,2026-09-17,2026-11-16,"시급 10,320 원 이상",경력 3년,학력무관,https://www.work24.go.kr/wk/a/b/1500/empDetailAuthView.do?wantedAuthNo=K131132609170054&infoTypeCd=VALIDATION&infoTypeGroup=tb_workinfoworknet,http://www.work.go.kr/empInfo/empInfoSrch/detail/empDetailAuthView.do?callPage=detail&wantedAuthNo=K131132609170054,https://www.work24.go.kr/wk/a/b/1500/empDetailAuthView.do?wantedAuthNo=K131132609170054&infoTypeCd=VALIDATION&infoTypeGroup=tb_workinfoworknet,NOT_REQUESTED,,,,,,,,,,,,,,,,,,,,,,,,,,,,,,,,
work24_5gu_20260919_2138,2026-09-19T12:38:57+00:00,K131132609170053,목재종이,MAPPED,C,18119,기타 인쇄업,주식회사마크,[주식회사마크] 홍보팀 추가 채용 (본사 상주근무 필수!),경남 창원시 성산구,성산구,2026-09-17,2026-11-16,월급 220 만원 이상,관계없음,학력무관,https://www.work24.go.kr/wk/a/b/1500/empDetailAuthView.do?wantedAuthNo=K131132609170053&infoTypeCd=VALIDATION&infoTypeGroup=tb_workinfoworknet,http://www.work.go.kr/empInfo/empInfoSrch/detail/empDetailAuthView.do?callPage=detail&wantedAuthNo=K131132609170053,https://www.work24.go.kr/wk/a/b/1500/empDetailAuthView.do?wantedAuthNo=K131132609170053&infoTypeCd=VALIDATION&infoTypeGroup=tb_workinfoworknet,SUCCESS,200,,주식회사마크,[주식회사마크] 홍보팀 추가 채용 (본사 상주근무 필수!),work24,2026-09-23T04:41:13+00:00,CURRENT_DETAIL_HTML,1명,1,광고·홍보 전문가,-,-,"▣ 홍보팀 추가 채용 □ 소속 : 마케팅부 □ 근무형태 : 09:00~18:00 (주 5일) □ 함께 할 업무 1) 온,오프라인 홍보 전략 및 계획 수립 2) 기존 거래처 관리 및 수주 관리 3) 신규 업체 발굴 제안 및 관리 4) 자사 홍보 효과 분석 5) 행사 기획 및 진행시 필요한 전반적 업무 담당 6) 행사 현장 진행 □ 이런 분을 찾고 있어요 1) 최신 온,오프라인 홍보 트렌드에 대한 이해도가 높은 분 2) 비즈니스 마인드를 지닌 원활한 커뮤니케이션이 가능하신 분 3) 긍정적이고 적극적인 태도와 문제 해결 능력을 가지신 분 4) 행사 진행, 행사와 관련된 경험이 있으신 분 5) 행사 진행, 행사와 관련된 경험이 있으신 분 6) 운전가능자 필수!!!! □ 이런 분이면 더 좋아요 1) 홍보 프로젝트 수행 경험자 2) 광고사 및 제작사와의 업무 경험자 3) 행사 관련 업무 경험자 4) 새로운 아이디어와 창의적인 사고력 보유자","▣ 홍보팀 추가 채용 □ 소속 : 마케팅부 □ 근무형태 : 09:00~18:00 (주 5일) □ 함께 할 업무 1) 온,오프라인 홍보 전략 및 계획 수립 2) 기존 거래처 관리 및 수주 관리 3) 신규 업체 발굴 제안 및 관리 4) 자사 홍보 효과 분석 5) 행사 기획 및 진행시 필요한 전반적 업무 담당 6) 행사 현장 진행 □ 이런 분을 찾고 있어요 1) 최신 온,오프라인 홍보 트렌드에 대한 이해도가 높은 분 2) 비즈니스 마인드를 지닌 원활한 커뮤니케이션이 가능하신 분 3) 긍정적이고 적극적인 태도와 문제 해결 능력을 가지신 분 4) 행사 진행, 행사와 관련된 경험이 있으신 분 5) 행사 진행, 행사와 관련된 경험이 있으신 분 6) 운전가능자 필수!!!! □ 이런 분이면 더 좋아요 1) 홍보 프로젝트 수행 경험자 2) 광고사 및 제작사와의 업무 경험자 3) 행사 관련 업무 경험자 4) 새로운 아이디어와 창의적인 사고력 보유자",기간의 정함이 있는 근로계약 · 2개월 (계약기간 만료 후 상용직 전환 검토),관계없음,학력무관,월급 220만원 이상 협의가능,"주 소정근로시간 도움말 ※ ""주소정근로시간"" 이란 근로자와 사용자가 정한 1주 동안 근로하는 근로시간을 말합니다. 닫기 : 40시간 상세 근무시간 (근무시간) (오전) 9시 00분 ~ (오후) 6시 00분",주 5일 근무,필수 자동차운전면허,,,-,경상남도 창원시 성산구 용지로 111 (중앙동) 지도 보기 길찾기,창원시,성산구,,2026.09.17 16:00:48,채용시까지 (마감시간 : 24시),True,False
work24_5gu_20260919_2138,2026-09-19T12:38:57+00:00,K131132609170043,기계,MAPPED,A,29293,주형 및 금형 제조업,주현테크,CNC  금형 및 단품 가공 사원 모집(경력),경남 창원시 성산구,성산구,2026-09-17,2026-10-31,"연봉 4,500 만원 이상",경력 5년,학력무관,https://www.work24.go.kr/wk/a/b/1500/empDetailAuthView.do?wantedAuthNo=K131132609170043&infoTypeCd=VALIDATION&infoTypeGroup=tb_workinfoworknet,http://www.work.go.kr/empInfo/empInfoSrch/detail/empDetailAuthView.do?callPage=detail&wantedAuthNo=K131132609170043,https://www.work24.go.kr/wk/a/b/1500/empDetailAuthView.do?wantedAuthNo=K131132609170043&infoTypeCd=VALIDATION&infoTypeGroup=tb_workinfoworknet,NOT_REQUESTED,,,,,,,,,,,,,,,,,,,,,,,,,,,,,,,,
work24_5gu_20260919_2138,2026-09-19T12:38:57+00:00,K131132609170042,기계,MAPPED,A,29293,주형 및 금형 제조업,주현테크,납품영업 및 외주관리 사원 모집,경남 창원시 성산구,성산구,2026-09-17,2026-10-31,"연봉 4,000 만원 이상",경력 2년,학력무관,https://www.work24.go.kr/wk/a/b/1500/empDetailAuthView.do?wantedAuthNo=K131132609170042&infoTypeCd=VALIDATION&infoTypeGroup=tb_workinfoworknet,http://www.work.go.kr/empInfo/empInfoSrch/detail/empDetailAuthView.do?callPage=detail&wantedAuthNo=K131132609170042,https://www.work24.go.kr/wk/a/b/1500/empDetailAuthView.do?wantedAuthNo=K131132609170042&infoTypeCd=VALIDATION&infoTypeGroup=tb_workinfoworknet,NOT_REQUESTED,,,,,,,,,,,,,,,,,,,,,,,,,,,,,,,,
work24_5gu_20260919_2138,2026-09-19T12:38:57+00:00,K131132609170036,기계,MAPPED,C,25924,절삭가공 및 유사처리업,성신메카텍 주식회사,[창원] MCT 가공직원 모집 (정규직) (상여금있음),경남 창원시 의창구,의창구,2026-09-17,2026-11-16,"시급 10,320 원 이상",신입,학력무관,https://www.work24.go.kr/wk/a/b/1500/empDetailAuthView.do?wantedAuthNo=K131132609170036&infoTypeCd=VALIDATION&infoTypeGroup=tb_workinfoworknet,http://www.work.go.kr/empInfo/empInfoSrch/detail/empDetailAuthView.do?callPage=detail&wantedAuthNo=K131132609170036,https://www.work24.go.kr/wk/a/b/1500/empDetailAuthView.do?wantedAuthNo=K131132609170036&infoTypeCd=VALIDATION&infoTypeGroup=tb_workinfoworknet,NOT_REQUESTED,,,,,,,,,,,,,,,,,,,,,,,,,,,,,,,,
work24_5gu_20260919_2138,2026-09-19T12:38:57+00:00,K131132609170035,기계,MAPPED,C,25922,도금업,주식회사 대성금속,생산직 사원 모집,경남 창원시 성산구,성산구,2026-09-17,2026-11-13,"시급 10,320 원 이상 ~ 13,000 원 이하",관계없음,학력무관,https://www.work24.go.kr/wk/a/b/1500/empDetailAuthView.do?wantedAuthNo=K131132609170035&infoTypeCd=VALIDATION&infoTypeGroup=tb_workinfoworknet,http://www.work.go.kr/empInfo/empInfoSrch/detail/empDetailAuthView.do?callPage=detail&wantedAuthNo=K131132609170035,https://www.work24.go.kr/wk/a/b/1500/empDetailAuthView.do?wantedAuthNo=K131132609170035&infoTypeCd=VALIDATION&infoTypeGroup=tb_workinfoworknet,NOT_REQUESTED,,,,,,,,,,,,,,,,,,,,,,,,,,,,,,,,
work24_5gu_20260919_2138,2026-09-19T12:38:57+00:00,K131132609170030,기계,MAPPED,C,25113,육상 금속 골조 구조재 제조업,주식회사승은테크,사상원 모집,경남 창원시 성산구,성산구,2026-09-17,2026-10-01,"시급 12,000 원 이상",관계없음,학력무관,https://www.work24.go.kr/wk/a/b/1500/empDetailAuthView.do?wantedAuthNo=K131132609170030&infoTypeCd=VALIDATION&infoTypeGroup=tb_workinfoworknet,http://www.work.go.kr/empInfo/empInfoSrch/detail/empDetailAuthView.do?callPage=detail&wantedAuthNo=K131132609170030,https://www.work24.go.kr/wk/a/b/1500/empDetailAuthView.do?wantedAuthNo=K131132609170030&infoTypeCd=VALIDATION&infoTypeGroup=tb_workinfoworknet,NOT_REQUESTED,,,,,,,,,,,,,,,,,,,,,,,,,,,,,,,,
work24_5gu_20260919_2138,2026-09-19T12:38:57+00:00,K131132609170028,기계,MAPPED,A,29293,주형 및 금형 제조업,우진이디엠,방전기 조작원 모집,경남 창원시 의창구,의창구,2026-09-17,2026-11-16,"시급 10,320 원 이상",관계없음,학력무관,https://www.work24.go.kr/wk/a/b/1500/empDetailAuthView.do?wantedAuthNo=K131132609170028&infoTypeCd=VALIDATION&infoTypeGroup=tb_workinfoworknet,http://www.work.go.kr/empInfo/empInfoSrch/detail/empDetailAuthView.do?callPage=detail&wantedAuthNo=K131132609170028,https://www.work24.go.kr/wk/a/b/1500/empDetailAuthView.do?wantedAuthNo=K131132609170028&infoTypeCd=VALIDATION&infoTypeGroup=tb_workinfoworknet,NOT_REQUESTED,,,,,,,,,,,,,,,,,,,,,,,,,,,,,,,,
work24_5gu_20260919_2138,2026-09-19T12:38:57+00:00,K131132609170027,기계,MAPPED,C,25924,절삭가공 및 유사처리업,창현정밀,MCT 조작원,경남 창원시 성산구,성산구,2026-09-17,2026-11-14,"연봉 6,000 만원 이상 ~ 6,000 만원 이하",경력 4년,학력무관,https://www.work24.go.kr/wk/a/b/1500/empDetailAuthView.do?wantedAuthNo=K131132609170027&infoTypeCd=VALIDATION&infoTypeGroup=tb_workinfoworknet,http://www.work.go.kr/empInfo/empInfoSrch/detail/empDetailAuthView.do?callPage=detail&wantedAuthNo=K131132609170027,https://www.work24.go.kr/wk/a/b/1500/empDetailAuthView.do?wantedAuthNo=K131132609170027&infoTypeCd=VALIDATION&infoTypeGroup=tb_workinfoworknet,NOT_REQUESTED,,,,,,,,,,,,,,,,,,,,,,,,,,,,,,,,
work24_5gu_20260919_2138,2026-09-19T12:38:57+00:00,K131132609170017,기계,MAPPED,A,29299,그 외 기타 특수목적용 기계 제조업,세계미크론,원통연삭 기능공  모집,경남 창원시 의창구,의창구,2026-09-17,2026-11-16,"연봉 3,600 만원 이상",경력 2년,학력무관,https://www.work24.go.kr/wk/a/b/1500/empDetailAuthView.do?wantedAuthNo=K131132609170017&infoTypeCd=VALIDATION&infoTypeGroup=tb_workinfoworknet,http://www.work.go.kr/empInfo/empInfoSrch/detail/empDetailAuthView.do?callPage=detail&wantedAuthNo=K131132609170017,https://www.work24.go.kr/wk/a/b/1500/empDetailAuthView.do?wantedAuthNo=K131132609170017&infoTypeCd=VALIDATION&infoTypeGroup=tb_workinfoworknet,NOT_REQUESTED,,,,,,,,,,,,,,,,,,,,,,,,,,,,,,,,
work24_5gu_20260919_2138,2026-09-19T12:38:57+00:00,KEC0132609170005,기계,MAPPED,A,29141,구름베어링 제조업,주식회사 인시스(INSYS),[창원 용호동] 오피스텔 경비원 모집,경남 창원시 성산구,성산구,2026-09-17,2026-10-16,월급 240 만원 이상 ~ 240 만원 이하,관계없음,학력무관,https://www.work24.go.kr/wk/a/b/1500/empDetailAuthView.do?wantedAuthNo=KEC0132609170005&infoTypeCd=VALIDATION&infoTypeGroup=tb_workinfoworknet,http://www.work.go.kr/empInfo/empInfoSrch/detail/empDetailAuthView.do?callPage=detail&wantedAuthNo=KEC0132609170005,https://www.work24.go.kr/wk/a/b/1500/empDetailAuthView.do?wantedAuthNo=KEC0132609170005&infoTypeCd=VALIDATION&infoTypeGroup=tb_workinfoworknet,NOT_REQUESTED,,,,,,,,,,,,,,,,,,,,,,,,,,,,,,,,
work24_5gu_20260919_2138,2026-09-19T12:38:57+00:00,KEC0132609170004,기계,MAPPED,A,29141,구름베어링 제조업,주식회사 인시스(INSYS),[창원 서상동] 메트로병원 미화원 채용,경남 창원시 의창구,의창구,2026-09-17,2026-10-16,"시급 10,320 원 이상 ~ 10,320 원 이하",경력 1년,학력무관,https://www.work24.go.kr/wk/a/b/1500/empDetailAuthView.do?wantedAuthNo=KEC0132609170004&infoTypeCd=VALIDATION&infoTypeGroup=tb_workinfoworknet,http://www.work.go.kr/empInfo/empInfoSrch/detail/empDetailAuthView.do?callPage=detail&wantedAuthNo=KEC0132609170004,https://www.work24.go.kr/wk/a/b/1500/empDetailAuthView.do?wantedAuthNo=KEC0132609170004&infoTypeCd=VALIDATION&infoTypeGroup=tb_workinfoworknet,NOT_REQUESTED,,,,,,,,,,,,,,,,,,,,,,,,,,,,,,,,
work24_5gu_20260919_2138,2026-09-19T12:38:57+00:00,K131132609170005,기계,MAPPED,C,25924,절삭가공 및 유사처리업,SMC,하네스 및 케이블 생산직 모집,경남 창원시 의창구,의창구,2026-09-17,2026-10-01,"시급 10,320 원 이상",경력 1년,학력무관,https://www.work24.go.kr/wk/a/b/1500/empDetailAuthView.do?wantedAuthNo=K131132609170005&infoTypeCd=VALIDATION&infoTypeGroup=tb_workinfoworknet,http://www.work.go.kr/empInfo/empInfoSrch/detail/empDetailAuthView.do?callPage=detail&wantedAuthNo=K131132609170005,https://www.work24.go.kr/wk/a/b/1500/empDetailAuthView.do?wantedAuthNo=K131132609170005&infoTypeCd=VALIDATION&infoTypeGroup=tb_workinfoworknet,NOT_REQUESTED,,,,,,,,,,,,,,,,,,,,,,,,,,,,,,,,
work24_5gu_20260919_2138,2026-09-19T12:38:57+00:00,K131132609170004,기계,MAPPED,C,25200,무기 및 총포탄 제조업,(주)지성큐앤텍,지성큐엔텍 가공 작업자(오퍼레이터) 모집 (경력),경남 창원시 성산구,성산구,2026-09-17,2026-10-01,"시급 18,000 원 이상",경력 10년,학력무관,https://www.work24.go.kr/wk/a/b/1500/empDetailAuthView.do?wantedAuthNo=K131132609170004&infoTypeCd=VALIDATION&infoTypeGroup=tb_workinfoworknet,http://www.work.go.kr/empInfo/empInfoSrch/detail/empDetailAuthView.do?callPage=detail&wantedAuthNo=K131132609170004,https://www.work24.go.kr/wk/a/b/1500/empDetailAuthView.do?wantedAuthNo=K131132609170004&infoTypeCd=VALIDATION&infoTypeGroup=tb_workinfoworknet,NOT_REQUESTED,,,,,,,,,,,,,,,,,,,,,,,,,,,,,,,,
work24_5gu_20260919_2138,2026-09-19T12:38:57+00:00,K131132609170003,기계,MAPPED,C,25200,무기 및 총포탄 제조업,(주)지성큐앤텍,특수차량 부품 조립 사원 모집(단기직 6개월),경남 창원시 성산구,성산구,2026-09-17,2026-10-01,"시급 11,500 원 이상",관계없음,학력무관,https://www.work24.go.kr/wk/a/b/1500/empDetailAuthView.do?wantedAuthNo=K131132609170003&infoTypeCd=VALIDATION&infoTypeGroup=tb_workinfoworknet,http://www.work.go.kr/empInfo/empInfoSrch/detail/empDetailAuthView.do?callPage=detail&wantedAuthNo=K131132609170003,https://www.work24.go.kr/wk/a/b/1500/empDetailAuthView.do?wantedAuthNo=K131132609170003&infoTypeCd=VALIDATION&infoTypeGroup=tb_workinfoworknet,NOT_REQUESTED,,,,,,,,,,,,,,,,,,,,,,,,,,,,,,,,
work24_5gu_20260919_2138,2026-09-19T12:38:57+00:00,K131132609170001,기계,MAPPED,C,25924,절삭가공 및 유사처리업,에이피엠글로벌 주식회사,CNC / MCT / NC/ 범용 정규직 신입/경력사원 모집,경남 창원시 성산구,성산구,2026-09-17,2026-11-15,"시급 10,320 원 이상",관계없음,학력무관,https://www.work24.go.kr/wk/a/b/1500/empDetailAuthView.do?wantedAuthNo=K131132609170001&infoTypeCd=VALIDATION&infoTypeGroup=tb_workinfoworknet,http://www.work.go.kr/empInfo/empInfoSrch/detail/empDetailAuthView.do?callPage=detail&wantedAuthNo=K131132609170001,https://www.work24.go.kr/wk/a/b/1500/empDetailAuthView.do?wantedAuthNo=K131132609170001&infoTypeCd=VALIDATION&infoTypeGroup=tb_workinfoworknet,NOT_REQUESTED,,,,,,,,,,,,,,,,,,,,,,,,,,,,,,,,
work24_5gu_20260919_2138,2026-09-19T12:38:57+00:00,K131132609160044,기계,MAPPED,C,25113,육상 금속 골조 구조재 제조업,주식회사에이치앤씨,"MCT , CNC조작원 모집",경남 창원시 성산구,성산구,2026-09-16,2026-11-15,"연봉 3,600 만원 이상 ~ 6,000 만원 이하",경력 5년,학력무관,https://www.work24.go.kr/wk/a/b/1500/empDetailAuthView.do?wantedAuthNo=K131132609160044&infoTypeCd=VALIDATION&infoTypeGroup=tb_workinfoworknet,http://www.work.go.kr/empInfo/empInfoSrch/detail/empDetailAuthView.do?callPage=detail&wantedAuthNo=K131132609160044,https://www.work24.go.kr/wk/a/b/1500/empDetailAuthView.do?wantedAuthNo=K131132609160044&infoTypeCd=VALIDATION&infoTypeGroup=tb_workinfoworknet,NOT_REQUESTED,,,,,,,,,,,,,,,,,,,,,,,,,,,,,,,,
work24_5gu_20260919_2138,2026-09-19T12:38:57+00:00,K131132609160035,기계,MAPPED,C,25913,자동차용 금속 압형제품 제조업,주식회사동경씨에스,동경씨에스 - 레이저 오퍼레이터  모집,경남 창원시 성산구,성산구,2026-09-16,2026-09-30,"연봉 4,000 만원 이상 ~ 4,500 만원 이하",경력 2년,학력무관,https://www.work24.go.kr/wk/a/b/1500/empDetailAuthView.do?wantedAuthNo=K131132609160035&infoTypeCd=VALIDATION&infoTypeGroup=tb_workinfoworknet,http://www.work.go.kr/empInfo/empInfoSrch/detail/empDetailAuthView.do?callPage=detail&wantedAuthNo=K131132609160035,https://www.work24.go.kr/wk/a/b/1500/empDetailAuthView.do?wantedAuthNo=K131132609160035&infoTypeCd=VALIDATION&infoTypeGroup=tb_workinfoworknet,NOT_REQUESTED,,,,,,,,,,,,,,,,,,,,,,,,,,,,,,,,
work24_5gu_20260919_2138,2026-09-19T12:38:57+00:00,K131132609160023,기계,MAPPED,A,29120,유압기기 제조업,하이에스지,MCT 가공 (H-MCT),경남 창원시 성산구,성산구,2026-09-16,2026-11-15,"연봉 3,700 만원 이상 ~ 4,500 만원 이하",경력 3년,학력무관,https://www.work24.go.kr/wk/a/b/1500/empDetailAuthView.do?wantedAuthNo=K131132609160023&infoTypeCd=VALIDATION&infoTypeGroup=tb_workinfoworknet,http://www.work.go.kr/empInfo/empInfoSrch/detail/empDetailAuthView.do?callPage=detail&wantedAuthNo=K131132609160023,https://www.work24.go.kr/wk/a/b/1500/empDetailAuthView.do?wantedAuthNo=K131132609160023&infoTypeCd=VALIDATION&infoTypeGroup=tb_workinfoworknet,NOT_REQUESTED,,,,,,,,,,,,,,,,,,,,,,,,,,,,,,,,
work24_5gu_20260919_2138,2026-09-19T12:38:57+00:00,K131132609160001,기계,MAPPED,A,29299,그 외 기타 특수목적용 기계 제조업,주식회사원우이엔지,원우이엔지 [발주서관리.납품일정.납품.등] 모집,경남 창원시 성산구,성산구,2026-09-16,2026-11-01,월급 330 만원 이상 ~ 330 만원 이하,경력 3년,학력무관,https://www.work24.go.kr/wk/a/b/1500/empDetailAuthView.do?wantedAuthNo=K131132609160001&infoTypeCd=VALIDATION&infoTypeGroup=tb_workinfoworknet,http://www.work.go.kr/empInfo/empInfoSrch/detail/empDetailAuthView.do?callPage=detail&wantedAuthNo=K131132609160001,https://www.work24.go.kr/wk/a/b/1500/empDetailAuthView.do?wantedAuthNo=K131132609160001&infoTypeCd=VALIDATION&infoTypeGroup=tb_workinfoworknet,NOT_REQUESTED,,,,,,,,,,,,,,,,,,,,,,,,,,,,,,,,
work24_5gu_20260919_2138,2026-09-19T12:38:57+00:00,K131132609150035,기계,MAPPED,A,29142,기어 및 동력전달장치 제조업,주식회사 한성디에스,한성디에스 - 공작기계 조립원 모집,경남 창원시 성산구,성산구,2026-09-15,2026-10-02,"일급 83,000 원 이상",관계없음,학력무관,https://www.work24.go.kr/wk/a/b/1500/empDetailAuthView.do?wantedAuthNo=K131132609150035&infoTypeCd=VALIDATION&infoTypeGroup=tb_workinfoworknet,http://www.work.go.kr/empInfo/empInfoSrch/detail/empDetailAuthView.do?callPage=detail&wantedAuthNo=K131132609150035,https://www.work24.go.kr/wk/a/b/1500/empDetailAuthView.do?wantedAuthNo=K131132609150035&infoTypeCd=VALIDATION&infoTypeGroup=tb_workinfoworknet,NOT_REQUESTED,,,,,,,,,,,,,,,,,,,,,,,,,,,,,,,,
work24_5gu_20260919_2138,2026-09-19T12:38:57+00:00,K131132609150030,기계,MAPPED,C,25924,절삭가공 및 유사처리업,주식회사도경테크,타워 크레인 신호수 모집,경남 창원시 진해구,진해구,2026-09-15,2026-11-14,"시급 10,320 원 이상",관계없음,학력무관,https://www.work24.go.kr/wk/a/b/1500/empDetailAuthView.do?wantedAuthNo=K131132609150030&infoTypeCd=VALIDATION&infoTypeGroup=tb_workinfoworknet,http://www.work.go.kr/empInfo/empInfoSrch/detail/empDetailAuthView.do?callPage=detail&wantedAuthNo=K131132609150030,https://www.work24.go.kr/wk/a/b/1500/empDetailAuthView.do?wantedAuthNo=K131132609150030&infoTypeCd=VALIDATION&infoTypeGroup=tb_workinfoworknet,NOT_REQUESTED,,,,,,,,,,,,,,,,,,,,,,,,,,,,,,,,
work24_5gu_20260919_2138,2026-09-19T12:38:57+00:00,K131132609150029,기계,MAPPED,A,29199,그 외 기타 일반목적용 기계 제조업,신흥공업(주),일반사무원 모집(제조업),경남 창원시 성산구,성산구,2026-09-15,2026-09-28,"연봉 2,760 만원 이상",관계없음,학력무관,https://www.work24.go.kr/wk/a/b/1500/empDetailAuthView.do?wantedAuthNo=K131132609150029&infoTypeCd=VALIDATION&infoTypeGroup=tb_workinfoworknet,http://www.work.go.kr/empInfo/empInfoSrch/detail/empDetailAuthView.do?callPage=detail&wantedAuthNo=K131132609150029,https://www.work24.go.kr/wk/a/b/1500/empDetailAuthView.do?wantedAuthNo=K131132609150029&infoTypeCd=VALIDATION&infoTypeGroup=tb_workinfoworknet,NOT_REQUESTED,,,,,,,,,,,,,,,,,,,,,,,,,,,,,,,,
work24_5gu_20260919_2138,2026-09-19T12:38:57+00:00,K131132609150028,기계,MAPPED,C,25924,절삭가공 및 유사처리업,대경정밀공업(주),cnc가공 사원 모집_창원 팔용동 [경력무관],경남 창원시 의창구,의창구,2026-09-15,2026-09-30,"시급 10,400 원 이상 ~ 10,500 원 이하",관계없음,학력무관,https://www.work24.go.kr/wk/a/b/1500/empDetailAuthView.do?wantedAuthNo=K131132609150028&infoTypeCd=VALIDATION&infoTypeGroup=tb_workinfoworknet,http://www.work.go.kr/empInfo/empInfoSrch/detail/empDetailAuthView.do?callPage=detail&wantedAuthNo=K131132609150028,https://www.work24.go.kr/wk/a/b/1500/empDetailAuthView.do?wantedAuthNo=K131132609150028&infoTypeCd=VALIDATION&infoTypeGroup=tb_workinfoworknet,NOT_REQUESTED,,,,,,,,,,,,,,,,,,,,,,,,,,,,,,,,
work24_5gu_20260919_2138,2026-09-19T12:38:57+00:00,K131132609150027,기계,MAPPED,A,29142,기어 및 동력전달장치 제조업,한성기계공업사,생산직 기계조작원 모집,경남 창원시 의창구,의창구,2026-09-15,2026-10-02,"일급 85,000 원 이상",관계없음,학력무관,https://www.work24.go.kr/wk/a/b/1500/empDetailAuthView.do?wantedAuthNo=K131132609150027&infoTypeCd=VALIDATION&infoTypeGroup=tb_workinfoworknet,http://www.work.go.kr/empInfo/empInfoSrch/detail/empDetailAuthView.do?callPage=detail&wantedAuthNo=K131132609150027,https://www.work24.go.kr/wk/a/b/1500/empDetailAuthView.do?wantedAuthNo=K131132609150027&infoTypeCd=VALIDATION&infoTypeGroup=tb_workinfoworknet,NOT_REQUESTED,,,,,,,,,,,,,,,,,,,,,,,,,,,,,,,,
work24_5gu_20260919_2138,2026-09-19T12:38:57+00:00,K131132609150024,기계,MAPPED,A,29293,주형 및 금형 제조업,"주식회사지이브이솔루션(GEVSolutionCO.,Ltd.)",금속기계/금속부품 조립 및 포장 [계약직 사원] 모집,경남 창원시 의창구,의창구,2026-09-15,2026-11-14,"시급 10,320 원 이상 ~ 10,320 원 이하",관계없음,학력무관,https://www.work24.go.kr/wk/a/b/1500/empDetailAuthView.do?wantedAuthNo=K131132609150024&infoTypeCd=VALIDATION&infoTypeGroup=tb_workinfoworknet,http://www.work.go.kr/empInfo/empInfoSrch/detail/empDetailAuthView.do?callPage=detail&wantedAuthNo=K131132609150024,https://www.work24.go.kr/wk/a/b/1500/empDetailAuthView.do?wantedAuthNo=K131132609150024&infoTypeCd=VALIDATION&infoTypeGroup=tb_workinfoworknet,NOT_REQUESTED,,,,,,,,,,,,,,,,,,,,,,,,,,,,,,,,
work24_5gu_20260919_2138,2026-09-19T12:38:57+00:00,K131132609150022,기계,MAPPED,C,25913,자동차용 금속 압형제품 제조업,주식회사동경씨에스,CNC컴퓨터 조작원 모집,경남 창원시 성산구,성산구,2026-09-15,2026-09-29,"연봉 3,500 만원 이상",경력 1년,학력무관,https://www.work24.go.kr/wk/a/b/1500/empDetailAuthView.do?wantedAuthNo=K131132609150022&infoTypeCd=VALIDATION&infoTypeGroup=tb_workinfoworknet,http://www.work.go.kr/empInfo/empInfoSrch/detail/empDetailAuthView.do?callPage=detail&wantedAuthNo=K131132609150022,https://www.work24.go.kr/wk/a/b/1500/empDetailAuthView.do?wantedAuthNo=K131132609150022&infoTypeCd=VALIDATION&infoTypeGroup=tb_workinfoworknet,NOT_REQUESTED,,,,,,,,,,,,,,,,,,,,,,,,,,,,,,,,
work24_5gu_20260919_2138,2026-09-19T12:38:57+00:00,K131132609150015,기계,MAPPED,A,29223,금속 절삭기계 제조업,(주)화신정밀,오면가공기작업자 및 MCT. 호리젠탈 실무경력 경험자 채용,경남 창원시 성산구,성산구,2026-09-15,2026-11-14,월급 350 만원 이상,경력 2년,학력무관,https://www.work24.go.kr/wk/a/b/1500/empDetailAuthView.do?wantedAuthNo=K131132609150015&infoTypeCd=VALIDATION&infoTypeGroup=tb_workinfoworknet,http://www.work.go.kr/empInfo/empInfoSrch/detail/empDetailAuthView.do?callPage=detail&wantedAuthNo=K131132609150015,https://www.work24.go.kr/wk/a/b/1500/empDetailAuthView.do?wantedAuthNo=K131132609150015&infoTypeCd=VALIDATION&infoTypeGroup=tb_workinfoworknet,NOT_REQUESTED,,,,,,,,,,,,,,,,,,,,,,,,,,,,,,,,
work24_5gu_20260919_2138,2026-09-19T12:38:57+00:00,KF10802609150002,기계,MAPPED,A,29142,기어 및 동력전달장치 제조업,주식회사컨트로맥스（Contromax）,창원지점 행정서무 채용 [창원여성새일센터 채용대행],경남 창원시 의창구,의창구,2026-09-15,2026-11-14,"연봉 2,800 만원 이상 ~ 4,000 만원 이하",경력 2년,학력무관,https://www.work24.go.kr/wk/a/b/1500/empDetailAuthView.do?wantedAuthNo=KF10802609150002&infoTypeCd=VALIDATION&infoTypeGroup=tb_workinfoworknet,http://www.work.go.kr/empInfo/empInfoSrch/detail/empDetailAuthView.do?callPage=detail&wantedAuthNo=KF10802609150002,https://www.work24.go.kr/wk/a/b/1500/empDetailAuthView.do?wantedAuthNo=KF10802609150002&infoTypeCd=VALIDATION&infoTypeGroup=tb_workinfoworknet,NOT_REQUESTED,,,,,,,,,,,,,,,,,,,,,,,,,,,,,,,,
work24_5gu_20260919_2138,2026-09-19T12:38:57+00:00,K131132609150005,기계,MAPPED,A,29223,금속 절삭기계 제조업,남도하이텍주식회사,[남도하이텍] 품질보증 경력자 모십니다.,경남 창원시 의창구,의창구,2026-09-15,2026-09-30,"연봉 3,400 만원 이상 ~ 4,300 만원 이하",경력 3년,학력무관,https://www.work24.go.kr/wk/a/b/1500/empDetailAuthView.do?wantedAuthNo=K131132609150005&infoTypeCd=VALIDATION&infoTypeGroup=tb_workinfoworknet,http://www.work.go.kr/empInfo/empInfoSrch/detail/empDetailAuthView.do?callPage=detail&wantedAuthNo=K131132609150005,https://www.work24.go.kr/wk/a/b/1500/empDetailAuthView.do?wantedAuthNo=K131132609150005&infoTypeCd=VALIDATION&infoTypeGroup=tb_workinfoworknet,NOT_REQUESTED,,,,,,,,,,,,,,,,,,,,,,,,,,,,,,,,
work24_5gu_20260919_2138,2026-09-19T12:38:57+00:00,K131132609150004,기계,MAPPED,A,29223,금속 절삭기계 제조업,남도하이텍주식회사,MCT 가공 경력직 모집,경남 창원시 의창구,의창구,2026-09-15,2026-09-30,"연봉 3,800 만원 이상 ~ 4,500 만원 이하",경력 5년,학력무관,https://www.work24.go.kr/wk/a/b/1500/empDetailAuthView.do?wantedAuthNo=K131132609150004&infoTypeCd=VALIDATION&infoTypeGroup=tb_workinfoworknet,http://www.work.go.kr/empInfo/empInfoSrch/detail/empDetailAuthView.do?callPage=detail&wantedAuthNo=K131132609150004,https://www.work24.go.kr/wk/a/b/1500/empDetailAuthView.do?wantedAuthNo=K131132609150004&infoTypeCd=VALIDATION&infoTypeGroup=tb_workinfoworknet,NOT_REQUESTED,,,,,,,,,,,,,,,,,,,,,,,,,,,,,,,,
work24_5gu_20260919_2138,2026-09-19T12:38:57+00:00,K131132609140083,기계,MAPPED,C,25941,볼트 및 너트류 제조업,리드웰테크,금속가공 검사원,경남 창원시 의창구,의창구,2026-09-14,2026-09-28,"시급 10,320 원 이상",관계없음,학력무관,https://www.work24.go.kr/wk/a/b/1500/empDetailAuthView.do?wantedAuthNo=K131132609140083&infoTypeCd=VALIDATION&infoTypeGroup=tb_workinfoworknet,http://www.work.go.kr/empInfo/empInfoSrch/detail/empDetailAuthView.do?callPage=detail&wantedAuthNo=K131132609140083,https://www.work24.go.kr/wk/a/b/1500/empDetailAuthView.do?wantedAuthNo=K131132609140083&infoTypeCd=VALIDATION&infoTypeGroup=tb_workinfoworknet,NOT_REQUESTED,,,,,,,,,,,,,,,,,,,,,,,,,,,,,,,,
work24_5gu_20260919_2138,2026-09-19T12:38:57+00:00,K131132609140079,기계,MAPPED,C,25924,절삭가공 및 유사처리업,덕보기계,MCT 가공 모집,경남 창원시 의창구,의창구,2026-09-14,2026-10-13,"시급 10,320 원 이상 ~ 10,320 원 이하",관계없음,학력무관,https://www.work24.go.kr/wk/a/b/1500/empDetailAuthView.do?wantedAuthNo=K131132609140079&infoTypeCd=VALIDATION&infoTypeGroup=tb_workinfoworknet,http://www.work.go.kr/empInfo/empInfoSrch/detail/empDetailAuthView.do?callPage=detail&wantedAuthNo=K131132609140079,https://www.work24.go.kr/wk/a/b/1500/empDetailAuthView.do?wantedAuthNo=K131132609140079&infoTypeCd=VALIDATION&infoTypeGroup=tb_workinfoworknet,NOT_REQUESTED,,,,,,,,,,,,,,,,,,,,,,,,,,,,,,,,
work24_5gu_20260919_2138,2026-09-19T12:38:57+00:00,K131132609140078,기계,MAPPED,A,29229,기타 가공 공작기계 제조업,유창공업(주),품질관리 사원 모집,경남 창원시 성산구,성산구,2026-09-14,2026-09-30,월급 300 만원 이상 ~ 330 만원 이하,신입,학력무관,https://www.work24.go.kr/wk/a/b/1500/empDetailAuthView.do?wantedAuthNo=K131132609140078&infoTypeCd=VALIDATION&infoTypeGroup=tb_workinfoworknet,http://www.work.go.kr/empInfo/empInfoSrch/detail/empDetailAuthView.do?callPage=detail&wantedAuthNo=K131132609140078,https://www.work24.go.kr/wk/a/b/1500/empDetailAuthView.do?wantedAuthNo=K131132609140078&infoTypeCd=VALIDATION&infoTypeGroup=tb_workinfoworknet,NOT_REQUESTED,,,,,,,,,,,,,,,,,,,,,,,,,,,,,,,,
work24_5gu_20260919_2138,2026-09-19T12:38:57+00:00,K131132609140072,기계,MAPPED,C,25924,절삭가공 및 유사처리업,진오테크,자재및 품질사무원,경남 창원시 의창구,의창구,2026-09-14,2026-09-30,"연봉 3,500 만원 이상",경력 2년,학력무관,https://www.work24.go.kr/wk/a/b/1500/empDetailAuthView.do?wantedAuthNo=K131132609140072&infoTypeCd=VALIDATION&infoTypeGroup=tb_workinfoworknet,http://www.work.go.kr/empInfo/empInfoSrch/detail/empDetailAuthView.do?callPage=detail&wantedAuthNo=K131132609140072,https://www.work24.go.kr/wk/a/b/1500/empDetailAuthView.do?wantedAuthNo=K131132609140072&infoTypeCd=VALIDATION&infoTypeGroup=tb_workinfoworknet,NOT_REQUESTED,,,,,,,,,,,,,,,,,,,,,,,,,,,,,,,,
work24_5gu_20260919_2138,2026-09-19T12:38:57+00:00,K131132609140070,기계,MAPPED,A,29241,건설 및 채광용 기계장비 제조업,주식회사코만,"CNC 기계부품 가공 사원모집[신입/경력무관]-일반 1명, 병역특례 현역 1명 모집",경남 창원시 의창구,의창구,2026-09-14,2026-10-13,"시급 11,380 원 이상 ~ 12,380 원 이하",관계없음,학력무관,https://www.work24.go.kr/wk/a/b/1500/empDetailAuthView.do?wantedAuthNo=K131132609140070&infoTypeCd=VALIDATION&infoTypeGroup=tb_workinfoworknet,http://www.work.go.kr/empInfo/empInfoSrch/detail/empDetailAuthView.do?callPage=detail&wantedAuthNo=K131132609140070,https://www.work24.go.kr/wk/a/b/1500/empDetailAuthView.do?wantedAuthNo=K131132609140070&infoTypeCd=VALIDATION&infoTypeGroup=tb_workinfoworknet,NOT_REQUESTED,,,,,,,,,,,,,,,,,,,,,,,,,,,,,,,,
work24_5gu_20260919_2138,2026-09-19T12:38:57+00:00,K131132609140064,기계,MAPPED,A,29223,금속 절삭기계 제조업,한영레이저,레이저 오퍼레이터 [경력직] 모집,경남 창원시 성산구,성산구,2026-09-14,2026-09-28,"시급 13,000 원 이상",경력 3년,학력무관,https://www.work24.go.kr/wk/a/b/1500/empDetailAuthView.do?wantedAuthNo=K131132609140064&infoTypeCd=VALIDATION&infoTypeGroup=tb_workinfoworknet,http://www.work.go.kr/empInfo/empInfoSrch/detail/empDetailAuthView.do?callPage=detail&wantedAuthNo=K131132609140064,https://www.work24.go.kr/wk/a/b/1500/empDetailAuthView.do?wantedAuthNo=K131132609140064&infoTypeCd=VALIDATION&infoTypeGroup=tb_workinfoworknet,NOT_REQUESTED,,,,,,,,,,,,,,,,,,,,,,,,,,,,,,,,
work24_5gu_20260919_2138,2026-09-19T12:38:57+00:00,K131132609140062,기계,MAPPED,A,29223,금속 절삭기계 제조업,한영레이저,레이저 오퍼레이터 [신입] 모집,경남 창원시 성산구,성산구,2026-09-14,2026-09-28,"시급 10,500 원 이상",신입,학력무관,https://www.work24.go.kr/wk/a/b/1500/empDetailAuthView.do?wantedAuthNo=K131132609140062&infoTypeCd=VALIDATION&infoTypeGroup=tb_workinfoworknet,http://www.work.go.kr/empInfo/empInfoSrch/detail/empDetailAuthView.do?callPage=detail&wantedAuthNo=K131132609140062,https://www.work24.go.kr/wk/a/b/1500/empDetailAuthView.do?wantedAuthNo=K131132609140062&infoTypeCd=VALIDATION&infoTypeGroup=tb_workinfoworknet,NOT_REQUESTED,,,,,,,,,,,,,,,,,,,,,,,,,,,,,,,,
work24_5gu_20260919_2138,2026-09-19T12:38:57+00:00,K131132609140059,기계,MAPPED,C,25921,금속 열처리업,대경진공열처리,열처리 생산직 모집(3조2교대),경남 창원시 성산구,성산구,2026-09-14,2026-10-31,"연봉 3,600 만원 이상",관계없음,학력무관,https://www.work24.go.kr/wk/a/b/1500/empDetailAuthView.do?wantedAuthNo=K131132609140059&infoTypeCd=VALIDATION&infoTypeGroup=tb_workinfoworknet,http://www.work.go.kr/empInfo/empInfoSrch/detail/empDetailAuthView.do?callPage=detail&wantedAuthNo=K131132609140059,https://www.work24.go.kr/wk/a/b/1500/empDetailAuthView.do?wantedAuthNo=K131132609140059&infoTypeCd=VALIDATION&infoTypeGroup=tb_workinfoworknet,NOT_REQUESTED,,,,,,,,,,,,,,,,,,,,,,,,,,,,,,,,
work24_5gu_20260919_2138,2026-09-19T12:38:57+00:00,K131132609140058,기계,MAPPED,C,25924,절삭가공 및 유사처리업,진오테크,품질검사,경남 창원시 의창구,의창구,2026-09-14,2026-09-30,"연봉 3,600 만원 이상",경력 2년,학력무관,https://www.work24.go.kr/wk/a/b/1500/empDetailAuthView.do?wantedAuthNo=K131132609140058&infoTypeCd=VALIDATION&infoTypeGroup=tb_workinfoworknet,http://www.work.go.kr/empInfo/empInfoSrch/detail/empDetailAuthView.do?callPage=detail&wantedAuthNo=K131132609140058,https://www.work24.go.kr/wk/a/b/1500/empDetailAuthView.do?wantedAuthNo=K131132609140058&infoTypeCd=VALIDATION&infoTypeGroup=tb_workinfoworknet,NOT_REQUESTED,,,,,,,,,,,,,,,,,,,,,,,,,,,,,,,,
work24_5gu_20260919_2138,2026-09-19T12:38:57+00:00,K131132609140054,기계,MAPPED,C,25913,자동차용 금속 압형제품 제조업,주식회사동경씨에스,현장 보조업무 구인,경남 창원시 성산구,성산구,2026-09-14,2026-09-28,"시급 10,320 원 이상 ~ 10,320 원 이하",관계없음,학력무관,https://www.work24.go.kr/wk/a/b/1500/empDetailAuthView.do?wantedAuthNo=K131132609140054&infoTypeCd=VALIDATION&infoTypeGroup=tb_workinfoworknet,http://www.work.go.kr/empInfo/empInfoSrch/detail/empDetailAuthView.do?callPage=detail&wantedAuthNo=K131132609140054,https://www.work24.go.kr/wk/a/b/1500/empDetailAuthView.do?wantedAuthNo=K131132609140054&infoTypeCd=VALIDATION&infoTypeGroup=tb_workinfoworknet,NOT_REQUESTED,,,,,,,,,,,,,,,,,,,,,,,,,,,,,,,,
work24_5gu_20260919_2138,2026-09-19T12:38:57+00:00,K131132609140051,기계,MAPPED,C,25924,절삭가공 및 유사처리업,제이텍,창원) LG 연구 개발 시험원 모집 (신입우대),경남 창원시 성산구,성산구,2026-09-14,2026-11-13,"시급 12,000 원 이상",신입,학력무관,https://www.work24.go.kr/wk/a/b/1500/empDetailAuthView.do?wantedAuthNo=K131132609140051&infoTypeCd=VALIDATION&infoTypeGroup=tb_workinfoworknet,http://www.work.go.kr/empInfo/empInfoSrch/detail/empDetailAuthView.do?callPage=detail&wantedAuthNo=K131132609140051,https://www.work24.go.kr/wk/a/b/1500/empDetailAuthView.do?wantedAuthNo=K131132609140051&infoTypeCd=VALIDATION&infoTypeGroup=tb_workinfoworknet,NOT_REQUESTED,,,,,,,,,,,,,,,,,,,,,,,,,,,,,,,,
work24_5gu_20260919_2138,2026-09-19T12:38:57+00:00,K131132609140049,기계,MAPPED,A,29299,그 외 기타 특수목적용 기계 제조업,동아산기(주),"용접 및 기계조립, 제관 경력자 모집",경남 창원시 의창구,의창구,2026-09-14,2026-09-29,"연봉 4,000 만원 이상",경력 1년,학력무관,https://www.work24.go.kr/wk/a/b/1500/empDetailAuthView.do?wantedAuthNo=K131132609140049&infoTypeCd=VALIDATION&infoTypeGroup=tb_workinfoworknet,http://www.work.go.kr/empInfo/empInfoSrch/detail/empDetailAuthView.do?callPage=detail&wantedAuthNo=K131132609140049,https://www.work24.go.kr/wk/a/b/1500/empDetailAuthView.do?wantedAuthNo=K131132609140049&infoTypeCd=VALIDATION&infoTypeGroup=tb_workinfoworknet,NOT_REQUESTED,,,,,,,,,,,,,,,,,,,,,,,,,,,,,,,,
work24_5gu_20260919_2138,2026-09-19T12:38:57+00:00,K131132609140036,목재종이,MAPPED,C,18111,경 인쇄업,주식회사 오투드림,편집 디자이너 모집합니다.(급여협의가능합니다),경남 창원시 성산구,성산구,2026-09-14,2026-11-13,월급 240 만원 이상,관계없음,학력무관,https://www.work24.go.kr/wk/a/b/1500/empDetailAuthView.do?wantedAuthNo=K131132609140036&infoTypeCd=VALIDATION&infoTypeGroup=tb_workinfoworknet,http://www.work.go.kr/empInfo/empInfoSrch/detail/empDetailAuthView.do?callPage=detail&wantedAuthNo=K131132609140036,https://www.work24.go.kr/wk/a/b/1500/empDetailAuthView.do?wantedAuthNo=K131132609140036&infoTypeCd=VALIDATION&infoTypeGroup=tb_workinfoworknet,NOT_REQUESTED,,,,,,,,,,,,,,,,,,,,,,,,,,,,,,,,
work24_5gu_20260919_2138,2026-09-19T12:38:57+00:00,K131132609140034,기계,MAPPED,C,25924,절삭가공 및 유사처리업,세원기계,공정 품질관리원 모집 (자동차부품),경남 창원시 성산구,성산구,2026-09-14,2026-11-13,"시급 10,320 원 이상",관계없음,학력무관,https://www.work24.go.kr/wk/a/b/1500/empDetailAuthView.do?wantedAuthNo=K131132609140034&infoTypeCd=VALIDATION&infoTypeGroup=tb_workinfoworknet,http://www.work.go.kr/empInfo/empInfoSrch/detail/empDetailAuthView.do?callPage=detail&wantedAuthNo=K131132609140034,https://www.work24.go.kr/wk/a/b/1500/empDetailAuthView.do?wantedAuthNo=K131132609140034&infoTypeCd=VALIDATION&infoTypeGroup=tb_workinfoworknet,NOT_REQUESTED,,,,,,,,,,,,,,,,,,,,,,,,,,,,,,,,
work24_5gu_20260919_2138,2026-09-19T12:38:57+00:00,K131132609140027,기계,MAPPED,A,29293,주형 및 금형 제조업,(주)동구기업,프레스금형 영업(관리)팀 담당자 모집,경남 창원시 성산구,성산구,2026-09-14,2026-11-13,"연봉 3,600 만원 이상",관계없음,학력무관,https://www.work24.go.kr/wk/a/b/1500/empDetailAuthView.do?wantedAuthNo=K131132609140027&infoTypeCd=VALIDATION&infoTypeGroup=tb_workinfoworknet,http://www.work.go.kr/empInfo/empInfoSrch/detail/empDetailAuthView.do?callPage=detail&wantedAuthNo=K131132609140027,https://www.work24.go.kr/wk/a/b/1500/empDetailAuthView.do?wantedAuthNo=K131132609140027&infoTypeCd=VALIDATION&infoTypeGroup=tb_workinfoworknet,NOT_REQUESTED,,,,,,,,,,,,,,,,,,,,,,,,,,,,,,,,
work24_5gu_20260919_2138,2026-09-19T12:38:57+00:00,K131132609140026,기계,MAPPED,A,29293,주형 및 금형 제조업,기성하이스트,금형의 완성도를 만드는 성형연마 직원 구인(경력우대/초보가능),경남 창원시 성산구,성산구,2026-09-14,2026-09-29,"시급 10,320 원 이상 ~ 14,000 원 이하",관계없음,학력무관,https://www.work24.go.kr/wk/a/b/1500/empDetailAuthView.do?wantedAuthNo=K131132609140026&infoTypeCd=VALIDATION&infoTypeGroup=tb_workinfoworknet,http://www.work.go.kr/empInfo/empInfoSrch/detail/empDetailAuthView.do?callPage=detail&wantedAuthNo=K131132609140026,https://www.work24.go.kr/wk/a/b/1500/empDetailAuthView.do?wantedAuthNo=K131132609140026&infoTypeCd=VALIDATION&infoTypeGroup=tb_workinfoworknet,NOT_REQUESTED,,,,,,,,,,,,,,,,,,,,,,,,,,,,,,,,
work24_5gu_20260919_2138,2026-09-19T12:38:57+00:00,K131132609140025,기계,MAPPED,A,29293,주형 및 금형 제조업,기성하이스트,NC선반 작업자 (위아 NC선반 有경험자),경남 창원시 성산구,성산구,2026-09-14,2026-09-29,"시급 10,320 원 이상 ~ 14,000 원 이하",경력 1년,학력무관,https://www.work24.go.kr/wk/a/b/1500/empDetailAuthView.do?wantedAuthNo=K131132609140025&infoTypeCd=VALIDATION&infoTypeGroup=tb_workinfoworknet,http://www.work.go.kr/empInfo/empInfoSrch/detail/empDetailAuthView.do?callPage=detail&wantedAuthNo=K131132609140025,https://www.work24.go.kr/wk/a/b/1500/empDetailAuthView.do?wantedAuthNo=K131132609140025&infoTypeCd=VALIDATION&infoTypeGroup=tb_workinfoworknet,NOT_REQUESTED,,,,,,,,,,,,,,,,,,,,,,,,,,,,,,,,
work24_5gu_20260919_2138,2026-09-19T12:38:57+00:00,K131132609140017,기계,MAPPED,A,29299,그 외 기타 특수목적용 기계 제조업,윤현테크,MCT 작업자 모집합니다.,경남 창원시 의창구,의창구,2026-09-14,2026-09-28,"연봉 4,200 만원 이상",경력 2년,학력무관,https://www.work24.go.kr/wk/a/b/1500/empDetailAuthView.do?wantedAuthNo=K131132609140017&infoTypeCd=VALIDATION&infoTypeGroup=tb_workinfoworknet,http://www.work.go.kr/empInfo/empInfoSrch/detail/empDetailAuthView.do?callPage=detail&wantedAuthNo=K131132609140017,https://www.work24.go.kr/wk/a/b/1500/empDetailAuthView.do?wantedAuthNo=K131132609140017&infoTypeCd=VALIDATION&infoTypeGroup=tb_workinfoworknet,NOT_REQUESTED,,,,,,,,,,,,,,,,,,,,,,,,,,,,,,,,
work24_5gu_20260919_2138,2026-09-19T12:38:57+00:00,K131132609140015,기계,MAPPED,C,25924,절삭가공 및 유사처리업,(주)아원이노텍,[방산] W/H(케이블) 생산팀 중간관리자 채용,경남 창원시 의창구,의창구,2026-09-14,2026-09-30,"연봉 4,500 만원 이상",경력 5년,학력무관,https://www.work24.go.kr/wk/a/b/1500/empDetailAuthView.do?wantedAuthNo=K131132609140015&infoTypeCd=VALIDATION&infoTypeGroup=tb_workinfoworknet,http://www.work.go.kr/empInfo/empInfoSrch/detail/empDetailAuthView.do?callPage=detail&wantedAuthNo=K131132609140015,https://www.work24.go.kr/wk/a/b/1500/empDetailAuthView.do?wantedAuthNo=K131132609140015&infoTypeCd=VALIDATION&infoTypeGroup=tb_workinfoworknet,NOT_REQUESTED,,,,,,,,,,,,,,,,,,,,,,,,,,,,,,,,
work24_5gu_20260919_2138,2026-09-19T12:38:57+00:00,K131132609140014,기계,MAPPED,A,29299,그 외 기타 특수목적용 기계 제조업,윤현테크,CNC 작업자 모집(NC 프로그램 가능자),경남 창원시 의창구,의창구,2026-09-14,2026-09-28,"연봉 4,400 만원 이상",경력 3년,학력무관,https://www.work24.go.kr/wk/a/b/1500/empDetailAuthView.do?wantedAuthNo=K131132609140014&infoTypeCd=VALIDATION&infoTypeGroup=tb_workinfoworknet,http://www.work.go.kr/empInfo/empInfoSrch/detail/empDetailAuthView.do?callPage=detail&wantedAuthNo=K131132609140014,https://www.work24.go.kr/wk/a/b/1500/empDetailAuthView.do?wantedAuthNo=K131132609140014&infoTypeCd=VALIDATION&infoTypeGroup=tb_workinfoworknet,NOT_REQUESTED,,,,,,,,,,,,,,,,,,,,,,,,,,,,,,,,
work24_5gu_20260919_2138,2026-09-19T12:38:57+00:00,K131132609140008,기계,MAPPED,C,25991,금속 캔 및 기타 포장용기 제조업,주식회사성산글로팩,수출 기계(대형기계) 포장 현장직 모집(경력무관),경남 창원시 성산구,성산구,2026-09-14,2026-09-30,"시급 11,000 원 이상",관계없음,학력무관,https://www.work24.go.kr/wk/a/b/1500/empDetailAuthView.do?wantedAuthNo=K131132609140008&infoTypeCd=VALIDATION&infoTypeGroup=tb_workinfoworknet,http://www.work.go.kr/empInfo/empInfoSrch/detail/empDetailAuthView.do?callPage=detail&wantedAuthNo=K131132609140008,https://www.work24.go.kr/wk/a/b/1500/empDetailAuthView.do?wantedAuthNo=K131132609140008&infoTypeCd=VALIDATION&infoTypeGroup=tb_workinfoworknet,NOT_REQUESTED,,,,,,,,,,,,,,,,,,,,,,,,,,,,,,,,
work24_5gu_20260919_2138,2026-09-19T12:38:57+00:00,K131132609140004,기계,MAPPED,C,25991,금속 캔 및 기타 포장용기 제조업,주식회사성산글로팩,지게차 수신호 작업자 모집,경남 창원시 성산구,성산구,2026-09-14,2026-09-30,"시급 10,320 원 이상 ~ 10,320 원 이하",신입,학력무관,https://www.work24.go.kr/wk/a/b/1500/empDetailAuthView.do?wantedAuthNo=K131132609140004&infoTypeCd=VALIDATION&infoTypeGroup=tb_workinfoworknet,http://www.work.go.kr/empInfo/empInfoSrch/detail/empDetailAuthView.do?callPage=detail&wantedAuthNo=K131132609140004,https://www.work24.go.kr/wk/a/b/1500/empDetailAuthView.do?wantedAuthNo=K131132609140004&infoTypeCd=VALIDATION&infoTypeGroup=tb_workinfoworknet,NOT_REQUESTED,,,,,,,,,,,,,,,,,,,,,,,,,,,,,,,,
work24_5gu_20260919_2138,2026-09-19T12:38:57+00:00,K131132609140002,기계,MAPPED,C,25924,절삭가공 및 유사처리업,주식회사 닥터스핀들,공작기계 스핀들(주축) 조립 직원모집(신입 및 경력),경남 창원시 의창구,의창구,2026-09-14,2026-11-13,"시급 10,340 원 이상 ~ 25,000 원 이하",관계없음,학력무관,https://www.work24.go.kr/wk/a/b/1500/empDetailAuthView.do?wantedAuthNo=K131132609140002&infoTypeCd=VALIDATION&infoTypeGroup=tb_workinfoworknet,http://www.work.go.kr/empInfo/empInfoSrch/detail/empDetailAuthView.do?callPage=detail&wantedAuthNo=K131132609140002,https://www.work24.go.kr/wk/a/b/1500/empDetailAuthView.do?wantedAuthNo=K131132609140002&infoTypeCd=VALIDATION&infoTypeGroup=tb_workinfoworknet,NOT_REQUESTED,,,,,,,,,,,,,,,,,,,,,,,,,,,,,,,,
work24_5gu_20260919_2138,2026-09-19T12:38:57+00:00,KJSA002609140009,기계,MAPPED,A,29142,기어 및 동력전달장치 제조업,해암테크(주),"[9/16 경상남도 일자리 종합 박람회]해암테크 - 생산관리 직원 모집 (각종기계부품, 기어, 동력전달장치용 부품 작업표준서 및 공정도 작성 등)",경남 창원시 성산구,성산구,2026-09-14,2026-11-13,"연봉 3,800 만원 이상",경력 1년,학력무관,https://www.work24.go.kr/wk/a/b/1500/empDetailAuthView.do?wantedAuthNo=KJSA002609140009&infoTypeCd=VALIDATION&infoTypeGroup=tb_workinfoworknet,http://www.work.go.kr/empInfo/empInfoSrch/detail/empDetailAuthView.do?callPage=detail&wantedAuthNo=KJSA002609140009,https://www.work24.go.kr/wk/a/b/1500/empDetailAuthView.do?wantedAuthNo=KJSA002609140009&infoTypeCd=VALIDATION&infoTypeGroup=tb_workinfoworknet,NOT_REQUESTED,,,,,,,,,,,,,,,,,,,,,,,,,,,,,,,,
work24_5gu_20260919_2138,2026-09-19T12:38:57+00:00,K131132609140001,기계,MAPPED,A,29111,내연기관 제조업,호은테크,MCT 사원모집,경남 창원시 성산구,성산구,2026-09-14,2026-09-28,"시급 10,500 원 이상",관계없음,학력무관,https://www.work24.go.kr/wk/a/b/1500/empDetailAuthView.do?wantedAuthNo=K131132609140001&infoTypeCd=VALIDATION&infoTypeGroup=tb_workinfoworknet,http://www.work.go.kr/empInfo/empInfoSrch/detail/empDetailAuthView.do?callPage=detail&wantedAuthNo=K131132609140001,https://www.work24.go.kr/wk/a/b/1500/empDetailAuthView.do?wantedAuthNo=K131132609140001&infoTypeCd=VALIDATION&infoTypeGroup=tb_workinfoworknet,NOT_REQUESTED,,,,,,,,,,,,,,,,,,,,,,,,,,,,,,,,
work24_5gu_20260919_2138,2026-09-19T12:38:57+00:00,KJSA002609140008,기계,MAPPED,A,29142,기어 및 동력전달장치 제조업,해암테크(주),"[2026년 경상남도 일자리종합박람회]해암테크 - 기술연구소 선임연구원 모집 (기어, 동력전달, 유압부품 및 국책과제, 국산화개발 관리 등)",경남 창원시 성산구,성산구,2026-09-14,2026-11-13,"연봉 4,000 만원 이상",경력 1년,학력무관,https://www.work24.go.kr/wk/a/b/1500/empDetailAuthView.do?wantedAuthNo=KJSA002609140008&infoTypeCd=VALIDATION&infoTypeGroup=tb_workinfoworknet,http://www.work.go.kr/empInfo/empInfoSrch/detail/empDetailAuthView.do?callPage=detail&wantedAuthNo=KJSA002609140008,https://www.work24.go.kr/wk/a/b/1500/empDetailAuthView.do?wantedAuthNo=KJSA002609140008&infoTypeCd=VALIDATION&infoTypeGroup=tb_workinfoworknet,NOT_REQUESTED,,,,,,,,,,,,,,,,,,,,,,,,,,,,,,,,
work24_5gu_20260919_2138,2026-09-19T12:38:57+00:00,KJSA002609140007,기계,MAPPED,A,29142,기어 및 동력전달장치 제조업,해암테크(주),"[9/16 경상남도 일자리 종합 박람회 ]해암테크 - 기어연삭,연삭기 및 cnc 선반 조작원 모집 (각종 기어부품 가공)",경남 창원시 성산구,성산구,2026-09-14,2026-11-13,"연봉 3,600 만원 이상",경력 1년,학력무관,https://www.work24.go.kr/wk/a/b/1500/empDetailAuthView.do?wantedAuthNo=KJSA002609140007&infoTypeCd=VALIDATION&infoTypeGroup=tb_workinfoworknet,http://www.work.go.kr/empInfo/empInfoSrch/detail/empDetailAuthView.do?callPage=detail&wantedAuthNo=KJSA002609140007,https://www.work24.go.kr/wk/a/b/1500/empDetailAuthView.do?wantedAuthNo=KJSA002609140007&infoTypeCd=VALIDATION&infoTypeGroup=tb_workinfoworknet,NOT_REQUESTED,,,,,,,,,,,,,,,,,,,,,,,,,,,,,,,,
work24_5gu_20260919_2138,2026-09-19T12:38:57+00:00,KJSA002609140002,기계,MAPPED,C,25200,무기 및 총포탄 제조업,(주)경인테크,[9/16 경남일자리종합박람회] (주)경인테크-기구설계,경남 창원시 의창구,의창구,2026-09-14,2026-11-13,"시급 10,320 원 이상",관계없음,대졸(4년),https://www.work24.go.kr/wk/a/b/1500/empDetailAuthView.do?wantedAuthNo=KJSA002609140002&infoTypeCd=VALIDATION&infoTypeGroup=tb_workinfoworknet,http://www.work.go.kr/empInfo/empInfoSrch/detail/empDetailAuthView.do?callPage=detail&wantedAuthNo=KJSA002609140002,https://www.work24.go.kr/wk/a/b/1500/empDetailAuthView.do?wantedAuthNo=KJSA002609140002&infoTypeCd=VALIDATION&infoTypeGroup=tb_workinfoworknet,NOT_REQUESTED,,,,,,,,,,,,,,,,,,,,,,,,,,,,,,,,
work24_5gu_20260919_2138,2026-09-19T12:38:57+00:00,KJSA002609140001,기계,MAPPED,C,25200,무기 및 총포탄 제조업,(주)경인테크,[9/16 경남일자리종합박람회](주)경인테크 - 해외.국내 영업,경남 창원시 의창구,의창구,2026-09-14,2026-11-13,"시급 10,320 원 이상",관계없음,대졸(4년),https://www.work24.go.kr/wk/a/b/1500/empDetailAuthView.do?wantedAuthNo=KJSA002609140001&infoTypeCd=VALIDATION&infoTypeGroup=tb_workinfoworknet,http://www.work.go.kr/empInfo/empInfoSrch/detail/empDetailAuthView.do?callPage=detail&wantedAuthNo=KJSA002609140001,https://www.work24.go.kr/wk/a/b/1500/empDetailAuthView.do?wantedAuthNo=KJSA002609140001&infoTypeCd=VALIDATION&infoTypeGroup=tb_workinfoworknet,NOT_REQUESTED,,,,,,,,,,,,,,,,,,,,,,,,,,,,,,,,
work24_5gu_20260919_2138,2026-09-19T12:38:57+00:00,K131132609110055,기계,MAPPED,C,25924,절삭가공 및 유사처리업,혜송산업,사상공 모집,경남 창원시 의창구,의창구,2026-09-11,2026-09-27,"시급 10,320 원 이상",경력 5년,학력무관,https://www.work24.go.kr/wk/a/b/1500/empDetailAuthView.do?wantedAuthNo=K131132609110055&infoTypeCd=VALIDATION&infoTypeGroup=tb_workinfoworknet,http://www.work.go.kr/empInfo/empInfoSrch/detail/empDetailAuthView.do?callPage=detail&wantedAuthNo=K131132609110055,https://www.work24.go.kr/wk/a/b/1500/empDetailAuthView.do?wantedAuthNo=K131132609110055&infoTypeCd=VALIDATION&infoTypeGroup=tb_workinfoworknet,NOT_REQUESTED,,,,,,,,,,,,,,,,,,,,,,,,,,,,,,,,
work24_5gu_20260919_2138,2026-09-19T12:38:57+00:00,K131132609110048,기계,MAPPED,A,29142,기어 및 동력전달장치 제조업,한성기계공업사,CNC 터닝 선반 및 5축가공 경력직 모집,경남 창원시 의창구,의창구,2026-09-11,2026-09-28,"시급 13,000 원 이상",경력 4년,학력무관,https://www.work24.go.kr/wk/a/b/1500/empDetailAuthView.do?wantedAuthNo=K131132609110048&infoTypeCd=VALIDATION&infoTypeGroup=tb_workinfoworknet,http://www.work.go.kr/empInfo/empInfoSrch/detail/empDetailAuthView.do?callPage=detail&wantedAuthNo=K131132609110048,https://www.work24.go.kr/wk/a/b/1500/empDetailAuthView.do?wantedAuthNo=K131132609110048&infoTypeCd=VALIDATION&infoTypeGroup=tb_workinfoworknet,NOT_REQUESTED,,,,,,,,,,,,,,,,,,,,,,,,,,,,,,,,
work24_5gu_20260919_2138,2026-09-19T12:38:57+00:00,K131132609110037,기계,MAPPED,A,29141,구름베어링 제조업,주식회사 인시스(INSYS),(주)인시스 영업 관리자 채용 (신입/경력),경남 창원시 의창구,의창구,2026-09-11,2026-09-25,"연봉 3,500 만원 이상 ~ 4,300 만원 이하",관계없음,학력무관,https://www.work24.go.kr/wk/a/b/1500/empDetailAuthView.do?wantedAuthNo=K131132609110037&infoTypeCd=VALIDATION&infoTypeGroup=tb_workinfoworknet,http://www.work.go.kr/empInfo/empInfoSrch/detail/empDetailAuthView.do?callPage=detail&wantedAuthNo=K131132609110037,https://www.work24.go.kr/wk/a/b/1500/empDetailAuthView.do?wantedAuthNo=K131132609110037&infoTypeCd=VALIDATION&infoTypeGroup=tb_workinfoworknet,NOT_REQUESTED,,,,,,,,,,,,,,,,,,,,,,,,,,,,,,,,
work24_5gu_20260919_2138,2026-09-19T12:38:57+00:00,K131132609110035,기계,MAPPED,A,29141,구름베어링 제조업,주식회사 인시스(INSYS),(주)인시스 건물관리자 채용 (신입/경력),경남 창원시 의창구,의창구,2026-09-11,2026-09-25,"연봉 3,500 만원 이상 ~ 4,300 만원 이하",관계없음,학력무관,https://www.work24.go.kr/wk/a/b/1500/empDetailAuthView.do?wantedAuthNo=K131132609110035&infoTypeCd=VALIDATION&infoTypeGroup=tb_workinfoworknet,http://www.work.go.kr/empInfo/empInfoSrch/detail/empDetailAuthView.do?callPage=detail&wantedAuthNo=K131132609110035,https://www.work24.go.kr/wk/a/b/1500/empDetailAuthView.do?wantedAuthNo=K131132609110035&infoTypeCd=VALIDATION&infoTypeGroup=tb_workinfoworknet,NOT_REQUESTED,,,,,,,,,,,,,,,,,,,,,,,,,,,,,,,,
work24_5gu_20260919_2138,2026-09-19T12:38:57+00:00,K131132609110034,기계,MAPPED,A,29141,구름베어링 제조업,주식회사 인시스(INSYS),(주)인시스 인사/노무 관리자 채용 (신입/경력),경남 창원시 의창구,의창구,2026-09-11,2026-09-25,"연봉 3,500 만원 이상 ~ 4,300 만원 이하",관계없음,학력무관,https://www.work24.go.kr/wk/a/b/1500/empDetailAuthView.do?wantedAuthNo=K131132609110034&infoTypeCd=VALIDATION&infoTypeGroup=tb_workinfoworknet,http://www.work.go.kr/empInfo/empInfoSrch/detail/empDetailAuthView.do?callPage=detail&wantedAuthNo=K131132609110034,https://www.work24.go.kr/wk/a/b/1500/empDetailAuthView.do?wantedAuthNo=K131132609110034&infoTypeCd=VALIDATION&infoTypeGroup=tb_workinfoworknet,NOT_REQUESTED,,,,,,,,,,,,,,,,,,,,,,,,,,,,,,,,
work24_5gu_20260919_2138,2026-09-19T12:38:57+00:00,K131132609110027,기계,MAPPED,A,29221,전자 응용 절삭기계 제조업,(주)신일이엔지,생산 및 공정관리 직원모집,경남 창원시 의창구,의창구,2026-09-11,2026-11-10,월급 300 만원 이상,관계없음,학력무관,https://www.work24.go.kr/wk/a/b/1500/empDetailAuthView.do?wantedAuthNo=K131132609110027&infoTypeCd=VALIDATION&infoTypeGroup=tb_workinfoworknet,http://www.work.go.kr/empInfo/empInfoSrch/detail/empDetailAuthView.do?callPage=detail&wantedAuthNo=K131132609110027,https://www.work24.go.kr/wk/a/b/1500/empDetailAuthView.do?wantedAuthNo=K131132609110027&infoTypeCd=VALIDATION&infoTypeGroup=tb_workinfoworknet,NOT_REQUESTED,,,,,,,,,,,,,,,,,,,,,,,,,,,,,,,,
work24_5gu_20260919_2138,2026-09-19T12:38:57+00:00,K131132609110026,기계,MAPPED,C,25924,절삭가공 및 유사처리업,이드원(주),보링가공 신입사원 모집 (KBN135),경남 창원시 성산구,성산구,2026-09-11,2026-09-26,"연봉 3,600 만원 이상 ~ 3,600 만원 이하",신입,학력무관,https://www.work24.go.kr/wk/a/b/1500/empDetailAuthView.do?wantedAuthNo=K131132609110026&infoTypeCd=VALIDATION&infoTypeGroup=tb_workinfoworknet,http://www.work.go.kr/empInfo/empInfoSrch/detail/empDetailAuthView.do?callPage=detail&wantedAuthNo=K131132609110026,https://www.work24.go.kr/wk/a/b/1500/empDetailAuthView.do?wantedAuthNo=K131132609110026&infoTypeCd=VALIDATION&infoTypeGroup=tb_workinfoworknet,NOT_REQUESTED,,,,,,,,,,,,,,,,,,,,,,,,,,,,,,,,
work24_5gu_20260919_2138,2026-09-19T12:38:57+00:00,K131132609110025,기계,MAPPED,C,25924,절삭가공 및 유사처리업,이드원(주),MCT 가공 경력사원 모집 (프로그램 가능자),경남 창원시 성산구,성산구,2026-09-11,2026-09-26,"연봉 4,800 만원 이상 ~ 5,000 만원 이하",경력 5년,학력무관,https://www.work24.go.kr/wk/a/b/1500/empDetailAuthView.do?wantedAuthNo=K131132609110025&infoTypeCd=VALIDATION&infoTypeGroup=tb_workinfoworknet,http://www.work.go.kr/empInfo/empInfoSrch/detail/empDetailAuthView.do?callPage=detail&wantedAuthNo=K131132609110025,https://www.work24.go.kr/wk/a/b/1500/empDetailAuthView.do?wantedAuthNo=K131132609110025&infoTypeCd=VALIDATION&infoTypeGroup=tb_workinfoworknet,NOT_REQUESTED,,,,,,,,,,,,,,,,,,,,,,,,,,,,,,,,
work24_5gu_20260919_2138,2026-09-19T12:38:57+00:00,K131132609110013,기계,MAPPED,A,29111,내연기관 제조업,호은테크,"기계부품 조립,및 검사모집",경남 창원시 성산구,성산구,2026-09-11,2026-09-25,"시급 10,320 원 이상",관계없음,학력무관,https://www.work24.go.kr/wk/a/b/1500/empDetailAuthView.do?wantedAuthNo=K131132609110013&infoTypeCd=VALIDATION&infoTypeGroup=tb_workinfoworknet,http://www.work.go.kr/empInfo/empInfoSrch/detail/empDetailAuthView.do?callPage=detail&wantedAuthNo=K131132609110013,https://www.work24.go.kr/wk/a/b/1500/empDetailAuthView.do?wantedAuthNo=K131132609110013&infoTypeCd=VALIDATION&infoTypeGroup=tb_workinfoworknet,NOT_REQUESTED,,,,,,,,,,,,,,,,,,,,,,,,,,,,,,,,
work24_5gu_20260919_2138,2026-09-19T12:38:57+00:00,K131132609110010,기계,MAPPED,A,29199,그 외 기타 일반목적용 기계 제조업,한영정밀(주),품질사무원 방산 [경력직] 모집,경남 창원시 의창구,의창구,2026-09-11,2026-09-25,월급 350 만원 이상,경력 3년,학력무관,https://www.work24.go.kr/wk/a/b/1500/empDetailAuthView.do?wantedAuthNo=K131132609110010&infoTypeCd=VALIDATION&infoTypeGroup=tb_workinfoworknet,http://www.work.go.kr/empInfo/empInfoSrch/detail/empDetailAuthView.do?callPage=detail&wantedAuthNo=K131132609110010,https://www.work24.go.kr/wk/a/b/1500/empDetailAuthView.do?wantedAuthNo=K131132609110010&infoTypeCd=VALIDATION&infoTypeGroup=tb_workinfoworknet,NOT_REQUESTED,,,,,,,,,,,,,,,,,,,,,,,,,,,,,,,,
work24_5gu_20260919_2138,2026-09-19T12:38:57+00:00,K131132609110009,기계,MAPPED,C,25924,절삭가공 및 유사처리업,성신메카텍 주식회사,[생산관리] 신규 인원 채용,경남 창원시 의창구,의창구,2026-09-11,2026-11-10,"시급 10,320 원 이상",관계없음,학력무관,https://www.work24.go.kr/wk/a/b/1500/empDetailAuthView.do?wantedAuthNo=K131132609110009&infoTypeCd=VALIDATION&infoTypeGroup=tb_workinfoworknet,http://www.work.go.kr/empInfo/empInfoSrch/detail/empDetailAuthView.do?callPage=detail&wantedAuthNo=K131132609110009,https://www.work24.go.kr/wk/a/b/1500/empDetailAuthView.do?wantedAuthNo=K131132609110009&infoTypeCd=VALIDATION&infoTypeGroup=tb_workinfoworknet,NOT_REQUESTED,,,,,,,,,,,,,,,,,,,,,,,,,,,,,,,,
work24_5gu_20260919_2138,2026-09-19T12:38:57+00:00,K131132609110003,기계,MAPPED,A,29223,금속 절삭기계 제조업,국제정밀,생산직 [MCT 가공] 모집,경남 창원시 의창구,의창구,2026-09-11,2026-11-10,"시급 13,000 원 이상 ~ 13,500 원 이하",경력 2년,학력무관,https://www.work24.go.kr/wk/a/b/1500/empDetailAuthView.do?wantedAuthNo=K131132609110003&infoTypeCd=VALIDATION&infoTypeGroup=tb_workinfoworknet,http://www.work.go.kr/empInfo/empInfoSrch/detail/empDetailAuthView.do?callPage=detail&wantedAuthNo=K131132609110003,https://www.work24.go.kr/wk/a/b/1500/empDetailAuthView.do?wantedAuthNo=K131132609110003&infoTypeCd=VALIDATION&infoTypeGroup=tb_workinfoworknet,NOT_REQUESTED,,,,,,,,,,,,,,,,,,,,,,,,,,,,,,,,
work24_5gu_20260919_2138,2026-09-19T12:38:57+00:00,K131132609110002,기계,MAPPED,A,29132,기체 펌프 및 압축기 제조업,모젠코리아,모터 및 발전기 관련 제품 생산,경남 창원시 의창구,의창구,2026-09-11,2026-11-09,"시급 10,320 원 이상",관계없음,학력무관,https://www.work24.go.kr/wk/a/b/1500/empDetailAuthView.do?wantedAuthNo=K131132609110002&infoTypeCd=VALIDATION&infoTypeGroup=tb_workinfoworknet,http://www.work.go.kr/empInfo/empInfoSrch/detail/empDetailAuthView.do?callPage=detail&wantedAuthNo=K131132609110002,https://www.work24.go.kr/wk/a/b/1500/empDetailAuthView.do?wantedAuthNo=K131132609110002&infoTypeCd=VALIDATION&infoTypeGroup=tb_workinfoworknet,NOT_REQUESTED,,,,,,,,,,,,,,,,,,,,,,,,,,,,,,,,
work24_5gu_20260919_2138,2026-09-19T12:38:57+00:00,K131132609110001,기계,MAPPED,C,25942,그 외 금속파스너 및 나사제품 제조업,가온테크,"세탁기, 건조기 개발 연구원 모집",경남 창원시 성산구,성산구,2026-09-11,2026-11-10,"시급 10,500 원 이상",관계없음,대졸(2~3년)|대졸(4년),https://www.work24.go.kr/wk/a/b/1500/empDetailAuthView.do?wantedAuthNo=K131132609110001&infoTypeCd=VALIDATION&infoTypeGroup=tb_workinfoworknet,http://www.work.go.kr/empInfo/empInfoSrch/detail/empDetailAuthView.do?callPage=detail&wantedAuthNo=K131132609110001,https://www.work24.go.kr/wk/a/b/1500/empDetailAuthView.do?wantedAuthNo=K131132609110001&infoTypeCd=VALIDATION&infoTypeGroup=tb_workinfoworknet,NOT_REQUESTED,,,,,,,,,,,,,,,,,,,,,,,,,,,,,,,,
work24_5gu_20260919_2138,2026-09-19T12:38:57+00:00,K131132609100049,기계,MAPPED,A,29293,주형 및 금형 제조업,성협나노텍,와이어컷팅부서 사원 및 관리자 모집,경남 창원시 의창구,의창구,2026-09-10,2026-09-26,"연봉 4,000 만원 이상 ~ 5,500 만원 이하",경력 1년,학력무관,https://www.work24.go.kr/wk/a/b/1500/empDetailAuthView.do?wantedAuthNo=K131132609100049&infoTypeCd=VALIDATION&infoTypeGroup=tb_workinfoworknet,http://www.work.go.kr/empInfo/empInfoSrch/detail/empDetailAuthView.do?callPage=detail&wantedAuthNo=K131132609100049,https://www.work24.go.kr/wk/a/b/1500/empDetailAuthView.do?wantedAuthNo=K131132609100049&infoTypeCd=VALIDATION&infoTypeGroup=tb_workinfoworknet,NOT_REQUESTED,,,,,,,,,,,,,,,,,,,,,,,,,,,,,,,,
work24_5gu_20260919_2138,2026-09-19T12:38:57+00:00,KJSA002609100034,기계,MAPPED,A,29120,유압기기 제조업,에스지솔루션(주),[9/16 경남일자리종합박람회 직접참여] 에스지솔루션(주)_총무,경남 창원시 성산구,성산구,2026-09-10,2026-09-24,"연봉 2,600 만원 이상",경력 3년,대졸(4년)|석사|박사,https://www.work24.go.kr/wk/a/b/1500/empDetailAuthView.do?wantedAuthNo=KJSA002609100034&infoTypeCd=VALIDATION&infoTypeGroup=tb_workinfoworknet,http://www.work.go.kr/empInfo/empInfoSrch/detail/empDetailAuthView.do?callPage=detail&wantedAuthNo=KJSA002609100034,https://www.work24.go.kr/wk/a/b/1500/empDetailAuthView.do?wantedAuthNo=KJSA002609100034&infoTypeCd=VALIDATION&infoTypeGroup=tb_workinfoworknet,NOT_REQUESTED,,,,,,,,,,,,,,,,,,,,,,,,,,,,,,,,
work24_5gu_20260919_2138,2026-09-19T12:38:57+00:00,KJSA002609100033,기계,MAPPED,A,29120,유압기기 제조업,에스지솔루션(주),[9/16 경남일자리종합박람회 직접참여] 에스지솔루션(주)_품질,경남 창원시 성산구,성산구,2026-09-10,2026-09-24,"연봉 2,600 만원 이상",관계없음,고졸|대졸(2~3년)|대졸(4년)|석사|박사,https://www.work24.go.kr/wk/a/b/1500/empDetailAuthView.do?wantedAuthNo=KJSA002609100033&infoTypeCd=VALIDATION&infoTypeGroup=tb_workinfoworknet,http://www.work.go.kr/empInfo/empInfoSrch/detail/empDetailAuthView.do?callPage=detail&wantedAuthNo=KJSA002609100033,https://www.work24.go.kr/wk/a/b/1500/empDetailAuthView.do?wantedAuthNo=KJSA002609100033&infoTypeCd=VALIDATION&infoTypeGroup=tb_workinfoworknet,NOT_REQUESTED,,,,,,,,,,,,,,,,,,,,,,,,,,,,,,,,
work24_5gu_20260919_2138,2026-09-19T12:38:57+00:00,KJSA002609100032,기계,MAPPED,A,29120,유압기기 제조업,에스지솔루션(주),[9/16 경남일자리종합박람회 직접참여] 에스지솔루션(주)_생산,경남 창원시 성산구,성산구,2026-09-10,2026-09-24,"연봉 2,600 만원 이상",관계없음,고졸|대졸(2~3년)|대졸(4년)|석사|박사,https://www.work24.go.kr/wk/a/b/1500/empDetailAuthView.do?wantedAuthNo=KJSA002609100032&infoTypeCd=VALIDATION&infoTypeGroup=tb_workinfoworknet,http://www.work.go.kr/empInfo/empInfoSrch/detail/empDetailAuthView.do?callPage=detail&wantedAuthNo=KJSA002609100032,https://www.work24.go.kr/wk/a/b/1500/empDetailAuthView.do?wantedAuthNo=KJSA002609100032&infoTypeCd=VALIDATION&infoTypeGroup=tb_workinfoworknet,NOT_REQUESTED,,,,,,,,,,,,,,,,,,,,,,,,,,,,,,,,
work24_5gu_20260919_2138,2026-09-19T12:38:57+00:00,K131132609100037,기계,MAPPED,A,29119,기타 기관 및 터빈 제조업,월드에너지솔루션(주),"경영본부(인사,노무,재무,회계,안전 등) 부서장을 모십니다.",경남 창원시 의창구,의창구,2026-09-10,2026-10-09,"연봉 5,000 만원 이상 ~ 5,500 만원 이하",경력 25년,학력무관,https://www.work24.go.kr/wk/a/b/1500/empDetailAuthView.do?wantedAuthNo=K131132609100037&infoTypeCd=VALIDATION&infoTypeGroup=tb_workinfoworknet,http://www.work.go.kr/empInfo/empInfoSrch/detail/empDetailAuthView.do?callPage=detail&wantedAuthNo=K131132609100037,https://www.work24.go.kr/wk/a/b/1500/empDetailAuthView.do?wantedAuthNo=K131132609100037&infoTypeCd=VALIDATION&infoTypeGroup=tb_workinfoworknet,NOT_REQUESTED,,,,,,,,,,,,,,,,,,,,,,,,,,,,,,,,
work24_5gu_20260919_2138,2026-09-19T12:38:57+00:00,K131132609100036,기계,MAPPED,A,29199,그 외 기타 일반목적용 기계 제조업,고려메탈주식회사,"단조기 조작원, 단열공, 호이스트 운전원을 모집합니다.",경남 창원시 성산구,성산구,2026-09-10,2026-09-30,"시급 10,320 원 이상",신입,학력무관,https://www.work24.go.kr/wk/a/b/1500/empDetailAuthView.do?wantedAuthNo=K131132609100036&infoTypeCd=VALIDATION&infoTypeGroup=tb_workinfoworknet,http://www.work.go.kr/empInfo/empInfoSrch/detail/empDetailAuthView.do?callPage=detail&wantedAuthNo=K131132609100036,https://www.work24.go.kr/wk/a/b/1500/empDetailAuthView.do?wantedAuthNo=K131132609100036&infoTypeCd=VALIDATION&infoTypeGroup=tb_workinfoworknet,NOT_REQUESTED,,,,,,,,,,,,,,,,,,,,,,,,,,,,,,,,
work24_5gu_20260919_2138,2026-09-19T12:38:57+00:00,K131132609100035,기계,MAPPED,A,29241,건설 및 채광용 기계장비 제조업,주식회사코만,"조립, 호스조립 신입사원 모집",경남 창원시 의창구,의창구,2026-09-10,2026-10-09,"시급 11,380 원 이상 ~ 11,380 원 이하",신입,학력무관,https://www.work24.go.kr/wk/a/b/1500/empDetailAuthView.do?wantedAuthNo=K131132609100035&infoTypeCd=VALIDATION&infoTypeGroup=tb_workinfoworknet,http://www.work.go.kr/empInfo/empInfoSrch/detail/empDetailAuthView.do?callPage=detail&wantedAuthNo=K131132609100035,https://www.work24.go.kr/wk/a/b/1500/empDetailAuthView.do?wantedAuthNo=K131132609100035&infoTypeCd=VALIDATION&infoTypeGroup=tb_workinfoworknet,NOT_REQUESTED,,,,,,,,,,,,,,,,,,,,,,,,,,,,,,,,
work24_5gu_20260919_2138,2026-09-19T12:38:57+00:00,KJSA002609100031,기계,MAPPED,A,29120,유압기기 제조업,에스지솔루션(주),[9/16 경남일자리종합박람회 직접참여] 에스지솔루션(주)_영업,경남 창원시 성산구,성산구,2026-09-10,2026-09-24,"연봉 2,600 만원 이상",관계없음,대졸(4년)|석사|박사,https://www.work24.go.kr/wk/a/b/1500/empDetailAuthView.do?wantedAuthNo=KJSA002609100031&infoTypeCd=VALIDATION&infoTypeGroup=tb_workinfoworknet,http://www.work.go.kr/empInfo/empInfoSrch/detail/empDetailAuthView.do?callPage=detail&wantedAuthNo=KJSA002609100031,https://www.work24.go.kr/wk/a/b/1500/empDetailAuthView.do?wantedAuthNo=KJSA002609100031&infoTypeCd=VALIDATION&infoTypeGroup=tb_workinfoworknet,NOT_REQUESTED,,,,,,,,,,,,,,,,,,,,,,,,,,,,,,,,
work24_5gu_20260919_2138,2026-09-19T12:38:57+00:00,KJSA002609100030,기계,MAPPED,A,29120,유압기기 제조업,에스지솔루션(주),[9/16 경남일자리종합박람회 직접참여] 에스지솔루션(주)_연구원,경남 창원시 성산구,성산구,2026-09-10,2026-09-24,"연봉 2,600 만원 이상",관계없음,대졸(4년)|석사|박사,https://www.work24.go.kr/wk/a/b/1500/empDetailAuthView.do?wantedAuthNo=KJSA002609100030&infoTypeCd=VALIDATION&infoTypeGroup=tb_workinfoworknet,http://www.work.go.kr/empInfo/empInfoSrch/detail/empDetailAuthView.do?callPage=detail&wantedAuthNo=KJSA002609100030,https://www.work24.go.kr/wk/a/b/1500/empDetailAuthView.do?wantedAuthNo=KJSA002609100030&infoTypeCd=VALIDATION&infoTypeGroup=tb_workinfoworknet,NOT_REQUESTED,,,,,,,,,,,,,,,,,,,,,,,,,,,,,,,,
work24_5gu_20260919_2138,2026-09-19T12:38:57+00:00,K131132609100022,기계,MAPPED,A,29293,주형 및 금형 제조업,(주)삼기코아,성형연삭 경력사원 모집,경남 창원시 의창구,의창구,2026-09-10,2026-11-09,"시급 12,000 원 이상 ~ 16,000 원 이하",경력 1년,학력무관,https://www.work24.go.kr/wk/a/b/1500/empDetailAuthView.do?wantedAuthNo=K131132609100022&infoTypeCd=VALIDATION&infoTypeGroup=tb_workinfoworknet,http://www.work.go.kr/empInfo/empInfoSrch/detail/empDetailAuthView.do?callPage=detail&wantedAuthNo=K131132609100022,https://www.work24.go.kr/wk/a/b/1500/empDetailAuthView.do?wantedAuthNo=K131132609100022&infoTypeCd=VALIDATION&infoTypeGroup=tb_workinfoworknet,NOT_REQUESTED,,,,,,,,,,,,,,,,,,,,,,,,,,,,,,,,
work24_5gu_20260919_2138,2026-09-19T12:38:57+00:00,KJSA002609100016,기계,MAPPED,A,29223,금속 절삭기계 제조업,고려정밀공업(주),[9/16 경남일자리종합박람회 직접참여] 고려정밀공업(주)_품질,경남 창원시 의창구,의창구,2026-09-10,2026-09-24,"연봉 3,100 만원 이상",관계없음,대졸(2~3년)|대졸(4년)|석사|박사,https://www.work24.go.kr/wk/a/b/1500/empDetailAuthView.do?wantedAuthNo=KJSA002609100016&infoTypeCd=VALIDATION&infoTypeGroup=tb_workinfoworknet,http://www.work.go.kr/empInfo/empInfoSrch/detail/empDetailAuthView.do?callPage=detail&wantedAuthNo=KJSA002609100016,https://www.work24.go.kr/wk/a/b/1500/empDetailAuthView.do?wantedAuthNo=KJSA002609100016&infoTypeCd=VALIDATION&infoTypeGroup=tb_workinfoworknet,NOT_REQUESTED,,,,,,,,,,,,,,,,,,,,,,,,,,,,,,,,
work24_5gu_20260919_2138,2026-09-19T12:38:57+00:00,KJSA002609100015,기계,MAPPED,A,29223,금속 절삭기계 제조업,고려정밀공업(주),[9/16 경남일자리종합박람회 직접참여] 고려정밀공업(주)_연구,경남 창원시 의창구,의창구,2026-09-10,2026-09-24,"연봉 3,100 만원 이상",관계없음,대졸(4년)|석사|박사,https://www.work24.go.kr/wk/a/b/1500/empDetailAuthView.do?wantedAuthNo=KJSA002609100015&infoTypeCd=VALIDATION&infoTypeGroup=tb_workinfoworknet,http://www.work.go.kr/empInfo/empInfoSrch/detail/empDetailAuthView.do?callPage=detail&wantedAuthNo=KJSA002609100015,https://www.work24.go.kr/wk/a/b/1500/empDetailAuthView.do?wantedAuthNo=KJSA002609100015&infoTypeCd=VALIDATION&infoTypeGroup=tb_workinfoworknet,NOT_REQUESTED,,,,,,,,,,,,,,,,,,,,,,,,,,,,,,,,
work24_5gu_20260919_2138,2026-09-19T12:38:57+00:00,K131132609100008,기계,MAPPED,A,29141,구름베어링 제조업,대명산업주식회사,단조 생산사원 모집 - 베어링 제조,경남 창원시 성산구,성산구,2026-09-10,2026-11-09,"시급 10,320 원 이상",경력 1년,학력무관,https://www.work24.go.kr/wk/a/b/1500/empDetailAuthView.do?wantedAuthNo=K131132609100008&infoTypeCd=VALIDATION&infoTypeGroup=tb_workinfoworknet,http://www.work.go.kr/empInfo/empInfoSrch/detail/empDetailAuthView.do?callPage=detail&wantedAuthNo=K131132609100008,https://www.work24.go.kr/wk/a/b/1500/empDetailAuthView.do?wantedAuthNo=K131132609100008&infoTypeCd=VALIDATION&infoTypeGroup=tb_workinfoworknet,NOT_REQUESTED,,,,,,,,,,,,,,,,,,,,,,,,,,,,,,,,
work24_5gu_20260919_2138,2026-09-19T12:38:57+00:00,K131132609100003,기계,MAPPED,A,29223,금속 절삭기계 제조업,영창이엔지주식회사,물류팀 납품준비 및 납품기사 모집합니다.,경남 창원시 의창구,의창구,2026-09-10,2026-09-24,"시급 11,500 원 이상 ~ 12,500 원 이하",경력 5년,학력무관,https://www.work24.go.kr/wk/a/b/1500/empDetailAuthView.do?wantedAuthNo=K131132609100003&infoTypeCd=VALIDATION&infoTypeGroup=tb_workinfoworknet,http://www.work.go.kr/empInfo/empInfoSrch/detail/empDetailAuthView.do?callPage=detail&wantedAuthNo=K131132609100003,https://www.work24.go.kr/wk/a/b/1500/empDetailAuthView.do?wantedAuthNo=K131132609100003&infoTypeCd=VALIDATION&infoTypeGroup=tb_workinfoworknet,NOT_REQUESTED,,,,,,,,,,,,,,,,,,,,,,,,,,,,,,,,
work24_5gu_20260919_2138,2026-09-19T12:38:57+00:00,K131132609100002,기계,MAPPED,A,29223,금속 절삭기계 제조업,영창이엔지주식회사,영창이엔지에서 CNC선반 조작원 모집합니다.,경남 창원시 의창구,의창구,2026-09-10,2026-09-24,"시급 12,000 원 이상 ~ 14,000 원 이하",경력 5년,학력무관,https://www.work24.go.kr/wk/a/b/1500/empDetailAuthView.do?wantedAuthNo=K131132609100002&infoTypeCd=VALIDATION&infoTypeGroup=tb_workinfoworknet,http://www.work.go.kr/empInfo/empInfoSrch/detail/empDetailAuthView.do?callPage=detail&wantedAuthNo=K131132609100002,https://www.work24.go.kr/wk/a/b/1500/empDetailAuthView.do?wantedAuthNo=K131132609100002&infoTypeCd=VALIDATION&infoTypeGroup=tb_workinfoworknet,NOT_REQUESTED,,,,,,,,,,,,,,,,,,,,,,,,,,,,,,,,
work24_5gu_20260919_2138,2026-09-19T12:38:57+00:00,KJSA002609090073,기계,MAPPED,A,29293,주형 및 금형 제조업,(주)동구기업,[9/16 경남일자리종합박람회 직접참여] (주)동구기업_품질,경남 창원시 성산구,성산구,2026-09-09,2026-09-23,"시급 10,320 원 이상 ~ 11,000 원 이하",관계없음,대졸(4년)|석사|박사,https://www.work24.go.kr/wk/a/b/1500/empDetailAuthView.do?wantedAuthNo=KJSA002609090073&infoTypeCd=VALIDATION&infoTypeGroup=tb_workinfoworknet,http://www.work.go.kr/empInfo/empInfoSrch/detail/empDetailAuthView.do?callPage=detail&wantedAuthNo=KJSA002609090073,https://www.work24.go.kr/wk/a/b/1500/empDetailAuthView.do?wantedAuthNo=KJSA002609090073&infoTypeCd=VALIDATION&infoTypeGroup=tb_workinfoworknet,NOT_REQUESTED,,,,,,,,,,,,,,,,,,,,,,,,,,,,,,,,
work24_5gu_20260919_2138,2026-09-19T12:38:57+00:00,KJSA002609090072,기계,MAPPED,A,29293,주형 및 금형 제조업,(주)동구기업,[9/16 경남일자리종합박람회 직접참여] (주)동구기업_금형조립,경남 창원시 성산구,성산구,2026-09-09,2026-09-23,"시급 10,320 원 이상 ~ 11,000 원 이하",관계없음,고졸|대졸(2~3년)|대졸(4년)|석사|박사,https://www.work24.go.kr/wk/a/b/1500/empDetailAuthView.do?wantedAuthNo=KJSA002609090072&infoTypeCd=VALIDATION&infoTypeGroup=tb_workinfoworknet,http://www.work.go.kr/empInfo/empInfoSrch/detail/empDetailAuthView.do?callPage=detail&wantedAuthNo=KJSA002609090072,https://www.work24.go.kr/wk/a/b/1500/empDetailAuthView.do?wantedAuthNo=KJSA002609090072&infoTypeCd=VALIDATION&infoTypeGroup=tb_workinfoworknet,NOT_REQUESTED,,,,,,,,,,,,,,,,,,,,,,,,,,,,,,,,
work24_5gu_20260919_2138,2026-09-19T12:38:57+00:00,K131132609090053,기계,MAPPED,C,25999,그 외 기타 분류 안된 금속 가공 제품 제조업,(주)대원정공,[방산] 생산기술/설계 사원 모집,경남 창원시 성산구,성산구,2026-09-09,2026-11-08,"연봉 4,200 만원 이상 ~ 6,000 만원 이하",경력 2년,학력무관,https://www.work24.go.kr/wk/a/b/1500/empDetailAuthView.do?wantedAuthNo=K131132609090053&infoTypeCd=VALIDATION&infoTypeGroup=tb_workinfoworknet,http://www.work.go.kr/empInfo/empInfoSrch/detail/empDetailAuthView.do?callPage=detail&wantedAuthNo=K131132609090053,https://www.work24.go.kr/wk/a/b/1500/empDetailAuthView.do?wantedAuthNo=K131132609090053&infoTypeCd=VALIDATION&infoTypeGroup=tb_workinfoworknet,NOT_REQUESTED,,,,,,,,,,,,,,,,,,,,,,,,,,,,,,,,
work24_5gu_20260919_2138,2026-09-19T12:38:57+00:00,K131132609090047,기계,MAPPED,A,29141,구름베어링 제조업,주식회사 인시스(INSYS),(주)인시스 경리·회계 사무원 모집 (경력무관/초보가능/정규직),경남 창원시 의창구,의창구,2026-09-09,2026-09-23,"연봉 2,800 만원 이상",관계없음,학력무관,https://www.work24.go.kr/wk/a/b/1500/empDetailAuthView.do?wantedAuthNo=K131132609090047&infoTypeCd=VALIDATION&infoTypeGroup=tb_workinfoworknet,http://www.work.go.kr/empInfo/empInfoSrch/detail/empDetailAuthView.do?callPage=detail&wantedAuthNo=K131132609090047,https://www.work24.go.kr/wk/a/b/1500/empDetailAuthView.do?wantedAuthNo=K131132609090047&infoTypeCd=VALIDATION&infoTypeGroup=tb_workinfoworknet,NOT_REQUESTED,,,,,,,,,,,,,,,,,,,,,,,,,,,,,,,,
work24_5gu_20260919_2138,2026-09-19T12:38:57+00:00,K131132609090046,기계,MAPPED,A,29141,구름베어링 제조업,주식회사 인시스(INSYS),AI혁신연구소 소프트웨어 연구원 (R&D),경남 창원시 의창구,의창구,2026-09-09,2026-09-23,"연봉 3,200 만원 이상 ~ 3,500 만원 이하",관계없음,학력무관,https://www.work24.go.kr/wk/a/b/1500/empDetailAuthView.do?wantedAuthNo=K131132609090046&infoTypeCd=VALIDATION&infoTypeGroup=tb_workinfoworknet,http://www.work.go.kr/empInfo/empInfoSrch/detail/empDetailAuthView.do?callPage=detail&wantedAuthNo=K131132609090046,https://www.work24.go.kr/wk/a/b/1500/empDetailAuthView.do?wantedAuthNo=K131132609090046&infoTypeCd=VALIDATION&infoTypeGroup=tb_workinfoworknet,NOT_REQUESTED,,,,,,,,,,,,,,,,,,,,,,,,,,,,,,,,
work24_5gu_20260919_2138,2026-09-19T12:38:57+00:00,K131132609090045,기계,MAPPED,A,29141,구름베어링 제조업,주식회사 인시스(INSYS),AI혁신연구개발실 기계설계 연구원(R&D),경남 창원시 의창구,의창구,2026-09-09,2026-09-23,"연봉 3,200 만원 이상 ~ 3,500 만원 이하",관계없음,학력무관,https://www.work24.go.kr/wk/a/b/1500/empDetailAuthView.do?wantedAuthNo=K131132609090045&infoTypeCd=VALIDATION&infoTypeGroup=tb_workinfoworknet,http://www.work.go.kr/empInfo/empInfoSrch/detail/empDetailAuthView.do?callPage=detail&wantedAuthNo=K131132609090045,https://www.work24.go.kr/wk/a/b/1500/empDetailAuthView.do?wantedAuthNo=K131132609090045&infoTypeCd=VALIDATION&infoTypeGroup=tb_workinfoworknet,NOT_REQUESTED,,,,,,,,,,,,,,,,,,,,,,,,,,,,,,,,
work24_5gu_20260919_2138,2026-09-19T12:38:57+00:00,K131132609090044,기계,MAPPED,A,29293,주형 및 금형 제조업,주식회사케이에스엘코리아,CAD(캐드)  및 공정 관리 지원 담당자 채용,경남 창원시 의창구,의창구,2026-09-09,2026-09-30,월급 250 만원 이상 ~ 300 만원 이하,관계없음,학력무관,https://www.work24.go.kr/wk/a/b/1500/empDetailAuthView.do?wantedAuthNo=K131132609090044&infoTypeCd=VALIDATION&infoTypeGroup=tb_workinfoworknet,http://www.work.go.kr/empInfo/empInfoSrch/detail/empDetailAuthView.do?callPage=detail&wantedAuthNo=K131132609090044,https://www.work24.go.kr/wk/a/b/1500/empDetailAuthView.do?wantedAuthNo=K131132609090044&infoTypeCd=VALIDATION&infoTypeGroup=tb_workinfoworknet,NOT_REQUESTED,,,,,,,,,,,,,,,,,,,,,,,,,,,,,,,,
work24_5gu_20260919_2138,2026-09-19T12:38:57+00:00,K131132609090043,기계,MAPPED,C,25924,절삭가공 및 유사처리업,(주)제이오하이테크,"NC, CNC 생산직 모집[로기스 측정 가능한 자]",경남 창원시 의창구,의창구,2026-09-09,2026-09-23,"시급 10,320 원 이상 ~ 12,000 원 이하",관계없음,학력무관,https://www.work24.go.kr/wk/a/b/1500/empDetailAuthView.do?wantedAuthNo=K131132609090043&infoTypeCd=VALIDATION&infoTypeGroup=tb_workinfoworknet,http://www.work.go.kr/empInfo/empInfoSrch/detail/empDetailAuthView.do?callPage=detail&wantedAuthNo=K131132609090043,https://www.work24.go.kr/wk/a/b/1500/empDetailAuthView.do?wantedAuthNo=K131132609090043&infoTypeCd=VALIDATION&infoTypeGroup=tb_workinfoworknet,NOT_REQUESTED,,,,,,,,,,,,,,,,,,,,,,,,,,,,,,,,
work24_5gu_20260919_2138,2026-09-19T12:38:57+00:00,K131132609090042,기계,MAPPED,A,29141,구름베어링 제조업,주식회사 파인(PINE),경리 사무원 모집(정규직),경남 창원시 의창구,의창구,2026-09-09,2026-09-23,"연봉 2,800 만원 이상",관계없음,학력무관,https://www.work24.go.kr/wk/a/b/1500/empDetailAuthView.do?wantedAuthNo=K131132609090042&infoTypeCd=VALIDATION&infoTypeGroup=tb_workinfoworknet,http://www.work.go.kr/empInfo/empInfoSrch/detail/empDetailAuthView.do?callPage=detail&wantedAuthNo=K131132609090042,https://www.work24.go.kr/wk/a/b/1500/empDetailAuthView.do?wantedAuthNo=K131132609090042&infoTypeCd=VALIDATION&infoTypeGroup=tb_workinfoworknet,NOT_REQUESTED,,,,,,,,,,,,,,,,,,,,,,,,,,,,,,,,
work24_5gu_20260919_2138,2026-09-19T12:38:57+00:00,K131132609090041,기계,MAPPED,C,25924,절삭가공 및 유사처리업,(유)영진기업,strip 기계 용접 단기근무자 모집합니다. (초보자 가능),경남 창원시 성산구,성산구,2026-09-09,2026-10-03,"시급 11,000 원 이상 ~ 11,000 원 이하",신입,학력무관,https://www.work24.go.kr/wk/a/b/1500/empDetailAuthView.do?wantedAuthNo=K131132609090041&infoTypeCd=VALIDATION&infoTypeGroup=tb_workinfoworknet,http://www.work.go.kr/empInfo/empInfoSrch/detail/empDetailAuthView.do?callPage=detail&wantedAuthNo=K131132609090041,https://www.work24.go.kr/wk/a/b/1500/empDetailAuthView.do?wantedAuthNo=K131132609090041&infoTypeCd=VALIDATION&infoTypeGroup=tb_workinfoworknet,NOT_REQUESTED,,,,,,,,,,,,,,,,,,,,,,,,,,,,,,,,
work24_5gu_20260919_2138,2026-09-19T12:38:57+00:00,K131132609090040,기계,MAPPED,A,29229,기타 가공 공작기계 제조업,대영에스앤씨주식회사,당사의 물량증가와 결원을 보충하기 위하여 성실한 직원을 모집 합니다,경남 창원시 성산구,성산구,2026-09-09,2026-09-23,"시급 11,000 원 이상",경력 2년 2개월,학력무관,https://www.work24.go.kr/wk/a/b/1500/empDetailAuthView.do?wantedAuthNo=K131132609090040&infoTypeCd=VALIDATION&infoTypeGroup=tb_workinfoworknet,http://www.work.go.kr/empInfo/empInfoSrch/detail/empDetailAuthView.do?callPage=detail&wantedAuthNo=K131132609090040,https://www.work24.go.kr/wk/a/b/1500/empDetailAuthView.do?wantedAuthNo=K131132609090040&infoTypeCd=VALIDATION&infoTypeGroup=tb_workinfoworknet,NOT_REQUESTED,,,,,,,,,,,,,,,,,,,,,,,,,,,,,,,,
work24_5gu_20260919_2138,2026-09-19T12:38:57+00:00,K131132609090034,기계,MAPPED,C,25119,기타 구조용 금속제품 제조업,유덕산업,생산직 사원 모집(롤 포밍),경남 창원시 의창구,의창구,2026-09-09,2026-11-08,월급 270 만원 이상 ~ 270 만원 이하,관계없음,학력무관,https://www.work24.go.kr/wk/a/b/1500/empDetailAuthView.do?wantedAuthNo=K131132609090034&infoTypeCd=VALIDATION&infoTypeGroup=tb_workinfoworknet,http://www.work.go.kr/empInfo/empInfoSrch/detail/empDetailAuthView.do?callPage=detail&wantedAuthNo=K131132609090034,https://www.work24.go.kr/wk/a/b/1500/empDetailAuthView.do?wantedAuthNo=K131132609090034&infoTypeCd=VALIDATION&infoTypeGroup=tb_workinfoworknet,NOT_REQUESTED,,,,,,,,,,,,,,,,,,,,,,,,,,,,,,,,
work24_5gu_20260919_2138,2026-09-19T12:38:57+00:00,KF10532609090004,기계,MAPPED,A,,공기 조화장치 제조업,삼명기계공업(주),삼명기계공업(주) 회계•총무 담당 경력직 채용,경남 창원시 성산구,성산구,2026-09-09,2026-10-08,"연봉 3,200 만원 이상 ~ 4,000 만원 이하",경력 4년,학력무관,https://www.work24.go.kr/wk/a/b/1500/empDetailAuthView.do?wantedAuthNo=KF10532609090004&infoTypeCd=VALIDATION&infoTypeGroup=tb_workinfoworknet,http://www.work.go.kr/empInfo/empInfoSrch/detail/empDetailAuthView.do?callPage=detail&wantedAuthNo=KF10532609090004,https://www.work24.go.kr/wk/a/b/1500/empDetailAuthView.do?wantedAuthNo=KF10532609090004&infoTypeCd=VALIDATION&infoTypeGroup=tb_workinfoworknet,NOT_REQUESTED,,,,,,,,,,,,,,,,,,,,,,,,,,,,,,,,
work24_5gu_20260919_2138,2026-09-19T12:38:57+00:00,K131132609090029,기계,MAPPED,C,25200,무기 및 총포탄 제조업,(주)지성큐앤텍,지성큐앤텍 - 제관/취부 경력사원 모집,경남 창원시 성산구,성산구,2026-09-09,2026-09-23,"시급 15,000 원 이상",경력 10년,학력무관,https://www.work24.go.kr/wk/a/b/1500/empDetailAuthView.do?wantedAuthNo=K131132609090029&infoTypeCd=VALIDATION&infoTypeGroup=tb_workinfoworknet,http://www.work.go.kr/empInfo/empInfoSrch/detail/empDetailAuthView.do?callPage=detail&wantedAuthNo=K131132609090029,https://www.work24.go.kr/wk/a/b/1500/empDetailAuthView.do?wantedAuthNo=K131132609090029&infoTypeCd=VALIDATION&infoTypeGroup=tb_workinfoworknet,NOT_REQUESTED,,,,,,,,,,,,,,,,,,,,,,,,,,,,,,,,
work24_5gu_20260919_2138,2026-09-19T12:38:57+00:00,K131132609090022,기계,MAPPED,C,25924,절삭가공 및 유사처리업,(주)범아정밀,품질관리사원모집,경남 창원시 의창구,의창구,2026-09-09,2026-11-08,"시급 12,000 원 이상 ~ 12,000 원 이하",관계없음,학력무관,https://www.work24.go.kr/wk/a/b/1500/empDetailAuthView.do?wantedAuthNo=K131132609090022&infoTypeCd=VALIDATION&infoTypeGroup=tb_workinfoworknet,http://www.work.go.kr/empInfo/empInfoSrch/detail/empDetailAuthView.do?callPage=detail&wantedAuthNo=K131132609090022,https://www.work24.go.kr/wk/a/b/1500/empDetailAuthView.do?wantedAuthNo=K131132609090022&infoTypeCd=VALIDATION&infoTypeGroup=tb_workinfoworknet,NOT_REQUESTED,,,,,,,,,,,,,,,,,,,,,,,,,,,,,,,,
work24_5gu_20260919_2138,2026-09-19T12:38:57+00:00,K131132609090019,기계,MAPPED,C,25924,절삭가공 및 유사처리업,（주）중앙유앤아이,생산관리원 모집(견적업무 포함),경남 창원시 의창구,의창구,2026-09-09,2026-11-08,월급 350 만원 이상,경력 3년,학력무관,https://www.work24.go.kr/wk/a/b/1500/empDetailAuthView.do?wantedAuthNo=K131132609090019&infoTypeCd=VALIDATION&infoTypeGroup=tb_workinfoworknet,http://www.work.go.kr/empInfo/empInfoSrch/detail/empDetailAuthView.do?callPage=detail&wantedAuthNo=K131132609090019,https://www.work24.go.kr/wk/a/b/1500/empDetailAuthView.do?wantedAuthNo=K131132609090019&infoTypeCd=VALIDATION&infoTypeGroup=tb_workinfoworknet,NOT_REQUESTED,,,,,,,,,,,,,,,,,,,,,,,,,,,,,,,,
work24_5gu_20260919_2138,2026-09-19T12:38:57+00:00,K131132609090018,기계,MAPPED,A,29120,유압기기 제조업,태진테크(주),"조립 및 제품 검사, 포장. 꾸준한 성장을 함께 이뤄갈 인력을 모집합니다.",경남 창원시 성산구,성산구,2026-09-09,2026-09-22,월급 300 만원 이상,관계없음,학력무관,https://www.work24.go.kr/wk/a/b/1500/empDetailAuthView.do?wantedAuthNo=K131132609090018&infoTypeCd=VALIDATION&infoTypeGroup=tb_workinfoworknet,http://www.work.go.kr/empInfo/empInfoSrch/detail/empDetailAuthView.do?callPage=detail&wantedAuthNo=K131132609090018,https://www.work24.go.kr/wk/a/b/1500/empDetailAuthView.do?wantedAuthNo=K131132609090018&infoTypeCd=VALIDATION&infoTypeGroup=tb_workinfoworknet,NOT_REQUESTED,,,,,,,,,,,,,,,,,,,,,,,,,,,,,,,,
work24_5gu_20260919_2138,2026-09-19T12:38:57+00:00,K131132609090012,기계,MAPPED,A,29229,기타 가공 공작기계 제조업,동우테크윈,기계설계 사원 구인,경남 창원시 성산구,성산구,2026-09-09,2026-09-23,"연봉 4,000 만원 이상",관계없음,학력무관,https://www.work24.go.kr/wk/a/b/1500/empDetailAuthView.do?wantedAuthNo=K131132609090012&infoTypeCd=VALIDATION&infoTypeGroup=tb_workinfoworknet,http://www.work.go.kr/empInfo/empInfoSrch/detail/empDetailAuthView.do?callPage=detail&wantedAuthNo=K131132609090012,https://www.work24.go.kr/wk/a/b/1500/empDetailAuthView.do?wantedAuthNo=K131132609090012&infoTypeCd=VALIDATION&infoTypeGroup=tb_workinfoworknet,NOT_REQUESTED,,,,,,,,,,,,,,,,,,,,,,,,,,,,,,,,
work24_5gu_20260919_2138,2026-09-19T12:38:57+00:00,K131132609090005,기계,MAPPED,A,29293,주형 및 금형 제조업,주식회사신한,구매자재관리 직원 모집,경남 창원시 의창구,의창구,2026-09-09,2026-09-30,월급 300 만원 이상,관계없음,학력무관,https://www.work24.go.kr/wk/a/b/1500/empDetailAuthView.do?wantedAuthNo=K131132609090005&infoTypeCd=VALIDATION&infoTypeGroup=tb_workinfoworknet,http://www.work.go.kr/empInfo/empInfoSrch/detail/empDetailAuthView.do?callPage=detail&wantedAuthNo=K131132609090005,https://www.work24.go.kr/wk/a/b/1500/empDetailAuthView.do?wantedAuthNo=K131132609090005&infoTypeCd=VALIDATION&infoTypeGroup=tb_workinfoworknet,NOT_REQUESTED,,,,,,,,,,,,,,,,,,,,,,,,,,,,,,,,
work24_5gu_20260919_2138,2026-09-19T12:38:57+00:00,K131132609090003,기계,MAPPED,C,25941,볼트 및 너트류 제조업,리드웰테크,자재관리,경남 창원시 의창구,의창구,2026-09-09,2026-09-22,"시급 10,320 원 이상",관계없음,학력무관,https://www.work24.go.kr/wk/a/b/1500/empDetailAuthView.do?wantedAuthNo=K131132609090003&infoTypeCd=VALIDATION&infoTypeGroup=tb_workinfoworknet,http://www.work.go.kr/empInfo/empInfoSrch/detail/empDetailAuthView.do?callPage=detail&wantedAuthNo=K131132609090003,https://www.work24.go.kr/wk/a/b/1500/empDetailAuthView.do?wantedAuthNo=K131132609090003&infoTypeCd=VALIDATION&infoTypeGroup=tb_workinfoworknet,NOT_REQUESTED,,,,,,,,,,,,,,,,,,,,,,,,,,,,,,,,
work24_5gu_20260919_2138,2026-09-19T12:38:57+00:00,K131132609080091,기계,MAPPED,A,29293,주형 및 금형 제조업,도해정밀,프로파일  및 성형 연삭 신입 구함,경남 창원시 의창구,의창구,2026-09-08,2026-10-09,"시급 13,000 원 이상",신입,학력무관,https://www.work24.go.kr/wk/a/b/1500/empDetailAuthView.do?wantedAuthNo=K131132609080091&infoTypeCd=VALIDATION&infoTypeGroup=tb_workinfoworknet,http://www.work.go.kr/empInfo/empInfoSrch/detail/empDetailAuthView.do?callPage=detail&wantedAuthNo=K131132609080091,https://www.work24.go.kr/wk/a/b/1500/empDetailAuthView.do?wantedAuthNo=K131132609080091&infoTypeCd=VALIDATION&infoTypeGroup=tb_workinfoworknet,NOT_REQUESTED,,,,,,,,,,,,,,,,,,,,,,,,,,,,,,,,
work24_5gu_20260919_2138,2026-09-19T12:38:57+00:00,K131132609080086,기계,MAPPED,A,29299,그 외 기타 특수목적용 기계 제조업,주식회사원우이엔지,"원우이엔지 - 기계 부품 검사원, 품질 관리원 모집",경남 창원시 성산구,성산구,2026-09-08,2026-11-05,월급 300 만원 이상 ~ 330 만원 이하,경력 2년,학력무관,https://www.work24.go.kr/wk/a/b/1500/empDetailAuthView.do?wantedAuthNo=K131132609080086&infoTypeCd=VALIDATION&infoTypeGroup=tb_workinfoworknet,http://www.work.go.kr/empInfo/empInfoSrch/detail/empDetailAuthView.do?callPage=detail&wantedAuthNo=K131132609080086,https://www.work24.go.kr/wk/a/b/1500/empDetailAuthView.do?wantedAuthNo=K131132609080086&infoTypeCd=VALIDATION&infoTypeGroup=tb_workinfoworknet,NOT_REQUESTED,,,,,,,,,,,,,,,,,,,,,,,,,,,,,,,,
work24_5gu_20260919_2138,2026-09-19T12:38:57+00:00,K131132609080085,기계,MAPPED,A,29299,그 외 기타 특수목적용 기계 제조업,주식회사원우이엔지,원우이엔지 - CNC 선반 경력자 모집,경남 창원시 성산구,성산구,2026-09-08,2026-11-07,월급 300 만원 이상 ~ 300 만원 이하,경력 3년,학력무관,https://www.work24.go.kr/wk/a/b/1500/empDetailAuthView.do?wantedAuthNo=K131132609080085&infoTypeCd=VALIDATION&infoTypeGroup=tb_workinfoworknet,http://www.work.go.kr/empInfo/empInfoSrch/detail/empDetailAuthView.do?callPage=detail&wantedAuthNo=K131132609080085,https://www.work24.go.kr/wk/a/b/1500/empDetailAuthView.do?wantedAuthNo=K131132609080085&infoTypeCd=VALIDATION&infoTypeGroup=tb_workinfoworknet,NOT_REQUESTED,,,,,,,,,,,,,,,,,,,,,,,,,,,,,,,,
work24_5gu_20260919_2138,2026-09-19T12:38:57+00:00,K131132609080072,기계,MAPPED,C,25913,자동차용 금속 압형제품 제조업,주식회사 거송,거송 - 납품 보조인원 모집 ( 12개월 계약),경남 창원시 성산구,성산구,2026-09-08,2026-09-22,"시급 10,320 원 이상 ~ 10,320 원 이하",관계없음,학력무관,https://www.work24.go.kr/wk/a/b/1500/empDetailAuthView.do?wantedAuthNo=K131132609080072&infoTypeCd=VALIDATION&infoTypeGroup=tb_workinfoworknet,http://www.work.go.kr/empInfo/empInfoSrch/detail/empDetailAuthView.do?callPage=detail&wantedAuthNo=K131132609080072,https://www.work24.go.kr/wk/a/b/1500/empDetailAuthView.do?wantedAuthNo=K131132609080072&infoTypeCd=VALIDATION&infoTypeGroup=tb_workinfoworknet,NOT_REQUESTED,,,,,,,,,,,,,,,,,,,,,,,,,,,,,,,,
work24_5gu_20260919_2138,2026-09-19T12:38:57+00:00,K131132609080071,기계,MAPPED,C,25913,자동차용 금속 압형제품 제조업,주식회사 거송,금형원 모집,경남 창원시 성산구,성산구,2026-09-08,2026-09-22,"연봉 4,000 만원 이상",관계없음,학력무관,https://www.work24.go.kr/wk/a/b/1500/empDetailAuthView.do?wantedAuthNo=K131132609080071&infoTypeCd=VALIDATION&infoTypeGroup=tb_workinfoworknet,http://www.work.go.kr/empInfo/empInfoSrch/detail/empDetailAuthView.do?callPage=detail&wantedAuthNo=K131132609080071,https://www.work24.go.kr/wk/a/b/1500/empDetailAuthView.do?wantedAuthNo=K131132609080071&infoTypeCd=VALIDATION&infoTypeGroup=tb_workinfoworknet,NOT_REQUESTED,,,,,,,,,,,,,,,,,,,,,,,,,,,,,,,,
work24_5gu_20260919_2138,2026-09-19T12:38:57+00:00,K131132609080069,기계,MAPPED,C,25913,자동차용 금속 압형제품 제조업,주식회사 거송,프레스 인원 모집,경남 창원시 성산구,성산구,2026-09-08,2026-09-22,"시급 11,000 원 이상 ~ 11,000 원 이하",관계없음,학력무관,https://www.work24.go.kr/wk/a/b/1500/empDetailAuthView.do?wantedAuthNo=K131132609080069&infoTypeCd=VALIDATION&infoTypeGroup=tb_workinfoworknet,http://www.work.go.kr/empInfo/empInfoSrch/detail/empDetailAuthView.do?callPage=detail&wantedAuthNo=K131132609080069,https://www.work24.go.kr/wk/a/b/1500/empDetailAuthView.do?wantedAuthNo=K131132609080069&infoTypeCd=VALIDATION&infoTypeGroup=tb_workinfoworknet,NOT_REQUESTED,,,,,,,,,,,,,,,,,,,,,,,,,,,,,,,,
work24_5gu_20260919_2138,2026-09-19T12:38:57+00:00,K131132609080068,기계,MAPPED,A,29229,기타 가공 공작기계 제조업,대영에스앤씨주식회사,생산직 사상(버핑)직원 모집,경남 창원시 성산구,성산구,2026-09-08,2026-09-22,"시급 10,320 원 이상",관계없음,학력무관,https://www.work24.go.kr/wk/a/b/1500/empDetailAuthView.do?wantedAuthNo=K131132609080068&infoTypeCd=VALIDATION&infoTypeGroup=tb_workinfoworknet,http://www.work.go.kr/empInfo/empInfoSrch/detail/empDetailAuthView.do?callPage=detail&wantedAuthNo=K131132609080068,https://www.work24.go.kr/wk/a/b/1500/empDetailAuthView.do?wantedAuthNo=K131132609080068&infoTypeCd=VALIDATION&infoTypeGroup=tb_workinfoworknet,NOT_REQUESTED,,,,,,,,,,,,,,,,,,,,,,,,,,,,,,,,
work24_5gu_20260919_2138,2026-09-19T12:38:57+00:00,K131132609080061,기계,MAPPED,A,29223,금속 절삭기계 제조업,화천기계(주),안전보건 관리자 모집,경남 창원시 성산구,성산구,2026-09-08,2026-09-27,"연봉 4,790 만원 이상 ~ 5,160 만원 이하",신입,대졸(4년),https://www.work24.go.kr/wk/a/b/1500/empDetailAuthView.do?wantedAuthNo=K131132609080061&infoTypeCd=VALIDATION&infoTypeGroup=tb_workinfoworknet,http://www.work.go.kr/empInfo/empInfoSrch/detail/empDetailAuthView.do?callPage=detail&wantedAuthNo=K131132609080061,https://www.work24.go.kr/wk/a/b/1500/empDetailAuthView.do?wantedAuthNo=K131132609080061&infoTypeCd=VALIDATION&infoTypeGroup=tb_workinfoworknet,NOT_REQUESTED,,,,,,,,,,,,,,,,,,,,,,,,,,,,,,,,
work24_5gu_20260919_2138,2026-09-19T12:38:57+00:00,K131132609080058,기계,MAPPED,A,29223,금속 절삭기계 제조업,주식회사아올,M.C.T 조작원 모집,경남 창원시 성산구,성산구,2026-09-08,2026-09-22,"연봉 6,000 만원 이상",경력 5년,학력무관,https://www.work24.go.kr/wk/a/b/1500/empDetailAuthView.do?wantedAuthNo=K131132609080058&infoTypeCd=VALIDATION&infoTypeGroup=tb_workinfoworknet,http://www.work.go.kr/empInfo/empInfoSrch/detail/empDetailAuthView.do?callPage=detail&wantedAuthNo=K131132609080058,https://www.work24.go.kr/wk/a/b/1500/empDetailAuthView.do?wantedAuthNo=K131132609080058&infoTypeCd=VALIDATION&infoTypeGroup=tb_workinfoworknet,NOT_REQUESTED,,,,,,,,,,,,,,,,,,,,,,,,,,,,,,,,
work24_5gu_20260919_2138,2026-09-19T12:38:57+00:00,K131132609080055,기계,MAPPED,C,25112,구조용 금속 판제품 및 공작물 제조업,한울테크,한울테크 - 자재 구매 및 발주 관리자 모집,경남 창원시 성산구,성산구,2026-09-08,2026-11-06,"시급 10,320 원 이상",관계없음,학력무관,https://www.work24.go.kr/wk/a/b/1500/empDetailAuthView.do?wantedAuthNo=K131132609080055&infoTypeCd=VALIDATION&infoTypeGroup=tb_workinfoworknet,http://www.work.go.kr/empInfo/empInfoSrch/detail/empDetailAuthView.do?callPage=detail&wantedAuthNo=K131132609080055,https://www.work24.go.kr/wk/a/b/1500/empDetailAuthView.do?wantedAuthNo=K131132609080055&infoTypeCd=VALIDATION&infoTypeGroup=tb_workinfoworknet,NOT_REQUESTED,,,,,,,,,,,,,,,,,,,,,,,,,,,,,,,,
work24_5gu_20260919_2138,2026-09-19T12:38:57+00:00,K131132609080046,기계,MAPPED,C,25924,절삭가공 및 유사처리업,(주)천호하이드로릭,cnc 선반 생산직 사원 모집,경남 창원시 성산구,성산구,2026-09-08,2026-11-07,"시급 10,320 원 이상",경력 1년,학력무관,https://www.work24.go.kr/wk/a/b/1500/empDetailAuthView.do?wantedAuthNo=K131132609080046&infoTypeCd=VALIDATION&infoTypeGroup=tb_workinfoworknet,http://www.work.go.kr/empInfo/empInfoSrch/detail/empDetailAuthView.do?callPage=detail&wantedAuthNo=K131132609080046,https://www.work24.go.kr/wk/a/b/1500/empDetailAuthView.do?wantedAuthNo=K131132609080046&infoTypeCd=VALIDATION&infoTypeGroup=tb_workinfoworknet,NOT_REQUESTED,,,,,,,,,,,,,,,,,,,,,,,,,,,,,,,,
work24_5gu_20260919_2138,2026-09-19T12:38:57+00:00,K131132609080039,기계,MAPPED,A,29199,그 외 기타 일반목적용 기계 제조업,한영정밀(주),[자동차 제조] 영업관리 및 납품 [경력직] 모집,경남 창원시 의창구,의창구,2026-09-08,2026-09-22,월급 350 만원 이상,경력 3년,학력무관,https://www.work24.go.kr/wk/a/b/1500/empDetailAuthView.do?wantedAuthNo=K131132609080039&infoTypeCd=VALIDATION&infoTypeGroup=tb_workinfoworknet,http://www.work.go.kr/empInfo/empInfoSrch/detail/empDetailAuthView.do?callPage=detail&wantedAuthNo=K131132609080039,https://www.work24.go.kr/wk/a/b/1500/empDetailAuthView.do?wantedAuthNo=K131132609080039&infoTypeCd=VALIDATION&infoTypeGroup=tb_workinfoworknet,NOT_REQUESTED,,,,,,,,,,,,,,,,,,,,,,,,,,,,,,,,
work24_5gu_20260919_2138,2026-09-19T12:38:57+00:00,K131132609080038,기계,MAPPED,A,29293,주형 및 금형 제조업,(주)성진테크,다이캐스팅 금형 가공원 모집(초보가능),경남 창원시 성산구,성산구,2026-09-08,2026-09-22,"시급 11,000 원 이상 ~ 11,000 원 이하",관계없음,학력무관,https://www.work24.go.kr/wk/a/b/1500/empDetailAuthView.do?wantedAuthNo=K131132609080038&infoTypeCd=VALIDATION&infoTypeGroup=tb_workinfoworknet,http://www.work.go.kr/empInfo/empInfoSrch/detail/empDetailAuthView.do?callPage=detail&wantedAuthNo=K131132609080038,https://www.work24.go.kr/wk/a/b/1500/empDetailAuthView.do?wantedAuthNo=K131132609080038&infoTypeCd=VALIDATION&infoTypeGroup=tb_workinfoworknet,NOT_REQUESTED,,,,,,,,,,,,,,,,,,,,,,,,,,,,,,,,
work24_5gu_20260919_2138,2026-09-19T12:38:57+00:00,K131132609080028,기계,MAPPED,C,25112,구조용 금속 판제품 및 공작물 제조업,주식회사풍왕,주식회사 풍왕 - 프레스 작업 및 포장 직원 구인 (초보자가능),경남 창원시 진해구,진해구,2026-09-08,2026-10-07,월급 230 만원 이상 ~ 230 만원 이하,신입,학력무관,https://www.work24.go.kr/wk/a/b/1500/empDetailAuthView.do?wantedAuthNo=K131132609080028&infoTypeCd=VALIDATION&infoTypeGroup=tb_workinfoworknet,http://www.work.go.kr/empInfo/empInfoSrch/detail/empDetailAuthView.do?callPage=detail&wantedAuthNo=K131132609080028,https://www.work24.go.kr/wk/a/b/1500/empDetailAuthView.do?wantedAuthNo=K131132609080028&infoTypeCd=VALIDATION&infoTypeGroup=tb_workinfoworknet,NOT_REQUESTED,,,,,,,,,,,,,,,,,,,,,,,,,,,,,,,,
work24_5gu_20260919_2138,2026-09-19T12:38:57+00:00,K131132609080027,기계,MAPPED,A,29293,주형 및 금형 제조업,(주)대웅셀테크,중자 성형 조작 및 후처리 생산직 구인,경남 창원시 진해구,진해구,2026-09-08,2026-09-30,"시급 10,320 원 이상",관계없음,학력무관,https://www.work24.go.kr/wk/a/b/1500/empDetailAuthView.do?wantedAuthNo=K131132609080027&infoTypeCd=VALIDATION&infoTypeGroup=tb_workinfoworknet,http://www.work.go.kr/empInfo/empInfoSrch/detail/empDetailAuthView.do?callPage=detail&wantedAuthNo=K131132609080027,https://www.work24.go.kr/wk/a/b/1500/empDetailAuthView.do?wantedAuthNo=K131132609080027&infoTypeCd=VALIDATION&infoTypeGroup=tb_workinfoworknet,NOT_REQUESTED,,,,,,,,,,,,,,,,,,,,,,,,,,,,,,,,
work24_5gu_20260919_2138,2026-09-19T12:38:57+00:00,K131132609080022,기계,MAPPED,C,25923,도장 및 기타 피막처리업,테크원,방산_도장공 모집,경남 창원시 의창구,의창구,2026-09-08,2026-09-22,월급 350 만원 이상,경력 1년,학력무관,https://www.work24.go.kr/wk/a/b/1500/empDetailAuthView.do?wantedAuthNo=K131132609080022&infoTypeCd=VALIDATION&infoTypeGroup=tb_workinfoworknet,http://www.work.go.kr/empInfo/empInfoSrch/detail/empDetailAuthView.do?callPage=detail&wantedAuthNo=K131132609080022,https://www.work24.go.kr/wk/a/b/1500/empDetailAuthView.do?wantedAuthNo=K131132609080022&infoTypeCd=VALIDATION&infoTypeGroup=tb_workinfoworknet,NOT_REQUESTED,,,,,,,,,,,,,,,,,,,,,,,,,,,,,,,,
work24_5gu_20260919_2138,2026-09-19T12:38:57+00:00,K131132609080020,기계,MAPPED,A,29141,구름베어링 제조업,주식회사 인시스(INSYS),[창원 신촌동] 사무보조 담당자 모집 (출산·육아휴직 대체),경남 창원시 성산구,성산구,2026-09-08,2026-09-22,월급 250 만원 이상 ~ 250 만원 이하,신입,학력무관,https://www.work24.go.kr/wk/a/b/1500/empDetailAuthView.do?wantedAuthNo=K131132609080020&infoTypeCd=VALIDATION&infoTypeGroup=tb_workinfoworknet,http://www.work.go.kr/empInfo/empInfoSrch/detail/empDetailAuthView.do?callPage=detail&wantedAuthNo=K131132609080020,https://www.work24.go.kr/wk/a/b/1500/empDetailAuthView.do?wantedAuthNo=K131132609080020&infoTypeCd=VALIDATION&infoTypeGroup=tb_workinfoworknet,NOT_REQUESTED,,,,,,,,,,,,,,,,,,,,,,,,,,,,,,,,
work24_5gu_20260919_2138,2026-09-19T12:38:57+00:00,K131132609080016,기계,MAPPED,A,29120,유압기기 제조업,에스제이메카텍(주),단순 사상원 구인,경남 창원시 성산구,성산구,2026-09-08,2026-11-07,"시급 10,320 원 이상",관계없음,학력무관,https://www.work24.go.kr/wk/a/b/1500/empDetailAuthView.do?wantedAuthNo=K131132609080016&infoTypeCd=VALIDATION&infoTypeGroup=tb_workinfoworknet,http://www.work.go.kr/empInfo/empInfoSrch/detail/empDetailAuthView.do?callPage=detail&wantedAuthNo=K131132609080016,https://www.work24.go.kr/wk/a/b/1500/empDetailAuthView.do?wantedAuthNo=K131132609080016&infoTypeCd=VALIDATION&infoTypeGroup=tb_workinfoworknet,NOT_REQUESTED,,,,,,,,,,,,,,,,,,,,,,,,,,,,,,,,
work24_5gu_20260919_2138,2026-09-19T12:38:57+00:00,K131132609080015,기계,MAPPED,C,25924,절삭가공 및 유사처리업,지엠진성주식회사,품질관리 사무원 모집(경력),경남 창원시 성산구,성산구,2026-09-08,2026-09-30,"연봉 4,000 만원 이상 ~ 4,800 만원 이하",경력 3년,학력무관,https://www.work24.go.kr/wk/a/b/1500/empDetailAuthView.do?wantedAuthNo=K131132609080015&infoTypeCd=VALIDATION&infoTypeGroup=tb_workinfoworknet,http://www.work.go.kr/empInfo/empInfoSrch/detail/empDetailAuthView.do?callPage=detail&wantedAuthNo=K131132609080015,https://www.work24.go.kr/wk/a/b/1500/empDetailAuthView.do?wantedAuthNo=K131132609080015&infoTypeCd=VALIDATION&infoTypeGroup=tb_workinfoworknet,NOT_REQUESTED,,,,,,,,,,,,,,,,,,,,,,,,,,,,,,,,
work24_5gu_20260919_2138,2026-09-19T12:38:57+00:00,K131132609080006,기계,MAPPED,A,29223,금속 절삭기계 제조업,영창이엔지주식회사,MCT 작업자 모집,경남 창원시 의창구,의창구,2026-09-08,2026-09-22,"시급 12,000 원 이상 ~ 14,000 원 이하",경력 3년,학력무관,https://www.work24.go.kr/wk/a/b/1500/empDetailAuthView.do?wantedAuthNo=K131132609080006&infoTypeCd=VALIDATION&infoTypeGroup=tb_workinfoworknet,http://www.work.go.kr/empInfo/empInfoSrch/detail/empDetailAuthView.do?callPage=detail&wantedAuthNo=K131132609080006,https://www.work24.go.kr/wk/a/b/1500/empDetailAuthView.do?wantedAuthNo=K131132609080006&infoTypeCd=VALIDATION&infoTypeGroup=tb_workinfoworknet,NOT_REQUESTED,,,,,,,,,,,,,,,,,,,,,,,,,,,,,,,,
work24_5gu_20260919_2138,2026-09-19T12:38:57+00:00,K131132609080001,기계,MAPPED,A,,공기 조화장치 제조업,삼성다이나에이치백 (주),삼성다이나에이치백(주) 경영지원부 신입/경력직(사원급) 채용 공고,경남 창원시 성산구,성산구,2026-09-08,2026-11-06,월급 245 만원 이상 ~ 300 만원 이하,관계없음,대졸(4년),https://www.work24.go.kr/wk/a/b/1500/empDetailAuthView.do?wantedAuthNo=K131132609080001&infoTypeCd=VALIDATION&infoTypeGroup=tb_workinfoworknet,http://www.work.go.kr/empInfo/empInfoSrch/detail/empDetailAuthView.do?callPage=detail&wantedAuthNo=K131132609080001,https://www.work24.go.kr/wk/a/b/1500/empDetailAuthView.do?wantedAuthNo=K131132609080001&infoTypeCd=VALIDATION&infoTypeGroup=tb_workinfoworknet,NOT_REQUESTED,,,,,,,,,,,,,,,,,,,,,,,,,,,,,,,,
work24_5gu_20260919_2138,2026-09-19T12:38:57+00:00,K131132609070089,기계,MAPPED,C,25924,절삭가공 및 유사처리업,용마테크,cnc 수직선반,경남 창원시 성산구,성산구,2026-09-07,2026-11-06,월급 450 만원 이상 ~ 480 만원 이하,경력 3년 5개월,학력무관,https://www.work24.go.kr/wk/a/b/1500/empDetailAuthView.do?wantedAuthNo=K131132609070089&infoTypeCd=VALIDATION&infoTypeGroup=tb_workinfoworknet,http://www.work.go.kr/empInfo/empInfoSrch/detail/empDetailAuthView.do?callPage=detail&wantedAuthNo=K131132609070089,https://www.work24.go.kr/wk/a/b/1500/empDetailAuthView.do?wantedAuthNo=K131132609070089&infoTypeCd=VALIDATION&infoTypeGroup=tb_workinfoworknet,NOT_REQUESTED,,,,,,,,,,,,,,,,,,,,,,,,,,,,,,,,
work24_5gu_20260919_2138,2026-09-19T12:38:57+00:00,K131132609070083,기계,MAPPED,C,25924,절삭가공 및 유사처리업,B&P,CNC선반 조작원(NC프로그램 가능자),경남 창원시 성산구,성산구,2026-09-07,2026-09-30,"연봉 5,000 만원 이상",경력 2년,학력무관,https://www.work24.go.kr/wk/a/b/1500/empDetailAuthView.do?wantedAuthNo=K131132609070083&infoTypeCd=VALIDATION&infoTypeGroup=tb_workinfoworknet,http://www.work.go.kr/empInfo/empInfoSrch/detail/empDetailAuthView.do?callPage=detail&wantedAuthNo=K131132609070083,https://www.work24.go.kr/wk/a/b/1500/empDetailAuthView.do?wantedAuthNo=K131132609070083&infoTypeCd=VALIDATION&infoTypeGroup=tb_workinfoworknet,NOT_REQUESTED,,,,,,,,,,,,,,,,,,,,,,,,,,,,,,,,
work24_5gu_20260919_2138,2026-09-19T12:38:57+00:00,K131132609070064,기계,MAPPED,A,29199,그 외 기타 일반목적용 기계 제조업,웰드웰 주식회사,웰드웰(주) 오비탈자동용접기 수리기사 채용(경력무관),경남 창원시 성산구,성산구,2026-09-07,2026-10-15,"연봉 3,000 만원 이상 ~ 3,500 만원 이하",관계없음,학력무관,https://www.work24.go.kr/wk/a/b/1500/empDetailAuthView.do?wantedAuthNo=K131132609070064&infoTypeCd=VALIDATION&infoTypeGroup=tb_workinfoworknet,http://www.work.go.kr/empInfo/empInfoSrch/detail/empDetailAuthView.do?callPage=detail&wantedAuthNo=K131132609070064,https://www.work24.go.kr/wk/a/b/1500/empDetailAuthView.do?wantedAuthNo=K131132609070064&infoTypeCd=VALIDATION&infoTypeGroup=tb_workinfoworknet,NOT_REQUESTED,,,,,,,,,,,,,,,,,,,,,,,,,,,,,,,,
work24_5gu_20260919_2138,2026-09-19T12:38:57+00:00,K131132609070062,기계,MAPPED,A,29133,"탭, 밸브 및 유사장치 제조업",경동엔지니어링,"CNC, 조작원 구인",경남 창원시 의창구,의창구,2026-09-07,2026-11-06,"시급 10,400 원 이상 ~ 13,000 원 이하",경력 3년,학력무관,https://www.work24.go.kr/wk/a/b/1500/empDetailAuthView.do?wantedAuthNo=K131132609070062&infoTypeCd=VALIDATION&infoTypeGroup=tb_workinfoworknet,http://www.work.go.kr/empInfo/empInfoSrch/detail/empDetailAuthView.do?callPage=detail&wantedAuthNo=K131132609070062,https://www.work24.go.kr/wk/a/b/1500/empDetailAuthView.do?wantedAuthNo=K131132609070062&infoTypeCd=VALIDATION&infoTypeGroup=tb_workinfoworknet,NOT_REQUESTED,,,,,,,,,,,,,,,,,,,,,,,,,,,,,,,,
work24_5gu_20260919_2138,2026-09-19T12:38:57+00:00,K131132609070058,기계,MAPPED,A,29293,주형 및 금형 제조업,주식회사덕유,프레스 부품 세척 및 포장 작업자-1명 구인,경남 창원시 성산구,성산구,2026-09-07,2026-09-23,"시급 10,320 원 이상",신입,학력무관,https://www.work24.go.kr/wk/a/b/1500/empDetailAuthView.do?wantedAuthNo=K131132609070058&infoTypeCd=VALIDATION&infoTypeGroup=tb_workinfoworknet,http://www.work.go.kr/empInfo/empInfoSrch/detail/empDetailAuthView.do?callPage=detail&wantedAuthNo=K131132609070058,https://www.work24.go.kr/wk/a/b/1500/empDetailAuthView.do?wantedAuthNo=K131132609070058&infoTypeCd=VALIDATION&infoTypeGroup=tb_workinfoworknet,NOT_REQUESTED,,,,,,,,,,,,,,,,,,,,,,,,,,,,,,,,
work24_5gu_20260919_2138,2026-09-19T12:38:57+00:00,K131132609070056,기계,MAPPED,A,29223,금속 절삭기계 제조업,주식회사아올,아올 - CNC 선반 조작원 (경력),경남 창원시 성산구,성산구,2026-09-07,2026-09-20,"연봉 5,000 만원 이상",경력 2년,학력무관,https://www.work24.go.kr/wk/a/b/1500/empDetailAuthView.do?wantedAuthNo=K131132609070056&infoTypeCd=VALIDATION&infoTypeGroup=tb_workinfoworknet,http://www.work.go.kr/empInfo/empInfoSrch/detail/empDetailAuthView.do?callPage=detail&wantedAuthNo=K131132609070056,https://www.work24.go.kr/wk/a/b/1500/empDetailAuthView.do?wantedAuthNo=K131132609070056&infoTypeCd=VALIDATION&infoTypeGroup=tb_workinfoworknet,NOT_REQUESTED,,,,,,,,,,,,,,,,,,,,,,,,,,,,,,,,
work24_5gu_20260919_2138,2026-09-19T12:38:57+00:00,K131132609070054,기계,MAPPED,C,25924,절삭가공 및 유사처리업,금강산업,천장크레인 운전기사 모집,경남 창원시 성산구,성산구,2026-09-07,2026-11-06,월급 305 만원 이상 ~ 305 만원 이하,경력 10년,학력무관,https://www.work24.go.kr/wk/a/b/1500/empDetailAuthView.do?wantedAuthNo=K131132609070054&infoTypeCd=VALIDATION&infoTypeGroup=tb_workinfoworknet,http://www.work.go.kr/empInfo/empInfoSrch/detail/empDetailAuthView.do?callPage=detail&wantedAuthNo=K131132609070054,https://www.work24.go.kr/wk/a/b/1500/empDetailAuthView.do?wantedAuthNo=K131132609070054&infoTypeCd=VALIDATION&infoTypeGroup=tb_workinfoworknet,NOT_REQUESTED,,,,,,,,,,,,,,,,,,,,,,,,,,,,,,,,
work24_5gu_20260919_2138,2026-09-19T12:38:57+00:00,K131132609070038,기계,MAPPED,C,25924,절삭가공 및 유사처리업,（주）중앙유앤아이,"연마, 연삭 생산원 모집",경남 창원시 의창구,의창구,2026-09-07,2026-11-06,"시급 10,320 원 이상",관계없음,학력무관,https://www.work24.go.kr/wk/a/b/1500/empDetailAuthView.do?wantedAuthNo=K131132609070038&infoTypeCd=VALIDATION&infoTypeGroup=tb_workinfoworknet,http://www.work.go.kr/empInfo/empInfoSrch/detail/empDetailAuthView.do?callPage=detail&wantedAuthNo=K131132609070038,https://www.work24.go.kr/wk/a/b/1500/empDetailAuthView.do?wantedAuthNo=K131132609070038&infoTypeCd=VALIDATION&infoTypeGroup=tb_workinfoworknet,NOT_REQUESTED,,,,,,,,,,,,,,,,,,,,,,,,,,,,,,,,
work24_5gu_20260919_2138,2026-09-19T12:38:57+00:00,K131132609070031,목재종이,MAPPED,A,16232,"목재 포장용 상자, 드럼 및 유사용기 제조업",주식회사 태광수출포장,제조업 생산관리자 구인,경남 창원시 의창구,의창구,2026-09-07,2026-11-06,"시급 12,000 원 이상",경력 2년,학력무관,https://www.work24.go.kr/wk/a/b/1500/empDetailAuthView.do?wantedAuthNo=K131132609070031&infoTypeCd=VALIDATION&infoTypeGroup=tb_workinfoworknet,http://www.work.go.kr/empInfo/empInfoSrch/detail/empDetailAuthView.do?callPage=detail&wantedAuthNo=K131132609070031,https://www.work24.go.kr/wk/a/b/1500/empDetailAuthView.do?wantedAuthNo=K131132609070031&infoTypeCd=VALIDATION&infoTypeGroup=tb_workinfoworknet,NOT_REQUESTED,,,,,,,,,,,,,,,,,,,,,,,,,,,,,,,,
work24_5gu_20260919_2138,2026-09-19T12:38:57+00:00,K131132609070026,기계,MAPPED,A,29229,기타 가공 공작기계 제조업,우선테크,MCT 경력10년이상 경력자모집,경남 창원시 성산구,성산구,2026-09-07,2026-11-06,"연봉 6,000 만원 이상",경력 10년,학력무관,https://www.work24.go.kr/wk/a/b/1500/empDetailAuthView.do?wantedAuthNo=K131132609070026&infoTypeCd=VALIDATION&infoTypeGroup=tb_workinfoworknet,http://www.work.go.kr/empInfo/empInfoSrch/detail/empDetailAuthView.do?callPage=detail&wantedAuthNo=K131132609070026,https://www.work24.go.kr/wk/a/b/1500/empDetailAuthView.do?wantedAuthNo=K131132609070026&infoTypeCd=VALIDATION&infoTypeGroup=tb_workinfoworknet,NOT_REQUESTED,,,,,,,,,,,,,,,,,,,,,,,,,,,,,,,,
work24_5gu_20260919_2138,2026-09-19T12:38:57+00:00,K131132609070025,기계,MAPPED,C,25924,절삭가공 및 유사처리업,대명기계,"금형가공 업체, MCT 가공 경력자를 모집합니다.",경남 창원시 성산구,성산구,2026-09-07,2026-11-04,월급 380 만원 이상 ~ 400 만원 이하,경력 3년,학력무관,https://www.work24.go.kr/wk/a/b/1500/empDetailAuthView.do?wantedAuthNo=K131132609070025&infoTypeCd=VALIDATION&infoTypeGroup=tb_workinfoworknet,http://www.work.go.kr/empInfo/empInfoSrch/detail/empDetailAuthView.do?callPage=detail&wantedAuthNo=K131132609070025,https://www.work24.go.kr/wk/a/b/1500/empDetailAuthView.do?wantedAuthNo=K131132609070025&infoTypeCd=VALIDATION&infoTypeGroup=tb_workinfoworknet,NOT_REQUESTED,,,,,,,,,,,,,,,,,,,,,,,,,,,,,,,,
work24_5gu_20260919_2138,2026-09-19T12:38:57+00:00,K131132609070024,기계,MAPPED,A,29241,건설 및 채광용 기계장비 제조업,(주)가현,중장비 부품 용접(가접)원 모집,경남 창원시 의창구,의창구,2026-09-07,2026-09-21,"시급 12,000 원 이상 ~ 12,000 원 이하",경력 1년,학력무관,https://www.work24.go.kr/wk/a/b/1500/empDetailAuthView.do?wantedAuthNo=K131132609070024&infoTypeCd=VALIDATION&infoTypeGroup=tb_workinfoworknet,http://www.work.go.kr/empInfo/empInfoSrch/detail/empDetailAuthView.do?callPage=detail&wantedAuthNo=K131132609070024,https://www.work24.go.kr/wk/a/b/1500/empDetailAuthView.do?wantedAuthNo=K131132609070024&infoTypeCd=VALIDATION&infoTypeGroup=tb_workinfoworknet,NOT_REQUESTED,,,,,,,,,,,,,,,,,,,,,,,,,,,,,,,,
work24_5gu_20260919_2138,2026-09-19T12:38:57+00:00,K131132609070022,기계,MAPPED,A,29241,건설 및 채광용 기계장비 제조업,(주)가현,사상공 모집,경남 창원시 의창구,의창구,2026-09-07,2026-09-21,"시급 12,000 원 이상 ~ 12,000 원 이하",경력 1년,학력무관,https://www.work24.go.kr/wk/a/b/1500/empDetailAuthView.do?wantedAuthNo=K131132609070022&infoTypeCd=VALIDATION&infoTypeGroup=tb_workinfoworknet,http://www.work.go.kr/empInfo/empInfoSrch/detail/empDetailAuthView.do?callPage=detail&wantedAuthNo=K131132609070022,https://www.work24.go.kr/wk/a/b/1500/empDetailAuthView.do?wantedAuthNo=K131132609070022&infoTypeCd=VALIDATION&infoTypeGroup=tb_workinfoworknet,NOT_REQUESTED,,,,,,,,,,,,,,,,,,,,,,,,,,,,,,,,
work24_5gu_20260919_2138,2026-09-19T12:38:57+00:00,K131132609070020,기계,MAPPED,A,29223,금속 절삭기계 제조업,영창이엔지주식회사,제조분야 생산관리 팀장급 모집,경남 창원시 의창구,의창구,2026-09-07,2026-09-21,"연봉 4,500 만원 이상 ~ 5,000 만원 이하",경력 5년,학력무관,https://www.work24.go.kr/wk/a/b/1500/empDetailAuthView.do?wantedAuthNo=K131132609070020&infoTypeCd=VALIDATION&infoTypeGroup=tb_workinfoworknet,http://www.work.go.kr/empInfo/empInfoSrch/detail/empDetailAuthView.do?callPage=detail&wantedAuthNo=K131132609070020,https://www.work24.go.kr/wk/a/b/1500/empDetailAuthView.do?wantedAuthNo=K131132609070020&infoTypeCd=VALIDATION&infoTypeGroup=tb_workinfoworknet,NOT_REQUESTED,,,,,,,,,,,,,,,,,,,,,,,,,,,,,,,,
work24_5gu_20260919_2138,2026-09-19T12:38:57+00:00,K131132609070019,기계,MAPPED,A,29223,금속 절삭기계 제조업,영창이엔지주식회사,생산기술 경력자 모집,경남 창원시 의창구,의창구,2026-09-07,2026-09-21,"연봉 5,000 만원 이상 ~ 5,500 만원 이하",경력 5년,학력무관,https://www.work24.go.kr/wk/a/b/1500/empDetailAuthView.do?wantedAuthNo=K131132609070019&infoTypeCd=VALIDATION&infoTypeGroup=tb_workinfoworknet,http://www.work.go.kr/empInfo/empInfoSrch/detail/empDetailAuthView.do?callPage=detail&wantedAuthNo=K131132609070019,https://www.work24.go.kr/wk/a/b/1500/empDetailAuthView.do?wantedAuthNo=K131132609070019&infoTypeCd=VALIDATION&infoTypeGroup=tb_workinfoworknet,NOT_REQUESTED,,,,,,,,,,,,,,,,,,,,,,,,,,,,,,,,
work24_5gu_20260919_2138,2026-09-19T12:38:57+00:00,K131132609070018,기계,MAPPED,A,29241,건설 및 채광용 기계장비 제조업,(주)가현,생산 및 물류관리 대리~과장급 팀원 모집,경남 창원시 의창구,의창구,2026-09-07,2026-09-21,"연봉 3,400 만원 이상 ~ 3,600 만원 이하",경력 1년,학력무관,https://www.work24.go.kr/wk/a/b/1500/empDetailAuthView.do?wantedAuthNo=K131132609070018&infoTypeCd=VALIDATION&infoTypeGroup=tb_workinfoworknet,http://www.work.go.kr/empInfo/empInfoSrch/detail/empDetailAuthView.do?callPage=detail&wantedAuthNo=K131132609070018,https://www.work24.go.kr/wk/a/b/1500/empDetailAuthView.do?wantedAuthNo=K131132609070018&infoTypeCd=VALIDATION&infoTypeGroup=tb_workinfoworknet,NOT_REQUESTED,,,,,,,,,,,,,,,,,,,,,,,,,,,,,,,,
work24_5gu_20260919_2138,2026-09-19T12:38:57+00:00,K131132609070012,목재종이,MAPPED,C,18113,오프셋 인쇄업,지성정판,배송 운전원 & 인쇄 작업 지원,경남 창원시 성산구,성산구,2026-09-07,2026-09-22,"시급 10,500 원 이상",신입,학력무관,https://www.work24.go.kr/wk/a/b/1500/empDetailAuthView.do?wantedAuthNo=K131132609070012&infoTypeCd=VALIDATION&infoTypeGroup=tb_workinfoworknet,http://www.work.go.kr/empInfo/empInfoSrch/detail/empDetailAuthView.do?callPage=detail&wantedAuthNo=K131132609070012,https://www.work24.go.kr/wk/a/b/1500/empDetailAuthView.do?wantedAuthNo=K131132609070012&infoTypeCd=VALIDATION&infoTypeGroup=tb_workinfoworknet,NOT_REQUESTED,,,,,,,,,,,,,,,,,,,,,,,,,,,,,,,,
work24_5gu_20260919_2138,2026-09-19T12:38:57+00:00,K131132609070004,기계,MAPPED,C,25924,절삭가공 및 유사처리업,혜송산업,NC선반 조작원 모집 (신입 및 경력자),경남 창원시 의창구,의창구,2026-09-07,2026-09-21,"시급 10,320 원 이상",관계없음,학력무관,https://www.work24.go.kr/wk/a/b/1500/empDetailAuthView.do?wantedAuthNo=K131132609070004&infoTypeCd=VALIDATION&infoTypeGroup=tb_workinfoworknet,http://www.work.go.kr/empInfo/empInfoSrch/detail/empDetailAuthView.do?callPage=detail&wantedAuthNo=K131132609070004,https://www.work24.go.kr/wk/a/b/1500/empDetailAuthView.do?wantedAuthNo=K131132609070004&infoTypeCd=VALIDATION&infoTypeGroup=tb_workinfoworknet,NOT_REQUESTED,,,,,,,,,,,,,,,,,,,,,,,,,,,,,,,,
work24_5gu_20260919_2138,2026-09-19T12:38:57+00:00,K131132609040054,기계,MAPPED,C,25924,절삭가공 및 유사처리업,(주)선광테크윈,MCT오퍼레이터 유경험자 모집합니다.,경남 창원시 성산구,성산구,2026-09-04,2026-11-03,"연봉 3,500 만원 이상",경력 3년,학력무관,https://www.work24.go.kr/wk/a/b/1500/empDetailAuthView.do?wantedAuthNo=K131132609040054&infoTypeCd=VALIDATION&infoTypeGroup=tb_workinfoworknet,http://www.work.go.kr/empInfo/empInfoSrch/detail/empDetailAuthView.do?callPage=detail&wantedAuthNo=K131132609040054,https://www.work24.go.kr/wk/a/b/1500/empDetailAuthView.do?wantedAuthNo=K131132609040054&infoTypeCd=VALIDATION&infoTypeGroup=tb_workinfoworknet,NOT_REQUESTED,,,,,,,,,,,,,,,,,,,,,,,,,,,,,,,,
work24_5gu_20260919_2138,2026-09-19T12:38:57+00:00,K131132609040042,기계,MAPPED,A,29223,금속 절삭기계 제조업,(주)신한정기,납품원(정규직/경력자),경남 창원시 성산구,성산구,2026-09-04,2026-11-03,"시급 10,320 원 이상",경력 1년,학력무관,https://www.work24.go.kr/wk/a/b/1500/empDetailAuthView.do?wantedAuthNo=K131132609040042&infoTypeCd=VALIDATION&infoTypeGroup=tb_workinfoworknet,http://www.work.go.kr/empInfo/empInfoSrch/detail/empDetailAuthView.do?callPage=detail&wantedAuthNo=K131132609040042,https://www.work24.go.kr/wk/a/b/1500/empDetailAuthView.do?wantedAuthNo=K131132609040042&infoTypeCd=VALIDATION&infoTypeGroup=tb_workinfoworknet,NOT_REQUESTED,,,,,,,,,,,,,,,,,,,,,,,,,,,,,,,,
work24_5gu_20260919_2138,2026-09-19T12:38:57+00:00,K131132609040040,기계,MAPPED,A,29223,금속 절삭기계 제조업,(주)신한정기,공작기계 조립원,경남 창원시 성산구,성산구,2026-09-04,2026-11-03,"시급 10,320 원 이상",경력 2년,학력무관,https://www.work24.go.kr/wk/a/b/1500/empDetailAuthView.do?wantedAuthNo=K131132609040040&infoTypeCd=VALIDATION&infoTypeGroup=tb_workinfoworknet,http://www.work.go.kr/empInfo/empInfoSrch/detail/empDetailAuthView.do?callPage=detail&wantedAuthNo=K131132609040040,https://www.work24.go.kr/wk/a/b/1500/empDetailAuthView.do?wantedAuthNo=K131132609040040&infoTypeCd=VALIDATION&infoTypeGroup=tb_workinfoworknet,NOT_REQUESTED,,,,,,,,,,,,,,,,,,,,,,,,,,,,,,,,
work24_5gu_20260919_2138,2026-09-19T12:38:57+00:00,K131132609040023,기계,MAPPED,C,25922,도금업,주식회사 동진금속,도금/피막 생산 실무자를 모집합니다.,경남 창원시 성산구,성산구,2026-09-04,2026-11-03,"시급 10,320 원 이상",관계없음,학력무관,https://www.work24.go.kr/wk/a/b/1500/empDetailAuthView.do?wantedAuthNo=K131132609040023&infoTypeCd=VALIDATION&infoTypeGroup=tb_workinfoworknet,http://www.work.go.kr/empInfo/empInfoSrch/detail/empDetailAuthView.do?callPage=detail&wantedAuthNo=K131132609040023,https://www.work24.go.kr/wk/a/b/1500/empDetailAuthView.do?wantedAuthNo=K131132609040023&infoTypeCd=VALIDATION&infoTypeGroup=tb_workinfoworknet,NOT_REQUESTED,,,,,,,,,,,,,,,,,,,,,,,,,,,,,,,,
work24_5gu_20260919_2138,2026-09-19T12:38:57+00:00,K131132609040011,기계,MAPPED,A,29141,구름베어링 제조업,주식회사 도영,품질및생산관리,경남 창원시 의창구,의창구,2026-09-04,2026-09-21,"연봉 4,300 만원 이상",경력 3년,학력무관,https://www.work24.go.kr/wk/a/b/1500/empDetailAuthView.do?wantedAuthNo=K131132609040011&infoTypeCd=VALIDATION&infoTypeGroup=tb_workinfoworknet,http://www.work.go.kr/empInfo/empInfoSrch/detail/empDetailAuthView.do?callPage=detail&wantedAuthNo=K131132609040011,https://www.work24.go.kr/wk/a/b/1500/empDetailAuthView.do?wantedAuthNo=K131132609040011&infoTypeCd=VALIDATION&infoTypeGroup=tb_workinfoworknet,NOT_REQUESTED,,,,,,,,,,,,,,,,,,,,,,,,,,,,,,,,
work24_5gu_20260919_2138,2026-09-19T12:38:57+00:00,K131132609040008,기계,MAPPED,C,25924,절삭가공 및 유사처리업,혜송산업,머시닝센터(MCT) 조작원 모집 (공장장 급),경남 창원시 의창구,의창구,2026-09-04,2026-09-20,"연봉 6,000 만원 이상 ~ 7,000 만원 이하",경력 10년,학력무관,https://www.work24.go.kr/wk/a/b/1500/empDetailAuthView.do?wantedAuthNo=K131132609040008&infoTypeCd=VALIDATION&infoTypeGroup=tb_workinfoworknet,http://www.work.go.kr/empInfo/empInfoSrch/detail/empDetailAuthView.do?callPage=detail&wantedAuthNo=K131132609040008,https://www.work24.go.kr/wk/a/b/1500/empDetailAuthView.do?wantedAuthNo=K131132609040008&infoTypeCd=VALIDATION&infoTypeGroup=tb_workinfoworknet,NOT_REQUESTED,,,,,,,,,,,,,,,,,,,,,,,,,,,,,,,,
work24_5gu_20260919_2138,2026-09-19T12:38:57+00:00,K131132609030066,기계,MAPPED,A,29293,주형 및 금형 제조업,일성테크,공작기계조립 채용 공고,경남 창원시 성산구,성산구,2026-09-03,2026-10-31,"연봉 4,000 만원 이상",관계없음,고졸|대졸(2~3년),https://www.work24.go.kr/wk/a/b/1500/empDetailAuthView.do?wantedAuthNo=K131132609030066&infoTypeCd=VALIDATION&infoTypeGroup=tb_workinfoworknet,http://www.work.go.kr/empInfo/empInfoSrch/detail/empDetailAuthView.do?callPage=detail&wantedAuthNo=K131132609030066,https://www.work24.go.kr/wk/a/b/1500/empDetailAuthView.do?wantedAuthNo=K131132609030066&infoTypeCd=VALIDATION&infoTypeGroup=tb_workinfoworknet,NOT_REQUESTED,,,,,,,,,,,,,,,,,,,,,,,,,,,,,,,,
work24_5gu_20260919_2138,2026-09-19T12:38:57+00:00,K131132609030062,기계,MAPPED,A,29223,금속 절삭기계 제조업,(주)카스윈(KASWIN),MCT 공작기계원 모집,경남 창원시 성산구,성산구,2026-09-03,2026-11-02,"시급 12,500 원 이상",관계없음,학력무관,https://www.work24.go.kr/wk/a/b/1500/empDetailAuthView.do?wantedAuthNo=K131132609030062&infoTypeCd=VALIDATION&infoTypeGroup=tb_workinfoworknet,http://www.work.go.kr/empInfo/empInfoSrch/detail/empDetailAuthView.do?callPage=detail&wantedAuthNo=K131132609030062,https://www.work24.go.kr/wk/a/b/1500/empDetailAuthView.do?wantedAuthNo=K131132609030062&infoTypeCd=VALIDATION&infoTypeGroup=tb_workinfoworknet,NOT_REQUESTED,,,,,,,,,,,,,,,,,,,,,,,,,,,,,,,,
work24_5gu_20260919_2138,2026-09-19T12:38:57+00:00,K131132609030057,기계,MAPPED,C,25113,육상 금속 골조 구조재 제조업,HSG중공업（주）,HSG중공업 생산기술부 경력 사원 모집 (조선/해양 설계),경남 창원시 성산구,성산구,2026-09-03,2026-11-02,"연봉 3,800 만원 이상",경력 2년,학력무관,https://www.work24.go.kr/wk/a/b/1500/empDetailAuthView.do?wantedAuthNo=K131132609030057&infoTypeCd=VALIDATION&infoTypeGroup=tb_workinfoworknet,http://www.work.go.kr/empInfo/empInfoSrch/detail/empDetailAuthView.do?callPage=detail&wantedAuthNo=K131132609030057,https://www.work24.go.kr/wk/a/b/1500/empDetailAuthView.do?wantedAuthNo=K131132609030057&infoTypeCd=VALIDATION&infoTypeGroup=tb_workinfoworknet,NOT_REQUESTED,,,,,,,,,,,,,,,,,,,,,,,,,,,,,,,,
work24_5gu_20260919_2138,2026-09-19T12:38:57+00:00,K131132609030054,기계,MAPPED,C,25924,절삭가공 및 유사처리업,정일기업,납품 및 영업원 모집,경남 창원시 성산구,성산구,2026-09-03,2026-11-02,월급 250 만원 이상 ~ 300 만원 이하,경력 2년,학력무관,https://www.work24.go.kr/wk/a/b/1500/empDetailAuthView.do?wantedAuthNo=K131132609030054&infoTypeCd=VALIDATION&infoTypeGroup=tb_workinfoworknet,http://www.work.go.kr/empInfo/empInfoSrch/detail/empDetailAuthView.do?callPage=detail&wantedAuthNo=K131132609030054,https://www.work24.go.kr/wk/a/b/1500/empDetailAuthView.do?wantedAuthNo=K131132609030054&infoTypeCd=VALIDATION&infoTypeGroup=tb_workinfoworknet,NOT_REQUESTED,,,,,,,,,,,,,,,,,,,,,,,,,,,,,,,,
work24_5gu_20260919_2138,2026-09-19T12:38:57+00:00,K131132609030035,기계,MAPPED,C,25923,도장 및 기타 피막처리업,테크원,"방산 현장 품질관리 [도금,도장 경력자] 모집",경남 창원시 의창구,의창구,2026-09-03,2026-09-20,"시급 10,320 원 이상 ~ 10,320 원 이하",경력 1년,학력무관,https://www.work24.go.kr/wk/a/b/1500/empDetailAuthView.do?wantedAuthNo=K131132609030035&infoTypeCd=VALIDATION&infoTypeGroup=tb_workinfoworknet,http://www.work.go.kr/empInfo/empInfoSrch/detail/empDetailAuthView.do?callPage=detail&wantedAuthNo=K131132609030035,https://www.work24.go.kr/wk/a/b/1500/empDetailAuthView.do?wantedAuthNo=K131132609030035&infoTypeCd=VALIDATION&infoTypeGroup=tb_workinfoworknet,NOT_REQUESTED,,,,,,,,,,,,,,,,,,,,,,,,,,,,,,,,
work24_5gu_20260919_2138,2026-09-19T12:38:57+00:00,K131132609030029,기계,MAPPED,A,29210,농업 및 임업용 기계 제조업,(주)에스제이에이치,품질검사원 사원모집,경남 창원시 의창구,의창구,2026-09-03,2026-11-02,월급 300 만원 이상 ~ 330 만원 이하,경력 3년,학력무관,https://www.work24.go.kr/wk/a/b/1500/empDetailAuthView.do?wantedAuthNo=K131132609030029&infoTypeCd=VALIDATION&infoTypeGroup=tb_workinfoworknet,http://www.work.go.kr/empInfo/empInfoSrch/detail/empDetailAuthView.do?callPage=detail&wantedAuthNo=K131132609030029,https://www.work24.go.kr/wk/a/b/1500/empDetailAuthView.do?wantedAuthNo=K131132609030029&infoTypeCd=VALIDATION&infoTypeGroup=tb_workinfoworknet,NOT_REQUESTED,,,,,,,,,,,,,,,,,,,,,,,,,,,,,,,,
work24_5gu_20260919_2138,2026-09-19T12:38:57+00:00,K131132609030028,기계,MAPPED,A,29210,농업 및 임업용 기계 제조업,(주)에스제이에이치,품질 부서장 모집 _ 영어가능자 우대,경남 창원시 의창구,의창구,2026-09-03,2026-11-02,월급 400 만원 이상 ~ 450 만원 이하,경력 10년,학력무관,https://www.work24.go.kr/wk/a/b/1500/empDetailAuthView.do?wantedAuthNo=K131132609030028&infoTypeCd=VALIDATION&infoTypeGroup=tb_workinfoworknet,http://www.work.go.kr/empInfo/empInfoSrch/detail/empDetailAuthView.do?callPage=detail&wantedAuthNo=K131132609030028,https://www.work24.go.kr/wk/a/b/1500/empDetailAuthView.do?wantedAuthNo=K131132609030028&infoTypeCd=VALIDATION&infoTypeGroup=tb_workinfoworknet,NOT_REQUESTED,,,,,,,,,,,,,,,,,,,,,,,,,,,,,,,,
work24_5gu_20260919_2138,2026-09-19T12:38:57+00:00,K131132609020071,기계,MAPPED,C,25994,금속 표시판 제조업,제이에이치산업 주식회사,조립 보조공 및 조립원,경남 창원시 성산구,성산구,2026-09-02,2026-09-30,"시급 12,000 원 이상",신입,학력무관,https://www.work24.go.kr/wk/a/b/1500/empDetailAuthView.do?wantedAuthNo=K131132609020071&infoTypeCd=VALIDATION&infoTypeGroup=tb_workinfoworknet,http://www.work.go.kr/empInfo/empInfoSrch/detail/empDetailAuthView.do?callPage=detail&wantedAuthNo=K131132609020071,https://www.work24.go.kr/wk/a/b/1500/empDetailAuthView.do?wantedAuthNo=K131132609020071&infoTypeCd=VALIDATION&infoTypeGroup=tb_workinfoworknet,NOT_REQUESTED,,,,,,,,,,,,,,,,,,,,,,,,,,,,,,,,
work24_5gu_20260919_2138,2026-09-19T12:38:57+00:00,K131132609020054,기계,MAPPED,A,29199,그 외 기타 일반목적용 기계 제조업,신흥공업(주),생산직 사원모집(자격증 보유자),경남 창원시 성산구,성산구,2026-09-02,2026-09-21,월급 230 만원 이상,관계없음,학력무관,https://www.work24.go.kr/wk/a/b/1500/empDetailAuthView.do?wantedAuthNo=K131132609020054&infoTypeCd=VALIDATION&infoTypeGroup=tb_workinfoworknet,http://www.work.go.kr/empInfo/empInfoSrch/detail/empDetailAuthView.do?callPage=detail&wantedAuthNo=K131132609020054,https://www.work24.go.kr/wk/a/b/1500/empDetailAuthView.do?wantedAuthNo=K131132609020054&infoTypeCd=VALIDATION&infoTypeGroup=tb_workinfoworknet,NOT_REQUESTED,,,,,,,,,,,,,,,,,,,,,,,,,,,,,,,,
work24_5gu_20260919_2138,2026-09-19T12:38:57+00:00,K131132609020051,기계,MAPPED,C,25921,금속 열처리업,동연오토텍주식회사,동연오토텍㈜마천공장 생산팀 생산직 구인,경남 창원시 진해구,진해구,2026-09-02,2026-10-31,"시급 10,320 원 이상",관계없음,학력무관,https://www.work24.go.kr/wk/a/b/1500/empDetailAuthView.do?wantedAuthNo=K131132609020051&infoTypeCd=VALIDATION&infoTypeGroup=tb_workinfoworknet,http://www.work.go.kr/empInfo/empInfoSrch/detail/empDetailAuthView.do?callPage=detail&wantedAuthNo=K131132609020051,https://www.work24.go.kr/wk/a/b/1500/empDetailAuthView.do?wantedAuthNo=K131132609020051&infoTypeCd=VALIDATION&infoTypeGroup=tb_workinfoworknet,NOT_REQUESTED,,,,,,,,,,,,,,,,,,,,,,,,,,,,,,,,
work24_5gu_20260919_2138,2026-09-19T12:38:57+00:00,K131132609020044,기계,MAPPED,C,25924,절삭가공 및 유사처리업,（주）중앙유앤아이,용접원 정규직/경력직 모집,경남 창원시 의창구,의창구,2026-09-02,2026-11-01,"시급 12,000 원 이상 ~ 15,000 원 이하",경력 3년,학력무관,https://www.work24.go.kr/wk/a/b/1500/empDetailAuthView.do?wantedAuthNo=K131132609020044&infoTypeCd=VALIDATION&infoTypeGroup=tb_workinfoworknet,http://www.work.go.kr/empInfo/empInfoSrch/detail/empDetailAuthView.do?callPage=detail&wantedAuthNo=K131132609020044,https://www.work24.go.kr/wk/a/b/1500/empDetailAuthView.do?wantedAuthNo=K131132609020044&infoTypeCd=VALIDATION&infoTypeGroup=tb_workinfoworknet,NOT_REQUESTED,,,,,,,,,,,,,,,,,,,,,,,,,,,,,,,,
work24_5gu_20260919_2138,2026-09-19T12:38:57+00:00,K131132609020043,기계,MAPPED,C,25924,절삭가공 및 유사처리업,（주）중앙유앤아이,캐드 작업자 정규직 모집(견적업무 포함),경남 창원시 의창구,의창구,2026-09-02,2026-11-01,"연봉 4,800 만원 이상 ~ 5,100 만원 이하",관계없음,학력무관,https://www.work24.go.kr/wk/a/b/1500/empDetailAuthView.do?wantedAuthNo=K131132609020043&infoTypeCd=VALIDATION&infoTypeGroup=tb_workinfoworknet,http://www.work.go.kr/empInfo/empInfoSrch/detail/empDetailAuthView.do?callPage=detail&wantedAuthNo=K131132609020043,https://www.work24.go.kr/wk/a/b/1500/empDetailAuthView.do?wantedAuthNo=K131132609020043&infoTypeCd=VALIDATION&infoTypeGroup=tb_workinfoworknet,NOT_REQUESTED,,,,,,,,,,,,,,,,,,,,,,,,,,,,,,,,
work24_5gu_20260919_2138,2026-09-19T12:38:57+00:00,K131132609020029,기계,MAPPED,A,29223,금속 절삭기계 제조업,(주)신한정기,MCT 가공조작원(정규직/경력자),경남 창원시 성산구,성산구,2026-09-02,2026-11-01,"시급 10,320 원 이상",경력 1년,학력무관,https://www.work24.go.kr/wk/a/b/1500/empDetailAuthView.do?wantedAuthNo=K131132609020029&infoTypeCd=VALIDATION&infoTypeGroup=tb_workinfoworknet,http://www.work.go.kr/empInfo/empInfoSrch/detail/empDetailAuthView.do?callPage=detail&wantedAuthNo=K131132609020029,https://www.work24.go.kr/wk/a/b/1500/empDetailAuthView.do?wantedAuthNo=K131132609020029&infoTypeCd=VALIDATION&infoTypeGroup=tb_workinfoworknet,NOT_REQUESTED,,,,,,,,,,,,,,,,,,,,,,,,,,,,,,,,
work24_5gu_20260919_2138,2026-09-19T12:38:57+00:00,K131132609020016,기계,MAPPED,A,29223,금속 절삭기계 제조업,(주)에스제이엠,"품질관리(헥사곤 3차원 측정,프로그램 가능자) 구인",경남 창원시 성산구,성산구,2026-09-02,2026-10-31,"연봉 4,500 만원 이상 ~ 5,500 만원 이하",경력 5년,학력무관,https://www.work24.go.kr/wk/a/b/1500/empDetailAuthView.do?wantedAuthNo=K131132609020016&infoTypeCd=VALIDATION&infoTypeGroup=tb_workinfoworknet,http://www.work.go.kr/empInfo/empInfoSrch/detail/empDetailAuthView.do?callPage=detail&wantedAuthNo=K131132609020016,https://www.work24.go.kr/wk/a/b/1500/empDetailAuthView.do?wantedAuthNo=K131132609020016&infoTypeCd=VALIDATION&infoTypeGroup=tb_workinfoworknet,NOT_REQUESTED,,,,,,,,,,,,,,,,,,,,,,,,,,,,,,,,
work24_5gu_20260919_2138,2026-09-19T12:38:57+00:00,K131132609020015,기계,MAPPED,C,25922,도금업,성광엠티,반도체 검사용 부품 생산직을 모집합니다.,경남 창원시 의창구,의창구,2026-09-02,2026-10-31,"시급 11,000 원 이상 ~ 11,000 원 이하",관계없음,학력무관,https://www.work24.go.kr/wk/a/b/1500/empDetailAuthView.do?wantedAuthNo=K131132609020015&infoTypeCd=VALIDATION&infoTypeGroup=tb_workinfoworknet,http://www.work.go.kr/empInfo/empInfoSrch/detail/empDetailAuthView.do?callPage=detail&wantedAuthNo=K131132609020015,https://www.work24.go.kr/wk/a/b/1500/empDetailAuthView.do?wantedAuthNo=K131132609020015&infoTypeCd=VALIDATION&infoTypeGroup=tb_workinfoworknet,NOT_REQUESTED,,,,,,,,,,,,,,,,,,,,,,,,,,,,,,,,
work24_5gu_20260919_2138,2026-09-19T12:38:57+00:00,K131132609010053,기계,MAPPED,A,29293,주형 및 금형 제조업,명창정밀,품질관리(SQ) 사원 모집,경남 창원시 성산구,성산구,2026-09-01,2026-10-31,"시급 10,320 원 이상",신입,학력무관,https://www.work24.go.kr/wk/a/b/1500/empDetailAuthView.do?wantedAuthNo=K131132609010053&infoTypeCd=VALIDATION&infoTypeGroup=tb_workinfoworknet,http://www.work.go.kr/empInfo/empInfoSrch/detail/empDetailAuthView.do?callPage=detail&wantedAuthNo=K131132609010053,https://www.work24.go.kr/wk/a/b/1500/empDetailAuthView.do?wantedAuthNo=K131132609010053&infoTypeCd=VALIDATION&infoTypeGroup=tb_workinfoworknet,NOT_REQUESTED,,,,,,,,,,,,,,,,,,,,,,,,,,,,,,,,
work24_5gu_20260919_2138,2026-09-19T12:38:57+00:00,K131132609010052,기계,MAPPED,A,29293,주형 및 금형 제조업,명창정밀,품질관리(SQ) 경력자 모집,경남 창원시 성산구,성산구,2026-09-01,2026-10-31,"연봉 3,500 만원 이상",경력 1년,학력무관,https://www.work24.go.kr/wk/a/b/1500/empDetailAuthView.do?wantedAuthNo=K131132609010052&infoTypeCd=VALIDATION&infoTypeGroup=tb_workinfoworknet,http://www.work.go.kr/empInfo/empInfoSrch/detail/empDetailAuthView.do?callPage=detail&wantedAuthNo=K131132609010052,https://www.work24.go.kr/wk/a/b/1500/empDetailAuthView.do?wantedAuthNo=K131132609010052&infoTypeCd=VALIDATION&infoTypeGroup=tb_workinfoworknet,NOT_REQUESTED,,,,,,,,,,,,,,,,,,,,,,,,,,,,,,,,
work24_5gu_20260919_2138,2026-09-19T12:38:57+00:00,K131132609010051,기계,MAPPED,A,29142,기어 및 동력전달장치 제조업,주식회사동양기업,기계업종 경리업무 담당자 모집[인원충원],경남 창원시 의창구,의창구,2026-09-01,2026-09-30,"연봉 3,060 만원 이상 ~ 3,500 만원 이하",경력 3년,학력무관,https://www.work24.go.kr/wk/a/b/1500/empDetailAuthView.do?wantedAuthNo=K131132609010051&infoTypeCd=VALIDATION&infoTypeGroup=tb_workinfoworknet,http://www.work.go.kr/empInfo/empInfoSrch/detail/empDetailAuthView.do?callPage=detail&wantedAuthNo=K131132609010051,https://www.work24.go.kr/wk/a/b/1500/empDetailAuthView.do?wantedAuthNo=K131132609010051&infoTypeCd=VALIDATION&infoTypeGroup=tb_workinfoworknet,NOT_REQUESTED,,,,,,,,,,,,,,,,,,,,,,,,,,,,,,,,
work24_5gu_20260919_2138,2026-09-19T12:38:57+00:00,K131132609010049,기계,MAPPED,A,29241,건설 및 채광용 기계장비 제조업,주식회사코만,"조립부, 가공부 단순생산 [기간제 사원] 모집",경남 창원시 의창구,의창구,2026-09-01,2026-10-31,"시급 10,320 원 이상 ~ 10,320 원 이하",신입,학력무관,https://www.work24.go.kr/wk/a/b/1500/empDetailAuthView.do?wantedAuthNo=K131132609010049&infoTypeCd=VALIDATION&infoTypeGroup=tb_workinfoworknet,http://www.work.go.kr/empInfo/empInfoSrch/detail/empDetailAuthView.do?callPage=detail&wantedAuthNo=K131132609010049,https://www.work24.go.kr/wk/a/b/1500/empDetailAuthView.do?wantedAuthNo=K131132609010049&infoTypeCd=VALIDATION&infoTypeGroup=tb_workinfoworknet,NOT_REQUESTED,,,,,,,,,,,,,,,,,,,,,,,,,,,,,,,,
work24_5gu_20260919_2138,2026-09-19T12:38:57+00:00,K131132609010047,기계,MAPPED,A,29142,기어 및 동력전달장치 제조업,주식회사동양기업,기술영업직 모집,경남 창원시 의창구,의창구,2026-09-01,2026-09-30,"연봉 4,300 만원 이상 ~ 5,300 만원 이하",경력 5년,학력무관,https://www.work24.go.kr/wk/a/b/1500/empDetailAuthView.do?wantedAuthNo=K131132609010047&infoTypeCd=VALIDATION&infoTypeGroup=tb_workinfoworknet,http://www.work.go.kr/empInfo/empInfoSrch/detail/empDetailAuthView.do?callPage=detail&wantedAuthNo=K131132609010047,https://www.work24.go.kr/wk/a/b/1500/empDetailAuthView.do?wantedAuthNo=K131132609010047&infoTypeCd=VALIDATION&infoTypeGroup=tb_workinfoworknet,NOT_REQUESTED,,,,,,,,,,,,,,,,,,,,,,,,,,,,,,,,
work24_5gu_20260919_2138,2026-09-19T12:38:57+00:00,K131132609010040,기계,MAPPED,A,29293,주형 및 금형 제조업,주식회사신한,와이어컷팅 경력직 모집,경남 창원시 의창구,의창구,2026-09-01,2026-09-30,"연봉 4,500 만원 이상 ~ 5,000 만원 이하",경력 1년,학력무관,https://www.work24.go.kr/wk/a/b/1500/empDetailAuthView.do?wantedAuthNo=K131132609010040&infoTypeCd=VALIDATION&infoTypeGroup=tb_workinfoworknet,http://www.work.go.kr/empInfo/empInfoSrch/detail/empDetailAuthView.do?callPage=detail&wantedAuthNo=K131132609010040,https://www.work24.go.kr/wk/a/b/1500/empDetailAuthView.do?wantedAuthNo=K131132609010040&infoTypeCd=VALIDATION&infoTypeGroup=tb_workinfoworknet,NOT_REQUESTED,,,,,,,,,,,,,,,,,,,,,,,,,,,,,,,,
work24_5gu_20260919_2138,2026-09-19T12:38:57+00:00,K131132609010039,기계,MAPPED,A,29293,주형 및 금형 제조업,주식회사신한,프로파일 정규직 모집,경남 창원시 의창구,의창구,2026-09-01,2026-09-30,"시급 10,320 원 이상",관계없음,학력무관,https://www.work24.go.kr/wk/a/b/1500/empDetailAuthView.do?wantedAuthNo=K131132609010039&infoTypeCd=VALIDATION&infoTypeGroup=tb_workinfoworknet,http://www.work.go.kr/empInfo/empInfoSrch/detail/empDetailAuthView.do?callPage=detail&wantedAuthNo=K131132609010039,https://www.work24.go.kr/wk/a/b/1500/empDetailAuthView.do?wantedAuthNo=K131132609010039&infoTypeCd=VALIDATION&infoTypeGroup=tb_workinfoworknet,NOT_REQUESTED,,,,,,,,,,,,,,,,,,,,,,,,,,,,,,,,
work24_5gu_20260919_2138,2026-09-19T12:38:57+00:00,K131132609010038,기계,MAPPED,A,29293,주형 및 금형 제조업,주식회사신한,밀링 작업 정규직 모집,경남 창원시 의창구,의창구,2026-09-01,2026-09-30,"시급 10,320 원 이상",관계없음,학력무관,https://www.work24.go.kr/wk/a/b/1500/empDetailAuthView.do?wantedAuthNo=K131132609010038&infoTypeCd=VALIDATION&infoTypeGroup=tb_workinfoworknet,http://www.work.go.kr/empInfo/empInfoSrch/detail/empDetailAuthView.do?callPage=detail&wantedAuthNo=K131132609010038,https://www.work24.go.kr/wk/a/b/1500/empDetailAuthView.do?wantedAuthNo=K131132609010038&infoTypeCd=VALIDATION&infoTypeGroup=tb_workinfoworknet,NOT_REQUESTED,,,,,,,,,,,,,,,,,,,,,,,,,,,,,,,,
work24_5gu_20260919_2138,2026-09-19T12:38:57+00:00,K131132609010036,기계,MAPPED,A,29293,주형 및 금형 제조업,주식회사신한,슈퍼드릴 정규직 모집,경남 창원시 의창구,의창구,2026-09-01,2026-09-30,"시급 10,320 원 이상",신입,학력무관,https://www.work24.go.kr/wk/a/b/1500/empDetailAuthView.do?wantedAuthNo=K131132609010036&infoTypeCd=VALIDATION&infoTypeGroup=tb_workinfoworknet,http://www.work.go.kr/empInfo/empInfoSrch/detail/empDetailAuthView.do?callPage=detail&wantedAuthNo=K131132609010036,https://www.work24.go.kr/wk/a/b/1500/empDetailAuthView.do?wantedAuthNo=K131132609010036&infoTypeCd=VALIDATION&infoTypeGroup=tb_workinfoworknet,NOT_REQUESTED,,,,,,,,,,,,,,,,,,,,,,,,,,,,,,,,
work24_5gu_20260919_2138,2026-09-19T12:38:57+00:00,K131132609010019,목재종이,MAPPED,C,18119,기타 인쇄업,디지털코리아,"인쇄및 기계조작, 컴퓨터업무 직원구합니다",경남 창원시 성산구,성산구,2026-09-01,2026-10-31,"연봉 2,700 만원 이상",신입,학력무관,https://www.work24.go.kr/wk/a/b/1500/empDetailAuthView.do?wantedAuthNo=K131132609010019&infoTypeCd=VALIDATION&infoTypeGroup=tb_workinfoworknet,http://www.work.go.kr/empInfo/empInfoSrch/detail/empDetailAuthView.do?callPage=detail&wantedAuthNo=K131132609010019,https://www.work24.go.kr/wk/a/b/1500/empDetailAuthView.do?wantedAuthNo=K131132609010019&infoTypeCd=VALIDATION&infoTypeGroup=tb_workinfoworknet,NOT_REQUESTED,,,,,,,,,,,,,,,,,,,,,,,,,,,,,,,,
work24_5gu_20260919_2138,2026-09-19T12:38:57+00:00,K131132609010013,기계,MAPPED,C,25924,절삭가공 및 유사처리업,(유)티에스,MCT 가공 경력자 모집,경남 창원시 의창구,의창구,2026-09-01,2026-10-31,"시급 11,000 원 이상 ~ 13,000 원 이하",경력 1년,학력무관,https://www.work24.go.kr/wk/a/b/1500/empDetailAuthView.do?wantedAuthNo=K131132609010013&infoTypeCd=VALIDATION&infoTypeGroup=tb_workinfoworknet,http://www.work.go.kr/empInfo/empInfoSrch/detail/empDetailAuthView.do?callPage=detail&wantedAuthNo=K131132609010013,https://www.work24.go.kr/wk/a/b/1500/empDetailAuthView.do?wantedAuthNo=K131132609010013&infoTypeCd=VALIDATION&infoTypeGroup=tb_workinfoworknet,NOT_REQUESTED,,,,,,,,,,,,,,,,,,,,,,,,,,,,,,,,
work24_5gu_20260919_2138,2026-09-19T12:38:57+00:00,K131132609010007,기계,MAPPED,C,25924,절삭가공 및 유사처리업,성원코리아주식회사,NC 오퍼레이터 [경력무관] 채용,경남 창원시 의창구,의창구,2026-09-01,2026-09-30,"시급 10,320 원 이상 ~ 10,320 원 이하",관계없음,학력무관,https://www.work24.go.kr/wk/a/b/1500/empDetailAuthView.do?wantedAuthNo=K131132609010007&infoTypeCd=VALIDATION&infoTypeGroup=tb_workinfoworknet,http://www.work.go.kr/empInfo/empInfoSrch/detail/empDetailAuthView.do?callPage=detail&wantedAuthNo=K131132609010007,https://www.work24.go.kr/wk/a/b/1500/empDetailAuthView.do?wantedAuthNo=K131132609010007&infoTypeCd=VALIDATION&infoTypeGroup=tb_workinfoworknet,NOT_REQUESTED,,,,,,,,,,,,,,,,,,,,,,,,,,,,,,,,
work24_5gu_20260919_2138,2026-09-19T12:38:57+00:00,K131132609010002,기계,MAPPED,C,25924,절삭가공 및 유사처리업,미래엔지니어링 주식회사,토목분야(안전진단) 신입 및 경력 정규직 채용공고,경남 창원시 진해구,진해구,2026-09-01,2026-09-30,"연봉 3,000 만원 이상",관계없음,학력무관,https://www.work24.go.kr/wk/a/b/1500/empDetailAuthView.do?wantedAuthNo=K131132609010002&infoTypeCd=VALIDATION&infoTypeGroup=tb_workinfoworknet,http://www.work.go.kr/empInfo/empInfoSrch/detail/empDetailAuthView.do?callPage=detail&wantedAuthNo=K131132609010002,https://www.work24.go.kr/wk/a/b/1500/empDetailAuthView.do?wantedAuthNo=K131132609010002&infoTypeCd=VALIDATION&infoTypeGroup=tb_workinfoworknet,NOT_REQUESTED,,,,,,,,,,,,,,,,,,,,,,,,,,,,,,,,
work24_5gu_20260919_2138,2026-09-19T12:38:57+00:00,K131132609010001,기계,MAPPED,C,25921,금속 열처리업,주식회사대경열처리,품질관리 사원 모집,경남 창원시 성산구,성산구,2026-09-01,2026-09-30,"연봉 3,600 만원 이상",관계없음,고졸|대졸(2~3년)|대졸(4년),https://www.work24.go.kr/wk/a/b/1500/empDetailAuthView.do?wantedAuthNo=K131132609010001&infoTypeCd=VALIDATION&infoTypeGroup=tb_workinfoworknet,http://www.work.go.kr/empInfo/empInfoSrch/detail/empDetailAuthView.do?callPage=detail&wantedAuthNo=K131132609010001,https://www.work24.go.kr/wk/a/b/1500/empDetailAuthView.do?wantedAuthNo=K131132609010001&infoTypeCd=VALIDATION&infoTypeGroup=tb_workinfoworknet,NOT_REQUESTED,,,,,,,,,,,,,,,,,,,,,,,,,,,,,,,,
work24_5gu_20260919_2138,2026-09-19T12:38:57+00:00,K131132608310075,기계,MAPPED,C,25922,도금업,주식회사호성,생산직 사원모집,경남 창원시 성산구,성산구,2026-08-31,2026-10-30,월급 300 만원 이상 ~ 300 만원 이하,관계없음,학력무관,https://www.work24.go.kr/wk/a/b/1500/empDetailAuthView.do?wantedAuthNo=K131132608310075&infoTypeCd=VALIDATION&infoTypeGroup=tb_workinfoworknet,http://www.work.go.kr/empInfo/empInfoSrch/detail/empDetailAuthView.do?callPage=detail&wantedAuthNo=K131132608310075,https://www.work24.go.kr/wk/a/b/1500/empDetailAuthView.do?wantedAuthNo=K131132608310075&infoTypeCd=VALIDATION&infoTypeGroup=tb_workinfoworknet,NOT_REQUESTED,,,,,,,,,,,,,,,,,,,,,,,,,,,,,,,,
work24_5gu_20260919_2138,2026-09-19T12:38:57+00:00,K131132608310059,기계,MAPPED,C,25924,절삭가공 및 유사처리업,(주)하은,MCT 가공 현장 경력자 모집,경남 창원시 성산구,성산구,2026-08-31,2026-10-30,"시급 12,000 원 이상",경력 6개월,학력무관,https://www.work24.go.kr/wk/a/b/1500/empDetailAuthView.do?wantedAuthNo=K131132608310059&infoTypeCd=VALIDATION&infoTypeGroup=tb_workinfoworknet,http://www.work.go.kr/empInfo/empInfoSrch/detail/empDetailAuthView.do?callPage=detail&wantedAuthNo=K131132608310059,https://www.work24.go.kr/wk/a/b/1500/empDetailAuthView.do?wantedAuthNo=K131132608310059&infoTypeCd=VALIDATION&infoTypeGroup=tb_workinfoworknet,NOT_REQUESTED,,,,,,,,,,,,,,,,,,,,,,,,,,,,,,,,
work24_5gu_20260919_2138,2026-09-19T12:38:57+00:00,K131132608310048,목재종이,MAPPED,A,17212,골판지 상자 및 가공제품 제조업,(주) 서연팩,생산직 사원모집,경남 창원시 의창구,의창구,2026-08-31,2026-10-30,"연봉 2,900 만원 이상",신입,학력무관,https://www.work24.go.kr/wk/a/b/1500/empDetailAuthView.do?wantedAuthNo=K131132608310048&infoTypeCd=VALIDATION&infoTypeGroup=tb_workinfoworknet,http://www.work.go.kr/empInfo/empInfoSrch/detail/empDetailAuthView.do?callPage=detail&wantedAuthNo=K131132608310048,https://www.work24.go.kr/wk/a/b/1500/empDetailAuthView.do?wantedAuthNo=K131132608310048&infoTypeCd=VALIDATION&infoTypeGroup=tb_workinfoworknet,NOT_REQUESTED,,,,,,,,,,,,,,,,,,,,,,,,,,,,,,,,
work24_5gu_20260919_2138,2026-09-19T12:38:57+00:00,K131132608310044,기계,MAPPED,A,29120,유압기기 제조업,하이에스지,조립 및 사상원 모집,경남 창원시 성산구,성산구,2026-08-31,2026-10-30,"연봉 3,560 만원 이상",경력 3년,학력무관,https://www.work24.go.kr/wk/a/b/1500/empDetailAuthView.do?wantedAuthNo=K131132608310044&infoTypeCd=VALIDATION&infoTypeGroup=tb_workinfoworknet,http://www.work.go.kr/empInfo/empInfoSrch/detail/empDetailAuthView.do?callPage=detail&wantedAuthNo=K131132608310044,https://www.work24.go.kr/wk/a/b/1500/empDetailAuthView.do?wantedAuthNo=K131132608310044&infoTypeCd=VALIDATION&infoTypeGroup=tb_workinfoworknet,NOT_REQUESTED,,,,,,,,,,,,,,,,,,,,,,,,,,,,,,,,
work24_5gu_20260919_2138,2026-09-19T12:38:57+00:00,K131132608310041,기계,MAPPED,A,29229,기타 가공 공작기계 제조업,(주)엠제이테크,"용접, 취부, 사상 구인!~",경남 창원시 진해구,진해구,2026-08-31,2026-10-30,"시급 10,320 원 이상",관계없음,학력무관,https://www.work24.go.kr/wk/a/b/1500/empDetailAuthView.do?wantedAuthNo=K131132608310041&infoTypeCd=VALIDATION&infoTypeGroup=tb_workinfoworknet,http://www.work.go.kr/empInfo/empInfoSrch/detail/empDetailAuthView.do?callPage=detail&wantedAuthNo=K131132608310041,https://www.work24.go.kr/wk/a/b/1500/empDetailAuthView.do?wantedAuthNo=K131132608310041&infoTypeCd=VALIDATION&infoTypeGroup=tb_workinfoworknet,NOT_REQUESTED,,,,,,,,,,,,,,,,,,,,,,,,,,,,,,,,
work24_5gu_20260919_2138,2026-09-19T12:38:57+00:00,K131132608310025,기계,MAPPED,C,25924,절삭가공 및 유사처리업,기원정밀,원통 연마 작업자 모집,경남 창원시 의창구,의창구,2026-08-31,2026-10-30,월급 300 만원 이상 ~ 400 만원 이하,경력 2년,학력무관,https://www.work24.go.kr/wk/a/b/1500/empDetailAuthView.do?wantedAuthNo=K131132608310025&infoTypeCd=VALIDATION&infoTypeGroup=tb_workinfoworknet,http://www.work.go.kr/empInfo/empInfoSrch/detail/empDetailAuthView.do?callPage=detail&wantedAuthNo=K131132608310025,https://www.work24.go.kr/wk/a/b/1500/empDetailAuthView.do?wantedAuthNo=K131132608310025&infoTypeCd=VALIDATION&infoTypeGroup=tb_workinfoworknet,NOT_REQUESTED,,,,,,,,,,,,,,,,,,,,,,,,,,,,,,,,
work24_5gu_20260919_2138,2026-09-19T12:38:57+00:00,K131132608310003,기계,MAPPED,C,25111,"금속 문, 창, 셔터 및 관련제품 제조업",주식회사 디에스이아이,선박 용도 DOOR  생산관리 경력자 모집,경남 창원시 진해구,진해구,2026-08-31,2026-10-27,월급 275 만원 이상,경력 2년,학력무관,https://www.work24.go.kr/wk/a/b/1500/empDetailAuthView.do?wantedAuthNo=K131132608310003&infoTypeCd=VALIDATION&infoTypeGroup=tb_workinfoworknet,http://www.work.go.kr/empInfo/empInfoSrch/detail/empDetailAuthView.do?callPage=detail&wantedAuthNo=K131132608310003,https://www.work24.go.kr/wk/a/b/1500/empDetailAuthView.do?wantedAuthNo=K131132608310003&infoTypeCd=VALIDATION&infoTypeGroup=tb_workinfoworknet,NOT_REQUESTED,,,,,,,,,,,,,,,,,,,,,,,,,,,,,,,,
work24_5gu_20260919_2138,2026-09-19T12:38:57+00:00,K131132608310002,기계,MAPPED,C,25111,"금속 문, 창, 셔터 및 관련제품 제조업",주식회사 디에스이아이,조선 기자재 선실 DOOR 제작 설계 신입 & 경력자 모집,경남 창원시 진해구,진해구,2026-08-31,2026-10-27,월급 216 만원 이상,관계없음,학력무관,https://www.work24.go.kr/wk/a/b/1500/empDetailAuthView.do?wantedAuthNo=K131132608310002&infoTypeCd=VALIDATION&infoTypeGroup=tb_workinfoworknet,http://www.work.go.kr/empInfo/empInfoSrch/detail/empDetailAuthView.do?callPage=detail&wantedAuthNo=K131132608310002,https://www.work24.go.kr/wk/a/b/1500/empDetailAuthView.do?wantedAuthNo=K131132608310002&infoTypeCd=VALIDATION&infoTypeGroup=tb_workinfoworknet,NOT_REQUESTED,,,,,,,,,,,,,,,,,,,,,,,,,,,,,,,,
work24_5gu_20260919_2138,2026-09-19T12:38:57+00:00,K131132608280017,기계,MAPPED,A,29293,주형 및 금형 제조업,주식회사케이에스엘코리아,성형연삭 담당자 모집,경남 창원시 의창구,의창구,2026-08-28,2026-09-30,월급 300 만원 이상 ~ 400 만원 이하,경력 1년,학력무관,https://www.work24.go.kr/wk/a/b/1500/empDetailAuthView.do?wantedAuthNo=K131132608280017&infoTypeCd=VALIDATION&infoTypeGroup=tb_workinfoworknet,http://www.work.go.kr/empInfo/empInfoSrch/detail/empDetailAuthView.do?callPage=detail&wantedAuthNo=K131132608280017,https://www.work24.go.kr/wk/a/b/1500/empDetailAuthView.do?wantedAuthNo=K131132608280017&infoTypeCd=VALIDATION&infoTypeGroup=tb_workinfoworknet,NOT_REQUESTED,,,,,,,,,,,,,,,,,,,,,,,,,,,,,,,,
work24_5gu_20260919_2138,2026-09-19T12:38:57+00:00,K131132608280009,기계,MAPPED,C,25924,절삭가공 및 유사처리업,(주)티엠씨테크,자동차 부품 생산직 사원 모집,경남 창원시 성산구,성산구,2026-08-28,2026-10-27,"시급 10,320 원 이상",관계없음,학력무관,https://www.work24.go.kr/wk/a/b/1500/empDetailAuthView.do?wantedAuthNo=K131132608280009&infoTypeCd=VALIDATION&infoTypeGroup=tb_workinfoworknet,http://www.work.go.kr/empInfo/empInfoSrch/detail/empDetailAuthView.do?callPage=detail&wantedAuthNo=K131132608280009,https://www.work24.go.kr/wk/a/b/1500/empDetailAuthView.do?wantedAuthNo=K131132608280009&infoTypeCd=VALIDATION&infoTypeGroup=tb_workinfoworknet,NOT_REQUESTED,,,,,,,,,,,,,,,,,,,,,,,,,,,,,,,,
work24_5gu_20260919_2138,2026-09-19T12:38:57+00:00,K131132608280006,기계,MAPPED,C,25929,그 외 기타 금속가공업,주식회사 경일웰드텍,품질관리(공정/수입),경남 창원시 성산구,성산구,2026-08-28,2026-10-27,"시급 13,000 원 이상",신입,학력무관,https://www.work24.go.kr/wk/a/b/1500/empDetailAuthView.do?wantedAuthNo=K131132608280006&infoTypeCd=VALIDATION&infoTypeGroup=tb_workinfoworknet,http://www.work.go.kr/empInfo/empInfoSrch/detail/empDetailAuthView.do?callPage=detail&wantedAuthNo=K131132608280006,https://www.work24.go.kr/wk/a/b/1500/empDetailAuthView.do?wantedAuthNo=K131132608280006&infoTypeCd=VALIDATION&infoTypeGroup=tb_workinfoworknet,NOT_REQUESTED,,,,,,,,,,,,,,,,,,,,,,,,,,,,,,,,
work24_5gu_20260919_2138,2026-09-19T12:38:57+00:00,K131132608270051,기계,MAPPED,A,29293,주형 및 금형 제조업,광림테크,"성형연삭,평면연마 신규및 경력사원 모집",경남 창원시 의창구,의창구,2026-08-27,2026-10-26,"연봉 3,000 만원 이상 ~ 7,000 만원 이하",관계없음,학력무관,https://www.work24.go.kr/wk/a/b/1500/empDetailAuthView.do?wantedAuthNo=K131132608270051&infoTypeCd=VALIDATION&infoTypeGroup=tb_workinfoworknet,http://www.work.go.kr/empInfo/empInfoSrch/detail/empDetailAuthView.do?callPage=detail&wantedAuthNo=K131132608270051,https://www.work24.go.kr/wk/a/b/1500/empDetailAuthView.do?wantedAuthNo=K131132608270051&infoTypeCd=VALIDATION&infoTypeGroup=tb_workinfoworknet,NOT_REQUESTED,,,,,,,,,,,,,,,,,,,,,,,,,,,,,,,,
work24_5gu_20260919_2138,2026-09-19T12:38:57+00:00,K131132608270047,기계,MAPPED,A,29161,산업용 트럭 및 적재기 제조업,제이피코(주）,"현장직 배관공, 용접공( 단기계약, 계약종료 후 연장 검토)",경남 창원시 성산구,성산구,2026-08-27,2026-10-26,"일급 140,000 원 이상 ~ 200,000 원 이하",경력 3년,학력무관,https://www.work24.go.kr/wk/a/b/1500/empDetailAuthView.do?wantedAuthNo=K131132608270047&infoTypeCd=VALIDATION&infoTypeGroup=tb_workinfoworknet,http://www.work.go.kr/empInfo/empInfoSrch/detail/empDetailAuthView.do?callPage=detail&wantedAuthNo=K131132608270047,https://www.work24.go.kr/wk/a/b/1500/empDetailAuthView.do?wantedAuthNo=K131132608270047&infoTypeCd=VALIDATION&infoTypeGroup=tb_workinfoworknet,NOT_REQUESTED,,,,,,,,,,,,,,,,,,,,,,,,,,,,,,,,
work24_5gu_20260919_2138,2026-09-19T12:38:57+00:00,K131132608270044,기계,MAPPED,C,25924,절삭가공 및 유사처리업,나우텍주식회사,금형조립원 모집,경남 창원시 의창구,의창구,2026-08-27,2026-10-26,"연봉 4,500 만원 이상",경력 1년,학력무관,https://www.work24.go.kr/wk/a/b/1500/empDetailAuthView.do?wantedAuthNo=K131132608270044&infoTypeCd=VALIDATION&infoTypeGroup=tb_workinfoworknet,http://www.work.go.kr/empInfo/empInfoSrch/detail/empDetailAuthView.do?callPage=detail&wantedAuthNo=K131132608270044,https://www.work24.go.kr/wk/a/b/1500/empDetailAuthView.do?wantedAuthNo=K131132608270044&infoTypeCd=VALIDATION&infoTypeGroup=tb_workinfoworknet,NOT_REQUESTED,,,,,,,,,,,,,,,,,,,,,,,,,,,,,,,,
work24_5gu_20260919_2138,2026-09-19T12:38:57+00:00,K131132608270042,기계,MAPPED,C,25924,절삭가공 및 유사처리업,나우텍주식회사,금형개발보조원 모집,경남 창원시 의창구,의창구,2026-08-27,2026-10-26,"시급 10,320 원 이상",관계없음,학력무관,https://www.work24.go.kr/wk/a/b/1500/empDetailAuthView.do?wantedAuthNo=K131132608270042&infoTypeCd=VALIDATION&infoTypeGroup=tb_workinfoworknet,http://www.work.go.kr/empInfo/empInfoSrch/detail/empDetailAuthView.do?callPage=detail&wantedAuthNo=K131132608270042,https://www.work24.go.kr/wk/a/b/1500/empDetailAuthView.do?wantedAuthNo=K131132608270042&infoTypeCd=VALIDATION&infoTypeGroup=tb_workinfoworknet,NOT_REQUESTED,,,,,,,,,,,,,,,,,,,,,,,,,,,,,,,,
work24_5gu_20260919_2138,2026-09-19T12:38:57+00:00,K131132608270026,기계,MAPPED,A,29293,주형 및 금형 제조업,부성A-TECH,프로파일성형연삭,경남 창원시 의창구,의창구,2026-08-27,2026-10-26,"시급 10,320 원 이상 ~ 12,000 원 이하",관계없음,학력무관,https://www.work24.go.kr/wk/a/b/1500/empDetailAuthView.do?wantedAuthNo=K131132608270026&infoTypeCd=VALIDATION&infoTypeGroup=tb_workinfoworknet,http://www.work.go.kr/empInfo/empInfoSrch/detail/empDetailAuthView.do?callPage=detail&wantedAuthNo=K131132608270026,https://www.work24.go.kr/wk/a/b/1500/empDetailAuthView.do?wantedAuthNo=K131132608270026&infoTypeCd=VALIDATION&infoTypeGroup=tb_workinfoworknet,NOT_REQUESTED,,,,,,,,,,,,,,,,,,,,,,,,,,,,,,,,
work24_5gu_20260919_2138,2026-09-19T12:38:57+00:00,K131132608260079,기계,MAPPED,C,25912,금속 단조제품 제조업,(주)효림HF(HiForging),효림HF 열간단조 프레스원 현장직 채용,경남 창원시 성산구,성산구,2026-08-26,2026-09-23,월급 400 만원 이상,관계없음,학력무관,https://www.work24.go.kr/wk/a/b/1500/empDetailAuthView.do?wantedAuthNo=K131132608260079&infoTypeCd=VALIDATION&infoTypeGroup=tb_workinfoworknet,http://www.work.go.kr/empInfo/empInfoSrch/detail/empDetailAuthView.do?callPage=detail&wantedAuthNo=K131132608260079,https://www.work24.go.kr/wk/a/b/1500/empDetailAuthView.do?wantedAuthNo=K131132608260079&infoTypeCd=VALIDATION&infoTypeGroup=tb_workinfoworknet,NOT_REQUESTED,,,,,,,,,,,,,,,,,,,,,,,,,,,,,,,,
work24_5gu_20260919_2138,2026-09-19T12:38:57+00:00,K131132608260071,기계,MAPPED,C,25924,절삭가공 및 유사처리업,주식회사도경테크,(주)도경테크 수압검사원 모집,경남 창원시 진해구,진해구,2026-08-26,2026-10-25,월급 300 만원 이상,관계없음,학력무관,https://www.work24.go.kr/wk/a/b/1500/empDetailAuthView.do?wantedAuthNo=K131132608260071&infoTypeCd=VALIDATION&infoTypeGroup=tb_workinfoworknet,http://www.work.go.kr/empInfo/empInfoSrch/detail/empDetailAuthView.do?callPage=detail&wantedAuthNo=K131132608260071,https://www.work24.go.kr/wk/a/b/1500/empDetailAuthView.do?wantedAuthNo=K131132608260071&infoTypeCd=VALIDATION&infoTypeGroup=tb_workinfoworknet,NOT_REQUESTED,,,,,,,,,,,,,,,,,,,,,,,,,,,,,,,,
work24_5gu_20260919_2138,2026-09-19T12:38:57+00:00,K131132608260061,기계,MAPPED,C,25924,절삭가공 및 유사처리업,성원코리아주식회사,"품질(보증,QC)모집-경력자우대",경남 창원시 의창구,의창구,2026-08-26,2026-09-25,"연봉 4,000 만원 이상",경력 3년,학력무관,https://www.work24.go.kr/wk/a/b/1500/empDetailAuthView.do?wantedAuthNo=K131132608260061&infoTypeCd=VALIDATION&infoTypeGroup=tb_workinfoworknet,http://www.work.go.kr/empInfo/empInfoSrch/detail/empDetailAuthView.do?callPage=detail&wantedAuthNo=K131132608260061,https://www.work24.go.kr/wk/a/b/1500/empDetailAuthView.do?wantedAuthNo=K131132608260061&infoTypeCd=VALIDATION&infoTypeGroup=tb_workinfoworknet,NOT_REQUESTED,,,,,,,,,,,,,,,,,,,,,,,,,,,,,,,,
work24_5gu_20260919_2138,2026-09-19T12:38:57+00:00,K131132608260059,기계,MAPPED,C,25924,절삭가공 및 유사처리업,삼영정공(주),▩삼영정공(주)▩부설연구소 연구원(신입 or 경력)을 모십니다▩창원 신촌동▩,경남 창원시 성산구,성산구,2026-08-26,2026-10-25,"연봉 3,800 만원 이상",관계없음,학력무관,https://www.work24.go.kr/wk/a/b/1500/empDetailAuthView.do?wantedAuthNo=K131132608260059&infoTypeCd=VALIDATION&infoTypeGroup=tb_workinfoworknet,http://www.work.go.kr/empInfo/empInfoSrch/detail/empDetailAuthView.do?callPage=detail&wantedAuthNo=K131132608260059,https://www.work24.go.kr/wk/a/b/1500/empDetailAuthView.do?wantedAuthNo=K131132608260059&infoTypeCd=VALIDATION&infoTypeGroup=tb_workinfoworknet,NOT_REQUESTED,,,,,,,,,,,,,,,,,,,,,,,,,,,,,,,,
work24_5gu_20260919_2138,2026-09-19T12:38:57+00:00,K131132608260052,목재종이,MAPPED,C,18119,기타 인쇄업,주식회사마크,[주식회사마크] 시각디자이너를 모집합니다. (본사 상주근무 필수!),경남 창원시 성산구,성산구,2026-08-26,2026-10-25,월급 220 만원 이상,경력 1년,학력무관,https://www.work24.go.kr/wk/a/b/1500/empDetailAuthView.do?wantedAuthNo=K131132608260052&infoTypeCd=VALIDATION&infoTypeGroup=tb_workinfoworknet,http://www.work.go.kr/empInfo/empInfoSrch/detail/empDetailAuthView.do?callPage=detail&wantedAuthNo=K131132608260052,https://www.work24.go.kr/wk/a/b/1500/empDetailAuthView.do?wantedAuthNo=K131132608260052&infoTypeCd=VALIDATION&infoTypeGroup=tb_workinfoworknet,NOT_REQUESTED,,,,,,,,,,,,,,,,,,,,,,,,,,,,,,,,
work24_5gu_20260919_2138,2026-09-19T12:38:57+00:00,K131132608260007,기계,MAPPED,A,29271,반도체 제조용 기계 제조업,주식회사올니스,(주)올니스 CNC선반 조작원 모집,경남 창원시 의창구,의창구,2026-08-26,2026-10-24,"시급 10,320 원 이상 ~ 11,500 원 이하",경력 3년,학력무관,https://www.work24.go.kr/wk/a/b/1500/empDetailAuthView.do?wantedAuthNo=K131132608260007&infoTypeCd=VALIDATION&infoTypeGroup=tb_workinfoworknet,http://www.work.go.kr/empInfo/empInfoSrch/detail/empDetailAuthView.do?callPage=detail&wantedAuthNo=K131132608260007,https://www.work24.go.kr/wk/a/b/1500/empDetailAuthView.do?wantedAuthNo=K131132608260007&infoTypeCd=VALIDATION&infoTypeGroup=tb_workinfoworknet,NOT_REQUESTED,,,,,,,,,,,,,,,,,,,,,,,,,,,,,,,,
work24_5gu_20260919_2138,2026-09-19T12:38:57+00:00,K131132608250063,기계,MAPPED,C,25929,그 외 기타 금속가공업,(주)영신엔지니어링,가스 기술연구 사무직 사원모집,경남 창원시 성산구,성산구,2026-08-25,2026-09-30,"연봉 3,000 만원 이상",관계없음,학력무관,https://www.work24.go.kr/wk/a/b/1500/empDetailAuthView.do?wantedAuthNo=K131132608250063&infoTypeCd=VALIDATION&infoTypeGroup=tb_workinfoworknet,http://www.work.go.kr/empInfo/empInfoSrch/detail/empDetailAuthView.do?callPage=detail&wantedAuthNo=K131132608250063,https://www.work24.go.kr/wk/a/b/1500/empDetailAuthView.do?wantedAuthNo=K131132608250063&infoTypeCd=VALIDATION&infoTypeGroup=tb_workinfoworknet,NOT_REQUESTED,,,,,,,,,,,,,,,,,,,,,,,,,,,,,,,,
work24_5gu_20260919_2138,2026-09-19T12:38:57+00:00,K131132608250058,기계,MAPPED,C,25121,산업용 난방보일러 및 방열기 제조업,주식회사 이앤에스코리아,"기계설계, 캐드원 모집",경남 창원시 진해구,진해구,2026-08-25,2026-10-24,"연봉 2,800 만원 이상 ~ 5,000 만원 이하",관계없음,학력무관,https://www.work24.go.kr/wk/a/b/1500/empDetailAuthView.do?wantedAuthNo=K131132608250058&infoTypeCd=VALIDATION&infoTypeGroup=tb_workinfoworknet,http://www.work.go.kr/empInfo/empInfoSrch/detail/empDetailAuthView.do?callPage=detail&wantedAuthNo=K131132608250058,https://www.work24.go.kr/wk/a/b/1500/empDetailAuthView.do?wantedAuthNo=K131132608250058&infoTypeCd=VALIDATION&infoTypeGroup=tb_workinfoworknet,NOT_REQUESTED,,,,,,,,,,,,,,,,,,,,,,,,,,,,,,,,
work24_5gu_20260919_2138,2026-09-19T12:38:57+00:00,K131132608250044,기계,MAPPED,A,29293,주형 및 금형 제조업,동명테크,CNC/MCT 경력사원 모집,경남 창원시 성산구,성산구,2026-08-25,2026-10-24,월급 300 만원 이상 ~ 500 만원 이하,경력 3년,학력무관,https://www.work24.go.kr/wk/a/b/1500/empDetailAuthView.do?wantedAuthNo=K131132608250044&infoTypeCd=VALIDATION&infoTypeGroup=tb_workinfoworknet,http://www.work.go.kr/empInfo/empInfoSrch/detail/empDetailAuthView.do?callPage=detail&wantedAuthNo=K131132608250044,https://www.work24.go.kr/wk/a/b/1500/empDetailAuthView.do?wantedAuthNo=K131132608250044&infoTypeCd=VALIDATION&infoTypeGroup=tb_workinfoworknet,NOT_REQUESTED,,,,,,,,,,,,,,,,,,,,,,,,,,,,,,,,
work24_5gu_20260919_2138,2026-09-19T12:38:57+00:00,KEC0132608250005,기계,MAPPED,C,25113,육상 금속 골조 구조재 제조업,태광엠앤에스 주식회사,[2026년 경상남도 일자리 종합 박람회 직접 참여업체]레이저절단 기술영업직 채용공고,경남 창원시 성산구,성산구,2026-08-25,2026-09-24,"연봉 5,000 만원 이상 ~ 6,000 만원 이하",경력 10년,대졸(2~3년)|대졸(4년),https://www.work24.go.kr/wk/a/b/1500/empDetailAuthView.do?wantedAuthNo=KEC0132608250005&infoTypeCd=VALIDATION&infoTypeGroup=tb_workinfoworknet,http://www.work.go.kr/empInfo/empInfoSrch/detail/empDetailAuthView.do?callPage=detail&wantedAuthNo=KEC0132608250005,https://www.work24.go.kr/wk/a/b/1500/empDetailAuthView.do?wantedAuthNo=KEC0132608250005&infoTypeCd=VALIDATION&infoTypeGroup=tb_workinfoworknet,NOT_REQUESTED,,,,,,,,,,,,,,,,,,,,,,,,,,,,,,,,
work24_5gu_20260919_2138,2026-09-19T12:38:57+00:00,KF10532608240003,기계,MAPPED,C,25994,금속 표시판 제조업,벡터산업,생산 및 품질관리 사무원,경남 창원시 의창구,의창구,2026-08-24,2026-10-23,월급 217 만원 이상,경력 2년,학력무관,https://www.work24.go.kr/wk/a/b/1500/empDetailAuthView.do?wantedAuthNo=KF10532608240003&infoTypeCd=VALIDATION&infoTypeGroup=tb_workinfoworknet,http://www.work.go.kr/empInfo/empInfoSrch/detail/empDetailAuthView.do?callPage=detail&wantedAuthNo=KF10532608240003,https://www.work24.go.kr/wk/a/b/1500/empDetailAuthView.do?wantedAuthNo=KF10532608240003&infoTypeCd=VALIDATION&infoTypeGroup=tb_workinfoworknet,NOT_REQUESTED,,,,,,,,,,,,,,,,,,,,,,,,,,,,,,,,
work24_5gu_20260919_2138,2026-09-19T12:38:57+00:00,K131132608240060,기계,MAPPED,A,29120,유압기기 제조업,재성테크,CNC 선반 경력자 모집,경남 창원시 의창구,의창구,2026-08-24,2026-10-23,"연봉 4,000 만원 이상 ~ 5,000 만원 이하",경력 5년,학력무관,https://www.work24.go.kr/wk/a/b/1500/empDetailAuthView.do?wantedAuthNo=K131132608240060&infoTypeCd=VALIDATION&infoTypeGroup=tb_workinfoworknet,http://www.work.go.kr/empInfo/empInfoSrch/detail/empDetailAuthView.do?callPage=detail&wantedAuthNo=K131132608240060,https://www.work24.go.kr/wk/a/b/1500/empDetailAuthView.do?wantedAuthNo=K131132608240060&infoTypeCd=VALIDATION&infoTypeGroup=tb_workinfoworknet,NOT_REQUESTED,,,,,,,,,,,,,,,,,,,,,,,,,,,,,,,,
work24_5gu_20260919_2138,2026-09-19T12:38:57+00:00,K131132608240045,기계,MAPPED,A,29293,주형 및 금형 제조업,부성A-TECH,성형 연삭 가공 /프로파일 성형 연삭,경남 창원시 의창구,의창구,2026-08-24,2026-10-23,"시급 10,320 원 이상 ~ 12,000 원 이하",관계없음,학력무관,https://www.work24.go.kr/wk/a/b/1500/empDetailAuthView.do?wantedAuthNo=K131132608240045&infoTypeCd=VALIDATION&infoTypeGroup=tb_workinfoworknet,http://www.work.go.kr/empInfo/empInfoSrch/detail/empDetailAuthView.do?callPage=detail&wantedAuthNo=K131132608240045,https://www.work24.go.kr/wk/a/b/1500/empDetailAuthView.do?wantedAuthNo=K131132608240045&infoTypeCd=VALIDATION&infoTypeGroup=tb_workinfoworknet,NOT_REQUESTED,,,,,,,,,,,,,,,,,,,,,,,,,,,,,,,,
work24_5gu_20260919_2138,2026-09-19T12:38:57+00:00,K131132608240031,기계,MAPPED,A,29293,주형 및 금형 제조업,명창정밀,"금형설계사무직 경력, 보조직원모집합니다.",경남 창원시 성산구,성산구,2026-08-24,2026-09-30,"연봉 2,900 만원 이상",경력 1년,학력무관,https://www.work24.go.kr/wk/a/b/1500/empDetailAuthView.do?wantedAuthNo=K131132608240031&infoTypeCd=VALIDATION&infoTypeGroup=tb_workinfoworknet,http://www.work.go.kr/empInfo/empInfoSrch/detail/empDetailAuthView.do?callPage=detail&wantedAuthNo=K131132608240031,https://www.work24.go.kr/wk/a/b/1500/empDetailAuthView.do?wantedAuthNo=K131132608240031&infoTypeCd=VALIDATION&infoTypeGroup=tb_workinfoworknet,NOT_REQUESTED,,,,,,,,,,,,,,,,,,,,,,,,,,,,,,,,
work24_5gu_20260919_2138,2026-09-19T12:38:57+00:00,K131132608240030,기계,MAPPED,A,29293,주형 및 금형 제조업,명창정밀,방전가공원 경력자,경남 창원시 성산구,성산구,2026-08-24,2026-09-30,"연봉 4,000 만원 이상",경력 1년,학력무관,https://www.work24.go.kr/wk/a/b/1500/empDetailAuthView.do?wantedAuthNo=K131132608240030&infoTypeCd=VALIDATION&infoTypeGroup=tb_workinfoworknet,http://www.work.go.kr/empInfo/empInfoSrch/detail/empDetailAuthView.do?callPage=detail&wantedAuthNo=K131132608240030,https://www.work24.go.kr/wk/a/b/1500/empDetailAuthView.do?wantedAuthNo=K131132608240030&infoTypeCd=VALIDATION&infoTypeGroup=tb_workinfoworknet,NOT_REQUESTED,,,,,,,,,,,,,,,,,,,,,,,,,,,,,,,,
work24_5gu_20260919_2138,2026-09-19T12:38:57+00:00,K131132608240021,기계,MAPPED,C,25999,그 외 기타 분류 안된 금속 가공 제품 제조업,(주)대원정공,[모집] 방산 용접 인원 (MIG/CO2/TIG),경남 창원시 성산구,성산구,2026-08-24,2026-10-23,"연봉 3,800 만원 이상 ~ 5,500 만원 이하",경력 3년,학력무관,https://www.work24.go.kr/wk/a/b/1500/empDetailAuthView.do?wantedAuthNo=K131132608240021&infoTypeCd=VALIDATION&infoTypeGroup=tb_workinfoworknet,http://www.work.go.kr/empInfo/empInfoSrch/detail/empDetailAuthView.do?callPage=detail&wantedAuthNo=K131132608240021,https://www.work24.go.kr/wk/a/b/1500/empDetailAuthView.do?wantedAuthNo=K131132608240021&infoTypeCd=VALIDATION&infoTypeGroup=tb_workinfoworknet,NOT_REQUESTED,,,,,,,,,,,,,,,,,,,,,,,,,,,,,,,,
work24_5gu_20260919_2138,2026-09-19T12:38:57+00:00,K131132608240019,기계,MAPPED,C,25924,절삭가공 및 유사처리업,(주)신승정밀,품질관리 검사원 모집 (방산/항공),경남 창원시 성산구,성산구,2026-08-24,2026-09-30,"연봉 3,560 만원 이상 ~ 4,500 만원 이하",경력 3년,학력무관,https://www.work24.go.kr/wk/a/b/1500/empDetailAuthView.do?wantedAuthNo=K131132608240019&infoTypeCd=VALIDATION&infoTypeGroup=tb_workinfoworknet,http://www.work.go.kr/empInfo/empInfoSrch/detail/empDetailAuthView.do?callPage=detail&wantedAuthNo=K131132608240019,https://www.work24.go.kr/wk/a/b/1500/empDetailAuthView.do?wantedAuthNo=K131132608240019&infoTypeCd=VALIDATION&infoTypeGroup=tb_workinfoworknet,NOT_REQUESTED,,,,,,,,,,,,,,,,,,,,,,,,,,,,,,,,
work24_5gu_20260919_2138,2026-09-19T12:38:57+00:00,K131132608240013,기계,MAPPED,C,25999,그 외 기타 분류 안된 금속 가공 제품 제조업,주식회사 탑엔지니어링,철근콘크리트 건설현장(공무보조or 안전서류 )담당자 모집합니다(경남창원),경남 창원시 의창구,의창구,2026-08-24,2026-10-23,월급 300 만원 이상 ~ 400 만원 이하,경력 1년,학력무관,https://www.work24.go.kr/wk/a/b/1500/empDetailAuthView.do?wantedAuthNo=K131132608240013&infoTypeCd=VALIDATION&infoTypeGroup=tb_workinfoworknet,http://www.work.go.kr/empInfo/empInfoSrch/detail/empDetailAuthView.do?callPage=detail&wantedAuthNo=K131132608240013,https://www.work24.go.kr/wk/a/b/1500/empDetailAuthView.do?wantedAuthNo=K131132608240013&infoTypeCd=VALIDATION&infoTypeGroup=tb_workinfoworknet,NOT_REQUESTED,,,,,,,,,,,,,,,,,,,,,,,,,,,,,,,,
work24_5gu_20260919_2138,2026-09-19T12:38:57+00:00,K131132608240005,기계,MAPPED,A,29241,건설 및 채광용 기계장비 제조업,주식회사 안국,㈜ 안국,경남 창원시 의창구,의창구,2026-08-24,2026-10-18,"시급 10,320 원 이상 ~ 10,320 원 이하",관계없음,학력무관,https://www.work24.go.kr/wk/a/b/1500/empDetailAuthView.do?wantedAuthNo=K131132608240005&infoTypeCd=VALIDATION&infoTypeGroup=tb_workinfoworknet,http://www.work.go.kr/empInfo/empInfoSrch/detail/empDetailAuthView.do?callPage=detail&wantedAuthNo=K131132608240005,https://www.work24.go.kr/wk/a/b/1500/empDetailAuthView.do?wantedAuthNo=K131132608240005&infoTypeCd=VALIDATION&infoTypeGroup=tb_workinfoworknet,NOT_REQUESTED,,,,,,,,,,,,,,,,,,,,,,,,,,,,,,,,
work24_5gu_20260919_2138,2026-09-19T12:38:57+00:00,K131132608210052,기계,MAPPED,A,29223,금속 절삭기계 제조업,（주）정일테크,공작기계 부품 조립 및 보조원,경남 창원시 의창구,의창구,2026-08-21,2026-10-20,"시급 10,320 원 이상",관계없음,학력무관,https://www.work24.go.kr/wk/a/b/1500/empDetailAuthView.do?wantedAuthNo=K131132608210052&infoTypeCd=VALIDATION&infoTypeGroup=tb_workinfoworknet,http://www.work.go.kr/empInfo/empInfoSrch/detail/empDetailAuthView.do?callPage=detail&wantedAuthNo=K131132608210052,https://www.work24.go.kr/wk/a/b/1500/empDetailAuthView.do?wantedAuthNo=K131132608210052&infoTypeCd=VALIDATION&infoTypeGroup=tb_workinfoworknet,NOT_REQUESTED,,,,,,,,,,,,,,,,,,,,,,,,,,,,,,,,
work24_5gu_20260919_2138,2026-09-19T12:38:57+00:00,K131132608210049,기계,MAPPED,C,25924,절삭가공 및 유사처리업,주식회사금정테크,평면연삭(연마) 기능공,경남 창원시 의창구,의창구,2026-08-21,2026-10-20,월급 350 만원 이상 ~ 350 만원 이하,경력 3년,학력무관,https://www.work24.go.kr/wk/a/b/1500/empDetailAuthView.do?wantedAuthNo=K131132608210049&infoTypeCd=VALIDATION&infoTypeGroup=tb_workinfoworknet,http://www.work.go.kr/empInfo/empInfoSrch/detail/empDetailAuthView.do?callPage=detail&wantedAuthNo=K131132608210049,https://www.work24.go.kr/wk/a/b/1500/empDetailAuthView.do?wantedAuthNo=K131132608210049&infoTypeCd=VALIDATION&infoTypeGroup=tb_workinfoworknet,NOT_REQUESTED,,,,,,,,,,,,,,,,,,,,,,,,,,,,,,,,
work24_5gu_20260919_2138,2026-09-19T12:38:57+00:00,K131132608210041,기계,MAPPED,C,25924,절삭가공 및 유사처리업,SSENG,CNC 선반원(경력) 모집,경남 창원시 성산구,성산구,2026-08-21,2026-09-25,월급 450 만원 이상,경력 5년,학력무관,https://www.work24.go.kr/wk/a/b/1500/empDetailAuthView.do?wantedAuthNo=K131132608210041&infoTypeCd=VALIDATION&infoTypeGroup=tb_workinfoworknet,http://www.work.go.kr/empInfo/empInfoSrch/detail/empDetailAuthView.do?callPage=detail&wantedAuthNo=K131132608210041,https://www.work24.go.kr/wk/a/b/1500/empDetailAuthView.do?wantedAuthNo=K131132608210041&infoTypeCd=VALIDATION&infoTypeGroup=tb_workinfoworknet,NOT_REQUESTED,,,,,,,,,,,,,,,,,,,,,,,,,,,,,,,,
work24_5gu_20260919_2138,2026-09-19T12:38:57+00:00,K131132608210012,기계,MAPPED,C,25924,절삭가공 및 유사처리업,주식회사 신화엠티,CNC선반 생산직 모집,경남 창원시 의창구,의창구,2026-08-21,2026-10-20,"시급 11,000 원 이상",관계없음,학력무관,https://www.work24.go.kr/wk/a/b/1500/empDetailAuthView.do?wantedAuthNo=K131132608210012&infoTypeCd=VALIDATION&infoTypeGroup=tb_workinfoworknet,http://www.work.go.kr/empInfo/empInfoSrch/detail/empDetailAuthView.do?callPage=detail&wantedAuthNo=K131132608210012,https://www.work24.go.kr/wk/a/b/1500/empDetailAuthView.do?wantedAuthNo=K131132608210012&infoTypeCd=VALIDATION&infoTypeGroup=tb_workinfoworknet,NOT_REQUESTED,,,,,,,,,,,,,,,,,,,,,,,,,,,,,,,,
work24_5gu_20260919_2138,2026-09-19T12:38:57+00:00,K131132608210008,기계,MAPPED,A,,공기 조화장치 제조업,삼성다이나에이치백 (주),삼성다이나에이치백(주) 경영지원부 경력직(과장급) 채용 공고,경남 창원시 성산구,성산구,2026-08-21,2026-10-20,월급 300 만원 이상 ~ 390 만원 이하,경력 2년,대졸(4년),https://www.work24.go.kr/wk/a/b/1500/empDetailAuthView.do?wantedAuthNo=K131132608210008&infoTypeCd=VALIDATION&infoTypeGroup=tb_workinfoworknet,http://www.work.go.kr/empInfo/empInfoSrch/detail/empDetailAuthView.do?callPage=detail&wantedAuthNo=K131132608210008,https://www.work24.go.kr/wk/a/b/1500/empDetailAuthView.do?wantedAuthNo=K131132608210008&infoTypeCd=VALIDATION&infoTypeGroup=tb_workinfoworknet,NOT_REQUESTED,,,,,,,,,,,,,,,,,,,,,,,,,,,,,,,,
work24_5gu_20260919_2138,2026-09-19T12:38:57+00:00,K131132608200045,기계,MAPPED,A,,공기 조화장치 제조업,（주）세복,세복 - 품질관리직 정규직 채용,경남 창원시 성산구,성산구,2026-08-20,2026-09-30,"연봉 4,500 만원 이상",경력 5년,학력무관,https://www.work24.go.kr/wk/a/b/1500/empDetailAuthView.do?wantedAuthNo=K131132608200045&infoTypeCd=VALIDATION&infoTypeGroup=tb_workinfoworknet,http://www.work.go.kr/empInfo/empInfoSrch/detail/empDetailAuthView.do?callPage=detail&wantedAuthNo=K131132608200045,https://www.work24.go.kr/wk/a/b/1500/empDetailAuthView.do?wantedAuthNo=K131132608200045&infoTypeCd=VALIDATION&infoTypeGroup=tb_workinfoworknet,NOT_REQUESTED,,,,,,,,,,,,,,,,,,,,,,,,,,,,,,,,
work24_5gu_20260919_2138,2026-09-19T12:38:57+00:00,K131132608200044,기계,MAPPED,C,25113,육상 금속 골조 구조재 제조업,HSG중공업（주）,HSG중공업[창원공장] 자재관리 정규직 채용 공고,경남 창원시 성산구,성산구,2026-08-20,2026-10-19,"연봉 3,900 만원 이상",신입,학력무관,https://www.work24.go.kr/wk/a/b/1500/empDetailAuthView.do?wantedAuthNo=K131132608200044&infoTypeCd=VALIDATION&infoTypeGroup=tb_workinfoworknet,http://www.work.go.kr/empInfo/empInfoSrch/detail/empDetailAuthView.do?callPage=detail&wantedAuthNo=K131132608200044,https://www.work24.go.kr/wk/a/b/1500/empDetailAuthView.do?wantedAuthNo=K131132608200044&infoTypeCd=VALIDATION&infoTypeGroup=tb_workinfoworknet,NOT_REQUESTED,,,,,,,,,,,,,,,,,,,,,,,,,,,,,,,,
work24_5gu_20260919_2138,2026-09-19T12:38:57+00:00,K131132608200041,기계,MAPPED,C,25924,절삭가공 및 유사처리업,세원기계,CNC선반 조작원,경남 창원시 성산구,성산구,2026-08-20,2026-10-19,"시급 10,320 원 이상",관계없음,학력무관,https://www.work24.go.kr/wk/a/b/1500/empDetailAuthView.do?wantedAuthNo=K131132608200041&infoTypeCd=VALIDATION&infoTypeGroup=tb_workinfoworknet,http://www.work.go.kr/empInfo/empInfoSrch/detail/empDetailAuthView.do?callPage=detail&wantedAuthNo=K131132608200041,https://www.work24.go.kr/wk/a/b/1500/empDetailAuthView.do?wantedAuthNo=K131132608200041&infoTypeCd=VALIDATION&infoTypeGroup=tb_workinfoworknet,NOT_REQUESTED,,,,,,,,,,,,,,,,,,,,,,,,,,,,,,,,
work24_5gu_20260919_2138,2026-09-19T12:38:57+00:00,KF10532608200001,기계,MAPPED,A,29141,구름베어링 제조업,(주)현진코리아,베어링 외관 검사자 모집,경남 창원시 의창구,의창구,2026-08-20,2026-10-19,"시급 10,320 원 이상",경력 1년,학력무관,https://www.work24.go.kr/wk/a/b/1500/empDetailAuthView.do?wantedAuthNo=KF10532608200001&infoTypeCd=VALIDATION&infoTypeGroup=tb_workinfoworknet,http://www.work.go.kr/empInfo/empInfoSrch/detail/empDetailAuthView.do?callPage=detail&wantedAuthNo=KF10532608200001,https://www.work24.go.kr/wk/a/b/1500/empDetailAuthView.do?wantedAuthNo=KF10532608200001&infoTypeCd=VALIDATION&infoTypeGroup=tb_workinfoworknet,NOT_REQUESTED,,,,,,,,,,,,,,,,,,,,,,,,,,,,,,,,
work24_5gu_20260919_2138,2026-09-19T12:38:57+00:00,K131132608200012,기계,MAPPED,C,25999,그 외 기타 분류 안된 금속 가공 제품 제조업,(주)케이알텍,용접사 직원채용(제관 및 용접-방산품 경력자 우대),경남 창원시 성산구,성산구,2026-08-20,2026-10-19,"시급 11,000 원 이상 ~ 18,000 원 이하",경력 3년,학력무관,https://www.work24.go.kr/wk/a/b/1500/empDetailAuthView.do?wantedAuthNo=K131132608200012&infoTypeCd=VALIDATION&infoTypeGroup=tb_workinfoworknet,http://www.work.go.kr/empInfo/empInfoSrch/detail/empDetailAuthView.do?callPage=detail&wantedAuthNo=K131132608200012,https://www.work24.go.kr/wk/a/b/1500/empDetailAuthView.do?wantedAuthNo=K131132608200012&infoTypeCd=VALIDATION&infoTypeGroup=tb_workinfoworknet,NOT_REQUESTED,,,,,,,,,,,,,,,,,,,,,,,,,,,,,,,,
work24_5gu_20260919_2138,2026-09-19T12:38:57+00:00,K131132608190060,기계,MAPPED,A,29141,구름베어링 제조업,(주)에스제이케이,"자동선반, CNC선반 생산직 모집",경남 창원시 의창구,의창구,2026-08-19,2026-10-18,"시급 10,320 원 이상",경력 1년,학력무관,https://www.work24.go.kr/wk/a/b/1500/empDetailAuthView.do?wantedAuthNo=K131132608190060&infoTypeCd=VALIDATION&infoTypeGroup=tb_workinfoworknet,http://www.work.go.kr/empInfo/empInfoSrch/detail/empDetailAuthView.do?callPage=detail&wantedAuthNo=K131132608190060,https://www.work24.go.kr/wk/a/b/1500/empDetailAuthView.do?wantedAuthNo=K131132608190060&infoTypeCd=VALIDATION&infoTypeGroup=tb_workinfoworknet,NOT_REQUESTED,,,,,,,,,,,,,,,,,,,,,,,,,,,,,,,,
work24_5gu_20260919_2138,2026-09-19T12:38:57+00:00,K131132608190057,기계,MAPPED,C,25921,금속 열처리업,주식회사효림산업,제조업 선박도장원 생산보조 신입 및 경력 모집,경남 창원시 성산구,성산구,2026-08-19,2026-10-18,"시급 10,320 원 이상",관계없음,학력무관,https://www.work24.go.kr/wk/a/b/1500/empDetailAuthView.do?wantedAuthNo=K131132608190057&infoTypeCd=VALIDATION&infoTypeGroup=tb_workinfoworknet,http://www.work.go.kr/empInfo/empInfoSrch/detail/empDetailAuthView.do?callPage=detail&wantedAuthNo=K131132608190057,https://www.work24.go.kr/wk/a/b/1500/empDetailAuthView.do?wantedAuthNo=K131132608190057&infoTypeCd=VALIDATION&infoTypeGroup=tb_workinfoworknet,NOT_REQUESTED,,,,,,,,,,,,,,,,,,,,,,,,,,,,,,,,
work24_5gu_20260919_2138,2026-09-19T12:38:57+00:00,K131132608190054,목재종이,MAPPED,A,16232,"목재 포장용 상자, 드럼 및 유사용기 제조업",주식회사 태광수출포장,"수출용 포장 목상자 제작, 포장 생산직 모집",경남 창원시 의창구,의창구,2026-08-19,2026-10-18,"시급 12,000 원 이상",경력 2년,학력무관,https://www.work24.go.kr/wk/a/b/1500/empDetailAuthView.do?wantedAuthNo=K131132608190054&infoTypeCd=VALIDATION&infoTypeGroup=tb_workinfoworknet,http://www.work.go.kr/empInfo/empInfoSrch/detail/empDetailAuthView.do?callPage=detail&wantedAuthNo=K131132608190054,https://www.work24.go.kr/wk/a/b/1500/empDetailAuthView.do?wantedAuthNo=K131132608190054&infoTypeCd=VALIDATION&infoTypeGroup=tb_workinfoworknet,NOT_REQUESTED,,,,,,,,,,,,,,,,,,,,,,,,,,,,,,,,
work24_5gu_20260919_2138,2026-09-19T12:38:57+00:00,K131132608190052,목재종이,MAPPED,A,16232,"목재 포장용 상자, 드럼 및 유사용기 제조업",주식회사 태광수출포장,제조업 사무직 관리업무,경남 창원시 의창구,의창구,2026-08-19,2026-10-18,월급 230 만원 이상,경력 1년,학력무관,https://www.work24.go.kr/wk/a/b/1500/empDetailAuthView.do?wantedAuthNo=K131132608190052&infoTypeCd=VALIDATION&infoTypeGroup=tb_workinfoworknet,http://www.work.go.kr/empInfo/empInfoSrch/detail/empDetailAuthView.do?callPage=detail&wantedAuthNo=K131132608190052,https://www.work24.go.kr/wk/a/b/1500/empDetailAuthView.do?wantedAuthNo=K131132608190052&infoTypeCd=VALIDATION&infoTypeGroup=tb_workinfoworknet,NOT_REQUESTED,,,,,,,,,,,,,,,,,,,,,,,,,,,,,,,,
work24_5gu_20260919_2138,2026-09-19T12:38:57+00:00,K131132608190051,기계,MAPPED,C,25924,절삭가공 및 유사처리업,정일기업,품질관리원 모집,경남 창원시 성산구,성산구,2026-08-19,2026-10-18,월급 250 만원 이상 ~ 300 만원 이하,경력 2년,학력무관,https://www.work24.go.kr/wk/a/b/1500/empDetailAuthView.do?wantedAuthNo=K131132608190051&infoTypeCd=VALIDATION&infoTypeGroup=tb_workinfoworknet,http://www.work.go.kr/empInfo/empInfoSrch/detail/empDetailAuthView.do?callPage=detail&wantedAuthNo=K131132608190051,https://www.work24.go.kr/wk/a/b/1500/empDetailAuthView.do?wantedAuthNo=K131132608190051&infoTypeCd=VALIDATION&infoTypeGroup=tb_workinfoworknet,NOT_REQUESTED,,,,,,,,,,,,,,,,,,,,,,,,,,,,,,,,
work24_5gu_20260919_2138,2026-09-19T12:38:57+00:00,K131132608190035,기계,MAPPED,C,25999,그 외 기타 분류 안된 금속 가공 제품 제조업,(주)케이알텍,자재관리 직원채용(방산업체 유경험자 우대),경남 창원시 성산구,성산구,2026-08-19,2026-10-18,"연봉 3,600 만원 이상",경력 3년,학력무관,https://www.work24.go.kr/wk/a/b/1500/empDetailAuthView.do?wantedAuthNo=K131132608190035&infoTypeCd=VALIDATION&infoTypeGroup=tb_workinfoworknet,http://www.work.go.kr/empInfo/empInfoSrch/detail/empDetailAuthView.do?callPage=detail&wantedAuthNo=K131132608190035,https://www.work24.go.kr/wk/a/b/1500/empDetailAuthView.do?wantedAuthNo=K131132608190035&infoTypeCd=VALIDATION&infoTypeGroup=tb_workinfoworknet,NOT_REQUESTED,,,,,,,,,,,,,,,,,,,,,,,,,,,,,,,,
work24_5gu_20260919_2138,2026-09-19T12:38:57+00:00,K131132608190023,기계,MAPPED,A,29223,금속 절삭기계 제조업,（주）정일테크,공작기계 자재·구매 관리,경남 창원시 의창구,의창구,2026-08-19,2026-10-18,월급 300 만원 이상 ~ 350 만원 이하,경력 2년,학력무관,https://www.work24.go.kr/wk/a/b/1500/empDetailAuthView.do?wantedAuthNo=K131132608190023&infoTypeCd=VALIDATION&infoTypeGroup=tb_workinfoworknet,http://www.work.go.kr/empInfo/empInfoSrch/detail/empDetailAuthView.do?callPage=detail&wantedAuthNo=K131132608190023,https://www.work24.go.kr/wk/a/b/1500/empDetailAuthView.do?wantedAuthNo=K131132608190023&infoTypeCd=VALIDATION&infoTypeGroup=tb_workinfoworknet,NOT_REQUESTED,,,,,,,,,,,,,,,,,,,,,,,,,,,,,,,,
work24_5gu_20260919_2138,2026-09-19T12:38:57+00:00,K131132608190012,기계,MAPPED,C,25922,도금업,삼우금속공업（주）,설비유지 관리 및 보수 인원 구인,경남 창원시 성산구,성산구,2026-08-19,2026-10-18,"시급 10,320 원 이상",관계없음,학력무관,https://www.work24.go.kr/wk/a/b/1500/empDetailAuthView.do?wantedAuthNo=K131132608190012&infoTypeCd=VALIDATION&infoTypeGroup=tb_workinfoworknet,http://www.work.go.kr/empInfo/empInfoSrch/detail/empDetailAuthView.do?callPage=detail&wantedAuthNo=K131132608190012,https://www.work24.go.kr/wk/a/b/1500/empDetailAuthView.do?wantedAuthNo=K131132608190012&infoTypeCd=VALIDATION&infoTypeGroup=tb_workinfoworknet,NOT_REQUESTED,,,,,,,,,,,,,,,,,,,,,,,,,,,,,,,,
work24_5gu_20260919_2138,2026-09-19T12:38:57+00:00,K131132608180102,기계,MAPPED,A,29293,주형 및 금형 제조업,성진테크,자동차(독일/벤츠) 차량부품 생산업체로  경력 및 견습공  을  모집 합니다. (청년일자리도약 가능),경남 창원시 성산구,성산구,2026-08-18,2026-10-17,"시급 10,320 원 이상 ~ 12,000 원 이하",관계없음,학력무관,https://www.work24.go.kr/wk/a/b/1500/empDetailAuthView.do?wantedAuthNo=K131132608180102&infoTypeCd=VALIDATION&infoTypeGroup=tb_workinfoworknet,http://www.work.go.kr/empInfo/empInfoSrch/detail/empDetailAuthView.do?callPage=detail&wantedAuthNo=K131132608180102,https://www.work24.go.kr/wk/a/b/1500/empDetailAuthView.do?wantedAuthNo=K131132608180102&infoTypeCd=VALIDATION&infoTypeGroup=tb_workinfoworknet,NOT_REQUESTED,,,,,,,,,,,,,,,,,,,,,,,,,,,,,,,,
work24_5gu_20260919_2138,2026-09-19T12:38:57+00:00,K131132608180098,기계,MAPPED,C,25924,절삭가공 및 유사처리업,금창테크,MCT 조작원 채용,경남 창원시 의창구,의창구,2026-08-18,2026-10-17,"연봉 3,600 만원 이상 ~ 4,000 만원 이하",경력 3년,학력무관,https://www.work24.go.kr/wk/a/b/1500/empDetailAuthView.do?wantedAuthNo=K131132608180098&infoTypeCd=VALIDATION&infoTypeGroup=tb_workinfoworknet,http://www.work.go.kr/empInfo/empInfoSrch/detail/empDetailAuthView.do?callPage=detail&wantedAuthNo=K131132608180098,https://www.work24.go.kr/wk/a/b/1500/empDetailAuthView.do?wantedAuthNo=K131132608180098&infoTypeCd=VALIDATION&infoTypeGroup=tb_workinfoworknet,NOT_REQUESTED,,,,,,,,,,,,,,,,,,,,,,,,,,,,,,,,
work24_5gu_20260919_2138,2026-09-19T12:38:57+00:00,K131132608180067,기계,MAPPED,A,29210,농업 및 임업용 기계 제조업,(주)진승테크,HD현대 마린엔진(내) 설비보전 및 시설관리 업무,경남 창원시 성산구,성산구,2026-08-18,2026-10-17,"연봉 3,500 만원 이상 ~ 5,000 만원 이하",경력 3년,학력무관,https://www.work24.go.kr/wk/a/b/1500/empDetailAuthView.do?wantedAuthNo=K131132608180067&infoTypeCd=VALIDATION&infoTypeGroup=tb_workinfoworknet,http://www.work.go.kr/empInfo/empInfoSrch/detail/empDetailAuthView.do?callPage=detail&wantedAuthNo=K131132608180067,https://www.work24.go.kr/wk/a/b/1500/empDetailAuthView.do?wantedAuthNo=K131132608180067&infoTypeCd=VALIDATION&infoTypeGroup=tb_workinfoworknet,NOT_REQUESTED,,,,,,,,,,,,,,,,,,,,,,,,,,,,,,,,
work24_5gu_20260919_2138,2026-09-19T12:38:57+00:00,K131132608180047,기계,MAPPED,A,29142,기어 및 동력전달장치 제조업,주식회사 유한이엔에스,기술연구소 경력 및 신입 인력 채용,경남 창원시 성산구,성산구,2026-08-18,2026-10-17,"연봉 3,000 만원 이상 ~ 4,000 만원 이하",관계없음,학력무관,https://www.work24.go.kr/wk/a/b/1500/empDetailAuthView.do?wantedAuthNo=K131132608180047&infoTypeCd=VALIDATION&infoTypeGroup=tb_workinfoworknet,http://www.work.go.kr/empInfo/empInfoSrch/detail/empDetailAuthView.do?callPage=detail&wantedAuthNo=K131132608180047,https://www.work24.go.kr/wk/a/b/1500/empDetailAuthView.do?wantedAuthNo=K131132608180047&infoTypeCd=VALIDATION&infoTypeGroup=tb_workinfoworknet,NOT_REQUESTED,,,,,,,,,,,,,,,,,,,,,,,,,,,,,,,,
work24_5gu_20260919_2138,2026-09-19T12:38:57+00:00,K131132608180046,기계,MAPPED,A,29142,기어 및 동력전달장치 제조업,주식회사 유한이엔에스,품질 생산팀 경력 및 신입 인원 충원,경남 창원시 성산구,성산구,2026-08-18,2026-10-17,"연봉 3,000 만원 이상 ~ 4,000 만원 이하",관계없음,학력무관,https://www.work24.go.kr/wk/a/b/1500/empDetailAuthView.do?wantedAuthNo=K131132608180046&infoTypeCd=VALIDATION&infoTypeGroup=tb_workinfoworknet,http://www.work.go.kr/empInfo/empInfoSrch/detail/empDetailAuthView.do?callPage=detail&wantedAuthNo=K131132608180046,https://www.work24.go.kr/wk/a/b/1500/empDetailAuthView.do?wantedAuthNo=K131132608180046&infoTypeCd=VALIDATION&infoTypeGroup=tb_workinfoworknet,NOT_REQUESTED,,,,,,,,,,,,,,,,,,,,,,,,,,,,,,,,
work24_5gu_20260919_2138,2026-09-19T12:38:57+00:00,K131132608180021,기계,MAPPED,A,29293,주형 및 금형 제조업,신흥연삭,연삭기 및 프로파일  작업자 구함,경남 창원시 의창구,의창구,2026-08-18,2026-10-17,"연봉 4,000 만원 이상 ~ 7,000 만원 이하",경력 1년,학력무관,https://www.work24.go.kr/wk/a/b/1500/empDetailAuthView.do?wantedAuthNo=K131132608180021&infoTypeCd=VALIDATION&infoTypeGroup=tb_workinfoworknet,http://www.work.go.kr/empInfo/empInfoSrch/detail/empDetailAuthView.do?callPage=detail&wantedAuthNo=K131132608180021,https://www.work24.go.kr/wk/a/b/1500/empDetailAuthView.do?wantedAuthNo=K131132608180021&infoTypeCd=VALIDATION&infoTypeGroup=tb_workinfoworknet,NOT_REQUESTED,,,,,,,,,,,,,,,,,,,,,,,,,,,,,,,,
work24_5gu_20260919_2138,2026-09-19T12:38:57+00:00,K131132608140050,기계,MAPPED,C,25924,절삭가공 및 유사처리업,강진산업주식회사,생산직 사원 모집,경남 창원시 성산구,성산구,2026-08-14,2026-10-13,월급 280 만원 이상 ~ 330 만원 이하,관계없음,학력무관,https://www.work24.go.kr/wk/a/b/1500/empDetailAuthView.do?wantedAuthNo=K131132608140050&infoTypeCd=VALIDATION&infoTypeGroup=tb_workinfoworknet,http://www.work.go.kr/empInfo/empInfoSrch/detail/empDetailAuthView.do?callPage=detail&wantedAuthNo=K131132608140050,https://www.work24.go.kr/wk/a/b/1500/empDetailAuthView.do?wantedAuthNo=K131132608140050&infoTypeCd=VALIDATION&infoTypeGroup=tb_workinfoworknet,NOT_REQUESTED,,,,,,,,,,,,,,,,,,,,,,,,,,,,,,,,
work24_5gu_20260919_2138,2026-09-19T12:38:57+00:00,K131132608140007,기계,MAPPED,A,29176,액체 여과기 제조업,주식회사 플라즈마홀딩스,"일반기계기사, 건설기계기사, 기계설계기사, 화공기사, 공업화학기사, 토목기사  모집합니다.",경남 창원시 성산구,성산구,2026-08-14,2026-10-12,"연봉 3,000 만원 이상",관계없음,학력무관,https://www.work24.go.kr/wk/a/b/1500/empDetailAuthView.do?wantedAuthNo=K131132608140007&infoTypeCd=VALIDATION&infoTypeGroup=tb_workinfoworknet,http://www.work.go.kr/empInfo/empInfoSrch/detail/empDetailAuthView.do?callPage=detail&wantedAuthNo=K131132608140007,https://www.work24.go.kr/wk/a/b/1500/empDetailAuthView.do?wantedAuthNo=K131132608140007&infoTypeCd=VALIDATION&infoTypeGroup=tb_workinfoworknet,NOT_REQUESTED,,,,,,,,,,,,,,,,,,,,,,,,,,,,,,,,
work24_5gu_20260919_2138,2026-09-19T12:38:57+00:00,K131132608140005,기계,MAPPED,C,25992,수동식 식품 가공기기 및 금속 주방용기 제조업,우진,프레스 오퍼레이터 모집,경남 창원시 의창구,의창구,2026-08-14,2026-10-12,"시급 10,320 원 이상 ~ 10,320 원 이하",관계없음,고졸|대졸(2~3년)|대졸(4년),https://www.work24.go.kr/wk/a/b/1500/empDetailAuthView.do?wantedAuthNo=K131132608140005&infoTypeCd=VALIDATION&infoTypeGroup=tb_workinfoworknet,http://www.work.go.kr/empInfo/empInfoSrch/detail/empDetailAuthView.do?callPage=detail&wantedAuthNo=K131132608140005,https://www.work24.go.kr/wk/a/b/1500/empDetailAuthView.do?wantedAuthNo=K131132608140005&infoTypeCd=VALIDATION&infoTypeGroup=tb_workinfoworknet,NOT_REQUESTED,,,,,,,,,,,,,,,,,,,,,,,,,,,,,,,,
work24_5gu_20260919_2138,2026-09-19T12:38:57+00:00,K131132608130058,기계,MAPPED,C,25924,절삭가공 및 유사처리업,에이피엠글로벌 주식회사,관리직 모집(신입/경력),경남 창원시 성산구,성산구,2026-08-13,2026-10-12,"연봉 3,551 만원 이상",관계없음,학력무관,https://www.work24.go.kr/wk/a/b/1500/empDetailAuthView.do?wantedAuthNo=K131132608130058&infoTypeCd=VALIDATION&infoTypeGroup=tb_workinfoworknet,http://www.work.go.kr/empInfo/empInfoSrch/detail/empDetailAuthView.do?callPage=detail&wantedAuthNo=K131132608130058,https://www.work24.go.kr/wk/a/b/1500/empDetailAuthView.do?wantedAuthNo=K131132608130058&infoTypeCd=VALIDATION&infoTypeGroup=tb_workinfoworknet,NOT_REQUESTED,,,,,,,,,,,,,,,,,,,,,,,,,,,,,,,,
work24_5gu_20260919_2138,2026-09-19T12:38:57+00:00,K131132608130038,기계,MAPPED,C,25912,금속 단조제품 제조업,(주)효림HF(HiForging),효림HF 설비보전팀 공무전기담당 채용,경남 창원시 성산구,성산구,2026-08-13,2026-10-12,"연봉 4,000 만원 이상",경력 2년,학력무관,https://www.work24.go.kr/wk/a/b/1500/empDetailAuthView.do?wantedAuthNo=K131132608130038&infoTypeCd=VALIDATION&infoTypeGroup=tb_workinfoworknet,http://www.work.go.kr/empInfo/empInfoSrch/detail/empDetailAuthView.do?callPage=detail&wantedAuthNo=K131132608130038,https://www.work24.go.kr/wk/a/b/1500/empDetailAuthView.do?wantedAuthNo=K131132608130038&infoTypeCd=VALIDATION&infoTypeGroup=tb_workinfoworknet,NOT_REQUESTED,,,,,,,,,,,,,,,,,,,,,,,,,,,,,,,,
work24_5gu_20260919_2138,2026-09-19T12:38:57+00:00,KF10532608130005,기계,MAPPED,A,29119,기타 기관 및 터빈 제조업,진영티비엑스주식회사,"(내동)사상, 포장원 모집",경남 창원시 성산구,성산구,2026-08-13,2026-10-12,"시급 10,320 원 이상 ~ 10,320 원 이하",관계없음,학력무관,https://www.work24.go.kr/wk/a/b/1500/empDetailAuthView.do?wantedAuthNo=KF10532608130005&infoTypeCd=VALIDATION&infoTypeGroup=tb_workinfoworknet,http://www.work.go.kr/empInfo/empInfoSrch/detail/empDetailAuthView.do?callPage=detail&wantedAuthNo=KF10532608130005,https://www.work24.go.kr/wk/a/b/1500/empDetailAuthView.do?wantedAuthNo=KF10532608130005&infoTypeCd=VALIDATION&infoTypeGroup=tb_workinfoworknet,NOT_REQUESTED,,,,,,,,,,,,,,,,,,,,,,,,,,,,,,,,
work24_5gu_20260919_2138,2026-09-19T12:38:57+00:00,K131132608130011,기계,MAPPED,A,29119,기타 기관 및 터빈 제조업,진영티비엑스주식회사,2026 MCT 가공 엔지니어 모집,경남 창원시 성산구,성산구,2026-08-13,2026-10-12,"시급 10,320 원 이상 ~ 15,000 원 이하",관계없음,학력무관,https://www.work24.go.kr/wk/a/b/1500/empDetailAuthView.do?wantedAuthNo=K131132608130011&infoTypeCd=VALIDATION&infoTypeGroup=tb_workinfoworknet,http://www.work.go.kr/empInfo/empInfoSrch/detail/empDetailAuthView.do?callPage=detail&wantedAuthNo=K131132608130011,https://www.work24.go.kr/wk/a/b/1500/empDetailAuthView.do?wantedAuthNo=K131132608130011&infoTypeCd=VALIDATION&infoTypeGroup=tb_workinfoworknet,NOT_REQUESTED,,,,,,,,,,,,,,,,,,,,,,,,,,,,,,,,
work24_5gu_20260919_2138,2026-09-19T12:38:57+00:00,K131132608120068,기계,MAPPED,C,25922,도금업,제이테크(JTech),CNC 자동선반 / 연삭기 조작원  모집,경남 창원시 성산구,성산구,2026-08-12,2026-10-11,"시급 10,600 원 이상 ~ 13,000 원 이하",관계없음,학력무관,https://www.work24.go.kr/wk/a/b/1500/empDetailAuthView.do?wantedAuthNo=K131132608120068&infoTypeCd=VALIDATION&infoTypeGroup=tb_workinfoworknet,http://www.work.go.kr/empInfo/empInfoSrch/detail/empDetailAuthView.do?callPage=detail&wantedAuthNo=K131132608120068,https://www.work24.go.kr/wk/a/b/1500/empDetailAuthView.do?wantedAuthNo=K131132608120068&infoTypeCd=VALIDATION&infoTypeGroup=tb_workinfoworknet,NOT_REQUESTED,,,,,,,,,,,,,,,,,,,,,,,,,,,,,,,,
work24_5gu_20260919_2138,2026-09-19T12:38:57+00:00,K131132608120065,기계,MAPPED,A,29223,금속 절삭기계 제조업,주식회사성오테크,생산관리부 책임자 구인,경남 창원시 성산구,성산구,2026-08-12,2026-10-11,"연봉 4,500 만원 이상",경력 3년,학력무관,https://www.work24.go.kr/wk/a/b/1500/empDetailAuthView.do?wantedAuthNo=K131132608120065&infoTypeCd=VALIDATION&infoTypeGroup=tb_workinfoworknet,http://www.work.go.kr/empInfo/empInfoSrch/detail/empDetailAuthView.do?callPage=detail&wantedAuthNo=K131132608120065,https://www.work24.go.kr/wk/a/b/1500/empDetailAuthView.do?wantedAuthNo=K131132608120065&infoTypeCd=VALIDATION&infoTypeGroup=tb_workinfoworknet,NOT_REQUESTED,,,,,,,,,,,,,,,,,,,,,,,,,,,,,,,,
work24_5gu_20260919_2138,2026-09-19T12:38:57+00:00,K131132608120056,기계,MAPPED,A,29223,금속 절삭기계 제조업,(주)화신정밀,전산관리 사무원,경남 창원시 성산구,성산구,2026-08-12,2026-10-11,"연봉 2,588 만원 이상",신입,학력무관,https://www.work24.go.kr/wk/a/b/1500/empDetailAuthView.do?wantedAuthNo=K131132608120056&infoTypeCd=VALIDATION&infoTypeGroup=tb_workinfoworknet,http://www.work.go.kr/empInfo/empInfoSrch/detail/empDetailAuthView.do?callPage=detail&wantedAuthNo=K131132608120056,https://www.work24.go.kr/wk/a/b/1500/empDetailAuthView.do?wantedAuthNo=K131132608120056&infoTypeCd=VALIDATION&infoTypeGroup=tb_workinfoworknet,NOT_REQUESTED,,,,,,,,,,,,,,,,,,,,,,,,,,,,,,,,
work24_5gu_20260919_2138,2026-09-19T12:38:57+00:00,K131132608120054,기계,MAPPED,A,29223,금속 절삭기계 제조업,(주)화신정밀,생산관리부 책임자 구인,경남 창원시 성산구,성산구,2026-08-12,2026-10-11,"연봉 4,500 만원 이상",경력 3년,학력무관,https://www.work24.go.kr/wk/a/b/1500/empDetailAuthView.do?wantedAuthNo=K131132608120054&infoTypeCd=VALIDATION&infoTypeGroup=tb_workinfoworknet,http://www.work.go.kr/empInfo/empInfoSrch/detail/empDetailAuthView.do?callPage=detail&wantedAuthNo=K131132608120054,https://www.work24.go.kr/wk/a/b/1500/empDetailAuthView.do?wantedAuthNo=K131132608120054&infoTypeCd=VALIDATION&infoTypeGroup=tb_workinfoworknet,NOT_REQUESTED,,,,,,,,,,,,,,,,,,,,,,,,,,,,,,,,
work24_5gu_20260919_2138,2026-09-19T12:38:57+00:00,K131132608120038,기계,MAPPED,C,25924,절삭가공 및 유사처리업,보성정밀,머시닝센터(MCT) 세팅  (cam 프로그램 가능자)  경력모집,경남 창원시 성산구,성산구,2026-08-12,2026-10-11,"시급 12,000 원 이상 ~ 13,000 원 이하",경력 4년,학력무관,https://www.work24.go.kr/wk/a/b/1500/empDetailAuthView.do?wantedAuthNo=K131132608120038&infoTypeCd=VALIDATION&infoTypeGroup=tb_workinfoworknet,http://www.work.go.kr/empInfo/empInfoSrch/detail/empDetailAuthView.do?callPage=detail&wantedAuthNo=K131132608120038,https://www.work24.go.kr/wk/a/b/1500/empDetailAuthView.do?wantedAuthNo=K131132608120038&infoTypeCd=VALIDATION&infoTypeGroup=tb_workinfoworknet,NOT_REQUESTED,,,,,,,,,,,,,,,,,,,,,,,,,,,,,,,,
work24_5gu_20260919_2138,2026-09-19T12:38:57+00:00,K131112608120007,기계,MAPPED,C,25113,육상 금속 골조 구조재 제조업,주식회사한진시스텍,품질관리,경남 창원시 의창구,의창구,2026-08-12,2026-10-09,"연봉 3,200 만원 이상 ~ 3,500 만원 이하",경력 5년,학력무관,https://www.work24.go.kr/wk/a/b/1500/empDetailAuthView.do?wantedAuthNo=K131112608120007&infoTypeCd=VALIDATION&infoTypeGroup=tb_workinfoworknet,http://www.work.go.kr/empInfo/empInfoSrch/detail/empDetailAuthView.do?callPage=detail&wantedAuthNo=K131112608120007,https://www.work24.go.kr/wk/a/b/1500/empDetailAuthView.do?wantedAuthNo=K131112608120007&infoTypeCd=VALIDATION&infoTypeGroup=tb_workinfoworknet,NOT_REQUESTED,,,,,,,,,,,,,,,,,,,,,,,,,,,,,,,,
work24_5gu_20260919_2138,2026-09-19T12:38:57+00:00,K131132608100103,기계,MAPPED,C,25924,절삭가공 및 유사처리업,보성정밀,사상원 모집합니다.,경남 창원시 성산구,성산구,2026-08-10,2026-10-09,"시급 10,320 원 이상 ~ 11,000 원 이하",경력 2년,학력무관,https://www.work24.go.kr/wk/a/b/1500/empDetailAuthView.do?wantedAuthNo=K131132608100103&infoTypeCd=VALIDATION&infoTypeGroup=tb_workinfoworknet,http://www.work.go.kr/empInfo/empInfoSrch/detail/empDetailAuthView.do?callPage=detail&wantedAuthNo=K131132608100103,https://www.work24.go.kr/wk/a/b/1500/empDetailAuthView.do?wantedAuthNo=K131132608100103&infoTypeCd=VALIDATION&infoTypeGroup=tb_workinfoworknet,NOT_REQUESTED,,,,,,,,,,,,,,,,,,,,,,,,,,,,,,,,
work24_5gu_20260919_2138,2026-09-19T12:38:57+00:00,K131132608100094,기계,MAPPED,A,,공기 조화장치 제조업,삼성다이나에이치백 (주),삼성다이나에이치백(주) 기술연구소 연구원 및 연구소장 채용,경남 창원시 성산구,성산구,2026-08-10,2026-10-09,월급 260 만원 이상,관계없음,대졸(4년),https://www.work24.go.kr/wk/a/b/1500/empDetailAuthView.do?wantedAuthNo=K131132608100094&infoTypeCd=VALIDATION&infoTypeGroup=tb_workinfoworknet,http://www.work.go.kr/empInfo/empInfoSrch/detail/empDetailAuthView.do?callPage=detail&wantedAuthNo=K131132608100094,https://www.work24.go.kr/wk/a/b/1500/empDetailAuthView.do?wantedAuthNo=K131132608100094&infoTypeCd=VALIDATION&infoTypeGroup=tb_workinfoworknet,NOT_REQUESTED,,,,,,,,,,,,,,,,,,,,,,,,,,,,,,,,
work24_5gu_20260919_2138,2026-09-19T12:38:57+00:00,K131132608100061,기계,MAPPED,A,29223,금속 절삭기계 제조업,창원기술정공,자재관리 및 구매/납품 운전원(1톤 수동) 계약직 채용합니다.,경남 창원시 성산구,성산구,2026-08-10,2026-10-09,월급 290 만원 이상 ~ 290 만원 이하,관계없음,학력무관,https://www.work24.go.kr/wk/a/b/1500/empDetailAuthView.do?wantedAuthNo=K131132608100061&infoTypeCd=VALIDATION&infoTypeGroup=tb_workinfoworknet,http://www.work.go.kr/empInfo/empInfoSrch/detail/empDetailAuthView.do?callPage=detail&wantedAuthNo=K131132608100061,https://www.work24.go.kr/wk/a/b/1500/empDetailAuthView.do?wantedAuthNo=K131132608100061&infoTypeCd=VALIDATION&infoTypeGroup=tb_workinfoworknet,NOT_REQUESTED,,,,,,,,,,,,,,,,,,,,,,,,,,,,,,,,
work24_5gu_20260919_2138,2026-09-19T12:38:57+00:00,K131132608100060,기계,MAPPED,A,29223,금속 절삭기계 제조업,창원기술정공,자재관리 및 납품 지원 계약직 채용합니다.,경남 창원시 성산구,성산구,2026-08-10,2026-10-09,월급 280 만원 이상 ~ 280 만원 이하,관계없음,학력무관,https://www.work24.go.kr/wk/a/b/1500/empDetailAuthView.do?wantedAuthNo=K131132608100060&infoTypeCd=VALIDATION&infoTypeGroup=tb_workinfoworknet,http://www.work.go.kr/empInfo/empInfoSrch/detail/empDetailAuthView.do?callPage=detail&wantedAuthNo=K131132608100060,https://www.work24.go.kr/wk/a/b/1500/empDetailAuthView.do?wantedAuthNo=K131132608100060&infoTypeCd=VALIDATION&infoTypeGroup=tb_workinfoworknet,NOT_REQUESTED,,,,,,,,,,,,,,,,,,,,,,,,,,,,,,,,
work24_5gu_20260919_2138,2026-09-19T12:38:57+00:00,K131132608070045,기계,MAPPED,A,29293,주형 및 금형 제조업,티지원,MCT경력자모집합니다,경남 창원시 성산구,성산구,2026-08-07,2026-10-06,"연봉 4,500 만원 이상 ~ 5,500 만원 이하",경력 5년,학력무관,https://www.work24.go.kr/wk/a/b/1500/empDetailAuthView.do?wantedAuthNo=K131132608070045&infoTypeCd=VALIDATION&infoTypeGroup=tb_workinfoworknet,http://www.work.go.kr/empInfo/empInfoSrch/detail/empDetailAuthView.do?callPage=detail&wantedAuthNo=K131132608070045,https://www.work24.go.kr/wk/a/b/1500/empDetailAuthView.do?wantedAuthNo=K131132608070045&infoTypeCd=VALIDATION&infoTypeGroup=tb_workinfoworknet,NOT_REQUESTED,,,,,,,,,,,,,,,,,,,,,,,,,,,,,,,,
work24_5gu_20260919_2138,2026-09-19T12:38:57+00:00,K131132608070026,기계,MAPPED,C,25913,자동차용 금속 압형제품 제조업,주식회사동경씨에스,실크 스크린 인쇄기사 모집,경남 창원시 성산구,성산구,2026-08-07,2026-10-06,"연봉 4,000 만원 이상",경력 5년,학력무관,https://www.work24.go.kr/wk/a/b/1500/empDetailAuthView.do?wantedAuthNo=K131132608070026&infoTypeCd=VALIDATION&infoTypeGroup=tb_workinfoworknet,http://www.work.go.kr/empInfo/empInfoSrch/detail/empDetailAuthView.do?callPage=detail&wantedAuthNo=K131132608070026,https://www.work24.go.kr/wk/a/b/1500/empDetailAuthView.do?wantedAuthNo=K131132608070026&infoTypeCd=VALIDATION&infoTypeGroup=tb_workinfoworknet,NOT_REQUESTED,,,,,,,,,,,,,,,,,,,,,,,,,,,,,,,,
work24_5gu_20260919_2138,2026-09-19T12:38:57+00:00,K131132608060041,기계,MAPPED,A,29293,주형 및 금형 제조업,(주)동구기업,동구기업 프레스 조작원 경력/신입사원 모집,경남 창원시 성산구,성산구,2026-08-06,2026-10-05,"시급 10,320 원 이상 ~ 11,000 원 이하",관계없음,학력무관,https://www.work24.go.kr/wk/a/b/1500/empDetailAuthView.do?wantedAuthNo=K131132608060041&infoTypeCd=VALIDATION&infoTypeGroup=tb_workinfoworknet,http://www.work.go.kr/empInfo/empInfoSrch/detail/empDetailAuthView.do?callPage=detail&wantedAuthNo=K131132608060041,https://www.work24.go.kr/wk/a/b/1500/empDetailAuthView.do?wantedAuthNo=K131132608060041&infoTypeCd=VALIDATION&infoTypeGroup=tb_workinfoworknet,NOT_REQUESTED,,,,,,,,,,,,,,,,,,,,,,,,,,,,,,,,
work24_5gu_20260919_2138,2026-09-19T12:38:57+00:00,K131132608060024,기계,MAPPED,A,29293,주형 및 금형 제조업,창조산업,MCT 가공 경력사원 모집,경남 창원시 성산구,성산구,2026-08-06,2026-10-05,"연봉 3,600 만원 이상 ~ 6,000 만원 이하",경력 5년,학력무관,https://www.work24.go.kr/wk/a/b/1500/empDetailAuthView.do?wantedAuthNo=K131132608060024&infoTypeCd=VALIDATION&infoTypeGroup=tb_workinfoworknet,http://www.work.go.kr/empInfo/empInfoSrch/detail/empDetailAuthView.do?callPage=detail&wantedAuthNo=K131132608060024,https://www.work24.go.kr/wk/a/b/1500/empDetailAuthView.do?wantedAuthNo=K131132608060024&infoTypeCd=VALIDATION&infoTypeGroup=tb_workinfoworknet,NOT_REQUESTED,,,,,,,,,,,,,,,,,,,,,,,,,,,,,,,,
work24_5gu_20260919_2138,2026-09-19T12:38:57+00:00,K131132608060010,기계,MAPPED,A,29221,전자 응용 절삭기계 제조업,씨에스레이저(CS LASER),절곡기 조작원 모집,경남 창원시 성산구,성산구,2026-08-06,2026-10-05,"시급 11,000 원 이상 ~ 12,000 원 이하",경력 1년,학력무관,https://www.work24.go.kr/wk/a/b/1500/empDetailAuthView.do?wantedAuthNo=K131132608060010&infoTypeCd=VALIDATION&infoTypeGroup=tb_workinfoworknet,http://www.work.go.kr/empInfo/empInfoSrch/detail/empDetailAuthView.do?callPage=detail&wantedAuthNo=K131132608060010,https://www.work24.go.kr/wk/a/b/1500/empDetailAuthView.do?wantedAuthNo=K131132608060010&infoTypeCd=VALIDATION&infoTypeGroup=tb_workinfoworknet,NOT_REQUESTED,,,,,,,,,,,,,,,,,,,,,,,,,,,,,,,,
work24_5gu_20260919_2138,2026-09-19T12:38:57+00:00,K131132608050047,기계,MAPPED,C,25121,산업용 난방보일러 및 방열기 제조업,주식회사 이앤에스코리아,제관사 모집,경남 창원시 진해구,진해구,2026-08-05,2026-10-04,월급 350 만원 이상,관계없음,학력무관,https://www.work24.go.kr/wk/a/b/1500/empDetailAuthView.do?wantedAuthNo=K131132608050047&infoTypeCd=VALIDATION&infoTypeGroup=tb_workinfoworknet,http://www.work.go.kr/empInfo/empInfoSrch/detail/empDetailAuthView.do?callPage=detail&wantedAuthNo=K131132608050047,https://www.work24.go.kr/wk/a/b/1500/empDetailAuthView.do?wantedAuthNo=K131132608050047&infoTypeCd=VALIDATION&infoTypeGroup=tb_workinfoworknet,NOT_REQUESTED,,,,,,,,,,,,,,,,,,,,,,,,,,,,,,,,
work24_5gu_20260919_2138,2026-09-19T12:38:57+00:00,K131132608050044,기계,MAPPED,C,25121,산업용 난방보일러 및 방열기 제조업,주식회사 이앤에스코리아,용접원 모집,경남 창원시 진해구,진해구,2026-08-05,2026-10-04,월급 350 만원 이상,관계없음,학력무관,https://www.work24.go.kr/wk/a/b/1500/empDetailAuthView.do?wantedAuthNo=K131132608050044&infoTypeCd=VALIDATION&infoTypeGroup=tb_workinfoworknet,http://www.work.go.kr/empInfo/empInfoSrch/detail/empDetailAuthView.do?callPage=detail&wantedAuthNo=K131132608050044,https://www.work24.go.kr/wk/a/b/1500/empDetailAuthView.do?wantedAuthNo=K131132608050044&infoTypeCd=VALIDATION&infoTypeGroup=tb_workinfoworknet,NOT_REQUESTED,,,,,,,,,,,,,,,,,,,,,,,,,,,,,,,,
work24_5gu_20260919_2138,2026-09-19T12:38:57+00:00,K131132608050042,기계,MAPPED,C,25924,절삭가공 및 유사처리업,보성정밀,생산지원(납품·포장·품질관리) 담당자 채용,경남 창원시 성산구,성산구,2026-08-05,2026-10-04,"시급 10,320 원 이상 ~ 11,000 원 이하",신입,학력무관,https://www.work24.go.kr/wk/a/b/1500/empDetailAuthView.do?wantedAuthNo=K131132608050042&infoTypeCd=VALIDATION&infoTypeGroup=tb_workinfoworknet,http://www.work.go.kr/empInfo/empInfoSrch/detail/empDetailAuthView.do?callPage=detail&wantedAuthNo=K131132608050042,https://www.work24.go.kr/wk/a/b/1500/empDetailAuthView.do?wantedAuthNo=K131132608050042&infoTypeCd=VALIDATION&infoTypeGroup=tb_workinfoworknet,NOT_REQUESTED,,,,,,,,,,,,,,,,,,,,,,,,,,,,,,,,
work24_5gu_20260919_2138,2026-09-19T12:38:57+00:00,K131132608040019,기계,MAPPED,A,29223,금속 절삭기계 제조업,진성기계,자동차부품 주조원 모집,경남 창원시 성산구,성산구,2026-08-04,2026-10-03,"일급 82,560 원 이상",관계없음,학력무관,https://www.work24.go.kr/wk/a/b/1500/empDetailAuthView.do?wantedAuthNo=K131132608040019&infoTypeCd=VALIDATION&infoTypeGroup=tb_workinfoworknet,http://www.work.go.kr/empInfo/empInfoSrch/detail/empDetailAuthView.do?callPage=detail&wantedAuthNo=K131132608040019,https://www.work24.go.kr/wk/a/b/1500/empDetailAuthView.do?wantedAuthNo=K131132608040019&infoTypeCd=VALIDATION&infoTypeGroup=tb_workinfoworknet,NOT_REQUESTED,,,,,,,,,,,,,,,,,,,,,,,,,,,,,,,,
work24_5gu_20260919_2138,2026-09-19T12:38:57+00:00,K131132608040010,기계,MAPPED,C,25999,그 외 기타 분류 안된 금속 가공 제품 제조업,(주)케이알텍,MCT 가공장비 운용 직원 채용,경남 창원시 성산구,성산구,2026-08-04,2026-10-03,"시급 15,000 원 이상 ~ 17,000 원 이하",경력 3년,학력무관,https://www.work24.go.kr/wk/a/b/1500/empDetailAuthView.do?wantedAuthNo=K131132608040010&infoTypeCd=VALIDATION&infoTypeGroup=tb_workinfoworknet,http://www.work.go.kr/empInfo/empInfoSrch/detail/empDetailAuthView.do?callPage=detail&wantedAuthNo=K131132608040010,https://www.work24.go.kr/wk/a/b/1500/empDetailAuthView.do?wantedAuthNo=K131132608040010&infoTypeCd=VALIDATION&infoTypeGroup=tb_workinfoworknet,NOT_REQUESTED,,,,,,,,,,,,,,,,,,,,,,,,,,,,,,,,
work24_5gu_20260919_2138,2026-09-19T12:38:57+00:00,K131132608030058,기계,MAPPED,A,29229,기타 가공 공작기계 제조업,주식회사 선진기술,자동화 시스템 기구부 설계자 모집,경남 창원시 의창구,의창구,2026-08-03,2026-10-02,"연봉 3,000 만원 이상 ~ 5,000 만원 이하",관계없음,학력무관,https://www.work24.go.kr/wk/a/b/1500/empDetailAuthView.do?wantedAuthNo=K131132608030058&infoTypeCd=VALIDATION&infoTypeGroup=tb_workinfoworknet,http://www.work.go.kr/empInfo/empInfoSrch/detail/empDetailAuthView.do?callPage=detail&wantedAuthNo=K131132608030058,https://www.work24.go.kr/wk/a/b/1500/empDetailAuthView.do?wantedAuthNo=K131132608030058&infoTypeCd=VALIDATION&infoTypeGroup=tb_workinfoworknet,NOT_REQUESTED,,,,,,,,,,,,,,,,,,,,,,,,,,,,,,,,
work24_5gu_20260919_2138,2026-09-19T12:38:57+00:00,K131132608030057,기계,MAPPED,A,29229,기타 가공 공작기계 제조업,주식회사 선진기술,"AMR로봇 센서 융합, 자율주행 프로그램 개발자",경남 창원시 의창구,의창구,2026-08-03,2026-10-02,"연봉 4,000 만원 이상 ~ 6,000 만원 이하",경력 3년,학력무관,https://www.work24.go.kr/wk/a/b/1500/empDetailAuthView.do?wantedAuthNo=K131132608030057&infoTypeCd=VALIDATION&infoTypeGroup=tb_workinfoworknet,http://www.work.go.kr/empInfo/empInfoSrch/detail/empDetailAuthView.do?callPage=detail&wantedAuthNo=K131132608030057,https://www.work24.go.kr/wk/a/b/1500/empDetailAuthView.do?wantedAuthNo=K131132608030057&infoTypeCd=VALIDATION&infoTypeGroup=tb_workinfoworknet,NOT_REQUESTED,,,,,,,,,,,,,,,,,,,,,,,,,,,,,,,,
work24_5gu_20260919_2138,2026-09-19T12:38:57+00:00,K131132608030034,기계,MAPPED,C,25999,그 외 기타 분류 안된 금속 가공 제품 제조업,(주)케이알텍,납품 및 공정관리 직원 채용(방산업체 유경험자 우대),경남 창원시 성산구,성산구,2026-08-03,2026-10-02,"연봉 3,600 만원 이상 ~ 3,800 만원 이하",관계없음,학력무관,https://www.work24.go.kr/wk/a/b/1500/empDetailAuthView.do?wantedAuthNo=K131132608030034&infoTypeCd=VALIDATION&infoTypeGroup=tb_workinfoworknet,http://www.work.go.kr/empInfo/empInfoSrch/detail/empDetailAuthView.do?callPage=detail&wantedAuthNo=K131132608030034,https://www.work24.go.kr/wk/a/b/1500/empDetailAuthView.do?wantedAuthNo=K131132608030034&infoTypeCd=VALIDATION&infoTypeGroup=tb_workinfoworknet,NOT_REQUESTED,,,,,,,,,,,,,,,,,,,,,,,,,,,,,,,,
work24_5gu_20260919_2138,2026-09-19T12:38:57+00:00,K131132607310033,기계,MAPPED,A,29141,구름베어링 제조업,주식회사 파인(PINE),자동차 베어링 생산 및 품질 관리원 모집,경남 창원시 성산구,성산구,2026-07-31,2026-09-29,월급 300 만원 이상 ~ 320 만원 이하,신입,학력무관,https://www.work24.go.kr/wk/a/b/1500/empDetailAuthView.do?wantedAuthNo=K131132607310033&infoTypeCd=VALIDATION&infoTypeGroup=tb_workinfoworknet,http://www.work.go.kr/empInfo/empInfoSrch/detail/empDetailAuthView.do?callPage=detail&wantedAuthNo=K131132607310033,https://www.work24.go.kr/wk/a/b/1500/empDetailAuthView.do?wantedAuthNo=K131132607310033&infoTypeCd=VALIDATION&infoTypeGroup=tb_workinfoworknet,NOT_REQUESTED,,,,,,,,,,,,,,,,,,,,,,,,,,,,,,,,
work24_5gu_20260919_2138,2026-09-19T12:38:57+00:00,K131132607300022,기계,MAPPED,C,25200,무기 및 총포탄 제조업,현대정밀기계주식회사,CNC자동선반 생산직,경남 창원시 의창구,의창구,2026-07-30,2026-09-29,"시급 10,320 원 이상",경력 2년,학력무관,https://www.work24.go.kr/wk/a/b/1500/empDetailAuthView.do?wantedAuthNo=K131132607300022&infoTypeCd=VALIDATION&infoTypeGroup=tb_workinfoworknet,http://www.work.go.kr/empInfo/empInfoSrch/detail/empDetailAuthView.do?callPage=detail&wantedAuthNo=K131132607300022,https://www.work24.go.kr/wk/a/b/1500/empDetailAuthView.do?wantedAuthNo=K131132607300022&infoTypeCd=VALIDATION&infoTypeGroup=tb_workinfoworknet,NOT_REQUESTED,,,,,,,,,,,,,,,,,,,,,,,,,,,,,,,,
work24_5gu_20260919_2138,2026-09-19T12:38:57+00:00,K131132607290018,목재종이,MAPPED,C,18111,경 인쇄업,(瞳暎)동영미디어,신사업 기획 및 마케팅 전략 수립을 책임질 비즈니스 홍보 전문가를 모집합니다.,경남 창원시 의창구,의창구,2026-07-29,2026-09-28,월급 220 만원 이상,관계없음,학력무관,https://www.work24.go.kr/wk/a/b/1500/empDetailAuthView.do?wantedAuthNo=K131132607290018&infoTypeCd=VALIDATION&infoTypeGroup=tb_workinfoworknet,http://www.work.go.kr/empInfo/empInfoSrch/detail/empDetailAuthView.do?callPage=detail&wantedAuthNo=K131132607290018,https://www.work24.go.kr/wk/a/b/1500/empDetailAuthView.do?wantedAuthNo=K131132607290018&infoTypeCd=VALIDATION&infoTypeGroup=tb_workinfoworknet,NOT_REQUESTED,,,,,,,,,,,,,,,,,,,,,,,,,,,,,,,,
work24_5gu_20260919_2138,2026-09-19T12:38:57+00:00,K131132607290017,목재종이,MAPPED,C,18111,경 인쇄업,(瞳暎)동영미디어,"[마케팅, 전시컨벤션] 끼가넘치는 인재를 모집합니다",경남 창원시 의창구,의창구,2026-07-29,2026-09-28,월급 220 만원 이상,관계없음,학력무관,https://www.work24.go.kr/wk/a/b/1500/empDetailAuthView.do?wantedAuthNo=K131132607290017&infoTypeCd=VALIDATION&infoTypeGroup=tb_workinfoworknet,http://www.work.go.kr/empInfo/empInfoSrch/detail/empDetailAuthView.do?callPage=detail&wantedAuthNo=K131132607290017,https://www.work24.go.kr/wk/a/b/1500/empDetailAuthView.do?wantedAuthNo=K131132607290017&infoTypeCd=VALIDATION&infoTypeGroup=tb_workinfoworknet,NOT_REQUESTED,,,,,,,,,,,,,,,,,,,,,,,,,,,,,,,,
work24_5gu_20260919_2138,2026-09-19T12:38:57+00:00,K131132607280015,기계,MAPPED,C,25130,핵반응기 및 증기보일러 제조업,주식회사 길상엔지니어링,(주)길상엔지니어링에서 열처리 기술자 (신입·경력)를 모집합니다,경남 창원시 성산구,성산구,2026-07-28,2026-09-27,"연봉 3,200 만원 이상",관계없음,학력무관,https://www.work24.go.kr/wk/a/b/1500/empDetailAuthView.do?wantedAuthNo=K131132607280015&infoTypeCd=VALIDATION&infoTypeGroup=tb_workinfoworknet,http://www.work.go.kr/empInfo/empInfoSrch/detail/empDetailAuthView.do?callPage=detail&wantedAuthNo=K131132607280015,https://www.work24.go.kr/wk/a/b/1500/empDetailAuthView.do?wantedAuthNo=K131132607280015&infoTypeCd=VALIDATION&infoTypeGroup=tb_workinfoworknet,NOT_REQUESTED,,,,,,,,,,,,,,,,,,,,,,,,,,,,,,,,
work24_5gu_20260919_2138,2026-09-19T12:38:57+00:00,K131132607270066,기계,MAPPED,C,25924,절삭가공 및 유사처리업,주식회사금정테크,MCT조작원 모집(경력직),경남 창원시 의창구,의창구,2026-07-27,2026-09-26,월급 400 만원 이상 ~ 420 만원 이하,경력 3년,학력무관,https://www.work24.go.kr/wk/a/b/1500/empDetailAuthView.do?wantedAuthNo=K131132607270066&infoTypeCd=VALIDATION&infoTypeGroup=tb_workinfoworknet,http://www.work.go.kr/empInfo/empInfoSrch/detail/empDetailAuthView.do?callPage=detail&wantedAuthNo=K131132607270066,https://www.work24.go.kr/wk/a/b/1500/empDetailAuthView.do?wantedAuthNo=K131132607270066&infoTypeCd=VALIDATION&infoTypeGroup=tb_workinfoworknet,NOT_REQUESTED,,,,,,,,,,,,,,,,,,,,,,,,,,,,,,,,
work24_5gu_20260919_2138,2026-09-19T12:38:57+00:00,K131132607270024,기계,MAPPED,A,29131,액체 펌프 제조업,주식회사 에스브이엔지니어링,5면가공기 오퍼레이터 채용 공고,경남 창원시 성산구,성산구,2026-07-27,2026-09-24,월급 550 만원 이상,경력 5년,학력무관,https://www.work24.go.kr/wk/a/b/1500/empDetailAuthView.do?wantedAuthNo=K131132607270024&infoTypeCd=VALIDATION&infoTypeGroup=tb_workinfoworknet,http://www.work.go.kr/empInfo/empInfoSrch/detail/empDetailAuthView.do?callPage=detail&wantedAuthNo=K131132607270024,https://www.work24.go.kr/wk/a/b/1500/empDetailAuthView.do?wantedAuthNo=K131132607270024&infoTypeCd=VALIDATION&infoTypeGroup=tb_workinfoworknet,NOT_REQUESTED,,,,,,,,,,,,,,,,,,,,,,,,,,,,,,,,
work24_5gu_20260919_2138,2026-09-19T12:38:57+00:00,K131132607240017,기계,MAPPED,A,29142,기어 및 동력전달장치 제조업,철원정밀공업사,CNC 선반 조작원 모집,경남 창원시 의창구,의창구,2026-07-24,2026-09-23,"시급 13,000 원 이상 ~ 16,000 원 이하",경력 5년,학력무관,https://www.work24.go.kr/wk/a/b/1500/empDetailAuthView.do?wantedAuthNo=K131132607240017&infoTypeCd=VALIDATION&infoTypeGroup=tb_workinfoworknet,http://www.work.go.kr/empInfo/empInfoSrch/detail/empDetailAuthView.do?callPage=detail&wantedAuthNo=K131132607240017,https://www.work24.go.kr/wk/a/b/1500/empDetailAuthView.do?wantedAuthNo=K131132607240017&infoTypeCd=VALIDATION&infoTypeGroup=tb_workinfoworknet,NOT_REQUESTED,,,,,,,,,,,,,,,,,,,,,,,,,,,,,,,,
work24_5gu_20260919_2138,2026-09-19T12:38:57+00:00,K131132607230023,기계,MAPPED,C,25929,그 외 기타 금속가공업,주식회사 신우원,생산직 모집,경남 창원시 의창구,의창구,2026-07-23,2026-09-22,"연봉 2,600 만원 이상 ~ 4,500 만원 이하",경력 5년,학력무관,https://www.work24.go.kr/wk/a/b/1500/empDetailAuthView.do?wantedAuthNo=K131132607230023&infoTypeCd=VALIDATION&infoTypeGroup=tb_workinfoworknet,http://www.work.go.kr/empInfo/empInfoSrch/detail/empDetailAuthView.do?callPage=detail&wantedAuthNo=K131132607230023,https://www.work24.go.kr/wk/a/b/1500/empDetailAuthView.do?wantedAuthNo=K131132607230023&infoTypeCd=VALIDATION&infoTypeGroup=tb_workinfoworknet,NOT_REQUESTED,,,,,,,,,,,,,,,,,,,,,,,,,,,,,,,,
work24_5gu_20260919_2138,2026-09-19T12:38:57+00:00,K131132607230022,기계,MAPPED,C,25929,그 외 기타 금속가공업,주식회사 신우원,영업 및 자재 관리자 모집,경남 창원시 의창구,의창구,2026-07-23,2026-09-22,"연봉 2,600 만원 이상 ~ 3,500 만원 이하",경력 1년,학력무관,https://www.work24.go.kr/wk/a/b/1500/empDetailAuthView.do?wantedAuthNo=K131132607230022&infoTypeCd=VALIDATION&infoTypeGroup=tb_workinfoworknet,http://www.work.go.kr/empInfo/empInfoSrch/detail/empDetailAuthView.do?callPage=detail&wantedAuthNo=K131132607230022,https://www.work24.go.kr/wk/a/b/1500/empDetailAuthView.do?wantedAuthNo=K131132607230022&infoTypeCd=VALIDATION&infoTypeGroup=tb_workinfoworknet,NOT_REQUESTED,,,,,,,,,,,,,,,,,,,,,,,,,,,,,,,,
work24_5gu_20260919_2138,2026-09-19T12:38:57+00:00,K131132607230020,기계,MAPPED,A,29120,유압기기 제조업,에스에프하이월드주식회사,기계부품 조립 가공 생산직 사원 채용,경남 창원시 성산구,성산구,2026-07-23,2026-09-22,"시급 10,320 원 이상",신입,학력무관,https://www.work24.go.kr/wk/a/b/1500/empDetailAuthView.do?wantedAuthNo=K131132607230020&infoTypeCd=VALIDATION&infoTypeGroup=tb_workinfoworknet,http://www.work.go.kr/empInfo/empInfoSrch/detail/empDetailAuthView.do?callPage=detail&wantedAuthNo=K131132607230020,https://www.work24.go.kr/wk/a/b/1500/empDetailAuthView.do?wantedAuthNo=K131132607230020&infoTypeCd=VALIDATION&infoTypeGroup=tb_workinfoworknet,NOT_REQUESTED,,,,,,,,,,,,,,,,,,,,,,,,,,,,,,,,
work24_5gu_20260919_2138,2026-09-19T12:38:57+00:00,K131132607220052,기계,MAPPED,A,29229,기타 가공 공작기계 제조업,유창공업(주),생산관리 모집,경남 창원시 성산구,성산구,2026-07-22,2026-09-21,월급 250 만원 이상 ~ 330 만원 이하,신입,학력무관,https://www.work24.go.kr/wk/a/b/1500/empDetailAuthView.do?wantedAuthNo=K131132607220052&infoTypeCd=VALIDATION&infoTypeGroup=tb_workinfoworknet,http://www.work.go.kr/empInfo/empInfoSrch/detail/empDetailAuthView.do?callPage=detail&wantedAuthNo=K131132607220052,https://www.work24.go.kr/wk/a/b/1500/empDetailAuthView.do?wantedAuthNo=K131132607220052&infoTypeCd=VALIDATION&infoTypeGroup=tb_workinfoworknet,NOT_REQUESTED,,,,,,,,,,,,,,,,,,,,,,,,,,,,,,,,
work24_5gu_20260919_2138,2026-09-19T12:38:57+00:00,K131132607220050,기계,MAPPED,C,25999,그 외 기타 분류 안된 금속 가공 제품 제조업,보성테크,3차원 측정이 가능한 품질검사원 모집,경남 창원시 성산구,성산구,2026-07-22,2026-09-21,"시급 11,000 원 이상",경력 5년,학력무관,https://www.work24.go.kr/wk/a/b/1500/empDetailAuthView.do?wantedAuthNo=K131132607220050&infoTypeCd=VALIDATION&infoTypeGroup=tb_workinfoworknet,http://www.work.go.kr/empInfo/empInfoSrch/detail/empDetailAuthView.do?callPage=detail&wantedAuthNo=K131132607220050,https://www.work24.go.kr/wk/a/b/1500/empDetailAuthView.do?wantedAuthNo=K131132607220050&infoTypeCd=VALIDATION&infoTypeGroup=tb_workinfoworknet,NOT_REQUESTED,,,,,,,,,,,,,,,,,,,,,,,,,,,,,,,,
work24_5gu_20260919_2138,2026-09-19T12:38:57+00:00,K131132607220047,기계,MAPPED,A,,공기 조화장치 제조업,삼명기계공업(주),삼명기계공업(주) 자동차 부품 생산직 사원 모집,경남 창원시 성산구,성산구,2026-07-22,2026-09-21,"시급 10,320 원 이상 ~ 10,320 원 이하",신입,학력무관,https://www.work24.go.kr/wk/a/b/1500/empDetailAuthView.do?wantedAuthNo=K131132607220047&infoTypeCd=VALIDATION&infoTypeGroup=tb_workinfoworknet,http://www.work.go.kr/empInfo/empInfoSrch/detail/empDetailAuthView.do?callPage=detail&wantedAuthNo=K131132607220047,https://www.work24.go.kr/wk/a/b/1500/empDetailAuthView.do?wantedAuthNo=K131132607220047&infoTypeCd=VALIDATION&infoTypeGroup=tb_workinfoworknet,NOT_REQUESTED,,,,,,,,,,,,,,,,,,,,,,,,,,,,,,,,
work24_5gu_20260919_2138,2026-09-19T12:38:57+00:00,K131132607220035,기계,MAPPED,A,29120,유압기기 제조업,창조정밀,CNC 선반공 경력직 모집,경남 창원시 성산구,성산구,2026-07-22,2026-09-21,월급 300 만원 이상 ~ 400 만원 이하,경력 2년,학력무관,https://www.work24.go.kr/wk/a/b/1500/empDetailAuthView.do?wantedAuthNo=K131132607220035&infoTypeCd=VALIDATION&infoTypeGroup=tb_workinfoworknet,http://www.work.go.kr/empInfo/empInfoSrch/detail/empDetailAuthView.do?callPage=detail&wantedAuthNo=K131132607220035,https://www.work24.go.kr/wk/a/b/1500/empDetailAuthView.do?wantedAuthNo=K131132607220035&infoTypeCd=VALIDATION&infoTypeGroup=tb_workinfoworknet,NOT_REQUESTED,,,,,,,,,,,,,,,,,,,,,,,,,,,,,,,,
work24_5gu_20260919_2138,2026-09-19T12:38:57+00:00,K131132607210045,기계,MAPPED,A,29119,기타 기관 및 터빈 제조업,주식회사 가람,[주식회사 가람] 레디알 드릴가공 생산직 모집합니다.,경남 창원시 진해구,진해구,2026-07-21,2026-09-20,월급 350 만원 이상,경력 5년,학력무관,https://www.work24.go.kr/wk/a/b/1500/empDetailAuthView.do?wantedAuthNo=K131132607210045&infoTypeCd=VALIDATION&infoTypeGroup=tb_workinfoworknet,http://www.work.go.kr/empInfo/empInfoSrch/detail/empDetailAuthView.do?callPage=detail&wantedAuthNo=K131132607210045,https://www.work24.go.kr/wk/a/b/1500/empDetailAuthView.do?wantedAuthNo=K131132607210045&infoTypeCd=VALIDATION&infoTypeGroup=tb_workinfoworknet,NOT_REQUESTED,,,,,,,,,,,,,,,,,,,,,,,,,,,,,,,,
work24_5gu_20260919_2138,2026-09-19T12:38:57+00:00,K131132607210044,기계,MAPPED,A,29280,산업용 로봇 제조업,유영테크놀로지,자동화설비 생산 및 생산관리,경남 창원시 성산구,성산구,2026-07-21,2026-09-20,월급 300 만원 이상,경력 1년,학력무관,https://www.work24.go.kr/wk/a/b/1500/empDetailAuthView.do?wantedAuthNo=K131132607210044&infoTypeCd=VALIDATION&infoTypeGroup=tb_workinfoworknet,http://www.work.go.kr/empInfo/empInfoSrch/detail/empDetailAuthView.do?callPage=detail&wantedAuthNo=K131132607210044,https://www.work24.go.kr/wk/a/b/1500/empDetailAuthView.do?wantedAuthNo=K131132607210044&infoTypeCd=VALIDATION&infoTypeGroup=tb_workinfoworknet,NOT_REQUESTED,,,,,,,,,,,,,,,,,,,,,,,,,,,,,,,,
work24_5gu_20260919_2138,2026-09-19T12:38:57+00:00,K131112609180030,기계,MAPPED,A,29171,산업용 냉장 및 냉동 장비 제조업,（주）웰템,(주)웰템 용접원 모집,경남 창원시 마산회원구,마산회원구,2026-09-18,2026-10-02,월급 260 만원 이상,경력 1년,학력무관,https://www.work24.go.kr/wk/a/b/1500/empDetailAuthView.do?wantedAuthNo=K131112609180030&infoTypeCd=VALIDATION&infoTypeGroup=tb_workinfoworknet,http://www.work.go.kr/empInfo/empInfoSrch/detail/empDetailAuthView.do?callPage=detail&wantedAuthNo=K131112609180030,https://www.work24.go.kr/wk/a/b/1500/empDetailAuthView.do?wantedAuthNo=K131112609180030&infoTypeCd=VALIDATION&infoTypeGroup=tb_workinfoworknet,NOT_REQUESTED,,,,,,,,,,,,,,,,,,,,,,,,,,,,,,,,
work24_5gu_20260919_2138,2026-09-19T12:38:57+00:00,K131112609180027,목재종이,MAPPED,A,17211,골판지 제조업,신혁기업사,납품사원 모집,경남 창원시 마산회원구,마산회원구,2026-09-18,2026-11-17,"시급 10,500 원 이상",관계없음,학력무관,https://www.work24.go.kr/wk/a/b/1500/empDetailAuthView.do?wantedAuthNo=K131112609180027&infoTypeCd=VALIDATION&infoTypeGroup=tb_workinfoworknet,http://www.work.go.kr/empInfo/empInfoSrch/detail/empDetailAuthView.do?callPage=detail&wantedAuthNo=K131112609180027,https://www.work24.go.kr/wk/a/b/1500/empDetailAuthView.do?wantedAuthNo=K131112609180027&infoTypeCd=VALIDATION&infoTypeGroup=tb_workinfoworknet,SUCCESS,200,,신혁기업사,납품사원 모집,work24,2026-09-23T04:41:08+00:00,CURRENT_DETAIL_HTML,1명,1,배송·납품 운전원(납품영업 포함),경·소형 화물차 운전원,"납품운전원 , 납품원",LG전자 납품(2.5톤~3.5톤) 업무. 보조기사님 모집 에어컨 포장물 납품,LG전자 납품(2.5톤~3.5톤) 업무. 보조기사님 모집 에어컨 포장물 납품,기간의 정함이 없는 근로계약,관계없음,학력무관,"시급 10,500원 이상","상세 근무시간 (오전) 8시 00분~(오후) 5시 00분 (잔업시 7시반까지) 잔업, 토요일근무 유동적임 *주52시간내 근무",주 5일 근무,필수 자동차운전면허1종보통,,,-,"경상남도 창원시 마산회원구 봉암공단8길 66, 신혁 (봉암동) 지도 보기 길찾기",창원시,마산회원구,,2026.09.18 16:18:27,채용시까지 (마감시간 : 24시),True,False
work24_5gu_20260919_2138,2026-09-19T12:38:57+00:00,K131112609180012,기계,MAPPED,A,29111,내연기관 제조업,(주）강림기계,MCT 기능공 신입 및 경력,경남 창원시 마산합포구,마산합포구,2026-09-18,2026-10-31,"시급 11,000 원 이상 ~ 13,000 원 이하",관계없음,학력무관,https://www.work24.go.kr/wk/a/b/1500/empDetailAuthView.do?wantedAuthNo=K131112609180012&infoTypeCd=VALIDATION&infoTypeGroup=tb_workinfoworknet,http://www.work.go.kr/empInfo/empInfoSrch/detail/empDetailAuthView.do?callPage=detail&wantedAuthNo=K131112609180012,https://www.work24.go.kr/wk/a/b/1500/empDetailAuthView.do?wantedAuthNo=K131112609180012&infoTypeCd=VALIDATION&infoTypeGroup=tb_workinfoworknet,NOT_REQUESTED,,,,,,,,,,,,,,,,,,,,,,,,,,,,,,,,
work24_5gu_20260919_2138,2026-09-19T12:38:57+00:00,K131112609170033,기계,MAPPED,C,25924,절삭가공 및 유사처리업,(주)금화테크,CNC선반 경력사원 채용,경남 창원시 마산회원구,마산회원구,2026-09-17,2026-10-12,"연봉 4,900 만원 이상",경력 8년,학력무관,https://www.work24.go.kr/wk/a/b/1500/empDetailAuthView.do?wantedAuthNo=K131112609170033&infoTypeCd=VALIDATION&infoTypeGroup=tb_workinfoworknet,http://www.work.go.kr/empInfo/empInfoSrch/detail/empDetailAuthView.do?callPage=detail&wantedAuthNo=K131112609170033,https://www.work24.go.kr/wk/a/b/1500/empDetailAuthView.do?wantedAuthNo=K131112609170033&infoTypeCd=VALIDATION&infoTypeGroup=tb_workinfoworknet,NOT_REQUESTED,,,,,,,,,,,,,,,,,,,,,,,,,,,,,,,,
work24_5gu_20260919_2138,2026-09-19T12:38:57+00:00,K131112609170032,기계,MAPPED,C,,타이어 및 튜브 제조업,한국정상화성（주）,생산관리자 모집,경남 창원시 마산회원구,마산회원구,2026-09-17,2026-11-16,"연봉 5,000 만원 이상 ~ 5,500 만원 이하",경력 3년,학력무관,https://www.work24.go.kr/wk/a/b/1500/empDetailAuthView.do?wantedAuthNo=K131112609170032&infoTypeCd=VALIDATION&infoTypeGroup=tb_workinfoworknet,http://www.work.go.kr/empInfo/empInfoSrch/detail/empDetailAuthView.do?callPage=detail&wantedAuthNo=K131112609170032,https://www.work24.go.kr/wk/a/b/1500/empDetailAuthView.do?wantedAuthNo=K131112609170032&infoTypeCd=VALIDATION&infoTypeGroup=tb_workinfoworknet,NOT_REQUESTED,,,,,,,,,,,,,,,,,,,,,,,,,,,,,,,,
work24_5gu_20260919_2138,2026-09-19T12:38:57+00:00,K131112609170007,기계,MAPPED,A,29221,전자 응용 절삭기계 제조업,주식회사유진정공,단순노무직,경남 창원시 마산회원구,마산회원구,2026-09-17,2026-11-16,"시급 10,320 원 이상",관계없음,학력무관,https://www.work24.go.kr/wk/a/b/1500/empDetailAuthView.do?wantedAuthNo=K131112609170007&infoTypeCd=VALIDATION&infoTypeGroup=tb_workinfoworknet,http://www.work.go.kr/empInfo/empInfoSrch/detail/empDetailAuthView.do?callPage=detail&wantedAuthNo=K131112609170007,https://www.work24.go.kr/wk/a/b/1500/empDetailAuthView.do?wantedAuthNo=K131112609170007&infoTypeCd=VALIDATION&infoTypeGroup=tb_workinfoworknet,NOT_REQUESTED,,,,,,,,,,,,,,,,,,,,,,,,,,,,,,,,
work24_5gu_20260919_2138,2026-09-19T12:38:57+00:00,K131112609160021,기계,MAPPED,C,25941,볼트 및 너트류 제조업,(주)배진금속,일본어 가능자 모집,경남 창원시 마산합포구,마산합포구,2026-09-16,2026-09-30,"연봉 4,200 만원 이상 ~ 4,200 만원 이하",관계없음,학력무관,https://www.work24.go.kr/wk/a/b/1500/empDetailAuthView.do?wantedAuthNo=K131112609160021&infoTypeCd=VALIDATION&infoTypeGroup=tb_workinfoworknet,http://www.work.go.kr/empInfo/empInfoSrch/detail/empDetailAuthView.do?callPage=detail&wantedAuthNo=K131112609160021,https://www.work24.go.kr/wk/a/b/1500/empDetailAuthView.do?wantedAuthNo=K131112609160021&infoTypeCd=VALIDATION&infoTypeGroup=tb_workinfoworknet,NOT_REQUESTED,,,,,,,,,,,,,,,,,,,,,,,,,,,,,,,,
work24_5gu_20260919_2138,2026-09-19T12:38:57+00:00,KF10792609160005,기계,MAPPED,C,25113,육상 금속 골조 구조재 제조업,주식회사비츠로,관리부 (경리사무원) 직원 모집,경남 창원시 마산회원구,마산회원구,2026-09-16,2026-10-31,월급 250 만원 이상,경력 3년,학력무관,https://www.work24.go.kr/wk/a/b/1500/empDetailAuthView.do?wantedAuthNo=KF10792609160005&infoTypeCd=VALIDATION&infoTypeGroup=tb_workinfoworknet,http://www.work.go.kr/empInfo/empInfoSrch/detail/empDetailAuthView.do?callPage=detail&wantedAuthNo=KF10792609160005,https://www.work24.go.kr/wk/a/b/1500/empDetailAuthView.do?wantedAuthNo=KF10792609160005&infoTypeCd=VALIDATION&infoTypeGroup=tb_workinfoworknet,NOT_REQUESTED,,,,,,,,,,,,,,,,,,,,,,,,,,,,,,,,
work24_5gu_20260919_2138,2026-09-19T12:38:57+00:00,K131112609150032,기계,MAPPED,A,29141,구름베어링 제조업,주식회사이성,출하/장입관리 및 보조업무원,경남 창원시 마산회원구,마산회원구,2026-09-15,2026-09-22,"시급 10,320 원 이상 ~ 11,000 원 이하",신입,학력무관,https://www.work24.go.kr/wk/a/b/1500/empDetailAuthView.do?wantedAuthNo=K131112609150032&infoTypeCd=VALIDATION&infoTypeGroup=tb_workinfoworknet,http://www.work.go.kr/empInfo/empInfoSrch/detail/empDetailAuthView.do?callPage=detail&wantedAuthNo=K131112609150032,https://www.work24.go.kr/wk/a/b/1500/empDetailAuthView.do?wantedAuthNo=K131112609150032&infoTypeCd=VALIDATION&infoTypeGroup=tb_workinfoworknet,NOT_REQUESTED,,,,,,,,,,,,,,,,,,,,,,,,,,,,,,,,
work24_5gu_20260919_2138,2026-09-19T12:38:57+00:00,K131112609150026,기계,MAPPED,A,29120,유압기기 제조업,영테크(주),중국사업부 신입사원 모집,경남 창원시 마산합포구,마산합포구,2026-09-15,2026-09-30,"연봉 4,800 만원 이상",신입,학력무관,https://www.work24.go.kr/wk/a/b/1500/empDetailAuthView.do?wantedAuthNo=K131112609150026&infoTypeCd=VALIDATION&infoTypeGroup=tb_workinfoworknet,http://www.work.go.kr/empInfo/empInfoSrch/detail/empDetailAuthView.do?callPage=detail&wantedAuthNo=K131112609150026,https://www.work24.go.kr/wk/a/b/1500/empDetailAuthView.do?wantedAuthNo=K131112609150026&infoTypeCd=VALIDATION&infoTypeGroup=tb_workinfoworknet,NOT_REQUESTED,,,,,,,,,,,,,,,,,,,,,,,,,,,,,,,,
work24_5gu_20260919_2138,2026-09-19T12:38:57+00:00,K131112609140044,기계,MAPPED,A,29162,승강기 제조업,주식회사 성우테크,칩컨베이어 연구개발(R&D) 설계 경력 채용,경남 창원시 마산합포구,마산합포구,2026-09-14,2026-11-13,"연봉 4,000 만원 이상",경력 3년,학력무관,https://www.work24.go.kr/wk/a/b/1500/empDetailAuthView.do?wantedAuthNo=K131112609140044&infoTypeCd=VALIDATION&infoTypeGroup=tb_workinfoworknet,http://www.work.go.kr/empInfo/empInfoSrch/detail/empDetailAuthView.do?callPage=detail&wantedAuthNo=K131112609140044,https://www.work24.go.kr/wk/a/b/1500/empDetailAuthView.do?wantedAuthNo=K131112609140044&infoTypeCd=VALIDATION&infoTypeGroup=tb_workinfoworknet,NOT_REQUESTED,,,,,,,,,,,,,,,,,,,,,,,,,,,,,,,,
work24_5gu_20260919_2138,2026-09-19T12:38:57+00:00,K131112609140035,기계,MAPPED,C,25924,절삭가공 및 유사처리업,주식회사 디에스이엔지,밴드쇼 작업자,경남 창원시 마산회원구,마산회원구,2026-09-14,2026-09-30,"시급 11,300 원 이상 ~ 11,300 원 이하",관계없음,학력무관,https://www.work24.go.kr/wk/a/b/1500/empDetailAuthView.do?wantedAuthNo=K131112609140035&infoTypeCd=VALIDATION&infoTypeGroup=tb_workinfoworknet,http://www.work.go.kr/empInfo/empInfoSrch/detail/empDetailAuthView.do?callPage=detail&wantedAuthNo=K131112609140035,https://www.work24.go.kr/wk/a/b/1500/empDetailAuthView.do?wantedAuthNo=K131112609140035&infoTypeCd=VALIDATION&infoTypeGroup=tb_workinfoworknet,NOT_REQUESTED,,,,,,,,,,,,,,,,,,,,,,,,,,,,,,,,
work24_5gu_20260919_2138,2026-09-19T12:38:57+00:00,K131112609140032,기계,MAPPED,C,25924,절삭가공 및 유사처리업,동광정밀,생산직 사원 모집,경남 창원시 마산회원구,마산회원구,2026-09-14,2026-11-13,"시급 10,320 원 이상",경력 1년,학력무관,https://www.work24.go.kr/wk/a/b/1500/empDetailAuthView.do?wantedAuthNo=K131112609140032&infoTypeCd=VALIDATION&infoTypeGroup=tb_workinfoworknet,http://www.work.go.kr/empInfo/empInfoSrch/detail/empDetailAuthView.do?callPage=detail&wantedAuthNo=K131112609140032,https://www.work24.go.kr/wk/a/b/1500/empDetailAuthView.do?wantedAuthNo=K131112609140032&infoTypeCd=VALIDATION&infoTypeGroup=tb_workinfoworknet,NOT_REQUESTED,,,,,,,,,,,,,,,,,,,,,,,,,,,,,,,,
work24_5gu_20260919_2138,2026-09-19T12:38:57+00:00,KJBO002609140012,기계,MAPPED,A,29293,주형 및 금형 제조업,동원테크,"2026년 영도구 일자리 박람회 간접 참여 업체 [전기,전자 조립원 모집]",경남 창원시 마산회원구,마산회원구,2026-09-14,2026-10-12,월급 216 만원 이상,관계없음,고졸|대졸(2~3년)|대졸(4년)|석사|박사,https://www.work24.go.kr/wk/a/b/1500/empDetailAuthView.do?wantedAuthNo=KJBO002609140012&infoTypeCd=VALIDATION&infoTypeGroup=tb_workinfoworknet,http://www.work.go.kr/empInfo/empInfoSrch/detail/empDetailAuthView.do?callPage=detail&wantedAuthNo=KJBO002609140012,https://www.work24.go.kr/wk/a/b/1500/empDetailAuthView.do?wantedAuthNo=KJBO002609140012&infoTypeCd=VALIDATION&infoTypeGroup=tb_workinfoworknet,NOT_REQUESTED,,,,,,,,,,,,,,,,,,,,,,,,,,,,,,,,
work24_5gu_20260919_2138,2026-09-19T12:38:57+00:00,K131112609140024,기계,MAPPED,C,25941,볼트 및 너트류 제조업,（유）현대기공,MCT 모집합니다.,경남 창원시 마산합포구,마산합포구,2026-09-14,2026-10-13,"시급 10,320 원 이상",신입,학력무관,https://www.work24.go.kr/wk/a/b/1500/empDetailAuthView.do?wantedAuthNo=K131112609140024&infoTypeCd=VALIDATION&infoTypeGroup=tb_workinfoworknet,http://www.work.go.kr/empInfo/empInfoSrch/detail/empDetailAuthView.do?callPage=detail&wantedAuthNo=K131112609140024,https://www.work24.go.kr/wk/a/b/1500/empDetailAuthView.do?wantedAuthNo=K131112609140024&infoTypeCd=VALIDATION&infoTypeGroup=tb_workinfoworknet,NOT_REQUESTED,,,,,,,,,,,,,,,,,,,,,,,,,,,,,,,,
work24_5gu_20260919_2138,2026-09-19T12:38:57+00:00,KEC0052609140005,목재종이,MAPPED,A,17902,위생용 종이제품 제조업,주식회사 케이티에스,대형마트 정육판매원 채용,경남 창원시 마산회원구,마산회원구,2026-09-14,2026-09-28,월급 108 만원 이상 ~ 108 만원 이하,경력 3개월,학력무관,https://www.work24.go.kr/wk/a/b/1500/empDetailAuthView.do?wantedAuthNo=KEC0052609140005&infoTypeCd=VALIDATION&infoTypeGroup=tb_workinfoworknet,http://www.work.go.kr/empInfo/empInfoSrch/detail/empDetailAuthView.do?callPage=detail&wantedAuthNo=KEC0052609140005,https://www.work24.go.kr/wk/a/b/1500/empDetailAuthView.do?wantedAuthNo=KEC0052609140005&infoTypeCd=VALIDATION&infoTypeGroup=tb_workinfoworknet,NOT_REQUESTED,,,,,,,,,,,,,,,,,,,,,,,,,,,,,,,,
work24_5gu_20260919_2138,2026-09-19T12:38:57+00:00,K131112609110029,기계,MAPPED,A,29271,반도체 제조용 기계 제조업,피엔테크 주식회사,렌즈 가공직 구인 (3교대)  CNC MCT,경남 창원시 마산합포구,마산합포구,2026-09-11,2026-09-30,"시급 10,320 원 이상",관계없음,학력무관,https://www.work24.go.kr/wk/a/b/1500/empDetailAuthView.do?wantedAuthNo=K131112609110029&infoTypeCd=VALIDATION&infoTypeGroup=tb_workinfoworknet,http://www.work.go.kr/empInfo/empInfoSrch/detail/empDetailAuthView.do?callPage=detail&wantedAuthNo=K131112609110029,https://www.work24.go.kr/wk/a/b/1500/empDetailAuthView.do?wantedAuthNo=K131112609110029&infoTypeCd=VALIDATION&infoTypeGroup=tb_workinfoworknet,NOT_REQUESTED,,,,,,,,,,,,,,,,,,,,,,,,,,,,,,,,
work24_5gu_20260919_2138,2026-09-19T12:38:57+00:00,K131112609110028,기계,MAPPED,A,29271,반도체 제조용 기계 제조업,피엔테크 주식회사,유리 연마직  2교대 근무자 채용,경남 창원시 마산합포구,마산합포구,2026-09-11,2026-09-30,"시급 10,320 원 이상",신입,학력무관,https://www.work24.go.kr/wk/a/b/1500/empDetailAuthView.do?wantedAuthNo=K131112609110028&infoTypeCd=VALIDATION&infoTypeGroup=tb_workinfoworknet,http://www.work.go.kr/empInfo/empInfoSrch/detail/empDetailAuthView.do?callPage=detail&wantedAuthNo=K131112609110028,https://www.work24.go.kr/wk/a/b/1500/empDetailAuthView.do?wantedAuthNo=K131112609110028&infoTypeCd=VALIDATION&infoTypeGroup=tb_workinfoworknet,NOT_REQUESTED,,,,,,,,,,,,,,,,,,,,,,,,,,,,,,,,
work24_5gu_20260919_2138,2026-09-19T12:38:57+00:00,K131112609100013,기계,MAPPED,A,29193,동력식 수지공구 제조업,（주）예림도장기,CNC / MCT 가공 보조  모집 - 마산자유무역지구,경남 창원시 마산회원구,마산회원구,2026-09-10,2026-11-09,"시급 10,320 원 이상 ~ 10,320 원 이하",관계없음,학력무관,https://www.work24.go.kr/wk/a/b/1500/empDetailAuthView.do?wantedAuthNo=K131112609100013&infoTypeCd=VALIDATION&infoTypeGroup=tb_workinfoworknet,http://www.work.go.kr/empInfo/empInfoSrch/detail/empDetailAuthView.do?callPage=detail&wantedAuthNo=K131112609100013,https://www.work24.go.kr/wk/a/b/1500/empDetailAuthView.do?wantedAuthNo=K131112609100013&infoTypeCd=VALIDATION&infoTypeGroup=tb_workinfoworknet,NOT_REQUESTED,,,,,,,,,,,,,,,,,,,,,,,,,,,,,,,,
work24_5gu_20260919_2138,2026-09-19T12:38:57+00:00,K131112609090041,기계,MAPPED,C,25933,비동력식 수공구 제조업,주식회사비토,[공구연삭] 생산 정규직 모집 - 초보가능[경력자우대],경남 창원시 마산회원구,마산회원구,2026-09-09,2026-11-08,"시급 10,500 원 이상",관계없음,학력무관,https://www.work24.go.kr/wk/a/b/1500/empDetailAuthView.do?wantedAuthNo=K131112609090041&infoTypeCd=VALIDATION&infoTypeGroup=tb_workinfoworknet,http://www.work.go.kr/empInfo/empInfoSrch/detail/empDetailAuthView.do?callPage=detail&wantedAuthNo=K131112609090041,https://www.work24.go.kr/wk/a/b/1500/empDetailAuthView.do?wantedAuthNo=K131112609090041&infoTypeCd=VALIDATION&infoTypeGroup=tb_workinfoworknet,NOT_REQUESTED,,,,,,,,,,,,,,,,,,,,,,,,,,,,,,,,
work24_5gu_20260919_2138,2026-09-19T12:38:57+00:00,K131112609090007,기계,MAPPED,A,29229,기타 가공 공작기계 제조업,(주)에스에프에이,공작기계 ATC(자동공구 교환장치) 부품 조립인원 채용,경남 창원시 마산합포구,마산합포구,2026-09-09,2026-09-23,"연봉 3,300 만원 이상",관계없음,학력무관,https://www.work24.go.kr/wk/a/b/1500/empDetailAuthView.do?wantedAuthNo=K131112609090007&infoTypeCd=VALIDATION&infoTypeGroup=tb_workinfoworknet,http://www.work.go.kr/empInfo/empInfoSrch/detail/empDetailAuthView.do?callPage=detail&wantedAuthNo=K131112609090007,https://www.work24.go.kr/wk/a/b/1500/empDetailAuthView.do?wantedAuthNo=K131112609090007&infoTypeCd=VALIDATION&infoTypeGroup=tb_workinfoworknet,NOT_REQUESTED,,,,,,,,,,,,,,,,,,,,,,,,,,,,,,,,
work24_5gu_20260919_2138,2026-09-19T12:38:57+00:00,K131112609090004,기계,MAPPED,C,25924,절삭가공 및 유사처리업,미래정밀,생산직사원 모집,경남 창원시 마산회원구,마산회원구,2026-09-09,2026-11-07,"시급 10,320 원 이상",관계없음,학력무관,https://www.work24.go.kr/wk/a/b/1500/empDetailAuthView.do?wantedAuthNo=K131112609090004&infoTypeCd=VALIDATION&infoTypeGroup=tb_workinfoworknet,http://www.work.go.kr/empInfo/empInfoSrch/detail/empDetailAuthView.do?callPage=detail&wantedAuthNo=K131112609090004,https://www.work24.go.kr/wk/a/b/1500/empDetailAuthView.do?wantedAuthNo=K131112609090004&infoTypeCd=VALIDATION&infoTypeGroup=tb_workinfoworknet,NOT_REQUESTED,,,,,,,,,,,,,,,,,,,,,,,,,,,,,,,,
work24_5gu_20260919_2138,2026-09-19T12:38:57+00:00,K131112609080020,기계,MAPPED,A,29131,액체 펌프 제조업,주식회사 강운테크,기계 조립공 모집,경남 창원시 마산회원구,마산회원구,2026-09-08,2026-09-22,"연봉 3,600 만원 이상 ~ 5,000 만원 이하",경력 1년,학력무관,https://www.work24.go.kr/wk/a/b/1500/empDetailAuthView.do?wantedAuthNo=K131112609080020&infoTypeCd=VALIDATION&infoTypeGroup=tb_workinfoworknet,http://www.work.go.kr/empInfo/empInfoSrch/detail/empDetailAuthView.do?callPage=detail&wantedAuthNo=K131112609080020,https://www.work24.go.kr/wk/a/b/1500/empDetailAuthView.do?wantedAuthNo=K131112609080020&infoTypeCd=VALIDATION&infoTypeGroup=tb_workinfoworknet,NOT_REQUESTED,,,,,,,,,,,,,,,,,,,,,,,,,,,,,,,,
work24_5gu_20260919_2138,2026-09-19T12:38:57+00:00,K131132609080011,기계,MAPPED,A,29141,구름베어링 제조업,주식회사 인시스(INSYS),[마산] 방송국 취재차량 운전&촬영보조 채용,경남 창원시 마산회원구,마산회원구,2026-09-08,2026-09-22,월급 225 만원 이상 ~ 255 만원 이하,관계없음,학력무관,https://www.work24.go.kr/wk/a/b/1500/empDetailAuthView.do?wantedAuthNo=K131132609080011&infoTypeCd=VALIDATION&infoTypeGroup=tb_workinfoworknet,http://www.work.go.kr/empInfo/empInfoSrch/detail/empDetailAuthView.do?callPage=detail&wantedAuthNo=K131132609080011,https://www.work24.go.kr/wk/a/b/1500/empDetailAuthView.do?wantedAuthNo=K131132609080011&infoTypeCd=VALIDATION&infoTypeGroup=tb_workinfoworknet,NOT_REQUESTED,,,,,,,,,,,,,,,,,,,,,,,,,,,,,,,,
work24_5gu_20260919_2138,2026-09-19T12:38:57+00:00,K131112609080007,기계,MAPPED,A,29229,기타 가공 공작기계 제조업,（주）성우,[생산관리] 신입 및 경력 채용,경남 창원시 마산합포구,마산합포구,2026-09-08,2026-11-07,"연봉 3,100 만원 이상",관계없음,학력무관,https://www.work24.go.kr/wk/a/b/1500/empDetailAuthView.do?wantedAuthNo=K131112609080007&infoTypeCd=VALIDATION&infoTypeGroup=tb_workinfoworknet,http://www.work.go.kr/empInfo/empInfoSrch/detail/empDetailAuthView.do?callPage=detail&wantedAuthNo=K131112609080007,https://www.work24.go.kr/wk/a/b/1500/empDetailAuthView.do?wantedAuthNo=K131112609080007&infoTypeCd=VALIDATION&infoTypeGroup=tb_workinfoworknet,NOT_REQUESTED,,,,,,,,,,,,,,,,,,,,,,,,,,,,,,,,
work24_5gu_20260919_2138,2026-09-19T12:38:57+00:00,K131112609070060,목재종이,MAPPED,A,16102,표면 가공 목재 및 특정 목적용 제재목 제조업,주식회사 극동티앤에프,생산직모집,경남 창원시 마산합포구,마산합포구,2026-09-07,2026-09-21,"시급 10,320 원 이상",관계없음,학력무관,https://www.work24.go.kr/wk/a/b/1500/empDetailAuthView.do?wantedAuthNo=K131112609070060&infoTypeCd=VALIDATION&infoTypeGroup=tb_workinfoworknet,http://www.work.go.kr/empInfo/empInfoSrch/detail/empDetailAuthView.do?callPage=detail&wantedAuthNo=K131112609070060,https://www.work24.go.kr/wk/a/b/1500/empDetailAuthView.do?wantedAuthNo=K131112609070060&infoTypeCd=VALIDATION&infoTypeGroup=tb_workinfoworknet,FAILED,200,ValueError: detail content did not contain company and title,,,,2026-09-23T04:38:24+00:00,,,,,,,,,,,,,,,,,,,,,,,,,,
work24_5gu_20260919_2138,2026-09-19T12:38:57+00:00,K131112609070058,기계,MAPPED,C,25924,절삭가공 및 유사처리업,칸에스티엔(주) 마산공장,부품 품질 검사 QA팀장 모집,경남 창원시 마산회원구,마산회원구,2026-09-07,2026-11-06,"연봉 3,600 만원 이상 ~ 4,000 만원 이하",경력 3년,학력무관,https://www.work24.go.kr/wk/a/b/1500/empDetailAuthView.do?wantedAuthNo=K131112609070058&infoTypeCd=VALIDATION&infoTypeGroup=tb_workinfoworknet,http://www.work.go.kr/empInfo/empInfoSrch/detail/empDetailAuthView.do?callPage=detail&wantedAuthNo=K131112609070058,https://www.work24.go.kr/wk/a/b/1500/empDetailAuthView.do?wantedAuthNo=K131112609070058&infoTypeCd=VALIDATION&infoTypeGroup=tb_workinfoworknet,NOT_REQUESTED,,,,,,,,,,,,,,,,,,,,,,,,,,,,,,,,
work24_5gu_20260919_2138,2026-09-19T12:38:57+00:00,K131112609070056,기계,MAPPED,A,29141,구름베어링 제조업,첨단엔진주식회사,CNC 조작원(단능기) 모집합니다. ※실업급여 목적인 분은 정중히 거절합니다.※,경남 창원시 마산회원구,마산회원구,2026-09-07,2026-09-21,"일급 82,560 원 이상 ~ 82,560 원 이하",관계없음,학력무관,https://www.work24.go.kr/wk/a/b/1500/empDetailAuthView.do?wantedAuthNo=K131112609070056&infoTypeCd=VALIDATION&infoTypeGroup=tb_workinfoworknet,http://www.work.go.kr/empInfo/empInfoSrch/detail/empDetailAuthView.do?callPage=detail&wantedAuthNo=K131112609070056,https://www.work24.go.kr/wk/a/b/1500/empDetailAuthView.do?wantedAuthNo=K131112609070056&infoTypeCd=VALIDATION&infoTypeGroup=tb_workinfoworknet,NOT_REQUESTED,,,,,,,,,,,,,,,,,,,,,,,,,,,,,,,,
work24_5gu_20260919_2138,2026-09-19T12:38:57+00:00,K131112609070046,기계,MAPPED,A,29223,금속 절삭기계 제조업,동원하이테크,MCT 및 NC선반보조 직원 모집,경남 창원시 마산회원구,마산회원구,2026-09-07,2026-11-06,"시급 10,400 원 이상 ~ 11,000 원 이하",신입,학력무관,https://www.work24.go.kr/wk/a/b/1500/empDetailAuthView.do?wantedAuthNo=K131112609070046&infoTypeCd=VALIDATION&infoTypeGroup=tb_workinfoworknet,http://www.work.go.kr/empInfo/empInfoSrch/detail/empDetailAuthView.do?callPage=detail&wantedAuthNo=K131112609070046,https://www.work24.go.kr/wk/a/b/1500/empDetailAuthView.do?wantedAuthNo=K131112609070046&infoTypeCd=VALIDATION&infoTypeGroup=tb_workinfoworknet,NOT_REQUESTED,,,,,,,,,,,,,,,,,,,,,,,,,,,,,,,,
work24_5gu_20260919_2138,2026-09-19T12:38:57+00:00,K131112609070021,기계,MAPPED,C,25992,수동식 식품 가공기기 및 금속 주방용기 제조업,(주) 엘피스테크,품질관리 사원 모집,경남 창원시 마산회원구,마산회원구,2026-09-07,2026-09-20,"연봉 4,000 만원 이상",경력 3년,학력무관,https://www.work24.go.kr/wk/a/b/1500/empDetailAuthView.do?wantedAuthNo=K131112609070021&infoTypeCd=VALIDATION&infoTypeGroup=tb_workinfoworknet,http://www.work.go.kr/empInfo/empInfoSrch/detail/empDetailAuthView.do?callPage=detail&wantedAuthNo=K131112609070021,https://www.work24.go.kr/wk/a/b/1500/empDetailAuthView.do?wantedAuthNo=K131112609070021&infoTypeCd=VALIDATION&infoTypeGroup=tb_workinfoworknet,NOT_REQUESTED,,,,,,,,,,,,,,,,,,,,,,,,,,,,,,,,
work24_5gu_20260919_2138,2026-09-19T12:38:57+00:00,K131112609070016,기계,MAPPED,A,29210,농업 및 임업용 기계 제조업,대원정밀,CNC.MCT 조작자 모집,경남 창원시 마산회원구,마산회원구,2026-09-07,2026-09-30,"시급 10,320 원 이상",관계없음,학력무관,https://www.work24.go.kr/wk/a/b/1500/empDetailAuthView.do?wantedAuthNo=K131112609070016&infoTypeCd=VALIDATION&infoTypeGroup=tb_workinfoworknet,http://www.work.go.kr/empInfo/empInfoSrch/detail/empDetailAuthView.do?callPage=detail&wantedAuthNo=K131112609070016,https://www.work24.go.kr/wk/a/b/1500/empDetailAuthView.do?wantedAuthNo=K131112609070016&infoTypeCd=VALIDATION&infoTypeGroup=tb_workinfoworknet,NOT_REQUESTED,,,,,,,,,,,,,,,,,,,,,,,,,,,,,,,,
work24_5gu_20260919_2138,2026-09-19T12:38:57+00:00,K131112609070005,기계,MAPPED,A,29299,그 외 기타 특수목적용 기계 제조업,주식회사 다트코리아,자동화 관련 연구설계,경남 창원시 마산회원구,마산회원구,2026-09-07,2026-11-05,"연봉 2,800 만원 이상 ~ 3,000 만원 이하",신입,학력무관,https://www.work24.go.kr/wk/a/b/1500/empDetailAuthView.do?wantedAuthNo=K131112609070005&infoTypeCd=VALIDATION&infoTypeGroup=tb_workinfoworknet,http://www.work.go.kr/empInfo/empInfoSrch/detail/empDetailAuthView.do?callPage=detail&wantedAuthNo=K131112609070005,https://www.work24.go.kr/wk/a/b/1500/empDetailAuthView.do?wantedAuthNo=K131112609070005&infoTypeCd=VALIDATION&infoTypeGroup=tb_workinfoworknet,NOT_REQUESTED,,,,,,,,,,,,,,,,,,,,,,,,,,,,,,,,
work24_5gu_20260919_2138,2026-09-19T12:38:57+00:00,K131112609040012,기계,MAPPED,C,25929,그 외 기타 금속가공업,효종（주）,생산관리,경남 창원시 마산합포구,마산합포구,2026-09-04,2026-09-30,"연봉 4,200 만원 이상 ~ 4,500 만원 이하",경력 1년,학력무관,https://www.work24.go.kr/wk/a/b/1500/empDetailAuthView.do?wantedAuthNo=K131112609040012&infoTypeCd=VALIDATION&infoTypeGroup=tb_workinfoworknet,http://www.work.go.kr/empInfo/empInfoSrch/detail/empDetailAuthView.do?callPage=detail&wantedAuthNo=K131112609040012,https://www.work24.go.kr/wk/a/b/1500/empDetailAuthView.do?wantedAuthNo=K131112609040012&infoTypeCd=VALIDATION&infoTypeGroup=tb_workinfoworknet,NOT_REQUESTED,,,,,,,,,,,,,,,,,,,,,,,,,,,,,,,,
work24_5gu_20260919_2138,2026-09-19T12:38:57+00:00,K131112609040011,기계,MAPPED,C,25929,그 외 기타 금속가공업,효종（주）,캐드원 모집,경남 창원시 마산합포구,마산합포구,2026-09-04,2026-09-30,"연봉 4,200 만원 이상 ~ 4,500 만원 이하",경력 2년,학력무관,https://www.work24.go.kr/wk/a/b/1500/empDetailAuthView.do?wantedAuthNo=K131112609040011&infoTypeCd=VALIDATION&infoTypeGroup=tb_workinfoworknet,http://www.work.go.kr/empInfo/empInfoSrch/detail/empDetailAuthView.do?callPage=detail&wantedAuthNo=K131112609040011,https://www.work24.go.kr/wk/a/b/1500/empDetailAuthView.do?wantedAuthNo=K131112609040011&infoTypeCd=VALIDATION&infoTypeGroup=tb_workinfoworknet,NOT_REQUESTED,,,,,,,,,,,,,,,,,,,,,,,,,,,,,,,,
work24_5gu_20260919_2138,2026-09-19T12:38:57+00:00,K131112609040010,기계,MAPPED,C,25929,그 외 기타 금속가공업,효종（주）,조선의장품 제관원 모집,경남 창원시 마산합포구,마산합포구,2026-09-04,2026-09-30,"시급 16,000 원 이상 ~ 20,000 원 이하",경력 1년,학력무관,https://www.work24.go.kr/wk/a/b/1500/empDetailAuthView.do?wantedAuthNo=K131112609040010&infoTypeCd=VALIDATION&infoTypeGroup=tb_workinfoworknet,http://www.work.go.kr/empInfo/empInfoSrch/detail/empDetailAuthView.do?callPage=detail&wantedAuthNo=K131112609040010,https://www.work24.go.kr/wk/a/b/1500/empDetailAuthView.do?wantedAuthNo=K131112609040010&infoTypeCd=VALIDATION&infoTypeGroup=tb_workinfoworknet,NOT_REQUESTED,,,,,,,,,,,,,,,,,,,,,,,,,,,,,,,,
work24_5gu_20260919_2138,2026-09-19T12:38:57+00:00,K131112609040009,기계,MAPPED,A,29293,주형 및 금형 제조업,광림테크,품질관리원,경남 창원시 마산합포구,마산합포구,2026-09-04,2026-09-30,"연봉 4,200 만원 이상 ~ 4,600 만원 이하",경력 1년,학력무관,https://www.work24.go.kr/wk/a/b/1500/empDetailAuthView.do?wantedAuthNo=K131112609040009&infoTypeCd=VALIDATION&infoTypeGroup=tb_workinfoworknet,http://www.work.go.kr/empInfo/empInfoSrch/detail/empDetailAuthView.do?callPage=detail&wantedAuthNo=K131112609040009,https://www.work24.go.kr/wk/a/b/1500/empDetailAuthView.do?wantedAuthNo=K131112609040009&infoTypeCd=VALIDATION&infoTypeGroup=tb_workinfoworknet,NOT_REQUESTED,,,,,,,,,,,,,,,,,,,,,,,,,,,,,,,,
work24_5gu_20260919_2138,2026-09-19T12:38:57+00:00,K131112609040008,기계,MAPPED,A,29293,주형 및 금형 제조업,광림테크,캐드원 모집,경남 창원시 마산합포구,마산합포구,2026-09-04,2026-09-30,"연봉 4,200 만원 이상 ~ 4,500 만원 이하",경력 1년,학력무관,https://www.work24.go.kr/wk/a/b/1500/empDetailAuthView.do?wantedAuthNo=K131112609040008&infoTypeCd=VALIDATION&infoTypeGroup=tb_workinfoworknet,http://www.work.go.kr/empInfo/empInfoSrch/detail/empDetailAuthView.do?callPage=detail&wantedAuthNo=K131112609040008,https://www.work24.go.kr/wk/a/b/1500/empDetailAuthView.do?wantedAuthNo=K131112609040008&infoTypeCd=VALIDATION&infoTypeGroup=tb_workinfoworknet,NOT_REQUESTED,,,,,,,,,,,,,,,,,,,,,,,,,,,,,,,,
work24_5gu_20260919_2138,2026-09-19T12:38:57+00:00,K131112609040007,기계,MAPPED,A,29293,주형 및 금형 제조업,광림테크,조선철의장품 제관사 모집,경남 창원시 마산합포구,마산합포구,2026-09-04,2026-09-30,"시급 11,000 원 이상 ~ 18,000 원 이하",관계없음,학력무관,https://www.work24.go.kr/wk/a/b/1500/empDetailAuthView.do?wantedAuthNo=K131112609040007&infoTypeCd=VALIDATION&infoTypeGroup=tb_workinfoworknet,http://www.work.go.kr/empInfo/empInfoSrch/detail/empDetailAuthView.do?callPage=detail&wantedAuthNo=K131112609040007,https://www.work24.go.kr/wk/a/b/1500/empDetailAuthView.do?wantedAuthNo=K131112609040007&infoTypeCd=VALIDATION&infoTypeGroup=tb_workinfoworknet,NOT_REQUESTED,,,,,,,,,,,,,,,,,,,,,,,,,,,,,,,,
work24_5gu_20260919_2138,2026-09-19T12:38:57+00:00,K131112609040006,기계,MAPPED,A,29293,주형 및 금형 제조업,광림테크,MCT 머시닝센터 오퍼레이터,경남 창원시 마산합포구,마산합포구,2026-09-04,2026-09-30,월급 350 만원 이상 ~ 400 만원 이하,경력 1년,학력무관,https://www.work24.go.kr/wk/a/b/1500/empDetailAuthView.do?wantedAuthNo=K131112609040006&infoTypeCd=VALIDATION&infoTypeGroup=tb_workinfoworknet,http://www.work.go.kr/empInfo/empInfoSrch/detail/empDetailAuthView.do?callPage=detail&wantedAuthNo=K131112609040006,https://www.work24.go.kr/wk/a/b/1500/empDetailAuthView.do?wantedAuthNo=K131112609040006&infoTypeCd=VALIDATION&infoTypeGroup=tb_workinfoworknet,NOT_REQUESTED,,,,,,,,,,,,,,,,,,,,,,,,,,,,,,,,
work24_5gu_20260919_2138,2026-09-19T12:38:57+00:00,K131112609040001,기계,MAPPED,A,29229,기타 가공 공작기계 제조업,（주）성우,[MCT 출하 및 상하차 지원] 신입 채용,경남 창원시 마산합포구,마산합포구,2026-09-04,2026-11-03,"연봉 3,100 만원 이상",관계없음,학력무관,https://www.work24.go.kr/wk/a/b/1500/empDetailAuthView.do?wantedAuthNo=K131112609040001&infoTypeCd=VALIDATION&infoTypeGroup=tb_workinfoworknet,http://www.work.go.kr/empInfo/empInfoSrch/detail/empDetailAuthView.do?callPage=detail&wantedAuthNo=K131112609040001,https://www.work24.go.kr/wk/a/b/1500/empDetailAuthView.do?wantedAuthNo=K131112609040001&infoTypeCd=VALIDATION&infoTypeGroup=tb_workinfoworknet,NOT_REQUESTED,,,,,,,,,,,,,,,,,,,,,,,,,,,,,,,,
work24_5gu_20260919_2138,2026-09-19T12:38:57+00:00,K131112609030026,기계,MAPPED,C,25941,볼트 및 너트류 제조업,（유）현대기공,자재 납품지원팀 구인 ( 제품 포장관리 및 납품 ),경남 창원시 마산합포구,마산합포구,2026-09-03,2026-10-02,"연봉 3,600 만원 이상",관계없음,학력무관,https://www.work24.go.kr/wk/a/b/1500/empDetailAuthView.do?wantedAuthNo=K131112609030026&infoTypeCd=VALIDATION&infoTypeGroup=tb_workinfoworknet,http://www.work.go.kr/empInfo/empInfoSrch/detail/empDetailAuthView.do?callPage=detail&wantedAuthNo=K131112609030026,https://www.work24.go.kr/wk/a/b/1500/empDetailAuthView.do?wantedAuthNo=K131112609030026&infoTypeCd=VALIDATION&infoTypeGroup=tb_workinfoworknet,NOT_REQUESTED,,,,,,,,,,,,,,,,,,,,,,,,,,,,,,,,
work24_5gu_20260919_2138,2026-09-19T12:38:57+00:00,K131112609030020,기계,MAPPED,A,29293,주형 및 금형 제조업,(주)부용,품질 사무원 및 관리원,경남 창원시 마산합포구,마산합포구,2026-09-03,2026-09-30,"연봉 3,600 만원 이상",관계없음,학력무관,https://www.work24.go.kr/wk/a/b/1500/empDetailAuthView.do?wantedAuthNo=K131112609030020&infoTypeCd=VALIDATION&infoTypeGroup=tb_workinfoworknet,http://www.work.go.kr/empInfo/empInfoSrch/detail/empDetailAuthView.do?callPage=detail&wantedAuthNo=K131112609030020,https://www.work24.go.kr/wk/a/b/1500/empDetailAuthView.do?wantedAuthNo=K131112609030020&infoTypeCd=VALIDATION&infoTypeGroup=tb_workinfoworknet,NOT_REQUESTED,,,,,,,,,,,,,,,,,,,,,,,,,,,,,,,,
work24_5gu_20260919_2138,2026-09-19T12:38:57+00:00,K131112609020063,기계,MAPPED,A,29280,산업용 로봇 제조업,하이윈코퍼레이션(주),HIWIN 한국지사 창원지점 영업운영팀 채용,경남 창원시 마산회원구,마산회원구,2026-09-02,2026-11-01,월급 250 만원 이상,신입,학력무관,https://www.work24.go.kr/wk/a/b/1500/empDetailAuthView.do?wantedAuthNo=K131112609020063&infoTypeCd=VALIDATION&infoTypeGroup=tb_workinfoworknet,http://www.work.go.kr/empInfo/empInfoSrch/detail/empDetailAuthView.do?callPage=detail&wantedAuthNo=K131112609020063,https://www.work24.go.kr/wk/a/b/1500/empDetailAuthView.do?wantedAuthNo=K131112609020063&infoTypeCd=VALIDATION&infoTypeGroup=tb_workinfoworknet,NOT_REQUESTED,,,,,,,,,,,,,,,,,,,,,,,,,,,,,,,,
work24_5gu_20260919_2138,2026-09-19T12:38:57+00:00,K131112609020025,기계,MAPPED,C,25119,기타 구조용 금속제품 제조업,대영산업,직원을 모집합니다.,경남 창원시 마산합포구,마산합포구,2026-09-02,2026-11-01,월급 300 만원 이상,신입,학력무관,https://www.work24.go.kr/wk/a/b/1500/empDetailAuthView.do?wantedAuthNo=K131112609020025&infoTypeCd=VALIDATION&infoTypeGroup=tb_workinfoworknet,http://www.work.go.kr/empInfo/empInfoSrch/detail/empDetailAuthView.do?callPage=detail&wantedAuthNo=K131112609020025,https://www.work24.go.kr/wk/a/b/1500/empDetailAuthView.do?wantedAuthNo=K131112609020025&infoTypeCd=VALIDATION&infoTypeGroup=tb_workinfoworknet,NOT_REQUESTED,,,,,,,,,,,,,,,,,,,,,,,,,,,,,,,,
work24_5gu_20260919_2138,2026-09-19T12:38:57+00:00,K131112609020011,기계,MAPPED,A,29111,내연기관 제조업,주식회사 프리텍,정밀 금속 가공품 조립 및 사상 요원을 모집합니다.,경남 창원시 마산합포구,마산합포구,2026-09-02,2026-09-30,"시급 10,320 원 이상",관계없음,학력무관,https://www.work24.go.kr/wk/a/b/1500/empDetailAuthView.do?wantedAuthNo=K131112609020011&infoTypeCd=VALIDATION&infoTypeGroup=tb_workinfoworknet,http://www.work.go.kr/empInfo/empInfoSrch/detail/empDetailAuthView.do?callPage=detail&wantedAuthNo=K131112609020011,https://www.work24.go.kr/wk/a/b/1500/empDetailAuthView.do?wantedAuthNo=K131112609020011&infoTypeCd=VALIDATION&infoTypeGroup=tb_workinfoworknet,NOT_REQUESTED,,,,,,,,,,,,,,,,,,,,,,,,,,,,,,,,
work24_5gu_20260919_2138,2026-09-19T12:38:57+00:00,K131112609020001,기계,MAPPED,A,29229,기타 가공 공작기계 제조업,（주）성우,[자재관리] 신입 채용,경남 창원시 마산합포구,마산합포구,2026-09-02,2026-11-01,"연봉 3,000 만원 이상 ~ 3,500 만원 이하",신입,학력무관,https://www.work24.go.kr/wk/a/b/1500/empDetailAuthView.do?wantedAuthNo=K131112609020001&infoTypeCd=VALIDATION&infoTypeGroup=tb_workinfoworknet,http://www.work.go.kr/empInfo/empInfoSrch/detail/empDetailAuthView.do?callPage=detail&wantedAuthNo=K131112609020001,https://www.work24.go.kr/wk/a/b/1500/empDetailAuthView.do?wantedAuthNo=K131112609020001&infoTypeCd=VALIDATION&infoTypeGroup=tb_workinfoworknet,NOT_REQUESTED,,,,,,,,,,,,,,,,,,,,,,,,,,,,,,,,
work24_5gu_20260919_2138,2026-09-19T12:38:57+00:00,K131112609010047,기계,MAPPED,A,,공기 조화장치 제조업,그린산업주식회사,생산관리(경력직) 모집,경남 창원시 마산회원구,마산회원구,2026-09-01,2026-09-30,"연봉 3,600 만원 이상 ~ 4,000 만원 이하",경력 2년,고졸|대졸(2~3년)|대졸(4년),https://www.work24.go.kr/wk/a/b/1500/empDetailAuthView.do?wantedAuthNo=K131112609010047&infoTypeCd=VALIDATION&infoTypeGroup=tb_workinfoworknet,http://www.work.go.kr/empInfo/empInfoSrch/detail/empDetailAuthView.do?callPage=detail&wantedAuthNo=K131112609010047,https://www.work24.go.kr/wk/a/b/1500/empDetailAuthView.do?wantedAuthNo=K131112609010047&infoTypeCd=VALIDATION&infoTypeGroup=tb_workinfoworknet,NOT_REQUESTED,,,,,,,,,,,,,,,,,,,,,,,,,,,,,,,,
work24_5gu_20260919_2138,2026-09-19T12:38:57+00:00,K131112609010039,기계,MAPPED,A,29223,금속 절삭기계 제조업,대원하이텍,"버티컬, 호리젠탈MCT 보조원 모집",경남 창원시 마산회원구,마산회원구,2026-09-01,2026-10-31,월급 280 만원 이상 ~ 320 만원 이하,경력 2년,학력무관,https://www.work24.go.kr/wk/a/b/1500/empDetailAuthView.do?wantedAuthNo=K131112609010039&infoTypeCd=VALIDATION&infoTypeGroup=tb_workinfoworknet,http://www.work.go.kr/empInfo/empInfoSrch/detail/empDetailAuthView.do?callPage=detail&wantedAuthNo=K131112609010039,https://www.work24.go.kr/wk/a/b/1500/empDetailAuthView.do?wantedAuthNo=K131112609010039&infoTypeCd=VALIDATION&infoTypeGroup=tb_workinfoworknet,NOT_REQUESTED,,,,,,,,,,,,,,,,,,,,,,,,,,,,,,,,
work24_5gu_20260919_2138,2026-09-19T12:38:57+00:00,K131112609010011,기계,MAPPED,A,29111,내연기관 제조업,주식회사 프리텍,금속 가공 분야의 전문가 밀링 기능공을 찾고 있습니다.,경남 창원시 마산합포구,마산합포구,2026-09-01,2026-09-30,"시급 11,000 원 이상 ~ 14,000 원 이하",관계없음,학력무관,https://www.work24.go.kr/wk/a/b/1500/empDetailAuthView.do?wantedAuthNo=K131112609010011&infoTypeCd=VALIDATION&infoTypeGroup=tb_workinfoworknet,http://www.work.go.kr/empInfo/empInfoSrch/detail/empDetailAuthView.do?callPage=detail&wantedAuthNo=K131112609010011,https://www.work24.go.kr/wk/a/b/1500/empDetailAuthView.do?wantedAuthNo=K131112609010011&infoTypeCd=VALIDATION&infoTypeGroup=tb_workinfoworknet,NOT_REQUESTED,,,,,,,,,,,,,,,,,,,,,,,,,,,,,,,,
work24_5gu_20260919_2138,2026-09-19T12:38:57+00:00,K131112609010010,기계,MAPPED,A,29111,내연기관 제조업,주식회사 프리텍,성실한 CNC 및 밀링 요원을 모집합니다.,경남 창원시 마산합포구,마산합포구,2026-09-01,2026-09-30,"시급 10,320 원 이상 ~ 14,000 원 이하",경력 2년,학력무관,https://www.work24.go.kr/wk/a/b/1500/empDetailAuthView.do?wantedAuthNo=K131112609010010&infoTypeCd=VALIDATION&infoTypeGroup=tb_workinfoworknet,http://www.work.go.kr/empInfo/empInfoSrch/detail/empDetailAuthView.do?callPage=detail&wantedAuthNo=K131112609010010,https://www.work24.go.kr/wk/a/b/1500/empDetailAuthView.do?wantedAuthNo=K131112609010010&infoTypeCd=VALIDATION&infoTypeGroup=tb_workinfoworknet,NOT_REQUESTED,,,,,,,,,,,,,,,,,,,,,,,,,,,,,,,,
work24_5gu_20260919_2138,2026-09-19T12:38:57+00:00,K131112609010009,기계,MAPPED,A,29111,내연기관 제조업,주식회사 프리텍,금속 열처리 설비 가동 요원을 모집합니다.,경남 창원시 마산합포구,마산합포구,2026-09-01,2026-09-30,"시급 12,000 원 이상 ~ 15,000 원 이하",관계없음,학력무관,https://www.work24.go.kr/wk/a/b/1500/empDetailAuthView.do?wantedAuthNo=K131112609010009&infoTypeCd=VALIDATION&infoTypeGroup=tb_workinfoworknet,http://www.work.go.kr/empInfo/empInfoSrch/detail/empDetailAuthView.do?callPage=detail&wantedAuthNo=K131112609010009,https://www.work24.go.kr/wk/a/b/1500/empDetailAuthView.do?wantedAuthNo=K131112609010009&infoTypeCd=VALIDATION&infoTypeGroup=tb_workinfoworknet,NOT_REQUESTED,,,,,,,,,,,,,,,,,,,,,,,,,,,,,,,,
work24_5gu_20260919_2138,2026-09-19T12:38:57+00:00,K131112608310024,기계,MAPPED,C,25112,구조용 금속 판제품 및 공작물 제조업,주식회사 아이피테크,취부사 구인,경남 창원시 마산회원구,마산회원구,2026-08-31,2026-09-30,월급 300 만원 이상,경력 3년,학력무관,https://www.work24.go.kr/wk/a/b/1500/empDetailAuthView.do?wantedAuthNo=K131112608310024&infoTypeCd=VALIDATION&infoTypeGroup=tb_workinfoworknet,http://www.work.go.kr/empInfo/empInfoSrch/detail/empDetailAuthView.do?callPage=detail&wantedAuthNo=K131112608310024,https://www.work24.go.kr/wk/a/b/1500/empDetailAuthView.do?wantedAuthNo=K131112608310024&infoTypeCd=VALIDATION&infoTypeGroup=tb_workinfoworknet,NOT_REQUESTED,,,,,,,,,,,,,,,,,,,,,,,,,,,,,,,,
work24_5gu_20260919_2138,2026-09-19T12:38:57+00:00,K131112608310019,기계,MAPPED,A,29299,그 외 기타 특수목적용 기계 제조업,엔디티엔지니어링(주),항공기부품 MCT 기계가공 인원 채용(마산 봉암동 공장),경남 창원시 마산회원구,마산회원구,2026-08-31,2026-09-30,"시급 11,000 원 이상",경력 1년,학력무관,https://www.work24.go.kr/wk/a/b/1500/empDetailAuthView.do?wantedAuthNo=K131112608310019&infoTypeCd=VALIDATION&infoTypeGroup=tb_workinfoworknet,http://www.work.go.kr/empInfo/empInfoSrch/detail/empDetailAuthView.do?callPage=detail&wantedAuthNo=K131112608310019,https://www.work24.go.kr/wk/a/b/1500/empDetailAuthView.do?wantedAuthNo=K131112608310019&infoTypeCd=VALIDATION&infoTypeGroup=tb_workinfoworknet,NOT_REQUESTED,,,,,,,,,,,,,,,,,,,,,,,,,,,,,,,,
work24_5gu_20260919_2138,2026-09-19T12:38:57+00:00,K131112608270035,기계,MAPPED,C,25929,그 외 기타 금속가공업,효종（주）,제관 보조,경남 창원시 마산합포구,마산합포구,2026-08-27,2026-10-26,"시급 11,000 원 이상 ~ 16,000 원 이하",관계없음,학력무관,https://www.work24.go.kr/wk/a/b/1500/empDetailAuthView.do?wantedAuthNo=K131112608270035&infoTypeCd=VALIDATION&infoTypeGroup=tb_workinfoworknet,http://www.work.go.kr/empInfo/empInfoSrch/detail/empDetailAuthView.do?callPage=detail&wantedAuthNo=K131112608270035,https://www.work24.go.kr/wk/a/b/1500/empDetailAuthView.do?wantedAuthNo=K131112608270035&infoTypeCd=VALIDATION&infoTypeGroup=tb_workinfoworknet,NOT_REQUESTED,,,,,,,,,,,,,,,,,,,,,,,,,,,,,,,,
work24_5gu_20260919_2138,2026-09-19T12:38:57+00:00,K131112608270034,기계,MAPPED,C,25941,볼트 및 너트류 제조업,（유）현대기공,[경력]MCT (버티칼) 조작및 프로그램 작성 가능 경력자 구인,경남 창원시 마산합포구,마산합포구,2026-08-27,2026-09-25,"시급 12,000 원 이상",경력 5년,학력무관,https://www.work24.go.kr/wk/a/b/1500/empDetailAuthView.do?wantedAuthNo=K131112608270034&infoTypeCd=VALIDATION&infoTypeGroup=tb_workinfoworknet,http://www.work.go.kr/empInfo/empInfoSrch/detail/empDetailAuthView.do?callPage=detail&wantedAuthNo=K131112608270034,https://www.work24.go.kr/wk/a/b/1500/empDetailAuthView.do?wantedAuthNo=K131112608270034&infoTypeCd=VALIDATION&infoTypeGroup=tb_workinfoworknet,NOT_REQUESTED,,,,,,,,,,,,,,,,,,,,,,,,,,,,,,,,
work24_5gu_20260919_2138,2026-09-19T12:38:57+00:00,K131112608270029,기계,MAPPED,A,29299,그 외 기타 특수목적용 기계 제조업,(주)회도리,현장 A/S 직원 모집,경남 창원시 마산회원구,마산회원구,2026-08-27,2026-10-26,월급 240 만원 이상 ~ 240 만원 이하,관계없음,학력무관,https://www.work24.go.kr/wk/a/b/1500/empDetailAuthView.do?wantedAuthNo=K131112608270029&infoTypeCd=VALIDATION&infoTypeGroup=tb_workinfoworknet,http://www.work.go.kr/empInfo/empInfoSrch/detail/empDetailAuthView.do?callPage=detail&wantedAuthNo=K131112608270029,https://www.work24.go.kr/wk/a/b/1500/empDetailAuthView.do?wantedAuthNo=K131112608270029&infoTypeCd=VALIDATION&infoTypeGroup=tb_workinfoworknet,NOT_REQUESTED,,,,,,,,,,,,,,,,,,,,,,,,,,,,,,,,
work24_5gu_20260919_2138,2026-09-19T12:38:57+00:00,K131112608270015,기계,MAPPED,A,29223,금속 절삭기계 제조업,대원하이텍,"버티컬, 호리젠탈MCT 기능공 모집합니다",경남 창원시 마산회원구,마산회원구,2026-08-27,2026-10-26,"연봉 5,000 만원 이상 ~ 5,500 만원 이하",경력 5년,학력무관,https://www.work24.go.kr/wk/a/b/1500/empDetailAuthView.do?wantedAuthNo=K131112608270015&infoTypeCd=VALIDATION&infoTypeGroup=tb_workinfoworknet,http://www.work.go.kr/empInfo/empInfoSrch/detail/empDetailAuthView.do?callPage=detail&wantedAuthNo=K131112608270015,https://www.work24.go.kr/wk/a/b/1500/empDetailAuthView.do?wantedAuthNo=K131112608270015&infoTypeCd=VALIDATION&infoTypeGroup=tb_workinfoworknet,NOT_REQUESTED,,,,,,,,,,,,,,,,,,,,,,,,,,,,,,,,
work24_5gu_20260919_2138,2026-09-19T12:38:57+00:00,K131112608260033,기계,MAPPED,C,25923,도장 및 기타 피막처리업,주식회사현대델타코팅,친환경 자동 피막코팅작업 단순 작업자 구인,경남 창원시 마산합포구,마산합포구,2026-08-26,2026-09-25,"시급 10,320 원 이상",관계없음,학력무관,https://www.work24.go.kr/wk/a/b/1500/empDetailAuthView.do?wantedAuthNo=K131112608260033&infoTypeCd=VALIDATION&infoTypeGroup=tb_workinfoworknet,http://www.work.go.kr/empInfo/empInfoSrch/detail/empDetailAuthView.do?callPage=detail&wantedAuthNo=K131112608260033,https://www.work24.go.kr/wk/a/b/1500/empDetailAuthView.do?wantedAuthNo=K131112608260033&infoTypeCd=VALIDATION&infoTypeGroup=tb_workinfoworknet,NOT_REQUESTED,,,,,,,,,,,,,,,,,,,,,,,,,,,,,,,,
work24_5gu_20260919_2138,2026-09-19T12:38:57+00:00,K131112608260027,기계,MAPPED,A,29293,주형 및 금형 제조업,(주)부용,복합 CNC 선반  생산직,경남 창원시 마산합포구,마산합포구,2026-08-26,2026-09-22,"연봉 3,800 만원 이상 ~ 4,300 만원 이하",관계없음,학력무관,https://www.work24.go.kr/wk/a/b/1500/empDetailAuthView.do?wantedAuthNo=K131112608260027&infoTypeCd=VALIDATION&infoTypeGroup=tb_workinfoworknet,http://www.work.go.kr/empInfo/empInfoSrch/detail/empDetailAuthView.do?callPage=detail&wantedAuthNo=K131112608260027,https://www.work24.go.kr/wk/a/b/1500/empDetailAuthView.do?wantedAuthNo=K131112608260027&infoTypeCd=VALIDATION&infoTypeGroup=tb_workinfoworknet,NOT_REQUESTED,,,,,,,,,,,,,,,,,,,,,,,,,,,,,,,,
work24_5gu_20260919_2138,2026-09-19T12:38:57+00:00,K131112608250022,기계,MAPPED,C,25924,절삭가공 및 유사처리업,주식회사용강테크,"(주) 용강테크 구매, 자재 사무원 모집 합니다.",경남 창원시 마산회원구,마산회원구,2026-08-25,2026-09-25,"연봉 4,000 만원 이상",경력 1년,학력무관,https://www.work24.go.kr/wk/a/b/1500/empDetailAuthView.do?wantedAuthNo=K131112608250022&infoTypeCd=VALIDATION&infoTypeGroup=tb_workinfoworknet,http://www.work.go.kr/empInfo/empInfoSrch/detail/empDetailAuthView.do?callPage=detail&wantedAuthNo=K131112608250022,https://www.work24.go.kr/wk/a/b/1500/empDetailAuthView.do?wantedAuthNo=K131112608250022&infoTypeCd=VALIDATION&infoTypeGroup=tb_workinfoworknet,NOT_REQUESTED,,,,,,,,,,,,,,,,,,,,,,,,,,,,,,,,
work24_5gu_20260919_2138,2026-09-19T12:38:57+00:00,K131112608250020,기계,MAPPED,A,29199,그 외 기타 일반목적용 기계 제조업,정도산업,생산관리 및 납품 사원 채용,경남 창원시 마산회원구,마산회원구,2026-08-25,2026-10-24,월급 300 만원 이상 ~ 320 만원 이하,경력 3년 1개월,학력무관,https://www.work24.go.kr/wk/a/b/1500/empDetailAuthView.do?wantedAuthNo=K131112608250020&infoTypeCd=VALIDATION&infoTypeGroup=tb_workinfoworknet,http://www.work.go.kr/empInfo/empInfoSrch/detail/empDetailAuthView.do?callPage=detail&wantedAuthNo=K131112608250020,https://www.work24.go.kr/wk/a/b/1500/empDetailAuthView.do?wantedAuthNo=K131112608250020&infoTypeCd=VALIDATION&infoTypeGroup=tb_workinfoworknet,NOT_REQUESTED,,,,,,,,,,,,,,,,,,,,,,,,,,,,,,,,
work24_5gu_20260919_2138,2026-09-19T12:38:57+00:00,KEC0132608250006,기계,MAPPED,A,29221,전자 응용 절삭기계 제조업,지유테크,MCT가공 및 현장관리,경남 창원시 마산회원구,마산회원구,2026-08-25,2026-10-24,월급 300 만원 이상,경력 3년,학력무관,https://www.work24.go.kr/wk/a/b/1500/empDetailAuthView.do?wantedAuthNo=KEC0132608250006&infoTypeCd=VALIDATION&infoTypeGroup=tb_workinfoworknet,http://www.work.go.kr/empInfo/empInfoSrch/detail/empDetailAuthView.do?callPage=detail&wantedAuthNo=KEC0132608250006,https://www.work24.go.kr/wk/a/b/1500/empDetailAuthView.do?wantedAuthNo=KEC0132608250006&infoTypeCd=VALIDATION&infoTypeGroup=tb_workinfoworknet,NOT_REQUESTED,,,,,,,,,,,,,,,,,,,,,,,,,,,,,,,,
work24_5gu_20260919_2138,2026-09-19T12:38:57+00:00,K131112608240054,기계,MAPPED,A,29111,내연기관 제조업,주식회사 삼정이앤더블유,삼정이앤더블유 생산관리자(대리급) 모집,경남 창원시 마산합포구,마산합포구,2026-08-24,2026-10-23,월급 300 만원 이상,경력 1년 1개월,학력무관,https://www.work24.go.kr/wk/a/b/1500/empDetailAuthView.do?wantedAuthNo=K131112608240054&infoTypeCd=VALIDATION&infoTypeGroup=tb_workinfoworknet,http://www.work.go.kr/empInfo/empInfoSrch/detail/empDetailAuthView.do?callPage=detail&wantedAuthNo=K131112608240054,https://www.work24.go.kr/wk/a/b/1500/empDetailAuthView.do?wantedAuthNo=K131112608240054&infoTypeCd=VALIDATION&infoTypeGroup=tb_workinfoworknet,NOT_REQUESTED,,,,,,,,,,,,,,,,,,,,,,,,,,,,,,,,
work24_5gu_20260919_2138,2026-09-19T12:38:57+00:00,K131112608240053,기계,MAPPED,A,29111,내연기관 제조업,주식회사 삼정이앤더블유,삼정이앤 더블유 생산직 모집 (보링 및 프라노밀러),경남 창원시 마산합포구,마산합포구,2026-08-24,2026-10-23,"시급 14,000 원 이상",경력 1년,학력무관,https://www.work24.go.kr/wk/a/b/1500/empDetailAuthView.do?wantedAuthNo=K131112608240053&infoTypeCd=VALIDATION&infoTypeGroup=tb_workinfoworknet,http://www.work.go.kr/empInfo/empInfoSrch/detail/empDetailAuthView.do?callPage=detail&wantedAuthNo=K131112608240053,https://www.work24.go.kr/wk/a/b/1500/empDetailAuthView.do?wantedAuthNo=K131112608240053&infoTypeCd=VALIDATION&infoTypeGroup=tb_workinfoworknet,NOT_REQUESTED,,,,,,,,,,,,,,,,,,,,,,,,,,,,,,,,
work24_5gu_20260919_2138,2026-09-19T12:38:57+00:00,K131112608240052,기계,MAPPED,A,29111,내연기관 제조업,주식회사 삼정이앤더블유,[삼정이앤더블유] NC선반 작업자 모집,경남 창원시 마산합포구,마산합포구,2026-08-24,2026-10-23,"시급 12,000 원 이상",관계없음,학력무관,https://www.work24.go.kr/wk/a/b/1500/empDetailAuthView.do?wantedAuthNo=K131112608240052&infoTypeCd=VALIDATION&infoTypeGroup=tb_workinfoworknet,http://www.work.go.kr/empInfo/empInfoSrch/detail/empDetailAuthView.do?callPage=detail&wantedAuthNo=K131112608240052,https://www.work24.go.kr/wk/a/b/1500/empDetailAuthView.do?wantedAuthNo=K131112608240052&infoTypeCd=VALIDATION&infoTypeGroup=tb_workinfoworknet,NOT_REQUESTED,,,,,,,,,,,,,,,,,,,,,,,,,,,,,,,,
work24_5gu_20260919_2138,2026-09-19T12:38:57+00:00,K131112608240051,기계,MAPPED,A,29111,내연기관 제조업,주식회사 삼정이앤더블유,[삼정이앤더블유] NC보링 작업자 모집(MCT 작업자 우대),경남 창원시 마산합포구,마산합포구,2026-08-24,2026-10-23,"시급 14,000 원 이상",관계없음,학력무관,https://www.work24.go.kr/wk/a/b/1500/empDetailAuthView.do?wantedAuthNo=K131112608240051&infoTypeCd=VALIDATION&infoTypeGroup=tb_workinfoworknet,http://www.work.go.kr/empInfo/empInfoSrch/detail/empDetailAuthView.do?callPage=detail&wantedAuthNo=K131112608240051,https://www.work24.go.kr/wk/a/b/1500/empDetailAuthView.do?wantedAuthNo=K131112608240051&infoTypeCd=VALIDATION&infoTypeGroup=tb_workinfoworknet,NOT_REQUESTED,,,,,,,,,,,,,,,,,,,,,,,,,,,,,,,,
work24_5gu_20260919_2138,2026-09-19T12:38:57+00:00,K131112608240050,기계,MAPPED,A,29111,내연기관 제조업,주식회사 삼정이앤더블유,[삼정이앤더블유] 원통 연마기 작업자 모집,경남 창원시 마산합포구,마산합포구,2026-08-24,2026-10-23,"시급 13,000 원 이상",관계없음,학력무관,https://www.work24.go.kr/wk/a/b/1500/empDetailAuthView.do?wantedAuthNo=K131112608240050&infoTypeCd=VALIDATION&infoTypeGroup=tb_workinfoworknet,http://www.work.go.kr/empInfo/empInfoSrch/detail/empDetailAuthView.do?callPage=detail&wantedAuthNo=K131112608240050,https://www.work24.go.kr/wk/a/b/1500/empDetailAuthView.do?wantedAuthNo=K131112608240050&infoTypeCd=VALIDATION&infoTypeGroup=tb_workinfoworknet,NOT_REQUESTED,,,,,,,,,,,,,,,,,,,,,,,,,,,,,,,,
work24_5gu_20260919_2138,2026-09-19T12:38:57+00:00,K131112608240043,기계,MAPPED,A,29229,기타 가공 공작기계 제조업,（주）성우,[MCT 생산관리] 신입 채용,경남 창원시 마산합포구,마산합포구,2026-08-24,2026-10-23,"연봉 3,100 만원 이상",관계없음,학력무관,https://www.work24.go.kr/wk/a/b/1500/empDetailAuthView.do?wantedAuthNo=K131112608240043&infoTypeCd=VALIDATION&infoTypeGroup=tb_workinfoworknet,http://www.work.go.kr/empInfo/empInfoSrch/detail/empDetailAuthView.do?callPage=detail&wantedAuthNo=K131112608240043,https://www.work24.go.kr/wk/a/b/1500/empDetailAuthView.do?wantedAuthNo=K131112608240043&infoTypeCd=VALIDATION&infoTypeGroup=tb_workinfoworknet,NOT_REQUESTED,,,,,,,,,,,,,,,,,,,,,,,,,,,,,,,,
work24_5gu_20260919_2138,2026-09-19T12:38:57+00:00,K131112608240007,기계,MAPPED,A,29292,인쇄 및 제책용 기계 제조업,드림팩토리,CNC 고속가공기(조각기)·Fusion 360 담당자 모집 / MCT 경험자 지원 가능,경남 창원시 마산회원구,마산회원구,2026-08-24,2026-10-22,월급 300 만원 이상 ~ 350 만원 이하,관계없음,학력무관,https://www.work24.go.kr/wk/a/b/1500/empDetailAuthView.do?wantedAuthNo=K131112608240007&infoTypeCd=VALIDATION&infoTypeGroup=tb_workinfoworknet,http://www.work.go.kr/empInfo/empInfoSrch/detail/empDetailAuthView.do?callPage=detail&wantedAuthNo=K131112608240007,https://www.work24.go.kr/wk/a/b/1500/empDetailAuthView.do?wantedAuthNo=K131112608240007&infoTypeCd=VALIDATION&infoTypeGroup=tb_workinfoworknet,NOT_REQUESTED,,,,,,,,,,,,,,,,,,,,,,,,,,,,,,,,
work24_5gu_20260919_2138,2026-09-19T12:38:57+00:00,K131112608200042,기계,MAPPED,A,29150,"산업용 오븐, 노 및 노용 버너 제조업",삼일테크(주),생산직 사원 모집,경남 창원시 마산회원구,마산회원구,2026-08-20,2026-10-19,"시급 10,320 원 이상 ~ 10,320 원 이하",관계없음,학력무관,https://www.work24.go.kr/wk/a/b/1500/empDetailAuthView.do?wantedAuthNo=K131112608200042&infoTypeCd=VALIDATION&infoTypeGroup=tb_workinfoworknet,http://www.work.go.kr/empInfo/empInfoSrch/detail/empDetailAuthView.do?callPage=detail&wantedAuthNo=K131112608200042,https://www.work24.go.kr/wk/a/b/1500/empDetailAuthView.do?wantedAuthNo=K131112608200042&infoTypeCd=VALIDATION&infoTypeGroup=tb_workinfoworknet,NOT_REQUESTED,,,,,,,,,,,,,,,,,,,,,,,,,,,,,,,,
work24_5gu_20260919_2138,2026-09-19T12:38:57+00:00,K131112608200029,기계,MAPPED,C,25924,절삭가공 및 유사처리업,（주）삼호엠．테크,"CNC선반, MCT가공사원 모집",경남 창원시 마산회원구,마산회원구,2026-08-20,2026-10-19,"시급 10,320 원 이상",관계없음,학력무관,https://www.work24.go.kr/wk/a/b/1500/empDetailAuthView.do?wantedAuthNo=K131112608200029&infoTypeCd=VALIDATION&infoTypeGroup=tb_workinfoworknet,http://www.work.go.kr/empInfo/empInfoSrch/detail/empDetailAuthView.do?callPage=detail&wantedAuthNo=K131112608200029,https://www.work24.go.kr/wk/a/b/1500/empDetailAuthView.do?wantedAuthNo=K131112608200029&infoTypeCd=VALIDATION&infoTypeGroup=tb_workinfoworknet,NOT_REQUESTED,,,,,,,,,,,,,,,,,,,,,,,,,,,,,,,,
work24_5gu_20260919_2138,2026-09-19T12:38:57+00:00,K131112608200008,기계,MAPPED,C,25924,절삭가공 및 유사처리업,주식회사용강테크,(주) 용강테크 품질관리 사원(경력직) 채용 합니다.,경남 창원시 마산회원구,마산회원구,2026-08-20,2026-09-28,"연봉 4,000 만원 이상",경력 1년,학력무관,https://www.work24.go.kr/wk/a/b/1500/empDetailAuthView.do?wantedAuthNo=K131112608200008&infoTypeCd=VALIDATION&infoTypeGroup=tb_workinfoworknet,http://www.work.go.kr/empInfo/empInfoSrch/detail/empDetailAuthView.do?callPage=detail&wantedAuthNo=K131112608200008,https://www.work24.go.kr/wk/a/b/1500/empDetailAuthView.do?wantedAuthNo=K131112608200008&infoTypeCd=VALIDATION&infoTypeGroup=tb_workinfoworknet,NOT_REQUESTED,,,,,,,,,,,,,,,,,,,,,,,,,,,,,,,,
work24_5gu_20260919_2138,2026-09-19T12:38:57+00:00,KF10792608190010,기계,MAPPED,A,29142,기어 및 동력전달장치 제조업,(주)가유,CNC/MCT 생산직 채용(주야2교대),경남 창원시 마산회원구,마산회원구,2026-08-19,2026-10-18,"시급 10,320 원 이상",관계없음,학력무관,https://www.work24.go.kr/wk/a/b/1500/empDetailAuthView.do?wantedAuthNo=KF10792608190010&infoTypeCd=VALIDATION&infoTypeGroup=tb_workinfoworknet,http://www.work.go.kr/empInfo/empInfoSrch/detail/empDetailAuthView.do?callPage=detail&wantedAuthNo=KF10792608190010,https://www.work24.go.kr/wk/a/b/1500/empDetailAuthView.do?wantedAuthNo=KF10792608190010&infoTypeCd=VALIDATION&infoTypeGroup=tb_workinfoworknet,NOT_REQUESTED,,,,,,,,,,,,,,,,,,,,,,,,,,,,,,,,
work24_5gu_20260919_2138,2026-09-19T12:38:57+00:00,K131112608180006,기계,MAPPED,C,25924,절삭가공 및 유사처리업,정민테크니션,밀링조작원,경남 창원시 마산회원구,마산회원구,2026-08-18,2026-10-16,월급 400 만원 이상 ~ 450 만원 이하,경력 10년 10개월,학력무관,https://www.work24.go.kr/wk/a/b/1500/empDetailAuthView.do?wantedAuthNo=K131112608180006&infoTypeCd=VALIDATION&infoTypeGroup=tb_workinfoworknet,http://www.work.go.kr/empInfo/empInfoSrch/detail/empDetailAuthView.do?callPage=detail&wantedAuthNo=K131112608180006,https://www.work24.go.kr/wk/a/b/1500/empDetailAuthView.do?wantedAuthNo=K131112608180006&infoTypeCd=VALIDATION&infoTypeGroup=tb_workinfoworknet,NOT_REQUESTED,,,,,,,,,,,,,,,,,,,,,,,,,,,,,,,,
work24_5gu_20260919_2138,2026-09-19T12:38:57+00:00,K131112608140026,기계,MAPPED,C,25942,그 외 금속파스너 및 나사제품 제조업,(주)케이엠에스,전조 중견 기술자 모집합니다.,경남 창원시 마산회원구,마산회원구,2026-08-14,2026-10-13,"연봉 4,000 만원 이상 ~ 4,300 만원 이하",경력 2년,학력무관,https://www.work24.go.kr/wk/a/b/1500/empDetailAuthView.do?wantedAuthNo=K131112608140026&infoTypeCd=VALIDATION&infoTypeGroup=tb_workinfoworknet,http://www.work.go.kr/empInfo/empInfoSrch/detail/empDetailAuthView.do?callPage=detail&wantedAuthNo=K131112608140026,https://www.work24.go.kr/wk/a/b/1500/empDetailAuthView.do?wantedAuthNo=K131112608140026&infoTypeCd=VALIDATION&infoTypeGroup=tb_workinfoworknet,NOT_REQUESTED,,,,,,,,,,,,,,,,,,,,,,,,,,,,,,,,
work24_5gu_20260919_2138,2026-09-19T12:38:57+00:00,K131112608140025,기계,MAPPED,A,29229,기타 가공 공작기계 제조업,（주）성우,[품질관리] 품질 검사 신입 채용,경남 창원시 마산합포구,마산합포구,2026-08-14,2026-10-13,"연봉 3,100 만원 이상",신입,학력무관,https://www.work24.go.kr/wk/a/b/1500/empDetailAuthView.do?wantedAuthNo=K131112608140025&infoTypeCd=VALIDATION&infoTypeGroup=tb_workinfoworknet,http://www.work.go.kr/empInfo/empInfoSrch/detail/empDetailAuthView.do?callPage=detail&wantedAuthNo=K131112608140025,https://www.work24.go.kr/wk/a/b/1500/empDetailAuthView.do?wantedAuthNo=K131112608140025&infoTypeCd=VALIDATION&infoTypeGroup=tb_workinfoworknet,NOT_REQUESTED,,,,,,,,,,,,,,,,,,,,,,,,,,,,,,,,
work24_5gu_20260919_2138,2026-09-19T12:38:57+00:00,KF10792608140011,기계,MAPPED,A,29142,기어 및 동력전달장치 제조업,(주)가유,"자동차/중장비 부품 검사, 사상, 포장 사원모집",경남 창원시 마산회원구,마산회원구,2026-08-14,2026-10-13,"시급 10,320 원 이상",관계없음,학력무관,https://www.work24.go.kr/wk/a/b/1500/empDetailAuthView.do?wantedAuthNo=KF10792608140011&infoTypeCd=VALIDATION&infoTypeGroup=tb_workinfoworknet,http://www.work.go.kr/empInfo/empInfoSrch/detail/empDetailAuthView.do?callPage=detail&wantedAuthNo=KF10792608140011,https://www.work24.go.kr/wk/a/b/1500/empDetailAuthView.do?wantedAuthNo=KF10792608140011&infoTypeCd=VALIDATION&infoTypeGroup=tb_workinfoworknet,NOT_REQUESTED,,,,,,,,,,,,,,,,,,,,,,,,,,,,,,,,
work24_5gu_20260919_2138,2026-09-19T12:38:57+00:00,K131112608120040,기계,MAPPED,C,25924,절삭가공 및 유사처리업,영진기업,"CNC,MCT 선반 경력자 모집",경남 창원시 마산회원구,마산회원구,2026-08-12,2026-10-11,"연봉 4,000 만원 이상",경력 5년 10개월,학력무관,https://www.work24.go.kr/wk/a/b/1500/empDetailAuthView.do?wantedAuthNo=K131112608120040&infoTypeCd=VALIDATION&infoTypeGroup=tb_workinfoworknet,http://www.work.go.kr/empInfo/empInfoSrch/detail/empDetailAuthView.do?callPage=detail&wantedAuthNo=K131112608120040,https://www.work24.go.kr/wk/a/b/1500/empDetailAuthView.do?wantedAuthNo=K131112608120040&infoTypeCd=VALIDATION&infoTypeGroup=tb_workinfoworknet,NOT_REQUESTED,,,,,,,,,,,,,,,,,,,,,,,,,,,,,,,,
work24_5gu_20260919_2138,2026-09-19T12:38:57+00:00,K131112608120009,기계,MAPPED,A,29111,내연기관 제조업,주식회사 프리텍,도전과 열정이 함께하는 인재를 모집합니다. [ 기업부설연구소 연구원 ],경남 창원시 마산합포구,마산합포구,2026-08-12,2026-09-30,"연봉 3,700 만원 이상",신입,학력무관,https://www.work24.go.kr/wk/a/b/1500/empDetailAuthView.do?wantedAuthNo=K131112608120009&infoTypeCd=VALIDATION&infoTypeGroup=tb_workinfoworknet,http://www.work.go.kr/empInfo/empInfoSrch/detail/empDetailAuthView.do?callPage=detail&wantedAuthNo=K131112608120009,https://www.work24.go.kr/wk/a/b/1500/empDetailAuthView.do?wantedAuthNo=K131112608120009&infoTypeCd=VALIDATION&infoTypeGroup=tb_workinfoworknet,NOT_REQUESTED,,,,,,,,,,,,,,,,,,,,,,,,,,,,,,,,
work24_5gu_20260919_2138,2026-09-19T12:38:57+00:00,KF10792608110001,기계,MAPPED,A,29221,전자 응용 절삭기계 제조업,하나테크,생산직 채용 (마산 자유무역 1공구),경남 창원시 마산회원구,마산회원구,2026-08-11,2026-10-09,"시급 10,320 원 이상 ~ 10,320 원 이하",신입,학력무관,https://www.work24.go.kr/wk/a/b/1500/empDetailAuthView.do?wantedAuthNo=KF10792608110001&infoTypeCd=VALIDATION&infoTypeGroup=tb_workinfoworknet,http://www.work.go.kr/empInfo/empInfoSrch/detail/empDetailAuthView.do?callPage=detail&wantedAuthNo=KF10792608110001,https://www.work24.go.kr/wk/a/b/1500/empDetailAuthView.do?wantedAuthNo=KF10792608110001&infoTypeCd=VALIDATION&infoTypeGroup=tb_workinfoworknet,NOT_REQUESTED,,,,,,,,,,,,,,,,,,,,,,,,,,,,,,,,
work24_5gu_20260919_2138,2026-09-19T12:38:57+00:00,K131112608100004,기계,MAPPED,A,29223,금속 절삭기계 제조업,동원하이테크,원통연마 기술자 모집,경남 창원시 마산회원구,마산회원구,2026-08-10,2026-10-06,"연봉 5,000 만원 이상",경력 5년 6개월,학력무관,https://www.work24.go.kr/wk/a/b/1500/empDetailAuthView.do?wantedAuthNo=K131112608100004&infoTypeCd=VALIDATION&infoTypeGroup=tb_workinfoworknet,http://www.work.go.kr/empInfo/empInfoSrch/detail/empDetailAuthView.do?callPage=detail&wantedAuthNo=K131112608100004,https://www.work24.go.kr/wk/a/b/1500/empDetailAuthView.do?wantedAuthNo=K131112608100004&infoTypeCd=VALIDATION&infoTypeGroup=tb_workinfoworknet,NOT_REQUESTED,,,,,,,,,,,,,,,,,,,,,,,,,,,,,,,,
work24_5gu_20260919_2138,2026-09-19T12:38:57+00:00,K131112608070008,기계,MAPPED,A,29229,기타 가공 공작기계 제조업,（주）성우,[공작기계 제어/전기] 신입 채용,경남 창원시 마산합포구,마산합포구,2026-08-07,2026-10-06,"연봉 3,000 만원 이상 ~ 4,000 만원 이하",관계없음,학력무관,https://www.work24.go.kr/wk/a/b/1500/empDetailAuthView.do?wantedAuthNo=K131112608070008&infoTypeCd=VALIDATION&infoTypeGroup=tb_workinfoworknet,http://www.work.go.kr/empInfo/empInfoSrch/detail/empDetailAuthView.do?callPage=detail&wantedAuthNo=K131112608070008,https://www.work24.go.kr/wk/a/b/1500/empDetailAuthView.do?wantedAuthNo=K131112608070008&infoTypeCd=VALIDATION&infoTypeGroup=tb_workinfoworknet,NOT_REQUESTED,,,,,,,,,,,,,,,,,,,,,,,,,,,,,,,,
work24_5gu_20260919_2138,2026-09-19T12:38:57+00:00,K131112608040016,기계,MAPPED,C,25924,절삭가공 및 유사처리업,주식회사용강테크,(주) 용강테크 MCT 생산직 사원(경력직) 모집 합니다.,경남 창원시 마산회원구,마산회원구,2026-08-04,2026-10-02,"연봉 4,300 만원 이상",경력 1년,학력무관,https://www.work24.go.kr/wk/a/b/1500/empDetailAuthView.do?wantedAuthNo=K131112608040016&infoTypeCd=VALIDATION&infoTypeGroup=tb_workinfoworknet,http://www.work.go.kr/empInfo/empInfoSrch/detail/empDetailAuthView.do?callPage=detail&wantedAuthNo=K131112608040016,https://www.work24.go.kr/wk/a/b/1500/empDetailAuthView.do?wantedAuthNo=K131112608040016&infoTypeCd=VALIDATION&infoTypeGroup=tb_workinfoworknet,NOT_REQUESTED,,,,,,,,,,,,,,,,,,,,,,,,,,,,,,,,
work24_5gu_20260919_2138,2026-09-19T12:38:57+00:00,K131112608030015,기계,MAPPED,A,29229,기타 가공 공작기계 제조업,（주）성우,[구매] 신입 채용,경남 창원시 마산합포구,마산합포구,2026-08-03,2026-10-02,"연봉 3,000 만원 이상",관계없음,학력무관,https://www.work24.go.kr/wk/a/b/1500/empDetailAuthView.do?wantedAuthNo=K131112608030015&infoTypeCd=VALIDATION&infoTypeGroup=tb_workinfoworknet,http://www.work.go.kr/empInfo/empInfoSrch/detail/empDetailAuthView.do?callPage=detail&wantedAuthNo=K131112608030015,https://www.work24.go.kr/wk/a/b/1500/empDetailAuthView.do?wantedAuthNo=K131112608030015&infoTypeCd=VALIDATION&infoTypeGroup=tb_workinfoworknet,NOT_REQUESTED,,,,,,,,,,,,,,,,,,,,,,,,,,,,,,,,
work24_5gu_20260919_2138,2026-09-19T12:38:57+00:00,K131112607310019,목재종이,MAPPED,A,17211,골판지 제조업,호산산업주식회사,생산직모집,경남 창원시 마산합포구,마산합포구,2026-07-31,2026-09-29,월급 250 만원 이상,관계없음,학력무관,https://www.work24.go.kr/wk/a/b/1500/empDetailAuthView.do?wantedAuthNo=K131112607310019&infoTypeCd=VALIDATION&infoTypeGroup=tb_workinfoworknet,http://www.work.go.kr/empInfo/empInfoSrch/detail/empDetailAuthView.do?callPage=detail&wantedAuthNo=K131112607310019,https://www.work24.go.kr/wk/a/b/1500/empDetailAuthView.do?wantedAuthNo=K131112607310019&infoTypeCd=VALIDATION&infoTypeGroup=tb_workinfoworknet,SUCCESS,200,,호산산업주식회사,생산직모집,work24,2026-09-23T04:38:22+00:00,CURRENT_DETAIL_HTML,2명,2,"인쇄, 목재, 가구 및 기타 제조 분야 단순 종사원",기타 제조 관련 단순 종사원,"수포장원(인쇄, 목재, 가구, 기타)","골판지 박스 생산후 시아기(뜯어냄)작업, 기타 직원들과 같이 단순노무 작업","골판지 박스 생산후 시아기(뜯어냄)작업, 기타 직원들과 같이 단순노무 작업",기간의 정함이 없는 근로계약,관계없음,학력무관,월급 250만원 이상 협의가능,"주 소정근로시간 도움말 ※ ""주소정근로시간"" 이란 근로자와 사용자가 정한 1주 동안 근로하는 근로시간을 말합니다. 닫기 : 40시간 상세 근무시간 (근무시간) (오전) 8시 30분 ~ (오후) 5시 30분",주 5일 근무,관계없음,,,-,"경상남도 창원시 마산합포구 진북면 진북산업로 341, 호산산업 지도 보기 길찾기",창원시,마산합포구,진북면,2026.07.31 16:37:27,채용시까지 (마감시간 : 24시),True,False
work24_5gu_20260919_2138,2026-09-19T12:38:57+00:00,K131112607240010,기계,MAPPED,C,25111,"금속 문, 창, 셔터 및 관련제품 제조업",(주)태광환경,수처리시설시공/ 수처리시설 시운전 가능한 직원을 모집합니다.,경남 창원시 마산회원구,마산회원구,2026-07-24,2026-09-23,"연봉 3,500 만원 이상 ~ 5,000 만원 이하",관계없음,학력무관,https://www.work24.go.kr/wk/a/b/1500/empDetailAuthView.do?wantedAuthNo=K131112607240010&infoTypeCd=VALIDATION&infoTypeGroup=tb_workinfoworknet,http://www.work.go.kr/empInfo/empInfoSrch/detail/empDetailAuthView.do?callPage=detail&wantedAuthNo=K131112607240010,https://www.work24.go.kr/wk/a/b/1500/empDetailAuthView.do?wantedAuthNo=K131112607240010&infoTypeCd=VALIDATION&infoTypeGroup=tb_workinfoworknet,NOT_REQUESTED,,,,,,,,,,,,,,,,,,,,,,,,,,,,,,,,
work24_5gu_20260919_2138,2026-09-19T12:38:57+00:00,K131112607230045,기계,MAPPED,C,25999,그 외 기타 분류 안된 금속 가공 제품 제조업,화성지엔아이주식회사,화성지엔아이(주) 자재 입고 물품 검수 담당자 구인,경남 창원시 마산회원구,마산회원구,2026-07-23,2026-09-22,"시급 12,000 원 이상 ~ 12,000 원 이하",관계없음,학력무관,https://www.work24.go.kr/wk/a/b/1500/empDetailAuthView.do?wantedAuthNo=K131112607230045&infoTypeCd=VALIDATION&infoTypeGroup=tb_workinfoworknet,http://www.work.go.kr/empInfo/empInfoSrch/detail/empDetailAuthView.do?callPage=detail&wantedAuthNo=K131112607230045,https://www.work24.go.kr/wk/a/b/1500/empDetailAuthView.do?wantedAuthNo=K131112607230045&infoTypeCd=VALIDATION&infoTypeGroup=tb_workinfoworknet,FAILED,200,ValueError: detail content did not contain company and title,,,,2026-09-23T04:38:26+00:00,,,,,,,,,,,,,,,,,,,,,,,,,,
work24_5gu_20260919_2138,2026-09-19T12:38:57+00:00,K131112607230044,기계,MAPPED,C,25999,그 외 기타 분류 안된 금속 가공 제품 제조업,화성지엔아이주식회사,"화성지엔아이(주) 자재 취합, 포장 및 지게차 운전 담당자 구인",경남 창원시 마산회원구,마산회원구,2026-07-23,2026-09-22,"시급 12,500 원 이상 ~ 12,500 원 이하",관계없음,학력무관,https://www.work24.go.kr/wk/a/b/1500/empDetailAuthView.do?wantedAuthNo=K131112607230044&infoTypeCd=VALIDATION&infoTypeGroup=tb_workinfoworknet,http://www.work.go.kr/empInfo/empInfoSrch/detail/empDetailAuthView.do?callPage=detail&wantedAuthNo=K131112607230044,https://www.work24.go.kr/wk/a/b/1500/empDetailAuthView.do?wantedAuthNo=K131112607230044&infoTypeCd=VALIDATION&infoTypeGroup=tb_workinfoworknet,FAILED,200,ValueError: detail content did not contain company and title,,,,2026-09-23T04:38:22+00:00,,,,,,,,,,,,,,,,,,,,,,,,,,
work24_5gu_20260919_2138,2026-09-19T12:38:57+00:00,K131112607230031,기계,MAPPED,A,29299,그 외 기타 특수목적용 기계 제조업,세븐텍 (주),세븐텍(주) 조립반 사원 모집(계약직),경남 창원시 마산회원구,마산회원구,2026-07-23,2026-09-22,"시급 11,187 원 이상",관계없음,학력무관,https://www.work24.go.kr/wk/a/b/1500/empDetailAuthView.do?wantedAuthNo=K131112607230031&infoTypeCd=VALIDATION&infoTypeGroup=tb_workinfoworknet,http://www.work.go.kr/empInfo/empInfoSrch/detail/empDetailAuthView.do?callPage=detail&wantedAuthNo=K131112607230031,https://www.work24.go.kr/wk/a/b/1500/empDetailAuthView.do?wantedAuthNo=K131112607230031&infoTypeCd=VALIDATION&infoTypeGroup=tb_workinfoworknet,FAILED,200,ValueError: detail content did not contain company and title,,,,2026-09-23T04:38:18+00:00,,,,,,,,,,,,,,,,,,,,,,,,,,
work24_5gu_20260919_2138,2026-09-19T12:38:57+00:00,KF10532607220004,기계,MAPPED,A,,공기 조화장치 제조업,그린산업주식회사,생산직 모집,경남 창원시 마산회원구,마산회원구,2026-07-22,2026-09-21,"시급 10,700 원 이상 ~ 10,700 원 이하",경력 1년,고졸|대졸(2~3년),https://www.work24.go.kr/wk/a/b/1500/empDetailAuthView.do?wantedAuthNo=KF10532607220004&infoTypeCd=VALIDATION&infoTypeGroup=tb_workinfoworknet,http://www.work.go.kr/empInfo/empInfoSrch/detail/empDetailAuthView.do?callPage=detail&wantedAuthNo=KF10532607220004,https://www.work24.go.kr/wk/a/b/1500/empDetailAuthView.do?wantedAuthNo=KF10532607220004&infoTypeCd=VALIDATION&infoTypeGroup=tb_workinfoworknet,NOT_REQUESTED,,,,,,,,,,,,,,,,,,,,,,,,,,,,,,,,
