quarter,quarter_end,complex_nm,complex_type,industry,production,employment,op_rate_official,op_rate_approx,firms_in,firms_op,production_yoy,employment_yoy,production_yoy_valid,employment_yoy_valid,quadrant_yoy_valid,review_required,classification_break,production_source,employment_source,op_rate_source,firms_in_source,firms_op_source,production_is_revised,employment_is_revised,op_rate_is_revised,firms_in_is_revised,firms_op_is_revised,production_masked,employment_masked,op_rate_masked,firms_in_masked,firms_op_masked,production_invalid_source,employment_invalid_source,op_rate_invalid_source,firms_in_invalid_source,firms_op_invalid_source,production_note,employment_note,op_rate_note,firms_in_note,firms_op_note,quarter_index,in_main_period,classification_event_recorded,classification_scope_verified,production_lag4,production_current_missing,production_lag4_missing,production_lag4_absent,production_current_zero,production_denominator_zero,production_classification_risk,production_yoy_computable,production_yoy_reason,employment_lag4,employment_current_missing,employment_lag4_missing,employment_lag4_absent,employment_current_zero,employment_denominator_zero,employment_classification_risk,employment_yoy_computable,employment_yoy_reason,firms_in_lag4,firms_in_current_missing,firms_in_lag4_missing,firms_in_lag4_absent,firms_in_current_zero,firms_in_denominator_zero,firms_in_classification_risk,firms_in_yoy,firms_in_yoy_computable,firms_in_yoy_valid,firms_in_yoy_reason,firms_op_lag4,firms_op_current_missing,firms_op_lag4_missing,firms_op_lag4_absent,firms_op_current_zero,firms_op_denominator_zero,firms_op_classification_risk,firms_op_yoy,firms_op_yoy_computable,firms_op_yoy_valid,firms_op_yoy_reason,missing_flag,classification_comparison_risk,analysis_exclusion_reason,op_rate_official_valid,op_rate_official_qoq_pp,op_rate_official_yoy_pp,production_share,employment_share,active_firm_ratio,threshold,valid_state,exact_zero,neutral,state,valid_four_state,previous_state,previous_valid_state,next_state,state_start_quarter,run_id,transition_type,run_length,run_total_length,valid_transition,valid_transition5,valid_previous_transition,run_left_censored,run_right_censored,transition_changed,recent4_S1_count,recent4_S2_count,recent4_S3_count,recent4_S4_count,recent4_N_count,recent4_valid_n,recent4_window_n
2018Q1,2018-03-31,창원,국가,기계,65954.0,75398.0,,83.6,1672.0,1560.0,,,False,False,False,False,0,data_portal_monthly,data_portal_monthly,data_portal_monthly,data_portal_monthly,data_portal_monthly,0,0,0,0,0,0,0,0,0,0,0,0,0,0,0,월별 3개월 합,월별: 분기말 값,월별 단순평균(근사),월별: 분기말 값,월별: 분기말 값,192,False,False,False,,False,True,True,False,False,False,False,lag4_not_observed,,False,True,True,False,False,False,False,lag4_not_observed,,False,True,True,False,False,False,,False,False,lag4_not_observed,,False,True,True,False,False,False,,False,False,lag4_not_observed,False,False,lag4_not_observed;lag4_not_observed,False,,,0.48301671231672844,0.5998583851129339,0.9330143540669856,0,False,False,False,INVALID,False,,,INVALID,,,,,,False,False,False,False,False,,0.0,0.0,0.0,0.0,0.0,0.0,1.0
2018Q2,2018-06-30,창원,국가,기계,64125.0,76200.0,,87.0,1660.0,1545.0,,,False,False,False,False,0,data_portal_monthly,data_portal_monthly,data_portal_monthly,data_portal_monthly,data_portal_monthly,0,0,0,0,0,0,0,0,0,0,0,0,0,0,0,월별 3개월 합,월별: 분기말 값,월별 단순평균(근사),월별: 분기말 값,월별: 분기말 값,193,False,False,False,,False,True,True,False,False,False,False,lag4_not_observed,,False,True,True,False,False,False,False,lag4_not_observed,,False,True,True,False,False,False,,False,False,lag4_not_observed,,False,True,True,False,False,False,,False,False,lag4_not_observed,False,False,lag4_not_observed;lag4_not_observed,False,,,0.4732681889972988,0.6054682844270697,0.9307228915662651,0,False,False,False,INVALID,False,INVALID,,INVALID,,,,,,False,False,False,False,False,,0.0,0.0,0.0,0.0,0.0,0.0,2.0
2018Q3,2018-09-30,창원,국가,기계,59355.0,75063.0,,77.0,1652.0,1538.0,,,False,False,False,False,0,data_portal_monthly,data_portal_monthly,data_portal_monthly,data_portal_monthly,data_portal_monthly,0,0,0,0,0,0,0,0,0,0,0,0,0,0,0,월별 3개월 합,월별: 분기말 값,월별 단순평균(근사),월별: 분기말 값,월별: 분기말 값,194,False,False,False,,False,True,True,False,False,False,False,lag4_not_observed,,False,True,True,False,False,False,False,lag4_not_observed,,False,True,True,False,False,False,,False,False,lag4_not_observed,,False,True,True,False,False,False,,False,False,lag4_not_observed,False,False,lag4_not_observed;lag4_not_observed,False,,,0.47777929824278964,0.6060652547778415,0.9309927360774818,0,False,False,False,INVALID,False,INVALID,,INVALID,,,,,,False,False,False,False,False,,0.0,0.0,0.0,0.0,0.0,0.0,3.0
2018Q4,2018-12-31,창원,국가,기계,47311.0,74932.0,,73.8,1662.0,1541.0,,,False,False,False,True,1,data_portal_monthly,data_portal_monthly,data_portal_monthly,data_portal_monthly,data_portal_monthly,0,0,0,0,0,0,0,0,0,0,0,0,0,0,0,월별 3개월 합,월별: 분기말 값,월별 단순평균(근사),월별: 분기말 값,월별: 분기말 값,195,False,True,False,,False,True,True,False,False,True,False,lag4_not_observed|classification_comparison_risk,,False,True,True,False,False,True,False,lag4_not_observed|classification_comparison_risk,,False,True,True,False,False,True,,False,False,lag4_not_observed|classification_comparison_risk,,False,True,True,False,False,True,,False,False,lag4_not_observed|classification_comparison_risk,False,True,lag4_not_observed|classification_comparison_risk;lag4_not_observed|classification_comparison_risk,False,,,0.4432275955106706,0.6071006108923566,0.9271961492178099,0,False,False,False,INVALID,False,INVALID,,INVALID,,,,,,False,False,False,False,False,,0.0,0.0,0.0,0.0,0.0,0.0,4.0
2019Q1,2019-03-31,창원,국가,기계,38229.0,74870.0,,72.3,1648.0,1525.0,-42.03687418503805,-0.700283827157222,False,False,False,True,0,data_portal_monthly,data_portal_monthly,data_portal_monthly,data_portal_monthly,data_portal_monthly,0,0,0,0,0,0,0,0,0,0,0,0,0,0,0,월별 3개월 합,월별: 분기말 값,월별 단순평균(근사),월별: 분기말 값,월별: 분기말 값,196,False,False,False,65954.0,False,False,False,False,False,True,True,classification_comparison_risk,75398.0,False,False,False,False,False,True,True,classification_comparison_risk,1672.0,False,False,False,False,False,True,-1.4354066985645897,True,False,classification_comparison_risk,1560.0,False,False,False,False,False,True,-2.2435897435897467,True,False,classification_comparison_risk,False,True,classification_comparison_risk;classification_comparison_risk,False,,,0.3950133810020769,0.609745172613182,0.9253640776699029,0,False,False,False,INVALID,False,INVALID,,INVALID,,,,,,False,False,False,False,False,,0.0,0.0,0.0,0.0,0.0,0.0,4.0
2019Q2,2019-06-30,창원,국가,기계,40818.0,74656.0,,70.3,1645.0,1521.0,-36.34619883040936,-2.0262467191601075,False,False,False,True,0,data_portal_monthly,data_portal_monthly,data_portal_monthly,data_portal_monthly,data_portal_monthly,0,0,0,0,0,0,0,0,0,0,0,0,0,0,0,월별 3개월 합,월별: 분기말 값,월별 단순평균(근사),월별: 분기말 값,월별: 분기말 값,197,False,False,False,64125.0,False,False,False,False,False,True,True,classification_comparison_risk,76200.0,False,False,False,False,False,True,True,classification_comparison_risk,1660.0,False,False,False,False,False,True,-0.9036144578313254,True,False,classification_comparison_risk,1545.0,False,False,False,False,False,True,-1.553398058252431,True,False,classification_comparison_risk,False,True,classification_comparison_risk;classification_comparison_risk,False,,,0.4033439065603415,0.6083888159985658,0.9246200607902736,0,False,False,False,INVALID,False,INVALID,,INVALID,,,,,,False,False,False,False,False,,0.0,0.0,0.0,0.0,0.0,0.0,4.0
2019Q3,2019-09-30,창원,국가,기계,35769.0,74305.0,,66.6,1592.0,1475.0,-39.737174627242865,-1.0098184191945414,False,False,False,True,0,data_portal_monthly,data_portal_monthly,data_portal_monthly,data_portal_monthly,data_portal_monthly,0,0,0,0,0,0,0,0,0,0,0,0,0,0,0,월별 3개월 합,월별: 분기말 값,월별 단순평균(근사),월별: 분기말 값,월별: 분기말 값,198,False,False,False,59355.0,False,False,False,False,False,True,True,classification_comparison_risk,75063.0,False,False,False,False,False,True,True,classification_comparison_risk,1652.0,False,False,False,False,False,True,-3.6319612590799077,True,False,classification_comparison_risk,1538.0,False,False,False,False,False,True,-4.096228868660601,True,False,classification_comparison_risk,False,True,classification_comparison_risk;classification_comparison_risk,False,,,0.3820862041339529,0.6081551141339488,0.9265075376884422,0,False,False,False,INVALID,False,INVALID,,S4,,,,,,False,False,False,False,False,,0.0,0.0,0.0,0.0,0.0,0.0,4.0
2019Q4,2019-12-31,창원,국가,기계,40081.0,74684.0,,77.5,1576.0,1470.0,-15.281858341611887,-0.330966743180483,True,True,True,False,0,data_portal_monthly,data_portal_monthly,data_portal_monthly,data_portal_monthly,data_portal_monthly,0,0,0,0,0,0,0,0,0,0,0,0,0,0,0,월별 3개월 합,월별: 분기말 값,월별 단순평균(근사),월별: 분기말 값,월별: 분기말 값,199,False,False,False,47311.0,False,False,False,False,False,False,True,valid,74932.0,False,False,False,False,False,False,True,valid,1662.0,False,False,False,False,False,False,-5.174488567990377,True,True,valid,1541.0,False,False,False,False,False,False,-4.607397793640489,True,True,valid,False,False,,False,,,0.39932053440666315,0.6088501923954869,0.932741116751269,0,True,False,False,S4,True,INVALID,,S2,2019Q4,기계:2019Q4,S4->S2,1,1,True,True,False,True,False,True,0.0,0.0,0.0,1.0,0.0,1.0,4.0
2020Q1,2020-03-31,창원,국가,기계,39212.0,74052.0,,74.6,1577.0,1475.0,2.5713463600931297,-1.0925604380926934,True,True,True,False,0,data_portal_monthly,data_portal_monthly,data_portal_monthly,data_portal_monthly,data_portal_monthly,0,0,0,0,0,0,0,0,0,0,0,0,0,0,0,월별 3개월 합,월별: 분기말 값,월별 단순평균(근사),월별: 분기말 값,월별: 분기말 값,200,False,False,False,38229.0,False,False,False,False,False,False,True,valid,74870.0,False,False,False,False,False,False,True,valid,1648.0,False,False,False,False,False,False,-4.308252427184467,True,True,valid,1525.0,False,False,False,False,False,False,-3.2786885245901676,True,True,valid,False,False,,False,,,0.3679597620254115,0.594991121574173,0.9353202282815473,0,True,False,False,S2,True,S4,S4,S4,2020Q1,기계:2020Q1,S2->S4,1,1,True,True,True,False,False,True,0.0,1.0,0.0,1.0,0.0,2.0,4.0
2020Q2,2020-06-30,창원,국가,기계,35928.0,71754.0,,62.7,1553.0,1456.0,-11.9800088196384,-3.887162451778825,True,True,True,False,0,data_portal_monthly,data_portal_monthly,data_portal_monthly,data_portal_monthly,data_portal_monthly,0,0,0,0,0,0,0,0,0,0,0,0,0,0,0,월별 3개월 합,월별: 분기말 값,월별 단순평균(근사),월별: 분기말 값,월별: 분기말 값,201,False,False,False,40818.0,False,False,False,False,False,False,True,valid,74656.0,False,False,False,False,False,False,True,valid,1645.0,False,False,False,False,False,False,-5.592705167173251,True,True,valid,1521.0,False,False,False,False,False,False,-4.273504273504269,True,True,valid,False,False,,False,,,0.3554412346656114,0.587247415846203,0.9375402446877013,0,True,False,False,S4,True,S2,S2,INVALID,2020Q2,기계:2020Q2,,1,1,False,False,True,False,True,,0.0,1.0,0.0,2.0,0.0,3.0,4.0
2020Q3,2020-09-30,창원,국가,기계,34490.0,70727.0,,62.5,1558.0,1461.0,-3.575721993905334,-4.815288338604395,False,False,False,True,1,data_portal_monthly,data_portal_monthly,data_portal_monthly,data_portal_monthly,data_portal_monthly,0,0,0,0,0,0,0,0,0,0,0,0,0,0,0,월별 3개월 합,월별: 분기말 값,월별 단순평균(근사),월별: 분기말 값,월별: 분기말 값,202,False,True,False,35769.0,False,False,False,False,False,True,True,classification_comparison_risk,74305.0,False,False,False,False,False,True,True,classification_comparison_risk,1592.0,False,False,False,False,False,True,-2.1356783919597944,True,False,classification_comparison_risk,1475.0,False,False,False,False,False,True,-0.9491525423728775,True,False,classification_comparison_risk,False,True,classification_comparison_risk;classification_comparison_risk,False,,,0.33385927381493996,0.5839511880975577,0.9377406931964056,0,False,False,False,INVALID,False,S4,S4,INVALID,,,,,,False,False,False,False,False,,0.0,1.0,0.0,2.0,0.0,3.0,4.0
2020Q4,2020-12-31,창원,국가,기계,39733.0,65635.0,,76.3,1539.0,1447.0,-0.8682418103340694,-12.116383696641853,False,False,False,True,0,data_portal_monthly,data_portal_monthly,data_portal_monthly,data_portal_monthly,data_portal_monthly,0,0,0,0,0,0,0,0,0,0,0,0,0,0,0,월별 3개월 합,월별: 분기말 값,월별 단순평균(근사),월별: 분기말 값,월별: 분기말 값,203,False,False,False,40081.0,False,False,False,False,False,True,True,classification_comparison_risk,74684.0,False,False,False,False,False,True,True,classification_comparison_risk,1576.0,False,False,False,False,False,True,-2.347715736040612,True,False,classification_comparison_risk,1470.0,False,False,False,False,False,True,-1.56462585034014,True,False,classification_comparison_risk,False,True,classification_comparison_risk;classification_comparison_risk,False,,,0.3735989920264781,0.5559885134391068,0.940220922677063,0,False,False,False,INVALID,False,INVALID,S4,INVALID,,,,,,False,False,False,False,False,,0.0,1.0,0.0,1.0,0.0,2.0,4.0
2021Q1,2021-03-31,창원,국가,기계,39493.49277,65199.0,,76.46793236,1558.0,1473.0,0.717874043660105,-11.955112623561826,False,False,False,True,0,data_portal_monthly,data_portal_monthly,data_portal_monthly,data_portal_monthly,data_portal_monthly,0,0,0,0,0,0,0,0,0,0,0,0,0,0,0,월별 3개월 합,월별: 분기말 값,월별 단순평균(근사),월별: 분기말 값,월별: 분기말 값,204,False,False,False,39212.0,False,False,False,False,False,True,True,classification_comparison_risk,74052.0,False,False,False,False,False,True,True,classification_comparison_risk,1577.0,False,False,False,False,False,True,-1.2048192771084376,True,False,classification_comparison_risk,1475.0,False,False,False,False,False,True,-0.1355932203389809,True,False,classification_comparison_risk,False,True,classification_comparison_risk;classification_comparison_risk,False,,,0.37317743704541295,0.5571897379800708,0.9454428754813864,0,False,False,False,INVALID,False,INVALID,S4,INVALID,,,,,,False,False,False,False,False,,0.0,0.0,0.0,1.0,0.0,1.0,4.0
2021Q2,2021-06-30,창원,국가,기계,43263.61685,64728.0,,78.6214481,1529.0,1461.0,20.41754856936093,-9.791788611087881,False,False,False,True,0,data_portal_monthly,data_portal_monthly,data_portal_monthly,data_portal_monthly,data_portal_monthly,0,0,0,0,0,0,0,0,0,0,0,0,0,0,0,월별 3개월 합,월별: 분기말 값,월별 단순평균(근사),월별: 분기말 값,월별: 분기말 값,205,False,False,False,35928.0,False,False,False,False,False,True,True,classification_comparison_risk,71754.0,False,False,False,False,False,True,True,classification_comparison_risk,1553.0,False,False,False,False,False,True,-1.5453960077269846,True,False,classification_comparison_risk,1456.0,False,False,False,False,False,True,0.3434065934065922,True,False,classification_comparison_risk,False,True,classification_comparison_risk;classification_comparison_risk,False,,,0.382597267165999,0.5536187755520964,0.9555264879005886,0,False,False,False,INVALID,False,INVALID,S4,INVALID,,,,,,False,False,False,False,False,,0.0,0.0,0.0,0.0,0.0,0.0,4.0
2021Q3,2021-09-30,창원,국가,기계,41697.10204,64112.0,,73.0787431,1521.0,1458.0,20.896207712380388,-9.35286382852376,False,True,False,True,0,data_portal_monthly,data_portal_monthly,data_portal_monthly,data_portal_monthly,data_portal_monthly,0,0,0,0,0,0,0,0,0,0,0,0,0,0,0,월별 3개월 합,월별: 분기말 값,월별 단순평균(근사),월별: 분기말 값,월별: 분기말 값,206,False,False,False,34490.0,False,False,False,False,False,True,True,classification_comparison_risk,70727.0,False,False,False,False,False,False,True,valid,1558.0,False,False,False,False,False,False,-2.3748395378690668,True,True,valid,1461.0,False,False,False,False,False,False,-0.2053388090349051,True,True,valid,False,True,classification_comparison_risk;valid,False,,,0.36995002642382196,0.5529518306093406,0.9585798816568047,0,False,False,False,INVALID,False,INVALID,S4,S2,,,,,,False,False,False,False,False,,0.0,0.0,0.0,0.0,0.0,0.0,4.0
2021Q4,2021-12-31,창원,국가,기계,47110.82155,63534.0,,84.31408647,1510.0,1461.0,18.5684986031762,-3.201036032604554,True,True,True,False,0,data_portal_monthly,data_portal_monthly,data_portal_monthly,data_portal_monthly,data_portal_monthly,0,0,0,0,0,0,0,0,0,0,0,0,0,0,0,월별 3개월 합,월별: 분기말 값,월별 단순평균(근사),월별: 분기말 값,월별: 분기말 값,207,False,False,False,39733.0,False,False,False,False,False,False,True,valid,65635.0,False,False,False,False,False,False,True,valid,1539.0,False,False,False,False,False,False,-1.8843404808317143,True,True,valid,1447.0,False,False,False,False,False,False,0.9675190048376026,True,True,valid,False,False,,False,,,0.38345653703684485,0.5490606149644814,0.9675496688741722,0,True,False,False,S2,True,INVALID,S4,S2,2021Q4,기계:2021Q4,S2->S2,1,4,True,True,False,True,False,False,0.0,1.0,0.0,0.0,0.0,1.0,4.0
2022Q1,2022-03-31,창원,국가,기계,45395.66533,62805.0,,77.73051687,1511.0,1455.0,14.944670997758426,-3.6718354575990375,True,True,True,False,0,data_portal_monthly,data_portal_monthly,data_portal_monthly,data_portal_monthly,data_portal_monthly,0,0,0,0,0,0,0,0,0,0,0,0,0,0,0,월별 3개월 합,월별: 분기말 값,월별 단순평균(근사),월별: 분기말 값,월별: 분기말 값,208,True,False,False,39493.49277,False,False,False,False,False,False,True,valid,65199.0,False,False,False,False,False,False,True,valid,1558.0,False,False,False,False,False,False,-3.0166880616174563,True,True,valid,1473.0,False,False,False,False,False,False,-1.2219959266802416,True,True,valid,False,False,,False,,,0.36621786205547485,0.5354493836001841,0.9629384513567174,0,True,False,False,S2,True,S2,S2,S2,2021Q4,기계:2021Q4,S2->S2,2,4,True,True,True,True,False,False,0.0,2.0,0.0,0.0,0.0,2.0,4.0
2022Q2,2022-06-30,창원,국가,기계,46598.71267,62203.0,,80.90615908,1522.0,1457.0,7.70877717312255,-3.9009393152885874,True,True,True,False,0,data_portal_monthly,data_portal_monthly,data_portal_monthly,data_portal_monthly,data_portal_monthly,0,0,0,0,0,0,0,0,0,0,0,0,0,0,0,월별 3개월 합,월별: 분기말 값,월별 단순평균(근사),월별: 분기말 값,월별: 분기말 값,209,True,False,False,43263.61685,False,False,False,False,False,False,True,valid,64728.0,False,False,False,False,False,False,True,valid,1529.0,False,False,False,False,False,False,-0.457815565729236,True,True,valid,1461.0,False,False,False,False,False,False,-0.2737850787132068,True,True,valid,False,False,,False,,,0.3654103315910931,0.5323411611666439,0.9572930354796321,0,True,False,False,S2,True,S2,S2,S2,2021Q4,기계:2021Q4,S2->S2,3,4,True,True,True,True,False,False,0.0,3.0,0.0,0.0,0.0,3.0,4.0
2022Q3,2022-09-30,창원,국가,기계,45784.71976,61680.0,,76.31102524,1512.0,1444.0,9.803121847841489,-3.7933616171699547,True,True,True,False,0,data_portal_monthly,data_portal_monthly,data_portal_monthly,data_portal_monthly,data_portal_monthly,0,0,0,0,0,0,0,0,0,0,0,0,0,0,0,월별 3개월 합,월별: 분기말 값,월별 단순평균(근사),월별: 분기말 값,월별: 분기말 값,210,True,False,False,41697.10204,False,False,False,False,False,False,True,valid,64112.0,False,False,False,False,False,False,True,valid,1521.0,False,False,False,False,False,False,-0.591715976331364,True,True,valid,1458.0,False,False,False,False,False,False,-0.9602194787380003,True,True,valid,False,False,,False,,,0.36716649568601095,0.5331996300106329,0.955026455026455,0,True,False,False,S2,True,S2,S2,S4,2021Q4,기계:2021Q4,S2->S4,4,4,True,True,True,True,False,True,0.0,4.0,0.0,0.0,0.0,4.0,4.0
2022Q4,2022-12-31,창원,국가,기계,43131.31384666667,60589.0,,77.9403692296882,1521.0,1455.0,-8.447120157116705,-4.635313375515471,True,True,True,False,0,kicox_annual_revision,kicox_annual_revision,kicox_annual_revision,kicox_annual_revision,kicox_annual_revision,1,1,1,1,1,0,0,0,0,0,0,0,0,0,0,보정본: 월별 3개월 합,보정본: 월별: 분기말 값,보정본: 월별 단순평균(근사),보정본: 월별: 분기말 값,보정본: 월별: 분기말 값,211,True,False,False,47110.82155,False,False,False,False,False,False,True,valid,63534.0,False,False,False,False,False,False,True,valid,1510.0,False,False,False,False,False,False,0.7284768211920589,True,True,valid,1461.0,False,False,False,False,False,False,-0.4106776180698102,True,True,valid,False,False,,False,,,0.34406403112690676,0.5393695530253799,0.9566074950690335,0,True,False,False,S4,True,S2,S2,S4,2022Q4,기계:2022Q4,S4->S4,1,2,True,True,True,False,False,False,0.0,3.0,0.0,1.0,0.0,4.0,4.0
2023Q1,2023-03-31,창원,국가,기계,43783.11930276925,56683.0,,75.82136824877699,1525.0,1455.0,-3.5522026508665205,-9.747631557996971,True,True,True,False,0,kicox_annual_revision,kicox_annual_revision,kicox_annual_revision,kicox_annual_revision,kicox_annual_revision,1,1,1,1,1,0,0,0,0,0,0,0,0,0,0,보정본: 월별 3개월 합,보정본: 월별: 분기말 값,보정본: 월별 단순평균(근사),보정본: 월별: 분기말 값,보정본: 월별: 분기말 값,212,True,False,False,45395.66533,False,False,False,False,False,False,True,valid,62805.0,False,False,False,False,False,False,True,valid,1511.0,False,False,False,False,False,False,0.9265387160820593,True,True,valid,1455.0,False,False,False,False,False,False,0.0,True,True,valid,False,False,,False,,,0.33322984372697856,0.49843039666558214,0.9540983606557377,0,True,False,False,S4,True,S4,S4,S2,2022Q4,기계:2022Q4,S4->S2,2,2,True,True,True,False,False,True,0.0,2.0,0.0,2.0,0.0,4.0,4.0
2023Q2,2023-06-30,창원,국가,기계,46779.95319025642,56736.0,,78.0547293009608,1530.0,1460.0,0.3889388995355292,-8.788965162451968,True,True,True,False,0,kicox_annual_revision,kicox_annual_revision,kicox_annual_revision,kicox_annual_revision,kicox_annual_revision,1,1,1,1,1,0,0,0,0,0,0,0,0,0,0,보정본: 월별 3개월 합,보정본: 월별: 분기말 값,보정본: 월별 단순평균(근사),보정본: 월별: 분기말 값,보정본: 월별: 분기말 값,213,True,False,False,46598.71267,False,False,False,False,False,False,True,valid,62203.0,False,False,False,False,False,False,True,valid,1522.0,False,False,False,False,False,False,0.5256241787122251,True,True,valid,1457.0,False,False,False,False,False,False,0.20590253946466408,True,True,valid,False,False,,False,,,0.3336177118596334,0.5004940014114326,0.954248366013072,0,True,False,False,S2,True,S4,S4,S4,2023Q2,기계:2023Q2,S2->S4,1,1,True,True,True,False,False,True,0.0,2.0,0.0,2.0,0.0,4.0,4.0
2023Q3,2023-09-30,창원,국가,기계,44858.85667900002,56526.0,,75.99927126026344,1525.0,1456.0,-2.0222097805846273,-8.356031128404673,True,True,True,False,0,kicox_annual_revision,kicox_annual_revision,kicox_annual_revision,kicox_annual_revision,kicox_annual_revision,1,1,1,1,1,0,0,0,0,0,0,0,0,0,0,보정본: 월별 3개월 합,보정본: 월별: 분기말 값,보정본: 월별 단순평균(근사),보정본: 월별: 분기말 값,보정본: 월별: 분기말 값,214,True,False,False,45784.71976,False,False,False,False,False,False,True,valid,61680.0,False,False,False,False,False,False,True,valid,1512.0,False,False,False,False,False,False,0.8597883597883493,True,True,valid,1444.0,False,False,False,False,False,False,0.8310249307479145,True,True,valid,False,False,,False,,,0.3273753195916435,0.49807909206259693,0.9547540983606557,0,True,False,False,S4,True,S2,S2,INVALID,2023Q3,기계:2023Q3,,1,1,False,False,True,False,True,,0.0,1.0,0.0,3.0,0.0,4.0,4.0
2023Q4,2023-12-31,창원,국가,기계,,56487.0,,78.86420553665049,1528.0,1459.0,,-6.770205812936336,False,True,False,False,0,kicox_annual_revision,kicox_annual_revision,kicox_annual_revision,kicox_annual_revision,kicox_annual_revision,1,1,1,1,1,1,0,0,0,0,0,0,0,0,0,보정본: 월별 비공개(X) 포함 -> 분기 결측,보정본: 월별: 분기말 값,보정본: 월별 단순평균(근사),보정본: 월별: 분기말 값,보정본: 월별: 분기말 값,215,True,False,False,43131.31384666667,True,False,False,False,False,False,False,current_missing,60589.0,False,False,False,False,False,False,True,valid,1521.0,False,False,False,False,False,False,0.460223537146609,True,True,valid,1455.0,False,False,False,False,False,False,0.27491408934707806,True,True,valid,True,False,current_missing;valid,False,,,,0.4976345904802178,0.9548429319371727,0,False,False,False,INVALID,False,S4,S4,S2,,,,,,False,False,False,False,False,,0.0,1.0,0.0,2.0,0.0,3.0,4.0
2024Q1,2024-03-31,창원,국가,기계,50754.041424,56321.0,,76.30885327240794,1536.0,1469.0,15.921483512916002,-0.6386394509817706,True,True,True,False,0,kicox_annual_revision,kicox_annual_revision,kicox_annual_revision,kicox_annual_revision,kicox_annual_revision,1,1,1,1,1,0,0,0,0,0,0,0,0,0,0,보정본: 월별 3개월 합,보정본: 월별: 분기말 값,보정본: 월별 단순평균(근사),보정본: 월별: 분기말 값,보정본: 월별: 분기말 값,216,True,False,False,43783.11930276925,False,False,False,False,False,False,True,valid,56683.0,False,False,False,False,False,False,True,valid,1525.0,False,False,False,False,False,False,0.721311475409836,True,True,valid,1455.0,False,False,False,False,False,False,0.9621993127147732,True,True,valid,False,False,,False,,,0.3614913318034981,0.49407853182679484,0.9563802083333334,0,True,False,False,S2,True,INVALID,S4,S1,2024Q1,기계:2024Q1,S2->S1,1,1,True,True,False,True,False,True,0.0,2.0,0.0,1.0,0.0,3.0,4.0
2024Q2,2024-06-30,창원,국가,기계,54973.24675475004,58282.0,79.53408182108247,,1546.0,1466.0,17.514539895264726,2.7249012972363262,True,True,True,False,0,kicox_annual_revision,kicox_annual_revision,kicox_annual_revision,kicox_annual_revision,kicox_annual_revision,1,1,1,1,1,0,0,0,0,0,0,0,0,0,0,보정본: 분기공표,보정본: 분기공표,보정본: 분기공표,보정본: 분기공표,보정본: 분기공표,217,True,False,False,46779.95319025642,False,False,False,False,False,False,True,valid,56736.0,False,False,False,False,False,False,True,valid,1530.0,False,False,False,False,False,False,1.0457516339869244,True,True,valid,1460.0,False,False,False,False,False,False,0.4109589041095818,True,True,valid,False,False,,True,,,0.37249071878655765,0.5011393047231705,0.9482535575679172,0,True,False,False,S1,True,S2,S2,S1,2024Q2,기계:2024Q2,S1->S1,1,2,True,True,True,False,True,False,1.0,1.0,0.0,1.0,0.0,3.0,4.0
2024Q3,2024-09-30,창원,국가,기계,54672.122736750025,58477.0,77.87633742978133,,1546.0,1463.0,21.875871977682237,3.4515090400877524,True,True,True,False,0,kicox_annual_revision,kicox_annual_revision,kicox_annual_revision,kicox_annual_revision,kicox_annual_revision,1,1,1,1,1,0,0,0,0,0,0,0,0,0,0,보정본: 분기공표,"보정본으로 대체(이전 무효: 업종별 117,705 != 단지 전체 120,217 (2.09%) + 원파일 중복 -> 업종별 무효)",보정본: 분기공표,보정본: 분기공표,보정본: 분기공표,218,True,False,False,44858.85667900002,False,False,False,False,False,False,True,valid,56526.0,False,False,False,False,False,False,True,valid,1525.0,False,False,False,False,False,False,1.3770491803278606,True,True,valid,1456.0,False,False,False,False,False,False,0.48076923076922906,True,True,valid,False,False,,True,-1.6577443913011365,,0.3738321565516282,0.5022416517795795,0.946313065976714,0,True,False,False,S1,True,S1,S1,INVALID,2024Q2,기계:2024Q2,,2,2,False,False,True,False,True,,2.0,1.0,0.0,0.0,0.0,3.0,4.0
2024Q4,2024-12-31,창원,국가,기계,52778.54172229284,55959.0,76.9252196840637,,1550.0,1469.0,,-0.9347283445748533,False,True,False,False,0,kicox_annual_revision,kicox_annual_revision,kicox_annual_revision,kicox_annual_revision,kicox_annual_revision,1,1,1,1,1,0,0,0,0,0,0,0,0,0,0,보정본: 분기공표,보정본: 분기공표,보정본: 분기공표,보정본: 분기공표,보정본: 분기공표,219,True,False,False,,False,True,False,False,False,False,False,lag4_missing,56487.0,False,False,False,False,False,False,True,valid,1528.0,False,False,False,False,False,False,1.4397905759162333,True,True,valid,1459.0,False,False,False,False,False,False,0.6854009595613331,True,True,valid,False,False,lag4_missing;valid,True,-0.9511177457176245,,0.33358485412685873,0.488409237697907,0.947741935483871,0,False,False,False,INVALID,False,S1,S1,S1,,,,,,False,False,False,False,False,,2.0,1.0,0.0,0.0,0.0,3.0,4.0
2025Q1,2025-03-31,창원,국가,기계,58847.16777272728,60029.0,81.74595656889782,,1540.0,1462.0,15.94577716701846,6.583689920278402,True,True,True,False,0,kicox_annual_revision,kicox_annual_revision,kicox_annual_revision,kicox_annual_revision,kicox_annual_revision,1,1,1,1,1,0,0,0,0,0,0,0,0,0,0,보정본: 분기공표,보정본: 분기공표,보정본: 분기공표,보정본: 분기공표,보정본: 분기공표,220,True,False,False,50754.041424,False,False,False,False,False,False,True,valid,56321.0,False,False,False,False,False,False,True,valid,1536.0,False,False,False,False,False,False,0.26041666666667407,True,True,valid,1469.0,False,False,False,False,False,False,-0.47651463580666853,True,True,valid,False,False,,True,4.820736884834119,,0.39184956654162295,0.5134633478744334,0.9493506493506494,0,True,False,False,S1,True,INVALID,S1,S1,2025Q1,기계:2025Q1,S1->S1,1,2,True,True,False,True,False,False,3.0,0.0,0.0,0.0,0.0,3.0,4.0
2025Q2,2025-06-30,창원,국가,기계,66747.17383,62763.0,85.50016256,,1535.0,1453.0,21.417558122001612,7.688480148244747,True,True,True,False,0,data_portal_quarterly,data_portal_quarterly,data_portal_quarterly,data_portal_quarterly,data_portal_quarterly,0,0,0,0,0,0,0,0,0,0,0,0,0,0,0,분기공표,분기공표,분기공표,분기공표,분기공표,221,True,False,False,54973.24675475004,False,False,False,False,False,False,True,valid,58282.0,False,False,False,False,False,False,True,valid,1546.0,False,False,False,False,False,False,-0.7115135834411368,True,True,valid,1466.0,False,False,False,False,False,False,-0.8867667121418843,True,True,valid,False,False,,True,3.7542059911021823,5.96608073891754,0.4246096912712019,0.5267031436196102,0.9465798045602606,0,True,False,False,S1,True,S1,S1,S3,2025Q1,기계:2025Q1,S1->S3,2,2,True,True,True,True,False,True,3.0,0.0,0.0,0.0,0.0,3.0,4.0
2025Q3,2025-09-30,창원,국가,기계,54619.3335,60445.0,80.42348571,,1541.0,1454.0,-0.09655604009416452,3.3654257229338125,True,True,True,False,0,data_portal_quarterly,data_portal_quarterly,data_portal_quarterly,data_portal_quarterly,data_portal_quarterly,0,0,0,0,0,0,0,0,0,0,0,0,0,0,0,분기공표,분기공표,분기공표,분기공표,분기공표,222,True,False,False,54672.122736750025,False,False,False,False,False,False,True,valid,58477.0,False,False,False,False,False,False,True,valid,1546.0,False,False,False,False,False,False,-0.3234152652005218,True,True,valid,1463.0,False,False,False,False,False,False,-0.6151742993848242,True,True,valid,False,False,,True,-5.076676850000013,2.5471482802186642,0.3666923385743652,0.5182451086304165,0.9435431537962362,0,True,False,False,S3,True,S1,S1,S1,2025Q3,기계:2025Q3,S3->S1,1,1,True,True,True,False,False,True,2.0,0.0,1.0,0.0,0.0,3.0,4.0
2025Q4,2025-12-31,창원,국가,기계,54735.27441,59349.0,80.3061316,,1553.0,1457.0,3.7074398493292637,6.0580067549455885,True,True,True,False,0,data_portal_quarterly,data_portal_quarterly,data_portal_quarterly,data_portal_quarterly,data_portal_quarterly,0,0,0,0,0,0,0,0,0,0,0,0,0,0,0,분기공표,분기공표,분기공표,분기공표,분기공표,223,True,False,False,52778.54172229284,False,False,False,False,False,False,True,valid,55959.0,False,False,False,False,False,False,True,valid,1550.0,False,False,False,False,False,False,0.1935483870967758,True,True,valid,1469.0,False,False,False,False,False,False,-0.8168822328114334,True,True,valid,False,False,,True,-0.11735410999999374,3.380911915936295,0.3570078416321556,0.5140800540507765,0.9381841596909208,0,True,False,False,S1,True,S3,S3,S4,2025Q4,기계:2025Q4,S1->S4,1,1,True,True,True,False,False,True,3.0,0.0,1.0,0.0,0.0,4.0,4.0
2026Q1,2026-03-31,창원,국가,기계,53182.39562121213,58888.0,81.20676732960955,,1559.0,1462.0,-9.626244330726308,-1.900747971813621,True,True,True,False,0,kicox_annual_revision,kicox_annual_revision,kicox_annual_revision,kicox_annual_revision,kicox_annual_revision,1,1,1,1,1,0,0,0,0,0,0,0,0,0,0,보정본: 분기공표,보정본: 분기공표,보정본: 분기공표,보정본: 분기공표,보정본: 분기공표,224,True,False,False,58847.16777272728,False,False,False,False,False,False,True,valid,60029.0,False,False,False,False,False,False,True,valid,1540.0,False,False,False,False,False,False,1.2337662337662314,True,True,valid,1462.0,False,False,False,False,False,False,0.0,True,True,valid,False,False,,True,0.9006357296095473,-0.5391892392882767,0.339185395513911,0.5123145852364174,0.9377806286080821,0,True,False,False,S4,True,S1,S1,S4,2026Q1,기계:2026Q1,S4->S4,1,2,True,True,True,False,True,False,2.0,0.0,1.0,1.0,0.0,4.0,4.0
2026Q2,2026-06-30,창원,국가,기계,53699.86956060604,58784.0,80.61136243111459,,1556.0,1458.0,-19.547350877543444,-6.339722447939078,True,True,True,False,0,kicox_annual_revision,kicox_annual_revision,kicox_annual_revision,kicox_annual_revision,kicox_annual_revision,1,1,1,1,1,0,0,0,0,0,0,0,0,0,0,보정본: 분기공표,보정본: 분기공표,보정본: 분기공표,보정본: 분기공표,보정본: 분기공표,225,True,False,False,66747.17383,False,False,False,False,False,False,True,valid,62763.0,False,False,False,False,False,False,True,valid,1535.0,False,False,False,False,False,False,1.3680781758957705,True,True,valid,1453.0,False,False,False,False,False,False,0.34411562284928365,True,True,valid,False,False,,True,-0.5954048984949623,-4.888800128885421,0.34028729158044757,0.5119219716102064,0.9370179948586118,0,True,False,False,S4,True,S4,S4,,2026Q1,기계:2026Q1,,2,2,False,False,True,False,True,,1.0,0.0,1.0,2.0,0.0,4.0,4.0
2018Q1,2018-03-31,창원,국가,기타,40.0,302.0,,26.1,22.0,22.0,,,False,False,False,False,0,data_portal_monthly,data_portal_monthly,data_portal_monthly,data_portal_monthly,data_portal_monthly,0,0,0,0,0,0,0,0,0,0,0,0,0,0,0,월별 3개월 합,월별: 분기말 값,월별 단순평균(근사),월별: 분기말 값,월별: 분기말 값,192,False,False,False,,False,True,True,False,False,False,False,lag4_not_observed,,False,True,True,False,False,False,False,lag4_not_observed,,False,True,True,False,False,False,,False,False,lag4_not_observed,,False,True,True,False,False,False,,False,False,lag4_not_observed,False,False,lag4_not_observed;lag4_not_observed,False,,,0.00029294157280330437,0.0024026795446047116,1.0,0,False,False,False,INVALID,False,,,INVALID,,,,,,False,False,False,False,False,,0.0,0.0,0.0,0.0,0.0,0.0,1.0
2018Q2,2018-06-30,창원,국가,기타,74.0,309.0,,69.7,21.0,21.0,,,False,False,False,False,0,data_portal_monthly,data_portal_monthly,data_portal_monthly,data_portal_monthly,data_portal_monthly,0,0,0,0,0,0,0,0,0,0,0,0,0,0,0,월별 3개월 합,월별: 분기말 값,월별 단순평균(근사),월별: 분기말 값,월별: 분기말 값,193,False,False,False,,False,True,True,False,False,False,False,lag4_not_observed,,False,True,True,False,False,False,False,lag4_not_observed,,False,True,True,False,False,False,,False,False,lag4_not_observed,,False,True,True,False,False,False,,False,False,lag4_not_observed,False,False,lag4_not_observed;lag4_not_observed,False,,,0.0005461496450027307,0.002455245405353865,1.0,0,False,False,False,INVALID,False,INVALID,,INVALID,,,,,,False,False,False,False,False,,0.0,0.0,0.0,0.0,0.0,0.0,2.0
2018Q3,2018-09-30,창원,국가,기타,63.0,138.0,,40.3,19.0,19.0,,,False,False,False,False,0,data_portal_monthly,data_portal_monthly,data_portal_monthly,data_portal_monthly,data_portal_monthly,0,0,0,0,0,0,0,0,0,0,0,0,0,0,0,월별 3개월 합,월별: 분기말 값,월별 단순평균(근사),월별: 분기말 값,월별: 분기말 값,194,False,False,False,,False,True,True,False,False,False,False,lag4_not_observed,,False,True,True,False,False,False,False,lag4_not_observed,,False,True,True,False,False,False,,False,False,lag4_not_observed,,False,True,True,False,False,False,,False,False,lag4_not_observed,False,False,lag4_not_observed;lag4_not_observed,False,,,0.0005071198010158495,0.0011142241205299832,1.0,0,False,False,False,INVALID,False,INVALID,,INVALID,,,,,,False,False,False,False,False,,0.0,0.0,0.0,0.0,0.0,0.0,3.0
2018Q4,2018-12-31,창원,국가,기타,56.0,150.0,,54.3,18.0,18.0,,,False,False,False,True,1,data_portal_monthly,data_portal_monthly,data_portal_monthly,data_portal_monthly,data_portal_monthly,0,0,0,0,0,0,0,0,0,0,0,0,0,0,0,월별 3개월 합,월별: 분기말 값,월별 단순평균(근사),월별: 분기말 값,월별: 분기말 값,195,False,True,False,,False,True,True,False,False,True,False,lag4_not_observed|classification_comparison_risk,,False,True,True,False,False,True,False,lag4_not_observed|classification_comparison_risk,,False,True,True,False,False,True,,False,False,lag4_not_observed|classification_comparison_risk,,False,True,True,False,False,True,,False,False,lag4_not_observed|classification_comparison_risk,False,True,lag4_not_observed|classification_comparison_risk;lag4_not_observed|classification_comparison_risk,False,,,0.0005246294804294467,0.0012153030965922902,1.0,0,False,False,False,INVALID,False,INVALID,,INVALID,,,,,,False,False,False,False,False,,0.0,0.0,0.0,0.0,0.0,0.0,4.0
2019Q1,2019-03-31,창원,국가,기타,52.0,129.0,,52.4,18.0,18.0,30.000000000000004,-57.28476821192052,False,False,False,True,0,data_portal_monthly,data_portal_monthly,data_portal_monthly,data_portal_monthly,data_portal_monthly,0,0,0,0,0,0,0,0,0,0,0,0,0,0,0,월별 3개월 합,월별: 분기말 값,월별 단순평균(근사),월별: 분기말 값,월별: 분기말 값,196,False,False,False,40.0,False,False,False,False,False,True,True,classification_comparison_risk,302.0,False,False,False,False,False,True,True,classification_comparison_risk,22.0,False,False,False,False,False,True,-18.181818181818176,True,False,classification_comparison_risk,22.0,False,False,False,False,False,True,-18.181818181818176,True,False,classification_comparison_risk,False,True,classification_comparison_risk;classification_comparison_risk,False,,,0.0005373066471031939,0.001050582706920001,1.0,0,False,False,False,INVALID,False,INVALID,,INVALID,,,,,,False,False,False,False,False,,0.0,0.0,0.0,0.0,0.0,0.0,4.0
2019Q2,2019-06-30,창원,국가,기타,31.0,137.0,,53.9,17.0,17.0,-58.10810810810811,-55.663430420711975,False,False,False,True,0,data_portal_monthly,data_portal_monthly,data_portal_monthly,data_portal_monthly,data_portal_monthly,0,0,0,0,0,0,0,0,0,0,0,0,0,0,0,월별 3개월 합,월별: 분기말 값,월별 단순평균(근사),월별: 분기말 값,월별: 분기말 값,197,False,False,False,74.0,False,False,False,False,False,True,True,classification_comparison_risk,309.0,False,False,False,False,False,True,True,classification_comparison_risk,21.0,False,False,False,False,False,True,-19.047619047619047,True,False,classification_comparison_risk,21.0,False,False,False,False,False,True,-19.047619047619047,True,False,classification_comparison_risk,False,True,classification_comparison_risk;classification_comparison_risk,False,,,0.00030632713761993694,0.0011164443285443034,1.0,0,False,False,False,INVALID,False,INVALID,,INVALID,,,,,,False,False,False,False,False,,0.0,0.0,0.0,0.0,0.0,0.0,4.0
2019Q3,2019-09-30,창원,국가,기타,29.0,133.0,,41.5,17.0,17.0,-53.968253968253975,-3.6231884057971064,False,False,False,True,0,data_portal_monthly,data_portal_monthly,data_portal_monthly,data_portal_monthly,data_portal_monthly,0,0,0,0,0,0,0,0,0,0,0,0,0,0,0,월별 3개월 합,월별: 분기말 값,월별 단순평균(근사),월별: 분기말 값,월별: 분기말 값,198,False,False,False,63.0,False,False,False,False,False,True,True,classification_comparison_risk,138.0,False,False,False,False,False,True,True,classification_comparison_risk,19.0,False,False,False,False,False,True,-10.526315789473683,True,False,classification_comparison_risk,19.0,False,False,False,False,False,True,-10.526315789473683,True,False,classification_comparison_risk,False,True,classification_comparison_risk;classification_comparison_risk,False,,,0.0003097794156919297,0.0010885489560569974,1.0,0,False,False,False,INVALID,False,INVALID,,S4,,,,,,False,False,False,False,False,,0.0,0.0,0.0,0.0,0.0,0.0,4.0
2019Q4,2019-12-31,창원,국가,기타,37.0,133.0,,74.5,19.0,18.0,-33.92857142857143,-11.333333333333329,True,True,True,False,0,data_portal_monthly,data_portal_monthly,data_portal_monthly,data_portal_monthly,data_portal_monthly,0,0,0,0,0,0,0,0,0,0,0,0,0,0,0,월별 3개월 합,월별: 분기말 값,월별 단순평균(근사),월별: 분기말 값,월별: 분기말 값,199,False,False,False,56.0,False,False,False,False,False,False,True,valid,150.0,False,False,False,False,False,False,True,valid,18.0,False,False,False,False,False,False,5.555555555555558,True,True,valid,18.0,False,False,False,False,False,False,0.0,True,True,valid,False,False,,False,,,0.000368625028643161,0.0010842627013630732,0.9473684210526315,0,True,False,False,S4,True,INVALID,,S3,2019Q4,기타:2019Q4,S4->S3,1,1,True,True,False,True,False,True,0.0,0.0,0.0,1.0,0.0,1.0,4.0
2020Q1,2020-03-31,창원,국가,기타,39.0,137.0,,72.4,22.0,21.0,-25.0,6.20155038759691,True,True,True,False,0,data_portal_monthly,data_portal_monthly,data_portal_monthly,data_portal_monthly,data_portal_monthly,0,0,0,0,0,0,0,0,0,0,0,0,0,0,0,월별 3개월 합,월별: 분기말 값,월별 단순평균(근사),월별: 분기말 값,월별: 분기말 값,200,False,False,False,52.0,False,False,False,False,False,False,True,valid,129.0,False,False,False,False,False,False,True,valid,18.0,False,False,False,False,False,False,22.222222222222232,True,True,valid,18.0,False,False,False,False,False,False,16.666666666666675,True,True,valid,False,False,,False,,,0.00036597038455041947,0.0011007641070553355,0.9545454545454546,0,True,False,False,S3,True,S4,S4,N,2020Q1,기타:2020Q1,S3->N,1,1,False,True,True,False,False,True,0.0,0.0,1.0,1.0,0.0,2.0,4.0
2020Q2,2020-06-30,창원,국가,기타,45.0,137.0,,73.3,23.0,23.0,45.16129032258065,0.0,True,True,True,True,0,data_portal_monthly,data_portal_monthly,data_portal_monthly,data_portal_monthly,data_portal_monthly,0,0,0,0,0,0,0,0,0,0,0,0,0,0,0,월별 3개월 합,월별: 분기말 값,월별 단순평균(근사),월별: 분기말 값,월별: 분기말 값,201,False,False,False,31.0,False,False,False,False,False,False,True,valid,137.0,False,False,False,False,False,False,True,valid,17.0,False,False,False,False,False,False,35.29411764705883,True,True,valid,17.0,False,False,False,False,False,False,35.29411764705883,True,True,valid,False,False,,False,,,0.000445191927186387,0.0011212322096458708,1.0,0,True,True,True,N,False,S3,S3,INVALID,,,,,,False,False,False,False,False,,0.0,0.0,1.0,1.0,1.0,3.0,4.0
2020Q3,2020-09-30,창원,국가,기타,66.0,135.0,,78.4,24.0,23.0,127.58620689655173,1.5037593984962516,False,False,False,True,1,data_portal_monthly,data_portal_monthly,data_portal_monthly,data_portal_monthly,data_portal_monthly,0,0,0,0,0,0,0,0,0,0,0,0,0,0,0,월별 3개월 합,월별: 분기말 값,월별 단순평균(근사),월별: 분기말 값,월별: 분기말 값,202,False,True,False,29.0,False,False,False,False,False,True,True,classification_comparison_risk,133.0,False,False,False,False,False,True,True,classification_comparison_risk,17.0,False,False,False,False,False,True,41.176470588235304,True,False,classification_comparison_risk,17.0,False,False,False,False,False,True,35.29411764705883,True,False,classification_comparison_risk,False,True,classification_comparison_risk;classification_comparison_risk,False,,,0.0006388724868595545,0.001114615498934923,0.9583333333333334,0,False,False,False,INVALID,False,N,N,INVALID,,,,,,False,False,False,False,False,,0.0,0.0,1.0,1.0,1.0,3.0,4.0
2020Q4,2020-12-31,창원,국가,기타,184.0,232.0,,96.6,24.0,24.0,397.2972972972973,74.4360902255639,False,False,False,True,0,data_portal_monthly,data_portal_monthly,data_portal_monthly,data_portal_monthly,data_portal_monthly,0,0,0,0,0,0,0,0,0,0,0,0,0,0,0,월별 3개월 합,월별: 분기말 값,월별 단순평균(근사),월별: 분기말 값,월별: 분기말 값,203,False,False,False,37.0,False,False,False,False,False,True,True,classification_comparison_risk,133.0,False,False,False,False,False,True,True,classification_comparison_risk,19.0,False,False,False,False,False,True,26.315789473684205,True,False,classification_comparison_risk,18.0,False,False,False,False,False,True,33.33333333333333,True,False,classification_comparison_risk,False,True,classification_comparison_risk;classification_comparison_risk,False,,,0.0017301038062283738,0.0019652523062066397,1.0,0,False,False,False,INVALID,False,INVALID,N,INVALID,,,,,,False,False,False,False,False,,0.0,0.0,1.0,0.0,1.0,2.0,4.0
2021Q1,2021-03-31,창원,국가,기타,182.26055556,198.0,,88.90714873,27.0,27.0,367.3347578461539,44.52554744525548,False,False,False,True,0,data_portal_monthly,data_portal_monthly,data_portal_monthly,data_portal_monthly,data_portal_monthly,0,0,0,0,0,0,0,0,0,0,0,0,0,0,0,월별 3개월 합,월별: 분기말 값,월별 단순평균(근사),월별: 분기말 값,월별: 분기말 값,204,False,False,False,39.0,False,False,False,False,False,True,True,classification_comparison_risk,137.0,False,False,False,False,False,True,True,classification_comparison_risk,22.0,False,False,False,False,False,True,22.72727272727273,True,False,classification_comparison_risk,21.0,False,False,False,False,False,True,28.57142857142858,True,False,classification_comparison_risk,False,True,classification_comparison_risk;classification_comparison_risk,False,,,0.001722195790442211,0.0016921052181790212,1.0,0,False,False,False,INVALID,False,INVALID,N,INVALID,,,,,,False,False,False,False,False,,0.0,0.0,0.0,0.0,1.0,1.0,4.0
2021Q2,2021-06-30,창원,국가,기타,164.20666667,197.0,,71.00322397,27.0,27.0,264.9037037111111,43.795620437956195,False,False,False,True,0,data_portal_monthly,data_portal_monthly,data_portal_monthly,data_portal_monthly,data_portal_monthly,0,0,0,0,0,0,0,0,0,0,0,0,0,0,0,월별 3개월 합,월별: 분기말 값,월별 단순평균(근사),월별: 분기말 값,월별: 분기말 값,205,False,False,False,45.0,False,False,False,False,False,True,True,classification_comparison_risk,137.0,False,False,False,False,False,True,True,classification_comparison_risk,23.0,False,False,False,False,False,True,17.391304347826097,True,False,classification_comparison_risk,23.0,False,False,False,False,False,True,17.391304347826097,True,False,classification_comparison_risk,False,True,classification_comparison_risk;classification_comparison_risk,False,,,0.001452144469016583,0.0016849415829897877,1.0,0,False,False,False,INVALID,False,INVALID,N,INVALID,,,,,,False,False,False,False,False,,0.0,0.0,0.0,0.0,0.0,0.0,4.0
2021Q3,2021-09-30,창원,국가,기타,152.16333334,200.0,,67.61230469,27.0,26.0,130.55050506060607,48.14814814814814,False,True,False,True,0,data_portal_monthly,data_portal_monthly,data_portal_monthly,data_portal_monthly,data_portal_monthly,0,0,0,0,0,0,0,0,0,0,0,0,0,0,0,월별 3개월 합,월별: 분기말 값,월별 단순평균(근사),월별: 분기말 값,월별: 분기말 값,206,False,False,False,66.0,False,False,False,False,False,True,True,classification_comparison_risk,135.0,False,False,False,False,False,False,True,valid,24.0,False,False,False,False,False,False,12.5,True,True,valid,23.0,False,False,False,False,False,False,13.043478260869556,True,True,valid,False,True,classification_comparison_risk;valid,False,,,0.001350041763954439,0.001724955798007676,0.9629629629629629,0,False,False,False,INVALID,False,INVALID,N,S4,,,,,,False,False,False,False,False,,0.0,0.0,0.0,0.0,0.0,0.0,4.0
2021Q4,2021-12-31,창원,국가,기타,159.39000001,196.0,,82.74701309,25.0,24.0,-13.374999994565218,-15.517241379310342,True,True,True,True,0,data_portal_monthly,data_portal_monthly,data_portal_monthly,data_portal_monthly,data_portal_monthly,0,0,0,0,0,0,0,0,0,0,0,0,0,0,0,월별 3개월 합,월별: 분기말 값,월별 단순평균(근사),월별: 분기말 값,월별: 분기말 값,207,False,False,False,184.0,False,False,False,False,False,False,True,valid,232.0,False,False,False,False,False,False,True,valid,24.0,False,False,False,False,False,False,4.166666666666674,True,True,valid,24.0,False,False,False,False,False,False,0.0,True,True,valid,False,False,,False,,,0.0012973481555032926,0.001693831342793439,0.96,0,True,False,False,S4,True,INVALID,N,S4,2021Q4,기타:2021Q4,S4->S4,1,8,True,True,False,True,True,False,0.0,0.0,0.0,1.0,0.0,1.0,4.0
2022Q1,2022-03-31,창원,국가,기타,161.92000001,195.0,,77.52522324,25.0,24.0,-11.160152281717316,-1.5151515151515138,True,True,True,False,0,data_portal_monthly,data_portal_monthly,data_portal_monthly,data_portal_monthly,data_portal_monthly,0,0,0,0,0,0,0,0,0,0,0,0,0,0,0,월별 3개월 합,월별: 분기말 값,월별 단순평균(근사),월별: 분기말 값,월별: 분기말 값,208,True,False,False,182.26055556,False,False,False,False,False,False,True,valid,198.0,False,False,False,False,False,False,True,valid,27.0,False,False,False,False,False,False,-7.4074074074074066,True,True,valid,27.0,False,False,False,False,False,False,-11.111111111111116,True,True,valid,False,False,,False,,,0.001306247981974112,0.0016624891298787662,0.96,0,True,False,False,S4,True,S4,S4,S4,2021Q4,기타:2021Q4,S4->S4,2,8,True,True,True,True,True,False,0.0,0.0,0.0,2.0,0.0,2.0,4.0
2022Q2,2022-06-30,창원,국가,기타,130.69000001,194.0,,78.53378616,25.0,24.0,-20.411270345897215,-1.5228426395939132,True,True,True,False,0,data_portal_monthly,data_portal_monthly,data_portal_monthly,data_portal_monthly,data_portal_monthly,0,0,0,0,0,0,0,0,0,0,0,0,0,0,0,월별 3개월 합,월별: 분기말 값,월별 단순평균(근사),월별: 분기말 값,월별: 분기말 값,209,True,False,False,164.20666667,False,False,False,False,False,False,True,valid,197.0,False,False,False,False,False,False,True,valid,27.0,False,False,False,False,False,False,-7.4074074074074066,True,True,valid,27.0,False,False,False,False,False,False,-11.111111111111116,True,True,valid,False,False,,False,,,0.0010248239383239181,0.0016602765986580858,0.96,0,True,False,False,S4,True,S4,S4,S4,2021Q4,기타:2021Q4,S4->S4,3,8,True,True,True,True,True,False,0.0,0.0,0.0,3.0,0.0,3.0,4.0
2022Q3,2022-09-30,창원,국가,기타,132.36000001,194.0,,78.92982355,24.0,23.0,-13.014523864136596,-3.0000000000000027,True,True,True,False,0,data_portal_monthly,data_portal_monthly,data_portal_monthly,data_portal_monthly,data_portal_monthly,0,0,0,0,0,0,0,0,0,0,0,0,0,0,0,월별 3개월 합,월별: 분기말 값,월별 단순평균(근사),월별: 분기말 값,월별: 분기말 값,210,True,False,False,152.16333334,False,False,False,False,False,False,True,valid,200.0,False,False,False,False,False,False,True,valid,27.0,False,False,False,False,False,False,-11.111111111111116,True,True,valid,26.0,False,False,False,False,False,False,-11.538461538461542,True,True,valid,False,False,,False,,,0.0010614492701368468,0.001677054608010097,0.9583333333333334,0,True,False,False,S4,True,S4,S4,S4,2021Q4,기타:2021Q4,S4->S4,4,8,True,True,True,True,True,False,0.0,0.0,0.0,4.0,0.0,4.0,4.0
2022Q4,2022-12-31,창원,국가,기타,97.7825,158.0,,83.29490718526534,24.0,23.0,-38.65204843850605,-19.387755102040817,True,True,True,True,0,kicox_annual_revision,kicox_annual_revision,kicox_annual_revision,kicox_annual_revision,kicox_annual_revision,1,1,1,1,1,0,0,0,0,0,0,0,0,0,0,보정본: 월별 3개월 합,보정본: 월별: 분기말 값,보정본: 월별 단순평균(근사),보정본: 월별: 분기말 값,보정본: 월별: 분기말 값,211,True,False,False,159.39000001,False,False,False,False,False,False,True,valid,196.0,False,False,False,False,False,False,True,valid,25.0,False,False,False,False,False,False,-4.0000000000000036,True,True,valid,24.0,False,False,False,False,False,False,-4.1666666666666625,True,True,valid,False,False,,False,,,0.0007800235634664496,0.001406532363597518,0.9583333333333334,0,True,False,False,S4,True,S4,S4,S4,2021Q4,기타:2021Q4,S4->S4,5,8,True,True,True,True,True,False,0.0,0.0,0.0,4.0,0.0,4.0,4.0
2023Q1,2023-03-31,창원,국가,기타,77.53250000000001,147.0,,67.40051724512638,24.0,22.0,-52.11678607015089,-24.615384615384617,True,True,True,True,0,kicox_annual_revision,kicox_annual_revision,kicox_annual_revision,kicox_annual_revision,kicox_annual_revision,1,1,1,1,1,0,0,0,0,0,0,0,0,0,0,보정본: 월별 3개월 합,보정본: 월별: 분기말 값,보정본: 월별 단순평균(근사),보정본: 월별: 분기말 값,보정본: 월별: 분기말 값,212,True,False,False,161.92000001,False,False,False,False,False,False,True,valid,195.0,False,False,False,False,False,False,True,valid,25.0,False,False,False,False,False,False,-4.0000000000000036,True,True,valid,24.0,False,False,False,False,False,False,-8.333333333333337,True,True,valid,False,False,,False,,,0.0005900936998138425,0.0012926145106970446,0.9166666666666666,0,True,False,False,S4,True,S4,S4,S4,2021Q4,기타:2021Q4,S4->S4,6,8,True,True,True,True,True,False,0.0,0.0,0.0,4.0,0.0,4.0,4.0
2023Q2,2023-06-30,창원,국가,기타,78.78250000000001,158.0,,65.89548700385443,25.0,23.0,-39.718035049375,-18.556701030927837,True,True,True,True,0,kicox_annual_revision,kicox_annual_revision,kicox_annual_revision,kicox_annual_revision,kicox_annual_revision,1,1,1,1,1,0,0,0,0,0,0,0,0,0,0,보정본: 월별 3개월 합,보정본: 월별: 분기말 값,보정본: 월별 단순평균(근사),보정본: 월별: 분기말 값,보정본: 월별: 분기말 값,213,True,False,False,130.69000001,False,False,False,False,False,False,True,valid,194.0,False,False,False,False,False,False,True,valid,25.0,False,False,False,False,False,False,0.0,True,True,valid,24.0,False,False,False,False,False,False,-4.1666666666666625,True,True,valid,False,False,,False,,,0.000561848304500997,0.0013937896965419902,0.92,0,True,False,False,S4,True,S4,S4,S4,2021Q4,기타:2021Q4,S4->S4,7,8,True,True,True,True,True,False,0.0,0.0,0.0,4.0,0.0,4.0,4.0
2023Q3,2023-09-30,창원,국가,기타,77.53250000000001,170.0,,59.62547824582316,26.0,23.0,-41.42301299928807,-12.371134020618557,True,True,True,True,0,kicox_annual_revision,kicox_annual_revision,kicox_annual_revision,kicox_annual_revision,kicox_annual_revision,1,1,1,1,1,0,0,0,0,0,0,0,0,0,0,보정본: 월별 3개월 합,보정본: 월별: 분기말 값,보정본: 월별 단순평균(근사),보정본: 월별: 분기말 값,보정본: 월별: 분기말 값,214,True,False,False,132.36000001,False,False,False,False,False,False,True,valid,194.0,False,False,False,False,False,False,True,valid,24.0,False,False,False,False,False,False,8.333333333333325,True,True,valid,23.0,False,False,False,False,False,False,0.0,True,True,valid,False,False,,False,,,0.0005658242060841779,0.0014979557310023967,0.8846153846153846,0,True,False,False,S4,True,S4,S4,INVALID,2021Q4,기타:2021Q4,,8,8,False,False,True,True,True,,0.0,0.0,0.0,4.0,0.0,4.0,4.0
2023Q4,2023-12-31,창원,국가,기타,,170.0,,59.62547824582316,26.0,23.0,,7.594936708860756,False,True,False,False,0,kicox_annual_revision,kicox_annual_revision,kicox_annual_revision,kicox_annual_revision,kicox_annual_revision,1,1,1,1,1,1,0,0,0,0,0,0,0,0,0,보정본: 월별 비공개(X) 포함 -> 분기 결측,보정본: 월별: 분기말 값,보정본: 월별 단순평균(근사),보정본: 월별: 분기말 값,보정본: 월별: 분기말 값,215,True,False,False,97.7825,True,False,False,False,False,False,False,current_missing,158.0,False,False,False,False,False,False,True,valid,24.0,False,False,False,False,False,False,8.333333333333325,True,True,valid,23.0,False,False,False,False,False,False,0.0,True,True,valid,True,False,current_missing;valid,False,,,,0.0014976522099179816,0.8846153846153846,0,False,False,False,INVALID,False,S4,S4,S1,,,,,,False,False,False,False,False,,0.0,0.0,0.0,3.0,0.0,3.0,4.0
2024Q1,2024-03-31,창원,국가,기타,78.53250000000001,173.0,,64.03653932376722,26.0,23.0,1.2897817044465132,17.68707482993197,True,True,True,True,0,kicox_annual_revision,kicox_annual_revision,kicox_annual_revision,kicox_annual_revision,kicox_annual_revision,1,1,1,1,1,0,0,0,0,0,0,0,0,0,0,보정본: 월별 3개월 합,보정본: 월별: 분기말 값,보정본: 월별 단순평균(근사),보정본: 월별: 분기말 값,보정본: 월별: 분기말 값,216,True,False,False,77.53250000000001,False,False,False,False,False,False,True,valid,147.0,False,False,False,False,False,False,True,valid,24.0,False,False,False,False,False,False,8.333333333333325,True,True,valid,22.0,False,False,False,False,False,False,4.545454545454541,True,True,valid,False,False,,False,,,0.0005593410341000752,0.0015176503614288722,0.8846153846153846,0,True,False,False,S1,True,INVALID,S4,S1,2024Q1,기타:2024Q1,S1->S1,1,3,True,True,False,True,True,False,1.0,0.0,0.0,2.0,0.0,3.0,4.0
2024Q2,2024-06-30,창원,국가,기타,80.16083333333333,173.0,70.91630235249883,,26.0,22.0,1.7495425168448708,9.493670886075956,True,True,True,False,0,kicox_annual_revision,kicox_annual_revision,kicox_annual_revision,kicox_annual_revision,kicox_annual_revision,1,1,1,1,1,0,0,0,0,0,0,0,0,0,0,보정본: 분기공표,보정본: 분기공표,보정본: 분기공표,보정본: 분기공표,보정본: 분기공표,217,True,False,False,78.78250000000001,False,False,False,False,False,False,True,valid,158.0,False,False,False,False,False,False,True,valid,25.0,False,False,False,False,False,False,4.0000000000000036,True,True,valid,23.0,False,False,False,False,False,False,-4.347826086956519,True,True,valid,False,False,,True,,,0.0005431581394504912,0.0014875450347810386,0.8461538461538461,0,True,False,False,S1,True,S1,S1,S1,2024Q1,기타:2024Q1,S1->S1,2,3,True,True,True,True,True,False,2.0,0.0,0.0,1.0,0.0,3.0,4.0
2024Q3,2024-09-30,창원,국가,기타,79.4125,173.0,67.27734830032827,,37.0,26.0,2.424789604359434,1.764705882352935,True,True,True,False,0,kicox_annual_revision,kicox_annual_revision,kicox_annual_revision,kicox_annual_revision,kicox_annual_revision,1,1,1,1,1,0,0,0,0,0,0,0,0,0,0,보정본: 분기공표,"보정본으로 대체(이전 무효: 업종별 117,705 != 단지 전체 120,217 (2.09%) + 원파일 중복 -> 업종별 무효)",보정본: 분기공표,보정본: 분기공표,보정본: 분기공표,218,True,False,False,77.53250000000001,False,False,False,False,False,False,True,valid,170.0,False,False,False,False,False,False,True,valid,26.0,False,False,False,False,False,False,42.307692307692314,True,True,valid,23.0,False,False,False,False,False,False,13.043478260869556,True,True,valid,False,False,,True,-3.6389540521705612,,0.0005429996979466269,0.0014858458155833447,0.7027027027027027,0,True,False,False,S1,True,S1,S1,INVALID,2024Q1,기타:2024Q1,,3,3,False,False,True,True,True,,3.0,0.0,0.0,0.0,0.0,3.0,4.0
2024Q4,2024-12-31,창원,국가,기타,79.58953333333334,196.0,63.02831763797507,,37.0,26.0,,15.294117647058814,False,True,False,True,0,kicox_annual_revision,kicox_annual_revision,kicox_annual_revision,kicox_annual_revision,kicox_annual_revision,1,1,1,1,1,0,0,0,0,0,0,0,0,0,0,보정본: 분기공표,보정본: 분기공표,보정본: 분기공표,보정본: 분기공표,보정본: 분기공표,219,True,False,False,,False,True,False,False,False,False,False,lag4_missing,170.0,False,False,False,False,False,False,True,valid,26.0,False,False,False,False,False,False,42.307692307692314,True,True,valid,23.0,False,False,False,False,False,False,13.043478260869556,True,True,valid,False,False,lag4_missing;valid,True,-4.249030662353199,,0.0005030427518578163,0.0017106847975980589,0.7027027027027027,0,False,False,False,INVALID,False,S1,S1,S2,,,,,,False,False,False,False,False,,3.0,0.0,0.0,0.0,0.0,3.0,4.0
2025Q1,2025-03-31,창원,국가,기타,81.18,147.0,66.78183613030603,,36.0,26.0,3.3712157387068897,-15.02890173410405,True,True,True,True,0,kicox_annual_revision,kicox_annual_revision,kicox_annual_revision,kicox_annual_revision,kicox_annual_revision,1,1,1,1,1,0,0,0,0,0,0,0,0,0,0,보정본: 분기공표,보정본: 분기공표,보정본: 분기공표,보정본: 분기공표,보정본: 분기공표,220,True,False,False,78.53250000000001,False,False,False,False,False,False,True,valid,173.0,False,False,False,False,False,False,True,valid,26.0,False,False,False,False,False,False,38.46153846153846,True,True,valid,23.0,False,False,False,False,False,False,13.043478260869556,True,True,valid,False,False,,True,3.7535184923309615,,0.000540558688137774,0.0012573774698486015,0.7222222222222222,0,True,False,False,S2,True,INVALID,S1,S2,2025Q1,기타:2025Q1,S2->S2,1,4,True,True,False,True,False,False,2.0,1.0,0.0,0.0,0.0,3.0,4.0
2025Q2,2025-06-30,창원,국가,기타,82.09,146.0,67.53043764,,37.0,27.0,2.4066200243261004,-15.606936416184968,True,True,True,True,0,data_portal_quarterly,data_portal_quarterly,data_portal_quarterly,data_portal_quarterly,data_portal_quarterly,0,0,0,0,0,0,0,0,0,0,0,0,0,0,0,분기공표,분기공표,분기공표,분기공표,분기공표,221,True,False,False,80.16083333333333,False,False,False,False,False,False,True,valid,173.0,False,False,False,False,False,False,True,valid,26.0,False,False,False,False,False,False,42.307692307692314,True,True,valid,22.0,False,False,False,False,False,False,22.72727272727273,True,True,valid,False,False,,True,0.7486015096939695,-3.3858647124988295,0.0005222125156224455,0.0012252228059280643,0.7297297297297297,0,True,False,False,S2,True,S2,S2,S2,2025Q1,기타:2025Q1,S2->S2,2,4,True,True,True,True,False,False,1.0,2.0,0.0,0.0,0.0,3.0,4.0
2025Q3,2025-09-30,창원,국가,기타,81.89,145.0,67.58831297,,37.0,27.0,3.119785927908092,-16.184971098265898,True,True,True,True,0,data_portal_quarterly,data_portal_quarterly,data_portal_quarterly,data_portal_quarterly,data_portal_quarterly,0,0,0,0,0,0,0,0,0,0,0,0,0,0,0,분기공표,분기공표,분기공표,분기공표,분기공표,222,True,False,False,79.4125,False,False,False,False,False,False,True,valid,173.0,False,False,False,False,False,False,True,valid,37.0,False,False,False,False,False,False,0.0,True,True,valid,26.0,False,False,False,False,False,False,3.8461538461538547,True,True,valid,False,False,,True,0.05787533000000167,0.3109646696717334,0.0005497766757965797,0.0012432052403244338,0.7297297297297297,0,True,False,False,S2,True,S2,S2,S2,2025Q1,기타:2025Q1,S2->S2,3,4,True,True,True,True,False,False,0.0,3.0,0.0,0.0,0.0,3.0,4.0
2025Q4,2025-12-31,창원,국가,기타,84.06,143.0,68.55884512,,36.0,26.0,5.616902725065187,-27.040816326530614,True,True,True,True,0,data_portal_quarterly,data_portal_quarterly,data_portal_quarterly,data_portal_quarterly,data_portal_quarterly,0,0,0,0,0,0,0,0,0,0,0,0,0,0,0,분기공표,분기공표,분기공표,분기공표,분기공표,223,True,False,False,79.58953333333334,False,False,False,False,False,False,True,valid,196.0,False,False,False,False,False,False,True,valid,37.0,False,False,False,False,False,False,-2.7027027027026973,True,True,valid,26.0,False,False,False,False,False,False,0.0,True,True,valid,False,False,,True,0.9705321499999968,5.5305274820249295,0.0005482767646838769,0.0012386636291978137,0.7222222222222222,0,True,False,False,S2,True,S2,S2,S1,2025Q1,기타:2025Q1,S2->S1,4,4,True,True,True,True,False,True,0.0,4.0,0.0,0.0,0.0,4.0,4.0
2026Q1,2026-03-31,창원,국가,기타,85.56,169.0,69.7708554187393,,36.0,26.0,5.395417590539542,14.965986394557817,True,True,True,False,0,kicox_annual_revision,kicox_annual_revision,kicox_annual_revision,kicox_annual_revision,kicox_annual_revision,1,1,1,1,1,0,0,0,0,0,0,0,0,0,0,보정본: 분기공표,보정본: 분기공표,보정본: 분기공표,보정본: 분기공표,보정본: 분기공표,224,True,False,False,81.18,False,False,False,False,False,False,True,valid,147.0,False,False,False,False,False,False,True,valid,36.0,False,False,False,False,False,False,0.0,True,True,valid,26.0,False,False,False,False,False,False,0.0,True,True,valid,False,False,,True,1.212010298739301,2.989019288433269,0.0005456824970215359,0.0014702683892296317,0.7222222222222222,0,True,False,False,S1,True,S2,S2,S1,2026Q1,기타:2026Q1,S1->S1,1,2,True,True,True,False,True,False,1.0,3.0,0.0,0.0,0.0,4.0,4.0
2026Q2,2026-06-30,창원,국가,기타,84.58,171.0,69.14084852448296,,35.0,25.0,3.033256182238997,17.12328767123288,True,True,True,True,0,kicox_annual_revision,kicox_annual_revision,kicox_annual_revision,kicox_annual_revision,kicox_annual_revision,1,1,1,1,1,0,0,0,0,0,0,0,0,0,0,보정본: 분기공표,보정본: 분기공표,보정본: 분기공표,보정본: 분기공표,보정본: 분기공표,225,True,False,False,82.09,False,False,False,False,False,False,True,valid,146.0,False,False,False,False,False,False,True,valid,37.0,False,False,False,False,False,False,-5.405405405405405,True,True,valid,27.0,False,False,False,False,False,False,-7.4074074074074066,True,True,valid,False,False,,True,-0.6300068942563399,1.6104108844829597,0.0005359696281830118,0.001489157885569973,0.7142857142857143,0,True,False,False,S1,True,S1,S1,,2026Q1,기타:2026Q1,,2,2,False,False,True,False,True,,2.0,2.0,0.0,0.0,0.0,4.0,4.0
2018Q1,2018-03-31,창원,국가,목재종이,132.0,249.0,,64.8,33.0,33.0,,,False,False,False,False,0,data_portal_monthly,data_portal_monthly,data_portal_monthly,data_portal_monthly,data_portal_monthly,0,0,0,0,0,0,0,0,0,0,0,0,0,0,0,월별 3개월 합,월별: 분기말 값,월별 단순평균(근사),월별: 분기말 값,월별: 분기말 값,192,False,False,False,,False,True,True,False,False,False,False,lag4_not_observed,,False,True,True,False,False,False,False,lag4_not_observed,,False,True,True,False,False,False,,False,False,lag4_not_observed,,False,True,True,False,False,False,,False,False,lag4_not_observed,False,False,lag4_not_observed;lag4_not_observed,False,,,0.0009667071902509045,0.0019810172404191163,1.0,0,False,False,False,INVALID,False,,,INVALID,,,,,,False,False,False,False,False,,0.0,0.0,0.0,0.0,0.0,0.0,1.0
2018Q2,2018-06-30,창원,국가,목재종이,115.0,240.0,,55.3,33.0,32.0,,,False,False,False,False,0,data_portal_monthly,data_portal_monthly,data_portal_monthly,data_portal_monthly,data_portal_monthly,0,0,0,0,0,0,0,0,0,0,0,0,0,0,0,월별 3개월 합,월별: 분기말 값,월별 단순평균(근사),월별: 분기말 값,월별: 분기말 값,193,False,False,False,,False,True,True,False,False,False,False,lag4_not_observed,,False,True,True,False,False,False,False,lag4_not_observed,,False,True,True,False,False,False,,False,False,lag4_not_observed,,False,True,True,False,False,False,,False,False,lag4_not_observed,False,False,lag4_not_observed;lag4_not_observed,False,,,0.0008487460699366762,0.0019069867226049438,0.9696969696969697,0,False,False,False,INVALID,False,INVALID,,INVALID,,,,,,False,False,False,False,False,,0.0,0.0,0.0,0.0,0.0,0.0,2.0
2018Q3,2018-09-30,창원,국가,목재종이,94.0,258.0,,62.3,33.0,32.0,,,False,False,False,False,0,data_portal_monthly,data_portal_monthly,data_portal_monthly,data_portal_monthly,data_portal_monthly,0,0,0,0,0,0,0,0,0,0,0,0,0,0,0,월별 3개월 합,월별: 분기말 값,월별 단순평균(근사),월별: 분기말 값,월별: 분기말 값,194,False,False,False,,False,True,True,False,False,False,False,lag4_not_observed,,False,True,True,False,False,False,False,lag4_not_observed,,False,True,True,False,False,False,,False,False,lag4_not_observed,,False,True,True,False,False,False,,False,False,lag4_not_observed,False,False,lag4_not_observed;lag4_not_observed,False,,,0.0007566549411982517,0.002083114660121273,0.9696969696969697,0,False,False,False,INVALID,False,INVALID,,INVALID,,,,,,False,False,False,False,False,,0.0,0.0,0.0,0.0,0.0,0.0,3.0
2018Q4,2018-12-31,창원,국가,목재종이,84.0,263.0,,63.7,34.0,33.0,,,False,False,False,True,1,data_portal_monthly,data_portal_monthly,data_portal_monthly,data_portal_monthly,data_portal_monthly,0,0,0,0,0,0,0,0,0,0,0,0,0,0,0,월별 3개월 합,월별: 분기말 값,월별 단순평균(근사),월별: 분기말 값,월별: 분기말 값,195,False,True,False,,False,True,True,False,False,True,False,lag4_not_observed|classification_comparison_risk,,False,True,True,False,False,True,False,lag4_not_observed|classification_comparison_risk,,False,True,True,False,False,True,,False,False,lag4_not_observed|classification_comparison_risk,,False,True,True,False,False,True,,False,False,lag4_not_observed|classification_comparison_risk,False,True,lag4_not_observed|classification_comparison_risk;lag4_not_observed|classification_comparison_risk,False,,,0.0007869442206441701,0.002130831429358482,0.9705882352941176,0,False,False,False,INVALID,False,INVALID,,INVALID,,,,,,False,False,False,False,False,,0.0,0.0,0.0,0.0,0.0,0.0,4.0
2019Q1,2019-03-31,창원,국가,목재종이,78.0,262.0,,63.7,34.0,34.0,-40.90909090909091,5.2208835341365445,False,False,False,True,0,data_portal_monthly,data_portal_monthly,data_portal_monthly,data_portal_monthly,data_portal_monthly,0,0,0,0,0,0,0,0,0,0,0,0,0,0,0,월별 3개월 합,월별: 분기말 값,월별 단순평균(근사),월별: 분기말 값,월별: 분기말 값,196,False,False,False,132.0,False,False,False,False,False,True,True,classification_comparison_risk,249.0,False,False,False,False,False,True,True,classification_comparison_risk,33.0,False,False,False,False,False,True,3.0303030303030276,True,False,classification_comparison_risk,33.0,False,False,False,False,False,True,3.0303030303030276,True,False,classification_comparison_risk,False,True,classification_comparison_risk;classification_comparison_risk,False,,,0.0008059599706547908,0.0021337416218065136,1.0,0,False,False,False,INVALID,False,INVALID,,INVALID,,,,,,False,False,False,False,False,,0.0,0.0,0.0,0.0,0.0,0.0,4.0
2019Q2,2019-06-30,창원,국가,목재종이,76.0,262.0,,62.6,35.0,35.0,-33.913043478260875,9.166666666666657,False,False,False,True,0,data_portal_monthly,data_portal_monthly,data_portal_monthly,data_portal_monthly,data_portal_monthly,0,0,0,0,0,0,0,0,0,0,0,0,0,0,0,월별 3개월 합,월별: 분기말 값,월별 단순평균(근사),월별: 분기말 값,월별: 분기말 값,197,False,False,False,115.0,False,False,False,False,False,True,True,classification_comparison_risk,240.0,False,False,False,False,False,True,True,classification_comparison_risk,33.0,False,False,False,False,False,True,6.060606060606055,True,False,classification_comparison_risk,32.0,False,False,False,False,False,True,9.375,True,False,classification_comparison_risk,False,True,classification_comparison_risk;classification_comparison_risk,False,,,0.0007509955631972648,0.0021350979129825362,1.0,0,False,False,False,INVALID,False,INVALID,,INVALID,,,,,,False,False,False,False,False,,0.0,0.0,0.0,0.0,0.0,0.0,4.0
2019Q3,2019-09-30,창원,국가,목재종이,76.0,262.0,,63.6,35.0,35.0,-19.14893617021277,1.5503875968992276,False,False,False,True,0,data_portal_monthly,data_portal_monthly,data_portal_monthly,data_portal_monthly,data_portal_monthly,0,0,0,0,0,0,0,0,0,0,0,0,0,0,0,월별 3개월 합,월별: 분기말 값,월별 단순평균(근사),월별: 분기말 값,월별: 분기말 값,198,False,False,False,94.0,False,False,False,False,False,True,True,classification_comparison_risk,258.0,False,False,False,False,False,True,True,classification_comparison_risk,33.0,False,False,False,False,False,True,6.060606060606055,True,False,classification_comparison_risk,32.0,False,False,False,False,False,True,9.375,True,False,classification_comparison_risk,False,True,classification_comparison_risk;classification_comparison_risk,False,,,0.0008118357100891951,0.002144359597646115,1.0,0,False,False,False,INVALID,False,INVALID,,S4,,,,,,False,False,False,False,False,,0.0,0.0,0.0,0.0,0.0,0.0,4.0
2019Q4,2019-12-31,창원,국가,목재종이,77.0,261.0,,62.8,35.0,35.0,-8.333333333333337,-0.760456273764254,True,True,True,False,0,data_portal_monthly,data_portal_monthly,data_portal_monthly,data_portal_monthly,data_portal_monthly,0,0,0,0,0,0,0,0,0,0,0,0,0,0,0,월별 3개월 합,월별: 분기말 값,월별 단순평균(근사),월별: 분기말 값,월별: 분기말 값,199,False,False,False,84.0,False,False,False,False,False,False,True,valid,263.0,False,False,False,False,False,False,True,valid,34.0,False,False,False,False,False,False,2.941176470588225,True,True,valid,33.0,False,False,False,False,False,False,6.060606060606055,True,True,valid,False,False,,False,,,0.000767138573122254,0.002127763647035805,1.0,0,True,False,False,S4,True,INVALID,,S4,2019Q4,목재종이:2019Q4,S4->S4,1,3,True,True,False,True,True,False,0.0,0.0,0.0,1.0,0.0,1.0,4.0
2020Q1,2020-03-31,창원,국가,목재종이,65.0,256.0,,58.5,34.0,34.0,-16.666666666666664,-2.2900763358778664,True,True,True,False,0,data_portal_monthly,data_portal_monthly,data_portal_monthly,data_portal_monthly,data_portal_monthly,0,0,0,0,0,0,0,0,0,0,0,0,0,0,0,월별 3개월 합,월별: 분기말 값,월별 단순평균(근사),월별: 분기말 값,월별: 분기말 값,200,False,False,False,78.0,False,False,False,False,False,False,True,valid,262.0,False,False,False,False,False,False,True,valid,34.0,False,False,False,False,False,False,0.0,True,True,valid,34.0,False,False,False,False,False,False,0.0,True,True,valid,False,False,,False,,,0.0006099506409173658,0.0020569022730377072,1.0,0,True,False,False,S4,True,S4,S4,S4,2019Q4,목재종이:2019Q4,S4->S4,2,3,True,True,True,True,True,False,0.0,0.0,0.0,2.0,0.0,2.0,4.0
2020Q2,2020-06-30,창원,국가,목재종이,57.0,234.0,,62.2,33.0,33.0,-25.0,-10.687022900763354,True,True,True,False,0,data_portal_monthly,data_portal_monthly,data_portal_monthly,data_portal_monthly,data_portal_monthly,0,0,0,0,0,0,0,0,0,0,0,0,0,0,0,월별 3개월 합,월별: 분기말 값,월별 단순평균(근사),월별: 분기말 값,월별: 분기말 값,201,False,False,False,76.0,False,False,False,False,False,False,True,valid,262.0,False,False,False,False,False,False,True,valid,35.0,False,False,False,False,False,False,-5.714285714285716,True,True,valid,35.0,False,False,False,False,False,False,-5.714285714285716,True,True,valid,False,False,,False,,,0.0005639097744360903,0.001915097350781998,1.0,0,True,False,False,S4,True,S4,S4,INVALID,2019Q4,목재종이:2019Q4,,3,3,False,False,True,True,True,,0.0,0.0,0.0,3.0,0.0,3.0,4.0
2020Q3,2020-09-30,창원,국가,목재종이,63.0,231.0,,68.8,33.0,32.0,-17.105263157894733,-11.832061068702293,False,False,False,True,1,data_portal_monthly,data_portal_monthly,data_portal_monthly,data_portal_monthly,data_portal_monthly,0,0,0,0,0,0,0,0,0,0,0,0,0,0,0,월별 3개월 합,월별: 분기말 값,월별 단순평균(근사),월별: 분기말 값,월별: 분기말 값,202,False,True,False,76.0,False,False,False,False,False,True,True,classification_comparison_risk,262.0,False,False,False,False,False,True,True,classification_comparison_risk,35.0,False,False,False,False,False,True,-5.714285714285716,True,False,classification_comparison_risk,35.0,False,False,False,False,False,True,-8.571428571428575,True,False,classification_comparison_risk,False,True,classification_comparison_risk;classification_comparison_risk,False,,,0.0006098328283659384,0.0019072309648442015,0.9696969696969697,0,False,False,False,INVALID,False,S4,S4,INVALID,,,,,,False,False,False,False,False,,0.0,0.0,0.0,3.0,0.0,3.0,4.0
2020Q4,2020-12-31,창원,국가,목재종이,127.0,280.0,,87.2,37.0,34.0,64.93506493506493,7.279693486590033,False,False,False,True,0,data_portal_monthly,data_portal_monthly,data_portal_monthly,data_portal_monthly,data_portal_monthly,0,0,0,0,0,0,0,0,0,0,0,0,0,0,0,월별 3개월 합,월별: 분기말 값,월별 단순평균(근사),월별: 분기말 값,월별: 분기말 값,203,False,False,False,77.0,False,False,False,False,False,True,True,classification_comparison_risk,261.0,False,False,False,False,False,True,True,classification_comparison_risk,35.0,False,False,False,False,False,True,5.714285714285716,True,False,classification_comparison_risk,35.0,False,False,False,False,False,True,-2.857142857142858,True,False,classification_comparison_risk,False,True,classification_comparison_risk;classification_comparison_risk,False,,,0.0011941477358206709,0.0023718562316287026,0.918918918918919,0,False,False,False,INVALID,False,INVALID,S4,INVALID,,,,,,False,False,False,False,False,,0.0,0.0,0.0,2.0,0.0,2.0,4.0
2021Q1,2021-03-31,창원,국가,목재종이,122.35222222,261.0,,81.04503266,41.0,35.0,88.23418803076923,1.953125,False,False,False,True,0,data_portal_monthly,data_portal_monthly,data_portal_monthly,data_portal_monthly,data_portal_monthly,0,0,0,0,0,0,0,0,0,0,0,0,0,0,0,월별 3개월 합,월별: 분기말 값,월별 단순평균(근사),월별: 분기말 값,월별: 분기말 값,204,False,False,False,65.0,False,False,False,False,False,True,True,classification_comparison_risk,256.0,False,False,False,False,False,True,True,classification_comparison_risk,34.0,False,False,False,False,False,True,20.58823529411764,True,False,classification_comparison_risk,34.0,False,False,False,False,False,True,2.941176470588225,True,False,classification_comparison_risk,False,True,classification_comparison_risk;classification_comparison_risk,False,,,0.0011561167550000523,0.0022305023330541646,0.8536585365853658,0,False,False,False,INVALID,False,INVALID,S4,INVALID,,,,,,False,False,False,False,False,,0.0,0.0,0.0,1.0,0.0,1.0,4.0
2021Q2,2021-06-30,창원,국가,목재종이,118.15666667,264.0,,82.01119607,43.0,36.0,107.29239766666669,12.82051282051282,False,False,False,True,0,data_portal_monthly,data_portal_monthly,data_portal_monthly,data_portal_monthly,data_portal_monthly,0,0,0,0,0,0,0,0,0,0,0,0,0,0,0,월별 3개월 합,월별: 분기말 값,월별 단순평균(근사),월별: 분기말 값,월별: 분기말 값,205,False,False,False,57.0,False,False,False,False,False,True,True,classification_comparison_risk,234.0,False,False,False,False,False,True,True,classification_comparison_risk,33.0,False,False,False,False,False,True,30.303030303030297,True,False,classification_comparison_risk,33.0,False,False,False,False,False,True,9.090909090909083,True,False,classification_comparison_risk,False,True,classification_comparison_risk;classification_comparison_risk,False,,,0.00104490611411713,0.0022579927812655023,0.8372093023255814,0,False,False,False,INVALID,False,INVALID,S4,INVALID,,,,,,False,False,False,False,False,,0.0,0.0,0.0,0.0,0.0,0.0,4.0
2021Q3,2021-09-30,창원,국가,목재종이,126.64666667,261.0,,86.37647348,43.0,39.0,101.02645503174602,12.987012987012992,False,True,False,True,0,data_portal_monthly,data_portal_monthly,data_portal_monthly,data_portal_monthly,data_portal_monthly,0,0,0,0,0,0,0,0,0,0,0,0,0,0,0,월별 3개월 합,월별: 분기말 값,월별 단순평균(근사),월별: 분기말 값,월별: 분기말 값,206,False,False,False,63.0,False,False,False,False,False,True,True,classification_comparison_risk,231.0,False,False,False,False,False,False,True,valid,33.0,False,False,False,False,False,False,30.303030303030297,True,True,valid,32.0,False,False,False,False,False,False,21.875,True,True,valid,False,True,classification_comparison_risk;valid,False,,,0.0011236497355645839,0.002251067316400017,0.9069767441860465,0,False,False,False,INVALID,False,INVALID,S4,S2,,,,,,False,False,False,False,False,,0.0,0.0,0.0,0.0,0.0,0.0,4.0
2021Q4,2021-12-31,창원,국가,목재종이,137.88,267.0,,86.21139626,43.0,39.0,8.56692913385826,-4.642857142857137,True,True,True,False,0,data_portal_monthly,data_portal_monthly,data_portal_monthly,data_portal_monthly,data_portal_monthly,0,0,0,0,0,0,0,0,0,0,0,0,0,0,0,월별 3개월 합,월별: 분기말 값,월별 단순평균(근사),월별: 분기말 값,월별: 분기말 값,207,False,False,False,127.0,False,False,False,False,False,False,True,valid,280.0,False,False,False,False,False,False,True,valid,37.0,False,False,False,False,False,False,16.216216216216207,True,True,valid,34.0,False,False,False,False,False,False,14.705882352941169,True,True,valid,False,False,,False,,,0.0011222684212909926,0.0023074131047237153,0.9069767441860465,0,True,False,False,S2,True,INVALID,S4,S1,2021Q4,목재종이:2021Q4,S2->S1,1,1,True,True,False,True,False,True,0.0,1.0,0.0,0.0,0.0,1.0,4.0
2022Q1,2022-03-31,창원,국가,목재종이,135.06666666,267.0,,86.50453956,43.0,40.0,10.391674306608278,2.298850574712641,True,True,True,False,0,data_portal_monthly,data_portal_monthly,data_portal_monthly,data_portal_monthly,data_portal_monthly,0,0,0,0,0,0,0,0,0,0,0,0,0,0,0,월별 3개월 합,월별: 분기말 값,월별 단순평균(근사),월별: 분기말 값,월별: 분기말 값,208,True,False,False,122.35222222,False,False,False,False,False,False,True,valid,261.0,False,False,False,False,False,False,True,valid,41.0,False,False,False,False,False,False,4.878048780487809,True,True,valid,35.0,False,False,False,False,False,False,14.28571428571428,True,True,valid,False,False,,False,,,0.0010896156172535755,0.0022763312701416954,0.9302325581395349,0,True,False,False,S1,True,S2,S2,S1,2022Q1,목재종이:2022Q1,S1->S1,1,3,True,True,True,False,False,False,1.0,1.0,0.0,0.0,0.0,2.0,4.0
2022Q2,2022-06-30,창원,국가,목재종이,134.97,267.0,,88.38133069,43.0,40.0,14.229695034439294,1.1363636363636465,True,True,True,False,0,data_portal_monthly,data_portal_monthly,data_portal_monthly,data_portal_monthly,data_portal_monthly,0,0,0,0,0,0,0,0,0,0,0,0,0,0,0,월별 3개월 합,월별: 분기말 값,월별 단순평균(근사),월별: 분기말 값,월별: 분기말 값,209,True,False,False,118.15666667,False,False,False,False,False,False,True,valid,264.0,False,False,False,False,False,False,True,valid,43.0,False,False,False,False,False,False,0.0,True,True,valid,36.0,False,False,False,False,False,False,11.111111111111116,True,True,valid,False,False,,False,,,0.0010583861576631368,0.0022850198548541693,0.9302325581395349,0,True,False,False,S1,True,S1,S1,S1,2022Q1,목재종이:2022Q1,S1->S1,2,3,True,True,True,False,False,False,2.0,1.0,0.0,0.0,0.0,3.0,4.0
2022Q3,2022-09-30,창원,국가,목재종이,137.53666666,267.0,,88.20415879,45.0,39.0,8.598726106527387,2.298850574712641,True,True,True,False,0,data_portal_monthly,data_portal_monthly,data_portal_monthly,data_portal_monthly,data_portal_monthly,0,0,0,0,0,0,0,0,0,0,0,0,0,0,0,월별 3개월 합,월별: 분기말 값,월별 단순평균(근사),월별: 분기말 값,월별: 분기말 값,210,True,False,False,126.64666667,False,False,False,False,False,False,True,valid,261.0,False,False,False,False,False,False,True,valid,43.0,False,False,False,False,False,False,4.651162790697683,True,True,valid,39.0,False,False,False,False,False,False,0.0,True,True,valid,False,False,,False,,,0.0011029630887902854,0.002308111238859257,0.8666666666666667,0,True,False,False,S1,True,S1,S1,S4,2022Q1,목재종이:2022Q1,S1->S4,3,3,True,True,True,False,False,True,3.0,1.0,0.0,0.0,0.0,4.0,4.0
2022Q4,2022-12-31,창원,국가,목재종이,69.14124999999999,263.0,,76.02979319150306,45.0,40.0,-49.854039744705545,-1.4981273408239737,True,True,True,True,0,kicox_annual_revision,kicox_annual_revision,kicox_annual_revision,kicox_annual_revision,kicox_annual_revision,1,1,1,1,1,0,0,0,0,0,0,0,0,0,0,보정본: 월별 3개월 합,보정본: 월별: 분기말 값,보정본: 월별 단순평균(근사),보정본: 월별: 분기말 값,보정본: 월별: 분기말 값,211,True,False,False,137.88,False,False,False,False,False,False,True,valid,267.0,False,False,False,False,False,False,True,valid,43.0,False,False,False,False,False,False,4.651162790697683,True,True,valid,39.0,False,False,False,False,False,False,2.564102564102555,True,True,valid,False,False,,False,,,0.0005515486330122941,0.0023412532381401727,0.8888888888888888,0,True,False,False,S4,True,S1,S1,S4,2022Q4,목재종이:2022Q4,S4->S4,1,4,True,True,True,False,True,False,3.0,0.0,0.0,1.0,0.0,4.0,4.0
2023Q1,2023-03-31,창원,국가,목재종이,68.37,258.0,,61.78714647068784,44.0,39.0,-49.38055281092698,-3.3707865168539297,True,True,True,True,0,kicox_annual_revision,kicox_annual_revision,kicox_annual_revision,kicox_annual_revision,kicox_annual_revision,1,1,1,1,1,0,0,0,0,0,0,0,0,0,0,보정본: 월별 3개월 합,보정본: 월별: 분기말 값,보정본: 월별 단순평균(근사),보정본: 월별: 분기말 값,보정본: 월별: 분기말 값,212,True,False,False,135.06666666,False,False,False,False,False,False,True,valid,267.0,False,False,False,False,False,False,True,valid,43.0,False,False,False,False,False,False,2.3255813953488413,True,True,valid,40.0,False,False,False,False,False,False,-2.500000000000002,True,True,valid,False,False,,False,,,0.000520358640006093,0.00226867036571318,0.8863636363636364,0,True,False,False,S4,True,S4,S4,S4,2022Q4,목재종이:2022Q4,S4->S4,2,4,True,True,True,False,True,False,2.0,0.0,0.0,2.0,0.0,4.0,4.0
2023Q2,2023-06-30,창원,국가,목재종이,64.205,258.0,,71.8779736915757,44.0,39.0,-52.43016966733348,-3.3707865168539297,True,True,True,True,0,kicox_annual_revision,kicox_annual_revision,kicox_annual_revision,kicox_annual_revision,kicox_annual_revision,1,1,1,1,1,0,0,0,0,0,0,0,0,0,0,보정본: 월별 3개월 합,보정본: 월별: 분기말 값,보정본: 월별 단순평균(근사),보정본: 월별: 분기말 값,보정본: 월별: 분기말 값,213,True,False,False,134.97,False,False,False,False,False,False,True,valid,267.0,False,False,False,False,False,False,True,valid,43.0,False,False,False,False,False,False,2.3255813953488413,True,True,valid,40.0,False,False,False,False,False,False,-2.500000000000002,True,True,valid,False,False,,False,,,0.00045788684530811416,0.002275935074100212,0.8863636363636364,0,True,False,False,S4,True,S4,S4,S4,2022Q4,목재종이:2022Q4,S4->S4,3,4,True,True,True,False,True,False,1.0,0.0,0.0,3.0,0.0,4.0,4.0
2023Q3,2023-09-30,창원,국가,목재종이,74.61500000000001,252.0,,76.57918585348939,48.0,43.0,-45.749012381946585,-5.61797752808989,True,True,True,True,0,kicox_annual_revision,kicox_annual_revision,kicox_annual_revision,kicox_annual_revision,kicox_annual_revision,1,1,1,1,1,0,0,0,0,0,0,0,0,0,0,보정본: 월별 3개월 합,보정본: 월별: 분기말 값,보정본: 월별 단순평균(근사),보정본: 월별: 분기말 값,보정본: 월별: 분기말 값,214,True,False,False,137.53666666,False,False,False,False,False,False,True,valid,267.0,False,False,False,False,False,False,True,valid,45.0,False,False,False,False,False,False,6.666666666666665,True,True,valid,39.0,False,False,False,False,False,False,10.256410256410264,True,True,valid,False,False,,False,,,0.0005445325913258431,0.002220499083603553,0.8958333333333334,0,True,False,False,S4,True,S4,S4,INVALID,2022Q4,목재종이:2022Q4,,4,4,False,False,True,False,True,,0.0,0.0,0.0,4.0,0.0,4.0,4.0
2023Q4,2023-12-31,창원,국가,목재종이,,239.0,,71.53558052434458,48.0,43.0,,-9.125475285171103,False,True,False,False,0,kicox_annual_revision,kicox_annual_revision,kicox_annual_revision,kicox_annual_revision,kicox_annual_revision,1,1,1,1,1,1,0,0,0,0,0,0,0,0,0,보정본: 월별 비공개(X) 포함 -> 분기 결측,보정본: 월별: 분기말 값,보정본: 월별 단순평균(근사),보정본: 월별: 분기말 값,보정본: 월별: 분기말 값,215,True,False,False,69.14124999999999,True,False,False,False,False,False,False,current_missing,263.0,False,False,False,False,False,False,True,valid,45.0,False,False,False,False,False,False,6.666666666666665,True,True,valid,40.0,False,False,False,False,False,False,7.499999999999996,True,True,valid,True,False,current_missing;valid,False,,,,0.0021055228127670445,0.8958333333333334,0,False,False,False,INVALID,False,S4,S4,S2,,,,,,False,False,False,False,False,,0.0,0.0,0.0,3.0,0.0,3.0,4.0
2024Q1,2024-03-31,창원,국가,목재종이,80.165,239.0,,74.97182629500344,48.0,43.0,17.251718590024858,-7.36434108527132,True,True,True,False,0,kicox_annual_revision,kicox_annual_revision,kicox_annual_revision,kicox_annual_revision,kicox_annual_revision,1,1,1,1,1,0,0,0,0,0,0,0,0,0,0,보정본: 월별 3개월 합,보정본: 월별: 분기말 값,보정본: 월별 단순평균(근사),보정본: 월별: 분기말 값,보정본: 월별: 분기말 값,216,True,False,False,68.37,False,False,False,False,False,False,True,valid,258.0,False,False,False,False,False,False,True,valid,44.0,False,False,False,False,False,False,9.090909090909083,True,True,valid,39.0,False,False,False,False,False,False,10.256410256410264,True,True,valid,False,False,,False,,,0.0005709683761325888,0.0020966383605867077,0.8958333333333334,0,True,False,False,S2,True,INVALID,S4,S2,2024Q1,목재종이:2024Q1,S2->S2,1,3,True,True,False,True,True,False,0.0,1.0,0.0,2.0,0.0,3.0,4.0
2024Q2,2024-06-30,창원,국가,목재종이,80.875,237.0,76.22525918944392,,48.0,43.0,25.963709991433692,-8.139534883720934,True,True,True,False,0,kicox_annual_revision,kicox_annual_revision,kicox_annual_revision,kicox_annual_revision,kicox_annual_revision,1,1,1,1,1,0,0,0,0,0,0,0,0,0,0,보정본: 분기공표,보정본: 분기공표,보정본: 분기공표,보정본: 분기공표,보정본: 분기공표,217,True,False,False,64.205,False,False,False,False,False,False,True,valid,258.0,False,False,False,False,False,False,True,valid,44.0,False,False,False,False,False,False,9.090909090909083,True,True,valid,39.0,False,False,False,False,False,False,10.256410256410264,True,True,valid,False,False,,True,,,0.0005479972288385867,0.002037850712387897,0.8958333333333334,0,True,False,False,S2,True,S2,S2,S2,2024Q1,목재종이:2024Q1,S2->S2,2,3,True,True,True,True,True,False,0.0,2.0,0.0,1.0,0.0,3.0,4.0
2024Q3,2024-09-30,창원,국가,목재종이,78.03,211.0,75.05771450557907,,50.0,44.0,4.576827715606768,-16.26984126984127,True,True,True,True,0,kicox_annual_revision,kicox_annual_revision,kicox_annual_revision,kicox_annual_revision,kicox_annual_revision,1,1,1,1,1,0,0,0,0,0,0,0,0,0,0,보정본: 분기공표,"보정본으로 대체(이전 무효: 업종별 117,705 != 단지 전체 120,217 (2.09%) + 원파일 중복 -> 업종별 무효)",보정본: 분기공표,보정본: 분기공표,보정본: 분기공표,218,True,False,False,74.61500000000001,False,False,False,False,False,False,True,valid,252.0,False,False,False,False,False,False,True,valid,48.0,False,False,False,False,False,False,4.166666666666674,True,True,valid,43.0,False,False,False,False,False,False,2.3255813953488413,True,True,valid,False,False,,True,-1.1675446838648469,,0.0005335465629564023,0.0018122165727635015,0.88,0,True,False,False,S2,True,S2,S2,INVALID,2024Q1,목재종이:2024Q1,,3,3,False,False,True,True,True,,0.0,3.0,0.0,0.0,0.0,3.0,4.0
2024Q4,2024-12-31,창원,국가,목재종이,62.71,214.0,71.94814134924276,,50.0,44.0,,-10.460251046025103,False,True,False,False,0,kicox_annual_revision,kicox_annual_revision,kicox_annual_revision,kicox_annual_revision,kicox_annual_revision,1,1,1,1,1,0,0,0,0,0,0,0,0,0,0,보정본: 분기공표,보정본: 분기공표,보정본: 분기공표,보정본: 분기공표,보정본: 분기공표,219,True,False,False,,False,True,False,False,False,False,False,lag4_missing,239.0,False,False,False,False,False,False,True,valid,48.0,False,False,False,False,False,False,4.166666666666674,True,True,valid,43.0,False,False,False,False,False,False,2.3255813953488413,True,True,valid,False,False,lag4_missing;valid,True,-3.1095731563363103,,0.0003963562751007083,0.0018677885034999214,0.88,0,False,False,False,INVALID,False,S2,S2,S1,,,,,,False,False,False,False,False,,0.0,3.0,0.0,0.0,0.0,3.0,4.0
2025Q1,2025-03-31,창원,국가,목재종이,183.7,479.0,67.51194413818449,,50.0,45.0,129.15237323021267,100.418410041841,True,True,True,True,0,kicox_annual_revision,kicox_annual_revision,kicox_annual_revision,kicox_annual_revision,kicox_annual_revision,1,1,1,1,1,0,0,0,0,0,0,0,0,0,0,보정본: 분기공표,보정본: 분기공표,보정본: 분기공표,보정본: 분기공표,보정본: 분기공표,220,True,False,False,80.165,False,False,False,False,False,False,True,valid,239.0,False,False,False,False,False,False,True,valid,48.0,False,False,False,False,False,False,4.166666666666674,True,True,valid,43.0,False,False,False,False,False,False,4.651162790697683,True,True,valid,False,False,,True,-4.436197211058271,,0.0012232154596071578,0.004097168762295783,0.9,0,True,False,False,S1,True,INVALID,S2,S1,2025Q1,목재종이:2025Q1,S1->S1,1,4,True,True,False,True,False,False,1.0,2.0,0.0,0.0,0.0,3.0,4.0
2025Q2,2025-06-30,창원,국가,목재종이,190.43,476.0,68.6976912,,50.0,45.0,135.46213292117466,100.84388185654008,True,True,True,True,0,data_portal_quarterly,data_portal_quarterly,data_portal_quarterly,data_portal_quarterly,data_portal_quarterly,0,0,0,0,0,0,0,0,0,0,0,0,0,0,0,분기공표,분기공표,분기공표,분기공표,분기공표,221,True,False,False,80.875,False,False,False,False,False,False,True,valid,237.0,False,False,False,False,False,False,True,valid,48.0,False,False,False,False,False,False,4.166666666666674,True,True,valid,43.0,False,False,False,False,False,False,4.651162790697683,True,True,valid,False,False,,True,1.1857470618155048,-7.527567989443924,0.0012114134407355624,0.003994562024806566,0.9,0,True,False,False,S1,True,S1,S1,S1,2025Q1,목재종이:2025Q1,S1->S1,2,4,True,True,True,True,False,False,2.0,1.0,0.0,0.0,0.0,3.0,4.0
2025Q3,2025-09-30,창원,국가,목재종이,178.87,471.0,66.07683783,,49.0,44.0,129.23234653338457,123.22274881516586,True,True,True,True,0,data_portal_quarterly,data_portal_quarterly,data_portal_quarterly,data_portal_quarterly,data_portal_quarterly,0,0,0,0,0,0,0,0,0,0,0,0,0,0,0,분기공표,분기공표,분기공표,분기공표,분기공표,222,True,False,False,78.03,False,False,False,False,False,False,True,valid,211.0,False,False,False,False,False,False,True,valid,50.0,False,False,False,False,False,False,-2.0000000000000018,True,True,valid,44.0,False,False,False,False,False,False,0.0,True,True,valid,False,False,,True,-2.620853369999992,-8.980876675579069,0.0012008615703960706,0.004038273573743505,0.8979591836734694,0,True,False,False,S1,True,S1,S1,S1,2025Q1,목재종이:2025Q1,S1->S1,3,4,True,True,True,True,False,False,3.0,0.0,0.0,0.0,0.0,3.0,4.0
2025Q4,2025-12-31,창원,국가,목재종이,175.72,471.0,64.79351032,,49.0,45.0,180.21049274437888,120.09345794392523,True,True,True,True,0,data_portal_quarterly,data_portal_quarterly,data_portal_quarterly,data_portal_quarterly,data_portal_quarterly,0,0,0,0,0,0,0,0,0,0,0,0,0,0,0,분기공표,분기공표,분기공표,분기공표,분기공표,223,True,False,False,62.71,False,False,False,False,False,False,True,valid,214.0,False,False,False,False,False,False,True,valid,50.0,False,False,False,False,False,False,-2.0000000000000018,True,True,valid,44.0,False,False,False,False,False,False,2.2727272727272707,True,True,valid,False,False,,True,-1.2833275100000066,-7.154631029242765,0.0011461241148019374,0.004079794191273918,0.9183673469387755,0,True,False,False,S1,True,S1,S1,S4,2025Q1,목재종이:2025Q1,S1->S4,4,4,True,True,True,True,False,True,4.0,0.0,0.0,0.0,0.0,4.0,4.0
2026Q1,2026-03-31,창원,국가,목재종이,157.45,428.0,70.18364981724169,,50.0,46.0,-14.28960261295591,-10.647181628392488,True,True,True,False,0,kicox_annual_revision,kicox_annual_revision,kicox_annual_revision,kicox_annual_revision,kicox_annual_revision,1,1,1,1,1,0,0,0,0,0,0,0,0,0,0,보정본: 분기공표,보정본: 분기공표,보정본: 분기공표,보정본: 분기공표,보정본: 분기공표,224,True,False,False,183.7,False,False,False,False,False,False,True,valid,479.0,False,False,False,False,False,False,True,valid,50.0,False,False,False,False,False,False,0.0,True,True,valid,45.0,False,False,False,False,False,False,2.2222222222222143,True,True,valid,False,False,,True,5.390139497241691,2.6717056790571974,0.0010041807989252082,0.003723519944321197,0.92,0,True,False,False,S4,True,S1,S1,S4,2026Q1,목재종이:2026Q1,S4->S4,1,2,True,True,True,False,True,False,3.0,0.0,0.0,1.0,0.0,4.0,4.0
2026Q2,2026-06-30,창원,국가,목재종이,165.87,428.0,74.70612079448723,,48.0,44.0,-12.897127553431709,-10.084033613445376,True,True,True,False,0,kicox_annual_revision,kicox_annual_revision,kicox_annual_revision,kicox_annual_revision,kicox_annual_revision,1,1,1,1,1,0,0,0,0,0,0,0,0,0,0,보정본: 분기공표,보정본: 분기공표,보정본: 분기공표,보정본: 분기공표,보정본: 분기공표,225,True,False,False,190.43,False,False,False,False,False,False,True,valid,476.0,False,False,False,False,False,False,True,valid,50.0,False,False,False,False,False,False,-4.0000000000000036,True,True,valid,45.0,False,False,False,False,False,False,-2.2222222222222254,True,True,valid,False,False,,True,4.522470977245547,6.0084295944872395,0.0010510910643972118,0.0037272489767482364,0.9166666666666666,0,True,False,False,S4,True,S4,S4,,2026Q1,목재종이:2026Q1,,2,2,False,False,True,False,True,,2.0,0.0,0.0,2.0,0.0,4.0,4.0
2018Q1,2018-03-31,창원,국가,비금속,220.0,42.0,,60.4,5.0,5.0,,,False,False,False,False,0,data_portal_monthly,data_portal_monthly,data_portal_monthly,data_portal_monthly,data_portal_monthly,0,0,0,0,0,0,0,0,0,0,0,0,0,0,0,월별 3개월 합,월별: 분기말 값,월별 단순평균(근사),월별: 분기말 값,월별: 분기말 값,192,False,False,False,,False,True,True,False,False,False,False,lag4_not_observed,,False,True,True,False,False,False,False,lag4_not_observed,,False,True,True,False,False,False,,False,False,lag4_not_observed,,False,True,True,False,False,False,,False,False,lag4_not_observed,False,False,lag4_not_observed;lag4_not_observed,False,,,0.0016111786504181742,0.00033414748633575457,1.0,0,False,False,False,INVALID,False,,,INVALID,,,,,,False,False,False,False,False,,0.0,0.0,0.0,0.0,0.0,0.0,1.0
2018Q2,2018-06-30,창원,국가,비금속,311.0,42.0,,60.3,5.0,5.0,,,False,False,False,False,0,data_portal_monthly,data_portal_monthly,data_portal_monthly,data_portal_monthly,data_portal_monthly,0,0,0,0,0,0,0,0,0,0,0,0,0,0,0,월별 3개월 합,월별: 분기말 값,월별 단순평균(근사),월별: 분기말 값,월별: 분기말 값,193,False,False,False,,False,True,True,False,False,False,False,lag4_not_observed,,False,True,True,False,False,False,False,lag4_not_observed,,False,True,True,False,False,False,,False,False,lag4_not_observed,,False,True,True,False,False,False,,False,False,lag4_not_observed,False,False,lag4_not_observed;lag4_not_observed,False,,,0.002295304589133098,0.0003337226764558652,1.0,0,False,False,False,INVALID,False,INVALID,,INVALID,,,,,,False,False,False,False,False,,0.0,0.0,0.0,0.0,0.0,0.0,2.0
2018Q3,2018-09-30,창원,국가,비금속,148.0,283.0,,57.8,5.0,5.0,,,False,False,False,False,0,data_portal_monthly,data_portal_monthly,data_portal_monthly,data_portal_monthly,data_portal_monthly,0,0,0,0,0,0,0,0,0,0,0,0,0,0,0,월별 3개월 합,월별: 분기말 값,월별 단순평균(근사),월별: 분기말 값,월별: 분기말 값,194,False,False,False,,False,True,True,False,False,False,False,lag4_not_observed,,False,True,True,False,False,False,False,lag4_not_observed,,False,True,True,False,False,False,,False,False,lag4_not_observed,,False,True,True,False,False,False,,False,False,lag4_not_observed,False,False,lag4_not_observed;lag4_not_observed,False,,,0.001191329056354694,0.002284966855869458,1.0,0,False,False,False,INVALID,False,INVALID,,INVALID,,,,,,False,False,False,False,False,,0.0,0.0,0.0,0.0,0.0,0.0,3.0
2018Q4,2018-12-31,창원,국가,비금속,163.0,291.0,,68.1,6.0,5.0,,,False,False,False,True,1,data_portal_monthly,data_portal_monthly,data_portal_monthly,data_portal_monthly,data_portal_monthly,0,0,0,0,0,0,0,0,0,0,0,0,0,0,0,월별 3개월 합,월별: 분기말 값,월별 단순평균(근사),월별: 분기말 값,월별: 분기말 값,195,False,True,False,,False,True,True,False,False,True,False,lag4_not_observed|classification_comparison_risk,,False,True,True,False,False,True,False,lag4_not_observed|classification_comparison_risk,,False,True,True,False,False,True,,False,False,lag4_not_observed|classification_comparison_risk,,False,True,True,False,False,True,,False,False,lag4_not_observed|classification_comparison_risk,False,True,lag4_not_observed|classification_comparison_risk;lag4_not_observed|classification_comparison_risk,False,,,0.0015270465233928538,0.0023576880073890426,0.8333333333333334,0,False,False,False,INVALID,False,INVALID,,INVALID,,,,,,False,False,False,False,False,,0.0,0.0,0.0,0.0,0.0,0.0,4.0
2019Q1,2019-03-31,창원,국가,비금속,123.0,289.0,,55.7,5.0,5.0,-44.09090909090909,588.0952380952382,False,False,False,True,0,data_portal_monthly,data_portal_monthly,data_portal_monthly,data_portal_monthly,data_portal_monthly,0,0,0,0,0,0,0,0,0,0,0,0,0,0,0,월별 3개월 합,월별: 분기말 값,월별 단순평균(근사),월별: 분기말 값,월별: 분기말 값,196,False,False,False,220.0,False,False,False,False,False,True,True,classification_comparison_risk,42.0,False,False,False,False,False,True,True,classification_comparison_risk,5.0,False,False,False,False,False,True,0.0,True,False,classification_comparison_risk,5.0,False,False,False,False,False,True,0.0,True,False,classification_comparison_risk,False,True,classification_comparison_risk;classification_comparison_risk,False,,,0.0012709368768017855,0.002353631025580467,1.0,0,False,False,False,INVALID,False,INVALID,,INVALID,,,,,,False,False,False,False,False,,0.0,0.0,0.0,0.0,0.0,0.0,4.0
2019Q2,2019-06-30,창원,국가,비금속,152.0,282.0,,62.9,5.0,5.0,-51.12540192926045,571.4285714285714,False,False,False,True,0,data_portal_monthly,data_portal_monthly,data_portal_monthly,data_portal_monthly,data_portal_monthly,0,0,0,0,0,0,0,0,0,0,0,0,0,0,0,월별 3개월 합,월별: 분기말 값,월별 단순평균(근사),월별: 분기말 값,월별: 분기말 값,197,False,False,False,311.0,False,False,False,False,False,True,True,classification_comparison_risk,42.0,False,False,False,False,False,True,True,classification_comparison_risk,5.0,False,False,False,False,False,True,0.0,True,False,classification_comparison_risk,5.0,False,False,False,False,False,True,0.0,True,False,classification_comparison_risk,False,True,classification_comparison_risk;classification_comparison_risk,False,,,0.0015019911263945297,0.0022980824864926534,1.0,0,False,False,False,INVALID,False,INVALID,,INVALID,,,,,,False,False,False,False,False,,0.0,0.0,0.0,0.0,0.0,0.0,4.0
2019Q3,2019-09-30,창원,국가,비금속,117.0,279.0,,49.0,5.0,5.0,-20.945945945945944,-1.4134275618374548,False,False,False,True,0,data_portal_monthly,data_portal_monthly,data_portal_monthly,data_portal_monthly,data_portal_monthly,0,0,0,0,0,0,0,0,0,0,0,0,0,0,0,월별 3개월 합,월별: 분기말 값,월별 단순평균(근사),월별: 분기말 값,월별: 분기말 값,198,False,False,False,148.0,False,False,False,False,False,True,True,classification_comparison_risk,283.0,False,False,False,False,False,True,True,classification_comparison_risk,5.0,False,False,False,False,False,True,0.0,True,False,classification_comparison_risk,5.0,False,False,False,False,False,True,0.0,True,False,classification_comparison_risk,False,True,classification_comparison_risk;classification_comparison_risk,False,,,0.001249799711584682,0.0022834974341346035,1.0,0,False,False,False,INVALID,False,INVALID,,S4,,,,,,False,False,False,False,False,,0.0,0.0,0.0,0.0,0.0,0.0,4.0
2019Q4,2019-12-31,창원,국가,비금속,131.0,278.0,,58.9,5.0,5.0,-19.631901840490794,-4.467353951890029,True,True,True,False,0,data_portal_monthly,data_portal_monthly,data_portal_monthly,data_portal_monthly,data_portal_monthly,0,0,0,0,0,0,0,0,0,0,0,0,0,0,0,월별 3개월 합,월별: 분기말 값,월별 단순평균(근사),월별: 분기말 값,월별: 분기말 값,199,False,False,False,163.0,False,False,False,False,False,False,True,valid,291.0,False,False,False,False,False,False,True,valid,6.0,False,False,False,False,False,False,-16.666666666666664,True,True,valid,5.0,False,False,False,False,False,False,0.0,True,True,valid,False,False,,False,,,0.0013051318581690295,0.0022663536163829647,1.0,0,True,False,False,S4,True,INVALID,,S4,2019Q4,비금속:2019Q4,S4->S4,1,3,True,True,False,True,True,False,0.0,0.0,0.0,1.0,0.0,1.0,4.0
2020Q1,2020-03-31,창원,국가,비금속,105.0,268.0,,51.4,5.0,5.0,-14.634146341463417,-7.26643598615917,True,True,True,False,0,data_portal_monthly,data_portal_monthly,data_portal_monthly,data_portal_monthly,data_portal_monthly,0,0,0,0,0,0,0,0,0,0,0,0,0,0,0,월별 3개월 합,월별: 분기말 값,월별 단순평균(근사),월별: 분기말 값,월별: 분기말 값,200,False,False,False,123.0,False,False,False,False,False,False,True,valid,289.0,False,False,False,False,False,False,True,valid,5.0,False,False,False,False,False,False,0.0,True,True,valid,5.0,False,False,False,False,False,False,0.0,True,True,valid,False,False,,False,,,0.0009853048814818985,0.0021533195670863496,1.0,0,True,False,False,S4,True,S4,S4,S4,2019Q4,비금속:2019Q4,S4->S4,2,3,True,True,True,True,True,False,0.0,0.0,0.0,2.0,0.0,2.0,4.0
2020Q2,2020-06-30,창원,국가,비금속,90.0,268.0,,34.9,5.0,5.0,-40.789473684210535,-4.964539007092195,True,True,True,True,0,data_portal_monthly,data_portal_monthly,data_portal_monthly,data_portal_monthly,data_portal_monthly,0,0,0,0,0,0,0,0,0,0,0,0,0,0,0,월별 3개월 합,월별: 분기말 값,월별 단순평균(근사),월별: 분기말 값,월별: 분기말 값,201,False,False,False,152.0,False,False,False,False,False,False,True,valid,282.0,False,False,False,False,False,False,True,valid,5.0,False,False,False,False,False,False,0.0,True,True,valid,5.0,False,False,False,False,False,False,0.0,True,True,valid,False,False,,False,,,0.000890383854372774,0.00219335935901528,1.0,0,True,False,False,S4,True,S4,S4,INVALID,2019Q4,비금속:2019Q4,,3,3,False,False,True,True,True,,0.0,0.0,0.0,3.0,0.0,3.0,4.0
2020Q3,2020-09-30,창원,국가,비금속,80.0,261.0,,41.6,5.0,5.0,-31.62393162393162,-6.451612903225811,False,False,False,True,1,data_portal_monthly,data_portal_monthly,data_portal_monthly,data_portal_monthly,data_portal_monthly,0,0,0,0,0,0,0,0,0,0,0,0,0,0,0,월별 3개월 합,월별: 분기말 값,월별 단순평균(근사),월별: 분기말 값,월별: 분기말 값,202,False,True,False,117.0,False,False,False,False,False,True,True,classification_comparison_risk,279.0,False,False,False,False,False,True,True,classification_comparison_risk,5.0,False,False,False,False,False,True,0.0,True,False,classification_comparison_risk,5.0,False,False,False,False,False,True,0.0,True,False,classification_comparison_risk,False,True,classification_comparison_risk;classification_comparison_risk,False,,,0.0007743908931630965,0.0021549232979408512,1.0,0,False,False,False,INVALID,False,S4,S4,INVALID,,,,,,False,False,False,False,False,,0.0,0.0,0.0,3.0,0.0,3.0,4.0
2020Q4,2020-12-31,창원,국가,비금속,135.0,272.0,,35.1,5.0,5.0,3.053435114503822,-2.1582733812949617,False,False,False,True,0,data_portal_monthly,data_portal_monthly,data_portal_monthly,data_portal_monthly,data_portal_monthly,0,0,0,0,0,0,0,0,0,0,0,0,0,0,0,월별 3개월 합,월별: 분기말 값,월별 단순평균(근사),월별: 분기말 값,월별: 분기말 값,203,False,False,False,131.0,False,False,False,False,False,True,True,classification_comparison_risk,278.0,False,False,False,False,False,True,True,classification_comparison_risk,5.0,False,False,False,False,False,True,0.0,True,False,classification_comparison_risk,5.0,False,False,False,False,False,True,0.0,True,False,classification_comparison_risk,False,True,classification_comparison_risk;classification_comparison_risk,False,,,0.001269369640439296,0.0023040889107250255,1.0,0,False,False,False,INVALID,False,INVALID,S4,INVALID,,,,,,False,False,False,False,False,,0.0,0.0,0.0,2.0,0.0,2.0,4.0
2021Q1,2021-03-31,창원,국가,비금속,104.315,273.0,,28.34442384,5.0,5.0,-0.6523809523809598,1.8656716417910557,False,False,False,True,0,data_portal_monthly,data_portal_monthly,data_portal_monthly,data_portal_monthly,data_portal_monthly,0,0,0,0,0,0,0,0,0,0,0,0,0,0,0,월별 3개월 합,월별: 분기말 값,월별 단순평균(근사),월별: 분기말 값,월별: 분기말 값,204,False,False,False,105.0,False,False,False,False,False,True,True,classification_comparison_risk,268.0,False,False,False,False,False,True,True,classification_comparison_risk,5.0,False,False,False,False,False,True,0.0,True,False,classification_comparison_risk,5.0,False,False,False,False,False,True,0.0,True,False,classification_comparison_risk,False,True,classification_comparison_risk;classification_comparison_risk,False,,,0.0009856814785184737,0.0023330541644589536,1.0,0,False,False,False,INVALID,False,INVALID,S4,INVALID,,,,,,False,False,False,False,False,,0.0,0.0,0.0,1.0,0.0,1.0,4.0
2021Q2,2021-06-30,창원,국가,비금속,130.345,267.0,,30.38612199,5.0,5.0,44.827777777777776,-0.3731343283582045,False,False,False,True,0,data_portal_monthly,data_portal_monthly,data_portal_monthly,data_portal_monthly,data_portal_monthly,0,0,0,0,0,0,0,0,0,0,0,0,0,0,0,월별 3개월 합,월별: 분기말 값,월별 단순평균(근사),월별: 분기말 값,월별: 분기말 값,205,False,False,False,90.0,False,False,False,False,False,True,True,classification_comparison_risk,268.0,False,False,False,False,False,True,True,classification_comparison_risk,5.0,False,False,False,False,False,True,0.0,True,False,classification_comparison_risk,5.0,False,False,False,False,False,True,0.0,True,False,classification_comparison_risk,False,True,classification_comparison_risk;classification_comparison_risk,False,,,0.0011526923641556831,0.0022836517901435194,1.0,0,False,False,False,INVALID,False,INVALID,S4,INVALID,,,,,,False,False,False,False,False,,0.0,0.0,0.0,0.0,0.0,0.0,4.0
2021Q3,2021-09-30,창원,국가,비금속,120.835,267.0,,29.05055027,5.0,5.0,51.04374999999999,2.298850574712641,False,True,False,True,0,data_portal_monthly,data_portal_monthly,data_portal_monthly,data_portal_monthly,data_portal_monthly,0,0,0,0,0,0,0,0,0,0,0,0,0,0,0,월별 3개월 합,월별: 분기말 값,월별 단순평균(근사),월별: 분기말 값,월별: 분기말 값,206,False,False,False,80.0,False,False,False,False,False,True,True,classification_comparison_risk,261.0,False,False,False,False,False,False,True,valid,5.0,False,False,False,False,False,False,0.0,True,True,valid,5.0,False,False,False,False,False,False,0.0,True,True,valid,False,True,classification_comparison_risk;valid,False,,,0.0010720867699639907,0.0023028159903402475,1.0,0,False,False,False,INVALID,False,INVALID,S4,S4,,,,,,False,False,False,False,False,,0.0,0.0,0.0,0.0,0.0,0.0,4.0
2021Q4,2021-12-31,창원,국가,비금속,126.025,266.0,,47.72766847,5.0,5.0,-6.648148148148147,-2.2058823529411797,True,True,True,False,0,data_portal_monthly,data_portal_monthly,data_portal_monthly,data_portal_monthly,data_portal_monthly,0,0,0,0,0,0,0,0,0,0,0,0,0,0,0,월별 3개월 합,월별: 분기말 값,월별 단순평균(근사),월별: 분기말 값,월별: 분기말 값,207,False,False,False,135.0,False,False,False,False,False,False,True,valid,272.0,False,False,False,False,False,False,True,valid,5.0,False,False,False,False,False,False,0.0,True,True,valid,5.0,False,False,False,False,False,False,0.0,True,True,valid,False,False,,False,,,0.001025775150806479,0.00229877110807681,1.0,0,True,False,False,S4,True,INVALID,S4,S2,2021Q4,비금속:2021Q4,S4->S2,1,1,True,True,False,True,False,True,0.0,0.0,0.0,1.0,0.0,1.0,4.0
2022Q1,2022-03-31,창원,국가,비금속,115.695,263.0,,52.93643946,5.0,5.0,10.909265206346163,-3.663003663003661,True,True,True,False,0,data_portal_monthly,data_portal_monthly,data_portal_monthly,data_portal_monthly,data_portal_monthly,0,0,0,0,0,0,0,0,0,0,0,0,0,0,0,월별 3개월 합,월별: 분기말 값,월별 단순평균(근사),월별: 분기말 값,월별: 분기말 값,208,True,False,False,104.315,False,False,False,False,False,False,True,valid,273.0,False,False,False,False,False,False,True,valid,5.0,False,False,False,False,False,False,0.0,True,True,valid,5.0,False,False,False,False,False,False,0.0,True,True,valid,False,False,,False,,,0.0009333396755506514,0.0022422289290159768,1.0,0,True,False,False,S2,True,S4,S4,S2,2022Q1,비금속:2022Q1,S2->S2,1,6,True,True,True,False,False,False,0.0,1.0,0.0,1.0,0.0,2.0,4.0
2022Q2,2022-06-30,창원,국가,비금속,137.225,259.0,,41.9707846,5.0,5.0,5.278299896428695,-2.9962546816479363,True,True,True,False,0,data_portal_monthly,data_portal_monthly,data_portal_monthly,data_portal_monthly,data_portal_monthly,0,0,0,0,0,0,0,0,0,0,0,0,0,0,0,월별 3개월 합,월별: 분기말 값,월별 단순평균(근사),월별: 분기말 값,월별: 분기말 값,209,True,False,False,130.345,False,False,False,False,False,False,True,valid,267.0,False,False,False,False,False,False,True,valid,5.0,False,False,False,False,False,False,0.0,True,True,valid,5.0,False,False,False,False,False,False,0.0,True,True,valid,False,False,,False,,,0.001076069055977802,0.0022165548404765164,1.0,0,True,False,False,S2,True,S2,S2,S2,2022Q1,비금속:2022Q1,S2->S2,2,6,True,True,True,False,False,False,0.0,2.0,0.0,1.0,0.0,3.0,4.0
2022Q3,2022-09-30,창원,국가,비금속,161.555,257.0,,47.36730022,5.0,5.0,33.69884553316507,-3.745318352059923,True,True,True,False,0,data_portal_monthly,data_portal_monthly,data_portal_monthly,data_portal_monthly,data_portal_monthly,0,0,0,0,0,0,0,0,0,0,0,0,0,0,0,월별 3개월 합,월별: 분기말 값,월별 단순평균(근사),월별: 분기말 값,월별: 분기말 값,210,True,False,False,120.835,False,False,False,False,False,False,True,valid,267.0,False,False,False,False,False,False,True,valid,5.0,False,False,False,False,False,False,0.0,True,True,valid,5.0,False,False,False,False,False,False,0.0,True,True,valid,False,False,,False,,,0.0012955759808401524,0.0022216651250443037,1.0,0,True,False,False,S2,True,S2,S2,S2,2022Q1,비금속:2022Q1,S2->S2,3,6,True,True,True,False,False,False,0.0,3.0,0.0,1.0,0.0,4.0,4.0
2022Q4,2022-12-31,창원,국가,비금속,144.14499999999998,257.0,,50.84295421136765,5.0,5.0,14.37809958341596,-3.383458646616544,True,True,True,False,0,kicox_annual_revision,kicox_annual_revision,kicox_annual_revision,kicox_annual_revision,kicox_annual_revision,1,1,1,1,1,0,0,0,0,0,0,0,0,0,0,보정본: 월별 3개월 합,보정본: 월별: 분기말 값,보정본: 월별 단순평균(근사),보정본: 월별: 분기말 값,보정본: 월별: 분기말 값,211,True,False,False,126.025,False,False,False,False,False,False,True,valid,266.0,False,False,False,False,False,False,True,valid,5.0,False,False,False,False,False,False,0.0,True,True,valid,5.0,False,False,False,False,False,False,0.0,True,True,valid,False,False,,False,,,0.0011498631816109362,0.0022878406167377353,1.0,0,True,False,False,S2,True,S2,S2,S2,2022Q1,비금속:2022Q1,S2->S2,4,6,True,True,True,False,False,False,0.0,4.0,0.0,0.0,0.0,4.0,4.0
2023Q1,2023-03-31,창원,국가,비금속,152.485,256.0,,53.51662951983209,5.0,5.0,31.799127014996344,-2.6615969581749055,True,True,True,False,0,kicox_annual_revision,kicox_annual_revision,kicox_annual_revision,kicox_annual_revision,kicox_annual_revision,1,1,1,1,1,0,0,0,0,0,0,0,0,0,0,보정본: 월별 3개월 합,보정본: 월별: 분기말 값,보정본: 월별 단순평균(근사),보정본: 월별: 분기말 값,보정본: 월별: 분기말 값,212,True,False,False,115.695,False,False,False,False,False,False,True,valid,263.0,False,False,False,False,False,False,True,valid,5.0,False,False,False,False,False,False,0.0,True,True,valid,5.0,False,False,False,False,False,False,0.0,True,True,valid,False,False,,False,,,0.0011605512245331153,0.0022510837737309075,1.0,0,True,False,False,S2,True,S2,S2,S2,2022Q1,비금속:2022Q1,S2->S2,5,6,True,True,True,False,False,False,0.0,4.0,0.0,0.0,0.0,4.0,4.0
2023Q2,2023-06-30,창원,국가,비금속,170.315,251.0,,56.23159505279668,5.0,5.0,24.113681909273097,-3.0888030888030937,True,True,True,False,0,kicox_annual_revision,kicox_annual_revision,kicox_annual_revision,kicox_annual_revision,kicox_annual_revision,1,1,1,1,1,0,0,0,0,0,0,0,0,0,0,보정본: 월별 3개월 합,보정본: 월별: 분기말 값,보정본: 월별 단순평균(근사),보정본: 월별: 분기말 값,보정본: 월별: 분기말 값,213,True,False,False,137.225,False,False,False,False,False,False,True,valid,259.0,False,False,False,False,False,False,True,valid,5.0,False,False,False,False,False,False,0.0,True,True,valid,5.0,False,False,False,False,False,False,0.0,True,True,valid,False,False,,False,,,0.0012146249989666142,0.0022141848976711363,1.0,0,True,False,False,S2,True,S2,S2,S4,2022Q1,비금속:2022Q1,S2->S4,6,6,True,True,True,False,False,True,0.0,4.0,0.0,0.0,0.0,4.0,4.0
2023Q3,2023-09-30,창원,국가,비금속,150.64499999999998,251.0,,52.62173788328099,5.0,5.0,-6.753118133143532,-2.3346303501945553,True,True,True,False,0,kicox_annual_revision,kicox_annual_revision,kicox_annual_revision,kicox_annual_revision,kicox_annual_revision,1,1,1,1,1,0,0,0,0,0,0,0,0,0,0,보정본: 월별 3개월 합,보정본: 월별: 분기말 값,보정본: 월별 단순평균(근사),보정본: 월별: 분기말 값,보정본: 월별: 분기말 값,214,True,False,False,161.555,False,False,False,False,False,False,True,valid,257.0,False,False,False,False,False,False,True,valid,5.0,False,False,False,False,False,False,0.0,True,True,valid,5.0,False,False,False,False,False,False,0.0,True,True,valid,False,False,,False,,,0.0010993917070331919,0.0022116875793035387,1.0,0,True,False,False,S4,True,S2,S2,INVALID,2023Q3,비금속:2023Q3,,1,1,False,False,True,False,True,,0.0,3.0,0.0,1.0,0.0,4.0,4.0
2023Q4,2023-12-31,창원,국가,비금속,,251.0,,59.25030378325136,5.0,5.0,,-2.3346303501945553,False,True,False,False,0,kicox_annual_revision,kicox_annual_revision,kicox_annual_revision,kicox_annual_revision,kicox_annual_revision,1,1,1,1,1,1,0,0,0,0,0,0,0,0,0,보정본: 월별 비공개(X) 포함 -> 분기 결측,보정본: 월별: 분기말 값,보정본: 월별 단순평균(근사),보정본: 월별: 분기말 값,보정본: 월별: 분기말 값,215,True,False,False,144.14499999999998,True,False,False,False,False,False,False,current_missing,257.0,False,False,False,False,False,False,True,valid,5.0,False,False,False,False,False,False,0.0,True,True,valid,5.0,False,False,False,False,False,False,0.0,True,True,valid,True,False,current_missing;valid,False,,,,0.00221123943934949,1.0,0,False,False,False,INVALID,False,S4,S4,S4,,,,,,False,False,False,False,False,,0.0,2.0,0.0,1.0,0.0,3.0,4.0
2024Q1,2024-03-31,창원,국가,비금속,145.145,250.0,,49.16586216825025,5.0,5.0,-4.813588221792308,-2.34375,True,True,True,False,0,kicox_annual_revision,kicox_annual_revision,kicox_annual_revision,kicox_annual_revision,kicox_annual_revision,1,1,1,1,1,0,0,0,0,0,0,0,0,0,0,보정본: 월별 3개월 합,보정본: 월별: 분기말 값,보정본: 월별 단순평균(근사),보정본: 월별: 분기말 값,보정본: 월별: 분기말 값,216,True,False,False,152.485,False,False,False,False,False,False,True,valid,256.0,False,False,False,False,False,False,True,valid,5.0,False,False,False,False,False,False,0.0,True,True,valid,5.0,False,False,False,False,False,False,0.0,True,True,valid,False,False,,False,,,0.0010337828847223176,0.0021931363604463473,1.0,0,True,False,False,S4,True,INVALID,S4,S2,2024Q1,비금속:2024Q1,S4->S2,1,1,True,True,False,True,False,True,0.0,1.0,0.0,2.0,0.0,3.0,4.0
2024Q2,2024-06-30,창원,국가,비금속,179.545,233.0,59.31156368201114,,6.0,5.0,5.419369990899203,-7.171314741035861,True,True,True,False,0,kicox_annual_revision,kicox_annual_revision,kicox_annual_revision,kicox_annual_revision,kicox_annual_revision,1,1,1,1,1,0,0,0,0,0,0,0,0,0,0,보정본: 분기공표,보정본: 분기공표,보정본: 분기공표,보정본: 분기공표,보정본: 분기공표,217,True,False,False,170.315,False,False,False,False,False,False,True,valid,251.0,False,False,False,False,False,False,True,valid,5.0,False,False,False,False,False,False,19.999999999999996,True,True,valid,5.0,False,False,False,False,False,False,0.0,True,True,valid,False,False,,True,,,0.0012165707876577933,0.002003456607537468,0.8333333333333334,0,True,False,False,S2,True,S4,S4,S4,2024Q2,비금속:2024Q2,S2->S4,1,1,True,True,True,False,False,True,0.0,1.0,0.0,2.0,0.0,3.0,4.0
2024Q3,2024-09-30,창원,국가,비금속,136.385,236.0,46.98313726165665,,6.0,5.0,-9.465963025656343,-5.976095617529875,True,True,True,False,0,kicox_annual_revision,kicox_annual_revision,kicox_annual_revision,kicox_annual_revision,kicox_annual_revision,1,1,1,1,1,0,0,0,0,0,0,0,0,0,0,보정본: 분기공표,"보정본으로 대체(이전 무효: 업종별 117,705 != 단지 전체 120,217 (2.09%) + 원파일 중복 -> 업종별 무효)",보정본: 분기공표,보정본: 분기공표,보정본: 분기공표,218,True,False,False,150.64499999999998,False,False,False,False,False,False,True,valid,251.0,False,False,False,False,False,False,True,valid,5.0,False,False,False,False,False,False,19.999999999999996,True,True,valid,5.0,False,False,False,False,False,False,0.0,True,True,valid,False,False,,True,-12.32842642035449,,0.0009325611686378178,0.002026934176171499,0.8333333333333334,0,True,False,False,S4,True,S2,S2,INVALID,2024Q3,비금속:2024Q3,,1,1,False,False,True,False,True,,0.0,1.0,0.0,2.0,0.0,3.0,4.0
2024Q4,2024-12-31,창원,국가,비금속,101.475,246.0,32.91917406043697,,6.0,6.0,,-1.9920318725099584,False,True,False,False,0,kicox_annual_revision,kicox_annual_revision,kicox_annual_revision,kicox_annual_revision,kicox_annual_revision,1,1,1,1,1,0,0,0,0,0,0,0,0,0,0,보정본: 분기공표,보정본: 분기공표,보정본: 분기공표,보정본: 분기공표,보정본: 분기공표,219,True,False,False,,False,True,False,False,False,False,False,lag4_missing,251.0,False,False,False,False,False,False,True,valid,5.0,False,False,False,False,False,False,19.999999999999996,True,True,valid,5.0,False,False,False,False,False,False,19.999999999999996,True,True,valid,False,False,lag4_missing;valid,True,-14.063963201219678,,0.0006413690482513853,0.0021470839806587883,1.0,0,False,False,False,INVALID,False,S4,S4,S4,,,,,,False,False,False,False,False,,0.0,1.0,0.0,2.0,0.0,3.0,4.0
2025Q1,2025-03-31,창원,국가,비금속,98.24,186.0,40.1356375372799,,5.0,5.0,-32.3159599021668,-25.6,True,True,True,True,0,kicox_annual_revision,kicox_annual_revision,kicox_annual_revision,kicox_annual_revision,kicox_annual_revision,1,1,1,1,1,0,0,0,0,0,0,0,0,0,0,보정본: 분기공표,보정본: 분기공표,보정본: 분기공표,보정본: 분기공표,보정본: 분기공표,220,True,False,False,145.145,False,False,False,False,False,False,True,valid,250.0,False,False,False,False,False,False,True,valid,5.0,False,False,False,False,False,False,0.0,True,True,valid,5.0,False,False,False,False,False,False,0.0,True,True,valid,False,False,,True,7.216463476842925,,0.0006541572496015633,0.0015909674108288427,1.0,0,True,False,False,S4,True,INVALID,S4,S4,2025Q1,비금속:2025Q1,S4->S4,1,3,True,True,False,True,False,False,0.0,1.0,0.0,2.0,0.0,3.0,4.0
2025Q2,2025-06-30,창원,국가,비금속,111.45,185.0,43.18261072,,5.0,5.0,-37.9264251301902,-20.600858369098717,True,True,True,True,0,data_portal_quarterly,data_portal_quarterly,data_portal_quarterly,data_portal_quarterly,data_portal_quarterly,0,0,0,0,0,0,0,0,0,0,0,0,0,0,0,분기공표,분기공표,분기공표,분기공표,분기공표,221,True,False,False,179.545,False,False,False,False,False,False,True,valid,233.0,False,False,False,False,False,False,True,valid,6.0,False,False,False,False,False,False,-16.666666666666664,True,True,valid,5.0,False,False,False,False,False,False,0.0,True,True,valid,False,False,,True,3.0469731827201016,-16.12895296201114,0.0007089850757232496,0.0015525083499773418,1.0,0,True,False,False,S4,True,S4,S4,S4,2025Q1,비금속:2025Q1,S4->S4,2,3,True,True,True,True,False,False,0.0,0.0,0.0,3.0,0.0,3.0,4.0
2025Q3,2025-09-30,창원,국가,비금속,73.12,182.0,30.26740624,,5.0,5.0,-46.38706602632253,-22.881355932203384,True,True,True,True,0,data_portal_quarterly,data_portal_quarterly,data_portal_quarterly,data_portal_quarterly,data_portal_quarterly,0,0,0,0,0,0,0,0,0,0,0,0,0,0,0,분기공표,분기공표,분기공표,분기공표,분기공표,222,True,False,False,136.385,False,False,False,False,False,False,True,valid,236.0,False,False,False,False,False,False,True,valid,6.0,False,False,False,False,False,False,-16.666666666666664,True,True,valid,5.0,False,False,False,False,False,False,0.0,True,True,valid,False,False,,True,-12.91520448,-16.71573102165665,0.0004908984068170217,0.0015604369223382547,1.0,0,True,False,False,S4,True,S4,S4,S2,2025Q1,비금속:2025Q1,S4->S2,3,3,True,True,True,True,False,True,0.0,0.0,0.0,3.0,0.0,3.0,4.0
2025Q4,2025-12-31,창원,국가,비금속,133.83,178.0,48.82524626,,5.0,5.0,31.884700665188493,-27.642276422764223,True,True,True,True,0,data_portal_quarterly,data_portal_quarterly,data_portal_quarterly,data_portal_quarterly,data_portal_quarterly,0,0,0,0,0,0,0,0,0,0,0,0,0,0,0,분기공표,분기공표,분기공표,분기공표,분기공표,223,True,False,False,101.475,False,False,False,False,False,False,True,valid,246.0,False,False,False,False,False,False,True,valid,6.0,False,False,False,False,False,False,-16.666666666666664,True,True,valid,6.0,False,False,False,False,False,False,-16.666666666666664,True,True,valid,False,False,,True,18.55784002,15.906072199563027,0.0008728988748232602,0.0015418330489315444,1.0,0,True,False,False,S2,True,S4,S4,S2,2025Q4,비금속:2025Q4,S2->S2,1,3,True,True,True,False,True,False,0.0,1.0,0.0,3.0,0.0,4.0,4.0
2026Q1,2026-03-31,창원,국가,비금속,138.44,182.0,49.24937744574884,,5.0,5.0,40.920195439739416,-2.1505376344086002,True,True,True,True,0,kicox_annual_revision,kicox_annual_revision,kicox_annual_revision,kicox_annual_revision,kicox_annual_revision,1,1,1,1,1,0,0,0,0,0,0,0,0,0,0,보정본: 분기공표,보정본: 분기공표,보정본: 분기공표,보정본: 분기공표,보정본: 분기공표,224,True,False,False,98.24,False,False,False,False,False,False,True,valid,186.0,False,False,False,False,False,False,True,valid,5.0,False,False,False,False,False,False,0.0,True,True,valid,5.0,False,False,False,False,False,False,0.0,True,True,valid,False,False,,True,0.42413118574884123,9.113739908468943,0.0008829392810619615,0.0015833659576319108,1.0,0,True,False,False,S2,True,S2,S2,S2,2025Q4,비금속:2025Q4,S2->S2,2,3,True,True,True,False,True,False,0.0,2.0,0.0,2.0,0.0,4.0,4.0
2026Q2,2026-06-30,창원,국가,비금속,162.35,183.0,57.29662961002294,,4.0,4.0,45.670704351727224,-1.0810810810810811,True,True,True,True,0,kicox_annual_revision,kicox_annual_revision,kicox_annual_revision,kicox_annual_revision,kicox_annual_revision,1,1,1,1,1,0,0,0,0,0,0,0,0,0,0,보정본: 분기공표,보정본: 분기공표,보정본: 분기공표,보정본: 분기공표,보정본: 분기공표,225,True,False,False,111.45,False,False,False,False,False,False,True,valid,185.0,False,False,False,False,False,False,True,valid,5.0,False,False,False,False,False,False,-19.999999999999996,True,True,valid,5.0,False,False,False,False,False,False,-19.999999999999996,True,True,valid,False,False,,True,8.047252164274099,14.11401889002294,0.0010287854000415224,0.0015936601933292693,1.0,0,True,False,False,S2,True,S2,S2,,2025Q4,비금속:2025Q4,,3,3,False,False,True,False,True,,0.0,3.0,0.0,1.0,0.0,4.0,4.0
2018Q1,2018-03-31,창원,국가,석유화학,1218.0,1064.0,,75.8,35.0,33.0,,,False,False,False,False,0,data_portal_monthly,data_portal_monthly,data_portal_monthly,data_portal_monthly,data_portal_monthly,0,0,0,0,0,0,0,0,0,0,0,0,0,0,0,월별 3개월 합,월별: 분기말 값,월별 단순평균(근사),월별: 분기말 값,월별: 분기말 값,192,False,False,False,,False,True,True,False,False,False,False,lag4_not_observed,,False,True,True,False,False,False,False,lag4_not_observed,,False,True,True,False,False,False,,False,False,lag4_not_observed,,False,True,True,False,False,False,,False,False,lag4_not_observed,False,False,lag4_not_observed;lag4_not_observed,False,,,0.008920070891860619,0.008465069653839115,0.9428571428571428,0,False,False,False,INVALID,False,,,INVALID,,,,,,False,False,False,False,False,,0.0,0.0,0.0,0.0,0.0,0.0,1.0
2018Q2,2018-06-30,창원,국가,석유화학,1249.0,1064.0,,77.9,35.0,33.0,,,False,False,False,False,0,data_portal_monthly,data_portal_monthly,data_portal_monthly,data_portal_monthly,data_portal_monthly,0,0,0,0,0,0,0,0,0,0,0,0,0,0,0,월별 3개월 합,월별: 분기말 값,월별 단순평균(근사),월별: 분기말 값,월별: 분기말 값,193,False,False,False,,False,True,True,False,False,False,False,lag4_not_observed,,False,True,True,False,False,False,False,lag4_not_observed,,False,True,True,False,False,False,,False,False,lag4_not_observed,,False,True,True,False,False,False,,False,False,lag4_not_observed,False,False,lag4_not_observed;lag4_not_observed,False,,,0.009218120359573118,0.008454307803548585,0.9428571428571428,0,False,False,False,INVALID,False,INVALID,,INVALID,,,,,,False,False,False,False,False,,0.0,0.0,0.0,0.0,0.0,0.0,2.0
2018Q3,2018-09-30,창원,국가,석유화학,703.0,535.0,,79.7,36.0,33.0,,,False,False,False,False,0,data_portal_monthly,data_portal_monthly,data_portal_monthly,data_portal_monthly,data_portal_monthly,0,0,0,0,0,0,0,0,0,0,0,0,0,0,0,월별 3개월 합,월별: 분기말 값,월별 단순평균(근사),월별: 분기말 값,월별: 분기말 값,194,False,False,False,,False,True,True,False,False,False,False,lag4_not_observed,,False,True,True,False,False,False,False,lag4_not_observed,,False,True,True,False,False,False,,False,False,lag4_not_observed,,False,True,True,False,False,False,,False,False,lag4_not_observed,False,False,lag4_not_observed;lag4_not_observed,False,,,0.005658813017684797,0.004319636989011166,0.9166666666666666,0,False,False,False,INVALID,False,INVALID,,INVALID,,,,,,False,False,False,False,False,,0.0,0.0,0.0,0.0,0.0,0.0,3.0
2018Q4,2018-12-31,창원,국가,석유화학,441.0,518.0,,76.5,38.0,36.0,,,False,False,False,True,1,data_portal_monthly,data_portal_monthly,data_portal_monthly,data_portal_monthly,data_portal_monthly,0,0,0,0,0,0,0,0,0,0,0,0,0,0,0,월별 3개월 합,월별: 분기말 값,월별 단순평균(근사),월별: 분기말 값,월별: 분기말 값,195,False,True,False,,False,True,True,False,False,True,False,lag4_not_observed|classification_comparison_risk,,False,True,True,False,False,True,False,lag4_not_observed|classification_comparison_risk,,False,True,True,False,False,True,,False,False,lag4_not_observed|classification_comparison_risk,,False,True,True,False,False,True,,False,False,lag4_not_observed|classification_comparison_risk,False,True,lag4_not_observed|classification_comparison_risk;lag4_not_observed|classification_comparison_risk,False,,,0.0041314571583818925,0.004196846693565375,0.9473684210526315,0,False,False,False,INVALID,False,INVALID,,INVALID,,,,,,False,False,False,False,False,,0.0,0.0,0.0,0.0,0.0,0.0,4.0
2019Q1,2019-03-31,창원,국가,석유화학,434.0,526.0,,83.1,35.0,33.0,-64.36781609195403,-50.56390977443609,False,False,False,True,0,data_portal_monthly,data_portal_monthly,data_portal_monthly,data_portal_monthly,data_portal_monthly,0,0,0,0,0,0,0,0,0,0,0,0,0,0,0,월별 3개월 합,월별: 분기말 값,월별 단순평균(근사),월별: 분기말 값,월별: 분기말 값,196,False,False,False,1218.0,False,False,False,False,False,True,True,classification_comparison_risk,1064.0,False,False,False,False,False,True,True,classification_comparison_risk,35.0,False,False,False,False,False,True,0.0,True,False,classification_comparison_risk,33.0,False,False,False,False,False,True,0.0,True,False,classification_comparison_risk,False,True,classification_comparison_risk;classification_comparison_risk,False,,,0.0044844439392843485,0.004283771347596283,0.9428571428571428,0,False,False,False,INVALID,False,INVALID,,INVALID,,,,,,False,False,False,False,False,,0.0,0.0,0.0,0.0,0.0,0.0,4.0
2019Q2,2019-06-30,창원,국가,석유화학,428.0,518.0,,79.0,33.0,32.0,-65.73258606885508,-51.315789473684205,False,False,False,True,0,data_portal_monthly,data_portal_monthly,data_portal_monthly,data_portal_monthly,data_portal_monthly,0,0,0,0,0,0,0,0,0,0,0,0,0,0,0,월별 3개월 합,월별: 분기말 값,월별 단순평균(근사),월별: 분기말 값,월별: 분기말 값,197,False,False,False,1249.0,False,False,False,False,False,True,True,classification_comparison_risk,1064.0,False,False,False,False,False,True,True,classification_comparison_risk,35.0,False,False,False,False,False,True,-5.714285714285716,True,False,classification_comparison_risk,33.0,False,False,False,False,False,True,-3.0303030303030276,True,False,classification_comparison_risk,False,True,classification_comparison_risk;classification_comparison_risk,False,,,0.004229290803268807,0.004221300453912037,0.9696969696969697,0,False,False,False,INVALID,False,INVALID,,INVALID,,,,,,False,False,False,False,False,,0.0,0.0,0.0,0.0,0.0,0.0,4.0
2019Q3,2019-09-30,창원,국가,석유화학,424.0,525.0,,81.2,33.0,32.0,-39.68705547652917,-1.869158878504673,False,False,False,True,0,data_portal_monthly,data_portal_monthly,data_portal_monthly,data_portal_monthly,data_portal_monthly,0,0,0,0,0,0,0,0,0,0,0,0,0,0,0,월별 3개월 합,월별: 분기말 값,월별 단순평균(근사),월별: 분기말 값,월별: 분기말 값,198,False,False,False,703.0,False,False,False,False,False,True,True,classification_comparison_risk,535.0,False,False,False,False,False,True,True,classification_comparison_risk,36.0,False,False,False,False,False,True,-8.333333333333337,True,False,classification_comparison_risk,33.0,False,False,False,False,False,True,-3.0303030303030276,True,False,classification_comparison_risk,False,True,classification_comparison_risk;classification_comparison_risk,False,,,0.004529188698392352,0.0042969037739092,0.9696969696969697,0,False,False,False,INVALID,False,INVALID,,S1,,,,,,False,False,False,False,False,,0.0,0.0,0.0,0.0,0.0,0.0,4.0
2019Q4,2019-12-31,창원,국가,석유화학,444.0,528.0,,82.2,33.0,32.0,0.6802721088435382,1.9305019305019266,True,True,True,False,0,data_portal_monthly,data_portal_monthly,data_portal_monthly,data_portal_monthly,data_portal_monthly,0,0,0,0,0,0,0,0,0,0,0,0,0,0,0,월별 3개월 합,월별: 분기말 값,월별 단순평균(근사),월별: 분기말 값,월별: 분기말 값,199,False,False,False,441.0,False,False,False,False,False,False,True,valid,518.0,False,False,False,False,False,False,True,valid,38.0,False,False,False,False,False,False,-13.157894736842103,True,True,valid,36.0,False,False,False,False,False,False,-11.111111111111116,True,True,valid,False,False,,False,,,0.004423500343717932,0.00430444140090002,0.9696969696969697,0,True,False,False,S1,True,INVALID,,N,2019Q4,석유화학:2019Q4,S1->N,1,1,False,True,False,True,False,True,1.0,0.0,0.0,0.0,0.0,1.0,4.0
2020Q1,2020-03-31,창원,국가,석유화학,423.0,526.0,,81.3,34.0,32.0,-2.5345622119815614,0.0,True,True,True,False,0,data_portal_monthly,data_portal_monthly,data_portal_monthly,data_portal_monthly,data_portal_monthly,0,0,0,0,0,0,0,0,0,0,0,0,0,0,0,월별 3개월 합,월별: 분기말 값,월별 단순평균(근사),월별: 분기말 값,월별: 분기말 값,200,False,False,False,434.0,False,False,False,False,False,False,True,valid,526.0,False,False,False,False,False,False,True,valid,35.0,False,False,False,False,False,False,-2.857142857142858,True,True,valid,33.0,False,False,False,False,False,False,-3.0303030303030276,True,True,valid,False,False,,False,,,0.0039693710939699344,0.004226291389132164,0.9411764705882353,0,True,True,True,N,False,S1,S1,S3,,,N->S3,,,False,True,False,False,False,True,1.0,0.0,0.0,0.0,1.0,2.0,4.0
2020Q2,2020-06-30,창원,국가,석유화학,374.0,523.0,,75.5,33.0,32.0,-12.616822429906538,0.9652509652509744,True,True,True,False,0,data_portal_monthly,data_portal_monthly,data_portal_monthly,data_portal_monthly,data_portal_monthly,0,0,0,0,0,0,0,0,0,0,0,0,0,0,0,월별 3개월 합,월별: 분기말 값,월별 단순평균(근사),월별: 분기말 값,월별: 분기말 값,201,False,False,False,428.0,False,False,False,False,False,False,True,valid,518.0,False,False,False,False,False,False,True,valid,33.0,False,False,False,False,False,False,0.0,True,True,valid,32.0,False,False,False,False,False,False,0.0,True,True,valid,False,False,,False,,,0.00370003957261575,0.004280324420764893,0.9696969696969697,0,True,False,False,S3,True,N,N,INVALID,2020Q2,석유화학:2020Q2,,1,1,False,False,False,False,True,,1.0,0.0,1.0,0.0,1.0,3.0,4.0
2020Q3,2020-09-30,창원,국가,석유화학,401.0,526.0,,78.5,34.0,32.0,-5.424528301886788,0.19047619047618536,False,False,False,True,1,data_portal_monthly,data_portal_monthly,data_portal_monthly,data_portal_monthly,data_portal_monthly,0,0,0,0,0,0,0,0,0,0,0,0,0,0,0,월별 3개월 합,월별: 분기말 값,월별 단순평균(근사),월별: 분기말 값,월별: 분기말 값,202,False,True,False,424.0,False,False,False,False,False,True,True,classification_comparison_risk,525.0,False,False,False,False,False,True,True,classification_comparison_risk,33.0,False,False,False,False,False,True,3.0303030303030276,True,False,classification_comparison_risk,32.0,False,False,False,False,False,True,0.0,True,False,classification_comparison_risk,False,True,classification_comparison_risk;classification_comparison_risk,False,,,0.0038816343519800208,0.004342872240294589,0.9411764705882353,0,False,False,False,INVALID,False,S3,S3,INVALID,,,,,,False,False,False,False,False,,1.0,0.0,1.0,0.0,1.0,3.0,4.0
2020Q4,2020-12-31,창원,국가,석유화학,427.0,477.0,,79.4,39.0,35.0,-3.828828828828834,-9.659090909090907,False,False,False,True,0,data_portal_monthly,data_portal_monthly,data_portal_monthly,data_portal_monthly,data_portal_monthly,0,0,0,0,0,0,0,0,0,0,0,0,0,0,0,월별 3개월 합,월별: 분기말 값,월별 단순평균(근사),월별: 분기말 값,월별: 분기말 값,203,False,False,False,444.0,False,False,False,False,False,True,True,classification_comparison_risk,528.0,False,False,False,False,False,True,True,classification_comparison_risk,33.0,False,False,False,False,False,True,18.181818181818187,True,False,classification_comparison_risk,32.0,False,False,False,False,False,True,9.375,True,False,classification_comparison_risk,False,True,classification_comparison_risk;classification_comparison_risk,False,,,0.004014969159019106,0.004040626508881755,0.8974358974358975,0,False,False,False,INVALID,False,INVALID,S3,INVALID,,,,,,False,False,False,False,False,,0.0,0.0,1.0,0.0,1.0,2.0,4.0
2021Q1,2021-03-31,창원,국가,석유화학,419.6266667,488.0,,82.33678116,40.0,38.0,-0.797478321513001,-7.224334600760452,False,False,False,True,0,data_portal_monthly,data_portal_monthly,data_portal_monthly,data_portal_monthly,data_portal_monthly,0,0,0,0,0,0,0,0,0,0,0,0,0,0,0,월별 3개월 합,월별: 분기말 값,월별 단순평균(근사),월별: 분기말 값,월별: 분기말 값,204,False,False,False,423.0,False,False,False,False,False,True,True,classification_comparison_risk,526.0,False,False,False,False,False,True,True,classification_comparison_risk,34.0,False,False,False,False,False,True,17.647058823529417,True,False,classification_comparison_risk,32.0,False,False,False,False,False,True,18.75,True,False,classification_comparison_risk,False,True,classification_comparison_risk;classification_comparison_risk,False,,,0.003965088752898766,0.0041704411437947595,0.95,0,False,False,False,INVALID,False,INVALID,S3,INVALID,,,,,,False,False,False,False,False,,0.0,0.0,1.0,0.0,0.0,1.0,4.0
2021Q2,2021-06-30,창원,국가,석유화학,513.22,501.0,,88.16599732,40.0,38.0,37.22459893048129,-4.206500956022941,False,False,False,True,0,data_portal_monthly,data_portal_monthly,data_portal_monthly,data_portal_monthly,data_portal_monthly,0,0,0,0,0,0,0,0,0,0,0,0,0,0,0,월별 3개월 합,월별: 분기말 값,월별 단순평균(근사),월별: 분기말 값,월별: 분기말 값,205,False,False,False,374.0,False,False,False,False,False,True,True,classification_comparison_risk,523.0,False,False,False,False,False,True,True,classification_comparison_risk,33.0,False,False,False,False,False,True,21.212121212121215,True,False,classification_comparison_risk,32.0,False,False,False,False,False,True,18.75,True,False,classification_comparison_risk,False,True,classification_comparison_risk;classification_comparison_risk,False,,,0.004538607350738269,0.004285054482628851,0.95,0,False,False,False,INVALID,False,INVALID,S3,INVALID,,,,,,False,False,False,False,False,,0.0,0.0,0.0,0.0,0.0,0.0,4.0
2021Q3,2021-09-30,창원,국가,석유화학,541.4266666999999,509.0,,85.04802719,41.0,38.0,35.01911887780547,-3.2319391634980987,False,True,False,True,0,data_portal_monthly,data_portal_monthly,data_portal_monthly,data_portal_monthly,data_portal_monthly,0,0,0,0,0,0,0,0,0,0,0,0,0,0,0,월별 3개월 합,월별: 분기말 값,월별 단순평균(근사),월별: 분기말 값,월별: 분기말 값,206,False,False,False,401.0,False,False,False,False,False,True,True,classification_comparison_risk,526.0,False,False,False,False,False,False,True,valid,34.0,False,False,False,False,False,False,20.58823529411764,True,True,valid,32.0,False,False,False,False,False,False,18.75,True,True,valid,False,True,classification_comparison_risk;valid,False,,,0.004803710566266174,0.004390012505929536,0.926829268292683,0,False,False,False,INVALID,False,INVALID,S3,S1,,,,,,False,False,False,False,False,,0.0,0.0,0.0,0.0,0.0,0.0,4.0
2021Q4,2021-12-31,창원,국가,석유화학,620.8466667,508.0,,91.82943868,41.0,40.0,45.39734583138173,6.498951781970641,True,True,True,True,0,data_portal_monthly,data_portal_monthly,data_portal_monthly,data_portal_monthly,data_portal_monthly,0,0,0,0,0,0,0,0,0,0,0,0,0,0,0,월별 3개월 합,월별: 분기말 값,월별 단순평균(근사),월별: 분기말 값,월별: 분기말 값,207,False,False,False,427.0,False,False,False,False,False,False,True,valid,477.0,False,False,False,False,False,False,True,valid,39.0,False,False,False,False,False,False,5.128205128205132,True,True,valid,35.0,False,False,False,False,False,False,14.28571428571428,True,True,valid,False,False,,False,,,0.005053355153040209,0.004390134296627893,0.975609756097561,0,True,False,False,S1,True,INVALID,S3,S1,2021Q4,석유화학:2021Q4,S1->S1,1,8,True,True,False,True,True,False,1.0,0.0,0.0,0.0,0.0,1.0,4.0
2022Q1,2022-03-31,창원,국가,석유화학,517.0966667,508.0,,72.51020746,39.0,38.0,23.22778977954787,4.098360655737698,True,True,True,False,0,data_portal_monthly,data_portal_monthly,data_portal_monthly,data_portal_monthly,data_portal_monthly,0,0,0,0,0,0,0,0,0,0,0,0,0,0,0,월별 3개월 합,월별: 분기말 값,월별 단순평균(근사),월별: 분기말 값,월별: 분기말 값,208,True,False,False,419.6266667,False,False,False,False,False,False,True,valid,488.0,False,False,False,False,False,False,True,valid,40.0,False,False,False,False,False,False,-2.500000000000002,True,True,valid,38.0,False,False,False,False,False,False,0.0,True,True,valid,False,False,,False,,,0.004171544449856099,0.004330997322966222,0.9743589743589743,0,True,False,False,S1,True,S1,S1,S1,2021Q4,석유화학:2021Q4,S1->S1,2,8,True,True,True,True,True,False,2.0,0.0,0.0,0.0,0.0,2.0,4.0
2022Q2,2022-06-30,창원,국가,석유화학,683.0533334,516.0,,81.79766405,40.0,39.0,33.09172156190328,2.9940119760478945,True,True,True,False,0,data_portal_monthly,data_portal_monthly,data_portal_monthly,data_portal_monthly,data_portal_monthly,0,0,0,0,0,0,0,0,0,0,0,0,0,0,0,월별 3개월 합,월별: 분기말 값,월별 단순평균(근사),월별: 분기말 값,월별: 분기말 값,209,True,False,False,513.22,False,False,False,False,False,False,True,valid,501.0,False,False,False,False,False,False,True,valid,40.0,False,False,False,False,False,False,0.0,True,True,valid,38.0,False,False,False,False,False,False,2.6315789473684292,True,True,valid,False,False,,False,,,0.005356258376055595,0.00441599342735862,0.975,0,True,False,False,S1,True,S1,S1,S1,2021Q4,석유화학:2021Q4,S1->S1,3,8,True,True,True,True,True,False,3.0,0.0,0.0,0.0,0.0,3.0,4.0
2022Q3,2022-09-30,창원,국가,석유화학,657.2433333,521.0,,71.51071089,43.0,39.0,21.39101631360414,2.357563850687616,True,True,True,False,0,data_portal_monthly,data_portal_monthly,data_portal_monthly,data_portal_monthly,data_portal_monthly,0,0,0,0,0,0,0,0,0,0,0,0,0,0,0,월별 3개월 합,월별: 분기말 값,월별 단순평균(근사),월별: 분기말 값,월별: 분기말 값,210,True,False,False,541.4266666999999,False,False,False,False,False,False,True,valid,509.0,False,False,False,False,False,False,True,valid,41.0,False,False,False,False,False,False,4.878048780487809,True,True,valid,38.0,False,False,False,False,False,False,2.6315789473684292,True,True,valid,False,False,,False,,,0.005270704566189834,0.004503842529759074,0.9069767441860465,0,True,False,False,S1,True,S1,S1,S1,2021Q4,석유화학:2021Q4,S1->S1,4,8,True,True,True,True,True,False,4.0,0.0,0.0,0.0,0.0,4.0,4.0
2022Q4,2022-12-31,창원,국가,석유화학,885.7425,564.0,,85.51131730419269,44.0,40.0,42.66686889180007,11.023622047244096,True,True,True,True,0,kicox_annual_revision,kicox_annual_revision,kicox_annual_revision,kicox_annual_revision,kicox_annual_revision,1,1,1,1,1,0,0,0,0,0,0,0,0,0,0,보정본: 월별 3개월 합,보정본: 월별: 분기말 값,보정본: 월별 단순평균(근사),보정본: 월별: 분기말 값,보정본: 월별: 분기말 값,211,True,False,False,620.8466667,False,False,False,False,False,False,True,valid,508.0,False,False,False,False,False,False,True,valid,41.0,False,False,False,False,False,False,7.317073170731714,True,True,valid,40.0,False,False,False,False,False,False,0.0,True,True,valid,False,False,,False,,,0.007065681703409933,0.005020786411829115,0.9090909090909091,0,True,False,False,S1,True,S1,S1,S1,2021Q4,석유화학:2021Q4,S1->S1,5,8,True,True,True,True,True,False,4.0,0.0,0.0,0.0,0.0,4.0,4.0
2023Q1,2023-03-31,창원,국가,석유화학,871.9124999999999,624.0,,60.95741049013469,44.0,41.0,68.6169252577779,22.83464566929134,True,True,True,True,0,kicox_annual_revision,kicox_annual_revision,kicox_annual_revision,kicox_annual_revision,kicox_annual_revision,1,1,1,1,1,0,0,0,0,0,0,0,0,0,0,보정본: 월별 3개월 합,보정본: 월별: 분기말 값,보정본: 월별 단순평균(근사),보정본: 월별: 분기말 값,보정본: 월별: 분기말 값,212,True,False,False,517.0966667,False,False,False,False,False,False,True,valid,508.0,False,False,False,False,False,False,True,valid,39.0,False,False,False,False,False,False,12.82051282051282,True,True,valid,38.0,False,False,False,False,False,False,7.8947368421052655,True,True,valid,False,False,,False,,,0.006636056789590646,0.005487016698469087,0.9318181818181818,0,True,False,False,S1,True,S1,S1,S1,2021Q4,석유화학:2021Q4,S1->S1,6,8,True,True,True,True,True,False,4.0,0.0,0.0,0.0,0.0,4.0,4.0
2023Q2,2023-06-30,창원,국가,석유화학,991.6875,625.0,,74.07561010908357,42.0,40.0,45.18449021597293,21.12403100775193,True,True,True,True,0,kicox_annual_revision,kicox_annual_revision,kicox_annual_revision,kicox_annual_revision,kicox_annual_revision,1,1,1,1,1,0,0,0,0,0,0,0,0,0,0,보정본: 월별 3개월 합,보정본: 월별: 분기말 값,보정본: 월별 단순평균(근사),보정본: 월별: 분기말 값,보정본: 월별: 분기말 값,213,True,False,False,683.0533334,False,False,False,False,False,False,True,valid,516.0,False,False,False,False,False,False,True,valid,40.0,False,False,False,False,False,False,5.000000000000004,True,True,valid,39.0,False,False,False,False,False,False,2.564102564102555,True,True,valid,False,False,,False,,,0.007072356684159963,0.005513408609738885,0.9523809523809523,0,True,False,False,S1,True,S1,S1,S1,2021Q4,석유화학:2021Q4,S1->S1,7,8,True,True,True,True,True,False,4.0,0.0,0.0,0.0,0.0,4.0,4.0
2023Q3,2023-09-30,창원,국가,석유화학,1000.6625,627.0,,74.47053942371916,42.0,40.0,52.25144924265754,20.345489443378128,True,True,True,True,0,kicox_annual_revision,kicox_annual_revision,kicox_annual_revision,kicox_annual_revision,kicox_annual_revision,1,1,1,1,1,0,0,0,0,0,0,0,0,0,0,보정본: 월별 3개월 합,보정본: 월별: 분기말 값,보정본: 월별 단순평균(근사),보정본: 월별: 분기말 값,보정본: 월별: 분기말 값,214,True,False,False,657.2433333,False,False,False,False,False,False,True,valid,521.0,False,False,False,False,False,False,True,valid,43.0,False,False,False,False,False,False,-2.3255813953488413,True,True,valid,39.0,False,False,False,False,False,False,2.564102564102555,True,True,valid,False,False,,False,,,0.007302731946225242,0.00552481319610884,0.9523809523809523,0,True,False,False,S1,True,S1,S1,INVALID,2021Q4,석유화학:2021Q4,,8,8,False,False,True,True,True,,4.0,0.0,0.0,0.0,0.0,4.0,4.0
2023Q4,2023-12-31,창원,국가,석유화학,,633.0,,76.8577744044061,43.0,42.0,,12.234042553191493,False,True,False,False,0,kicox_annual_revision,kicox_annual_revision,kicox_annual_revision,kicox_annual_revision,kicox_annual_revision,1,1,1,1,1,1,0,0,0,0,0,0,0,0,0,보정본: 월별 비공개(X) 포함 -> 분기 결측,보정본: 월별: 분기말 값,보정본: 월별 단순평균(근사),보정본: 월별: 분기말 값,보정본: 월별: 분기말 값,215,True,False,False,885.7425,True,False,False,False,False,False,False,current_missing,564.0,False,False,False,False,False,False,True,valid,44.0,False,False,False,False,False,False,-2.2727272727272707,True,True,valid,40.0,False,False,False,False,False,False,5.000000000000004,True,True,valid,True,False,current_missing;valid,False,,,,0.0055765520522240136,0.9767441860465116,0,False,False,False,INVALID,False,S1,S1,S3,,,,,,False,False,False,False,False,,3.0,0.0,0.0,0.0,0.0,3.0,4.0
2024Q1,2024-03-31,창원,국가,석유화학,843.7024999999999,634.0,,75.92698000589452,42.0,41.0,-3.235416397861024,1.6025641025640969,True,True,True,False,0,kicox_annual_revision,kicox_annual_revision,kicox_annual_revision,kicox_annual_revision,kicox_annual_revision,1,1,1,1,1,0,0,0,0,0,0,0,0,0,0,보정본: 월별 3개월 합,보정본: 월별: 분기말 값,보정본: 월별 단순평균(근사),보정본: 월별: 분기말 값,보정본: 월별: 분기말 값,216,True,False,False,871.9124999999999,False,False,False,False,False,False,True,valid,624.0,False,False,False,False,False,False,True,valid,44.0,False,False,False,False,False,False,-4.545454545454541,True,True,valid,41.0,False,False,False,False,False,False,0.0,True,True,valid,False,False,,False,,,0.006009199106393131,0.005561793810091936,0.9761904761904762,0,True,False,False,S3,True,INVALID,S1,S3,2024Q1,석유화학:2024Q1,S3->S3,1,2,True,True,False,True,False,False,2.0,0.0,1.0,0.0,0.0,3.0,4.0
2024Q2,2024-06-30,창원,국가,석유화학,901.9691666666664,628.0,81.1704269767407,,43.0,41.0,-9.047036826957445,0.47999999999999154,True,True,True,False,0,kicox_annual_revision,kicox_annual_revision,kicox_annual_revision,kicox_annual_revision,kicox_annual_revision,1,1,1,1,1,0,0,0,0,0,0,0,0,0,0,보정본: 분기공표,보정본: 분기공표,보정본: 분기공표,보정본: 분기공표,보정본: 분기공표,217,True,False,False,991.6875,False,False,False,False,False,False,True,valid,625.0,False,False,False,False,False,False,True,valid,42.0,False,False,False,False,False,False,2.3809523809523725,True,True,valid,40.0,False,False,False,False,False,False,2.499999999999991,True,True,valid,False,False,,True,,,0.006111611793894065,0.0053998744615172956,0.9534883720930233,0,True,False,False,S3,True,S3,S3,S4,2024Q1,석유화학:2024Q1,S3->S4,2,2,True,True,True,True,False,True,1.0,0.0,2.0,0.0,0.0,3.0,4.0
2024Q3,2024-09-30,창원,국가,석유화학,842.5100000000001,623.0,79.01617819460728,,43.0,40.0,-15.804779333691421,-0.6379585326953707,True,True,True,False,0,kicox_annual_revision,kicox_annual_revision,kicox_annual_revision,kicox_annual_revision,kicox_annual_revision,1,1,1,1,1,0,0,0,0,0,0,0,0,0,0,보정본: 분기공표,"보정본으로 대체(이전 무효: 업종별 117,705 != 단지 전체 120,217 (2.09%) + 원파일 중복 -> 업종별 무효)",보정본: 분기공표,보정본: 분기공표,보정본: 분기공표,218,True,False,False,1000.6625,False,False,False,False,False,False,True,valid,627.0,False,False,False,False,False,False,True,valid,42.0,False,False,False,False,False,False,2.3809523809523725,True,True,valid,40.0,False,False,False,False,False,False,0.0,True,True,valid,False,False,,True,-2.154248782133422,,0.005760839609847476,0.005350762676927305,0.9302325581395349,0,True,False,False,S4,True,S3,S3,INVALID,2024Q3,석유화학:2024Q3,,1,1,False,False,True,False,True,,0.0,0.0,2.0,1.0,0.0,3.0,4.0
2024Q4,2024-12-31,창원,국가,석유화학,719.2716666666668,623.0,72.51916478183573,,44.0,42.0,,-1.579778830963663,False,True,False,False,0,kicox_annual_revision,kicox_annual_revision,kicox_annual_revision,kicox_annual_revision,kicox_annual_revision,1,1,1,1,1,0,0,0,0,0,0,0,0,0,0,보정본: 분기공표,보정본: 분기공표,보정본: 분기공표,보정본: 분기공표,보정본: 분기공표,219,True,False,False,,False,True,False,False,False,False,False,lag4_missing,633.0,False,False,False,False,False,False,True,valid,43.0,False,False,False,False,False,False,2.3255813953488413,True,True,valid,42.0,False,False,False,False,False,False,0.0,True,True,valid,False,False,lag4_missing;valid,True,-6.497013412771551,,0.004546130419159278,0.005437533820936687,0.9545454545454546,0,False,False,False,INVALID,False,S4,S4,S4,,,,,,False,False,False,False,False,,0.0,0.0,2.0,1.0,0.0,3.0,4.0
2025Q1,2025-03-31,창원,국가,석유화학,478.24,627.0,84.7207213591029,,43.0,41.0,-43.316512633303795,-1.104100946372244,True,True,True,True,0,kicox_annual_revision,kicox_annual_revision,kicox_annual_revision,kicox_annual_revision,kicox_annual_revision,1,1,1,1,1,0,0,0,0,0,0,0,0,0,0,보정본: 분기공표,보정본: 분기공표,보정본: 분기공표,보정본: 분기공표,보정본: 분기공표,220,True,False,False,843.7024999999999,False,False,False,False,False,False,True,valid,634.0,False,False,False,False,False,False,True,valid,42.0,False,False,False,False,False,False,2.3809523809523725,True,True,valid,41.0,False,False,False,False,False,False,0.0,True,True,valid,False,False,,True,12.20155657726717,,0.0031844886303893697,0.005363099820374647,0.9534883720930233,0,True,False,False,S4,True,INVALID,S4,S4,2025Q1,석유화학:2025Q1,S4->S4,1,2,True,True,False,True,False,False,0.0,0.0,1.0,2.0,0.0,3.0,4.0
2025Q2,2025-06-30,창원,국가,석유화학,449.49,565.0,79.62762848,,45.0,41.0,-50.165702264397424,-10.031847133757966,True,True,True,True,0,data_portal_quarterly,data_portal_quarterly,data_portal_quarterly,data_portal_quarterly,data_portal_quarterly,0,0,0,0,0,0,0,0,0,0,0,0,0,0,0,분기공표,분기공표,분기공표,분기공표,분기공표,221,True,False,False,901.9691666666664,False,False,False,False,False,False,True,valid,628.0,False,False,False,False,False,False,True,valid,43.0,False,False,False,False,False,False,4.651162790697683,True,True,valid,41.0,False,False,False,False,False,False,0.0,True,True,valid,False,False,,True,-5.0930928791028975,-1.5427984967407014,0.002859414102169973,0.004741444420201071,0.9111111111111111,0,True,False,False,S4,True,S4,S4,S3,2025Q1,석유화학:2025Q1,S4->S3,2,2,True,True,True,True,False,True,0.0,0.0,0.0,3.0,0.0,3.0,4.0
2025Q3,2025-09-30,창원,국가,석유화학,467.72,639.0,84.35138596,,45.0,43.0,-44.48493192959134,2.5682182985553803,True,True,True,True,0,data_portal_quarterly,data_portal_quarterly,data_portal_quarterly,data_portal_quarterly,data_portal_quarterly,0,0,0,0,0,0,0,0,0,0,0,0,0,0,0,분기공표,분기공표,분기공표,분기공표,분기공표,222,True,False,False,842.5100000000001,False,False,False,False,False,False,True,valid,623.0,False,False,False,False,False,False,True,valid,43.0,False,False,False,False,False,False,4.651162790697683,True,True,valid,40.0,False,False,False,False,False,False,7.499999999999996,True,True,valid,False,False,,True,4.723757480000003,5.335207765392724,0.0031400848309143517,0.0054786768866711254,0.9555555555555556,0,True,False,False,S3,True,S4,S4,S3,2025Q3,석유화학:2025Q3,S3->S3,1,2,True,True,True,False,False,False,0.0,0.0,1.0,2.0,0.0,3.0,4.0
2025Q4,2025-12-31,창원,국가,석유화학,439.93,653.0,79.85514875,,47.0,43.0,-38.83673994295156,4.815409309791341,True,True,True,False,0,data_portal_quarterly,data_portal_quarterly,data_portal_quarterly,data_portal_quarterly,data_portal_quarterly,0,0,0,0,0,0,0,0,0,0,0,0,0,0,0,분기공표,분기공표,분기공표,분기공표,분기공표,223,True,False,False,719.2716666666668,False,False,False,False,False,False,True,valid,623.0,False,False,False,False,False,False,True,valid,44.0,False,False,False,False,False,False,6.818181818181812,True,True,valid,42.0,False,False,False,False,False,False,2.3809523809523725,True,True,valid,False,False,,True,-4.496237210000004,7.335983968164271,0.002869419427639519,0.0056562751738893175,0.9148936170212766,0,True,False,False,S3,True,S3,S3,S4,2025Q3,석유화학:2025Q3,S3->S4,2,2,True,True,True,False,False,True,0.0,0.0,2.0,2.0,0.0,4.0,4.0
2026Q1,2026-03-31,창원,국가,석유화학,430.24,622.0,78.09624076527926,,47.0,43.0,-10.036801605888257,-0.797448165869219,True,True,True,False,0,kicox_annual_revision,kicox_annual_revision,kicox_annual_revision,kicox_annual_revision,kicox_annual_revision,1,1,1,1,1,0,0,0,0,0,0,0,0,0,0,보정본: 분기공표,보정본: 분기공표,보정본: 분기공표,보정본: 분기공표,보정본: 분기공표,224,True,False,False,478.24,False,False,False,False,False,False,True,valid,627.0,False,False,False,False,False,False,True,valid,43.0,False,False,False,False,False,False,9.302325581395344,True,True,valid,41.0,False,False,False,False,False,False,4.878048780487809,True,True,valid,False,False,,True,-1.7589079847207358,-6.624480593823634,0.0027439742580475175,0.005411283657401366,0.9148936170212766,0,True,False,False,S4,True,S3,S3,S3,2026Q1,석유화학:2026Q1,S4->S3,1,1,True,True,True,False,False,True,0.0,0.0,2.0,2.0,0.0,4.0,4.0
2026Q2,2026-06-30,창원,국가,석유화학,419.24,619.0,76.3073114795872,,49.0,45.0,-6.729849384858399,9.557522123893802,True,True,True,False,0,kicox_annual_revision,kicox_annual_revision,kicox_annual_revision,kicox_annual_revision,kicox_annual_revision,1,1,1,1,1,0,0,0,0,0,0,0,0,0,0,보정본: 분기공표,보정본: 분기공표,보정본: 분기공표,보정본: 분기공표,보정본: 분기공표,225,True,False,False,449.49,False,False,False,False,False,False,True,valid,565.0,False,False,False,False,False,False,True,valid,45.0,False,False,False,False,False,False,8.888888888888879,True,True,valid,41.0,False,False,False,False,False,False,9.756097560975618,True,True,valid,False,False,,True,-1.7889292856920633,-3.3203170004127998,0.002656655319454314,0.00539057737525037,0.9183673469387755,0,True,False,False,S3,True,S4,S4,,2026Q2,석유화학:2026Q2,,1,1,False,False,True,False,True,,0.0,0.0,3.0,1.0,0.0,4.0,4.0
2018Q1,2018-03-31,창원,국가,섬유의복,0.0,0.0,,,0.0,0.0,,,False,False,False,False,0,data_portal_monthly,data_portal_monthly,data_portal_monthly,data_portal_monthly,data_portal_monthly,0,0,0,0,0,0,0,0,0,0,0,0,0,0,0,월별 3개월 합,월별: 분기말 값,월별 단순평균(근사),월별: 분기말 값,월별: 분기말 값,192,False,False,False,,False,True,True,True,False,False,False,lag4_not_observed,,False,True,True,True,False,False,False,lag4_not_observed,,False,True,True,True,False,False,,False,False,lag4_not_observed,,False,True,True,True,False,False,,False,False,lag4_not_observed,False,False,lag4_not_observed;lag4_not_observed,False,,,0.0,0.0,,0,False,False,False,INVALID,False,,,INVALID,,,,,,False,False,False,False,False,,0.0,0.0,0.0,0.0,0.0,0.0,1.0
2018Q2,2018-06-30,창원,국가,섬유의복,0.0,0.0,,,0.0,0.0,,,False,False,False,False,0,data_portal_monthly,data_portal_monthly,data_portal_monthly,data_portal_monthly,data_portal_monthly,0,0,0,0,0,0,0,0,0,0,0,0,0,0,0,월별 3개월 합,월별: 분기말 값,월별 단순평균(근사),월별: 분기말 값,월별: 분기말 값,193,False,False,False,,False,True,True,True,False,False,False,lag4_not_observed,,False,True,True,True,False,False,False,lag4_not_observed,,False,True,True,True,False,False,,False,False,lag4_not_observed,,False,True,True,True,False,False,,False,False,lag4_not_observed,False,False,lag4_not_observed;lag4_not_observed,False,,,0.0,0.0,,0,False,False,False,INVALID,False,INVALID,,INVALID,,,,,,False,False,False,False,False,,0.0,0.0,0.0,0.0,0.0,0.0,2.0
2018Q3,2018-09-30,창원,국가,섬유의복,0.0,0.0,,,0.0,0.0,,,False,False,False,False,0,data_portal_monthly,data_portal_monthly,data_portal_monthly,data_portal_monthly,data_portal_monthly,0,0,0,0,0,0,0,0,0,0,0,0,0,0,0,월별 3개월 합,월별: 분기말 값,월별 단순평균(근사),월별: 분기말 값,월별: 분기말 값,194,False,False,False,,False,True,True,True,False,False,False,lag4_not_observed,,False,True,True,True,False,False,False,lag4_not_observed,,False,True,True,True,False,False,,False,False,lag4_not_observed,,False,True,True,True,False,False,,False,False,lag4_not_observed,False,False,lag4_not_observed;lag4_not_observed,False,,,0.0,0.0,,0,False,False,False,INVALID,False,INVALID,,INVALID,,,,,,False,False,False,False,False,,0.0,0.0,0.0,0.0,0.0,0.0,3.0
2018Q4,2018-12-31,창원,국가,섬유의복,0.0,0.0,,,0.0,0.0,,,False,False,False,True,1,data_portal_monthly,data_portal_monthly,data_portal_monthly,data_portal_monthly,data_portal_monthly,0,0,0,0,0,0,0,0,0,0,0,0,0,0,0,월별 3개월 합,월별: 분기말 값,월별 단순평균(근사),월별: 분기말 값,월별: 분기말 값,195,False,True,False,,False,True,True,True,False,True,False,lag4_not_observed|classification_comparison_risk,,False,True,True,True,False,True,False,lag4_not_observed|classification_comparison_risk,,False,True,True,True,False,True,,False,False,lag4_not_observed|classification_comparison_risk,,False,True,True,True,False,True,,False,False,lag4_not_observed|classification_comparison_risk,False,True,lag4_not_observed|classification_comparison_risk;lag4_not_observed|classification_comparison_risk,False,,,0.0,0.0,,0,False,False,False,INVALID,False,INVALID,,INVALID,,,,,,False,False,False,False,False,,0.0,0.0,0.0,0.0,0.0,0.0,4.0
2019Q1,2019-03-31,창원,국가,섬유의복,0.0,0.0,,,0.0,0.0,,,False,False,False,True,0,data_portal_monthly,data_portal_monthly,data_portal_monthly,data_portal_monthly,data_portal_monthly,0,0,0,0,0,0,0,0,0,0,0,0,0,0,0,월별 3개월 합,월별: 분기말 값,월별 단순평균(근사),월별: 분기말 값,월별: 분기말 값,196,False,False,False,0.0,False,False,False,True,True,True,False,denominator_zero|classification_comparison_risk,0.0,False,False,False,True,True,True,False,denominator_zero|classification_comparison_risk,0.0,False,False,False,True,True,True,,False,False,denominator_zero|classification_comparison_risk,0.0,False,False,False,True,True,True,,False,False,denominator_zero|classification_comparison_risk,False,True,denominator_zero|classification_comparison_risk;denominator_zero|classification_comparison_risk,False,,,0.0,0.0,,0,False,False,False,INVALID,False,INVALID,,INVALID,,,,,,False,False,False,False,False,,0.0,0.0,0.0,0.0,0.0,0.0,4.0
2019Q2,2019-06-30,창원,국가,섬유의복,0.0,0.0,,,0.0,0.0,,,False,False,False,True,0,data_portal_monthly,data_portal_monthly,data_portal_monthly,data_portal_monthly,data_portal_monthly,0,0,0,0,0,0,0,0,0,0,0,0,0,0,0,월별 3개월 합,월별: 분기말 값,월별 단순평균(근사),월별: 분기말 값,월별: 분기말 값,197,False,False,False,0.0,False,False,False,True,True,True,False,denominator_zero|classification_comparison_risk,0.0,False,False,False,True,True,True,False,denominator_zero|classification_comparison_risk,0.0,False,False,False,True,True,True,,False,False,denominator_zero|classification_comparison_risk,0.0,False,False,False,True,True,True,,False,False,denominator_zero|classification_comparison_risk,False,True,denominator_zero|classification_comparison_risk;denominator_zero|classification_comparison_risk,False,,,0.0,0.0,,0,False,False,False,INVALID,False,INVALID,,INVALID,,,,,,False,False,False,False,False,,0.0,0.0,0.0,0.0,0.0,0.0,4.0
2019Q3,2019-09-30,창원,국가,섬유의복,0.0,0.0,,,0.0,0.0,,,False,False,False,True,0,data_portal_monthly,data_portal_monthly,data_portal_monthly,data_portal_monthly,data_portal_monthly,0,0,0,0,0,0,0,0,0,0,0,0,0,0,0,월별 3개월 합,월별: 분기말 값,월별 단순평균(근사),월별: 분기말 값,월별: 분기말 값,198,False,False,False,0.0,False,False,False,True,True,True,False,denominator_zero|classification_comparison_risk,0.0,False,False,False,True,True,True,False,denominator_zero|classification_comparison_risk,0.0,False,False,False,True,True,True,,False,False,denominator_zero|classification_comparison_risk,0.0,False,False,False,True,True,True,,False,False,denominator_zero|classification_comparison_risk,False,True,denominator_zero|classification_comparison_risk;denominator_zero|classification_comparison_risk,False,,,0.0,0.0,,0,False,False,False,INVALID,False,INVALID,,INVALID,,,,,,False,False,False,False,False,,0.0,0.0,0.0,0.0,0.0,0.0,4.0
2019Q4,2019-12-31,창원,국가,섬유의복,0.0,0.0,,,0.0,0.0,,,False,False,False,False,0,data_portal_monthly,data_portal_monthly,data_portal_monthly,data_portal_monthly,data_portal_monthly,0,0,0,0,0,0,0,0,0,0,0,0,0,0,0,월별 3개월 합,월별: 분기말 값,월별 단순평균(근사),월별: 분기말 값,월별: 분기말 값,199,False,False,False,0.0,False,False,False,True,True,False,False,denominator_zero,0.0,False,False,False,True,True,False,False,denominator_zero,0.0,False,False,False,True,True,False,,False,False,denominator_zero,0.0,False,False,False,True,True,False,,False,False,denominator_zero,False,False,denominator_zero;denominator_zero,False,,,0.0,0.0,,0,False,False,False,INVALID,False,INVALID,,INVALID,,,,,,False,False,False,False,False,,0.0,0.0,0.0,0.0,0.0,0.0,4.0
2020Q1,2020-03-31,창원,국가,섬유의복,0.0,0.0,,,0.0,0.0,,,False,False,False,False,0,data_portal_monthly,data_portal_monthly,data_portal_monthly,data_portal_monthly,data_portal_monthly,0,0,0,0,0,0,0,0,0,0,0,0,0,0,0,월별 3개월 합,월별: 분기말 값,월별 단순평균(근사),월별: 분기말 값,월별: 분기말 값,200,False,False,False,0.0,False,False,False,True,True,False,False,denominator_zero,0.0,False,False,False,True,True,False,False,denominator_zero,0.0,False,False,False,True,True,False,,False,False,denominator_zero,0.0,False,False,False,True,True,False,,False,False,denominator_zero,False,False,denominator_zero;denominator_zero,False,,,0.0,0.0,,0,False,False,False,INVALID,False,INVALID,,INVALID,,,,,,False,False,False,False,False,,0.0,0.0,0.0,0.0,0.0,0.0,4.0
2020Q2,2020-06-30,창원,국가,섬유의복,0.0,0.0,,,0.0,0.0,,,False,False,False,False,0,data_portal_monthly,data_portal_monthly,data_portal_monthly,data_portal_monthly,data_portal_monthly,0,0,0,0,0,0,0,0,0,0,0,0,0,0,0,월별 3개월 합,월별: 분기말 값,월별 단순평균(근사),월별: 분기말 값,월별: 분기말 값,201,False,False,False,0.0,False,False,False,True,True,False,False,denominator_zero,0.0,False,False,False,True,True,False,False,denominator_zero,0.0,False,False,False,True,True,False,,False,False,denominator_zero,0.0,False,False,False,True,True,False,,False,False,denominator_zero,False,False,denominator_zero;denominator_zero,False,,,0.0,0.0,,0,False,False,False,INVALID,False,INVALID,,INVALID,,,,,,False,False,False,False,False,,0.0,0.0,0.0,0.0,0.0,0.0,4.0
2020Q3,2020-09-30,창원,국가,섬유의복,0.0,5.0,,,7.0,5.0,,,False,False,False,True,1,data_portal_monthly,data_portal_monthly,data_portal_monthly,data_portal_monthly,data_portal_monthly,0,0,0,0,0,0,0,0,0,0,0,0,0,0,0,월별 3개월 합,월별: 분기말 값,월별 단순평균(근사),월별: 분기말 값,월별: 분기말 값,202,False,True,False,0.0,False,False,False,True,True,True,False,denominator_zero|classification_comparison_risk,0.0,False,False,False,False,True,True,False,denominator_zero|classification_comparison_risk,0.0,False,False,False,False,True,True,,False,False,denominator_zero|classification_comparison_risk,0.0,False,False,False,False,True,True,,False,False,denominator_zero|classification_comparison_risk,False,True,denominator_zero|classification_comparison_risk;denominator_zero|classification_comparison_risk,False,,,0.0,4.128205551610826e-05,0.7142857142857143,0,False,False,False,INVALID,False,INVALID,,INVALID,,,,,,False,False,False,False,False,,0.0,0.0,0.0,0.0,0.0,0.0,4.0
2020Q4,2020-12-31,창원,국가,섬유의복,0.0,44.0,,25.0,10.0,9.0,,,False,False,False,True,0,data_portal_monthly,data_portal_monthly,data_portal_monthly,data_portal_monthly,data_portal_monthly,0,0,0,0,0,0,0,0,0,0,0,0,0,0,0,월별 3개월 합,월별: 분기말 값,월별 단순평균(근사),월별: 분기말 값,월별: 분기말 값,203,False,False,False,0.0,False,False,False,True,True,True,False,denominator_zero|classification_comparison_risk,0.0,False,False,False,False,True,True,False,denominator_zero|classification_comparison_risk,0.0,False,False,False,False,True,True,,False,False,denominator_zero|classification_comparison_risk,0.0,False,False,False,False,True,True,,False,False,denominator_zero|classification_comparison_risk,False,True,denominator_zero|classification_comparison_risk;denominator_zero|classification_comparison_risk,False,,,0.0,0.00037272026497022474,0.9,0,False,False,False,INVALID,False,INVALID,,INVALID,,,,,,False,False,False,False,False,,0.0,0.0,0.0,0.0,0.0,0.0,4.0
2021Q1,2021-03-31,창원,국가,섬유의복,0.75,44.0,,25.0,10.0,10.0,,,False,False,False,True,0,data_portal_monthly,data_portal_monthly,data_portal_monthly,data_portal_monthly,data_portal_monthly,0,0,0,0,0,0,0,0,0,0,0,0,0,0,0,월별 3개월 합,월별: 분기말 값,월별 단순평균(근사),월별: 분기말 값,월별: 분기말 값,204,False,False,False,0.0,False,False,False,False,True,True,False,denominator_zero|classification_comparison_risk,0.0,False,False,False,False,True,True,False,denominator_zero|classification_comparison_risk,0.0,False,False,False,False,True,True,,False,False,denominator_zero|classification_comparison_risk,0.0,False,False,False,False,True,True,,False,False,denominator_zero|classification_comparison_risk,False,True,denominator_zero|classification_comparison_risk;denominator_zero|classification_comparison_risk,False,,,7.086815020743472e-06,0.0003760233818175603,1.0,0,False,False,False,INVALID,False,INVALID,,INVALID,,,,,,False,False,False,False,False,,0.0,0.0,0.0,0.0,0.0,0.0,4.0
2021Q2,2021-06-30,창원,국가,섬유의복,0.75,44.0,,25.0,11.0,11.0,,,False,False,False,True,0,data_portal_monthly,data_portal_monthly,data_portal_monthly,data_portal_monthly,data_portal_monthly,0,0,0,0,0,0,0,0,0,0,0,0,0,0,0,월별 3개월 합,월별: 분기말 값,월별 단순평균(근사),월별: 분기말 값,월별: 분기말 값,205,False,False,False,0.0,False,False,False,False,True,True,False,denominator_zero|classification_comparison_risk,0.0,False,False,False,False,True,True,False,denominator_zero|classification_comparison_risk,0.0,False,False,False,False,True,True,,False,False,denominator_zero|classification_comparison_risk,0.0,False,False,False,False,True,True,,False,False,denominator_zero|classification_comparison_risk,False,True,denominator_zero|classification_comparison_risk;denominator_zero|classification_comparison_risk,False,,,6.632546496733762e-06,0.00037633213021091703,1.0,0,False,False,False,INVALID,False,INVALID,,INVALID,,,,,,False,False,False,False,False,,0.0,0.0,0.0,0.0,0.0,0.0,4.0
2021Q3,2021-09-30,창원,국가,섬유의복,0.75,44.0,,25.0,12.0,11.0,,780.0000000000001,False,True,False,True,0,data_portal_monthly,data_portal_monthly,data_portal_monthly,data_portal_monthly,data_portal_monthly,0,0,0,0,0,0,0,0,0,0,0,0,0,0,0,월별 3개월 합,월별: 분기말 값,월별 단순평균(근사),월별: 분기말 값,월별: 분기말 값,206,False,False,False,0.0,False,False,False,False,True,True,False,denominator_zero|classification_comparison_risk,5.0,False,False,False,False,False,False,True,valid,7.0,False,False,False,False,False,False,71.42857142857142,True,True,valid,5.0,False,False,False,False,False,False,120.00000000000001,True,True,valid,False,True,denominator_zero|classification_comparison_risk;valid,False,,,6.654239893019349e-06,0.0003794902755616887,0.9166666666666666,0,False,False,False,INVALID,False,INVALID,,INVALID,,,,,,False,False,False,False,False,,0.0,0.0,0.0,0.0,0.0,0.0,4.0
2021Q4,2021-12-31,창원,국가,섬유의복,1.5,39.0,,50.0,12.0,11.0,,-11.363636363636365,False,True,False,False,0,data_portal_monthly,data_portal_monthly,data_portal_monthly,data_portal_monthly,data_portal_monthly,0,0,0,0,0,0,0,0,0,0,0,0,0,0,0,월별 3개월 합,월별: 분기말 값,월별 단순평균(근사),월별: 분기말 값,월별: 분기말 값,207,False,False,False,0.0,False,False,False,False,True,False,False,denominator_zero,44.0,False,False,False,False,False,False,True,valid,10.0,False,False,False,False,False,False,19.999999999999996,True,True,valid,9.0,False,False,False,False,False,False,22.222222222222232,True,True,valid,False,False,denominator_zero;valid,False,,,1.2209186480537342e-05,0.00033703786922930674,0.9166666666666666,0,False,False,False,INVALID,False,INVALID,,S2,,,,,,False,False,False,False,False,,0.0,0.0,0.0,0.0,0.0,0.0,4.0
2022Q1,2022-03-31,창원,국가,섬유의복,1.5,39.0,,50.0,10.0,9.0,100.0,-11.363636363636365,True,True,True,True,0,data_portal_monthly,data_portal_monthly,data_portal_monthly,data_portal_monthly,data_portal_monthly,0,0,0,0,0,0,0,0,0,0,0,0,0,0,0,월별 3개월 합,월별: 분기말 값,월별 단순평균(근사),월별: 분기말 값,월별: 분기말 값,208,True,False,False,0.75,False,False,False,False,False,False,True,valid,44.0,False,False,False,False,False,False,True,valid,10.0,False,False,False,False,False,False,0.0,True,True,valid,10.0,False,False,False,False,False,False,-9.999999999999998,True,True,valid,False,False,,False,,,1.2100864456769758e-05,0.00033249782597575325,0.9,0,True,False,False,S2,True,INVALID,,S2,2022Q1,섬유의복:2022Q1,S2->S2,1,3,True,True,False,True,False,False,0.0,1.0,0.0,0.0,0.0,1.0,4.0
2022Q2,2022-06-30,창원,국가,섬유의복,2.4000000000000004,39.0,,80.0,9.0,8.0,220.00000000000006,-11.363636363636365,True,True,True,True,0,data_portal_monthly,data_portal_monthly,data_portal_monthly,data_portal_monthly,data_portal_monthly,0,0,0,0,0,0,0,0,0,0,0,0,0,0,0,월별 3개월 합,월별: 분기말 값,월별 단순평균(근사),월별: 분기말 값,월별: 분기말 값,209,True,False,False,0.75,False,False,False,False,False,False,True,valid,44.0,False,False,False,False,False,False,True,valid,11.0,False,False,False,False,False,False,-18.181818181818176,True,True,valid,11.0,False,False,False,False,False,False,-27.27272727272727,True,True,valid,False,False,,False,,,1.8819936122038445e-05,0.00033376694509105846,0.8888888888888888,0,True,False,False,S2,True,S2,S2,S2,2022Q1,섬유의복:2022Q1,S2->S2,2,3,True,True,True,True,False,False,0.0,2.0,0.0,0.0,0.0,2.0,4.0
2022Q3,2022-09-30,창원,국가,섬유의복,2.97,39.0,,100.0,9.0,8.0,296.00000000000006,-11.363636363636365,True,True,True,True,0,data_portal_monthly,data_portal_monthly,data_portal_monthly,data_portal_monthly,data_portal_monthly,0,0,0,0,0,0,0,0,0,0,0,0,0,0,0,월별 3개월 합,월별: 분기말 값,월별 단순평균(근사),월별: 분기말 값,월별: 분기말 값,210,True,False,False,0.75,False,False,False,False,False,False,True,valid,44.0,False,False,False,False,False,False,True,valid,12.0,False,False,False,False,False,False,-25.0,True,True,valid,11.0,False,False,False,False,False,False,-27.27272727272727,True,True,valid,False,False,,False,,,2.3817651345332873e-05,0.00033713984387831843,0.8888888888888888,0,True,False,False,S2,True,S2,S2,S1,2022Q1,섬유의복:2022Q1,S2->S1,3,3,True,True,True,True,False,True,0.0,3.0,0.0,0.0,0.0,3.0,4.0
2022Q4,2022-12-31,창원,국가,섬유의복,11.9725,64.0,,100.0,9.0,8.0,698.1666666666666,64.1025641025641,True,True,True,True,0,kicox_annual_revision,kicox_annual_revision,kicox_annual_revision,kicox_annual_revision,kicox_annual_revision,1,1,1,1,1,0,0,0,0,0,0,0,0,0,0,보정본: 월별 3개월 합,보정본: 월별: 분기말 값,보정본: 월별 단순평균(근사),보정본: 월별: 분기말 값,보정본: 월별: 분기말 값,211,True,False,False,1.5,False,False,False,False,False,False,True,valid,39.0,False,False,False,False,False,False,True,valid,12.0,False,False,False,False,False,False,-25.0,True,True,valid,11.0,False,False,False,False,False,False,-27.27272727272727,True,True,valid,False,False,,False,,,9.550617046610659e-05,0.0005697346282926655,0.8888888888888888,0,True,False,False,S1,True,S2,S2,S1,2022Q4,섬유의복:2022Q4,S1->S1,1,3,True,True,True,False,False,False,1.0,3.0,0.0,0.0,0.0,4.0,4.0
2023Q1,2023-03-31,창원,국가,섬유의복,7.105,53.0,,100.0,8.0,7.0,373.66666666666674,35.897435897435905,True,True,True,True,0,kicox_annual_revision,kicox_annual_revision,kicox_annual_revision,kicox_annual_revision,kicox_annual_revision,1,1,1,1,1,0,0,0,0,0,0,0,0,0,0,보정본: 월별 3개월 합,보정본: 월별: 분기말 값,보정본: 월별 단순평균(근사),보정본: 월별: 분기말 값,보정본: 월별: 분기말 값,212,True,False,False,1.5,False,False,False,False,False,False,True,valid,39.0,False,False,False,False,False,False,True,valid,10.0,False,False,False,False,False,False,-19.999999999999996,True,True,valid,9.0,False,False,False,False,False,False,-22.22222222222222,True,True,valid,False,False,,False,,,5.4075590715859155e-05,0.00046604468753022696,0.875,0,True,False,False,S1,True,S1,S1,S1,2022Q4,섬유의복:2022Q4,S1->S1,2,3,True,True,True,False,False,False,2.0,2.0,0.0,0.0,0.0,4.0,4.0
2023Q2,2023-06-30,창원,국가,섬유의복,8.975,44.0,,100.0,8.0,7.0,273.95833333333326,12.82051282051282,True,True,True,True,0,kicox_annual_revision,kicox_annual_revision,kicox_annual_revision,kicox_annual_revision,kicox_annual_revision,1,1,1,1,1,0,0,0,0,0,0,0,0,0,0,보정본: 월별 3개월 합,보정본: 월별: 분기말 값,보정본: 월별 단순평균(근사),보정본: 월별: 분기말 값,보정본: 월별: 분기말 값,213,True,False,False,2.4000000000000004,False,False,False,False,False,False,True,valid,39.0,False,False,False,False,False,False,True,valid,9.0,False,False,False,False,False,False,-11.111111111111116,True,True,valid,8.0,False,False,False,False,False,False,-12.5,True,True,valid,False,False,,False,,,6.400645489666418e-05,0.0003881439661256175,0.875,0,True,False,False,S1,True,S1,S1,N,2022Q4,섬유의복:2022Q4,S1->N,3,3,False,True,True,False,False,True,3.0,1.0,0.0,0.0,0.0,4.0,4.0
2023Q3,2023-09-30,창원,국가,섬유의복,7.915,39.0,,100.0,8.0,7.0,166.49831649831648,0.0,True,True,True,True,0,kicox_annual_revision,kicox_annual_revision,kicox_annual_revision,kicox_annual_revision,kicox_annual_revision,1,1,1,1,1,0,0,0,0,0,0,0,0,0,0,보정본: 월별 3개월 합,보정본: 월별: 분기말 값,보정본: 월별 단순평균(근사),보정본: 월별: 분기말 값,보정본: 월별: 분기말 값,214,True,False,False,2.97,False,False,False,False,False,False,True,valid,39.0,False,False,False,False,False,False,True,valid,9.0,False,False,False,False,False,False,-11.111111111111116,True,True,valid,8.0,False,False,False,False,False,False,-12.5,True,True,valid,False,False,,False,,,5.7762855462628795e-05,0.00034364866770054985,0.875,0,True,True,True,N,False,S1,S1,INVALID,,,,,,False,False,False,False,False,,3.0,0.0,0.0,0.0,1.0,4.0,4.0
2023Q4,2023-12-31,창원,국가,섬유의복,,38.0,,100.0,8.0,7.0,,-40.625,False,True,False,True,0,kicox_annual_revision,kicox_annual_revision,kicox_annual_revision,kicox_annual_revision,kicox_annual_revision,1,1,1,1,1,1,0,0,0,0,0,0,0,0,0,보정본: 월별 비공개(X) 포함 -> 분기 결측,보정본: 월별: 분기말 값,보정본: 월별 단순평균(근사),보정본: 월별: 분기말 값,보정본: 월별: 분기말 값,215,True,False,False,11.9725,True,False,False,False,False,False,False,current_missing,64.0,False,False,False,False,False,False,True,valid,9.0,False,False,False,False,False,False,-11.111111111111116,True,True,valid,8.0,False,False,False,False,False,False,-12.5,True,True,valid,True,False,current_missing;valid,False,,,,0.0003347693175110782,0.875,0,False,False,False,INVALID,False,N,N,S2,,,,,,False,False,False,False,False,,2.0,0.0,0.0,0.0,1.0,3.0,4.0
2024Q1,2024-03-31,창원,국가,섬유의복,8.535,38.0,,96.62860250135944,8.0,7.0,20.126671358198458,-28.301886792452834,True,True,True,True,0,kicox_annual_revision,kicox_annual_revision,kicox_annual_revision,kicox_annual_revision,kicox_annual_revision,1,1,1,1,1,0,0,0,0,0,0,0,0,0,0,보정본: 월별 3개월 합,보정본: 월별: 분기말 값,보정본: 월별 단순평균(근사),보정본: 월별: 분기말 값,보정본: 월별: 분기말 값,216,True,False,False,7.105,False,False,False,False,False,False,True,valid,53.0,False,False,False,False,False,False,True,valid,8.0,False,False,False,False,False,False,0.0,True,True,valid,7.0,False,False,False,False,False,False,0.0,True,True,valid,False,False,,False,,,6.078980964625017e-05,0.00033335672678784474,0.875,0,True,False,False,S2,True,INVALID,N,S4,2024Q1,섬유의복:2024Q1,S2->S4,1,1,True,True,False,True,False,True,1.0,1.0,0.0,0.0,1.0,3.0,4.0
2024Q2,2024-06-30,창원,국가,섬유의복,8.355,38.0,90.86460032626428,,9.0,7.0,-6.908077994428963,-13.636363636363635,True,True,True,False,0,kicox_annual_revision,kicox_annual_revision,kicox_annual_revision,kicox_annual_revision,kicox_annual_revision,1,1,1,1,1,0,0,0,0,0,0,0,0,0,0,보정본: 분기공표,보정본: 분기공표,보정본: 분기공표,보정본: 분기공표,보정본: 분기공표,217,True,False,False,8.975,False,False,False,False,False,False,True,valid,44.0,False,False,False,False,False,False,True,valid,8.0,False,False,False,False,False,False,12.5,True,True,valid,7.0,False,False,False,False,False,False,0.0,True,True,valid,False,False,,True,,,5.661226394987811e-05,0.00032674399607907203,0.7777777777777778,0,True,False,False,S4,True,S2,S2,S2,2024Q2,섬유의복:2024Q2,S4->S2,1,1,True,True,True,False,False,True,0.0,1.0,0.0,1.0,1.0,3.0,4.0
2024Q3,2024-09-30,창원,국가,섬유의복,11.095,38.0,99.64077233947016,,9.0,7.0,40.17687934301959,-2.564102564102566,True,True,True,True,0,kicox_annual_revision,kicox_annual_revision,kicox_annual_revision,kicox_annual_revision,kicox_annual_revision,1,1,1,1,1,0,0,0,0,0,0,0,0,0,0,보정본: 분기공표,"보정본으로 대체(이전 무효: 업종별 117,705 != 단지 전체 120,217 (2.09%) + 원파일 중복 -> 업종별 무효)",보정본: 분기공표,보정본: 분기공표,보정본: 분기공표,218,True,False,False,7.915,False,False,False,False,False,False,True,valid,39.0,False,False,False,False,False,False,True,valid,8.0,False,False,False,False,False,False,12.5,True,True,valid,7.0,False,False,False,False,False,False,0.0,True,True,valid,False,False,,True,8.77617201320588,,7.586439979496711e-05,0.00032637075718015666,0.7777777777777778,0,True,False,False,S2,True,S4,S4,INVALID,2024Q3,섬유의복:2024Q3,,1,1,False,False,True,False,True,,0.0,2.0,0.0,1.0,0.0,3.0,4.0
2024Q4,2024-12-31,창원,국가,섬유의복,9.9792,34.0,90.89186825998252,,9.0,7.0,,-10.526315789473683,False,True,False,False,0,kicox_annual_revision,kicox_annual_revision,kicox_annual_revision,kicox_annual_revision,kicox_annual_revision,1,1,1,1,1,0,0,0,0,0,0,0,0,0,0,보정본: 분기공표,보정본: 분기공표,보정본: 분기공표,보정본: 분기공표,보정본: 분기공표,219,True,False,False,,False,True,False,False,False,False,False,lag4_missing,38.0,False,False,False,False,False,False,True,valid,8.0,False,False,False,False,False,False,12.5,True,True,valid,7.0,False,False,False,False,False,False,0.0,True,True,valid,False,False,lag4_missing;valid,True,-8.748904079487644,,6.307317079389233e-05,0.00029675144448129595,0.7777777777777778,0,False,False,False,INVALID,False,S2,S2,S4,,,,,,False,False,False,False,False,,0.0,2.0,0.0,1.0,0.0,3.0,4.0
2025Q1,2025-03-31,창원,국가,섬유의복,8.1171,34.0,73.01454516015868,,9.0,7.0,-4.896309314586988,-10.526315789473683,True,True,True,False,0,kicox_annual_revision,kicox_annual_revision,kicox_annual_revision,kicox_annual_revision,kicox_annual_revision,1,1,1,1,1,0,0,0,0,0,0,0,0,0,0,보정본: 분기공표,보정본: 분기공표,보정본: 분기공표,보정본: 분기공표,보정본: 분기공표,220,True,False,False,8.535,False,False,False,False,False,False,True,valid,38.0,False,False,False,False,False,False,True,valid,8.0,False,False,False,False,False,False,12.5,True,True,valid,7.0,False,False,False,False,False,False,0.0,True,True,valid,False,False,,True,-17.87732309982384,,5.404987592366501e-05,0.0002908219998289282,0.7777777777777778,0,True,False,False,S4,True,INVALID,S2,S4,2025Q1,섬유의복:2025Q1,S4->S4,1,3,True,True,False,True,False,False,0.0,1.0,0.0,2.0,0.0,3.0,4.0
2025Q2,2025-06-30,창원,국가,섬유의복,8.1171,34.0,73.01454516,,9.0,7.0,-2.847396768402155,-10.526315789473683,True,True,True,False,0,data_portal_quarterly,data_portal_quarterly,data_portal_quarterly,data_portal_quarterly,data_portal_quarterly,0,0,0,0,0,0,0,0,0,0,0,0,0,0,0,분기공표,분기공표,분기공표,분기공표,분기공표,221,True,False,False,8.355,False,False,False,False,False,False,True,valid,38.0,False,False,False,False,False,False,True,valid,9.0,False,False,False,False,False,False,0.0,True,True,valid,7.0,False,False,False,False,False,False,0.0,True,True,valid,False,False,,True,-1.5867840374994557e-10,-17.850055166264283,5.1636633092446744e-05,0.0002853258589147547,0.7777777777777778,0,True,False,False,S4,True,S4,S4,S4,2025Q1,섬유의복:2025Q1,S4->S4,2,3,True,True,True,True,False,False,0.0,1.0,0.0,2.0,0.0,3.0,4.0
2025Q3,2025-09-30,창원,국가,섬유의복,8.1171,34.0,73.01454516,,9.0,7.0,-26.8400180261379,-10.526315789473683,True,True,True,False,0,data_portal_quarterly,data_portal_quarterly,data_portal_quarterly,data_portal_quarterly,data_portal_quarterly,0,0,0,0,0,0,0,0,0,0,0,0,0,0,0,분기공표,분기공표,분기공표,분기공표,분기공표,222,True,False,False,11.095,False,False,False,False,False,False,True,valid,38.0,False,False,False,False,False,False,True,valid,9.0,False,False,False,False,False,False,0.0,True,True,valid,7.0,False,False,False,False,False,False,0.0,True,True,valid,False,False,,True,0.0,-26.626227179470163,5.4494959764420774e-05,0.00029151019428297066,0.7777777777777778,0,True,False,False,S4,True,S4,S4,N,2025Q1,섬유의복:2025Q1,S4->N,3,3,False,True,True,True,False,True,0.0,0.0,0.0,3.0,0.0,3.0,4.0
2025Q4,2025-12-31,창원,국가,섬유의복,8.1171,34.0,73.01454516,,9.0,7.0,-18.659812409812403,0.0,True,True,True,False,0,data_portal_quarterly,data_portal_quarterly,data_portal_quarterly,data_portal_quarterly,data_portal_quarterly,0,0,0,0,0,0,0,0,0,0,0,0,0,0,0,분기공표,분기공표,분기공표,분기공표,분기공표,223,True,False,False,9.9792,False,False,False,False,False,False,True,valid,34.0,False,False,False,False,False,False,True,valid,9.0,False,False,False,False,False,False,0.0,True,True,valid,7.0,False,False,False,False,False,False,0.0,True,True,valid,False,False,,True,0.0,-17.87732309998252,5.2943341977343536e-05,0.0002945074363127669,0.7777777777777778,0,True,True,True,N,False,S4,S4,N,,,N->N,,,False,True,False,False,False,False,0.0,0.0,0.0,3.0,1.0,4.0,4.0
2026Q1,2026-03-31,창원,국가,섬유의복,7.367100000000001,34.0,66.26818145019836,,10.0,8.0,-9.2397531137968,0.0,True,True,True,False,0,kicox_annual_revision,kicox_annual_revision,kicox_annual_revision,kicox_annual_revision,kicox_annual_revision,1,1,1,1,1,0,0,0,0,0,0,0,0,0,0,보정본: 분기공표,보정본: 분기공표,보정본: 분기공표,보정본: 분기공표,보정본: 분기공표,224,True,False,False,8.1171,False,False,False,False,False,False,True,valid,34.0,False,False,False,False,False,False,True,valid,9.0,False,False,False,False,False,False,11.111111111111116,True,True,valid,7.0,False,False,False,False,False,False,14.28571428571428,True,True,valid,False,False,,True,-6.746363709801642,-6.74636370996032,4.698571205945953e-05,0.0002957936404367306,0.8,0,True,True,True,N,False,N,N,N,,,N->N,,,False,True,False,False,False,False,0.0,0.0,0.0,2.0,2.0,4.0,4.0
2026Q2,2026-06-30,창원,국가,섬유의복,7.117100000000001,34.0,64.01939354687823,,10.0,8.0,-12.319670818395734,0.0,True,True,True,False,0,kicox_annual_revision,kicox_annual_revision,kicox_annual_revision,kicox_annual_revision,kicox_annual_revision,1,1,1,1,1,0,0,0,0,0,0,0,0,0,0,보정본: 분기공표,보정본: 분기공표,보정본: 분기공표,보정본: 분기공표,보정본: 분기공표,225,True,False,False,8.1171,False,False,False,False,False,False,True,valid,34.0,False,False,False,False,False,False,True,valid,9.0,False,False,False,False,False,False,11.111111111111116,True,True,valid,7.0,False,False,False,False,False,False,14.28571428571428,True,True,valid,False,False,,True,-2.248787903320121,-8.995151613121763,4.5099898802805785e-05,0.000296089871984673,0.8,0,True,True,True,N,False,N,N,,,,,,,False,False,False,False,False,,0.0,0.0,0.0,1.0,3.0,4.0,4.0
2018Q1,2018-03-31,창원,국가,운송장비,19923.0,20665.0,,87.8,253.0,236.0,,,False,False,False,False,0,data_portal_monthly,data_portal_monthly,data_portal_monthly,data_portal_monthly,data_portal_monthly,0,0,0,0,0,0,0,0,0,0,0,0,0,0,0,월별 3개월 합,월별: 분기말 값,월별 단순평균(근사),월별: 분기말 값,월별: 분기말 값,192,False,False,False,,False,True,True,False,False,False,False,lag4_not_observed,,False,True,True,False,False,False,False,lag4_not_observed,,False,True,True,False,False,False,,False,False,lag4_not_observed,,False,True,True,False,False,False,,False,False,lag4_not_observed,False,False,lag4_not_observed;lag4_not_observed,False,,,0.14590687387400583,0.16440851916972304,0.932806324110672,0,False,False,False,INVALID,False,,,INVALID,,,,,,False,False,False,False,False,,0.0,0.0,0.0,0.0,0.0,0.0,1.0
2018Q2,2018-06-30,창원,국가,운송장비,22946.0,20111.0,,83.6,250.0,232.0,,,False,False,False,False,0,data_portal_monthly,data_portal_monthly,data_portal_monthly,data_portal_monthly,data_portal_monthly,0,0,0,0,0,0,0,0,0,0,0,0,0,0,0,월별 3개월 합,월별: 분기말 값,월별 단순평균(근사),월별: 분기말 값,월별: 분기말 값,193,False,False,False,,False,True,True,False,False,False,False,lag4_not_observed,,False,True,True,False,False,False,False,lag4_not_observed,,False,True,True,False,False,False,,False,False,lag4_not_observed,,False,True,True,False,False,False,,False,False,lag4_not_observed,False,False,lag4_not_observed;lag4_not_observed,False,,,0.1693506723544954,0.15979754157628345,0.928,0,False,False,False,INVALID,False,INVALID,,INVALID,,,,,,False,False,False,False,False,,0.0,0.0,0.0,0.0,0.0,0.0,2.0
2018Q3,2018-09-30,창원,국가,운송장비,21695.0,16347.0,,73.8,252.0,234.0,,,False,False,False,False,0,data_portal_monthly,data_portal_monthly,data_portal_monthly,data_portal_monthly,data_portal_monthly,0,0,0,0,0,0,0,0,0,0,0,0,0,0,0,월별 3개월 합,월별: 분기말 값,월별 단순평균(근사),월별: 분기말 값,월별: 분기말 값,194,False,False,False,,False,True,True,False,False,False,False,lag4_not_observed,,False,True,True,False,False,False,False,lag4_not_observed,,False,True,True,False,False,False,,False,False,lag4_not_observed,,False,True,True,False,False,False,,False,False,lag4_not_observed,False,False,lag4_not_observed;lag4_not_observed,False,,,0.17463435052442627,0.13198711375582345,0.9285714285714286,0,False,False,False,INVALID,False,INVALID,,INVALID,,,,,,False,False,False,False,False,,0.0,0.0,0.0,0.0,0.0,0.0,3.0
2018Q4,2018-12-31,창원,국가,운송장비,21846.0,16254.0,,82.7,254.0,235.0,,,False,False,False,True,1,data_portal_monthly,data_portal_monthly,data_portal_monthly,data_portal_monthly,data_portal_monthly,0,0,0,0,0,0,0,0,0,0,0,0,0,0,0,월별 3개월 합,월별: 분기말 값,월별 단순평균(근사),월별: 분기말 값,월별: 분기말 값,195,False,True,False,,False,True,True,False,False,True,False,lag4_not_observed|classification_comparison_risk,,False,True,True,False,False,True,False,lag4_not_observed|classification_comparison_risk,,False,True,True,False,False,True,,False,False,lag4_not_observed|classification_comparison_risk,,False,True,True,False,False,True,,False,False,lag4_not_observed|classification_comparison_risk,False,True,lag4_not_observed|classification_comparison_risk;lag4_not_observed|classification_comparison_risk,False,,,0.2046617076689588,0.13169024354674055,0.9251968503937008,0,False,False,False,INVALID,False,INVALID,,INVALID,,,,,,False,False,False,False,False,,0.0,0.0,0.0,0.0,0.0,0.0,4.0
2019Q1,2019-03-31,창원,국가,운송장비,21389.0,15951.0,,85.4,251.0,233.0,7.3583295688400385,-22.811517057827245,False,False,False,True,0,data_portal_monthly,data_portal_monthly,data_portal_monthly,data_portal_monthly,data_portal_monthly,0,0,0,0,0,0,0,0,0,0,0,0,0,0,0,월별 3개월 합,월별: 분기말 값,월별 단순평균(근사),월별: 분기말 값,월별: 분기말 값,196,False,False,False,19923.0,False,False,False,False,False,True,True,classification_comparison_risk,20665.0,False,False,False,False,False,True,True,classification_comparison_risk,253.0,False,False,False,False,False,True,-0.7905138339920903,True,False,classification_comparison_risk,236.0,False,False,False,False,False,True,-1.2711864406779627,True,False,classification_comparison_risk,False,True,classification_comparison_risk;classification_comparison_risk,False,,,0.2210086899017349,0.12990577331845687,0.9282868525896414,0,False,False,False,INVALID,False,INVALID,,INVALID,,,,,,False,False,False,False,False,,0.0,0.0,0.0,0.0,0.0,0.0,4.0
2019Q2,2019-06-30,창원,국가,운송장비,22548.0,16027.0,,82.5,256.0,239.0,-1.7345071036346194,-20.30729451543931,False,False,False,True,0,data_portal_monthly,data_portal_monthly,data_portal_monthly,data_portal_monthly,data_portal_monthly,0,0,0,0,0,0,0,0,0,0,0,0,0,0,0,월별 3개월 합,월별: 분기말 값,월별 단순평균(근사),월별: 분기말 값,월별: 분기말 값,197,False,False,False,22946.0,False,False,False,False,False,True,True,classification_comparison_risk,20111.0,False,False,False,False,False,True,True,classification_comparison_risk,250.0,False,False,False,False,False,True,2.400000000000002,True,False,classification_comparison_risk,232.0,False,False,False,False,False,True,3.0172413793103425,True,False,classification_comparison_risk,False,True,classification_comparison_risk;classification_comparison_risk,False,,,0.2228085257759464,0.13060768798233247,0.93359375,0,False,False,False,INVALID,False,INVALID,,INVALID,,,,,,False,False,False,False,False,,0.0,0.0,0.0,0.0,0.0,0.0,4.0
2019Q3,2019-09-30,창원,국가,운송장비,21827.0,15915.0,,82.2,256.0,243.0,0.6084351233003105,-2.6426867315103686,False,False,False,True,0,data_portal_monthly,data_portal_monthly,data_portal_monthly,data_portal_monthly,data_portal_monthly,0,0,0,0,0,0,0,0,0,0,0,0,0,0,0,월별 3개월 합,월별: 분기말 값,월별 단순평균(근사),월별: 분기말 값,월별: 분기말 값,198,False,False,False,21695.0,False,False,False,False,False,True,True,classification_comparison_risk,16347.0,False,False,False,False,False,True,True,classification_comparison_risk,252.0,False,False,False,False,False,True,1.5873015873015817,True,False,classification_comparison_risk,234.0,False,False,False,False,False,True,3.8461538461538547,True,False,classification_comparison_risk,False,True,classification_comparison_risk;classification_comparison_risk,False,,,0.23315707952785344,0.13025756868907604,0.94921875,0,False,False,False,INVALID,False,INVALID,,S2,,,,,,False,False,False,False,False,,0.0,0.0,0.0,0.0,0.0,0.0,4.0
2019Q4,2019-12-31,창원,국가,운송장비,22798.0,15888.0,,82.6,256.0,246.0,4.357777167444832,-2.251753414544111,True,True,True,False,0,data_portal_monthly,data_portal_monthly,data_portal_monthly,data_portal_monthly,data_portal_monthly,0,0,0,0,0,0,0,0,0,0,0,0,0,0,0,월별 3개월 합,월별: 분기말 값,월별 단순평균(근사),월별: 분기말 값,월별: 분기말 값,199,False,False,False,21846.0,False,False,False,False,False,False,True,valid,16254.0,False,False,False,False,False,False,True,valid,254.0,False,False,False,False,False,False,0.7874015748031482,True,True,valid,235.0,False,False,False,False,False,False,4.680851063829783,True,True,valid,False,False,,False,,,0.22713279467585903,0.12952455488162787,0.9609375,0,True,False,False,S2,True,INVALID,,S1,2019Q4,운송장비:2019Q4,S2->S1,1,1,True,True,False,True,False,True,0.0,1.0,0.0,0.0,0.0,1.0,4.0
2020Q1,2020-03-31,창원,국가,운송장비,29092.0,17818.0,,86.3,257.0,246.0,36.013838889148616,11.704595323177225,True,True,True,False,0,data_portal_monthly,data_portal_monthly,data_portal_monthly,data_portal_monthly,data_portal_monthly,0,0,0,0,0,0,0,0,0,0,0,0,0,0,0,월별 3개월 합,월별: 분기말 값,월별 단순평균(근사),월별: 분기말 값,월별: 분기말 값,200,False,False,False,21389.0,False,False,False,False,False,False,True,valid,15951.0,False,False,False,False,False,False,True,valid,251.0,False,False,False,False,False,False,2.39043824701195,True,True,valid,233.0,False,False,False,False,False,False,5.579399141630903,True,True,valid,False,False,,False,,,0.27299513916258467,0.14316361211322604,0.9571984435797666,0,True,False,False,S1,True,S2,S2,S1,2020Q1,운송장비:2020Q1,S1->S1,1,2,True,True,True,False,True,False,1.0,1.0,0.0,0.0,0.0,2.0,4.0
2020Q2,2020-06-30,창원,국가,운송장비,28076.0,17744.0,,84.6,256.0,247.0,24.51658683697002,10.713171523054843,True,True,True,False,0,data_portal_monthly,data_portal_monthly,data_portal_monthly,data_portal_monthly,data_portal_monthly,0,0,0,0,0,0,0,0,0,0,0,0,0,0,0,월별 3개월 합,월별: 분기말 값,월별 단순평균(근사),월별: 분기말 값,월별: 분기말 값,201,False,False,False,22548.0,False,False,False,False,False,False,True,valid,16027.0,False,False,False,False,False,False,True,valid,256.0,False,False,False,False,False,False,0.0,True,True,valid,239.0,False,False,False,False,False,False,3.347280334728042,True,True,valid,False,False,,False,,,0.2777601899485556,0.14522003159092212,0.96484375,0,True,False,False,S1,True,S1,S1,INVALID,2020Q1,운송장비:2020Q1,,2,2,False,False,True,False,True,,2.0,1.0,0.0,0.0,0.0,3.0,4.0
2020Q3,2020-09-30,창원,국가,운송장비,29390.0,17799.0,,86.2,256.0,250.0,34.649745727768355,11.837888784165873,False,False,False,True,1,data_portal_monthly,data_portal_monthly,data_portal_monthly,data_portal_monthly,data_portal_monthly,0,0,0,0,0,0,0,0,0,0,0,0,0,0,0,월별 3개월 합,월별: 분기말 값,월별 단순평균(근사),월별: 분기말 값,월별: 분기말 값,202,False,True,False,21827.0,False,False,False,False,False,True,True,classification_comparison_risk,15915.0,False,False,False,False,False,True,True,classification_comparison_risk,256.0,False,False,False,False,False,True,0.0,True,False,classification_comparison_risk,243.0,False,False,False,False,False,True,2.8806584362139898,True,False,classification_comparison_risk,False,True,classification_comparison_risk;classification_comparison_risk,False,,,0.28449185437579255,0.14695586122624218,0.9765625,0,False,False,False,INVALID,False,S1,S1,INVALID,,,,,,False,False,False,False,False,,2.0,1.0,0.0,0.0,0.0,3.0,4.0
2020Q4,2020-12-31,창원,국가,운송장비,26656.0,16013.0,,86.8,257.0,249.0,16.922537064654787,0.7867573011077544,False,False,False,True,0,data_portal_monthly,data_portal_monthly,data_portal_monthly,data_portal_monthly,data_portal_monthly,0,0,0,0,0,0,0,0,0,0,0,0,0,0,0,월별 3개월 합,월별: 분기말 값,월별 단순평균(근사),월별: 분기말 값,월별: 분기말 값,203,False,False,False,22798.0,False,False,False,False,False,True,True,classification_comparison_risk,15888.0,False,False,False,False,False,True,True,classification_comparison_risk,256.0,False,False,False,False,False,True,0.390625,True,False,classification_comparison_risk,246.0,False,False,False,False,False,True,1.2195121951219523,True,False,classification_comparison_risk,False,True,classification_comparison_risk;classification_comparison_risk,False,,,0.2506393861892583,0.13564476370382292,0.9688715953307393,0,False,False,False,INVALID,False,INVALID,S1,INVALID,,,,,,False,False,False,False,False,,2.0,0.0,0.0,0.0,0.0,2.0,4.0
2021Q1,2021-03-31,창원,국가,운송장비,25648.142856,15774.0,,87.64767789,247.0,245.0,-11.83781501443696,-11.47154562801661,False,False,False,True,0,data_portal_monthly,data_portal_monthly,data_portal_monthly,data_portal_monthly,data_portal_monthly,0,0,0,0,0,0,0,0,0,0,0,0,0,0,0,월별 3개월 합,월별: 분기말 값,월별 단순평균(근사),월별: 분기말 값,월별: 분기말 값,204,False,False,False,29092.0,False,False,False,False,False,True,True,classification_comparison_risk,17818.0,False,False,False,False,False,True,True,classification_comparison_risk,257.0,False,False,False,False,False,True,-3.891050583657585,True,False,classification_comparison_risk,246.0,False,False,False,False,False,True,-0.40650406504064707,True,False,classification_comparison_risk,False,True,classification_comparison_risk;classification_comparison_risk,False,,,0.2423515253947669,0.13480438238159537,0.9919028340080972,0,False,False,False,INVALID,False,INVALID,S1,INVALID,,,,,,False,False,False,False,False,,1.0,0.0,0.0,0.0,0.0,1.0,4.0
2021Q2,2021-06-30,창원,국가,운송장비,26004.347619,16070.0,,85.666171,241.0,239.0,-7.378730520729448,-9.434174932371509,False,False,False,True,0,data_portal_monthly,data_portal_monthly,data_portal_monthly,data_portal_monthly,data_portal_monthly,0,0,0,0,0,0,0,0,0,0,0,0,0,0,0,월별 3개월 합,월별: 분기말 값,월별 단순평균(근사),월별: 분기말 값,월별: 분기말 값,205,False,False,False,28076.0,False,False,False,False,False,True,True,classification_comparison_risk,17744.0,False,False,False,False,False,True,True,classification_comparison_risk,256.0,False,False,False,False,False,True,-5.859375,True,False,classification_comparison_risk,247.0,False,False,False,False,False,True,-3.238866396761131,True,False,classification_comparison_risk,False,True,classification_comparison_risk;classification_comparison_risk,False,,,0.22996672626699388,0.13744675755657812,0.991701244813278,0,False,False,False,INVALID,False,INVALID,S1,INVALID,,,,,,False,False,False,False,False,,0.0,0.0,0.0,0.0,0.0,0.0,4.0
2021Q3,2021-09-30,창원,국가,운송장비,26161.816888,15747.0,,85.10614585,241.0,239.0,-10.983950704321188,-11.528737569526381,False,True,False,True,0,data_portal_monthly,data_portal_monthly,data_portal_monthly,data_portal_monthly,data_portal_monthly,0,0,0,0,0,0,0,0,0,0,0,0,0,0,0,월별 3개월 합,월별: 분기말 값,월별 단순평균(근사),월별: 분기말 값,월별: 분기말 값,206,False,False,False,29390.0,False,False,False,False,False,True,True,classification_comparison_risk,17799.0,False,False,False,False,False,False,True,valid,256.0,False,False,False,False,False,False,-5.859375,True,True,valid,250.0,False,False,False,False,False,False,-4.400000000000004,True,True,valid,False,True,classification_comparison_risk;valid,False,,,0.2321160074799959,0.13581439475613438,0.991701244813278,0,False,False,False,INVALID,False,INVALID,S1,S2,,,,,,False,False,False,False,False,,0.0,0.0,0.0,0.0,0.0,0.0,4.0
2021Q4,2021-12-31,창원,국가,운송장비,27174.136159,15652.0,,86.59720197,243.0,242.0,1.9437881114946043,-2.2544182851433225,True,True,True,False,0,data_portal_monthly,data_portal_monthly,data_portal_monthly,data_portal_monthly,data_portal_monthly,0,0,0,0,0,0,0,0,0,0,0,0,0,0,0,월별 3개월 합,월별: 분기말 값,월별 단순평균(근사),월별: 분기말 값,월별: 분기말 값,207,False,False,False,26656.0,False,False,False,False,False,False,True,valid,16013.0,False,False,False,False,False,False,True,valid,257.0,False,False,False,False,False,False,-5.447470817120625,True,True,valid,249.0,False,False,False,False,False,False,-2.8112449799196804,True,True,valid,False,False,,False,,,0.2211827305418292,0.13526453151736176,0.9958847736625515,0,True,False,False,S2,True,INVALID,S1,S2,2021Q4,운송장비:2021Q4,S2->S2,1,4,True,True,False,True,False,False,0.0,1.0,0.0,0.0,0.0,1.0,4.0
2022Q1,2022-03-31,창원,국가,운송장비,26878.613143,15500.0,,90.57298391,244.0,240.0,4.797502469899695,-1.7370356282490174,True,True,True,False,0,data_portal_monthly,data_portal_monthly,data_portal_monthly,data_portal_monthly,data_portal_monthly,0,0,0,0,0,0,0,0,0,0,0,0,0,0,0,월별 3개월 합,월별: 분기말 값,월별 단순평균(근사),월별: 분기말 값,월별: 분기말 값,208,True,False,False,25648.142856,False,False,False,False,False,False,True,valid,15774.0,False,False,False,False,False,False,True,valid,247.0,False,False,False,False,False,False,-1.2145748987854255,True,True,valid,245.0,False,False,False,False,False,False,-2.0408163265306145,True,True,valid,False,False,,False,,,0.21683630295292877,0.13214657186215834,0.9836065573770492,0,True,False,False,S2,True,S2,S2,S2,2021Q4,운송장비:2021Q4,S2->S2,2,4,True,True,True,True,False,False,0.0,2.0,0.0,0.0,0.0,2.0,4.0
2022Q2,2022-06-30,창원,국가,운송장비,27717.628937,15657.0,,90.06301838,243.0,240.0,6.588441837118797,-2.570006222775356,True,True,True,False,0,data_portal_monthly,data_portal_monthly,data_portal_monthly,data_portal_monthly,data_portal_monthly,0,0,0,0,0,0,0,0,0,0,0,0,0,0,0,월별 3개월 합,월별: 분기말 값,월별 단순평균(근사),월별: 분기말 값,월별: 분기말 값,209,True,False,False,26004.347619,False,False,False,False,False,False,True,valid,16070.0,False,False,False,False,False,False,True,valid,241.0,False,False,False,False,False,False,0.8298755186721962,True,True,valid,239.0,False,False,False,False,False,False,0.4184100418409997,True,True,valid,False,False,,False,,,0.2173516691869601,0.13399459126386418,0.9876543209876543,0,True,False,False,S2,True,S2,S2,S2,2021Q4,운송장비:2021Q4,S2->S2,3,4,True,True,True,True,False,False,0.0,3.0,0.0,0.0,0.0,3.0,4.0
2022Q3,2022-09-30,창원,국가,운송장비,28600.85946,15628.0,,92.01615978,246.0,243.0,9.322909729250295,-0.7556994983171417,True,True,True,False,0,data_portal_monthly,data_portal_monthly,data_portal_monthly,data_portal_monthly,data_portal_monthly,0,0,0,0,0,0,0,0,0,0,0,0,0,0,0,월별 3개월 합,월별: 분기말 값,월별 단순평균(근사),월별: 분기말 값,월별: 분기말 값,210,True,False,False,26161.816888,False,False,False,False,False,False,True,valid,15747.0,False,False,False,False,False,False,True,valid,241.0,False,False,False,False,False,False,2.0746887966804906,True,True,valid,239.0,False,False,False,False,False,False,1.673640167364021,True,True,valid,False,False,,False,,,0.22936205346637892,0.13509798667000925,0.9878048780487805,0,True,False,False,S2,True,S2,S2,S1,2021Q4,운송장비:2021Q4,S2->S1,4,4,True,True,True,True,False,True,0.0,4.0,0.0,0.0,0.0,4.0,4.0
2022Q4,2022-12-31,창원,국가,운송장비,38041.10960633333,16045.0,,93.3321226539203,247.0,242.0,39.99013394114541,2.5108612317914725,True,True,True,False,0,kicox_annual_revision,kicox_annual_revision,kicox_annual_revision,kicox_annual_revision,kicox_annual_revision,1,1,1,1,1,0,0,0,0,0,0,0,0,0,0,보정본: 월별 3개월 합,보정본: 월별: 분기말 값,보정본: 월별 단순평균(근사),보정본: 월별: 분기말 값,보정본: 월별: 분기말 값,211,True,False,False,27174.136159,False,False,False,False,False,False,True,valid,15652.0,False,False,False,False,False,False,True,valid,243.0,False,False,False,False,False,False,1.6460905349794164,True,True,valid,242.0,False,False,False,False,False,False,0.0,True,True,valid,False,False,,False,,,0.30345881802316277,0.14283425173368466,0.979757085020243,0,True,False,False,S1,True,S2,S2,S1,2022Q4,운송장비:2022Q4,S1->S1,1,4,True,True,True,False,True,False,1.0,3.0,0.0,0.0,0.0,4.0,4.0
2023Q1,2023-03-31,창원,국가,운송장비,36202.67666263637,16916.0,,92.48257670235238,245.0,242.0,34.689526092846926,9.135483870967743,True,True,True,False,0,kicox_annual_revision,kicox_annual_revision,kicox_annual_revision,kicox_annual_revision,kicox_annual_revision,1,1,1,1,1,0,0,0,0,0,0,0,0,0,0,보정본: 월별 3개월 합,보정본: 월별: 분기말 값,보정본: 월별 단순평균(근사),보정본: 월별: 분기말 값,보정본: 월별: 분기말 값,212,True,False,False,26878.613143,False,False,False,False,False,False,True,valid,15500.0,False,False,False,False,False,False,True,valid,244.0,False,False,False,False,False,False,0.4098360655737654,True,True,valid,240.0,False,False,False,False,False,False,0.8333333333333304,True,True,valid,False,False,,False,,,0.2755356968370598,0.14874739498606263,0.9877551020408163,0,True,False,False,S1,True,S1,S1,S1,2022Q4,운송장비:2022Q4,S1->S1,2,4,True,True,True,False,True,False,2.0,2.0,0.0,0.0,0.0,4.0,4.0
2023Q2,2023-06-30,창원,국가,운송장비,40053.86899536364,16513.0,,92.5159709313861,244.0,240.0,44.506837458582574,5.467203167912116,True,True,True,True,0,kicox_annual_revision,kicox_annual_revision,kicox_annual_revision,kicox_annual_revision,kicox_annual_revision,1,1,1,1,1,0,0,0,0,0,0,0,0,0,0,보정본: 월별 3개월 합,보정본: 월별: 분기말 값,보정본: 월별 단순평균(근사),보정본: 월별: 분기말 값,보정본: 월별: 분기말 값,213,True,False,False,27717.628937,False,False,False,False,False,False,True,valid,15657.0,False,False,False,False,False,False,True,valid,243.0,False,False,False,False,False,False,0.4115226337448652,True,True,valid,240.0,False,False,False,False,False,False,0.0,True,True,valid,False,False,,False,,,0.2856497113413526,0.14566866619618912,0.9836065573770492,0,True,False,False,S1,True,S1,S1,S1,2022Q4,운송장비:2022Q4,S1->S1,3,4,True,True,True,False,True,False,3.0,1.0,0.0,0.0,0.0,4.0,4.0
2023Q3,2023-09-30,창원,국가,운송장비,39080.14339936363,16734.0,,91.28132388357078,246.0,239.0,36.63975187186082,7.077041208088053,True,True,True,False,0,kicox_annual_revision,kicox_annual_revision,kicox_annual_revision,kicox_annual_revision,kicox_annual_revision,1,1,1,1,1,0,0,0,0,0,0,0,0,0,0,보정본: 월별 3개월 합,보정본: 월별: 분기말 값,보정본: 월별 단순평균(근사),보정본: 월별: 분기말 값,보정본: 월별: 분기말 값,214,True,False,False,28600.85946,False,False,False,False,False,False,True,valid,15628.0,False,False,False,False,False,False,True,valid,246.0,False,False,False,False,False,False,0.0,True,True,valid,243.0,False,False,False,False,False,False,-1.6460905349794275,True,True,valid,False,False,,False,,,0.2852028647676877,0.14745171295643592,0.9715447154471545,0,True,False,False,S1,True,S1,S1,INVALID,2022Q4,운송장비:2022Q4,,4,4,False,False,True,False,True,,4.0,0.0,0.0,0.0,0.0,4.0,4.0
2023Q4,2023-12-31,창원,국가,운송장비,,16819.0,,92.08951956140017,244.0,241.0,,4.823932689311317,False,True,False,False,0,kicox_annual_revision,kicox_annual_revision,kicox_annual_revision,kicox_annual_revision,kicox_annual_revision,1,1,1,1,1,1,0,0,0,0,0,0,0,0,0,보정본: 월별 비공개(X) 포함 -> 분기 결측,보정본: 월별: 분기말 값,보정본: 월별 단순평균(근사),보정본: 월별: 분기말 값,보정본: 월별: 분기말 값,215,True,False,False,38041.10960633333,True,False,False,False,False,False,False,current_missing,16045.0,False,False,False,False,False,False,True,valid,247.0,False,False,False,False,False,False,-1.2145748987854255,True,True,valid,242.0,False,False,False,False,False,False,-0.4132231404958664,True,True,valid,True,False,current_missing;valid,False,,,,0.1481706618741796,0.9877049180327869,0,False,False,False,INVALID,False,S1,S1,S1,,,,,,False,False,False,False,False,,3.0,0.0,0.0,0.0,0.0,3.0,4.0
2024Q1,2024-03-31,창원,국가,운송장비,36734.521823363626,16925.0,,91.55905142520356,244.0,240.0,1.4690769019191308,0.05320406715536574,True,True,True,False,0,kicox_annual_revision,kicox_annual_revision,kicox_annual_revision,kicox_annual_revision,kicox_annual_revision,1,1,1,1,1,0,0,0,0,0,0,0,0,0,0,보정본: 월별 3개월 합,보정본: 월별: 분기말 값,보정본: 월별 단순평균(근사),보정본: 월별: 분기말 값,보정본: 월별: 분기말 값,216,True,False,False,36202.67666263637,False,False,False,False,False,False,True,valid,16916.0,False,False,False,False,False,False,True,valid,245.0,False,False,False,False,False,False,-0.40816326530612734,True,True,valid,242.0,False,False,False,False,False,False,-0.8264462809917328,True,True,valid,False,False,,False,,,0.2616384990144461,0.1484753316022177,0.9836065573770492,0,True,False,False,S1,True,INVALID,S1,S3,2024Q1,운송장비:2024Q1,S1->S3,1,1,True,True,False,True,False,True,3.0,0.0,0.0,0.0,0.0,3.0,4.0
2024Q2,2024-06-30,창원,국가,운송장비,39643.61302627273,16805.0,91.283876842257,,243.0,237.0,-1.0242605255896708,1.7683037606734064,True,True,True,False,0,kicox_annual_revision,kicox_annual_revision,kicox_annual_revision,kicox_annual_revision,kicox_annual_revision,1,1,1,1,1,0,0,0,0,0,0,0,0,0,0,보정본: 분기공표,보정본: 분기공표,보정본: 분기공표,보정본: 분기공표,보정본: 분기공표,217,True,False,False,40053.86899536364,False,False,False,False,False,False,True,valid,16513.0,False,False,False,False,False,False,True,valid,244.0,False,False,False,False,False,False,-0.4098360655737654,True,True,valid,240.0,False,False,False,False,False,False,-1.2499999999999956,True,True,valid,False,False,,True,,,0.2686193518336538,0.1444982330028633,0.9753086419753086,0,True,False,False,S3,True,S1,S1,S1,2024Q2,운송장비:2024Q2,S3->S1,1,1,True,True,True,False,False,True,2.0,0.0,1.0,0.0,0.0,3.0,4.0
2024Q3,2024-09-30,창원,국가,운송장비,41393.52678963636,16786.0,91.15549779576008,,247.0,239.0,5.919587772828883,0.31074459184892156,True,True,True,False,0,kicox_annual_revision,kicox_annual_revision,kicox_annual_revision,kicox_annual_revision,kicox_annual_revision,1,1,1,1,1,0,0,0,0,0,0,0,0,0,0,보정본: 분기공표,"보정본으로 대체(이전 무효: 업종별 117,705 != 단지 전체 120,217 (2.09%) + 원파일 중복 -> 업종별 무효)",보정본: 분기공표,보정본: 분기공표,보정본: 분기공표,218,True,False,False,39080.14339936363,False,False,False,False,False,False,True,valid,16734.0,False,False,False,False,False,False,True,valid,246.0,False,False,False,False,False,False,0.40650406504065817,True,True,valid,239.0,False,False,False,False,False,False,0.0,True,True,valid,False,False,,True,-0.12837904649691723,,0.28303695946756685,0.14416998763226604,0.9676113360323887,0,True,False,False,S1,True,S3,S3,INVALID,2024Q3,운송장비:2024Q3,,1,1,False,False,True,False,True,,2.0,0.0,1.0,0.0,0.0,3.0,4.0
2024Q4,2024-12-31,창원,국가,운송장비,53588.47858727274,17204.0,93.01256277338726,,247.0,242.0,,2.28907782864618,False,True,False,False,0,kicox_annual_revision,kicox_annual_revision,kicox_annual_revision,kicox_annual_revision,kicox_annual_revision,1,1,1,1,1,0,0,0,0,0,0,0,0,0,0,보정본: 분기공표,보정본: 분기공표,보정본: 분기공표,보정본: 분기공표,보정본: 분기공표,219,True,False,False,,False,True,False,False,False,False,False,lag4_missing,16819.0,False,False,False,False,False,False,True,valid,244.0,False,False,False,False,False,False,1.2295081967213184,True,True,valid,241.0,False,False,False,False,False,False,0.4149377593360981,True,True,valid,False,False,lag4_missing;valid,True,1.857064977627175,,0.33870403063571186,0.15015623090753574,0.979757085020243,0,False,False,False,INVALID,False,S1,S1,S2,,,,,,False,False,False,False,False,,2.0,0.0,1.0,0.0,0.0,3.0,4.0
2025Q1,2025-03-31,창원,국가,운송장비,39050.48430555556,16541.0,91.22149294890312,,253.0,243.0,6.304594063666169,-2.2688330871491913,True,True,True,False,0,kicox_annual_revision,kicox_annual_revision,kicox_annual_revision,kicox_annual_revision,kicox_annual_revision,1,1,1,1,1,0,0,0,0,0,0,0,0,0,0,보정본: 분기공표,보정본: 분기공표,보정본: 분기공표,보정본: 분기공표,보정본: 분기공표,220,True,False,False,36734.521823363626,False,False,False,False,False,False,True,valid,16925.0,False,False,False,False,False,False,True,valid,244.0,False,False,False,False,False,False,3.688524590163933,True,True,valid,240.0,False,False,False,False,False,False,1.2499999999999956,True,True,valid,False,False,,True,-1.7910698244841399,,0.26002806808765516,0.1414849029167736,0.9604743083003953,0,True,False,False,S2,True,INVALID,S1,S4,2025Q1,운송장비:2025Q1,S2->S4,1,1,True,True,False,True,False,True,1.0,1.0,1.0,0.0,0.0,3.0,4.0
2025Q2,2025-06-30,창원,국가,운송장비,39202.48792,16437.0,91.30815673,,252.0,244.0,-1.1127267990946987,-2.1898244570068393,True,True,True,False,0,data_portal_quarterly,data_portal_quarterly,data_portal_quarterly,data_portal_quarterly,data_portal_quarterly,0,0,0,0,0,0,0,0,0,0,0,0,0,0,0,분기공표,분기공표,분기공표,분기공표,분기공표,221,True,False,False,39643.61302627273,False,False,False,False,False,False,True,valid,16805.0,False,False,False,False,False,False,True,valid,243.0,False,False,False,False,False,False,3.703703703703698,True,True,valid,237.0,False,False,False,False,False,False,2.9535864978903037,True,True,valid,False,False,,True,0.086663781096874,0.024279887742991946,0.24938518498430665,0.1379382689112301,0.9682539682539683,0,True,False,False,S4,True,S2,S2,S2,2025Q2,운송장비:2025Q2,S4->S2,1,1,True,True,True,False,False,True,1.0,1.0,0.0,1.0,0.0,3.0,4.0
2025Q3,2025-09-30,창원,국가,운송장비,43309.09042,16275.0,92.52531478,,251.0,248.0,4.627688865697821,-3.044203502919096,True,True,True,False,0,data_portal_quarterly,data_portal_quarterly,data_portal_quarterly,data_portal_quarterly,data_portal_quarterly,0,0,0,0,0,0,0,0,0,0,0,0,0,0,0,분기공표,분기공표,분기공표,분기공표,분기공표,222,True,False,False,41393.52678963636,False,False,False,False,False,False,True,valid,16786.0,False,False,False,False,False,False,True,valid,247.0,False,False,False,False,False,False,1.6194331983805599,True,True,valid,239.0,False,False,False,False,False,False,3.765690376569042,True,True,valid,False,False,,True,1.217158050000009,1.3698169842399182,0.29075989452779455,0.13953907093986317,0.9880478087649402,0,True,False,False,S2,True,S4,S4,S4,2025Q3,운송장비:2025Q3,S2->S4,1,1,True,True,True,False,False,True,0.0,2.0,0.0,1.0,0.0,3.0,4.0
2025Q4,2025-12-31,창원,국가,운송장비,46213.96278,16293.0,92.52272966,,253.0,247.0,-13.761383046661424,-5.295280167402927,True,True,True,False,0,data_portal_quarterly,data_portal_quarterly,data_portal_quarterly,data_portal_quarterly,data_portal_quarterly,0,0,0,0,0,0,0,0,0,0,0,0,0,0,0,분기공표,분기공표,분기공표,분기공표,분기공표,223,True,False,False,53588.47858727274,False,False,False,False,False,False,True,valid,17204.0,False,False,False,False,False,False,True,valid,247.0,False,False,False,False,False,False,2.429149797570851,True,True,valid,242.0,False,False,False,False,False,False,2.066115702479343,True,True,valid,False,False,,True,-0.0025851200000062136,-0.4898331133872631,0.30142805134712713,0.14112969587776208,0.9762845849802372,0,True,False,False,S4,True,S2,S2,S2,2025Q4,운송장비:2025Q4,S4->S2,1,1,True,True,True,False,False,True,0.0,2.0,0.0,2.0,0.0,4.0,4.0
2026Q1,2026-03-31,창원,국가,운송장비,46907.35888888889,16375.0,92.542012337215,,252.0,246.0,20.119787815833988,-1.0035668943836562,True,True,True,False,0,kicox_annual_revision,kicox_annual_revision,kicox_annual_revision,kicox_annual_revision,kicox_annual_revision,1,1,1,1,1,0,0,0,0,0,0,0,0,0,0,보정본: 분기공표,보정본: 분기공표,보정본: 분기공표,보정본: 분기공표,보정본: 분기공표,224,True,False,False,39050.48430555556,False,False,False,False,False,False,True,valid,16541.0,False,False,False,False,False,False,True,valid,253.0,False,False,False,False,False,False,-0.39525691699604515,True,True,valid,243.0,False,False,False,False,False,False,1.2345679012345734,True,True,valid,False,False,,True,0.019282677215002764,1.3205193883118795,0.29916461812966605,0.14245943712210188,0.9761904761904762,0,True,False,False,S2,True,S4,S4,S2,2026Q1,운송장비:2026Q1,S2->S2,1,2,True,True,True,False,True,False,0.0,2.0,0.0,2.0,0.0,4.0,4.0
2026Q2,2026-06-30,창원,국가,운송장비,46903.16277777778,16308.0,92.2763222787122,,254.0,245.0,19.643332008653246,-0.7848147472166445,True,True,True,False,0,kicox_annual_revision,kicox_annual_revision,kicox_annual_revision,kicox_annual_revision,kicox_annual_revision,1,1,1,1,1,0,0,0,0,0,0,0,0,0,0,보정본: 분기공표,보정본: 분기공표,보정본: 분기공표,보정본: 분기공표,보정본: 분기공표,225,True,False,False,39202.48792,False,False,False,False,False,False,True,valid,16437.0,False,False,False,False,False,False,True,valid,252.0,False,False,False,False,False,False,0.7936507936507908,True,True,valid,244.0,False,False,False,False,False,False,0.4098360655737654,True,True,valid,False,False,,True,-0.26569005850279837,0.9681655487122072,0.2972176721992532,0.14201863624488373,0.9645669291338582,0,True,False,False,S2,True,S2,S2,,2026Q1,운송장비:2026Q1,,2,2,False,False,True,False,True,,0.0,3.0,0.0,1.0,0.0,4.0,4.0
2018Q1,2018-03-31,창원,국가,음식료,1119.0,719.0,,71.9,5.0,4.0,,,False,False,False,False,0,data_portal_monthly,data_portal_monthly,data_portal_monthly,data_portal_monthly,data_portal_monthly,0,0,0,0,0,0,0,0,0,0,0,0,0,0,0,월별 3개월 합,월별: 분기말 값,월별 단순평균(근사),월별: 분기말 값,월별: 분기말 값,192,False,False,False,,False,True,True,False,False,False,False,lag4_not_observed,,False,True,True,False,False,False,False,lag4_not_observed,,False,True,True,False,False,False,,False,False,lag4_not_observed,,False,True,True,False,False,False,,False,False,lag4_not_observed,False,False,lag4_not_observed;lag4_not_observed,False,,,0.00819504049917244,0.005720286730366847,0.8,0,False,False,False,INVALID,False,,,INVALID,,,,,,False,False,False,False,False,,0.0,0.0,0.0,0.0,0.0,0.0,1.0
2018Q2,2018-06-30,창원,국가,음식료,1116.0,804.0,,74.5,5.0,4.0,,,False,False,False,False,0,data_portal_monthly,data_portal_monthly,data_portal_monthly,data_portal_monthly,data_portal_monthly,0,0,0,0,0,0,0,0,0,0,0,0,0,0,0,월별 3개월 합,월별: 분기말 값,월별 단순평균(근사),월별: 분기말 값,월별: 분기말 값,193,False,False,False,,False,True,True,False,False,False,False,lag4_not_observed,,False,True,True,False,False,False,False,lag4_not_observed,,False,True,True,False,False,False,,False,False,lag4_not_observed,,False,True,True,False,False,False,,False,False,lag4_not_observed,False,False,lag4_not_observed;lag4_not_observed,False,,,0.008236527078689831,0.006388405520726562,0.8,0,False,False,False,INVALID,False,INVALID,,INVALID,,,,,,False,False,False,False,False,,0.0,0.0,0.0,0.0,0.0,0.0,2.0
2018Q3,2018-09-30,창원,국가,음식료,934.0,687.0,,72.5,5.0,4.0,,,False,False,False,False,0,data_portal_monthly,data_portal_monthly,data_portal_monthly,data_portal_monthly,data_portal_monthly,0,0,0,0,0,0,0,0,0,0,0,0,0,0,0,월별 3개월 합,월별: 분기말 값,월별 단순평균(근사),월별: 분기말 값,월별: 분기말 값,194,False,False,False,,False,True,True,False,False,False,False,lag4_not_observed,,False,True,True,False,False,False,False,lag4_not_observed,,False,True,True,False,False,False,,False,False,lag4_not_observed,,False,True,True,False,False,False,,False,False,lag4_not_observed,False,False,lag4_not_observed;lag4_not_observed,False,,,0.007518252288076245,0.005546898339160134,0.8,0,False,False,False,INVALID,False,INVALID,,INVALID,,,,,,False,False,False,False,False,,0.0,0.0,0.0,0.0,0.0,0.0,3.0
2018Q4,2018-12-31,창원,국가,음식료,844.0,768.0,,76.2,6.0,4.0,,,False,False,False,True,1,data_portal_monthly,data_portal_monthly,data_portal_monthly,data_portal_monthly,data_portal_monthly,0,0,0,0,0,0,0,0,0,0,0,0,0,0,0,월별 3개월 합,월별: 분기말 값,월별 단순평균(근사),월별: 분기말 값,월별: 분기말 값,195,False,True,False,,False,True,True,False,False,True,False,lag4_not_observed|classification_comparison_risk,,False,True,True,False,False,True,False,lag4_not_observed|classification_comparison_risk,,False,True,True,False,False,True,,False,False,lag4_not_observed|classification_comparison_risk,,False,True,True,False,False,True,,False,False,lag4_not_observed|classification_comparison_risk,False,True,lag4_not_observed|classification_comparison_risk;lag4_not_observed|classification_comparison_risk,False,,,0.007906915740758089,0.006222351854552525,0.6666666666666666,0,False,False,False,INVALID,False,INVALID,,INVALID,,,,,,False,False,False,False,False,,0.0,0.0,0.0,0.0,0.0,0.0,4.0
2019Q1,2019-03-31,창원,국가,음식료,836.0,683.0,,74.9,5.0,4.0,-25.290437890974083,-5.006954102920725,False,False,False,True,0,data_portal_monthly,data_portal_monthly,data_portal_monthly,data_portal_monthly,data_portal_monthly,0,0,0,0,0,0,0,0,0,0,0,0,0,0,0,월별 3개월 합,월별: 분기말 값,월별 단순평균(근사),월별: 분기말 값,월별: 분기말 값,196,False,False,False,1119.0,False,False,False,False,False,True,True,classification_comparison_risk,719.0,False,False,False,False,False,True,True,classification_comparison_risk,5.0,False,False,False,False,False,True,0.0,True,False,classification_comparison_risk,4.0,False,False,False,False,False,True,0.0,True,False,classification_comparison_risk,False,True,classification_comparison_risk;classification_comparison_risk,False,,,0.008638237634197502,0.005562387510281866,0.8,0,False,False,False,INVALID,False,INVALID,,INVALID,,,,,,False,False,False,False,False,,0.0,0.0,0.0,0.0,0.0,0.0,4.0
2019Q2,2019-06-30,창원,국가,음식료,811.0,745.0,,75.4,6.0,4.0,-27.329749103942657,-7.33830845771144,False,False,False,True,0,data_portal_monthly,data_portal_monthly,data_portal_monthly,data_portal_monthly,data_portal_monthly,0,0,0,0,0,0,0,0,0,0,0,0,0,0,0,월별 3개월 합,월별: 분기말 값,월별 단순평균(근사),월별: 분기말 값,월별: 분기말 값,197,False,False,False,1116.0,False,False,False,False,False,True,True,classification_comparison_risk,804.0,False,False,False,False,False,True,True,classification_comparison_risk,5.0,False,False,False,False,False,True,19.999999999999996,True,False,classification_comparison_risk,4.0,False,False,False,False,False,True,0.0,True,False,classification_comparison_risk,False,True,classification_comparison_risk;classification_comparison_risk,False,,,0.008013913180960286,0.0060711753632518685,0.6666666666666666,0,False,False,False,INVALID,False,INVALID,,INVALID,,,,,,False,False,False,False,False,,0.0,0.0,0.0,0.0,0.0,0.0,4.0
2019Q3,2019-09-30,창원,국가,음식료,808.0,678.0,,72.7,6.0,4.0,-13.490364025695934,-1.3100436681222738,False,False,False,True,0,data_portal_monthly,data_portal_monthly,data_portal_monthly,data_portal_monthly,data_portal_monthly,0,0,0,0,0,0,0,0,0,0,0,0,0,0,0,월별 3개월 합,월별: 분기말 값,월별 단순평균(근사),월별: 분기말 값,월별: 분기말 값,198,False,False,False,934.0,False,False,False,False,False,True,True,classification_comparison_risk,687.0,False,False,False,False,False,True,True,classification_comparison_risk,5.0,False,False,False,False,False,True,19.999999999999996,True,False,classification_comparison_risk,4.0,False,False,False,False,False,True,0.0,True,False,classification_comparison_risk,False,True,classification_comparison_risk;classification_comparison_risk,False,,,0.008631095444106179,0.005549144302305596,0.6666666666666666,0,False,False,False,INVALID,False,INVALID,,S4,,,,,,False,False,False,False,False,,0.0,0.0,0.0,0.0,0.0,0.0,4.0
2019Q4,2019-12-31,창원,국가,음식료,841.0,749.0,,75.2,5.0,4.0,-0.35545023696682554,-2.473958333333337,True,True,True,False,0,data_portal_monthly,data_portal_monthly,data_portal_monthly,data_portal_monthly,data_portal_monthly,0,0,0,0,0,0,0,0,0,0,0,0,0,0,0,월별 3개월 합,월별: 분기말 값,월별 단순평균(근사),월별: 분기말 값,월별: 분기말 값,199,False,False,False,844.0,False,False,False,False,False,False,True,valid,768.0,False,False,False,False,False,False,True,valid,6.0,False,False,False,False,False,False,-16.666666666666664,True,True,valid,4.0,False,False,False,False,False,False,0.0,True,True,valid,False,False,,False,,,0.00837874727267293,0.006106111002413096,0.8,0,True,False,False,S4,True,INVALID,,S4,2019Q4,음식료:2019Q4,S4->S4,1,3,True,True,False,True,True,False,0.0,0.0,0.0,1.0,0.0,1.0,4.0
2020Q1,2020-03-31,창원,국가,음식료,735.0,639.0,,72.7,5.0,4.0,-12.081339712918659,-6.44216691068814,True,True,True,False,0,data_portal_monthly,data_portal_monthly,data_portal_monthly,data_portal_monthly,data_portal_monthly,0,0,0,0,0,0,0,0,0,0,0,0,0,0,0,월별 3개월 합,월별: 분기말 값,월별 단순평균(근사),월별: 분기말 값,월별: 분기말 값,200,False,False,False,836.0,False,False,False,False,False,False,True,valid,683.0,False,False,False,False,False,False,True,valid,5.0,False,False,False,False,False,False,0.0,True,True,valid,4.0,False,False,False,False,False,False,0.0,True,True,valid,False,False,,False,,,0.00689713417037329,0.005134220908090214,0.8,0,True,False,False,S4,True,S4,S4,S4,2019Q4,음식료:2019Q4,S4->S4,2,3,True,True,True,True,True,False,0.0,0.0,0.0,2.0,0.0,2.0,4.0
2020Q2,2020-06-30,창원,국가,음식료,713.0,734.0,,74.3,6.0,4.0,-12.083847102342782,-1.4765100671140896,True,True,True,False,0,data_portal_monthly,data_portal_monthly,data_portal_monthly,data_portal_monthly,data_portal_monthly,0,0,0,0,0,0,0,0,0,0,0,0,0,0,0,월별 3개월 합,월별: 분기말 값,월별 단순평균(근사),월별: 분기말 값,월별: 분기말 값,201,False,False,False,811.0,False,False,False,False,False,False,True,valid,745.0,False,False,False,False,False,False,True,valid,6.0,False,False,False,False,False,False,0.0,True,True,valid,4.0,False,False,False,False,False,False,0.0,True,True,valid,False,False,,False,,,0.0070538187574198654,0.006007185707153789,0.6666666666666666,0,True,False,False,S4,True,S4,S4,INVALID,2019Q4,음식료:2019Q4,,3,3,False,False,True,True,True,,0.0,0.0,0.0,3.0,0.0,3.0,4.0
2020Q3,2020-09-30,창원,국가,음식료,760.0,650.0,,73.6,6.0,4.0,-5.940594059405946,-4.129793510324486,False,False,False,True,1,data_portal_monthly,data_portal_monthly,data_portal_monthly,data_portal_monthly,data_portal_monthly,0,0,0,0,0,0,0,0,0,0,0,0,0,0,0,월별 3개월 합,월별: 분기말 값,월별 단순평균(근사),월별: 분기말 값,월별: 분기말 값,202,False,True,False,808.0,False,False,False,False,False,True,True,classification_comparison_risk,678.0,False,False,False,False,False,True,True,classification_comparison_risk,6.0,False,False,False,False,False,True,0.0,True,False,classification_comparison_risk,4.0,False,False,False,False,False,True,0.0,True,False,classification_comparison_risk,False,True,classification_comparison_risk;classification_comparison_risk,False,,,0.0073567134850494155,0.005366667217094074,0.6666666666666666,0,False,False,False,INVALID,False,S4,S4,INVALID,,,,,,False,False,False,False,False,,0.0,0.0,0.0,3.0,0.0,3.0,4.0
2020Q4,2020-12-31,창원,국가,음식료,1032.0,765.0,,78.5,7.0,4.0,22.711058263971463,2.1361815754339153,False,False,False,True,0,data_portal_monthly,data_portal_monthly,data_portal_monthly,data_portal_monthly,data_portal_monthly,0,0,0,0,0,0,0,0,0,0,0,0,0,0,0,월별 3개월 합,월별: 분기말 값,월별 단순평균(근사),월별: 분기말 값,월별: 분기말 값,203,False,False,False,841.0,False,False,False,False,False,True,True,classification_comparison_risk,749.0,False,False,False,False,False,True,True,classification_comparison_risk,5.0,False,False,False,False,False,True,39.99999999999999,True,False,classification_comparison_risk,4.0,False,False,False,False,False,True,0.0,True,False,classification_comparison_risk,False,True,classification_comparison_risk;classification_comparison_risk,False,,,0.009703625695802617,0.006480250061414135,0.5714285714285714,0,False,False,False,INVALID,False,INVALID,S4,INVALID,,,,,,False,False,False,False,False,,0.0,0.0,0.0,2.0,0.0,2.0,4.0
2021Q1,2021-03-31,창원,국가,음식료,1115.35,719.0,,97.98423765,8.0,4.0,51.748299319727884,12.519561815336466,False,False,False,True,0,data_portal_monthly,data_portal_monthly,data_portal_monthly,data_portal_monthly,data_portal_monthly,0,0,0,0,0,0,0,0,0,0,0,0,0,0,0,월별 3개월 합,월별: 분기말 값,월별 단순평균(근사),월별: 분기말 값,월별: 분기말 값,204,False,False,False,735.0,False,False,False,False,False,True,True,classification_comparison_risk,639.0,False,False,False,False,False,True,True,classification_comparison_risk,5.0,False,False,False,False,False,True,60.00000000000001,True,False,classification_comparison_risk,4.0,False,False,False,False,False,True,0.0,True,False,classification_comparison_risk,False,True,classification_comparison_risk;classification_comparison_risk,False,,,0.010539038844514974,0.006144563898336951,0.5,0,False,False,False,INVALID,False,INVALID,S4,INVALID,,,,,,False,False,False,False,False,,0.0,0.0,0.0,1.0,0.0,1.0,4.0
2021Q2,2021-06-30,창원,국가,음식료,1191.9816667,789.0,,92.81679666,9.0,5.0,67.17835437587658,7.493188010899177,False,False,False,True,0,data_portal_monthly,data_portal_monthly,data_portal_monthly,data_portal_monthly,data_portal_monthly,0,0,0,0,0,0,0,0,0,0,0,0,0,0,0,월별 3개월 합,월별: 분기말 값,월별 단순평균(근사),월별: 분기말 값,월별: 분기말 값,205,False,False,False,713.0,False,False,False,False,False,True,True,classification_comparison_risk,734.0,False,False,False,False,False,True,True,classification_comparison_risk,6.0,False,False,False,False,False,True,50.0,True,False,classification_comparison_risk,4.0,False,False,False,False,False,True,25.0,True,False,classification_comparison_risk,False,True,classification_comparison_risk;classification_comparison_risk,False,,,0.010541165103522609,0.00674831933491849,0.5555555555555556,0,False,False,False,INVALID,False,INVALID,S4,INVALID,,,,,,False,False,False,False,False,,0.0,0.0,0.0,0.0,0.0,0.0,4.0
2021Q3,2021-09-30,창원,국가,음식료,1134.7550001,728.0,,89.49508612,9.0,6.0,49.30986843421052,12.00000000000001,False,True,False,True,0,data_portal_monthly,data_portal_monthly,data_portal_monthly,data_portal_monthly,data_portal_monthly,0,0,0,0,0,0,0,0,0,0,0,0,0,0,0,월별 3개월 합,월별: 분기말 값,월별 단순평균(근사),월별: 분기말 값,월별: 분기말 값,206,False,False,False,760.0,False,False,False,False,False,True,True,classification_comparison_risk,650.0,False,False,False,False,False,False,True,valid,6.0,False,False,False,False,False,False,50.0,True,True,valid,4.0,False,False,False,False,False,False,50.0,True,True,valid,False,True,classification_comparison_risk;valid,False,,,0.010067909320624794,0.006278839104747941,0.6666666666666666,0,False,False,False,INVALID,False,INVALID,S4,S1,,,,,,False,False,False,False,False,,0.0,0.0,0.0,0.0,0.0,0.0,4.0
2021Q4,2021-12-31,창원,국가,음식료,1188.6050001,790.0,,96.13459032,9.0,6.0,15.17490311046512,3.267973856209161,True,True,True,False,0,data_portal_monthly,data_portal_monthly,data_portal_monthly,data_portal_monthly,data_portal_monthly,0,0,0,0,0,0,0,0,0,0,0,0,0,0,0,월별 3개월 합,월별: 분기말 값,월별 단순평균(근사),월별: 분기말 값,월별: 분기말 값,207,False,False,False,1032.0,False,False,False,False,False,False,True,valid,765.0,False,False,False,False,False,False,True,valid,7.0,False,False,False,False,False,False,28.57142857142858,True,True,valid,4.0,False,False,False,False,False,False,50.0,True,True,valid,False,False,,False,,,0.009674600065280006,0.006827177351055188,0.6666666666666666,0,True,False,False,S1,True,INVALID,S4,S1,2021Q4,음식료:2021Q4,S1->S1,1,8,True,True,False,True,True,False,1.0,0.0,0.0,0.0,0.0,1.0,4.0
2022Q1,2022-03-31,창원,국가,음식료,1158.86,733.0,,95.90321823,9.0,6.0,3.9010176177881384,1.9471488178025131,True,True,True,False,0,data_portal_monthly,data_portal_monthly,data_portal_monthly,data_portal_monthly,data_portal_monthly,0,0,0,0,0,0,0,0,0,0,0,0,0,0,0,월별 3개월 합,월별: 분기말 값,월별 단순평균(근사),월별: 분기말 값,월별: 분기말 값,208,True,False,False,1115.35,False,False,False,False,False,False,True,valid,719.0,False,False,False,False,False,False,True,valid,8.0,False,False,False,False,False,False,12.5,True,True,valid,4.0,False,False,False,False,False,False,50.0,True,True,valid,False,False,,False,,,0.009348805189581467,0.006249254011287875,0.6666666666666666,0,True,False,False,S1,True,S1,S1,S1,2021Q4,음식료:2021Q4,S1->S1,2,8,True,True,True,True,True,False,2.0,0.0,0.0,0.0,0.0,2.0,4.0
2022Q2,2022-06-30,창원,국가,음식료,1246.41,797.0,,95.86259542,9.0,6.0,4.56620557350389,1.0139416983523386,True,True,True,False,0,data_portal_monthly,data_portal_monthly,data_portal_monthly,data_portal_monthly,data_portal_monthly,0,0,0,0,0,0,0,0,0,0,0,0,0,0,0,월별 3개월 합,월별: 분기말 값,월별 단순평균(근사),월별: 분기말 값,월별: 분기말 값,209,True,False,False,1191.9816667,False,False,False,False,False,False,True,valid,789.0,False,False,False,False,False,False,True,valid,9.0,False,False,False,False,False,False,0.0,True,True,valid,5.0,False,False,False,False,False,False,19.999999999999996,True,True,valid,False,False,,False,,,0.00977389857577914,0.006820827057373682,0.6666666666666666,0,True,False,False,S1,True,S1,S1,S1,2021Q4,음식료:2021Q4,S1->S1,3,8,True,True,True,True,True,False,3.0,0.0,0.0,0.0,0.0,3.0,4.0
2022Q3,2022-09-30,창원,국가,음식료,1292.09,770.0,,87.81845754,9.0,6.0,13.86510743606637,5.769230769230771,True,True,True,False,0,data_portal_monthly,data_portal_monthly,data_portal_monthly,data_portal_monthly,data_portal_monthly,0,0,0,0,0,0,0,0,0,0,0,0,0,0,0,월별 3개월 합,월별: 분기말 값,월별 단순평균(근사),월별: 분기말 값,월별: 분기말 값,210,True,False,False,1134.7550001,False,False,False,False,False,False,True,valid,728.0,False,False,False,False,False,False,True,valid,9.0,False,False,False,False,False,False,0.0,True,True,valid,6.0,False,False,False,False,False,False,0.0,True,True,valid,False,False,,False,,,0.010361801052791633,0.0066563507637514155,0.6666666666666666,0,True,False,False,S1,True,S1,S1,S1,2021Q4,음식료:2021Q4,S1->S1,4,8,True,True,True,True,True,False,4.0,0.0,0.0,0.0,0.0,4.0,4.0
2022Q4,2022-12-31,창원,국가,음식료,1584.72,924.0,,92.08697562524418,8.0,5.0,33.32604186139836,16.962025316455698,True,True,True,True,0,kicox_annual_revision,kicox_annual_revision,kicox_annual_revision,kicox_annual_revision,kicox_annual_revision,1,1,1,1,1,0,0,0,0,0,0,0,0,0,0,보정본: 월별 3개월 합,보정본: 월별: 분기말 값,보정본: 월별 단순평균(근사),보정본: 월별: 분기말 값,보정본: 월별: 분기말 값,211,True,False,False,1188.6050001,False,False,False,False,False,False,True,valid,790.0,False,False,False,False,False,False,True,valid,9.0,False,False,False,False,False,False,-11.111111111111116,True,True,valid,6.0,False,False,False,False,False,False,-16.666666666666664,True,True,valid,False,False,,False,,,0.012641515010319352,0.008225543695975359,0.625,0,True,False,False,S1,True,S1,S1,S1,2021Q4,음식료:2021Q4,S1->S1,5,8,True,True,True,True,True,False,4.0,0.0,0.0,0.0,0.0,4.0,4.0
2023Q1,2023-03-31,창원,국가,음식료,1561.18,859.0,,89.11143911324119,8.0,5.0,34.716876930776806,17.189631650750336,True,True,True,True,0,kicox_annual_revision,kicox_annual_revision,kicox_annual_revision,kicox_annual_revision,kicox_annual_revision,1,1,1,1,1,0,0,0,0,0,0,0,0,0,0,보정본: 월별 3개월 합,보정본: 월별: 분기말 값,보정본: 월별 단순평균(근사),보정본: 월별: 분기말 값,보정본: 월별: 분기말 값,212,True,False,False,1158.86,False,False,False,False,False,False,True,valid,733.0,False,False,False,False,False,False,True,valid,9.0,False,False,False,False,False,False,-11.111111111111116,True,True,valid,6.0,False,False,False,False,False,False,-16.666666666666664,True,True,valid,False,False,,False,,,0.011882016989976776,0.007553441256386131,0.625,0,True,False,False,S1,True,S1,S1,S1,2021Q4,음식료:2021Q4,S1->S1,6,8,True,True,True,True,True,False,4.0,0.0,0.0,0.0,0.0,4.0,4.0
2023Q2,2023-06-30,창원,국가,음식료,1522.72,909.0,,89.05397356657603,8.0,5.0,22.16846783963542,14.052697616060229,True,True,True,False,0,kicox_annual_revision,kicox_annual_revision,kicox_annual_revision,kicox_annual_revision,kicox_annual_revision,1,1,1,1,1,0,0,0,0,0,0,0,0,0,0,보정본: 월별 3개월 합,보정본: 월별: 분기말 값,보정본: 월별 단순평균(근사),보정본: 월별: 분기말 값,보정본: 월별: 분기말 값,213,True,False,False,1246.41,False,False,False,False,False,False,True,valid,797.0,False,False,False,False,False,False,True,valid,9.0,False,False,False,False,False,False,-11.111111111111116,True,True,valid,6.0,False,False,False,False,False,False,-16.666666666666664,True,True,valid,False,False,,False,,,0.010859488467994262,0.008018701482004235,0.625,0,True,False,False,S1,True,S1,S1,S1,2021Q4,음식료:2021Q4,S1->S1,7,8,True,True,True,True,True,False,4.0,0.0,0.0,0.0,0.0,4.0,4.0
2023Q3,2023-09-30,창원,국가,음식료,1523.87,868.0,,87.90179898913426,8.0,5.0,17.93837890549419,12.72727272727272,True,True,True,False,0,kicox_annual_revision,kicox_annual_revision,kicox_annual_revision,kicox_annual_revision,kicox_annual_revision,1,1,1,1,1,0,0,0,0,0,0,0,0,0,0,보정본: 월별 3개월 합,보정본: 월별: 분기말 값,보정본: 월별 단순평균(근사),보정본: 월별: 분기말 값,보정본: 월별: 분기말 값,214,True,False,False,1292.09,False,False,False,False,False,False,True,valid,770.0,False,False,False,False,False,False,True,valid,9.0,False,False,False,False,False,False,-11.111111111111116,True,True,valid,6.0,False,False,False,False,False,False,-16.666666666666664,True,True,valid,False,False,,False,,,0.01112104643762933,0.007648385732412237,0.625,0,True,False,False,S1,True,S1,S1,INVALID,2021Q4,음식료:2021Q4,,8,8,False,False,True,True,True,,4.0,0.0,0.0,0.0,0.0,4.0,4.0
2023Q4,2023-12-31,창원,국가,음식료,,913.0,,91.04249953095034,8.0,5.0,,-1.1904761904761862,False,True,False,False,0,kicox_annual_revision,kicox_annual_revision,kicox_annual_revision,kicox_annual_revision,kicox_annual_revision,1,1,1,1,1,1,0,0,0,0,0,0,0,0,0,보정본: 월별 비공개(X) 포함 -> 분기 결측,보정본: 월별: 분기말 값,보정본: 월별 단순평균(근사),보정본: 월별: 분기말 값,보정본: 월별: 분기말 값,215,True,False,False,1584.72,True,False,False,False,False,False,False,current_missing,924.0,False,False,False,False,False,False,True,valid,8.0,False,False,False,False,False,False,0.0,True,True,valid,5.0,False,False,False,False,False,False,0.0,True,True,valid,True,False,current_missing;valid,False,,,,0.008043273339147748,0.625,0,False,False,False,INVALID,False,S1,S1,S3,,,,,,False,False,False,False,False,,3.0,0.0,0.0,0.0,0.0,3.0,4.0
2024Q1,2024-03-31,창원,국가,음식료,1541.09,878.0,,88.57493818682833,8.0,5.0,-1.2868471284541272,2.211874272409786,True,True,True,False,0,kicox_annual_revision,kicox_annual_revision,kicox_annual_revision,kicox_annual_revision,kicox_annual_revision,1,1,1,1,1,0,0,0,0,0,0,0,0,0,0,보정본: 월별 3개월 합,보정본: 월별: 분기말 값,보정본: 월별 단순평균(근사),보정본: 월별: 분기말 값,보정본: 월별: 분기말 값,216,True,False,False,1561.18,False,False,False,False,False,False,True,valid,859.0,False,False,False,False,False,False,True,valid,8.0,False,False,False,False,False,False,0.0,True,True,valid,5.0,False,False,False,False,False,False,0.0,True,True,valid,False,False,,False,,,0.01097628210284003,0.007702294897887571,0.625,0,True,False,False,S3,True,INVALID,S1,S1,2024Q1,음식료:2024Q1,S3->S1,1,1,True,True,False,True,False,True,2.0,0.0,1.0,0.0,0.0,3.0,4.0
2024Q2,2024-06-30,창원,국가,음식료,1609.32,949.0,89.08423124081449,,7.0,4.0,5.6871913418093945,4.4004400440043945,True,True,True,False,0,kicox_annual_revision,kicox_annual_revision,kicox_annual_revision,kicox_annual_revision,kicox_annual_revision,1,1,1,1,1,0,0,0,0,0,0,0,0,0,0,보정본: 분기공표,보정본: 분기공표,보정본: 분기공표,보정본: 분기공표,보정본: 분기공표,217,True,False,False,1522.72,False,False,False,False,False,False,True,valid,909.0,False,False,False,False,False,False,True,valid,8.0,False,False,False,False,False,False,-12.5,True,True,valid,5.0,False,False,False,False,False,False,-19.999999999999996,True,True,valid,False,False,,True,,,0.010904518087351026,0.008160001375764194,0.5714285714285714,0,True,False,False,S1,True,S3,S3,S1,2024Q2,음식료:2024Q2,S1->S1,1,2,True,True,True,False,True,False,2.0,0.0,1.0,0.0,0.0,3.0,4.0
2024Q3,2024-09-30,창원,국가,음식료,1638.83,913.0,87.87221550496913,,7.0,4.0,7.54395059946058,5.184331797235031,True,True,True,False,0,kicox_annual_revision,kicox_annual_revision,kicox_annual_revision,kicox_annual_revision,kicox_annual_revision,1,1,1,1,1,0,0,0,0,0,0,0,0,0,0,보정본: 분기공표,"보정본으로 대체(이전 무효: 업종별 117,705 != 단지 전체 120,217 (2.09%) + 원파일 중복 -> 업종별 무효)",보정본: 분기공표,보정본: 분기공표,보정본: 분기공표,218,True,False,False,1523.87,False,False,False,False,False,False,True,valid,868.0,False,False,False,False,False,False,True,valid,8.0,False,False,False,False,False,False,-12.5,True,True,valid,5.0,False,False,False,False,False,False,-19.999999999999996,True,True,valid,False,False,,True,-1.2120157358453554,,0.011205845364216848,0.00784148687646008,0.5714285714285714,0,True,False,False,S1,True,S1,S1,INVALID,2024Q2,음식료:2024Q2,,2,2,False,False,True,False,True,,2.0,0.0,1.0,0.0,0.0,3.0,4.0
2024Q4,2024-12-31,창원,국가,음식료,1582.54,969.0,88.47851549942274,,7.0,4.0,,6.133625410733834,False,True,False,False,0,kicox_annual_revision,kicox_annual_revision,kicox_annual_revision,kicox_annual_revision,kicox_annual_revision,1,1,1,1,1,0,0,0,0,0,0,0,0,0,0,보정본: 분기공표,보정본: 분기공표,보정본: 분기공표,보정본: 분기공표,보정본: 분기공표,219,True,False,False,,False,True,False,False,False,False,False,lag4_missing,913.0,False,False,False,False,False,False,True,valid,8.0,False,False,False,False,False,False,-12.5,True,True,valid,5.0,False,False,False,False,False,False,-19.999999999999996,True,True,valid,False,False,lag4_missing;valid,True,0.6062999944536074,,0.010002386534809041,0.008457416167716935,0.5714285714285714,0,False,False,False,INVALID,False,S1,S1,S4,,,,,,False,False,False,False,False,,2.0,0.0,1.0,0.0,0.0,3.0,4.0
2025Q1,2025-03-31,창원,국가,음식료,1341.71,800.0,96.33323281494565,,7.0,4.0,-12.937596117034044,-8.883826879271073,True,True,True,False,0,kicox_annual_revision,kicox_annual_revision,kicox_annual_revision,kicox_annual_revision,kicox_annual_revision,1,1,1,1,1,0,0,0,0,0,0,0,0,0,0,보정본: 분기공표,보정본: 분기공표,보정본: 분기공표,보정본: 분기공표,보정본: 분기공표,220,True,False,False,1541.09,False,False,False,False,False,False,True,valid,878.0,False,False,False,False,False,False,True,valid,8.0,False,False,False,False,False,False,-12.5,True,True,valid,5.0,False,False,False,False,False,False,-19.999999999999996,True,True,valid,False,False,,True,7.854717315522905,,0.008934133991886336,0.006842870584210076,0.5714285714285714,0,True,False,False,S4,True,INVALID,S1,S4,2025Q1,음식료:2025Q1,S4->S4,1,4,True,True,False,True,False,False,2.0,0.0,0.0,1.0,0.0,3.0,4.0
2025Q2,2025-06-30,창원,국가,음식료,1310.92,660.0,93.7322141,,7.0,4.0,-18.541992891407546,-30.45310853530031,True,True,True,True,0,data_portal_quarterly,data_portal_quarterly,data_portal_quarterly,data_portal_quarterly,data_portal_quarterly,0,0,0,0,0,0,0,0,0,0,0,0,0,0,0,분기공표,분기공표,분기공표,분기공표,분기공표,221,True,False,False,1609.32,False,False,False,False,False,False,True,valid,949.0,False,False,False,False,False,False,True,valid,7.0,False,False,False,False,False,False,0.0,True,True,valid,4.0,False,False,False,False,False,False,0.0,True,True,valid,False,False,,True,-2.6010187149456527,4.647982859185504,0.008339369362648025,0.005538678437757003,0.5714285714285714,0,True,False,False,S4,True,S4,S4,S4,2025Q1,음식료:2025Q1,S4->S4,2,4,True,True,True,True,False,False,1.0,0.0,0.0,2.0,0.0,3.0,4.0
2025Q3,2025-09-30,창원,국가,음식료,1352.63,654.0,93.89482014,,7.0,4.0,-17.463678355900235,-28.368017524644028,True,True,True,True,0,data_portal_quarterly,data_portal_quarterly,data_portal_quarterly,data_portal_quarterly,data_portal_quarterly,0,0,0,0,0,0,0,0,0,0,0,0,0,0,0,분기공표,분기공표,분기공표,분기공표,분기공표,222,True,False,False,1638.83,False,False,False,False,False,False,True,valid,913.0,False,False,False,False,False,False,True,valid,7.0,False,False,False,False,False,False,0.0,True,True,valid,4.0,False,False,False,False,False,False,0.0,True,True,valid,False,False,,True,0.16260604,6.022604635030859,0.0090810163021459,0.005607284325325377,0.5714285714285714,0,True,False,False,S4,True,S4,S4,S4,2025Q1,음식료:2025Q1,S4->S4,3,4,True,True,True,True,False,False,0.0,0.0,0.0,3.0,0.0,3.0,4.0
2025Q4,2025-12-31,창원,국가,음식료,1340.59,653.0,93.84073696,,7.0,4.0,-15.288713081501893,-32.6109391124871,True,True,True,True,0,data_portal_quarterly,data_portal_quarterly,data_portal_quarterly,data_portal_quarterly,data_portal_quarterly,0,0,0,0,0,0,0,0,0,0,0,0,0,0,0,분기공표,분기공표,분기공표,분기공표,분기공표,223,True,False,False,1582.54,False,False,False,False,False,False,True,valid,969.0,False,False,False,False,False,False,True,valid,7.0,False,False,False,False,False,False,0.0,True,True,valid,4.0,False,False,False,False,False,False,0.0,True,True,valid,False,False,,True,-0.054083179999992126,5.36222146057726,0.008743925148317374,0.0056562751738893175,0.5714285714285714,0,True,False,False,S4,True,S4,S4,S2,2025Q1,음식료:2025Q1,S4->S2,4,4,True,True,True,True,False,True,0.0,0.0,0.0,4.0,0.0,4.0,4.0
2026Q1,2026-03-31,창원,국가,음식료,1386.89,628.0,94.4992573009362,,7.0,4.0,3.367344657191196,-21.499999999999996,True,True,True,True,0,kicox_annual_revision,kicox_annual_revision,kicox_annual_revision,kicox_annual_revision,kicox_annual_revision,1,1,1,1,1,0,0,0,0,0,0,0,0,0,0,보정본: 분기공표,보정본: 분기공표,보정본: 분기공표,보정본: 분기공표,보정본: 분기공표,224,True,False,False,1341.71,False,False,False,False,False,False,True,valid,800.0,False,False,False,False,False,False,True,valid,7.0,False,False,False,False,False,False,0.0,True,True,valid,4.0,False,False,False,False,False,False,0.0,True,True,valid,False,False,,True,0.6585203409361924,-1.8339755140094525,0.008845273472349206,0.005463482535125495,0.5714285714285714,0,True,False,False,S2,True,S4,S4,S2,2026Q1,음식료:2026Q1,S2->S2,1,2,True,True,True,False,True,False,0.0,1.0,0.0,3.0,0.0,4.0,4.0
2026Q2,2026-06-30,창원,국가,음식료,1322.37,635.0,92.30430958663148,,7.0,4.0,0.8734323986208103,-3.7878787878787845,True,True,True,False,0,kicox_annual_revision,kicox_annual_revision,kicox_annual_revision,kicox_annual_revision,kicox_annual_revision,1,1,1,1,1,0,0,0,0,0,0,0,0,0,0,보정본: 분기공표,보정본: 분기공표,보정본: 분기공표,보정본: 분기공표,보정본: 분기공표,225,True,False,False,1310.92,False,False,False,False,False,False,True,valid,660.0,False,False,False,False,False,False,True,valid,7.0,False,False,False,False,False,False,0.0,True,True,valid,4.0,False,False,False,False,False,False,0.0,True,True,valid,False,False,,True,-2.1949477143047176,-1.4279045133685173,0.008379642435804791,0.005529913785596099,0.5714285714285714,0,True,False,False,S2,True,S2,S2,,2026Q1,음식료:2026Q1,,2,2,False,False,True,False,True,,0.0,2.0,0.0,2.0,0.0,4.0,4.0
2018Q1,2018-03-31,창원,국가,전기전자,40918.0,23472.0,,84.5,526.0,497.0,,,False,False,False,False,0,data_portal_monthly,data_portal_monthly,data_portal_monthly,data_portal_monthly,data_portal_monthly,0,0,0,0,0,0,0,0,0,0,0,0,0,0,0,월별 3개월 합,월별: 분기말 값,월별 단순평균(근사),월별: 분기말 값,월별: 분기말 값,192,False,False,False,,False,True,True,False,False,False,False,lag4_not_observed,,False,True,True,False,False,False,False,lag4_not_observed,,False,True,True,False,False,False,,False,False,lag4_not_observed,,False,True,True,False,False,False,,False,False,lag4_not_observed,False,False,lag4_not_observed;lag4_not_observed,False,,,0.2996645818991402,0.186740709506496,0.9448669201520913,0,False,False,False,INVALID,False,,,INVALID,,,,,,False,False,False,False,False,,0.0,0.0,0.0,0.0,0.0,0.0,1.0
2018Q2,2018-06-30,창원,국가,전기전자,39114.0,23384.0,,87.6,525.0,492.0,,,False,False,False,False,0,data_portal_monthly,data_portal_monthly,data_portal_monthly,data_portal_monthly,data_portal_monthly,0,0,0,0,0,0,0,0,0,0,0,0,0,0,0,월별 3개월 합,월별: 분기말 값,월별 단순평균(근사),월별: 분기말 값,월별: 분기말 값,193,False,False,False,,False,True,True,False,False,False,False,lag4_not_observed,,False,True,True,False,False,False,False,lag4_not_observed,,False,True,True,False,False,False,,False,False,lag4_not_observed,,False,True,True,False,False,False,,False,False,lag4_not_observed,False,False,lag4_not_observed;lag4_not_observed,False,,,0.28867698938698394,0.18580407300580837,0.9371428571428572,0,False,False,False,INVALID,False,INVALID,,INVALID,,,,,,False,False,False,False,False,,0.0,0.0,0.0,0.0,0.0,0.0,2.0
2018Q3,2018-09-30,창원,국가,전기전자,31825.0,24780.0,,80.6,532.0,498.0,,,False,False,False,False,0,data_portal_monthly,data_portal_monthly,data_portal_monthly,data_portal_monthly,data_portal_monthly,0,0,0,0,0,0,0,0,0,0,0,0,0,0,0,월별 3개월 합,월별: 분기말 값,월별 단순평균(근사),월별: 분기말 값,월별: 분기말 값,194,False,False,False,,False,True,True,False,False,False,False,lag4_not_observed,,False,True,True,False,False,False,False,lag4_not_observed,,False,True,True,False,False,False,,False,False,lag4_not_observed,,False,True,True,False,False,False,,False,False,lag4_not_observed,False,False,lag4_not_observed;lag4_not_observed,False,,,0.25617599471951447,0.2000758964256013,0.9360902255639098,0,False,False,False,INVALID,False,INVALID,,INVALID,,,,,,False,False,False,False,False,,0.0,0.0,0.0,0.0,0.0,0.0,3.0
2018Q4,2018-12-31,창원,국가,전기전자,24376.0,24512.0,,80.7,541.0,502.0,,,False,False,False,True,1,data_portal_monthly,data_portal_monthly,data_portal_monthly,data_portal_monthly,data_portal_monthly,0,0,0,0,0,0,0,0,0,0,0,0,0,0,0,월별 3개월 합,월별: 분기말 값,월별 단순평균(근사),월별: 분기말 값,월별: 분기말 값,195,False,True,False,,False,True,True,False,False,True,False,lag4_not_observed|classification_comparison_risk,,False,True,True,False,False,True,False,lag4_not_observed|classification_comparison_risk,,False,True,True,False,False,True,,False,False,lag4_not_observed|classification_comparison_risk,,False,True,True,False,False,True,,False,False,lag4_not_observed|classification_comparison_risk,False,True,lag4_not_observed|classification_comparison_risk;lag4_not_observed|classification_comparison_risk,False,,,0.22836371812407488,0.1985967300244681,0.9279112754158965,0,False,False,False,INVALID,False,INVALID,,INVALID,,,,,,False,False,False,False,False,,0.0,0.0,0.0,0.0,0.0,0.0,4.0
2019Q1,2019-03-31,창원,국가,전기전자,24398.0,24495.0,,82.8,536.0,502.0,-40.37342978640207,4.358384458077702,False,False,False,True,0,data_portal_monthly,data_portal_monthly,data_portal_monthly,data_portal_monthly,data_portal_monthly,0,0,0,0,0,0,0,0,0,0,0,0,0,0,0,월별 3개월 합,월별: 분기말 값,월별 단순평균(근사),월별: 분기말 값,월별: 분기말 값,196,False,False,False,40918.0,False,False,False,False,False,True,True,classification_comparison_risk,23472.0,False,False,False,False,False,True,True,classification_comparison_risk,526.0,False,False,False,False,False,True,1.9011406844106515,True,False,classification_comparison_risk,497.0,False,False,False,False,False,True,1.0060362173038184,True,False,classification_comparison_risk,False,True,classification_comparison_risk;classification_comparison_risk,False,,,0.2521001456927639,0.19948855353492576,0.9365671641791045,0,False,False,False,INVALID,False,INVALID,,INVALID,,,,,,False,False,False,False,False,,0.0,0.0,0.0,0.0,0.0,0.0,4.0
2019Q2,2019-06-30,창원,국가,전기전자,25058.0,24494.0,,84.0,539.0,502.0,-35.93598200132945,4.746835443037978,False,False,False,True,0,data_portal_monthly,data_portal_monthly,data_portal_monthly,data_portal_monthly,data_portal_monthly,0,0,0,0,0,0,0,0,0,0,0,0,0,0,0,월별 3개월 합,월별: 분기말 값,월별 단순평균(근사),월별: 분기말 값,월별: 분기말 값,197,False,False,False,39114.0,False,False,False,False,False,True,True,classification_comparison_risk,23384.0,False,False,False,False,False,True,True,classification_comparison_risk,525.0,False,False,False,False,False,True,2.6666666666666616,True,False,classification_comparison_risk,492.0,False,False,False,False,False,True,2.0325203252032464,True,False,classification_comparison_risk,False,True,classification_comparison_risk;classification_comparison_risk,False,,,0.2476111424025929,0.1996072071778406,0.9313543599257885,0,False,False,False,INVALID,False,INVALID,,INVALID,,,,,,False,False,False,False,False,,0.0,0.0,0.0,0.0,0.0,0.0,4.0
2019Q3,2019-09-30,창원,국가,전기전자,23467.0,24662.0,,78.1,527.0,493.0,-26.262372348782403,-0.4761904761904745,False,False,False,True,0,data_portal_monthly,data_portal_monthly,data_portal_monthly,data_portal_monthly,data_portal_monthly,0,0,0,0,0,0,0,0,0,0,0,0,0,0,0,월별 3개월 합,월별: 분기말 값,월별 단순평균(근사),월별: 분기말 값,월별: 분기말 값,198,False,False,False,31825.0,False,False,False,False,False,True,True,classification_comparison_risk,24780.0,False,False,False,False,False,True,True,classification_comparison_risk,532.0,False,False,False,False,False,True,-0.9398496240601517,True,False,classification_comparison_risk,498.0,False,False,False,False,False,True,-1.0040160642570295,True,False,classification_comparison_risk,False,True,classification_comparison_risk;classification_comparison_risk,False,,,0.2506756395876729,0.2018480778517118,0.9354838709677419,0,False,False,False,INVALID,False,INVALID,,S3,,,,,,False,False,False,False,False,,0.0,0.0,0.0,0.0,0.0,0.0,4.0
2019Q4,2019-12-31,창원,국가,전기전자,23303.0,24720.0,,76.5,520.0,496.0,-4.401870692484411,0.8485639686684143,True,True,True,False,0,data_portal_monthly,data_portal_monthly,data_portal_monthly,data_portal_monthly,data_portal_monthly,0,0,0,0,0,0,0,0,0,0,0,0,0,0,0,월별 3개월 합,월별: 분기말 값,월별 단순평균(근사),월별: 분기말 값,월별: 분기말 값,199,False,False,False,24376.0,False,False,False,False,False,False,True,valid,24512.0,False,False,False,False,False,False,True,valid,541.0,False,False,False,False,False,False,-3.8817005545286554,True,True,valid,502.0,False,False,False,False,False,False,-1.195219123505975,True,True,valid,False,False,,False,,,0.23216402817490758,0.20152612013304638,0.9538461538461539,0,True,False,False,S3,True,INVALID,,S3,2019Q4,전기전자:2019Q4,S3->S3,1,3,True,True,False,True,True,False,0.0,0.0,1.0,0.0,0.0,1.0,4.0
2020Q1,2020-03-31,창원,국가,전기전자,24179.0,25367.0,,82.2,523.0,501.0,-0.8976145585703699,3.559910185752191,True,True,True,False,0,data_portal_monthly,data_portal_monthly,data_portal_monthly,data_portal_monthly,data_portal_monthly,0,0,0,0,0,0,0,0,0,0,0,0,0,0,0,월별 3개월 합,월별: 분기말 값,월별 단순평균(근사),월별: 분기말 값,월별: 분기말 값,200,False,False,False,24398.0,False,False,False,False,False,False,True,valid,24495.0,False,False,False,False,False,False,True,valid,536.0,False,False,False,False,False,False,-2.425373134328357,True,True,valid,502.0,False,False,False,False,False,False,-0.19920318725099584,True,True,valid,False,False,,False,,,0.22689225456524595,0.20381812484432624,0.9579349904397706,0,True,False,False,S3,True,S3,S3,S3,2019Q4,전기전자:2019Q4,S3->S3,2,3,True,True,True,True,True,False,0.0,0.0,2.0,0.0,0.0,2.0,4.0
2020Q2,2020-06-30,창원,국가,전기전자,23341.0,25471.0,,79.6,532.0,498.0,-6.852103120759834,3.988731934351275,True,True,True,False,0,data_portal_monthly,data_portal_monthly,data_portal_monthly,data_portal_monthly,data_portal_monthly,0,0,0,0,0,0,0,0,0,0,0,0,0,0,0,월별 3개월 합,월별: 분기말 값,월별 단순평균(근사),월별: 분기말 값,월별: 분기말 값,201,False,False,False,25058.0,False,False,False,False,False,False,True,valid,24494.0,False,False,False,False,False,False,True,valid,539.0,False,False,False,False,False,False,-1.2987012987012991,True,True,valid,502.0,False,False,False,False,False,False,-0.7968127490039834,True,True,valid,False,False,,False,,,0.23091610605461022,0.20845916505029177,0.9360902255639098,0,True,False,False,S3,True,S3,S3,INVALID,2019Q4,전기전자:2019Q4,,3,3,False,False,True,True,True,,0.0,0.0,3.0,0.0,0.0,3.0,4.0
2020Q3,2020-09-30,창원,국가,전기전자,25010.0,25441.0,,82.9,538.0,507.0,6.575190693314026,3.15870570107859,False,False,False,True,1,data_portal_monthly,data_portal_monthly,data_portal_monthly,data_portal_monthly,data_portal_monthly,0,0,0,0,0,0,0,0,0,0,0,0,0,0,0,월별 3개월 합,월별: 분기말 값,월별 단순평균(근사),월별: 분기말 값,월별: 분기말 값,202,False,True,False,23467.0,False,False,False,False,False,True,True,classification_comparison_risk,24662.0,False,False,False,False,False,True,True,classification_comparison_risk,527.0,False,False,False,False,False,True,2.0872865275142205,True,False,classification_comparison_risk,493.0,False,False,False,False,False,True,2.8397565922920975,True,False,classification_comparison_risk,False,True,classification_comparison_risk;classification_comparison_risk,False,,,0.24209395297511302,0.21005135487706203,0.9423791821561338,0,False,False,False,INVALID,False,S3,S3,INVALID,,,,,,False,False,False,False,False,,0.0,0.0,3.0,0.0,0.0,3.0,4.0
2020Q4,2020-12-31,창원,국가,전기전자,23418.0,24842.0,,81.2,541.0,507.0,0.49349869115564715,0.49352750809061874,False,False,False,True,0,data_portal_monthly,data_portal_monthly,data_portal_monthly,data_portal_monthly,data_portal_monthly,0,0,0,0,0,0,0,0,0,0,0,0,0,0,0,월별 3개월 합,월별: 분기말 값,월별 단순평균(근사),월별: 분기말 값,월별: 분기말 값,203,False,False,False,23303.0,False,False,False,False,False,True,True,classification_comparison_risk,24720.0,False,False,False,False,False,True,True,classification_comparison_risk,520.0,False,False,False,False,False,True,4.038461538461546,True,False,classification_comparison_risk,496.0,False,False,False,False,False,True,2.2177419354838745,True,False,classification_comparison_risk,False,True,classification_comparison_risk;classification_comparison_risk,False,,,0.22019332029486988,0.2104344732361437,0.9371534195933456,0,False,False,False,INVALID,False,INVALID,S3,INVALID,,,,,,False,False,False,False,False,,0.0,0.0,2.0,0.0,0.0,2.0,4.0
2021Q1,2021-03-31,창원,국가,전기전자,24992.083839,24654.0,,77.64485116,559.0,527.0,3.3627686794325706,-2.8107383608625414,False,False,False,True,0,data_portal_monthly,data_portal_monthly,data_portal_monthly,data_portal_monthly,data_portal_monthly,0,0,0,0,0,0,0,0,0,0,0,0,0,0,0,월별 3개월 합,월별: 분기말 값,월별 단순평균(근사),월별: 분기말 값,월별: 분기말 값,204,False,False,False,24179.0,False,False,False,False,False,True,True,classification_comparison_risk,25367.0,False,False,False,False,False,True,True,classification_comparison_risk,523.0,False,False,False,False,False,True,6.883365200764824,True,False,classification_comparison_risk,501.0,False,False,False,False,False,True,5.189620758483038,True,False,classification_comparison_risk,False,True,classification_comparison_risk;classification_comparison_risk,False,,,0.23615236686654048,0.21069273762113935,0.9427549194991055,0,False,False,False,INVALID,False,INVALID,S3,INVALID,,,,,,False,False,False,False,False,,0.0,0.0,1.0,0.0,0.0,1.0,4.0
2021Q2,2021-06-30,창원,국가,전기전자,25849.345404,24671.0,,77.94209021,563.0,539.0,10.746520731759567,-3.140826822661069,False,False,False,True,0,data_portal_monthly,data_portal_monthly,data_portal_monthly,data_portal_monthly,data_portal_monthly,0,0,0,0,0,0,0,0,0,0,0,0,0,0,0,월별 3개월 합,월별: 분기말 값,월별 단순평균(근사),월별: 분기말 값,월별: 분기말 값,205,False,False,False,23341.0,False,False,False,False,False,True,True,classification_comparison_risk,25471.0,False,False,False,False,False,True,True,classification_comparison_risk,532.0,False,False,False,False,False,True,5.827067669172936,True,False,classification_comparison_risk,498.0,False,False,False,False,False,True,8.232931726907623,True,False,classification_comparison_risk,False,True,classification_comparison_risk;classification_comparison_risk,False,,,0.2285959804028816,0.21101113600985305,0.9573712255772646,0,False,False,False,INVALID,False,INVALID,S3,INVALID,,,,,,False,False,False,False,False,,0.0,0.0,0.0,0.0,0.0,0.0,4.0
2021Q3,2021-09-30,창원,국가,전기전자,26665.911161,24641.0,,83.36709297,568.0,542.0,6.620996245501809,-3.1445304822923625,False,True,False,True,0,data_portal_monthly,data_portal_monthly,data_portal_monthly,data_portal_monthly,data_portal_monthly,0,0,0,0,0,0,0,0,0,0,0,0,0,0,0,월별 3개월 합,월별: 분기말 값,월별 단순평균(근사),월별: 분기말 값,월별: 분기말 값,206,False,False,False,25010.0,False,False,False,False,False,True,True,classification_comparison_risk,25441.0,False,False,False,False,False,False,True,valid,538.0,False,False,False,False,False,False,5.576208178438669,True,True,valid,507.0,False,False,False,False,False,False,6.903353057199202,True,True,valid,False,True,classification_comparison_risk;valid,False,,,0.2365884931083148,0.21252317909353574,0.954225352112676,0,False,False,False,INVALID,False,INVALID,S3,S1,,,,,,False,False,False,False,False,,0.0,0.0,0.0,0.0,0.0,0.0,4.0
2021Q4,2021-12-31,창원,국가,전기전자,28240.524192,25019.0,,82.36508047,571.0,543.0,20.593236792211123,0.7125030190805903,True,True,True,False,0,data_portal_monthly,data_portal_monthly,data_portal_monthly,data_portal_monthly,data_portal_monthly,0,0,0,0,0,0,0,0,0,0,0,0,0,0,0,월별 3개월 합,월별: 분기말 값,월별 단순평균(근사),월별: 분기말 값,월별: 분기말 값,207,False,False,False,23418.0,False,False,False,False,False,False,True,valid,24842.0,False,False,False,False,False,False,True,valid,541.0,False,False,False,False,False,False,5.5452865064695045,True,True,valid,507.0,False,False,False,False,False,False,7.100591715976323,True,True,valid,False,False,,False,,,0.2298625507788361,0.21621411410892372,0.9509632224168126,0,True,False,False,S1,True,INVALID,S3,S1,2021Q4,전기전자:2021Q4,S1->S1,1,4,True,True,False,True,False,False,1.0,0.0,0.0,0.0,0.0,1.0,4.0
2022Q1,2022-03-31,창원,국가,전기전자,31403.87944,27459.0,,87.793593,567.0,538.0,25.655306065332706,11.377464103188117,True,True,True,False,0,data_portal_monthly,data_portal_monthly,data_portal_monthly,data_portal_monthly,data_portal_monthly,0,0,0,0,0,0,0,0,0,0,0,0,0,0,0,월별 3개월 합,월별: 분기말 값,월별 단순평균(근사),월별: 분기말 값,월별: 분기말 값,208,True,False,False,24992.083839,False,False,False,False,False,False,True,valid,24654.0,False,False,False,False,False,False,True,valid,559.0,False,False,False,False,False,False,1.4311270125223707,True,True,valid,527.0,False,False,False,False,False,False,2.0872865275142205,True,True,valid,False,False,,False,,,0.25334272568011906,0.23410404624277456,0.9488536155202821,0,True,False,False,S1,True,S1,S1,S1,2021Q4,전기전자:2021Q4,S1->S1,2,4,True,True,True,True,False,False,2.0,0.0,0.0,0.0,0.0,2.0,4.0
2022Q2,2022-06-30,창원,국가,전기전자,30777.93363,27441.0,,76.10766722,571.0,545.0,19.06658814361053,11.227757285882213,True,True,True,False,0,data_portal_monthly,data_portal_monthly,data_portal_monthly,data_portal_monthly,data_portal_monthly,0,0,0,0,0,0,0,0,0,0,0,0,0,0,0,월별 3개월 합,월별: 분기말 값,월별 단순평균(근사),월별: 분기말 값,월별: 분기말 값,209,True,False,False,25849.345404,False,False,False,False,False,False,True,valid,24671.0,False,False,False,False,False,False,True,valid,563.0,False,False,False,False,False,False,1.4209591474245054,True,True,valid,539.0,False,False,False,False,False,False,1.1131725417439675,True,True,valid,False,False,,False,,,0.24134947703539114,0.23484355744214705,0.9544658493870403,0,True,False,False,S1,True,S1,S1,S1,2021Q4,전기전자:2021Q4,S1->S1,3,4,True,True,True,True,False,False,3.0,0.0,0.0,0.0,0.0,3.0,4.0
2022Q3,2022-09-30,창원,국가,전기전자,30343.6995,26880.0,,80.67564574,570.0,542.0,13.792097021529548,9.08648187979384,True,True,True,False,0,data_portal_monthly,data_portal_monthly,data_portal_monthly,data_portal_monthly,data_portal_monthly,0,0,0,0,0,0,0,0,0,0,0,0,0,0,0,월별 3개월 합,월별: 분기말 값,월별 단순평균(근사),월별: 분기말 값,월별: 분기말 값,210,True,False,False,26665.911161,False,False,False,False,False,False,True,valid,24641.0,False,False,False,False,False,False,True,valid,568.0,False,False,False,False,False,False,0.35211267605634866,True,True,valid,542.0,False,False,False,False,False,False,0.0,True,True,valid,False,False,,False,,,0.2433386044506907,0.23236715393459487,0.9508771929824561,0,True,False,False,S1,True,S1,S1,S4,2021Q4,전기전자:2021Q4,S1->S4,4,4,True,True,True,True,False,True,4.0,0.0,0.0,0.0,0.0,4.0,4.0
2022Q4,2022-12-31,창원,국가,전기전자,26050.990760750003,24311.0,,79.32264643075656,570.0,545.0,-7.7531614369617525,-2.8298493145209602,True,True,True,False,0,kicox_annual_revision,kicox_annual_revision,kicox_annual_revision,kicox_annual_revision,kicox_annual_revision,1,1,1,1,1,0,0,0,0,0,0,0,0,0,0,보정본: 월별 3개월 합,보정본: 월별: 분기말 값,보정본: 월별 단순평균(근사),보정본: 월별: 분기말 값,보정본: 월별: 분기말 값,211,True,False,False,28240.524192,False,False,False,False,False,False,True,valid,25019.0,False,False,False,False,False,False,True,valid,571.0,False,False,False,False,False,False,-0.17513134851138146,True,True,valid,543.0,False,False,False,False,False,False,0.36832412523020164,True,True,valid,False,False,,False,,,0.20781209976255233,0.21641903981910926,0.956140350877193,0,True,False,False,S4,True,S1,S1,S1,2022Q4,전기전자:2022Q4,S4->S1,1,1,True,True,True,False,False,True,3.0,0.0,0.0,1.0,0.0,4.0,4.0
2023Q1,2023-03-31,창원,국가,전기전자,32541.05698775,28812.0,,75.42965424181767,577.0,544.0,3.6211371589382146,4.927346225281326,True,True,True,False,0,kicox_annual_revision,kicox_annual_revision,kicox_annual_revision,kicox_annual_revision,kicox_annual_revision,1,1,1,1,1,0,0,0,0,0,0,0,0,0,0,보정본: 월별 3개월 합,보정본: 월별: 분기말 값,보정본: 월별 단순평균(근사),보정본: 월별: 분기말 값,보정본: 월별: 분기말 값,212,True,False,False,31403.87944,False,False,False,False,False,False,True,valid,27459.0,False,False,False,False,False,False,True,valid,567.0,False,False,False,False,False,False,1.763668430335108,True,True,valid,538.0,False,False,False,False,False,False,1.1152416356877248,True,True,valid,False,False,,False,,,0.2476674002999321,0.2533524440966207,0.9428076256499134,0,True,False,False,S1,True,S4,S4,S1,2023Q1,전기전자:2023Q1,S1->S1,1,3,True,True,True,False,True,False,3.0,0.0,0.0,1.0,0.0,4.0,4.0
2023Q2,2023-06-30,창원,국가,전기전자,33166.19101575,28674.0,,75.13633064590066,587.0,554.0,7.759641743531831,4.493276484093145,True,True,True,False,0,kicox_annual_revision,kicox_annual_revision,kicox_annual_revision,kicox_annual_revision,kicox_annual_revision,1,1,1,1,1,0,0,0,0,0,0,0,0,0,0,보정본: 월별 3개월 합,보정본: 월별: 분기말 값,보정본: 월별 단순평균(근사),보정본: 월별: 분기말 값,보정본: 월별: 분기말 값,213,True,False,False,30777.93363,False,False,False,False,False,False,True,valid,27441.0,False,False,False,False,False,False,True,valid,571.0,False,False,False,False,False,False,2.8021015761821255,True,True,valid,545.0,False,False,False,False,False,False,1.6513761467889854,True,True,valid,False,False,,False,,,0.2365292823781339,0.25294636556104444,0.9437819420783645,0,True,False,False,S1,True,S1,S1,S1,2023Q1,전기전자:2023Q1,S1->S1,2,3,True,True,True,False,True,False,3.0,0.0,0.0,1.0,0.0,4.0,4.0
2023Q3,2023-09-30,창원,국가,전기전자,34407.77379875,28830.0,,75.64661996273509,589.0,555.0,13.393470030739007,7.254464285714279,True,True,True,False,0,kicox_annual_revision,kicox_annual_revision,kicox_annual_revision,kicox_annual_revision,kicox_annual_revision,1,1,1,1,1,0,0,0,0,0,0,0,0,0,0,보정본: 월별 3개월 합,보정본: 월별: 분기말 값,보정본: 월별 단순평균(근사),보정본: 월별: 분기말 값,보정본: 월별: 분기말 값,214,True,False,False,30343.6995,False,False,False,False,False,False,True,valid,26880.0,False,False,False,False,False,False,True,valid,570.0,False,False,False,False,False,False,3.3333333333333437,True,True,valid,542.0,False,False,False,False,False,False,2.398523985239853,True,True,valid,False,False,,False,,,0.25110439225875203,0.25403566896940644,0.9422750424448217,0,True,False,False,S1,True,S1,S1,INVALID,2023Q1,전기전자:2023Q1,,3,3,False,False,True,False,True,,3.0,0.0,0.0,1.0,0.0,4.0,4.0
2023Q4,2023-12-31,창원,국가,전기전자,,28777.0,,75.58760597291217,592.0,559.0,,18.370285056147416,False,True,False,True,0,kicox_annual_revision,kicox_annual_revision,kicox_annual_revision,kicox_annual_revision,kicox_annual_revision,1,1,1,1,1,1,0,0,0,0,0,0,0,0,0,보정본: 월별 비공개(X) 포함 -> 분기 결측,보정본: 월별: 분기말 값,보정본: 월별 단순평균(근사),보정본: 월별: 분기말 값,보정본: 월별: 분기말 값,215,True,False,False,26050.990760750003,True,False,False,False,False,False,False,current_missing,24311.0,False,False,False,False,False,False,True,valid,570.0,False,False,False,False,False,False,3.8596491228070073,True,True,valid,545.0,False,False,False,False,False,False,2.5688073394495303,True,True,valid,True,False,current_missing;valid,False,,,,0.2535172802635868,0.9442567567567568,0,False,False,False,INVALID,False,S1,S1,S1,,,,,,False,False,False,False,False,,3.0,0.0,0.0,0.0,0.0,3.0,4.0
2024Q1,2024-03-31,창원,국가,전기전자,35508.87570375001,29221.0,,74.82780376119773,593.0,556.0,9.120228384459782,1.4195474108010586,True,True,True,False,0,kicox_annual_revision,kicox_annual_revision,kicox_annual_revision,kicox_annual_revision,kicox_annual_revision,1,1,1,1,1,0,0,0,0,0,0,0,0,0,0,보정본: 월별 3개월 합,보정본: 월별: 분기말 값,보정본: 월별 단순평균(근사),보정본: 월별: 분기말 값,보정본: 월별: 분기말 값,216,True,False,False,32541.05698775,False,False,False,False,False,False,True,valid,28812.0,False,False,False,False,False,False,True,valid,577.0,False,False,False,False,False,False,2.772963604852685,True,True,valid,544.0,False,False,False,False,False,False,2.2058823529411686,True,True,valid,False,False,,False,,,0.25290893904901235,0.25634255035441084,0.9376053962900506,0,True,False,False,S1,True,INVALID,S1,S1,2024Q1,전기전자:2024Q1,S1->S1,1,2,True,True,False,True,False,False,3.0,0.0,0.0,0.0,0.0,3.0,4.0
2024Q2,2024-06-30,창원,국가,전기전자,34875.72381375001,29445.0,75.62382840608421,,615.0,562.0,5.154444166314365,2.688847039129527,True,True,True,False,0,kicox_annual_revision,kicox_annual_revision,kicox_annual_revision,kicox_annual_revision,kicox_annual_revision,1,1,1,1,1,0,0,0,0,0,0,0,0,0,0,보정본: 분기공표,보정본: 분기공표,보정본: 분기공표,보정본: 분기공표,보정본: 분기공표,217,True,False,False,33166.19101575,False,False,False,False,False,False,True,valid,28674.0,False,False,False,False,False,False,True,valid,587.0,False,False,False,False,False,False,4.7700170357751315,True,True,valid,554.0,False,False,False,False,False,False,1.4440433212996373,True,True,valid,False,False,,True,,,0.2363128284843884,0.2531836043302178,0.9138211382113821,0,True,False,False,S1,True,S1,S1,S3,2024Q1,전기전자:2024Q1,S1->S3,2,2,True,True,True,True,False,True,3.0,0.0,0.0,0.0,0.0,3.0,4.0
2024Q3,2024-09-30,창원,국가,전기전자,33573.62280075,29232.0,74.87957485472695,,624.0,574.0,-2.4243097007057735,1.3943808532778323,True,True,True,False,0,kicox_annual_revision,kicox_annual_revision,kicox_annual_revision,kicox_annual_revision,kicox_annual_revision,1,1,1,1,1,0,0,0,0,0,0,0,0,0,0,보정본: 분기공표,"보정본으로 대체(이전 무효: 업종별 117,705 != 단지 전체 120,217 (2.09%) + 원파일 중복 -> 업종별 무효)",보정본: 분기공표,보정본: 분기공표,보정본: 분기공표,218,True,False,False,34407.77379875,False,False,False,False,False,False,True,valid,28830.0,False,False,False,False,False,False,True,valid,589.0,False,False,False,False,False,False,5.942275042444822,True,True,valid,555.0,False,False,False,False,False,False,3.423423423423433,True,True,valid,False,False,,True,-0.7442535513572608,,0.22956671858688793,0.25106499931290366,0.9198717948717948,0,True,False,False,S3,True,S1,S1,INVALID,2024Q3,전기전자:2024Q3,,1,1,False,False,True,False,True,,2.0,0.0,1.0,0.0,0.0,3.0,4.0
2024Q4,2024-12-31,창원,국가,전기전자,34606.54549375001,29392.0,71.1807665205039,,634.0,580.0,,2.137123397157459,False,True,False,False,0,kicox_annual_revision,kicox_annual_revision,kicox_annual_revision,kicox_annual_revision,kicox_annual_revision,1,1,1,1,1,0,0,0,0,0,0,0,0,0,0,보정본: 분기공표,보정본: 분기공표,보정본: 분기공표,보정본: 분기공표,보정본: 분기공표,219,True,False,False,,False,True,False,False,False,False,False,lag4_missing,28777.0,False,False,False,False,False,False,True,valid,592.0,False,False,False,False,False,False,7.094594594594605,True,True,valid,559.0,False,False,False,False,False,False,3.75670840787119,True,True,valid,False,False,lag4_missing;valid,True,-3.6988083342230595,,0.21872941262965964,0.2565328957704191,0.9148264984227129,0,False,False,False,INVALID,False,S3,S3,S2,,,,,,False,False,False,False,False,,2.0,0.0,1.0,0.0,0.0,3.0,4.0
2025Q1,2025-03-31,창원,국가,전기전자,37044.858888888906,28314.0,79.32350370517987,,633.0,573.0,4.325631703897304,-3.1039321036241074,True,True,True,False,0,kicox_annual_revision,kicox_annual_revision,kicox_annual_revision,kicox_annual_revision,kicox_annual_revision,1,1,1,1,1,0,0,0,0,0,0,0,0,0,0,보정본: 분기공표,보정본: 분기공표,보정본: 분기공표,보정본: 분기공표,보정본: 분기공표,220,True,False,False,35508.87570375001,False,False,False,False,False,False,True,valid,29221.0,False,False,False,False,False,False,True,valid,593.0,False,False,False,False,False,False,6.745362563237767,True,True,valid,556.0,False,False,False,False,False,False,3.0575539568345356,True,True,valid,False,False,,True,8.14273718467598,,0.2466730761668729,0.24218629715165513,0.9052132701421801,0,True,False,False,S2,True,INVALID,S3,S4,2025Q1,전기전자:2025Q1,S2->S4,1,1,True,True,False,True,False,True,1.0,1.0,1.0,0.0,0.0,3.0,4.0
2025Q2,2025-06-30,창원,국가,전기전자,33655.73,28095.0,77.02966456,,639.0,571.0,-3.498117545216406,-4.584819154355579,True,True,True,False,0,data_portal_quarterly,data_portal_quarterly,data_portal_quarterly,data_portal_quarterly,data_portal_quarterly,0,0,0,0,0,0,0,0,0,0,0,0,0,0,0,분기공표,분기공표,분기공표,분기공표,분기공표,221,True,False,False,34875.72381375001,False,False,False,False,False,False,True,valid,29445.0,False,False,False,False,False,False,True,valid,615.0,False,False,False,False,False,False,3.9024390243902474,True,True,valid,562.0,False,False,False,False,False,False,1.6014234875444844,True,True,valid,False,False,,True,-2.2938391451798736,1.4058361539157858,0.21409968849323682,0.23577147077088334,0.8935837245696401,0,True,False,False,S4,True,S2,S2,S4,2025Q2,전기전자:2025Q2,S4->S4,1,2,True,True,True,False,False,False,0.0,1.0,1.0,1.0,0.0,3.0,4.0
2025Q3,2025-09-30,창원,국가,전기전자,33382.45889,28099.0,76.23409537,,634.0,572.0,-0.5693871998398992,-3.875889436234259,True,True,True,False,0,data_portal_quarterly,data_portal_quarterly,data_portal_quarterly,data_portal_quarterly,data_portal_quarterly,0,0,0,0,0,0,0,0,0,0,0,0,0,0,0,분기공표,분기공표,분기공표,분기공표,분기공표,222,True,False,False,33573.62280075,False,False,False,False,False,False,True,valid,29232.0,False,False,False,False,False,False,True,valid,624.0,False,False,False,False,False,False,1.6025641025640969,True,True,valid,574.0,False,False,False,False,False,False,-0.34843205574912606,True,True,valid,False,False,,True,-0.7955691899999948,1.3545205152730517,0.22411646450677958,0.24091602791638803,0.9022082018927445,0,True,False,False,S4,True,S4,S4,S2,2025Q2,전기전자:2025Q2,S4->S2,2,2,True,True,True,False,False,True,0.0,1.0,0.0,2.0,0.0,3.0,4.0
2025Q4,2025-12-31,창원,국가,전기전자,34806.42444,28002.0,77.90497477,,645.0,579.0,0.5775755522494652,-4.729178007621126,True,True,True,False,0,data_portal_quarterly,data_portal_quarterly,data_portal_quarterly,data_portal_quarterly,data_portal_quarterly,0,0,0,0,0,0,0,0,0,0,0,0,0,0,0,분기공표,분기공표,분기공표,분기공표,분기공표,223,True,False,False,34606.54549375001,False,False,False,False,False,False,True,valid,29392.0,False,False,False,False,False,False,True,valid,634.0,False,False,False,False,False,False,1.7350157728706517,True,True,valid,580.0,False,False,False,False,False,False,-0.17241379310344307,True,True,valid,False,False,,True,1.6708793999999898,6.724208249496101,0.22702300478440426,0.24255285975382643,0.8976744186046511,0,True,False,False,S2,True,S4,S4,S4,2025Q4,전기전자:2025Q4,S2->S4,1,1,True,True,True,False,False,True,0.0,2.0,0.0,2.0,0.0,4.0,4.0
2026Q1,2026-03-31,창원,국가,전기전자,34433.41222222222,27944.0,76.60542630167004,,647.0,589.0,-7.049417233574484,-1.3067740340467648,True,True,True,False,0,kicox_annual_revision,kicox_annual_revision,kicox_annual_revision,kicox_annual_revision,kicox_annual_revision,1,1,1,1,1,0,0,0,0,0,0,0,0,0,0,보정본: 분기공표,보정본: 분기공표,보정본: 분기공표,보정본: 분기공표,보정본: 분기공표,224,True,False,False,37044.858888888906,False,False,False,False,False,False,True,valid,28314.0,False,False,False,False,False,False,True,valid,633.0,False,False,False,False,False,False,2.211690363349139,True,True,valid,573.0,False,False,False,False,False,False,2.7923211169284423,True,True,valid,False,False,,True,-1.2995484683299594,-2.718077403509838,0.21960858301068367,0.24310757318717646,0.910355486862442,0,True,False,False,S4,True,S2,S2,S2,2026Q1,전기전자:2026Q1,S4->S2,1,1,True,True,True,False,False,True,0.0,1.0,0.0,3.0,0.0,4.0,4.0
2026Q2,2026-06-30,창원,국가,전기전자,34563.72,27979.0,76.6519761263072,,651.0,590.0,2.697876409158262,-0.4128848549563968,True,True,True,False,0,kicox_annual_revision,kicox_annual_revision,kicox_annual_revision,kicox_annual_revision,kicox_annual_revision,1,1,1,1,1,0,0,0,0,0,0,0,0,0,0,보정본: 분기공표,보정본: 분기공표,보정본: 분기공표,보정본: 분기공표,보정본: 분기공표,225,True,False,False,33655.73,False,False,False,False,False,False,True,valid,28095.0,False,False,False,False,False,False,True,valid,639.0,False,False,False,False,False,False,1.8779342723004744,True,True,valid,571.0,False,False,False,False,False,False,3.327495621716281,True,True,valid,False,False,,True,0.04654982463716806,-0.37768843369279637,0.21902464125114363,0.24365583906644606,0.9062980030721967,0,True,False,False,S2,True,S4,S4,,2026Q2,전기전자:2026Q2,,1,1,False,False,True,False,True,,0.0,2.0,0.0,2.0,0.0,4.0,4.0
2018Q1,2018-03-31,창원,국가,철강,7022.0,3782.0,,74.4,79.0,77.0,,,False,False,False,False,0,data_portal_monthly,data_portal_monthly,data_portal_monthly,data_portal_monthly,data_portal_monthly,0,0,0,0,0,0,0,0,0,0,0,0,0,0,0,월별 3개월 합,월별: 분기말 값,월별 단순평균(근사),월별: 분기말 값,월별: 분기말 값,192,False,False,False,,False,True,True,False,False,False,False,lag4_not_observed,,False,True,True,False,False,False,False,lag4_not_observed,,False,True,True,False,False,False,,False,False,lag4_not_observed,,False,True,True,False,False,False,,False,False,lag4_not_observed,False,False,lag4_not_observed;lag4_not_observed,False,,,0.05142589310562008,0.03008918555528152,0.9746835443037974,0,False,False,False,INVALID,False,,,INVALID,,,,,,False,False,False,False,False,,0.0,0.0,0.0,0.0,0.0,0.0,1.0
2018Q2,2018-06-30,창원,국가,철강,6444.0,3699.0,,69.8,80.0,79.0,,,False,False,False,False,0,data_portal_monthly,data_portal_monthly,data_portal_monthly,data_portal_monthly,data_portal_monthly,0,0,0,0,0,0,0,0,0,0,0,0,0,0,0,월별 3개월 합,월별: 분기말 값,월별 단순평균(근사),월별: 분기말 값,월별: 분기말 값,193,False,False,False,,False,True,True,False,False,False,False,lag4_not_observed,,False,True,True,False,False,False,False,lag4_not_observed,,False,True,True,False,False,False,,False,False,lag4_not_observed,,False,True,True,False,False,False,,False,False,lag4_not_observed,False,False,lag4_not_observed;lag4_not_observed,False,,,0.047559301518886446,0.029391432862148698,0.9875,0,False,False,False,INVALID,False,INVALID,,INVALID,,,,,,False,False,False,False,False,,0.0,0.0,0.0,0.0,0.0,0.0,2.0
2018Q3,2018-09-30,창원,국가,철강,9414.0,5762.0,,72.9,80.0,79.0,,,False,False,False,False,0,data_portal_monthly,data_portal_monthly,data_portal_monthly,data_portal_monthly,data_portal_monthly,0,0,0,0,0,0,0,0,0,0,0,0,0,0,0,월별 3개월 합,월별: 분기말 값,월별 단순평균(근사),월별: 분기말 값,월별: 분기말 값,194,False,False,False,,False,True,True,False,False,False,False,lag4_not_observed,,False,True,True,False,False,False,False,lag4_not_observed,,False,True,True,False,False,False,,False,False,lag4_not_observed,,False,True,True,False,False,False,,False,False,lag4_not_observed,False,False,lag4_not_observed;lag4_not_observed,False,,,0.0757781874089398,0.04652289407604176,0.9875,0,False,False,False,INVALID,False,INVALID,,INVALID,,,,,,False,False,False,False,False,,0.0,0.0,0.0,0.0,0.0,0.0,3.0
2018Q4,2018-12-31,창원,국가,철강,11621.0,5738.0,,73.7,78.0,78.0,,,False,False,False,True,1,data_portal_monthly,data_portal_monthly,data_portal_monthly,data_portal_monthly,data_portal_monthly,0,0,0,0,0,0,0,0,0,0,0,0,0,0,0,월별 3개월 합,월별: 분기말 값,월별 단순평균(근사),월별: 분기말 값,월별: 분기말 값,195,False,True,False,,False,True,True,False,False,True,False,lag4_not_observed|classification_comparison_risk,,False,True,True,False,False,True,False,lag4_not_observed|classification_comparison_risk,,False,True,True,False,False,True,,False,False,lag4_not_observed|classification_comparison_risk,,False,True,True,False,False,True,,False,False,lag4_not_observed|classification_comparison_risk,False,True,lag4_not_observed|classification_comparison_risk;lag4_not_observed|classification_comparison_risk,False,,,0.10886998557268929,0.04648939445497707,1.0,0,False,False,False,INVALID,False,INVALID,,INVALID,,,,,,False,False,False,False,False,,0.0,0.0,0.0,0.0,0.0,0.0,4.0
2019Q1,2019-03-31,창원,국가,철강,11240.0,5584.0,,74.0,77.0,76.0,60.06835659356309,47.6467477525119,False,False,False,True,0,data_portal_monthly,data_portal_monthly,data_portal_monthly,data_portal_monthly,data_portal_monthly,0,0,0,0,0,0,0,0,0,0,0,0,0,0,0,월별 3개월 합,월별: 분기말 값,월별 단순평균(근사),월별: 분기말 값,월별: 분기말 값,196,False,False,False,7022.0,False,False,False,False,False,True,True,classification_comparison_risk,3782.0,False,False,False,False,False,True,True,classification_comparison_risk,79.0,False,False,False,False,False,True,-2.5316455696202556,True,False,classification_comparison_risk,77.0,False,False,False,False,False,True,-1.2987012987012991,True,False,classification_comparison_risk,False,True,classification_comparison_risk;classification_comparison_risk,False,,,0.11614089833538267,0.04547638632125028,0.987012987012987,0,False,False,False,INVALID,False,INVALID,,INVALID,,,,,,False,False,False,False,False,,0.0,0.0,0.0,0.0,0.0,0.0,4.0
2019Q2,2019-06-30,창원,국가,철강,11277.0,5590.0,,72.7,76.0,75.0,75.0,51.12192484455258,False,False,False,True,0,data_portal_monthly,data_portal_monthly,data_portal_monthly,data_portal_monthly,data_portal_monthly,0,0,0,0,0,0,0,0,0,0,0,0,0,0,0,월별 3개월 합,월별: 분기말 값,월별 단순평균(근사),월별: 분기말 값,월별: 분기말 값,197,False,False,False,6444.0,False,False,False,False,False,True,True,classification_comparison_risk,3699.0,False,False,False,False,False,True,True,classification_comparison_risk,80.0,False,False,False,False,False,True,-5.000000000000004,True,False,classification_comparison_risk,79.0,False,False,False,False,False,True,-5.063291139240511,True,False,classification_comparison_risk,False,True,classification_comparison_risk;classification_comparison_risk,False,,,0.11143390744967836,0.045554188296077776,0.9868421052631579,0,False,False,False,INVALID,False,INVALID,,INVALID,,,,,,False,False,False,False,False,,0.0,0.0,0.0,0.0,0.0,0.0,4.0
2019Q3,2019-09-30,창원,국가,철강,11098.0,5422.0,,70.8,74.0,73.0,17.88825154025919,-5.900728913571673,False,False,False,True,0,data_portal_monthly,data_portal_monthly,data_portal_monthly,data_portal_monthly,data_portal_monthly,0,0,0,0,0,0,0,0,0,0,0,0,0,0,0,월별 3개월 합,월별: 분기말 값,월별 단순평균(근사),월별: 분기말 값,월별: 분기말 값,198,False,False,False,9414.0,False,False,False,False,False,True,True,classification_comparison_risk,5762.0,False,False,False,False,False,True,True,classification_comparison_risk,80.0,False,False,False,False,False,True,-7.499999999999996,True,False,classification_comparison_risk,79.0,False,False,False,False,False,True,-7.594936708860756,True,False,classification_comparison_risk,False,True,classification_comparison_risk;classification_comparison_risk,False,,,0.11854937777065641,0.044376785261210826,0.9864864864864865,0,False,False,False,INVALID,False,INVALID,,S2,,,,,,False,False,False,False,False,,0.0,0.0,0.0,0.0,0.0,0.0,4.0
2019Q4,2019-12-31,창원,국가,철강,12661.0,5423.0,,75.6,76.0,75.0,8.94931589364083,-5.489717671662597,True,True,True,False,0,data_portal_monthly,data_portal_monthly,data_portal_monthly,data_portal_monthly,data_portal_monthly,0,0,0,0,0,0,0,0,0,0,0,0,0,0,0,월별 3개월 합,월별: 분기말 값,월별 단순평균(근사),월별: 분기말 값,월별: 분기말 값,199,False,False,False,11621.0,False,False,False,False,False,False,True,valid,5738.0,False,False,False,False,False,False,True,valid,78.0,False,False,False,False,False,False,-2.564102564102566,True,True,valid,78.0,False,False,False,False,False,False,-3.8461538461538436,True,True,valid,False,False,,False,,,0.1261394996662449,0.04421020022174395,0.9868421052631579,0,True,False,False,S2,True,INVALID,,S2,2019Q4,철강:2019Q4,S2->S2,1,3,True,True,False,True,True,False,0.0,1.0,0.0,0.0,0.0,1.0,4.0
2020Q1,2020-03-31,창원,국가,철강,12716.0,5396.0,,76.4,76.0,74.0,13.131672597864764,-3.3667621776504286,True,True,True,False,0,data_portal_monthly,data_portal_monthly,data_portal_monthly,data_portal_monthly,data_portal_monthly,0,0,0,0,0,0,0,0,0,0,0,0,0,0,0,월별 3개월 합,월별: 분기말 값,월별 단순평균(근사),월별: 분기말 값,월별: 분기말 값,200,False,False,False,11240.0,False,False,False,False,False,False,True,valid,5584.0,False,False,False,False,False,False,True,valid,77.0,False,False,False,False,False,False,-1.2987012987012991,True,True,valid,76.0,False,False,False,False,False,False,-2.631578947368418,True,True,valid,False,False,,False,,,0.11932511307546496,0.04335564322387292,0.9736842105263158,0,True,False,False,S2,True,S2,S2,S2,2019Q4,철강:2019Q4,S2->S2,2,3,True,True,True,True,True,False,0.0,2.0,0.0,0.0,0.0,2.0,4.0
2020Q2,2020-06-30,창원,국가,철강,12456.0,5322.0,,73.0,76.0,75.0,10.454908220271353,-4.794275491949906,True,True,True,False,0,data_portal_monthly,data_portal_monthly,data_portal_monthly,data_portal_monthly,data_portal_monthly,0,0,0,0,0,0,0,0,0,0,0,0,0,0,0,월별 3개월 합,월별: 분기말 값,월별 단순평균(근사),월별: 분기말 값,월별: 분기말 값,201,False,False,False,11277.0,False,False,False,False,False,False,True,valid,5590.0,False,False,False,False,False,False,True,valid,76.0,False,False,False,False,False,False,0.0,True,True,valid,75.0,False,False,False,False,False,False,0.0,True,True,valid,False,False,,False,,,0.12322912544519193,0.04355618846522134,0.9868421052631579,0,True,False,False,S2,True,S2,S2,INVALID,2019Q4,철강:2019Q4,,3,3,False,False,True,True,True,,0.0,3.0,0.0,0.0,0.0,3.0,4.0
2020Q3,2020-09-30,창원,국가,철강,13047.0,5343.0,,79.2,76.0,75.0,17.561722832942884,-1.4570269273330827,False,False,False,True,1,data_portal_monthly,data_portal_monthly,data_portal_monthly,data_portal_monthly,data_portal_monthly,0,0,0,0,0,0,0,0,0,0,0,0,0,0,0,월별 3개월 합,월별: 분기말 값,월별 단순평균(근사),월별: 분기말 값,월별: 분기말 값,202,False,True,False,11098.0,False,False,False,False,False,True,True,classification_comparison_risk,5422.0,False,False,False,False,False,True,True,classification_comparison_risk,74.0,False,False,False,False,False,True,2.7027027027026973,True,False,classification_comparison_risk,73.0,False,False,False,False,False,True,2.7397260273972712,True,False,classification_comparison_risk,False,True,classification_comparison_risk;classification_comparison_risk,False,,,0.12629347478873648,0.044114004524513285,0.9868421052631579,0,False,False,False,INVALID,False,S2,S2,INVALID,,,,,,False,False,False,False,False,,0.0,3.0,0.0,0.0,0.0,3.0,4.0
2020Q4,2020-12-31,창원,국가,철강,14640.0,9491.0,,86.5,74.0,73.0,15.630676881762895,75.01382998340402,False,False,False,True,0,data_portal_monthly,data_portal_monthly,data_portal_monthly,data_portal_monthly,data_portal_monthly,0,0,0,0,0,0,0,0,0,0,0,0,0,0,0,월별 3개월 합,월별: 분기말 값,월별 단순평균(근사),월별: 분기말 값,월별: 분기말 값,203,False,False,False,12661.0,False,False,False,False,False,True,True,classification_comparison_risk,5423.0,False,False,False,False,False,True,True,classification_comparison_risk,76.0,False,False,False,False,False,True,-2.631578947368418,True,False,classification_comparison_risk,75.0,False,False,False,False,False,True,-2.6666666666666616,True,False,classification_comparison_risk,False,True,classification_comparison_risk;classification_comparison_risk,False,,,0.13765608545208366,0.08039745533710006,0.9864864864864865,0,False,False,False,INVALID,False,INVALID,S2,INVALID,,,,,,False,False,False,False,False,,0.0,2.0,0.0,0.0,0.0,2.0,4.0
2021Q1,2021-03-31,창원,국가,철강,13751.96,9404.0,,79.37359069,76.0,73.0,8.146901541365192,74.27724240177909,False,False,False,True,0,data_portal_monthly,data_portal_monthly,data_portal_monthly,data_portal_monthly,data_portal_monthly,0,0,0,0,0,0,0,0,0,0,0,0,0,0,0,월별 3개월 합,월별: 분기말 값,월별 단순평균(근사),월별: 분기말 값,월별: 분기말 값,204,False,False,False,12716.0,False,False,False,False,False,True,True,classification_comparison_risk,5396.0,False,False,False,False,False,True,True,classification_comparison_risk,76.0,False,False,False,False,False,True,0.0,True,False,classification_comparison_risk,74.0,False,False,False,False,False,True,-1.3513513513513487,True,False,classification_comparison_risk,False,True,classification_comparison_risk;classification_comparison_risk,False,,,0.12994346225688452,0.08036645187755312,0.9605263157894737,0,False,False,False,INVALID,False,INVALID,S2,INVALID,,,,,,False,False,False,False,False,,0.0,1.0,0.0,0.0,0.0,1.0,4.0
2021Q2,2021-06-30,창원,국가,철강,15842.77,9387.0,,80.52590019,78.0,75.0,27.18986833654464,76.38105975197294,False,False,False,True,0,data_portal_monthly,data_portal_monthly,data_portal_monthly,data_portal_monthly,data_portal_monthly,0,0,0,0,0,0,0,0,0,0,0,0,0,0,0,월별 3개월 합,월별: 분기말 값,월별 단순평균(근사),월별: 분기말 값,월별: 분기말 값,205,False,False,False,12456.0,False,False,False,False,False,True,True,classification_comparison_risk,5322.0,False,False,False,False,False,True,True,classification_comparison_risk,76.0,False,False,False,False,False,True,2.6315789473684292,True,False,classification_comparison_risk,75.0,False,False,False,False,False,True,0.0,True,False,classification_comparison_risk,False,True,classification_comparison_risk;classification_comparison_risk,False,,,0.14010387821607834,0.08028703877931542,0.9615384615384616,0,False,False,False,INVALID,False,INVALID,S2,INVALID,,,,,,False,False,False,False,False,,0.0,0.0,0.0,0.0,0.0,0.0,4.0
2021Q3,2021-09-30,창원,국가,철강,16108.686667,9436.0,,73.5071671,78.0,75.0,23.46659513298077,76.60490361220289,False,True,False,True,0,data_portal_monthly,data_portal_monthly,data_portal_monthly,data_portal_monthly,data_portal_monthly,0,0,0,0,0,0,0,0,0,0,0,0,0,0,0,월별 3개월 합,월별: 분기말 값,월별 단순평균(근사),월별: 분기말 값,월별: 분기말 값,206,False,False,False,13047.0,False,False,False,False,False,True,True,classification_comparison_risk,5343.0,False,False,False,False,False,False,True,valid,76.0,False,False,False,False,False,False,2.6315789473684292,True,True,valid,75.0,False,False,False,False,False,False,0.0,True,True,valid,False,True,classification_comparison_risk;valid,False,,,0.1429214205916004,0.08138341455000216,0.9615384615384616,0,False,False,False,INVALID,False,INVALID,S2,S2,,,,,,False,False,False,False,False,,0.0,0.0,0.0,0.0,0.0,0.0,4.0
2021Q4,2021-12-31,창원,국가,철강,18098.580001,9443.0,,83.3513943,79.0,75.0,23.62418033469944,-0.5057422821620472,True,True,True,False,0,data_portal_monthly,data_portal_monthly,data_portal_monthly,data_portal_monthly,data_portal_monthly,0,0,0,0,0,0,0,0,0,0,0,0,0,0,0,월별 3개월 합,월별: 분기말 값,월별 단순평균(근사),월별: 분기말 값,월별: 분기말 값,207,False,False,False,14640.0,False,False,False,False,False,False,True,valid,9491.0,False,False,False,False,False,False,True,valid,74.0,False,False,False,False,False,False,6.756756756756754,True,True,valid,73.0,False,False,False,False,False,False,2.7397260273972712,True,True,valid,False,False,,False,,,0.14731262551008847,0.08160637433672675,0.9493670886075949,0,True,False,False,S2,True,INVALID,S2,S1,2021Q4,철강:2021Q4,S2->S1,1,1,True,True,False,True,False,True,0.0,1.0,0.0,0.0,0.0,1.0,4.0
2022Q1,2022-03-31,창원,국가,철강,18189.790001,9525.0,,85.41205661,79.0,75.0,32.270527263022885,1.286686516376001,True,True,True,False,0,data_portal_monthly,data_portal_monthly,data_portal_monthly,data_portal_monthly,data_portal_monthly,0,0,0,0,0,0,0,0,0,0,0,0,0,0,0,월별 3개월 합,월별: 분기말 값,월별 단순평균(근사),월별: 분기말 값,월별: 분기말 값,208,True,False,False,13751.96,False,False,False,False,False,False,True,valid,9404.0,False,False,False,False,False,False,True,valid,76.0,False,False,False,False,False,False,3.9473684210526327,True,True,valid,73.0,False,False,False,False,False,False,2.7397260273972712,True,True,valid,False,False,,False,,,0.14674145553280457,0.08120619980561665,0.9493670886075949,0,True,False,False,S1,True,S2,S2,S1,2022Q1,철강:2022Q1,S1->S1,1,3,True,True,True,False,False,False,1.0,1.0,0.0,0.0,0.0,2.0,4.0
2022Q2,2022-06-30,창원,국가,철강,20095.32,9475.0,,81.38437066,79.0,75.0,26.842212567625488,0.9374667092787892,True,True,True,False,0,data_portal_monthly,data_portal_monthly,data_portal_monthly,data_portal_monthly,data_portal_monthly,0,0,0,0,0,0,0,0,0,0,0,0,0,0,0,월별 3개월 합,월별: 분기말 값,월별 단순평균(근사),월별: 분기말 값,월별: 분기말 값,209,True,False,False,15842.77,False,False,False,False,False,False,True,valid,9387.0,False,False,False,False,False,False,True,valid,78.0,False,False,False,False,False,False,1.2820512820512775,True,True,valid,75.0,False,False,False,False,False,False,0.0,True,True,valid,False,False,,False,,,0.15758026614663398,0.08108825140353279,0.9493670886075949,0,True,False,False,S1,True,S1,S1,S1,2022Q1,철강:2022Q1,S1->S1,2,3,True,True,True,False,False,False,2.0,1.0,0.0,0.0,0.0,3.0,4.0
2022Q3,2022-09-30,창원,국가,철강,17584.4,9443.0,,69.31380158,80.0,75.0,9.160978567067946,0.07418397626113293,True,True,True,False,0,data_portal_monthly,data_portal_monthly,data_portal_monthly,data_portal_monthly,data_portal_monthly,0,0,0,0,0,0,0,0,0,0,0,0,0,0,0,월별 3개월 합,월별: 분기말 값,월별 단순평균(근사),월별: 분기말 값,월별: 분기말 값,210,True,False,False,16108.686667,False,False,False,False,False,False,True,valid,9436.0,False,False,False,False,False,False,True,valid,78.0,False,False,False,False,False,False,2.564102564102555,True,True,valid,75.0,False,False,False,False,False,False,0.0,True,True,valid,False,False,,False,,,0.14101653478682538,0.08163106527546055,0.9375,0,True,False,False,S1,True,S1,S1,S4,2022Q1,철강:2022Q1,S1->S4,3,3,True,True,True,False,False,True,3.0,1.0,0.0,0.0,0.0,4.0,4.0
2022Q4,2022-12-31,창원,국가,철강,15341.4745,9158.0,,81.01602545241803,79.0,74.0,-15.233822216149884,-3.0181086519114664,True,True,True,False,0,kicox_annual_revision,kicox_annual_revision,kicox_annual_revision,kicox_annual_revision,kicox_annual_revision,1,1,1,1,1,0,0,0,0,0,0,0,0,0,0,보정본: 월별 3개월 합,보정본: 월별: 분기말 값,보정본: 월별 단순평균(근사),보정본: 월별: 분기말 값,보정본: 월별: 분기말 값,211,True,False,False,18098.580001,False,False,False,False,False,False,True,valid,9443.0,False,False,False,False,False,False,True,valid,79.0,False,False,False,False,False,False,0.0,True,True,valid,75.0,False,False,False,False,False,False,-1.3333333333333308,True,True,valid,False,False,,False,,,0.12238091282509313,0.08152546446725362,0.9367088607594937,0,True,False,False,S4,True,S1,S1,S4,2022Q4,철강:2022Q4,S4->S4,1,4,True,True,True,False,True,False,3.0,0.0,0.0,1.0,0.0,4.0,4.0
2023Q1,2023-03-31,창원,국가,철강,16124.712499999998,9115.0,,90.27035056580856,80.0,75.0,-11.352948554581854,-4.304461942257221,True,True,True,False,0,kicox_annual_revision,kicox_annual_revision,kicox_annual_revision,kicox_annual_revision,kicox_annual_revision,1,1,1,1,1,0,0,0,0,0,0,0,0,0,0,보정본: 월별 3개월 합,보정본: 월별: 분기말 값,보정본: 월별 단순평균(근사),보정본: 월별: 분기말 값,보정본: 월별: 분기말 값,212,True,False,False,18189.790001,False,False,False,False,False,False,True,valid,9525.0,False,False,False,False,False,False,True,valid,79.0,False,False,False,False,False,False,1.2658227848101333,True,True,valid,75.0,False,False,False,False,False,False,0.0,True,True,valid,False,False,,False,,,0.12272390620139309,0.0801508929592079,0.9375,0,True,False,False,S4,True,S4,S4,S4,2022Q4,철강:2022Q4,S4->S4,2,4,True,True,True,False,True,False,2.0,0.0,0.0,2.0,0.0,4.0,4.0
2023Q2,2023-06-30,창원,국가,철강,17383.534499999998,9192.0,,88.67485291161101,79.0,75.0,-13.494612178357956,-2.9868073878628,True,True,True,False,0,kicox_annual_revision,kicox_annual_revision,kicox_annual_revision,kicox_annual_revision,kicox_annual_revision,1,1,1,1,1,0,0,0,0,0,0,0,0,0,0,보정본: 월별 3개월 합,보정본: 월별: 분기말 값,보정본: 월별 단순평균(근사),보정본: 월별: 분기말 값,보정본: 월별: 분기말 값,213,True,False,False,20095.32,False,False,False,False,False,False,True,valid,9475.0,False,False,False,False,False,False,True,valid,79.0,False,False,False,False,False,False,0.0,True,True,valid,75.0,False,False,False,False,False,False,0.0,True,True,valid,False,False,,False,,,0.12397308266505357,0.08108680310515173,0.9493670886075949,0,True,False,False,S4,True,S4,S4,S4,2022Q4,철강:2022Q4,S4->S4,3,4,True,True,True,False,True,False,1.0,0.0,0.0,3.0,0.0,4.0,4.0
2023Q3,2023-09-30,창원,국가,철강,15843.7605,9191.0,,71.41515073201658,80.0,75.0,-9.898771069811884,-2.6686434395848724,True,True,True,False,0,kicox_annual_revision,kicox_annual_revision,kicox_annual_revision,kicox_annual_revision,kicox_annual_revision,1,1,1,1,1,0,0,0,0,0,0,0,0,0,0,보정본: 월별 3개월 합,보정본: 월별: 분기말 값,보정본: 월별 단순평균(근사),보정본: 월별: 분기말 값,보정본: 월별: 분기말 값,214,True,False,False,17584.4,False,False,False,False,False,False,True,valid,9443.0,False,False,False,False,False,False,True,valid,80.0,False,False,False,False,False,False,0.0,True,True,valid,75.0,False,False,False,False,False,False,0.0,True,True,valid,False,False,,False,,,0.11562613363815634,0.08098653602142958,0.9375,0,True,False,False,S4,True,S4,S4,INVALID,2022Q4,철강:2022Q4,,4,4,False,False,True,False,True,,0.0,0.0,0.0,4.0,0.0,4.0,4.0
2023Q4,2023-12-31,창원,국가,철강,,9184.0,,67.41598136385112,81.0,75.0,,0.2839047827036367,False,True,False,False,0,kicox_annual_revision,kicox_annual_revision,kicox_annual_revision,kicox_annual_revision,kicox_annual_revision,1,1,1,1,1,1,0,0,0,0,0,0,0,0,0,보정본: 월별 비공개(X) 포함 -> 분기 결측,보정본: 월별: 분기말 값,보정본: 월별 단순평균(근사),보정본: 월별: 분기말 값,보정본: 월별: 분기말 값,215,True,False,False,15341.4745,True,False,False,False,False,False,False,current_missing,9158.0,False,False,False,False,False,False,True,valid,79.0,False,False,False,False,False,False,2.5316455696202445,True,True,valid,74.0,False,False,False,False,False,False,1.3513513513513598,True,True,valid,True,False,current_missing;valid,False,,,,0.08090845821109849,0.9259259259259259,0,False,False,False,INVALID,False,S4,S4,S3,,,,,,False,False,False,False,False,,0.0,0.0,0.0,3.0,0.0,3.0,4.0
2024Q1,2024-03-31,창원,국가,철강,14707.2125,9313.0,,67.80483980236379,78.0,73.0,-8.790854410582504,2.1722435545803664,True,True,True,False,0,kicox_annual_revision,kicox_annual_revision,kicox_annual_revision,kicox_annual_revision,kicox_annual_revision,1,1,1,1,1,0,0,0,0,0,0,0,0,0,0,보정본: 월별 3개월 합,보정본: 월별: 분기말 값,보정본: 월별 단순평균(근사),보정본: 월별: 분기말 값,보정본: 월별: 분기말 값,216,True,False,False,16124.712499999998,False,False,False,False,False,False,True,valid,9115.0,False,False,False,False,False,False,True,valid,80.0,False,False,False,False,False,False,-2.500000000000002,True,True,valid,75.0,False,False,False,False,False,False,-2.6666666666666616,True,True,valid,False,False,,False,,,0.10475086681920925,0.08169871569934732,0.9358974358974359,0,True,False,False,S3,True,INVALID,S4,S3,2024Q1,철강:2024Q1,S3->S3,1,3,True,True,False,True,True,False,0.0,0.0,1.0,2.0,0.0,3.0,4.0
2024Q2,2024-06-30,창원,국가,철강,15230.0545,9509.0,68.83932144017402,,79.0,74.0,-12.388044560212986,3.4486510008703286,True,True,True,False,0,kicox_annual_revision,kicox_annual_revision,kicox_annual_revision,kicox_annual_revision,kicox_annual_revision,1,1,1,1,1,0,0,0,0,0,0,0,0,0,0,보정본: 분기공표,보정본: 분기공표,보정본: 분기공표,보정본: 분기공표,보정본: 분기공표,217,True,False,False,17383.534499999998,False,False,False,False,False,False,True,valid,9192.0,False,False,False,False,False,False,True,valid,79.0,False,False,False,False,False,False,0.0,True,True,valid,75.0,False,False,False,False,False,False,-1.3333333333333308,True,True,valid,False,False,,True,,,0.10319663259425839,0.08176338575568147,0.9367088607594937,0,True,False,False,S3,True,S3,S3,S3,2024Q1,철강:2024Q1,S3->S3,2,3,True,True,True,True,True,False,0.0,0.0,2.0,1.0,0.0,3.0,4.0
2024Q3,2024-09-30,창원,국가,철강,13822.2445,9743.0,61.345881396169744,,80.0,74.0,-12.759066889454685,6.005875312806008,True,True,True,False,0,kicox_annual_revision,kicox_annual_revision,kicox_annual_revision,kicox_annual_revision,kicox_annual_revision,1,1,1,1,1,0,0,0,0,0,0,0,0,0,0,보정본: 분기공표,"보정본으로 대체(이전 무효: 업종별 117,705 != 단지 전체 120,217 (2.09%) + 원파일 중복 -> 업종별 무효)",보정본: 분기공표,보정본: 분기공표,보정본: 분기공표,218,True,False,False,15843.7605,False,False,False,False,False,False,True,valid,9191.0,False,False,False,False,False,False,True,valid,80.0,False,False,False,False,False,False,0.0,True,True,valid,75.0,False,False,False,False,False,False,-1.3333333333333308,True,True,valid,False,False,,True,-7.493440044004274,,0.09451250859051692,0.0836797444001649,0.925,0,True,False,False,S3,True,S3,S3,INVALID,2024Q1,철강:2024Q1,,3,3,False,False,True,True,True,,0.0,0.0,3.0,0.0,0.0,3.0,4.0
2024Q4,2024-12-31,창원,국가,철강,14687.109940000002,9737.0,65.23667062871093,,79.0,75.0,,6.021341463414642,False,True,False,False,0,kicox_annual_revision,kicox_annual_revision,kicox_annual_revision,kicox_annual_revision,kicox_annual_revision,1,1,1,1,1,0,0,0,0,0,0,0,0,0,0,보정본: 분기공표,보정본: 분기공표,보정본: 분기공표,보정본: 분기공표,보정본: 분기공표,219,True,False,False,,False,True,False,False,False,False,False,lag4_missing,9184.0,False,False,False,False,False,False,True,valid,81.0,False,False,False,False,False,False,-2.4691358024691357,True,True,valid,75.0,False,False,False,False,False,False,0.0,True,True,valid,False,False,lag4_missing;valid,True,3.890789232541181,,0.09282934440779761,0.08498437690924643,0.9493670886075949,0,False,False,False,INVALID,False,S3,S3,S3,,,,,,False,False,False,False,False,,0.0,0.0,3.0,0.0,0.0,3.0,4.0
2025Q1,2025-03-31,창원,국가,철강,13044.26,9753.0,53.45114423489843,,80.0,76.0,-11.307054276940642,4.724578546118319,True,True,True,False,0,kicox_annual_revision,kicox_annual_revision,kicox_annual_revision,kicox_annual_revision,kicox_annual_revision,1,1,1,1,1,0,0,0,0,0,0,0,0,0,0,보정본: 분기공표,보정본: 분기공표,보정본: 분기공표,보정본: 분기공표,보정본: 분기공표,220,True,False,False,14707.2125,False,False,False,False,False,False,True,valid,9313.0,False,False,False,False,False,False,True,valid,78.0,False,False,False,False,False,False,2.564102564102555,True,True,valid,73.0,False,False,False,False,False,False,4.109589041095885,True,True,valid,False,False,,True,-11.785526393812496,,0.08685868530830303,0.08342314600975109,0.95,0,True,False,False,S3,True,INVALID,S3,S1,2025Q1,철강:2025Q1,S3->S1,1,1,True,True,False,True,False,True,0.0,0.0,3.0,0.0,0.0,3.0,4.0
2025Q2,2025-06-30,창원,국가,철강,15438.65,9801.0,63.43900714,,79.0,75.0,1.369630686482437,3.0707750552108504,True,True,True,False,0,data_portal_quarterly,data_portal_quarterly,data_portal_quarterly,data_portal_quarterly,data_portal_quarterly,0,0,0,0,0,0,0,0,0,0,0,0,0,0,0,분기공표,분기공표,분기공표,분기공표,분기공표,221,True,False,False,15230.0545,False,False,False,False,False,False,True,valid,9509.0,False,False,False,False,False,False,True,valid,79.0,False,False,False,False,False,False,0.0,True,True,valid,74.0,False,False,False,False,False,False,1.3513513513513598,True,True,valid,False,False,,True,9.987862905101572,-5.400314300174017,0.09821240412126286,0.0822493748006915,0.9493670886075949,0,True,False,False,S1,True,S3,S3,S2,2025Q2,철강:2025Q2,S1->S2,1,1,True,True,True,False,False,True,1.0,0.0,2.0,0.0,0.0,3.0,4.0
2025Q3,2025-09-30,창원,국가,철강,15478.16,9690.0,64.23976399,,79.0,75.0,11.980076752368252,-0.5439802935440774,True,True,True,False,0,data_portal_quarterly,data_portal_quarterly,data_portal_quarterly,data_portal_quarterly,data_portal_quarterly,0,0,0,0,0,0,0,0,0,0,0,0,0,0,0,분기공표,분기공표,분기공표,분기공표,분기공표,222,True,False,False,13822.2445,False,False,False,False,False,False,True,valid,9743.0,False,False,False,False,False,False,True,valid,80.0,False,False,False,False,False,False,-1.2499999999999956,True,True,valid,74.0,False,False,False,False,False,False,1.3513513513513598,True,True,valid,False,False,,True,0.8007568499999991,2.8938825938302557,0.10391416964522637,0.08308040537064663,0.9493670886075949,0,True,False,False,S2,True,S1,S1,S2,2025Q3,철강:2025Q3,S2->S2,1,4,True,True,True,False,True,False,1.0,1.0,1.0,0.0,0.0,3.0,4.0
2025Q4,2025-12-31,창원,국가,철강,15378.82,9671.0,62.87128794,,78.0,74.0,4.7096403773498,-0.6778268460511438,True,True,True,False,0,data_portal_quarterly,data_portal_quarterly,data_portal_quarterly,data_portal_quarterly,data_portal_quarterly,0,0,0,0,0,0,0,0,0,0,0,0,0,0,0,분기공표,분기공표,분기공표,분기공표,분기공표,223,True,False,False,14687.109940000002,False,False,False,False,False,False,True,valid,9737.0,False,False,False,False,False,False,True,valid,79.0,False,False,False,False,False,False,-1.2658227848101222,True,True,valid,75.0,False,False,False,False,False,False,-1.3333333333333308,True,True,valid,False,False,,True,-1.3684760499999982,-2.3653826887109233,0.10030751456406971,0.08377004166414026,0.9487179487179487,0,True,False,False,S2,True,S2,S2,S2,2025Q3,철강:2025Q3,S2->S2,2,4,True,True,True,False,True,False,1.0,2.0,1.0,0.0,0.0,4.0,4.0
2026Q1,2026-03-31,창원,국가,철강,20065.36,9675.0,63.696158427106106,,80.0,75.0,53.82520740923593,-0.7997539218701943,True,True,True,True,0,kicox_annual_revision,kicox_annual_revision,kicox_annual_revision,kicox_annual_revision,kicox_annual_revision,1,1,1,1,1,0,0,0,0,0,0,0,0,0,0,보정본: 분기공표,보정본: 분기공표,보정본: 분기공표,보정본: 분기공표,보정본: 분기공표,224,True,False,False,13044.26,False,False,False,False,False,False,True,valid,9753.0,False,False,False,False,False,False,True,valid,80.0,False,False,False,False,False,False,0.0,True,True,valid,76.0,False,False,False,False,False,False,-1.3157894736842146,True,True,valid,False,False,,True,0.8248704871061037,10.245014192207677,0.12797236732627448,0.08417069033015791,0.9375,0,True,False,False,S2,True,S2,S2,S2,2025Q3,철강:2025Q3,S2->S2,3,4,True,True,True,False,True,False,1.0,3.0,0.0,0.0,0.0,4.0,4.0
2026Q2,2026-06-30,창원,국가,철강,20479.17,9689.0,63.682159659013,,80.0,74.0,32.648709569813406,-1.1427405366799315,True,True,True,False,0,kicox_annual_revision,kicox_annual_revision,kicox_annual_revision,kicox_annual_revision,kicox_annual_revision,1,1,1,1,1,0,0,0,0,0,0,0,0,0,0,보정본: 분기공표,보정본: 분기공표,보정본: 분기공표,보정본: 분기공표,보정본: 분기공표,225,True,False,False,15438.65,False,False,False,False,False,False,True,valid,9801.0,False,False,False,False,False,False,True,valid,79.0,False,False,False,False,False,False,1.2658227848101333,True,True,valid,75.0,False,False,False,False,False,False,-1.3333333333333308,True,True,valid,False,False,,True,-0.013998768093102854,0.24315251901300172,0.12977315122247207,0.0843769049899852,0.925,0,True,False,False,S2,True,S2,S2,,2025Q3,철강:2025Q3,,4,4,False,False,True,False,True,,0.0,4.0,0.0,0.0,0.0,4.0,4.0
