quarter,quarter_end,complex_nm,complex_type,industry,production,employment,op_rate_official,op_rate_approx,firms_in,firms_op,production_yoy,employment_yoy,production_yoy_valid,employment_yoy_valid,quadrant_yoy_valid,review_required,classification_break,production_source,employment_source,op_rate_source,firms_in_source,firms_op_source,production_is_revised,employment_is_revised,op_rate_is_revised,firms_in_is_revised,firms_op_is_revised,production_masked,employment_masked,op_rate_masked,firms_in_masked,firms_op_masked,production_invalid_source,employment_invalid_source,op_rate_invalid_source,firms_in_invalid_source,firms_op_invalid_source,production_note,employment_note,op_rate_note,firms_in_note,firms_op_note
2018Q1,2018-03-31,창원,국가,기계,65954.0,75398.0,,83.6,1672.0,1560.0,,,False,False,False,False,0,data_portal_monthly,data_portal_monthly,data_portal_monthly,data_portal_monthly,data_portal_monthly,0,0,0,0,0,0,0,0,0,0,0,0,0,0,0,월별 3개월 합,월별: 분기말 값,월별 단순평균(근사),월별: 분기말 값,월별: 분기말 값
2018Q1,2018-03-31,창원,국가,기타,40.0,302.0,,26.1,22.0,22.0,,,False,False,False,False,0,data_portal_monthly,data_portal_monthly,data_portal_monthly,data_portal_monthly,data_portal_monthly,0,0,0,0,0,0,0,0,0,0,0,0,0,0,0,월별 3개월 합,월별: 분기말 값,월별 단순평균(근사),월별: 분기말 값,월별: 분기말 값
2018Q1,2018-03-31,창원,국가,목재종이,132.0,249.0,,64.8,33.0,33.0,,,False,False,False,False,0,data_portal_monthly,data_portal_monthly,data_portal_monthly,data_portal_monthly,data_portal_monthly,0,0,0,0,0,0,0,0,0,0,0,0,0,0,0,월별 3개월 합,월별: 분기말 값,월별 단순평균(근사),월별: 분기말 값,월별: 분기말 값
2018Q1,2018-03-31,창원,국가,비금속,220.0,42.0,,60.4,5.0,5.0,,,False,False,False,False,0,data_portal_monthly,data_portal_monthly,data_portal_monthly,data_portal_monthly,data_portal_monthly,0,0,0,0,0,0,0,0,0,0,0,0,0,0,0,월별 3개월 합,월별: 분기말 값,월별 단순평균(근사),월별: 분기말 값,월별: 분기말 값
2018Q1,2018-03-31,창원,국가,석유화학,1218.0,1064.0,,75.8,35.0,33.0,,,False,False,False,False,0,data_portal_monthly,data_portal_monthly,data_portal_monthly,data_portal_monthly,data_portal_monthly,0,0,0,0,0,0,0,0,0,0,0,0,0,0,0,월별 3개월 합,월별: 분기말 값,월별 단순평균(근사),월별: 분기말 값,월별: 분기말 값
2018Q1,2018-03-31,창원,국가,섬유의복,0.0,0.0,,,0.0,0.0,,,False,False,False,False,0,data_portal_monthly,data_portal_monthly,data_portal_monthly,data_portal_monthly,data_portal_monthly,0,0,0,0,0,0,0,0,0,0,0,0,0,0,0,월별 3개월 합,월별: 분기말 값,월별 단순평균(근사),월별: 분기말 값,월별: 분기말 값
2018Q1,2018-03-31,창원,국가,운송장비,19923.0,20665.0,,87.8,253.0,236.0,,,False,False,False,False,0,data_portal_monthly,data_portal_monthly,data_portal_monthly,data_portal_monthly,data_portal_monthly,0,0,0,0,0,0,0,0,0,0,0,0,0,0,0,월별 3개월 합,월별: 분기말 값,월별 단순평균(근사),월별: 분기말 값,월별: 분기말 값
2018Q1,2018-03-31,창원,국가,음식료,1119.0,719.0,,71.9,5.0,4.0,,,False,False,False,False,0,data_portal_monthly,data_portal_monthly,data_portal_monthly,data_portal_monthly,data_portal_monthly,0,0,0,0,0,0,0,0,0,0,0,0,0,0,0,월별 3개월 합,월별: 분기말 값,월별 단순평균(근사),월별: 분기말 값,월별: 분기말 값
2018Q1,2018-03-31,창원,국가,전기전자,40918.0,23472.0,,84.5,526.0,497.0,,,False,False,False,False,0,data_portal_monthly,data_portal_monthly,data_portal_monthly,data_portal_monthly,data_portal_monthly,0,0,0,0,0,0,0,0,0,0,0,0,0,0,0,월별 3개월 합,월별: 분기말 값,월별 단순평균(근사),월별: 분기말 값,월별: 분기말 값
2018Q1,2018-03-31,창원,국가,철강,7022.0,3782.0,,74.4,79.0,77.0,,,False,False,False,False,0,data_portal_monthly,data_portal_monthly,data_portal_monthly,data_portal_monthly,data_portal_monthly,0,0,0,0,0,0,0,0,0,0,0,0,0,0,0,월별 3개월 합,월별: 분기말 값,월별 단순평균(근사),월별: 분기말 값,월별: 분기말 값
2018Q2,2018-06-30,창원,국가,기계,64125.0,76200.0,,87.0,1660.0,1545.0,,,False,False,False,False,0,data_portal_monthly,data_portal_monthly,data_portal_monthly,data_portal_monthly,data_portal_monthly,0,0,0,0,0,0,0,0,0,0,0,0,0,0,0,월별 3개월 합,월별: 분기말 값,월별 단순평균(근사),월별: 분기말 값,월별: 분기말 값
2018Q2,2018-06-30,창원,국가,기타,74.0,309.0,,69.7,21.0,21.0,,,False,False,False,False,0,data_portal_monthly,data_portal_monthly,data_portal_monthly,data_portal_monthly,data_portal_monthly,0,0,0,0,0,0,0,0,0,0,0,0,0,0,0,월별 3개월 합,월별: 분기말 값,월별 단순평균(근사),월별: 분기말 값,월별: 분기말 값
2018Q2,2018-06-30,창원,국가,목재종이,115.0,240.0,,55.3,33.0,32.0,,,False,False,False,False,0,data_portal_monthly,data_portal_monthly,data_portal_monthly,data_portal_monthly,data_portal_monthly,0,0,0,0,0,0,0,0,0,0,0,0,0,0,0,월별 3개월 합,월별: 분기말 값,월별 단순평균(근사),월별: 분기말 값,월별: 분기말 값
2018Q2,2018-06-30,창원,국가,비금속,311.0,42.0,,60.3,5.0,5.0,,,False,False,False,False,0,data_portal_monthly,data_portal_monthly,data_portal_monthly,data_portal_monthly,data_portal_monthly,0,0,0,0,0,0,0,0,0,0,0,0,0,0,0,월별 3개월 합,월별: 분기말 값,월별 단순평균(근사),월별: 분기말 값,월별: 분기말 값
2018Q2,2018-06-30,창원,국가,석유화학,1249.0,1064.0,,77.9,35.0,33.0,,,False,False,False,False,0,data_portal_monthly,data_portal_monthly,data_portal_monthly,data_portal_monthly,data_portal_monthly,0,0,0,0,0,0,0,0,0,0,0,0,0,0,0,월별 3개월 합,월별: 분기말 값,월별 단순평균(근사),월별: 분기말 값,월별: 분기말 값
2018Q2,2018-06-30,창원,국가,섬유의복,0.0,0.0,,,0.0,0.0,,,False,False,False,False,0,data_portal_monthly,data_portal_monthly,data_portal_monthly,data_portal_monthly,data_portal_monthly,0,0,0,0,0,0,0,0,0,0,0,0,0,0,0,월별 3개월 합,월별: 분기말 값,월별 단순평균(근사),월별: 분기말 값,월별: 분기말 값
2018Q2,2018-06-30,창원,국가,운송장비,22946.0,20111.0,,83.6,250.0,232.0,,,False,False,False,False,0,data_portal_monthly,data_portal_monthly,data_portal_monthly,data_portal_monthly,data_portal_monthly,0,0,0,0,0,0,0,0,0,0,0,0,0,0,0,월별 3개월 합,월별: 분기말 값,월별 단순평균(근사),월별: 분기말 값,월별: 분기말 값
2018Q2,2018-06-30,창원,국가,음식료,1116.0,804.0,,74.5,5.0,4.0,,,False,False,False,False,0,data_portal_monthly,data_portal_monthly,data_portal_monthly,data_portal_monthly,data_portal_monthly,0,0,0,0,0,0,0,0,0,0,0,0,0,0,0,월별 3개월 합,월별: 분기말 값,월별 단순평균(근사),월별: 분기말 값,월별: 분기말 값
2018Q2,2018-06-30,창원,국가,전기전자,39114.0,23384.0,,87.6,525.0,492.0,,,False,False,False,False,0,data_portal_monthly,data_portal_monthly,data_portal_monthly,data_portal_monthly,data_portal_monthly,0,0,0,0,0,0,0,0,0,0,0,0,0,0,0,월별 3개월 합,월별: 분기말 값,월별 단순평균(근사),월별: 분기말 값,월별: 분기말 값
2018Q2,2018-06-30,창원,국가,철강,6444.0,3699.0,,69.8,80.0,79.0,,,False,False,False,False,0,data_portal_monthly,data_portal_monthly,data_portal_monthly,data_portal_monthly,data_portal_monthly,0,0,0,0,0,0,0,0,0,0,0,0,0,0,0,월별 3개월 합,월별: 분기말 값,월별 단순평균(근사),월별: 분기말 값,월별: 분기말 값
2018Q3,2018-09-30,창원,국가,기계,59355.0,75063.0,,77.0,1652.0,1538.0,,,False,False,False,False,0,data_portal_monthly,data_portal_monthly,data_portal_monthly,data_portal_monthly,data_portal_monthly,0,0,0,0,0,0,0,0,0,0,0,0,0,0,0,월별 3개월 합,월별: 분기말 값,월별 단순평균(근사),월별: 분기말 값,월별: 분기말 값
2018Q3,2018-09-30,창원,국가,기타,63.0,138.0,,40.3,19.0,19.0,,,False,False,False,False,0,data_portal_monthly,data_portal_monthly,data_portal_monthly,data_portal_monthly,data_portal_monthly,0,0,0,0,0,0,0,0,0,0,0,0,0,0,0,월별 3개월 합,월별: 분기말 값,월별 단순평균(근사),월별: 분기말 값,월별: 분기말 값
2018Q3,2018-09-30,창원,국가,목재종이,94.0,258.0,,62.3,33.0,32.0,,,False,False,False,False,0,data_portal_monthly,data_portal_monthly,data_portal_monthly,data_portal_monthly,data_portal_monthly,0,0,0,0,0,0,0,0,0,0,0,0,0,0,0,월별 3개월 합,월별: 분기말 값,월별 단순평균(근사),월별: 분기말 값,월별: 분기말 값
2018Q3,2018-09-30,창원,국가,비금속,148.0,283.0,,57.8,5.0,5.0,,,False,False,False,False,0,data_portal_monthly,data_portal_monthly,data_portal_monthly,data_portal_monthly,data_portal_monthly,0,0,0,0,0,0,0,0,0,0,0,0,0,0,0,월별 3개월 합,월별: 분기말 값,월별 단순평균(근사),월별: 분기말 값,월별: 분기말 값
2018Q3,2018-09-30,창원,국가,석유화학,703.0,535.0,,79.7,36.0,33.0,,,False,False,False,False,0,data_portal_monthly,data_portal_monthly,data_portal_monthly,data_portal_monthly,data_portal_monthly,0,0,0,0,0,0,0,0,0,0,0,0,0,0,0,월별 3개월 합,월별: 분기말 값,월별 단순평균(근사),월별: 분기말 값,월별: 분기말 값
2018Q3,2018-09-30,창원,국가,섬유의복,0.0,0.0,,,0.0,0.0,,,False,False,False,False,0,data_portal_monthly,data_portal_monthly,data_portal_monthly,data_portal_monthly,data_portal_monthly,0,0,0,0,0,0,0,0,0,0,0,0,0,0,0,월별 3개월 합,월별: 분기말 값,월별 단순평균(근사),월별: 분기말 값,월별: 분기말 값
2018Q3,2018-09-30,창원,국가,운송장비,21695.0,16347.0,,73.8,252.0,234.0,,,False,False,False,False,0,data_portal_monthly,data_portal_monthly,data_portal_monthly,data_portal_monthly,data_portal_monthly,0,0,0,0,0,0,0,0,0,0,0,0,0,0,0,월별 3개월 합,월별: 분기말 값,월별 단순평균(근사),월별: 분기말 값,월별: 분기말 값
2018Q3,2018-09-30,창원,국가,음식료,934.0,687.0,,72.5,5.0,4.0,,,False,False,False,False,0,data_portal_monthly,data_portal_monthly,data_portal_monthly,data_portal_monthly,data_portal_monthly,0,0,0,0,0,0,0,0,0,0,0,0,0,0,0,월별 3개월 합,월별: 분기말 값,월별 단순평균(근사),월별: 분기말 값,월별: 분기말 값
2018Q3,2018-09-30,창원,국가,전기전자,31825.0,24780.0,,80.6,532.0,498.0,,,False,False,False,False,0,data_portal_monthly,data_portal_monthly,data_portal_monthly,data_portal_monthly,data_portal_monthly,0,0,0,0,0,0,0,0,0,0,0,0,0,0,0,월별 3개월 합,월별: 분기말 값,월별 단순평균(근사),월별: 분기말 값,월별: 분기말 값
2018Q3,2018-09-30,창원,국가,철강,9414.0,5762.0,,72.9,80.0,79.0,,,False,False,False,False,0,data_portal_monthly,data_portal_monthly,data_portal_monthly,data_portal_monthly,data_portal_monthly,0,0,0,0,0,0,0,0,0,0,0,0,0,0,0,월별 3개월 합,월별: 분기말 값,월별 단순평균(근사),월별: 분기말 값,월별: 분기말 값
2018Q4,2018-12-31,창원,국가,기계,47311.0,74932.0,,73.8,1662.0,1541.0,,,False,False,False,False,1,data_portal_monthly,data_portal_monthly,data_portal_monthly,data_portal_monthly,data_portal_monthly,0,0,0,0,0,0,0,0,0,0,0,0,0,0,0,월별 3개월 합,월별: 분기말 값,월별 단순평균(근사),월별: 분기말 값,월별: 분기말 값
2018Q4,2018-12-31,창원,국가,기타,56.0,150.0,,54.3,18.0,18.0,,,False,False,False,False,1,data_portal_monthly,data_portal_monthly,data_portal_monthly,data_portal_monthly,data_portal_monthly,0,0,0,0,0,0,0,0,0,0,0,0,0,0,0,월별 3개월 합,월별: 분기말 값,월별 단순평균(근사),월별: 분기말 값,월별: 분기말 값
2018Q4,2018-12-31,창원,국가,목재종이,84.0,263.0,,63.7,34.0,33.0,,,False,False,False,False,1,data_portal_monthly,data_portal_monthly,data_portal_monthly,data_portal_monthly,data_portal_monthly,0,0,0,0,0,0,0,0,0,0,0,0,0,0,0,월별 3개월 합,월별: 분기말 값,월별 단순평균(근사),월별: 분기말 값,월별: 분기말 값
2018Q4,2018-12-31,창원,국가,비금속,163.0,291.0,,68.1,6.0,5.0,,,False,False,False,False,1,data_portal_monthly,data_portal_monthly,data_portal_monthly,data_portal_monthly,data_portal_monthly,0,0,0,0,0,0,0,0,0,0,0,0,0,0,0,월별 3개월 합,월별: 분기말 값,월별 단순평균(근사),월별: 분기말 값,월별: 분기말 값
2018Q4,2018-12-31,창원,국가,석유화학,441.0,518.0,,76.5,38.0,36.0,,,False,False,False,False,1,data_portal_monthly,data_portal_monthly,data_portal_monthly,data_portal_monthly,data_portal_monthly,0,0,0,0,0,0,0,0,0,0,0,0,0,0,0,월별 3개월 합,월별: 분기말 값,월별 단순평균(근사),월별: 분기말 값,월별: 분기말 값
2018Q4,2018-12-31,창원,국가,섬유의복,0.0,0.0,,,0.0,0.0,,,False,False,False,False,1,data_portal_monthly,data_portal_monthly,data_portal_monthly,data_portal_monthly,data_portal_monthly,0,0,0,0,0,0,0,0,0,0,0,0,0,0,0,월별 3개월 합,월별: 분기말 값,월별 단순평균(근사),월별: 분기말 값,월별: 분기말 값
2018Q4,2018-12-31,창원,국가,운송장비,21846.0,16254.0,,82.7,254.0,235.0,,,False,False,False,False,1,data_portal_monthly,data_portal_monthly,data_portal_monthly,data_portal_monthly,data_portal_monthly,0,0,0,0,0,0,0,0,0,0,0,0,0,0,0,월별 3개월 합,월별: 분기말 값,월별 단순평균(근사),월별: 분기말 값,월별: 분기말 값
2018Q4,2018-12-31,창원,국가,음식료,844.0,768.0,,76.2,6.0,4.0,,,False,False,False,False,1,data_portal_monthly,data_portal_monthly,data_portal_monthly,data_portal_monthly,data_portal_monthly,0,0,0,0,0,0,0,0,0,0,0,0,0,0,0,월별 3개월 합,월별: 분기말 값,월별 단순평균(근사),월별: 분기말 값,월별: 분기말 값
2018Q4,2018-12-31,창원,국가,전기전자,24376.0,24512.0,,80.7,541.0,502.0,,,False,False,False,False,1,data_portal_monthly,data_portal_monthly,data_portal_monthly,data_portal_monthly,data_portal_monthly,0,0,0,0,0,0,0,0,0,0,0,0,0,0,0,월별 3개월 합,월별: 분기말 값,월별 단순평균(근사),월별: 분기말 값,월별: 분기말 값
2018Q4,2018-12-31,창원,국가,철강,11621.0,5738.0,,73.7,78.0,78.0,,,False,False,False,False,1,data_portal_monthly,data_portal_monthly,data_portal_monthly,data_portal_monthly,data_portal_monthly,0,0,0,0,0,0,0,0,0,0,0,0,0,0,0,월별 3개월 합,월별: 분기말 값,월별 단순평균(근사),월별: 분기말 값,월별: 분기말 값
2019Q1,2019-03-31,창원,국가,기계,38229.0,74870.0,,72.3,1648.0,1525.0,-42.03687418503805,-0.700283827157222,True,True,True,True,0,data_portal_monthly,data_portal_monthly,data_portal_monthly,data_portal_monthly,data_portal_monthly,0,0,0,0,0,0,0,0,0,0,0,0,0,0,0,월별 3개월 합,월별: 분기말 값,월별 단순평균(근사),월별: 분기말 값,월별: 분기말 값
2019Q1,2019-03-31,창원,국가,기타,52.0,129.0,,52.4,18.0,18.0,30.000000000000004,-57.28476821192052,True,True,True,True,0,data_portal_monthly,data_portal_monthly,data_portal_monthly,data_portal_monthly,data_portal_monthly,0,0,0,0,0,0,0,0,0,0,0,0,0,0,0,월별 3개월 합,월별: 분기말 값,월별 단순평균(근사),월별: 분기말 값,월별: 분기말 값
2019Q1,2019-03-31,창원,국가,목재종이,78.0,262.0,,63.7,34.0,34.0,-40.90909090909091,5.2208835341365445,True,True,True,True,0,data_portal_monthly,data_portal_monthly,data_portal_monthly,data_portal_monthly,data_portal_monthly,0,0,0,0,0,0,0,0,0,0,0,0,0,0,0,월별 3개월 합,월별: 분기말 값,월별 단순평균(근사),월별: 분기말 값,월별: 분기말 값
2019Q1,2019-03-31,창원,국가,비금속,123.0,289.0,,55.7,5.0,5.0,-44.09090909090909,588.0952380952382,True,True,True,True,0,data_portal_monthly,data_portal_monthly,data_portal_monthly,data_portal_monthly,data_portal_monthly,0,0,0,0,0,0,0,0,0,0,0,0,0,0,0,월별 3개월 합,월별: 분기말 값,월별 단순평균(근사),월별: 분기말 값,월별: 분기말 값
2019Q1,2019-03-31,창원,국가,석유화학,434.0,526.0,,83.1,35.0,33.0,-64.36781609195403,-50.56390977443609,True,True,True,True,0,data_portal_monthly,data_portal_monthly,data_portal_monthly,data_portal_monthly,data_portal_monthly,0,0,0,0,0,0,0,0,0,0,0,0,0,0,0,월별 3개월 합,월별: 분기말 값,월별 단순평균(근사),월별: 분기말 값,월별: 분기말 값
2019Q1,2019-03-31,창원,국가,섬유의복,0.0,0.0,,,0.0,0.0,,,False,False,False,False,0,data_portal_monthly,data_portal_monthly,data_portal_monthly,data_portal_monthly,data_portal_monthly,0,0,0,0,0,0,0,0,0,0,0,0,0,0,0,월별 3개월 합,월별: 분기말 값,월별 단순평균(근사),월별: 분기말 값,월별: 분기말 값
2019Q1,2019-03-31,창원,국가,운송장비,21389.0,15951.0,,85.4,251.0,233.0,7.3583295688400385,-22.811517057827245,True,True,True,True,0,data_portal_monthly,data_portal_monthly,data_portal_monthly,data_portal_monthly,data_portal_monthly,0,0,0,0,0,0,0,0,0,0,0,0,0,0,0,월별 3개월 합,월별: 분기말 값,월별 단순평균(근사),월별: 분기말 값,월별: 분기말 값
2019Q1,2019-03-31,창원,국가,음식료,836.0,683.0,,74.9,5.0,4.0,-25.290437890974083,-5.006954102920725,True,True,True,False,0,data_portal_monthly,data_portal_monthly,data_portal_monthly,data_portal_monthly,data_portal_monthly,0,0,0,0,0,0,0,0,0,0,0,0,0,0,0,월별 3개월 합,월별: 분기말 값,월별 단순평균(근사),월별: 분기말 값,월별: 분기말 값
2019Q1,2019-03-31,창원,국가,전기전자,24398.0,24495.0,,82.8,536.0,502.0,-40.37342978640207,4.358384458077702,True,True,True,True,0,data_portal_monthly,data_portal_monthly,data_portal_monthly,data_portal_monthly,data_portal_monthly,0,0,0,0,0,0,0,0,0,0,0,0,0,0,0,월별 3개월 합,월별: 분기말 값,월별 단순평균(근사),월별: 분기말 값,월별: 분기말 값
2019Q1,2019-03-31,창원,국가,철강,11240.0,5584.0,,74.0,77.0,76.0,60.06835659356309,47.6467477525119,True,True,True,True,0,data_portal_monthly,data_portal_monthly,data_portal_monthly,data_portal_monthly,data_portal_monthly,0,0,0,0,0,0,0,0,0,0,0,0,0,0,0,월별 3개월 합,월별: 분기말 값,월별 단순평균(근사),월별: 분기말 값,월별: 분기말 값
2019Q2,2019-06-30,창원,국가,기계,40818.0,74656.0,,70.3,1645.0,1521.0,-36.34619883040936,-2.0262467191601075,True,True,True,False,0,data_portal_monthly,data_portal_monthly,data_portal_monthly,data_portal_monthly,data_portal_monthly,0,0,0,0,0,0,0,0,0,0,0,0,0,0,0,월별 3개월 합,월별: 분기말 값,월별 단순평균(근사),월별: 분기말 값,월별: 분기말 값
2019Q2,2019-06-30,창원,국가,기타,31.0,137.0,,53.9,17.0,17.0,-58.10810810810811,-55.663430420711975,True,True,True,True,0,data_portal_monthly,data_portal_monthly,data_portal_monthly,data_portal_monthly,data_portal_monthly,0,0,0,0,0,0,0,0,0,0,0,0,0,0,0,월별 3개월 합,월별: 분기말 값,월별 단순평균(근사),월별: 분기말 값,월별: 분기말 값
2019Q2,2019-06-30,창원,국가,목재종이,76.0,262.0,,62.6,35.0,35.0,-33.913043478260875,9.166666666666657,True,True,True,False,0,data_portal_monthly,data_portal_monthly,data_portal_monthly,data_portal_monthly,data_portal_monthly,0,0,0,0,0,0,0,0,0,0,0,0,0,0,0,월별 3개월 합,월별: 분기말 값,월별 단순평균(근사),월별: 분기말 값,월별: 분기말 값
2019Q2,2019-06-30,창원,국가,비금속,152.0,282.0,,62.9,5.0,5.0,-51.12540192926045,571.4285714285714,True,True,True,True,0,data_portal_monthly,data_portal_monthly,data_portal_monthly,data_portal_monthly,data_portal_monthly,0,0,0,0,0,0,0,0,0,0,0,0,0,0,0,월별 3개월 합,월별: 분기말 값,월별 단순평균(근사),월별: 분기말 값,월별: 분기말 값
2019Q2,2019-06-30,창원,국가,석유화학,428.0,518.0,,79.0,33.0,32.0,-65.73258606885508,-51.315789473684205,True,True,True,True,0,data_portal_monthly,data_portal_monthly,data_portal_monthly,data_portal_monthly,data_portal_monthly,0,0,0,0,0,0,0,0,0,0,0,0,0,0,0,월별 3개월 합,월별: 분기말 값,월별 단순평균(근사),월별: 분기말 값,월별: 분기말 값
2019Q2,2019-06-30,창원,국가,섬유의복,0.0,0.0,,,0.0,0.0,,,False,False,False,False,0,data_portal_monthly,data_portal_monthly,data_portal_monthly,data_portal_monthly,data_portal_monthly,0,0,0,0,0,0,0,0,0,0,0,0,0,0,0,월별 3개월 합,월별: 분기말 값,월별 단순평균(근사),월별: 분기말 값,월별: 분기말 값
2019Q2,2019-06-30,창원,국가,운송장비,22548.0,16027.0,,82.5,256.0,239.0,-1.7345071036346194,-20.30729451543931,True,True,True,True,0,data_portal_monthly,data_portal_monthly,data_portal_monthly,data_portal_monthly,data_portal_monthly,0,0,0,0,0,0,0,0,0,0,0,0,0,0,0,월별 3개월 합,월별: 분기말 값,월별 단순평균(근사),월별: 분기말 값,월별: 분기말 값
2019Q2,2019-06-30,창원,국가,음식료,811.0,745.0,,75.4,6.0,4.0,-27.329749103942657,-7.33830845771144,True,True,True,False,0,data_portal_monthly,data_portal_monthly,data_portal_monthly,data_portal_monthly,data_portal_monthly,0,0,0,0,0,0,0,0,0,0,0,0,0,0,0,월별 3개월 합,월별: 분기말 값,월별 단순평균(근사),월별: 분기말 값,월별: 분기말 값
2019Q2,2019-06-30,창원,국가,전기전자,25058.0,24494.0,,84.0,539.0,502.0,-35.93598200132945,4.746835443037978,True,True,True,False,0,data_portal_monthly,data_portal_monthly,data_portal_monthly,data_portal_monthly,data_portal_monthly,0,0,0,0,0,0,0,0,0,0,0,0,0,0,0,월별 3개월 합,월별: 분기말 값,월별 단순평균(근사),월별: 분기말 값,월별: 분기말 값
2019Q2,2019-06-30,창원,국가,철강,11277.0,5590.0,,72.7,76.0,75.0,75.0,51.12192484455258,True,True,True,True,0,data_portal_monthly,data_portal_monthly,data_portal_monthly,data_portal_monthly,data_portal_monthly,0,0,0,0,0,0,0,0,0,0,0,0,0,0,0,월별 3개월 합,월별: 분기말 값,월별 단순평균(근사),월별: 분기말 값,월별: 분기말 값
2019Q3,2019-09-30,창원,국가,기계,35769.0,74305.0,,66.6,1592.0,1475.0,-39.737174627242865,-1.0098184191945414,True,True,True,False,0,data_portal_monthly,data_portal_monthly,data_portal_monthly,data_portal_monthly,data_portal_monthly,0,0,0,0,0,0,0,0,0,0,0,0,0,0,0,월별 3개월 합,월별: 분기말 값,월별 단순평균(근사),월별: 분기말 값,월별: 분기말 값
2019Q3,2019-09-30,창원,국가,기타,29.0,133.0,,41.5,17.0,17.0,-53.968253968253975,-3.6231884057971064,True,True,True,True,0,data_portal_monthly,data_portal_monthly,data_portal_monthly,data_portal_monthly,data_portal_monthly,0,0,0,0,0,0,0,0,0,0,0,0,0,0,0,월별 3개월 합,월별: 분기말 값,월별 단순평균(근사),월별: 분기말 값,월별: 분기말 값
2019Q3,2019-09-30,창원,국가,목재종이,76.0,262.0,,63.6,35.0,35.0,-19.14893617021277,1.5503875968992276,True,True,True,False,0,data_portal_monthly,data_portal_monthly,data_portal_monthly,data_portal_monthly,data_portal_monthly,0,0,0,0,0,0,0,0,0,0,0,0,0,0,0,월별 3개월 합,월별: 분기말 값,월별 단순평균(근사),월별: 분기말 값,월별: 분기말 값
2019Q3,2019-09-30,창원,국가,비금속,117.0,279.0,,49.0,5.0,5.0,-20.945945945945944,-1.4134275618374548,True,True,True,False,0,data_portal_monthly,data_portal_monthly,data_portal_monthly,data_portal_monthly,data_portal_monthly,0,0,0,0,0,0,0,0,0,0,0,0,0,0,0,월별 3개월 합,월별: 분기말 값,월별 단순평균(근사),월별: 분기말 값,월별: 분기말 값
2019Q3,2019-09-30,창원,국가,석유화학,424.0,525.0,,81.2,33.0,32.0,-39.68705547652917,-1.869158878504673,True,True,True,False,0,data_portal_monthly,data_portal_monthly,data_portal_monthly,data_portal_monthly,data_portal_monthly,0,0,0,0,0,0,0,0,0,0,0,0,0,0,0,월별 3개월 합,월별: 분기말 값,월별 단순평균(근사),월별: 분기말 값,월별: 분기말 값
2019Q3,2019-09-30,창원,국가,섬유의복,0.0,0.0,,,0.0,0.0,,,False,False,False,False,0,data_portal_monthly,data_portal_monthly,data_portal_monthly,data_portal_monthly,data_portal_monthly,0,0,0,0,0,0,0,0,0,0,0,0,0,0,0,월별 3개월 합,월별: 분기말 값,월별 단순평균(근사),월별: 분기말 값,월별: 분기말 값
2019Q3,2019-09-30,창원,국가,운송장비,21827.0,15915.0,,82.2,256.0,243.0,0.6084351233003105,-2.6426867315103686,True,True,True,False,0,data_portal_monthly,data_portal_monthly,data_portal_monthly,data_portal_monthly,data_portal_monthly,0,0,0,0,0,0,0,0,0,0,0,0,0,0,0,월별 3개월 합,월별: 분기말 값,월별 단순평균(근사),월별: 분기말 값,월별: 분기말 값
2019Q3,2019-09-30,창원,국가,음식료,808.0,678.0,,72.7,6.0,4.0,-13.490364025695934,-1.3100436681222738,True,True,True,False,0,data_portal_monthly,data_portal_monthly,data_portal_monthly,data_portal_monthly,data_portal_monthly,0,0,0,0,0,0,0,0,0,0,0,0,0,0,0,월별 3개월 합,월별: 분기말 값,월별 단순평균(근사),월별: 분기말 값,월별: 분기말 값
2019Q3,2019-09-30,창원,국가,전기전자,23467.0,24662.0,,78.1,527.0,493.0,-26.262372348782403,-0.4761904761904745,True,True,True,False,0,data_portal_monthly,data_portal_monthly,data_portal_monthly,data_portal_monthly,data_portal_monthly,0,0,0,0,0,0,0,0,0,0,0,0,0,0,0,월별 3개월 합,월별: 분기말 값,월별 단순평균(근사),월별: 분기말 값,월별: 분기말 값
2019Q3,2019-09-30,창원,국가,철강,11098.0,5422.0,,70.8,74.0,73.0,17.88825154025919,-5.900728913571673,True,True,True,False,0,data_portal_monthly,data_portal_monthly,data_portal_monthly,data_portal_monthly,data_portal_monthly,0,0,0,0,0,0,0,0,0,0,0,0,0,0,0,월별 3개월 합,월별: 분기말 값,월별 단순평균(근사),월별: 분기말 값,월별: 분기말 값
2019Q4,2019-12-31,창원,국가,기계,40081.0,74684.0,,77.5,1576.0,1470.0,-15.281858341611887,-0.330966743180483,True,True,True,False,0,data_portal_monthly,data_portal_monthly,data_portal_monthly,data_portal_monthly,data_portal_monthly,0,0,0,0,0,0,0,0,0,0,0,0,0,0,0,월별 3개월 합,월별: 분기말 값,월별 단순평균(근사),월별: 분기말 값,월별: 분기말 값
2019Q4,2019-12-31,창원,국가,기타,37.0,133.0,,74.5,19.0,18.0,-33.92857142857143,-11.333333333333329,True,True,True,False,0,data_portal_monthly,data_portal_monthly,data_portal_monthly,data_portal_monthly,data_portal_monthly,0,0,0,0,0,0,0,0,0,0,0,0,0,0,0,월별 3개월 합,월별: 분기말 값,월별 단순평균(근사),월별: 분기말 값,월별: 분기말 값
2019Q4,2019-12-31,창원,국가,목재종이,77.0,261.0,,62.8,35.0,35.0,-8.333333333333337,-0.760456273764254,True,True,True,False,0,data_portal_monthly,data_portal_monthly,data_portal_monthly,data_portal_monthly,data_portal_monthly,0,0,0,0,0,0,0,0,0,0,0,0,0,0,0,월별 3개월 합,월별: 분기말 값,월별 단순평균(근사),월별: 분기말 값,월별: 분기말 값
2019Q4,2019-12-31,창원,국가,비금속,131.0,278.0,,58.9,5.0,5.0,-19.631901840490794,-4.467353951890029,True,True,True,False,0,data_portal_monthly,data_portal_monthly,data_portal_monthly,data_portal_monthly,data_portal_monthly,0,0,0,0,0,0,0,0,0,0,0,0,0,0,0,월별 3개월 합,월별: 분기말 값,월별 단순평균(근사),월별: 분기말 값,월별: 분기말 값
2019Q4,2019-12-31,창원,국가,석유화학,444.0,528.0,,82.2,33.0,32.0,0.6802721088435382,1.9305019305019266,True,True,True,False,0,data_portal_monthly,data_portal_monthly,data_portal_monthly,data_portal_monthly,data_portal_monthly,0,0,0,0,0,0,0,0,0,0,0,0,0,0,0,월별 3개월 합,월별: 분기말 값,월별 단순평균(근사),월별: 분기말 값,월별: 분기말 값
2019Q4,2019-12-31,창원,국가,섬유의복,0.0,0.0,,,0.0,0.0,,,False,False,False,False,0,data_portal_monthly,data_portal_monthly,data_portal_monthly,data_portal_monthly,data_portal_monthly,0,0,0,0,0,0,0,0,0,0,0,0,0,0,0,월별 3개월 합,월별: 분기말 값,월별 단순평균(근사),월별: 분기말 값,월별: 분기말 값
2019Q4,2019-12-31,창원,국가,운송장비,22798.0,15888.0,,82.6,256.0,246.0,4.357777167444832,-2.251753414544111,True,True,True,False,0,data_portal_monthly,data_portal_monthly,data_portal_monthly,data_portal_monthly,data_portal_monthly,0,0,0,0,0,0,0,0,0,0,0,0,0,0,0,월별 3개월 합,월별: 분기말 값,월별 단순평균(근사),월별: 분기말 값,월별: 분기말 값
2019Q4,2019-12-31,창원,국가,음식료,841.0,749.0,,75.2,5.0,4.0,-0.35545023696682554,-2.473958333333337,True,True,True,False,0,data_portal_monthly,data_portal_monthly,data_portal_monthly,data_portal_monthly,data_portal_monthly,0,0,0,0,0,0,0,0,0,0,0,0,0,0,0,월별 3개월 합,월별: 분기말 값,월별 단순평균(근사),월별: 분기말 값,월별: 분기말 값
2019Q4,2019-12-31,창원,국가,전기전자,23303.0,24720.0,,76.5,520.0,496.0,-4.401870692484411,0.8485639686684143,True,True,True,False,0,data_portal_monthly,data_portal_monthly,data_portal_monthly,data_portal_monthly,data_portal_monthly,0,0,0,0,0,0,0,0,0,0,0,0,0,0,0,월별 3개월 합,월별: 분기말 값,월별 단순평균(근사),월별: 분기말 값,월별: 분기말 값
2019Q4,2019-12-31,창원,국가,철강,12661.0,5423.0,,75.6,76.0,75.0,8.94931589364083,-5.489717671662597,True,True,True,False,0,data_portal_monthly,data_portal_monthly,data_portal_monthly,data_portal_monthly,data_portal_monthly,0,0,0,0,0,0,0,0,0,0,0,0,0,0,0,월별 3개월 합,월별: 분기말 값,월별 단순평균(근사),월별: 분기말 값,월별: 분기말 값
2020Q1,2020-03-31,창원,국가,기계,39212.0,74052.0,,74.6,1577.0,1475.0,2.5713463600931297,-1.0925604380926934,True,True,True,False,0,data_portal_monthly,data_portal_monthly,data_portal_monthly,data_portal_monthly,data_portal_monthly,0,0,0,0,0,0,0,0,0,0,0,0,0,0,0,월별 3개월 합,월별: 분기말 값,월별 단순평균(근사),월별: 분기말 값,월별: 분기말 값
2020Q1,2020-03-31,창원,국가,기타,39.0,137.0,,72.4,22.0,21.0,-25.0,6.20155038759691,True,True,True,False,0,data_portal_monthly,data_portal_monthly,data_portal_monthly,data_portal_monthly,data_portal_monthly,0,0,0,0,0,0,0,0,0,0,0,0,0,0,0,월별 3개월 합,월별: 분기말 값,월별 단순평균(근사),월별: 분기말 값,월별: 분기말 값
2020Q1,2020-03-31,창원,국가,목재종이,65.0,256.0,,58.5,34.0,34.0,-16.666666666666664,-2.2900763358778664,True,True,True,False,0,data_portal_monthly,data_portal_monthly,data_portal_monthly,data_portal_monthly,data_portal_monthly,0,0,0,0,0,0,0,0,0,0,0,0,0,0,0,월별 3개월 합,월별: 분기말 값,월별 단순평균(근사),월별: 분기말 값,월별: 분기말 값
2020Q1,2020-03-31,창원,국가,비금속,105.0,268.0,,51.4,5.0,5.0,-14.634146341463417,-7.26643598615917,True,True,True,False,0,data_portal_monthly,data_portal_monthly,data_portal_monthly,data_portal_monthly,data_portal_monthly,0,0,0,0,0,0,0,0,0,0,0,0,0,0,0,월별 3개월 합,월별: 분기말 값,월별 단순평균(근사),월별: 분기말 값,월별: 분기말 값
2020Q1,2020-03-31,창원,국가,석유화학,423.0,526.0,,81.3,34.0,32.0,-2.5345622119815614,0.0,True,True,True,False,0,data_portal_monthly,data_portal_monthly,data_portal_monthly,data_portal_monthly,data_portal_monthly,0,0,0,0,0,0,0,0,0,0,0,0,0,0,0,월별 3개월 합,월별: 분기말 값,월별 단순평균(근사),월별: 분기말 값,월별: 분기말 값
2020Q1,2020-03-31,창원,국가,섬유의복,0.0,0.0,,,0.0,0.0,,,False,False,False,False,0,data_portal_monthly,data_portal_monthly,data_portal_monthly,data_portal_monthly,data_portal_monthly,0,0,0,0,0,0,0,0,0,0,0,0,0,0,0,월별 3개월 합,월별: 분기말 값,월별 단순평균(근사),월별: 분기말 값,월별: 분기말 값
2020Q1,2020-03-31,창원,국가,운송장비,29092.0,17818.0,,86.3,257.0,246.0,36.013838889148616,11.704595323177225,True,True,True,False,0,data_portal_monthly,data_portal_monthly,data_portal_monthly,data_portal_monthly,data_portal_monthly,0,0,0,0,0,0,0,0,0,0,0,0,0,0,0,월별 3개월 합,월별: 분기말 값,월별 단순평균(근사),월별: 분기말 값,월별: 분기말 값
2020Q1,2020-03-31,창원,국가,음식료,735.0,639.0,,72.7,5.0,4.0,-12.081339712918659,-6.44216691068814,True,True,True,False,0,data_portal_monthly,data_portal_monthly,data_portal_monthly,data_portal_monthly,data_portal_monthly,0,0,0,0,0,0,0,0,0,0,0,0,0,0,0,월별 3개월 합,월별: 분기말 값,월별 단순평균(근사),월별: 분기말 값,월별: 분기말 값
2020Q1,2020-03-31,창원,국가,전기전자,24179.0,25367.0,,82.2,523.0,501.0,-0.8976145585703699,3.559910185752191,True,True,True,False,0,data_portal_monthly,data_portal_monthly,data_portal_monthly,data_portal_monthly,data_portal_monthly,0,0,0,0,0,0,0,0,0,0,0,0,0,0,0,월별 3개월 합,월별: 분기말 값,월별 단순평균(근사),월별: 분기말 값,월별: 분기말 값
2020Q1,2020-03-31,창원,국가,철강,12716.0,5396.0,,76.4,76.0,74.0,13.131672597864764,-3.3667621776504286,True,True,True,False,0,data_portal_monthly,data_portal_monthly,data_portal_monthly,data_portal_monthly,data_portal_monthly,0,0,0,0,0,0,0,0,0,0,0,0,0,0,0,월별 3개월 합,월별: 분기말 값,월별 단순평균(근사),월별: 분기말 값,월별: 분기말 값
2020Q2,2020-06-30,창원,국가,기계,35928.0,71754.0,,62.7,1553.0,1456.0,-11.9800088196384,-3.887162451778825,True,True,True,False,0,data_portal_monthly,data_portal_monthly,data_portal_monthly,data_portal_monthly,data_portal_monthly,0,0,0,0,0,0,0,0,0,0,0,0,0,0,0,월별 3개월 합,월별: 분기말 값,월별 단순평균(근사),월별: 분기말 값,월별: 분기말 값
2020Q2,2020-06-30,창원,국가,기타,45.0,137.0,,73.3,23.0,23.0,45.16129032258065,0.0,True,True,True,True,0,data_portal_monthly,data_portal_monthly,data_portal_monthly,data_portal_monthly,data_portal_monthly,0,0,0,0,0,0,0,0,0,0,0,0,0,0,0,월별 3개월 합,월별: 분기말 값,월별 단순평균(근사),월별: 분기말 값,월별: 분기말 값
2020Q2,2020-06-30,창원,국가,목재종이,57.0,234.0,,62.2,33.0,33.0,-25.0,-10.687022900763354,True,True,True,False,0,data_portal_monthly,data_portal_monthly,data_portal_monthly,data_portal_monthly,data_portal_monthly,0,0,0,0,0,0,0,0,0,0,0,0,0,0,0,월별 3개월 합,월별: 분기말 값,월별 단순평균(근사),월별: 분기말 값,월별: 분기말 값
2020Q2,2020-06-30,창원,국가,비금속,90.0,268.0,,34.9,5.0,5.0,-40.789473684210535,-4.964539007092195,True,True,True,True,0,data_portal_monthly,data_portal_monthly,data_portal_monthly,data_portal_monthly,data_portal_monthly,0,0,0,0,0,0,0,0,0,0,0,0,0,0,0,월별 3개월 합,월별: 분기말 값,월별 단순평균(근사),월별: 분기말 값,월별: 분기말 값
2020Q2,2020-06-30,창원,국가,석유화학,374.0,523.0,,75.5,33.0,32.0,-12.616822429906538,0.9652509652509744,True,True,True,False,0,data_portal_monthly,data_portal_monthly,data_portal_monthly,data_portal_monthly,data_portal_monthly,0,0,0,0,0,0,0,0,0,0,0,0,0,0,0,월별 3개월 합,월별: 분기말 값,월별 단순평균(근사),월별: 분기말 값,월별: 분기말 값
2020Q2,2020-06-30,창원,국가,섬유의복,0.0,0.0,,,0.0,0.0,,,False,False,False,False,0,data_portal_monthly,data_portal_monthly,data_portal_monthly,data_portal_monthly,data_portal_monthly,0,0,0,0,0,0,0,0,0,0,0,0,0,0,0,월별 3개월 합,월별: 분기말 값,월별 단순평균(근사),월별: 분기말 값,월별: 분기말 값
2020Q2,2020-06-30,창원,국가,운송장비,28076.0,17744.0,,84.6,256.0,247.0,24.51658683697002,10.713171523054843,True,True,True,False,0,data_portal_monthly,data_portal_monthly,data_portal_monthly,data_portal_monthly,data_portal_monthly,0,0,0,0,0,0,0,0,0,0,0,0,0,0,0,월별 3개월 합,월별: 분기말 값,월별 단순평균(근사),월별: 분기말 값,월별: 분기말 값
2020Q2,2020-06-30,창원,국가,음식료,713.0,734.0,,74.3,6.0,4.0,-12.083847102342782,-1.4765100671140896,True,True,True,False,0,data_portal_monthly,data_portal_monthly,data_portal_monthly,data_portal_monthly,data_portal_monthly,0,0,0,0,0,0,0,0,0,0,0,0,0,0,0,월별 3개월 합,월별: 분기말 값,월별 단순평균(근사),월별: 분기말 값,월별: 분기말 값
2020Q2,2020-06-30,창원,국가,전기전자,23341.0,25471.0,,79.6,532.0,498.0,-6.852103120759834,3.988731934351275,True,True,True,False,0,data_portal_monthly,data_portal_monthly,data_portal_monthly,data_portal_monthly,data_portal_monthly,0,0,0,0,0,0,0,0,0,0,0,0,0,0,0,월별 3개월 합,월별: 분기말 값,월별 단순평균(근사),월별: 분기말 값,월별: 분기말 값
2020Q2,2020-06-30,창원,국가,철강,12456.0,5322.0,,73.0,76.0,75.0,10.454908220271353,-4.794275491949906,True,True,True,False,0,data_portal_monthly,data_portal_monthly,data_portal_monthly,data_portal_monthly,data_portal_monthly,0,0,0,0,0,0,0,0,0,0,0,0,0,0,0,월별 3개월 합,월별: 분기말 값,월별 단순평균(근사),월별: 분기말 값,월별: 분기말 값
2020Q3,2020-09-30,창원,국가,기계,34490.0,70727.0,,62.5,1558.0,1461.0,-3.575721993905334,-4.815288338604395,True,True,True,False,1,data_portal_monthly,data_portal_monthly,data_portal_monthly,data_portal_monthly,data_portal_monthly,0,0,0,0,0,0,0,0,0,0,0,0,0,0,0,월별 3개월 합,월별: 분기말 값,월별 단순평균(근사),월별: 분기말 값,월별: 분기말 값
2020Q3,2020-09-30,창원,국가,기타,66.0,135.0,,78.4,24.0,23.0,127.58620689655173,1.5037593984962516,True,True,True,True,1,data_portal_monthly,data_portal_monthly,data_portal_monthly,data_portal_monthly,data_portal_monthly,0,0,0,0,0,0,0,0,0,0,0,0,0,0,0,월별 3개월 합,월별: 분기말 값,월별 단순평균(근사),월별: 분기말 값,월별: 분기말 값
2020Q3,2020-09-30,창원,국가,목재종이,63.0,231.0,,68.8,33.0,32.0,-17.105263157894733,-11.832061068702293,True,True,True,False,1,data_portal_monthly,data_portal_monthly,data_portal_monthly,data_portal_monthly,data_portal_monthly,0,0,0,0,0,0,0,0,0,0,0,0,0,0,0,월별 3개월 합,월별: 분기말 값,월별 단순평균(근사),월별: 분기말 값,월별: 분기말 값
2020Q3,2020-09-30,창원,국가,비금속,80.0,261.0,,41.6,5.0,5.0,-31.62393162393162,-6.451612903225811,True,True,True,False,1,data_portal_monthly,data_portal_monthly,data_portal_monthly,data_portal_monthly,data_portal_monthly,0,0,0,0,0,0,0,0,0,0,0,0,0,0,0,월별 3개월 합,월별: 분기말 값,월별 단순평균(근사),월별: 분기말 값,월별: 분기말 값
2020Q3,2020-09-30,창원,국가,석유화학,401.0,526.0,,78.5,34.0,32.0,-5.424528301886788,0.19047619047618536,True,True,True,False,1,data_portal_monthly,data_portal_monthly,data_portal_monthly,data_portal_monthly,data_portal_monthly,0,0,0,0,0,0,0,0,0,0,0,0,0,0,0,월별 3개월 합,월별: 분기말 값,월별 단순평균(근사),월별: 분기말 값,월별: 분기말 값
2020Q3,2020-09-30,창원,국가,섬유의복,0.0,5.0,,,7.0,5.0,,,False,False,False,False,1,data_portal_monthly,data_portal_monthly,data_portal_monthly,data_portal_monthly,data_portal_monthly,0,0,0,0,0,0,0,0,0,0,0,0,0,0,0,월별 3개월 합,월별: 분기말 값,월별 단순평균(근사),월별: 분기말 값,월별: 분기말 값
2020Q3,2020-09-30,창원,국가,운송장비,29390.0,17799.0,,86.2,256.0,250.0,34.649745727768355,11.837888784165873,True,True,True,False,1,data_portal_monthly,data_portal_monthly,data_portal_monthly,data_portal_monthly,data_portal_monthly,0,0,0,0,0,0,0,0,0,0,0,0,0,0,0,월별 3개월 합,월별: 분기말 값,월별 단순평균(근사),월별: 분기말 값,월별: 분기말 값
2020Q3,2020-09-30,창원,국가,음식료,760.0,650.0,,73.6,6.0,4.0,-5.940594059405946,-4.129793510324486,True,True,True,False,1,data_portal_monthly,data_portal_monthly,data_portal_monthly,data_portal_monthly,data_portal_monthly,0,0,0,0,0,0,0,0,0,0,0,0,0,0,0,월별 3개월 합,월별: 분기말 값,월별 단순평균(근사),월별: 분기말 값,월별: 분기말 값
2020Q3,2020-09-30,창원,국가,전기전자,25010.0,25441.0,,82.9,538.0,507.0,6.575190693314026,3.15870570107859,True,True,True,False,1,data_portal_monthly,data_portal_monthly,data_portal_monthly,data_portal_monthly,data_portal_monthly,0,0,0,0,0,0,0,0,0,0,0,0,0,0,0,월별 3개월 합,월별: 분기말 값,월별 단순평균(근사),월별: 분기말 값,월별: 분기말 값
2020Q3,2020-09-30,창원,국가,철강,13047.0,5343.0,,79.2,76.0,75.0,17.561722832942884,-1.4570269273330827,True,True,True,False,1,data_portal_monthly,data_portal_monthly,data_portal_monthly,data_portal_monthly,data_portal_monthly,0,0,0,0,0,0,0,0,0,0,0,0,0,0,0,월별 3개월 합,월별: 분기말 값,월별 단순평균(근사),월별: 분기말 값,월별: 분기말 값
2020Q4,2020-12-31,창원,국가,기계,39733.0,65635.0,,76.3,1539.0,1447.0,-0.8682418103340694,-12.116383696641853,True,True,True,False,0,data_portal_monthly,data_portal_monthly,data_portal_monthly,data_portal_monthly,data_portal_monthly,0,0,0,0,0,0,0,0,0,0,0,0,0,0,0,월별 3개월 합,월별: 분기말 값,월별 단순평균(근사),월별: 분기말 값,월별: 분기말 값
2020Q4,2020-12-31,창원,국가,기타,184.0,232.0,,96.6,24.0,24.0,397.2972972972973,74.4360902255639,True,True,True,True,0,data_portal_monthly,data_portal_monthly,data_portal_monthly,data_portal_monthly,data_portal_monthly,0,0,0,0,0,0,0,0,0,0,0,0,0,0,0,월별 3개월 합,월별: 분기말 값,월별 단순평균(근사),월별: 분기말 값,월별: 분기말 값
2020Q4,2020-12-31,창원,국가,목재종이,127.0,280.0,,87.2,37.0,34.0,64.93506493506493,7.279693486590033,True,True,True,True,0,data_portal_monthly,data_portal_monthly,data_portal_monthly,data_portal_monthly,data_portal_monthly,0,0,0,0,0,0,0,0,0,0,0,0,0,0,0,월별 3개월 합,월별: 분기말 값,월별 단순평균(근사),월별: 분기말 값,월별: 분기말 값
2020Q4,2020-12-31,창원,국가,비금속,135.0,272.0,,35.1,5.0,5.0,3.053435114503822,-2.1582733812949617,True,True,True,False,0,data_portal_monthly,data_portal_monthly,data_portal_monthly,data_portal_monthly,data_portal_monthly,0,0,0,0,0,0,0,0,0,0,0,0,0,0,0,월별 3개월 합,월별: 분기말 값,월별 단순평균(근사),월별: 분기말 값,월별: 분기말 값
2020Q4,2020-12-31,창원,국가,석유화학,427.0,477.0,,79.4,39.0,35.0,-3.828828828828834,-9.659090909090907,True,True,True,False,0,data_portal_monthly,data_portal_monthly,data_portal_monthly,data_portal_monthly,data_portal_monthly,0,0,0,0,0,0,0,0,0,0,0,0,0,0,0,월별 3개월 합,월별: 분기말 값,월별 단순평균(근사),월별: 분기말 값,월별: 분기말 값
2020Q4,2020-12-31,창원,국가,섬유의복,0.0,44.0,,25.0,10.0,9.0,,,False,False,False,False,0,data_portal_monthly,data_portal_monthly,data_portal_monthly,data_portal_monthly,data_portal_monthly,0,0,0,0,0,0,0,0,0,0,0,0,0,0,0,월별 3개월 합,월별: 분기말 값,월별 단순평균(근사),월별: 분기말 값,월별: 분기말 값
2020Q4,2020-12-31,창원,국가,운송장비,26656.0,16013.0,,86.8,257.0,249.0,16.922537064654787,0.7867573011077544,True,True,True,False,0,data_portal_monthly,data_portal_monthly,data_portal_monthly,data_portal_monthly,data_portal_monthly,0,0,0,0,0,0,0,0,0,0,0,0,0,0,0,월별 3개월 합,월별: 분기말 값,월별 단순평균(근사),월별: 분기말 값,월별: 분기말 값
2020Q4,2020-12-31,창원,국가,음식료,1032.0,765.0,,78.5,7.0,4.0,22.711058263971463,2.1361815754339153,True,True,True,False,0,data_portal_monthly,data_portal_monthly,data_portal_monthly,data_portal_monthly,data_portal_monthly,0,0,0,0,0,0,0,0,0,0,0,0,0,0,0,월별 3개월 합,월별: 분기말 값,월별 단순평균(근사),월별: 분기말 값,월별: 분기말 값
2020Q4,2020-12-31,창원,국가,전기전자,23418.0,24842.0,,81.2,541.0,507.0,0.49349869115564715,0.49352750809061874,True,True,True,False,0,data_portal_monthly,data_portal_monthly,data_portal_monthly,data_portal_monthly,data_portal_monthly,0,0,0,0,0,0,0,0,0,0,0,0,0,0,0,월별 3개월 합,월별: 분기말 값,월별 단순평균(근사),월별: 분기말 값,월별: 분기말 값
2020Q4,2020-12-31,창원,국가,철강,14640.0,9491.0,,86.5,74.0,73.0,15.630676881762895,75.01382998340402,True,True,True,True,0,data_portal_monthly,data_portal_monthly,data_portal_monthly,data_portal_monthly,data_portal_monthly,0,0,0,0,0,0,0,0,0,0,0,0,0,0,0,월별 3개월 합,월별: 분기말 값,월별 단순평균(근사),월별: 분기말 값,월별: 분기말 값
2021Q1,2021-03-31,창원,국가,기계,39493.49277,65199.0,,76.46793236,1558.0,1473.0,0.717874043660105,-11.955112623561826,True,True,True,False,0,data_portal_monthly,data_portal_monthly,data_portal_monthly,data_portal_monthly,data_portal_monthly,0,0,0,0,0,0,0,0,0,0,0,0,0,0,0,월별 3개월 합,월별: 분기말 값,월별 단순평균(근사),월별: 분기말 값,월별: 분기말 값
2021Q1,2021-03-31,창원,국가,기타,182.26055556,198.0,,88.90714873,27.0,27.0,367.3347578461539,44.52554744525548,True,True,True,True,0,data_portal_monthly,data_portal_monthly,data_portal_monthly,data_portal_monthly,data_portal_monthly,0,0,0,0,0,0,0,0,0,0,0,0,0,0,0,월별 3개월 합,월별: 분기말 값,월별 단순평균(근사),월별: 분기말 값,월별: 분기말 값
2021Q1,2021-03-31,창원,국가,목재종이,122.35222222,261.0,,81.04503266,41.0,35.0,88.23418803076923,1.953125,True,True,True,True,0,data_portal_monthly,data_portal_monthly,data_portal_monthly,data_portal_monthly,data_portal_monthly,0,0,0,0,0,0,0,0,0,0,0,0,0,0,0,월별 3개월 합,월별: 분기말 값,월별 단순평균(근사),월별: 분기말 값,월별: 분기말 값
2021Q1,2021-03-31,창원,국가,비금속,104.315,273.0,,28.34442384,5.0,5.0,-0.6523809523809598,1.8656716417910557,True,True,True,False,0,data_portal_monthly,data_portal_monthly,data_portal_monthly,data_portal_monthly,data_portal_monthly,0,0,0,0,0,0,0,0,0,0,0,0,0,0,0,월별 3개월 합,월별: 분기말 값,월별 단순평균(근사),월별: 분기말 값,월별: 분기말 값
2021Q1,2021-03-31,창원,국가,석유화학,419.6266667,488.0,,82.33678116,40.0,38.0,-0.797478321513001,-7.224334600760452,True,True,True,False,0,data_portal_monthly,data_portal_monthly,data_portal_monthly,data_portal_monthly,data_portal_monthly,0,0,0,0,0,0,0,0,0,0,0,0,0,0,0,월별 3개월 합,월별: 분기말 값,월별 단순평균(근사),월별: 분기말 값,월별: 분기말 값
2021Q1,2021-03-31,창원,국가,섬유의복,0.75,44.0,,25.0,10.0,10.0,,,False,False,False,False,0,data_portal_monthly,data_portal_monthly,data_portal_monthly,data_portal_monthly,data_portal_monthly,0,0,0,0,0,0,0,0,0,0,0,0,0,0,0,월별 3개월 합,월별: 분기말 값,월별 단순평균(근사),월별: 분기말 값,월별: 분기말 값
2021Q1,2021-03-31,창원,국가,운송장비,25648.142856,15774.0,,87.64767789,247.0,245.0,-11.83781501443696,-11.47154562801661,True,True,True,False,0,data_portal_monthly,data_portal_monthly,data_portal_monthly,data_portal_monthly,data_portal_monthly,0,0,0,0,0,0,0,0,0,0,0,0,0,0,0,월별 3개월 합,월별: 분기말 값,월별 단순평균(근사),월별: 분기말 값,월별: 분기말 값
2021Q1,2021-03-31,창원,국가,음식료,1115.35,719.0,,97.98423765,8.0,4.0,51.748299319727884,12.519561815336466,True,True,True,True,0,data_portal_monthly,data_portal_monthly,data_portal_monthly,data_portal_monthly,data_portal_monthly,0,0,0,0,0,0,0,0,0,0,0,0,0,0,0,월별 3개월 합,월별: 분기말 값,월별 단순평균(근사),월별: 분기말 값,월별: 분기말 값
2021Q1,2021-03-31,창원,국가,전기전자,24992.083839,24654.0,,77.64485116,559.0,527.0,3.3627686794325706,-2.8107383608625414,True,True,True,False,0,data_portal_monthly,data_portal_monthly,data_portal_monthly,data_portal_monthly,data_portal_monthly,0,0,0,0,0,0,0,0,0,0,0,0,0,0,0,월별 3개월 합,월별: 분기말 값,월별 단순평균(근사),월별: 분기말 값,월별: 분기말 값
2021Q1,2021-03-31,창원,국가,철강,13751.96,9404.0,,79.37359069,76.0,73.0,8.146901541365192,74.27724240177909,True,True,True,True,0,data_portal_monthly,data_portal_monthly,data_portal_monthly,data_portal_monthly,data_portal_monthly,0,0,0,0,0,0,0,0,0,0,0,0,0,0,0,월별 3개월 합,월별: 분기말 값,월별 단순평균(근사),월별: 분기말 값,월별: 분기말 값
2021Q2,2021-06-30,창원,국가,기계,43263.61685,64728.0,,78.6214481,1529.0,1461.0,20.41754856936093,-9.791788611087881,True,True,True,False,0,data_portal_monthly,data_portal_monthly,data_portal_monthly,data_portal_monthly,data_portal_monthly,0,0,0,0,0,0,0,0,0,0,0,0,0,0,0,월별 3개월 합,월별: 분기말 값,월별 단순평균(근사),월별: 분기말 값,월별: 분기말 값
2021Q2,2021-06-30,창원,국가,기타,164.20666667,197.0,,71.00322397,27.0,27.0,264.9037037111111,43.795620437956195,True,True,True,True,0,data_portal_monthly,data_portal_monthly,data_portal_monthly,data_portal_monthly,data_portal_monthly,0,0,0,0,0,0,0,0,0,0,0,0,0,0,0,월별 3개월 합,월별: 분기말 값,월별 단순평균(근사),월별: 분기말 값,월별: 분기말 값
2021Q2,2021-06-30,창원,국가,목재종이,118.15666666999999,264.0,,82.01119607,43.0,36.0,107.29239766666664,12.82051282051282,True,True,True,True,0,data_portal_monthly,data_portal_monthly,data_portal_monthly,data_portal_monthly,data_portal_monthly,0,0,0,0,0,0,0,0,0,0,0,0,0,0,0,월별 3개월 합,월별: 분기말 값,월별 단순평균(근사),월별: 분기말 값,월별: 분기말 값
2021Q2,2021-06-30,창원,국가,비금속,130.345,267.0,,30.38612199,5.0,5.0,44.827777777777776,-0.3731343283582045,True,True,True,True,0,data_portal_monthly,data_portal_monthly,data_portal_monthly,data_portal_monthly,data_portal_monthly,0,0,0,0,0,0,0,0,0,0,0,0,0,0,0,월별 3개월 합,월별: 분기말 값,월별 단순평균(근사),월별: 분기말 값,월별: 분기말 값
2021Q2,2021-06-30,창원,국가,석유화학,513.22,501.0,,88.16599732,40.0,38.0,37.22459893048129,-4.206500956022941,True,True,True,False,0,data_portal_monthly,data_portal_monthly,data_portal_monthly,data_portal_monthly,data_portal_monthly,0,0,0,0,0,0,0,0,0,0,0,0,0,0,0,월별 3개월 합,월별: 분기말 값,월별 단순평균(근사),월별: 분기말 값,월별: 분기말 값
2021Q2,2021-06-30,창원,국가,섬유의복,0.75,44.0,,25.0,11.0,11.0,,,False,False,False,False,0,data_portal_monthly,data_portal_monthly,data_portal_monthly,data_portal_monthly,data_portal_monthly,0,0,0,0,0,0,0,0,0,0,0,0,0,0,0,월별 3개월 합,월별: 분기말 값,월별 단순평균(근사),월별: 분기말 값,월별: 분기말 값
2021Q2,2021-06-30,창원,국가,운송장비,26004.347619,16070.0,,85.666171,241.0,239.0,-7.378730520729448,-9.434174932371509,True,True,True,False,0,data_portal_monthly,data_portal_monthly,data_portal_monthly,data_portal_monthly,data_portal_monthly,0,0,0,0,0,0,0,0,0,0,0,0,0,0,0,월별 3개월 합,월별: 분기말 값,월별 단순평균(근사),월별: 분기말 값,월별: 분기말 값
2021Q2,2021-06-30,창원,국가,음식료,1191.9816667,789.0,,92.81679666,9.0,5.0,67.17835437587658,7.493188010899177,True,True,True,True,0,data_portal_monthly,data_portal_monthly,data_portal_monthly,data_portal_monthly,data_portal_monthly,0,0,0,0,0,0,0,0,0,0,0,0,0,0,0,월별 3개월 합,월별: 분기말 값,월별 단순평균(근사),월별: 분기말 값,월별: 분기말 값
2021Q2,2021-06-30,창원,국가,전기전자,25849.345404,24671.0,,77.94209021,563.0,539.0,10.746520731759567,-3.140826822661069,True,True,True,False,0,data_portal_monthly,data_portal_monthly,data_portal_monthly,data_portal_monthly,data_portal_monthly,0,0,0,0,0,0,0,0,0,0,0,0,0,0,0,월별 3개월 합,월별: 분기말 값,월별 단순평균(근사),월별: 분기말 값,월별: 분기말 값
2021Q2,2021-06-30,창원,국가,철강,15842.77,9387.0,,80.52590019,78.0,75.0,27.18986833654464,76.38105975197294,True,True,True,True,0,data_portal_monthly,data_portal_monthly,data_portal_monthly,data_portal_monthly,data_portal_monthly,0,0,0,0,0,0,0,0,0,0,0,0,0,0,0,월별 3개월 합,월별: 분기말 값,월별 단순평균(근사),월별: 분기말 값,월별: 분기말 값
2021Q3,2021-09-30,창원,국가,기계,41697.10204,64112.0,,73.0787431,1521.0,1458.0,20.896207712380388,-9.35286382852376,True,True,True,False,0,data_portal_monthly,data_portal_monthly,data_portal_monthly,data_portal_monthly,data_portal_monthly,0,0,0,0,0,0,0,0,0,0,0,0,0,0,0,월별 3개월 합,월별: 분기말 값,월별 단순평균(근사),월별: 분기말 값,월별: 분기말 값
2021Q3,2021-09-30,창원,국가,기타,152.16333334,200.0,,67.61230469,27.0,26.0,130.55050506060607,48.14814814814814,True,True,True,True,0,data_portal_monthly,data_portal_monthly,data_portal_monthly,data_portal_monthly,data_portal_monthly,0,0,0,0,0,0,0,0,0,0,0,0,0,0,0,월별 3개월 합,월별: 분기말 값,월별 단순평균(근사),월별: 분기말 값,월별: 분기말 값
2021Q3,2021-09-30,창원,국가,목재종이,126.64666667,261.0,,86.37647348,43.0,39.0,101.02645503174602,12.987012987012992,True,True,True,True,0,data_portal_monthly,data_portal_monthly,data_portal_monthly,data_portal_monthly,data_portal_monthly,0,0,0,0,0,0,0,0,0,0,0,0,0,0,0,월별 3개월 합,월별: 분기말 값,월별 단순평균(근사),월별: 분기말 값,월별: 분기말 값
2021Q3,2021-09-30,창원,국가,비금속,120.83500000000001,267.0,,29.05055027,5.0,5.0,51.04375000000001,2.298850574712641,True,True,True,True,0,data_portal_monthly,data_portal_monthly,data_portal_monthly,data_portal_monthly,data_portal_monthly,0,0,0,0,0,0,0,0,0,0,0,0,0,0,0,월별 3개월 합,월별: 분기말 값,월별 단순평균(근사),월별: 분기말 값,월별: 분기말 값
2021Q3,2021-09-30,창원,국가,석유화학,541.4266666999999,509.0,,85.04802719,41.0,38.0,35.01911887780547,-3.2319391634980987,True,True,True,False,0,data_portal_monthly,data_portal_monthly,data_portal_monthly,data_portal_monthly,data_portal_monthly,0,0,0,0,0,0,0,0,0,0,0,0,0,0,0,월별 3개월 합,월별: 분기말 값,월별 단순평균(근사),월별: 분기말 값,월별: 분기말 값
2021Q3,2021-09-30,창원,국가,섬유의복,0.75,44.0,,25.0,12.0,11.0,,780.0000000000001,False,True,False,True,0,data_portal_monthly,data_portal_monthly,data_portal_monthly,data_portal_monthly,data_portal_monthly,0,0,0,0,0,0,0,0,0,0,0,0,0,0,0,월별 3개월 합,월별: 분기말 값,월별 단순평균(근사),월별: 분기말 값,월별: 분기말 값
2021Q3,2021-09-30,창원,국가,운송장비,26161.816888,15747.0,,85.10614585,241.0,239.0,-10.983950704321188,-11.528737569526381,True,True,True,False,0,data_portal_monthly,data_portal_monthly,data_portal_monthly,data_portal_monthly,data_portal_monthly,0,0,0,0,0,0,0,0,0,0,0,0,0,0,0,월별 3개월 합,월별: 분기말 값,월별 단순평균(근사),월별: 분기말 값,월별: 분기말 값
2021Q3,2021-09-30,창원,국가,음식료,1134.7550001,728.0,,89.49508612,9.0,6.0,49.30986843421052,12.00000000000001,True,True,True,True,0,data_portal_monthly,data_portal_monthly,data_portal_monthly,data_portal_monthly,data_portal_monthly,0,0,0,0,0,0,0,0,0,0,0,0,0,0,0,월별 3개월 합,월별: 분기말 값,월별 단순평균(근사),월별: 분기말 값,월별: 분기말 값
2021Q3,2021-09-30,창원,국가,전기전자,26665.911161,24641.0,,83.36709297,568.0,542.0,6.620996245501809,-3.1445304822923625,True,True,True,False,0,data_portal_monthly,data_portal_monthly,data_portal_monthly,data_portal_monthly,data_portal_monthly,0,0,0,0,0,0,0,0,0,0,0,0,0,0,0,월별 3개월 합,월별: 분기말 값,월별 단순평균(근사),월별: 분기말 값,월별: 분기말 값
2021Q3,2021-09-30,창원,국가,철강,16108.686667,9436.0,,73.5071671,78.0,75.0,23.46659513298077,76.60490361220289,True,True,True,True,0,data_portal_monthly,data_portal_monthly,data_portal_monthly,data_portal_monthly,data_portal_monthly,0,0,0,0,0,0,0,0,0,0,0,0,0,0,0,월별 3개월 합,월별: 분기말 값,월별 단순평균(근사),월별: 분기말 값,월별: 분기말 값
2021Q4,2021-12-31,창원,국가,기계,47110.82155,63534.0,,84.31408647,1510.0,1461.0,18.5684986031762,-3.201036032604554,True,True,True,False,0,data_portal_monthly,data_portal_monthly,data_portal_monthly,data_portal_monthly,data_portal_monthly,0,0,0,0,0,0,0,0,0,0,0,0,0,0,0,월별 3개월 합,월별: 분기말 값,월별 단순평균(근사),월별: 분기말 값,월별: 분기말 값
2021Q4,2021-12-31,창원,국가,기타,159.39000001,196.0,,82.74701309,25.0,24.0,-13.374999994565218,-15.517241379310342,True,True,True,True,0,data_portal_monthly,data_portal_monthly,data_portal_monthly,data_portal_monthly,data_portal_monthly,0,0,0,0,0,0,0,0,0,0,0,0,0,0,0,월별 3개월 합,월별: 분기말 값,월별 단순평균(근사),월별: 분기말 값,월별: 분기말 값
2021Q4,2021-12-31,창원,국가,목재종이,137.88,267.0,,86.21139626,43.0,39.0,8.56692913385826,-4.642857142857137,True,True,True,False,0,data_portal_monthly,data_portal_monthly,data_portal_monthly,data_portal_monthly,data_portal_monthly,0,0,0,0,0,0,0,0,0,0,0,0,0,0,0,월별 3개월 합,월별: 분기말 값,월별 단순평균(근사),월별: 분기말 값,월별: 분기말 값
2021Q4,2021-12-31,창원,국가,비금속,126.025,266.0,,47.72766847,5.0,5.0,-6.648148148148147,-2.2058823529411797,True,True,True,False,0,data_portal_monthly,data_portal_monthly,data_portal_monthly,data_portal_monthly,data_portal_monthly,0,0,0,0,0,0,0,0,0,0,0,0,0,0,0,월별 3개월 합,월별: 분기말 값,월별 단순평균(근사),월별: 분기말 값,월별: 분기말 값
2021Q4,2021-12-31,창원,국가,석유화학,620.8466667,508.0,,91.82943868,41.0,40.0,45.39734583138173,6.498951781970641,True,True,True,True,0,data_portal_monthly,data_portal_monthly,data_portal_monthly,data_portal_monthly,data_portal_monthly,0,0,0,0,0,0,0,0,0,0,0,0,0,0,0,월별 3개월 합,월별: 분기말 값,월별 단순평균(근사),월별: 분기말 값,월별: 분기말 값
2021Q4,2021-12-31,창원,국가,섬유의복,1.5,39.0,,50.0,12.0,11.0,,-11.363636363636365,False,True,False,False,0,data_portal_monthly,data_portal_monthly,data_portal_monthly,data_portal_monthly,data_portal_monthly,0,0,0,0,0,0,0,0,0,0,0,0,0,0,0,월별 3개월 합,월별: 분기말 값,월별 단순평균(근사),월별: 분기말 값,월별: 분기말 값
2021Q4,2021-12-31,창원,국가,운송장비,27174.136159,15652.0,,86.59720197,243.0,242.0,1.9437881114946043,-2.2544182851433225,True,True,True,False,0,data_portal_monthly,data_portal_monthly,data_portal_monthly,data_portal_monthly,data_portal_monthly,0,0,0,0,0,0,0,0,0,0,0,0,0,0,0,월별 3개월 합,월별: 분기말 값,월별 단순평균(근사),월별: 분기말 값,월별: 분기말 값
2021Q4,2021-12-31,창원,국가,음식료,1188.6050000999999,790.0,,96.13459032,9.0,6.0,15.174903110465099,3.267973856209161,True,True,True,False,0,data_portal_monthly,data_portal_monthly,data_portal_monthly,data_portal_monthly,data_portal_monthly,0,0,0,0,0,0,0,0,0,0,0,0,0,0,0,월별 3개월 합,월별: 분기말 값,월별 단순평균(근사),월별: 분기말 값,월별: 분기말 값
2021Q4,2021-12-31,창원,국가,전기전자,28240.524192,25019.0,,82.36508047,571.0,543.0,20.593236792211123,0.7125030190805903,True,True,True,False,0,data_portal_monthly,data_portal_monthly,data_portal_monthly,data_portal_monthly,data_portal_monthly,0,0,0,0,0,0,0,0,0,0,0,0,0,0,0,월별 3개월 합,월별: 분기말 값,월별 단순평균(근사),월별: 분기말 값,월별: 분기말 값
2021Q4,2021-12-31,창원,국가,철강,18098.580001,9443.0,,83.3513943,79.0,75.0,23.62418033469944,-0.5057422821620472,True,True,True,False,0,data_portal_monthly,data_portal_monthly,data_portal_monthly,data_portal_monthly,data_portal_monthly,0,0,0,0,0,0,0,0,0,0,0,0,0,0,0,월별 3개월 합,월별: 분기말 값,월별 단순평균(근사),월별: 분기말 값,월별: 분기말 값
2022Q1,2022-03-31,창원,국가,기계,45395.66533,62805.0,,77.73051687,1511.0,1455.0,14.944670997758426,-3.6718354575990375,True,True,True,False,0,data_portal_monthly,data_portal_monthly,data_portal_monthly,data_portal_monthly,data_portal_monthly,0,0,0,0,0,0,0,0,0,0,0,0,0,0,0,월별 3개월 합,월별: 분기말 값,월별 단순평균(근사),월별: 분기말 값,월별: 분기말 값
2022Q1,2022-03-31,창원,국가,기타,161.92000001,195.0,,77.52522324,25.0,24.0,-11.160152281717316,-1.5151515151515138,True,True,True,False,0,data_portal_monthly,data_portal_monthly,data_portal_monthly,data_portal_monthly,data_portal_monthly,0,0,0,0,0,0,0,0,0,0,0,0,0,0,0,월별 3개월 합,월별: 분기말 값,월별 단순평균(근사),월별: 분기말 값,월별: 분기말 값
2022Q1,2022-03-31,창원,국가,목재종이,135.06666666,267.0,,86.50453956,43.0,40.0,10.391674306608278,2.298850574712641,True,True,True,False,0,data_portal_monthly,data_portal_monthly,data_portal_monthly,data_portal_monthly,data_portal_monthly,0,0,0,0,0,0,0,0,0,0,0,0,0,0,0,월별 3개월 합,월별: 분기말 값,월별 단순평균(근사),월별: 분기말 값,월별: 분기말 값
2022Q1,2022-03-31,창원,국가,비금속,115.695,263.0,,52.93643946,5.0,5.0,10.909265206346163,-3.663003663003661,True,True,True,False,0,data_portal_monthly,data_portal_monthly,data_portal_monthly,data_portal_monthly,data_portal_monthly,0,0,0,0,0,0,0,0,0,0,0,0,0,0,0,월별 3개월 합,월별: 분기말 값,월별 단순평균(근사),월별: 분기말 값,월별: 분기말 값
2022Q1,2022-03-31,창원,국가,석유화학,517.0966667,508.0,,72.51020746,39.0,38.0,23.22778977954787,4.098360655737698,True,True,True,False,0,data_portal_monthly,data_portal_monthly,data_portal_monthly,data_portal_monthly,data_portal_monthly,0,0,0,0,0,0,0,0,0,0,0,0,0,0,0,월별 3개월 합,월별: 분기말 값,월별 단순평균(근사),월별: 분기말 값,월별: 분기말 값
2022Q1,2022-03-31,창원,국가,섬유의복,1.5,39.0,,50.0,10.0,9.0,100.0,-11.363636363636365,True,True,True,True,0,data_portal_monthly,data_portal_monthly,data_portal_monthly,data_portal_monthly,data_portal_monthly,0,0,0,0,0,0,0,0,0,0,0,0,0,0,0,월별 3개월 합,월별: 분기말 값,월별 단순평균(근사),월별: 분기말 값,월별: 분기말 값
2022Q1,2022-03-31,창원,국가,운송장비,26878.613143000002,15500.0,,90.57298391,244.0,240.0,4.797502469899695,-1.7370356282490174,True,True,True,False,0,data_portal_monthly,data_portal_monthly,data_portal_monthly,data_portal_monthly,data_portal_monthly,0,0,0,0,0,0,0,0,0,0,0,0,0,0,0,월별 3개월 합,월별: 분기말 값,월별 단순평균(근사),월별: 분기말 값,월별: 분기말 값
2022Q1,2022-03-31,창원,국가,음식료,1158.8600000000001,733.0,,95.90321823,9.0,6.0,3.9010176177881606,1.9471488178025131,True,True,True,False,0,data_portal_monthly,data_portal_monthly,data_portal_monthly,data_portal_monthly,data_portal_monthly,0,0,0,0,0,0,0,0,0,0,0,0,0,0,0,월별 3개월 합,월별: 분기말 값,월별 단순평균(근사),월별: 분기말 값,월별: 분기말 값
2022Q1,2022-03-31,창원,국가,전기전자,31403.87944,27459.0,,87.793593,567.0,538.0,25.655306065332706,11.377464103188117,True,True,True,False,0,data_portal_monthly,data_portal_monthly,data_portal_monthly,data_portal_monthly,data_portal_monthly,0,0,0,0,0,0,0,0,0,0,0,0,0,0,0,월별 3개월 합,월별: 분기말 값,월별 단순평균(근사),월별: 분기말 값,월별: 분기말 값
2022Q1,2022-03-31,창원,국가,철강,18189.790001,9525.0,,85.41205661,79.0,75.0,32.270527263022885,1.286686516376001,True,True,True,False,0,data_portal_monthly,data_portal_monthly,data_portal_monthly,data_portal_monthly,data_portal_monthly,0,0,0,0,0,0,0,0,0,0,0,0,0,0,0,월별 3개월 합,월별: 분기말 값,월별 단순평균(근사),월별: 분기말 값,월별: 분기말 값
2022Q2,2022-06-30,창원,국가,기계,46598.71267,62203.0,,80.90615908,1522.0,1457.0,7.70877717312255,-3.9009393152885874,True,True,True,False,0,data_portal_monthly,data_portal_monthly,data_portal_monthly,data_portal_monthly,data_portal_monthly,0,0,0,0,0,0,0,0,0,0,0,0,0,0,0,월별 3개월 합,월별: 분기말 값,월별 단순평균(근사),월별: 분기말 값,월별: 분기말 값
2022Q2,2022-06-30,창원,국가,기타,130.69000001,194.0,,78.53378616,25.0,24.0,-20.411270345897215,-1.5228426395939132,True,True,True,False,0,data_portal_monthly,data_portal_monthly,data_portal_monthly,data_portal_monthly,data_portal_monthly,0,0,0,0,0,0,0,0,0,0,0,0,0,0,0,월별 3개월 합,월별: 분기말 값,월별 단순평균(근사),월별: 분기말 값,월별: 분기말 값
2022Q2,2022-06-30,창원,국가,목재종이,134.97,267.0,,88.38133069,43.0,40.0,14.229695034439317,1.1363636363636465,True,True,True,False,0,data_portal_monthly,data_portal_monthly,data_portal_monthly,data_portal_monthly,data_portal_monthly,0,0,0,0,0,0,0,0,0,0,0,0,0,0,0,월별 3개월 합,월별: 분기말 값,월별 단순평균(근사),월별: 분기말 값,월별: 분기말 값
2022Q2,2022-06-30,창원,국가,비금속,137.225,259.0,,41.9707846,5.0,5.0,5.278299896428695,-2.9962546816479363,True,True,True,False,0,data_portal_monthly,data_portal_monthly,data_portal_monthly,data_portal_monthly,data_portal_monthly,0,0,0,0,0,0,0,0,0,0,0,0,0,0,0,월별 3개월 합,월별: 분기말 값,월별 단순평균(근사),월별: 분기말 값,월별: 분기말 값
2022Q2,2022-06-30,창원,국가,석유화학,683.0533334,516.0,,81.79766405,40.0,39.0,33.09172156190328,2.9940119760478945,True,True,True,False,0,data_portal_monthly,data_portal_monthly,data_portal_monthly,data_portal_monthly,data_portal_monthly,0,0,0,0,0,0,0,0,0,0,0,0,0,0,0,월별 3개월 합,월별: 분기말 값,월별 단순평균(근사),월별: 분기말 값,월별: 분기말 값
2022Q2,2022-06-30,창원,국가,섬유의복,2.4000000000000004,39.0,,80.0,9.0,8.0,220.00000000000006,-11.363636363636365,True,True,True,True,0,data_portal_monthly,data_portal_monthly,data_portal_monthly,data_portal_monthly,data_portal_monthly,0,0,0,0,0,0,0,0,0,0,0,0,0,0,0,월별 3개월 합,월별: 분기말 값,월별 단순평균(근사),월별: 분기말 값,월별: 분기말 값
2022Q2,2022-06-30,창원,국가,운송장비,27717.628937,15657.0,,90.06301838,243.0,240.0,6.588441837118797,-2.570006222775356,True,True,True,False,0,data_portal_monthly,data_portal_monthly,data_portal_monthly,data_portal_monthly,data_portal_monthly,0,0,0,0,0,0,0,0,0,0,0,0,0,0,0,월별 3개월 합,월별: 분기말 값,월별 단순평균(근사),월별: 분기말 값,월별: 분기말 값
2022Q2,2022-06-30,창원,국가,음식료,1246.4099999999999,797.0,,95.86259542,9.0,6.0,4.56620557350389,1.0139416983523386,True,True,True,False,0,data_portal_monthly,data_portal_monthly,data_portal_monthly,data_portal_monthly,data_portal_monthly,0,0,0,0,0,0,0,0,0,0,0,0,0,0,0,월별 3개월 합,월별: 분기말 값,월별 단순평균(근사),월별: 분기말 값,월별: 분기말 값
2022Q2,2022-06-30,창원,국가,전기전자,30777.93363,27441.0,,76.10766722,571.0,545.0,19.06658814361053,11.227757285882213,True,True,True,False,0,data_portal_monthly,data_portal_monthly,data_portal_monthly,data_portal_monthly,data_portal_monthly,0,0,0,0,0,0,0,0,0,0,0,0,0,0,0,월별 3개월 합,월별: 분기말 값,월별 단순평균(근사),월별: 분기말 값,월별: 분기말 값
2022Q2,2022-06-30,창원,국가,철강,20095.32,9475.0,,81.38437066,79.0,75.0,26.842212567625488,0.9374667092787892,True,True,True,False,0,data_portal_monthly,data_portal_monthly,data_portal_monthly,data_portal_monthly,data_portal_monthly,0,0,0,0,0,0,0,0,0,0,0,0,0,0,0,월별 3개월 합,월별: 분기말 값,월별 단순평균(근사),월별: 분기말 값,월별: 분기말 값
2022Q3,2022-09-30,창원,국가,기계,45784.71976,61680.0,,76.31102524,1512.0,1444.0,9.803121847841489,-3.7933616171699547,True,True,True,False,0,data_portal_monthly,data_portal_monthly,data_portal_monthly,data_portal_monthly,data_portal_monthly,0,0,0,0,0,0,0,0,0,0,0,0,0,0,0,월별 3개월 합,월별: 분기말 값,월별 단순평균(근사),월별: 분기말 값,월별: 분기말 값
2022Q3,2022-09-30,창원,국가,기타,132.36000001,194.0,,78.92982355,24.0,23.0,-13.014523864136596,-3.0000000000000027,True,True,True,False,0,data_portal_monthly,data_portal_monthly,data_portal_monthly,data_portal_monthly,data_portal_monthly,0,0,0,0,0,0,0,0,0,0,0,0,0,0,0,월별 3개월 합,월별: 분기말 값,월별 단순평균(근사),월별: 분기말 값,월별: 분기말 값
2022Q3,2022-09-30,창원,국가,목재종이,137.53666666,267.0,,88.20415879,45.0,39.0,8.598726106527387,2.298850574712641,True,True,True,False,0,data_portal_monthly,data_portal_monthly,data_portal_monthly,data_portal_monthly,data_portal_monthly,0,0,0,0,0,0,0,0,0,0,0,0,0,0,0,월별 3개월 합,월별: 분기말 값,월별 단순평균(근사),월별: 분기말 값,월별: 분기말 값
2022Q3,2022-09-30,창원,국가,비금속,161.555,257.0,,47.36730022,5.0,5.0,33.69884553316507,-3.745318352059923,True,True,True,False,0,data_portal_monthly,data_portal_monthly,data_portal_monthly,data_portal_monthly,data_portal_monthly,0,0,0,0,0,0,0,0,0,0,0,0,0,0,0,월별 3개월 합,월별: 분기말 값,월별 단순평균(근사),월별: 분기말 값,월별: 분기말 값
2022Q3,2022-09-30,창원,국가,석유화학,657.2433333,521.0,,71.51071089,43.0,39.0,21.39101631360414,2.357563850687616,True,True,True,False,0,data_portal_monthly,data_portal_monthly,data_portal_monthly,data_portal_monthly,data_portal_monthly,0,0,0,0,0,0,0,0,0,0,0,0,0,0,0,월별 3개월 합,월별: 분기말 값,월별 단순평균(근사),월별: 분기말 값,월별: 분기말 값
2022Q3,2022-09-30,창원,국가,섬유의복,2.97,39.0,,100.0,9.0,8.0,296.00000000000006,-11.363636363636365,True,True,True,True,0,data_portal_monthly,data_portal_monthly,data_portal_monthly,data_portal_monthly,data_portal_monthly,0,0,0,0,0,0,0,0,0,0,0,0,0,0,0,월별 3개월 합,월별: 분기말 값,월별 단순평균(근사),월별: 분기말 값,월별: 분기말 값
2022Q3,2022-09-30,창원,국가,운송장비,28600.85946,15628.0,,92.01615978,246.0,243.0,9.322909729250295,-0.7556994983171417,True,True,True,False,0,data_portal_monthly,data_portal_monthly,data_portal_monthly,data_portal_monthly,data_portal_monthly,0,0,0,0,0,0,0,0,0,0,0,0,0,0,0,월별 3개월 합,월별: 분기말 값,월별 단순평균(근사),월별: 분기말 값,월별: 분기말 값
2022Q3,2022-09-30,창원,국가,음식료,1292.0900000000001,770.0,,87.81845754,9.0,6.0,13.865107436066392,5.769230769230771,True,True,True,False,0,data_portal_monthly,data_portal_monthly,data_portal_monthly,data_portal_monthly,data_portal_monthly,0,0,0,0,0,0,0,0,0,0,0,0,0,0,0,월별 3개월 합,월별: 분기말 값,월별 단순평균(근사),월별: 분기말 값,월별: 분기말 값
2022Q3,2022-09-30,창원,국가,전기전자,30343.699500000002,26880.0,,80.67564574,570.0,542.0,13.792097021529571,9.08648187979384,True,True,True,False,0,data_portal_monthly,data_portal_monthly,data_portal_monthly,data_portal_monthly,data_portal_monthly,0,0,0,0,0,0,0,0,0,0,0,0,0,0,0,월별 3개월 합,월별: 분기말 값,월별 단순평균(근사),월별: 분기말 값,월별: 분기말 값
2022Q3,2022-09-30,창원,국가,철강,17584.4,9443.0,,69.31380158,80.0,75.0,9.160978567067946,0.07418397626113293,True,True,True,False,0,data_portal_monthly,data_portal_monthly,data_portal_monthly,data_portal_monthly,data_portal_monthly,0,0,0,0,0,0,0,0,0,0,0,0,0,0,0,월별 3개월 합,월별: 분기말 값,월별 단순평균(근사),월별: 분기말 값,월별: 분기말 값
2022Q4,2022-12-31,창원,국가,기계,43131.31384666667,60589.0,,77.9403692296882,1521.0,1455.0,-8.447120157116705,-4.635313375515471,True,True,True,False,0,kicox_annual_revision,kicox_annual_revision,kicox_annual_revision,kicox_annual_revision,kicox_annual_revision,1,1,1,1,1,0,0,0,0,0,0,0,0,0,0,보정본: 월별 3개월 합,보정본: 월별: 분기말 값,보정본: 월별 단순평균(근사),보정본: 월별: 분기말 값,보정본: 월별: 분기말 값
2022Q4,2022-12-31,창원,국가,기타,97.7825,158.0,,83.29490718526534,24.0,23.0,-38.65204843850605,-19.387755102040817,True,True,True,True,0,kicox_annual_revision,kicox_annual_revision,kicox_annual_revision,kicox_annual_revision,kicox_annual_revision,1,1,1,1,1,0,0,0,0,0,0,0,0,0,0,보정본: 월별 3개월 합,보정본: 월별: 분기말 값,보정본: 월별 단순평균(근사),보정본: 월별: 분기말 값,보정본: 월별: 분기말 값
2022Q4,2022-12-31,창원,국가,목재종이,69.14124999999999,263.0,,76.02979319150306,45.0,40.0,-49.854039744705545,-1.4981273408239737,True,True,True,True,0,kicox_annual_revision,kicox_annual_revision,kicox_annual_revision,kicox_annual_revision,kicox_annual_revision,1,1,1,1,1,0,0,0,0,0,0,0,0,0,0,보정본: 월별 3개월 합,보정본: 월별: 분기말 값,보정본: 월별 단순평균(근사),보정본: 월별: 분기말 값,보정본: 월별: 분기말 값
2022Q4,2022-12-31,창원,국가,비금속,144.14499999999998,257.0,,50.84295421136765,5.0,5.0,14.37809958341596,-3.383458646616544,True,True,True,False,0,kicox_annual_revision,kicox_annual_revision,kicox_annual_revision,kicox_annual_revision,kicox_annual_revision,1,1,1,1,1,0,0,0,0,0,0,0,0,0,0,보정본: 월별 3개월 합,보정본: 월별: 분기말 값,보정본: 월별 단순평균(근사),보정본: 월별: 분기말 값,보정본: 월별: 분기말 값
2022Q4,2022-12-31,창원,국가,석유화학,885.7425,564.0,,85.51131730419269,44.0,40.0,42.66686889180007,11.023622047244096,True,True,True,True,0,kicox_annual_revision,kicox_annual_revision,kicox_annual_revision,kicox_annual_revision,kicox_annual_revision,1,1,1,1,1,0,0,0,0,0,0,0,0,0,0,보정본: 월별 3개월 합,보정본: 월별: 분기말 값,보정본: 월별 단순평균(근사),보정본: 월별: 분기말 값,보정본: 월별: 분기말 값
2022Q4,2022-12-31,창원,국가,섬유의복,11.9725,64.0,,100.0,9.0,8.0,698.1666666666666,64.1025641025641,True,True,True,True,0,kicox_annual_revision,kicox_annual_revision,kicox_annual_revision,kicox_annual_revision,kicox_annual_revision,1,1,1,1,1,0,0,0,0,0,0,0,0,0,0,보정본: 월별 3개월 합,보정본: 월별: 분기말 값,보정본: 월별 단순평균(근사),보정본: 월별: 분기말 값,보정본: 월별: 분기말 값
2022Q4,2022-12-31,창원,국가,운송장비,38041.10960633333,16045.0,,93.3321226539203,247.0,242.0,39.99013394114541,2.5108612317914725,True,True,True,False,0,kicox_annual_revision,kicox_annual_revision,kicox_annual_revision,kicox_annual_revision,kicox_annual_revision,1,1,1,1,1,0,0,0,0,0,0,0,0,0,0,보정본: 월별 3개월 합,보정본: 월별: 분기말 값,보정본: 월별 단순평균(근사),보정본: 월별: 분기말 값,보정본: 월별: 분기말 값
2022Q4,2022-12-31,창원,국가,음식료,1584.72,924.0,,92.08697562524418,8.0,5.0,33.32604186139838,16.962025316455698,True,True,True,True,0,kicox_annual_revision,kicox_annual_revision,kicox_annual_revision,kicox_annual_revision,kicox_annual_revision,1,1,1,1,1,0,0,0,0,0,0,0,0,0,0,보정본: 월별 3개월 합,보정본: 월별: 분기말 값,보정본: 월별 단순평균(근사),보정본: 월별: 분기말 값,보정본: 월별: 분기말 값
2022Q4,2022-12-31,창원,국가,전기전자,26050.990760750003,24311.0,,79.32264643075656,570.0,545.0,-7.7531614369617525,-2.8298493145209602,True,True,True,False,0,kicox_annual_revision,kicox_annual_revision,kicox_annual_revision,kicox_annual_revision,kicox_annual_revision,1,1,1,1,1,0,0,0,0,0,0,0,0,0,0,보정본: 월별 3개월 합,보정본: 월별: 분기말 값,보정본: 월별 단순평균(근사),보정본: 월별: 분기말 값,보정본: 월별: 분기말 값
2022Q4,2022-12-31,창원,국가,철강,15341.4745,9158.0,,81.01602545241803,79.0,74.0,-15.233822216149884,-3.0181086519114664,True,True,True,False,0,kicox_annual_revision,kicox_annual_revision,kicox_annual_revision,kicox_annual_revision,kicox_annual_revision,1,1,1,1,1,0,0,0,0,0,0,0,0,0,0,보정본: 월별 3개월 합,보정본: 월별: 분기말 값,보정본: 월별 단순평균(근사),보정본: 월별: 분기말 값,보정본: 월별: 분기말 값
2023Q1,2023-03-31,창원,국가,기계,43783.11930276925,56683.0,,75.82136824877699,1525.0,1455.0,-3.5522026508665205,-9.747631557996971,True,True,True,False,0,kicox_annual_revision,kicox_annual_revision,kicox_annual_revision,kicox_annual_revision,kicox_annual_revision,1,1,1,1,1,0,0,0,0,0,0,0,0,0,0,보정본: 월별 3개월 합,보정본: 월별: 분기말 값,보정본: 월별 단순평균(근사),보정본: 월별: 분기말 값,보정본: 월별: 분기말 값
2023Q1,2023-03-31,창원,국가,기타,77.53250000000001,147.0,,67.40051724512638,24.0,22.0,-52.11678607015089,-24.615384615384617,True,True,True,True,0,kicox_annual_revision,kicox_annual_revision,kicox_annual_revision,kicox_annual_revision,kicox_annual_revision,1,1,1,1,1,0,0,0,0,0,0,0,0,0,0,보정본: 월별 3개월 합,보정본: 월별: 분기말 값,보정본: 월별 단순평균(근사),보정본: 월별: 분기말 값,보정본: 월별: 분기말 값
2023Q1,2023-03-31,창원,국가,목재종이,68.37,258.0,,61.787146470687844,44.0,39.0,-49.38055281092698,-3.3707865168539297,True,True,True,True,0,kicox_annual_revision,kicox_annual_revision,kicox_annual_revision,kicox_annual_revision,kicox_annual_revision,1,1,1,1,1,0,0,0,0,0,0,0,0,0,0,보정본: 월별 3개월 합,보정본: 월별: 분기말 값,보정본: 월별 단순평균(근사),보정본: 월별: 분기말 값,보정본: 월별: 분기말 값
2023Q1,2023-03-31,창원,국가,비금속,152.485,256.0,,53.51662951983209,5.0,5.0,31.799127014996344,-2.6615969581749055,True,True,True,False,0,kicox_annual_revision,kicox_annual_revision,kicox_annual_revision,kicox_annual_revision,kicox_annual_revision,1,1,1,1,1,0,0,0,0,0,0,0,0,0,0,보정본: 월별 3개월 합,보정본: 월별: 분기말 값,보정본: 월별 단순평균(근사),보정본: 월별: 분기말 값,보정본: 월별: 분기말 값
2023Q1,2023-03-31,창원,국가,석유화학,871.9124999999999,624.0,,60.95741049013469,44.0,41.0,68.6169252577779,22.83464566929134,True,True,True,True,0,kicox_annual_revision,kicox_annual_revision,kicox_annual_revision,kicox_annual_revision,kicox_annual_revision,1,1,1,1,1,0,0,0,0,0,0,0,0,0,0,보정본: 월별 3개월 합,보정본: 월별: 분기말 값,보정본: 월별 단순평균(근사),보정본: 월별: 분기말 값,보정본: 월별: 분기말 값
2023Q1,2023-03-31,창원,국가,섬유의복,7.105,53.0,,100.0,8.0,7.0,373.66666666666674,35.897435897435905,True,True,True,True,0,kicox_annual_revision,kicox_annual_revision,kicox_annual_revision,kicox_annual_revision,kicox_annual_revision,1,1,1,1,1,0,0,0,0,0,0,0,0,0,0,보정본: 월별 3개월 합,보정본: 월별: 분기말 값,보정본: 월별 단순평균(근사),보정본: 월별: 분기말 값,보정본: 월별: 분기말 값
2023Q1,2023-03-31,창원,국가,운송장비,36202.67666263637,16916.0,,92.48257670235238,245.0,242.0,34.689526092846926,9.135483870967743,True,True,True,False,0,kicox_annual_revision,kicox_annual_revision,kicox_annual_revision,kicox_annual_revision,kicox_annual_revision,1,1,1,1,1,0,0,0,0,0,0,0,0,0,0,보정본: 월별 3개월 합,보정본: 월별: 분기말 값,보정본: 월별 단순평균(근사),보정본: 월별: 분기말 값,보정본: 월별: 분기말 값
2023Q1,2023-03-31,창원,국가,음식료,1561.18,859.0,,89.11143911324119,8.0,5.0,34.716876930776785,17.189631650750336,True,True,True,True,0,kicox_annual_revision,kicox_annual_revision,kicox_annual_revision,kicox_annual_revision,kicox_annual_revision,1,1,1,1,1,0,0,0,0,0,0,0,0,0,0,보정본: 월별 3개월 합,보정본: 월별: 분기말 값,보정본: 월별 단순평균(근사),보정본: 월별: 분기말 값,보정본: 월별: 분기말 값
2023Q1,2023-03-31,창원,국가,전기전자,32541.056987750002,28812.0,,75.42965424181767,577.0,544.0,3.6211371589382146,4.927346225281326,True,True,True,False,0,kicox_annual_revision,kicox_annual_revision,kicox_annual_revision,kicox_annual_revision,kicox_annual_revision,1,1,1,1,1,0,0,0,0,0,0,0,0,0,0,보정본: 월별 3개월 합,보정본: 월별: 분기말 값,보정본: 월별 단순평균(근사),보정본: 월별: 분기말 값,보정본: 월별: 분기말 값
2023Q1,2023-03-31,창원,국가,철강,16124.712499999998,9115.0,,90.27035056580856,80.0,75.0,-11.352948554581854,-4.304461942257221,True,True,True,False,0,kicox_annual_revision,kicox_annual_revision,kicox_annual_revision,kicox_annual_revision,kicox_annual_revision,1,1,1,1,1,0,0,0,0,0,0,0,0,0,0,보정본: 월별 3개월 합,보정본: 월별: 분기말 값,보정본: 월별 단순평균(근사),보정본: 월별: 분기말 값,보정본: 월별: 분기말 값
2023Q2,2023-06-30,창원,국가,기계,46779.95319025642,56736.0,,78.0547293009608,1530.0,1460.0,0.3889388995355292,-8.788965162451968,True,True,True,False,0,kicox_annual_revision,kicox_annual_revision,kicox_annual_revision,kicox_annual_revision,kicox_annual_revision,1,1,1,1,1,0,0,0,0,0,0,0,0,0,0,보정본: 월별 3개월 합,보정본: 월별: 분기말 값,보정본: 월별 단순평균(근사),보정본: 월별: 분기말 값,보정본: 월별: 분기말 값
2023Q2,2023-06-30,창원,국가,기타,78.78250000000001,158.0,,65.89548700385443,25.0,23.0,-39.718035049375,-18.556701030927837,True,True,True,True,0,kicox_annual_revision,kicox_annual_revision,kicox_annual_revision,kicox_annual_revision,kicox_annual_revision,1,1,1,1,1,0,0,0,0,0,0,0,0,0,0,보정본: 월별 3개월 합,보정본: 월별: 분기말 값,보정본: 월별 단순평균(근사),보정본: 월별: 분기말 값,보정본: 월별: 분기말 값
2023Q2,2023-06-30,창원,국가,목재종이,64.205,258.0,,71.8779736915757,44.0,39.0,-52.43016966733348,-3.3707865168539297,True,True,True,True,0,kicox_annual_revision,kicox_annual_revision,kicox_annual_revision,kicox_annual_revision,kicox_annual_revision,1,1,1,1,1,0,0,0,0,0,0,0,0,0,0,보정본: 월별 3개월 합,보정본: 월별: 분기말 값,보정본: 월별 단순평균(근사),보정본: 월별: 분기말 값,보정본: 월별: 분기말 값
2023Q2,2023-06-30,창원,국가,비금속,170.315,251.0,,56.23159505279668,5.0,5.0,24.113681909273097,-3.0888030888030937,True,True,True,False,0,kicox_annual_revision,kicox_annual_revision,kicox_annual_revision,kicox_annual_revision,kicox_annual_revision,1,1,1,1,1,0,0,0,0,0,0,0,0,0,0,보정본: 월별 3개월 합,보정본: 월별: 분기말 값,보정본: 월별 단순평균(근사),보정본: 월별: 분기말 값,보정본: 월별: 분기말 값
2023Q2,2023-06-30,창원,국가,석유화학,991.6875,625.0,,74.07561010908357,42.0,40.0,45.18449021597293,21.12403100775193,True,True,True,True,0,kicox_annual_revision,kicox_annual_revision,kicox_annual_revision,kicox_annual_revision,kicox_annual_revision,1,1,1,1,1,0,0,0,0,0,0,0,0,0,0,보정본: 월별 3개월 합,보정본: 월별: 분기말 값,보정본: 월별 단순평균(근사),보정본: 월별: 분기말 값,보정본: 월별: 분기말 값
2023Q2,2023-06-30,창원,국가,섬유의복,8.975,44.0,,100.0,8.0,7.0,273.95833333333326,12.82051282051282,True,True,True,True,0,kicox_annual_revision,kicox_annual_revision,kicox_annual_revision,kicox_annual_revision,kicox_annual_revision,1,1,1,1,1,0,0,0,0,0,0,0,0,0,0,보정본: 월별 3개월 합,보정본: 월별: 분기말 값,보정본: 월별 단순평균(근사),보정본: 월별: 분기말 값,보정본: 월별: 분기말 값
2023Q2,2023-06-30,창원,국가,운송장비,40053.868995363635,16513.0,,92.5159709313861,244.0,240.0,44.50683745858255,5.467203167912116,True,True,True,True,0,kicox_annual_revision,kicox_annual_revision,kicox_annual_revision,kicox_annual_revision,kicox_annual_revision,1,1,1,1,1,0,0,0,0,0,0,0,0,0,0,보정본: 월별 3개월 합,보정본: 월별: 분기말 값,보정본: 월별 단순평균(근사),보정본: 월별: 분기말 값,보정본: 월별: 분기말 값
2023Q2,2023-06-30,창원,국가,음식료,1522.72,909.0,,89.05397356657603,8.0,5.0,22.16846783963544,14.052697616060229,True,True,True,False,0,kicox_annual_revision,kicox_annual_revision,kicox_annual_revision,kicox_annual_revision,kicox_annual_revision,1,1,1,1,1,0,0,0,0,0,0,0,0,0,0,보정본: 월별 3개월 합,보정본: 월별: 분기말 값,보정본: 월별 단순평균(근사),보정본: 월별: 분기말 값,보정본: 월별: 분기말 값
2023Q2,2023-06-30,창원,국가,전기전자,33166.19101575,28674.0,,75.13633064590066,587.0,554.0,7.759641743531831,4.493276484093145,True,True,True,False,0,kicox_annual_revision,kicox_annual_revision,kicox_annual_revision,kicox_annual_revision,kicox_annual_revision,1,1,1,1,1,0,0,0,0,0,0,0,0,0,0,보정본: 월별 3개월 합,보정본: 월별: 분기말 값,보정본: 월별 단순평균(근사),보정본: 월별: 분기말 값,보정본: 월별: 분기말 값
2023Q2,2023-06-30,창원,국가,철강,17383.534499999998,9192.0,,88.67485291161101,79.0,75.0,-13.494612178357956,-2.9868073878628,True,True,True,False,0,kicox_annual_revision,kicox_annual_revision,kicox_annual_revision,kicox_annual_revision,kicox_annual_revision,1,1,1,1,1,0,0,0,0,0,0,0,0,0,0,보정본: 월별 3개월 합,보정본: 월별: 분기말 값,보정본: 월별 단순평균(근사),보정본: 월별: 분기말 값,보정본: 월별: 분기말 값
2023Q3,2023-09-30,창원,국가,기계,44858.85667900002,56526.0,,75.99927126026344,1525.0,1456.0,-2.0222097805846273,-8.356031128404673,True,True,True,False,0,kicox_annual_revision,kicox_annual_revision,kicox_annual_revision,kicox_annual_revision,kicox_annual_revision,1,1,1,1,1,0,0,0,0,0,0,0,0,0,0,보정본: 월별 3개월 합,보정본: 월별: 분기말 값,보정본: 월별 단순평균(근사),보정본: 월별: 분기말 값,보정본: 월별: 분기말 값
2023Q3,2023-09-30,창원,국가,기타,77.53250000000001,170.0,,59.62547824582316,26.0,23.0,-41.42301299928807,-12.371134020618557,True,True,True,True,0,kicox_annual_revision,kicox_annual_revision,kicox_annual_revision,kicox_annual_revision,kicox_annual_revision,1,1,1,1,1,0,0,0,0,0,0,0,0,0,0,보정본: 월별 3개월 합,보정본: 월별: 분기말 값,보정본: 월별 단순평균(근사),보정본: 월별: 분기말 값,보정본: 월별: 분기말 값
2023Q3,2023-09-30,창원,국가,목재종이,74.61500000000001,252.0,,76.57918585348939,48.0,43.0,-45.749012381946585,-5.61797752808989,True,True,True,True,0,kicox_annual_revision,kicox_annual_revision,kicox_annual_revision,kicox_annual_revision,kicox_annual_revision,1,1,1,1,1,0,0,0,0,0,0,0,0,0,0,보정본: 월별 3개월 합,보정본: 월별: 분기말 값,보정본: 월별 단순평균(근사),보정본: 월별: 분기말 값,보정본: 월별: 분기말 값
2023Q3,2023-09-30,창원,국가,비금속,150.64499999999998,251.0,,52.62173788328099,5.0,5.0,-6.753118133143532,-2.3346303501945553,True,True,True,False,0,kicox_annual_revision,kicox_annual_revision,kicox_annual_revision,kicox_annual_revision,kicox_annual_revision,1,1,1,1,1,0,0,0,0,0,0,0,0,0,0,보정본: 월별 3개월 합,보정본: 월별: 분기말 값,보정본: 월별 단순평균(근사),보정본: 월별: 분기말 값,보정본: 월별: 분기말 값
2023Q3,2023-09-30,창원,국가,석유화학,1000.6624999999999,627.0,,74.47053942371916,42.0,40.0,52.25144924265752,20.345489443378128,True,True,True,True,0,kicox_annual_revision,kicox_annual_revision,kicox_annual_revision,kicox_annual_revision,kicox_annual_revision,1,1,1,1,1,0,0,0,0,0,0,0,0,0,0,보정본: 월별 3개월 합,보정본: 월별: 분기말 값,보정본: 월별 단순평균(근사),보정본: 월별: 분기말 값,보정본: 월별: 분기말 값
2023Q3,2023-09-30,창원,국가,섬유의복,7.915,39.0,,100.0,8.0,7.0,166.49831649831648,0.0,True,True,True,True,0,kicox_annual_revision,kicox_annual_revision,kicox_annual_revision,kicox_annual_revision,kicox_annual_revision,1,1,1,1,1,0,0,0,0,0,0,0,0,0,0,보정본: 월별 3개월 합,보정본: 월별: 분기말 값,보정본: 월별 단순평균(근사),보정본: 월별: 분기말 값,보정본: 월별: 분기말 값
2023Q3,2023-09-30,창원,국가,운송장비,39080.14339936363,16734.0,,91.28132388357078,246.0,239.0,36.63975187186082,7.077041208088053,True,True,True,False,0,kicox_annual_revision,kicox_annual_revision,kicox_annual_revision,kicox_annual_revision,kicox_annual_revision,1,1,1,1,1,0,0,0,0,0,0,0,0,0,0,보정본: 월별 3개월 합,보정본: 월별: 분기말 값,보정본: 월별 단순평균(근사),보정본: 월별: 분기말 값,보정본: 월별: 분기말 값
2023Q3,2023-09-30,창원,국가,음식료,1523.8700000000001,868.0,,87.90179898913426,8.0,5.0,17.93837890549419,12.72727272727272,True,True,True,False,0,kicox_annual_revision,kicox_annual_revision,kicox_annual_revision,kicox_annual_revision,kicox_annual_revision,1,1,1,1,1,0,0,0,0,0,0,0,0,0,0,보정본: 월별 3개월 합,보정본: 월별: 분기말 값,보정본: 월별 단순평균(근사),보정본: 월별: 분기말 값,보정본: 월별: 분기말 값
2023Q3,2023-09-30,창원,국가,전기전자,34407.77379875,28830.0,,75.64661996273509,589.0,555.0,13.393470030738985,7.254464285714279,True,True,True,False,0,kicox_annual_revision,kicox_annual_revision,kicox_annual_revision,kicox_annual_revision,kicox_annual_revision,1,1,1,1,1,0,0,0,0,0,0,0,0,0,0,보정본: 월별 3개월 합,보정본: 월별: 분기말 값,보정본: 월별 단순평균(근사),보정본: 월별: 분기말 값,보정본: 월별: 분기말 값
2023Q3,2023-09-30,창원,국가,철강,15843.7605,9191.0,,71.41515073201658,80.0,75.0,-9.898771069811884,-2.6686434395848724,True,True,True,False,0,kicox_annual_revision,kicox_annual_revision,kicox_annual_revision,kicox_annual_revision,kicox_annual_revision,1,1,1,1,1,0,0,0,0,0,0,0,0,0,0,보정본: 월별 3개월 합,보정본: 월별: 분기말 값,보정본: 월별 단순평균(근사),보정본: 월별: 분기말 값,보정본: 월별: 분기말 값
2023Q4,2023-12-31,창원,국가,기계,,56487.0,,78.86420553665049,1528.0,1459.0,,-6.770205812936336,False,True,False,False,0,kicox_annual_revision,kicox_annual_revision,kicox_annual_revision,kicox_annual_revision,kicox_annual_revision,1,1,1,1,1,1,0,0,0,0,0,0,0,0,0,보정본: 월별 비공개(X) 포함 -> 분기 결측,보정본: 월별: 분기말 값,보정본: 월별 단순평균(근사),보정본: 월별: 분기말 값,보정본: 월별: 분기말 값
2023Q4,2023-12-31,창원,국가,기타,,170.0,,59.62547824582316,26.0,23.0,,7.594936708860756,False,True,False,False,0,kicox_annual_revision,kicox_annual_revision,kicox_annual_revision,kicox_annual_revision,kicox_annual_revision,1,1,1,1,1,1,0,0,0,0,0,0,0,0,0,보정본: 월별 비공개(X) 포함 -> 분기 결측,보정본: 월별: 분기말 값,보정본: 월별 단순평균(근사),보정본: 월별: 분기말 값,보정본: 월별: 분기말 값
2023Q4,2023-12-31,창원,국가,목재종이,,239.0,,71.53558052434458,48.0,43.0,,-9.125475285171103,False,True,False,False,0,kicox_annual_revision,kicox_annual_revision,kicox_annual_revision,kicox_annual_revision,kicox_annual_revision,1,1,1,1,1,1,0,0,0,0,0,0,0,0,0,보정본: 월별 비공개(X) 포함 -> 분기 결측,보정본: 월별: 분기말 값,보정본: 월별 단순평균(근사),보정본: 월별: 분기말 값,보정본: 월별: 분기말 값
2023Q4,2023-12-31,창원,국가,비금속,,251.0,,59.250303783251354,5.0,5.0,,-2.3346303501945553,False,True,False,False,0,kicox_annual_revision,kicox_annual_revision,kicox_annual_revision,kicox_annual_revision,kicox_annual_revision,1,1,1,1,1,1,0,0,0,0,0,0,0,0,0,보정본: 월별 비공개(X) 포함 -> 분기 결측,보정본: 월별: 분기말 값,보정본: 월별 단순평균(근사),보정본: 월별: 분기말 값,보정본: 월별: 분기말 값
2023Q4,2023-12-31,창원,국가,석유화학,,633.0,,76.8577744044061,43.0,42.0,,12.234042553191493,False,True,False,False,0,kicox_annual_revision,kicox_annual_revision,kicox_annual_revision,kicox_annual_revision,kicox_annual_revision,1,1,1,1,1,1,0,0,0,0,0,0,0,0,0,보정본: 월별 비공개(X) 포함 -> 분기 결측,보정본: 월별: 분기말 값,보정본: 월별 단순평균(근사),보정본: 월별: 분기말 값,보정본: 월별: 분기말 값
2023Q4,2023-12-31,창원,국가,섬유의복,,38.0,,100.0,8.0,7.0,,-40.625,False,True,False,True,0,kicox_annual_revision,kicox_annual_revision,kicox_annual_revision,kicox_annual_revision,kicox_annual_revision,1,1,1,1,1,1,0,0,0,0,0,0,0,0,0,보정본: 월별 비공개(X) 포함 -> 분기 결측,보정본: 월별: 분기말 값,보정본: 월별 단순평균(근사),보정본: 월별: 분기말 값,보정본: 월별: 분기말 값
2023Q4,2023-12-31,창원,국가,운송장비,,16819.0,,92.08951956140015,244.0,241.0,,4.823932689311317,False,True,False,False,0,kicox_annual_revision,kicox_annual_revision,kicox_annual_revision,kicox_annual_revision,kicox_annual_revision,1,1,1,1,1,1,0,0,0,0,0,0,0,0,0,보정본: 월별 비공개(X) 포함 -> 분기 결측,보정본: 월별: 분기말 값,보정본: 월별 단순평균(근사),보정본: 월별: 분기말 값,보정본: 월별: 분기말 값
2023Q4,2023-12-31,창원,국가,음식료,,913.0,,91.04249953095034,8.0,5.0,,-1.1904761904761862,False,True,False,False,0,kicox_annual_revision,kicox_annual_revision,kicox_annual_revision,kicox_annual_revision,kicox_annual_revision,1,1,1,1,1,1,0,0,0,0,0,0,0,0,0,보정본: 월별 비공개(X) 포함 -> 분기 결측,보정본: 월별: 분기말 값,보정본: 월별 단순평균(근사),보정본: 월별: 분기말 값,보정본: 월별: 분기말 값
2023Q4,2023-12-31,창원,국가,전기전자,,28777.0,,75.58760597291217,592.0,559.0,,18.370285056147416,False,True,False,True,0,kicox_annual_revision,kicox_annual_revision,kicox_annual_revision,kicox_annual_revision,kicox_annual_revision,1,1,1,1,1,1,0,0,0,0,0,0,0,0,0,보정본: 월별 비공개(X) 포함 -> 분기 결측,보정본: 월별: 분기말 값,보정본: 월별 단순평균(근사),보정본: 월별: 분기말 값,보정본: 월별: 분기말 값
2023Q4,2023-12-31,창원,국가,철강,,9184.0,,67.41598136385112,81.0,75.0,,0.2839047827036367,False,True,False,False,0,kicox_annual_revision,kicox_annual_revision,kicox_annual_revision,kicox_annual_revision,kicox_annual_revision,1,1,1,1,1,1,0,0,0,0,0,0,0,0,0,보정본: 월별 비공개(X) 포함 -> 분기 결측,보정본: 월별: 분기말 값,보정본: 월별 단순평균(근사),보정본: 월별: 분기말 값,보정본: 월별: 분기말 값
2024Q1,2024-03-31,창원,국가,기계,50754.041424,56321.0,,76.30885327240794,1536.0,1469.0,15.921483512916002,-0.6386394509817706,True,True,True,False,0,kicox_annual_revision,kicox_annual_revision,kicox_annual_revision,kicox_annual_revision,kicox_annual_revision,1,1,1,1,1,0,0,0,0,0,0,0,0,0,0,보정본: 월별 3개월 합,보정본: 월별: 분기말 값,보정본: 월별 단순평균(근사),보정본: 월별: 분기말 값,보정본: 월별: 분기말 값
2024Q1,2024-03-31,창원,국가,기타,78.53250000000001,173.0,,64.03653932376722,26.0,23.0,1.2897817044465132,17.68707482993197,True,True,True,True,0,kicox_annual_revision,kicox_annual_revision,kicox_annual_revision,kicox_annual_revision,kicox_annual_revision,1,1,1,1,1,0,0,0,0,0,0,0,0,0,0,보정본: 월별 3개월 합,보정본: 월별: 분기말 값,보정본: 월별 단순평균(근사),보정본: 월별: 분기말 값,보정본: 월별: 분기말 값
2024Q1,2024-03-31,창원,국가,목재종이,80.165,239.0,,74.97182629500344,48.0,43.0,17.251718590024858,-7.36434108527132,True,True,True,False,0,kicox_annual_revision,kicox_annual_revision,kicox_annual_revision,kicox_annual_revision,kicox_annual_revision,1,1,1,1,1,0,0,0,0,0,0,0,0,0,0,보정본: 월별 3개월 합,보정본: 월별: 분기말 값,보정본: 월별 단순평균(근사),보정본: 월별: 분기말 값,보정본: 월별: 분기말 값
2024Q1,2024-03-31,창원,국가,비금속,145.145,250.0,,49.16586216825025,5.0,5.0,-4.813588221792308,-2.34375,True,True,True,False,0,kicox_annual_revision,kicox_annual_revision,kicox_annual_revision,kicox_annual_revision,kicox_annual_revision,1,1,1,1,1,0,0,0,0,0,0,0,0,0,0,보정본: 월별 3개월 합,보정본: 월별: 분기말 값,보정본: 월별 단순평균(근사),보정본: 월별: 분기말 값,보정본: 월별: 분기말 값
2024Q1,2024-03-31,창원,국가,석유화학,843.7024999999999,634.0,,75.92698000589452,42.0,41.0,-3.235416397861024,1.6025641025640969,True,True,True,False,0,kicox_annual_revision,kicox_annual_revision,kicox_annual_revision,kicox_annual_revision,kicox_annual_revision,1,1,1,1,1,0,0,0,0,0,0,0,0,0,0,보정본: 월별 3개월 합,보정본: 월별: 분기말 값,보정본: 월별 단순평균(근사),보정본: 월별: 분기말 값,보정본: 월별: 분기말 값
2024Q1,2024-03-31,창원,국가,섬유의복,8.535,38.0,,96.62860250135945,8.0,7.0,20.126671358198458,-28.301886792452834,True,True,True,True,0,kicox_annual_revision,kicox_annual_revision,kicox_annual_revision,kicox_annual_revision,kicox_annual_revision,1,1,1,1,1,0,0,0,0,0,0,0,0,0,0,보정본: 월별 3개월 합,보정본: 월별: 분기말 값,보정본: 월별 단순평균(근사),보정본: 월별: 분기말 값,보정본: 월별: 분기말 값
2024Q1,2024-03-31,창원,국가,운송장비,36734.521823363626,16925.0,,91.55905142520355,244.0,240.0,1.4690769019191308,0.05320406715536574,True,True,True,False,0,kicox_annual_revision,kicox_annual_revision,kicox_annual_revision,kicox_annual_revision,kicox_annual_revision,1,1,1,1,1,0,0,0,0,0,0,0,0,0,0,보정본: 월별 3개월 합,보정본: 월별: 분기말 값,보정본: 월별 단순평균(근사),보정본: 월별: 분기말 값,보정본: 월별: 분기말 값
2024Q1,2024-03-31,창원,국가,음식료,1541.0900000000001,878.0,,88.57493818682833,8.0,5.0,-1.286847128454116,2.211874272409786,True,True,True,False,0,kicox_annual_revision,kicox_annual_revision,kicox_annual_revision,kicox_annual_revision,kicox_annual_revision,1,1,1,1,1,0,0,0,0,0,0,0,0,0,0,보정본: 월별 3개월 합,보정본: 월별: 분기말 값,보정본: 월별 단순평균(근사),보정본: 월별: 분기말 값,보정본: 월별: 분기말 값
2024Q1,2024-03-31,창원,국가,전기전자,35508.87570375001,29221.0,,74.82780376119773,593.0,556.0,9.120228384459782,1.4195474108010586,True,True,True,False,0,kicox_annual_revision,kicox_annual_revision,kicox_annual_revision,kicox_annual_revision,kicox_annual_revision,1,1,1,1,1,0,0,0,0,0,0,0,0,0,0,보정본: 월별 3개월 합,보정본: 월별: 분기말 값,보정본: 월별 단순평균(근사),보정본: 월별: 분기말 값,보정본: 월별: 분기말 값
2024Q1,2024-03-31,창원,국가,철강,14707.2125,9313.0,,67.80483980236379,78.0,73.0,-8.790854410582504,2.1722435545803664,True,True,True,False,0,kicox_annual_revision,kicox_annual_revision,kicox_annual_revision,kicox_annual_revision,kicox_annual_revision,1,1,1,1,1,0,0,0,0,0,0,0,0,0,0,보정본: 월별 3개월 합,보정본: 월별: 분기말 값,보정본: 월별 단순평균(근사),보정본: 월별: 분기말 값,보정본: 월별: 분기말 값
2024Q2,2024-06-30,창원,국가,기계,54973.246754750035,58282.0,79.53408182108247,,1546.0,1466.0,17.514539895264704,2.7249012972363262,True,True,True,False,0,kicox_annual_revision,kicox_annual_revision,kicox_annual_revision,kicox_annual_revision,kicox_annual_revision,1,1,1,1,1,0,0,0,0,0,0,0,0,0,0,보정본: 분기공표,보정본: 분기공표,보정본: 분기공표,보정본: 분기공표,보정본: 분기공표
2024Q2,2024-06-30,창원,국가,기타,80.16083333333333,173.0,70.91630235249883,,26.0,22.0,1.7495425168448708,9.493670886075956,True,True,True,False,0,kicox_annual_revision,kicox_annual_revision,kicox_annual_revision,kicox_annual_revision,kicox_annual_revision,1,1,1,1,1,0,0,0,0,0,0,0,0,0,0,보정본: 분기공표,보정본: 분기공표,보정본: 분기공표,보정본: 분기공표,보정본: 분기공표
2024Q2,2024-06-30,창원,국가,목재종이,80.875,237.0,76.22525918944392,,48.0,43.0,25.963709991433692,-8.139534883720934,True,True,True,False,0,kicox_annual_revision,kicox_annual_revision,kicox_annual_revision,kicox_annual_revision,kicox_annual_revision,1,1,1,1,1,0,0,0,0,0,0,0,0,0,0,보정본: 분기공표,보정본: 분기공표,보정본: 분기공표,보정본: 분기공표,보정본: 분기공표
2024Q2,2024-06-30,창원,국가,비금속,179.545,233.0,59.31156368201114,,6.0,5.0,5.419369990899203,-7.171314741035861,True,True,True,False,0,kicox_annual_revision,kicox_annual_revision,kicox_annual_revision,kicox_annual_revision,kicox_annual_revision,1,1,1,1,1,0,0,0,0,0,0,0,0,0,0,보정본: 분기공표,보정본: 분기공표,보정본: 분기공표,보정본: 분기공표,보정본: 분기공표
2024Q2,2024-06-30,창원,국가,석유화학,901.9691666666665,628.0,81.1704269767407,,43.0,41.0,-9.047036826957433,0.47999999999999154,True,True,True,False,0,kicox_annual_revision,kicox_annual_revision,kicox_annual_revision,kicox_annual_revision,kicox_annual_revision,1,1,1,1,1,0,0,0,0,0,0,0,0,0,0,보정본: 분기공표,보정본: 분기공표,보정본: 분기공표,보정본: 분기공표,보정본: 분기공표
2024Q2,2024-06-30,창원,국가,섬유의복,8.355,38.0,90.86460032626428,,9.0,7.0,-6.908077994428963,-13.636363636363635,True,True,True,False,0,kicox_annual_revision,kicox_annual_revision,kicox_annual_revision,kicox_annual_revision,kicox_annual_revision,1,1,1,1,1,0,0,0,0,0,0,0,0,0,0,보정본: 분기공표,보정본: 분기공표,보정본: 분기공표,보정본: 분기공표,보정본: 분기공표
2024Q2,2024-06-30,창원,국가,운송장비,39643.61302627273,16805.0,91.283876842257,,243.0,237.0,-1.0242605255896597,1.7683037606734064,True,True,True,False,0,kicox_annual_revision,kicox_annual_revision,kicox_annual_revision,kicox_annual_revision,kicox_annual_revision,1,1,1,1,1,0,0,0,0,0,0,0,0,0,0,보정본: 분기공표,보정본: 분기공표,보정본: 분기공표,보정본: 분기공표,보정본: 분기공표
2024Q2,2024-06-30,창원,국가,음식료,1609.32,949.0,89.08423124081449,,7.0,4.0,5.6871913418093945,4.4004400440043945,True,True,True,False,0,kicox_annual_revision,kicox_annual_revision,kicox_annual_revision,kicox_annual_revision,kicox_annual_revision,1,1,1,1,1,0,0,0,0,0,0,0,0,0,0,보정본: 분기공표,보정본: 분기공표,보정본: 분기공표,보정본: 분기공표,보정본: 분기공표
2024Q2,2024-06-30,창원,국가,전기전자,34875.72381375001,29445.0,75.62382840608421,,615.0,562.0,5.154444166314365,2.688847039129527,True,True,True,False,0,kicox_annual_revision,kicox_annual_revision,kicox_annual_revision,kicox_annual_revision,kicox_annual_revision,1,1,1,1,1,0,0,0,0,0,0,0,0,0,0,보정본: 분기공표,보정본: 분기공표,보정본: 분기공표,보정본: 분기공표,보정본: 분기공표
2024Q2,2024-06-30,창원,국가,철강,15230.0545,9509.0,68.83932144017402,,79.0,74.0,-12.388044560212986,3.4486510008703286,True,True,True,False,0,kicox_annual_revision,kicox_annual_revision,kicox_annual_revision,kicox_annual_revision,kicox_annual_revision,1,1,1,1,1,0,0,0,0,0,0,0,0,0,0,보정본: 분기공표,보정본: 분기공표,보정본: 분기공표,보정본: 분기공표,보정본: 분기공표
2024Q3,2024-09-30,창원,국가,기계,54672.122736750025,58477.0,77.87633742978133,,1546.0,1463.0,21.875871977682237,3.4515090400877524,True,True,True,False,0,kicox_annual_revision,kicox_annual_revision,kicox_annual_revision,kicox_annual_revision,kicox_annual_revision,1,1,1,1,1,0,0,0,0,0,0,0,0,0,0,보정본: 분기공표,"보정본으로 대체(이전 무효: 업종별 117,705 != 단지 전체 120,217 (2.09%) + 원파일 중복 -> 업종별 무효)",보정본: 분기공표,보정본: 분기공표,보정본: 분기공표
2024Q3,2024-09-30,창원,국가,기타,79.4125,173.0,67.27734830032827,,37.0,26.0,2.424789604359434,1.764705882352935,True,True,True,False,0,kicox_annual_revision,kicox_annual_revision,kicox_annual_revision,kicox_annual_revision,kicox_annual_revision,1,1,1,1,1,0,0,0,0,0,0,0,0,0,0,보정본: 분기공표,"보정본으로 대체(이전 무효: 업종별 117,705 != 단지 전체 120,217 (2.09%) + 원파일 중복 -> 업종별 무효)",보정본: 분기공표,보정본: 분기공표,보정본: 분기공표
2024Q3,2024-09-30,창원,국가,목재종이,78.03,211.0,75.05771450557907,,50.0,44.0,4.576827715606768,-16.26984126984127,True,True,True,True,0,kicox_annual_revision,kicox_annual_revision,kicox_annual_revision,kicox_annual_revision,kicox_annual_revision,1,1,1,1,1,0,0,0,0,0,0,0,0,0,0,보정본: 분기공표,"보정본으로 대체(이전 무효: 업종별 117,705 != 단지 전체 120,217 (2.09%) + 원파일 중복 -> 업종별 무효)",보정본: 분기공표,보정본: 분기공표,보정본: 분기공표
2024Q3,2024-09-30,창원,국가,비금속,136.385,236.0,46.98313726165665,,6.0,5.0,-9.465963025656343,-5.976095617529875,True,True,True,False,0,kicox_annual_revision,kicox_annual_revision,kicox_annual_revision,kicox_annual_revision,kicox_annual_revision,1,1,1,1,1,0,0,0,0,0,0,0,0,0,0,보정본: 분기공표,"보정본으로 대체(이전 무효: 업종별 117,705 != 단지 전체 120,217 (2.09%) + 원파일 중복 -> 업종별 무효)",보정본: 분기공표,보정본: 분기공표,보정본: 분기공표
2024Q3,2024-09-30,창원,국가,석유화학,842.5100000000001,623.0,79.01617819460728,,43.0,40.0,-15.80477933369141,-0.6379585326953707,True,True,True,False,0,kicox_annual_revision,kicox_annual_revision,kicox_annual_revision,kicox_annual_revision,kicox_annual_revision,1,1,1,1,1,0,0,0,0,0,0,0,0,0,0,보정본: 분기공표,"보정본으로 대체(이전 무효: 업종별 117,705 != 단지 전체 120,217 (2.09%) + 원파일 중복 -> 업종별 무효)",보정본: 분기공표,보정본: 분기공표,보정본: 분기공표
2024Q3,2024-09-30,창원,국가,섬유의복,11.095,38.0,99.64077233947015,,9.0,7.0,40.17687934301959,-2.564102564102566,True,True,True,True,0,kicox_annual_revision,kicox_annual_revision,kicox_annual_revision,kicox_annual_revision,kicox_annual_revision,1,1,1,1,1,0,0,0,0,0,0,0,0,0,0,보정본: 분기공표,"보정본으로 대체(이전 무효: 업종별 117,705 != 단지 전체 120,217 (2.09%) + 원파일 중복 -> 업종별 무효)",보정본: 분기공표,보정본: 분기공표,보정본: 분기공표
2024Q3,2024-09-30,창원,국가,운송장비,41393.52678963636,16786.0,91.15549779576007,,247.0,239.0,5.919587772828883,0.31074459184892156,True,True,True,False,0,kicox_annual_revision,kicox_annual_revision,kicox_annual_revision,kicox_annual_revision,kicox_annual_revision,1,1,1,1,1,0,0,0,0,0,0,0,0,0,0,보정본: 분기공표,"보정본으로 대체(이전 무효: 업종별 117,705 != 단지 전체 120,217 (2.09%) + 원파일 중복 -> 업종별 무효)",보정본: 분기공표,보정본: 분기공표,보정본: 분기공표
2024Q3,2024-09-30,창원,국가,음식료,1638.83,913.0,87.87221550496913,,7.0,4.0,7.54395059946058,5.184331797235031,True,True,True,False,0,kicox_annual_revision,kicox_annual_revision,kicox_annual_revision,kicox_annual_revision,kicox_annual_revision,1,1,1,1,1,0,0,0,0,0,0,0,0,0,0,보정본: 분기공표,"보정본으로 대체(이전 무효: 업종별 117,705 != 단지 전체 120,217 (2.09%) + 원파일 중복 -> 업종별 무효)",보정본: 분기공표,보정본: 분기공표,보정본: 분기공표
2024Q3,2024-09-30,창원,국가,전기전자,33573.622800749996,29232.0,74.87957485472695,,624.0,574.0,-2.4243097007057957,1.3943808532778323,True,True,True,False,0,kicox_annual_revision,kicox_annual_revision,kicox_annual_revision,kicox_annual_revision,kicox_annual_revision,1,1,1,1,1,0,0,0,0,0,0,0,0,0,0,보정본: 분기공표,"보정본으로 대체(이전 무효: 업종별 117,705 != 단지 전체 120,217 (2.09%) + 원파일 중복 -> 업종별 무효)",보정본: 분기공표,보정본: 분기공표,보정본: 분기공표
2024Q3,2024-09-30,창원,국가,철강,13822.244499999999,9743.0,61.345881396169744,,80.0,74.0,-12.759066889454695,6.005875312806008,True,True,True,False,0,kicox_annual_revision,kicox_annual_revision,kicox_annual_revision,kicox_annual_revision,kicox_annual_revision,1,1,1,1,1,0,0,0,0,0,0,0,0,0,0,보정본: 분기공표,"보정본으로 대체(이전 무효: 업종별 117,705 != 단지 전체 120,217 (2.09%) + 원파일 중복 -> 업종별 무효)",보정본: 분기공표,보정본: 분기공표,보정본: 분기공표
2024Q4,2024-12-31,창원,국가,기계,52778.54172229284,55959.0,76.9252196840637,,1550.0,1469.0,,-0.9347283445748533,False,True,False,False,0,kicox_annual_revision,kicox_annual_revision,kicox_annual_revision,kicox_annual_revision,kicox_annual_revision,1,1,1,1,1,0,0,0,0,0,0,0,0,0,0,보정본: 분기공표,보정본: 분기공표,보정본: 분기공표,보정본: 분기공표,보정본: 분기공표
2024Q4,2024-12-31,창원,국가,기타,79.58953333333334,196.0,63.02831763797507,,37.0,26.0,,15.294117647058814,False,True,False,True,0,kicox_annual_revision,kicox_annual_revision,kicox_annual_revision,kicox_annual_revision,kicox_annual_revision,1,1,1,1,1,0,0,0,0,0,0,0,0,0,0,보정본: 분기공표,보정본: 분기공표,보정본: 분기공표,보정본: 분기공표,보정본: 분기공표
2024Q4,2024-12-31,창원,국가,목재종이,62.71,214.0,71.94814134924276,,50.0,44.0,,-10.460251046025103,False,True,False,False,0,kicox_annual_revision,kicox_annual_revision,kicox_annual_revision,kicox_annual_revision,kicox_annual_revision,1,1,1,1,1,0,0,0,0,0,0,0,0,0,0,보정본: 분기공표,보정본: 분기공표,보정본: 분기공표,보정본: 분기공표,보정본: 분기공표
2024Q4,2024-12-31,창원,국가,비금속,101.475,246.0,32.91917406043697,,6.0,6.0,,-1.9920318725099584,False,True,False,False,0,kicox_annual_revision,kicox_annual_revision,kicox_annual_revision,kicox_annual_revision,kicox_annual_revision,1,1,1,1,1,0,0,0,0,0,0,0,0,0,0,보정본: 분기공표,보정본: 분기공표,보정본: 분기공표,보정본: 분기공표,보정본: 분기공표
2024Q4,2024-12-31,창원,국가,석유화학,719.2716666666668,623.0,72.51916478183573,,44.0,42.0,,-1.579778830963663,False,True,False,False,0,kicox_annual_revision,kicox_annual_revision,kicox_annual_revision,kicox_annual_revision,kicox_annual_revision,1,1,1,1,1,0,0,0,0,0,0,0,0,0,0,보정본: 분기공표,보정본: 분기공표,보정본: 분기공표,보정본: 분기공표,보정본: 분기공표
2024Q4,2024-12-31,창원,국가,섬유의복,9.9792,34.0,90.89186825998252,,9.0,7.0,,-10.526315789473683,False,True,False,False,0,kicox_annual_revision,kicox_annual_revision,kicox_annual_revision,kicox_annual_revision,kicox_annual_revision,1,1,1,1,1,0,0,0,0,0,0,0,0,0,0,보정본: 분기공표,보정본: 분기공표,보정본: 분기공표,보정본: 분기공표,보정본: 분기공표
2024Q4,2024-12-31,창원,국가,운송장비,53588.47858727274,17204.0,93.01256277338726,,247.0,242.0,,2.28907782864618,False,True,False,False,0,kicox_annual_revision,kicox_annual_revision,kicox_annual_revision,kicox_annual_revision,kicox_annual_revision,1,1,1,1,1,0,0,0,0,0,0,0,0,0,0,보정본: 분기공표,보정본: 분기공표,보정본: 분기공표,보정본: 분기공표,보정본: 분기공표
2024Q4,2024-12-31,창원,국가,음식료,1582.54,969.0,88.47851549942274,,7.0,4.0,,6.133625410733834,False,True,False,False,0,kicox_annual_revision,kicox_annual_revision,kicox_annual_revision,kicox_annual_revision,kicox_annual_revision,1,1,1,1,1,0,0,0,0,0,0,0,0,0,0,보정본: 분기공표,보정본: 분기공표,보정본: 분기공표,보정본: 분기공표,보정본: 분기공표
2024Q4,2024-12-31,창원,국가,전기전자,34606.54549375001,29392.0,71.1807665205039,,634.0,580.0,,2.137123397157459,False,True,False,False,0,kicox_annual_revision,kicox_annual_revision,kicox_annual_revision,kicox_annual_revision,kicox_annual_revision,1,1,1,1,1,0,0,0,0,0,0,0,0,0,0,보정본: 분기공표,보정본: 분기공표,보정본: 분기공표,보정본: 분기공표,보정본: 분기공표
2024Q4,2024-12-31,창원,국가,철강,14687.109940000002,9737.0,65.23667062871093,,79.0,75.0,,6.021341463414642,False,True,False,False,0,kicox_annual_revision,kicox_annual_revision,kicox_annual_revision,kicox_annual_revision,kicox_annual_revision,1,1,1,1,1,0,0,0,0,0,0,0,0,0,0,보정본: 분기공표,보정본: 분기공표,보정본: 분기공표,보정본: 분기공표,보정본: 분기공표
2025Q1,2025-03-31,창원,국가,기계,58847.167772727276,60029.0,81.74595656889782,,1540.0,1462.0,15.945777167018438,6.583689920278402,True,True,True,False,0,kicox_annual_revision,kicox_annual_revision,kicox_annual_revision,kicox_annual_revision,kicox_annual_revision,1,1,1,1,1,0,0,0,0,0,0,0,0,0,0,보정본: 분기공표,보정본: 분기공표,보정본: 분기공표,보정본: 분기공표,보정본: 분기공표
2025Q1,2025-03-31,창원,국가,기타,81.18,147.0,66.78183613030603,,36.0,26.0,3.3712157387068897,-15.02890173410405,True,True,True,True,0,kicox_annual_revision,kicox_annual_revision,kicox_annual_revision,kicox_annual_revision,kicox_annual_revision,1,1,1,1,1,0,0,0,0,0,0,0,0,0,0,보정본: 분기공표,보정본: 분기공표,보정본: 분기공표,보정본: 분기공표,보정본: 분기공표
2025Q1,2025-03-31,창원,국가,목재종이,183.7,479.0,67.51194413818449,,50.0,45.0,129.15237323021267,100.418410041841,True,True,True,True,0,kicox_annual_revision,kicox_annual_revision,kicox_annual_revision,kicox_annual_revision,kicox_annual_revision,1,1,1,1,1,0,0,0,0,0,0,0,0,0,0,보정본: 분기공표,보정본: 분기공표,보정본: 분기공표,보정본: 분기공표,보정본: 분기공표
2025Q1,2025-03-31,창원,국가,비금속,98.24,186.0,40.1356375372799,,5.0,5.0,-32.3159599021668,-25.6,True,True,True,True,0,kicox_annual_revision,kicox_annual_revision,kicox_annual_revision,kicox_annual_revision,kicox_annual_revision,1,1,1,1,1,0,0,0,0,0,0,0,0,0,0,보정본: 분기공표,보정본: 분기공표,보정본: 분기공표,보정본: 분기공표,보정본: 분기공표
2025Q1,2025-03-31,창원,국가,석유화학,478.24,627.0,84.7207213591029,,43.0,41.0,-43.316512633303795,-1.104100946372244,True,True,True,True,0,kicox_annual_revision,kicox_annual_revision,kicox_annual_revision,kicox_annual_revision,kicox_annual_revision,1,1,1,1,1,0,0,0,0,0,0,0,0,0,0,보정본: 분기공표,보정본: 분기공표,보정본: 분기공표,보정본: 분기공표,보정본: 분기공표
2025Q1,2025-03-31,창원,국가,섬유의복,8.1171,34.0,73.01454516015868,,9.0,7.0,-4.896309314586988,-10.526315789473683,True,True,True,False,0,kicox_annual_revision,kicox_annual_revision,kicox_annual_revision,kicox_annual_revision,kicox_annual_revision,1,1,1,1,1,0,0,0,0,0,0,0,0,0,0,보정본: 분기공표,보정본: 분기공표,보정본: 분기공표,보정본: 분기공표,보정본: 분기공표
2025Q1,2025-03-31,창원,국가,운송장비,39050.48430555556,16541.0,91.22149294890313,,253.0,243.0,6.304594063666169,-2.2688330871491913,True,True,True,False,0,kicox_annual_revision,kicox_annual_revision,kicox_annual_revision,kicox_annual_revision,kicox_annual_revision,1,1,1,1,1,0,0,0,0,0,0,0,0,0,0,보정본: 분기공표,보정본: 분기공표,보정본: 분기공표,보정본: 분기공표,보정본: 분기공표
2025Q1,2025-03-31,창원,국가,음식료,1341.71,800.0,96.33323281494565,,7.0,4.0,-12.937596117034056,-8.883826879271073,True,True,True,False,0,kicox_annual_revision,kicox_annual_revision,kicox_annual_revision,kicox_annual_revision,kicox_annual_revision,1,1,1,1,1,0,0,0,0,0,0,0,0,0,0,보정본: 분기공표,보정본: 분기공표,보정본: 분기공표,보정본: 분기공표,보정본: 분기공표
2025Q1,2025-03-31,창원,국가,전기전자,37044.858888888906,28314.0,79.32350370517987,,633.0,573.0,4.325631703897304,-3.1039321036241074,True,True,True,False,0,kicox_annual_revision,kicox_annual_revision,kicox_annual_revision,kicox_annual_revision,kicox_annual_revision,1,1,1,1,1,0,0,0,0,0,0,0,0,0,0,보정본: 분기공표,보정본: 분기공표,보정본: 분기공표,보정본: 분기공표,보정본: 분기공표
2025Q1,2025-03-31,창원,국가,철강,13044.26,9753.0,53.45114423489843,,80.0,76.0,-11.307054276940642,4.724578546118319,True,True,True,False,0,kicox_annual_revision,kicox_annual_revision,kicox_annual_revision,kicox_annual_revision,kicox_annual_revision,1,1,1,1,1,0,0,0,0,0,0,0,0,0,0,보정본: 분기공표,보정본: 분기공표,보정본: 분기공표,보정본: 분기공표,보정본: 분기공표
2025Q2,2025-06-30,창원,국가,기계,66747.17383,62763.0,85.50016256,,1535.0,1453.0,21.417558122001633,7.688480148244747,True,True,True,False,0,data_portal_quarterly,data_portal_quarterly,data_portal_quarterly,data_portal_quarterly,data_portal_quarterly,0,0,0,0,0,0,0,0,0,0,0,0,0,0,0,분기공표,분기공표,분기공표,분기공표,분기공표
2025Q2,2025-06-30,창원,국가,기타,82.09,146.0,67.53043764,,37.0,27.0,2.4066200243261004,-15.606936416184968,True,True,True,True,0,data_portal_quarterly,data_portal_quarterly,data_portal_quarterly,data_portal_quarterly,data_portal_quarterly,0,0,0,0,0,0,0,0,0,0,0,0,0,0,0,분기공표,분기공표,분기공표,분기공표,분기공표
2025Q2,2025-06-30,창원,국가,목재종이,190.43,476.0,68.6976912,,50.0,45.0,135.46213292117466,100.84388185654008,True,True,True,True,0,data_portal_quarterly,data_portal_quarterly,data_portal_quarterly,data_portal_quarterly,data_portal_quarterly,0,0,0,0,0,0,0,0,0,0,0,0,0,0,0,분기공표,분기공표,분기공표,분기공표,분기공표
2025Q2,2025-06-30,창원,국가,비금속,111.45,185.0,43.18261072,,5.0,5.0,-37.9264251301902,-20.600858369098717,True,True,True,True,0,data_portal_quarterly,data_portal_quarterly,data_portal_quarterly,data_portal_quarterly,data_portal_quarterly,0,0,0,0,0,0,0,0,0,0,0,0,0,0,0,분기공표,분기공표,분기공표,분기공표,분기공표
2025Q2,2025-06-30,창원,국가,석유화학,449.49,565.0,79.62762848,,45.0,41.0,-50.165702264397424,-10.031847133757966,True,True,True,True,0,data_portal_quarterly,data_portal_quarterly,data_portal_quarterly,data_portal_quarterly,data_portal_quarterly,0,0,0,0,0,0,0,0,0,0,0,0,0,0,0,분기공표,분기공표,분기공표,분기공표,분기공표
2025Q2,2025-06-30,창원,국가,섬유의복,8.1171,34.0,73.01454516,,9.0,7.0,-2.847396768402155,-10.526315789473683,True,True,True,False,0,data_portal_quarterly,data_portal_quarterly,data_portal_quarterly,data_portal_quarterly,data_portal_quarterly,0,0,0,0,0,0,0,0,0,0,0,0,0,0,0,분기공표,분기공표,분기공표,분기공표,분기공표
2025Q2,2025-06-30,창원,국가,운송장비,39202.48792,16437.0,91.30815673,,252.0,244.0,-1.1127267990946987,-2.1898244570068393,True,True,True,False,0,data_portal_quarterly,data_portal_quarterly,data_portal_quarterly,data_portal_quarterly,data_portal_quarterly,0,0,0,0,0,0,0,0,0,0,0,0,0,0,0,분기공표,분기공표,분기공표,분기공표,분기공표
2025Q2,2025-06-30,창원,국가,음식료,1310.92,660.0,93.7322141,,7.0,4.0,-18.541992891407546,-30.45310853530031,True,True,True,True,0,data_portal_quarterly,data_portal_quarterly,data_portal_quarterly,data_portal_quarterly,data_portal_quarterly,0,0,0,0,0,0,0,0,0,0,0,0,0,0,0,분기공표,분기공표,분기공표,분기공표,분기공표
2025Q2,2025-06-30,창원,국가,전기전자,33655.73,28095.0,77.02966456,,639.0,571.0,-3.498117545216406,-4.584819154355579,True,True,True,False,0,data_portal_quarterly,data_portal_quarterly,data_portal_quarterly,data_portal_quarterly,data_portal_quarterly,0,0,0,0,0,0,0,0,0,0,0,0,0,0,0,분기공표,분기공표,분기공표,분기공표,분기공표
2025Q2,2025-06-30,창원,국가,철강,15438.65,9801.0,63.43900714,,79.0,75.0,1.369630686482437,3.0707750552108504,True,True,True,False,0,data_portal_quarterly,data_portal_quarterly,data_portal_quarterly,data_portal_quarterly,data_portal_quarterly,0,0,0,0,0,0,0,0,0,0,0,0,0,0,0,분기공표,분기공표,분기공표,분기공표,분기공표
2025Q3,2025-09-30,창원,국가,기계,54619.3335,60445.0,80.42348571,,1541.0,1454.0,-0.09655604009416452,3.3654257229338125,True,True,True,False,0,data_portal_quarterly,data_portal_quarterly,data_portal_quarterly,data_portal_quarterly,data_portal_quarterly,0,0,0,0,0,0,0,0,0,0,0,0,0,0,0,분기공표,분기공표,분기공표,분기공표,분기공표
2025Q3,2025-09-30,창원,국가,기타,81.89,145.0,67.58831297,,37.0,27.0,3.119785927908092,-16.184971098265898,True,True,True,True,0,data_portal_quarterly,data_portal_quarterly,data_portal_quarterly,data_portal_quarterly,data_portal_quarterly,0,0,0,0,0,0,0,0,0,0,0,0,0,0,0,분기공표,분기공표,분기공표,분기공표,분기공표
2025Q3,2025-09-30,창원,국가,목재종이,178.87,471.0,66.07683783,,49.0,44.0,129.23234653338457,123.22274881516586,True,True,True,True,0,data_portal_quarterly,data_portal_quarterly,data_portal_quarterly,data_portal_quarterly,data_portal_quarterly,0,0,0,0,0,0,0,0,0,0,0,0,0,0,0,분기공표,분기공표,분기공표,분기공표,분기공표
2025Q3,2025-09-30,창원,국가,비금속,73.12,182.0,30.26740624,,5.0,5.0,-46.38706602632253,-22.881355932203384,True,True,True,True,0,data_portal_quarterly,data_portal_quarterly,data_portal_quarterly,data_portal_quarterly,data_portal_quarterly,0,0,0,0,0,0,0,0,0,0,0,0,0,0,0,분기공표,분기공표,분기공표,분기공표,분기공표
2025Q3,2025-09-30,창원,국가,석유화학,467.72,639.0,84.35138596,,45.0,43.0,-44.48493192959134,2.5682182985553803,True,True,True,True,0,data_portal_quarterly,data_portal_quarterly,data_portal_quarterly,data_portal_quarterly,data_portal_quarterly,0,0,0,0,0,0,0,0,0,0,0,0,0,0,0,분기공표,분기공표,분기공표,분기공표,분기공표
2025Q3,2025-09-30,창원,국가,섬유의복,8.1171,34.0,73.01454516,,9.0,7.0,-26.8400180261379,-10.526315789473683,True,True,True,False,0,data_portal_quarterly,data_portal_quarterly,data_portal_quarterly,data_portal_quarterly,data_portal_quarterly,0,0,0,0,0,0,0,0,0,0,0,0,0,0,0,분기공표,분기공표,분기공표,분기공표,분기공표
2025Q3,2025-09-30,창원,국가,운송장비,43309.09042,16275.0,92.52531478,,251.0,248.0,4.627688865697821,-3.044203502919096,True,True,True,False,0,data_portal_quarterly,data_portal_quarterly,data_portal_quarterly,data_portal_quarterly,data_portal_quarterly,0,0,0,0,0,0,0,0,0,0,0,0,0,0,0,분기공표,분기공표,분기공표,분기공표,분기공표
2025Q3,2025-09-30,창원,국가,음식료,1352.63,654.0,93.89482014,,7.0,4.0,-17.463678355900235,-28.368017524644028,True,True,True,True,0,data_portal_quarterly,data_portal_quarterly,data_portal_quarterly,data_portal_quarterly,data_portal_quarterly,0,0,0,0,0,0,0,0,0,0,0,0,0,0,0,분기공표,분기공표,분기공표,분기공표,분기공표
2025Q3,2025-09-30,창원,국가,전기전자,33382.45889,28099.0,76.23409537,,634.0,572.0,-0.569387199839877,-3.875889436234259,True,True,True,False,0,data_portal_quarterly,data_portal_quarterly,data_portal_quarterly,data_portal_quarterly,data_portal_quarterly,0,0,0,0,0,0,0,0,0,0,0,0,0,0,0,분기공표,분기공표,분기공표,분기공표,분기공표
2025Q3,2025-09-30,창원,국가,철강,15478.16,9690.0,64.23976399,,79.0,75.0,11.980076752368273,-0.5439802935440774,True,True,True,False,0,data_portal_quarterly,data_portal_quarterly,data_portal_quarterly,data_portal_quarterly,data_portal_quarterly,0,0,0,0,0,0,0,0,0,0,0,0,0,0,0,분기공표,분기공표,분기공표,분기공표,분기공표
2025Q4,2025-12-31,창원,국가,기계,54735.27441,59349.0,80.3061316,,1553.0,1457.0,3.7074398493292637,6.0580067549455885,True,True,True,False,0,data_portal_quarterly,data_portal_quarterly,data_portal_quarterly,data_portal_quarterly,data_portal_quarterly,0,0,0,0,0,0,0,0,0,0,0,0,0,0,0,분기공표,분기공표,분기공표,분기공표,분기공표
2025Q4,2025-12-31,창원,국가,기타,84.06,143.0,68.55884512,,36.0,26.0,5.616902725065187,-27.040816326530614,True,True,True,True,0,data_portal_quarterly,data_portal_quarterly,data_portal_quarterly,data_portal_quarterly,data_portal_quarterly,0,0,0,0,0,0,0,0,0,0,0,0,0,0,0,분기공표,분기공표,분기공표,분기공표,분기공표
2025Q4,2025-12-31,창원,국가,목재종이,175.72,471.0,64.79351032,,49.0,45.0,180.21049274437888,120.09345794392523,True,True,True,True,0,data_portal_quarterly,data_portal_quarterly,data_portal_quarterly,data_portal_quarterly,data_portal_quarterly,0,0,0,0,0,0,0,0,0,0,0,0,0,0,0,분기공표,분기공표,분기공표,분기공표,분기공표
2025Q4,2025-12-31,창원,국가,비금속,133.83,178.0,48.82524626,,5.0,5.0,31.884700665188493,-27.642276422764223,True,True,True,True,0,data_portal_quarterly,data_portal_quarterly,data_portal_quarterly,data_portal_quarterly,data_portal_quarterly,0,0,0,0,0,0,0,0,0,0,0,0,0,0,0,분기공표,분기공표,분기공표,분기공표,분기공표
2025Q4,2025-12-31,창원,국가,석유화학,439.93,653.0,79.85514875,,47.0,43.0,-38.83673994295156,4.815409309791341,True,True,True,False,0,data_portal_quarterly,data_portal_quarterly,data_portal_quarterly,data_portal_quarterly,data_portal_quarterly,0,0,0,0,0,0,0,0,0,0,0,0,0,0,0,분기공표,분기공표,분기공표,분기공표,분기공표
2025Q4,2025-12-31,창원,국가,섬유의복,8.1171,34.0,73.01454516,,9.0,7.0,-18.659812409812403,0.0,True,True,True,False,0,data_portal_quarterly,data_portal_quarterly,data_portal_quarterly,data_portal_quarterly,data_portal_quarterly,0,0,0,0,0,0,0,0,0,0,0,0,0,0,0,분기공표,분기공표,분기공표,분기공표,분기공표
2025Q4,2025-12-31,창원,국가,운송장비,46213.96278,16293.0,92.52272966,,253.0,247.0,-13.761383046661424,-5.295280167402927,True,True,True,False,0,data_portal_quarterly,data_portal_quarterly,data_portal_quarterly,data_portal_quarterly,data_portal_quarterly,0,0,0,0,0,0,0,0,0,0,0,0,0,0,0,분기공표,분기공표,분기공표,분기공표,분기공표
2025Q4,2025-12-31,창원,국가,음식료,1340.59,653.0,93.84073696,,7.0,4.0,-15.288713081501893,-32.6109391124871,True,True,True,True,0,data_portal_quarterly,data_portal_quarterly,data_portal_quarterly,data_portal_quarterly,data_portal_quarterly,0,0,0,0,0,0,0,0,0,0,0,0,0,0,0,분기공표,분기공표,분기공표,분기공표,분기공표
2025Q4,2025-12-31,창원,국가,전기전자,34806.42444,28002.0,77.90497477,,645.0,579.0,0.5775755522494652,-4.729178007621126,True,True,True,False,0,data_portal_quarterly,data_portal_quarterly,data_portal_quarterly,data_portal_quarterly,data_portal_quarterly,0,0,0,0,0,0,0,0,0,0,0,0,0,0,0,분기공표,분기공표,분기공표,분기공표,분기공표
2025Q4,2025-12-31,창원,국가,철강,15378.82,9671.0,62.87128794,,78.0,74.0,4.7096403773498,-0.6778268460511438,True,True,True,False,0,data_portal_quarterly,data_portal_quarterly,data_portal_quarterly,data_portal_quarterly,data_portal_quarterly,0,0,0,0,0,0,0,0,0,0,0,0,0,0,0,분기공표,분기공표,분기공표,분기공표,분기공표
2026Q1,2026-03-31,창원,국가,기계,53182.395621212134,58888.0,81.20676732960955,,1559.0,1462.0,-9.626244330726285,-1.900747971813621,True,True,True,False,0,kicox_annual_revision,kicox_annual_revision,kicox_annual_revision,kicox_annual_revision,kicox_annual_revision,1,1,1,1,1,0,0,0,0,0,0,0,0,0,0,보정본: 분기공표,보정본: 분기공표,보정본: 분기공표,보정본: 분기공표,보정본: 분기공표
2026Q1,2026-03-31,창원,국가,기타,85.56,169.0,69.7708554187393,,36.0,26.0,5.395417590539542,14.965986394557817,True,True,True,False,0,kicox_annual_revision,kicox_annual_revision,kicox_annual_revision,kicox_annual_revision,kicox_annual_revision,1,1,1,1,1,0,0,0,0,0,0,0,0,0,0,보정본: 분기공표,보정본: 분기공표,보정본: 분기공표,보정본: 분기공표,보정본: 분기공표
2026Q1,2026-03-31,창원,국가,목재종이,157.45,428.0,70.18364981724169,,50.0,46.0,-14.28960261295591,-10.647181628392488,True,True,True,False,0,kicox_annual_revision,kicox_annual_revision,kicox_annual_revision,kicox_annual_revision,kicox_annual_revision,1,1,1,1,1,0,0,0,0,0,0,0,0,0,0,보정본: 분기공표,보정본: 분기공표,보정본: 분기공표,보정본: 분기공표,보정본: 분기공표
2026Q1,2026-03-31,창원,국가,비금속,138.44,182.0,49.24937744574884,,5.0,5.0,40.920195439739416,-2.1505376344086002,True,True,True,True,0,kicox_annual_revision,kicox_annual_revision,kicox_annual_revision,kicox_annual_revision,kicox_annual_revision,1,1,1,1,1,0,0,0,0,0,0,0,0,0,0,보정본: 분기공표,보정본: 분기공표,보정본: 분기공표,보정본: 분기공표,보정본: 분기공표
2026Q1,2026-03-31,창원,국가,석유화학,430.24,622.0,78.09624076527926,,47.0,43.0,-10.036801605888257,-0.797448165869219,True,True,True,False,0,kicox_annual_revision,kicox_annual_revision,kicox_annual_revision,kicox_annual_revision,kicox_annual_revision,1,1,1,1,1,0,0,0,0,0,0,0,0,0,0,보정본: 분기공표,보정본: 분기공표,보정본: 분기공표,보정본: 분기공표,보정본: 분기공표
2026Q1,2026-03-31,창원,국가,섬유의복,7.367100000000001,34.0,66.26818145019836,,10.0,8.0,-9.2397531137968,0.0,True,True,True,False,0,kicox_annual_revision,kicox_annual_revision,kicox_annual_revision,kicox_annual_revision,kicox_annual_revision,1,1,1,1,1,0,0,0,0,0,0,0,0,0,0,보정본: 분기공표,보정본: 분기공표,보정본: 분기공표,보정본: 분기공표,보정본: 분기공표
2026Q1,2026-03-31,창원,국가,운송장비,46907.35888888889,16375.0,92.542012337215,,252.0,246.0,20.119787815833988,-1.0035668943836562,True,True,True,False,0,kicox_annual_revision,kicox_annual_revision,kicox_annual_revision,kicox_annual_revision,kicox_annual_revision,1,1,1,1,1,0,0,0,0,0,0,0,0,0,0,보정본: 분기공표,보정본: 분기공표,보정본: 분기공표,보정본: 분기공표,보정본: 분기공표
2026Q1,2026-03-31,창원,국가,음식료,1386.89,628.0,94.49925730093621,,7.0,4.0,3.367344657191196,-21.499999999999996,True,True,True,True,0,kicox_annual_revision,kicox_annual_revision,kicox_annual_revision,kicox_annual_revision,kicox_annual_revision,1,1,1,1,1,0,0,0,0,0,0,0,0,0,0,보정본: 분기공표,보정본: 분기공표,보정본: 분기공표,보정본: 분기공표,보정본: 분기공표
2026Q1,2026-03-31,창원,국가,전기전자,34433.41222222222,27944.0,76.60542630167004,,647.0,589.0,-7.049417233574484,-1.3067740340467648,True,True,True,False,0,kicox_annual_revision,kicox_annual_revision,kicox_annual_revision,kicox_annual_revision,kicox_annual_revision,1,1,1,1,1,0,0,0,0,0,0,0,0,0,0,보정본: 분기공표,보정본: 분기공표,보정본: 분기공표,보정본: 분기공표,보정본: 분기공표
2026Q1,2026-03-31,창원,국가,철강,20065.36,9675.0,63.696158427106106,,80.0,75.0,53.82520740923593,-0.7997539218701943,True,True,True,True,0,kicox_annual_revision,kicox_annual_revision,kicox_annual_revision,kicox_annual_revision,kicox_annual_revision,1,1,1,1,1,0,0,0,0,0,0,0,0,0,0,보정본: 분기공표,보정본: 분기공표,보정본: 분기공표,보정본: 분기공표,보정본: 분기공표
2026Q2,2026-06-30,창원,국가,기계,53699.86956060604,58784.0,80.61136243111459,,1556.0,1458.0,-19.547350877543444,-6.339722447939078,True,True,True,False,0,kicox_annual_revision,kicox_annual_revision,kicox_annual_revision,kicox_annual_revision,kicox_annual_revision,1,1,1,1,1,0,0,0,0,0,0,0,0,0,0,보정본: 분기공표,보정본: 분기공표,보정본: 분기공표,보정본: 분기공표,보정본: 분기공표
2026Q2,2026-06-30,창원,국가,기타,84.58,171.0,69.14084852448296,,35.0,25.0,3.033256182238997,17.12328767123288,True,True,True,True,0,kicox_annual_revision,kicox_annual_revision,kicox_annual_revision,kicox_annual_revision,kicox_annual_revision,1,1,1,1,1,0,0,0,0,0,0,0,0,0,0,보정본: 분기공표,보정본: 분기공표,보정본: 분기공표,보정본: 분기공표,보정본: 분기공표
2026Q2,2026-06-30,창원,국가,목재종이,165.87,428.0,74.70612079448723,,48.0,44.0,-12.897127553431709,-10.084033613445376,True,True,True,False,0,kicox_annual_revision,kicox_annual_revision,kicox_annual_revision,kicox_annual_revision,kicox_annual_revision,1,1,1,1,1,0,0,0,0,0,0,0,0,0,0,보정본: 분기공표,보정본: 분기공표,보정본: 분기공표,보정본: 분기공표,보정본: 분기공표
2026Q2,2026-06-30,창원,국가,비금속,162.35,183.0,57.29662961002294,,4.0,4.0,45.670704351727224,-1.0810810810810811,True,True,True,True,0,kicox_annual_revision,kicox_annual_revision,kicox_annual_revision,kicox_annual_revision,kicox_annual_revision,1,1,1,1,1,0,0,0,0,0,0,0,0,0,0,보정본: 분기공표,보정본: 분기공표,보정본: 분기공표,보정본: 분기공표,보정본: 분기공표
2026Q2,2026-06-30,창원,국가,석유화학,419.24,619.0,76.3073114795872,,49.0,45.0,-6.729849384858399,9.557522123893802,True,True,True,False,0,kicox_annual_revision,kicox_annual_revision,kicox_annual_revision,kicox_annual_revision,kicox_annual_revision,1,1,1,1,1,0,0,0,0,0,0,0,0,0,0,보정본: 분기공표,보정본: 분기공표,보정본: 분기공표,보정본: 분기공표,보정본: 분기공표
2026Q2,2026-06-30,창원,국가,섬유의복,7.117100000000001,34.0,64.01939354687823,,10.0,8.0,-12.319670818395734,0.0,True,True,True,False,0,kicox_annual_revision,kicox_annual_revision,kicox_annual_revision,kicox_annual_revision,kicox_annual_revision,1,1,1,1,1,0,0,0,0,0,0,0,0,0,0,보정본: 분기공표,보정본: 분기공표,보정본: 분기공표,보정본: 분기공표,보정본: 분기공표
2026Q2,2026-06-30,창원,국가,운송장비,46903.16277777778,16308.0,92.27632227871221,,254.0,245.0,19.643332008653246,-0.7848147472166445,True,True,True,False,0,kicox_annual_revision,kicox_annual_revision,kicox_annual_revision,kicox_annual_revision,kicox_annual_revision,1,1,1,1,1,0,0,0,0,0,0,0,0,0,0,보정본: 분기공표,보정본: 분기공표,보정본: 분기공표,보정본: 분기공표,보정본: 분기공표
2026Q2,2026-06-30,창원,국가,음식료,1322.37,635.0,92.30430958663149,,7.0,4.0,0.8734323986208103,-3.7878787878787845,True,True,True,False,0,kicox_annual_revision,kicox_annual_revision,kicox_annual_revision,kicox_annual_revision,kicox_annual_revision,1,1,1,1,1,0,0,0,0,0,0,0,0,0,0,보정본: 분기공표,보정본: 분기공표,보정본: 분기공표,보정본: 분기공표,보정본: 분기공표
2026Q2,2026-06-30,창원,국가,전기전자,34563.72,27979.0,76.6519761263072,,651.0,590.0,2.697876409158262,-0.4128848549563968,True,True,True,False,0,kicox_annual_revision,kicox_annual_revision,kicox_annual_revision,kicox_annual_revision,kicox_annual_revision,1,1,1,1,1,0,0,0,0,0,0,0,0,0,0,보정본: 분기공표,보정본: 분기공표,보정본: 분기공표,보정본: 분기공표,보정본: 분기공표
2026Q2,2026-06-30,창원,국가,철강,20479.17,9689.0,63.682159659012996,,80.0,74.0,32.648709569813406,-1.1427405366799315,True,True,True,False,0,kicox_annual_revision,kicox_annual_revision,kicox_annual_revision,kicox_annual_revision,kicox_annual_revision,1,1,1,1,1,0,0,0,0,0,0,0,0,0,0,보정본: 분기공표,보정본: 분기공표,보정본: 분기공표,보정본: 분기공표,보정본: 분기공표
