industry,quarter,stage,check_question,check_questions_context,handoff_review_functions,signal_questions,external_questions,quality_questions,signal_profile,quality_flag_list
기계,2022Q1,우선점검,"자동화·설비투자, 외주·도급 전환, 미충원·숙련 불일치, 직무구조 변화 가능성을 질문으로 확인한다(원인 후보이며 입증된 원인이 아님).","생산이 유지되는데 고용이 감소하고 있어 자동화·생산성 변화·미충원·외주화·인력구조 조정 여부를 확인할 필요가 있다.
확인된 품목 기준 수출은 유지·확대되는데 고용이 감소하고 있어 생산성·자동화·기업구성 변화 등의 가능성을 추가 확인할 필요가 있다.
창원시 제조업 전체에서 입직자 감소가 함께 관측되므로, 고용 감소가 신규 채용 둔화와 함께 나타나는지 확인할 필요가 있다.
경남 제조업 업황 심리지수가 기준선(100)을 밑돌아, 업종 고유 요인인지 지역 전반의 경기 흐름인지 구분해 확인할 필요가 있다.
같은 업종의 전국 업황 심리지수도 기준선을 밑돌아, 관측된 변화가 산단 고유 현상인지 전국 업종 흐름인지 확인할 필요가 있다.
이 분기는 월별 원자료가 공표되지 않아 분기 내 지속 여부를 확인할 수 없다. 분기말 단일시점 값에만 의존한 판단임을 감안할 필요가 있다.",고용지원 · 직업훈련 / 산업동향,생산이 유지되는데 고용이 감소하고 있어 자동화·생산성 변화·미충원·외주화·인력구조 조정 여부를 확인할 필요가 있다.,"확인된 품목 기준 수출은 유지·확대되는데 고용이 감소하고 있어 생산성·자동화·기업구성 변화 등의 가능성을 추가 확인할 필요가 있다.
창원시 제조업 전체에서 입직자 감소가 함께 관측되므로, 고용 감소가 신규 채용 둔화와 함께 나타나는지 확인할 필요가 있다.
경남 제조업 업황 심리지수가 기준선(100)을 밑돌아, 업종 고유 요인인지 지역 전반의 경기 흐름인지 구분해 확인할 필요가 있다.
같은 업종의 전국 업황 심리지수도 기준선을 밑돌아, 관측된 변화가 산단 고유 현상인지 전국 업종 흐름인지 확인할 필요가 있다.",이 분기는 월별 원자료가 공표되지 않아 분기 내 지속 여부를 확인할 수 없다. 분기말 단일시점 값에만 의존한 판단임을 감안할 필요가 있다.,생산유지·고용감소 신호,월별 원자료 미제공 구간
기타,2022Q1,관찰,수주잔량·가동률·휴업/감산·기업 수 변동·고용조정 계획 신고 여부를 확인한다(원인 후보이며 입증된 원인이 아님).,"가동업체 감소가 실제 퇴거·폐업·통합·휴업에 따른 것인지, 아니면 조사대상 변동이나 집계기준 변경에 따른 것인지 확인할 필요가 있다.
가동률 하락이 일시적 생산조정인지 수주·수요 감소에 따른 것인지 확인할 필요가 있다.
창원시 제조업 전체에서 입직자 감소가 함께 관측되므로, 고용 감소가 신규 채용 둔화와 함께 나타나는지 확인할 필요가 있다.
가동률과 전력사용의 방향이 달라 업종 구성·설비 특성·자료범위(산단 vs 시 전체) 차이를 추가 확인할 필요가 있다.
경남 제조업 업황 심리지수가 기준선(100)을 밑돌아, 업종 고유 요인인지 지역 전반의 경기 흐름인지 구분해 확인할 필요가 있다.
이 업종은 생산자물가지수 대응 후보가 복수이거나 없어, PPI 조정 생산을 단일값으로 해석하지 않고 원자료로 확인할 필요가 있다.
업체수·고용 규모가 작아 비율 변동이 크게 나타난다. 절대 증감 개수로 다시 확인할 필요가 있다.
이 분기는 월별 원자료가 공표되지 않아 분기 내 지속 여부를 확인할 수 없다. 분기말 단일시점 값에만 의존한 판단임을 감안할 필요가 있다.",산업동향 · 기업지원 / 고용지원 · 직업훈련 / 산업동향,"가동업체 감소가 실제 퇴거·폐업·통합·휴업에 따른 것인지, 아니면 조사대상 변동이나 집계기준 변경에 따른 것인지 확인할 필요가 있다.
가동률 하락이 일시적 생산조정인지 수주·수요 감소에 따른 것인지 확인할 필요가 있다.","창원시 제조업 전체에서 입직자 감소가 함께 관측되므로, 고용 감소가 신규 채용 둔화와 함께 나타나는지 확인할 필요가 있다.
가동률과 전력사용의 방향이 달라 업종 구성·설비 특성·자료범위(산단 vs 시 전체) 차이를 추가 확인할 필요가 있다.
경남 제조업 업황 심리지수가 기준선(100)을 밑돌아, 업종 고유 요인인지 지역 전반의 경기 흐름인지 구분해 확인할 필요가 있다.","이 업종은 생산자물가지수 대응 후보가 복수이거나 없어, PPI 조정 생산을 단일값으로 해석하지 않고 원자료로 확인할 필요가 있다.
업체수·고용 규모가 작아 비율 변동이 크게 나타난다. 절대 증감 개수로 다시 확인할 필요가 있다.
이 분기는 월별 원자료가 공표되지 않아 분기 내 지속 여부를 확인할 수 없다. 분기말 단일시점 값에만 의존한 판단임을 감안할 필요가 있다.",업체수 감소 신호 · 가동 위축 신호,PPI 매핑 불확실(C·D 등급) · 소규모 분모 — 비율 변동 과대 가능 · 월별 원자료 미제공 구간
목재종이,2022Q1,관찰,미충원·숙련수요·증가의 지속가능성을 확인한다.,"창원시 제조업 전체에서 입직자 감소가 함께 관측되므로, 고용 감소가 신규 채용 둔화와 함께 나타나는지 확인할 필요가 있다.
경남 제조업 업황 심리지수가 기준선(100)을 밑돌아, 업종 고유 요인인지 지역 전반의 경기 흐름인지 구분해 확인할 필요가 있다.
같은 업종의 전국 업황 심리지수도 기준선을 밑돌아, 관측된 변화가 산단 고유 현상인지 전국 업종 흐름인지 확인할 필요가 있다.
명목생산과 PPI 조정 생산의 방향이 달라, 이 분기의 생산 변화가 가격 때문인지 물량 때문인지 확인할 필요가 있다.
업체수·고용 규모가 작아 비율 변동이 크게 나타난다. 절대 증감 개수로 다시 확인할 필요가 있다.
이 분기는 월별 원자료가 공표되지 않아 분기 내 지속 여부를 확인할 수 없다. 분기말 단일시점 값에만 의존한 판단임을 감안할 필요가 있다.",고용지원 · 직업훈련 / 산업동향,,"창원시 제조업 전체에서 입직자 감소가 함께 관측되므로, 고용 감소가 신규 채용 둔화와 함께 나타나는지 확인할 필요가 있다.
경남 제조업 업황 심리지수가 기준선(100)을 밑돌아, 업종 고유 요인인지 지역 전반의 경기 흐름인지 구분해 확인할 필요가 있다.
같은 업종의 전국 업황 심리지수도 기준선을 밑돌아, 관측된 변화가 산단 고유 현상인지 전국 업종 흐름인지 확인할 필요가 있다.","명목생산과 PPI 조정 생산의 방향이 달라, 이 분기의 생산 변화가 가격 때문인지 물량 때문인지 확인할 필요가 있다.
업체수·고용 규모가 작아 비율 변동이 크게 나타난다. 절대 증감 개수로 다시 확인할 필요가 있다.
이 분기는 월별 원자료가 공표되지 않아 분기 내 지속 여부를 확인할 수 없다. 분기말 단일시점 값에만 의존한 판단임을 감안할 필요가 있다.",해석 보류,명목·PPI 조정 생산 방향 불일치 · 소규모 분모 — 비율 변동 과대 가능 · 월별 원자료 미제공 구간
비금속,2022Q1,관찰,"자동화·설비투자, 외주·도급 전환, 미충원·숙련 불일치, 직무구조 변화 가능성을 질문으로 확인한다(원인 후보이며 입증된 원인이 아님).","생산이 유지되는데 고용이 감소하고 있어 자동화·생산성 변화·미충원·외주화·인력구조 조정 여부를 확인할 필요가 있다.
창원시 제조업 전체에서 입직자 감소가 함께 관측되므로, 고용 감소가 신규 채용 둔화와 함께 나타나는지 확인할 필요가 있다.
경남 제조업 업황 심리지수가 기준선(100)을 밑돌아, 업종 고유 요인인지 지역 전반의 경기 흐름인지 구분해 확인할 필요가 있다.
같은 업종의 전국 업황 심리지수도 기준선을 밑돌아, 관측된 변화가 산단 고유 현상인지 전국 업종 흐름인지 확인할 필요가 있다.
업체수·고용 규모가 작아 비율 변동이 크게 나타난다. 절대 증감 개수로 다시 확인할 필요가 있다.
이 분기는 월별 원자료가 공표되지 않아 분기 내 지속 여부를 확인할 수 없다. 분기말 단일시점 값에만 의존한 판단임을 감안할 필요가 있다.",고용지원 · 직업훈련 / 산업동향,생산이 유지되는데 고용이 감소하고 있어 자동화·생산성 변화·미충원·외주화·인력구조 조정 여부를 확인할 필요가 있다.,"창원시 제조업 전체에서 입직자 감소가 함께 관측되므로, 고용 감소가 신규 채용 둔화와 함께 나타나는지 확인할 필요가 있다.
경남 제조업 업황 심리지수가 기준선(100)을 밑돌아, 업종 고유 요인인지 지역 전반의 경기 흐름인지 구분해 확인할 필요가 있다.
같은 업종의 전국 업황 심리지수도 기준선을 밑돌아, 관측된 변화가 산단 고유 현상인지 전국 업종 흐름인지 확인할 필요가 있다.","업체수·고용 규모가 작아 비율 변동이 크게 나타난다. 절대 증감 개수로 다시 확인할 필요가 있다.
이 분기는 월별 원자료가 공표되지 않아 분기 내 지속 여부를 확인할 수 없다. 분기말 단일시점 값에만 의존한 판단임을 감안할 필요가 있다.",생산유지·고용감소 신호,소규모 분모 — 비율 변동 과대 가능 · 월별 원자료 미제공 구간
석유화학,2022Q1,관찰,미충원·숙련수요·증가의 지속가능성을 확인한다.,"가동률 하락이 일시적 생산조정인지 수주·수요 감소에 따른 것인지 확인할 필요가 있다.
창원시 제조업 전체에서 입직자 감소가 함께 관측되므로, 고용 감소가 신규 채용 둔화와 함께 나타나는지 확인할 필요가 있다.
가동률과 전력사용의 방향이 달라 업종 구성·설비 특성·자료범위(산단 vs 시 전체) 차이를 추가 확인할 필요가 있다.
경남 제조업 업황 심리지수가 기준선(100)을 밑돌아, 업종 고유 요인인지 지역 전반의 경기 흐름인지 구분해 확인할 필요가 있다.
같은 업종의 전국 업황 심리지수도 기준선을 밑돌아, 관측된 변화가 산단 고유 현상인지 전국 업종 흐름인지 확인할 필요가 있다.
이 업종은 생산자물가지수 대응 후보가 복수이거나 없어, PPI 조정 생산을 단일값으로 해석하지 않고 원자료로 확인할 필요가 있다.
이 분기는 월별 원자료가 공표되지 않아 분기 내 지속 여부를 확인할 수 없다. 분기말 단일시점 값에만 의존한 판단임을 감안할 필요가 있다.",산업동향 · 기업지원 / 고용지원 · 직업훈련 / 산업동향,가동률 하락이 일시적 생산조정인지 수주·수요 감소에 따른 것인지 확인할 필요가 있다.,"창원시 제조업 전체에서 입직자 감소가 함께 관측되므로, 고용 감소가 신규 채용 둔화와 함께 나타나는지 확인할 필요가 있다.
가동률과 전력사용의 방향이 달라 업종 구성·설비 특성·자료범위(산단 vs 시 전체) 차이를 추가 확인할 필요가 있다.
경남 제조업 업황 심리지수가 기준선(100)을 밑돌아, 업종 고유 요인인지 지역 전반의 경기 흐름인지 구분해 확인할 필요가 있다.
같은 업종의 전국 업황 심리지수도 기준선을 밑돌아, 관측된 변화가 산단 고유 현상인지 전국 업종 흐름인지 확인할 필요가 있다.","이 업종은 생산자물가지수 대응 후보가 복수이거나 없어, PPI 조정 생산을 단일값으로 해석하지 않고 원자료로 확인할 필요가 있다.
이 분기는 월별 원자료가 공표되지 않아 분기 내 지속 여부를 확인할 수 없다. 분기말 단일시점 값에만 의존한 판단임을 감안할 필요가 있다.",가동 위축 신호,PPI 매핑 불확실(C·D 등급) · 월별 원자료 미제공 구간
섬유의복,2022Q1,추가확인,"자동화·설비투자, 외주·도급 전환, 미충원·숙련 불일치, 직무구조 변화 가능성을 질문으로 확인한다(원인 후보이며 입증된 원인이 아님).","가동업체 감소가 실제 퇴거·폐업·통합·휴업에 따른 것인지, 아니면 조사대상 변동이나 집계기준 변경에 따른 것인지 확인할 필요가 있다.
생산이 유지되는데 고용이 감소하고 있어 자동화·생산성 변화·미충원·외주화·인력구조 조정 여부를 확인할 필요가 있다.
창원시 제조업 전체에서 입직자 감소가 함께 관측되므로, 고용 감소가 신규 채용 둔화와 함께 나타나는지 확인할 필요가 있다.
경남 제조업 업황 심리지수가 기준선(100)을 밑돌아, 업종 고유 요인인지 지역 전반의 경기 흐름인지 구분해 확인할 필요가 있다.
같은 업종의 전국 업황 심리지수도 기준선을 밑돌아, 관측된 변화가 산단 고유 현상인지 전국 업종 흐름인지 확인할 필요가 있다.
업체수·고용 규모가 작아 비율 변동이 크게 나타난다. 절대 증감 개수로 다시 확인할 필요가 있다.
이 분기는 월별 원자료가 공표되지 않아 분기 내 지속 여부를 확인할 수 없다. 분기말 단일시점 값에만 의존한 판단임을 감안할 필요가 있다.",산업동향 · 기업지원 / 고용지원 · 직업훈련 / 산업동향,"가동업체 감소가 실제 퇴거·폐업·통합·휴업에 따른 것인지, 아니면 조사대상 변동이나 집계기준 변경에 따른 것인지 확인할 필요가 있다.
생산이 유지되는데 고용이 감소하고 있어 자동화·생산성 변화·미충원·외주화·인력구조 조정 여부를 확인할 필요가 있다.","창원시 제조업 전체에서 입직자 감소가 함께 관측되므로, 고용 감소가 신규 채용 둔화와 함께 나타나는지 확인할 필요가 있다.
경남 제조업 업황 심리지수가 기준선(100)을 밑돌아, 업종 고유 요인인지 지역 전반의 경기 흐름인지 구분해 확인할 필요가 있다.
같은 업종의 전국 업황 심리지수도 기준선을 밑돌아, 관측된 변화가 산단 고유 현상인지 전국 업종 흐름인지 확인할 필요가 있다.","업체수·고용 규모가 작아 비율 변동이 크게 나타난다. 절대 증감 개수로 다시 확인할 필요가 있다.
이 분기는 월별 원자료가 공표되지 않아 분기 내 지속 여부를 확인할 수 없다. 분기말 단일시점 값에만 의존한 판단임을 감안할 필요가 있다.",업체수 감소 신호 · 생산유지·고용감소 신호,소규모 분모 — 비율 변동 과대 가능 · 월별 원자료 미제공 구간
운송장비,2022Q1,관찰,"자동화·설비투자, 외주·도급 전환, 미충원·숙련 불일치, 직무구조 변화 가능성을 질문으로 확인한다(원인 후보이며 입증된 원인이 아님).","생산이 유지되는데 고용이 감소하고 있어 자동화·생산성 변화·미충원·외주화·인력구조 조정 여부를 확인할 필요가 있다.
확인된 품목 기준 수출이 함께 감소하고 있어, 외부수요 약화 가능성을 보려면 수출 감소가 특정 품목·기업에 집중되는지 추가 확인할 필요가 있다.
창원시 제조업 전체에서 입직자 감소가 함께 관측되므로, 고용 감소가 신규 채용 둔화와 함께 나타나는지 확인할 필요가 있다.
경남 제조업 업황 심리지수가 기준선(100)을 밑돌아, 업종 고유 요인인지 지역 전반의 경기 흐름인지 구분해 확인할 필요가 있다.
같은 업종의 전국 업황 심리지수도 기준선을 밑돌아, 관측된 변화가 산단 고유 현상인지 전국 업종 흐름인지 확인할 필요가 있다.
이 분기는 월별 원자료가 공표되지 않아 분기 내 지속 여부를 확인할 수 없다. 분기말 단일시점 값에만 의존한 판단임을 감안할 필요가 있다.",고용지원 · 직업훈련 / 산업동향 · 기업지원 / 산업동향,생산이 유지되는데 고용이 감소하고 있어 자동화·생산성 변화·미충원·외주화·인력구조 조정 여부를 확인할 필요가 있다.,"확인된 품목 기준 수출이 함께 감소하고 있어, 외부수요 약화 가능성을 보려면 수출 감소가 특정 품목·기업에 집중되는지 추가 확인할 필요가 있다.
창원시 제조업 전체에서 입직자 감소가 함께 관측되므로, 고용 감소가 신규 채용 둔화와 함께 나타나는지 확인할 필요가 있다.
경남 제조업 업황 심리지수가 기준선(100)을 밑돌아, 업종 고유 요인인지 지역 전반의 경기 흐름인지 구분해 확인할 필요가 있다.
같은 업종의 전국 업황 심리지수도 기준선을 밑돌아, 관측된 변화가 산단 고유 현상인지 전국 업종 흐름인지 확인할 필요가 있다.",이 분기는 월별 원자료가 공표되지 않아 분기 내 지속 여부를 확인할 수 없다. 분기말 단일시점 값에만 의존한 판단임을 감안할 필요가 있다.,생산유지·고용감소 신호,월별 원자료 미제공 구간
음식료,2022Q1,관찰,미충원·숙련수요·증가의 지속가능성을 확인한다.,"창원시 제조업 전체에서 입직자 감소가 함께 관측되므로, 고용 감소가 신규 채용 둔화와 함께 나타나는지 확인할 필요가 있다.
가동률과 전력사용의 방향이 달라 업종 구성·설비 특성·자료범위(산단 vs 시 전체) 차이를 추가 확인할 필요가 있다.
경남 제조업 업황 심리지수가 기준선(100)을 밑돌아, 업종 고유 요인인지 지역 전반의 경기 흐름인지 구분해 확인할 필요가 있다.
같은 업종의 전국 업황 심리지수도 기준선을 밑돌아, 관측된 변화가 산단 고유 현상인지 전국 업종 흐름인지 확인할 필요가 있다.
명목생산과 PPI 조정 생산의 방향이 달라, 이 분기의 생산 변화가 가격 때문인지 물량 때문인지 확인할 필요가 있다.
업체수·고용 규모가 작아 비율 변동이 크게 나타난다. 절대 증감 개수로 다시 확인할 필요가 있다.
이 분기는 월별 원자료가 공표되지 않아 분기 내 지속 여부를 확인할 수 없다. 분기말 단일시점 값에만 의존한 판단임을 감안할 필요가 있다.",고용지원 · 직업훈련 / 산업동향,,"창원시 제조업 전체에서 입직자 감소가 함께 관측되므로, 고용 감소가 신규 채용 둔화와 함께 나타나는지 확인할 필요가 있다.
가동률과 전력사용의 방향이 달라 업종 구성·설비 특성·자료범위(산단 vs 시 전체) 차이를 추가 확인할 필요가 있다.
경남 제조업 업황 심리지수가 기준선(100)을 밑돌아, 업종 고유 요인인지 지역 전반의 경기 흐름인지 구분해 확인할 필요가 있다.
같은 업종의 전국 업황 심리지수도 기준선을 밑돌아, 관측된 변화가 산단 고유 현상인지 전국 업종 흐름인지 확인할 필요가 있다.","명목생산과 PPI 조정 생산의 방향이 달라, 이 분기의 생산 변화가 가격 때문인지 물량 때문인지 확인할 필요가 있다.
업체수·고용 규모가 작아 비율 변동이 크게 나타난다. 절대 증감 개수로 다시 확인할 필요가 있다.
이 분기는 월별 원자료가 공표되지 않아 분기 내 지속 여부를 확인할 수 없다. 분기말 단일시점 값에만 의존한 판단임을 감안할 필요가 있다.",해석 보류,명목·PPI 조정 생산 방향 불일치 · 소규모 분모 — 비율 변동 과대 가능 · 월별 원자료 미제공 구간
전기전자,2022Q1,관찰,미충원·숙련수요·증가의 지속가능성을 확인한다.,"창원시 제조업 전체에서 입직자 감소가 함께 관측되므로, 고용 감소가 신규 채용 둔화와 함께 나타나는지 확인할 필요가 있다.
경남 제조업 업황 심리지수가 기준선(100)을 밑돌아, 업종 고유 요인인지 지역 전반의 경기 흐름인지 구분해 확인할 필요가 있다.
같은 업종의 전국 업황 심리지수도 기준선을 밑돌아, 관측된 변화가 산단 고유 현상인지 전국 업종 흐름인지 확인할 필요가 있다.
이 업종은 생산자물가지수 대응 후보가 복수이거나 없어, PPI 조정 생산을 단일값으로 해석하지 않고 원자료로 확인할 필요가 있다.
이 분기는 월별 원자료가 공표되지 않아 분기 내 지속 여부를 확인할 수 없다. 분기말 단일시점 값에만 의존한 판단임을 감안할 필요가 있다.",고용지원 · 직업훈련 / 산업동향,,"창원시 제조업 전체에서 입직자 감소가 함께 관측되므로, 고용 감소가 신규 채용 둔화와 함께 나타나는지 확인할 필요가 있다.
경남 제조업 업황 심리지수가 기준선(100)을 밑돌아, 업종 고유 요인인지 지역 전반의 경기 흐름인지 구분해 확인할 필요가 있다.
같은 업종의 전국 업황 심리지수도 기준선을 밑돌아, 관측된 변화가 산단 고유 현상인지 전국 업종 흐름인지 확인할 필요가 있다.","이 업종은 생산자물가지수 대응 후보가 복수이거나 없어, PPI 조정 생산을 단일값으로 해석하지 않고 원자료로 확인할 필요가 있다.
이 분기는 월별 원자료가 공표되지 않아 분기 내 지속 여부를 확인할 수 없다. 분기말 단일시점 값에만 의존한 판단임을 감안할 필요가 있다.",해석 보류,PPI 매핑 불확실(C·D 등급) · 월별 원자료 미제공 구간
철강,2022Q1,관찰,미충원·숙련수요·증가의 지속가능성을 확인한다.,"창원시 제조업 전체에서 입직자 감소가 함께 관측되므로, 고용 감소가 신규 채용 둔화와 함께 나타나는지 확인할 필요가 있다.
경남 제조업 업황 심리지수가 기준선(100)을 밑돌아, 업종 고유 요인인지 지역 전반의 경기 흐름인지 구분해 확인할 필요가 있다.
같은 업종의 전국 업황 심리지수도 기준선을 밑돌아, 관측된 변화가 산단 고유 현상인지 전국 업종 흐름인지 확인할 필요가 있다.
명목생산과 PPI 조정 생산의 방향이 달라, 이 분기의 생산 변화가 가격 때문인지 물량 때문인지 확인할 필요가 있다.
이 분기는 월별 원자료가 공표되지 않아 분기 내 지속 여부를 확인할 수 없다. 분기말 단일시점 값에만 의존한 판단임을 감안할 필요가 있다.",고용지원 · 직업훈련 / 산업동향,,"창원시 제조업 전체에서 입직자 감소가 함께 관측되므로, 고용 감소가 신규 채용 둔화와 함께 나타나는지 확인할 필요가 있다.
경남 제조업 업황 심리지수가 기준선(100)을 밑돌아, 업종 고유 요인인지 지역 전반의 경기 흐름인지 구분해 확인할 필요가 있다.
같은 업종의 전국 업황 심리지수도 기준선을 밑돌아, 관측된 변화가 산단 고유 현상인지 전국 업종 흐름인지 확인할 필요가 있다.","명목생산과 PPI 조정 생산의 방향이 달라, 이 분기의 생산 변화가 가격 때문인지 물량 때문인지 확인할 필요가 있다.
이 분기는 월별 원자료가 공표되지 않아 분기 내 지속 여부를 확인할 수 없다. 분기말 단일시점 값에만 의존한 판단임을 감안할 필요가 있다.",해석 보류,명목·PPI 조정 생산 방향 불일치 · 월별 원자료 미제공 구간
기계,2022Q2,우선점검,"자동화·설비투자, 외주·도급 전환, 미충원·숙련 불일치, 직무구조 변화 가능성을 질문으로 확인한다(원인 후보이며 입증된 원인이 아님).","생산이 유지되는데 고용이 감소하고 있어 자동화·생산성 변화·미충원·외주화·인력구조 조정 여부를 확인할 필요가 있다.
창원시 제조업 전체에서 입직자 감소가 함께 관측되므로, 고용 감소가 신규 채용 둔화와 함께 나타나는지 확인할 필요가 있다.
가동률과 전력사용의 방향이 달라 업종 구성·설비 특성·자료범위(산단 vs 시 전체) 차이를 추가 확인할 필요가 있다.
경남 제조업 업황 심리지수가 기준선(100)을 밑돌아, 업종 고유 요인인지 지역 전반의 경기 흐름인지 구분해 확인할 필요가 있다.
같은 업종의 전국 업황 심리지수도 기준선을 밑돌아, 관측된 변화가 산단 고유 현상인지 전국 업종 흐름인지 확인할 필요가 있다.
이 분기는 월별 원자료가 공표되지 않아 분기 내 지속 여부를 확인할 수 없다. 분기말 단일시점 값에만 의존한 판단임을 감안할 필요가 있다.",고용지원 · 직업훈련 / 산업동향,생산이 유지되는데 고용이 감소하고 있어 자동화·생산성 변화·미충원·외주화·인력구조 조정 여부를 확인할 필요가 있다.,"창원시 제조업 전체에서 입직자 감소가 함께 관측되므로, 고용 감소가 신규 채용 둔화와 함께 나타나는지 확인할 필요가 있다.
가동률과 전력사용의 방향이 달라 업종 구성·설비 특성·자료범위(산단 vs 시 전체) 차이를 추가 확인할 필요가 있다.
경남 제조업 업황 심리지수가 기준선(100)을 밑돌아, 업종 고유 요인인지 지역 전반의 경기 흐름인지 구분해 확인할 필요가 있다.
같은 업종의 전국 업황 심리지수도 기준선을 밑돌아, 관측된 변화가 산단 고유 현상인지 전국 업종 흐름인지 확인할 필요가 있다.",이 분기는 월별 원자료가 공표되지 않아 분기 내 지속 여부를 확인할 수 없다. 분기말 단일시점 값에만 의존한 판단임을 감안할 필요가 있다.,생산유지·고용감소 신호,월별 원자료 미제공 구간
기타,2022Q2,관찰,수주잔량·가동률·휴업/감산·기업 수 변동·고용조정 계획 신고 여부를 확인한다(원인 후보이며 입증된 원인이 아님).,"가동업체 감소가 실제 퇴거·폐업·통합·휴업에 따른 것인지, 아니면 조사대상 변동이나 집계기준 변경에 따른 것인지 확인할 필요가 있다.
창원시 제조업 전체에서 입직자 감소가 함께 관측되므로, 고용 감소가 신규 채용 둔화와 함께 나타나는지 확인할 필요가 있다.
가동률과 전력사용의 방향이 달라 업종 구성·설비 특성·자료범위(산단 vs 시 전체) 차이를 추가 확인할 필요가 있다.
경남 제조업 업황 심리지수가 기준선(100)을 밑돌아, 업종 고유 요인인지 지역 전반의 경기 흐름인지 구분해 확인할 필요가 있다.
이 업종은 생산자물가지수 대응 후보가 복수이거나 없어, PPI 조정 생산을 단일값으로 해석하지 않고 원자료로 확인할 필요가 있다.
업체수·고용 규모가 작아 비율 변동이 크게 나타난다. 절대 증감 개수로 다시 확인할 필요가 있다.
이 분기는 월별 원자료가 공표되지 않아 분기 내 지속 여부를 확인할 수 없다. 분기말 단일시점 값에만 의존한 판단임을 감안할 필요가 있다.",산업동향 · 기업지원 / 고용지원 · 직업훈련 / 산업동향,"가동업체 감소가 실제 퇴거·폐업·통합·휴업에 따른 것인지, 아니면 조사대상 변동이나 집계기준 변경에 따른 것인지 확인할 필요가 있다.","창원시 제조업 전체에서 입직자 감소가 함께 관측되므로, 고용 감소가 신규 채용 둔화와 함께 나타나는지 확인할 필요가 있다.
가동률과 전력사용의 방향이 달라 업종 구성·설비 특성·자료범위(산단 vs 시 전체) 차이를 추가 확인할 필요가 있다.
경남 제조업 업황 심리지수가 기준선(100)을 밑돌아, 업종 고유 요인인지 지역 전반의 경기 흐름인지 구분해 확인할 필요가 있다.","이 업종은 생산자물가지수 대응 후보가 복수이거나 없어, PPI 조정 생산을 단일값으로 해석하지 않고 원자료로 확인할 필요가 있다.
업체수·고용 규모가 작아 비율 변동이 크게 나타난다. 절대 증감 개수로 다시 확인할 필요가 있다.
이 분기는 월별 원자료가 공표되지 않아 분기 내 지속 여부를 확인할 수 없다. 분기말 단일시점 값에만 의존한 판단임을 감안할 필요가 있다.",업체수 감소 신호,PPI 매핑 불확실(C·D 등급) · 소규모 분모 — 비율 변동 과대 가능 · 월별 원자료 미제공 구간
목재종이,2022Q2,관찰,미충원·숙련수요·증가의 지속가능성을 확인한다.,"창원시 제조업 전체에서 입직자 감소가 함께 관측되므로, 고용 감소가 신규 채용 둔화와 함께 나타나는지 확인할 필요가 있다.
가동률과 전력사용의 방향이 달라 업종 구성·설비 특성·자료범위(산단 vs 시 전체) 차이를 추가 확인할 필요가 있다.
경남 제조업 업황 심리지수가 기준선(100)을 밑돌아, 업종 고유 요인인지 지역 전반의 경기 흐름인지 구분해 확인할 필요가 있다.
같은 업종의 전국 업황 심리지수도 기준선을 밑돌아, 관측된 변화가 산단 고유 현상인지 전국 업종 흐름인지 확인할 필요가 있다.
업체수·고용 규모가 작아 비율 변동이 크게 나타난다. 절대 증감 개수로 다시 확인할 필요가 있다.
이 분기는 월별 원자료가 공표되지 않아 분기 내 지속 여부를 확인할 수 없다. 분기말 단일시점 값에만 의존한 판단임을 감안할 필요가 있다.",고용지원 · 직업훈련 / 산업동향,,"창원시 제조업 전체에서 입직자 감소가 함께 관측되므로, 고용 감소가 신규 채용 둔화와 함께 나타나는지 확인할 필요가 있다.
가동률과 전력사용의 방향이 달라 업종 구성·설비 특성·자료범위(산단 vs 시 전체) 차이를 추가 확인할 필요가 있다.
경남 제조업 업황 심리지수가 기준선(100)을 밑돌아, 업종 고유 요인인지 지역 전반의 경기 흐름인지 구분해 확인할 필요가 있다.
같은 업종의 전국 업황 심리지수도 기준선을 밑돌아, 관측된 변화가 산단 고유 현상인지 전국 업종 흐름인지 확인할 필요가 있다.","업체수·고용 규모가 작아 비율 변동이 크게 나타난다. 절대 증감 개수로 다시 확인할 필요가 있다.
이 분기는 월별 원자료가 공표되지 않아 분기 내 지속 여부를 확인할 수 없다. 분기말 단일시점 값에만 의존한 판단임을 감안할 필요가 있다.",해석 보류,소규모 분모 — 비율 변동 과대 가능 · 월별 원자료 미제공 구간
비금속,2022Q2,관찰,"자동화·설비투자, 외주·도급 전환, 미충원·숙련 불일치, 직무구조 변화 가능성을 질문으로 확인한다(원인 후보이며 입증된 원인이 아님).","명목생산 변화에 가격효과가 포함되어 있으므로 실제 물량이 줄었는지 추가로 확인할 필요가 있다.
창원시 제조업 전체에서 입직자 감소가 함께 관측되므로, 고용 감소가 신규 채용 둔화와 함께 나타나는지 확인할 필요가 있다.
가동률과 전력사용의 방향이 달라 업종 구성·설비 특성·자료범위(산단 vs 시 전체) 차이를 추가 확인할 필요가 있다.
경남 제조업 업황 심리지수가 기준선(100)을 밑돌아, 업종 고유 요인인지 지역 전반의 경기 흐름인지 구분해 확인할 필요가 있다.
같은 업종의 전국 업황 심리지수도 기준선을 밑돌아, 관측된 변화가 산단 고유 현상인지 전국 업종 흐름인지 확인할 필요가 있다.
명목생산과 PPI 조정 생산의 방향이 달라, 이 분기의 생산 변화가 가격 때문인지 물량 때문인지 확인할 필요가 있다.
업체수·고용 규모가 작아 비율 변동이 크게 나타난다. 절대 증감 개수로 다시 확인할 필요가 있다.
이 분기는 월별 원자료가 공표되지 않아 분기 내 지속 여부를 확인할 수 없다. 분기말 단일시점 값에만 의존한 판단임을 감안할 필요가 있다.",산업동향 / 고용지원 · 직업훈련,명목생산 변화에 가격효과가 포함되어 있으므로 실제 물량이 줄었는지 추가로 확인할 필요가 있다.,"창원시 제조업 전체에서 입직자 감소가 함께 관측되므로, 고용 감소가 신규 채용 둔화와 함께 나타나는지 확인할 필요가 있다.
가동률과 전력사용의 방향이 달라 업종 구성·설비 특성·자료범위(산단 vs 시 전체) 차이를 추가 확인할 필요가 있다.
경남 제조업 업황 심리지수가 기준선(100)을 밑돌아, 업종 고유 요인인지 지역 전반의 경기 흐름인지 구분해 확인할 필요가 있다.
같은 업종의 전국 업황 심리지수도 기준선을 밑돌아, 관측된 변화가 산단 고유 현상인지 전국 업종 흐름인지 확인할 필요가 있다.","명목생산과 PPI 조정 생산의 방향이 달라, 이 분기의 생산 변화가 가격 때문인지 물량 때문인지 확인할 필요가 있다.
업체수·고용 규모가 작아 비율 변동이 크게 나타난다. 절대 증감 개수로 다시 확인할 필요가 있다.
이 분기는 월별 원자료가 공표되지 않아 분기 내 지속 여부를 확인할 수 없다. 분기말 단일시점 값에만 의존한 판단임을 감안할 필요가 있다.",실질생산 위축 신호(PPI 조정),명목·PPI 조정 생산 방향 불일치 · 소규모 분모 — 비율 변동 과대 가능 · 월별 원자료 미제공 구간
석유화학,2022Q2,관찰,미충원·숙련수요·증가의 지속가능성을 확인한다.,"가동률 하락이 일시적 생산조정인지 수주·수요 감소에 따른 것인지 확인할 필요가 있다.
창원시 제조업 전체에서 입직자 감소가 함께 관측되므로, 고용 감소가 신규 채용 둔화와 함께 나타나는지 확인할 필요가 있다.
가동률 하락과 창원시 제조업 전력사용 감소가 함께 나타나 실제 생산활동 위축 여부를 추가 확인할 필요가 있다. 다만 전력은 시 전체 제조업 총계이므로 이 업종의 값이 아니다.
경남 제조업 업황 심리지수가 기준선(100)을 밑돌아, 업종 고유 요인인지 지역 전반의 경기 흐름인지 구분해 확인할 필요가 있다.
같은 업종의 전국 업황 심리지수도 기준선을 밑돌아, 관측된 변화가 산단 고유 현상인지 전국 업종 흐름인지 확인할 필요가 있다.
이 업종은 생산자물가지수 대응 후보가 복수이거나 없어, PPI 조정 생산을 단일값으로 해석하지 않고 원자료로 확인할 필요가 있다.
이 분기는 월별 원자료가 공표되지 않아 분기 내 지속 여부를 확인할 수 없다. 분기말 단일시점 값에만 의존한 판단임을 감안할 필요가 있다.",산업동향 · 기업지원 / 고용지원 · 직업훈련 / 산업동향,가동률 하락이 일시적 생산조정인지 수주·수요 감소에 따른 것인지 확인할 필요가 있다.,"창원시 제조업 전체에서 입직자 감소가 함께 관측되므로, 고용 감소가 신규 채용 둔화와 함께 나타나는지 확인할 필요가 있다.
가동률 하락과 창원시 제조업 전력사용 감소가 함께 나타나 실제 생산활동 위축 여부를 추가 확인할 필요가 있다. 다만 전력은 시 전체 제조업 총계이므로 이 업종의 값이 아니다.
경남 제조업 업황 심리지수가 기준선(100)을 밑돌아, 업종 고유 요인인지 지역 전반의 경기 흐름인지 구분해 확인할 필요가 있다.
같은 업종의 전국 업황 심리지수도 기준선을 밑돌아, 관측된 변화가 산단 고유 현상인지 전국 업종 흐름인지 확인할 필요가 있다.","이 업종은 생산자물가지수 대응 후보가 복수이거나 없어, PPI 조정 생산을 단일값으로 해석하지 않고 원자료로 확인할 필요가 있다.
이 분기는 월별 원자료가 공표되지 않아 분기 내 지속 여부를 확인할 수 없다. 분기말 단일시점 값에만 의존한 판단임을 감안할 필요가 있다.",가동 위축 신호,PPI 매핑 불확실(C·D 등급) · 월별 원자료 미제공 구간
섬유의복,2022Q2,추가확인,"자동화·설비투자, 외주·도급 전환, 미충원·숙련 불일치, 직무구조 변화 가능성을 질문으로 확인한다(원인 후보이며 입증된 원인이 아님).","가동업체 감소가 실제 퇴거·폐업·통합·휴업에 따른 것인지, 아니면 조사대상 변동이나 집계기준 변경에 따른 것인지 확인할 필요가 있다.
생산이 유지되는데 고용이 감소하고 있어 자동화·생산성 변화·미충원·외주화·인력구조 조정 여부를 확인할 필요가 있다.
창원시 제조업 전체에서 입직자 감소가 함께 관측되므로, 고용 감소가 신규 채용 둔화와 함께 나타나는지 확인할 필요가 있다.
가동률과 전력사용의 방향이 달라 업종 구성·설비 특성·자료범위(산단 vs 시 전체) 차이를 추가 확인할 필요가 있다.
경남 제조업 업황 심리지수가 기준선(100)을 밑돌아, 업종 고유 요인인지 지역 전반의 경기 흐름인지 구분해 확인할 필요가 있다.
같은 업종의 전국 업황 심리지수도 기준선을 밑돌아, 관측된 변화가 산단 고유 현상인지 전국 업종 흐름인지 확인할 필요가 있다.
업체수·고용 규모가 작아 비율 변동이 크게 나타난다. 절대 증감 개수로 다시 확인할 필요가 있다.
이 분기는 월별 원자료가 공표되지 않아 분기 내 지속 여부를 확인할 수 없다. 분기말 단일시점 값에만 의존한 판단임을 감안할 필요가 있다.",산업동향 · 기업지원 / 고용지원 · 직업훈련 / 산업동향,"가동업체 감소가 실제 퇴거·폐업·통합·휴업에 따른 것인지, 아니면 조사대상 변동이나 집계기준 변경에 따른 것인지 확인할 필요가 있다.
생산이 유지되는데 고용이 감소하고 있어 자동화·생산성 변화·미충원·외주화·인력구조 조정 여부를 확인할 필요가 있다.","창원시 제조업 전체에서 입직자 감소가 함께 관측되므로, 고용 감소가 신규 채용 둔화와 함께 나타나는지 확인할 필요가 있다.
가동률과 전력사용의 방향이 달라 업종 구성·설비 특성·자료범위(산단 vs 시 전체) 차이를 추가 확인할 필요가 있다.
경남 제조업 업황 심리지수가 기준선(100)을 밑돌아, 업종 고유 요인인지 지역 전반의 경기 흐름인지 구분해 확인할 필요가 있다.
같은 업종의 전국 업황 심리지수도 기준선을 밑돌아, 관측된 변화가 산단 고유 현상인지 전국 업종 흐름인지 확인할 필요가 있다.","업체수·고용 규모가 작아 비율 변동이 크게 나타난다. 절대 증감 개수로 다시 확인할 필요가 있다.
이 분기는 월별 원자료가 공표되지 않아 분기 내 지속 여부를 확인할 수 없다. 분기말 단일시점 값에만 의존한 판단임을 감안할 필요가 있다.",업체수 감소 신호 · 생산유지·고용감소 신호,소규모 분모 — 비율 변동 과대 가능 · 월별 원자료 미제공 구간
운송장비,2022Q2,관찰,"자동화·설비투자, 외주·도급 전환, 미충원·숙련 불일치, 직무구조 변화 가능성을 질문으로 확인한다(원인 후보이며 입증된 원인이 아님).","생산이 유지되는데 고용이 감소하고 있어 자동화·생산성 변화·미충원·외주화·인력구조 조정 여부를 확인할 필요가 있다.
확인된 품목 기준 수출은 유지·확대되는데 고용이 감소하고 있어 생산성·자동화·기업구성 변화 등의 가능성을 추가 확인할 필요가 있다.
창원시 제조업 전체에서 입직자 감소가 함께 관측되므로, 고용 감소가 신규 채용 둔화와 함께 나타나는지 확인할 필요가 있다.
가동률과 전력사용의 방향이 달라 업종 구성·설비 특성·자료범위(산단 vs 시 전체) 차이를 추가 확인할 필요가 있다.
경남 제조업 업황 심리지수가 기준선(100)을 밑돌아, 업종 고유 요인인지 지역 전반의 경기 흐름인지 구분해 확인할 필요가 있다.
같은 업종의 전국 업황 심리지수도 기준선을 밑돌아, 관측된 변화가 산단 고유 현상인지 전국 업종 흐름인지 확인할 필요가 있다.
이 분기는 월별 원자료가 공표되지 않아 분기 내 지속 여부를 확인할 수 없다. 분기말 단일시점 값에만 의존한 판단임을 감안할 필요가 있다.
외부 자료의 업종 구분이 산단 10업종과 정확히 대응하지 않는다. 비교 결과를 참고로만 읽고 대응 범위를 확인할 필요가 있다.",고용지원 · 직업훈련 / 산업동향,생산이 유지되는데 고용이 감소하고 있어 자동화·생산성 변화·미충원·외주화·인력구조 조정 여부를 확인할 필요가 있다.,"확인된 품목 기준 수출은 유지·확대되는데 고용이 감소하고 있어 생산성·자동화·기업구성 변화 등의 가능성을 추가 확인할 필요가 있다.
창원시 제조업 전체에서 입직자 감소가 함께 관측되므로, 고용 감소가 신규 채용 둔화와 함께 나타나는지 확인할 필요가 있다.
가동률과 전력사용의 방향이 달라 업종 구성·설비 특성·자료범위(산단 vs 시 전체) 차이를 추가 확인할 필요가 있다.
경남 제조업 업황 심리지수가 기준선(100)을 밑돌아, 업종 고유 요인인지 지역 전반의 경기 흐름인지 구분해 확인할 필요가 있다.
같은 업종의 전국 업황 심리지수도 기준선을 밑돌아, 관측된 변화가 산단 고유 현상인지 전국 업종 흐름인지 확인할 필요가 있다.","이 분기는 월별 원자료가 공표되지 않아 분기 내 지속 여부를 확인할 수 없다. 분기말 단일시점 값에만 의존한 판단임을 감안할 필요가 있다.
외부 자료의 업종 구분이 산단 10업종과 정확히 대응하지 않는다. 비교 결과를 참고로만 읽고 대응 범위를 확인할 필요가 있다.",생산유지·고용감소 신호,외부자료 업종 대응 불확실 · 월별 원자료 미제공 구간
음식료,2022Q2,관찰,미충원·숙련수요·증가의 지속가능성을 확인한다.,"창원시 제조업 전체에서 입직자 감소가 함께 관측되므로, 고용 감소가 신규 채용 둔화와 함께 나타나는지 확인할 필요가 있다.
가동률과 전력사용의 방향이 달라 업종 구성·설비 특성·자료범위(산단 vs 시 전체) 차이를 추가 확인할 필요가 있다.
경남 제조업 업황 심리지수가 기준선(100)을 밑돌아, 업종 고유 요인인지 지역 전반의 경기 흐름인지 구분해 확인할 필요가 있다.
같은 업종의 전국 업황 심리지수도 기준선을 밑돌아, 관측된 변화가 산단 고유 현상인지 전국 업종 흐름인지 확인할 필요가 있다.
명목생산과 PPI 조정 생산의 방향이 달라, 이 분기의 생산 변화가 가격 때문인지 물량 때문인지 확인할 필요가 있다.
업체수·고용 규모가 작아 비율 변동이 크게 나타난다. 절대 증감 개수로 다시 확인할 필요가 있다.
이 분기는 월별 원자료가 공표되지 않아 분기 내 지속 여부를 확인할 수 없다. 분기말 단일시점 값에만 의존한 판단임을 감안할 필요가 있다.",고용지원 · 직업훈련 / 산업동향,,"창원시 제조업 전체에서 입직자 감소가 함께 관측되므로, 고용 감소가 신규 채용 둔화와 함께 나타나는지 확인할 필요가 있다.
가동률과 전력사용의 방향이 달라 업종 구성·설비 특성·자료범위(산단 vs 시 전체) 차이를 추가 확인할 필요가 있다.
경남 제조업 업황 심리지수가 기준선(100)을 밑돌아, 업종 고유 요인인지 지역 전반의 경기 흐름인지 구분해 확인할 필요가 있다.
같은 업종의 전국 업황 심리지수도 기준선을 밑돌아, 관측된 변화가 산단 고유 현상인지 전국 업종 흐름인지 확인할 필요가 있다.","명목생산과 PPI 조정 생산의 방향이 달라, 이 분기의 생산 변화가 가격 때문인지 물량 때문인지 확인할 필요가 있다.
업체수·고용 규모가 작아 비율 변동이 크게 나타난다. 절대 증감 개수로 다시 확인할 필요가 있다.
이 분기는 월별 원자료가 공표되지 않아 분기 내 지속 여부를 확인할 수 없다. 분기말 단일시점 값에만 의존한 판단임을 감안할 필요가 있다.",해석 보류,명목·PPI 조정 생산 방향 불일치 · 소규모 분모 — 비율 변동 과대 가능 · 월별 원자료 미제공 구간
전기전자,2022Q2,관찰,미충원·숙련수요·증가의 지속가능성을 확인한다.,"창원시 제조업 전체에서 입직자 감소가 함께 관측되므로, 고용 감소가 신규 채용 둔화와 함께 나타나는지 확인할 필요가 있다.
가동률 하락과 창원시 제조업 전력사용 감소가 함께 나타나 실제 생산활동 위축 여부를 추가 확인할 필요가 있다. 다만 전력은 시 전체 제조업 총계이므로 이 업종의 값이 아니다.
경남 제조업 업황 심리지수가 기준선(100)을 밑돌아, 업종 고유 요인인지 지역 전반의 경기 흐름인지 구분해 확인할 필요가 있다.
같은 업종의 전국 업황 심리지수도 기준선을 밑돌아, 관측된 변화가 산단 고유 현상인지 전국 업종 흐름인지 확인할 필요가 있다.
이 업종은 생산자물가지수 대응 후보가 복수이거나 없어, PPI 조정 생산을 단일값으로 해석하지 않고 원자료로 확인할 필요가 있다.
이 분기는 월별 원자료가 공표되지 않아 분기 내 지속 여부를 확인할 수 없다. 분기말 단일시점 값에만 의존한 판단임을 감안할 필요가 있다.
외부 자료의 업종 구분이 산단 10업종과 정확히 대응하지 않는다. 비교 결과를 참고로만 읽고 대응 범위를 확인할 필요가 있다.",고용지원 · 직업훈련 / 산업동향 · 기업지원 / 산업동향,,"창원시 제조업 전체에서 입직자 감소가 함께 관측되므로, 고용 감소가 신규 채용 둔화와 함께 나타나는지 확인할 필요가 있다.
가동률 하락과 창원시 제조업 전력사용 감소가 함께 나타나 실제 생산활동 위축 여부를 추가 확인할 필요가 있다. 다만 전력은 시 전체 제조업 총계이므로 이 업종의 값이 아니다.
경남 제조업 업황 심리지수가 기준선(100)을 밑돌아, 업종 고유 요인인지 지역 전반의 경기 흐름인지 구분해 확인할 필요가 있다.
같은 업종의 전국 업황 심리지수도 기준선을 밑돌아, 관측된 변화가 산단 고유 현상인지 전국 업종 흐름인지 확인할 필요가 있다.","이 업종은 생산자물가지수 대응 후보가 복수이거나 없어, PPI 조정 생산을 단일값으로 해석하지 않고 원자료로 확인할 필요가 있다.
이 분기는 월별 원자료가 공표되지 않아 분기 내 지속 여부를 확인할 수 없다. 분기말 단일시점 값에만 의존한 판단임을 감안할 필요가 있다.
외부 자료의 업종 구분이 산단 10업종과 정확히 대응하지 않는다. 비교 결과를 참고로만 읽고 대응 범위를 확인할 필요가 있다.",해석 보류,PPI 매핑 불확실(C·D 등급) · 외부자료 업종 대응 불확실 · 월별 원자료 미제공 구간
철강,2022Q2,관찰,미충원·숙련수요·증가의 지속가능성을 확인한다.,"창원시 제조업 전체에서 입직자 감소가 함께 관측되므로, 고용 감소가 신규 채용 둔화와 함께 나타나는지 확인할 필요가 있다.
가동률과 전력사용의 방향이 달라 업종 구성·설비 특성·자료범위(산단 vs 시 전체) 차이를 추가 확인할 필요가 있다.
경남 제조업 업황 심리지수가 기준선(100)을 밑돌아, 업종 고유 요인인지 지역 전반의 경기 흐름인지 구분해 확인할 필요가 있다.
명목생산과 PPI 조정 생산의 방향이 달라, 이 분기의 생산 변화가 가격 때문인지 물량 때문인지 확인할 필요가 있다.
이 분기는 월별 원자료가 공표되지 않아 분기 내 지속 여부를 확인할 수 없다. 분기말 단일시점 값에만 의존한 판단임을 감안할 필요가 있다.",고용지원 · 직업훈련 / 산업동향,,"창원시 제조업 전체에서 입직자 감소가 함께 관측되므로, 고용 감소가 신규 채용 둔화와 함께 나타나는지 확인할 필요가 있다.
가동률과 전력사용의 방향이 달라 업종 구성·설비 특성·자료범위(산단 vs 시 전체) 차이를 추가 확인할 필요가 있다.
경남 제조업 업황 심리지수가 기준선(100)을 밑돌아, 업종 고유 요인인지 지역 전반의 경기 흐름인지 구분해 확인할 필요가 있다.","명목생산과 PPI 조정 생산의 방향이 달라, 이 분기의 생산 변화가 가격 때문인지 물량 때문인지 확인할 필요가 있다.
이 분기는 월별 원자료가 공표되지 않아 분기 내 지속 여부를 확인할 수 없다. 분기말 단일시점 값에만 의존한 판단임을 감안할 필요가 있다.",해석 보류,명목·PPI 조정 생산 방향 불일치 · 월별 원자료 미제공 구간
기계,2022Q3,우선점검,"자동화·설비투자, 외주·도급 전환, 미충원·숙련 불일치, 직무구조 변화 가능성을 질문으로 확인한다(원인 후보이며 입증된 원인이 아님).","생산이 유지되는데 고용이 감소하고 있어 자동화·생산성 변화·미충원·외주화·인력구조 조정 여부를 확인할 필요가 있다.
확인된 품목 기준 수출이 함께 감소하고 있어, 외부수요 약화 가능성을 보려면 수출 감소가 특정 품목·기업에 집중되는지 추가 확인할 필요가 있다.
창원시 제조업 전체에서 입직자 감소가 함께 관측되므로, 고용 감소가 신규 채용 둔화와 함께 나타나는지 확인할 필요가 있다.
가동률과 전력사용의 방향이 달라 업종 구성·설비 특성·자료범위(산단 vs 시 전체) 차이를 추가 확인할 필요가 있다.
경남 제조업 업황 심리지수가 기준선(100)을 밑돌아, 업종 고유 요인인지 지역 전반의 경기 흐름인지 구분해 확인할 필요가 있다.
같은 업종의 전국 업황 심리지수도 기준선을 밑돌아, 관측된 변화가 산단 고유 현상인지 전국 업종 흐름인지 확인할 필요가 있다.
이 분기는 월별 원자료가 공표되지 않아 분기 내 지속 여부를 확인할 수 없다. 분기말 단일시점 값에만 의존한 판단임을 감안할 필요가 있다.",고용지원 · 직업훈련 / 산업동향 · 기업지원 / 산업동향,생산이 유지되는데 고용이 감소하고 있어 자동화·생산성 변화·미충원·외주화·인력구조 조정 여부를 확인할 필요가 있다.,"확인된 품목 기준 수출이 함께 감소하고 있어, 외부수요 약화 가능성을 보려면 수출 감소가 특정 품목·기업에 집중되는지 추가 확인할 필요가 있다.
창원시 제조업 전체에서 입직자 감소가 함께 관측되므로, 고용 감소가 신규 채용 둔화와 함께 나타나는지 확인할 필요가 있다.
가동률과 전력사용의 방향이 달라 업종 구성·설비 특성·자료범위(산단 vs 시 전체) 차이를 추가 확인할 필요가 있다.
경남 제조업 업황 심리지수가 기준선(100)을 밑돌아, 업종 고유 요인인지 지역 전반의 경기 흐름인지 구분해 확인할 필요가 있다.
같은 업종의 전국 업황 심리지수도 기준선을 밑돌아, 관측된 변화가 산단 고유 현상인지 전국 업종 흐름인지 확인할 필요가 있다.",이 분기는 월별 원자료가 공표되지 않아 분기 내 지속 여부를 확인할 수 없다. 분기말 단일시점 값에만 의존한 판단임을 감안할 필요가 있다.,생산유지·고용감소 신호,월별 원자료 미제공 구간
기타,2022Q3,관찰,수주잔량·가동률·휴업/감산·기업 수 변동·고용조정 계획 신고 여부를 확인한다(원인 후보이며 입증된 원인이 아님).,"가동업체 감소가 실제 퇴거·폐업·통합·휴업에 따른 것인지, 아니면 조사대상 변동이나 집계기준 변경에 따른 것인지 확인할 필요가 있다.
창원시 제조업 전체에서 입직자 감소가 함께 관측되므로, 고용 감소가 신규 채용 둔화와 함께 나타나는지 확인할 필요가 있다.
가동률과 전력사용의 방향이 달라 업종 구성·설비 특성·자료범위(산단 vs 시 전체) 차이를 추가 확인할 필요가 있다.
경남 제조업 업황 심리지수가 기준선(100)을 밑돌아, 업종 고유 요인인지 지역 전반의 경기 흐름인지 구분해 확인할 필요가 있다.
이 업종은 생산자물가지수 대응 후보가 복수이거나 없어, PPI 조정 생산을 단일값으로 해석하지 않고 원자료로 확인할 필요가 있다.
업체수·고용 규모가 작아 비율 변동이 크게 나타난다. 절대 증감 개수로 다시 확인할 필요가 있다.
이 분기는 월별 원자료가 공표되지 않아 분기 내 지속 여부를 확인할 수 없다. 분기말 단일시점 값에만 의존한 판단임을 감안할 필요가 있다.",산업동향 · 기업지원 / 고용지원 · 직업훈련 / 산업동향,"가동업체 감소가 실제 퇴거·폐업·통합·휴업에 따른 것인지, 아니면 조사대상 변동이나 집계기준 변경에 따른 것인지 확인할 필요가 있다.","창원시 제조업 전체에서 입직자 감소가 함께 관측되므로, 고용 감소가 신규 채용 둔화와 함께 나타나는지 확인할 필요가 있다.
가동률과 전력사용의 방향이 달라 업종 구성·설비 특성·자료범위(산단 vs 시 전체) 차이를 추가 확인할 필요가 있다.
경남 제조업 업황 심리지수가 기준선(100)을 밑돌아, 업종 고유 요인인지 지역 전반의 경기 흐름인지 구분해 확인할 필요가 있다.","이 업종은 생산자물가지수 대응 후보가 복수이거나 없어, PPI 조정 생산을 단일값으로 해석하지 않고 원자료로 확인할 필요가 있다.
업체수·고용 규모가 작아 비율 변동이 크게 나타난다. 절대 증감 개수로 다시 확인할 필요가 있다.
이 분기는 월별 원자료가 공표되지 않아 분기 내 지속 여부를 확인할 수 없다. 분기말 단일시점 값에만 의존한 판단임을 감안할 필요가 있다.",업체수 감소 신호,PPI 매핑 불확실(C·D 등급) · 소규모 분모 — 비율 변동 과대 가능 · 월별 원자료 미제공 구간
목재종이,2022Q3,관찰,미충원·숙련수요·증가의 지속가능성을 확인한다.,"창원시 제조업 전체에서 입직자 감소가 함께 관측되므로, 고용 감소가 신규 채용 둔화와 함께 나타나는지 확인할 필요가 있다.
가동률과 전력사용의 방향이 달라 업종 구성·설비 특성·자료범위(산단 vs 시 전체) 차이를 추가 확인할 필요가 있다.
경남 제조업 업황 심리지수가 기준선(100)을 밑돌아, 업종 고유 요인인지 지역 전반의 경기 흐름인지 구분해 확인할 필요가 있다.
같은 업종의 전국 업황 심리지수도 기준선을 밑돌아, 관측된 변화가 산단 고유 현상인지 전국 업종 흐름인지 확인할 필요가 있다.
업체수·고용 규모가 작아 비율 변동이 크게 나타난다. 절대 증감 개수로 다시 확인할 필요가 있다.
이 분기는 월별 원자료가 공표되지 않아 분기 내 지속 여부를 확인할 수 없다. 분기말 단일시점 값에만 의존한 판단임을 감안할 필요가 있다.",고용지원 · 직업훈련 / 산업동향,,"창원시 제조업 전체에서 입직자 감소가 함께 관측되므로, 고용 감소가 신규 채용 둔화와 함께 나타나는지 확인할 필요가 있다.
가동률과 전력사용의 방향이 달라 업종 구성·설비 특성·자료범위(산단 vs 시 전체) 차이를 추가 확인할 필요가 있다.
경남 제조업 업황 심리지수가 기준선(100)을 밑돌아, 업종 고유 요인인지 지역 전반의 경기 흐름인지 구분해 확인할 필요가 있다.
같은 업종의 전국 업황 심리지수도 기준선을 밑돌아, 관측된 변화가 산단 고유 현상인지 전국 업종 흐름인지 확인할 필요가 있다.","업체수·고용 규모가 작아 비율 변동이 크게 나타난다. 절대 증감 개수로 다시 확인할 필요가 있다.
이 분기는 월별 원자료가 공표되지 않아 분기 내 지속 여부를 확인할 수 없다. 분기말 단일시점 값에만 의존한 판단임을 감안할 필요가 있다.",해석 보류,소규모 분모 — 비율 변동 과대 가능 · 월별 원자료 미제공 구간
비금속,2022Q3,관찰,"자동화·설비투자, 외주·도급 전환, 미충원·숙련 불일치, 직무구조 변화 가능성을 질문으로 확인한다(원인 후보이며 입증된 원인이 아님).","생산이 유지되는데 고용이 감소하고 있어 자동화·생산성 변화·미충원·외주화·인력구조 조정 여부를 확인할 필요가 있다.
창원시 제조업 전체에서 입직자 감소가 함께 관측되므로, 고용 감소가 신규 채용 둔화와 함께 나타나는지 확인할 필요가 있다.
가동률과 전력사용의 방향이 달라 업종 구성·설비 특성·자료범위(산단 vs 시 전체) 차이를 추가 확인할 필요가 있다.
경남 제조업 업황 심리지수가 기준선(100)을 밑돌아, 업종 고유 요인인지 지역 전반의 경기 흐름인지 구분해 확인할 필요가 있다.
같은 업종의 전국 업황 심리지수도 기준선을 밑돌아, 관측된 변화가 산단 고유 현상인지 전국 업종 흐름인지 확인할 필요가 있다.
업체수·고용 규모가 작아 비율 변동이 크게 나타난다. 절대 증감 개수로 다시 확인할 필요가 있다.
이 분기는 월별 원자료가 공표되지 않아 분기 내 지속 여부를 확인할 수 없다. 분기말 단일시점 값에만 의존한 판단임을 감안할 필요가 있다.",고용지원 · 직업훈련 / 산업동향,생산이 유지되는데 고용이 감소하고 있어 자동화·생산성 변화·미충원·외주화·인력구조 조정 여부를 확인할 필요가 있다.,"창원시 제조업 전체에서 입직자 감소가 함께 관측되므로, 고용 감소가 신규 채용 둔화와 함께 나타나는지 확인할 필요가 있다.
가동률과 전력사용의 방향이 달라 업종 구성·설비 특성·자료범위(산단 vs 시 전체) 차이를 추가 확인할 필요가 있다.
경남 제조업 업황 심리지수가 기준선(100)을 밑돌아, 업종 고유 요인인지 지역 전반의 경기 흐름인지 구분해 확인할 필요가 있다.
같은 업종의 전국 업황 심리지수도 기준선을 밑돌아, 관측된 변화가 산단 고유 현상인지 전국 업종 흐름인지 확인할 필요가 있다.","업체수·고용 규모가 작아 비율 변동이 크게 나타난다. 절대 증감 개수로 다시 확인할 필요가 있다.
이 분기는 월별 원자료가 공표되지 않아 분기 내 지속 여부를 확인할 수 없다. 분기말 단일시점 값에만 의존한 판단임을 감안할 필요가 있다.",생산유지·고용감소 신호,소규모 분모 — 비율 변동 과대 가능 · 월별 원자료 미제공 구간
석유화학,2022Q3,관찰,미충원·숙련수요·증가의 지속가능성을 확인한다.,"가동률 하락이 일시적 생산조정인지 수주·수요 감소에 따른 것인지 확인할 필요가 있다.
창원시 제조업 전체에서 입직자 감소가 함께 관측되므로, 고용 감소가 신규 채용 둔화와 함께 나타나는지 확인할 필요가 있다.
가동률 하락과 창원시 제조업 전력사용 감소가 함께 나타나 실제 생산활동 위축 여부를 추가 확인할 필요가 있다. 다만 전력은 시 전체 제조업 총계이므로 이 업종의 값이 아니다.
경남 제조업 업황 심리지수가 기준선(100)을 밑돌아, 업종 고유 요인인지 지역 전반의 경기 흐름인지 구분해 확인할 필요가 있다.
같은 업종의 전국 업황 심리지수도 기준선을 밑돌아, 관측된 변화가 산단 고유 현상인지 전국 업종 흐름인지 확인할 필요가 있다.
이 업종은 생산자물가지수 대응 후보가 복수이거나 없어, PPI 조정 생산을 단일값으로 해석하지 않고 원자료로 확인할 필요가 있다.
이 분기는 월별 원자료가 공표되지 않아 분기 내 지속 여부를 확인할 수 없다. 분기말 단일시점 값에만 의존한 판단임을 감안할 필요가 있다.",산업동향 · 기업지원 / 고용지원 · 직업훈련 / 산업동향,가동률 하락이 일시적 생산조정인지 수주·수요 감소에 따른 것인지 확인할 필요가 있다.,"창원시 제조업 전체에서 입직자 감소가 함께 관측되므로, 고용 감소가 신규 채용 둔화와 함께 나타나는지 확인할 필요가 있다.
가동률 하락과 창원시 제조업 전력사용 감소가 함께 나타나 실제 생산활동 위축 여부를 추가 확인할 필요가 있다. 다만 전력은 시 전체 제조업 총계이므로 이 업종의 값이 아니다.
경남 제조업 업황 심리지수가 기준선(100)을 밑돌아, 업종 고유 요인인지 지역 전반의 경기 흐름인지 구분해 확인할 필요가 있다.
같은 업종의 전국 업황 심리지수도 기준선을 밑돌아, 관측된 변화가 산단 고유 현상인지 전국 업종 흐름인지 확인할 필요가 있다.","이 업종은 생산자물가지수 대응 후보가 복수이거나 없어, PPI 조정 생산을 단일값으로 해석하지 않고 원자료로 확인할 필요가 있다.
이 분기는 월별 원자료가 공표되지 않아 분기 내 지속 여부를 확인할 수 없다. 분기말 단일시점 값에만 의존한 판단임을 감안할 필요가 있다.",가동 위축 신호,PPI 매핑 불확실(C·D 등급) · 월별 원자료 미제공 구간
섬유의복,2022Q3,추가확인,"자동화·설비투자, 외주·도급 전환, 미충원·숙련 불일치, 직무구조 변화 가능성을 질문으로 확인한다(원인 후보이며 입증된 원인이 아님).","가동업체 감소가 실제 퇴거·폐업·통합·휴업에 따른 것인지, 아니면 조사대상 변동이나 집계기준 변경에 따른 것인지 확인할 필요가 있다.
생산이 유지되는데 고용이 감소하고 있어 자동화·생산성 변화·미충원·외주화·인력구조 조정 여부를 확인할 필요가 있다.
창원시 제조업 전체에서 입직자 감소가 함께 관측되므로, 고용 감소가 신규 채용 둔화와 함께 나타나는지 확인할 필요가 있다.
가동률과 전력사용의 방향이 달라 업종 구성·설비 특성·자료범위(산단 vs 시 전체) 차이를 추가 확인할 필요가 있다.
경남 제조업 업황 심리지수가 기준선(100)을 밑돌아, 업종 고유 요인인지 지역 전반의 경기 흐름인지 구분해 확인할 필요가 있다.
같은 업종의 전국 업황 심리지수도 기준선을 밑돌아, 관측된 변화가 산단 고유 현상인지 전국 업종 흐름인지 확인할 필요가 있다.
업체수·고용 규모가 작아 비율 변동이 크게 나타난다. 절대 증감 개수로 다시 확인할 필요가 있다.
이 분기는 월별 원자료가 공표되지 않아 분기 내 지속 여부를 확인할 수 없다. 분기말 단일시점 값에만 의존한 판단임을 감안할 필요가 있다.",산업동향 · 기업지원 / 고용지원 · 직업훈련 / 산업동향,"가동업체 감소가 실제 퇴거·폐업·통합·휴업에 따른 것인지, 아니면 조사대상 변동이나 집계기준 변경에 따른 것인지 확인할 필요가 있다.
생산이 유지되는데 고용이 감소하고 있어 자동화·생산성 변화·미충원·외주화·인력구조 조정 여부를 확인할 필요가 있다.","창원시 제조업 전체에서 입직자 감소가 함께 관측되므로, 고용 감소가 신규 채용 둔화와 함께 나타나는지 확인할 필요가 있다.
가동률과 전력사용의 방향이 달라 업종 구성·설비 특성·자료범위(산단 vs 시 전체) 차이를 추가 확인할 필요가 있다.
경남 제조업 업황 심리지수가 기준선(100)을 밑돌아, 업종 고유 요인인지 지역 전반의 경기 흐름인지 구분해 확인할 필요가 있다.
같은 업종의 전국 업황 심리지수도 기준선을 밑돌아, 관측된 변화가 산단 고유 현상인지 전국 업종 흐름인지 확인할 필요가 있다.","업체수·고용 규모가 작아 비율 변동이 크게 나타난다. 절대 증감 개수로 다시 확인할 필요가 있다.
이 분기는 월별 원자료가 공표되지 않아 분기 내 지속 여부를 확인할 수 없다. 분기말 단일시점 값에만 의존한 판단임을 감안할 필요가 있다.",업체수 감소 신호 · 생산유지·고용감소 신호,소규모 분모 — 비율 변동 과대 가능 · 월별 원자료 미제공 구간
운송장비,2022Q3,관찰,"자동화·설비투자, 외주·도급 전환, 미충원·숙련 불일치, 직무구조 변화 가능성을 질문으로 확인한다(원인 후보이며 입증된 원인이 아님).","확인된 품목 기준 수출은 유지·확대되는데 고용이 감소하고 있어 생산성·자동화·기업구성 변화 등의 가능성을 추가 확인할 필요가 있다.
창원시 제조업 전체에서 입직자 감소가 함께 관측되므로, 고용 감소가 신규 채용 둔화와 함께 나타나는지 확인할 필요가 있다.
가동률과 전력사용의 방향이 달라 업종 구성·설비 특성·자료범위(산단 vs 시 전체) 차이를 추가 확인할 필요가 있다.
경남 제조업 업황 심리지수가 기준선(100)을 밑돌아, 업종 고유 요인인지 지역 전반의 경기 흐름인지 구분해 확인할 필요가 있다.
같은 업종의 전국 업황 심리지수도 기준선을 밑돌아, 관측된 변화가 산단 고유 현상인지 전국 업종 흐름인지 확인할 필요가 있다.
이 분기는 월별 원자료가 공표되지 않아 분기 내 지속 여부를 확인할 수 없다. 분기말 단일시점 값에만 의존한 판단임을 감안할 필요가 있다.",고용지원 · 직업훈련 / 산업동향,,"확인된 품목 기준 수출은 유지·확대되는데 고용이 감소하고 있어 생산성·자동화·기업구성 변화 등의 가능성을 추가 확인할 필요가 있다.
창원시 제조업 전체에서 입직자 감소가 함께 관측되므로, 고용 감소가 신규 채용 둔화와 함께 나타나는지 확인할 필요가 있다.
가동률과 전력사용의 방향이 달라 업종 구성·설비 특성·자료범위(산단 vs 시 전체) 차이를 추가 확인할 필요가 있다.
경남 제조업 업황 심리지수가 기준선(100)을 밑돌아, 업종 고유 요인인지 지역 전반의 경기 흐름인지 구분해 확인할 필요가 있다.
같은 업종의 전국 업황 심리지수도 기준선을 밑돌아, 관측된 변화가 산단 고유 현상인지 전국 업종 흐름인지 확인할 필요가 있다.",이 분기는 월별 원자료가 공표되지 않아 분기 내 지속 여부를 확인할 수 없다. 분기말 단일시점 값에만 의존한 판단임을 감안할 필요가 있다.,해석 보류,월별 원자료 미제공 구간
음식료,2022Q3,관찰,미충원·숙련수요·증가의 지속가능성을 확인한다.,"창원시 제조업 전체에서 입직자 감소가 함께 관측되므로, 고용 감소가 신규 채용 둔화와 함께 나타나는지 확인할 필요가 있다.
가동률 하락과 창원시 제조업 전력사용 감소가 함께 나타나 실제 생산활동 위축 여부를 추가 확인할 필요가 있다. 다만 전력은 시 전체 제조업 총계이므로 이 업종의 값이 아니다.
경남 제조업 업황 심리지수가 기준선(100)을 밑돌아, 업종 고유 요인인지 지역 전반의 경기 흐름인지 구분해 확인할 필요가 있다.
같은 업종의 전국 업황 심리지수도 기준선을 밑돌아, 관측된 변화가 산단 고유 현상인지 전국 업종 흐름인지 확인할 필요가 있다.
업체수·고용 규모가 작아 비율 변동이 크게 나타난다. 절대 증감 개수로 다시 확인할 필요가 있다.
이 분기는 월별 원자료가 공표되지 않아 분기 내 지속 여부를 확인할 수 없다. 분기말 단일시점 값에만 의존한 판단임을 감안할 필요가 있다.",고용지원 · 직업훈련 / 산업동향 · 기업지원 / 산업동향,,"창원시 제조업 전체에서 입직자 감소가 함께 관측되므로, 고용 감소가 신규 채용 둔화와 함께 나타나는지 확인할 필요가 있다.
가동률 하락과 창원시 제조업 전력사용 감소가 함께 나타나 실제 생산활동 위축 여부를 추가 확인할 필요가 있다. 다만 전력은 시 전체 제조업 총계이므로 이 업종의 값이 아니다.
경남 제조업 업황 심리지수가 기준선(100)을 밑돌아, 업종 고유 요인인지 지역 전반의 경기 흐름인지 구분해 확인할 필요가 있다.
같은 업종의 전국 업황 심리지수도 기준선을 밑돌아, 관측된 변화가 산단 고유 현상인지 전국 업종 흐름인지 확인할 필요가 있다.","업체수·고용 규모가 작아 비율 변동이 크게 나타난다. 절대 증감 개수로 다시 확인할 필요가 있다.
이 분기는 월별 원자료가 공표되지 않아 분기 내 지속 여부를 확인할 수 없다. 분기말 단일시점 값에만 의존한 판단임을 감안할 필요가 있다.",해석 보류,소규모 분모 — 비율 변동 과대 가능 · 월별 원자료 미제공 구간
전기전자,2022Q3,관찰,미충원·숙련수요·증가의 지속가능성을 확인한다.,"가동률 하락이 일시적 생산조정인지 수주·수요 감소에 따른 것인지 확인할 필요가 있다.
창원시 제조업 전체에서 입직자 감소가 함께 관측되므로, 고용 감소가 신규 채용 둔화와 함께 나타나는지 확인할 필요가 있다.
가동률 하락과 창원시 제조업 전력사용 감소가 함께 나타나 실제 생산활동 위축 여부를 추가 확인할 필요가 있다. 다만 전력은 시 전체 제조업 총계이므로 이 업종의 값이 아니다.
경남 제조업 업황 심리지수가 기준선(100)을 밑돌아, 업종 고유 요인인지 지역 전반의 경기 흐름인지 구분해 확인할 필요가 있다.
같은 업종의 전국 업황 심리지수도 기준선을 밑돌아, 관측된 변화가 산단 고유 현상인지 전국 업종 흐름인지 확인할 필요가 있다.
이 업종은 생산자물가지수 대응 후보가 복수이거나 없어, PPI 조정 생산을 단일값으로 해석하지 않고 원자료로 확인할 필요가 있다.
이 분기는 월별 원자료가 공표되지 않아 분기 내 지속 여부를 확인할 수 없다. 분기말 단일시점 값에만 의존한 판단임을 감안할 필요가 있다.",산업동향 · 기업지원 / 고용지원 · 직업훈련 / 산업동향,가동률 하락이 일시적 생산조정인지 수주·수요 감소에 따른 것인지 확인할 필요가 있다.,"창원시 제조업 전체에서 입직자 감소가 함께 관측되므로, 고용 감소가 신규 채용 둔화와 함께 나타나는지 확인할 필요가 있다.
가동률 하락과 창원시 제조업 전력사용 감소가 함께 나타나 실제 생산활동 위축 여부를 추가 확인할 필요가 있다. 다만 전력은 시 전체 제조업 총계이므로 이 업종의 값이 아니다.
경남 제조업 업황 심리지수가 기준선(100)을 밑돌아, 업종 고유 요인인지 지역 전반의 경기 흐름인지 구분해 확인할 필요가 있다.
같은 업종의 전국 업황 심리지수도 기준선을 밑돌아, 관측된 변화가 산단 고유 현상인지 전국 업종 흐름인지 확인할 필요가 있다.","이 업종은 생산자물가지수 대응 후보가 복수이거나 없어, PPI 조정 생산을 단일값으로 해석하지 않고 원자료로 확인할 필요가 있다.
이 분기는 월별 원자료가 공표되지 않아 분기 내 지속 여부를 확인할 수 없다. 분기말 단일시점 값에만 의존한 판단임을 감안할 필요가 있다.",가동 위축 신호,PPI 매핑 불확실(C·D 등급) · 월별 원자료 미제공 구간
철강,2022Q3,관찰,미충원·숙련수요·증가의 지속가능성을 확인한다.,"가동률 하락이 일시적 생산조정인지 수주·수요 감소에 따른 것인지 확인할 필요가 있다.
확인된 품목 기준 수출이 함께 감소하고 있어, 외부수요 약화 가능성을 보려면 수출 감소가 특정 품목·기업에 집중되는지 추가 확인할 필요가 있다.
창원시 제조업 전체에서 입직자 감소가 함께 관측되므로, 고용 감소가 신규 채용 둔화와 함께 나타나는지 확인할 필요가 있다.
가동률 하락과 창원시 제조업 전력사용 감소가 함께 나타나 실제 생산활동 위축 여부를 추가 확인할 필요가 있다. 다만 전력은 시 전체 제조업 총계이므로 이 업종의 값이 아니다.
경남 제조업 업황 심리지수가 기준선(100)을 밑돌아, 업종 고유 요인인지 지역 전반의 경기 흐름인지 구분해 확인할 필요가 있다.
같은 업종의 전국 업황 심리지수도 기준선을 밑돌아, 관측된 변화가 산단 고유 현상인지 전국 업종 흐름인지 확인할 필요가 있다.
명목생산과 PPI 조정 생산의 방향이 달라, 이 분기의 생산 변화가 가격 때문인지 물량 때문인지 확인할 필요가 있다.
이 분기는 월별 원자료가 공표되지 않아 분기 내 지속 여부를 확인할 수 없다. 분기말 단일시점 값에만 의존한 판단임을 감안할 필요가 있다.",산업동향 · 기업지원 / 고용지원 · 직업훈련 / 산업동향,가동률 하락이 일시적 생산조정인지 수주·수요 감소에 따른 것인지 확인할 필요가 있다.,"확인된 품목 기준 수출이 함께 감소하고 있어, 외부수요 약화 가능성을 보려면 수출 감소가 특정 품목·기업에 집중되는지 추가 확인할 필요가 있다.
창원시 제조업 전체에서 입직자 감소가 함께 관측되므로, 고용 감소가 신규 채용 둔화와 함께 나타나는지 확인할 필요가 있다.
가동률 하락과 창원시 제조업 전력사용 감소가 함께 나타나 실제 생산활동 위축 여부를 추가 확인할 필요가 있다. 다만 전력은 시 전체 제조업 총계이므로 이 업종의 값이 아니다.
경남 제조업 업황 심리지수가 기준선(100)을 밑돌아, 업종 고유 요인인지 지역 전반의 경기 흐름인지 구분해 확인할 필요가 있다.
같은 업종의 전국 업황 심리지수도 기준선을 밑돌아, 관측된 변화가 산단 고유 현상인지 전국 업종 흐름인지 확인할 필요가 있다.","명목생산과 PPI 조정 생산의 방향이 달라, 이 분기의 생산 변화가 가격 때문인지 물량 때문인지 확인할 필요가 있다.
이 분기는 월별 원자료가 공표되지 않아 분기 내 지속 여부를 확인할 수 없다. 분기말 단일시점 값에만 의존한 판단임을 감안할 필요가 있다.",가동 위축 신호,명목·PPI 조정 생산 방향 불일치 · 월별 원자료 미제공 구간
기계,2022Q4,우선점검,수주잔량·가동률·휴업/감산·기업 수 변동·고용조정 계획 신고 여부를 확인한다(원인 후보이며 입증된 원인이 아님).,"가동률 하락이 일시적 생산조정인지 수주·수요 감소에 따른 것인지 확인할 필요가 있다.
명목생산 변화에 가격효과가 포함되어 있으므로 실제 물량이 줄었는지 추가로 확인할 필요가 있다.
확인된 품목 기준 수출이 함께 감소하고 있어, 외부수요 약화 가능성을 보려면 수출 감소가 특정 품목·기업에 집중되는지 추가 확인할 필요가 있다.
창원시 제조업 전체에서 입직자 감소가 함께 관측되므로, 고용 감소가 신규 채용 둔화와 함께 나타나는지 확인할 필요가 있다.
가동률 하락과 창원시 제조업 전력사용 감소가 함께 나타나 실제 생산활동 위축 여부를 추가 확인할 필요가 있다. 다만 전력은 시 전체 제조업 총계이므로 이 업종의 값이 아니다.
경남 제조업 업황 심리지수가 기준선(100)을 밑돌아, 업종 고유 요인인지 지역 전반의 경기 흐름인지 구분해 확인할 필요가 있다.
같은 업종의 전국 업황 심리지수도 기준선을 밑돌아, 관측된 변화가 산단 고유 현상인지 전국 업종 흐름인지 확인할 필요가 있다.
이 분기는 월별 원자료가 공표되지 않아 분기 내 지속 여부를 확인할 수 없다. 분기말 단일시점 값에만 의존한 판단임을 감안할 필요가 있다.
연간보정 개정본을 사용한 구간이다. 이후 재개정 시 값이 달라질 수 있음을 확인할 필요가 있다.",산업동향 · 기업지원 / 산업동향 / 고용지원 · 직업훈련,"가동률 하락이 일시적 생산조정인지 수주·수요 감소에 따른 것인지 확인할 필요가 있다.
명목생산 변화에 가격효과가 포함되어 있으므로 실제 물량이 줄었는지 추가로 확인할 필요가 있다.","확인된 품목 기준 수출이 함께 감소하고 있어, 외부수요 약화 가능성을 보려면 수출 감소가 특정 품목·기업에 집중되는지 추가 확인할 필요가 있다.
창원시 제조업 전체에서 입직자 감소가 함께 관측되므로, 고용 감소가 신규 채용 둔화와 함께 나타나는지 확인할 필요가 있다.
가동률 하락과 창원시 제조업 전력사용 감소가 함께 나타나 실제 생산활동 위축 여부를 추가 확인할 필요가 있다. 다만 전력은 시 전체 제조업 총계이므로 이 업종의 값이 아니다.
경남 제조업 업황 심리지수가 기준선(100)을 밑돌아, 업종 고유 요인인지 지역 전반의 경기 흐름인지 구분해 확인할 필요가 있다.
같은 업종의 전국 업황 심리지수도 기준선을 밑돌아, 관측된 변화가 산단 고유 현상인지 전국 업종 흐름인지 확인할 필요가 있다.","이 분기는 월별 원자료가 공표되지 않아 분기 내 지속 여부를 확인할 수 없다. 분기말 단일시점 값에만 의존한 판단임을 감안할 필요가 있다.
연간보정 개정본을 사용한 구간이다. 이후 재개정 시 값이 달라질 수 있음을 확인할 필요가 있다.",가동 위축 신호 · 실질생산 위축 신호(PPI 조정),연간보정 개정본 사용 구간 · 월별 원자료 미제공 구간
기타,2022Q4,추가확인,수주잔량·가동률·휴업/감산·기업 수 변동·고용조정 계획 신고 여부를 확인한다(원인 후보이며 입증된 원인이 아님).,"가동업체 감소가 실제 퇴거·폐업·통합·휴업에 따른 것인지, 아니면 조사대상 변동이나 집계기준 변경에 따른 것인지 확인할 필요가 있다.
창원시 제조업 전체에서 입직자 감소가 함께 관측되므로, 고용 감소가 신규 채용 둔화와 함께 나타나는지 확인할 필요가 있다.
가동률과 전력사용의 방향이 달라 업종 구성·설비 특성·자료범위(산단 vs 시 전체) 차이를 추가 확인할 필요가 있다.
경남 제조업 업황 심리지수가 기준선(100)을 밑돌아, 업종 고유 요인인지 지역 전반의 경기 흐름인지 구분해 확인할 필요가 있다.
이 업종은 생산자물가지수 대응 후보가 복수이거나 없어, PPI 조정 생산을 단일값으로 해석하지 않고 원자료로 확인할 필요가 있다.
업체수·고용 규모가 작아 비율 변동이 크게 나타난다. 절대 증감 개수로 다시 확인할 필요가 있다.
이 분기는 월별 원자료가 공표되지 않아 분기 내 지속 여부를 확인할 수 없다. 분기말 단일시점 값에만 의존한 판단임을 감안할 필요가 있다.
연간보정 개정본을 사용한 구간이다. 이후 재개정 시 값이 달라질 수 있음을 확인할 필요가 있다.",산업동향 · 기업지원 / 고용지원 · 직업훈련 / 산업동향,"가동업체 감소가 실제 퇴거·폐업·통합·휴업에 따른 것인지, 아니면 조사대상 변동이나 집계기준 변경에 따른 것인지 확인할 필요가 있다.","창원시 제조업 전체에서 입직자 감소가 함께 관측되므로, 고용 감소가 신규 채용 둔화와 함께 나타나는지 확인할 필요가 있다.
가동률과 전력사용의 방향이 달라 업종 구성·설비 특성·자료범위(산단 vs 시 전체) 차이를 추가 확인할 필요가 있다.
경남 제조업 업황 심리지수가 기준선(100)을 밑돌아, 업종 고유 요인인지 지역 전반의 경기 흐름인지 구분해 확인할 필요가 있다.","이 업종은 생산자물가지수 대응 후보가 복수이거나 없어, PPI 조정 생산을 단일값으로 해석하지 않고 원자료로 확인할 필요가 있다.
업체수·고용 규모가 작아 비율 변동이 크게 나타난다. 절대 증감 개수로 다시 확인할 필요가 있다.
이 분기는 월별 원자료가 공표되지 않아 분기 내 지속 여부를 확인할 수 없다. 분기말 단일시점 값에만 의존한 판단임을 감안할 필요가 있다.
연간보정 개정본을 사용한 구간이다. 이후 재개정 시 값이 달라질 수 있음을 확인할 필요가 있다.",업체수 감소 신호,PPI 매핑 불확실(C·D 등급) · 소규모 분모 — 비율 변동 과대 가능 · 연간보정 개정본 사용 구간 · 월별 원자료 미제공 구간
목재종이,2022Q4,관찰,수주잔량·가동률·휴업/감산·기업 수 변동·고용조정 계획 신고 여부를 확인한다(원인 후보이며 입증된 원인이 아님).,"가동률 하락이 일시적 생산조정인지 수주·수요 감소에 따른 것인지 확인할 필요가 있다.
명목생산 변화에 가격효과가 포함되어 있으므로 실제 물량이 줄었는지 추가로 확인할 필요가 있다.
창원시 제조업 전체에서 입직자 감소가 함께 관측되므로, 고용 감소가 신규 채용 둔화와 함께 나타나는지 확인할 필요가 있다.
가동률 하락과 창원시 제조업 전력사용 감소가 함께 나타나 실제 생산활동 위축 여부를 추가 확인할 필요가 있다. 다만 전력은 시 전체 제조업 총계이므로 이 업종의 값이 아니다.
경남 제조업 업황 심리지수가 기준선(100)을 밑돌아, 업종 고유 요인인지 지역 전반의 경기 흐름인지 구분해 확인할 필요가 있다.
같은 업종의 전국 업황 심리지수도 기준선을 밑돌아, 관측된 변화가 산단 고유 현상인지 전국 업종 흐름인지 확인할 필요가 있다.
업체수·고용 규모가 작아 비율 변동이 크게 나타난다. 절대 증감 개수로 다시 확인할 필요가 있다.
이 분기는 월별 원자료가 공표되지 않아 분기 내 지속 여부를 확인할 수 없다. 분기말 단일시점 값에만 의존한 판단임을 감안할 필요가 있다.
연간보정 개정본을 사용한 구간이다. 이후 재개정 시 값이 달라질 수 있음을 확인할 필요가 있다.",산업동향 · 기업지원 / 산업동향 / 고용지원 · 직업훈련,"가동률 하락이 일시적 생산조정인지 수주·수요 감소에 따른 것인지 확인할 필요가 있다.
명목생산 변화에 가격효과가 포함되어 있으므로 실제 물량이 줄었는지 추가로 확인할 필요가 있다.","창원시 제조업 전체에서 입직자 감소가 함께 관측되므로, 고용 감소가 신규 채용 둔화와 함께 나타나는지 확인할 필요가 있다.
가동률 하락과 창원시 제조업 전력사용 감소가 함께 나타나 실제 생산활동 위축 여부를 추가 확인할 필요가 있다. 다만 전력은 시 전체 제조업 총계이므로 이 업종의 값이 아니다.
경남 제조업 업황 심리지수가 기준선(100)을 밑돌아, 업종 고유 요인인지 지역 전반의 경기 흐름인지 구분해 확인할 필요가 있다.
같은 업종의 전국 업황 심리지수도 기준선을 밑돌아, 관측된 변화가 산단 고유 현상인지 전국 업종 흐름인지 확인할 필요가 있다.","업체수·고용 규모가 작아 비율 변동이 크게 나타난다. 절대 증감 개수로 다시 확인할 필요가 있다.
이 분기는 월별 원자료가 공표되지 않아 분기 내 지속 여부를 확인할 수 없다. 분기말 단일시점 값에만 의존한 판단임을 감안할 필요가 있다.
연간보정 개정본을 사용한 구간이다. 이후 재개정 시 값이 달라질 수 있음을 확인할 필요가 있다.",가동 위축 신호 · 실질생산 위축 신호(PPI 조정),소규모 분모 — 비율 변동 과대 가능 · 연간보정 개정본 사용 구간 · 월별 원자료 미제공 구간
비금속,2022Q4,관찰,"자동화·설비투자, 외주·도급 전환, 미충원·숙련 불일치, 직무구조 변화 가능성을 질문으로 확인한다(원인 후보이며 입증된 원인이 아님).","창원시 제조업 전체에서 입직자 감소가 함께 관측되므로, 고용 감소가 신규 채용 둔화와 함께 나타나는지 확인할 필요가 있다.
가동률과 전력사용의 방향이 달라 업종 구성·설비 특성·자료범위(산단 vs 시 전체) 차이를 추가 확인할 필요가 있다.
경남 제조업 업황 심리지수가 기준선(100)을 밑돌아, 업종 고유 요인인지 지역 전반의 경기 흐름인지 구분해 확인할 필요가 있다.
같은 업종의 전국 업황 심리지수도 기준선을 밑돌아, 관측된 변화가 산단 고유 현상인지 전국 업종 흐름인지 확인할 필요가 있다.
명목생산과 PPI 조정 생산의 방향이 달라, 이 분기의 생산 변화가 가격 때문인지 물량 때문인지 확인할 필요가 있다.
업체수·고용 규모가 작아 비율 변동이 크게 나타난다. 절대 증감 개수로 다시 확인할 필요가 있다.
이 분기는 월별 원자료가 공표되지 않아 분기 내 지속 여부를 확인할 수 없다. 분기말 단일시점 값에만 의존한 판단임을 감안할 필요가 있다.
연간보정 개정본을 사용한 구간이다. 이후 재개정 시 값이 달라질 수 있음을 확인할 필요가 있다.",고용지원 · 직업훈련 / 산업동향,,"창원시 제조업 전체에서 입직자 감소가 함께 관측되므로, 고용 감소가 신규 채용 둔화와 함께 나타나는지 확인할 필요가 있다.
가동률과 전력사용의 방향이 달라 업종 구성·설비 특성·자료범위(산단 vs 시 전체) 차이를 추가 확인할 필요가 있다.
경남 제조업 업황 심리지수가 기준선(100)을 밑돌아, 업종 고유 요인인지 지역 전반의 경기 흐름인지 구분해 확인할 필요가 있다.
같은 업종의 전국 업황 심리지수도 기준선을 밑돌아, 관측된 변화가 산단 고유 현상인지 전국 업종 흐름인지 확인할 필요가 있다.","명목생산과 PPI 조정 생산의 방향이 달라, 이 분기의 생산 변화가 가격 때문인지 물량 때문인지 확인할 필요가 있다.
업체수·고용 규모가 작아 비율 변동이 크게 나타난다. 절대 증감 개수로 다시 확인할 필요가 있다.
이 분기는 월별 원자료가 공표되지 않아 분기 내 지속 여부를 확인할 수 없다. 분기말 단일시점 값에만 의존한 판단임을 감안할 필요가 있다.
연간보정 개정본을 사용한 구간이다. 이후 재개정 시 값이 달라질 수 있음을 확인할 필요가 있다.",해석 보류,명목·PPI 조정 생산 방향 불일치 · 소규모 분모 — 비율 변동 과대 가능 · 연간보정 개정본 사용 구간 · 월별 원자료 미제공 구간
석유화학,2022Q4,관찰,미충원·숙련수요·증가의 지속가능성을 확인한다.,"가동률 하락이 일시적 생산조정인지 수주·수요 감소에 따른 것인지 확인할 필요가 있다.
창원시 제조업 전체에서 입직자 감소가 함께 관측되므로, 고용 감소가 신규 채용 둔화와 함께 나타나는지 확인할 필요가 있다.
가동률 하락과 창원시 제조업 전력사용 감소가 함께 나타나 실제 생산활동 위축 여부를 추가 확인할 필요가 있다. 다만 전력은 시 전체 제조업 총계이므로 이 업종의 값이 아니다.
경남 제조업 업황 심리지수가 기준선(100)을 밑돌아, 업종 고유 요인인지 지역 전반의 경기 흐름인지 구분해 확인할 필요가 있다.
같은 업종의 전국 업황 심리지수도 기준선을 밑돌아, 관측된 변화가 산단 고유 현상인지 전국 업종 흐름인지 확인할 필요가 있다.
이 업종은 생산자물가지수 대응 후보가 복수이거나 없어, PPI 조정 생산을 단일값으로 해석하지 않고 원자료로 확인할 필요가 있다.
이 분기는 월별 원자료가 공표되지 않아 분기 내 지속 여부를 확인할 수 없다. 분기말 단일시점 값에만 의존한 판단임을 감안할 필요가 있다.
연간보정 개정본을 사용한 구간이다. 이후 재개정 시 값이 달라질 수 있음을 확인할 필요가 있다.",산업동향 · 기업지원 / 고용지원 · 직업훈련 / 산업동향,가동률 하락이 일시적 생산조정인지 수주·수요 감소에 따른 것인지 확인할 필요가 있다.,"창원시 제조업 전체에서 입직자 감소가 함께 관측되므로, 고용 감소가 신규 채용 둔화와 함께 나타나는지 확인할 필요가 있다.
가동률 하락과 창원시 제조업 전력사용 감소가 함께 나타나 실제 생산활동 위축 여부를 추가 확인할 필요가 있다. 다만 전력은 시 전체 제조업 총계이므로 이 업종의 값이 아니다.
경남 제조업 업황 심리지수가 기준선(100)을 밑돌아, 업종 고유 요인인지 지역 전반의 경기 흐름인지 구분해 확인할 필요가 있다.
같은 업종의 전국 업황 심리지수도 기준선을 밑돌아, 관측된 변화가 산단 고유 현상인지 전국 업종 흐름인지 확인할 필요가 있다.","이 업종은 생산자물가지수 대응 후보가 복수이거나 없어, PPI 조정 생산을 단일값으로 해석하지 않고 원자료로 확인할 필요가 있다.
이 분기는 월별 원자료가 공표되지 않아 분기 내 지속 여부를 확인할 수 없다. 분기말 단일시점 값에만 의존한 판단임을 감안할 필요가 있다.
연간보정 개정본을 사용한 구간이다. 이후 재개정 시 값이 달라질 수 있음을 확인할 필요가 있다.",가동 위축 신호,PPI 매핑 불확실(C·D 등급) · 연간보정 개정본 사용 구간 · 월별 원자료 미제공 구간
섬유의복,2022Q4,관찰,미충원·숙련수요·증가의 지속가능성을 확인한다.,"가동업체 감소가 실제 퇴거·폐업·통합·휴업에 따른 것인지, 아니면 조사대상 변동이나 집계기준 변경에 따른 것인지 확인할 필요가 있다.
창원시 제조업 전체에서 입직자 감소가 함께 관측되므로, 고용 감소가 신규 채용 둔화와 함께 나타나는지 확인할 필요가 있다.
가동률과 전력사용의 방향이 달라 업종 구성·설비 특성·자료범위(산단 vs 시 전체) 차이를 추가 확인할 필요가 있다.
경남 제조업 업황 심리지수가 기준선(100)을 밑돌아, 업종 고유 요인인지 지역 전반의 경기 흐름인지 구분해 확인할 필요가 있다.
같은 업종의 전국 업황 심리지수도 기준선을 밑돌아, 관측된 변화가 산단 고유 현상인지 전국 업종 흐름인지 확인할 필요가 있다.
업체수·고용 규모가 작아 비율 변동이 크게 나타난다. 절대 증감 개수로 다시 확인할 필요가 있다.
이 분기는 월별 원자료가 공표되지 않아 분기 내 지속 여부를 확인할 수 없다. 분기말 단일시점 값에만 의존한 판단임을 감안할 필요가 있다.
연간보정 개정본을 사용한 구간이다. 이후 재개정 시 값이 달라질 수 있음을 확인할 필요가 있다.",산업동향 · 기업지원 / 고용지원 · 직업훈련 / 산업동향,"가동업체 감소가 실제 퇴거·폐업·통합·휴업에 따른 것인지, 아니면 조사대상 변동이나 집계기준 변경에 따른 것인지 확인할 필요가 있다.","창원시 제조업 전체에서 입직자 감소가 함께 관측되므로, 고용 감소가 신규 채용 둔화와 함께 나타나는지 확인할 필요가 있다.
가동률과 전력사용의 방향이 달라 업종 구성·설비 특성·자료범위(산단 vs 시 전체) 차이를 추가 확인할 필요가 있다.
경남 제조업 업황 심리지수가 기준선(100)을 밑돌아, 업종 고유 요인인지 지역 전반의 경기 흐름인지 구분해 확인할 필요가 있다.
같은 업종의 전국 업황 심리지수도 기준선을 밑돌아, 관측된 변화가 산단 고유 현상인지 전국 업종 흐름인지 확인할 필요가 있다.","업체수·고용 규모가 작아 비율 변동이 크게 나타난다. 절대 증감 개수로 다시 확인할 필요가 있다.
이 분기는 월별 원자료가 공표되지 않아 분기 내 지속 여부를 확인할 수 없다. 분기말 단일시점 값에만 의존한 판단임을 감안할 필요가 있다.
연간보정 개정본을 사용한 구간이다. 이후 재개정 시 값이 달라질 수 있음을 확인할 필요가 있다.",업체수 감소 신호,소규모 분모 — 비율 변동 과대 가능 · 연간보정 개정본 사용 구간 · 월별 원자료 미제공 구간
운송장비,2022Q4,관찰,미충원·숙련수요·증가의 지속가능성을 확인한다.,"창원시 제조업 전체에서 입직자 감소가 함께 관측되므로, 고용 감소가 신규 채용 둔화와 함께 나타나는지 확인할 필요가 있다.
가동률과 전력사용의 방향이 달라 업종 구성·설비 특성·자료범위(산단 vs 시 전체) 차이를 추가 확인할 필요가 있다.
경남 제조업 업황 심리지수가 기준선(100)을 밑돌아, 업종 고유 요인인지 지역 전반의 경기 흐름인지 구분해 확인할 필요가 있다.
같은 업종의 전국 업황 심리지수도 기준선을 밑돌아, 관측된 변화가 산단 고유 현상인지 전국 업종 흐름인지 확인할 필요가 있다.
이 분기는 월별 원자료가 공표되지 않아 분기 내 지속 여부를 확인할 수 없다. 분기말 단일시점 값에만 의존한 판단임을 감안할 필요가 있다.
연간보정 개정본을 사용한 구간이다. 이후 재개정 시 값이 달라질 수 있음을 확인할 필요가 있다.
외부 자료의 업종 구분이 산단 10업종과 정확히 대응하지 않는다. 비교 결과를 참고로만 읽고 대응 범위를 확인할 필요가 있다.",고용지원 · 직업훈련 / 산업동향,,"창원시 제조업 전체에서 입직자 감소가 함께 관측되므로, 고용 감소가 신규 채용 둔화와 함께 나타나는지 확인할 필요가 있다.
가동률과 전력사용의 방향이 달라 업종 구성·설비 특성·자료범위(산단 vs 시 전체) 차이를 추가 확인할 필요가 있다.
경남 제조업 업황 심리지수가 기준선(100)을 밑돌아, 업종 고유 요인인지 지역 전반의 경기 흐름인지 구분해 확인할 필요가 있다.
같은 업종의 전국 업황 심리지수도 기준선을 밑돌아, 관측된 변화가 산단 고유 현상인지 전국 업종 흐름인지 확인할 필요가 있다.","이 분기는 월별 원자료가 공표되지 않아 분기 내 지속 여부를 확인할 수 없다. 분기말 단일시점 값에만 의존한 판단임을 감안할 필요가 있다.
연간보정 개정본을 사용한 구간이다. 이후 재개정 시 값이 달라질 수 있음을 확인할 필요가 있다.
외부 자료의 업종 구분이 산단 10업종과 정확히 대응하지 않는다. 비교 결과를 참고로만 읽고 대응 범위를 확인할 필요가 있다.",해석 보류,연간보정 개정본 사용 구간 · 외부자료 업종 대응 불확실 · 월별 원자료 미제공 구간
음식료,2022Q4,관찰,미충원·숙련수요·증가의 지속가능성을 확인한다.,"가동업체 감소가 실제 퇴거·폐업·통합·휴업에 따른 것인지, 아니면 조사대상 변동이나 집계기준 변경에 따른 것인지 확인할 필요가 있다.
가동률 하락이 일시적 생산조정인지 수주·수요 감소에 따른 것인지 확인할 필요가 있다.
창원시 제조업 전체에서 입직자 감소가 함께 관측되므로, 고용 감소가 신규 채용 둔화와 함께 나타나는지 확인할 필요가 있다.
가동률 하락과 창원시 제조업 전력사용 감소가 함께 나타나 실제 생산활동 위축 여부를 추가 확인할 필요가 있다. 다만 전력은 시 전체 제조업 총계이므로 이 업종의 값이 아니다.
경남 제조업 업황 심리지수가 기준선(100)을 밑돌아, 업종 고유 요인인지 지역 전반의 경기 흐름인지 구분해 확인할 필요가 있다.
같은 업종의 전국 업황 심리지수도 기준선을 밑돌아, 관측된 변화가 산단 고유 현상인지 전국 업종 흐름인지 확인할 필요가 있다.
업체수·고용 규모가 작아 비율 변동이 크게 나타난다. 절대 증감 개수로 다시 확인할 필요가 있다.
이 분기는 월별 원자료가 공표되지 않아 분기 내 지속 여부를 확인할 수 없다. 분기말 단일시점 값에만 의존한 판단임을 감안할 필요가 있다.
연간보정 개정본을 사용한 구간이다. 이후 재개정 시 값이 달라질 수 있음을 확인할 필요가 있다.",산업동향 · 기업지원 / 고용지원 · 직업훈련 / 산업동향,"가동업체 감소가 실제 퇴거·폐업·통합·휴업에 따른 것인지, 아니면 조사대상 변동이나 집계기준 변경에 따른 것인지 확인할 필요가 있다.
가동률 하락이 일시적 생산조정인지 수주·수요 감소에 따른 것인지 확인할 필요가 있다.","창원시 제조업 전체에서 입직자 감소가 함께 관측되므로, 고용 감소가 신규 채용 둔화와 함께 나타나는지 확인할 필요가 있다.
가동률 하락과 창원시 제조업 전력사용 감소가 함께 나타나 실제 생산활동 위축 여부를 추가 확인할 필요가 있다. 다만 전력은 시 전체 제조업 총계이므로 이 업종의 값이 아니다.
경남 제조업 업황 심리지수가 기준선(100)을 밑돌아, 업종 고유 요인인지 지역 전반의 경기 흐름인지 구분해 확인할 필요가 있다.
같은 업종의 전국 업황 심리지수도 기준선을 밑돌아, 관측된 변화가 산단 고유 현상인지 전국 업종 흐름인지 확인할 필요가 있다.","업체수·고용 규모가 작아 비율 변동이 크게 나타난다. 절대 증감 개수로 다시 확인할 필요가 있다.
이 분기는 월별 원자료가 공표되지 않아 분기 내 지속 여부를 확인할 수 없다. 분기말 단일시점 값에만 의존한 판단임을 감안할 필요가 있다.
연간보정 개정본을 사용한 구간이다. 이후 재개정 시 값이 달라질 수 있음을 확인할 필요가 있다.",업체수 감소 신호 · 가동 위축 신호,소규모 분모 — 비율 변동 과대 가능 · 연간보정 개정본 사용 구간 · 월별 원자료 미제공 구간
전기전자,2022Q4,관찰,수주잔량·가동률·휴업/감산·기업 수 변동·고용조정 계획 신고 여부를 확인한다(원인 후보이며 입증된 원인이 아님).,"가동률 하락이 일시적 생산조정인지 수주·수요 감소에 따른 것인지 확인할 필요가 있다.
확인된 품목 기준 수출이 함께 감소하고 있어, 외부수요 약화 가능성을 보려면 수출 감소가 특정 품목·기업에 집중되는지 추가 확인할 필요가 있다.
창원시 제조업 전체에서 입직자 감소가 함께 관측되므로, 고용 감소가 신규 채용 둔화와 함께 나타나는지 확인할 필요가 있다.
가동률 하락과 창원시 제조업 전력사용 감소가 함께 나타나 실제 생산활동 위축 여부를 추가 확인할 필요가 있다. 다만 전력은 시 전체 제조업 총계이므로 이 업종의 값이 아니다.
경남 제조업 업황 심리지수가 기준선(100)을 밑돌아, 업종 고유 요인인지 지역 전반의 경기 흐름인지 구분해 확인할 필요가 있다.
같은 업종의 전국 업황 심리지수도 기준선을 밑돌아, 관측된 변화가 산단 고유 현상인지 전국 업종 흐름인지 확인할 필요가 있다.
이 업종은 생산자물가지수 대응 후보가 복수이거나 없어, PPI 조정 생산을 단일값으로 해석하지 않고 원자료로 확인할 필요가 있다.
이 분기는 월별 원자료가 공표되지 않아 분기 내 지속 여부를 확인할 수 없다. 분기말 단일시점 값에만 의존한 판단임을 감안할 필요가 있다.
연간보정 개정본을 사용한 구간이다. 이후 재개정 시 값이 달라질 수 있음을 확인할 필요가 있다.
외부 자료의 업종 구분이 산단 10업종과 정확히 대응하지 않는다. 비교 결과를 참고로만 읽고 대응 범위를 확인할 필요가 있다.",산업동향 · 기업지원 / 고용지원 · 직업훈련 / 산업동향,가동률 하락이 일시적 생산조정인지 수주·수요 감소에 따른 것인지 확인할 필요가 있다.,"확인된 품목 기준 수출이 함께 감소하고 있어, 외부수요 약화 가능성을 보려면 수출 감소가 특정 품목·기업에 집중되는지 추가 확인할 필요가 있다.
창원시 제조업 전체에서 입직자 감소가 함께 관측되므로, 고용 감소가 신규 채용 둔화와 함께 나타나는지 확인할 필요가 있다.
가동률 하락과 창원시 제조업 전력사용 감소가 함께 나타나 실제 생산활동 위축 여부를 추가 확인할 필요가 있다. 다만 전력은 시 전체 제조업 총계이므로 이 업종의 값이 아니다.
경남 제조업 업황 심리지수가 기준선(100)을 밑돌아, 업종 고유 요인인지 지역 전반의 경기 흐름인지 구분해 확인할 필요가 있다.
같은 업종의 전국 업황 심리지수도 기준선을 밑돌아, 관측된 변화가 산단 고유 현상인지 전국 업종 흐름인지 확인할 필요가 있다.","이 업종은 생산자물가지수 대응 후보가 복수이거나 없어, PPI 조정 생산을 단일값으로 해석하지 않고 원자료로 확인할 필요가 있다.
이 분기는 월별 원자료가 공표되지 않아 분기 내 지속 여부를 확인할 수 없다. 분기말 단일시점 값에만 의존한 판단임을 감안할 필요가 있다.
연간보정 개정본을 사용한 구간이다. 이후 재개정 시 값이 달라질 수 있음을 확인할 필요가 있다.
외부 자료의 업종 구분이 산단 10업종과 정확히 대응하지 않는다. 비교 결과를 참고로만 읽고 대응 범위를 확인할 필요가 있다.",가동 위축 신호,PPI 매핑 불확실(C·D 등급) · 연간보정 개정본 사용 구간 · 외부자료 업종 대응 불확실 · 월별 원자료 미제공 구간
철강,2022Q4,관찰,수주잔량·가동률·휴업/감산·기업 수 변동·고용조정 계획 신고 여부를 확인한다(원인 후보이며 입증된 원인이 아님).,"명목생산 변화에 가격효과가 포함되어 있으므로 실제 물량이 줄었는지 추가로 확인할 필요가 있다.
확인된 품목 기준 수출이 함께 감소하고 있어, 외부수요 약화 가능성을 보려면 수출 감소가 특정 품목·기업에 집중되는지 추가 확인할 필요가 있다.
창원시 제조업 전체에서 입직자 감소가 함께 관측되므로, 고용 감소가 신규 채용 둔화와 함께 나타나는지 확인할 필요가 있다.
가동률 하락과 창원시 제조업 전력사용 감소가 함께 나타나 실제 생산활동 위축 여부를 추가 확인할 필요가 있다. 다만 전력은 시 전체 제조업 총계이므로 이 업종의 값이 아니다.
경남 제조업 업황 심리지수가 기준선(100)을 밑돌아, 업종 고유 요인인지 지역 전반의 경기 흐름인지 구분해 확인할 필요가 있다.
같은 업종의 전국 업황 심리지수도 기준선을 밑돌아, 관측된 변화가 산단 고유 현상인지 전국 업종 흐름인지 확인할 필요가 있다.
이 분기는 월별 원자료가 공표되지 않아 분기 내 지속 여부를 확인할 수 없다. 분기말 단일시점 값에만 의존한 판단임을 감안할 필요가 있다.
연간보정 개정본을 사용한 구간이다. 이후 재개정 시 값이 달라질 수 있음을 확인할 필요가 있다.",산업동향 / 산업동향 · 기업지원 / 고용지원 · 직업훈련,명목생산 변화에 가격효과가 포함되어 있으므로 실제 물량이 줄었는지 추가로 확인할 필요가 있다.,"확인된 품목 기준 수출이 함께 감소하고 있어, 외부수요 약화 가능성을 보려면 수출 감소가 특정 품목·기업에 집중되는지 추가 확인할 필요가 있다.
창원시 제조업 전체에서 입직자 감소가 함께 관측되므로, 고용 감소가 신규 채용 둔화와 함께 나타나는지 확인할 필요가 있다.
가동률 하락과 창원시 제조업 전력사용 감소가 함께 나타나 실제 생산활동 위축 여부를 추가 확인할 필요가 있다. 다만 전력은 시 전체 제조업 총계이므로 이 업종의 값이 아니다.
경남 제조업 업황 심리지수가 기준선(100)을 밑돌아, 업종 고유 요인인지 지역 전반의 경기 흐름인지 구분해 확인할 필요가 있다.
같은 업종의 전국 업황 심리지수도 기준선을 밑돌아, 관측된 변화가 산단 고유 현상인지 전국 업종 흐름인지 확인할 필요가 있다.","이 분기는 월별 원자료가 공표되지 않아 분기 내 지속 여부를 확인할 수 없다. 분기말 단일시점 값에만 의존한 판단임을 감안할 필요가 있다.
연간보정 개정본을 사용한 구간이다. 이후 재개정 시 값이 달라질 수 있음을 확인할 필요가 있다.",실질생산 위축 신호(PPI 조정),연간보정 개정본 사용 구간 · 월별 원자료 미제공 구간
기계,2023Q1,우선점검,수주잔량·가동률·휴업/감산·기업 수 변동·고용조정 계획 신고 여부를 확인한다(원인 후보이며 입증된 원인이 아님).,"명목생산 변화에 가격효과가 포함되어 있으므로 실제 물량이 줄었는지 추가로 확인할 필요가 있다.
창원시 제조업 전체에서 입직자 감소가 함께 관측되므로, 고용 감소가 신규 채용 둔화와 함께 나타나는지 확인할 필요가 있다.
가동률과 전력사용의 방향이 달라 업종 구성·설비 특성·자료범위(산단 vs 시 전체) 차이를 추가 확인할 필요가 있다.
경남 제조업 업황 심리지수가 기준선(100)을 밑돌아, 업종 고유 요인인지 지역 전반의 경기 흐름인지 구분해 확인할 필요가 있다.
같은 업종의 전국 업황 심리지수도 기준선을 밑돌아, 관측된 변화가 산단 고유 현상인지 전국 업종 흐름인지 확인할 필요가 있다.
이 분기는 월별 원자료가 공표되지 않아 분기 내 지속 여부를 확인할 수 없다. 분기말 단일시점 값에만 의존한 판단임을 감안할 필요가 있다.
연간보정 개정본을 사용한 구간이다. 이후 재개정 시 값이 달라질 수 있음을 확인할 필요가 있다.",산업동향 / 고용지원 · 직업훈련,명목생산 변화에 가격효과가 포함되어 있으므로 실제 물량이 줄었는지 추가로 확인할 필요가 있다.,"창원시 제조업 전체에서 입직자 감소가 함께 관측되므로, 고용 감소가 신규 채용 둔화와 함께 나타나는지 확인할 필요가 있다.
가동률과 전력사용의 방향이 달라 업종 구성·설비 특성·자료범위(산단 vs 시 전체) 차이를 추가 확인할 필요가 있다.
경남 제조업 업황 심리지수가 기준선(100)을 밑돌아, 업종 고유 요인인지 지역 전반의 경기 흐름인지 구분해 확인할 필요가 있다.
같은 업종의 전국 업황 심리지수도 기준선을 밑돌아, 관측된 변화가 산단 고유 현상인지 전국 업종 흐름인지 확인할 필요가 있다.","이 분기는 월별 원자료가 공표되지 않아 분기 내 지속 여부를 확인할 수 없다. 분기말 단일시점 값에만 의존한 판단임을 감안할 필요가 있다.
연간보정 개정본을 사용한 구간이다. 이후 재개정 시 값이 달라질 수 있음을 확인할 필요가 있다.",실질생산 위축 신호(PPI 조정),연간보정 개정본 사용 구간 · 월별 원자료 미제공 구간
기타,2023Q1,추가확인,수주잔량·가동률·휴업/감산·기업 수 변동·고용조정 계획 신고 여부를 확인한다(원인 후보이며 입증된 원인이 아님).,"가동업체 감소가 실제 퇴거·폐업·통합·휴업에 따른 것인지, 아니면 조사대상 변동이나 집계기준 변경에 따른 것인지 확인할 필요가 있다.
가동률 하락이 일시적 생산조정인지 수주·수요 감소에 따른 것인지 확인할 필요가 있다.
창원시 제조업 전체에서 입직자 감소가 함께 관측되므로, 고용 감소가 신규 채용 둔화와 함께 나타나는지 확인할 필요가 있다.
가동률과 전력사용의 방향이 달라 업종 구성·설비 특성·자료범위(산단 vs 시 전체) 차이를 추가 확인할 필요가 있다.
경남 제조업 업황 심리지수가 기준선(100)을 밑돌아, 업종 고유 요인인지 지역 전반의 경기 흐름인지 구분해 확인할 필요가 있다.
이 업종은 생산자물가지수 대응 후보가 복수이거나 없어, PPI 조정 생산을 단일값으로 해석하지 않고 원자료로 확인할 필요가 있다.
업체수·고용 규모가 작아 비율 변동이 크게 나타난다. 절대 증감 개수로 다시 확인할 필요가 있다.
이 분기는 월별 원자료가 공표되지 않아 분기 내 지속 여부를 확인할 수 없다. 분기말 단일시점 값에만 의존한 판단임을 감안할 필요가 있다.
연간보정 개정본을 사용한 구간이다. 이후 재개정 시 값이 달라질 수 있음을 확인할 필요가 있다.",산업동향 · 기업지원 / 고용지원 · 직업훈련 / 산업동향,"가동업체 감소가 실제 퇴거·폐업·통합·휴업에 따른 것인지, 아니면 조사대상 변동이나 집계기준 변경에 따른 것인지 확인할 필요가 있다.
가동률 하락이 일시적 생산조정인지 수주·수요 감소에 따른 것인지 확인할 필요가 있다.","창원시 제조업 전체에서 입직자 감소가 함께 관측되므로, 고용 감소가 신규 채용 둔화와 함께 나타나는지 확인할 필요가 있다.
가동률과 전력사용의 방향이 달라 업종 구성·설비 특성·자료범위(산단 vs 시 전체) 차이를 추가 확인할 필요가 있다.
경남 제조업 업황 심리지수가 기준선(100)을 밑돌아, 업종 고유 요인인지 지역 전반의 경기 흐름인지 구분해 확인할 필요가 있다.","이 업종은 생산자물가지수 대응 후보가 복수이거나 없어, PPI 조정 생산을 단일값으로 해석하지 않고 원자료로 확인할 필요가 있다.
업체수·고용 규모가 작아 비율 변동이 크게 나타난다. 절대 증감 개수로 다시 확인할 필요가 있다.
이 분기는 월별 원자료가 공표되지 않아 분기 내 지속 여부를 확인할 수 없다. 분기말 단일시점 값에만 의존한 판단임을 감안할 필요가 있다.
연간보정 개정본을 사용한 구간이다. 이후 재개정 시 값이 달라질 수 있음을 확인할 필요가 있다.",업체수 감소 신호 · 가동 위축 신호,PPI 매핑 불확실(C·D 등급) · 소규모 분모 — 비율 변동 과대 가능 · 연간보정 개정본 사용 구간 · 월별 원자료 미제공 구간
목재종이,2023Q1,관찰,수주잔량·가동률·휴업/감산·기업 수 변동·고용조정 계획 신고 여부를 확인한다(원인 후보이며 입증된 원인이 아님).,"가동률 하락이 일시적 생산조정인지 수주·수요 감소에 따른 것인지 확인할 필요가 있다.
명목생산 변화에 가격효과가 포함되어 있으므로 실제 물량이 줄었는지 추가로 확인할 필요가 있다.
창원시 제조업 전체에서 입직자 감소가 함께 관측되므로, 고용 감소가 신규 채용 둔화와 함께 나타나는지 확인할 필요가 있다.
가동률과 전력사용의 방향이 달라 업종 구성·설비 특성·자료범위(산단 vs 시 전체) 차이를 추가 확인할 필요가 있다.
경남 제조업 업황 심리지수가 기준선(100)을 밑돌아, 업종 고유 요인인지 지역 전반의 경기 흐름인지 구분해 확인할 필요가 있다.
같은 업종의 전국 업황 심리지수도 기준선을 밑돌아, 관측된 변화가 산단 고유 현상인지 전국 업종 흐름인지 확인할 필요가 있다.
업체수·고용 규모가 작아 비율 변동이 크게 나타난다. 절대 증감 개수로 다시 확인할 필요가 있다.
이 분기는 월별 원자료가 공표되지 않아 분기 내 지속 여부를 확인할 수 없다. 분기말 단일시점 값에만 의존한 판단임을 감안할 필요가 있다.
연간보정 개정본을 사용한 구간이다. 이후 재개정 시 값이 달라질 수 있음을 확인할 필요가 있다.",산업동향 · 기업지원 / 산업동향 / 고용지원 · 직업훈련,"가동률 하락이 일시적 생산조정인지 수주·수요 감소에 따른 것인지 확인할 필요가 있다.
명목생산 변화에 가격효과가 포함되어 있으므로 실제 물량이 줄었는지 추가로 확인할 필요가 있다.","창원시 제조업 전체에서 입직자 감소가 함께 관측되므로, 고용 감소가 신규 채용 둔화와 함께 나타나는지 확인할 필요가 있다.
가동률과 전력사용의 방향이 달라 업종 구성·설비 특성·자료범위(산단 vs 시 전체) 차이를 추가 확인할 필요가 있다.
경남 제조업 업황 심리지수가 기준선(100)을 밑돌아, 업종 고유 요인인지 지역 전반의 경기 흐름인지 구분해 확인할 필요가 있다.
같은 업종의 전국 업황 심리지수도 기준선을 밑돌아, 관측된 변화가 산단 고유 현상인지 전국 업종 흐름인지 확인할 필요가 있다.","업체수·고용 규모가 작아 비율 변동이 크게 나타난다. 절대 증감 개수로 다시 확인할 필요가 있다.
이 분기는 월별 원자료가 공표되지 않아 분기 내 지속 여부를 확인할 수 없다. 분기말 단일시점 값에만 의존한 판단임을 감안할 필요가 있다.
연간보정 개정본을 사용한 구간이다. 이후 재개정 시 값이 달라질 수 있음을 확인할 필요가 있다.",가동 위축 신호 · 실질생산 위축 신호(PPI 조정),소규모 분모 — 비율 변동 과대 가능 · 연간보정 개정본 사용 구간 · 월별 원자료 미제공 구간
비금속,2023Q1,관찰,"자동화·설비투자, 외주·도급 전환, 미충원·숙련 불일치, 직무구조 변화 가능성을 질문으로 확인한다(원인 후보이며 입증된 원인이 아님).","생산이 유지되는데 고용이 감소하고 있어 자동화·생산성 변화·미충원·외주화·인력구조 조정 여부를 확인할 필요가 있다.
창원시 제조업 전체에서 입직자 감소가 함께 관측되므로, 고용 감소가 신규 채용 둔화와 함께 나타나는지 확인할 필요가 있다.
경남 제조업 업황 심리지수가 기준선(100)을 밑돌아, 업종 고유 요인인지 지역 전반의 경기 흐름인지 구분해 확인할 필요가 있다.
같은 업종의 전국 업황 심리지수도 기준선을 밑돌아, 관측된 변화가 산단 고유 현상인지 전국 업종 흐름인지 확인할 필요가 있다.
업체수·고용 규모가 작아 비율 변동이 크게 나타난다. 절대 증감 개수로 다시 확인할 필요가 있다.
이 분기는 월별 원자료가 공표되지 않아 분기 내 지속 여부를 확인할 수 없다. 분기말 단일시점 값에만 의존한 판단임을 감안할 필요가 있다.
연간보정 개정본을 사용한 구간이다. 이후 재개정 시 값이 달라질 수 있음을 확인할 필요가 있다.",고용지원 · 직업훈련 / 산업동향,생산이 유지되는데 고용이 감소하고 있어 자동화·생산성 변화·미충원·외주화·인력구조 조정 여부를 확인할 필요가 있다.,"창원시 제조업 전체에서 입직자 감소가 함께 관측되므로, 고용 감소가 신규 채용 둔화와 함께 나타나는지 확인할 필요가 있다.
경남 제조업 업황 심리지수가 기준선(100)을 밑돌아, 업종 고유 요인인지 지역 전반의 경기 흐름인지 구분해 확인할 필요가 있다.
같은 업종의 전국 업황 심리지수도 기준선을 밑돌아, 관측된 변화가 산단 고유 현상인지 전국 업종 흐름인지 확인할 필요가 있다.","업체수·고용 규모가 작아 비율 변동이 크게 나타난다. 절대 증감 개수로 다시 확인할 필요가 있다.
이 분기는 월별 원자료가 공표되지 않아 분기 내 지속 여부를 확인할 수 없다. 분기말 단일시점 값에만 의존한 판단임을 감안할 필요가 있다.
연간보정 개정본을 사용한 구간이다. 이후 재개정 시 값이 달라질 수 있음을 확인할 필요가 있다.",생산유지·고용감소 신호,소규모 분모 — 비율 변동 과대 가능 · 연간보정 개정본 사용 구간 · 월별 원자료 미제공 구간
석유화학,2023Q1,관찰,미충원·숙련수요·증가의 지속가능성을 확인한다.,"가동률 하락이 일시적 생산조정인지 수주·수요 감소에 따른 것인지 확인할 필요가 있다.
창원시 제조업 전체에서 입직자 감소가 함께 관측되므로, 고용 감소가 신규 채용 둔화와 함께 나타나는지 확인할 필요가 있다.
가동률과 전력사용의 방향이 달라 업종 구성·설비 특성·자료범위(산단 vs 시 전체) 차이를 추가 확인할 필요가 있다.
경남 제조업 업황 심리지수가 기준선(100)을 밑돌아, 업종 고유 요인인지 지역 전반의 경기 흐름인지 구분해 확인할 필요가 있다.
같은 업종의 전국 업황 심리지수도 기준선을 밑돌아, 관측된 변화가 산단 고유 현상인지 전국 업종 흐름인지 확인할 필요가 있다.
이 업종은 생산자물가지수 대응 후보가 복수이거나 없어, PPI 조정 생산을 단일값으로 해석하지 않고 원자료로 확인할 필요가 있다.
이 분기는 월별 원자료가 공표되지 않아 분기 내 지속 여부를 확인할 수 없다. 분기말 단일시점 값에만 의존한 판단임을 감안할 필요가 있다.
연간보정 개정본을 사용한 구간이다. 이후 재개정 시 값이 달라질 수 있음을 확인할 필요가 있다.",산업동향 · 기업지원 / 고용지원 · 직업훈련 / 산업동향,가동률 하락이 일시적 생산조정인지 수주·수요 감소에 따른 것인지 확인할 필요가 있다.,"창원시 제조업 전체에서 입직자 감소가 함께 관측되므로, 고용 감소가 신규 채용 둔화와 함께 나타나는지 확인할 필요가 있다.
가동률과 전력사용의 방향이 달라 업종 구성·설비 특성·자료범위(산단 vs 시 전체) 차이를 추가 확인할 필요가 있다.
경남 제조업 업황 심리지수가 기준선(100)을 밑돌아, 업종 고유 요인인지 지역 전반의 경기 흐름인지 구분해 확인할 필요가 있다.
같은 업종의 전국 업황 심리지수도 기준선을 밑돌아, 관측된 변화가 산단 고유 현상인지 전국 업종 흐름인지 확인할 필요가 있다.","이 업종은 생산자물가지수 대응 후보가 복수이거나 없어, PPI 조정 생산을 단일값으로 해석하지 않고 원자료로 확인할 필요가 있다.
이 분기는 월별 원자료가 공표되지 않아 분기 내 지속 여부를 확인할 수 없다. 분기말 단일시점 값에만 의존한 판단임을 감안할 필요가 있다.
연간보정 개정본을 사용한 구간이다. 이후 재개정 시 값이 달라질 수 있음을 확인할 필요가 있다.",가동 위축 신호,PPI 매핑 불확실(C·D 등급) · 연간보정 개정본 사용 구간 · 월별 원자료 미제공 구간
섬유의복,2023Q1,관찰,미충원·숙련수요·증가의 지속가능성을 확인한다.,"가동업체 감소가 실제 퇴거·폐업·통합·휴업에 따른 것인지, 아니면 조사대상 변동이나 집계기준 변경에 따른 것인지 확인할 필요가 있다.
창원시 제조업 전체에서 입직자 감소가 함께 관측되므로, 고용 감소가 신규 채용 둔화와 함께 나타나는지 확인할 필요가 있다.
경남 제조업 업황 심리지수가 기준선(100)을 밑돌아, 업종 고유 요인인지 지역 전반의 경기 흐름인지 구분해 확인할 필요가 있다.
같은 업종의 전국 업황 심리지수도 기준선을 밑돌아, 관측된 변화가 산단 고유 현상인지 전국 업종 흐름인지 확인할 필요가 있다.
업체수·고용 규모가 작아 비율 변동이 크게 나타난다. 절대 증감 개수로 다시 확인할 필요가 있다.
이 분기는 월별 원자료가 공표되지 않아 분기 내 지속 여부를 확인할 수 없다. 분기말 단일시점 값에만 의존한 판단임을 감안할 필요가 있다.
연간보정 개정본을 사용한 구간이다. 이후 재개정 시 값이 달라질 수 있음을 확인할 필요가 있다.",산업동향 · 기업지원 / 고용지원 · 직업훈련 / 산업동향,"가동업체 감소가 실제 퇴거·폐업·통합·휴업에 따른 것인지, 아니면 조사대상 변동이나 집계기준 변경에 따른 것인지 확인할 필요가 있다.","창원시 제조업 전체에서 입직자 감소가 함께 관측되므로, 고용 감소가 신규 채용 둔화와 함께 나타나는지 확인할 필요가 있다.
경남 제조업 업황 심리지수가 기준선(100)을 밑돌아, 업종 고유 요인인지 지역 전반의 경기 흐름인지 구분해 확인할 필요가 있다.
같은 업종의 전국 업황 심리지수도 기준선을 밑돌아, 관측된 변화가 산단 고유 현상인지 전국 업종 흐름인지 확인할 필요가 있다.","업체수·고용 규모가 작아 비율 변동이 크게 나타난다. 절대 증감 개수로 다시 확인할 필요가 있다.
이 분기는 월별 원자료가 공표되지 않아 분기 내 지속 여부를 확인할 수 없다. 분기말 단일시점 값에만 의존한 판단임을 감안할 필요가 있다.
연간보정 개정본을 사용한 구간이다. 이후 재개정 시 값이 달라질 수 있음을 확인할 필요가 있다.",업체수 감소 신호,소규모 분모 — 비율 변동 과대 가능 · 연간보정 개정본 사용 구간 · 월별 원자료 미제공 구간
운송장비,2023Q1,관찰,미충원·숙련수요·증가의 지속가능성을 확인한다.,"창원시 제조업 전체에서 입직자 감소가 함께 관측되므로, 고용 감소가 신규 채용 둔화와 함께 나타나는지 확인할 필요가 있다.
경남 제조업 업황 심리지수가 기준선(100)을 밑돌아, 업종 고유 요인인지 지역 전반의 경기 흐름인지 구분해 확인할 필요가 있다.
같은 업종의 전국 업황 심리지수도 기준선을 밑돌아, 관측된 변화가 산단 고유 현상인지 전국 업종 흐름인지 확인할 필요가 있다.
이 분기는 월별 원자료가 공표되지 않아 분기 내 지속 여부를 확인할 수 없다. 분기말 단일시점 값에만 의존한 판단임을 감안할 필요가 있다.
연간보정 개정본을 사용한 구간이다. 이후 재개정 시 값이 달라질 수 있음을 확인할 필요가 있다.",고용지원 · 직업훈련 / 산업동향,,"창원시 제조업 전체에서 입직자 감소가 함께 관측되므로, 고용 감소가 신규 채용 둔화와 함께 나타나는지 확인할 필요가 있다.
경남 제조업 업황 심리지수가 기준선(100)을 밑돌아, 업종 고유 요인인지 지역 전반의 경기 흐름인지 구분해 확인할 필요가 있다.
같은 업종의 전국 업황 심리지수도 기준선을 밑돌아, 관측된 변화가 산단 고유 현상인지 전국 업종 흐름인지 확인할 필요가 있다.","이 분기는 월별 원자료가 공표되지 않아 분기 내 지속 여부를 확인할 수 없다. 분기말 단일시점 값에만 의존한 판단임을 감안할 필요가 있다.
연간보정 개정본을 사용한 구간이다. 이후 재개정 시 값이 달라질 수 있음을 확인할 필요가 있다.",해석 보류,연간보정 개정본 사용 구간 · 월별 원자료 미제공 구간
음식료,2023Q1,관찰,미충원·숙련수요·증가의 지속가능성을 확인한다.,"가동업체 감소가 실제 퇴거·폐업·통합·휴업에 따른 것인지, 아니면 조사대상 변동이나 집계기준 변경에 따른 것인지 확인할 필요가 있다.
가동률 하락이 일시적 생산조정인지 수주·수요 감소에 따른 것인지 확인할 필요가 있다.
창원시 제조업 전체에서 입직자 감소가 함께 관측되므로, 고용 감소가 신규 채용 둔화와 함께 나타나는지 확인할 필요가 있다.
가동률과 전력사용의 방향이 달라 업종 구성·설비 특성·자료범위(산단 vs 시 전체) 차이를 추가 확인할 필요가 있다.
경남 제조업 업황 심리지수가 기준선(100)을 밑돌아, 업종 고유 요인인지 지역 전반의 경기 흐름인지 구분해 확인할 필요가 있다.
같은 업종의 전국 업황 심리지수도 기준선을 밑돌아, 관측된 변화가 산단 고유 현상인지 전국 업종 흐름인지 확인할 필요가 있다.
업체수·고용 규모가 작아 비율 변동이 크게 나타난다. 절대 증감 개수로 다시 확인할 필요가 있다.
이 분기는 월별 원자료가 공표되지 않아 분기 내 지속 여부를 확인할 수 없다. 분기말 단일시점 값에만 의존한 판단임을 감안할 필요가 있다.
연간보정 개정본을 사용한 구간이다. 이후 재개정 시 값이 달라질 수 있음을 확인할 필요가 있다.",산업동향 · 기업지원 / 고용지원 · 직업훈련 / 산업동향,"가동업체 감소가 실제 퇴거·폐업·통합·휴업에 따른 것인지, 아니면 조사대상 변동이나 집계기준 변경에 따른 것인지 확인할 필요가 있다.
가동률 하락이 일시적 생산조정인지 수주·수요 감소에 따른 것인지 확인할 필요가 있다.","창원시 제조업 전체에서 입직자 감소가 함께 관측되므로, 고용 감소가 신규 채용 둔화와 함께 나타나는지 확인할 필요가 있다.
가동률과 전력사용의 방향이 달라 업종 구성·설비 특성·자료범위(산단 vs 시 전체) 차이를 추가 확인할 필요가 있다.
경남 제조업 업황 심리지수가 기준선(100)을 밑돌아, 업종 고유 요인인지 지역 전반의 경기 흐름인지 구분해 확인할 필요가 있다.
같은 업종의 전국 업황 심리지수도 기준선을 밑돌아, 관측된 변화가 산단 고유 현상인지 전국 업종 흐름인지 확인할 필요가 있다.","업체수·고용 규모가 작아 비율 변동이 크게 나타난다. 절대 증감 개수로 다시 확인할 필요가 있다.
이 분기는 월별 원자료가 공표되지 않아 분기 내 지속 여부를 확인할 수 없다. 분기말 단일시점 값에만 의존한 판단임을 감안할 필요가 있다.
연간보정 개정본을 사용한 구간이다. 이후 재개정 시 값이 달라질 수 있음을 확인할 필요가 있다.",업체수 감소 신호 · 가동 위축 신호,소규모 분모 — 비율 변동 과대 가능 · 연간보정 개정본 사용 구간 · 월별 원자료 미제공 구간
전기전자,2023Q1,관찰,미충원·숙련수요·증가의 지속가능성을 확인한다.,"가동률 하락이 일시적 생산조정인지 수주·수요 감소에 따른 것인지 확인할 필요가 있다.
창원시 제조업 전체에서 입직자 감소가 함께 관측되므로, 고용 감소가 신규 채용 둔화와 함께 나타나는지 확인할 필요가 있다.
가동률과 전력사용의 방향이 달라 업종 구성·설비 특성·자료범위(산단 vs 시 전체) 차이를 추가 확인할 필요가 있다.
경남 제조업 업황 심리지수가 기준선(100)을 밑돌아, 업종 고유 요인인지 지역 전반의 경기 흐름인지 구분해 확인할 필요가 있다.
같은 업종의 전국 업황 심리지수도 기준선을 밑돌아, 관측된 변화가 산단 고유 현상인지 전국 업종 흐름인지 확인할 필요가 있다.
이 업종은 생산자물가지수 대응 후보가 복수이거나 없어, PPI 조정 생산을 단일값으로 해석하지 않고 원자료로 확인할 필요가 있다.
이 분기는 월별 원자료가 공표되지 않아 분기 내 지속 여부를 확인할 수 없다. 분기말 단일시점 값에만 의존한 판단임을 감안할 필요가 있다.
연간보정 개정본을 사용한 구간이다. 이후 재개정 시 값이 달라질 수 있음을 확인할 필요가 있다.",산업동향 · 기업지원 / 고용지원 · 직업훈련 / 산업동향,가동률 하락이 일시적 생산조정인지 수주·수요 감소에 따른 것인지 확인할 필요가 있다.,"창원시 제조업 전체에서 입직자 감소가 함께 관측되므로, 고용 감소가 신규 채용 둔화와 함께 나타나는지 확인할 필요가 있다.
가동률과 전력사용의 방향이 달라 업종 구성·설비 특성·자료범위(산단 vs 시 전체) 차이를 추가 확인할 필요가 있다.
경남 제조업 업황 심리지수가 기준선(100)을 밑돌아, 업종 고유 요인인지 지역 전반의 경기 흐름인지 구분해 확인할 필요가 있다.
같은 업종의 전국 업황 심리지수도 기준선을 밑돌아, 관측된 변화가 산단 고유 현상인지 전국 업종 흐름인지 확인할 필요가 있다.","이 업종은 생산자물가지수 대응 후보가 복수이거나 없어, PPI 조정 생산을 단일값으로 해석하지 않고 원자료로 확인할 필요가 있다.
이 분기는 월별 원자료가 공표되지 않아 분기 내 지속 여부를 확인할 수 없다. 분기말 단일시점 값에만 의존한 판단임을 감안할 필요가 있다.
연간보정 개정본을 사용한 구간이다. 이후 재개정 시 값이 달라질 수 있음을 확인할 필요가 있다.",가동 위축 신호,PPI 매핑 불확실(C·D 등급) · 연간보정 개정본 사용 구간 · 월별 원자료 미제공 구간
철강,2023Q1,관찰,수주잔량·가동률·휴업/감산·기업 수 변동·고용조정 계획 신고 여부를 확인한다(원인 후보이며 입증된 원인이 아님).,"명목생산 변화에 가격효과가 포함되어 있으므로 실제 물량이 줄었는지 추가로 확인할 필요가 있다.
확인된 품목 기준 수출이 함께 감소하고 있어, 외부수요 약화 가능성을 보려면 수출 감소가 특정 품목·기업에 집중되는지 추가 확인할 필요가 있다.
창원시 제조업 전체에서 입직자 감소가 함께 관측되므로, 고용 감소가 신규 채용 둔화와 함께 나타나는지 확인할 필요가 있다.
경남 제조업 업황 심리지수가 기준선(100)을 밑돌아, 업종 고유 요인인지 지역 전반의 경기 흐름인지 구분해 확인할 필요가 있다.
같은 업종의 전국 업황 심리지수도 기준선을 밑돌아, 관측된 변화가 산단 고유 현상인지 전국 업종 흐름인지 확인할 필요가 있다.
이 분기는 월별 원자료가 공표되지 않아 분기 내 지속 여부를 확인할 수 없다. 분기말 단일시점 값에만 의존한 판단임을 감안할 필요가 있다.
연간보정 개정본을 사용한 구간이다. 이후 재개정 시 값이 달라질 수 있음을 확인할 필요가 있다.",산업동향 / 산업동향 · 기업지원 / 고용지원 · 직업훈련,명목생산 변화에 가격효과가 포함되어 있으므로 실제 물량이 줄었는지 추가로 확인할 필요가 있다.,"확인된 품목 기준 수출이 함께 감소하고 있어, 외부수요 약화 가능성을 보려면 수출 감소가 특정 품목·기업에 집중되는지 추가 확인할 필요가 있다.
창원시 제조업 전체에서 입직자 감소가 함께 관측되므로, 고용 감소가 신규 채용 둔화와 함께 나타나는지 확인할 필요가 있다.
경남 제조업 업황 심리지수가 기준선(100)을 밑돌아, 업종 고유 요인인지 지역 전반의 경기 흐름인지 구분해 확인할 필요가 있다.
같은 업종의 전국 업황 심리지수도 기준선을 밑돌아, 관측된 변화가 산단 고유 현상인지 전국 업종 흐름인지 확인할 필요가 있다.","이 분기는 월별 원자료가 공표되지 않아 분기 내 지속 여부를 확인할 수 없다. 분기말 단일시점 값에만 의존한 판단임을 감안할 필요가 있다.
연간보정 개정본을 사용한 구간이다. 이후 재개정 시 값이 달라질 수 있음을 확인할 필요가 있다.",실질생산 위축 신호(PPI 조정),연간보정 개정본 사용 구간 · 월별 원자료 미제공 구간
기계,2023Q2,우선점검,"자동화·설비투자, 외주·도급 전환, 미충원·숙련 불일치, 직무구조 변화 가능성을 질문으로 확인한다(원인 후보이며 입증된 원인이 아님).","가동률 하락이 일시적 생산조정인지 수주·수요 감소에 따른 것인지 확인할 필요가 있다.
확인된 품목 기준 수출은 유지·확대되는데 고용이 감소하고 있어 생산성·자동화·기업구성 변화 등의 가능성을 추가 확인할 필요가 있다.
창원시 제조업 전체에서 입직자 감소가 함께 관측되므로, 고용 감소가 신규 채용 둔화와 함께 나타나는지 확인할 필요가 있다.
가동률 하락과 창원시 제조업 전력사용 감소가 함께 나타나 실제 생산활동 위축 여부를 추가 확인할 필요가 있다. 다만 전력은 시 전체 제조업 총계이므로 이 업종의 값이 아니다.
경남 제조업 업황 심리지수가 기준선(100)을 밑돌아, 업종 고유 요인인지 지역 전반의 경기 흐름인지 구분해 확인할 필요가 있다.
같은 업종의 전국 업황 심리지수도 기준선을 밑돌아, 관측된 변화가 산단 고유 현상인지 전국 업종 흐름인지 확인할 필요가 있다.
명목생산과 PPI 조정 생산의 방향이 달라, 이 분기의 생산 변화가 가격 때문인지 물량 때문인지 확인할 필요가 있다.
이 분기는 월별 원자료가 공표되지 않아 분기 내 지속 여부를 확인할 수 없다. 분기말 단일시점 값에만 의존한 판단임을 감안할 필요가 있다.
연간보정 개정본을 사용한 구간이다. 이후 재개정 시 값이 달라질 수 있음을 확인할 필요가 있다.",산업동향 · 기업지원 / 고용지원 · 직업훈련 / 산업동향,가동률 하락이 일시적 생산조정인지 수주·수요 감소에 따른 것인지 확인할 필요가 있다.,"확인된 품목 기준 수출은 유지·확대되는데 고용이 감소하고 있어 생산성·자동화·기업구성 변화 등의 가능성을 추가 확인할 필요가 있다.
창원시 제조업 전체에서 입직자 감소가 함께 관측되므로, 고용 감소가 신규 채용 둔화와 함께 나타나는지 확인할 필요가 있다.
가동률 하락과 창원시 제조업 전력사용 감소가 함께 나타나 실제 생산활동 위축 여부를 추가 확인할 필요가 있다. 다만 전력은 시 전체 제조업 총계이므로 이 업종의 값이 아니다.
경남 제조업 업황 심리지수가 기준선(100)을 밑돌아, 업종 고유 요인인지 지역 전반의 경기 흐름인지 구분해 확인할 필요가 있다.
같은 업종의 전국 업황 심리지수도 기준선을 밑돌아, 관측된 변화가 산단 고유 현상인지 전국 업종 흐름인지 확인할 필요가 있다.","명목생산과 PPI 조정 생산의 방향이 달라, 이 분기의 생산 변화가 가격 때문인지 물량 때문인지 확인할 필요가 있다.
이 분기는 월별 원자료가 공표되지 않아 분기 내 지속 여부를 확인할 수 없다. 분기말 단일시점 값에만 의존한 판단임을 감안할 필요가 있다.
연간보정 개정본을 사용한 구간이다. 이후 재개정 시 값이 달라질 수 있음을 확인할 필요가 있다.",가동 위축 신호,명목·PPI 조정 생산 방향 불일치 · 연간보정 개정본 사용 구간 · 월별 원자료 미제공 구간
기타,2023Q2,추가확인,수주잔량·가동률·휴업/감산·기업 수 변동·고용조정 계획 신고 여부를 확인한다(원인 후보이며 입증된 원인이 아님).,"가동업체 감소가 실제 퇴거·폐업·통합·휴업에 따른 것인지, 아니면 조사대상 변동이나 집계기준 변경에 따른 것인지 확인할 필요가 있다.
가동률 하락이 일시적 생산조정인지 수주·수요 감소에 따른 것인지 확인할 필요가 있다.
창원시 제조업 전체에서 입직자 감소가 함께 관측되므로, 고용 감소가 신규 채용 둔화와 함께 나타나는지 확인할 필요가 있다.
가동률 하락과 창원시 제조업 전력사용 감소가 함께 나타나 실제 생산활동 위축 여부를 추가 확인할 필요가 있다. 다만 전력은 시 전체 제조업 총계이므로 이 업종의 값이 아니다.
경남 제조업 업황 심리지수가 기준선(100)을 밑돌아, 업종 고유 요인인지 지역 전반의 경기 흐름인지 구분해 확인할 필요가 있다.
이 업종은 생산자물가지수 대응 후보가 복수이거나 없어, PPI 조정 생산을 단일값으로 해석하지 않고 원자료로 확인할 필요가 있다.
업체수·고용 규모가 작아 비율 변동이 크게 나타난다. 절대 증감 개수로 다시 확인할 필요가 있다.
이 분기는 월별 원자료가 공표되지 않아 분기 내 지속 여부를 확인할 수 없다. 분기말 단일시점 값에만 의존한 판단임을 감안할 필요가 있다.
연간보정 개정본을 사용한 구간이다. 이후 재개정 시 값이 달라질 수 있음을 확인할 필요가 있다.",산업동향 · 기업지원 / 고용지원 · 직업훈련 / 산업동향,"가동업체 감소가 실제 퇴거·폐업·통합·휴업에 따른 것인지, 아니면 조사대상 변동이나 집계기준 변경에 따른 것인지 확인할 필요가 있다.
가동률 하락이 일시적 생산조정인지 수주·수요 감소에 따른 것인지 확인할 필요가 있다.","창원시 제조업 전체에서 입직자 감소가 함께 관측되므로, 고용 감소가 신규 채용 둔화와 함께 나타나는지 확인할 필요가 있다.
가동률 하락과 창원시 제조업 전력사용 감소가 함께 나타나 실제 생산활동 위축 여부를 추가 확인할 필요가 있다. 다만 전력은 시 전체 제조업 총계이므로 이 업종의 값이 아니다.
경남 제조업 업황 심리지수가 기준선(100)을 밑돌아, 업종 고유 요인인지 지역 전반의 경기 흐름인지 구분해 확인할 필요가 있다.","이 업종은 생산자물가지수 대응 후보가 복수이거나 없어, PPI 조정 생산을 단일값으로 해석하지 않고 원자료로 확인할 필요가 있다.
업체수·고용 규모가 작아 비율 변동이 크게 나타난다. 절대 증감 개수로 다시 확인할 필요가 있다.
이 분기는 월별 원자료가 공표되지 않아 분기 내 지속 여부를 확인할 수 없다. 분기말 단일시점 값에만 의존한 판단임을 감안할 필요가 있다.
연간보정 개정본을 사용한 구간이다. 이후 재개정 시 값이 달라질 수 있음을 확인할 필요가 있다.",업체수 감소 신호 · 가동 위축 신호,PPI 매핑 불확실(C·D 등급) · 소규모 분모 — 비율 변동 과대 가능 · 연간보정 개정본 사용 구간 · 월별 원자료 미제공 구간
목재종이,2023Q2,관찰,수주잔량·가동률·휴업/감산·기업 수 변동·고용조정 계획 신고 여부를 확인한다(원인 후보이며 입증된 원인이 아님).,"가동률 하락이 일시적 생산조정인지 수주·수요 감소에 따른 것인지 확인할 필요가 있다.
명목생산 변화에 가격효과가 포함되어 있으므로 실제 물량이 줄었는지 추가로 확인할 필요가 있다.
창원시 제조업 전체에서 입직자 감소가 함께 관측되므로, 고용 감소가 신규 채용 둔화와 함께 나타나는지 확인할 필요가 있다.
가동률 하락과 창원시 제조업 전력사용 감소가 함께 나타나 실제 생산활동 위축 여부를 추가 확인할 필요가 있다. 다만 전력은 시 전체 제조업 총계이므로 이 업종의 값이 아니다.
경남 제조업 업황 심리지수가 기준선(100)을 밑돌아, 업종 고유 요인인지 지역 전반의 경기 흐름인지 구분해 확인할 필요가 있다.
같은 업종의 전국 업황 심리지수도 기준선을 밑돌아, 관측된 변화가 산단 고유 현상인지 전국 업종 흐름인지 확인할 필요가 있다.
업체수·고용 규모가 작아 비율 변동이 크게 나타난다. 절대 증감 개수로 다시 확인할 필요가 있다.
이 분기는 월별 원자료가 공표되지 않아 분기 내 지속 여부를 확인할 수 없다. 분기말 단일시점 값에만 의존한 판단임을 감안할 필요가 있다.
연간보정 개정본을 사용한 구간이다. 이후 재개정 시 값이 달라질 수 있음을 확인할 필요가 있다.",산업동향 · 기업지원 / 산업동향 / 고용지원 · 직업훈련,"가동률 하락이 일시적 생산조정인지 수주·수요 감소에 따른 것인지 확인할 필요가 있다.
명목생산 변화에 가격효과가 포함되어 있으므로 실제 물량이 줄었는지 추가로 확인할 필요가 있다.","창원시 제조업 전체에서 입직자 감소가 함께 관측되므로, 고용 감소가 신규 채용 둔화와 함께 나타나는지 확인할 필요가 있다.
가동률 하락과 창원시 제조업 전력사용 감소가 함께 나타나 실제 생산활동 위축 여부를 추가 확인할 필요가 있다. 다만 전력은 시 전체 제조업 총계이므로 이 업종의 값이 아니다.
경남 제조업 업황 심리지수가 기준선(100)을 밑돌아, 업종 고유 요인인지 지역 전반의 경기 흐름인지 구분해 확인할 필요가 있다.
같은 업종의 전국 업황 심리지수도 기준선을 밑돌아, 관측된 변화가 산단 고유 현상인지 전국 업종 흐름인지 확인할 필요가 있다.","업체수·고용 규모가 작아 비율 변동이 크게 나타난다. 절대 증감 개수로 다시 확인할 필요가 있다.
이 분기는 월별 원자료가 공표되지 않아 분기 내 지속 여부를 확인할 수 없다. 분기말 단일시점 값에만 의존한 판단임을 감안할 필요가 있다.
연간보정 개정본을 사용한 구간이다. 이후 재개정 시 값이 달라질 수 있음을 확인할 필요가 있다.",가동 위축 신호 · 실질생산 위축 신호(PPI 조정),소규모 분모 — 비율 변동 과대 가능 · 연간보정 개정본 사용 구간 · 월별 원자료 미제공 구간
비금속,2023Q2,관찰,"자동화·설비투자, 외주·도급 전환, 미충원·숙련 불일치, 직무구조 변화 가능성을 질문으로 확인한다(원인 후보이며 입증된 원인이 아님).","생산이 유지되는데 고용이 감소하고 있어 자동화·생산성 변화·미충원·외주화·인력구조 조정 여부를 확인할 필요가 있다.
창원시 제조업 전체에서 입직자 감소가 함께 관측되므로, 고용 감소가 신규 채용 둔화와 함께 나타나는지 확인할 필요가 있다.
가동률과 전력사용의 방향이 달라 업종 구성·설비 특성·자료범위(산단 vs 시 전체) 차이를 추가 확인할 필요가 있다.
경남 제조업 업황 심리지수가 기준선(100)을 밑돌아, 업종 고유 요인인지 지역 전반의 경기 흐름인지 구분해 확인할 필요가 있다.
같은 업종의 전국 업황 심리지수도 기준선을 밑돌아, 관측된 변화가 산단 고유 현상인지 전국 업종 흐름인지 확인할 필요가 있다.
업체수·고용 규모가 작아 비율 변동이 크게 나타난다. 절대 증감 개수로 다시 확인할 필요가 있다.
이 분기는 월별 원자료가 공표되지 않아 분기 내 지속 여부를 확인할 수 없다. 분기말 단일시점 값에만 의존한 판단임을 감안할 필요가 있다.
연간보정 개정본을 사용한 구간이다. 이후 재개정 시 값이 달라질 수 있음을 확인할 필요가 있다.",고용지원 · 직업훈련 / 산업동향,생산이 유지되는데 고용이 감소하고 있어 자동화·생산성 변화·미충원·외주화·인력구조 조정 여부를 확인할 필요가 있다.,"창원시 제조업 전체에서 입직자 감소가 함께 관측되므로, 고용 감소가 신규 채용 둔화와 함께 나타나는지 확인할 필요가 있다.
가동률과 전력사용의 방향이 달라 업종 구성·설비 특성·자료범위(산단 vs 시 전체) 차이를 추가 확인할 필요가 있다.
경남 제조업 업황 심리지수가 기준선(100)을 밑돌아, 업종 고유 요인인지 지역 전반의 경기 흐름인지 구분해 확인할 필요가 있다.
같은 업종의 전국 업황 심리지수도 기준선을 밑돌아, 관측된 변화가 산단 고유 현상인지 전국 업종 흐름인지 확인할 필요가 있다.","업체수·고용 규모가 작아 비율 변동이 크게 나타난다. 절대 증감 개수로 다시 확인할 필요가 있다.
이 분기는 월별 원자료가 공표되지 않아 분기 내 지속 여부를 확인할 수 없다. 분기말 단일시점 값에만 의존한 판단임을 감안할 필요가 있다.
연간보정 개정본을 사용한 구간이다. 이후 재개정 시 값이 달라질 수 있음을 확인할 필요가 있다.",생산유지·고용감소 신호,소규모 분모 — 비율 변동 과대 가능 · 연간보정 개정본 사용 구간 · 월별 원자료 미제공 구간
석유화학,2023Q2,관찰,미충원·숙련수요·증가의 지속가능성을 확인한다.,"가동률 하락이 일시적 생산조정인지 수주·수요 감소에 따른 것인지 확인할 필요가 있다.
창원시 제조업 전체에서 입직자 감소가 함께 관측되므로, 고용 감소가 신규 채용 둔화와 함께 나타나는지 확인할 필요가 있다.
가동률 하락과 창원시 제조업 전력사용 감소가 함께 나타나 실제 생산활동 위축 여부를 추가 확인할 필요가 있다. 다만 전력은 시 전체 제조업 총계이므로 이 업종의 값이 아니다.
경남 제조업 업황 심리지수가 기준선(100)을 밑돌아, 업종 고유 요인인지 지역 전반의 경기 흐름인지 구분해 확인할 필요가 있다.
같은 업종의 전국 업황 심리지수도 기준선을 밑돌아, 관측된 변화가 산단 고유 현상인지 전국 업종 흐름인지 확인할 필요가 있다.
이 업종은 생산자물가지수 대응 후보가 복수이거나 없어, PPI 조정 생산을 단일값으로 해석하지 않고 원자료로 확인할 필요가 있다.
이 분기는 월별 원자료가 공표되지 않아 분기 내 지속 여부를 확인할 수 없다. 분기말 단일시점 값에만 의존한 판단임을 감안할 필요가 있다.
연간보정 개정본을 사용한 구간이다. 이후 재개정 시 값이 달라질 수 있음을 확인할 필요가 있다.",산업동향 · 기업지원 / 고용지원 · 직업훈련 / 산업동향,가동률 하락이 일시적 생산조정인지 수주·수요 감소에 따른 것인지 확인할 필요가 있다.,"창원시 제조업 전체에서 입직자 감소가 함께 관측되므로, 고용 감소가 신규 채용 둔화와 함께 나타나는지 확인할 필요가 있다.
가동률 하락과 창원시 제조업 전력사용 감소가 함께 나타나 실제 생산활동 위축 여부를 추가 확인할 필요가 있다. 다만 전력은 시 전체 제조업 총계이므로 이 업종의 값이 아니다.
경남 제조업 업황 심리지수가 기준선(100)을 밑돌아, 업종 고유 요인인지 지역 전반의 경기 흐름인지 구분해 확인할 필요가 있다.
같은 업종의 전국 업황 심리지수도 기준선을 밑돌아, 관측된 변화가 산단 고유 현상인지 전국 업종 흐름인지 확인할 필요가 있다.","이 업종은 생산자물가지수 대응 후보가 복수이거나 없어, PPI 조정 생산을 단일값으로 해석하지 않고 원자료로 확인할 필요가 있다.
이 분기는 월별 원자료가 공표되지 않아 분기 내 지속 여부를 확인할 수 없다. 분기말 단일시점 값에만 의존한 판단임을 감안할 필요가 있다.
연간보정 개정본을 사용한 구간이다. 이후 재개정 시 값이 달라질 수 있음을 확인할 필요가 있다.",가동 위축 신호,PPI 매핑 불확실(C·D 등급) · 연간보정 개정본 사용 구간 · 월별 원자료 미제공 구간
섬유의복,2023Q2,관찰,미충원·숙련수요·증가의 지속가능성을 확인한다.,"가동업체 감소가 실제 퇴거·폐업·통합·휴업에 따른 것인지, 아니면 조사대상 변동이나 집계기준 변경에 따른 것인지 확인할 필요가 있다.
창원시 제조업 전체에서 입직자 감소가 함께 관측되므로, 고용 감소가 신규 채용 둔화와 함께 나타나는지 확인할 필요가 있다.
가동률과 전력사용의 방향이 달라 업종 구성·설비 특성·자료범위(산단 vs 시 전체) 차이를 추가 확인할 필요가 있다.
경남 제조업 업황 심리지수가 기준선(100)을 밑돌아, 업종 고유 요인인지 지역 전반의 경기 흐름인지 구분해 확인할 필요가 있다.
같은 업종의 전국 업황 심리지수도 기준선을 밑돌아, 관측된 변화가 산단 고유 현상인지 전국 업종 흐름인지 확인할 필요가 있다.
업체수·고용 규모가 작아 비율 변동이 크게 나타난다. 절대 증감 개수로 다시 확인할 필요가 있다.
이 분기는 월별 원자료가 공표되지 않아 분기 내 지속 여부를 확인할 수 없다. 분기말 단일시점 값에만 의존한 판단임을 감안할 필요가 있다.
연간보정 개정본을 사용한 구간이다. 이후 재개정 시 값이 달라질 수 있음을 확인할 필요가 있다.",산업동향 · 기업지원 / 고용지원 · 직업훈련 / 산업동향,"가동업체 감소가 실제 퇴거·폐업·통합·휴업에 따른 것인지, 아니면 조사대상 변동이나 집계기준 변경에 따른 것인지 확인할 필요가 있다.","창원시 제조업 전체에서 입직자 감소가 함께 관측되므로, 고용 감소가 신규 채용 둔화와 함께 나타나는지 확인할 필요가 있다.
가동률과 전력사용의 방향이 달라 업종 구성·설비 특성·자료범위(산단 vs 시 전체) 차이를 추가 확인할 필요가 있다.
경남 제조업 업황 심리지수가 기준선(100)을 밑돌아, 업종 고유 요인인지 지역 전반의 경기 흐름인지 구분해 확인할 필요가 있다.
같은 업종의 전국 업황 심리지수도 기준선을 밑돌아, 관측된 변화가 산단 고유 현상인지 전국 업종 흐름인지 확인할 필요가 있다.","업체수·고용 규모가 작아 비율 변동이 크게 나타난다. 절대 증감 개수로 다시 확인할 필요가 있다.
이 분기는 월별 원자료가 공표되지 않아 분기 내 지속 여부를 확인할 수 없다. 분기말 단일시점 값에만 의존한 판단임을 감안할 필요가 있다.
연간보정 개정본을 사용한 구간이다. 이후 재개정 시 값이 달라질 수 있음을 확인할 필요가 있다.",업체수 감소 신호,소규모 분모 — 비율 변동 과대 가능 · 연간보정 개정본 사용 구간 · 월별 원자료 미제공 구간
운송장비,2023Q2,관찰,미충원·숙련수요·증가의 지속가능성을 확인한다.,"창원시 제조업 전체에서 입직자 감소가 함께 관측되므로, 고용 감소가 신규 채용 둔화와 함께 나타나는지 확인할 필요가 있다.
가동률과 전력사용의 방향이 달라 업종 구성·설비 특성·자료범위(산단 vs 시 전체) 차이를 추가 확인할 필요가 있다.
경남 제조업 업황 심리지수가 기준선(100)을 밑돌아, 업종 고유 요인인지 지역 전반의 경기 흐름인지 구분해 확인할 필요가 있다.
같은 업종의 전국 업황 심리지수도 기준선을 밑돌아, 관측된 변화가 산단 고유 현상인지 전국 업종 흐름인지 확인할 필요가 있다.
이 분기는 월별 원자료가 공표되지 않아 분기 내 지속 여부를 확인할 수 없다. 분기말 단일시점 값에만 의존한 판단임을 감안할 필요가 있다.
연간보정 개정본을 사용한 구간이다. 이후 재개정 시 값이 달라질 수 있음을 확인할 필요가 있다.",고용지원 · 직업훈련 / 산업동향,,"창원시 제조업 전체에서 입직자 감소가 함께 관측되므로, 고용 감소가 신규 채용 둔화와 함께 나타나는지 확인할 필요가 있다.
가동률과 전력사용의 방향이 달라 업종 구성·설비 특성·자료범위(산단 vs 시 전체) 차이를 추가 확인할 필요가 있다.
경남 제조업 업황 심리지수가 기준선(100)을 밑돌아, 업종 고유 요인인지 지역 전반의 경기 흐름인지 구분해 확인할 필요가 있다.
같은 업종의 전국 업황 심리지수도 기준선을 밑돌아, 관측된 변화가 산단 고유 현상인지 전국 업종 흐름인지 확인할 필요가 있다.","이 분기는 월별 원자료가 공표되지 않아 분기 내 지속 여부를 확인할 수 없다. 분기말 단일시점 값에만 의존한 판단임을 감안할 필요가 있다.
연간보정 개정본을 사용한 구간이다. 이후 재개정 시 값이 달라질 수 있음을 확인할 필요가 있다.",해석 보류,연간보정 개정본 사용 구간 · 월별 원자료 미제공 구간
음식료,2023Q2,관찰,미충원·숙련수요·증가의 지속가능성을 확인한다.,"가동업체 감소가 실제 퇴거·폐업·통합·휴업에 따른 것인지, 아니면 조사대상 변동이나 집계기준 변경에 따른 것인지 확인할 필요가 있다.
가동률 하락이 일시적 생산조정인지 수주·수요 감소에 따른 것인지 확인할 필요가 있다.
창원시 제조업 전체에서 입직자 감소가 함께 관측되므로, 고용 감소가 신규 채용 둔화와 함께 나타나는지 확인할 필요가 있다.
가동률 하락과 창원시 제조업 전력사용 감소가 함께 나타나 실제 생산활동 위축 여부를 추가 확인할 필요가 있다. 다만 전력은 시 전체 제조업 총계이므로 이 업종의 값이 아니다.
경남 제조업 업황 심리지수가 기준선(100)을 밑돌아, 업종 고유 요인인지 지역 전반의 경기 흐름인지 구분해 확인할 필요가 있다.
같은 업종의 전국 업황 심리지수도 기준선을 밑돌아, 관측된 변화가 산단 고유 현상인지 전국 업종 흐름인지 확인할 필요가 있다.
업체수·고용 규모가 작아 비율 변동이 크게 나타난다. 절대 증감 개수로 다시 확인할 필요가 있다.
이 분기는 월별 원자료가 공표되지 않아 분기 내 지속 여부를 확인할 수 없다. 분기말 단일시점 값에만 의존한 판단임을 감안할 필요가 있다.
연간보정 개정본을 사용한 구간이다. 이후 재개정 시 값이 달라질 수 있음을 확인할 필요가 있다.",산업동향 · 기업지원 / 고용지원 · 직업훈련 / 산업동향,"가동업체 감소가 실제 퇴거·폐업·통합·휴업에 따른 것인지, 아니면 조사대상 변동이나 집계기준 변경에 따른 것인지 확인할 필요가 있다.
가동률 하락이 일시적 생산조정인지 수주·수요 감소에 따른 것인지 확인할 필요가 있다.","창원시 제조업 전체에서 입직자 감소가 함께 관측되므로, 고용 감소가 신규 채용 둔화와 함께 나타나는지 확인할 필요가 있다.
가동률 하락과 창원시 제조업 전력사용 감소가 함께 나타나 실제 생산활동 위축 여부를 추가 확인할 필요가 있다. 다만 전력은 시 전체 제조업 총계이므로 이 업종의 값이 아니다.
경남 제조업 업황 심리지수가 기준선(100)을 밑돌아, 업종 고유 요인인지 지역 전반의 경기 흐름인지 구분해 확인할 필요가 있다.
같은 업종의 전국 업황 심리지수도 기준선을 밑돌아, 관측된 변화가 산단 고유 현상인지 전국 업종 흐름인지 확인할 필요가 있다.","업체수·고용 규모가 작아 비율 변동이 크게 나타난다. 절대 증감 개수로 다시 확인할 필요가 있다.
이 분기는 월별 원자료가 공표되지 않아 분기 내 지속 여부를 확인할 수 없다. 분기말 단일시점 값에만 의존한 판단임을 감안할 필요가 있다.
연간보정 개정본을 사용한 구간이다. 이후 재개정 시 값이 달라질 수 있음을 확인할 필요가 있다.",업체수 감소 신호 · 가동 위축 신호,소규모 분모 — 비율 변동 과대 가능 · 연간보정 개정본 사용 구간 · 월별 원자료 미제공 구간
전기전자,2023Q2,관찰,미충원·숙련수요·증가의 지속가능성을 확인한다.,"창원시 제조업 전체에서 입직자 감소가 함께 관측되므로, 고용 감소가 신규 채용 둔화와 함께 나타나는지 확인할 필요가 있다.
가동률 하락과 창원시 제조업 전력사용 감소가 함께 나타나 실제 생산활동 위축 여부를 추가 확인할 필요가 있다. 다만 전력은 시 전체 제조업 총계이므로 이 업종의 값이 아니다.
경남 제조업 업황 심리지수가 기준선(100)을 밑돌아, 업종 고유 요인인지 지역 전반의 경기 흐름인지 구분해 확인할 필요가 있다.
같은 업종의 전국 업황 심리지수도 기준선을 밑돌아, 관측된 변화가 산단 고유 현상인지 전국 업종 흐름인지 확인할 필요가 있다.
이 업종은 생산자물가지수 대응 후보가 복수이거나 없어, PPI 조정 생산을 단일값으로 해석하지 않고 원자료로 확인할 필요가 있다.
이 분기는 월별 원자료가 공표되지 않아 분기 내 지속 여부를 확인할 수 없다. 분기말 단일시점 값에만 의존한 판단임을 감안할 필요가 있다.
연간보정 개정본을 사용한 구간이다. 이후 재개정 시 값이 달라질 수 있음을 확인할 필요가 있다.",고용지원 · 직업훈련 / 산업동향 · 기업지원 / 산업동향,,"창원시 제조업 전체에서 입직자 감소가 함께 관측되므로, 고용 감소가 신규 채용 둔화와 함께 나타나는지 확인할 필요가 있다.
가동률 하락과 창원시 제조업 전력사용 감소가 함께 나타나 실제 생산활동 위축 여부를 추가 확인할 필요가 있다. 다만 전력은 시 전체 제조업 총계이므로 이 업종의 값이 아니다.
경남 제조업 업황 심리지수가 기준선(100)을 밑돌아, 업종 고유 요인인지 지역 전반의 경기 흐름인지 구분해 확인할 필요가 있다.
같은 업종의 전국 업황 심리지수도 기준선을 밑돌아, 관측된 변화가 산단 고유 현상인지 전국 업종 흐름인지 확인할 필요가 있다.","이 업종은 생산자물가지수 대응 후보가 복수이거나 없어, PPI 조정 생산을 단일값으로 해석하지 않고 원자료로 확인할 필요가 있다.
이 분기는 월별 원자료가 공표되지 않아 분기 내 지속 여부를 확인할 수 없다. 분기말 단일시점 값에만 의존한 판단임을 감안할 필요가 있다.
연간보정 개정본을 사용한 구간이다. 이후 재개정 시 값이 달라질 수 있음을 확인할 필요가 있다.",해석 보류,PPI 매핑 불확실(C·D 등급) · 연간보정 개정본 사용 구간 · 월별 원자료 미제공 구간
철강,2023Q2,관찰,수주잔량·가동률·휴업/감산·기업 수 변동·고용조정 계획 신고 여부를 확인한다(원인 후보이며 입증된 원인이 아님).,"명목생산 변화에 가격효과가 포함되어 있으므로 실제 물량이 줄었는지 추가로 확인할 필요가 있다.
확인된 품목 기준 수출이 함께 감소하고 있어, 외부수요 약화 가능성을 보려면 수출 감소가 특정 품목·기업에 집중되는지 추가 확인할 필요가 있다.
창원시 제조업 전체에서 입직자 감소가 함께 관측되므로, 고용 감소가 신규 채용 둔화와 함께 나타나는지 확인할 필요가 있다.
가동률과 전력사용의 방향이 달라 업종 구성·설비 특성·자료범위(산단 vs 시 전체) 차이를 추가 확인할 필요가 있다.
경남 제조업 업황 심리지수가 기준선(100)을 밑돌아, 업종 고유 요인인지 지역 전반의 경기 흐름인지 구분해 확인할 필요가 있다.
같은 업종의 전국 업황 심리지수도 기준선을 밑돌아, 관측된 변화가 산단 고유 현상인지 전국 업종 흐름인지 확인할 필요가 있다.
이 분기는 월별 원자료가 공표되지 않아 분기 내 지속 여부를 확인할 수 없다. 분기말 단일시점 값에만 의존한 판단임을 감안할 필요가 있다.
연간보정 개정본을 사용한 구간이다. 이후 재개정 시 값이 달라질 수 있음을 확인할 필요가 있다.",산업동향 / 산업동향 · 기업지원 / 고용지원 · 직업훈련,명목생산 변화에 가격효과가 포함되어 있으므로 실제 물량이 줄었는지 추가로 확인할 필요가 있다.,"확인된 품목 기준 수출이 함께 감소하고 있어, 외부수요 약화 가능성을 보려면 수출 감소가 특정 품목·기업에 집중되는지 추가 확인할 필요가 있다.
창원시 제조업 전체에서 입직자 감소가 함께 관측되므로, 고용 감소가 신규 채용 둔화와 함께 나타나는지 확인할 필요가 있다.
가동률과 전력사용의 방향이 달라 업종 구성·설비 특성·자료범위(산단 vs 시 전체) 차이를 추가 확인할 필요가 있다.
경남 제조업 업황 심리지수가 기준선(100)을 밑돌아, 업종 고유 요인인지 지역 전반의 경기 흐름인지 구분해 확인할 필요가 있다.
같은 업종의 전국 업황 심리지수도 기준선을 밑돌아, 관측된 변화가 산단 고유 현상인지 전국 업종 흐름인지 확인할 필요가 있다.","이 분기는 월별 원자료가 공표되지 않아 분기 내 지속 여부를 확인할 수 없다. 분기말 단일시점 값에만 의존한 판단임을 감안할 필요가 있다.
연간보정 개정본을 사용한 구간이다. 이후 재개정 시 값이 달라질 수 있음을 확인할 필요가 있다.",실질생산 위축 신호(PPI 조정),연간보정 개정본 사용 구간 · 월별 원자료 미제공 구간
기계,2023Q3,우선점검,수주잔량·가동률·휴업/감산·기업 수 변동·고용조정 계획 신고 여부를 확인한다(원인 후보이며 입증된 원인이 아님).,"확인된 품목 기준 수출은 유지·확대되는데 고용이 감소하고 있어 생산성·자동화·기업구성 변화 등의 가능성을 추가 확인할 필요가 있다.
가동률 하락과 창원시 제조업 전력사용 감소가 함께 나타나 실제 생산활동 위축 여부를 추가 확인할 필요가 있다. 다만 전력은 시 전체 제조업 총계이므로 이 업종의 값이 아니다.
경남 제조업 업황 심리지수가 기준선(100)을 밑돌아, 업종 고유 요인인지 지역 전반의 경기 흐름인지 구분해 확인할 필요가 있다.
같은 업종의 전국 업황 심리지수도 기준선을 밑돌아, 관측된 변화가 산단 고유 현상인지 전국 업종 흐름인지 확인할 필요가 있다.
이 분기는 월별 원자료가 공표되지 않아 분기 내 지속 여부를 확인할 수 없다. 분기말 단일시점 값에만 의존한 판단임을 감안할 필요가 있다.
연간보정 개정본을 사용한 구간이다. 이후 재개정 시 값이 달라질 수 있음을 확인할 필요가 있다.",고용지원 · 직업훈련 / 산업동향 · 기업지원 / 산업동향,,"확인된 품목 기준 수출은 유지·확대되는데 고용이 감소하고 있어 생산성·자동화·기업구성 변화 등의 가능성을 추가 확인할 필요가 있다.
가동률 하락과 창원시 제조업 전력사용 감소가 함께 나타나 실제 생산활동 위축 여부를 추가 확인할 필요가 있다. 다만 전력은 시 전체 제조업 총계이므로 이 업종의 값이 아니다.
경남 제조업 업황 심리지수가 기준선(100)을 밑돌아, 업종 고유 요인인지 지역 전반의 경기 흐름인지 구분해 확인할 필요가 있다.
같은 업종의 전국 업황 심리지수도 기준선을 밑돌아, 관측된 변화가 산단 고유 현상인지 전국 업종 흐름인지 확인할 필요가 있다.","이 분기는 월별 원자료가 공표되지 않아 분기 내 지속 여부를 확인할 수 없다. 분기말 단일시점 값에만 의존한 판단임을 감안할 필요가 있다.
연간보정 개정본을 사용한 구간이다. 이후 재개정 시 값이 달라질 수 있음을 확인할 필요가 있다.",해석 보류,연간보정 개정본 사용 구간 · 월별 원자료 미제공 구간
기타,2023Q3,추가확인,수주잔량·가동률·휴업/감산·기업 수 변동·고용조정 계획 신고 여부를 확인한다(원인 후보이며 입증된 원인이 아님).,"가동률 하락이 일시적 생산조정인지 수주·수요 감소에 따른 것인지 확인할 필요가 있다.
가동률 하락과 창원시 제조업 전력사용 감소가 함께 나타나 실제 생산활동 위축 여부를 추가 확인할 필요가 있다. 다만 전력은 시 전체 제조업 총계이므로 이 업종의 값이 아니다.
경남 제조업 업황 심리지수가 기준선(100)을 밑돌아, 업종 고유 요인인지 지역 전반의 경기 흐름인지 구분해 확인할 필요가 있다.
이 업종은 생산자물가지수 대응 후보가 복수이거나 없어, PPI 조정 생산을 단일값으로 해석하지 않고 원자료로 확인할 필요가 있다.
업체수·고용 규모가 작아 비율 변동이 크게 나타난다. 절대 증감 개수로 다시 확인할 필요가 있다.
이 분기는 월별 원자료가 공표되지 않아 분기 내 지속 여부를 확인할 수 없다. 분기말 단일시점 값에만 의존한 판단임을 감안할 필요가 있다.
연간보정 개정본을 사용한 구간이다. 이후 재개정 시 값이 달라질 수 있음을 확인할 필요가 있다.",산업동향 · 기업지원 / 산업동향,가동률 하락이 일시적 생산조정인지 수주·수요 감소에 따른 것인지 확인할 필요가 있다.,"가동률 하락과 창원시 제조업 전력사용 감소가 함께 나타나 실제 생산활동 위축 여부를 추가 확인할 필요가 있다. 다만 전력은 시 전체 제조업 총계이므로 이 업종의 값이 아니다.
경남 제조업 업황 심리지수가 기준선(100)을 밑돌아, 업종 고유 요인인지 지역 전반의 경기 흐름인지 구분해 확인할 필요가 있다.","이 업종은 생산자물가지수 대응 후보가 복수이거나 없어, PPI 조정 생산을 단일값으로 해석하지 않고 원자료로 확인할 필요가 있다.
업체수·고용 규모가 작아 비율 변동이 크게 나타난다. 절대 증감 개수로 다시 확인할 필요가 있다.
이 분기는 월별 원자료가 공표되지 않아 분기 내 지속 여부를 확인할 수 없다. 분기말 단일시점 값에만 의존한 판단임을 감안할 필요가 있다.
연간보정 개정본을 사용한 구간이다. 이후 재개정 시 값이 달라질 수 있음을 확인할 필요가 있다.",가동 위축 신호,PPI 매핑 불확실(C·D 등급) · 소규모 분모 — 비율 변동 과대 가능 · 연간보정 개정본 사용 구간 · 월별 원자료 미제공 구간
목재종이,2023Q3,추가확인,수주잔량·가동률·휴업/감산·기업 수 변동·고용조정 계획 신고 여부를 확인한다(원인 후보이며 입증된 원인이 아님).,"가동률 하락이 일시적 생산조정인지 수주·수요 감소에 따른 것인지 확인할 필요가 있다.
명목생산 변화에 가격효과가 포함되어 있으므로 실제 물량이 줄었는지 추가로 확인할 필요가 있다.
가동률 하락과 창원시 제조업 전력사용 감소가 함께 나타나 실제 생산활동 위축 여부를 추가 확인할 필요가 있다. 다만 전력은 시 전체 제조업 총계이므로 이 업종의 값이 아니다.
경남 제조업 업황 심리지수가 기준선(100)을 밑돌아, 업종 고유 요인인지 지역 전반의 경기 흐름인지 구분해 확인할 필요가 있다.
같은 업종의 전국 업황 심리지수도 기준선을 밑돌아, 관측된 변화가 산단 고유 현상인지 전국 업종 흐름인지 확인할 필요가 있다.
업체수·고용 규모가 작아 비율 변동이 크게 나타난다. 절대 증감 개수로 다시 확인할 필요가 있다.
이 분기는 월별 원자료가 공표되지 않아 분기 내 지속 여부를 확인할 수 없다. 분기말 단일시점 값에만 의존한 판단임을 감안할 필요가 있다.
연간보정 개정본을 사용한 구간이다. 이후 재개정 시 값이 달라질 수 있음을 확인할 필요가 있다.",산업동향 · 기업지원 / 산업동향,"가동률 하락이 일시적 생산조정인지 수주·수요 감소에 따른 것인지 확인할 필요가 있다.
명목생산 변화에 가격효과가 포함되어 있으므로 실제 물량이 줄었는지 추가로 확인할 필요가 있다.","가동률 하락과 창원시 제조업 전력사용 감소가 함께 나타나 실제 생산활동 위축 여부를 추가 확인할 필요가 있다. 다만 전력은 시 전체 제조업 총계이므로 이 업종의 값이 아니다.
경남 제조업 업황 심리지수가 기준선(100)을 밑돌아, 업종 고유 요인인지 지역 전반의 경기 흐름인지 구분해 확인할 필요가 있다.
같은 업종의 전국 업황 심리지수도 기준선을 밑돌아, 관측된 변화가 산단 고유 현상인지 전국 업종 흐름인지 확인할 필요가 있다.","업체수·고용 규모가 작아 비율 변동이 크게 나타난다. 절대 증감 개수로 다시 확인할 필요가 있다.
이 분기는 월별 원자료가 공표되지 않아 분기 내 지속 여부를 확인할 수 없다. 분기말 단일시점 값에만 의존한 판단임을 감안할 필요가 있다.
연간보정 개정본을 사용한 구간이다. 이후 재개정 시 값이 달라질 수 있음을 확인할 필요가 있다.",가동 위축 신호 · 실질생산 위축 신호(PPI 조정),소규모 분모 — 비율 변동 과대 가능 · 연간보정 개정본 사용 구간 · 월별 원자료 미제공 구간
비금속,2023Q3,관찰,수주잔량·가동률·휴업/감산·기업 수 변동·고용조정 계획 신고 여부를 확인한다(원인 후보이며 입증된 원인이 아님).,"명목생산 변화에 가격효과가 포함되어 있으므로 실제 물량이 줄었는지 추가로 확인할 필요가 있다.
가동률과 전력사용의 방향이 달라 업종 구성·설비 특성·자료범위(산단 vs 시 전체) 차이를 추가 확인할 필요가 있다.
경남 제조업 업황 심리지수가 기준선(100)을 밑돌아, 업종 고유 요인인지 지역 전반의 경기 흐름인지 구분해 확인할 필요가 있다.
같은 업종의 전국 업황 심리지수도 기준선을 밑돌아, 관측된 변화가 산단 고유 현상인지 전국 업종 흐름인지 확인할 필요가 있다.
업체수·고용 규모가 작아 비율 변동이 크게 나타난다. 절대 증감 개수로 다시 확인할 필요가 있다.
이 분기는 월별 원자료가 공표되지 않아 분기 내 지속 여부를 확인할 수 없다. 분기말 단일시점 값에만 의존한 판단임을 감안할 필요가 있다.
연간보정 개정본을 사용한 구간이다. 이후 재개정 시 값이 달라질 수 있음을 확인할 필요가 있다.",산업동향,명목생산 변화에 가격효과가 포함되어 있으므로 실제 물량이 줄었는지 추가로 확인할 필요가 있다.,"가동률과 전력사용의 방향이 달라 업종 구성·설비 특성·자료범위(산단 vs 시 전체) 차이를 추가 확인할 필요가 있다.
경남 제조업 업황 심리지수가 기준선(100)을 밑돌아, 업종 고유 요인인지 지역 전반의 경기 흐름인지 구분해 확인할 필요가 있다.
같은 업종의 전국 업황 심리지수도 기준선을 밑돌아, 관측된 변화가 산단 고유 현상인지 전국 업종 흐름인지 확인할 필요가 있다.","업체수·고용 규모가 작아 비율 변동이 크게 나타난다. 절대 증감 개수로 다시 확인할 필요가 있다.
이 분기는 월별 원자료가 공표되지 않아 분기 내 지속 여부를 확인할 수 없다. 분기말 단일시점 값에만 의존한 판단임을 감안할 필요가 있다.
연간보정 개정본을 사용한 구간이다. 이후 재개정 시 값이 달라질 수 있음을 확인할 필요가 있다.",실질생산 위축 신호(PPI 조정),소규모 분모 — 비율 변동 과대 가능 · 연간보정 개정본 사용 구간 · 월별 원자료 미제공 구간
석유화학,2023Q3,관찰,미충원·숙련수요·증가의 지속가능성을 확인한다.,"가동률과 전력사용의 방향이 달라 업종 구성·설비 특성·자료범위(산단 vs 시 전체) 차이를 추가 확인할 필요가 있다.
경남 제조업 업황 심리지수가 기준선(100)을 밑돌아, 업종 고유 요인인지 지역 전반의 경기 흐름인지 구분해 확인할 필요가 있다.
같은 업종의 전국 업황 심리지수도 기준선을 밑돌아, 관측된 변화가 산단 고유 현상인지 전국 업종 흐름인지 확인할 필요가 있다.
이 업종은 생산자물가지수 대응 후보가 복수이거나 없어, PPI 조정 생산을 단일값으로 해석하지 않고 원자료로 확인할 필요가 있다.
이 분기는 월별 원자료가 공표되지 않아 분기 내 지속 여부를 확인할 수 없다. 분기말 단일시점 값에만 의존한 판단임을 감안할 필요가 있다.
연간보정 개정본을 사용한 구간이다. 이후 재개정 시 값이 달라질 수 있음을 확인할 필요가 있다.",산업동향,,"가동률과 전력사용의 방향이 달라 업종 구성·설비 특성·자료범위(산단 vs 시 전체) 차이를 추가 확인할 필요가 있다.
경남 제조업 업황 심리지수가 기준선(100)을 밑돌아, 업종 고유 요인인지 지역 전반의 경기 흐름인지 구분해 확인할 필요가 있다.
같은 업종의 전국 업황 심리지수도 기준선을 밑돌아, 관측된 변화가 산단 고유 현상인지 전국 업종 흐름인지 확인할 필요가 있다.","이 업종은 생산자물가지수 대응 후보가 복수이거나 없어, PPI 조정 생산을 단일값으로 해석하지 않고 원자료로 확인할 필요가 있다.
이 분기는 월별 원자료가 공표되지 않아 분기 내 지속 여부를 확인할 수 없다. 분기말 단일시점 값에만 의존한 판단임을 감안할 필요가 있다.
연간보정 개정본을 사용한 구간이다. 이후 재개정 시 값이 달라질 수 있음을 확인할 필요가 있다.",해석 보류,PPI 매핑 불확실(C·D 등급) · 연간보정 개정본 사용 구간 · 월별 원자료 미제공 구간
섬유의복,2023Q3,관찰,"원자료상 정확한 0인지 반올림·개정 영향인지, 0이 아닌 축의 방향과 규모를 확인한다.","가동업체 감소가 실제 퇴거·폐업·통합·휴업에 따른 것인지, 아니면 조사대상 변동이나 집계기준 변경에 따른 것인지 확인할 필요가 있다.
가동률과 전력사용의 방향이 달라 업종 구성·설비 특성·자료범위(산단 vs 시 전체) 차이를 추가 확인할 필요가 있다.
경남 제조업 업황 심리지수가 기준선(100)을 밑돌아, 업종 고유 요인인지 지역 전반의 경기 흐름인지 구분해 확인할 필요가 있다.
같은 업종의 전국 업황 심리지수도 기준선을 밑돌아, 관측된 변화가 산단 고유 현상인지 전국 업종 흐름인지 확인할 필요가 있다.
업체수·고용 규모가 작아 비율 변동이 크게 나타난다. 절대 증감 개수로 다시 확인할 필요가 있다.
이 분기는 월별 원자료가 공표되지 않아 분기 내 지속 여부를 확인할 수 없다. 분기말 단일시점 값에만 의존한 판단임을 감안할 필요가 있다.
연간보정 개정본을 사용한 구간이다. 이후 재개정 시 값이 달라질 수 있음을 확인할 필요가 있다.",산업동향 · 기업지원 / 산업동향,"가동업체 감소가 실제 퇴거·폐업·통합·휴업에 따른 것인지, 아니면 조사대상 변동이나 집계기준 변경에 따른 것인지 확인할 필요가 있다.","가동률과 전력사용의 방향이 달라 업종 구성·설비 특성·자료범위(산단 vs 시 전체) 차이를 추가 확인할 필요가 있다.
경남 제조업 업황 심리지수가 기준선(100)을 밑돌아, 업종 고유 요인인지 지역 전반의 경기 흐름인지 구분해 확인할 필요가 있다.
같은 업종의 전국 업황 심리지수도 기준선을 밑돌아, 관측된 변화가 산단 고유 현상인지 전국 업종 흐름인지 확인할 필요가 있다.","업체수·고용 규모가 작아 비율 변동이 크게 나타난다. 절대 증감 개수로 다시 확인할 필요가 있다.
이 분기는 월별 원자료가 공표되지 않아 분기 내 지속 여부를 확인할 수 없다. 분기말 단일시점 값에만 의존한 판단임을 감안할 필요가 있다.
연간보정 개정본을 사용한 구간이다. 이후 재개정 시 값이 달라질 수 있음을 확인할 필요가 있다.",업체수 감소 신호,소규모 분모 — 비율 변동 과대 가능 · 연간보정 개정본 사용 구간 · 월별 원자료 미제공 구간
운송장비,2023Q3,관찰,미충원·숙련수요·증가의 지속가능성을 확인한다.,"가동률 하락과 창원시 제조업 전력사용 감소가 함께 나타나 실제 생산활동 위축 여부를 추가 확인할 필요가 있다. 다만 전력은 시 전체 제조업 총계이므로 이 업종의 값이 아니다.
경남 제조업 업황 심리지수가 기준선(100)을 밑돌아, 업종 고유 요인인지 지역 전반의 경기 흐름인지 구분해 확인할 필요가 있다.
같은 업종의 전국 업황 심리지수도 기준선을 밑돌아, 관측된 변화가 산단 고유 현상인지 전국 업종 흐름인지 확인할 필요가 있다.
이 분기는 월별 원자료가 공표되지 않아 분기 내 지속 여부를 확인할 수 없다. 분기말 단일시점 값에만 의존한 판단임을 감안할 필요가 있다.
연간보정 개정본을 사용한 구간이다. 이후 재개정 시 값이 달라질 수 있음을 확인할 필요가 있다.",산업동향 · 기업지원 / 산업동향,,"가동률 하락과 창원시 제조업 전력사용 감소가 함께 나타나 실제 생산활동 위축 여부를 추가 확인할 필요가 있다. 다만 전력은 시 전체 제조업 총계이므로 이 업종의 값이 아니다.
경남 제조업 업황 심리지수가 기준선(100)을 밑돌아, 업종 고유 요인인지 지역 전반의 경기 흐름인지 구분해 확인할 필요가 있다.
같은 업종의 전국 업황 심리지수도 기준선을 밑돌아, 관측된 변화가 산단 고유 현상인지 전국 업종 흐름인지 확인할 필요가 있다.","이 분기는 월별 원자료가 공표되지 않아 분기 내 지속 여부를 확인할 수 없다. 분기말 단일시점 값에만 의존한 판단임을 감안할 필요가 있다.
연간보정 개정본을 사용한 구간이다. 이후 재개정 시 값이 달라질 수 있음을 확인할 필요가 있다.",해석 보류,연간보정 개정본 사용 구간 · 월별 원자료 미제공 구간
음식료,2023Q3,관찰,미충원·숙련수요·증가의 지속가능성을 확인한다.,"가동업체 감소가 실제 퇴거·폐업·통합·휴업에 따른 것인지, 아니면 조사대상 변동이나 집계기준 변경에 따른 것인지 확인할 필요가 있다.
가동률과 전력사용의 방향이 달라 업종 구성·설비 특성·자료범위(산단 vs 시 전체) 차이를 추가 확인할 필요가 있다.
경남 제조업 업황 심리지수가 기준선(100)을 밑돌아, 업종 고유 요인인지 지역 전반의 경기 흐름인지 구분해 확인할 필요가 있다.
같은 업종의 전국 업황 심리지수도 기준선을 밑돌아, 관측된 변화가 산단 고유 현상인지 전국 업종 흐름인지 확인할 필요가 있다.
업체수·고용 규모가 작아 비율 변동이 크게 나타난다. 절대 증감 개수로 다시 확인할 필요가 있다.
이 분기는 월별 원자료가 공표되지 않아 분기 내 지속 여부를 확인할 수 없다. 분기말 단일시점 값에만 의존한 판단임을 감안할 필요가 있다.
연간보정 개정본을 사용한 구간이다. 이후 재개정 시 값이 달라질 수 있음을 확인할 필요가 있다.",산업동향 · 기업지원 / 산업동향,"가동업체 감소가 실제 퇴거·폐업·통합·휴업에 따른 것인지, 아니면 조사대상 변동이나 집계기준 변경에 따른 것인지 확인할 필요가 있다.","가동률과 전력사용의 방향이 달라 업종 구성·설비 특성·자료범위(산단 vs 시 전체) 차이를 추가 확인할 필요가 있다.
경남 제조업 업황 심리지수가 기준선(100)을 밑돌아, 업종 고유 요인인지 지역 전반의 경기 흐름인지 구분해 확인할 필요가 있다.
같은 업종의 전국 업황 심리지수도 기준선을 밑돌아, 관측된 변화가 산단 고유 현상인지 전국 업종 흐름인지 확인할 필요가 있다.","업체수·고용 규모가 작아 비율 변동이 크게 나타난다. 절대 증감 개수로 다시 확인할 필요가 있다.
이 분기는 월별 원자료가 공표되지 않아 분기 내 지속 여부를 확인할 수 없다. 분기말 단일시점 값에만 의존한 판단임을 감안할 필요가 있다.
연간보정 개정본을 사용한 구간이다. 이후 재개정 시 값이 달라질 수 있음을 확인할 필요가 있다.",업체수 감소 신호,소규모 분모 — 비율 변동 과대 가능 · 연간보정 개정본 사용 구간 · 월별 원자료 미제공 구간
전기전자,2023Q3,관찰,미충원·숙련수요·증가의 지속가능성을 확인한다.,"가동률 하락이 일시적 생산조정인지 수주·수요 감소에 따른 것인지 확인할 필요가 있다.
가동률 하락과 창원시 제조업 전력사용 감소가 함께 나타나 실제 생산활동 위축 여부를 추가 확인할 필요가 있다. 다만 전력은 시 전체 제조업 총계이므로 이 업종의 값이 아니다.
경남 제조업 업황 심리지수가 기준선(100)을 밑돌아, 업종 고유 요인인지 지역 전반의 경기 흐름인지 구분해 확인할 필요가 있다.
같은 업종의 전국 업황 심리지수도 기준선을 밑돌아, 관측된 변화가 산단 고유 현상인지 전국 업종 흐름인지 확인할 필요가 있다.
이 업종은 생산자물가지수 대응 후보가 복수이거나 없어, PPI 조정 생산을 단일값으로 해석하지 않고 원자료로 확인할 필요가 있다.
이 분기는 월별 원자료가 공표되지 않아 분기 내 지속 여부를 확인할 수 없다. 분기말 단일시점 값에만 의존한 판단임을 감안할 필요가 있다.
연간보정 개정본을 사용한 구간이다. 이후 재개정 시 값이 달라질 수 있음을 확인할 필요가 있다.",산업동향 · 기업지원 / 산업동향,가동률 하락이 일시적 생산조정인지 수주·수요 감소에 따른 것인지 확인할 필요가 있다.,"가동률 하락과 창원시 제조업 전력사용 감소가 함께 나타나 실제 생산활동 위축 여부를 추가 확인할 필요가 있다. 다만 전력은 시 전체 제조업 총계이므로 이 업종의 값이 아니다.
경남 제조업 업황 심리지수가 기준선(100)을 밑돌아, 업종 고유 요인인지 지역 전반의 경기 흐름인지 구분해 확인할 필요가 있다.
같은 업종의 전국 업황 심리지수도 기준선을 밑돌아, 관측된 변화가 산단 고유 현상인지 전국 업종 흐름인지 확인할 필요가 있다.","이 업종은 생산자물가지수 대응 후보가 복수이거나 없어, PPI 조정 생산을 단일값으로 해석하지 않고 원자료로 확인할 필요가 있다.
이 분기는 월별 원자료가 공표되지 않아 분기 내 지속 여부를 확인할 수 없다. 분기말 단일시점 값에만 의존한 판단임을 감안할 필요가 있다.
연간보정 개정본을 사용한 구간이다. 이후 재개정 시 값이 달라질 수 있음을 확인할 필요가 있다.",가동 위축 신호,PPI 매핑 불확실(C·D 등급) · 연간보정 개정본 사용 구간 · 월별 원자료 미제공 구간
철강,2023Q3,관찰,수주잔량·가동률·휴업/감산·기업 수 변동·고용조정 계획 신고 여부를 확인한다(원인 후보이며 입증된 원인이 아님).,"가동률과 전력사용의 방향이 달라 업종 구성·설비 특성·자료범위(산단 vs 시 전체) 차이를 추가 확인할 필요가 있다.
경남 제조업 업황 심리지수가 기준선(100)을 밑돌아, 업종 고유 요인인지 지역 전반의 경기 흐름인지 구분해 확인할 필요가 있다.
같은 업종의 전국 업황 심리지수도 기준선을 밑돌아, 관측된 변화가 산단 고유 현상인지 전국 업종 흐름인지 확인할 필요가 있다.
이 분기는 월별 원자료가 공표되지 않아 분기 내 지속 여부를 확인할 수 없다. 분기말 단일시점 값에만 의존한 판단임을 감안할 필요가 있다.
연간보정 개정본을 사용한 구간이다. 이후 재개정 시 값이 달라질 수 있음을 확인할 필요가 있다.",산업동향,,"가동률과 전력사용의 방향이 달라 업종 구성·설비 특성·자료범위(산단 vs 시 전체) 차이를 추가 확인할 필요가 있다.
경남 제조업 업황 심리지수가 기준선(100)을 밑돌아, 업종 고유 요인인지 지역 전반의 경기 흐름인지 구분해 확인할 필요가 있다.
같은 업종의 전국 업황 심리지수도 기준선을 밑돌아, 관측된 변화가 산단 고유 현상인지 전국 업종 흐름인지 확인할 필요가 있다.","이 분기는 월별 원자료가 공표되지 않아 분기 내 지속 여부를 확인할 수 없다. 분기말 단일시점 값에만 의존한 판단임을 감안할 필요가 있다.
연간보정 개정본을 사용한 구간이다. 이후 재개정 시 값이 달라질 수 있음을 확인할 필요가 있다.",해석 보류,연간보정 개정본 사용 구간 · 월별 원자료 미제공 구간
기계,2023Q4,우선점검,원자료와 비교기간(전년동기 기준값)의 존재 여부를 먼저 확인한다.,"확인된 품목 기준 수출은 유지·확대되는데 고용이 감소하고 있어 생산성·자동화·기업구성 변화 등의 가능성을 추가 확인할 필요가 있다.
가동률과 전력사용의 방향이 달라 업종 구성·설비 특성·자료범위(산단 vs 시 전체) 차이를 추가 확인할 필요가 있다.
경남 제조업 업황 심리지수가 기준선(100)을 밑돌아, 업종 고유 요인인지 지역 전반의 경기 흐름인지 구분해 확인할 필요가 있다.
같은 업종의 전국 업황 심리지수도 기준선을 밑돌아, 관측된 변화가 산단 고유 현상인지 전국 업종 흐름인지 확인할 필요가 있다.
산단 고용과 창원시 고용보험 지표의 방향이 달라 모집단 차이·자료 개정·기업 구성 차이 중 무엇 때문인지 확인할 필요가 있다.
입력 자료 일부가 미확인이다. 결측을 0이나 정상으로 읽지 말고 원자료 확인이 필요하다.
연간보정 개정본을 사용한 구간이다. 이후 재개정 시 값이 달라질 수 있음을 확인할 필요가 있다.",고용지원 · 직업훈련 / 산업동향,,"확인된 품목 기준 수출은 유지·확대되는데 고용이 감소하고 있어 생산성·자동화·기업구성 변화 등의 가능성을 추가 확인할 필요가 있다.
가동률과 전력사용의 방향이 달라 업종 구성·설비 특성·자료범위(산단 vs 시 전체) 차이를 추가 확인할 필요가 있다.
경남 제조업 업황 심리지수가 기준선(100)을 밑돌아, 업종 고유 요인인지 지역 전반의 경기 흐름인지 구분해 확인할 필요가 있다.
같은 업종의 전국 업황 심리지수도 기준선을 밑돌아, 관측된 변화가 산단 고유 현상인지 전국 업종 흐름인지 확인할 필요가 있다.","산단 고용과 창원시 고용보험 지표의 방향이 달라 모집단 차이·자료 개정·기업 구성 차이 중 무엇 때문인지 확인할 필요가 있다.
입력 자료 일부가 미확인이다. 결측을 0이나 정상으로 읽지 말고 원자료 확인이 필요하다.
연간보정 개정본을 사용한 구간이다. 이후 재개정 시 값이 달라질 수 있음을 확인할 필요가 있다.",해석 보류,고용보험 지표와 방향 불일치 · 분기 내 3개월 모두 같은 방향 · 입력 자료 일부 미확인 · 연간보정 개정본 사용 구간
기타,2023Q4,관찰,원자료와 비교기간(전년동기 기준값)의 존재 여부를 먼저 확인한다.,"가동률 하락이 일시적 생산조정인지 수주·수요 감소에 따른 것인지 확인할 필요가 있다.
가동률 하락과 창원시 제조업 전력사용 감소가 함께 나타나 실제 생산활동 위축 여부를 추가 확인할 필요가 있다. 다만 전력은 시 전체 제조업 총계이므로 이 업종의 값이 아니다.
경남 제조업 업황 심리지수가 기준선(100)을 밑돌아, 업종 고유 요인인지 지역 전반의 경기 흐름인지 구분해 확인할 필요가 있다.
이 업종은 생산자물가지수 대응 후보가 복수이거나 없어, PPI 조정 생산을 단일값으로 해석하지 않고 원자료로 확인할 필요가 있다.
업체수·고용 규모가 작아 비율 변동이 크게 나타난다. 절대 증감 개수로 다시 확인할 필요가 있다.
입력 자료 일부가 미확인이다. 결측을 0이나 정상으로 읽지 말고 원자료 확인이 필요하다.
연간보정 개정본을 사용한 구간이다. 이후 재개정 시 값이 달라질 수 있음을 확인할 필요가 있다.",산업동향 · 기업지원 / 산업동향,가동률 하락이 일시적 생산조정인지 수주·수요 감소에 따른 것인지 확인할 필요가 있다.,"가동률 하락과 창원시 제조업 전력사용 감소가 함께 나타나 실제 생산활동 위축 여부를 추가 확인할 필요가 있다. 다만 전력은 시 전체 제조업 총계이므로 이 업종의 값이 아니다.
경남 제조업 업황 심리지수가 기준선(100)을 밑돌아, 업종 고유 요인인지 지역 전반의 경기 흐름인지 구분해 확인할 필요가 있다.","이 업종은 생산자물가지수 대응 후보가 복수이거나 없어, PPI 조정 생산을 단일값으로 해석하지 않고 원자료로 확인할 필요가 있다.
업체수·고용 규모가 작아 비율 변동이 크게 나타난다. 절대 증감 개수로 다시 확인할 필요가 있다.
입력 자료 일부가 미확인이다. 결측을 0이나 정상으로 읽지 말고 원자료 확인이 필요하다.
연간보정 개정본을 사용한 구간이다. 이후 재개정 시 값이 달라질 수 있음을 확인할 필요가 있다.",가동 위축 신호,PPI 매핑 불확실(C·D 등급) · 소규모 분모 — 비율 변동 과대 가능 · 입력 자료 일부 미확인 · 연간보정 개정본 사용 구간
목재종이,2023Q4,추가확인,원자료와 비교기간(전년동기 기준값)의 존재 여부를 먼저 확인한다.,"가동률 하락이 일시적 생산조정인지 수주·수요 감소에 따른 것인지 확인할 필요가 있다.
가동률 하락과 창원시 제조업 전력사용 감소가 함께 나타나 실제 생산활동 위축 여부를 추가 확인할 필요가 있다. 다만 전력은 시 전체 제조업 총계이므로 이 업종의 값이 아니다.
경남 제조업 업황 심리지수가 기준선(100)을 밑돌아, 업종 고유 요인인지 지역 전반의 경기 흐름인지 구분해 확인할 필요가 있다.
같은 업종의 전국 업황 심리지수도 기준선을 밑돌아, 관측된 변화가 산단 고유 현상인지 전국 업종 흐름인지 확인할 필요가 있다.
업체수·고용 규모가 작아 비율 변동이 크게 나타난다. 절대 증감 개수로 다시 확인할 필요가 있다.
입력 자료 일부가 미확인이다. 결측을 0이나 정상으로 읽지 말고 원자료 확인이 필요하다.
연간보정 개정본을 사용한 구간이다. 이후 재개정 시 값이 달라질 수 있음을 확인할 필요가 있다.",산업동향 · 기업지원 / 산업동향,가동률 하락이 일시적 생산조정인지 수주·수요 감소에 따른 것인지 확인할 필요가 있다.,"가동률 하락과 창원시 제조업 전력사용 감소가 함께 나타나 실제 생산활동 위축 여부를 추가 확인할 필요가 있다. 다만 전력은 시 전체 제조업 총계이므로 이 업종의 값이 아니다.
경남 제조업 업황 심리지수가 기준선(100)을 밑돌아, 업종 고유 요인인지 지역 전반의 경기 흐름인지 구분해 확인할 필요가 있다.
같은 업종의 전국 업황 심리지수도 기준선을 밑돌아, 관측된 변화가 산단 고유 현상인지 전국 업종 흐름인지 확인할 필요가 있다.","업체수·고용 규모가 작아 비율 변동이 크게 나타난다. 절대 증감 개수로 다시 확인할 필요가 있다.
입력 자료 일부가 미확인이다. 결측을 0이나 정상으로 읽지 말고 원자료 확인이 필요하다.
연간보정 개정본을 사용한 구간이다. 이후 재개정 시 값이 달라질 수 있음을 확인할 필요가 있다.",가동 위축 신호,분기 내 2개월에서 같은 방향 · 소규모 분모 — 비율 변동 과대 가능 · 입력 자료 일부 미확인 · 연간보정 개정본 사용 구간
비금속,2023Q4,관찰,원자료와 비교기간(전년동기 기준값)의 존재 여부를 먼저 확인한다.,"가동률과 전력사용의 방향이 달라 업종 구성·설비 특성·자료범위(산단 vs 시 전체) 차이를 추가 확인할 필요가 있다.
경남 제조업 업황 심리지수가 기준선(100)을 밑돌아, 업종 고유 요인인지 지역 전반의 경기 흐름인지 구분해 확인할 필요가 있다.
같은 업종의 전국 업황 심리지수도 기준선을 밑돌아, 관측된 변화가 산단 고유 현상인지 전국 업종 흐름인지 확인할 필요가 있다.
업체수·고용 규모가 작아 비율 변동이 크게 나타난다. 절대 증감 개수로 다시 확인할 필요가 있다.
입력 자료 일부가 미확인이다. 결측을 0이나 정상으로 읽지 말고 원자료 확인이 필요하다.
연간보정 개정본을 사용한 구간이다. 이후 재개정 시 값이 달라질 수 있음을 확인할 필요가 있다.",산업동향,,"가동률과 전력사용의 방향이 달라 업종 구성·설비 특성·자료범위(산단 vs 시 전체) 차이를 추가 확인할 필요가 있다.
경남 제조업 업황 심리지수가 기준선(100)을 밑돌아, 업종 고유 요인인지 지역 전반의 경기 흐름인지 구분해 확인할 필요가 있다.
같은 업종의 전국 업황 심리지수도 기준선을 밑돌아, 관측된 변화가 산단 고유 현상인지 전국 업종 흐름인지 확인할 필요가 있다.","업체수·고용 규모가 작아 비율 변동이 크게 나타난다. 절대 증감 개수로 다시 확인할 필요가 있다.
입력 자료 일부가 미확인이다. 결측을 0이나 정상으로 읽지 말고 원자료 확인이 필요하다.
연간보정 개정본을 사용한 구간이다. 이후 재개정 시 값이 달라질 수 있음을 확인할 필요가 있다.",해석 보류,분기 내 3개월 모두 같은 방향 · 소규모 분모 — 비율 변동 과대 가능 · 입력 자료 일부 미확인 · 연간보정 개정본 사용 구간
석유화학,2023Q4,관찰,원자료와 비교기간(전년동기 기준값)의 존재 여부를 먼저 확인한다.,"가동률 하락이 일시적 생산조정인지 수주·수요 감소에 따른 것인지 확인할 필요가 있다.
가동률 하락과 창원시 제조업 전력사용 감소가 함께 나타나 실제 생산활동 위축 여부를 추가 확인할 필요가 있다. 다만 전력은 시 전체 제조업 총계이므로 이 업종의 값이 아니다.
경남 제조업 업황 심리지수가 기준선(100)을 밑돌아, 업종 고유 요인인지 지역 전반의 경기 흐름인지 구분해 확인할 필요가 있다.
같은 업종의 전국 업황 심리지수도 기준선을 밑돌아, 관측된 변화가 산단 고유 현상인지 전국 업종 흐름인지 확인할 필요가 있다.
이 업종은 생산자물가지수 대응 후보가 복수이거나 없어, PPI 조정 생산을 단일값으로 해석하지 않고 원자료로 확인할 필요가 있다.
입력 자료 일부가 미확인이다. 결측을 0이나 정상으로 읽지 말고 원자료 확인이 필요하다.
연간보정 개정본을 사용한 구간이다. 이후 재개정 시 값이 달라질 수 있음을 확인할 필요가 있다.",산업동향 · 기업지원 / 산업동향,가동률 하락이 일시적 생산조정인지 수주·수요 감소에 따른 것인지 확인할 필요가 있다.,"가동률 하락과 창원시 제조업 전력사용 감소가 함께 나타나 실제 생산활동 위축 여부를 추가 확인할 필요가 있다. 다만 전력은 시 전체 제조업 총계이므로 이 업종의 값이 아니다.
경남 제조업 업황 심리지수가 기준선(100)을 밑돌아, 업종 고유 요인인지 지역 전반의 경기 흐름인지 구분해 확인할 필요가 있다.
같은 업종의 전국 업황 심리지수도 기준선을 밑돌아, 관측된 변화가 산단 고유 현상인지 전국 업종 흐름인지 확인할 필요가 있다.","이 업종은 생산자물가지수 대응 후보가 복수이거나 없어, PPI 조정 생산을 단일값으로 해석하지 않고 원자료로 확인할 필요가 있다.
입력 자료 일부가 미확인이다. 결측을 0이나 정상으로 읽지 말고 원자료 확인이 필요하다.
연간보정 개정본을 사용한 구간이다. 이후 재개정 시 값이 달라질 수 있음을 확인할 필요가 있다.",가동 위축 신호,PPI 매핑 불확실(C·D 등급) · 입력 자료 일부 미확인 · 연간보정 개정본 사용 구간
섬유의복,2023Q4,추가확인,원자료와 비교기간(전년동기 기준값)의 존재 여부를 먼저 확인한다.,"가동업체 감소가 실제 퇴거·폐업·통합·휴업에 따른 것인지, 아니면 조사대상 변동이나 집계기준 변경에 따른 것인지 확인할 필요가 있다.
가동률과 전력사용의 방향이 달라 업종 구성·설비 특성·자료범위(산단 vs 시 전체) 차이를 추가 확인할 필요가 있다.
경남 제조업 업황 심리지수가 기준선(100)을 밑돌아, 업종 고유 요인인지 지역 전반의 경기 흐름인지 구분해 확인할 필요가 있다.
같은 업종의 전국 업황 심리지수도 기준선을 밑돌아, 관측된 변화가 산단 고유 현상인지 전국 업종 흐름인지 확인할 필요가 있다.
업체수·고용 규모가 작아 비율 변동이 크게 나타난다. 절대 증감 개수로 다시 확인할 필요가 있다.
입력 자료 일부가 미확인이다. 결측을 0이나 정상으로 읽지 말고 원자료 확인이 필요하다.
연간보정 개정본을 사용한 구간이다. 이후 재개정 시 값이 달라질 수 있음을 확인할 필요가 있다.",산업동향 · 기업지원 / 산업동향,"가동업체 감소가 실제 퇴거·폐업·통합·휴업에 따른 것인지, 아니면 조사대상 변동이나 집계기준 변경에 따른 것인지 확인할 필요가 있다.","가동률과 전력사용의 방향이 달라 업종 구성·설비 특성·자료범위(산단 vs 시 전체) 차이를 추가 확인할 필요가 있다.
경남 제조업 업황 심리지수가 기준선(100)을 밑돌아, 업종 고유 요인인지 지역 전반의 경기 흐름인지 구분해 확인할 필요가 있다.
같은 업종의 전국 업황 심리지수도 기준선을 밑돌아, 관측된 변화가 산단 고유 현상인지 전국 업종 흐름인지 확인할 필요가 있다.","업체수·고용 규모가 작아 비율 변동이 크게 나타난다. 절대 증감 개수로 다시 확인할 필요가 있다.
입력 자료 일부가 미확인이다. 결측을 0이나 정상으로 읽지 말고 원자료 확인이 필요하다.
연간보정 개정본을 사용한 구간이다. 이후 재개정 시 값이 달라질 수 있음을 확인할 필요가 있다.",업체수 감소 신호,분기 내 3개월 모두 같은 방향 · 소규모 분모 — 비율 변동 과대 가능 · 입력 자료 일부 미확인 · 연간보정 개정본 사용 구간
운송장비,2023Q4,관찰,원자료와 비교기간(전년동기 기준값)의 존재 여부를 먼저 확인한다.,"가동률 하락과 창원시 제조업 전력사용 감소가 함께 나타나 실제 생산활동 위축 여부를 추가 확인할 필요가 있다. 다만 전력은 시 전체 제조업 총계이므로 이 업종의 값이 아니다.
경남 제조업 업황 심리지수가 기준선(100)을 밑돌아, 업종 고유 요인인지 지역 전반의 경기 흐름인지 구분해 확인할 필요가 있다.
같은 업종의 전국 업황 심리지수도 기준선을 밑돌아, 관측된 변화가 산단 고유 현상인지 전국 업종 흐름인지 확인할 필요가 있다.
입력 자료 일부가 미확인이다. 결측을 0이나 정상으로 읽지 말고 원자료 확인이 필요하다.
연간보정 개정본을 사용한 구간이다. 이후 재개정 시 값이 달라질 수 있음을 확인할 필요가 있다.
외부 자료의 업종 구분이 산단 10업종과 정확히 대응하지 않는다. 비교 결과를 참고로만 읽고 대응 범위를 확인할 필요가 있다.",산업동향 · 기업지원 / 산업동향,,"가동률 하락과 창원시 제조업 전력사용 감소가 함께 나타나 실제 생산활동 위축 여부를 추가 확인할 필요가 있다. 다만 전력은 시 전체 제조업 총계이므로 이 업종의 값이 아니다.
경남 제조업 업황 심리지수가 기준선(100)을 밑돌아, 업종 고유 요인인지 지역 전반의 경기 흐름인지 구분해 확인할 필요가 있다.
같은 업종의 전국 업황 심리지수도 기준선을 밑돌아, 관측된 변화가 산단 고유 현상인지 전국 업종 흐름인지 확인할 필요가 있다.","입력 자료 일부가 미확인이다. 결측을 0이나 정상으로 읽지 말고 원자료 확인이 필요하다.
연간보정 개정본을 사용한 구간이다. 이후 재개정 시 값이 달라질 수 있음을 확인할 필요가 있다.
외부 자료의 업종 구분이 산단 10업종과 정확히 대응하지 않는다. 비교 결과를 참고로만 읽고 대응 범위를 확인할 필요가 있다.",해석 보류,고용보험 지표와 방향 일치 · 입력 자료 일부 미확인 · 연간보정 개정본 사용 구간 · 외부자료 업종 대응 불확실
음식료,2023Q4,관찰,원자료와 비교기간(전년동기 기준값)의 존재 여부를 먼저 확인한다.,"가동률 하락과 창원시 제조업 전력사용 감소가 함께 나타나 실제 생산활동 위축 여부를 추가 확인할 필요가 있다. 다만 전력은 시 전체 제조업 총계이므로 이 업종의 값이 아니다.
경남 제조업 업황 심리지수가 기준선(100)을 밑돌아, 업종 고유 요인인지 지역 전반의 경기 흐름인지 구분해 확인할 필요가 있다.
같은 업종의 전국 업황 심리지수도 기준선을 밑돌아, 관측된 변화가 산단 고유 현상인지 전국 업종 흐름인지 확인할 필요가 있다.
업체수·고용 규모가 작아 비율 변동이 크게 나타난다. 절대 증감 개수로 다시 확인할 필요가 있다.
입력 자료 일부가 미확인이다. 결측을 0이나 정상으로 읽지 말고 원자료 확인이 필요하다.
연간보정 개정본을 사용한 구간이다. 이후 재개정 시 값이 달라질 수 있음을 확인할 필요가 있다.",산업동향 · 기업지원 / 산업동향,,"가동률 하락과 창원시 제조업 전력사용 감소가 함께 나타나 실제 생산활동 위축 여부를 추가 확인할 필요가 있다. 다만 전력은 시 전체 제조업 총계이므로 이 업종의 값이 아니다.
경남 제조업 업황 심리지수가 기준선(100)을 밑돌아, 업종 고유 요인인지 지역 전반의 경기 흐름인지 구분해 확인할 필요가 있다.
같은 업종의 전국 업황 심리지수도 기준선을 밑돌아, 관측된 변화가 산단 고유 현상인지 전국 업종 흐름인지 확인할 필요가 있다.","업체수·고용 규모가 작아 비율 변동이 크게 나타난다. 절대 증감 개수로 다시 확인할 필요가 있다.
입력 자료 일부가 미확인이다. 결측을 0이나 정상으로 읽지 말고 원자료 확인이 필요하다.
연간보정 개정본을 사용한 구간이다. 이후 재개정 시 값이 달라질 수 있음을 확인할 필요가 있다.",해석 보류,분기 내 3개월 모두 같은 방향 · 소규모 분모 — 비율 변동 과대 가능 · 입력 자료 일부 미확인 · 연간보정 개정본 사용 구간
전기전자,2023Q4,관찰,원자료와 비교기간(전년동기 기준값)의 존재 여부를 먼저 확인한다.,"가동률 하락이 일시적 생산조정인지 수주·수요 감소에 따른 것인지 확인할 필요가 있다.
가동률 하락과 창원시 제조업 전력사용 감소가 함께 나타나 실제 생산활동 위축 여부를 추가 확인할 필요가 있다. 다만 전력은 시 전체 제조업 총계이므로 이 업종의 값이 아니다.
경남 제조업 업황 심리지수가 기준선(100)을 밑돌아, 업종 고유 요인인지 지역 전반의 경기 흐름인지 구분해 확인할 필요가 있다.
같은 업종의 전국 업황 심리지수도 기준선을 밑돌아, 관측된 변화가 산단 고유 현상인지 전국 업종 흐름인지 확인할 필요가 있다.
이 업종은 생산자물가지수 대응 후보가 복수이거나 없어, PPI 조정 생산을 단일값으로 해석하지 않고 원자료로 확인할 필요가 있다.
입력 자료 일부가 미확인이다. 결측을 0이나 정상으로 읽지 말고 원자료 확인이 필요하다.
연간보정 개정본을 사용한 구간이다. 이후 재개정 시 값이 달라질 수 있음을 확인할 필요가 있다.
외부 자료의 업종 구분이 산단 10업종과 정확히 대응하지 않는다. 비교 결과를 참고로만 읽고 대응 범위를 확인할 필요가 있다.",산업동향 · 기업지원 / 산업동향,가동률 하락이 일시적 생산조정인지 수주·수요 감소에 따른 것인지 확인할 필요가 있다.,"가동률 하락과 창원시 제조업 전력사용 감소가 함께 나타나 실제 생산활동 위축 여부를 추가 확인할 필요가 있다. 다만 전력은 시 전체 제조업 총계이므로 이 업종의 값이 아니다.
경남 제조업 업황 심리지수가 기준선(100)을 밑돌아, 업종 고유 요인인지 지역 전반의 경기 흐름인지 구분해 확인할 필요가 있다.
같은 업종의 전국 업황 심리지수도 기준선을 밑돌아, 관측된 변화가 산단 고유 현상인지 전국 업종 흐름인지 확인할 필요가 있다.","이 업종은 생산자물가지수 대응 후보가 복수이거나 없어, PPI 조정 생산을 단일값으로 해석하지 않고 원자료로 확인할 필요가 있다.
입력 자료 일부가 미확인이다. 결측을 0이나 정상으로 읽지 말고 원자료 확인이 필요하다.
연간보정 개정본을 사용한 구간이다. 이후 재개정 시 값이 달라질 수 있음을 확인할 필요가 있다.
외부 자료의 업종 구분이 산단 10업종과 정확히 대응하지 않는다. 비교 결과를 참고로만 읽고 대응 범위를 확인할 필요가 있다.",가동 위축 신호,고용보험 지표와 방향 일치 · PPI 매핑 불확실(C·D 등급) · 입력 자료 일부 미확인 · 연간보정 개정본 사용 구간 · 외부자료 업종 대응 불확실
철강,2023Q4,관찰,원자료와 비교기간(전년동기 기준값)의 존재 여부를 먼저 확인한다.,"가동률 하락이 일시적 생산조정인지 수주·수요 감소에 따른 것인지 확인할 필요가 있다.
가동률 하락과 창원시 제조업 전력사용 감소가 함께 나타나 실제 생산활동 위축 여부를 추가 확인할 필요가 있다. 다만 전력은 시 전체 제조업 총계이므로 이 업종의 값이 아니다.
경남 제조업 업황 심리지수가 기준선(100)을 밑돌아, 업종 고유 요인인지 지역 전반의 경기 흐름인지 구분해 확인할 필요가 있다.
같은 업종의 전국 업황 심리지수도 기준선을 밑돌아, 관측된 변화가 산단 고유 현상인지 전국 업종 흐름인지 확인할 필요가 있다.
입력 자료 일부가 미확인이다. 결측을 0이나 정상으로 읽지 말고 원자료 확인이 필요하다.
연간보정 개정본을 사용한 구간이다. 이후 재개정 시 값이 달라질 수 있음을 확인할 필요가 있다.",산업동향 · 기업지원 / 산업동향,가동률 하락이 일시적 생산조정인지 수주·수요 감소에 따른 것인지 확인할 필요가 있다.,"가동률 하락과 창원시 제조업 전력사용 감소가 함께 나타나 실제 생산활동 위축 여부를 추가 확인할 필요가 있다. 다만 전력은 시 전체 제조업 총계이므로 이 업종의 값이 아니다.
경남 제조업 업황 심리지수가 기준선(100)을 밑돌아, 업종 고유 요인인지 지역 전반의 경기 흐름인지 구분해 확인할 필요가 있다.
같은 업종의 전국 업황 심리지수도 기준선을 밑돌아, 관측된 변화가 산단 고유 현상인지 전국 업종 흐름인지 확인할 필요가 있다.","입력 자료 일부가 미확인이다. 결측을 0이나 정상으로 읽지 말고 원자료 확인이 필요하다.
연간보정 개정본을 사용한 구간이다. 이후 재개정 시 값이 달라질 수 있음을 확인할 필요가 있다.",가동 위축 신호,입력 자료 일부 미확인 · 연간보정 개정본 사용 구간
기계,2024Q1,관찰,"자동화·설비투자, 외주·도급 전환, 미충원·숙련 불일치, 직무구조 변화 가능성을 질문으로 확인한다(원인 후보이며 입증된 원인이 아님).","확인된 품목 기준 수출이 함께 감소하고 있어, 외부수요 약화 가능성을 보려면 수출 감소가 특정 품목·기업에 집중되는지 추가 확인할 필요가 있다.
가동률과 전력사용의 방향이 달라 업종 구성·설비 특성·자료범위(산단 vs 시 전체) 차이를 추가 확인할 필요가 있다.
경남 제조업 업황 심리지수가 기준선(100)을 밑돌아, 업종 고유 요인인지 지역 전반의 경기 흐름인지 구분해 확인할 필요가 있다.
같은 업종의 전국 업황 심리지수도 기준선을 밑돌아, 관측된 변화가 산단 고유 현상인지 전국 업종 흐름인지 확인할 필요가 있다.
연간보정 개정본을 사용한 구간이다. 이후 재개정 시 값이 달라질 수 있음을 확인할 필요가 있다.",산업동향 · 기업지원 / 산업동향,,"확인된 품목 기준 수출이 함께 감소하고 있어, 외부수요 약화 가능성을 보려면 수출 감소가 특정 품목·기업에 집중되는지 추가 확인할 필요가 있다.
가동률과 전력사용의 방향이 달라 업종 구성·설비 특성·자료범위(산단 vs 시 전체) 차이를 추가 확인할 필요가 있다.
경남 제조업 업황 심리지수가 기준선(100)을 밑돌아, 업종 고유 요인인지 지역 전반의 경기 흐름인지 구분해 확인할 필요가 있다.
같은 업종의 전국 업황 심리지수도 기준선을 밑돌아, 관측된 변화가 산단 고유 현상인지 전국 업종 흐름인지 확인할 필요가 있다.",연간보정 개정본을 사용한 구간이다. 이후 재개정 시 값이 달라질 수 있음을 확인할 필요가 있다.,해석 보류,분기 내 3개월 모두 같은 방향 · 연간보정 개정본 사용 구간
기타,2024Q1,관찰,미충원·숙련수요·증가의 지속가능성을 확인한다.,"가동률 하락이 일시적 생산조정인지 수주·수요 감소에 따른 것인지 확인할 필요가 있다.
가동률 하락과 창원시 제조업 전력사용 감소가 함께 나타나 실제 생산활동 위축 여부를 추가 확인할 필요가 있다. 다만 전력은 시 전체 제조업 총계이므로 이 업종의 값이 아니다.
경남 제조업 업황 심리지수가 기준선(100)을 밑돌아, 업종 고유 요인인지 지역 전반의 경기 흐름인지 구분해 확인할 필요가 있다.
이 업종은 생산자물가지수 대응 후보가 복수이거나 없어, PPI 조정 생산을 단일값으로 해석하지 않고 원자료로 확인할 필요가 있다.
업체수·고용 규모가 작아 비율 변동이 크게 나타난다. 절대 증감 개수로 다시 확인할 필요가 있다.
연간보정 개정본을 사용한 구간이다. 이후 재개정 시 값이 달라질 수 있음을 확인할 필요가 있다.",산업동향 · 기업지원 / 산업동향,가동률 하락이 일시적 생산조정인지 수주·수요 감소에 따른 것인지 확인할 필요가 있다.,"가동률 하락과 창원시 제조업 전력사용 감소가 함께 나타나 실제 생산활동 위축 여부를 추가 확인할 필요가 있다. 다만 전력은 시 전체 제조업 총계이므로 이 업종의 값이 아니다.
경남 제조업 업황 심리지수가 기준선(100)을 밑돌아, 업종 고유 요인인지 지역 전반의 경기 흐름인지 구분해 확인할 필요가 있다.","이 업종은 생산자물가지수 대응 후보가 복수이거나 없어, PPI 조정 생산을 단일값으로 해석하지 않고 원자료로 확인할 필요가 있다.
업체수·고용 규모가 작아 비율 변동이 크게 나타난다. 절대 증감 개수로 다시 확인할 필요가 있다.
연간보정 개정본을 사용한 구간이다. 이후 재개정 시 값이 달라질 수 있음을 확인할 필요가 있다.",가동 위축 신호,PPI 매핑 불확실(C·D 등급) · 소규모 분모 — 비율 변동 과대 가능 · 연간보정 개정본 사용 구간
목재종이,2024Q1,추가확인,"자동화·설비투자, 외주·도급 전환, 미충원·숙련 불일치, 직무구조 변화 가능성을 질문으로 확인한다(원인 후보이며 입증된 원인이 아님).","생산이 유지되는데 고용이 감소하고 있어 자동화·생산성 변화·미충원·외주화·인력구조 조정 여부를 확인할 필요가 있다.
가동률과 전력사용의 방향이 달라 업종 구성·설비 특성·자료범위(산단 vs 시 전체) 차이를 추가 확인할 필요가 있다.
경남 제조업 업황 심리지수가 기준선(100)을 밑돌아, 업종 고유 요인인지 지역 전반의 경기 흐름인지 구분해 확인할 필요가 있다.
같은 업종의 전국 업황 심리지수도 기준선을 밑돌아, 관측된 변화가 산단 고유 현상인지 전국 업종 흐름인지 확인할 필요가 있다.
업체수·고용 규모가 작아 비율 변동이 크게 나타난다. 절대 증감 개수로 다시 확인할 필요가 있다.
연간보정 개정본을 사용한 구간이다. 이후 재개정 시 값이 달라질 수 있음을 확인할 필요가 있다.",고용지원 · 직업훈련 / 산업동향,생산이 유지되는데 고용이 감소하고 있어 자동화·생산성 변화·미충원·외주화·인력구조 조정 여부를 확인할 필요가 있다.,"가동률과 전력사용의 방향이 달라 업종 구성·설비 특성·자료범위(산단 vs 시 전체) 차이를 추가 확인할 필요가 있다.
경남 제조업 업황 심리지수가 기준선(100)을 밑돌아, 업종 고유 요인인지 지역 전반의 경기 흐름인지 구분해 확인할 필요가 있다.
같은 업종의 전국 업황 심리지수도 기준선을 밑돌아, 관측된 변화가 산단 고유 현상인지 전국 업종 흐름인지 확인할 필요가 있다.","업체수·고용 규모가 작아 비율 변동이 크게 나타난다. 절대 증감 개수로 다시 확인할 필요가 있다.
연간보정 개정본을 사용한 구간이다. 이후 재개정 시 값이 달라질 수 있음을 확인할 필요가 있다.",생산유지·고용감소 신호,분기 내 3개월 모두 같은 방향 · 소규모 분모 — 비율 변동 과대 가능 · 연간보정 개정본 사용 구간
비금속,2024Q1,관찰,수주잔량·가동률·휴업/감산·기업 수 변동·고용조정 계획 신고 여부를 확인한다(원인 후보이며 입증된 원인이 아님).,"가동률 하락이 일시적 생산조정인지 수주·수요 감소에 따른 것인지 확인할 필요가 있다.
명목생산 변화에 가격효과가 포함되어 있으므로 실제 물량이 줄었는지 추가로 확인할 필요가 있다.
가동률 하락과 창원시 제조업 전력사용 감소가 함께 나타나 실제 생산활동 위축 여부를 추가 확인할 필요가 있다. 다만 전력은 시 전체 제조업 총계이므로 이 업종의 값이 아니다.
경남 제조업 업황 심리지수가 기준선(100)을 밑돌아, 업종 고유 요인인지 지역 전반의 경기 흐름인지 구분해 확인할 필요가 있다.
같은 업종의 전국 업황 심리지수도 기준선을 밑돌아, 관측된 변화가 산단 고유 현상인지 전국 업종 흐름인지 확인할 필요가 있다.
업체수·고용 규모가 작아 비율 변동이 크게 나타난다. 절대 증감 개수로 다시 확인할 필요가 있다.
연간보정 개정본을 사용한 구간이다. 이후 재개정 시 값이 달라질 수 있음을 확인할 필요가 있다.",산업동향 · 기업지원 / 산업동향,"가동률 하락이 일시적 생산조정인지 수주·수요 감소에 따른 것인지 확인할 필요가 있다.
명목생산 변화에 가격효과가 포함되어 있으므로 실제 물량이 줄었는지 추가로 확인할 필요가 있다.","가동률 하락과 창원시 제조업 전력사용 감소가 함께 나타나 실제 생산활동 위축 여부를 추가 확인할 필요가 있다. 다만 전력은 시 전체 제조업 총계이므로 이 업종의 값이 아니다.
경남 제조업 업황 심리지수가 기준선(100)을 밑돌아, 업종 고유 요인인지 지역 전반의 경기 흐름인지 구분해 확인할 필요가 있다.
같은 업종의 전국 업황 심리지수도 기준선을 밑돌아, 관측된 변화가 산단 고유 현상인지 전국 업종 흐름인지 확인할 필요가 있다.","업체수·고용 규모가 작아 비율 변동이 크게 나타난다. 절대 증감 개수로 다시 확인할 필요가 있다.
연간보정 개정본을 사용한 구간이다. 이후 재개정 시 값이 달라질 수 있음을 확인할 필요가 있다.",가동 위축 신호 · 실질생산 위축 신호(PPI 조정),분기 내 3개월 모두 같은 방향 · 소규모 분모 — 비율 변동 과대 가능 · 연간보정 개정본 사용 구간
석유화학,2024Q1,관찰,선제채용·신규 입주기업·고용조정 시차·생산 단가와 물량 구분 가능성을 확인한다.,"가동률과 전력사용의 방향이 달라 업종 구성·설비 특성·자료범위(산단 vs 시 전체) 차이를 추가 확인할 필요가 있다.
경남 제조업 업황 심리지수가 기준선(100)을 밑돌아, 업종 고유 요인인지 지역 전반의 경기 흐름인지 구분해 확인할 필요가 있다.
같은 업종의 전국 업황 심리지수도 기준선을 밑돌아, 관측된 변화가 산단 고유 현상인지 전국 업종 흐름인지 확인할 필요가 있다.
이 업종은 생산자물가지수 대응 후보가 복수이거나 없어, PPI 조정 생산을 단일값으로 해석하지 않고 원자료로 확인할 필요가 있다.
연간보정 개정본을 사용한 구간이다. 이후 재개정 시 값이 달라질 수 있음을 확인할 필요가 있다.",산업동향,,"가동률과 전력사용의 방향이 달라 업종 구성·설비 특성·자료범위(산단 vs 시 전체) 차이를 추가 확인할 필요가 있다.
경남 제조업 업황 심리지수가 기준선(100)을 밑돌아, 업종 고유 요인인지 지역 전반의 경기 흐름인지 구분해 확인할 필요가 있다.
같은 업종의 전국 업황 심리지수도 기준선을 밑돌아, 관측된 변화가 산단 고유 현상인지 전국 업종 흐름인지 확인할 필요가 있다.","이 업종은 생산자물가지수 대응 후보가 복수이거나 없어, PPI 조정 생산을 단일값으로 해석하지 않고 원자료로 확인할 필요가 있다.
연간보정 개정본을 사용한 구간이다. 이후 재개정 시 값이 달라질 수 있음을 확인할 필요가 있다.",해석 보류,PPI 매핑 불확실(C·D 등급) · 연간보정 개정본 사용 구간
섬유의복,2024Q1,추가확인,"자동화·설비투자, 외주·도급 전환, 미충원·숙련 불일치, 직무구조 변화 가능성을 질문으로 확인한다(원인 후보이며 입증된 원인이 아님).","가동률 하락이 일시적 생산조정인지 수주·수요 감소에 따른 것인지 확인할 필요가 있다.
생산이 유지되는데 고용이 감소하고 있어 자동화·생산성 변화·미충원·외주화·인력구조 조정 여부를 확인할 필요가 있다.
가동률 하락과 창원시 제조업 전력사용 감소가 함께 나타나 실제 생산활동 위축 여부를 추가 확인할 필요가 있다. 다만 전력은 시 전체 제조업 총계이므로 이 업종의 값이 아니다.
경남 제조업 업황 심리지수가 기준선(100)을 밑돌아, 업종 고유 요인인지 지역 전반의 경기 흐름인지 구분해 확인할 필요가 있다.
같은 업종의 전국 업황 심리지수도 기준선을 밑돌아, 관측된 변화가 산단 고유 현상인지 전국 업종 흐름인지 확인할 필요가 있다.
업체수·고용 규모가 작아 비율 변동이 크게 나타난다. 절대 증감 개수로 다시 확인할 필요가 있다.
연간보정 개정본을 사용한 구간이다. 이후 재개정 시 값이 달라질 수 있음을 확인할 필요가 있다.",산업동향 · 기업지원 / 고용지원 · 직업훈련 / 산업동향,"가동률 하락이 일시적 생산조정인지 수주·수요 감소에 따른 것인지 확인할 필요가 있다.
생산이 유지되는데 고용이 감소하고 있어 자동화·생산성 변화·미충원·외주화·인력구조 조정 여부를 확인할 필요가 있다.","가동률 하락과 창원시 제조업 전력사용 감소가 함께 나타나 실제 생산활동 위축 여부를 추가 확인할 필요가 있다. 다만 전력은 시 전체 제조업 총계이므로 이 업종의 값이 아니다.
경남 제조업 업황 심리지수가 기준선(100)을 밑돌아, 업종 고유 요인인지 지역 전반의 경기 흐름인지 구분해 확인할 필요가 있다.
같은 업종의 전국 업황 심리지수도 기준선을 밑돌아, 관측된 변화가 산단 고유 현상인지 전국 업종 흐름인지 확인할 필요가 있다.","업체수·고용 규모가 작아 비율 변동이 크게 나타난다. 절대 증감 개수로 다시 확인할 필요가 있다.
연간보정 개정본을 사용한 구간이다. 이후 재개정 시 값이 달라질 수 있음을 확인할 필요가 있다.",가동 위축 신호 · 생산유지·고용감소 신호,분기 내 3개월 모두 같은 방향 · 소규모 분모 — 비율 변동 과대 가능 · 연간보정 개정본 사용 구간
운송장비,2024Q1,관찰,미충원·숙련수요·증가의 지속가능성을 확인한다.,"가동률 하락과 창원시 제조업 전력사용 감소가 함께 나타나 실제 생산활동 위축 여부를 추가 확인할 필요가 있다. 다만 전력은 시 전체 제조업 총계이므로 이 업종의 값이 아니다.
경남 제조업 업황 심리지수가 기준선(100)을 밑돌아, 업종 고유 요인인지 지역 전반의 경기 흐름인지 구분해 확인할 필요가 있다.
같은 업종의 전국 업황 심리지수도 기준선을 밑돌아, 관측된 변화가 산단 고유 현상인지 전국 업종 흐름인지 확인할 필요가 있다.
명목생산과 PPI 조정 생산의 방향이 달라, 이 분기의 생산 변화가 가격 때문인지 물량 때문인지 확인할 필요가 있다.
연간보정 개정본을 사용한 구간이다. 이후 재개정 시 값이 달라질 수 있음을 확인할 필요가 있다.
외부 자료의 업종 구분이 산단 10업종과 정확히 대응하지 않는다. 비교 결과를 참고로만 읽고 대응 범위를 확인할 필요가 있다.",산업동향 · 기업지원 / 산업동향,,"가동률 하락과 창원시 제조업 전력사용 감소가 함께 나타나 실제 생산활동 위축 여부를 추가 확인할 필요가 있다. 다만 전력은 시 전체 제조업 총계이므로 이 업종의 값이 아니다.
경남 제조업 업황 심리지수가 기준선(100)을 밑돌아, 업종 고유 요인인지 지역 전반의 경기 흐름인지 구분해 확인할 필요가 있다.
같은 업종의 전국 업황 심리지수도 기준선을 밑돌아, 관측된 변화가 산단 고유 현상인지 전국 업종 흐름인지 확인할 필요가 있다.","명목생산과 PPI 조정 생산의 방향이 달라, 이 분기의 생산 변화가 가격 때문인지 물량 때문인지 확인할 필요가 있다.
연간보정 개정본을 사용한 구간이다. 이후 재개정 시 값이 달라질 수 있음을 확인할 필요가 있다.
외부 자료의 업종 구분이 산단 10업종과 정확히 대응하지 않는다. 비교 결과를 참고로만 읽고 대응 범위를 확인할 필요가 있다.",해석 보류,분기 내 2개월에서 같은 방향 · 명목·PPI 조정 생산 방향 불일치 · 연간보정 개정본 사용 구간 · 외부자료 업종 대응 불확실
음식료,2024Q1,관찰,선제채용·신규 입주기업·고용조정 시차·생산 단가와 물량 구분 가능성을 확인한다.,"가동률 하락과 창원시 제조업 전력사용 감소가 함께 나타나 실제 생산활동 위축 여부를 추가 확인할 필요가 있다. 다만 전력은 시 전체 제조업 총계이므로 이 업종의 값이 아니다.
경남 제조업 업황 심리지수가 기준선(100)을 밑돌아, 업종 고유 요인인지 지역 전반의 경기 흐름인지 구분해 확인할 필요가 있다.
같은 업종의 전국 업황 심리지수도 기준선을 밑돌아, 관측된 변화가 산단 고유 현상인지 전국 업종 흐름인지 확인할 필요가 있다.
업체수·고용 규모가 작아 비율 변동이 크게 나타난다. 절대 증감 개수로 다시 확인할 필요가 있다.
연간보정 개정본을 사용한 구간이다. 이후 재개정 시 값이 달라질 수 있음을 확인할 필요가 있다.",산업동향 · 기업지원 / 산업동향,,"가동률 하락과 창원시 제조업 전력사용 감소가 함께 나타나 실제 생산활동 위축 여부를 추가 확인할 필요가 있다. 다만 전력은 시 전체 제조업 총계이므로 이 업종의 값이 아니다.
경남 제조업 업황 심리지수가 기준선(100)을 밑돌아, 업종 고유 요인인지 지역 전반의 경기 흐름인지 구분해 확인할 필요가 있다.
같은 업종의 전국 업황 심리지수도 기준선을 밑돌아, 관측된 변화가 산단 고유 현상인지 전국 업종 흐름인지 확인할 필요가 있다.","업체수·고용 규모가 작아 비율 변동이 크게 나타난다. 절대 증감 개수로 다시 확인할 필요가 있다.
연간보정 개정본을 사용한 구간이다. 이후 재개정 시 값이 달라질 수 있음을 확인할 필요가 있다.",해석 보류,소규모 분모 — 비율 변동 과대 가능 · 연간보정 개정본 사용 구간
전기전자,2024Q1,관찰,미충원·숙련수요·증가의 지속가능성을 확인한다.,"가동률 하락과 창원시 제조업 전력사용 감소가 함께 나타나 실제 생산활동 위축 여부를 추가 확인할 필요가 있다. 다만 전력은 시 전체 제조업 총계이므로 이 업종의 값이 아니다.
경남 제조업 업황 심리지수가 기준선(100)을 밑돌아, 업종 고유 요인인지 지역 전반의 경기 흐름인지 구분해 확인할 필요가 있다.
같은 업종의 전국 업황 심리지수도 기준선을 밑돌아, 관측된 변화가 산단 고유 현상인지 전국 업종 흐름인지 확인할 필요가 있다.
이 업종은 생산자물가지수 대응 후보가 복수이거나 없어, PPI 조정 생산을 단일값으로 해석하지 않고 원자료로 확인할 필요가 있다.
연간보정 개정본을 사용한 구간이다. 이후 재개정 시 값이 달라질 수 있음을 확인할 필요가 있다.
외부 자료의 업종 구분이 산단 10업종과 정확히 대응하지 않는다. 비교 결과를 참고로만 읽고 대응 범위를 확인할 필요가 있다.",산업동향 · 기업지원 / 산업동향,,"가동률 하락과 창원시 제조업 전력사용 감소가 함께 나타나 실제 생산활동 위축 여부를 추가 확인할 필요가 있다. 다만 전력은 시 전체 제조업 총계이므로 이 업종의 값이 아니다.
경남 제조업 업황 심리지수가 기준선(100)을 밑돌아, 업종 고유 요인인지 지역 전반의 경기 흐름인지 구분해 확인할 필요가 있다.
같은 업종의 전국 업황 심리지수도 기준선을 밑돌아, 관측된 변화가 산단 고유 현상인지 전국 업종 흐름인지 확인할 필요가 있다.","이 업종은 생산자물가지수 대응 후보가 복수이거나 없어, PPI 조정 생산을 단일값으로 해석하지 않고 원자료로 확인할 필요가 있다.
연간보정 개정본을 사용한 구간이다. 이후 재개정 시 값이 달라질 수 있음을 확인할 필요가 있다.
외부 자료의 업종 구분이 산단 10업종과 정확히 대응하지 않는다. 비교 결과를 참고로만 읽고 대응 범위를 확인할 필요가 있다.",해석 보류,PPI 매핑 불확실(C·D 등급) · 연간보정 개정본 사용 구간 · 외부자료 업종 대응 불확실
철강,2024Q1,관찰,선제채용·신규 입주기업·고용조정 시차·생산 단가와 물량 구분 가능성을 확인한다.,"가동률 하락이 일시적 생산조정인지 수주·수요 감소에 따른 것인지 확인할 필요가 있다.
확인된 품목 기준 수출이 함께 감소하고 있어, 외부수요 약화 가능성을 보려면 수출 감소가 특정 품목·기업에 집중되는지 추가 확인할 필요가 있다.
가동률 하락과 창원시 제조업 전력사용 감소가 함께 나타나 실제 생산활동 위축 여부를 추가 확인할 필요가 있다. 다만 전력은 시 전체 제조업 총계이므로 이 업종의 값이 아니다.
경남 제조업 업황 심리지수가 기준선(100)을 밑돌아, 업종 고유 요인인지 지역 전반의 경기 흐름인지 구분해 확인할 필요가 있다.
같은 업종의 전국 업황 심리지수도 기준선을 밑돌아, 관측된 변화가 산단 고유 현상인지 전국 업종 흐름인지 확인할 필요가 있다.
연간보정 개정본을 사용한 구간이다. 이후 재개정 시 값이 달라질 수 있음을 확인할 필요가 있다.",산업동향 · 기업지원 / 산업동향,가동률 하락이 일시적 생산조정인지 수주·수요 감소에 따른 것인지 확인할 필요가 있다.,"확인된 품목 기준 수출이 함께 감소하고 있어, 외부수요 약화 가능성을 보려면 수출 감소가 특정 품목·기업에 집중되는지 추가 확인할 필요가 있다.
가동률 하락과 창원시 제조업 전력사용 감소가 함께 나타나 실제 생산활동 위축 여부를 추가 확인할 필요가 있다. 다만 전력은 시 전체 제조업 총계이므로 이 업종의 값이 아니다.
경남 제조업 업황 심리지수가 기준선(100)을 밑돌아, 업종 고유 요인인지 지역 전반의 경기 흐름인지 구분해 확인할 필요가 있다.
같은 업종의 전국 업황 심리지수도 기준선을 밑돌아, 관측된 변화가 산단 고유 현상인지 전국 업종 흐름인지 확인할 필요가 있다.",연간보정 개정본을 사용한 구간이다. 이후 재개정 시 값이 달라질 수 있음을 확인할 필요가 있다.,가동 위축 신호,연간보정 개정본 사용 구간
기계,2024Q2,관찰,미충원·숙련수요·증가의 지속가능성을 확인한다.,"확인된 품목 기준 수출이 함께 감소하고 있어, 외부수요 약화 가능성을 보려면 수출 감소가 특정 품목·기업에 집중되는지 추가 확인할 필요가 있다.
가동률과 전력사용의 방향이 달라 업종 구성·설비 특성·자료범위(산단 vs 시 전체) 차이를 추가 확인할 필요가 있다.
경남 제조업 업황 심리지수가 기준선(100)을 밑돌아, 업종 고유 요인인지 지역 전반의 경기 흐름인지 구분해 확인할 필요가 있다.
같은 업종의 전국 업황 심리지수도 기준선을 밑돌아, 관측된 변화가 산단 고유 현상인지 전국 업종 흐름인지 확인할 필요가 있다.
가동률 공표 정의가 바뀐 구간이어서 당기와 전년동기의 산출방식이 다르다. 가동률 증감 해석 전에 정의 차이를 확인할 필요가 있다.
이 분기는 월별 원자료가 공표되지 않아 분기 내 지속 여부를 확인할 수 없다. 분기말 단일시점 값에만 의존한 판단임을 감안할 필요가 있다.
연간보정 개정본을 사용한 구간이다. 이후 재개정 시 값이 달라질 수 있음을 확인할 필요가 있다.",산업동향 · 기업지원 / 산업동향,,"확인된 품목 기준 수출이 함께 감소하고 있어, 외부수요 약화 가능성을 보려면 수출 감소가 특정 품목·기업에 집중되는지 추가 확인할 필요가 있다.
가동률과 전력사용의 방향이 달라 업종 구성·설비 특성·자료범위(산단 vs 시 전체) 차이를 추가 확인할 필요가 있다.
경남 제조업 업황 심리지수가 기준선(100)을 밑돌아, 업종 고유 요인인지 지역 전반의 경기 흐름인지 구분해 확인할 필요가 있다.
같은 업종의 전국 업황 심리지수도 기준선을 밑돌아, 관측된 변화가 산단 고유 현상인지 전국 업종 흐름인지 확인할 필요가 있다.","가동률 공표 정의가 바뀐 구간이어서 당기와 전년동기의 산출방식이 다르다. 가동률 증감 해석 전에 정의 차이를 확인할 필요가 있다.
이 분기는 월별 원자료가 공표되지 않아 분기 내 지속 여부를 확인할 수 없다. 분기말 단일시점 값에만 의존한 판단임을 감안할 필요가 있다.
연간보정 개정본을 사용한 구간이다. 이후 재개정 시 값이 달라질 수 있음을 확인할 필요가 있다.",해석 보류,연간보정 개정본 사용 구간 · 가동률 공표 정의 단절 구간 · 월별 원자료 미제공 구간
기타,2024Q2,관찰,미충원·숙련수요·증가의 지속가능성을 확인한다.,"가동업체 감소가 실제 퇴거·폐업·통합·휴업에 따른 것인지, 아니면 조사대상 변동이나 집계기준 변경에 따른 것인지 확인할 필요가 있다.
가동률과 전력사용의 방향이 달라 업종 구성·설비 특성·자료범위(산단 vs 시 전체) 차이를 추가 확인할 필요가 있다.
경남 제조업 업황 심리지수가 기준선(100)을 밑돌아, 업종 고유 요인인지 지역 전반의 경기 흐름인지 구분해 확인할 필요가 있다.
이 업종은 생산자물가지수 대응 후보가 복수이거나 없어, PPI 조정 생산을 단일값으로 해석하지 않고 원자료로 확인할 필요가 있다.
업체수·고용 규모가 작아 비율 변동이 크게 나타난다. 절대 증감 개수로 다시 확인할 필요가 있다.
가동률 공표 정의가 바뀐 구간이어서 당기와 전년동기의 산출방식이 다르다. 가동률 증감 해석 전에 정의 차이를 확인할 필요가 있다.
이 분기는 월별 원자료가 공표되지 않아 분기 내 지속 여부를 확인할 수 없다. 분기말 단일시점 값에만 의존한 판단임을 감안할 필요가 있다.
연간보정 개정본을 사용한 구간이다. 이후 재개정 시 값이 달라질 수 있음을 확인할 필요가 있다.",산업동향 · 기업지원 / 산업동향,"가동업체 감소가 실제 퇴거·폐업·통합·휴업에 따른 것인지, 아니면 조사대상 변동이나 집계기준 변경에 따른 것인지 확인할 필요가 있다.","가동률과 전력사용의 방향이 달라 업종 구성·설비 특성·자료범위(산단 vs 시 전체) 차이를 추가 확인할 필요가 있다.
경남 제조업 업황 심리지수가 기준선(100)을 밑돌아, 업종 고유 요인인지 지역 전반의 경기 흐름인지 구분해 확인할 필요가 있다.","이 업종은 생산자물가지수 대응 후보가 복수이거나 없어, PPI 조정 생산을 단일값으로 해석하지 않고 원자료로 확인할 필요가 있다.
업체수·고용 규모가 작아 비율 변동이 크게 나타난다. 절대 증감 개수로 다시 확인할 필요가 있다.
가동률 공표 정의가 바뀐 구간이어서 당기와 전년동기의 산출방식이 다르다. 가동률 증감 해석 전에 정의 차이를 확인할 필요가 있다.
이 분기는 월별 원자료가 공표되지 않아 분기 내 지속 여부를 확인할 수 없다. 분기말 단일시점 값에만 의존한 판단임을 감안할 필요가 있다.
연간보정 개정본을 사용한 구간이다. 이후 재개정 시 값이 달라질 수 있음을 확인할 필요가 있다.",업체수 감소 신호,PPI 매핑 불확실(C·D 등급) · 소규모 분모 — 비율 변동 과대 가능 · 연간보정 개정본 사용 구간 · 가동률 공표 정의 단절 구간 · 월별 원자료 미제공 구간
목재종이,2024Q2,추가확인,"자동화·설비투자, 외주·도급 전환, 미충원·숙련 불일치, 직무구조 변화 가능성을 질문으로 확인한다(원인 후보이며 입증된 원인이 아님).","생산이 유지되는데 고용이 감소하고 있어 자동화·생산성 변화·미충원·외주화·인력구조 조정 여부를 확인할 필요가 있다.
가동률과 전력사용의 방향이 달라 업종 구성·설비 특성·자료범위(산단 vs 시 전체) 차이를 추가 확인할 필요가 있다.
경남 제조업 업황 심리지수가 기준선(100)을 밑돌아, 업종 고유 요인인지 지역 전반의 경기 흐름인지 구분해 확인할 필요가 있다.
같은 업종의 전국 업황 심리지수도 기준선을 밑돌아, 관측된 변화가 산단 고유 현상인지 전국 업종 흐름인지 확인할 필요가 있다.
업체수·고용 규모가 작아 비율 변동이 크게 나타난다. 절대 증감 개수로 다시 확인할 필요가 있다.
가동률 공표 정의가 바뀐 구간이어서 당기와 전년동기의 산출방식이 다르다. 가동률 증감 해석 전에 정의 차이를 확인할 필요가 있다.
이 분기는 월별 원자료가 공표되지 않아 분기 내 지속 여부를 확인할 수 없다. 분기말 단일시점 값에만 의존한 판단임을 감안할 필요가 있다.
연간보정 개정본을 사용한 구간이다. 이후 재개정 시 값이 달라질 수 있음을 확인할 필요가 있다.",고용지원 · 직업훈련 / 산업동향,생산이 유지되는데 고용이 감소하고 있어 자동화·생산성 변화·미충원·외주화·인력구조 조정 여부를 확인할 필요가 있다.,"가동률과 전력사용의 방향이 달라 업종 구성·설비 특성·자료범위(산단 vs 시 전체) 차이를 추가 확인할 필요가 있다.
경남 제조업 업황 심리지수가 기준선(100)을 밑돌아, 업종 고유 요인인지 지역 전반의 경기 흐름인지 구분해 확인할 필요가 있다.
같은 업종의 전국 업황 심리지수도 기준선을 밑돌아, 관측된 변화가 산단 고유 현상인지 전국 업종 흐름인지 확인할 필요가 있다.","업체수·고용 규모가 작아 비율 변동이 크게 나타난다. 절대 증감 개수로 다시 확인할 필요가 있다.
가동률 공표 정의가 바뀐 구간이어서 당기와 전년동기의 산출방식이 다르다. 가동률 증감 해석 전에 정의 차이를 확인할 필요가 있다.
이 분기는 월별 원자료가 공표되지 않아 분기 내 지속 여부를 확인할 수 없다. 분기말 단일시점 값에만 의존한 판단임을 감안할 필요가 있다.
연간보정 개정본을 사용한 구간이다. 이후 재개정 시 값이 달라질 수 있음을 확인할 필요가 있다.",생산유지·고용감소 신호,소규모 분모 — 비율 변동 과대 가능 · 연간보정 개정본 사용 구간 · 가동률 공표 정의 단절 구간 · 월별 원자료 미제공 구간
비금속,2024Q2,추가확인,"자동화·설비투자, 외주·도급 전환, 미충원·숙련 불일치, 직무구조 변화 가능성을 질문으로 확인한다(원인 후보이며 입증된 원인이 아님).","생산이 유지되는데 고용이 감소하고 있어 자동화·생산성 변화·미충원·외주화·인력구조 조정 여부를 확인할 필요가 있다.
가동률과 전력사용의 방향이 달라 업종 구성·설비 특성·자료범위(산단 vs 시 전체) 차이를 추가 확인할 필요가 있다.
경남 제조업 업황 심리지수가 기준선(100)을 밑돌아, 업종 고유 요인인지 지역 전반의 경기 흐름인지 구분해 확인할 필요가 있다.
같은 업종의 전국 업황 심리지수도 기준선을 밑돌아, 관측된 변화가 산단 고유 현상인지 전국 업종 흐름인지 확인할 필요가 있다.
업체수·고용 규모가 작아 비율 변동이 크게 나타난다. 절대 증감 개수로 다시 확인할 필요가 있다.
가동률 공표 정의가 바뀐 구간이어서 당기와 전년동기의 산출방식이 다르다. 가동률 증감 해석 전에 정의 차이를 확인할 필요가 있다.
이 분기는 월별 원자료가 공표되지 않아 분기 내 지속 여부를 확인할 수 없다. 분기말 단일시점 값에만 의존한 판단임을 감안할 필요가 있다.
연간보정 개정본을 사용한 구간이다. 이후 재개정 시 값이 달라질 수 있음을 확인할 필요가 있다.",고용지원 · 직업훈련 / 산업동향,생산이 유지되는데 고용이 감소하고 있어 자동화·생산성 변화·미충원·외주화·인력구조 조정 여부를 확인할 필요가 있다.,"가동률과 전력사용의 방향이 달라 업종 구성·설비 특성·자료범위(산단 vs 시 전체) 차이를 추가 확인할 필요가 있다.
경남 제조업 업황 심리지수가 기준선(100)을 밑돌아, 업종 고유 요인인지 지역 전반의 경기 흐름인지 구분해 확인할 필요가 있다.
같은 업종의 전국 업황 심리지수도 기준선을 밑돌아, 관측된 변화가 산단 고유 현상인지 전국 업종 흐름인지 확인할 필요가 있다.","업체수·고용 규모가 작아 비율 변동이 크게 나타난다. 절대 증감 개수로 다시 확인할 필요가 있다.
가동률 공표 정의가 바뀐 구간이어서 당기와 전년동기의 산출방식이 다르다. 가동률 증감 해석 전에 정의 차이를 확인할 필요가 있다.
이 분기는 월별 원자료가 공표되지 않아 분기 내 지속 여부를 확인할 수 없다. 분기말 단일시점 값에만 의존한 판단임을 감안할 필요가 있다.
연간보정 개정본을 사용한 구간이다. 이후 재개정 시 값이 달라질 수 있음을 확인할 필요가 있다.",생산유지·고용감소 신호,소규모 분모 — 비율 변동 과대 가능 · 연간보정 개정본 사용 구간 · 가동률 공표 정의 단절 구간 · 월별 원자료 미제공 구간
석유화학,2024Q2,관찰,선제채용·신규 입주기업·고용조정 시차·생산 단가와 물량 구분 가능성을 확인한다.,"가동률과 전력사용의 방향이 달라 업종 구성·설비 특성·자료범위(산단 vs 시 전체) 차이를 추가 확인할 필요가 있다.
경남 제조업 업황 심리지수가 기준선(100)을 밑돌아, 업종 고유 요인인지 지역 전반의 경기 흐름인지 구분해 확인할 필요가 있다.
같은 업종의 전국 업황 심리지수도 기준선을 밑돌아, 관측된 변화가 산단 고유 현상인지 전국 업종 흐름인지 확인할 필요가 있다.
이 업종은 생산자물가지수 대응 후보가 복수이거나 없어, PPI 조정 생산을 단일값으로 해석하지 않고 원자료로 확인할 필요가 있다.
가동률 공표 정의가 바뀐 구간이어서 당기와 전년동기의 산출방식이 다르다. 가동률 증감 해석 전에 정의 차이를 확인할 필요가 있다.
이 분기는 월별 원자료가 공표되지 않아 분기 내 지속 여부를 확인할 수 없다. 분기말 단일시점 값에만 의존한 판단임을 감안할 필요가 있다.
연간보정 개정본을 사용한 구간이다. 이후 재개정 시 값이 달라질 수 있음을 확인할 필요가 있다.",산업동향,,"가동률과 전력사용의 방향이 달라 업종 구성·설비 특성·자료범위(산단 vs 시 전체) 차이를 추가 확인할 필요가 있다.
경남 제조업 업황 심리지수가 기준선(100)을 밑돌아, 업종 고유 요인인지 지역 전반의 경기 흐름인지 구분해 확인할 필요가 있다.
같은 업종의 전국 업황 심리지수도 기준선을 밑돌아, 관측된 변화가 산단 고유 현상인지 전국 업종 흐름인지 확인할 필요가 있다.","이 업종은 생산자물가지수 대응 후보가 복수이거나 없어, PPI 조정 생산을 단일값으로 해석하지 않고 원자료로 확인할 필요가 있다.
가동률 공표 정의가 바뀐 구간이어서 당기와 전년동기의 산출방식이 다르다. 가동률 증감 해석 전에 정의 차이를 확인할 필요가 있다.
이 분기는 월별 원자료가 공표되지 않아 분기 내 지속 여부를 확인할 수 없다. 분기말 단일시점 값에만 의존한 판단임을 감안할 필요가 있다.
연간보정 개정본을 사용한 구간이다. 이후 재개정 시 값이 달라질 수 있음을 확인할 필요가 있다.",해석 보류,PPI 매핑 불확실(C·D 등급) · 연간보정 개정본 사용 구간 · 가동률 공표 정의 단절 구간 · 월별 원자료 미제공 구간
섬유의복,2024Q2,추가확인,수주잔량·가동률·휴업/감산·기업 수 변동·고용조정 계획 신고 여부를 확인한다(원인 후보이며 입증된 원인이 아님).,"가동률 하락이 일시적 생산조정인지 수주·수요 감소에 따른 것인지 확인할 필요가 있다.
명목생산 변화에 가격효과가 포함되어 있으므로 실제 물량이 줄었는지 추가로 확인할 필요가 있다.
가동률 하락과 창원시 제조업 전력사용 감소가 함께 나타나 실제 생산활동 위축 여부를 추가 확인할 필요가 있다. 다만 전력은 시 전체 제조업 총계이므로 이 업종의 값이 아니다.
경남 제조업 업황 심리지수가 기준선(100)을 밑돌아, 업종 고유 요인인지 지역 전반의 경기 흐름인지 구분해 확인할 필요가 있다.
같은 업종의 전국 업황 심리지수도 기준선을 밑돌아, 관측된 변화가 산단 고유 현상인지 전국 업종 흐름인지 확인할 필요가 있다.
업체수·고용 규모가 작아 비율 변동이 크게 나타난다. 절대 증감 개수로 다시 확인할 필요가 있다.
가동률 공표 정의가 바뀐 구간이어서 당기와 전년동기의 산출방식이 다르다. 가동률 증감 해석 전에 정의 차이를 확인할 필요가 있다.
이 분기는 월별 원자료가 공표되지 않아 분기 내 지속 여부를 확인할 수 없다. 분기말 단일시점 값에만 의존한 판단임을 감안할 필요가 있다.
연간보정 개정본을 사용한 구간이다. 이후 재개정 시 값이 달라질 수 있음을 확인할 필요가 있다.",산업동향 · 기업지원 / 산업동향,"가동률 하락이 일시적 생산조정인지 수주·수요 감소에 따른 것인지 확인할 필요가 있다.
명목생산 변화에 가격효과가 포함되어 있으므로 실제 물량이 줄었는지 추가로 확인할 필요가 있다.","가동률 하락과 창원시 제조업 전력사용 감소가 함께 나타나 실제 생산활동 위축 여부를 추가 확인할 필요가 있다. 다만 전력은 시 전체 제조업 총계이므로 이 업종의 값이 아니다.
경남 제조업 업황 심리지수가 기준선(100)을 밑돌아, 업종 고유 요인인지 지역 전반의 경기 흐름인지 구분해 확인할 필요가 있다.
같은 업종의 전국 업황 심리지수도 기준선을 밑돌아, 관측된 변화가 산단 고유 현상인지 전국 업종 흐름인지 확인할 필요가 있다.","업체수·고용 규모가 작아 비율 변동이 크게 나타난다. 절대 증감 개수로 다시 확인할 필요가 있다.
가동률 공표 정의가 바뀐 구간이어서 당기와 전년동기의 산출방식이 다르다. 가동률 증감 해석 전에 정의 차이를 확인할 필요가 있다.
이 분기는 월별 원자료가 공표되지 않아 분기 내 지속 여부를 확인할 수 없다. 분기말 단일시점 값에만 의존한 판단임을 감안할 필요가 있다.
연간보정 개정본을 사용한 구간이다. 이후 재개정 시 값이 달라질 수 있음을 확인할 필요가 있다.",가동 위축 신호 · 실질생산 위축 신호(PPI 조정),소규모 분모 — 비율 변동 과대 가능 · 연간보정 개정본 사용 구간 · 가동률 공표 정의 단절 구간 · 월별 원자료 미제공 구간
운송장비,2024Q2,관찰,선제채용·신규 입주기업·고용조정 시차·생산 단가와 물량 구분 가능성을 확인한다.,"가동률 하락과 창원시 제조업 전력사용 감소가 함께 나타나 실제 생산활동 위축 여부를 추가 확인할 필요가 있다. 다만 전력은 시 전체 제조업 총계이므로 이 업종의 값이 아니다.
경남 제조업 업황 심리지수가 기준선(100)을 밑돌아, 업종 고유 요인인지 지역 전반의 경기 흐름인지 구분해 확인할 필요가 있다.
같은 업종의 전국 업황 심리지수도 기준선을 밑돌아, 관측된 변화가 산단 고유 현상인지 전국 업종 흐름인지 확인할 필요가 있다.
가동률 공표 정의가 바뀐 구간이어서 당기와 전년동기의 산출방식이 다르다. 가동률 증감 해석 전에 정의 차이를 확인할 필요가 있다.
이 분기는 월별 원자료가 공표되지 않아 분기 내 지속 여부를 확인할 수 없다. 분기말 단일시점 값에만 의존한 판단임을 감안할 필요가 있다.
연간보정 개정본을 사용한 구간이다. 이후 재개정 시 값이 달라질 수 있음을 확인할 필요가 있다.
외부 자료의 업종 구분이 산단 10업종과 정확히 대응하지 않는다. 비교 결과를 참고로만 읽고 대응 범위를 확인할 필요가 있다.",산업동향 · 기업지원 / 산업동향,,"가동률 하락과 창원시 제조업 전력사용 감소가 함께 나타나 실제 생산활동 위축 여부를 추가 확인할 필요가 있다. 다만 전력은 시 전체 제조업 총계이므로 이 업종의 값이 아니다.
경남 제조업 업황 심리지수가 기준선(100)을 밑돌아, 업종 고유 요인인지 지역 전반의 경기 흐름인지 구분해 확인할 필요가 있다.
같은 업종의 전국 업황 심리지수도 기준선을 밑돌아, 관측된 변화가 산단 고유 현상인지 전국 업종 흐름인지 확인할 필요가 있다.","가동률 공표 정의가 바뀐 구간이어서 당기와 전년동기의 산출방식이 다르다. 가동률 증감 해석 전에 정의 차이를 확인할 필요가 있다.
이 분기는 월별 원자료가 공표되지 않아 분기 내 지속 여부를 확인할 수 없다. 분기말 단일시점 값에만 의존한 판단임을 감안할 필요가 있다.
연간보정 개정본을 사용한 구간이다. 이후 재개정 시 값이 달라질 수 있음을 확인할 필요가 있다.
외부 자료의 업종 구분이 산단 10업종과 정확히 대응하지 않는다. 비교 결과를 참고로만 읽고 대응 범위를 확인할 필요가 있다.",해석 보류,연간보정 개정본 사용 구간 · 외부자료 업종 대응 불확실 · 가동률 공표 정의 단절 구간 · 월별 원자료 미제공 구간
음식료,2024Q2,관찰,미충원·숙련수요·증가의 지속가능성을 확인한다.,"가동업체 감소가 실제 퇴거·폐업·통합·휴업에 따른 것인지, 아니면 조사대상 변동이나 집계기준 변경에 따른 것인지 확인할 필요가 있다.
가동률과 전력사용의 방향이 달라 업종 구성·설비 특성·자료범위(산단 vs 시 전체) 차이를 추가 확인할 필요가 있다.
경남 제조업 업황 심리지수가 기준선(100)을 밑돌아, 업종 고유 요인인지 지역 전반의 경기 흐름인지 구분해 확인할 필요가 있다.
같은 업종의 전국 업황 심리지수도 기준선을 밑돌아, 관측된 변화가 산단 고유 현상인지 전국 업종 흐름인지 확인할 필요가 있다.
업체수·고용 규모가 작아 비율 변동이 크게 나타난다. 절대 증감 개수로 다시 확인할 필요가 있다.
가동률 공표 정의가 바뀐 구간이어서 당기와 전년동기의 산출방식이 다르다. 가동률 증감 해석 전에 정의 차이를 확인할 필요가 있다.
이 분기는 월별 원자료가 공표되지 않아 분기 내 지속 여부를 확인할 수 없다. 분기말 단일시점 값에만 의존한 판단임을 감안할 필요가 있다.
연간보정 개정본을 사용한 구간이다. 이후 재개정 시 값이 달라질 수 있음을 확인할 필요가 있다.",산업동향 · 기업지원 / 산업동향,"가동업체 감소가 실제 퇴거·폐업·통합·휴업에 따른 것인지, 아니면 조사대상 변동이나 집계기준 변경에 따른 것인지 확인할 필요가 있다.","가동률과 전력사용의 방향이 달라 업종 구성·설비 특성·자료범위(산단 vs 시 전체) 차이를 추가 확인할 필요가 있다.
경남 제조업 업황 심리지수가 기준선(100)을 밑돌아, 업종 고유 요인인지 지역 전반의 경기 흐름인지 구분해 확인할 필요가 있다.
같은 업종의 전국 업황 심리지수도 기준선을 밑돌아, 관측된 변화가 산단 고유 현상인지 전국 업종 흐름인지 확인할 필요가 있다.","업체수·고용 규모가 작아 비율 변동이 크게 나타난다. 절대 증감 개수로 다시 확인할 필요가 있다.
가동률 공표 정의가 바뀐 구간이어서 당기와 전년동기의 산출방식이 다르다. 가동률 증감 해석 전에 정의 차이를 확인할 필요가 있다.
이 분기는 월별 원자료가 공표되지 않아 분기 내 지속 여부를 확인할 수 없다. 분기말 단일시점 값에만 의존한 판단임을 감안할 필요가 있다.
연간보정 개정본을 사용한 구간이다. 이후 재개정 시 값이 달라질 수 있음을 확인할 필요가 있다.",업체수 감소 신호,소규모 분모 — 비율 변동 과대 가능 · 연간보정 개정본 사용 구간 · 가동률 공표 정의 단절 구간 · 월별 원자료 미제공 구간
전기전자,2024Q2,관찰,미충원·숙련수요·증가의 지속가능성을 확인한다.,"확인된 품목 기준 수출이 함께 감소하고 있어, 외부수요 약화 가능성을 보려면 수출 감소가 특정 품목·기업에 집중되는지 추가 확인할 필요가 있다.
가동률과 전력사용의 방향이 달라 업종 구성·설비 특성·자료범위(산단 vs 시 전체) 차이를 추가 확인할 필요가 있다.
경남 제조업 업황 심리지수가 기준선(100)을 밑돌아, 업종 고유 요인인지 지역 전반의 경기 흐름인지 구분해 확인할 필요가 있다.
같은 업종의 전국 업황 심리지수도 기준선을 밑돌아, 관측된 변화가 산단 고유 현상인지 전국 업종 흐름인지 확인할 필요가 있다.
이 업종은 생산자물가지수 대응 후보가 복수이거나 없어, PPI 조정 생산을 단일값으로 해석하지 않고 원자료로 확인할 필요가 있다.
가동률 공표 정의가 바뀐 구간이어서 당기와 전년동기의 산출방식이 다르다. 가동률 증감 해석 전에 정의 차이를 확인할 필요가 있다.
이 분기는 월별 원자료가 공표되지 않아 분기 내 지속 여부를 확인할 수 없다. 분기말 단일시점 값에만 의존한 판단임을 감안할 필요가 있다.
연간보정 개정본을 사용한 구간이다. 이후 재개정 시 값이 달라질 수 있음을 확인할 필요가 있다.
외부 자료의 업종 구분이 산단 10업종과 정확히 대응하지 않는다. 비교 결과를 참고로만 읽고 대응 범위를 확인할 필요가 있다.",산업동향 · 기업지원 / 산업동향,,"확인된 품목 기준 수출이 함께 감소하고 있어, 외부수요 약화 가능성을 보려면 수출 감소가 특정 품목·기업에 집중되는지 추가 확인할 필요가 있다.
가동률과 전력사용의 방향이 달라 업종 구성·설비 특성·자료범위(산단 vs 시 전체) 차이를 추가 확인할 필요가 있다.
경남 제조업 업황 심리지수가 기준선(100)을 밑돌아, 업종 고유 요인인지 지역 전반의 경기 흐름인지 구분해 확인할 필요가 있다.
같은 업종의 전국 업황 심리지수도 기준선을 밑돌아, 관측된 변화가 산단 고유 현상인지 전국 업종 흐름인지 확인할 필요가 있다.","이 업종은 생산자물가지수 대응 후보가 복수이거나 없어, PPI 조정 생산을 단일값으로 해석하지 않고 원자료로 확인할 필요가 있다.
가동률 공표 정의가 바뀐 구간이어서 당기와 전년동기의 산출방식이 다르다. 가동률 증감 해석 전에 정의 차이를 확인할 필요가 있다.
이 분기는 월별 원자료가 공표되지 않아 분기 내 지속 여부를 확인할 수 없다. 분기말 단일시점 값에만 의존한 판단임을 감안할 필요가 있다.
연간보정 개정본을 사용한 구간이다. 이후 재개정 시 값이 달라질 수 있음을 확인할 필요가 있다.
외부 자료의 업종 구분이 산단 10업종과 정확히 대응하지 않는다. 비교 결과를 참고로만 읽고 대응 범위를 확인할 필요가 있다.",해석 보류,PPI 매핑 불확실(C·D 등급) · 연간보정 개정본 사용 구간 · 외부자료 업종 대응 불확실 · 가동률 공표 정의 단절 구간 · 월별 원자료 미제공 구간
철강,2024Q2,관찰,선제채용·신규 입주기업·고용조정 시차·생산 단가와 물량 구분 가능성을 확인한다.,"가동률 하락이 일시적 생산조정인지 수주·수요 감소에 따른 것인지 확인할 필요가 있다.
명목생산 변화에 가격효과가 포함되어 있으므로 실제 물량이 줄었는지 추가로 확인할 필요가 있다.
가동률 하락과 창원시 제조업 전력사용 감소가 함께 나타나 실제 생산활동 위축 여부를 추가 확인할 필요가 있다. 다만 전력은 시 전체 제조업 총계이므로 이 업종의 값이 아니다.
경남 제조업 업황 심리지수가 기준선(100)을 밑돌아, 업종 고유 요인인지 지역 전반의 경기 흐름인지 구분해 확인할 필요가 있다.
같은 업종의 전국 업황 심리지수도 기준선을 밑돌아, 관측된 변화가 산단 고유 현상인지 전국 업종 흐름인지 확인할 필요가 있다.
가동률 공표 정의가 바뀐 구간이어서 당기와 전년동기의 산출방식이 다르다. 가동률 증감 해석 전에 정의 차이를 확인할 필요가 있다.
이 분기는 월별 원자료가 공표되지 않아 분기 내 지속 여부를 확인할 수 없다. 분기말 단일시점 값에만 의존한 판단임을 감안할 필요가 있다.
연간보정 개정본을 사용한 구간이다. 이후 재개정 시 값이 달라질 수 있음을 확인할 필요가 있다.",산업동향 · 기업지원 / 산업동향,"가동률 하락이 일시적 생산조정인지 수주·수요 감소에 따른 것인지 확인할 필요가 있다.
명목생산 변화에 가격효과가 포함되어 있으므로 실제 물량이 줄었는지 추가로 확인할 필요가 있다.","가동률 하락과 창원시 제조업 전력사용 감소가 함께 나타나 실제 생산활동 위축 여부를 추가 확인할 필요가 있다. 다만 전력은 시 전체 제조업 총계이므로 이 업종의 값이 아니다.
경남 제조업 업황 심리지수가 기준선(100)을 밑돌아, 업종 고유 요인인지 지역 전반의 경기 흐름인지 구분해 확인할 필요가 있다.
같은 업종의 전국 업황 심리지수도 기준선을 밑돌아, 관측된 변화가 산단 고유 현상인지 전국 업종 흐름인지 확인할 필요가 있다.","가동률 공표 정의가 바뀐 구간이어서 당기와 전년동기의 산출방식이 다르다. 가동률 증감 해석 전에 정의 차이를 확인할 필요가 있다.
이 분기는 월별 원자료가 공표되지 않아 분기 내 지속 여부를 확인할 수 없다. 분기말 단일시점 값에만 의존한 판단임을 감안할 필요가 있다.
연간보정 개정본을 사용한 구간이다. 이후 재개정 시 값이 달라질 수 있음을 확인할 필요가 있다.",가동 위축 신호 · 실질생산 위축 신호(PPI 조정),연간보정 개정본 사용 구간 · 가동률 공표 정의 단절 구간 · 월별 원자료 미제공 구간
기계,2024Q3,관찰,미충원·숙련수요·증가의 지속가능성을 확인한다.,"확인된 품목 기준 수출이 함께 감소하고 있어, 외부수요 약화 가능성을 보려면 수출 감소가 특정 품목·기업에 집중되는지 추가 확인할 필요가 있다.
창원시 제조업 전체에서 입직자 감소가 함께 관측되므로, 고용 감소가 신규 채용 둔화와 함께 나타나는지 확인할 필요가 있다.
가동률과 전력사용의 방향이 달라 업종 구성·설비 특성·자료범위(산단 vs 시 전체) 차이를 추가 확인할 필요가 있다.
경남 제조업 업황 심리지수가 기준선(100)을 밑돌아, 업종 고유 요인인지 지역 전반의 경기 흐름인지 구분해 확인할 필요가 있다.
같은 업종의 전국 업황 심리지수도 기준선을 밑돌아, 관측된 변화가 산단 고유 현상인지 전국 업종 흐름인지 확인할 필요가 있다.
가동률 공표 정의가 바뀐 구간이어서 당기와 전년동기의 산출방식이 다르다. 가동률 증감 해석 전에 정의 차이를 확인할 필요가 있다.
이 분기는 월별 원자료가 공표되지 않아 분기 내 지속 여부를 확인할 수 없다. 분기말 단일시점 값에만 의존한 판단임을 감안할 필요가 있다.
연간보정 개정본을 사용한 구간이다. 이후 재개정 시 값이 달라질 수 있음을 확인할 필요가 있다.",산업동향 · 기업지원 / 고용지원 · 직업훈련 / 산업동향,,"확인된 품목 기준 수출이 함께 감소하고 있어, 외부수요 약화 가능성을 보려면 수출 감소가 특정 품목·기업에 집중되는지 추가 확인할 필요가 있다.
창원시 제조업 전체에서 입직자 감소가 함께 관측되므로, 고용 감소가 신규 채용 둔화와 함께 나타나는지 확인할 필요가 있다.
가동률과 전력사용의 방향이 달라 업종 구성·설비 특성·자료범위(산단 vs 시 전체) 차이를 추가 확인할 필요가 있다.
경남 제조업 업황 심리지수가 기준선(100)을 밑돌아, 업종 고유 요인인지 지역 전반의 경기 흐름인지 구분해 확인할 필요가 있다.
같은 업종의 전국 업황 심리지수도 기준선을 밑돌아, 관측된 변화가 산단 고유 현상인지 전국 업종 흐름인지 확인할 필요가 있다.","가동률 공표 정의가 바뀐 구간이어서 당기와 전년동기의 산출방식이 다르다. 가동률 증감 해석 전에 정의 차이를 확인할 필요가 있다.
이 분기는 월별 원자료가 공표되지 않아 분기 내 지속 여부를 확인할 수 없다. 분기말 단일시점 값에만 의존한 판단임을 감안할 필요가 있다.
연간보정 개정본을 사용한 구간이다. 이후 재개정 시 값이 달라질 수 있음을 확인할 필요가 있다.",해석 보류,연간보정 개정본 사용 구간 · 가동률 공표 정의 단절 구간 · 월별 원자료 미제공 구간
기타,2024Q3,관찰,미충원·숙련수요·증가의 지속가능성을 확인한다.,"창원시 제조업 전체에서 입직자 감소가 함께 관측되므로, 고용 감소가 신규 채용 둔화와 함께 나타나는지 확인할 필요가 있다.
가동률과 전력사용의 방향이 달라 업종 구성·설비 특성·자료범위(산단 vs 시 전체) 차이를 추가 확인할 필요가 있다.
경남 제조업 업황 심리지수가 기준선(100)을 밑돌아, 업종 고유 요인인지 지역 전반의 경기 흐름인지 구분해 확인할 필요가 있다.
이 업종은 생산자물가지수 대응 후보가 복수이거나 없어, PPI 조정 생산을 단일값으로 해석하지 않고 원자료로 확인할 필요가 있다.
업체수·고용 규모가 작아 비율 변동이 크게 나타난다. 절대 증감 개수로 다시 확인할 필요가 있다.
가동률 공표 정의가 바뀐 구간이어서 당기와 전년동기의 산출방식이 다르다. 가동률 증감 해석 전에 정의 차이를 확인할 필요가 있다.
이 분기는 월별 원자료가 공표되지 않아 분기 내 지속 여부를 확인할 수 없다. 분기말 단일시점 값에만 의존한 판단임을 감안할 필요가 있다.
연간보정 개정본을 사용한 구간이다. 이후 재개정 시 값이 달라질 수 있음을 확인할 필요가 있다.",고용지원 · 직업훈련 / 산업동향,,"창원시 제조업 전체에서 입직자 감소가 함께 관측되므로, 고용 감소가 신규 채용 둔화와 함께 나타나는지 확인할 필요가 있다.
가동률과 전력사용의 방향이 달라 업종 구성·설비 특성·자료범위(산단 vs 시 전체) 차이를 추가 확인할 필요가 있다.
경남 제조업 업황 심리지수가 기준선(100)을 밑돌아, 업종 고유 요인인지 지역 전반의 경기 흐름인지 구분해 확인할 필요가 있다.","이 업종은 생산자물가지수 대응 후보가 복수이거나 없어, PPI 조정 생산을 단일값으로 해석하지 않고 원자료로 확인할 필요가 있다.
업체수·고용 규모가 작아 비율 변동이 크게 나타난다. 절대 증감 개수로 다시 확인할 필요가 있다.
가동률 공표 정의가 바뀐 구간이어서 당기와 전년동기의 산출방식이 다르다. 가동률 증감 해석 전에 정의 차이를 확인할 필요가 있다.
이 분기는 월별 원자료가 공표되지 않아 분기 내 지속 여부를 확인할 수 없다. 분기말 단일시점 값에만 의존한 판단임을 감안할 필요가 있다.
연간보정 개정본을 사용한 구간이다. 이후 재개정 시 값이 달라질 수 있음을 확인할 필요가 있다.",해석 보류,PPI 매핑 불확실(C·D 등급) · 소규모 분모 — 비율 변동 과대 가능 · 연간보정 개정본 사용 구간 · 가동률 공표 정의 단절 구간 · 월별 원자료 미제공 구간
목재종이,2024Q3,추가확인,"자동화·설비투자, 외주·도급 전환, 미충원·숙련 불일치, 직무구조 변화 가능성을 질문으로 확인한다(원인 후보이며 입증된 원인이 아님).","생산이 유지되는데 고용이 감소하고 있어 자동화·생산성 변화·미충원·외주화·인력구조 조정 여부를 확인할 필요가 있다.
창원시 제조업 전체에서 입직자 감소가 함께 관측되므로, 고용 감소가 신규 채용 둔화와 함께 나타나는지 확인할 필요가 있다.
가동률 하락과 창원시 제조업 전력사용 감소가 함께 나타나 실제 생산활동 위축 여부를 추가 확인할 필요가 있다. 다만 전력은 시 전체 제조업 총계이므로 이 업종의 값이 아니다.
경남 제조업 업황 심리지수가 기준선(100)을 밑돌아, 업종 고유 요인인지 지역 전반의 경기 흐름인지 구분해 확인할 필요가 있다.
같은 업종의 전국 업황 심리지수도 기준선을 밑돌아, 관측된 변화가 산단 고유 현상인지 전국 업종 흐름인지 확인할 필요가 있다.
업체수·고용 규모가 작아 비율 변동이 크게 나타난다. 절대 증감 개수로 다시 확인할 필요가 있다.
가동률 공표 정의가 바뀐 구간이어서 당기와 전년동기의 산출방식이 다르다. 가동률 증감 해석 전에 정의 차이를 확인할 필요가 있다.
이 분기는 월별 원자료가 공표되지 않아 분기 내 지속 여부를 확인할 수 없다. 분기말 단일시점 값에만 의존한 판단임을 감안할 필요가 있다.
연간보정 개정본을 사용한 구간이다. 이후 재개정 시 값이 달라질 수 있음을 확인할 필요가 있다.",고용지원 · 직업훈련 / 산업동향 · 기업지원 / 산업동향,생산이 유지되는데 고용이 감소하고 있어 자동화·생산성 변화·미충원·외주화·인력구조 조정 여부를 확인할 필요가 있다.,"창원시 제조업 전체에서 입직자 감소가 함께 관측되므로, 고용 감소가 신규 채용 둔화와 함께 나타나는지 확인할 필요가 있다.
가동률 하락과 창원시 제조업 전력사용 감소가 함께 나타나 실제 생산활동 위축 여부를 추가 확인할 필요가 있다. 다만 전력은 시 전체 제조업 총계이므로 이 업종의 값이 아니다.
경남 제조업 업황 심리지수가 기준선(100)을 밑돌아, 업종 고유 요인인지 지역 전반의 경기 흐름인지 구분해 확인할 필요가 있다.
같은 업종의 전국 업황 심리지수도 기준선을 밑돌아, 관측된 변화가 산단 고유 현상인지 전국 업종 흐름인지 확인할 필요가 있다.","업체수·고용 규모가 작아 비율 변동이 크게 나타난다. 절대 증감 개수로 다시 확인할 필요가 있다.
가동률 공표 정의가 바뀐 구간이어서 당기와 전년동기의 산출방식이 다르다. 가동률 증감 해석 전에 정의 차이를 확인할 필요가 있다.
이 분기는 월별 원자료가 공표되지 않아 분기 내 지속 여부를 확인할 수 없다. 분기말 단일시점 값에만 의존한 판단임을 감안할 필요가 있다.
연간보정 개정본을 사용한 구간이다. 이후 재개정 시 값이 달라질 수 있음을 확인할 필요가 있다.",생산유지·고용감소 신호,소규모 분모 — 비율 변동 과대 가능 · 연간보정 개정본 사용 구간 · 가동률 공표 정의 단절 구간 · 월별 원자료 미제공 구간
비금속,2024Q3,추가확인,수주잔량·가동률·휴업/감산·기업 수 변동·고용조정 계획 신고 여부를 확인한다(원인 후보이며 입증된 원인이 아님).,"가동률 하락이 일시적 생산조정인지 수주·수요 감소에 따른 것인지 확인할 필요가 있다.
명목생산 변화에 가격효과가 포함되어 있으므로 실제 물량이 줄었는지 추가로 확인할 필요가 있다.
창원시 제조업 전체에서 입직자 감소가 함께 관측되므로, 고용 감소가 신규 채용 둔화와 함께 나타나는지 확인할 필요가 있다.
가동률 하락과 창원시 제조업 전력사용 감소가 함께 나타나 실제 생산활동 위축 여부를 추가 확인할 필요가 있다. 다만 전력은 시 전체 제조업 총계이므로 이 업종의 값이 아니다.
경남 제조업 업황 심리지수가 기준선(100)을 밑돌아, 업종 고유 요인인지 지역 전반의 경기 흐름인지 구분해 확인할 필요가 있다.
같은 업종의 전국 업황 심리지수도 기준선을 밑돌아, 관측된 변화가 산단 고유 현상인지 전국 업종 흐름인지 확인할 필요가 있다.
업체수·고용 규모가 작아 비율 변동이 크게 나타난다. 절대 증감 개수로 다시 확인할 필요가 있다.
가동률 공표 정의가 바뀐 구간이어서 당기와 전년동기의 산출방식이 다르다. 가동률 증감 해석 전에 정의 차이를 확인할 필요가 있다.
이 분기는 월별 원자료가 공표되지 않아 분기 내 지속 여부를 확인할 수 없다. 분기말 단일시점 값에만 의존한 판단임을 감안할 필요가 있다.
연간보정 개정본을 사용한 구간이다. 이후 재개정 시 값이 달라질 수 있음을 확인할 필요가 있다.",산업동향 · 기업지원 / 산업동향 / 고용지원 · 직업훈련,"가동률 하락이 일시적 생산조정인지 수주·수요 감소에 따른 것인지 확인할 필요가 있다.
명목생산 변화에 가격효과가 포함되어 있으므로 실제 물량이 줄었는지 추가로 확인할 필요가 있다.","창원시 제조업 전체에서 입직자 감소가 함께 관측되므로, 고용 감소가 신규 채용 둔화와 함께 나타나는지 확인할 필요가 있다.
가동률 하락과 창원시 제조업 전력사용 감소가 함께 나타나 실제 생산활동 위축 여부를 추가 확인할 필요가 있다. 다만 전력은 시 전체 제조업 총계이므로 이 업종의 값이 아니다.
경남 제조업 업황 심리지수가 기준선(100)을 밑돌아, 업종 고유 요인인지 지역 전반의 경기 흐름인지 구분해 확인할 필요가 있다.
같은 업종의 전국 업황 심리지수도 기준선을 밑돌아, 관측된 변화가 산단 고유 현상인지 전국 업종 흐름인지 확인할 필요가 있다.","업체수·고용 규모가 작아 비율 변동이 크게 나타난다. 절대 증감 개수로 다시 확인할 필요가 있다.
가동률 공표 정의가 바뀐 구간이어서 당기와 전년동기의 산출방식이 다르다. 가동률 증감 해석 전에 정의 차이를 확인할 필요가 있다.
이 분기는 월별 원자료가 공표되지 않아 분기 내 지속 여부를 확인할 수 없다. 분기말 단일시점 값에만 의존한 판단임을 감안할 필요가 있다.
연간보정 개정본을 사용한 구간이다. 이후 재개정 시 값이 달라질 수 있음을 확인할 필요가 있다.",가동 위축 신호 · 실질생산 위축 신호(PPI 조정),소규모 분모 — 비율 변동 과대 가능 · 연간보정 개정본 사용 구간 · 가동률 공표 정의 단절 구간 · 월별 원자료 미제공 구간
석유화학,2024Q3,관찰,수주잔량·가동률·휴업/감산·기업 수 변동·고용조정 계획 신고 여부를 확인한다(원인 후보이며 입증된 원인이 아님).,"창원시 제조업 전체에서 입직자 감소가 함께 관측되므로, 고용 감소가 신규 채용 둔화와 함께 나타나는지 확인할 필요가 있다.
가동률과 전력사용의 방향이 달라 업종 구성·설비 특성·자료범위(산단 vs 시 전체) 차이를 추가 확인할 필요가 있다.
경남 제조업 업황 심리지수가 기준선(100)을 밑돌아, 업종 고유 요인인지 지역 전반의 경기 흐름인지 구분해 확인할 필요가 있다.
같은 업종의 전국 업황 심리지수도 기준선을 밑돌아, 관측된 변화가 산단 고유 현상인지 전국 업종 흐름인지 확인할 필요가 있다.
이 업종은 생산자물가지수 대응 후보가 복수이거나 없어, PPI 조정 생산을 단일값으로 해석하지 않고 원자료로 확인할 필요가 있다.
가동률 공표 정의가 바뀐 구간이어서 당기와 전년동기의 산출방식이 다르다. 가동률 증감 해석 전에 정의 차이를 확인할 필요가 있다.
이 분기는 월별 원자료가 공표되지 않아 분기 내 지속 여부를 확인할 수 없다. 분기말 단일시점 값에만 의존한 판단임을 감안할 필요가 있다.
연간보정 개정본을 사용한 구간이다. 이후 재개정 시 값이 달라질 수 있음을 확인할 필요가 있다.",고용지원 · 직업훈련 / 산업동향,,"창원시 제조업 전체에서 입직자 감소가 함께 관측되므로, 고용 감소가 신규 채용 둔화와 함께 나타나는지 확인할 필요가 있다.
가동률과 전력사용의 방향이 달라 업종 구성·설비 특성·자료범위(산단 vs 시 전체) 차이를 추가 확인할 필요가 있다.
경남 제조업 업황 심리지수가 기준선(100)을 밑돌아, 업종 고유 요인인지 지역 전반의 경기 흐름인지 구분해 확인할 필요가 있다.
같은 업종의 전국 업황 심리지수도 기준선을 밑돌아, 관측된 변화가 산단 고유 현상인지 전국 업종 흐름인지 확인할 필요가 있다.","이 업종은 생산자물가지수 대응 후보가 복수이거나 없어, PPI 조정 생산을 단일값으로 해석하지 않고 원자료로 확인할 필요가 있다.
가동률 공표 정의가 바뀐 구간이어서 당기와 전년동기의 산출방식이 다르다. 가동률 증감 해석 전에 정의 차이를 확인할 필요가 있다.
이 분기는 월별 원자료가 공표되지 않아 분기 내 지속 여부를 확인할 수 없다. 분기말 단일시점 값에만 의존한 판단임을 감안할 필요가 있다.
연간보정 개정본을 사용한 구간이다. 이후 재개정 시 값이 달라질 수 있음을 확인할 필요가 있다.",해석 보류,PPI 매핑 불확실(C·D 등급) · 연간보정 개정본 사용 구간 · 가동률 공표 정의 단절 구간 · 월별 원자료 미제공 구간
섬유의복,2024Q3,추가확인,"자동화·설비투자, 외주·도급 전환, 미충원·숙련 불일치, 직무구조 변화 가능성을 질문으로 확인한다(원인 후보이며 입증된 원인이 아님).","생산이 유지되는데 고용이 감소하고 있어 자동화·생산성 변화·미충원·외주화·인력구조 조정 여부를 확인할 필요가 있다.
창원시 제조업 전체에서 입직자 감소가 함께 관측되므로, 고용 감소가 신규 채용 둔화와 함께 나타나는지 확인할 필요가 있다.
가동률 하락과 창원시 제조업 전력사용 감소가 함께 나타나 실제 생산활동 위축 여부를 추가 확인할 필요가 있다. 다만 전력은 시 전체 제조업 총계이므로 이 업종의 값이 아니다.
경남 제조업 업황 심리지수가 기준선(100)을 밑돌아, 업종 고유 요인인지 지역 전반의 경기 흐름인지 구분해 확인할 필요가 있다.
같은 업종의 전국 업황 심리지수도 기준선을 밑돌아, 관측된 변화가 산단 고유 현상인지 전국 업종 흐름인지 확인할 필요가 있다.
업체수·고용 규모가 작아 비율 변동이 크게 나타난다. 절대 증감 개수로 다시 확인할 필요가 있다.
가동률 공표 정의가 바뀐 구간이어서 당기와 전년동기의 산출방식이 다르다. 가동률 증감 해석 전에 정의 차이를 확인할 필요가 있다.
이 분기는 월별 원자료가 공표되지 않아 분기 내 지속 여부를 확인할 수 없다. 분기말 단일시점 값에만 의존한 판단임을 감안할 필요가 있다.
연간보정 개정본을 사용한 구간이다. 이후 재개정 시 값이 달라질 수 있음을 확인할 필요가 있다.",고용지원 · 직업훈련 / 산업동향 · 기업지원 / 산업동향,생산이 유지되는데 고용이 감소하고 있어 자동화·생산성 변화·미충원·외주화·인력구조 조정 여부를 확인할 필요가 있다.,"창원시 제조업 전체에서 입직자 감소가 함께 관측되므로, 고용 감소가 신규 채용 둔화와 함께 나타나는지 확인할 필요가 있다.
가동률 하락과 창원시 제조업 전력사용 감소가 함께 나타나 실제 생산활동 위축 여부를 추가 확인할 필요가 있다. 다만 전력은 시 전체 제조업 총계이므로 이 업종의 값이 아니다.
경남 제조업 업황 심리지수가 기준선(100)을 밑돌아, 업종 고유 요인인지 지역 전반의 경기 흐름인지 구분해 확인할 필요가 있다.
같은 업종의 전국 업황 심리지수도 기준선을 밑돌아, 관측된 변화가 산단 고유 현상인지 전국 업종 흐름인지 확인할 필요가 있다.","업체수·고용 규모가 작아 비율 변동이 크게 나타난다. 절대 증감 개수로 다시 확인할 필요가 있다.
가동률 공표 정의가 바뀐 구간이어서 당기와 전년동기의 산출방식이 다르다. 가동률 증감 해석 전에 정의 차이를 확인할 필요가 있다.
이 분기는 월별 원자료가 공표되지 않아 분기 내 지속 여부를 확인할 수 없다. 분기말 단일시점 값에만 의존한 판단임을 감안할 필요가 있다.
연간보정 개정본을 사용한 구간이다. 이후 재개정 시 값이 달라질 수 있음을 확인할 필요가 있다.",생산유지·고용감소 신호,소규모 분모 — 비율 변동 과대 가능 · 연간보정 개정본 사용 구간 · 가동률 공표 정의 단절 구간 · 월별 원자료 미제공 구간
운송장비,2024Q3,관찰,미충원·숙련수요·증가의 지속가능성을 확인한다.,"창원시 제조업 전체에서 입직자 감소가 함께 관측되므로, 고용 감소가 신규 채용 둔화와 함께 나타나는지 확인할 필요가 있다.
가동률 하락과 창원시 제조업 전력사용 감소가 함께 나타나 실제 생산활동 위축 여부를 추가 확인할 필요가 있다. 다만 전력은 시 전체 제조업 총계이므로 이 업종의 값이 아니다.
경남 제조업 업황 심리지수가 기준선(100)을 밑돌아, 업종 고유 요인인지 지역 전반의 경기 흐름인지 구분해 확인할 필요가 있다.
같은 업종의 전국 업황 심리지수도 기준선을 밑돌아, 관측된 변화가 산단 고유 현상인지 전국 업종 흐름인지 확인할 필요가 있다.
가동률 공표 정의가 바뀐 구간이어서 당기와 전년동기의 산출방식이 다르다. 가동률 증감 해석 전에 정의 차이를 확인할 필요가 있다.
이 분기는 월별 원자료가 공표되지 않아 분기 내 지속 여부를 확인할 수 없다. 분기말 단일시점 값에만 의존한 판단임을 감안할 필요가 있다.
연간보정 개정본을 사용한 구간이다. 이후 재개정 시 값이 달라질 수 있음을 확인할 필요가 있다.
외부 자료의 업종 구분이 산단 10업종과 정확히 대응하지 않는다. 비교 결과를 참고로만 읽고 대응 범위를 확인할 필요가 있다.",고용지원 · 직업훈련 / 산업동향 · 기업지원 / 산업동향,,"창원시 제조업 전체에서 입직자 감소가 함께 관측되므로, 고용 감소가 신규 채용 둔화와 함께 나타나는지 확인할 필요가 있다.
가동률 하락과 창원시 제조업 전력사용 감소가 함께 나타나 실제 생산활동 위축 여부를 추가 확인할 필요가 있다. 다만 전력은 시 전체 제조업 총계이므로 이 업종의 값이 아니다.
경남 제조업 업황 심리지수가 기준선(100)을 밑돌아, 업종 고유 요인인지 지역 전반의 경기 흐름인지 구분해 확인할 필요가 있다.
같은 업종의 전국 업황 심리지수도 기준선을 밑돌아, 관측된 변화가 산단 고유 현상인지 전국 업종 흐름인지 확인할 필요가 있다.","가동률 공표 정의가 바뀐 구간이어서 당기와 전년동기의 산출방식이 다르다. 가동률 증감 해석 전에 정의 차이를 확인할 필요가 있다.
이 분기는 월별 원자료가 공표되지 않아 분기 내 지속 여부를 확인할 수 없다. 분기말 단일시점 값에만 의존한 판단임을 감안할 필요가 있다.
연간보정 개정본을 사용한 구간이다. 이후 재개정 시 값이 달라질 수 있음을 확인할 필요가 있다.
외부 자료의 업종 구분이 산단 10업종과 정확히 대응하지 않는다. 비교 결과를 참고로만 읽고 대응 범위를 확인할 필요가 있다.",해석 보류,연간보정 개정본 사용 구간 · 외부자료 업종 대응 불확실 · 가동률 공표 정의 단절 구간 · 월별 원자료 미제공 구간
음식료,2024Q3,관찰,미충원·숙련수요·증가의 지속가능성을 확인한다.,"가동업체 감소가 실제 퇴거·폐업·통합·휴업에 따른 것인지, 아니면 조사대상 변동이나 집계기준 변경에 따른 것인지 확인할 필요가 있다.
창원시 제조업 전체에서 입직자 감소가 함께 관측되므로, 고용 감소가 신규 채용 둔화와 함께 나타나는지 확인할 필요가 있다.
가동률 하락과 창원시 제조업 전력사용 감소가 함께 나타나 실제 생산활동 위축 여부를 추가 확인할 필요가 있다. 다만 전력은 시 전체 제조업 총계이므로 이 업종의 값이 아니다.
경남 제조업 업황 심리지수가 기준선(100)을 밑돌아, 업종 고유 요인인지 지역 전반의 경기 흐름인지 구분해 확인할 필요가 있다.
같은 업종의 전국 업황 심리지수도 기준선을 밑돌아, 관측된 변화가 산단 고유 현상인지 전국 업종 흐름인지 확인할 필요가 있다.
업체수·고용 규모가 작아 비율 변동이 크게 나타난다. 절대 증감 개수로 다시 확인할 필요가 있다.
가동률 공표 정의가 바뀐 구간이어서 당기와 전년동기의 산출방식이 다르다. 가동률 증감 해석 전에 정의 차이를 확인할 필요가 있다.
이 분기는 월별 원자료가 공표되지 않아 분기 내 지속 여부를 확인할 수 없다. 분기말 단일시점 값에만 의존한 판단임을 감안할 필요가 있다.
연간보정 개정본을 사용한 구간이다. 이후 재개정 시 값이 달라질 수 있음을 확인할 필요가 있다.",산업동향 · 기업지원 / 고용지원 · 직업훈련 / 산업동향,"가동업체 감소가 실제 퇴거·폐업·통합·휴업에 따른 것인지, 아니면 조사대상 변동이나 집계기준 변경에 따른 것인지 확인할 필요가 있다.","창원시 제조업 전체에서 입직자 감소가 함께 관측되므로, 고용 감소가 신규 채용 둔화와 함께 나타나는지 확인할 필요가 있다.
가동률 하락과 창원시 제조업 전력사용 감소가 함께 나타나 실제 생산활동 위축 여부를 추가 확인할 필요가 있다. 다만 전력은 시 전체 제조업 총계이므로 이 업종의 값이 아니다.
경남 제조업 업황 심리지수가 기준선(100)을 밑돌아, 업종 고유 요인인지 지역 전반의 경기 흐름인지 구분해 확인할 필요가 있다.
같은 업종의 전국 업황 심리지수도 기준선을 밑돌아, 관측된 변화가 산단 고유 현상인지 전국 업종 흐름인지 확인할 필요가 있다.","업체수·고용 규모가 작아 비율 변동이 크게 나타난다. 절대 증감 개수로 다시 확인할 필요가 있다.
가동률 공표 정의가 바뀐 구간이어서 당기와 전년동기의 산출방식이 다르다. 가동률 증감 해석 전에 정의 차이를 확인할 필요가 있다.
이 분기는 월별 원자료가 공표되지 않아 분기 내 지속 여부를 확인할 수 없다. 분기말 단일시점 값에만 의존한 판단임을 감안할 필요가 있다.
연간보정 개정본을 사용한 구간이다. 이후 재개정 시 값이 달라질 수 있음을 확인할 필요가 있다.",업체수 감소 신호,소규모 분모 — 비율 변동 과대 가능 · 연간보정 개정본 사용 구간 · 가동률 공표 정의 단절 구간 · 월별 원자료 미제공 구간
전기전자,2024Q3,관찰,선제채용·신규 입주기업·고용조정 시차·생산 단가와 물량 구분 가능성을 확인한다.,"창원시 제조업 전체에서 입직자 감소가 함께 관측되므로, 고용 감소가 신규 채용 둔화와 함께 나타나는지 확인할 필요가 있다.
가동률 하락과 창원시 제조업 전력사용 감소가 함께 나타나 실제 생산활동 위축 여부를 추가 확인할 필요가 있다. 다만 전력은 시 전체 제조업 총계이므로 이 업종의 값이 아니다.
경남 제조업 업황 심리지수가 기준선(100)을 밑돌아, 업종 고유 요인인지 지역 전반의 경기 흐름인지 구분해 확인할 필요가 있다.
같은 업종의 전국 업황 심리지수도 기준선을 밑돌아, 관측된 변화가 산단 고유 현상인지 전국 업종 흐름인지 확인할 필요가 있다.
이 업종은 생산자물가지수 대응 후보가 복수이거나 없어, PPI 조정 생산을 단일값으로 해석하지 않고 원자료로 확인할 필요가 있다.
가동률 공표 정의가 바뀐 구간이어서 당기와 전년동기의 산출방식이 다르다. 가동률 증감 해석 전에 정의 차이를 확인할 필요가 있다.
이 분기는 월별 원자료가 공표되지 않아 분기 내 지속 여부를 확인할 수 없다. 분기말 단일시점 값에만 의존한 판단임을 감안할 필요가 있다.
연간보정 개정본을 사용한 구간이다. 이후 재개정 시 값이 달라질 수 있음을 확인할 필요가 있다.
외부 자료의 업종 구분이 산단 10업종과 정확히 대응하지 않는다. 비교 결과를 참고로만 읽고 대응 범위를 확인할 필요가 있다.",고용지원 · 직업훈련 / 산업동향 · 기업지원 / 산업동향,,"창원시 제조업 전체에서 입직자 감소가 함께 관측되므로, 고용 감소가 신규 채용 둔화와 함께 나타나는지 확인할 필요가 있다.
가동률 하락과 창원시 제조업 전력사용 감소가 함께 나타나 실제 생산활동 위축 여부를 추가 확인할 필요가 있다. 다만 전력은 시 전체 제조업 총계이므로 이 업종의 값이 아니다.
경남 제조업 업황 심리지수가 기준선(100)을 밑돌아, 업종 고유 요인인지 지역 전반의 경기 흐름인지 구분해 확인할 필요가 있다.
같은 업종의 전국 업황 심리지수도 기준선을 밑돌아, 관측된 변화가 산단 고유 현상인지 전국 업종 흐름인지 확인할 필요가 있다.","이 업종은 생산자물가지수 대응 후보가 복수이거나 없어, PPI 조정 생산을 단일값으로 해석하지 않고 원자료로 확인할 필요가 있다.
가동률 공표 정의가 바뀐 구간이어서 당기와 전년동기의 산출방식이 다르다. 가동률 증감 해석 전에 정의 차이를 확인할 필요가 있다.
이 분기는 월별 원자료가 공표되지 않아 분기 내 지속 여부를 확인할 수 없다. 분기말 단일시점 값에만 의존한 판단임을 감안할 필요가 있다.
연간보정 개정본을 사용한 구간이다. 이후 재개정 시 값이 달라질 수 있음을 확인할 필요가 있다.
외부 자료의 업종 구분이 산단 10업종과 정확히 대응하지 않는다. 비교 결과를 참고로만 읽고 대응 범위를 확인할 필요가 있다.",해석 보류,PPI 매핑 불확실(C·D 등급) · 연간보정 개정본 사용 구간 · 외부자료 업종 대응 불확실 · 가동률 공표 정의 단절 구간 · 월별 원자료 미제공 구간
철강,2024Q3,관찰,선제채용·신규 입주기업·고용조정 시차·생산 단가와 물량 구분 가능성을 확인한다.,"가동률 하락이 일시적 생산조정인지 수주·수요 감소에 따른 것인지 확인할 필요가 있다.
명목생산 변화에 가격효과가 포함되어 있으므로 실제 물량이 줄었는지 추가로 확인할 필요가 있다.
창원시 제조업 전체에서 입직자 감소가 함께 관측되므로, 고용 감소가 신규 채용 둔화와 함께 나타나는지 확인할 필요가 있다.
가동률 하락과 창원시 제조업 전력사용 감소가 함께 나타나 실제 생산활동 위축 여부를 추가 확인할 필요가 있다. 다만 전력은 시 전체 제조업 총계이므로 이 업종의 값이 아니다.
경남 제조업 업황 심리지수가 기준선(100)을 밑돌아, 업종 고유 요인인지 지역 전반의 경기 흐름인지 구분해 확인할 필요가 있다.
같은 업종의 전국 업황 심리지수도 기준선을 밑돌아, 관측된 변화가 산단 고유 현상인지 전국 업종 흐름인지 확인할 필요가 있다.
가동률 공표 정의가 바뀐 구간이어서 당기와 전년동기의 산출방식이 다르다. 가동률 증감 해석 전에 정의 차이를 확인할 필요가 있다.
이 분기는 월별 원자료가 공표되지 않아 분기 내 지속 여부를 확인할 수 없다. 분기말 단일시점 값에만 의존한 판단임을 감안할 필요가 있다.
연간보정 개정본을 사용한 구간이다. 이후 재개정 시 값이 달라질 수 있음을 확인할 필요가 있다.",산업동향 · 기업지원 / 산업동향 / 고용지원 · 직업훈련,"가동률 하락이 일시적 생산조정인지 수주·수요 감소에 따른 것인지 확인할 필요가 있다.
명목생산 변화에 가격효과가 포함되어 있으므로 실제 물량이 줄었는지 추가로 확인할 필요가 있다.","창원시 제조업 전체에서 입직자 감소가 함께 관측되므로, 고용 감소가 신규 채용 둔화와 함께 나타나는지 확인할 필요가 있다.
가동률 하락과 창원시 제조업 전력사용 감소가 함께 나타나 실제 생산활동 위축 여부를 추가 확인할 필요가 있다. 다만 전력은 시 전체 제조업 총계이므로 이 업종의 값이 아니다.
경남 제조업 업황 심리지수가 기준선(100)을 밑돌아, 업종 고유 요인인지 지역 전반의 경기 흐름인지 구분해 확인할 필요가 있다.
같은 업종의 전국 업황 심리지수도 기준선을 밑돌아, 관측된 변화가 산단 고유 현상인지 전국 업종 흐름인지 확인할 필요가 있다.","가동률 공표 정의가 바뀐 구간이어서 당기와 전년동기의 산출방식이 다르다. 가동률 증감 해석 전에 정의 차이를 확인할 필요가 있다.
이 분기는 월별 원자료가 공표되지 않아 분기 내 지속 여부를 확인할 수 없다. 분기말 단일시점 값에만 의존한 판단임을 감안할 필요가 있다.
연간보정 개정본을 사용한 구간이다. 이후 재개정 시 값이 달라질 수 있음을 확인할 필요가 있다.",가동 위축 신호 · 실질생산 위축 신호(PPI 조정),연간보정 개정본 사용 구간 · 가동률 공표 정의 단절 구간 · 월별 원자료 미제공 구간
기계,2024Q4,관찰,원자료와 비교기간(전년동기 기준값)의 존재 여부를 먼저 확인한다.,"확인된 품목 기준 수출이 함께 감소하고 있어, 외부수요 약화 가능성을 보려면 수출 감소가 특정 품목·기업에 집중되는지 추가 확인할 필요가 있다.
창원시 제조업 전체에서 입직자 감소가 함께 관측되므로, 고용 감소가 신규 채용 둔화와 함께 나타나는지 확인할 필요가 있다.
가동률 하락과 창원시 제조업 전력사용 감소가 함께 나타나 실제 생산활동 위축 여부를 추가 확인할 필요가 있다. 다만 전력은 시 전체 제조업 총계이므로 이 업종의 값이 아니다.
경남 제조업 업황 심리지수가 기준선(100)을 밑돌아, 업종 고유 요인인지 지역 전반의 경기 흐름인지 구분해 확인할 필요가 있다.
같은 업종의 전국 업황 심리지수도 기준선을 밑돌아, 관측된 변화가 산단 고유 현상인지 전국 업종 흐름인지 확인할 필요가 있다.
가동률 공표 정의가 바뀐 구간이어서 당기와 전년동기의 산출방식이 다르다. 가동률 증감 해석 전에 정의 차이를 확인할 필요가 있다.
이 분기는 월별 원자료가 공표되지 않아 분기 내 지속 여부를 확인할 수 없다. 분기말 단일시점 값에만 의존한 판단임을 감안할 필요가 있다.
연간보정 개정본을 사용한 구간이다. 이후 재개정 시 값이 달라질 수 있음을 확인할 필요가 있다.",산업동향 · 기업지원 / 고용지원 · 직업훈련 / 산업동향,,"확인된 품목 기준 수출이 함께 감소하고 있어, 외부수요 약화 가능성을 보려면 수출 감소가 특정 품목·기업에 집중되는지 추가 확인할 필요가 있다.
창원시 제조업 전체에서 입직자 감소가 함께 관측되므로, 고용 감소가 신규 채용 둔화와 함께 나타나는지 확인할 필요가 있다.
가동률 하락과 창원시 제조업 전력사용 감소가 함께 나타나 실제 생산활동 위축 여부를 추가 확인할 필요가 있다. 다만 전력은 시 전체 제조업 총계이므로 이 업종의 값이 아니다.
경남 제조업 업황 심리지수가 기준선(100)을 밑돌아, 업종 고유 요인인지 지역 전반의 경기 흐름인지 구분해 확인할 필요가 있다.
같은 업종의 전국 업황 심리지수도 기준선을 밑돌아, 관측된 변화가 산단 고유 현상인지 전국 업종 흐름인지 확인할 필요가 있다.","가동률 공표 정의가 바뀐 구간이어서 당기와 전년동기의 산출방식이 다르다. 가동률 증감 해석 전에 정의 차이를 확인할 필요가 있다.
이 분기는 월별 원자료가 공표되지 않아 분기 내 지속 여부를 확인할 수 없다. 분기말 단일시점 값에만 의존한 판단임을 감안할 필요가 있다.
연간보정 개정본을 사용한 구간이다. 이후 재개정 시 값이 달라질 수 있음을 확인할 필요가 있다.",해석 보류,고용보험 지표와 방향 일치 · 연간보정 개정본 사용 구간 · 가동률 공표 정의 단절 구간 · 월별 원자료 미제공 구간
기타,2024Q4,관찰,원자료와 비교기간(전년동기 기준값)의 존재 여부를 먼저 확인한다.,"창원시 제조업 전체에서 입직자 감소가 함께 관측되므로, 고용 감소가 신규 채용 둔화와 함께 나타나는지 확인할 필요가 있다.
가동률과 전력사용의 방향이 달라 업종 구성·설비 특성·자료범위(산단 vs 시 전체) 차이를 추가 확인할 필요가 있다.
경남 제조업 업황 심리지수가 기준선(100)을 밑돌아, 업종 고유 요인인지 지역 전반의 경기 흐름인지 구분해 확인할 필요가 있다.
이 업종은 생산자물가지수 대응 후보가 복수이거나 없어, PPI 조정 생산을 단일값으로 해석하지 않고 원자료로 확인할 필요가 있다.
업체수·고용 규모가 작아 비율 변동이 크게 나타난다. 절대 증감 개수로 다시 확인할 필요가 있다.
가동률 공표 정의가 바뀐 구간이어서 당기와 전년동기의 산출방식이 다르다. 가동률 증감 해석 전에 정의 차이를 확인할 필요가 있다.
이 분기는 월별 원자료가 공표되지 않아 분기 내 지속 여부를 확인할 수 없다. 분기말 단일시점 값에만 의존한 판단임을 감안할 필요가 있다.
연간보정 개정본을 사용한 구간이다. 이후 재개정 시 값이 달라질 수 있음을 확인할 필요가 있다.",고용지원 · 직업훈련 / 산업동향,,"창원시 제조업 전체에서 입직자 감소가 함께 관측되므로, 고용 감소가 신규 채용 둔화와 함께 나타나는지 확인할 필요가 있다.
가동률과 전력사용의 방향이 달라 업종 구성·설비 특성·자료범위(산단 vs 시 전체) 차이를 추가 확인할 필요가 있다.
경남 제조업 업황 심리지수가 기준선(100)을 밑돌아, 업종 고유 요인인지 지역 전반의 경기 흐름인지 구분해 확인할 필요가 있다.","이 업종은 생산자물가지수 대응 후보가 복수이거나 없어, PPI 조정 생산을 단일값으로 해석하지 않고 원자료로 확인할 필요가 있다.
업체수·고용 규모가 작아 비율 변동이 크게 나타난다. 절대 증감 개수로 다시 확인할 필요가 있다.
가동률 공표 정의가 바뀐 구간이어서 당기와 전년동기의 산출방식이 다르다. 가동률 증감 해석 전에 정의 차이를 확인할 필요가 있다.
이 분기는 월별 원자료가 공표되지 않아 분기 내 지속 여부를 확인할 수 없다. 분기말 단일시점 값에만 의존한 판단임을 감안할 필요가 있다.
연간보정 개정본을 사용한 구간이다. 이후 재개정 시 값이 달라질 수 있음을 확인할 필요가 있다.",해석 보류,PPI 매핑 불확실(C·D 등급) · 소규모 분모 — 비율 변동 과대 가능 · 연간보정 개정본 사용 구간 · 가동률 공표 정의 단절 구간 · 월별 원자료 미제공 구간
목재종이,2024Q4,추가확인,원자료와 비교기간(전년동기 기준값)의 존재 여부를 먼저 확인한다.,"창원시 제조업 전체에서 입직자 감소가 함께 관측되므로, 고용 감소가 신규 채용 둔화와 함께 나타나는지 확인할 필요가 있다.
가동률과 전력사용의 방향이 달라 업종 구성·설비 특성·자료범위(산단 vs 시 전체) 차이를 추가 확인할 필요가 있다.
경남 제조업 업황 심리지수가 기준선(100)을 밑돌아, 업종 고유 요인인지 지역 전반의 경기 흐름인지 구분해 확인할 필요가 있다.
같은 업종의 전국 업황 심리지수도 기준선을 밑돌아, 관측된 변화가 산단 고유 현상인지 전국 업종 흐름인지 확인할 필요가 있다.
업체수·고용 규모가 작아 비율 변동이 크게 나타난다. 절대 증감 개수로 다시 확인할 필요가 있다.
가동률 공표 정의가 바뀐 구간이어서 당기와 전년동기의 산출방식이 다르다. 가동률 증감 해석 전에 정의 차이를 확인할 필요가 있다.
이 분기는 월별 원자료가 공표되지 않아 분기 내 지속 여부를 확인할 수 없다. 분기말 단일시점 값에만 의존한 판단임을 감안할 필요가 있다.
연간보정 개정본을 사용한 구간이다. 이후 재개정 시 값이 달라질 수 있음을 확인할 필요가 있다.",고용지원 · 직업훈련 / 산업동향,,"창원시 제조업 전체에서 입직자 감소가 함께 관측되므로, 고용 감소가 신규 채용 둔화와 함께 나타나는지 확인할 필요가 있다.
가동률과 전력사용의 방향이 달라 업종 구성·설비 특성·자료범위(산단 vs 시 전체) 차이를 추가 확인할 필요가 있다.
경남 제조업 업황 심리지수가 기준선(100)을 밑돌아, 업종 고유 요인인지 지역 전반의 경기 흐름인지 구분해 확인할 필요가 있다.
같은 업종의 전국 업황 심리지수도 기준선을 밑돌아, 관측된 변화가 산단 고유 현상인지 전국 업종 흐름인지 확인할 필요가 있다.","업체수·고용 규모가 작아 비율 변동이 크게 나타난다. 절대 증감 개수로 다시 확인할 필요가 있다.
가동률 공표 정의가 바뀐 구간이어서 당기와 전년동기의 산출방식이 다르다. 가동률 증감 해석 전에 정의 차이를 확인할 필요가 있다.
이 분기는 월별 원자료가 공표되지 않아 분기 내 지속 여부를 확인할 수 없다. 분기말 단일시점 값에만 의존한 판단임을 감안할 필요가 있다.
연간보정 개정본을 사용한 구간이다. 이후 재개정 시 값이 달라질 수 있음을 확인할 필요가 있다.",해석 보류,소규모 분모 — 비율 변동 과대 가능 · 연간보정 개정본 사용 구간 · 가동률 공표 정의 단절 구간 · 월별 원자료 미제공 구간
비금속,2024Q4,관찰,원자료와 비교기간(전년동기 기준값)의 존재 여부를 먼저 확인한다.,"가동률 하락이 일시적 생산조정인지 수주·수요 감소에 따른 것인지 확인할 필요가 있다.
창원시 제조업 전체에서 입직자 감소가 함께 관측되므로, 고용 감소가 신규 채용 둔화와 함께 나타나는지 확인할 필요가 있다.
가동률 하락과 창원시 제조업 전력사용 감소가 함께 나타나 실제 생산활동 위축 여부를 추가 확인할 필요가 있다. 다만 전력은 시 전체 제조업 총계이므로 이 업종의 값이 아니다.
경남 제조업 업황 심리지수가 기준선(100)을 밑돌아, 업종 고유 요인인지 지역 전반의 경기 흐름인지 구분해 확인할 필요가 있다.
같은 업종의 전국 업황 심리지수도 기준선을 밑돌아, 관측된 변화가 산단 고유 현상인지 전국 업종 흐름인지 확인할 필요가 있다.
업체수·고용 규모가 작아 비율 변동이 크게 나타난다. 절대 증감 개수로 다시 확인할 필요가 있다.
가동률 공표 정의가 바뀐 구간이어서 당기와 전년동기의 산출방식이 다르다. 가동률 증감 해석 전에 정의 차이를 확인할 필요가 있다.
이 분기는 월별 원자료가 공표되지 않아 분기 내 지속 여부를 확인할 수 없다. 분기말 단일시점 값에만 의존한 판단임을 감안할 필요가 있다.
연간보정 개정본을 사용한 구간이다. 이후 재개정 시 값이 달라질 수 있음을 확인할 필요가 있다.",산업동향 · 기업지원 / 고용지원 · 직업훈련 / 산업동향,가동률 하락이 일시적 생산조정인지 수주·수요 감소에 따른 것인지 확인할 필요가 있다.,"창원시 제조업 전체에서 입직자 감소가 함께 관측되므로, 고용 감소가 신규 채용 둔화와 함께 나타나는지 확인할 필요가 있다.
가동률 하락과 창원시 제조업 전력사용 감소가 함께 나타나 실제 생산활동 위축 여부를 추가 확인할 필요가 있다. 다만 전력은 시 전체 제조업 총계이므로 이 업종의 값이 아니다.
경남 제조업 업황 심리지수가 기준선(100)을 밑돌아, 업종 고유 요인인지 지역 전반의 경기 흐름인지 구분해 확인할 필요가 있다.
같은 업종의 전국 업황 심리지수도 기준선을 밑돌아, 관측된 변화가 산단 고유 현상인지 전국 업종 흐름인지 확인할 필요가 있다.","업체수·고용 규모가 작아 비율 변동이 크게 나타난다. 절대 증감 개수로 다시 확인할 필요가 있다.
가동률 공표 정의가 바뀐 구간이어서 당기와 전년동기의 산출방식이 다르다. 가동률 증감 해석 전에 정의 차이를 확인할 필요가 있다.
이 분기는 월별 원자료가 공표되지 않아 분기 내 지속 여부를 확인할 수 없다. 분기말 단일시점 값에만 의존한 판단임을 감안할 필요가 있다.
연간보정 개정본을 사용한 구간이다. 이후 재개정 시 값이 달라질 수 있음을 확인할 필요가 있다.",가동 위축 신호,소규모 분모 — 비율 변동 과대 가능 · 연간보정 개정본 사용 구간 · 가동률 공표 정의 단절 구간 · 월별 원자료 미제공 구간
석유화학,2024Q4,관찰,원자료와 비교기간(전년동기 기준값)의 존재 여부를 먼저 확인한다.,"가동률 하락이 일시적 생산조정인지 수주·수요 감소에 따른 것인지 확인할 필요가 있다.
창원시 제조업 전체에서 입직자 감소가 함께 관측되므로, 고용 감소가 신규 채용 둔화와 함께 나타나는지 확인할 필요가 있다.
가동률 하락과 창원시 제조업 전력사용 감소가 함께 나타나 실제 생산활동 위축 여부를 추가 확인할 필요가 있다. 다만 전력은 시 전체 제조업 총계이므로 이 업종의 값이 아니다.
경남 제조업 업황 심리지수가 기준선(100)을 밑돌아, 업종 고유 요인인지 지역 전반의 경기 흐름인지 구분해 확인할 필요가 있다.
같은 업종의 전국 업황 심리지수도 기준선을 밑돌아, 관측된 변화가 산단 고유 현상인지 전국 업종 흐름인지 확인할 필요가 있다.
이 업종은 생산자물가지수 대응 후보가 복수이거나 없어, PPI 조정 생산을 단일값으로 해석하지 않고 원자료로 확인할 필요가 있다.
가동률 공표 정의가 바뀐 구간이어서 당기와 전년동기의 산출방식이 다르다. 가동률 증감 해석 전에 정의 차이를 확인할 필요가 있다.
이 분기는 월별 원자료가 공표되지 않아 분기 내 지속 여부를 확인할 수 없다. 분기말 단일시점 값에만 의존한 판단임을 감안할 필요가 있다.
연간보정 개정본을 사용한 구간이다. 이후 재개정 시 값이 달라질 수 있음을 확인할 필요가 있다.",산업동향 · 기업지원 / 고용지원 · 직업훈련 / 산업동향,가동률 하락이 일시적 생산조정인지 수주·수요 감소에 따른 것인지 확인할 필요가 있다.,"창원시 제조업 전체에서 입직자 감소가 함께 관측되므로, 고용 감소가 신규 채용 둔화와 함께 나타나는지 확인할 필요가 있다.
가동률 하락과 창원시 제조업 전력사용 감소가 함께 나타나 실제 생산활동 위축 여부를 추가 확인할 필요가 있다. 다만 전력은 시 전체 제조업 총계이므로 이 업종의 값이 아니다.
경남 제조업 업황 심리지수가 기준선(100)을 밑돌아, 업종 고유 요인인지 지역 전반의 경기 흐름인지 구분해 확인할 필요가 있다.
같은 업종의 전국 업황 심리지수도 기준선을 밑돌아, 관측된 변화가 산단 고유 현상인지 전국 업종 흐름인지 확인할 필요가 있다.","이 업종은 생산자물가지수 대응 후보가 복수이거나 없어, PPI 조정 생산을 단일값으로 해석하지 않고 원자료로 확인할 필요가 있다.
가동률 공표 정의가 바뀐 구간이어서 당기와 전년동기의 산출방식이 다르다. 가동률 증감 해석 전에 정의 차이를 확인할 필요가 있다.
이 분기는 월별 원자료가 공표되지 않아 분기 내 지속 여부를 확인할 수 없다. 분기말 단일시점 값에만 의존한 판단임을 감안할 필요가 있다.
연간보정 개정본을 사용한 구간이다. 이후 재개정 시 값이 달라질 수 있음을 확인할 필요가 있다.",가동 위축 신호,PPI 매핑 불확실(C·D 등급) · 연간보정 개정본 사용 구간 · 가동률 공표 정의 단절 구간 · 월별 원자료 미제공 구간
섬유의복,2024Q4,추가확인,원자료와 비교기간(전년동기 기준값)의 존재 여부를 먼저 확인한다.,"가동률 하락이 일시적 생산조정인지 수주·수요 감소에 따른 것인지 확인할 필요가 있다.
창원시 제조업 전체에서 입직자 감소가 함께 관측되므로, 고용 감소가 신규 채용 둔화와 함께 나타나는지 확인할 필요가 있다.
가동률 하락과 창원시 제조업 전력사용 감소가 함께 나타나 실제 생산활동 위축 여부를 추가 확인할 필요가 있다. 다만 전력은 시 전체 제조업 총계이므로 이 업종의 값이 아니다.
경남 제조업 업황 심리지수가 기준선(100)을 밑돌아, 업종 고유 요인인지 지역 전반의 경기 흐름인지 구분해 확인할 필요가 있다.
같은 업종의 전국 업황 심리지수도 기준선을 밑돌아, 관측된 변화가 산단 고유 현상인지 전국 업종 흐름인지 확인할 필요가 있다.
업체수·고용 규모가 작아 비율 변동이 크게 나타난다. 절대 증감 개수로 다시 확인할 필요가 있다.
가동률 공표 정의가 바뀐 구간이어서 당기와 전년동기의 산출방식이 다르다. 가동률 증감 해석 전에 정의 차이를 확인할 필요가 있다.
이 분기는 월별 원자료가 공표되지 않아 분기 내 지속 여부를 확인할 수 없다. 분기말 단일시점 값에만 의존한 판단임을 감안할 필요가 있다.
연간보정 개정본을 사용한 구간이다. 이후 재개정 시 값이 달라질 수 있음을 확인할 필요가 있다.",산업동향 · 기업지원 / 고용지원 · 직업훈련 / 산업동향,가동률 하락이 일시적 생산조정인지 수주·수요 감소에 따른 것인지 확인할 필요가 있다.,"창원시 제조업 전체에서 입직자 감소가 함께 관측되므로, 고용 감소가 신규 채용 둔화와 함께 나타나는지 확인할 필요가 있다.
가동률 하락과 창원시 제조업 전력사용 감소가 함께 나타나 실제 생산활동 위축 여부를 추가 확인할 필요가 있다. 다만 전력은 시 전체 제조업 총계이므로 이 업종의 값이 아니다.
경남 제조업 업황 심리지수가 기준선(100)을 밑돌아, 업종 고유 요인인지 지역 전반의 경기 흐름인지 구분해 확인할 필요가 있다.
같은 업종의 전국 업황 심리지수도 기준선을 밑돌아, 관측된 변화가 산단 고유 현상인지 전국 업종 흐름인지 확인할 필요가 있다.","업체수·고용 규모가 작아 비율 변동이 크게 나타난다. 절대 증감 개수로 다시 확인할 필요가 있다.
가동률 공표 정의가 바뀐 구간이어서 당기와 전년동기의 산출방식이 다르다. 가동률 증감 해석 전에 정의 차이를 확인할 필요가 있다.
이 분기는 월별 원자료가 공표되지 않아 분기 내 지속 여부를 확인할 수 없다. 분기말 단일시점 값에만 의존한 판단임을 감안할 필요가 있다.
연간보정 개정본을 사용한 구간이다. 이후 재개정 시 값이 달라질 수 있음을 확인할 필요가 있다.",가동 위축 신호,소규모 분모 — 비율 변동 과대 가능 · 연간보정 개정본 사용 구간 · 가동률 공표 정의 단절 구간 · 월별 원자료 미제공 구간
운송장비,2024Q4,관찰,원자료와 비교기간(전년동기 기준값)의 존재 여부를 먼저 확인한다.,"창원시 제조업 전체에서 입직자 감소가 함께 관측되므로, 고용 감소가 신규 채용 둔화와 함께 나타나는지 확인할 필요가 있다.
가동률과 전력사용의 방향이 달라 업종 구성·설비 특성·자료범위(산단 vs 시 전체) 차이를 추가 확인할 필요가 있다.
경남 제조업 업황 심리지수가 기준선(100)을 밑돌아, 업종 고유 요인인지 지역 전반의 경기 흐름인지 구분해 확인할 필요가 있다.
같은 업종의 전국 업황 심리지수도 기준선을 밑돌아, 관측된 변화가 산단 고유 현상인지 전국 업종 흐름인지 확인할 필요가 있다.
가동률 공표 정의가 바뀐 구간이어서 당기와 전년동기의 산출방식이 다르다. 가동률 증감 해석 전에 정의 차이를 확인할 필요가 있다.
이 분기는 월별 원자료가 공표되지 않아 분기 내 지속 여부를 확인할 수 없다. 분기말 단일시점 값에만 의존한 판단임을 감안할 필요가 있다.
연간보정 개정본을 사용한 구간이다. 이후 재개정 시 값이 달라질 수 있음을 확인할 필요가 있다.
외부 자료의 업종 구분이 산단 10업종과 정확히 대응하지 않는다. 비교 결과를 참고로만 읽고 대응 범위를 확인할 필요가 있다.",고용지원 · 직업훈련 / 산업동향,,"창원시 제조업 전체에서 입직자 감소가 함께 관측되므로, 고용 감소가 신규 채용 둔화와 함께 나타나는지 확인할 필요가 있다.
가동률과 전력사용의 방향이 달라 업종 구성·설비 특성·자료범위(산단 vs 시 전체) 차이를 추가 확인할 필요가 있다.
경남 제조업 업황 심리지수가 기준선(100)을 밑돌아, 업종 고유 요인인지 지역 전반의 경기 흐름인지 구분해 확인할 필요가 있다.
같은 업종의 전국 업황 심리지수도 기준선을 밑돌아, 관측된 변화가 산단 고유 현상인지 전국 업종 흐름인지 확인할 필요가 있다.","가동률 공표 정의가 바뀐 구간이어서 당기와 전년동기의 산출방식이 다르다. 가동률 증감 해석 전에 정의 차이를 확인할 필요가 있다.
이 분기는 월별 원자료가 공표되지 않아 분기 내 지속 여부를 확인할 수 없다. 분기말 단일시점 값에만 의존한 판단임을 감안할 필요가 있다.
연간보정 개정본을 사용한 구간이다. 이후 재개정 시 값이 달라질 수 있음을 확인할 필요가 있다.
외부 자료의 업종 구분이 산단 10업종과 정확히 대응하지 않는다. 비교 결과를 참고로만 읽고 대응 범위를 확인할 필요가 있다.",해석 보류,고용보험 지표와 방향 일치 · 연간보정 개정본 사용 구간 · 외부자료 업종 대응 불확실 · 가동률 공표 정의 단절 구간 · 월별 원자료 미제공 구간
음식료,2024Q4,관찰,원자료와 비교기간(전년동기 기준값)의 존재 여부를 먼저 확인한다.,"가동업체 감소가 실제 퇴거·폐업·통합·휴업에 따른 것인지, 아니면 조사대상 변동이나 집계기준 변경에 따른 것인지 확인할 필요가 있다.
창원시 제조업 전체에서 입직자 감소가 함께 관측되므로, 고용 감소가 신규 채용 둔화와 함께 나타나는지 확인할 필요가 있다.
가동률 하락과 창원시 제조업 전력사용 감소가 함께 나타나 실제 생산활동 위축 여부를 추가 확인할 필요가 있다. 다만 전력은 시 전체 제조업 총계이므로 이 업종의 값이 아니다.
경남 제조업 업황 심리지수가 기준선(100)을 밑돌아, 업종 고유 요인인지 지역 전반의 경기 흐름인지 구분해 확인할 필요가 있다.
같은 업종의 전국 업황 심리지수도 기준선을 밑돌아, 관측된 변화가 산단 고유 현상인지 전국 업종 흐름인지 확인할 필요가 있다.
업체수·고용 규모가 작아 비율 변동이 크게 나타난다. 절대 증감 개수로 다시 확인할 필요가 있다.
가동률 공표 정의가 바뀐 구간이어서 당기와 전년동기의 산출방식이 다르다. 가동률 증감 해석 전에 정의 차이를 확인할 필요가 있다.
이 분기는 월별 원자료가 공표되지 않아 분기 내 지속 여부를 확인할 수 없다. 분기말 단일시점 값에만 의존한 판단임을 감안할 필요가 있다.
연간보정 개정본을 사용한 구간이다. 이후 재개정 시 값이 달라질 수 있음을 확인할 필요가 있다.",산업동향 · 기업지원 / 고용지원 · 직업훈련 / 산업동향,"가동업체 감소가 실제 퇴거·폐업·통합·휴업에 따른 것인지, 아니면 조사대상 변동이나 집계기준 변경에 따른 것인지 확인할 필요가 있다.","창원시 제조업 전체에서 입직자 감소가 함께 관측되므로, 고용 감소가 신규 채용 둔화와 함께 나타나는지 확인할 필요가 있다.
가동률 하락과 창원시 제조업 전력사용 감소가 함께 나타나 실제 생산활동 위축 여부를 추가 확인할 필요가 있다. 다만 전력은 시 전체 제조업 총계이므로 이 업종의 값이 아니다.
경남 제조업 업황 심리지수가 기준선(100)을 밑돌아, 업종 고유 요인인지 지역 전반의 경기 흐름인지 구분해 확인할 필요가 있다.
같은 업종의 전국 업황 심리지수도 기준선을 밑돌아, 관측된 변화가 산단 고유 현상인지 전국 업종 흐름인지 확인할 필요가 있다.","업체수·고용 규모가 작아 비율 변동이 크게 나타난다. 절대 증감 개수로 다시 확인할 필요가 있다.
가동률 공표 정의가 바뀐 구간이어서 당기와 전년동기의 산출방식이 다르다. 가동률 증감 해석 전에 정의 차이를 확인할 필요가 있다.
이 분기는 월별 원자료가 공표되지 않아 분기 내 지속 여부를 확인할 수 없다. 분기말 단일시점 값에만 의존한 판단임을 감안할 필요가 있다.
연간보정 개정본을 사용한 구간이다. 이후 재개정 시 값이 달라질 수 있음을 확인할 필요가 있다.",업체수 감소 신호,소규모 분모 — 비율 변동 과대 가능 · 연간보정 개정본 사용 구간 · 가동률 공표 정의 단절 구간 · 월별 원자료 미제공 구간
전기전자,2024Q4,관찰,원자료와 비교기간(전년동기 기준값)의 존재 여부를 먼저 확인한다.,"가동률 하락이 일시적 생산조정인지 수주·수요 감소에 따른 것인지 확인할 필요가 있다.
확인된 품목 기준 수출이 함께 감소하고 있어, 외부수요 약화 가능성을 보려면 수출 감소가 특정 품목·기업에 집중되는지 추가 확인할 필요가 있다.
창원시 제조업 전체에서 입직자 감소가 함께 관측되므로, 고용 감소가 신규 채용 둔화와 함께 나타나는지 확인할 필요가 있다.
가동률 하락과 창원시 제조업 전력사용 감소가 함께 나타나 실제 생산활동 위축 여부를 추가 확인할 필요가 있다. 다만 전력은 시 전체 제조업 총계이므로 이 업종의 값이 아니다.
경남 제조업 업황 심리지수가 기준선(100)을 밑돌아, 업종 고유 요인인지 지역 전반의 경기 흐름인지 구분해 확인할 필요가 있다.
같은 업종의 전국 업황 심리지수도 기준선을 밑돌아, 관측된 변화가 산단 고유 현상인지 전국 업종 흐름인지 확인할 필요가 있다.
이 업종은 생산자물가지수 대응 후보가 복수이거나 없어, PPI 조정 생산을 단일값으로 해석하지 않고 원자료로 확인할 필요가 있다.
가동률 공표 정의가 바뀐 구간이어서 당기와 전년동기의 산출방식이 다르다. 가동률 증감 해석 전에 정의 차이를 확인할 필요가 있다.
이 분기는 월별 원자료가 공표되지 않아 분기 내 지속 여부를 확인할 수 없다. 분기말 단일시점 값에만 의존한 판단임을 감안할 필요가 있다.
연간보정 개정본을 사용한 구간이다. 이후 재개정 시 값이 달라질 수 있음을 확인할 필요가 있다.
외부 자료의 업종 구분이 산단 10업종과 정확히 대응하지 않는다. 비교 결과를 참고로만 읽고 대응 범위를 확인할 필요가 있다.",산업동향 · 기업지원 / 고용지원 · 직업훈련 / 산업동향,가동률 하락이 일시적 생산조정인지 수주·수요 감소에 따른 것인지 확인할 필요가 있다.,"확인된 품목 기준 수출이 함께 감소하고 있어, 외부수요 약화 가능성을 보려면 수출 감소가 특정 품목·기업에 집중되는지 추가 확인할 필요가 있다.
창원시 제조업 전체에서 입직자 감소가 함께 관측되므로, 고용 감소가 신규 채용 둔화와 함께 나타나는지 확인할 필요가 있다.
가동률 하락과 창원시 제조업 전력사용 감소가 함께 나타나 실제 생산활동 위축 여부를 추가 확인할 필요가 있다. 다만 전력은 시 전체 제조업 총계이므로 이 업종의 값이 아니다.
경남 제조업 업황 심리지수가 기준선(100)을 밑돌아, 업종 고유 요인인지 지역 전반의 경기 흐름인지 구분해 확인할 필요가 있다.
같은 업종의 전국 업황 심리지수도 기준선을 밑돌아, 관측된 변화가 산단 고유 현상인지 전국 업종 흐름인지 확인할 필요가 있다.","이 업종은 생산자물가지수 대응 후보가 복수이거나 없어, PPI 조정 생산을 단일값으로 해석하지 않고 원자료로 확인할 필요가 있다.
가동률 공표 정의가 바뀐 구간이어서 당기와 전년동기의 산출방식이 다르다. 가동률 증감 해석 전에 정의 차이를 확인할 필요가 있다.
이 분기는 월별 원자료가 공표되지 않아 분기 내 지속 여부를 확인할 수 없다. 분기말 단일시점 값에만 의존한 판단임을 감안할 필요가 있다.
연간보정 개정본을 사용한 구간이다. 이후 재개정 시 값이 달라질 수 있음을 확인할 필요가 있다.
외부 자료의 업종 구분이 산단 10업종과 정확히 대응하지 않는다. 비교 결과를 참고로만 읽고 대응 범위를 확인할 필요가 있다.",가동 위축 신호,고용보험 지표와 방향 일치 · PPI 매핑 불확실(C·D 등급) · 연간보정 개정본 사용 구간 · 외부자료 업종 대응 불확실 · 가동률 공표 정의 단절 구간 · 월별 원자료 미제공 구간
철강,2024Q4,관찰,원자료와 비교기간(전년동기 기준값)의 존재 여부를 먼저 확인한다.,"가동률 하락이 일시적 생산조정인지 수주·수요 감소에 따른 것인지 확인할 필요가 있다.
창원시 제조업 전체에서 입직자 감소가 함께 관측되므로, 고용 감소가 신규 채용 둔화와 함께 나타나는지 확인할 필요가 있다.
가동률 하락과 창원시 제조업 전력사용 감소가 함께 나타나 실제 생산활동 위축 여부를 추가 확인할 필요가 있다. 다만 전력은 시 전체 제조업 총계이므로 이 업종의 값이 아니다.
경남 제조업 업황 심리지수가 기준선(100)을 밑돌아, 업종 고유 요인인지 지역 전반의 경기 흐름인지 구분해 확인할 필요가 있다.
같은 업종의 전국 업황 심리지수도 기준선을 밑돌아, 관측된 변화가 산단 고유 현상인지 전국 업종 흐름인지 확인할 필요가 있다.
가동률 공표 정의가 바뀐 구간이어서 당기와 전년동기의 산출방식이 다르다. 가동률 증감 해석 전에 정의 차이를 확인할 필요가 있다.
이 분기는 월별 원자료가 공표되지 않아 분기 내 지속 여부를 확인할 수 없다. 분기말 단일시점 값에만 의존한 판단임을 감안할 필요가 있다.
연간보정 개정본을 사용한 구간이다. 이후 재개정 시 값이 달라질 수 있음을 확인할 필요가 있다.",산업동향 · 기업지원 / 고용지원 · 직업훈련 / 산업동향,가동률 하락이 일시적 생산조정인지 수주·수요 감소에 따른 것인지 확인할 필요가 있다.,"창원시 제조업 전체에서 입직자 감소가 함께 관측되므로, 고용 감소가 신규 채용 둔화와 함께 나타나는지 확인할 필요가 있다.
가동률 하락과 창원시 제조업 전력사용 감소가 함께 나타나 실제 생산활동 위축 여부를 추가 확인할 필요가 있다. 다만 전력은 시 전체 제조업 총계이므로 이 업종의 값이 아니다.
경남 제조업 업황 심리지수가 기준선(100)을 밑돌아, 업종 고유 요인인지 지역 전반의 경기 흐름인지 구분해 확인할 필요가 있다.
같은 업종의 전국 업황 심리지수도 기준선을 밑돌아, 관측된 변화가 산단 고유 현상인지 전국 업종 흐름인지 확인할 필요가 있다.","가동률 공표 정의가 바뀐 구간이어서 당기와 전년동기의 산출방식이 다르다. 가동률 증감 해석 전에 정의 차이를 확인할 필요가 있다.
이 분기는 월별 원자료가 공표되지 않아 분기 내 지속 여부를 확인할 수 없다. 분기말 단일시점 값에만 의존한 판단임을 감안할 필요가 있다.
연간보정 개정본을 사용한 구간이다. 이후 재개정 시 값이 달라질 수 있음을 확인할 필요가 있다.",가동 위축 신호,연간보정 개정본 사용 구간 · 가동률 공표 정의 단절 구간 · 월별 원자료 미제공 구간
기계,2025Q1,관찰,미충원·숙련수요·증가의 지속가능성을 확인한다.,"확인된 품목 기준 수출이 함께 감소하고 있어, 외부수요 약화 가능성을 보려면 수출 감소가 특정 품목·기업에 집중되는지 추가 확인할 필요가 있다.
창원시 제조업 전체에서 입직자 감소가 함께 관측되므로, 고용 감소가 신규 채용 둔화와 함께 나타나는지 확인할 필요가 있다.
가동률과 전력사용의 방향이 달라 업종 구성·설비 특성·자료범위(산단 vs 시 전체) 차이를 추가 확인할 필요가 있다.
경남 제조업 업황 심리지수가 기준선(100)을 밑돌아, 업종 고유 요인인지 지역 전반의 경기 흐름인지 구분해 확인할 필요가 있다.
같은 업종의 전국 업황 심리지수도 기준선을 밑돌아, 관측된 변화가 산단 고유 현상인지 전국 업종 흐름인지 확인할 필요가 있다.
가동률 공표 정의가 바뀐 구간이어서 당기와 전년동기의 산출방식이 다르다. 가동률 증감 해석 전에 정의 차이를 확인할 필요가 있다.
이 분기는 월별 원자료가 공표되지 않아 분기 내 지속 여부를 확인할 수 없다. 분기말 단일시점 값에만 의존한 판단임을 감안할 필요가 있다.
연간보정 개정본을 사용한 구간이다. 이후 재개정 시 값이 달라질 수 있음을 확인할 필요가 있다.",산업동향 · 기업지원 / 고용지원 · 직업훈련 / 산업동향,,"확인된 품목 기준 수출이 함께 감소하고 있어, 외부수요 약화 가능성을 보려면 수출 감소가 특정 품목·기업에 집중되는지 추가 확인할 필요가 있다.
창원시 제조업 전체에서 입직자 감소가 함께 관측되므로, 고용 감소가 신규 채용 둔화와 함께 나타나는지 확인할 필요가 있다.
가동률과 전력사용의 방향이 달라 업종 구성·설비 특성·자료범위(산단 vs 시 전체) 차이를 추가 확인할 필요가 있다.
경남 제조업 업황 심리지수가 기준선(100)을 밑돌아, 업종 고유 요인인지 지역 전반의 경기 흐름인지 구분해 확인할 필요가 있다.
같은 업종의 전국 업황 심리지수도 기준선을 밑돌아, 관측된 변화가 산단 고유 현상인지 전국 업종 흐름인지 확인할 필요가 있다.","가동률 공표 정의가 바뀐 구간이어서 당기와 전년동기의 산출방식이 다르다. 가동률 증감 해석 전에 정의 차이를 확인할 필요가 있다.
이 분기는 월별 원자료가 공표되지 않아 분기 내 지속 여부를 확인할 수 없다. 분기말 단일시점 값에만 의존한 판단임을 감안할 필요가 있다.
연간보정 개정본을 사용한 구간이다. 이후 재개정 시 값이 달라질 수 있음을 확인할 필요가 있다.",해석 보류,고용보험 지표와 방향 일치 · 연간보정 개정본 사용 구간 · 가동률 공표 정의 단절 구간 · 월별 원자료 미제공 구간
기타,2025Q1,추가확인,"자동화·설비투자, 외주·도급 전환, 미충원·숙련 불일치, 직무구조 변화 가능성을 질문으로 확인한다(원인 후보이며 입증된 원인이 아님).","생산이 유지되는데 고용이 감소하고 있어 자동화·생산성 변화·미충원·외주화·인력구조 조정 여부를 확인할 필요가 있다.
창원시 제조업 전체에서 입직자 감소가 함께 관측되므로, 고용 감소가 신규 채용 둔화와 함께 나타나는지 확인할 필요가 있다.
가동률과 전력사용의 방향이 달라 업종 구성·설비 특성·자료범위(산단 vs 시 전체) 차이를 추가 확인할 필요가 있다.
경남 제조업 업황 심리지수가 기준선(100)을 밑돌아, 업종 고유 요인인지 지역 전반의 경기 흐름인지 구분해 확인할 필요가 있다.
이 업종은 생산자물가지수 대응 후보가 복수이거나 없어, PPI 조정 생산을 단일값으로 해석하지 않고 원자료로 확인할 필요가 있다.
업체수·고용 규모가 작아 비율 변동이 크게 나타난다. 절대 증감 개수로 다시 확인할 필요가 있다.
가동률 공표 정의가 바뀐 구간이어서 당기와 전년동기의 산출방식이 다르다. 가동률 증감 해석 전에 정의 차이를 확인할 필요가 있다.
이 분기는 월별 원자료가 공표되지 않아 분기 내 지속 여부를 확인할 수 없다. 분기말 단일시점 값에만 의존한 판단임을 감안할 필요가 있다.
연간보정 개정본을 사용한 구간이다. 이후 재개정 시 값이 달라질 수 있음을 확인할 필요가 있다.",고용지원 · 직업훈련 / 산업동향,생산이 유지되는데 고용이 감소하고 있어 자동화·생산성 변화·미충원·외주화·인력구조 조정 여부를 확인할 필요가 있다.,"창원시 제조업 전체에서 입직자 감소가 함께 관측되므로, 고용 감소가 신규 채용 둔화와 함께 나타나는지 확인할 필요가 있다.
가동률과 전력사용의 방향이 달라 업종 구성·설비 특성·자료범위(산단 vs 시 전체) 차이를 추가 확인할 필요가 있다.
경남 제조업 업황 심리지수가 기준선(100)을 밑돌아, 업종 고유 요인인지 지역 전반의 경기 흐름인지 구분해 확인할 필요가 있다.","이 업종은 생산자물가지수 대응 후보가 복수이거나 없어, PPI 조정 생산을 단일값으로 해석하지 않고 원자료로 확인할 필요가 있다.
업체수·고용 규모가 작아 비율 변동이 크게 나타난다. 절대 증감 개수로 다시 확인할 필요가 있다.
가동률 공표 정의가 바뀐 구간이어서 당기와 전년동기의 산출방식이 다르다. 가동률 증감 해석 전에 정의 차이를 확인할 필요가 있다.
이 분기는 월별 원자료가 공표되지 않아 분기 내 지속 여부를 확인할 수 없다. 분기말 단일시점 값에만 의존한 판단임을 감안할 필요가 있다.
연간보정 개정본을 사용한 구간이다. 이후 재개정 시 값이 달라질 수 있음을 확인할 필요가 있다.",생산유지·고용감소 신호,PPI 매핑 불확실(C·D 등급) · 소규모 분모 — 비율 변동 과대 가능 · 연간보정 개정본 사용 구간 · 가동률 공표 정의 단절 구간 · 월별 원자료 미제공 구간
목재종이,2025Q1,관찰,미충원·숙련수요·증가의 지속가능성을 확인한다.,"가동률 하락이 일시적 생산조정인지 수주·수요 감소에 따른 것인지 확인할 필요가 있다.
창원시 제조업 전체에서 입직자 감소가 함께 관측되므로, 고용 감소가 신규 채용 둔화와 함께 나타나는지 확인할 필요가 있다.
가동률 하락과 창원시 제조업 전력사용 감소가 함께 나타나 실제 생산활동 위축 여부를 추가 확인할 필요가 있다. 다만 전력은 시 전체 제조업 총계이므로 이 업종의 값이 아니다.
경남 제조업 업황 심리지수가 기준선(100)을 밑돌아, 업종 고유 요인인지 지역 전반의 경기 흐름인지 구분해 확인할 필요가 있다.
같은 업종의 전국 업황 심리지수도 기준선을 밑돌아, 관측된 변화가 산단 고유 현상인지 전국 업종 흐름인지 확인할 필요가 있다.
가동률 공표 정의가 바뀐 구간이어서 당기와 전년동기의 산출방식이 다르다. 가동률 증감 해석 전에 정의 차이를 확인할 필요가 있다.
이 분기는 월별 원자료가 공표되지 않아 분기 내 지속 여부를 확인할 수 없다. 분기말 단일시점 값에만 의존한 판단임을 감안할 필요가 있다.
연간보정 개정본을 사용한 구간이다. 이후 재개정 시 값이 달라질 수 있음을 확인할 필요가 있다.",산업동향 · 기업지원 / 고용지원 · 직업훈련 / 산업동향,가동률 하락이 일시적 생산조정인지 수주·수요 감소에 따른 것인지 확인할 필요가 있다.,"창원시 제조업 전체에서 입직자 감소가 함께 관측되므로, 고용 감소가 신규 채용 둔화와 함께 나타나는지 확인할 필요가 있다.
가동률 하락과 창원시 제조업 전력사용 감소가 함께 나타나 실제 생산활동 위축 여부를 추가 확인할 필요가 있다. 다만 전력은 시 전체 제조업 총계이므로 이 업종의 값이 아니다.
경남 제조업 업황 심리지수가 기준선(100)을 밑돌아, 업종 고유 요인인지 지역 전반의 경기 흐름인지 구분해 확인할 필요가 있다.
같은 업종의 전국 업황 심리지수도 기준선을 밑돌아, 관측된 변화가 산단 고유 현상인지 전국 업종 흐름인지 확인할 필요가 있다.","가동률 공표 정의가 바뀐 구간이어서 당기와 전년동기의 산출방식이 다르다. 가동률 증감 해석 전에 정의 차이를 확인할 필요가 있다.
이 분기는 월별 원자료가 공표되지 않아 분기 내 지속 여부를 확인할 수 없다. 분기말 단일시점 값에만 의존한 판단임을 감안할 필요가 있다.
연간보정 개정본을 사용한 구간이다. 이후 재개정 시 값이 달라질 수 있음을 확인할 필요가 있다.",가동 위축 신호,연간보정 개정본 사용 구간 · 가동률 공표 정의 단절 구간 · 월별 원자료 미제공 구간
비금속,2025Q1,추가확인,수주잔량·가동률·휴업/감산·기업 수 변동·고용조정 계획 신고 여부를 확인한다(원인 후보이며 입증된 원인이 아님).,"가동률 하락이 일시적 생산조정인지 수주·수요 감소에 따른 것인지 확인할 필요가 있다.
명목생산 변화에 가격효과가 포함되어 있으므로 실제 물량이 줄었는지 추가로 확인할 필요가 있다.
창원시 제조업 전체에서 입직자 감소가 함께 관측되므로, 고용 감소가 신규 채용 둔화와 함께 나타나는지 확인할 필요가 있다.
가동률 하락과 창원시 제조업 전력사용 감소가 함께 나타나 실제 생산활동 위축 여부를 추가 확인할 필요가 있다. 다만 전력은 시 전체 제조업 총계이므로 이 업종의 값이 아니다.
경남 제조업 업황 심리지수가 기준선(100)을 밑돌아, 업종 고유 요인인지 지역 전반의 경기 흐름인지 구분해 확인할 필요가 있다.
같은 업종의 전국 업황 심리지수도 기준선을 밑돌아, 관측된 변화가 산단 고유 현상인지 전국 업종 흐름인지 확인할 필요가 있다.
업체수·고용 규모가 작아 비율 변동이 크게 나타난다. 절대 증감 개수로 다시 확인할 필요가 있다.
가동률 공표 정의가 바뀐 구간이어서 당기와 전년동기의 산출방식이 다르다. 가동률 증감 해석 전에 정의 차이를 확인할 필요가 있다.
이 분기는 월별 원자료가 공표되지 않아 분기 내 지속 여부를 확인할 수 없다. 분기말 단일시점 값에만 의존한 판단임을 감안할 필요가 있다.
연간보정 개정본을 사용한 구간이다. 이후 재개정 시 값이 달라질 수 있음을 확인할 필요가 있다.",산업동향 · 기업지원 / 산업동향 / 고용지원 · 직업훈련,"가동률 하락이 일시적 생산조정인지 수주·수요 감소에 따른 것인지 확인할 필요가 있다.
명목생산 변화에 가격효과가 포함되어 있으므로 실제 물량이 줄었는지 추가로 확인할 필요가 있다.","창원시 제조업 전체에서 입직자 감소가 함께 관측되므로, 고용 감소가 신규 채용 둔화와 함께 나타나는지 확인할 필요가 있다.
가동률 하락과 창원시 제조업 전력사용 감소가 함께 나타나 실제 생산활동 위축 여부를 추가 확인할 필요가 있다. 다만 전력은 시 전체 제조업 총계이므로 이 업종의 값이 아니다.
경남 제조업 업황 심리지수가 기준선(100)을 밑돌아, 업종 고유 요인인지 지역 전반의 경기 흐름인지 구분해 확인할 필요가 있다.
같은 업종의 전국 업황 심리지수도 기준선을 밑돌아, 관측된 변화가 산단 고유 현상인지 전국 업종 흐름인지 확인할 필요가 있다.","업체수·고용 규모가 작아 비율 변동이 크게 나타난다. 절대 증감 개수로 다시 확인할 필요가 있다.
가동률 공표 정의가 바뀐 구간이어서 당기와 전년동기의 산출방식이 다르다. 가동률 증감 해석 전에 정의 차이를 확인할 필요가 있다.
이 분기는 월별 원자료가 공표되지 않아 분기 내 지속 여부를 확인할 수 없다. 분기말 단일시점 값에만 의존한 판단임을 감안할 필요가 있다.
연간보정 개정본을 사용한 구간이다. 이후 재개정 시 값이 달라질 수 있음을 확인할 필요가 있다.",가동 위축 신호 · 실질생산 위축 신호(PPI 조정),소규모 분모 — 비율 변동 과대 가능 · 연간보정 개정본 사용 구간 · 가동률 공표 정의 단절 구간 · 월별 원자료 미제공 구간
석유화학,2025Q1,관찰,수주잔량·가동률·휴업/감산·기업 수 변동·고용조정 계획 신고 여부를 확인한다(원인 후보이며 입증된 원인이 아님).,"창원시 제조업 전체에서 입직자 감소가 함께 관측되므로, 고용 감소가 신규 채용 둔화와 함께 나타나는지 확인할 필요가 있다.
가동률과 전력사용의 방향이 달라 업종 구성·설비 특성·자료범위(산단 vs 시 전체) 차이를 추가 확인할 필요가 있다.
경남 제조업 업황 심리지수가 기준선(100)을 밑돌아, 업종 고유 요인인지 지역 전반의 경기 흐름인지 구분해 확인할 필요가 있다.
같은 업종의 전국 업황 심리지수도 기준선을 밑돌아, 관측된 변화가 산단 고유 현상인지 전국 업종 흐름인지 확인할 필요가 있다.
이 업종은 생산자물가지수 대응 후보가 복수이거나 없어, PPI 조정 생산을 단일값으로 해석하지 않고 원자료로 확인할 필요가 있다.
가동률 공표 정의가 바뀐 구간이어서 당기와 전년동기의 산출방식이 다르다. 가동률 증감 해석 전에 정의 차이를 확인할 필요가 있다.
이 분기는 월별 원자료가 공표되지 않아 분기 내 지속 여부를 확인할 수 없다. 분기말 단일시점 값에만 의존한 판단임을 감안할 필요가 있다.
연간보정 개정본을 사용한 구간이다. 이후 재개정 시 값이 달라질 수 있음을 확인할 필요가 있다.",고용지원 · 직업훈련 / 산업동향,,"창원시 제조업 전체에서 입직자 감소가 함께 관측되므로, 고용 감소가 신규 채용 둔화와 함께 나타나는지 확인할 필요가 있다.
가동률과 전력사용의 방향이 달라 업종 구성·설비 특성·자료범위(산단 vs 시 전체) 차이를 추가 확인할 필요가 있다.
경남 제조업 업황 심리지수가 기준선(100)을 밑돌아, 업종 고유 요인인지 지역 전반의 경기 흐름인지 구분해 확인할 필요가 있다.
같은 업종의 전국 업황 심리지수도 기준선을 밑돌아, 관측된 변화가 산단 고유 현상인지 전국 업종 흐름인지 확인할 필요가 있다.","이 업종은 생산자물가지수 대응 후보가 복수이거나 없어, PPI 조정 생산을 단일값으로 해석하지 않고 원자료로 확인할 필요가 있다.
가동률 공표 정의가 바뀐 구간이어서 당기와 전년동기의 산출방식이 다르다. 가동률 증감 해석 전에 정의 차이를 확인할 필요가 있다.
이 분기는 월별 원자료가 공표되지 않아 분기 내 지속 여부를 확인할 수 없다. 분기말 단일시점 값에만 의존한 판단임을 감안할 필요가 있다.
연간보정 개정본을 사용한 구간이다. 이후 재개정 시 값이 달라질 수 있음을 확인할 필요가 있다.",해석 보류,PPI 매핑 불확실(C·D 등급) · 연간보정 개정본 사용 구간 · 가동률 공표 정의 단절 구간 · 월별 원자료 미제공 구간
섬유의복,2025Q1,추가확인,수주잔량·가동률·휴업/감산·기업 수 변동·고용조정 계획 신고 여부를 확인한다(원인 후보이며 입증된 원인이 아님).,"가동률 하락이 일시적 생산조정인지 수주·수요 감소에 따른 것인지 확인할 필요가 있다.
창원시 제조업 전체에서 입직자 감소가 함께 관측되므로, 고용 감소가 신규 채용 둔화와 함께 나타나는지 확인할 필요가 있다.
가동률 하락과 창원시 제조업 전력사용 감소가 함께 나타나 실제 생산활동 위축 여부를 추가 확인할 필요가 있다. 다만 전력은 시 전체 제조업 총계이므로 이 업종의 값이 아니다.
경남 제조업 업황 심리지수가 기준선(100)을 밑돌아, 업종 고유 요인인지 지역 전반의 경기 흐름인지 구분해 확인할 필요가 있다.
같은 업종의 전국 업황 심리지수도 기준선을 밑돌아, 관측된 변화가 산단 고유 현상인지 전국 업종 흐름인지 확인할 필요가 있다.
업체수·고용 규모가 작아 비율 변동이 크게 나타난다. 절대 증감 개수로 다시 확인할 필요가 있다.
가동률 공표 정의가 바뀐 구간이어서 당기와 전년동기의 산출방식이 다르다. 가동률 증감 해석 전에 정의 차이를 확인할 필요가 있다.
이 분기는 월별 원자료가 공표되지 않아 분기 내 지속 여부를 확인할 수 없다. 분기말 단일시점 값에만 의존한 판단임을 감안할 필요가 있다.
연간보정 개정본을 사용한 구간이다. 이후 재개정 시 값이 달라질 수 있음을 확인할 필요가 있다.",산업동향 · 기업지원 / 고용지원 · 직업훈련 / 산업동향,가동률 하락이 일시적 생산조정인지 수주·수요 감소에 따른 것인지 확인할 필요가 있다.,"창원시 제조업 전체에서 입직자 감소가 함께 관측되므로, 고용 감소가 신규 채용 둔화와 함께 나타나는지 확인할 필요가 있다.
가동률 하락과 창원시 제조업 전력사용 감소가 함께 나타나 실제 생산활동 위축 여부를 추가 확인할 필요가 있다. 다만 전력은 시 전체 제조업 총계이므로 이 업종의 값이 아니다.
경남 제조업 업황 심리지수가 기준선(100)을 밑돌아, 업종 고유 요인인지 지역 전반의 경기 흐름인지 구분해 확인할 필요가 있다.
같은 업종의 전국 업황 심리지수도 기준선을 밑돌아, 관측된 변화가 산단 고유 현상인지 전국 업종 흐름인지 확인할 필요가 있다.","업체수·고용 규모가 작아 비율 변동이 크게 나타난다. 절대 증감 개수로 다시 확인할 필요가 있다.
가동률 공표 정의가 바뀐 구간이어서 당기와 전년동기의 산출방식이 다르다. 가동률 증감 해석 전에 정의 차이를 확인할 필요가 있다.
이 분기는 월별 원자료가 공표되지 않아 분기 내 지속 여부를 확인할 수 없다. 분기말 단일시점 값에만 의존한 판단임을 감안할 필요가 있다.
연간보정 개정본을 사용한 구간이다. 이후 재개정 시 값이 달라질 수 있음을 확인할 필요가 있다.",가동 위축 신호,소규모 분모 — 비율 변동 과대 가능 · 연간보정 개정본 사용 구간 · 가동률 공표 정의 단절 구간 · 월별 원자료 미제공 구간
운송장비,2025Q1,관찰,"자동화·설비투자, 외주·도급 전환, 미충원·숙련 불일치, 직무구조 변화 가능성을 질문으로 확인한다(원인 후보이며 입증된 원인이 아님).","생산이 유지되는데 고용이 감소하고 있어 자동화·생산성 변화·미충원·외주화·인력구조 조정 여부를 확인할 필요가 있다.
확인된 품목 기준 수출은 유지·확대되는데 고용이 감소하고 있어 생산성·자동화·기업구성 변화 등의 가능성을 추가 확인할 필요가 있다.
창원시 제조업 전체에서 입직자 감소가 함께 관측되므로, 고용 감소가 신규 채용 둔화와 함께 나타나는지 확인할 필요가 있다.
가동률 하락과 창원시 제조업 전력사용 감소가 함께 나타나 실제 생산활동 위축 여부를 추가 확인할 필요가 있다. 다만 전력은 시 전체 제조업 총계이므로 이 업종의 값이 아니다.
경남 제조업 업황 심리지수가 기준선(100)을 밑돌아, 업종 고유 요인인지 지역 전반의 경기 흐름인지 구분해 확인할 필요가 있다.
같은 업종의 전국 업황 심리지수도 기준선을 밑돌아, 관측된 변화가 산단 고유 현상인지 전국 업종 흐름인지 확인할 필요가 있다.
가동률 공표 정의가 바뀐 구간이어서 당기와 전년동기의 산출방식이 다르다. 가동률 증감 해석 전에 정의 차이를 확인할 필요가 있다.
이 분기는 월별 원자료가 공표되지 않아 분기 내 지속 여부를 확인할 수 없다. 분기말 단일시점 값에만 의존한 판단임을 감안할 필요가 있다.
연간보정 개정본을 사용한 구간이다. 이후 재개정 시 값이 달라질 수 있음을 확인할 필요가 있다.
외부 자료의 업종 구분이 산단 10업종과 정확히 대응하지 않는다. 비교 결과를 참고로만 읽고 대응 범위를 확인할 필요가 있다.",고용지원 · 직업훈련 / 산업동향 · 기업지원 / 산업동향,생산이 유지되는데 고용이 감소하고 있어 자동화·생산성 변화·미충원·외주화·인력구조 조정 여부를 확인할 필요가 있다.,"확인된 품목 기준 수출은 유지·확대되는데 고용이 감소하고 있어 생산성·자동화·기업구성 변화 등의 가능성을 추가 확인할 필요가 있다.
창원시 제조업 전체에서 입직자 감소가 함께 관측되므로, 고용 감소가 신규 채용 둔화와 함께 나타나는지 확인할 필요가 있다.
가동률 하락과 창원시 제조업 전력사용 감소가 함께 나타나 실제 생산활동 위축 여부를 추가 확인할 필요가 있다. 다만 전력은 시 전체 제조업 총계이므로 이 업종의 값이 아니다.
경남 제조업 업황 심리지수가 기준선(100)을 밑돌아, 업종 고유 요인인지 지역 전반의 경기 흐름인지 구분해 확인할 필요가 있다.
같은 업종의 전국 업황 심리지수도 기준선을 밑돌아, 관측된 변화가 산단 고유 현상인지 전국 업종 흐름인지 확인할 필요가 있다.","가동률 공표 정의가 바뀐 구간이어서 당기와 전년동기의 산출방식이 다르다. 가동률 증감 해석 전에 정의 차이를 확인할 필요가 있다.
이 분기는 월별 원자료가 공표되지 않아 분기 내 지속 여부를 확인할 수 없다. 분기말 단일시점 값에만 의존한 판단임을 감안할 필요가 있다.
연간보정 개정본을 사용한 구간이다. 이후 재개정 시 값이 달라질 수 있음을 확인할 필요가 있다.
외부 자료의 업종 구분이 산단 10업종과 정확히 대응하지 않는다. 비교 결과를 참고로만 읽고 대응 범위를 확인할 필요가 있다.",생산유지·고용감소 신호,고용보험 지표와 방향 일치 · 연간보정 개정본 사용 구간 · 외부자료 업종 대응 불확실 · 가동률 공표 정의 단절 구간 · 월별 원자료 미제공 구간
음식료,2025Q1,우선점검,수주잔량·가동률·휴업/감산·기업 수 변동·고용조정 계획 신고 여부를 확인한다(원인 후보이며 입증된 원인이 아님).,"가동업체 감소가 실제 퇴거·폐업·통합·휴업에 따른 것인지, 아니면 조사대상 변동이나 집계기준 변경에 따른 것인지 확인할 필요가 있다.
명목생산 변화에 가격효과가 포함되어 있으므로 실제 물량이 줄었는지 추가로 확인할 필요가 있다.
창원시 제조업 전체에서 입직자 감소가 함께 관측되므로, 고용 감소가 신규 채용 둔화와 함께 나타나는지 확인할 필요가 있다.
가동률과 전력사용의 방향이 달라 업종 구성·설비 특성·자료범위(산단 vs 시 전체) 차이를 추가 확인할 필요가 있다.
경남 제조업 업황 심리지수가 기준선(100)을 밑돌아, 업종 고유 요인인지 지역 전반의 경기 흐름인지 구분해 확인할 필요가 있다.
같은 업종의 전국 업황 심리지수도 기준선을 밑돌아, 관측된 변화가 산단 고유 현상인지 전국 업종 흐름인지 확인할 필요가 있다.
업체수·고용 규모가 작아 비율 변동이 크게 나타난다. 절대 증감 개수로 다시 확인할 필요가 있다.
가동률 공표 정의가 바뀐 구간이어서 당기와 전년동기의 산출방식이 다르다. 가동률 증감 해석 전에 정의 차이를 확인할 필요가 있다.
이 분기는 월별 원자료가 공표되지 않아 분기 내 지속 여부를 확인할 수 없다. 분기말 단일시점 값에만 의존한 판단임을 감안할 필요가 있다.
연간보정 개정본을 사용한 구간이다. 이후 재개정 시 값이 달라질 수 있음을 확인할 필요가 있다.",산업동향 · 기업지원 / 산업동향 / 고용지원 · 직업훈련,"가동업체 감소가 실제 퇴거·폐업·통합·휴업에 따른 것인지, 아니면 조사대상 변동이나 집계기준 변경에 따른 것인지 확인할 필요가 있다.
명목생산 변화에 가격효과가 포함되어 있으므로 실제 물량이 줄었는지 추가로 확인할 필요가 있다.","창원시 제조업 전체에서 입직자 감소가 함께 관측되므로, 고용 감소가 신규 채용 둔화와 함께 나타나는지 확인할 필요가 있다.
가동률과 전력사용의 방향이 달라 업종 구성·설비 특성·자료범위(산단 vs 시 전체) 차이를 추가 확인할 필요가 있다.
경남 제조업 업황 심리지수가 기준선(100)을 밑돌아, 업종 고유 요인인지 지역 전반의 경기 흐름인지 구분해 확인할 필요가 있다.
같은 업종의 전국 업황 심리지수도 기준선을 밑돌아, 관측된 변화가 산단 고유 현상인지 전국 업종 흐름인지 확인할 필요가 있다.","업체수·고용 규모가 작아 비율 변동이 크게 나타난다. 절대 증감 개수로 다시 확인할 필요가 있다.
가동률 공표 정의가 바뀐 구간이어서 당기와 전년동기의 산출방식이 다르다. 가동률 증감 해석 전에 정의 차이를 확인할 필요가 있다.
이 분기는 월별 원자료가 공표되지 않아 분기 내 지속 여부를 확인할 수 없다. 분기말 단일시점 값에만 의존한 판단임을 감안할 필요가 있다.
연간보정 개정본을 사용한 구간이다. 이후 재개정 시 값이 달라질 수 있음을 확인할 필요가 있다.",업체수 감소 신호 · 실질생산 위축 신호(PPI 조정),소규모 분모 — 비율 변동 과대 가능 · 연간보정 개정본 사용 구간 · 가동률 공표 정의 단절 구간 · 월별 원자료 미제공 구간
전기전자,2025Q1,추가확인,"자동화·설비투자, 외주·도급 전환, 미충원·숙련 불일치, 직무구조 변화 가능성을 질문으로 확인한다(원인 후보이며 입증된 원인이 아님).","생산이 유지되는데 고용이 감소하고 있어 자동화·생산성 변화·미충원·외주화·인력구조 조정 여부를 확인할 필요가 있다.
확인된 품목 기준 수출이 함께 감소하고 있어, 외부수요 약화 가능성을 보려면 수출 감소가 특정 품목·기업에 집중되는지 추가 확인할 필요가 있다.
창원시 제조업 전체에서 입직자 감소가 함께 관측되므로, 고용 감소가 신규 채용 둔화와 함께 나타나는지 확인할 필요가 있다.
가동률과 전력사용의 방향이 달라 업종 구성·설비 특성·자료범위(산단 vs 시 전체) 차이를 추가 확인할 필요가 있다.
경남 제조업 업황 심리지수가 기준선(100)을 밑돌아, 업종 고유 요인인지 지역 전반의 경기 흐름인지 구분해 확인할 필요가 있다.
같은 업종의 전국 업황 심리지수도 기준선을 밑돌아, 관측된 변화가 산단 고유 현상인지 전국 업종 흐름인지 확인할 필요가 있다.
산단 고용과 창원시 고용보험 지표의 방향이 달라 모집단 차이·자료 개정·기업 구성 차이 중 무엇 때문인지 확인할 필요가 있다.
이 업종은 생산자물가지수 대응 후보가 복수이거나 없어, PPI 조정 생산을 단일값으로 해석하지 않고 원자료로 확인할 필요가 있다.
가동률 공표 정의가 바뀐 구간이어서 당기와 전년동기의 산출방식이 다르다. 가동률 증감 해석 전에 정의 차이를 확인할 필요가 있다.
이 분기는 월별 원자료가 공표되지 않아 분기 내 지속 여부를 확인할 수 없다. 분기말 단일시점 값에만 의존한 판단임을 감안할 필요가 있다.
연간보정 개정본을 사용한 구간이다. 이후 재개정 시 값이 달라질 수 있음을 확인할 필요가 있다.
외부 자료의 업종 구분이 산단 10업종과 정확히 대응하지 않는다. 비교 결과를 참고로만 읽고 대응 범위를 확인할 필요가 있다.",고용지원 · 직업훈련 / 산업동향 · 기업지원 / 산업동향,생산이 유지되는데 고용이 감소하고 있어 자동화·생산성 변화·미충원·외주화·인력구조 조정 여부를 확인할 필요가 있다.,"확인된 품목 기준 수출이 함께 감소하고 있어, 외부수요 약화 가능성을 보려면 수출 감소가 특정 품목·기업에 집중되는지 추가 확인할 필요가 있다.
창원시 제조업 전체에서 입직자 감소가 함께 관측되므로, 고용 감소가 신규 채용 둔화와 함께 나타나는지 확인할 필요가 있다.
가동률과 전력사용의 방향이 달라 업종 구성·설비 특성·자료범위(산단 vs 시 전체) 차이를 추가 확인할 필요가 있다.
경남 제조업 업황 심리지수가 기준선(100)을 밑돌아, 업종 고유 요인인지 지역 전반의 경기 흐름인지 구분해 확인할 필요가 있다.
같은 업종의 전국 업황 심리지수도 기준선을 밑돌아, 관측된 변화가 산단 고유 현상인지 전국 업종 흐름인지 확인할 필요가 있다.","산단 고용과 창원시 고용보험 지표의 방향이 달라 모집단 차이·자료 개정·기업 구성 차이 중 무엇 때문인지 확인할 필요가 있다.
이 업종은 생산자물가지수 대응 후보가 복수이거나 없어, PPI 조정 생산을 단일값으로 해석하지 않고 원자료로 확인할 필요가 있다.
가동률 공표 정의가 바뀐 구간이어서 당기와 전년동기의 산출방식이 다르다. 가동률 증감 해석 전에 정의 차이를 확인할 필요가 있다.
이 분기는 월별 원자료가 공표되지 않아 분기 내 지속 여부를 확인할 수 없다. 분기말 단일시점 값에만 의존한 판단임을 감안할 필요가 있다.
연간보정 개정본을 사용한 구간이다. 이후 재개정 시 값이 달라질 수 있음을 확인할 필요가 있다.
외부 자료의 업종 구분이 산단 10업종과 정확히 대응하지 않는다. 비교 결과를 참고로만 읽고 대응 범위를 확인할 필요가 있다.",생산유지·고용감소 신호,고용보험 지표와 방향 불일치 · PPI 매핑 불확실(C·D 등급) · 연간보정 개정본 사용 구간 · 외부자료 업종 대응 불확실 · 가동률 공표 정의 단절 구간 · 월별 원자료 미제공 구간
철강,2025Q1,관찰,선제채용·신규 입주기업·고용조정 시차·생산 단가와 물량 구분 가능성을 확인한다.,"가동률 하락이 일시적 생산조정인지 수주·수요 감소에 따른 것인지 확인할 필요가 있다.
명목생산 변화에 가격효과가 포함되어 있으므로 실제 물량이 줄었는지 추가로 확인할 필요가 있다.
확인된 품목 기준 수출이 함께 감소하고 있어, 외부수요 약화 가능성을 보려면 수출 감소가 특정 품목·기업에 집중되는지 추가 확인할 필요가 있다.
창원시 제조업 전체에서 입직자 감소가 함께 관측되므로, 고용 감소가 신규 채용 둔화와 함께 나타나는지 확인할 필요가 있다.
가동률 하락과 창원시 제조업 전력사용 감소가 함께 나타나 실제 생산활동 위축 여부를 추가 확인할 필요가 있다. 다만 전력은 시 전체 제조업 총계이므로 이 업종의 값이 아니다.
경남 제조업 업황 심리지수가 기준선(100)을 밑돌아, 업종 고유 요인인지 지역 전반의 경기 흐름인지 구분해 확인할 필요가 있다.
같은 업종의 전국 업황 심리지수도 기준선을 밑돌아, 관측된 변화가 산단 고유 현상인지 전국 업종 흐름인지 확인할 필요가 있다.
가동률 공표 정의가 바뀐 구간이어서 당기와 전년동기의 산출방식이 다르다. 가동률 증감 해석 전에 정의 차이를 확인할 필요가 있다.
이 분기는 월별 원자료가 공표되지 않아 분기 내 지속 여부를 확인할 수 없다. 분기말 단일시점 값에만 의존한 판단임을 감안할 필요가 있다.
연간보정 개정본을 사용한 구간이다. 이후 재개정 시 값이 달라질 수 있음을 확인할 필요가 있다.",산업동향 · 기업지원 / 산업동향 / 고용지원 · 직업훈련,"가동률 하락이 일시적 생산조정인지 수주·수요 감소에 따른 것인지 확인할 필요가 있다.
명목생산 변화에 가격효과가 포함되어 있으므로 실제 물량이 줄었는지 추가로 확인할 필요가 있다.","확인된 품목 기준 수출이 함께 감소하고 있어, 외부수요 약화 가능성을 보려면 수출 감소가 특정 품목·기업에 집중되는지 추가 확인할 필요가 있다.
창원시 제조업 전체에서 입직자 감소가 함께 관측되므로, 고용 감소가 신규 채용 둔화와 함께 나타나는지 확인할 필요가 있다.
가동률 하락과 창원시 제조업 전력사용 감소가 함께 나타나 실제 생산활동 위축 여부를 추가 확인할 필요가 있다. 다만 전력은 시 전체 제조업 총계이므로 이 업종의 값이 아니다.
경남 제조업 업황 심리지수가 기준선(100)을 밑돌아, 업종 고유 요인인지 지역 전반의 경기 흐름인지 구분해 확인할 필요가 있다.
같은 업종의 전국 업황 심리지수도 기준선을 밑돌아, 관측된 변화가 산단 고유 현상인지 전국 업종 흐름인지 확인할 필요가 있다.","가동률 공표 정의가 바뀐 구간이어서 당기와 전년동기의 산출방식이 다르다. 가동률 증감 해석 전에 정의 차이를 확인할 필요가 있다.
이 분기는 월별 원자료가 공표되지 않아 분기 내 지속 여부를 확인할 수 없다. 분기말 단일시점 값에만 의존한 판단임을 감안할 필요가 있다.
연간보정 개정본을 사용한 구간이다. 이후 재개정 시 값이 달라질 수 있음을 확인할 필요가 있다.",가동 위축 신호 · 실질생산 위축 신호(PPI 조정),연간보정 개정본 사용 구간 · 가동률 공표 정의 단절 구간 · 월별 원자료 미제공 구간
기계,2025Q2,관찰,미충원·숙련수요·증가의 지속가능성을 확인한다.,"창원시 제조업 전체에서 입직자 감소가 함께 관측되므로, 고용 감소가 신규 채용 둔화와 함께 나타나는지 확인할 필요가 있다.
가동률과 전력사용의 방향이 달라 업종 구성·설비 특성·자료범위(산단 vs 시 전체) 차이를 추가 확인할 필요가 있다.
경남 제조업 업황 심리지수가 기준선(100)을 밑돌아, 업종 고유 요인인지 지역 전반의 경기 흐름인지 구분해 확인할 필요가 있다.
같은 업종의 전국 업황 심리지수도 기준선을 밑돌아, 관측된 변화가 산단 고유 현상인지 전국 업종 흐름인지 확인할 필요가 있다.
산단 고용과 창원시 고용보험 지표의 방향이 달라 모집단 차이·자료 개정·기업 구성 차이 중 무엇 때문인지 확인할 필요가 있다.
이 분기는 월별 원자료가 공표되지 않아 분기 내 지속 여부를 확인할 수 없다. 분기말 단일시점 값에만 의존한 판단임을 감안할 필요가 있다.",고용지원 · 직업훈련 / 산업동향,,"창원시 제조업 전체에서 입직자 감소가 함께 관측되므로, 고용 감소가 신규 채용 둔화와 함께 나타나는지 확인할 필요가 있다.
가동률과 전력사용의 방향이 달라 업종 구성·설비 특성·자료범위(산단 vs 시 전체) 차이를 추가 확인할 필요가 있다.
경남 제조업 업황 심리지수가 기준선(100)을 밑돌아, 업종 고유 요인인지 지역 전반의 경기 흐름인지 구분해 확인할 필요가 있다.
같은 업종의 전국 업황 심리지수도 기준선을 밑돌아, 관측된 변화가 산단 고유 현상인지 전국 업종 흐름인지 확인할 필요가 있다.","산단 고용과 창원시 고용보험 지표의 방향이 달라 모집단 차이·자료 개정·기업 구성 차이 중 무엇 때문인지 확인할 필요가 있다.
이 분기는 월별 원자료가 공표되지 않아 분기 내 지속 여부를 확인할 수 없다. 분기말 단일시점 값에만 의존한 판단임을 감안할 필요가 있다.",해석 보류,고용보험 지표와 방향 불일치 · 월별 원자료 미제공 구간
기타,2025Q2,추가확인,"자동화·설비투자, 외주·도급 전환, 미충원·숙련 불일치, 직무구조 변화 가능성을 질문으로 확인한다(원인 후보이며 입증된 원인이 아님).","가동률 하락이 일시적 생산조정인지 수주·수요 감소에 따른 것인지 확인할 필요가 있다.
생산이 유지되는데 고용이 감소하고 있어 자동화·생산성 변화·미충원·외주화·인력구조 조정 여부를 확인할 필요가 있다.
창원시 제조업 전체에서 입직자 감소가 함께 관측되므로, 고용 감소가 신규 채용 둔화와 함께 나타나는지 확인할 필요가 있다.
가동률 하락과 창원시 제조업 전력사용 감소가 함께 나타나 실제 생산활동 위축 여부를 추가 확인할 필요가 있다. 다만 전력은 시 전체 제조업 총계이므로 이 업종의 값이 아니다.
경남 제조업 업황 심리지수가 기준선(100)을 밑돌아, 업종 고유 요인인지 지역 전반의 경기 흐름인지 구분해 확인할 필요가 있다.
이 업종은 생산자물가지수 대응 후보가 복수이거나 없어, PPI 조정 생산을 단일값으로 해석하지 않고 원자료로 확인할 필요가 있다.
업체수·고용 규모가 작아 비율 변동이 크게 나타난다. 절대 증감 개수로 다시 확인할 필요가 있다.
이 분기는 월별 원자료가 공표되지 않아 분기 내 지속 여부를 확인할 수 없다. 분기말 단일시점 값에만 의존한 판단임을 감안할 필요가 있다.",산업동향 · 기업지원 / 고용지원 · 직업훈련 / 산업동향,"가동률 하락이 일시적 생산조정인지 수주·수요 감소에 따른 것인지 확인할 필요가 있다.
생산이 유지되는데 고용이 감소하고 있어 자동화·생산성 변화·미충원·외주화·인력구조 조정 여부를 확인할 필요가 있다.","창원시 제조업 전체에서 입직자 감소가 함께 관측되므로, 고용 감소가 신규 채용 둔화와 함께 나타나는지 확인할 필요가 있다.
가동률 하락과 창원시 제조업 전력사용 감소가 함께 나타나 실제 생산활동 위축 여부를 추가 확인할 필요가 있다. 다만 전력은 시 전체 제조업 총계이므로 이 업종의 값이 아니다.
경남 제조업 업황 심리지수가 기준선(100)을 밑돌아, 업종 고유 요인인지 지역 전반의 경기 흐름인지 구분해 확인할 필요가 있다.","이 업종은 생산자물가지수 대응 후보가 복수이거나 없어, PPI 조정 생산을 단일값으로 해석하지 않고 원자료로 확인할 필요가 있다.
업체수·고용 규모가 작아 비율 변동이 크게 나타난다. 절대 증감 개수로 다시 확인할 필요가 있다.
이 분기는 월별 원자료가 공표되지 않아 분기 내 지속 여부를 확인할 수 없다. 분기말 단일시점 값에만 의존한 판단임을 감안할 필요가 있다.",가동 위축 신호 · 생산유지·고용감소 신호,PPI 매핑 불확실(C·D 등급) · 소규모 분모 — 비율 변동 과대 가능 · 월별 원자료 미제공 구간
목재종이,2025Q2,관찰,미충원·숙련수요·증가의 지속가능성을 확인한다.,"가동률 하락이 일시적 생산조정인지 수주·수요 감소에 따른 것인지 확인할 필요가 있다.
창원시 제조업 전체에서 입직자 감소가 함께 관측되므로, 고용 감소가 신규 채용 둔화와 함께 나타나는지 확인할 필요가 있다.
가동률 하락과 창원시 제조업 전력사용 감소가 함께 나타나 실제 생산활동 위축 여부를 추가 확인할 필요가 있다. 다만 전력은 시 전체 제조업 총계이므로 이 업종의 값이 아니다.
경남 제조업 업황 심리지수가 기준선(100)을 밑돌아, 업종 고유 요인인지 지역 전반의 경기 흐름인지 구분해 확인할 필요가 있다.
같은 업종의 전국 업황 심리지수도 기준선을 밑돌아, 관측된 변화가 산단 고유 현상인지 전국 업종 흐름인지 확인할 필요가 있다.
이 분기는 월별 원자료가 공표되지 않아 분기 내 지속 여부를 확인할 수 없다. 분기말 단일시점 값에만 의존한 판단임을 감안할 필요가 있다.",산업동향 · 기업지원 / 고용지원 · 직업훈련 / 산업동향,가동률 하락이 일시적 생산조정인지 수주·수요 감소에 따른 것인지 확인할 필요가 있다.,"창원시 제조업 전체에서 입직자 감소가 함께 관측되므로, 고용 감소가 신규 채용 둔화와 함께 나타나는지 확인할 필요가 있다.
가동률 하락과 창원시 제조업 전력사용 감소가 함께 나타나 실제 생산활동 위축 여부를 추가 확인할 필요가 있다. 다만 전력은 시 전체 제조업 총계이므로 이 업종의 값이 아니다.
경남 제조업 업황 심리지수가 기준선(100)을 밑돌아, 업종 고유 요인인지 지역 전반의 경기 흐름인지 구분해 확인할 필요가 있다.
같은 업종의 전국 업황 심리지수도 기준선을 밑돌아, 관측된 변화가 산단 고유 현상인지 전국 업종 흐름인지 확인할 필요가 있다.",이 분기는 월별 원자료가 공표되지 않아 분기 내 지속 여부를 확인할 수 없다. 분기말 단일시점 값에만 의존한 판단임을 감안할 필요가 있다.,가동 위축 신호,월별 원자료 미제공 구간
비금속,2025Q2,추가확인,수주잔량·가동률·휴업/감산·기업 수 변동·고용조정 계획 신고 여부를 확인한다(원인 후보이며 입증된 원인이 아님).,"가동률 하락이 일시적 생산조정인지 수주·수요 감소에 따른 것인지 확인할 필요가 있다.
명목생산 변화에 가격효과가 포함되어 있으므로 실제 물량이 줄었는지 추가로 확인할 필요가 있다.
창원시 제조업 전체에서 입직자 감소가 함께 관측되므로, 고용 감소가 신규 채용 둔화와 함께 나타나는지 확인할 필요가 있다.
가동률 하락과 창원시 제조업 전력사용 감소가 함께 나타나 실제 생산활동 위축 여부를 추가 확인할 필요가 있다. 다만 전력은 시 전체 제조업 총계이므로 이 업종의 값이 아니다.
경남 제조업 업황 심리지수가 기준선(100)을 밑돌아, 업종 고유 요인인지 지역 전반의 경기 흐름인지 구분해 확인할 필요가 있다.
같은 업종의 전국 업황 심리지수도 기준선을 밑돌아, 관측된 변화가 산단 고유 현상인지 전국 업종 흐름인지 확인할 필요가 있다.
업체수·고용 규모가 작아 비율 변동이 크게 나타난다. 절대 증감 개수로 다시 확인할 필요가 있다.
이 분기는 월별 원자료가 공표되지 않아 분기 내 지속 여부를 확인할 수 없다. 분기말 단일시점 값에만 의존한 판단임을 감안할 필요가 있다.",산업동향 · 기업지원 / 산업동향 / 고용지원 · 직업훈련,"가동률 하락이 일시적 생산조정인지 수주·수요 감소에 따른 것인지 확인할 필요가 있다.
명목생산 변화에 가격효과가 포함되어 있으므로 실제 물량이 줄었는지 추가로 확인할 필요가 있다.","창원시 제조업 전체에서 입직자 감소가 함께 관측되므로, 고용 감소가 신규 채용 둔화와 함께 나타나는지 확인할 필요가 있다.
가동률 하락과 창원시 제조업 전력사용 감소가 함께 나타나 실제 생산활동 위축 여부를 추가 확인할 필요가 있다. 다만 전력은 시 전체 제조업 총계이므로 이 업종의 값이 아니다.
경남 제조업 업황 심리지수가 기준선(100)을 밑돌아, 업종 고유 요인인지 지역 전반의 경기 흐름인지 구분해 확인할 필요가 있다.
같은 업종의 전국 업황 심리지수도 기준선을 밑돌아, 관측된 변화가 산단 고유 현상인지 전국 업종 흐름인지 확인할 필요가 있다.","업체수·고용 규모가 작아 비율 변동이 크게 나타난다. 절대 증감 개수로 다시 확인할 필요가 있다.
이 분기는 월별 원자료가 공표되지 않아 분기 내 지속 여부를 확인할 수 없다. 분기말 단일시점 값에만 의존한 판단임을 감안할 필요가 있다.",가동 위축 신호 · 실질생산 위축 신호(PPI 조정),소규모 분모 — 비율 변동 과대 가능 · 월별 원자료 미제공 구간
석유화학,2025Q2,우선점검,수주잔량·가동률·휴업/감산·기업 수 변동·고용조정 계획 신고 여부를 확인한다(원인 후보이며 입증된 원인이 아님).,"창원시 제조업 전체에서 입직자 감소가 함께 관측되므로, 고용 감소가 신규 채용 둔화와 함께 나타나는지 확인할 필요가 있다.
가동률 하락과 창원시 제조업 전력사용 감소가 함께 나타나 실제 생산활동 위축 여부를 추가 확인할 필요가 있다. 다만 전력은 시 전체 제조업 총계이므로 이 업종의 값이 아니다.
경남 제조업 업황 심리지수가 기준선(100)을 밑돌아, 업종 고유 요인인지 지역 전반의 경기 흐름인지 구분해 확인할 필요가 있다.
같은 업종의 전국 업황 심리지수도 기준선을 밑돌아, 관측된 변화가 산단 고유 현상인지 전국 업종 흐름인지 확인할 필요가 있다.
이 업종은 생산자물가지수 대응 후보가 복수이거나 없어, PPI 조정 생산을 단일값으로 해석하지 않고 원자료로 확인할 필요가 있다.
이 분기는 월별 원자료가 공표되지 않아 분기 내 지속 여부를 확인할 수 없다. 분기말 단일시점 값에만 의존한 판단임을 감안할 필요가 있다.",고용지원 · 직업훈련 / 산업동향 · 기업지원 / 산업동향,,"창원시 제조업 전체에서 입직자 감소가 함께 관측되므로, 고용 감소가 신규 채용 둔화와 함께 나타나는지 확인할 필요가 있다.
가동률 하락과 창원시 제조업 전력사용 감소가 함께 나타나 실제 생산활동 위축 여부를 추가 확인할 필요가 있다. 다만 전력은 시 전체 제조업 총계이므로 이 업종의 값이 아니다.
경남 제조업 업황 심리지수가 기준선(100)을 밑돌아, 업종 고유 요인인지 지역 전반의 경기 흐름인지 구분해 확인할 필요가 있다.
같은 업종의 전국 업황 심리지수도 기준선을 밑돌아, 관측된 변화가 산단 고유 현상인지 전국 업종 흐름인지 확인할 필요가 있다.","이 업종은 생산자물가지수 대응 후보가 복수이거나 없어, PPI 조정 생산을 단일값으로 해석하지 않고 원자료로 확인할 필요가 있다.
이 분기는 월별 원자료가 공표되지 않아 분기 내 지속 여부를 확인할 수 없다. 분기말 단일시점 값에만 의존한 판단임을 감안할 필요가 있다.",해석 보류,PPI 매핑 불확실(C·D 등급) · 월별 원자료 미제공 구간
섬유의복,2025Q2,추가확인,수주잔량·가동률·휴업/감산·기업 수 변동·고용조정 계획 신고 여부를 확인한다(원인 후보이며 입증된 원인이 아님).,"가동률 하락이 일시적 생산조정인지 수주·수요 감소에 따른 것인지 확인할 필요가 있다.
창원시 제조업 전체에서 입직자 감소가 함께 관측되므로, 고용 감소가 신규 채용 둔화와 함께 나타나는지 확인할 필요가 있다.
가동률 하락과 창원시 제조업 전력사용 감소가 함께 나타나 실제 생산활동 위축 여부를 추가 확인할 필요가 있다. 다만 전력은 시 전체 제조업 총계이므로 이 업종의 값이 아니다.
경남 제조업 업황 심리지수가 기준선(100)을 밑돌아, 업종 고유 요인인지 지역 전반의 경기 흐름인지 구분해 확인할 필요가 있다.
같은 업종의 전국 업황 심리지수도 기준선을 밑돌아, 관측된 변화가 산단 고유 현상인지 전국 업종 흐름인지 확인할 필요가 있다.
업체수·고용 규모가 작아 비율 변동이 크게 나타난다. 절대 증감 개수로 다시 확인할 필요가 있다.
이 분기는 월별 원자료가 공표되지 않아 분기 내 지속 여부를 확인할 수 없다. 분기말 단일시점 값에만 의존한 판단임을 감안할 필요가 있다.",산업동향 · 기업지원 / 고용지원 · 직업훈련 / 산업동향,가동률 하락이 일시적 생산조정인지 수주·수요 감소에 따른 것인지 확인할 필요가 있다.,"창원시 제조업 전체에서 입직자 감소가 함께 관측되므로, 고용 감소가 신규 채용 둔화와 함께 나타나는지 확인할 필요가 있다.
가동률 하락과 창원시 제조업 전력사용 감소가 함께 나타나 실제 생산활동 위축 여부를 추가 확인할 필요가 있다. 다만 전력은 시 전체 제조업 총계이므로 이 업종의 값이 아니다.
경남 제조업 업황 심리지수가 기준선(100)을 밑돌아, 업종 고유 요인인지 지역 전반의 경기 흐름인지 구분해 확인할 필요가 있다.
같은 업종의 전국 업황 심리지수도 기준선을 밑돌아, 관측된 변화가 산단 고유 현상인지 전국 업종 흐름인지 확인할 필요가 있다.","업체수·고용 규모가 작아 비율 변동이 크게 나타난다. 절대 증감 개수로 다시 확인할 필요가 있다.
이 분기는 월별 원자료가 공표되지 않아 분기 내 지속 여부를 확인할 수 없다. 분기말 단일시점 값에만 의존한 판단임을 감안할 필요가 있다.",가동 위축 신호,소규모 분모 — 비율 변동 과대 가능 · 월별 원자료 미제공 구간
운송장비,2025Q2,관찰,수주잔량·가동률·휴업/감산·기업 수 변동·고용조정 계획 신고 여부를 확인한다(원인 후보이며 입증된 원인이 아님).,"확인된 품목 기준 수출은 유지·확대되는데 고용이 감소하고 있어 생산성·자동화·기업구성 변화 등의 가능성을 추가 확인할 필요가 있다.
창원시 제조업 전체에서 입직자 감소가 함께 관측되므로, 고용 감소가 신규 채용 둔화와 함께 나타나는지 확인할 필요가 있다.
가동률과 전력사용의 방향이 달라 업종 구성·설비 특성·자료범위(산단 vs 시 전체) 차이를 추가 확인할 필요가 있다.
경남 제조업 업황 심리지수가 기준선(100)을 밑돌아, 업종 고유 요인인지 지역 전반의 경기 흐름인지 구분해 확인할 필요가 있다.
같은 업종의 전국 업황 심리지수도 기준선을 밑돌아, 관측된 변화가 산단 고유 현상인지 전국 업종 흐름인지 확인할 필요가 있다.
이 분기는 월별 원자료가 공표되지 않아 분기 내 지속 여부를 확인할 수 없다. 분기말 단일시점 값에만 의존한 판단임을 감안할 필요가 있다.
외부 자료의 업종 구분이 산단 10업종과 정확히 대응하지 않는다. 비교 결과를 참고로만 읽고 대응 범위를 확인할 필요가 있다.",고용지원 · 직업훈련 / 산업동향,,"확인된 품목 기준 수출은 유지·확대되는데 고용이 감소하고 있어 생산성·자동화·기업구성 변화 등의 가능성을 추가 확인할 필요가 있다.
창원시 제조업 전체에서 입직자 감소가 함께 관측되므로, 고용 감소가 신규 채용 둔화와 함께 나타나는지 확인할 필요가 있다.
가동률과 전력사용의 방향이 달라 업종 구성·설비 특성·자료범위(산단 vs 시 전체) 차이를 추가 확인할 필요가 있다.
경남 제조업 업황 심리지수가 기준선(100)을 밑돌아, 업종 고유 요인인지 지역 전반의 경기 흐름인지 구분해 확인할 필요가 있다.
같은 업종의 전국 업황 심리지수도 기준선을 밑돌아, 관측된 변화가 산단 고유 현상인지 전국 업종 흐름인지 확인할 필요가 있다.","이 분기는 월별 원자료가 공표되지 않아 분기 내 지속 여부를 확인할 수 없다. 분기말 단일시점 값에만 의존한 판단임을 감안할 필요가 있다.
외부 자료의 업종 구분이 산단 10업종과 정확히 대응하지 않는다. 비교 결과를 참고로만 읽고 대응 범위를 확인할 필요가 있다.",해석 보류,고용보험 지표와 방향 일치 · 외부자료 업종 대응 불확실 · 월별 원자료 미제공 구간
음식료,2025Q2,우선점검,수주잔량·가동률·휴업/감산·기업 수 변동·고용조정 계획 신고 여부를 확인한다(원인 후보이며 입증된 원인이 아님).,"명목생산 변화에 가격효과가 포함되어 있으므로 실제 물량이 줄었는지 추가로 확인할 필요가 있다.
창원시 제조업 전체에서 입직자 감소가 함께 관측되므로, 고용 감소가 신규 채용 둔화와 함께 나타나는지 확인할 필요가 있다.
가동률과 전력사용의 방향이 달라 업종 구성·설비 특성·자료범위(산단 vs 시 전체) 차이를 추가 확인할 필요가 있다.
경남 제조업 업황 심리지수가 기준선(100)을 밑돌아, 업종 고유 요인인지 지역 전반의 경기 흐름인지 구분해 확인할 필요가 있다.
같은 업종의 전국 업황 심리지수도 기준선을 밑돌아, 관측된 변화가 산단 고유 현상인지 전국 업종 흐름인지 확인할 필요가 있다.
업체수·고용 규모가 작아 비율 변동이 크게 나타난다. 절대 증감 개수로 다시 확인할 필요가 있다.
이 분기는 월별 원자료가 공표되지 않아 분기 내 지속 여부를 확인할 수 없다. 분기말 단일시점 값에만 의존한 판단임을 감안할 필요가 있다.",산업동향 / 고용지원 · 직업훈련,명목생산 변화에 가격효과가 포함되어 있으므로 실제 물량이 줄었는지 추가로 확인할 필요가 있다.,"창원시 제조업 전체에서 입직자 감소가 함께 관측되므로, 고용 감소가 신규 채용 둔화와 함께 나타나는지 확인할 필요가 있다.
가동률과 전력사용의 방향이 달라 업종 구성·설비 특성·자료범위(산단 vs 시 전체) 차이를 추가 확인할 필요가 있다.
경남 제조업 업황 심리지수가 기준선(100)을 밑돌아, 업종 고유 요인인지 지역 전반의 경기 흐름인지 구분해 확인할 필요가 있다.
같은 업종의 전국 업황 심리지수도 기준선을 밑돌아, 관측된 변화가 산단 고유 현상인지 전국 업종 흐름인지 확인할 필요가 있다.","업체수·고용 규모가 작아 비율 변동이 크게 나타난다. 절대 증감 개수로 다시 확인할 필요가 있다.
이 분기는 월별 원자료가 공표되지 않아 분기 내 지속 여부를 확인할 수 없다. 분기말 단일시점 값에만 의존한 판단임을 감안할 필요가 있다.",실질생산 위축 신호(PPI 조정),소규모 분모 — 비율 변동 과대 가능 · 월별 원자료 미제공 구간
전기전자,2025Q2,추가확인,수주잔량·가동률·휴업/감산·기업 수 변동·고용조정 계획 신고 여부를 확인한다(원인 후보이며 입증된 원인이 아님).,"확인된 품목 기준 수출은 유지·확대되는데 고용이 감소하고 있어 생산성·자동화·기업구성 변화 등의 가능성을 추가 확인할 필요가 있다.
창원시 제조업 전체에서 입직자 감소가 함께 관측되므로, 고용 감소가 신규 채용 둔화와 함께 나타나는지 확인할 필요가 있다.
가동률과 전력사용의 방향이 달라 업종 구성·설비 특성·자료범위(산단 vs 시 전체) 차이를 추가 확인할 필요가 있다.
경남 제조업 업황 심리지수가 기준선(100)을 밑돌아, 업종 고유 요인인지 지역 전반의 경기 흐름인지 구분해 확인할 필요가 있다.
같은 업종의 전국 업황 심리지수도 기준선을 밑돌아, 관측된 변화가 산단 고유 현상인지 전국 업종 흐름인지 확인할 필요가 있다.
이 업종은 생산자물가지수 대응 후보가 복수이거나 없어, PPI 조정 생산을 단일값으로 해석하지 않고 원자료로 확인할 필요가 있다.
이 분기는 월별 원자료가 공표되지 않아 분기 내 지속 여부를 확인할 수 없다. 분기말 단일시점 값에만 의존한 판단임을 감안할 필요가 있다.
외부 자료의 업종 구분이 산단 10업종과 정확히 대응하지 않는다. 비교 결과를 참고로만 읽고 대응 범위를 확인할 필요가 있다.",고용지원 · 직업훈련 / 산업동향,,"확인된 품목 기준 수출은 유지·확대되는데 고용이 감소하고 있어 생산성·자동화·기업구성 변화 등의 가능성을 추가 확인할 필요가 있다.
창원시 제조업 전체에서 입직자 감소가 함께 관측되므로, 고용 감소가 신규 채용 둔화와 함께 나타나는지 확인할 필요가 있다.
가동률과 전력사용의 방향이 달라 업종 구성·설비 특성·자료범위(산단 vs 시 전체) 차이를 추가 확인할 필요가 있다.
경남 제조업 업황 심리지수가 기준선(100)을 밑돌아, 업종 고유 요인인지 지역 전반의 경기 흐름인지 구분해 확인할 필요가 있다.
같은 업종의 전국 업황 심리지수도 기준선을 밑돌아, 관측된 변화가 산단 고유 현상인지 전국 업종 흐름인지 확인할 필요가 있다.","이 업종은 생산자물가지수 대응 후보가 복수이거나 없어, PPI 조정 생산을 단일값으로 해석하지 않고 원자료로 확인할 필요가 있다.
이 분기는 월별 원자료가 공표되지 않아 분기 내 지속 여부를 확인할 수 없다. 분기말 단일시점 값에만 의존한 판단임을 감안할 필요가 있다.
외부 자료의 업종 구분이 산단 10업종과 정확히 대응하지 않는다. 비교 결과를 참고로만 읽고 대응 범위를 확인할 필요가 있다.",해석 보류,고용보험 지표와 방향 일치 · PPI 매핑 불확실(C·D 등급) · 외부자료 업종 대응 불확실 · 월별 원자료 미제공 구간
철강,2025Q2,관찰,미충원·숙련수요·증가의 지속가능성을 확인한다.,"가동률 하락이 일시적 생산조정인지 수주·수요 감소에 따른 것인지 확인할 필요가 있다.
확인된 품목 기준 수출이 함께 감소하고 있어, 외부수요 약화 가능성을 보려면 수출 감소가 특정 품목·기업에 집중되는지 추가 확인할 필요가 있다.
창원시 제조업 전체에서 입직자 감소가 함께 관측되므로, 고용 감소가 신규 채용 둔화와 함께 나타나는지 확인할 필요가 있다.
가동률 하락과 창원시 제조업 전력사용 감소가 함께 나타나 실제 생산활동 위축 여부를 추가 확인할 필요가 있다. 다만 전력은 시 전체 제조업 총계이므로 이 업종의 값이 아니다.
경남 제조업 업황 심리지수가 기준선(100)을 밑돌아, 업종 고유 요인인지 지역 전반의 경기 흐름인지 구분해 확인할 필요가 있다.
같은 업종의 전국 업황 심리지수도 기준선을 밑돌아, 관측된 변화가 산단 고유 현상인지 전국 업종 흐름인지 확인할 필요가 있다.
이 분기는 월별 원자료가 공표되지 않아 분기 내 지속 여부를 확인할 수 없다. 분기말 단일시점 값에만 의존한 판단임을 감안할 필요가 있다.",산업동향 · 기업지원 / 고용지원 · 직업훈련 / 산업동향,가동률 하락이 일시적 생산조정인지 수주·수요 감소에 따른 것인지 확인할 필요가 있다.,"확인된 품목 기준 수출이 함께 감소하고 있어, 외부수요 약화 가능성을 보려면 수출 감소가 특정 품목·기업에 집중되는지 추가 확인할 필요가 있다.
창원시 제조업 전체에서 입직자 감소가 함께 관측되므로, 고용 감소가 신규 채용 둔화와 함께 나타나는지 확인할 필요가 있다.
가동률 하락과 창원시 제조업 전력사용 감소가 함께 나타나 실제 생산활동 위축 여부를 추가 확인할 필요가 있다. 다만 전력은 시 전체 제조업 총계이므로 이 업종의 값이 아니다.
경남 제조업 업황 심리지수가 기준선(100)을 밑돌아, 업종 고유 요인인지 지역 전반의 경기 흐름인지 구분해 확인할 필요가 있다.
같은 업종의 전국 업황 심리지수도 기준선을 밑돌아, 관측된 변화가 산단 고유 현상인지 전국 업종 흐름인지 확인할 필요가 있다.",이 분기는 월별 원자료가 공표되지 않아 분기 내 지속 여부를 확인할 수 없다. 분기말 단일시점 값에만 의존한 판단임을 감안할 필요가 있다.,가동 위축 신호,월별 원자료 미제공 구간
기계,2025Q3,관찰,선제채용·신규 입주기업·고용조정 시차·생산 단가와 물량 구분 가능성을 확인한다.,"창원시 제조업 전체에서 입직자 감소가 함께 관측되므로, 고용 감소가 신규 채용 둔화와 함께 나타나는지 확인할 필요가 있다.
가동률과 전력사용의 방향이 달라 업종 구성·설비 특성·자료범위(산단 vs 시 전체) 차이를 추가 확인할 필요가 있다.
경남 제조업 업황 심리지수가 기준선(100)을 밑돌아, 업종 고유 요인인지 지역 전반의 경기 흐름인지 구분해 확인할 필요가 있다.
같은 업종의 전국 업황 심리지수도 기준선을 밑돌아, 관측된 변화가 산단 고유 현상인지 전국 업종 흐름인지 확인할 필요가 있다.
이 분기는 월별 원자료가 공표되지 않아 분기 내 지속 여부를 확인할 수 없다. 분기말 단일시점 값에만 의존한 판단임을 감안할 필요가 있다.",고용지원 · 직업훈련 / 산업동향,,"창원시 제조업 전체에서 입직자 감소가 함께 관측되므로, 고용 감소가 신규 채용 둔화와 함께 나타나는지 확인할 필요가 있다.
가동률과 전력사용의 방향이 달라 업종 구성·설비 특성·자료범위(산단 vs 시 전체) 차이를 추가 확인할 필요가 있다.
경남 제조업 업황 심리지수가 기준선(100)을 밑돌아, 업종 고유 요인인지 지역 전반의 경기 흐름인지 구분해 확인할 필요가 있다.
같은 업종의 전국 업황 심리지수도 기준선을 밑돌아, 관측된 변화가 산단 고유 현상인지 전국 업종 흐름인지 확인할 필요가 있다.",이 분기는 월별 원자료가 공표되지 않아 분기 내 지속 여부를 확인할 수 없다. 분기말 단일시점 값에만 의존한 판단임을 감안할 필요가 있다.,해석 보류,고용보험 지표와 방향 일치 · 월별 원자료 미제공 구간
기타,2025Q3,추가확인,"자동화·설비투자, 외주·도급 전환, 미충원·숙련 불일치, 직무구조 변화 가능성을 질문으로 확인한다(원인 후보이며 입증된 원인이 아님).","생산이 유지되는데 고용이 감소하고 있어 자동화·생산성 변화·미충원·외주화·인력구조 조정 여부를 확인할 필요가 있다.
창원시 제조업 전체에서 입직자 감소가 함께 관측되므로, 고용 감소가 신규 채용 둔화와 함께 나타나는지 확인할 필요가 있다.
가동률과 전력사용의 방향이 달라 업종 구성·설비 특성·자료범위(산단 vs 시 전체) 차이를 추가 확인할 필요가 있다.
경남 제조업 업황 심리지수가 기준선(100)을 밑돌아, 업종 고유 요인인지 지역 전반의 경기 흐름인지 구분해 확인할 필요가 있다.
이 업종은 생산자물가지수 대응 후보가 복수이거나 없어, PPI 조정 생산을 단일값으로 해석하지 않고 원자료로 확인할 필요가 있다.
업체수·고용 규모가 작아 비율 변동이 크게 나타난다. 절대 증감 개수로 다시 확인할 필요가 있다.
이 분기는 월별 원자료가 공표되지 않아 분기 내 지속 여부를 확인할 수 없다. 분기말 단일시점 값에만 의존한 판단임을 감안할 필요가 있다.",고용지원 · 직업훈련 / 산업동향,생산이 유지되는데 고용이 감소하고 있어 자동화·생산성 변화·미충원·외주화·인력구조 조정 여부를 확인할 필요가 있다.,"창원시 제조업 전체에서 입직자 감소가 함께 관측되므로, 고용 감소가 신규 채용 둔화와 함께 나타나는지 확인할 필요가 있다.
가동률과 전력사용의 방향이 달라 업종 구성·설비 특성·자료범위(산단 vs 시 전체) 차이를 추가 확인할 필요가 있다.
경남 제조업 업황 심리지수가 기준선(100)을 밑돌아, 업종 고유 요인인지 지역 전반의 경기 흐름인지 구분해 확인할 필요가 있다.","이 업종은 생산자물가지수 대응 후보가 복수이거나 없어, PPI 조정 생산을 단일값으로 해석하지 않고 원자료로 확인할 필요가 있다.
업체수·고용 규모가 작아 비율 변동이 크게 나타난다. 절대 증감 개수로 다시 확인할 필요가 있다.
이 분기는 월별 원자료가 공표되지 않아 분기 내 지속 여부를 확인할 수 없다. 분기말 단일시점 값에만 의존한 판단임을 감안할 필요가 있다.",생산유지·고용감소 신호,PPI 매핑 불확실(C·D 등급) · 소규모 분모 — 비율 변동 과대 가능 · 월별 원자료 미제공 구간
목재종이,2025Q3,관찰,미충원·숙련수요·증가의 지속가능성을 확인한다.,"가동률 하락이 일시적 생산조정인지 수주·수요 감소에 따른 것인지 확인할 필요가 있다.
창원시 제조업 전체에서 입직자 감소가 함께 관측되므로, 고용 감소가 신규 채용 둔화와 함께 나타나는지 확인할 필요가 있다.
가동률 하락과 창원시 제조업 전력사용 감소가 함께 나타나 실제 생산활동 위축 여부를 추가 확인할 필요가 있다. 다만 전력은 시 전체 제조업 총계이므로 이 업종의 값이 아니다.
경남 제조업 업황 심리지수가 기준선(100)을 밑돌아, 업종 고유 요인인지 지역 전반의 경기 흐름인지 구분해 확인할 필요가 있다.
같은 업종의 전국 업황 심리지수도 기준선을 밑돌아, 관측된 변화가 산단 고유 현상인지 전국 업종 흐름인지 확인할 필요가 있다.
이 분기는 월별 원자료가 공표되지 않아 분기 내 지속 여부를 확인할 수 없다. 분기말 단일시점 값에만 의존한 판단임을 감안할 필요가 있다.",산업동향 · 기업지원 / 고용지원 · 직업훈련 / 산업동향,가동률 하락이 일시적 생산조정인지 수주·수요 감소에 따른 것인지 확인할 필요가 있다.,"창원시 제조업 전체에서 입직자 감소가 함께 관측되므로, 고용 감소가 신규 채용 둔화와 함께 나타나는지 확인할 필요가 있다.
가동률 하락과 창원시 제조업 전력사용 감소가 함께 나타나 실제 생산활동 위축 여부를 추가 확인할 필요가 있다. 다만 전력은 시 전체 제조업 총계이므로 이 업종의 값이 아니다.
경남 제조업 업황 심리지수가 기준선(100)을 밑돌아, 업종 고유 요인인지 지역 전반의 경기 흐름인지 구분해 확인할 필요가 있다.
같은 업종의 전국 업황 심리지수도 기준선을 밑돌아, 관측된 변화가 산단 고유 현상인지 전국 업종 흐름인지 확인할 필요가 있다.",이 분기는 월별 원자료가 공표되지 않아 분기 내 지속 여부를 확인할 수 없다. 분기말 단일시점 값에만 의존한 판단임을 감안할 필요가 있다.,가동 위축 신호,월별 원자료 미제공 구간
비금속,2025Q3,추가확인,수주잔량·가동률·휴업/감산·기업 수 변동·고용조정 계획 신고 여부를 확인한다(원인 후보이며 입증된 원인이 아님).,"가동률 하락이 일시적 생산조정인지 수주·수요 감소에 따른 것인지 확인할 필요가 있다.
명목생산 변화에 가격효과가 포함되어 있으므로 실제 물량이 줄었는지 추가로 확인할 필요가 있다.
창원시 제조업 전체에서 입직자 감소가 함께 관측되므로, 고용 감소가 신규 채용 둔화와 함께 나타나는지 확인할 필요가 있다.
가동률 하락과 창원시 제조업 전력사용 감소가 함께 나타나 실제 생산활동 위축 여부를 추가 확인할 필요가 있다. 다만 전력은 시 전체 제조업 총계이므로 이 업종의 값이 아니다.
경남 제조업 업황 심리지수가 기준선(100)을 밑돌아, 업종 고유 요인인지 지역 전반의 경기 흐름인지 구분해 확인할 필요가 있다.
같은 업종의 전국 업황 심리지수도 기준선을 밑돌아, 관측된 변화가 산단 고유 현상인지 전국 업종 흐름인지 확인할 필요가 있다.
업체수·고용 규모가 작아 비율 변동이 크게 나타난다. 절대 증감 개수로 다시 확인할 필요가 있다.
이 분기는 월별 원자료가 공표되지 않아 분기 내 지속 여부를 확인할 수 없다. 분기말 단일시점 값에만 의존한 판단임을 감안할 필요가 있다.",산업동향 · 기업지원 / 산업동향 / 고용지원 · 직업훈련,"가동률 하락이 일시적 생산조정인지 수주·수요 감소에 따른 것인지 확인할 필요가 있다.
명목생산 변화에 가격효과가 포함되어 있으므로 실제 물량이 줄었는지 추가로 확인할 필요가 있다.","창원시 제조업 전체에서 입직자 감소가 함께 관측되므로, 고용 감소가 신규 채용 둔화와 함께 나타나는지 확인할 필요가 있다.
가동률 하락과 창원시 제조업 전력사용 감소가 함께 나타나 실제 생산활동 위축 여부를 추가 확인할 필요가 있다. 다만 전력은 시 전체 제조업 총계이므로 이 업종의 값이 아니다.
경남 제조업 업황 심리지수가 기준선(100)을 밑돌아, 업종 고유 요인인지 지역 전반의 경기 흐름인지 구분해 확인할 필요가 있다.
같은 업종의 전국 업황 심리지수도 기준선을 밑돌아, 관측된 변화가 산단 고유 현상인지 전국 업종 흐름인지 확인할 필요가 있다.","업체수·고용 규모가 작아 비율 변동이 크게 나타난다. 절대 증감 개수로 다시 확인할 필요가 있다.
이 분기는 월별 원자료가 공표되지 않아 분기 내 지속 여부를 확인할 수 없다. 분기말 단일시점 값에만 의존한 판단임을 감안할 필요가 있다.",가동 위축 신호 · 실질생산 위축 신호(PPI 조정),소규모 분모 — 비율 변동 과대 가능 · 월별 원자료 미제공 구간
석유화학,2025Q3,관찰,선제채용·신규 입주기업·고용조정 시차·생산 단가와 물량 구분 가능성을 확인한다.,"창원시 제조업 전체에서 입직자 감소가 함께 관측되므로, 고용 감소가 신규 채용 둔화와 함께 나타나는지 확인할 필요가 있다.
가동률과 전력사용의 방향이 달라 업종 구성·설비 특성·자료범위(산단 vs 시 전체) 차이를 추가 확인할 필요가 있다.
경남 제조업 업황 심리지수가 기준선(100)을 밑돌아, 업종 고유 요인인지 지역 전반의 경기 흐름인지 구분해 확인할 필요가 있다.
같은 업종의 전국 업황 심리지수도 기준선을 밑돌아, 관측된 변화가 산단 고유 현상인지 전국 업종 흐름인지 확인할 필요가 있다.
이 업종은 생산자물가지수 대응 후보가 복수이거나 없어, PPI 조정 생산을 단일값으로 해석하지 않고 원자료로 확인할 필요가 있다.
이 분기는 월별 원자료가 공표되지 않아 분기 내 지속 여부를 확인할 수 없다. 분기말 단일시점 값에만 의존한 판단임을 감안할 필요가 있다.",고용지원 · 직업훈련 / 산업동향,,"창원시 제조업 전체에서 입직자 감소가 함께 관측되므로, 고용 감소가 신규 채용 둔화와 함께 나타나는지 확인할 필요가 있다.
가동률과 전력사용의 방향이 달라 업종 구성·설비 특성·자료범위(산단 vs 시 전체) 차이를 추가 확인할 필요가 있다.
경남 제조업 업황 심리지수가 기준선(100)을 밑돌아, 업종 고유 요인인지 지역 전반의 경기 흐름인지 구분해 확인할 필요가 있다.
같은 업종의 전국 업황 심리지수도 기준선을 밑돌아, 관측된 변화가 산단 고유 현상인지 전국 업종 흐름인지 확인할 필요가 있다.","이 업종은 생산자물가지수 대응 후보가 복수이거나 없어, PPI 조정 생산을 단일값으로 해석하지 않고 원자료로 확인할 필요가 있다.
이 분기는 월별 원자료가 공표되지 않아 분기 내 지속 여부를 확인할 수 없다. 분기말 단일시점 값에만 의존한 판단임을 감안할 필요가 있다.",해석 보류,PPI 매핑 불확실(C·D 등급) · 월별 원자료 미제공 구간
섬유의복,2025Q3,추가확인,수주잔량·가동률·휴업/감산·기업 수 변동·고용조정 계획 신고 여부를 확인한다(원인 후보이며 입증된 원인이 아님).,"가동률 하락이 일시적 생산조정인지 수주·수요 감소에 따른 것인지 확인할 필요가 있다.
명목생산 변화에 가격효과가 포함되어 있으므로 실제 물량이 줄었는지 추가로 확인할 필요가 있다.
창원시 제조업 전체에서 입직자 감소가 함께 관측되므로, 고용 감소가 신규 채용 둔화와 함께 나타나는지 확인할 필요가 있다.
가동률 하락과 창원시 제조업 전력사용 감소가 함께 나타나 실제 생산활동 위축 여부를 추가 확인할 필요가 있다. 다만 전력은 시 전체 제조업 총계이므로 이 업종의 값이 아니다.
경남 제조업 업황 심리지수가 기준선(100)을 밑돌아, 업종 고유 요인인지 지역 전반의 경기 흐름인지 구분해 확인할 필요가 있다.
같은 업종의 전국 업황 심리지수도 기준선을 밑돌아, 관측된 변화가 산단 고유 현상인지 전국 업종 흐름인지 확인할 필요가 있다.
업체수·고용 규모가 작아 비율 변동이 크게 나타난다. 절대 증감 개수로 다시 확인할 필요가 있다.
이 분기는 월별 원자료가 공표되지 않아 분기 내 지속 여부를 확인할 수 없다. 분기말 단일시점 값에만 의존한 판단임을 감안할 필요가 있다.",산업동향 · 기업지원 / 산업동향 / 고용지원 · 직업훈련,"가동률 하락이 일시적 생산조정인지 수주·수요 감소에 따른 것인지 확인할 필요가 있다.
명목생산 변화에 가격효과가 포함되어 있으므로 실제 물량이 줄었는지 추가로 확인할 필요가 있다.","창원시 제조업 전체에서 입직자 감소가 함께 관측되므로, 고용 감소가 신규 채용 둔화와 함께 나타나는지 확인할 필요가 있다.
가동률 하락과 창원시 제조업 전력사용 감소가 함께 나타나 실제 생산활동 위축 여부를 추가 확인할 필요가 있다. 다만 전력은 시 전체 제조업 총계이므로 이 업종의 값이 아니다.
경남 제조업 업황 심리지수가 기준선(100)을 밑돌아, 업종 고유 요인인지 지역 전반의 경기 흐름인지 구분해 확인할 필요가 있다.
같은 업종의 전국 업황 심리지수도 기준선을 밑돌아, 관측된 변화가 산단 고유 현상인지 전국 업종 흐름인지 확인할 필요가 있다.","업체수·고용 규모가 작아 비율 변동이 크게 나타난다. 절대 증감 개수로 다시 확인할 필요가 있다.
이 분기는 월별 원자료가 공표되지 않아 분기 내 지속 여부를 확인할 수 없다. 분기말 단일시점 값에만 의존한 판단임을 감안할 필요가 있다.",가동 위축 신호 · 실질생산 위축 신호(PPI 조정),소규모 분모 — 비율 변동 과대 가능 · 월별 원자료 미제공 구간
운송장비,2025Q3,관찰,"자동화·설비투자, 외주·도급 전환, 미충원·숙련 불일치, 직무구조 변화 가능성을 질문으로 확인한다(원인 후보이며 입증된 원인이 아님).","생산이 유지되는데 고용이 감소하고 있어 자동화·생산성 변화·미충원·외주화·인력구조 조정 여부를 확인할 필요가 있다.
창원시 제조업 전체에서 입직자 감소가 함께 관측되므로, 고용 감소가 신규 채용 둔화와 함께 나타나는지 확인할 필요가 있다.
가동률과 전력사용의 방향이 달라 업종 구성·설비 특성·자료범위(산단 vs 시 전체) 차이를 추가 확인할 필요가 있다.
경남 제조업 업황 심리지수가 기준선(100)을 밑돌아, 업종 고유 요인인지 지역 전반의 경기 흐름인지 구분해 확인할 필요가 있다.
같은 업종의 전국 업황 심리지수도 기준선을 밑돌아, 관측된 변화가 산단 고유 현상인지 전국 업종 흐름인지 확인할 필요가 있다.
이 분기는 월별 원자료가 공표되지 않아 분기 내 지속 여부를 확인할 수 없다. 분기말 단일시점 값에만 의존한 판단임을 감안할 필요가 있다.
외부 자료의 업종 구분이 산단 10업종과 정확히 대응하지 않는다. 비교 결과를 참고로만 읽고 대응 범위를 확인할 필요가 있다.",고용지원 · 직업훈련 / 산업동향,생산이 유지되는데 고용이 감소하고 있어 자동화·생산성 변화·미충원·외주화·인력구조 조정 여부를 확인할 필요가 있다.,"창원시 제조업 전체에서 입직자 감소가 함께 관측되므로, 고용 감소가 신규 채용 둔화와 함께 나타나는지 확인할 필요가 있다.
가동률과 전력사용의 방향이 달라 업종 구성·설비 특성·자료범위(산단 vs 시 전체) 차이를 추가 확인할 필요가 있다.
경남 제조업 업황 심리지수가 기준선(100)을 밑돌아, 업종 고유 요인인지 지역 전반의 경기 흐름인지 구분해 확인할 필요가 있다.
같은 업종의 전국 업황 심리지수도 기준선을 밑돌아, 관측된 변화가 산단 고유 현상인지 전국 업종 흐름인지 확인할 필요가 있다.","이 분기는 월별 원자료가 공표되지 않아 분기 내 지속 여부를 확인할 수 없다. 분기말 단일시점 값에만 의존한 판단임을 감안할 필요가 있다.
외부 자료의 업종 구분이 산단 10업종과 정확히 대응하지 않는다. 비교 결과를 참고로만 읽고 대응 범위를 확인할 필요가 있다.",생산유지·고용감소 신호,고용보험 지표와 방향 일치 · 외부자료 업종 대응 불확실 · 월별 원자료 미제공 구간
음식료,2025Q3,우선점검,수주잔량·가동률·휴업/감산·기업 수 변동·고용조정 계획 신고 여부를 확인한다(원인 후보이며 입증된 원인이 아님).,"명목생산 변화에 가격효과가 포함되어 있으므로 실제 물량이 줄었는지 추가로 확인할 필요가 있다.
창원시 제조업 전체에서 입직자 감소가 함께 관측되므로, 고용 감소가 신규 채용 둔화와 함께 나타나는지 확인할 필요가 있다.
가동률과 전력사용의 방향이 달라 업종 구성·설비 특성·자료범위(산단 vs 시 전체) 차이를 추가 확인할 필요가 있다.
경남 제조업 업황 심리지수가 기준선(100)을 밑돌아, 업종 고유 요인인지 지역 전반의 경기 흐름인지 구분해 확인할 필요가 있다.
같은 업종의 전국 업황 심리지수도 기준선을 밑돌아, 관측된 변화가 산단 고유 현상인지 전국 업종 흐름인지 확인할 필요가 있다.
업체수·고용 규모가 작아 비율 변동이 크게 나타난다. 절대 증감 개수로 다시 확인할 필요가 있다.
이 분기는 월별 원자료가 공표되지 않아 분기 내 지속 여부를 확인할 수 없다. 분기말 단일시점 값에만 의존한 판단임을 감안할 필요가 있다.",산업동향 / 고용지원 · 직업훈련,명목생산 변화에 가격효과가 포함되어 있으므로 실제 물량이 줄었는지 추가로 확인할 필요가 있다.,"창원시 제조업 전체에서 입직자 감소가 함께 관측되므로, 고용 감소가 신규 채용 둔화와 함께 나타나는지 확인할 필요가 있다.
가동률과 전력사용의 방향이 달라 업종 구성·설비 특성·자료범위(산단 vs 시 전체) 차이를 추가 확인할 필요가 있다.
경남 제조업 업황 심리지수가 기준선(100)을 밑돌아, 업종 고유 요인인지 지역 전반의 경기 흐름인지 구분해 확인할 필요가 있다.
같은 업종의 전국 업황 심리지수도 기준선을 밑돌아, 관측된 변화가 산단 고유 현상인지 전국 업종 흐름인지 확인할 필요가 있다.","업체수·고용 규모가 작아 비율 변동이 크게 나타난다. 절대 증감 개수로 다시 확인할 필요가 있다.
이 분기는 월별 원자료가 공표되지 않아 분기 내 지속 여부를 확인할 수 없다. 분기말 단일시점 값에만 의존한 판단임을 감안할 필요가 있다.",실질생산 위축 신호(PPI 조정),소규모 분모 — 비율 변동 과대 가능 · 월별 원자료 미제공 구간
전기전자,2025Q3,관찰,수주잔량·가동률·휴업/감산·기업 수 변동·고용조정 계획 신고 여부를 확인한다(원인 후보이며 입증된 원인이 아님).,"확인된 품목 기준 수출이 함께 감소하고 있어, 외부수요 약화 가능성을 보려면 수출 감소가 특정 품목·기업에 집중되는지 추가 확인할 필요가 있다.
창원시 제조업 전체에서 입직자 감소가 함께 관측되므로, 고용 감소가 신규 채용 둔화와 함께 나타나는지 확인할 필요가 있다.
가동률과 전력사용의 방향이 달라 업종 구성·설비 특성·자료범위(산단 vs 시 전체) 차이를 추가 확인할 필요가 있다.
경남 제조업 업황 심리지수가 기준선(100)을 밑돌아, 업종 고유 요인인지 지역 전반의 경기 흐름인지 구분해 확인할 필요가 있다.
같은 업종의 전국 업황 심리지수도 기준선을 밑돌아, 관측된 변화가 산단 고유 현상인지 전국 업종 흐름인지 확인할 필요가 있다.
이 업종은 생산자물가지수 대응 후보가 복수이거나 없어, PPI 조정 생산을 단일값으로 해석하지 않고 원자료로 확인할 필요가 있다.
이 분기는 월별 원자료가 공표되지 않아 분기 내 지속 여부를 확인할 수 없다. 분기말 단일시점 값에만 의존한 판단임을 감안할 필요가 있다.
외부 자료의 업종 구분이 산단 10업종과 정확히 대응하지 않는다. 비교 결과를 참고로만 읽고 대응 범위를 확인할 필요가 있다.",산업동향 · 기업지원 / 고용지원 · 직업훈련 / 산업동향,,"확인된 품목 기준 수출이 함께 감소하고 있어, 외부수요 약화 가능성을 보려면 수출 감소가 특정 품목·기업에 집중되는지 추가 확인할 필요가 있다.
창원시 제조업 전체에서 입직자 감소가 함께 관측되므로, 고용 감소가 신규 채용 둔화와 함께 나타나는지 확인할 필요가 있다.
가동률과 전력사용의 방향이 달라 업종 구성·설비 특성·자료범위(산단 vs 시 전체) 차이를 추가 확인할 필요가 있다.
경남 제조업 업황 심리지수가 기준선(100)을 밑돌아, 업종 고유 요인인지 지역 전반의 경기 흐름인지 구분해 확인할 필요가 있다.
같은 업종의 전국 업황 심리지수도 기준선을 밑돌아, 관측된 변화가 산단 고유 현상인지 전국 업종 흐름인지 확인할 필요가 있다.","이 업종은 생산자물가지수 대응 후보가 복수이거나 없어, PPI 조정 생산을 단일값으로 해석하지 않고 원자료로 확인할 필요가 있다.
이 분기는 월별 원자료가 공표되지 않아 분기 내 지속 여부를 확인할 수 없다. 분기말 단일시점 값에만 의존한 판단임을 감안할 필요가 있다.
외부 자료의 업종 구분이 산단 10업종과 정확히 대응하지 않는다. 비교 결과를 참고로만 읽고 대응 범위를 확인할 필요가 있다.",해석 보류,고용보험 지표와 방향 일치 · PPI 매핑 불확실(C·D 등급) · 외부자료 업종 대응 불확실 · 월별 원자료 미제공 구간
철강,2025Q3,관찰,"자동화·설비투자, 외주·도급 전환, 미충원·숙련 불일치, 직무구조 변화 가능성을 질문으로 확인한다(원인 후보이며 입증된 원인이 아님).","확인된 품목 기준 수출이 함께 감소하고 있어, 외부수요 약화 가능성을 보려면 수출 감소가 특정 품목·기업에 집중되는지 추가 확인할 필요가 있다.
창원시 제조업 전체에서 입직자 감소가 함께 관측되므로, 고용 감소가 신규 채용 둔화와 함께 나타나는지 확인할 필요가 있다.
가동률과 전력사용의 방향이 달라 업종 구성·설비 특성·자료범위(산단 vs 시 전체) 차이를 추가 확인할 필요가 있다.
경남 제조업 업황 심리지수가 기준선(100)을 밑돌아, 업종 고유 요인인지 지역 전반의 경기 흐름인지 구분해 확인할 필요가 있다.
같은 업종의 전국 업황 심리지수도 기준선을 밑돌아, 관측된 변화가 산단 고유 현상인지 전국 업종 흐름인지 확인할 필요가 있다.
이 분기는 월별 원자료가 공표되지 않아 분기 내 지속 여부를 확인할 수 없다. 분기말 단일시점 값에만 의존한 판단임을 감안할 필요가 있다.",산업동향 · 기업지원 / 고용지원 · 직업훈련 / 산업동향,,"확인된 품목 기준 수출이 함께 감소하고 있어, 외부수요 약화 가능성을 보려면 수출 감소가 특정 품목·기업에 집중되는지 추가 확인할 필요가 있다.
창원시 제조업 전체에서 입직자 감소가 함께 관측되므로, 고용 감소가 신규 채용 둔화와 함께 나타나는지 확인할 필요가 있다.
가동률과 전력사용의 방향이 달라 업종 구성·설비 특성·자료범위(산단 vs 시 전체) 차이를 추가 확인할 필요가 있다.
경남 제조업 업황 심리지수가 기준선(100)을 밑돌아, 업종 고유 요인인지 지역 전반의 경기 흐름인지 구분해 확인할 필요가 있다.
같은 업종의 전국 업황 심리지수도 기준선을 밑돌아, 관측된 변화가 산단 고유 현상인지 전국 업종 흐름인지 확인할 필요가 있다.",이 분기는 월별 원자료가 공표되지 않아 분기 내 지속 여부를 확인할 수 없다. 분기말 단일시점 값에만 의존한 판단임을 감안할 필요가 있다.,해석 보류,월별 원자료 미제공 구간
기계,2025Q4,관찰,미충원·숙련수요·증가의 지속가능성을 확인한다.,"확인된 품목 기준 수출이 함께 감소하고 있어, 외부수요 약화 가능성을 보려면 수출 감소가 특정 품목·기업에 집중되는지 추가 확인할 필요가 있다.
창원시 제조업 전체에서 입직자 감소가 함께 관측되므로, 고용 감소가 신규 채용 둔화와 함께 나타나는지 확인할 필요가 있다.
가동률과 전력사용의 방향이 달라 업종 구성·설비 특성·자료범위(산단 vs 시 전체) 차이를 추가 확인할 필요가 있다.
경남 제조업 업황 심리지수가 기준선(100)을 밑돌아, 업종 고유 요인인지 지역 전반의 경기 흐름인지 구분해 확인할 필요가 있다.
같은 업종의 전국 업황 심리지수도 기준선을 밑돌아, 관측된 변화가 산단 고유 현상인지 전국 업종 흐름인지 확인할 필요가 있다.
이 분기는 월별 원자료가 공표되지 않아 분기 내 지속 여부를 확인할 수 없다. 분기말 단일시점 값에만 의존한 판단임을 감안할 필요가 있다.",산업동향 · 기업지원 / 고용지원 · 직업훈련 / 산업동향,,"확인된 품목 기준 수출이 함께 감소하고 있어, 외부수요 약화 가능성을 보려면 수출 감소가 특정 품목·기업에 집중되는지 추가 확인할 필요가 있다.
창원시 제조업 전체에서 입직자 감소가 함께 관측되므로, 고용 감소가 신규 채용 둔화와 함께 나타나는지 확인할 필요가 있다.
가동률과 전력사용의 방향이 달라 업종 구성·설비 특성·자료범위(산단 vs 시 전체) 차이를 추가 확인할 필요가 있다.
경남 제조업 업황 심리지수가 기준선(100)을 밑돌아, 업종 고유 요인인지 지역 전반의 경기 흐름인지 구분해 확인할 필요가 있다.
같은 업종의 전국 업황 심리지수도 기준선을 밑돌아, 관측된 변화가 산단 고유 현상인지 전국 업종 흐름인지 확인할 필요가 있다.",이 분기는 월별 원자료가 공표되지 않아 분기 내 지속 여부를 확인할 수 없다. 분기말 단일시점 값에만 의존한 판단임을 감안할 필요가 있다.,해석 보류,고용보험 지표와 방향 일치 · 월별 원자료 미제공 구간
기타,2025Q4,추가확인,"자동화·설비투자, 외주·도급 전환, 미충원·숙련 불일치, 직무구조 변화 가능성을 질문으로 확인한다(원인 후보이며 입증된 원인이 아님).","생산이 유지되는데 고용이 감소하고 있어 자동화·생산성 변화·미충원·외주화·인력구조 조정 여부를 확인할 필요가 있다.
창원시 제조업 전체에서 입직자 감소가 함께 관측되므로, 고용 감소가 신규 채용 둔화와 함께 나타나는지 확인할 필요가 있다.
가동률과 전력사용의 방향이 달라 업종 구성·설비 특성·자료범위(산단 vs 시 전체) 차이를 추가 확인할 필요가 있다.
경남 제조업 업황 심리지수가 기준선(100)을 밑돌아, 업종 고유 요인인지 지역 전반의 경기 흐름인지 구분해 확인할 필요가 있다.
이 업종은 생산자물가지수 대응 후보가 복수이거나 없어, PPI 조정 생산을 단일값으로 해석하지 않고 원자료로 확인할 필요가 있다.
업체수·고용 규모가 작아 비율 변동이 크게 나타난다. 절대 증감 개수로 다시 확인할 필요가 있다.
이 분기는 월별 원자료가 공표되지 않아 분기 내 지속 여부를 확인할 수 없다. 분기말 단일시점 값에만 의존한 판단임을 감안할 필요가 있다.",고용지원 · 직업훈련 / 산업동향,생산이 유지되는데 고용이 감소하고 있어 자동화·생산성 변화·미충원·외주화·인력구조 조정 여부를 확인할 필요가 있다.,"창원시 제조업 전체에서 입직자 감소가 함께 관측되므로, 고용 감소가 신규 채용 둔화와 함께 나타나는지 확인할 필요가 있다.
가동률과 전력사용의 방향이 달라 업종 구성·설비 특성·자료범위(산단 vs 시 전체) 차이를 추가 확인할 필요가 있다.
경남 제조업 업황 심리지수가 기준선(100)을 밑돌아, 업종 고유 요인인지 지역 전반의 경기 흐름인지 구분해 확인할 필요가 있다.","이 업종은 생산자물가지수 대응 후보가 복수이거나 없어, PPI 조정 생산을 단일값으로 해석하지 않고 원자료로 확인할 필요가 있다.
업체수·고용 규모가 작아 비율 변동이 크게 나타난다. 절대 증감 개수로 다시 확인할 필요가 있다.
이 분기는 월별 원자료가 공표되지 않아 분기 내 지속 여부를 확인할 수 없다. 분기말 단일시점 값에만 의존한 판단임을 감안할 필요가 있다.",생산유지·고용감소 신호,PPI 매핑 불확실(C·D 등급) · 소규모 분모 — 비율 변동 과대 가능 · 월별 원자료 미제공 구간
목재종이,2025Q4,관찰,미충원·숙련수요·증가의 지속가능성을 확인한다.,"가동률 하락이 일시적 생산조정인지 수주·수요 감소에 따른 것인지 확인할 필요가 있다.
창원시 제조업 전체에서 입직자 감소가 함께 관측되므로, 고용 감소가 신규 채용 둔화와 함께 나타나는지 확인할 필요가 있다.
가동률 하락과 창원시 제조업 전력사용 감소가 함께 나타나 실제 생산활동 위축 여부를 추가 확인할 필요가 있다. 다만 전력은 시 전체 제조업 총계이므로 이 업종의 값이 아니다.
경남 제조업 업황 심리지수가 기준선(100)을 밑돌아, 업종 고유 요인인지 지역 전반의 경기 흐름인지 구분해 확인할 필요가 있다.
같은 업종의 전국 업황 심리지수도 기준선을 밑돌아, 관측된 변화가 산단 고유 현상인지 전국 업종 흐름인지 확인할 필요가 있다.
이 분기는 월별 원자료가 공표되지 않아 분기 내 지속 여부를 확인할 수 없다. 분기말 단일시점 값에만 의존한 판단임을 감안할 필요가 있다.",산업동향 · 기업지원 / 고용지원 · 직업훈련 / 산업동향,가동률 하락이 일시적 생산조정인지 수주·수요 감소에 따른 것인지 확인할 필요가 있다.,"창원시 제조업 전체에서 입직자 감소가 함께 관측되므로, 고용 감소가 신규 채용 둔화와 함께 나타나는지 확인할 필요가 있다.
가동률 하락과 창원시 제조업 전력사용 감소가 함께 나타나 실제 생산활동 위축 여부를 추가 확인할 필요가 있다. 다만 전력은 시 전체 제조업 총계이므로 이 업종의 값이 아니다.
경남 제조업 업황 심리지수가 기준선(100)을 밑돌아, 업종 고유 요인인지 지역 전반의 경기 흐름인지 구분해 확인할 필요가 있다.
같은 업종의 전국 업황 심리지수도 기준선을 밑돌아, 관측된 변화가 산단 고유 현상인지 전국 업종 흐름인지 확인할 필요가 있다.",이 분기는 월별 원자료가 공표되지 않아 분기 내 지속 여부를 확인할 수 없다. 분기말 단일시점 값에만 의존한 판단임을 감안할 필요가 있다.,가동 위축 신호,월별 원자료 미제공 구간
비금속,2025Q4,추가확인,"자동화·설비투자, 외주·도급 전환, 미충원·숙련 불일치, 직무구조 변화 가능성을 질문으로 확인한다(원인 후보이며 입증된 원인이 아님).","가동업체 감소가 실제 퇴거·폐업·통합·휴업에 따른 것인지, 아니면 조사대상 변동이나 집계기준 변경에 따른 것인지 확인할 필요가 있다.
생산이 유지되는데 고용이 감소하고 있어 자동화·생산성 변화·미충원·외주화·인력구조 조정 여부를 확인할 필요가 있다.
창원시 제조업 전체에서 입직자 감소가 함께 관측되므로, 고용 감소가 신규 채용 둔화와 함께 나타나는지 확인할 필요가 있다.
가동률과 전력사용의 방향이 달라 업종 구성·설비 특성·자료범위(산단 vs 시 전체) 차이를 추가 확인할 필요가 있다.
경남 제조업 업황 심리지수가 기준선(100)을 밑돌아, 업종 고유 요인인지 지역 전반의 경기 흐름인지 구분해 확인할 필요가 있다.
같은 업종의 전국 업황 심리지수도 기준선을 밑돌아, 관측된 변화가 산단 고유 현상인지 전국 업종 흐름인지 확인할 필요가 있다.
업체수·고용 규모가 작아 비율 변동이 크게 나타난다. 절대 증감 개수로 다시 확인할 필요가 있다.
이 분기는 월별 원자료가 공표되지 않아 분기 내 지속 여부를 확인할 수 없다. 분기말 단일시점 값에만 의존한 판단임을 감안할 필요가 있다.",산업동향 · 기업지원 / 고용지원 · 직업훈련 / 산업동향,"가동업체 감소가 실제 퇴거·폐업·통합·휴업에 따른 것인지, 아니면 조사대상 변동이나 집계기준 변경에 따른 것인지 확인할 필요가 있다.
생산이 유지되는데 고용이 감소하고 있어 자동화·생산성 변화·미충원·외주화·인력구조 조정 여부를 확인할 필요가 있다.","창원시 제조업 전체에서 입직자 감소가 함께 관측되므로, 고용 감소가 신규 채용 둔화와 함께 나타나는지 확인할 필요가 있다.
가동률과 전력사용의 방향이 달라 업종 구성·설비 특성·자료범위(산단 vs 시 전체) 차이를 추가 확인할 필요가 있다.
경남 제조업 업황 심리지수가 기준선(100)을 밑돌아, 업종 고유 요인인지 지역 전반의 경기 흐름인지 구분해 확인할 필요가 있다.
같은 업종의 전국 업황 심리지수도 기준선을 밑돌아, 관측된 변화가 산단 고유 현상인지 전국 업종 흐름인지 확인할 필요가 있다.","업체수·고용 규모가 작아 비율 변동이 크게 나타난다. 절대 증감 개수로 다시 확인할 필요가 있다.
이 분기는 월별 원자료가 공표되지 않아 분기 내 지속 여부를 확인할 수 없다. 분기말 단일시점 값에만 의존한 판단임을 감안할 필요가 있다.",업체수 감소 신호 · 생산유지·고용감소 신호,소규모 분모 — 비율 변동 과대 가능 · 월별 원자료 미제공 구간
석유화학,2025Q4,관찰,선제채용·신규 입주기업·고용조정 시차·생산 단가와 물량 구분 가능성을 확인한다.,"창원시 제조업 전체에서 입직자 감소가 함께 관측되므로, 고용 감소가 신규 채용 둔화와 함께 나타나는지 확인할 필요가 있다.
가동률과 전력사용의 방향이 달라 업종 구성·설비 특성·자료범위(산단 vs 시 전체) 차이를 추가 확인할 필요가 있다.
경남 제조업 업황 심리지수가 기준선(100)을 밑돌아, 업종 고유 요인인지 지역 전반의 경기 흐름인지 구분해 확인할 필요가 있다.
같은 업종의 전국 업황 심리지수도 기준선을 밑돌아, 관측된 변화가 산단 고유 현상인지 전국 업종 흐름인지 확인할 필요가 있다.
이 업종은 생산자물가지수 대응 후보가 복수이거나 없어, PPI 조정 생산을 단일값으로 해석하지 않고 원자료로 확인할 필요가 있다.
이 분기는 월별 원자료가 공표되지 않아 분기 내 지속 여부를 확인할 수 없다. 분기말 단일시점 값에만 의존한 판단임을 감안할 필요가 있다.",고용지원 · 직업훈련 / 산업동향,,"창원시 제조업 전체에서 입직자 감소가 함께 관측되므로, 고용 감소가 신규 채용 둔화와 함께 나타나는지 확인할 필요가 있다.
가동률과 전력사용의 방향이 달라 업종 구성·설비 특성·자료범위(산단 vs 시 전체) 차이를 추가 확인할 필요가 있다.
경남 제조업 업황 심리지수가 기준선(100)을 밑돌아, 업종 고유 요인인지 지역 전반의 경기 흐름인지 구분해 확인할 필요가 있다.
같은 업종의 전국 업황 심리지수도 기준선을 밑돌아, 관측된 변화가 산단 고유 현상인지 전국 업종 흐름인지 확인할 필요가 있다.","이 업종은 생산자물가지수 대응 후보가 복수이거나 없어, PPI 조정 생산을 단일값으로 해석하지 않고 원자료로 확인할 필요가 있다.
이 분기는 월별 원자료가 공표되지 않아 분기 내 지속 여부를 확인할 수 없다. 분기말 단일시점 값에만 의존한 판단임을 감안할 필요가 있다.",해석 보류,PPI 매핑 불확실(C·D 등급) · 월별 원자료 미제공 구간
섬유의복,2025Q4,관찰,"원자료상 정확한 0인지 반올림·개정 영향인지, 0이 아닌 축의 방향과 규모를 확인한다.","가동률 하락이 일시적 생산조정인지 수주·수요 감소에 따른 것인지 확인할 필요가 있다.
명목생산 변화에 가격효과가 포함되어 있으므로 실제 물량이 줄었는지 추가로 확인할 필요가 있다.
창원시 제조업 전체에서 입직자 감소가 함께 관측되므로, 고용 감소가 신규 채용 둔화와 함께 나타나는지 확인할 필요가 있다.
가동률 하락과 창원시 제조업 전력사용 감소가 함께 나타나 실제 생산활동 위축 여부를 추가 확인할 필요가 있다. 다만 전력은 시 전체 제조업 총계이므로 이 업종의 값이 아니다.
경남 제조업 업황 심리지수가 기준선(100)을 밑돌아, 업종 고유 요인인지 지역 전반의 경기 흐름인지 구분해 확인할 필요가 있다.
같은 업종의 전국 업황 심리지수도 기준선을 밑돌아, 관측된 변화가 산단 고유 현상인지 전국 업종 흐름인지 확인할 필요가 있다.
업체수·고용 규모가 작아 비율 변동이 크게 나타난다. 절대 증감 개수로 다시 확인할 필요가 있다.
이 분기는 월별 원자료가 공표되지 않아 분기 내 지속 여부를 확인할 수 없다. 분기말 단일시점 값에만 의존한 판단임을 감안할 필요가 있다.",산업동향 · 기업지원 / 산업동향 / 고용지원 · 직업훈련,"가동률 하락이 일시적 생산조정인지 수주·수요 감소에 따른 것인지 확인할 필요가 있다.
명목생산 변화에 가격효과가 포함되어 있으므로 실제 물량이 줄었는지 추가로 확인할 필요가 있다.","창원시 제조업 전체에서 입직자 감소가 함께 관측되므로, 고용 감소가 신규 채용 둔화와 함께 나타나는지 확인할 필요가 있다.
가동률 하락과 창원시 제조업 전력사용 감소가 함께 나타나 실제 생산활동 위축 여부를 추가 확인할 필요가 있다. 다만 전력은 시 전체 제조업 총계이므로 이 업종의 값이 아니다.
경남 제조업 업황 심리지수가 기준선(100)을 밑돌아, 업종 고유 요인인지 지역 전반의 경기 흐름인지 구분해 확인할 필요가 있다.
같은 업종의 전국 업황 심리지수도 기준선을 밑돌아, 관측된 변화가 산단 고유 현상인지 전국 업종 흐름인지 확인할 필요가 있다.","업체수·고용 규모가 작아 비율 변동이 크게 나타난다. 절대 증감 개수로 다시 확인할 필요가 있다.
이 분기는 월별 원자료가 공표되지 않아 분기 내 지속 여부를 확인할 수 없다. 분기말 단일시점 값에만 의존한 판단임을 감안할 필요가 있다.",가동 위축 신호 · 실질생산 위축 신호(PPI 조정),소규모 분모 — 비율 변동 과대 가능 · 월별 원자료 미제공 구간
운송장비,2025Q4,추가확인,수주잔량·가동률·휴업/감산·기업 수 변동·고용조정 계획 신고 여부를 확인한다(원인 후보이며 입증된 원인이 아님).,"명목생산 변화에 가격효과가 포함되어 있으므로 실제 물량이 줄었는지 추가로 확인할 필요가 있다.
확인된 품목 기준 수출이 함께 감소하고 있어, 외부수요 약화 가능성을 보려면 수출 감소가 특정 품목·기업에 집중되는지 추가 확인할 필요가 있다.
창원시 제조업 전체에서 입직자 감소가 함께 관측되므로, 고용 감소가 신규 채용 둔화와 함께 나타나는지 확인할 필요가 있다.
가동률 하락과 창원시 제조업 전력사용 감소가 함께 나타나 실제 생산활동 위축 여부를 추가 확인할 필요가 있다. 다만 전력은 시 전체 제조업 총계이므로 이 업종의 값이 아니다.
경남 제조업 업황 심리지수가 기준선(100)을 밑돌아, 업종 고유 요인인지 지역 전반의 경기 흐름인지 구분해 확인할 필요가 있다.
같은 업종의 전국 업황 심리지수도 기준선을 밑돌아, 관측된 변화가 산단 고유 현상인지 전국 업종 흐름인지 확인할 필요가 있다.
이 분기는 월별 원자료가 공표되지 않아 분기 내 지속 여부를 확인할 수 없다. 분기말 단일시점 값에만 의존한 판단임을 감안할 필요가 있다.
외부 자료의 업종 구분이 산단 10업종과 정확히 대응하지 않는다. 비교 결과를 참고로만 읽고 대응 범위를 확인할 필요가 있다.",산업동향 / 산업동향 · 기업지원 / 고용지원 · 직업훈련,명목생산 변화에 가격효과가 포함되어 있으므로 실제 물량이 줄었는지 추가로 확인할 필요가 있다.,"확인된 품목 기준 수출이 함께 감소하고 있어, 외부수요 약화 가능성을 보려면 수출 감소가 특정 품목·기업에 집중되는지 추가 확인할 필요가 있다.
창원시 제조업 전체에서 입직자 감소가 함께 관측되므로, 고용 감소가 신규 채용 둔화와 함께 나타나는지 확인할 필요가 있다.
가동률 하락과 창원시 제조업 전력사용 감소가 함께 나타나 실제 생산활동 위축 여부를 추가 확인할 필요가 있다. 다만 전력은 시 전체 제조업 총계이므로 이 업종의 값이 아니다.
경남 제조업 업황 심리지수가 기준선(100)을 밑돌아, 업종 고유 요인인지 지역 전반의 경기 흐름인지 구분해 확인할 필요가 있다.
같은 업종의 전국 업황 심리지수도 기준선을 밑돌아, 관측된 변화가 산단 고유 현상인지 전국 업종 흐름인지 확인할 필요가 있다.","이 분기는 월별 원자료가 공표되지 않아 분기 내 지속 여부를 확인할 수 없다. 분기말 단일시점 값에만 의존한 판단임을 감안할 필요가 있다.
외부 자료의 업종 구분이 산단 10업종과 정확히 대응하지 않는다. 비교 결과를 참고로만 읽고 대응 범위를 확인할 필요가 있다.",실질생산 위축 신호(PPI 조정),고용보험 지표와 방향 일치 · 외부자료 업종 대응 불확실 · 월별 원자료 미제공 구간
음식료,2025Q4,우선점검,수주잔량·가동률·휴업/감산·기업 수 변동·고용조정 계획 신고 여부를 확인한다(원인 후보이며 입증된 원인이 아님).,"명목생산 변화에 가격효과가 포함되어 있으므로 실제 물량이 줄었는지 추가로 확인할 필요가 있다.
창원시 제조업 전체에서 입직자 감소가 함께 관측되므로, 고용 감소가 신규 채용 둔화와 함께 나타나는지 확인할 필요가 있다.
가동률과 전력사용의 방향이 달라 업종 구성·설비 특성·자료범위(산단 vs 시 전체) 차이를 추가 확인할 필요가 있다.
경남 제조업 업황 심리지수가 기준선(100)을 밑돌아, 업종 고유 요인인지 지역 전반의 경기 흐름인지 구분해 확인할 필요가 있다.
같은 업종의 전국 업황 심리지수도 기준선을 밑돌아, 관측된 변화가 산단 고유 현상인지 전국 업종 흐름인지 확인할 필요가 있다.
업체수·고용 규모가 작아 비율 변동이 크게 나타난다. 절대 증감 개수로 다시 확인할 필요가 있다.
이 분기는 월별 원자료가 공표되지 않아 분기 내 지속 여부를 확인할 수 없다. 분기말 단일시점 값에만 의존한 판단임을 감안할 필요가 있다.",산업동향 / 고용지원 · 직업훈련,명목생산 변화에 가격효과가 포함되어 있으므로 실제 물량이 줄었는지 추가로 확인할 필요가 있다.,"창원시 제조업 전체에서 입직자 감소가 함께 관측되므로, 고용 감소가 신규 채용 둔화와 함께 나타나는지 확인할 필요가 있다.
가동률과 전력사용의 방향이 달라 업종 구성·설비 특성·자료범위(산단 vs 시 전체) 차이를 추가 확인할 필요가 있다.
경남 제조업 업황 심리지수가 기준선(100)을 밑돌아, 업종 고유 요인인지 지역 전반의 경기 흐름인지 구분해 확인할 필요가 있다.
같은 업종의 전국 업황 심리지수도 기준선을 밑돌아, 관측된 변화가 산단 고유 현상인지 전국 업종 흐름인지 확인할 필요가 있다.","업체수·고용 규모가 작아 비율 변동이 크게 나타난다. 절대 증감 개수로 다시 확인할 필요가 있다.
이 분기는 월별 원자료가 공표되지 않아 분기 내 지속 여부를 확인할 수 없다. 분기말 단일시점 값에만 의존한 판단임을 감안할 필요가 있다.",실질생산 위축 신호(PPI 조정),소규모 분모 — 비율 변동 과대 가능 · 월별 원자료 미제공 구간
전기전자,2025Q4,추가확인,"자동화·설비투자, 외주·도급 전환, 미충원·숙련 불일치, 직무구조 변화 가능성을 질문으로 확인한다(원인 후보이며 입증된 원인이 아님).","생산이 유지되는데 고용이 감소하고 있어 자동화·생산성 변화·미충원·외주화·인력구조 조정 여부를 확인할 필요가 있다.
창원시 제조업 전체에서 입직자 감소가 함께 관측되므로, 고용 감소가 신규 채용 둔화와 함께 나타나는지 확인할 필요가 있다.
가동률과 전력사용의 방향이 달라 업종 구성·설비 특성·자료범위(산단 vs 시 전체) 차이를 추가 확인할 필요가 있다.
경남 제조업 업황 심리지수가 기준선(100)을 밑돌아, 업종 고유 요인인지 지역 전반의 경기 흐름인지 구분해 확인할 필요가 있다.
같은 업종의 전국 업황 심리지수도 기준선을 밑돌아, 관측된 변화가 산단 고유 현상인지 전국 업종 흐름인지 확인할 필요가 있다.
이 업종은 생산자물가지수 대응 후보가 복수이거나 없어, PPI 조정 생산을 단일값으로 해석하지 않고 원자료로 확인할 필요가 있다.
이 분기는 월별 원자료가 공표되지 않아 분기 내 지속 여부를 확인할 수 없다. 분기말 단일시점 값에만 의존한 판단임을 감안할 필요가 있다.
외부 자료의 업종 구분이 산단 10업종과 정확히 대응하지 않는다. 비교 결과를 참고로만 읽고 대응 범위를 확인할 필요가 있다.",고용지원 · 직업훈련 / 산업동향,생산이 유지되는데 고용이 감소하고 있어 자동화·생산성 변화·미충원·외주화·인력구조 조정 여부를 확인할 필요가 있다.,"창원시 제조업 전체에서 입직자 감소가 함께 관측되므로, 고용 감소가 신규 채용 둔화와 함께 나타나는지 확인할 필요가 있다.
가동률과 전력사용의 방향이 달라 업종 구성·설비 특성·자료범위(산단 vs 시 전체) 차이를 추가 확인할 필요가 있다.
경남 제조업 업황 심리지수가 기준선(100)을 밑돌아, 업종 고유 요인인지 지역 전반의 경기 흐름인지 구분해 확인할 필요가 있다.
같은 업종의 전국 업황 심리지수도 기준선을 밑돌아, 관측된 변화가 산단 고유 현상인지 전국 업종 흐름인지 확인할 필요가 있다.","이 업종은 생산자물가지수 대응 후보가 복수이거나 없어, PPI 조정 생산을 단일값으로 해석하지 않고 원자료로 확인할 필요가 있다.
이 분기는 월별 원자료가 공표되지 않아 분기 내 지속 여부를 확인할 수 없다. 분기말 단일시점 값에만 의존한 판단임을 감안할 필요가 있다.
외부 자료의 업종 구분이 산단 10업종과 정확히 대응하지 않는다. 비교 결과를 참고로만 읽고 대응 범위를 확인할 필요가 있다.",생산유지·고용감소 신호,고용보험 지표와 방향 일치 · PPI 매핑 불확실(C·D 등급) · 외부자료 업종 대응 불확실 · 월별 원자료 미제공 구간
철강,2025Q4,관찰,"자동화·설비투자, 외주·도급 전환, 미충원·숙련 불일치, 직무구조 변화 가능성을 질문으로 확인한다(원인 후보이며 입증된 원인이 아님).","가동률 하락이 일시적 생산조정인지 수주·수요 감소에 따른 것인지 확인할 필요가 있다.
확인된 품목 기준 수출이 함께 감소하고 있어, 외부수요 약화 가능성을 보려면 수출 감소가 특정 품목·기업에 집중되는지 추가 확인할 필요가 있다.
창원시 제조업 전체에서 입직자 감소가 함께 관측되므로, 고용 감소가 신규 채용 둔화와 함께 나타나는지 확인할 필요가 있다.
가동률 하락과 창원시 제조업 전력사용 감소가 함께 나타나 실제 생산활동 위축 여부를 추가 확인할 필요가 있다. 다만 전력은 시 전체 제조업 총계이므로 이 업종의 값이 아니다.
경남 제조업 업황 심리지수가 기준선(100)을 밑돌아, 업종 고유 요인인지 지역 전반의 경기 흐름인지 구분해 확인할 필요가 있다.
같은 업종의 전국 업황 심리지수도 기준선을 밑돌아, 관측된 변화가 산단 고유 현상인지 전국 업종 흐름인지 확인할 필요가 있다.
이 분기는 월별 원자료가 공표되지 않아 분기 내 지속 여부를 확인할 수 없다. 분기말 단일시점 값에만 의존한 판단임을 감안할 필요가 있다.",산업동향 · 기업지원 / 고용지원 · 직업훈련 / 산업동향,가동률 하락이 일시적 생산조정인지 수주·수요 감소에 따른 것인지 확인할 필요가 있다.,"확인된 품목 기준 수출이 함께 감소하고 있어, 외부수요 약화 가능성을 보려면 수출 감소가 특정 품목·기업에 집중되는지 추가 확인할 필요가 있다.
창원시 제조업 전체에서 입직자 감소가 함께 관측되므로, 고용 감소가 신규 채용 둔화와 함께 나타나는지 확인할 필요가 있다.
가동률 하락과 창원시 제조업 전력사용 감소가 함께 나타나 실제 생산활동 위축 여부를 추가 확인할 필요가 있다. 다만 전력은 시 전체 제조업 총계이므로 이 업종의 값이 아니다.
경남 제조업 업황 심리지수가 기준선(100)을 밑돌아, 업종 고유 요인인지 지역 전반의 경기 흐름인지 구분해 확인할 필요가 있다.
같은 업종의 전국 업황 심리지수도 기준선을 밑돌아, 관측된 변화가 산단 고유 현상인지 전국 업종 흐름인지 확인할 필요가 있다.",이 분기는 월별 원자료가 공표되지 않아 분기 내 지속 여부를 확인할 수 없다. 분기말 단일시점 값에만 의존한 판단임을 감안할 필요가 있다.,가동 위축 신호,월별 원자료 미제공 구간
기계,2026Q1,관찰,수주잔량·가동률·휴업/감산·기업 수 변동·고용조정 계획 신고 여부를 확인한다(원인 후보이며 입증된 원인이 아님).,"명목생산 변화에 가격효과가 포함되어 있으므로 실제 물량이 줄었는지 추가로 확인할 필요가 있다.
확인된 품목 기준 수출이 함께 감소하고 있어, 외부수요 약화 가능성을 보려면 수출 감소가 특정 품목·기업에 집중되는지 추가 확인할 필요가 있다.
창원시 제조업 전체에서 이직자 증가가 함께 관측되므로, 특정 사업장 조정 또는 노동이동과 관련된 것인지 추가 확인할 필요가 있다.
가동률 하락과 창원시 제조업 전력사용 감소가 함께 나타나 실제 생산활동 위축 여부를 추가 확인할 필요가 있다. 다만 전력은 시 전체 제조업 총계이므로 이 업종의 값이 아니다.
경남 제조업 업황 심리지수가 기준선(100)을 밑돌아, 업종 고유 요인인지 지역 전반의 경기 흐름인지 구분해 확인할 필요가 있다.
같은 업종의 전국 업황 심리지수도 기준선을 밑돌아, 관측된 변화가 산단 고유 현상인지 전국 업종 흐름인지 확인할 필요가 있다.
산단 고용과 창원시 고용보험 지표의 방향이 달라 모집단 차이·자료 개정·기업 구성 차이 중 무엇 때문인지 확인할 필요가 있다.
이 분기는 월별 원자료가 공표되지 않아 분기 내 지속 여부를 확인할 수 없다. 분기말 단일시점 값에만 의존한 판단임을 감안할 필요가 있다.
연간보정 개정본을 사용한 구간이다. 이후 재개정 시 값이 달라질 수 있음을 확인할 필요가 있다.",산업동향 / 산업동향 · 기업지원 / 고용지원,명목생산 변화에 가격효과가 포함되어 있으므로 실제 물량이 줄었는지 추가로 확인할 필요가 있다.,"확인된 품목 기준 수출이 함께 감소하고 있어, 외부수요 약화 가능성을 보려면 수출 감소가 특정 품목·기업에 집중되는지 추가 확인할 필요가 있다.
창원시 제조업 전체에서 이직자 증가가 함께 관측되므로, 특정 사업장 조정 또는 노동이동과 관련된 것인지 추가 확인할 필요가 있다.
가동률 하락과 창원시 제조업 전력사용 감소가 함께 나타나 실제 생산활동 위축 여부를 추가 확인할 필요가 있다. 다만 전력은 시 전체 제조업 총계이므로 이 업종의 값이 아니다.
경남 제조업 업황 심리지수가 기준선(100)을 밑돌아, 업종 고유 요인인지 지역 전반의 경기 흐름인지 구분해 확인할 필요가 있다.
같은 업종의 전국 업황 심리지수도 기준선을 밑돌아, 관측된 변화가 산단 고유 현상인지 전국 업종 흐름인지 확인할 필요가 있다.","산단 고용과 창원시 고용보험 지표의 방향이 달라 모집단 차이·자료 개정·기업 구성 차이 중 무엇 때문인지 확인할 필요가 있다.
이 분기는 월별 원자료가 공표되지 않아 분기 내 지속 여부를 확인할 수 없다. 분기말 단일시점 값에만 의존한 판단임을 감안할 필요가 있다.
연간보정 개정본을 사용한 구간이다. 이후 재개정 시 값이 달라질 수 있음을 확인할 필요가 있다.",실질생산 위축 신호(PPI 조정),고용보험 지표와 방향 불일치 · 연간보정 개정본 사용 구간 · 월별 원자료 미제공 구간
기타,2026Q1,관찰,미충원·숙련수요·증가의 지속가능성을 확인한다.,"창원시 제조업 전체에서 이직자 증가가 함께 관측되므로, 특정 사업장 조정 또는 노동이동과 관련된 것인지 추가 확인할 필요가 있다.
가동률과 전력사용의 방향이 달라 업종 구성·설비 특성·자료범위(산단 vs 시 전체) 차이를 추가 확인할 필요가 있다.
경남 제조업 업황 심리지수가 기준선(100)을 밑돌아, 업종 고유 요인인지 지역 전반의 경기 흐름인지 구분해 확인할 필요가 있다.
이 업종은 생산자물가지수 대응 후보가 복수이거나 없어, PPI 조정 생산을 단일값으로 해석하지 않고 원자료로 확인할 필요가 있다.
업체수·고용 규모가 작아 비율 변동이 크게 나타난다. 절대 증감 개수로 다시 확인할 필요가 있다.
이 분기는 월별 원자료가 공표되지 않아 분기 내 지속 여부를 확인할 수 없다. 분기말 단일시점 값에만 의존한 판단임을 감안할 필요가 있다.
연간보정 개정본을 사용한 구간이다. 이후 재개정 시 값이 달라질 수 있음을 확인할 필요가 있다.",고용지원 / 산업동향,,"창원시 제조업 전체에서 이직자 증가가 함께 관측되므로, 특정 사업장 조정 또는 노동이동과 관련된 것인지 추가 확인할 필요가 있다.
가동률과 전력사용의 방향이 달라 업종 구성·설비 특성·자료범위(산단 vs 시 전체) 차이를 추가 확인할 필요가 있다.
경남 제조업 업황 심리지수가 기준선(100)을 밑돌아, 업종 고유 요인인지 지역 전반의 경기 흐름인지 구분해 확인할 필요가 있다.","이 업종은 생산자물가지수 대응 후보가 복수이거나 없어, PPI 조정 생산을 단일값으로 해석하지 않고 원자료로 확인할 필요가 있다.
업체수·고용 규모가 작아 비율 변동이 크게 나타난다. 절대 증감 개수로 다시 확인할 필요가 있다.
이 분기는 월별 원자료가 공표되지 않아 분기 내 지속 여부를 확인할 수 없다. 분기말 단일시점 값에만 의존한 판단임을 감안할 필요가 있다.
연간보정 개정본을 사용한 구간이다. 이후 재개정 시 값이 달라질 수 있음을 확인할 필요가 있다.",해석 보류,PPI 매핑 불확실(C·D 등급) · 소규모 분모 — 비율 변동 과대 가능 · 연간보정 개정본 사용 구간 · 월별 원자료 미제공 구간
목재종이,2026Q1,우선점검,수주잔량·가동률·휴업/감산·기업 수 변동·고용조정 계획 신고 여부를 확인한다(원인 후보이며 입증된 원인이 아님).,"명목생산 변화에 가격효과가 포함되어 있으므로 실제 물량이 줄었는지 추가로 확인할 필요가 있다.
창원시 제조업 전체에서 이직자 증가가 함께 관측되므로, 특정 사업장 조정 또는 노동이동과 관련된 것인지 추가 확인할 필요가 있다.
가동률과 전력사용의 방향이 달라 업종 구성·설비 특성·자료범위(산단 vs 시 전체) 차이를 추가 확인할 필요가 있다.
경남 제조업 업황 심리지수가 기준선(100)을 밑돌아, 업종 고유 요인인지 지역 전반의 경기 흐름인지 구분해 확인할 필요가 있다.
같은 업종의 전국 업황 심리지수도 기준선을 밑돌아, 관측된 변화가 산단 고유 현상인지 전국 업종 흐름인지 확인할 필요가 있다.
이 분기는 월별 원자료가 공표되지 않아 분기 내 지속 여부를 확인할 수 없다. 분기말 단일시점 값에만 의존한 판단임을 감안할 필요가 있다.
연간보정 개정본을 사용한 구간이다. 이후 재개정 시 값이 달라질 수 있음을 확인할 필요가 있다.",산업동향 / 고용지원,명목생산 변화에 가격효과가 포함되어 있으므로 실제 물량이 줄었는지 추가로 확인할 필요가 있다.,"창원시 제조업 전체에서 이직자 증가가 함께 관측되므로, 특정 사업장 조정 또는 노동이동과 관련된 것인지 추가 확인할 필요가 있다.
가동률과 전력사용의 방향이 달라 업종 구성·설비 특성·자료범위(산단 vs 시 전체) 차이를 추가 확인할 필요가 있다.
경남 제조업 업황 심리지수가 기준선(100)을 밑돌아, 업종 고유 요인인지 지역 전반의 경기 흐름인지 구분해 확인할 필요가 있다.
같은 업종의 전국 업황 심리지수도 기준선을 밑돌아, 관측된 변화가 산단 고유 현상인지 전국 업종 흐름인지 확인할 필요가 있다.","이 분기는 월별 원자료가 공표되지 않아 분기 내 지속 여부를 확인할 수 없다. 분기말 단일시점 값에만 의존한 판단임을 감안할 필요가 있다.
연간보정 개정본을 사용한 구간이다. 이후 재개정 시 값이 달라질 수 있음을 확인할 필요가 있다.",실질생산 위축 신호(PPI 조정),연간보정 개정본 사용 구간 · 월별 원자료 미제공 구간
비금속,2026Q1,관찰,"자동화·설비투자, 외주·도급 전환, 미충원·숙련 불일치, 직무구조 변화 가능성을 질문으로 확인한다(원인 후보이며 입증된 원인이 아님).","생산이 유지되는데 고용이 감소하고 있어 자동화·생산성 변화·미충원·외주화·인력구조 조정 여부를 확인할 필요가 있다.
창원시 제조업 전체에서 이직자 증가가 함께 관측되므로, 특정 사업장 조정 또는 노동이동과 관련된 것인지 추가 확인할 필요가 있다.
가동률과 전력사용의 방향이 달라 업종 구성·설비 특성·자료범위(산단 vs 시 전체) 차이를 추가 확인할 필요가 있다.
경남 제조업 업황 심리지수가 기준선(100)을 밑돌아, 업종 고유 요인인지 지역 전반의 경기 흐름인지 구분해 확인할 필요가 있다.
같은 업종의 전국 업황 심리지수도 기준선을 밑돌아, 관측된 변화가 산단 고유 현상인지 전국 업종 흐름인지 확인할 필요가 있다.
업체수·고용 규모가 작아 비율 변동이 크게 나타난다. 절대 증감 개수로 다시 확인할 필요가 있다.
이 분기는 월별 원자료가 공표되지 않아 분기 내 지속 여부를 확인할 수 없다. 분기말 단일시점 값에만 의존한 판단임을 감안할 필요가 있다.
연간보정 개정본을 사용한 구간이다. 이후 재개정 시 값이 달라질 수 있음을 확인할 필요가 있다.",고용지원 · 직업훈련 / 고용지원 / 산업동향,생산이 유지되는데 고용이 감소하고 있어 자동화·생산성 변화·미충원·외주화·인력구조 조정 여부를 확인할 필요가 있다.,"창원시 제조업 전체에서 이직자 증가가 함께 관측되므로, 특정 사업장 조정 또는 노동이동과 관련된 것인지 추가 확인할 필요가 있다.
가동률과 전력사용의 방향이 달라 업종 구성·설비 특성·자료범위(산단 vs 시 전체) 차이를 추가 확인할 필요가 있다.
경남 제조업 업황 심리지수가 기준선(100)을 밑돌아, 업종 고유 요인인지 지역 전반의 경기 흐름인지 구분해 확인할 필요가 있다.
같은 업종의 전국 업황 심리지수도 기준선을 밑돌아, 관측된 변화가 산단 고유 현상인지 전국 업종 흐름인지 확인할 필요가 있다.","업체수·고용 규모가 작아 비율 변동이 크게 나타난다. 절대 증감 개수로 다시 확인할 필요가 있다.
이 분기는 월별 원자료가 공표되지 않아 분기 내 지속 여부를 확인할 수 없다. 분기말 단일시점 값에만 의존한 판단임을 감안할 필요가 있다.
연간보정 개정본을 사용한 구간이다. 이후 재개정 시 값이 달라질 수 있음을 확인할 필요가 있다.",생산유지·고용감소 신호,소규모 분모 — 비율 변동 과대 가능 · 연간보정 개정본 사용 구간 · 월별 원자료 미제공 구간
석유화학,2026Q1,관찰,수주잔량·가동률·휴업/감산·기업 수 변동·고용조정 계획 신고 여부를 확인한다(원인 후보이며 입증된 원인이 아님).,"가동률 하락이 일시적 생산조정인지 수주·수요 감소에 따른 것인지 확인할 필요가 있다.
창원시 제조업 전체에서 이직자 증가가 함께 관측되므로, 특정 사업장 조정 또는 노동이동과 관련된 것인지 추가 확인할 필요가 있다.
가동률 하락과 창원시 제조업 전력사용 감소가 함께 나타나 실제 생산활동 위축 여부를 추가 확인할 필요가 있다. 다만 전력은 시 전체 제조업 총계이므로 이 업종의 값이 아니다.
경남 제조업 업황 심리지수가 기준선(100)을 밑돌아, 업종 고유 요인인지 지역 전반의 경기 흐름인지 구분해 확인할 필요가 있다.
같은 업종의 전국 업황 심리지수도 기준선을 밑돌아, 관측된 변화가 산단 고유 현상인지 전국 업종 흐름인지 확인할 필요가 있다.
이 업종은 생산자물가지수 대응 후보가 복수이거나 없어, PPI 조정 생산을 단일값으로 해석하지 않고 원자료로 확인할 필요가 있다.
이 분기는 월별 원자료가 공표되지 않아 분기 내 지속 여부를 확인할 수 없다. 분기말 단일시점 값에만 의존한 판단임을 감안할 필요가 있다.
연간보정 개정본을 사용한 구간이다. 이후 재개정 시 값이 달라질 수 있음을 확인할 필요가 있다.",산업동향 · 기업지원 / 고용지원 / 산업동향,가동률 하락이 일시적 생산조정인지 수주·수요 감소에 따른 것인지 확인할 필요가 있다.,"창원시 제조업 전체에서 이직자 증가가 함께 관측되므로, 특정 사업장 조정 또는 노동이동과 관련된 것인지 추가 확인할 필요가 있다.
가동률 하락과 창원시 제조업 전력사용 감소가 함께 나타나 실제 생산활동 위축 여부를 추가 확인할 필요가 있다. 다만 전력은 시 전체 제조업 총계이므로 이 업종의 값이 아니다.
경남 제조업 업황 심리지수가 기준선(100)을 밑돌아, 업종 고유 요인인지 지역 전반의 경기 흐름인지 구분해 확인할 필요가 있다.
같은 업종의 전국 업황 심리지수도 기준선을 밑돌아, 관측된 변화가 산단 고유 현상인지 전국 업종 흐름인지 확인할 필요가 있다.","이 업종은 생산자물가지수 대응 후보가 복수이거나 없어, PPI 조정 생산을 단일값으로 해석하지 않고 원자료로 확인할 필요가 있다.
이 분기는 월별 원자료가 공표되지 않아 분기 내 지속 여부를 확인할 수 없다. 분기말 단일시점 값에만 의존한 판단임을 감안할 필요가 있다.
연간보정 개정본을 사용한 구간이다. 이후 재개정 시 값이 달라질 수 있음을 확인할 필요가 있다.",가동 위축 신호,PPI 매핑 불확실(C·D 등급) · 연간보정 개정본 사용 구간 · 월별 원자료 미제공 구간
섬유의복,2026Q1,관찰,"원자료상 정확한 0인지 반올림·개정 영향인지, 0이 아닌 축의 방향과 규모를 확인한다.","가동률 하락이 일시적 생산조정인지 수주·수요 감소에 따른 것인지 확인할 필요가 있다.
명목생산 변화에 가격효과가 포함되어 있으므로 실제 물량이 줄었는지 추가로 확인할 필요가 있다.
창원시 제조업 전체에서 이직자 증가가 함께 관측되므로, 특정 사업장 조정 또는 노동이동과 관련된 것인지 추가 확인할 필요가 있다.
가동률 하락과 창원시 제조업 전력사용 감소가 함께 나타나 실제 생산활동 위축 여부를 추가 확인할 필요가 있다. 다만 전력은 시 전체 제조업 총계이므로 이 업종의 값이 아니다.
경남 제조업 업황 심리지수가 기준선(100)을 밑돌아, 업종 고유 요인인지 지역 전반의 경기 흐름인지 구분해 확인할 필요가 있다.
같은 업종의 전국 업황 심리지수도 기준선을 밑돌아, 관측된 변화가 산단 고유 현상인지 전국 업종 흐름인지 확인할 필요가 있다.
업체수·고용 규모가 작아 비율 변동이 크게 나타난다. 절대 증감 개수로 다시 확인할 필요가 있다.
이 분기는 월별 원자료가 공표되지 않아 분기 내 지속 여부를 확인할 수 없다. 분기말 단일시점 값에만 의존한 판단임을 감안할 필요가 있다.
연간보정 개정본을 사용한 구간이다. 이후 재개정 시 값이 달라질 수 있음을 확인할 필요가 있다.",산업동향 · 기업지원 / 산업동향 / 고용지원,"가동률 하락이 일시적 생산조정인지 수주·수요 감소에 따른 것인지 확인할 필요가 있다.
명목생산 변화에 가격효과가 포함되어 있으므로 실제 물량이 줄었는지 추가로 확인할 필요가 있다.","창원시 제조업 전체에서 이직자 증가가 함께 관측되므로, 특정 사업장 조정 또는 노동이동과 관련된 것인지 추가 확인할 필요가 있다.
가동률 하락과 창원시 제조업 전력사용 감소가 함께 나타나 실제 생산활동 위축 여부를 추가 확인할 필요가 있다. 다만 전력은 시 전체 제조업 총계이므로 이 업종의 값이 아니다.
경남 제조업 업황 심리지수가 기준선(100)을 밑돌아, 업종 고유 요인인지 지역 전반의 경기 흐름인지 구분해 확인할 필요가 있다.
같은 업종의 전국 업황 심리지수도 기준선을 밑돌아, 관측된 변화가 산단 고유 현상인지 전국 업종 흐름인지 확인할 필요가 있다.","업체수·고용 규모가 작아 비율 변동이 크게 나타난다. 절대 증감 개수로 다시 확인할 필요가 있다.
이 분기는 월별 원자료가 공표되지 않아 분기 내 지속 여부를 확인할 수 없다. 분기말 단일시점 값에만 의존한 판단임을 감안할 필요가 있다.
연간보정 개정본을 사용한 구간이다. 이후 재개정 시 값이 달라질 수 있음을 확인할 필요가 있다.",가동 위축 신호 · 실질생산 위축 신호(PPI 조정),소규모 분모 — 비율 변동 과대 가능 · 연간보정 개정본 사용 구간 · 월별 원자료 미제공 구간
운송장비,2026Q1,관찰,"자동화·설비투자, 외주·도급 전환, 미충원·숙련 불일치, 직무구조 변화 가능성을 질문으로 확인한다(원인 후보이며 입증된 원인이 아님).","생산이 유지되는데 고용이 감소하고 있어 자동화·생산성 변화·미충원·외주화·인력구조 조정 여부를 확인할 필요가 있다.
확인된 품목 기준 수출이 함께 감소하고 있어, 외부수요 약화 가능성을 보려면 수출 감소가 특정 품목·기업에 집중되는지 추가 확인할 필요가 있다.
창원시 제조업 전체에서 이직자 증가가 함께 관측되므로, 특정 사업장 조정 또는 노동이동과 관련된 것인지 추가 확인할 필요가 있다.
가동률과 전력사용의 방향이 달라 업종 구성·설비 특성·자료범위(산단 vs 시 전체) 차이를 추가 확인할 필요가 있다.
경남 제조업 업황 심리지수가 기준선(100)을 밑돌아, 업종 고유 요인인지 지역 전반의 경기 흐름인지 구분해 확인할 필요가 있다.
같은 업종의 전국 업황 심리지수도 기준선을 밑돌아, 관측된 변화가 산단 고유 현상인지 전국 업종 흐름인지 확인할 필요가 있다.
이 분기는 월별 원자료가 공표되지 않아 분기 내 지속 여부를 확인할 수 없다. 분기말 단일시점 값에만 의존한 판단임을 감안할 필요가 있다.
연간보정 개정본을 사용한 구간이다. 이후 재개정 시 값이 달라질 수 있음을 확인할 필요가 있다.
외부 자료의 업종 구분이 산단 10업종과 정확히 대응하지 않는다. 비교 결과를 참고로만 읽고 대응 범위를 확인할 필요가 있다.",고용지원 · 직업훈련 / 산업동향 · 기업지원 / 고용지원 / 산업동향,생산이 유지되는데 고용이 감소하고 있어 자동화·생산성 변화·미충원·외주화·인력구조 조정 여부를 확인할 필요가 있다.,"확인된 품목 기준 수출이 함께 감소하고 있어, 외부수요 약화 가능성을 보려면 수출 감소가 특정 품목·기업에 집중되는지 추가 확인할 필요가 있다.
창원시 제조업 전체에서 이직자 증가가 함께 관측되므로, 특정 사업장 조정 또는 노동이동과 관련된 것인지 추가 확인할 필요가 있다.
가동률과 전력사용의 방향이 달라 업종 구성·설비 특성·자료범위(산단 vs 시 전체) 차이를 추가 확인할 필요가 있다.
경남 제조업 업황 심리지수가 기준선(100)을 밑돌아, 업종 고유 요인인지 지역 전반의 경기 흐름인지 구분해 확인할 필요가 있다.
같은 업종의 전국 업황 심리지수도 기준선을 밑돌아, 관측된 변화가 산단 고유 현상인지 전국 업종 흐름인지 확인할 필요가 있다.","이 분기는 월별 원자료가 공표되지 않아 분기 내 지속 여부를 확인할 수 없다. 분기말 단일시점 값에만 의존한 판단임을 감안할 필요가 있다.
연간보정 개정본을 사용한 구간이다. 이후 재개정 시 값이 달라질 수 있음을 확인할 필요가 있다.
외부 자료의 업종 구분이 산단 10업종과 정확히 대응하지 않는다. 비교 결과를 참고로만 읽고 대응 범위를 확인할 필요가 있다.",생산유지·고용감소 신호,고용보험 지표와 방향 일치 · 연간보정 개정본 사용 구간 · 외부자료 업종 대응 불확실 · 월별 원자료 미제공 구간
음식료,2026Q1,우선점검,"자동화·설비투자, 외주·도급 전환, 미충원·숙련 불일치, 직무구조 변화 가능성을 질문으로 확인한다(원인 후보이며 입증된 원인이 아님).","생산이 유지되는데 고용이 감소하고 있어 자동화·생산성 변화·미충원·외주화·인력구조 조정 여부를 확인할 필요가 있다.
창원시 제조업 전체에서 이직자 증가가 함께 관측되므로, 특정 사업장 조정 또는 노동이동과 관련된 것인지 추가 확인할 필요가 있다.
가동률 하락과 창원시 제조업 전력사용 감소가 함께 나타나 실제 생산활동 위축 여부를 추가 확인할 필요가 있다. 다만 전력은 시 전체 제조업 총계이므로 이 업종의 값이 아니다.
경남 제조업 업황 심리지수가 기준선(100)을 밑돌아, 업종 고유 요인인지 지역 전반의 경기 흐름인지 구분해 확인할 필요가 있다.
같은 업종의 전국 업황 심리지수도 기준선을 밑돌아, 관측된 변화가 산단 고유 현상인지 전국 업종 흐름인지 확인할 필요가 있다.
업체수·고용 규모가 작아 비율 변동이 크게 나타난다. 절대 증감 개수로 다시 확인할 필요가 있다.
이 분기는 월별 원자료가 공표되지 않아 분기 내 지속 여부를 확인할 수 없다. 분기말 단일시점 값에만 의존한 판단임을 감안할 필요가 있다.
연간보정 개정본을 사용한 구간이다. 이후 재개정 시 값이 달라질 수 있음을 확인할 필요가 있다.",고용지원 · 직업훈련 / 고용지원 / 산업동향 · 기업지원 / 산업동향,생산이 유지되는데 고용이 감소하고 있어 자동화·생산성 변화·미충원·외주화·인력구조 조정 여부를 확인할 필요가 있다.,"창원시 제조업 전체에서 이직자 증가가 함께 관측되므로, 특정 사업장 조정 또는 노동이동과 관련된 것인지 추가 확인할 필요가 있다.
가동률 하락과 창원시 제조업 전력사용 감소가 함께 나타나 실제 생산활동 위축 여부를 추가 확인할 필요가 있다. 다만 전력은 시 전체 제조업 총계이므로 이 업종의 값이 아니다.
경남 제조업 업황 심리지수가 기준선(100)을 밑돌아, 업종 고유 요인인지 지역 전반의 경기 흐름인지 구분해 확인할 필요가 있다.
같은 업종의 전국 업황 심리지수도 기준선을 밑돌아, 관측된 변화가 산단 고유 현상인지 전국 업종 흐름인지 확인할 필요가 있다.","업체수·고용 규모가 작아 비율 변동이 크게 나타난다. 절대 증감 개수로 다시 확인할 필요가 있다.
이 분기는 월별 원자료가 공표되지 않아 분기 내 지속 여부를 확인할 수 없다. 분기말 단일시점 값에만 의존한 판단임을 감안할 필요가 있다.
연간보정 개정본을 사용한 구간이다. 이후 재개정 시 값이 달라질 수 있음을 확인할 필요가 있다.",생산유지·고용감소 신호,소규모 분모 — 비율 변동 과대 가능 · 연간보정 개정본 사용 구간 · 월별 원자료 미제공 구간
전기전자,2026Q1,관찰,수주잔량·가동률·휴업/감산·기업 수 변동·고용조정 계획 신고 여부를 확인한다(원인 후보이며 입증된 원인이 아님).,"가동률 하락이 일시적 생산조정인지 수주·수요 감소에 따른 것인지 확인할 필요가 있다.
확인된 품목 기준 수출은 유지·확대되는데 고용이 감소하고 있어 생산성·자동화·기업구성 변화 등의 가능성을 추가 확인할 필요가 있다.
창원시 제조업 전체에서 이직자 증가가 함께 관측되므로, 특정 사업장 조정 또는 노동이동과 관련된 것인지 추가 확인할 필요가 있다.
가동률 하락과 창원시 제조업 전력사용 감소가 함께 나타나 실제 생산활동 위축 여부를 추가 확인할 필요가 있다. 다만 전력은 시 전체 제조업 총계이므로 이 업종의 값이 아니다.
경남 제조업 업황 심리지수가 기준선(100)을 밑돌아, 업종 고유 요인인지 지역 전반의 경기 흐름인지 구분해 확인할 필요가 있다.
같은 업종의 전국 업황 심리지수도 기준선을 밑돌아, 관측된 변화가 산단 고유 현상인지 전국 업종 흐름인지 확인할 필요가 있다.
이 업종은 생산자물가지수 대응 후보가 복수이거나 없어, PPI 조정 생산을 단일값으로 해석하지 않고 원자료로 확인할 필요가 있다.
이 분기는 월별 원자료가 공표되지 않아 분기 내 지속 여부를 확인할 수 없다. 분기말 단일시점 값에만 의존한 판단임을 감안할 필요가 있다.
연간보정 개정본을 사용한 구간이다. 이후 재개정 시 값이 달라질 수 있음을 확인할 필요가 있다.
외부 자료의 업종 구분이 산단 10업종과 정확히 대응하지 않는다. 비교 결과를 참고로만 읽고 대응 범위를 확인할 필요가 있다.",산업동향 · 기업지원 / 고용지원 · 직업훈련 / 고용지원 / 산업동향,가동률 하락이 일시적 생산조정인지 수주·수요 감소에 따른 것인지 확인할 필요가 있다.,"확인된 품목 기준 수출은 유지·확대되는데 고용이 감소하고 있어 생산성·자동화·기업구성 변화 등의 가능성을 추가 확인할 필요가 있다.
창원시 제조업 전체에서 이직자 증가가 함께 관측되므로, 특정 사업장 조정 또는 노동이동과 관련된 것인지 추가 확인할 필요가 있다.
가동률 하락과 창원시 제조업 전력사용 감소가 함께 나타나 실제 생산활동 위축 여부를 추가 확인할 필요가 있다. 다만 전력은 시 전체 제조업 총계이므로 이 업종의 값이 아니다.
경남 제조업 업황 심리지수가 기준선(100)을 밑돌아, 업종 고유 요인인지 지역 전반의 경기 흐름인지 구분해 확인할 필요가 있다.
같은 업종의 전국 업황 심리지수도 기준선을 밑돌아, 관측된 변화가 산단 고유 현상인지 전국 업종 흐름인지 확인할 필요가 있다.","이 업종은 생산자물가지수 대응 후보가 복수이거나 없어, PPI 조정 생산을 단일값으로 해석하지 않고 원자료로 확인할 필요가 있다.
이 분기는 월별 원자료가 공표되지 않아 분기 내 지속 여부를 확인할 수 없다. 분기말 단일시점 값에만 의존한 판단임을 감안할 필요가 있다.
연간보정 개정본을 사용한 구간이다. 이후 재개정 시 값이 달라질 수 있음을 확인할 필요가 있다.
외부 자료의 업종 구분이 산단 10업종과 정확히 대응하지 않는다. 비교 결과를 참고로만 읽고 대응 범위를 확인할 필요가 있다.",가동 위축 신호,고용보험 지표와 방향 일치 · PPI 매핑 불확실(C·D 등급) · 연간보정 개정본 사용 구간 · 외부자료 업종 대응 불확실 · 월별 원자료 미제공 구간
철강,2026Q1,관찰,"자동화·설비투자, 외주·도급 전환, 미충원·숙련 불일치, 직무구조 변화 가능성을 질문으로 확인한다(원인 후보이며 입증된 원인이 아님).","창원시 제조업 전체에서 이직자 증가가 함께 관측되므로, 특정 사업장 조정 또는 노동이동과 관련된 것인지 추가 확인할 필요가 있다.
가동률과 전력사용의 방향이 달라 업종 구성·설비 특성·자료범위(산단 vs 시 전체) 차이를 추가 확인할 필요가 있다.
경남 제조업 업황 심리지수가 기준선(100)을 밑돌아, 업종 고유 요인인지 지역 전반의 경기 흐름인지 구분해 확인할 필요가 있다.
같은 업종의 전국 업황 심리지수도 기준선을 밑돌아, 관측된 변화가 산단 고유 현상인지 전국 업종 흐름인지 확인할 필요가 있다.
이 분기는 월별 원자료가 공표되지 않아 분기 내 지속 여부를 확인할 수 없다. 분기말 단일시점 값에만 의존한 판단임을 감안할 필요가 있다.
연간보정 개정본을 사용한 구간이다. 이후 재개정 시 값이 달라질 수 있음을 확인할 필요가 있다.",고용지원 / 산업동향,,"창원시 제조업 전체에서 이직자 증가가 함께 관측되므로, 특정 사업장 조정 또는 노동이동과 관련된 것인지 추가 확인할 필요가 있다.
가동률과 전력사용의 방향이 달라 업종 구성·설비 특성·자료범위(산단 vs 시 전체) 차이를 추가 확인할 필요가 있다.
경남 제조업 업황 심리지수가 기준선(100)을 밑돌아, 업종 고유 요인인지 지역 전반의 경기 흐름인지 구분해 확인할 필요가 있다.
같은 업종의 전국 업황 심리지수도 기준선을 밑돌아, 관측된 변화가 산단 고유 현상인지 전국 업종 흐름인지 확인할 필요가 있다.","이 분기는 월별 원자료가 공표되지 않아 분기 내 지속 여부를 확인할 수 없다. 분기말 단일시점 값에만 의존한 판단임을 감안할 필요가 있다.
연간보정 개정본을 사용한 구간이다. 이후 재개정 시 값이 달라질 수 있음을 확인할 필요가 있다.",해석 보류,연간보정 개정본 사용 구간 · 월별 원자료 미제공 구간
기계,2026Q2,우선점검,수주잔량·가동률·휴업/감산·기업 수 변동·고용조정 계획 신고 여부를 확인한다(원인 후보이며 입증된 원인이 아님).,"가동률 하락이 일시적 생산조정인지 수주·수요 감소에 따른 것인지 확인할 필요가 있다.
명목생산 변화에 가격효과가 포함되어 있으므로 실제 물량이 줄었는지 추가로 확인할 필요가 있다.
확인된 품목 기준 수출이 함께 감소하고 있어, 외부수요 약화 가능성을 보려면 수출 감소가 특정 품목·기업에 집중되는지 추가 확인할 필요가 있다.
창원시 제조업 전체에서 이직자 증가가 함께 관측되므로, 특정 사업장 조정 또는 노동이동과 관련된 것인지 추가 확인할 필요가 있다.
가동률과 전력사용의 방향이 달라 업종 구성·설비 특성·자료범위(산단 vs 시 전체) 차이를 추가 확인할 필요가 있다.
경남 제조업 업황 심리지수가 기준선(100)을 밑돌아, 업종 고유 요인인지 지역 전반의 경기 흐름인지 구분해 확인할 필요가 있다.
같은 업종의 전국 업황 심리지수도 기준선을 밑돌아, 관측된 변화가 산단 고유 현상인지 전국 업종 흐름인지 확인할 필요가 있다.
이 분기는 월별 원자료가 공표되지 않아 분기 내 지속 여부를 확인할 수 없다. 분기말 단일시점 값에만 의존한 판단임을 감안할 필요가 있다.
연간보정 개정본을 사용한 구간이다. 이후 재개정 시 값이 달라질 수 있음을 확인할 필요가 있다.",산업동향 · 기업지원 / 산업동향 / 고용지원,"가동률 하락이 일시적 생산조정인지 수주·수요 감소에 따른 것인지 확인할 필요가 있다.
명목생산 변화에 가격효과가 포함되어 있으므로 실제 물량이 줄었는지 추가로 확인할 필요가 있다.","확인된 품목 기준 수출이 함께 감소하고 있어, 외부수요 약화 가능성을 보려면 수출 감소가 특정 품목·기업에 집중되는지 추가 확인할 필요가 있다.
창원시 제조업 전체에서 이직자 증가가 함께 관측되므로, 특정 사업장 조정 또는 노동이동과 관련된 것인지 추가 확인할 필요가 있다.
가동률과 전력사용의 방향이 달라 업종 구성·설비 특성·자료범위(산단 vs 시 전체) 차이를 추가 확인할 필요가 있다.
경남 제조업 업황 심리지수가 기준선(100)을 밑돌아, 업종 고유 요인인지 지역 전반의 경기 흐름인지 구분해 확인할 필요가 있다.
같은 업종의 전국 업황 심리지수도 기준선을 밑돌아, 관측된 변화가 산단 고유 현상인지 전국 업종 흐름인지 확인할 필요가 있다.","이 분기는 월별 원자료가 공표되지 않아 분기 내 지속 여부를 확인할 수 없다. 분기말 단일시점 값에만 의존한 판단임을 감안할 필요가 있다.
연간보정 개정본을 사용한 구간이다. 이후 재개정 시 값이 달라질 수 있음을 확인할 필요가 있다.",가동 위축 신호 · 실질생산 위축 신호(PPI 조정),연간보정 개정본 사용 구간 · 월별 원자료 미제공 구간
기타,2026Q2,관찰,미충원·숙련수요·증가의 지속가능성을 확인한다.,"가동업체 감소가 실제 퇴거·폐업·통합·휴업에 따른 것인지, 아니면 조사대상 변동이나 집계기준 변경에 따른 것인지 확인할 필요가 있다.
창원시 제조업 전체에서 이직자 증가가 함께 관측되므로, 특정 사업장 조정 또는 노동이동과 관련된 것인지 추가 확인할 필요가 있다.
경남 제조업 업황 심리지수가 기준선(100)을 밑돌아, 업종 고유 요인인지 지역 전반의 경기 흐름인지 구분해 확인할 필요가 있다.
이 업종은 생산자물가지수 대응 후보가 복수이거나 없어, PPI 조정 생산을 단일값으로 해석하지 않고 원자료로 확인할 필요가 있다.
업체수·고용 규모가 작아 비율 변동이 크게 나타난다. 절대 증감 개수로 다시 확인할 필요가 있다.
이 분기는 월별 원자료가 공표되지 않아 분기 내 지속 여부를 확인할 수 없다. 분기말 단일시점 값에만 의존한 판단임을 감안할 필요가 있다.
연간보정 개정본을 사용한 구간이다. 이후 재개정 시 값이 달라질 수 있음을 확인할 필요가 있다.",산업동향 · 기업지원 / 고용지원 / 산업동향,"가동업체 감소가 실제 퇴거·폐업·통합·휴업에 따른 것인지, 아니면 조사대상 변동이나 집계기준 변경에 따른 것인지 확인할 필요가 있다.","창원시 제조업 전체에서 이직자 증가가 함께 관측되므로, 특정 사업장 조정 또는 노동이동과 관련된 것인지 추가 확인할 필요가 있다.
경남 제조업 업황 심리지수가 기준선(100)을 밑돌아, 업종 고유 요인인지 지역 전반의 경기 흐름인지 구분해 확인할 필요가 있다.","이 업종은 생산자물가지수 대응 후보가 복수이거나 없어, PPI 조정 생산을 단일값으로 해석하지 않고 원자료로 확인할 필요가 있다.
업체수·고용 규모가 작아 비율 변동이 크게 나타난다. 절대 증감 개수로 다시 확인할 필요가 있다.
이 분기는 월별 원자료가 공표되지 않아 분기 내 지속 여부를 확인할 수 없다. 분기말 단일시점 값에만 의존한 판단임을 감안할 필요가 있다.
연간보정 개정본을 사용한 구간이다. 이후 재개정 시 값이 달라질 수 있음을 확인할 필요가 있다.",업체수 감소 신호,PPI 매핑 불확실(C·D 등급) · 소규모 분모 — 비율 변동 과대 가능 · 연간보정 개정본 사용 구간 · 월별 원자료 미제공 구간
목재종이,2026Q2,우선점검,수주잔량·가동률·휴업/감산·기업 수 변동·고용조정 계획 신고 여부를 확인한다(원인 후보이며 입증된 원인이 아님).,"명목생산 변화에 가격효과가 포함되어 있으므로 실제 물량이 줄었는지 추가로 확인할 필요가 있다.
창원시 제조업 전체에서 이직자 증가가 함께 관측되므로, 특정 사업장 조정 또는 노동이동과 관련된 것인지 추가 확인할 필요가 있다.
경남 제조업 업황 심리지수가 기준선(100)을 밑돌아, 업종 고유 요인인지 지역 전반의 경기 흐름인지 구분해 확인할 필요가 있다.
같은 업종의 전국 업황 심리지수도 기준선을 밑돌아, 관측된 변화가 산단 고유 현상인지 전국 업종 흐름인지 확인할 필요가 있다.
이 분기는 월별 원자료가 공표되지 않아 분기 내 지속 여부를 확인할 수 없다. 분기말 단일시점 값에만 의존한 판단임을 감안할 필요가 있다.
연간보정 개정본을 사용한 구간이다. 이후 재개정 시 값이 달라질 수 있음을 확인할 필요가 있다.",산업동향 / 고용지원,명목생산 변화에 가격효과가 포함되어 있으므로 실제 물량이 줄었는지 추가로 확인할 필요가 있다.,"창원시 제조업 전체에서 이직자 증가가 함께 관측되므로, 특정 사업장 조정 또는 노동이동과 관련된 것인지 추가 확인할 필요가 있다.
경남 제조업 업황 심리지수가 기준선(100)을 밑돌아, 업종 고유 요인인지 지역 전반의 경기 흐름인지 구분해 확인할 필요가 있다.
같은 업종의 전국 업황 심리지수도 기준선을 밑돌아, 관측된 변화가 산단 고유 현상인지 전국 업종 흐름인지 확인할 필요가 있다.","이 분기는 월별 원자료가 공표되지 않아 분기 내 지속 여부를 확인할 수 없다. 분기말 단일시점 값에만 의존한 판단임을 감안할 필요가 있다.
연간보정 개정본을 사용한 구간이다. 이후 재개정 시 값이 달라질 수 있음을 확인할 필요가 있다.",실질생산 위축 신호(PPI 조정),연간보정 개정본 사용 구간 · 월별 원자료 미제공 구간
비금속,2026Q2,관찰,"자동화·설비투자, 외주·도급 전환, 미충원·숙련 불일치, 직무구조 변화 가능성을 질문으로 확인한다(원인 후보이며 입증된 원인이 아님).","가동업체 감소가 실제 퇴거·폐업·통합·휴업에 따른 것인지, 아니면 조사대상 변동이나 집계기준 변경에 따른 것인지 확인할 필요가 있다.
생산이 유지되는데 고용이 감소하고 있어 자동화·생산성 변화·미충원·외주화·인력구조 조정 여부를 확인할 필요가 있다.
창원시 제조업 전체에서 이직자 증가가 함께 관측되므로, 특정 사업장 조정 또는 노동이동과 관련된 것인지 추가 확인할 필요가 있다.
경남 제조업 업황 심리지수가 기준선(100)을 밑돌아, 업종 고유 요인인지 지역 전반의 경기 흐름인지 구분해 확인할 필요가 있다.
같은 업종의 전국 업황 심리지수도 기준선을 밑돌아, 관측된 변화가 산단 고유 현상인지 전국 업종 흐름인지 확인할 필요가 있다.
업체수·고용 규모가 작아 비율 변동이 크게 나타난다. 절대 증감 개수로 다시 확인할 필요가 있다.
이 분기는 월별 원자료가 공표되지 않아 분기 내 지속 여부를 확인할 수 없다. 분기말 단일시점 값에만 의존한 판단임을 감안할 필요가 있다.
연간보정 개정본을 사용한 구간이다. 이후 재개정 시 값이 달라질 수 있음을 확인할 필요가 있다.",산업동향 · 기업지원 / 고용지원 · 직업훈련 / 고용지원 / 산업동향,"가동업체 감소가 실제 퇴거·폐업·통합·휴업에 따른 것인지, 아니면 조사대상 변동이나 집계기준 변경에 따른 것인지 확인할 필요가 있다.
생산이 유지되는데 고용이 감소하고 있어 자동화·생산성 변화·미충원·외주화·인력구조 조정 여부를 확인할 필요가 있다.","창원시 제조업 전체에서 이직자 증가가 함께 관측되므로, 특정 사업장 조정 또는 노동이동과 관련된 것인지 추가 확인할 필요가 있다.
경남 제조업 업황 심리지수가 기준선(100)을 밑돌아, 업종 고유 요인인지 지역 전반의 경기 흐름인지 구분해 확인할 필요가 있다.
같은 업종의 전국 업황 심리지수도 기준선을 밑돌아, 관측된 변화가 산단 고유 현상인지 전국 업종 흐름인지 확인할 필요가 있다.","업체수·고용 규모가 작아 비율 변동이 크게 나타난다. 절대 증감 개수로 다시 확인할 필요가 있다.
이 분기는 월별 원자료가 공표되지 않아 분기 내 지속 여부를 확인할 수 없다. 분기말 단일시점 값에만 의존한 판단임을 감안할 필요가 있다.
연간보정 개정본을 사용한 구간이다. 이후 재개정 시 값이 달라질 수 있음을 확인할 필요가 있다.",업체수 감소 신호 · 생산유지·고용감소 신호,소규모 분모 — 비율 변동 과대 가능 · 연간보정 개정본 사용 구간 · 월별 원자료 미제공 구간
석유화학,2026Q2,관찰,선제채용·신규 입주기업·고용조정 시차·생산 단가와 물량 구분 가능성을 확인한다.,"가동률 하락이 일시적 생산조정인지 수주·수요 감소에 따른 것인지 확인할 필요가 있다.
창원시 제조업 전체에서 이직자 증가가 함께 관측되므로, 특정 사업장 조정 또는 노동이동과 관련된 것인지 추가 확인할 필요가 있다.
가동률과 전력사용의 방향이 달라 업종 구성·설비 특성·자료범위(산단 vs 시 전체) 차이를 추가 확인할 필요가 있다.
경남 제조업 업황 심리지수가 기준선(100)을 밑돌아, 업종 고유 요인인지 지역 전반의 경기 흐름인지 구분해 확인할 필요가 있다.
같은 업종의 전국 업황 심리지수도 기준선을 밑돌아, 관측된 변화가 산단 고유 현상인지 전국 업종 흐름인지 확인할 필요가 있다.
이 업종은 생산자물가지수 대응 후보가 복수이거나 없어, PPI 조정 생산을 단일값으로 해석하지 않고 원자료로 확인할 필요가 있다.
이 분기는 월별 원자료가 공표되지 않아 분기 내 지속 여부를 확인할 수 없다. 분기말 단일시점 값에만 의존한 판단임을 감안할 필요가 있다.
연간보정 개정본을 사용한 구간이다. 이후 재개정 시 값이 달라질 수 있음을 확인할 필요가 있다.",산업동향 · 기업지원 / 고용지원 / 산업동향,가동률 하락이 일시적 생산조정인지 수주·수요 감소에 따른 것인지 확인할 필요가 있다.,"창원시 제조업 전체에서 이직자 증가가 함께 관측되므로, 특정 사업장 조정 또는 노동이동과 관련된 것인지 추가 확인할 필요가 있다.
가동률과 전력사용의 방향이 달라 업종 구성·설비 특성·자료범위(산단 vs 시 전체) 차이를 추가 확인할 필요가 있다.
경남 제조업 업황 심리지수가 기준선(100)을 밑돌아, 업종 고유 요인인지 지역 전반의 경기 흐름인지 구분해 확인할 필요가 있다.
같은 업종의 전국 업황 심리지수도 기준선을 밑돌아, 관측된 변화가 산단 고유 현상인지 전국 업종 흐름인지 확인할 필요가 있다.","이 업종은 생산자물가지수 대응 후보가 복수이거나 없어, PPI 조정 생산을 단일값으로 해석하지 않고 원자료로 확인할 필요가 있다.
이 분기는 월별 원자료가 공표되지 않아 분기 내 지속 여부를 확인할 수 없다. 분기말 단일시점 값에만 의존한 판단임을 감안할 필요가 있다.
연간보정 개정본을 사용한 구간이다. 이후 재개정 시 값이 달라질 수 있음을 확인할 필요가 있다.",가동 위축 신호,PPI 매핑 불확실(C·D 등급) · 연간보정 개정본 사용 구간 · 월별 원자료 미제공 구간
섬유의복,2026Q2,관찰,"원자료상 정확한 0인지 반올림·개정 영향인지, 0이 아닌 축의 방향과 규모를 확인한다.","가동률 하락이 일시적 생산조정인지 수주·수요 감소에 따른 것인지 확인할 필요가 있다.
명목생산 변화에 가격효과가 포함되어 있으므로 실제 물량이 줄었는지 추가로 확인할 필요가 있다.
창원시 제조업 전체에서 이직자 증가가 함께 관측되므로, 특정 사업장 조정 또는 노동이동과 관련된 것인지 추가 확인할 필요가 있다.
가동률과 전력사용의 방향이 달라 업종 구성·설비 특성·자료범위(산단 vs 시 전체) 차이를 추가 확인할 필요가 있다.
경남 제조업 업황 심리지수가 기준선(100)을 밑돌아, 업종 고유 요인인지 지역 전반의 경기 흐름인지 구분해 확인할 필요가 있다.
같은 업종의 전국 업황 심리지수도 기준선을 밑돌아, 관측된 변화가 산단 고유 현상인지 전국 업종 흐름인지 확인할 필요가 있다.
업체수·고용 규모가 작아 비율 변동이 크게 나타난다. 절대 증감 개수로 다시 확인할 필요가 있다.
이 분기는 월별 원자료가 공표되지 않아 분기 내 지속 여부를 확인할 수 없다. 분기말 단일시점 값에만 의존한 판단임을 감안할 필요가 있다.
연간보정 개정본을 사용한 구간이다. 이후 재개정 시 값이 달라질 수 있음을 확인할 필요가 있다.",산업동향 · 기업지원 / 산업동향 / 고용지원,"가동률 하락이 일시적 생산조정인지 수주·수요 감소에 따른 것인지 확인할 필요가 있다.
명목생산 변화에 가격효과가 포함되어 있으므로 실제 물량이 줄었는지 추가로 확인할 필요가 있다.","창원시 제조업 전체에서 이직자 증가가 함께 관측되므로, 특정 사업장 조정 또는 노동이동과 관련된 것인지 추가 확인할 필요가 있다.
가동률과 전력사용의 방향이 달라 업종 구성·설비 특성·자료범위(산단 vs 시 전체) 차이를 추가 확인할 필요가 있다.
경남 제조업 업황 심리지수가 기준선(100)을 밑돌아, 업종 고유 요인인지 지역 전반의 경기 흐름인지 구분해 확인할 필요가 있다.
같은 업종의 전국 업황 심리지수도 기준선을 밑돌아, 관측된 변화가 산단 고유 현상인지 전국 업종 흐름인지 확인할 필요가 있다.","업체수·고용 규모가 작아 비율 변동이 크게 나타난다. 절대 증감 개수로 다시 확인할 필요가 있다.
이 분기는 월별 원자료가 공표되지 않아 분기 내 지속 여부를 확인할 수 없다. 분기말 단일시점 값에만 의존한 판단임을 감안할 필요가 있다.
연간보정 개정본을 사용한 구간이다. 이후 재개정 시 값이 달라질 수 있음을 확인할 필요가 있다.",가동 위축 신호 · 실질생산 위축 신호(PPI 조정),소규모 분모 — 비율 변동 과대 가능 · 연간보정 개정본 사용 구간 · 월별 원자료 미제공 구간
운송장비,2026Q2,관찰,"자동화·설비투자, 외주·도급 전환, 미충원·숙련 불일치, 직무구조 변화 가능성을 질문으로 확인한다(원인 후보이며 입증된 원인이 아님).","창원시 제조업 전체에서 이직자 증가가 함께 관측되므로, 특정 사업장 조정 또는 노동이동과 관련된 것인지 추가 확인할 필요가 있다.
경남 제조업 업황 심리지수가 기준선(100)을 밑돌아, 업종 고유 요인인지 지역 전반의 경기 흐름인지 구분해 확인할 필요가 있다.
같은 업종의 전국 업황 심리지수도 기준선을 밑돌아, 관측된 변화가 산단 고유 현상인지 전국 업종 흐름인지 확인할 필요가 있다.
이 분기는 월별 원자료가 공표되지 않아 분기 내 지속 여부를 확인할 수 없다. 분기말 단일시점 값에만 의존한 판단임을 감안할 필요가 있다.
연간보정 개정본을 사용한 구간이다. 이후 재개정 시 값이 달라질 수 있음을 확인할 필요가 있다.",고용지원 / 산업동향,,"창원시 제조업 전체에서 이직자 증가가 함께 관측되므로, 특정 사업장 조정 또는 노동이동과 관련된 것인지 추가 확인할 필요가 있다.
경남 제조업 업황 심리지수가 기준선(100)을 밑돌아, 업종 고유 요인인지 지역 전반의 경기 흐름인지 구분해 확인할 필요가 있다.
같은 업종의 전국 업황 심리지수도 기준선을 밑돌아, 관측된 변화가 산단 고유 현상인지 전국 업종 흐름인지 확인할 필요가 있다.","이 분기는 월별 원자료가 공표되지 않아 분기 내 지속 여부를 확인할 수 없다. 분기말 단일시점 값에만 의존한 판단임을 감안할 필요가 있다.
연간보정 개정본을 사용한 구간이다. 이후 재개정 시 값이 달라질 수 있음을 확인할 필요가 있다.",해석 보류,연간보정 개정본 사용 구간 · 월별 원자료 미제공 구간
음식료,2026Q2,관찰,"자동화·설비투자, 외주·도급 전환, 미충원·숙련 불일치, 직무구조 변화 가능성을 질문으로 확인한다(원인 후보이며 입증된 원인이 아님).","창원시 제조업 전체에서 이직자 증가가 함께 관측되므로, 특정 사업장 조정 또는 노동이동과 관련된 것인지 추가 확인할 필요가 있다.
가동률과 전력사용의 방향이 달라 업종 구성·설비 특성·자료범위(산단 vs 시 전체) 차이를 추가 확인할 필요가 있다.
경남 제조업 업황 심리지수가 기준선(100)을 밑돌아, 업종 고유 요인인지 지역 전반의 경기 흐름인지 구분해 확인할 필요가 있다.
같은 업종의 전국 업황 심리지수도 기준선을 밑돌아, 관측된 변화가 산단 고유 현상인지 전국 업종 흐름인지 확인할 필요가 있다.
명목생산과 PPI 조정 생산의 방향이 달라, 이 분기의 생산 변화가 가격 때문인지 물량 때문인지 확인할 필요가 있다.
업체수·고용 규모가 작아 비율 변동이 크게 나타난다. 절대 증감 개수로 다시 확인할 필요가 있다.
이 분기는 월별 원자료가 공표되지 않아 분기 내 지속 여부를 확인할 수 없다. 분기말 단일시점 값에만 의존한 판단임을 감안할 필요가 있다.
연간보정 개정본을 사용한 구간이다. 이후 재개정 시 값이 달라질 수 있음을 확인할 필요가 있다.",고용지원 / 산업동향,,"창원시 제조업 전체에서 이직자 증가가 함께 관측되므로, 특정 사업장 조정 또는 노동이동과 관련된 것인지 추가 확인할 필요가 있다.
가동률과 전력사용의 방향이 달라 업종 구성·설비 특성·자료범위(산단 vs 시 전체) 차이를 추가 확인할 필요가 있다.
경남 제조업 업황 심리지수가 기준선(100)을 밑돌아, 업종 고유 요인인지 지역 전반의 경기 흐름인지 구분해 확인할 필요가 있다.
같은 업종의 전국 업황 심리지수도 기준선을 밑돌아, 관측된 변화가 산단 고유 현상인지 전국 업종 흐름인지 확인할 필요가 있다.","명목생산과 PPI 조정 생산의 방향이 달라, 이 분기의 생산 변화가 가격 때문인지 물량 때문인지 확인할 필요가 있다.
업체수·고용 규모가 작아 비율 변동이 크게 나타난다. 절대 증감 개수로 다시 확인할 필요가 있다.
이 분기는 월별 원자료가 공표되지 않아 분기 내 지속 여부를 확인할 수 없다. 분기말 단일시점 값에만 의존한 판단임을 감안할 필요가 있다.
연간보정 개정본을 사용한 구간이다. 이후 재개정 시 값이 달라질 수 있음을 확인할 필요가 있다.",해석 보류,명목·PPI 조정 생산 방향 불일치 · 소규모 분모 — 비율 변동 과대 가능 · 연간보정 개정본 사용 구간 · 월별 원자료 미제공 구간
전기전자,2026Q2,관찰,"자동화·설비투자, 외주·도급 전환, 미충원·숙련 불일치, 직무구조 변화 가능성을 질문으로 확인한다(원인 후보이며 입증된 원인이 아님).","확인된 품목 기준 수출은 유지·확대되는데 고용이 감소하고 있어 생산성·자동화·기업구성 변화 등의 가능성을 추가 확인할 필요가 있다.
창원시 제조업 전체에서 이직자 증가가 함께 관측되므로, 특정 사업장 조정 또는 노동이동과 관련된 것인지 추가 확인할 필요가 있다.
가동률과 전력사용의 방향이 달라 업종 구성·설비 특성·자료범위(산단 vs 시 전체) 차이를 추가 확인할 필요가 있다.
경남 제조업 업황 심리지수가 기준선(100)을 밑돌아, 업종 고유 요인인지 지역 전반의 경기 흐름인지 구분해 확인할 필요가 있다.
같은 업종의 전국 업황 심리지수도 기준선을 밑돌아, 관측된 변화가 산단 고유 현상인지 전국 업종 흐름인지 확인할 필요가 있다.
이 업종은 생산자물가지수 대응 후보가 복수이거나 없어, PPI 조정 생산을 단일값으로 해석하지 않고 원자료로 확인할 필요가 있다.
이 분기는 월별 원자료가 공표되지 않아 분기 내 지속 여부를 확인할 수 없다. 분기말 단일시점 값에만 의존한 판단임을 감안할 필요가 있다.
연간보정 개정본을 사용한 구간이다. 이후 재개정 시 값이 달라질 수 있음을 확인할 필요가 있다.",고용지원 · 직업훈련 / 고용지원 / 산업동향,,"확인된 품목 기준 수출은 유지·확대되는데 고용이 감소하고 있어 생산성·자동화·기업구성 변화 등의 가능성을 추가 확인할 필요가 있다.
창원시 제조업 전체에서 이직자 증가가 함께 관측되므로, 특정 사업장 조정 또는 노동이동과 관련된 것인지 추가 확인할 필요가 있다.
가동률과 전력사용의 방향이 달라 업종 구성·설비 특성·자료범위(산단 vs 시 전체) 차이를 추가 확인할 필요가 있다.
경남 제조업 업황 심리지수가 기준선(100)을 밑돌아, 업종 고유 요인인지 지역 전반의 경기 흐름인지 구분해 확인할 필요가 있다.
같은 업종의 전국 업황 심리지수도 기준선을 밑돌아, 관측된 변화가 산단 고유 현상인지 전국 업종 흐름인지 확인할 필요가 있다.","이 업종은 생산자물가지수 대응 후보가 복수이거나 없어, PPI 조정 생산을 단일값으로 해석하지 않고 원자료로 확인할 필요가 있다.
이 분기는 월별 원자료가 공표되지 않아 분기 내 지속 여부를 확인할 수 없다. 분기말 단일시점 값에만 의존한 판단임을 감안할 필요가 있다.
연간보정 개정본을 사용한 구간이다. 이후 재개정 시 값이 달라질 수 있음을 확인할 필요가 있다.",해석 보류,PPI 매핑 불확실(C·D 등급) · 연간보정 개정본 사용 구간 · 월별 원자료 미제공 구간
철강,2026Q2,관찰,"자동화·설비투자, 외주·도급 전환, 미충원·숙련 불일치, 직무구조 변화 가능성을 질문으로 확인한다(원인 후보이며 입증된 원인이 아님).","생산이 유지되는데 고용이 감소하고 있어 자동화·생산성 변화·미충원·외주화·인력구조 조정 여부를 확인할 필요가 있다.
확인된 품목 기준 수출이 함께 감소하고 있어, 외부수요 약화 가능성을 보려면 수출 감소가 특정 품목·기업에 집중되는지 추가 확인할 필요가 있다.
창원시 제조업 전체에서 이직자 증가가 함께 관측되므로, 특정 사업장 조정 또는 노동이동과 관련된 것인지 추가 확인할 필요가 있다.
경남 제조업 업황 심리지수가 기준선(100)을 밑돌아, 업종 고유 요인인지 지역 전반의 경기 흐름인지 구분해 확인할 필요가 있다.
같은 업종의 전국 업황 심리지수도 기준선을 밑돌아, 관측된 변화가 산단 고유 현상인지 전국 업종 흐름인지 확인할 필요가 있다.
이 분기는 월별 원자료가 공표되지 않아 분기 내 지속 여부를 확인할 수 없다. 분기말 단일시점 값에만 의존한 판단임을 감안할 필요가 있다.
연간보정 개정본을 사용한 구간이다. 이후 재개정 시 값이 달라질 수 있음을 확인할 필요가 있다.",고용지원 · 직업훈련 / 산업동향 · 기업지원 / 고용지원 / 산업동향,생산이 유지되는데 고용이 감소하고 있어 자동화·생산성 변화·미충원·외주화·인력구조 조정 여부를 확인할 필요가 있다.,"확인된 품목 기준 수출이 함께 감소하고 있어, 외부수요 약화 가능성을 보려면 수출 감소가 특정 품목·기업에 집중되는지 추가 확인할 필요가 있다.
창원시 제조업 전체에서 이직자 증가가 함께 관측되므로, 특정 사업장 조정 또는 노동이동과 관련된 것인지 추가 확인할 필요가 있다.
경남 제조업 업황 심리지수가 기준선(100)을 밑돌아, 업종 고유 요인인지 지역 전반의 경기 흐름인지 구분해 확인할 필요가 있다.
같은 업종의 전국 업황 심리지수도 기준선을 밑돌아, 관측된 변화가 산단 고유 현상인지 전국 업종 흐름인지 확인할 필요가 있다.","이 분기는 월별 원자료가 공표되지 않아 분기 내 지속 여부를 확인할 수 없다. 분기말 단일시점 값에만 의존한 판단임을 감안할 필요가 있다.
연간보정 개정본을 사용한 구간이다. 이후 재개정 시 값이 달라질 수 있음을 확인할 필요가 있다.",생산유지·고용감소 신호,연간보정 개정본 사용 구간 · 월별 원자료 미제공 구간
