hs6,hs_chapter,chapter_name_ko,hs6_name_ko,target_kicox_industry,mapping_type,mapping_confidence,rationale,nature_major_code,nature_major_name,valid_through,source
720110,72,제72류 철강,비합금선철(인의 함유량이 전 중량의 100분의 0.5 이하인 것으로 한정한다),철강,direct,A,제72류 철강. KICOX '철강'에 직접 대응,24010701,(철강 원부자재),2026,"관세청_HS부호(공공데이터포털 15049722, 2026-01-01 기준) + 관세청_HSK별 신성질별_성질별 분류(15049720)"
720120,72,제72류 철강,,철강,direct,A,제72류 철강. KICOX '철강'에 직접 대응,24010701,(철강 원부자재),2026,"관세청_HS부호(공공데이터포털 15049722, 2026-01-01 기준) + 관세청_HSK별 신성질별_성질별 분류(15049720)"
720150,72,제72류 철강,,철강,direct,A,제72류 철강. KICOX '철강'에 직접 대응,24010701,(철강 원부자재),2026,"관세청_HS부호(공공데이터포털 15049722, 2026-01-01 기준) + 관세청_HSK별 신성질별_성질별 분류(15049720)"
720211,72,제72류 철강,,철강,direct,A,제72류 철강. KICOX '철강'에 직접 대응,24010701,(철강 원부자재),2026,"관세청_HS부호(공공데이터포털 15049722, 2026-01-01 기준) + 관세청_HSK별 신성질별_성질별 분류(15049720)"
720219,72,제72류 철강,,철강,direct,A,제72류 철강. KICOX '철강'에 직접 대응,24010701,(철강 원부자재),2026,"관세청_HS부호(공공데이터포털 15049722, 2026-01-01 기준) + 관세청_HSK별 신성질별_성질별 분류(15049720)"
720221,72,제72류 철강,,철강,direct,A,제72류 철강. KICOX '철강'에 직접 대응,24010701,(철강 원부자재),2026,"관세청_HS부호(공공데이터포털 15049722, 2026-01-01 기준) + 관세청_HSK별 신성질별_성질별 분류(15049720)"
720229,72,제72류 철강,기타,철강,direct,A,제72류 철강. KICOX '철강'에 직접 대응,24010701,(철강 원부자재),2026,"관세청_HS부호(공공데이터포털 15049722, 2026-01-01 기준) + 관세청_HSK별 신성질별_성질별 분류(15049720)"
720230,72,제72류 철강,,철강,direct,A,제72류 철강. KICOX '철강'에 직접 대응,24010701,(철강 원부자재),2026,"관세청_HS부호(공공데이터포털 15049722, 2026-01-01 기준) + 관세청_HSK별 신성질별_성질별 분류(15049720)"
720241,72,제72류 철강,,철강,direct,A,제72류 철강. KICOX '철강'에 직접 대응,24010701,(철강 원부자재),2026,"관세청_HS부호(공공데이터포털 15049722, 2026-01-01 기준) + 관세청_HSK별 신성질별_성질별 분류(15049720)"
720249,72,제72류 철강,,철강,direct,A,제72류 철강. KICOX '철강'에 직접 대응,24010701,(철강 원부자재),2026,"관세청_HS부호(공공데이터포털 15049722, 2026-01-01 기준) + 관세청_HSK별 신성질별_성질별 분류(15049720)"
720250,72,제72류 철강,,철강,direct,A,제72류 철강. KICOX '철강'에 직접 대응,24010701,(철강 원부자재),2026,"관세청_HS부호(공공데이터포털 15049722, 2026-01-01 기준) + 관세청_HSK별 신성질별_성질별 분류(15049720)"
720260,72,제72류 철강,,철강,direct,A,제72류 철강. KICOX '철강'에 직접 대응,24010701,(철강 원부자재),2026,"관세청_HS부호(공공데이터포털 15049722, 2026-01-01 기준) + 관세청_HSK별 신성질별_성질별 분류(15049720)"
720270,72,제72류 철강,,철강,direct,A,제72류 철강. KICOX '철강'에 직접 대응,24010701,(철강 원부자재),2026,"관세청_HS부호(공공데이터포털 15049722, 2026-01-01 기준) + 관세청_HSK별 신성질별_성질별 분류(15049720)"
720280,72,제72류 철강,,철강,direct,A,제72류 철강. KICOX '철강'에 직접 대응,24010701,(철강 원부자재),2026,"관세청_HS부호(공공데이터포털 15049722, 2026-01-01 기준) + 관세청_HSK별 신성질별_성질별 분류(15049720)"
720291,72,제72류 철강,,철강,direct,A,제72류 철강. KICOX '철강'에 직접 대응,24010701,(철강 원부자재),2026,"관세청_HS부호(공공데이터포털 15049722, 2026-01-01 기준) + 관세청_HSK별 신성질별_성질별 분류(15049720)"
720292,72,제72류 철강,,철강,direct,A,제72류 철강. KICOX '철강'에 직접 대응,24010701,(철강 원부자재),2026,"관세청_HS부호(공공데이터포털 15049722, 2026-01-01 기준) + 관세청_HSK별 신성질별_성질별 분류(15049720)"
720293,72,제72류 철강,,철강,direct,A,제72류 철강. KICOX '철강'에 직접 대응,24010701,(철강 원부자재),2026,"관세청_HS부호(공공데이터포털 15049722, 2026-01-01 기준) + 관세청_HSK별 신성질별_성질별 분류(15049720)"
720299,72,제72류 철강,기타,철강,direct,A,제72류 철강. KICOX '철강'에 직접 대응,24010701,(철강 원부자재),2026,"관세청_HS부호(공공데이터포털 15049722, 2026-01-01 기준) + 관세청_HSK별 신성질별_성질별 분류(15049720)"
720310,72,제72류 철강,,철강,direct,A,제72류 철강. KICOX '철강'에 직접 대응,24010701,(철강 원부자재),2026,"관세청_HS부호(공공데이터포털 15049722, 2026-01-01 기준) + 관세청_HSK별 신성질별_성질별 분류(15049720)"
720390,72,제72류 철강,,철강,direct,A,제72류 철강. KICOX '철강'에 직접 대응,24010701,(철강 원부자재),2026,"관세청_HS부호(공공데이터포털 15049722, 2026-01-01 기준) + 관세청_HSK별 신성질별_성질별 분류(15049720)"
720410,72,제72류 철강,,철강,direct,A,제72류 철강. KICOX '철강'에 직접 대응,24010801,(고철),2026,"관세청_HS부호(공공데이터포털 15049722, 2026-01-01 기준) + 관세청_HSK별 신성질별_성질별 분류(15049720)"
720421,72,제72류 철강,,철강,direct,A,제72류 철강. KICOX '철강'에 직접 대응,24010801,(고철),2026,"관세청_HS부호(공공데이터포털 15049722, 2026-01-01 기준) + 관세청_HSK별 신성질별_성질별 분류(15049720)"
720429,72,제72류 철강,,철강,direct,A,제72류 철강. KICOX '철강'에 직접 대응,24010801,(고철),2026,"관세청_HS부호(공공데이터포털 15049722, 2026-01-01 기준) + 관세청_HSK별 신성질별_성질별 분류(15049720)"
720430,72,제72류 철강,,철강,direct,A,제72류 철강. KICOX '철강'에 직접 대응,24010801,(고철),2026,"관세청_HS부호(공공데이터포털 15049722, 2026-01-01 기준) + 관세청_HSK별 신성질별_성질별 분류(15049720)"
720441,72,제72류 철강,,철강,direct,A,제72류 철강. KICOX '철강'에 직접 대응,24010801,(고철),2026,"관세청_HS부호(공공데이터포털 15049722, 2026-01-01 기준) + 관세청_HSK별 신성질별_성질별 분류(15049720)"
720449,72,제72류 철강,,철강,direct,A,제72류 철강. KICOX '철강'에 직접 대응,24010801,(고철),2026,"관세청_HS부호(공공데이터포털 15049722, 2026-01-01 기준) + 관세청_HSK별 신성질별_성질별 분류(15049720)"
720450,72,제72류 철강,,철강,direct,A,제72류 철강. KICOX '철강'에 직접 대응,24010801,(고철),2026,"관세청_HS부호(공공데이터포털 15049722, 2026-01-01 기준) + 관세청_HSK별 신성질별_성질별 분류(15049720)"
720510,72,제72류 철강,알갱이,철강,direct,A,제72류 철강. KICOX '철강'에 직접 대응,24010701,(철강 원부자재),2026,"관세청_HS부호(공공데이터포털 15049722, 2026-01-01 기준) + 관세청_HSK별 신성질별_성질별 분류(15049720)"
720521,72,제72류 철강,,철강,direct,A,제72류 철강. KICOX '철강'에 직접 대응,24010701,(철강 원부자재),2026,"관세청_HS부호(공공데이터포털 15049722, 2026-01-01 기준) + 관세청_HSK별 신성질별_성질별 분류(15049720)"
720529,72,제72류 철강,,철강,direct,A,제72류 철강. KICOX '철강'에 직접 대응,24010701,(철강 원부자재),2026,"관세청_HS부호(공공데이터포털 15049722, 2026-01-01 기준) + 관세청_HSK별 신성질별_성질별 분류(15049720)"
720610,72,제72류 철강,,철강,direct,A,제72류 철강. KICOX '철강'에 직접 대응,24010601,(철강 반제품),2026,"관세청_HS부호(공공데이터포털 15049722, 2026-01-01 기준) + 관세청_HSK별 신성질별_성질별 분류(15049720)"
720690,72,제72류 철강,,철강,direct,A,제72류 철강. KICOX '철강'에 직접 대응,24010601,(철강 반제품),2026,"관세청_HS부호(공공데이터포털 15049722, 2026-01-01 기준) + 관세청_HSK별 신성질별_성질별 분류(15049720)"
720711,72,제72류 철강,횡단면이 직사각형(정사각형을 포함한다)인 것(폭이 두께의 두 배 미만인 것으로 한정한다),철강,direct,A,제72류 철강. KICOX '철강'에 직접 대응,24010601,(철강 반제품),2026,"관세청_HS부호(공공데이터포털 15049722, 2026-01-01 기준) + 관세청_HSK별 신성질별_성질별 분류(15049720)"
720712,72,제72류 철강,그 밖의 횡단면이 직사각형(정사각형은 제외한다)인 것,철강,direct,A,제72류 철강. KICOX '철강'에 직접 대응,24010601,(철강 반제품),2026,"관세청_HS부호(공공데이터포털 15049722, 2026-01-01 기준) + 관세청_HSK별 신성질별_성질별 분류(15049720)"
720719,72,제72류 철강,,철강,direct,A,제72류 철강. KICOX '철강'에 직접 대응,24010601,(철강 반제품),2026,"관세청_HS부호(공공데이터포털 15049722, 2026-01-01 기준) + 관세청_HSK별 신성질별_성질별 분류(15049720)"
720720,72,제72류 철강,탄소의 함유량이 전 중량의 100분의 0.25 이상인 것,철강,direct,A,제72류 철강. KICOX '철강'에 직접 대응,24010601,(철강 반제품),2026,"관세청_HS부호(공공데이터포털 15049722, 2026-01-01 기준) + 관세청_HSK별 신성질별_성질별 분류(15049720)"
720810,72,제72류 철강,코일 모양인 것으로서 열간(熱間)압연보다 더 가공하지 않고 부조(浮彫)된 무늬가 있는 것,철강,direct,A,제72류 철강. KICOX '철강'에 직접 대응,24010201,(철강 판재),2026,"관세청_HS부호(공공데이터포털 15049722, 2026-01-01 기준) + 관세청_HSK별 신성질별_성질별 분류(15049720)"
720825,72,제72류 철강,두께가 4.75밀리미터 이상인 것,철강,direct,A,제72류 철강. KICOX '철강'에 직접 대응,24010201,(철강 판재),2026,"관세청_HS부호(공공데이터포털 15049722, 2026-01-01 기준) + 관세청_HSK별 신성질별_성질별 분류(15049720)"
720826,72,제72류 철강,두께가 3밀리미터 이상 4.75밀리미터 미만인 것,철강,direct,A,제72류 철강. KICOX '철강'에 직접 대응,24010201,(철강 판재),2026,"관세청_HS부호(공공데이터포털 15049722, 2026-01-01 기준) + 관세청_HSK별 신성질별_성질별 분류(15049720)"
720827,72,제72류 철강,두께가 3밀리미터 미만인 것,철강,direct,A,제72류 철강. KICOX '철강'에 직접 대응,24010201,(철강 판재),2026,"관세청_HS부호(공공데이터포털 15049722, 2026-01-01 기준) + 관세청_HSK별 신성질별_성질별 분류(15049720)"
720836,72,제72류 철강,두께가 10밀리미터를 초과하는 것,철강,direct,A,제72류 철강. KICOX '철강'에 직접 대응,24010201,(철강 판재),2026,"관세청_HS부호(공공데이터포털 15049722, 2026-01-01 기준) + 관세청_HSK별 신성질별_성질별 분류(15049720)"
720837,72,제72류 철강,두께가 4.75밀리미터 이상 10밀리미터 이하인 것,철강,direct,A,제72류 철강. KICOX '철강'에 직접 대응,24010201,(철강 판재),2026,"관세청_HS부호(공공데이터포털 15049722, 2026-01-01 기준) + 관세청_HSK별 신성질별_성질별 분류(15049720)"
720838,72,제72류 철강,두께가 3밀리미터 이상 4.75밀리미터 미만인 것,철강,direct,A,제72류 철강. KICOX '철강'에 직접 대응,24010201,(철강 판재),2026,"관세청_HS부호(공공데이터포털 15049722, 2026-01-01 기준) + 관세청_HSK별 신성질별_성질별 분류(15049720)"
720839,72,제72류 철강,두께가 3밀리미터 미만인 것,철강,direct,A,제72류 철강. KICOX '철강'에 직접 대응,24010201,(철강 판재),2026,"관세청_HS부호(공공데이터포털 15049722, 2026-01-01 기준) + 관세청_HSK별 신성질별_성질별 분류(15049720)"
720840,72,제72류 철강,,철강,direct,A,제72류 철강. KICOX '철강'에 직접 대응,24010201,(철강 판재),2026,"관세청_HS부호(공공데이터포털 15049722, 2026-01-01 기준) + 관세청_HSK별 신성질별_성질별 분류(15049720)"
720851,72,제72류 철강,두께가 10밀리미터를 초과하는 것,철강,direct,A,제72류 철강. KICOX '철강'에 직접 대응,24010201,(철강 판재),2026,"관세청_HS부호(공공데이터포털 15049722, 2026-01-01 기준) + 관세청_HSK별 신성질별_성질별 분류(15049720)"
720852,72,제72류 철강,두께가 4.75밀리미터 이상 10밀리미터 이하인 것,철강,direct,A,제72류 철강. KICOX '철강'에 직접 대응,24010201,(철강 판재),2026,"관세청_HS부호(공공데이터포털 15049722, 2026-01-01 기준) + 관세청_HSK별 신성질별_성질별 분류(15049720)"
720853,72,제72류 철강,두께가 3밀리미터 이상 4.75밀리미터 미만인 것,철강,direct,A,제72류 철강. KICOX '철강'에 직접 대응,24010201,(철강 판재),2026,"관세청_HS부호(공공데이터포털 15049722, 2026-01-01 기준) + 관세청_HSK별 신성질별_성질별 분류(15049720)"
720854,72,제72류 철강,두께가 3밀리미터 미만인 것,철강,direct,A,제72류 철강. KICOX '철강'에 직접 대응,24010201,(철강 판재),2026,"관세청_HS부호(공공데이터포털 15049722, 2026-01-01 기준) + 관세청_HSK별 신성질별_성질별 분류(15049720)"
720890,72,제72류 철강,,철강,direct,A,제72류 철강. KICOX '철강'에 직접 대응,24010201,(철강 판재),2026,"관세청_HS부호(공공데이터포털 15049722, 2026-01-01 기준) + 관세청_HSK별 신성질별_성질별 분류(15049720)"
720915,72,제72류 철강,두께가 3밀리미터 이상인 것,철강,direct,A,제72류 철강. KICOX '철강'에 직접 대응,24010201,(철강 판재),2026,"관세청_HS부호(공공데이터포털 15049722, 2026-01-01 기준) + 관세청_HSK별 신성질별_성질별 분류(15049720)"
720916,72,제72류 철강,두께가 1밀리미터 초과 3밀리미터 미만인 것,철강,direct,A,제72류 철강. KICOX '철강'에 직접 대응,24010201,(철강 판재),2026,"관세청_HS부호(공공데이터포털 15049722, 2026-01-01 기준) + 관세청_HSK별 신성질별_성질별 분류(15049720)"
720917,72,제72류 철강,두께가 0.5밀리미터 이상 1밀리미터 이하인 것,철강,direct,A,제72류 철강. KICOX '철강'에 직접 대응,24010201,(철강 판재),2026,"관세청_HS부호(공공데이터포털 15049722, 2026-01-01 기준) + 관세청_HSK별 신성질별_성질별 분류(15049720)"
720918,72,제72류 철강,두께가 0.5밀리미터 미만인 것,철강,direct,A,제72류 철강. KICOX '철강'에 직접 대응,24010201,(철강 판재),2026,"관세청_HS부호(공공데이터포털 15049722, 2026-01-01 기준) + 관세청_HSK별 신성질별_성질별 분류(15049720)"
720925,72,제72류 철강,두께가 3밀리미터 이상인 것,철강,direct,A,제72류 철강. KICOX '철강'에 직접 대응,24010201,(철강 판재),2026,"관세청_HS부호(공공데이터포털 15049722, 2026-01-01 기준) + 관세청_HSK별 신성질별_성질별 분류(15049720)"
720926,72,제72류 철강,두께가 1밀리미터 초과 3밀리미터 미만인 것,철강,direct,A,제72류 철강. KICOX '철강'에 직접 대응,24010201,(철강 판재),2026,"관세청_HS부호(공공데이터포털 15049722, 2026-01-01 기준) + 관세청_HSK별 신성질별_성질별 분류(15049720)"
720927,72,제72류 철강,두께가 0.5밀리미터 이상 1밀리미터 이하인 것,철강,direct,A,제72류 철강. KICOX '철강'에 직접 대응,24010201,(철강 판재),2026,"관세청_HS부호(공공데이터포털 15049722, 2026-01-01 기준) + 관세청_HSK별 신성질별_성질별 분류(15049720)"
720928,72,제72류 철강,두께가 0.5밀리미터 미만인 것,철강,direct,A,제72류 철강. KICOX '철강'에 직접 대응,24010201,(철강 판재),2026,"관세청_HS부호(공공데이터포털 15049722, 2026-01-01 기준) + 관세청_HSK별 신성질별_성질별 분류(15049720)"
720990,72,제72류 철강,,철강,direct,A,제72류 철강. KICOX '철강'에 직접 대응,24010201,(철강 판재),2026,"관세청_HS부호(공공데이터포털 15049722, 2026-01-01 기준) + 관세청_HSK별 신성질별_성질별 분류(15049720)"
721011,72,제72류 철강,,철강,direct,A,제72류 철강. KICOX '철강'에 직접 대응,24010201,(철강 판재),2026,"관세청_HS부호(공공데이터포털 15049722, 2026-01-01 기준) + 관세청_HSK별 신성질별_성질별 분류(15049720)"
721012,72,제72류 철강,,철강,direct,A,제72류 철강. KICOX '철강'에 직접 대응,24010201,(철강 판재),2026,"관세청_HS부호(공공데이터포털 15049722, 2026-01-01 기준) + 관세청_HSK별 신성질별_성질별 분류(15049720)"
721020,72,제72류 철강,,철강,direct,A,제72류 철강. KICOX '철강'에 직접 대응,24010201,(철강 판재),2026,"관세청_HS부호(공공데이터포털 15049722, 2026-01-01 기준) + 관세청_HSK별 신성질별_성질별 분류(15049720)"
721030,72,제72류 철강,아연을 전해도금하거나 도포한 것,철강,direct,A,제72류 철강. KICOX '철강'에 직접 대응,24010201,(철강 판재),2026,"관세청_HS부호(공공데이터포털 15049722, 2026-01-01 기준) + 관세청_HSK별 신성질별_성질별 분류(15049720)"
721041,72,제72류 철강,,철강,direct,A,제72류 철강. KICOX '철강'에 직접 대응,24010201,(철강 판재),2026,"관세청_HS부호(공공데이터포털 15049722, 2026-01-01 기준) + 관세청_HSK별 신성질별_성질별 분류(15049720)"
721049,72,제72류 철강,기타,철강,direct,A,제72류 철강. KICOX '철강'에 직접 대응,,,2026,"관세청_HS부호(공공데이터포털 15049722, 2026-01-01 기준) + 관세청_HSK별 신성질별_성질별 분류(15049720)"
721050,72,제72류 철강,,철강,direct,A,제72류 철강. KICOX '철강'에 직접 대응,24010201,(철강 판재),2026,"관세청_HS부호(공공데이터포털 15049722, 2026-01-01 기준) + 관세청_HSK별 신성질별_성질별 분류(15049720)"
721061,72,제72류 철강,,철강,direct,A,제72류 철강. KICOX '철강'에 직접 대응,24010201,(철강 판재),2026,"관세청_HS부호(공공데이터포털 15049722, 2026-01-01 기준) + 관세청_HSK별 신성질별_성질별 분류(15049720)"
721069,72,제72류 철강,,철강,direct,A,제72류 철강. KICOX '철강'에 직접 대응,24010201,(철강 판재),2026,"관세청_HS부호(공공데이터포털 15049722, 2026-01-01 기준) + 관세청_HSK별 신성질별_성질별 분류(15049720)"
721070,72,제72류 철강,페인팅한 것ㆍ바니시한 것ㆍ플라스틱을 도포한 것,철강,direct,A,제72류 철강. KICOX '철강'에 직접 대응,24010201,(철강 판재),2026,"관세청_HS부호(공공데이터포털 15049722, 2026-01-01 기준) + 관세청_HSK별 신성질별_성질별 분류(15049720)"
721090,72,제72류 철강,기타,철강,direct,A,제72류 철강. KICOX '철강'에 직접 대응,24010201,(철강 판재),2026,"관세청_HS부호(공공데이터포털 15049722, 2026-01-01 기준) + 관세청_HSK별 신성질별_성질별 분류(15049720)"
721113,72,제72류 철강,,철강,direct,A,제72류 철강. KICOX '철강'에 직접 대응,24010201,(철강 판재),2026,"관세청_HS부호(공공데이터포털 15049722, 2026-01-01 기준) + 관세청_HSK별 신성질별_성질별 분류(15049720)"
721114,72,제72류 철강,기타(두께가 4.75밀리미터 이상인 것으로 한정한다),철강,direct,A,제72류 철강. KICOX '철강'에 직접 대응,24010201,(철강 판재),2026,"관세청_HS부호(공공데이터포털 15049722, 2026-01-01 기준) + 관세청_HSK별 신성질별_성질별 분류(15049720)"
721119,72,제72류 철강,기타,철강,direct,A,제72류 철강. KICOX '철강'에 직접 대응,24010201,(철강 판재),2026,"관세청_HS부호(공공데이터포털 15049722, 2026-01-01 기준) + 관세청_HSK별 신성질별_성질별 분류(15049720)"
721123,72,제72류 철강,탄소의 함유량이 전 중량의 100분의 0.25 미만인 것,철강,direct,A,제72류 철강. KICOX '철강'에 직접 대응,24010201,(철강 판재),2026,"관세청_HS부호(공공데이터포털 15049722, 2026-01-01 기준) + 관세청_HSK별 신성질별_성질별 분류(15049720)"
721129,72,제72류 철강,기타,철강,direct,A,제72류 철강. KICOX '철강'에 직접 대응,24010201,(철강 판재),2026,"관세청_HS부호(공공데이터포털 15049722, 2026-01-01 기준) + 관세청_HSK별 신성질별_성질별 분류(15049720)"
721190,72,제72류 철강,기타,철강,direct,A,제72류 철강. KICOX '철강'에 직접 대응,24010201,(철강 판재),2026,"관세청_HS부호(공공데이터포털 15049722, 2026-01-01 기준) + 관세청_HSK별 신성질별_성질별 분류(15049720)"
721210,72,제72류 철강,주석을 도금하거나 도포한 것,철강,direct,A,제72류 철강. KICOX '철강'에 직접 대응,24010201,(철강 판재),2026,"관세청_HS부호(공공데이터포털 15049722, 2026-01-01 기준) + 관세청_HSK별 신성질별_성질별 분류(15049720)"
721220,72,제72류 철강,아연을 전해도금하거나 도포한 것,철강,direct,A,제72류 철강. KICOX '철강'에 직접 대응,24010201,(철강 판재),2026,"관세청_HS부호(공공데이터포털 15049722, 2026-01-01 기준) + 관세청_HSK별 신성질별_성질별 분류(15049720)"
721230,72,제72류 철강,그 밖의 다른 방법으로 아연을 도금하거나 도포한 것,철강,direct,A,제72류 철강. KICOX '철강'에 직접 대응,,,2026,"관세청_HS부호(공공데이터포털 15049722, 2026-01-01 기준) + 관세청_HSK별 신성질별_성질별 분류(15049720)"
721240,72,제72류 철강,페인팅한 것ㆍ바니시한 것ㆍ플라스틱을 도포한 것,철강,direct,A,제72류 철강. KICOX '철강'에 직접 대응,24010201,(철강 판재),2026,"관세청_HS부호(공공데이터포털 15049722, 2026-01-01 기준) + 관세청_HSK별 신성질별_성질별 분류(15049720)"
721250,72,제72류 철강,그 밖의 다른 방법으로 도금하거나 도포한 것,철강,direct,A,제72류 철강. KICOX '철강'에 직접 대응,24010201,(철강 판재),2026,"관세청_HS부호(공공데이터포털 15049722, 2026-01-01 기준) + 관세청_HSK별 신성질별_성질별 분류(15049720)"
721260,72,제72류 철강,,철강,direct,A,제72류 철강. KICOX '철강'에 직접 대응,24010201,(철강 판재),2026,"관세청_HS부호(공공데이터포털 15049722, 2026-01-01 기준) + 관세청_HSK별 신성질별_성질별 분류(15049720)"
721310,72,제72류 철강,,철강,direct,A,제72류 철강. KICOX '철강'에 직접 대응,24010101,(봉·형강),2026,"관세청_HS부호(공공데이터포털 15049722, 2026-01-01 기준) + 관세청_HSK별 신성질별_성질별 분류(15049720)"
721320,72,제72류 철강,,철강,direct,A,제72류 철강. KICOX '철강'에 직접 대응,24010101,(봉·형강),2026,"관세청_HS부호(공공데이터포털 15049722, 2026-01-01 기준) + 관세청_HSK별 신성질별_성질별 분류(15049720)"
721391,72,제72류 철강,횡단면이 원형인 것으로 지름이 14밀리미터 미만인 것,철강,direct,A,제72류 철강. KICOX '철강'에 직접 대응,,,2026,"관세청_HS부호(공공데이터포털 15049722, 2026-01-01 기준) + 관세청_HSK별 신성질별_성질별 분류(15049720)"
721399,72,제72류 철강,기타,철강,direct,A,제72류 철강. KICOX '철강'에 직접 대응,,,2026,"관세청_HS부호(공공데이터포털 15049722, 2026-01-01 기준) + 관세청_HSK별 신성질별_성질별 분류(15049720)"
721410,72,제72류 철강,,철강,direct,A,제72류 철강. KICOX '철강'에 직접 대응,24010101,(봉·형강),2026,"관세청_HS부호(공공데이터포털 15049722, 2026-01-01 기준) + 관세청_HSK별 신성질별_성질별 분류(15049720)"
721420,72,제72류 철강,"압연공정에서 발생하는 톱니 모양의 마디ㆍ리브(rib)ㆍ홈이나 그 밖의 모양으로 된 것, 압연 후 꼬임가공된 것",철강,direct,A,제72류 철강. KICOX '철강'에 직접 대응,24010101,(봉·형강),2026,"관세청_HS부호(공공데이터포털 15049722, 2026-01-01 기준) + 관세청_HSK별 신성질별_성질별 분류(15049720)"
721430,72,제72류 철강,,철강,direct,A,제72류 철강. KICOX '철강'에 직접 대응,24010101,(봉·형강),2026,"관세청_HS부호(공공데이터포털 15049722, 2026-01-01 기준) + 관세청_HSK별 신성질별_성질별 분류(15049720)"
721491,72,제72류 철강,,철강,direct,A,제72류 철강. KICOX '철강'에 직접 대응,24010101,(봉·형강),2026,"관세청_HS부호(공공데이터포털 15049722, 2026-01-01 기준) + 관세청_HSK별 신성질별_성질별 분류(15049720)"
721499,72,제72류 철강,기타,철강,direct,A,제72류 철강. KICOX '철강'에 직접 대응,24010101,(봉·형강),2026,"관세청_HS부호(공공데이터포털 15049722, 2026-01-01 기준) + 관세청_HSK별 신성질별_성질별 분류(15049720)"
721510,72,제72류 철강,,철강,direct,A,제72류 철강. KICOX '철강'에 직접 대응,24010101,(봉·형강),2026,"관세청_HS부호(공공데이터포털 15049722, 2026-01-01 기준) + 관세청_HSK별 신성질별_성질별 분류(15049720)"
721550,72,제72류 철강,,철강,direct,A,제72류 철강. KICOX '철강'에 직접 대응,24010101,(봉·형강),2026,"관세청_HS부호(공공데이터포털 15049722, 2026-01-01 기준) + 관세청_HSK별 신성질별_성질별 분류(15049720)"
721590,72,제72류 철강,,철강,direct,A,제72류 철강. KICOX '철강'에 직접 대응,24010101,(봉·형강),2026,"관세청_HS부호(공공데이터포털 15049722, 2026-01-01 기준) + 관세청_HSK별 신성질별_성질별 분류(15049720)"
721610,72,제72류 철강,유(U)형강ㆍ아이(I)형강ㆍ에이치(H)형강[열간(熱間)압연ㆍ열간인발(熱間引拔)ㆍ압출보다 더 가공하지 않은 것으로서 높이가 80밀리미터 미만인 것으로 한정한다],철강,direct,A,제72류 철강. KICOX '철강'에 직접 대응,24010101,(봉·형강),2026,"관세청_HS부호(공공데이터포털 15049722, 2026-01-01 기준) + 관세청_HSK별 신성질별_성질별 분류(15049720)"
721621,72,제72류 철강,,철강,direct,A,제72류 철강. KICOX '철강'에 직접 대응,24010101,(봉·형강),2026,"관세청_HS부호(공공데이터포털 15049722, 2026-01-01 기준) + 관세청_HSK별 신성질별_성질별 분류(15049720)"
721622,72,제72류 철강,,철강,direct,A,제72류 철강. KICOX '철강'에 직접 대응,24010101,(봉·형강),2026,"관세청_HS부호(공공데이터포털 15049722, 2026-01-01 기준) + 관세청_HSK별 신성질별_성질별 분류(15049720)"
721631,72,제72류 철강,,철강,direct,A,제72류 철강. KICOX '철강'에 직접 대응,24010101,(봉·형강),2026,"관세청_HS부호(공공데이터포털 15049722, 2026-01-01 기준) + 관세청_HSK별 신성질별_성질별 분류(15049720)"
721632,72,제72류 철강,,철강,direct,A,제72류 철강. KICOX '철강'에 직접 대응,24010101,(봉·형강),2026,"관세청_HS부호(공공데이터포털 15049722, 2026-01-01 기준) + 관세청_HSK별 신성질별_성질별 분류(15049720)"
721633,72,제72류 철강,에이치(H)형강,철강,direct,A,제72류 철강. KICOX '철강'에 직접 대응,24010101,(봉·형강),2026,"관세청_HS부호(공공데이터포털 15049722, 2026-01-01 기준) + 관세청_HSK별 신성질별_성질별 분류(15049720)"
721640,72,제72류 철강,엘(L)형강이나 티(T)형강[열간(熱間)압연ㆍ열간인발(熱間引拔)ㆍ압출보다 더 가공하지 않은 것으로서 높이가 80밀리미터 이상인 것으로 한정한다],철강,direct,A,제72류 철강. KICOX '철강'에 직접 대응,24010101,(봉·형강),2026,"관세청_HS부호(공공데이터포털 15049722, 2026-01-01 기준) + 관세청_HSK별 신성질별_성질별 분류(15049720)"
721650,72,제72류 철강,,철강,direct,A,제72류 철강. KICOX '철강'에 직접 대응,24010101,(봉·형강),2026,"관세청_HS부호(공공데이터포털 15049722, 2026-01-01 기준) + 관세청_HSK별 신성질별_성질별 분류(15049720)"
721661,72,제72류 철강,,철강,direct,A,제72류 철강. KICOX '철강'에 직접 대응,24010101,(봉·형강),2026,"관세청_HS부호(공공데이터포털 15049722, 2026-01-01 기준) + 관세청_HSK별 신성질별_성질별 분류(15049720)"
721669,72,제72류 철강,,철강,direct,A,제72류 철강. KICOX '철강'에 직접 대응,24010101,(봉·형강),2026,"관세청_HS부호(공공데이터포털 15049722, 2026-01-01 기준) + 관세청_HSK별 신성질별_성질별 분류(15049720)"
721691,72,제72류 철강,,철강,direct,A,제72류 철강. KICOX '철강'에 직접 대응,24010101,(봉·형강),2026,"관세청_HS부호(공공데이터포털 15049722, 2026-01-01 기준) + 관세청_HSK별 신성질별_성질별 분류(15049720)"
721699,72,제72류 철강,,철강,direct,A,제72류 철강. KICOX '철강'에 직접 대응,24010101,(봉·형강),2026,"관세청_HS부호(공공데이터포털 15049722, 2026-01-01 기준) + 관세청_HSK별 신성질별_성질별 분류(15049720)"
721710,72,제72류 철강,,철강,direct,A,제72류 철강. KICOX '철강'에 직접 대응,24010501,(강선),2026,"관세청_HS부호(공공데이터포털 15049722, 2026-01-01 기준) + 관세청_HSK별 신성질별_성질별 분류(15049720)"
721720,72,제72류 철강,,철강,direct,A,제72류 철강. KICOX '철강'에 직접 대응,24010501,(강선),2026,"관세청_HS부호(공공데이터포털 15049722, 2026-01-01 기준) + 관세청_HSK별 신성질별_성질별 분류(15049720)"
721730,72,제72류 철강,그 밖의 비금속(卑金屬)을 도금하거나 도포한 것,철강,direct,A,제72류 철강. KICOX '철강'에 직접 대응,24010501,(강선),2026,"관세청_HS부호(공공데이터포털 15049722, 2026-01-01 기준) + 관세청_HSK별 신성질별_성질별 분류(15049720)"
721790,72,제72류 철강,,철강,direct,A,제72류 철강. KICOX '철강'에 직접 대응,24010501,(강선),2026,"관세청_HS부호(공공데이터포털 15049722, 2026-01-01 기준) + 관세청_HSK별 신성질별_성질별 분류(15049720)"
721810,72,제72류 철강,잉곳(ingot)과 그 밖의 일차제품(primary form) 형태인 것,철강,direct,A,제72류 철강. KICOX '철강'에 직접 대응,24010601,(철강 반제품),2026,"관세청_HS부호(공공데이터포털 15049722, 2026-01-01 기준) + 관세청_HSK별 신성질별_성질별 분류(15049720)"
721891,72,제72류 철강,횡단면이 직사각형인 것(정사각형인 것은 제외한다),철강,direct,A,제72류 철강. KICOX '철강'에 직접 대응,24010601,(철강 반제품),2026,"관세청_HS부호(공공데이터포털 15049722, 2026-01-01 기준) + 관세청_HSK별 신성질별_성질별 분류(15049720)"
721899,72,제72류 철강,기타,철강,direct,A,제72류 철강. KICOX '철강'에 직접 대응,24010601,(철강 반제품),2026,"관세청_HS부호(공공데이터포털 15049722, 2026-01-01 기준) + 관세청_HSK별 신성질별_성질별 분류(15049720)"
721911,72,제72류 철강,두께가 10밀리미터를 초과하는 것,철강,direct,A,제72류 철강. KICOX '철강'에 직접 대응,,,2026,"관세청_HS부호(공공데이터포털 15049722, 2026-01-01 기준) + 관세청_HSK별 신성질별_성질별 분류(15049720)"
721912,72,제72류 철강,두께가 4.75밀리미터 이상 10밀리미터 이하인 것,철강,direct,A,제72류 철강. KICOX '철강'에 직접 대응,,,2026,"관세청_HS부호(공공데이터포털 15049722, 2026-01-01 기준) + 관세청_HSK별 신성질별_성질별 분류(15049720)"
721913,72,제72류 철강,두께가 3밀리미터 이상 4.75밀리미터 미만인 것,철강,direct,A,제72류 철강. KICOX '철강'에 직접 대응,,,2026,"관세청_HS부호(공공데이터포털 15049722, 2026-01-01 기준) + 관세청_HSK별 신성질별_성질별 분류(15049720)"
721914,72,제72류 철강,두께가 3밀리미터 미만인 것,철강,direct,A,제72류 철강. KICOX '철강'에 직접 대응,,,2026,"관세청_HS부호(공공데이터포털 15049722, 2026-01-01 기준) + 관세청_HSK별 신성질별_성질별 분류(15049720)"
721921,72,제72류 철강,두께가 10밀리미터를 초과하는 것,철강,direct,A,제72류 철강. KICOX '철강'에 직접 대응,,,2026,"관세청_HS부호(공공데이터포털 15049722, 2026-01-01 기준) + 관세청_HSK별 신성질별_성질별 분류(15049720)"
721922,72,제72류 철강,두께가 4.75밀리미터 이상 10밀리미터 이하인 것,철강,direct,A,제72류 철강. KICOX '철강'에 직접 대응,,,2026,"관세청_HS부호(공공데이터포털 15049722, 2026-01-01 기준) + 관세청_HSK별 신성질별_성질별 분류(15049720)"
721923,72,제72류 철강,두께가 3밀리미터 이상 4.75밀리미터 미만인 것,철강,direct,A,제72류 철강. KICOX '철강'에 직접 대응,,,2026,"관세청_HS부호(공공데이터포털 15049722, 2026-01-01 기준) + 관세청_HSK별 신성질별_성질별 분류(15049720)"
721924,72,제72류 철강,두께가 3밀리미터 미만인 것,철강,direct,A,제72류 철강. KICOX '철강'에 직접 대응,,,2026,"관세청_HS부호(공공데이터포털 15049722, 2026-01-01 기준) + 관세청_HSK별 신성질별_성질별 분류(15049720)"
721931,72,제72류 철강,두께가 4.75밀리미터 이상인 것,철강,direct,A,제72류 철강. KICOX '철강'에 직접 대응,,,2026,"관세청_HS부호(공공데이터포털 15049722, 2026-01-01 기준) + 관세청_HSK별 신성질별_성질별 분류(15049720)"
721932,72,제72류 철강,두께가 3밀리미터 이상 4.75밀리미터 미만인 것,철강,direct,A,제72류 철강. KICOX '철강'에 직접 대응,,,2026,"관세청_HS부호(공공데이터포털 15049722, 2026-01-01 기준) + 관세청_HSK별 신성질별_성질별 분류(15049720)"
721933,72,제72류 철강,두께가 1밀리미터를 초과 3밀리미터 미만인 것,철강,direct,A,제72류 철강. KICOX '철강'에 직접 대응,,,2026,"관세청_HS부호(공공데이터포털 15049722, 2026-01-01 기준) + 관세청_HSK별 신성질별_성질별 분류(15049720)"
721934,72,제72류 철강,두께가 0.5밀리미터 이상 1밀리미터 이하인 것,철강,direct,A,제72류 철강. KICOX '철강'에 직접 대응,,,2026,"관세청_HS부호(공공데이터포털 15049722, 2026-01-01 기준) + 관세청_HSK별 신성질별_성질별 분류(15049720)"
721935,72,제72류 철강,두께가 0.5밀리미터 미만인 것,철강,direct,A,제72류 철강. KICOX '철강'에 직접 대응,,,2026,"관세청_HS부호(공공데이터포털 15049722, 2026-01-01 기준) + 관세청_HSK별 신성질별_성질별 분류(15049720)"
721990,72,제72류 철강,기타,철강,direct,A,제72류 철강. KICOX '철강'에 직접 대응,,,2026,"관세청_HS부호(공공데이터포털 15049722, 2026-01-01 기준) + 관세청_HSK별 신성질별_성질별 분류(15049720)"
722011,72,제72류 철강,두께가 4.75밀리미터 이상인 것,철강,direct,A,제72류 철강. KICOX '철강'에 직접 대응,,,2026,"관세청_HS부호(공공데이터포털 15049722, 2026-01-01 기준) + 관세청_HSK별 신성질별_성질별 분류(15049720)"
722012,72,제72류 철강,두께가 4.75밀리미터 미만인 것,철강,direct,A,제72류 철강. KICOX '철강'에 직접 대응,,,2026,"관세청_HS부호(공공데이터포털 15049722, 2026-01-01 기준) + 관세청_HSK별 신성질별_성질별 분류(15049720)"
722020,72,제72류 철강,냉간압연(냉간환원)보다 더 가공하지 않은 것,철강,direct,A,제72류 철강. KICOX '철강'에 직접 대응,,,2026,"관세청_HS부호(공공데이터포털 15049722, 2026-01-01 기준) + 관세청_HSK별 신성질별_성질별 분류(15049720)"
722090,72,제72류 철강,기타,철강,direct,A,제72류 철강. KICOX '철강'에 직접 대응,,,2026,"관세청_HS부호(공공데이터포털 15049722, 2026-01-01 기준) + 관세청_HSK별 신성질별_성질별 분류(15049720)"
722100,72,제72류 철강,,철강,direct,A,제72류 철강. KICOX '철강'에 직접 대응,24010101,(봉·형강),2026,"관세청_HS부호(공공데이터포털 15049722, 2026-01-01 기준) + 관세청_HSK별 신성질별_성질별 분류(15049720)"
722211,72,제72류 철강,,철강,direct,A,제72류 철강. KICOX '철강'에 직접 대응,24010101,(봉·형강),2026,"관세청_HS부호(공공데이터포털 15049722, 2026-01-01 기준) + 관세청_HSK별 신성질별_성질별 분류(15049720)"
722219,72,제72류 철강,,철강,direct,A,제72류 철강. KICOX '철강'에 직접 대응,24010101,(봉·형강),2026,"관세청_HS부호(공공데이터포털 15049722, 2026-01-01 기준) + 관세청_HSK별 신성질별_성질별 분류(15049720)"
722220,72,제72류 철강,,철강,direct,A,제72류 철강. KICOX '철강'에 직접 대응,24010101,(봉·형강),2026,"관세청_HS부호(공공데이터포털 15049722, 2026-01-01 기준) + 관세청_HSK별 신성질별_성질별 분류(15049720)"
722230,72,제72류 철강,,철강,direct,A,제72류 철강. KICOX '철강'에 직접 대응,24010101,(봉·형강),2026,"관세청_HS부호(공공데이터포털 15049722, 2026-01-01 기준) + 관세청_HSK별 신성질별_성질별 분류(15049720)"
722240,72,제72류 철강,,철강,direct,A,제72류 철강. KICOX '철강'에 직접 대응,24010101,(봉·형강),2026,"관세청_HS부호(공공데이터포털 15049722, 2026-01-01 기준) + 관세청_HSK별 신성질별_성질별 분류(15049720)"
722300,72,제72류 철강,,철강,direct,A,제72류 철강. KICOX '철강'에 직접 대응,24010501,(강선),2026,"관세청_HS부호(공공데이터포털 15049722, 2026-01-01 기준) + 관세청_HSK별 신성질별_성질별 분류(15049720)"
722410,72,제72류 철강,잉곳(ingot)이나 그 밖의 일차제품(primary form) 형태인 것,철강,direct,A,제72류 철강. KICOX '철강'에 직접 대응,24010601,(철강 반제품),2026,"관세청_HS부호(공공데이터포털 15049722, 2026-01-01 기준) + 관세청_HSK별 신성질별_성질별 분류(15049720)"
722490,72,제72류 철강,기타,철강,direct,A,제72류 철강. KICOX '철강'에 직접 대응,24010601,(철강 반제품),2026,"관세청_HS부호(공공데이터포털 15049722, 2026-01-01 기준) + 관세청_HSK별 신성질별_성질별 분류(15049720)"
722511,72,제72류 철강,,철강,direct,A,제72류 철강. KICOX '철강'에 직접 대응,24010201,(철강 판재),2026,"관세청_HS부호(공공데이터포털 15049722, 2026-01-01 기준) + 관세청_HSK별 신성질별_성질별 분류(15049720)"
722519,72,제72류 철강,,철강,direct,A,제72류 철강. KICOX '철강'에 직접 대응,24010201,(철강 판재),2026,"관세청_HS부호(공공데이터포털 15049722, 2026-01-01 기준) + 관세청_HSK별 신성질별_성질별 분류(15049720)"
722530,72,제72류 철강,기타[코일 모양인 것으로서 열간(熱間)압연보다 더 가공하지 않은 것으로 한정한다],철강,direct,A,제72류 철강. KICOX '철강'에 직접 대응,24010201,(철강 판재),2026,"관세청_HS부호(공공데이터포털 15049722, 2026-01-01 기준) + 관세청_HSK별 신성질별_성질별 분류(15049720)"
722540,72,제72류 철강,"기타[코일 모양은 제외하고, 열간(熱間)압연보다 더 가공하지 않은 것으로 한정한다]",철강,direct,A,제72류 철강. KICOX '철강'에 직접 대응,24010201,(철강 판재),2026,"관세청_HS부호(공공데이터포털 15049722, 2026-01-01 기준) + 관세청_HSK별 신성질별_성질별 분류(15049720)"
722550,72,제72류 철강,기타[냉간압연(냉간환원)보다 더 가공하지 않은 것으로 한정한다],철강,direct,A,제72류 철강. KICOX '철강'에 직접 대응,24010201,(철강 판재),2026,"관세청_HS부호(공공데이터포털 15049722, 2026-01-01 기준) + 관세청_HSK별 신성질별_성질별 분류(15049720)"
722591,72,제72류 철강,아연을 전해도금하거나 도포한 것,철강,direct,A,제72류 철강. KICOX '철강'에 직접 대응,24010201,(철강 판재),2026,"관세청_HS부호(공공데이터포털 15049722, 2026-01-01 기준) + 관세청_HSK별 신성질별_성질별 분류(15049720)"
722592,72,제72류 철강,그 밖의 방법으로 아연을 도금하거나 도포한 것,철강,direct,A,제72류 철강. KICOX '철강'에 직접 대응,24010201,(철강 판재),2026,"관세청_HS부호(공공데이터포털 15049722, 2026-01-01 기준) + 관세청_HSK별 신성질별_성질별 분류(15049720)"
722599,72,제72류 철강,기타,철강,direct,A,제72류 철강. KICOX '철강'에 직접 대응,24010201,(철강 판재),2026,"관세청_HS부호(공공데이터포털 15049722, 2026-01-01 기준) + 관세청_HSK별 신성질별_성질별 분류(15049720)"
722611,72,제72류 철강,,철강,direct,A,제72류 철강. KICOX '철강'에 직접 대응,24010201,(철강 판재),2026,"관세청_HS부호(공공데이터포털 15049722, 2026-01-01 기준) + 관세청_HSK별 신성질별_성질별 분류(15049720)"
722619,72,제72류 철강,,철강,direct,A,제72류 철강. KICOX '철강'에 직접 대응,24010201,(철강 판재),2026,"관세청_HS부호(공공데이터포털 15049722, 2026-01-01 기준) + 관세청_HSK별 신성질별_성질별 분류(15049720)"
722620,72,제72류 철강,,철강,direct,A,제72류 철강. KICOX '철강'에 직접 대응,24010201,(철강 판재),2026,"관세청_HS부호(공공데이터포털 15049722, 2026-01-01 기준) + 관세청_HSK별 신성질별_성질별 분류(15049720)"
722691,72,제72류 철강,열간(熱間)압연보다 더 가공하지 않은 것,철강,direct,A,제72류 철강. KICOX '철강'에 직접 대응,24010201,(철강 판재),2026,"관세청_HS부호(공공데이터포털 15049722, 2026-01-01 기준) + 관세청_HSK별 신성질별_성질별 분류(15049720)"
722692,72,제72류 철강,,철강,direct,A,제72류 철강. KICOX '철강'에 직접 대응,24010201,(철강 판재),2026,"관세청_HS부호(공공데이터포털 15049722, 2026-01-01 기준) + 관세청_HSK별 신성질별_성질별 분류(15049720)"
722699,72,제72류 철강,기타,철강,direct,A,제72류 철강. KICOX '철강'에 직접 대응,24010201,(철강 판재),2026,"관세청_HS부호(공공데이터포털 15049722, 2026-01-01 기준) + 관세청_HSK별 신성질별_성질별 분류(15049720)"
722710,72,제72류 철강,,철강,direct,A,제72류 철강. KICOX '철강'에 직접 대응,24010101,(봉·형강),2026,"관세청_HS부호(공공데이터포털 15049722, 2026-01-01 기준) + 관세청_HSK별 신성질별_성질별 분류(15049720)"
722720,72,제72류 철강,,철강,direct,A,제72류 철강. KICOX '철강'에 직접 대응,24010101,(봉·형강),2026,"관세청_HS부호(공공데이터포털 15049722, 2026-01-01 기준) + 관세청_HSK별 신성질별_성질별 분류(15049720)"
722790,72,제72류 철강,기타,철강,direct,A,제72류 철강. KICOX '철강'에 직접 대응,24010101,(봉·형강),2026,"관세청_HS부호(공공데이터포털 15049722, 2026-01-01 기준) + 관세청_HSK별 신성질별_성질별 분류(15049720)"
722810,72,제72류 철강,,철강,direct,A,제72류 철강. KICOX '철강'에 직접 대응,24010101,(봉·형강),2026,"관세청_HS부호(공공데이터포털 15049722, 2026-01-01 기준) + 관세청_HSK별 신성질별_성질별 분류(15049720)"
722820,72,제72류 철강,,철강,direct,A,제72류 철강. KICOX '철강'에 직접 대응,24010101,(봉·형강),2026,"관세청_HS부호(공공데이터포털 15049722, 2026-01-01 기준) + 관세청_HSK별 신성질별_성질별 분류(15049720)"
722830,72,제72류 철강,그 밖의 봉[열간(熱間)압연ㆍ열간인발(熱間引拔)ㆍ압출보다 더 가공하지 않은 것으로 한정한다],철강,direct,A,제72류 철강. KICOX '철강'에 직접 대응,24010101,(봉·형강),2026,"관세청_HS부호(공공데이터포털 15049722, 2026-01-01 기준) + 관세청_HSK별 신성질별_성질별 분류(15049720)"
722840,72,제72류 철강,그 밖의 봉[단조(鍛造)보다 더 가공하지 않은 것으로 한정한다],철강,direct,A,제72류 철강. KICOX '철강'에 직접 대응,24010101,(봉·형강),2026,"관세청_HS부호(공공데이터포털 15049722, 2026-01-01 기준) + 관세청_HSK별 신성질별_성질별 분류(15049720)"
722850,72,제72류 철강,,철강,direct,A,제72류 철강. KICOX '철강'에 직접 대응,24010101,(봉·형강),2026,"관세청_HS부호(공공데이터포털 15049722, 2026-01-01 기준) + 관세청_HSK별 신성질별_성질별 분류(15049720)"
722860,72,제72류 철강,그 밖의 봉,철강,direct,A,제72류 철강. KICOX '철강'에 직접 대응,24010101,(봉·형강),2026,"관세청_HS부호(공공데이터포털 15049722, 2026-01-01 기준) + 관세청_HSK별 신성질별_성질별 분류(15049720)"
722870,72,제72류 철강,형강(形鋼),철강,direct,A,제72류 철강. KICOX '철강'에 직접 대응,,,2026,"관세청_HS부호(공공데이터포털 15049722, 2026-01-01 기준) + 관세청_HSK별 신성질별_성질별 분류(15049720)"
722880,72,제72류 철강,,철강,direct,A,제72류 철강. KICOX '철강'에 직접 대응,24010101,(봉·형강),2026,"관세청_HS부호(공공데이터포털 15049722, 2026-01-01 기준) + 관세청_HSK별 신성질별_성질별 분류(15049720)"
722920,72,제72류 철강,,철강,direct,A,제72류 철강. KICOX '철강'에 직접 대응,24010501,(강선),2026,"관세청_HS부호(공공데이터포털 15049722, 2026-01-01 기준) + 관세청_HSK별 신성질별_성질별 분류(15049720)"
722990,72,제72류 철강,기타,철강,direct,A,제72류 철강. KICOX '철강'에 직접 대응,,,2026,"관세청_HS부호(공공데이터포털 15049722, 2026-01-01 기준) + 관세청_HSK별 신성질별_성질별 분류(15049720)"
730110,73,제73류 철강의 제품,널말뚝(sheet piling),철강,direct,A,제73류 철강의 제품. KICOX '철강'에 직접 대응,24010101,(봉·형강),2026,"관세청_HS부호(공공데이터포털 15049722, 2026-01-01 기준) + 관세청_HSK별 신성질별_성질별 분류(15049720)"
730120,73,제73류 철강의 제품,형강(形鋼),철강,direct,A,제73류 철강의 제품. KICOX '철강'에 직접 대응,24010101,(봉·형강),2026,"관세청_HS부호(공공데이터포털 15049722, 2026-01-01 기준) + 관세청_HSK별 신성질별_성질별 분류(15049720)"
730210,73,제73류 철강의 제품,레일(rail),철강,direct,A,제73류 철강의 제품. KICOX '철강'에 직접 대응,,,2026,"관세청_HS부호(공공데이터포털 15049722, 2026-01-01 기준) + 관세청_HSK별 신성질별_성질별 분류(15049720)"
730230,73,제73류 철강의 제품,,철강,direct,A,제73류 철강의 제품. KICOX '철강'에 직접 대응,24010101,(봉·형강),2026,"관세청_HS부호(공공데이터포털 15049722, 2026-01-01 기준) + 관세청_HSK별 신성질별_성질별 분류(15049720)"
730240,73,제73류 철강의 제품,,철강,direct,A,제73류 철강의 제품. KICOX '철강'에 직접 대응,24010101,(봉·형강),2026,"관세청_HS부호(공공데이터포털 15049722, 2026-01-01 기준) + 관세청_HSK별 신성질별_성질별 분류(15049720)"
730290,73,제73류 철강의 제품,,철강,direct,A,제73류 철강의 제품. KICOX '철강'에 직접 대응,24010101,(봉·형강),2026,"관세청_HS부호(공공데이터포털 15049722, 2026-01-01 기준) + 관세청_HSK별 신성질별_성질별 분류(15049720)"
730300,73,제73류 철강의 제품,주철로 만든 관(管)과 중공(中空)프로파일(profile),철강,direct,A,제73류 철강의 제품. KICOX '철강'에 직접 대응,,,2026,"관세청_HS부호(공공데이터포털 15049722, 2026-01-01 기준) + 관세청_HSK별 신성질별_성질별 분류(15049720)"
730411,73,제73류 철강의 제품,,철강,direct,A,제73류 철강의 제품. KICOX '철강'에 직접 대응,24010301,(강관),2026,"관세청_HS부호(공공데이터포털 15049722, 2026-01-01 기준) + 관세청_HSK별 신성질별_성질별 분류(15049720)"
730419,73,제73류 철강의 제품,,철강,direct,A,제73류 철강의 제품. KICOX '철강'에 직접 대응,24010301,(강관),2026,"관세청_HS부호(공공데이터포털 15049722, 2026-01-01 기준) + 관세청_HSK별 신성질별_성질별 분류(15049720)"
730422,73,제73류 철강의 제품,,철강,direct,A,제73류 철강의 제품. KICOX '철강'에 직접 대응,24010301,(강관),2026,"관세청_HS부호(공공데이터포털 15049722, 2026-01-01 기준) + 관세청_HSK별 신성질별_성질별 분류(15049720)"
730423,73,제73류 철강의 제품,,철강,direct,A,제73류 철강의 제품. KICOX '철강'에 직접 대응,24010301,(강관),2026,"관세청_HS부호(공공데이터포털 15049722, 2026-01-01 기준) + 관세청_HSK별 신성질별_성질별 분류(15049720)"
730424,73,제73류 철강의 제품,,철강,direct,A,제73류 철강의 제품. KICOX '철강'에 직접 대응,24010301,(강관),2026,"관세청_HS부호(공공데이터포털 15049722, 2026-01-01 기준) + 관세청_HSK별 신성질별_성질별 분류(15049720)"
730429,73,제73류 철강의 제품,,철강,direct,A,제73류 철강의 제품. KICOX '철강'에 직접 대응,24010301,(강관),2026,"관세청_HS부호(공공데이터포털 15049722, 2026-01-01 기준) + 관세청_HSK별 신성질별_성질별 분류(15049720)"
730431,73,제73류 철강의 제품,,철강,direct,A,제73류 철강의 제품. KICOX '철강'에 직접 대응,24010301,(강관),2026,"관세청_HS부호(공공데이터포털 15049722, 2026-01-01 기준) + 관세청_HSK별 신성질별_성질별 분류(15049720)"
730439,73,제73류 철강의 제품,,철강,direct,A,제73류 철강의 제품. KICOX '철강'에 직접 대응,24010301,(강관),2026,"관세청_HS부호(공공데이터포털 15049722, 2026-01-01 기준) + 관세청_HSK별 신성질별_성질별 분류(15049720)"
730441,73,제73류 철강의 제품,,철강,direct,A,제73류 철강의 제품. KICOX '철강'에 직접 대응,24010301,(강관),2026,"관세청_HS부호(공공데이터포털 15049722, 2026-01-01 기준) + 관세청_HSK별 신성질별_성질별 분류(15049720)"
730449,73,제73류 철강의 제품,,철강,direct,A,제73류 철강의 제품. KICOX '철강'에 직접 대응,24010301,(강관),2026,"관세청_HS부호(공공데이터포털 15049722, 2026-01-01 기준) + 관세청_HSK별 신성질별_성질별 분류(15049720)"
730451,73,제73류 철강의 제품,,철강,direct,A,제73류 철강의 제품. KICOX '철강'에 직접 대응,24010301,(강관),2026,"관세청_HS부호(공공데이터포털 15049722, 2026-01-01 기준) + 관세청_HSK별 신성질별_성질별 분류(15049720)"
730459,73,제73류 철강의 제품,,철강,direct,A,제73류 철강의 제품. KICOX '철강'에 직접 대응,24010301,(강관),2026,"관세청_HS부호(공공데이터포털 15049722, 2026-01-01 기준) + 관세청_HSK별 신성질별_성질별 분류(15049720)"
730490,73,제73류 철강의 제품,,철강,direct,A,제73류 철강의 제품. KICOX '철강'에 직접 대응,24010301,(강관),2026,"관세청_HS부호(공공데이터포털 15049722, 2026-01-01 기준) + 관세청_HSK별 신성질별_성질별 분류(15049720)"
730511,73,제73류 철강의 제품,세로 방향으로 서브머지드아크(submerged arc) 용접한 것,철강,direct,A,제73류 철강의 제품. KICOX '철강'에 직접 대응,24010301,(강관),2026,"관세청_HS부호(공공데이터포털 15049722, 2026-01-01 기준) + 관세청_HSK별 신성질별_성질별 분류(15049720)"
730512,73,제73류 철강의 제품,,철강,direct,A,제73류 철강의 제품. KICOX '철강'에 직접 대응,24010301,(강관),2026,"관세청_HS부호(공공데이터포털 15049722, 2026-01-01 기준) + 관세청_HSK별 신성질별_성질별 분류(15049720)"
730519,73,제73류 철강의 제품,,철강,direct,A,제73류 철강의 제품. KICOX '철강'에 직접 대응,24010301,(강관),2026,"관세청_HS부호(공공데이터포털 15049722, 2026-01-01 기준) + 관세청_HSK별 신성질별_성질별 분류(15049720)"
730520,73,제73류 철강의 제품,,철강,direct,A,제73류 철강의 제품. KICOX '철강'에 직접 대응,24010301,(강관),2026,"관세청_HS부호(공공데이터포털 15049722, 2026-01-01 기준) + 관세청_HSK별 신성질별_성질별 분류(15049720)"
730531,73,제73류 철강의 제품,세로 방향으로 용접한 것,철강,direct,A,제73류 철강의 제품. KICOX '철강'에 직접 대응,24010301,(강관),2026,"관세청_HS부호(공공데이터포털 15049722, 2026-01-01 기준) + 관세청_HSK별 신성질별_성질별 분류(15049720)"
730539,73,제73류 철강의 제품,,철강,direct,A,제73류 철강의 제품. KICOX '철강'에 직접 대응,24010301,(강관),2026,"관세청_HS부호(공공데이터포털 15049722, 2026-01-01 기준) + 관세청_HSK별 신성질별_성질별 분류(15049720)"
730590,73,제73류 철강의 제품,,철강,direct,A,제73류 철강의 제품. KICOX '철강'에 직접 대응,24010301,(강관),2026,"관세청_HS부호(공공데이터포털 15049722, 2026-01-01 기준) + 관세청_HSK별 신성질별_성질별 분류(15049720)"
730611,73,제73류 철강의 제품,,철강,direct,A,제73류 철강의 제품. KICOX '철강'에 직접 대응,24010301,(강관),2026,"관세청_HS부호(공공데이터포털 15049722, 2026-01-01 기준) + 관세청_HSK별 신성질별_성질별 분류(15049720)"
730619,73,제73류 철강의 제품,,철강,direct,A,제73류 철강의 제품. KICOX '철강'에 직접 대응,24010301,(강관),2026,"관세청_HS부호(공공데이터포털 15049722, 2026-01-01 기준) + 관세청_HSK별 신성질별_성질별 분류(15049720)"
730621,73,제73류 철강의 제품,용접한 것(스테인리스강으로 만든 것으로 한정한다),철강,direct,A,제73류 철강의 제품. KICOX '철강'에 직접 대응,24010301,(강관),2026,"관세청_HS부호(공공데이터포털 15049722, 2026-01-01 기준) + 관세청_HSK별 신성질별_성질별 분류(15049720)"
730629,73,제73류 철강의 제품,기타,철강,direct,A,제73류 철강의 제품. KICOX '철강'에 직접 대응,24010301,(강관),2026,"관세청_HS부호(공공데이터포털 15049722, 2026-01-01 기준) + 관세청_HSK별 신성질별_성질별 분류(15049720)"
730630,73,제73류 철강의 제품,"기타(용접한 것으로 한정하며, 횡단면이 원형인 것으로서 철이나 비합금강으로 만든 것으로 한정한다)",철강,direct,A,제73류 철강의 제품. KICOX '철강'에 직접 대응,,,2026,"관세청_HS부호(공공데이터포털 15049722, 2026-01-01 기준) + 관세청_HSK별 신성질별_성질별 분류(15049720)"
730640,73,제73류 철강의 제품,"기타(용접한 것으로 한정하며, 횡단면이 원형인 것으로서 스테인리스강으로 만든 것으로 한정한다)",철강,direct,A,제73류 철강의 제품. KICOX '철강'에 직접 대응,24010301,(강관),2026,"관세청_HS부호(공공데이터포털 15049722, 2026-01-01 기준) + 관세청_HSK별 신성질별_성질별 분류(15049720)"
730650,73,제73류 철강의 제품,,철강,direct,A,제73류 철강의 제품. KICOX '철강'에 직접 대응,24010301,(강관),2026,"관세청_HS부호(공공데이터포털 15049722, 2026-01-01 기준) + 관세청_HSK별 신성질별_성질별 분류(15049720)"
730661,73,제73류 철강의 제품,횡단면이 정사각형이나 직사각형인 것,철강,direct,A,제73류 철강의 제품. KICOX '철강'에 직접 대응,,,2026,"관세청_HS부호(공공데이터포털 15049722, 2026-01-01 기준) + 관세청_HSK별 신성질별_성질별 분류(15049720)"
730669,73,제73류 철강의 제품,그 밖의 횡단면이 원형이 아닌 것,철강,direct,A,제73류 철강의 제품. KICOX '철강'에 직접 대응,,,2026,"관세청_HS부호(공공데이터포털 15049722, 2026-01-01 기준) + 관세청_HSK별 신성질별_성질별 분류(15049720)"
730690,73,제73류 철강의 제품,기타,철강,direct,A,제73류 철강의 제품. KICOX '철강'에 직접 대응,24010301,(강관),2026,"관세청_HS부호(공공데이터포털 15049722, 2026-01-01 기준) + 관세청_HSK별 신성질별_성질별 분류(15049720)"
730711,73,제73류 철강의 제품,,철강,direct,A,제73류 철강의 제품. KICOX '철강'에 직접 대응,24010401,(주·단강),2026,"관세청_HS부호(공공데이터포털 15049722, 2026-01-01 기준) + 관세청_HSK별 신성질별_성질별 분류(15049720)"
730719,73,제73류 철강의 제품,,철강,direct,A,제73류 철강의 제품. KICOX '철강'에 직접 대응,24010401,(주·단강),2026,"관세청_HS부호(공공데이터포털 15049722, 2026-01-01 기준) + 관세청_HSK별 신성질별_성질별 분류(15049720)"
730721,73,제73류 철강의 제품,,철강,direct,A,제73류 철강의 제품. KICOX '철강'에 직접 대응,24010401,(주·단강),2026,"관세청_HS부호(공공데이터포털 15049722, 2026-01-01 기준) + 관세청_HSK별 신성질별_성질별 분류(15049720)"
730722,73,제73류 철강의 제품,나선가공한 엘보(elbow)ㆍ벤드(bend)ㆍ슬리브(sleeve),철강,direct,A,제73류 철강의 제품. KICOX '철강'에 직접 대응,24010401,(주·단강),2026,"관세청_HS부호(공공데이터포털 15049722, 2026-01-01 기준) + 관세청_HSK별 신성질별_성질별 분류(15049720)"
730723,73,제73류 철강의 제품,,철강,direct,A,제73류 철강의 제품. KICOX '철강'에 직접 대응,24010401,(주·단강),2026,"관세청_HS부호(공공데이터포털 15049722, 2026-01-01 기준) + 관세청_HSK별 신성질별_성질별 분류(15049720)"
730729,73,제73류 철강의 제품,,철강,direct,A,제73류 철강의 제품. KICOX '철강'에 직접 대응,24010401,(주·단강),2026,"관세청_HS부호(공공데이터포털 15049722, 2026-01-01 기준) + 관세청_HSK별 신성질별_성질별 분류(15049720)"
730791,73,제73류 철강의 제품,,철강,direct,A,제73류 철강의 제품. KICOX '철강'에 직접 대응,24010401,(주·단강),2026,"관세청_HS부호(공공데이터포털 15049722, 2026-01-01 기준) + 관세청_HSK별 신성질별_성질별 분류(15049720)"
730792,73,제73류 철강의 제품,나선가공한 엘보(elbow)ㆍ벤드(bend)ㆍ슬리브(sleeve),철강,direct,A,제73류 철강의 제품. KICOX '철강'에 직접 대응,24010401,(주·단강),2026,"관세청_HS부호(공공데이터포털 15049722, 2026-01-01 기준) + 관세청_HSK별 신성질별_성질별 분류(15049720)"
730793,73,제73류 철강의 제품,,철강,direct,A,제73류 철강의 제품. KICOX '철강'에 직접 대응,24010401,(주·단강),2026,"관세청_HS부호(공공데이터포털 15049722, 2026-01-01 기준) + 관세청_HSK별 신성질별_성질별 분류(15049720)"
730799,73,제73류 철강의 제품,기타,철강,direct,A,제73류 철강의 제품. KICOX '철강'에 직접 대응,24010401,(주·단강),2026,"관세청_HS부호(공공데이터포털 15049722, 2026-01-01 기준) + 관세청_HSK별 신성질별_성질별 분류(15049720)"
730810,73,제73류 철강의 제품,,철강,direct,A,제73류 철강의 제품. KICOX '철강'에 직접 대응,32010101,(금속구조물),2026,"관세청_HS부호(공공데이터포털 15049722, 2026-01-01 기준) + 관세청_HSK별 신성질별_성질별 분류(15049720)"
730820,73,제73류 철강의 제품,,철강,direct,A,제73류 철강의 제품. KICOX '철강'에 직접 대응,32010101,(금속구조물),2026,"관세청_HS부호(공공데이터포털 15049722, 2026-01-01 기준) + 관세청_HSK별 신성질별_성질별 분류(15049720)"
730830,73,제73류 철강의 제품,,철강,direct,A,제73류 철강의 제품. KICOX '철강'에 직접 대응,32010101,(금속구조물),2026,"관세청_HS부호(공공데이터포털 15049722, 2026-01-01 기준) + 관세청_HSK별 신성질별_성질별 분류(15049720)"
730840,73,제73류 철강의 제품,,철강,direct,A,제73류 철강의 제품. KICOX '철강'에 직접 대응,32010101,(금속구조물),2026,"관세청_HS부호(공공데이터포털 15049722, 2026-01-01 기준) + 관세청_HSK별 신성질별_성질별 분류(15049720)"
730890,73,제73류 철강의 제품,기타,철강,direct,A,제73류 철강의 제품. KICOX '철강'에 직접 대응,32010101,(금속구조물),2026,"관세청_HS부호(공공데이터포털 15049722, 2026-01-01 기준) + 관세청_HSK별 신성질별_성질별 분류(15049720)"
730900,73,제73류 철강의 제품,,철강,direct,A,제73류 철강의 제품. KICOX '철강'에 직접 대응,32010201,(철강재 용기),2026,"관세청_HS부호(공공데이터포털 15049722, 2026-01-01 기준) + 관세청_HSK별 신성질별_성질별 분류(15049720)"
731010,73,제73류 철강의 제품,,철강,direct,A,제73류 철강의 제품. KICOX '철강'에 직접 대응,32010201,(철강재 용기),2026,"관세청_HS부호(공공데이터포털 15049722, 2026-01-01 기준) + 관세청_HSK별 신성질별_성질별 분류(15049720)"
731021,73,제73류 철강의 제품,,철강,direct,A,제73류 철강의 제품. KICOX '철강'에 직접 대응,32010201,(철강재 용기),2026,"관세청_HS부호(공공데이터포털 15049722, 2026-01-01 기준) + 관세청_HSK별 신성질별_성질별 분류(15049720)"
731029,73,제73류 철강의 제품,,철강,direct,A,제73류 철강의 제품. KICOX '철강'에 직접 대응,32010201,(철강재 용기),2026,"관세청_HS부호(공공데이터포털 15049722, 2026-01-01 기준) + 관세청_HSK별 신성질별_성질별 분류(15049720)"
731100,73,제73류 철강의 제품,철강으로 만든 용기(압축용이나 액화가스용으로 한정한다),철강,direct,A,제73류 철강의 제품. KICOX '철강'에 직접 대응,32010201,(철강재 용기),2026,"관세청_HS부호(공공데이터포털 15049722, 2026-01-01 기준) + 관세청_HSK별 신성질별_성질별 분류(15049720)"
731210,73,제73류 철강의 제품,연선(stranded wire)ㆍ로프ㆍ케이블,철강,direct,A,제73류 철강의 제품. KICOX '철강'에 직접 대응,,,2026,"관세청_HS부호(공공데이터포털 15049722, 2026-01-01 기준) + 관세청_HSK별 신성질별_성질별 분류(15049720)"
731290,73,제73류 철강의 제품,,철강,direct,A,제73류 철강의 제품. KICOX '철강'에 직접 대응,32020190,(기타 기계요소),2026,"관세청_HS부호(공공데이터포털 15049722, 2026-01-01 기준) + 관세청_HSK별 신성질별_성질별 분류(15049720)"
731300,73,제73류 철강의 제품,철강으로 만든 유자선(有刺線)ㆍ대ㆍ평선을 꼰 것[유자(有刺)의 것인지에 상관없다]과 느슨하게 꼰 2중선으로서 울타리용으로 사용하는 것,철강,direct,A,제73류 철강의 제품. KICOX '철강'에 직접 대응,32020190,(기타 기계요소),2026,"관세청_HS부호(공공데이터포털 15049722, 2026-01-01 기준) + 관세청_HSK별 신성질별_성질별 분류(15049720)"
731412,73,제73류 철강의 제품,,철강,direct,A,제73류 철강의 제품. KICOX '철강'에 직접 대응,32020190,(기타 기계요소),2026,"관세청_HS부호(공공데이터포털 15049722, 2026-01-01 기준) + 관세청_HSK별 신성질별_성질별 분류(15049720)"
731414,73,제73류 철강의 제품,,철강,direct,A,제73류 철강의 제품. KICOX '철강'에 직접 대응,32020190,(기타 기계요소),2026,"관세청_HS부호(공공데이터포털 15049722, 2026-01-01 기준) + 관세청_HSK별 신성질별_성질별 분류(15049720)"
731419,73,제73류 철강의 제품,,철강,direct,A,제73류 철강의 제품. KICOX '철강'에 직접 대응,32020190,(기타 기계요소),2026,"관세청_HS부호(공공데이터포털 15049722, 2026-01-01 기준) + 관세청_HSK별 신성질별_성질별 분류(15049720)"
731420,73,제73류 철강의 제품,,철강,direct,A,제73류 철강의 제품. KICOX '철강'에 직접 대응,32020190,(기타 기계요소),2026,"관세청_HS부호(공공데이터포털 15049722, 2026-01-01 기준) + 관세청_HSK별 신성질별_성질별 분류(15049720)"
731431,73,제73류 철강의 제품,,철강,direct,A,제73류 철강의 제품. KICOX '철강'에 직접 대응,32020190,(기타 기계요소),2026,"관세청_HS부호(공공데이터포털 15049722, 2026-01-01 기준) + 관세청_HSK별 신성질별_성질별 분류(15049720)"
731439,73,제73류 철강의 제품,,철강,direct,A,제73류 철강의 제품. KICOX '철강'에 직접 대응,32020190,(기타 기계요소),2026,"관세청_HS부호(공공데이터포털 15049722, 2026-01-01 기준) + 관세청_HSK별 신성질별_성질별 분류(15049720)"
731441,73,제73류 철강의 제품,,철강,direct,A,제73류 철강의 제품. KICOX '철강'에 직접 대응,32020190,(기타 기계요소),2026,"관세청_HS부호(공공데이터포털 15049722, 2026-01-01 기준) + 관세청_HSK별 신성질별_성질별 분류(15049720)"
731442,73,제73류 철강의 제품,,철강,direct,A,제73류 철강의 제품. KICOX '철강'에 직접 대응,32020190,(기타 기계요소),2026,"관세청_HS부호(공공데이터포털 15049722, 2026-01-01 기준) + 관세청_HSK별 신성질별_성질별 분류(15049720)"
731449,73,제73류 철강의 제품,,철강,direct,A,제73류 철강의 제품. KICOX '철강'에 직접 대응,32020190,(기타 기계요소),2026,"관세청_HS부호(공공데이터포털 15049722, 2026-01-01 기준) + 관세청_HSK별 신성질별_성질별 분류(15049720)"
731450,73,제73류 철강의 제품,,철강,direct,A,제73류 철강의 제품. KICOX '철강'에 직접 대응,32020190,(기타 기계요소),2026,"관세청_HS부호(공공데이터포털 15049722, 2026-01-01 기준) + 관세청_HSK별 신성질별_성질별 분류(15049720)"
731511,73,제73류 철강의 제품,,철강,direct,A,제73류 철강의 제품. KICOX '철강'에 직접 대응,32020190,(기타 기계요소),2026,"관세청_HS부호(공공데이터포털 15049722, 2026-01-01 기준) + 관세청_HSK별 신성질별_성질별 분류(15049720)"
731512,73,제73류 철강의 제품,,철강,direct,A,제73류 철강의 제품. KICOX '철강'에 직접 대응,32020190,(기타 기계요소),2026,"관세청_HS부호(공공데이터포털 15049722, 2026-01-01 기준) + 관세청_HSK별 신성질별_성질별 분류(15049720)"
731519,73,제73류 철강의 제품,,철강,direct,A,제73류 철강의 제품. KICOX '철강'에 직접 대응,32020190,(기타 기계요소),2026,"관세청_HS부호(공공데이터포털 15049722, 2026-01-01 기준) + 관세청_HSK별 신성질별_성질별 분류(15049720)"
731520,73,제73류 철강의 제품,,철강,direct,A,제73류 철강의 제품. KICOX '철강'에 직접 대응,32020190,(기타 기계요소),2026,"관세청_HS부호(공공데이터포털 15049722, 2026-01-01 기준) + 관세청_HSK별 신성질별_성질별 분류(15049720)"
731581,73,제73류 철강의 제품,,철강,direct,A,제73류 철강의 제품. KICOX '철강'에 직접 대응,32020190,(기타 기계요소),2026,"관세청_HS부호(공공데이터포털 15049722, 2026-01-01 기준) + 관세청_HSK별 신성질별_성질별 분류(15049720)"
731582,73,제73류 철강의 제품,,철강,direct,A,제73류 철강의 제품. KICOX '철강'에 직접 대응,32020190,(기타 기계요소),2026,"관세청_HS부호(공공데이터포털 15049722, 2026-01-01 기준) + 관세청_HSK별 신성질별_성질별 분류(15049720)"
731589,73,제73류 철강의 제품,,철강,direct,A,제73류 철강의 제품. KICOX '철강'에 직접 대응,32020190,(기타 기계요소),2026,"관세청_HS부호(공공데이터포털 15049722, 2026-01-01 기준) + 관세청_HSK별 신성질별_성질별 분류(15049720)"
731590,73,제73류 철강의 제품,,철강,direct,A,제73류 철강의 제품. KICOX '철강'에 직접 대응,32020190,(기타 기계요소),2026,"관세청_HS부호(공공데이터포털 15049722, 2026-01-01 기준) + 관세청_HSK별 신성질별_성질별 분류(15049720)"
731600,73,제73류 철강의 제품,철강으로 만든 닻과 그 부분품,철강,direct,A,제73류 철강의 제품. KICOX '철강'에 직접 대응,31060490,(기타 선박용 부품),2026,"관세청_HS부호(공공데이터포털 15049722, 2026-01-01 기준) + 관세청_HSK별 신성질별_성질별 분류(15049720)"
731700,73,제73류 철강의 제품,철강으로 만든 못ㆍ압정ㆍ제도용 핀ㆍ물결 모양 못ㆍ스테이플(제8305호의 것은 제외한다)과 이와 유사한 물품[두부(頭部)가 그 밖의 다른 재료로 만든 것인지에 상관없으나 구리를 재료로 한 것은 제외한다],철강,direct,A,제73류 철강의 제품. KICOX '철강'에 직접 대응,,,2026,"관세청_HS부호(공공데이터포털 15049722, 2026-01-01 기준) + 관세청_HSK별 신성질별_성질별 분류(15049720)"
731811,73,제73류 철강의 제품,,철강,direct,A,제73류 철강의 제품. KICOX '철강'에 직접 대응,32020101,(볼트 및 너트),2026,"관세청_HS부호(공공데이터포털 15049722, 2026-01-01 기준) + 관세청_HSK별 신성질별_성질별 분류(15049720)"
731812,73,제73류 철강의 제품,,철강,direct,A,제73류 철강의 제품. KICOX '철강'에 직접 대응,32020101,(볼트 및 너트),2026,"관세청_HS부호(공공데이터포털 15049722, 2026-01-01 기준) + 관세청_HSK별 신성질별_성질별 분류(15049720)"
731813,73,제73류 철강의 제품,,철강,direct,A,제73류 철강의 제품. KICOX '철강'에 직접 대응,32020101,(볼트 및 너트),2026,"관세청_HS부호(공공데이터포털 15049722, 2026-01-01 기준) + 관세청_HSK별 신성질별_성질별 분류(15049720)"
731814,73,제73류 철강의 제품,,철강,direct,A,제73류 철강의 제품. KICOX '철강'에 직접 대응,32020101,(볼트 및 너트),2026,"관세청_HS부호(공공데이터포털 15049722, 2026-01-01 기준) + 관세청_HSK별 신성질별_성질별 분류(15049720)"
731815,73,제73류 철강의 제품,그 밖의 스크루(screw)와 볼트(bolt)[너트(nut)나 와셔(washer)가 붙어있는지에 상관없다],철강,direct,A,제73류 철강의 제품. KICOX '철강'에 직접 대응,32020101,(볼트 및 너트),2026,"관세청_HS부호(공공데이터포털 15049722, 2026-01-01 기준) + 관세청_HSK별 신성질별_성질별 분류(15049720)"
731816,73,제73류 철강의 제품,,철강,direct,A,제73류 철강의 제품. KICOX '철강'에 직접 대응,32020101,(볼트 및 너트),2026,"관세청_HS부호(공공데이터포털 15049722, 2026-01-01 기준) + 관세청_HSK별 신성질별_성질별 분류(15049720)"
731819,73,제73류 철강의 제품,,철강,direct,A,제73류 철강의 제품. KICOX '철강'에 직접 대응,32020101,(볼트 및 너트),2026,"관세청_HS부호(공공데이터포털 15049722, 2026-01-01 기준) + 관세청_HSK별 신성질별_성질별 분류(15049720)"
731821,73,제73류 철강의 제품,,철강,direct,A,제73류 철강의 제품. KICOX '철강'에 직접 대응,32020101,(볼트 및 너트),2026,"관세청_HS부호(공공데이터포털 15049722, 2026-01-01 기준) + 관세청_HSK별 신성질별_성질별 분류(15049720)"
731822,73,제73류 철강의 제품,,철강,direct,A,제73류 철강의 제품. KICOX '철강'에 직접 대응,32020101,(볼트 및 너트),2026,"관세청_HS부호(공공데이터포털 15049722, 2026-01-01 기준) + 관세청_HSK별 신성질별_성질별 분류(15049720)"
731823,73,제73류 철강의 제품,,철강,direct,A,제73류 철강의 제품. KICOX '철강'에 직접 대응,32020101,(볼트 및 너트),2026,"관세청_HS부호(공공데이터포털 15049722, 2026-01-01 기준) + 관세청_HSK별 신성질별_성질별 분류(15049720)"
731824,73,제73류 철강의 제품,,철강,direct,A,제73류 철강의 제품. KICOX '철강'에 직접 대응,32020101,(볼트 및 너트),2026,"관세청_HS부호(공공데이터포털 15049722, 2026-01-01 기준) + 관세청_HSK별 신성질별_성질별 분류(15049720)"
731829,73,제73류 철강의 제품,,철강,direct,A,제73류 철강의 제품. KICOX '철강'에 직접 대응,32020101,(볼트 및 너트),2026,"관세청_HS부호(공공데이터포털 15049722, 2026-01-01 기준) + 관세청_HSK별 신성질별_성질별 분류(15049720)"
731940,73,제73류 철강의 제품,안전핀과 그 밖의 핀,철강,direct,A,제73류 철강의 제품. KICOX '철강'에 직접 대응,32020190,(기타 기계요소),2026,"관세청_HS부호(공공데이터포털 15049722, 2026-01-01 기준) + 관세청_HSK별 신성질별_성질별 분류(15049720)"
731990,73,제73류 철강의 제품,기타,철강,direct,A,제73류 철강의 제품. KICOX '철강'에 직접 대응,,,2026,"관세청_HS부호(공공데이터포털 15049722, 2026-01-01 기준) + 관세청_HSK별 신성질별_성질별 분류(15049720)"
732010,73,제73류 철강의 제품,판상 스프링과 그 판,철강,direct,A,제73류 철강의 제품. KICOX '철강'에 직접 대응,31060101,(자동차 부품),2026,"관세청_HS부호(공공데이터포털 15049722, 2026-01-01 기준) + 관세청_HSK별 신성질별_성질별 분류(15049720)"
732020,73,제73류 철강의 제품,나선용 스프링,철강,direct,A,제73류 철강의 제품. KICOX '철강'에 직접 대응,31060101,(자동차 부품),2026,"관세청_HS부호(공공데이터포털 15049722, 2026-01-01 기준) + 관세청_HSK별 신성질별_성질별 분류(15049720)"
732090,73,제73류 철강의 제품,기타,철강,direct,A,제73류 철강의 제품. KICOX '철강'에 직접 대응,32020190,(기타 기계요소),2026,"관세청_HS부호(공공데이터포털 15049722, 2026-01-01 기준) + 관세청_HSK별 신성질별_성질별 분류(15049720)"
732111,73,제73류 철강의 제품,,철강,direct,A,제73류 철강의 제품. KICOX '철강'에 직접 대응,32030402,(가열기구),2026,"관세청_HS부호(공공데이터포털 15049722, 2026-01-01 기준) + 관세청_HSK별 신성질별_성질별 분류(15049720)"
732112,73,제73류 철강의 제품,,철강,direct,A,제73류 철강의 제품. KICOX '철강'에 직접 대응,32030402,(가열기구),2026,"관세청_HS부호(공공데이터포털 15049722, 2026-01-01 기준) + 관세청_HSK별 신성질별_성질별 분류(15049720)"
732119,73,제73류 철강의 제품,,철강,direct,A,제73류 철강의 제품. KICOX '철강'에 직접 대응,32030402,(가열기구),2026,"관세청_HS부호(공공데이터포털 15049722, 2026-01-01 기준) + 관세청_HSK별 신성질별_성질별 분류(15049720)"
732181,73,제73류 철강의 제품,,철강,direct,A,제73류 철강의 제품. KICOX '철강'에 직접 대응,32030402,(가열기구),2026,"관세청_HS부호(공공데이터포털 15049722, 2026-01-01 기준) + 관세청_HSK별 신성질별_성질별 분류(15049720)"
732182,73,제73류 철강의 제품,,철강,direct,A,제73류 철강의 제품. KICOX '철강'에 직접 대응,32030402,(가열기구),2026,"관세청_HS부호(공공데이터포털 15049722, 2026-01-01 기준) + 관세청_HSK별 신성질별_성질별 분류(15049720)"
732189,73,제73류 철강의 제품,,철강,direct,A,제73류 철강의 제품. KICOX '철강'에 직접 대응,32030402,(가열기구),2026,"관세청_HS부호(공공데이터포털 15049722, 2026-01-01 기준) + 관세청_HSK별 신성질별_성질별 분류(15049720)"
732190,73,제73류 철강의 제품,,철강,direct,A,제73류 철강의 제품. KICOX '철강'에 직접 대응,32030406,(냉난방기계 부품),2026,"관세청_HS부호(공공데이터포털 15049722, 2026-01-01 기준) + 관세청_HSK별 신성질별_성질별 분류(15049720)"
732211,73,제73류 철강의 제품,주철로 만든 것,철강,direct,A,제73류 철강의 제품. KICOX '철강'에 직접 대응,32030406,(냉난방기계 부품),2026,"관세청_HS부호(공공데이터포털 15049722, 2026-01-01 기준) + 관세청_HSK별 신성질별_성질별 분류(15049720)"
732219,73,제73류 철강의 제품,기타,철강,direct,A,제73류 철강의 제품. KICOX '철강'에 직접 대응,32030406,(냉난방기계 부품),2026,"관세청_HS부호(공공데이터포털 15049722, 2026-01-01 기준) + 관세청_HSK별 신성질별_성질별 분류(15049720)"
732290,73,제73류 철강의 제품,기타,철강,direct,A,제73류 철강의 제품. KICOX '철강'에 직접 대응,32030406,(냉난방기계 부품),2026,"관세청_HS부호(공공데이터포털 15049722, 2026-01-01 기준) + 관세청_HSK별 신성질별_성질별 분류(15049720)"
732310,73,제73류 철강의 제품,,철강,direct,A,제73류 철강의 제품. KICOX '철강'에 직접 대응,12040201,(가사용구),2026,"관세청_HS부호(공공데이터포털 15049722, 2026-01-01 기준) + 관세청_HSK별 신성질별_성질별 분류(15049720)"
732391,73,제73류 철강의 제품,,철강,direct,A,제73류 철강의 제품. KICOX '철강'에 직접 대응,12040201,(가사용구),2026,"관세청_HS부호(공공데이터포털 15049722, 2026-01-01 기준) + 관세청_HSK별 신성질별_성질별 분류(15049720)"
732392,73,제73류 철강의 제품,,철강,direct,A,제73류 철강의 제품. KICOX '철강'에 직접 대응,12040201,(가사용구),2026,"관세청_HS부호(공공데이터포털 15049722, 2026-01-01 기준) + 관세청_HSK별 신성질별_성질별 분류(15049720)"
732393,73,제73류 철강의 제품,,철강,direct,A,제73류 철강의 제품. KICOX '철강'에 직접 대응,12040201,(가사용구),2026,"관세청_HS부호(공공데이터포털 15049722, 2026-01-01 기준) + 관세청_HSK별 신성질별_성질별 분류(15049720)"
732394,73,제73류 철강의 제품,,철강,direct,A,제73류 철강의 제품. KICOX '철강'에 직접 대응,12040201,(가사용구),2026,"관세청_HS부호(공공데이터포털 15049722, 2026-01-01 기준) + 관세청_HSK별 신성질별_성질별 분류(15049720)"
732399,73,제73류 철강의 제품,,철강,direct,A,제73류 철강의 제품. KICOX '철강'에 직접 대응,12040201,(가사용구),2026,"관세청_HS부호(공공데이터포털 15049722, 2026-01-01 기준) + 관세청_HSK별 신성질별_성질별 분류(15049720)"
732410,73,제73류 철강의 제품,설거지통과 세면대(스테인리스강으로 만든 것으로 한정한다),철강,direct,A,제73류 철강의 제품. KICOX '철강'에 직접 대응,12900101,(기타 내구소비재),2026,"관세청_HS부호(공공데이터포털 15049722, 2026-01-01 기준) + 관세청_HSK별 신성질별_성질별 분류(15049720)"
732421,73,제73류 철강의 제품,,철강,direct,A,제73류 철강의 제품. KICOX '철강'에 직접 대응,12900101,(기타 내구소비재),2026,"관세청_HS부호(공공데이터포털 15049722, 2026-01-01 기준) + 관세청_HSK별 신성질별_성질별 분류(15049720)"
732429,73,제73류 철강의 제품,기타,철강,direct,A,제73류 철강의 제품. KICOX '철강'에 직접 대응,12900101,(기타 내구소비재),2026,"관세청_HS부호(공공데이터포털 15049722, 2026-01-01 기준) + 관세청_HSK별 신성질별_성질별 분류(15049720)"
732490,73,제73류 철강의 제품,기타(부분품을 포함한다),철강,direct,A,제73류 철강의 제품. KICOX '철강'에 직접 대응,12900101,(기타 내구소비재),2026,"관세청_HS부호(공공데이터포털 15049722, 2026-01-01 기준) + 관세청_HSK별 신성질별_성질별 분류(15049720)"
732510,73,제73류 철강의 제품,,철강,direct,A,제73류 철강의 제품. KICOX '철강'에 직접 대응,32020290,(기타 공구류),2026,"관세청_HS부호(공공데이터포털 15049722, 2026-01-01 기준) + 관세청_HSK별 신성질별_성질별 분류(15049720)"
732591,73,제73류 철강의 제품,,철강,direct,A,제73류 철강의 제품. KICOX '철강'에 직접 대응,24010401,(주·단강),2026,"관세청_HS부호(공공데이터포털 15049722, 2026-01-01 기준) + 관세청_HSK별 신성질별_성질별 분류(15049720)"
732599,73,제73류 철강의 제품,기타,철강,direct,A,제73류 철강의 제품. KICOX '철강'에 직접 대응,32020290,(기타 공구류),2026,"관세청_HS부호(공공데이터포털 15049722, 2026-01-01 기준) + 관세청_HSK별 신성질별_성질별 분류(15049720)"
732611,73,제73류 철강의 제품,,철강,direct,A,제73류 철강의 제품. KICOX '철강'에 직접 대응,24010401,(주·단강),2026,"관세청_HS부호(공공데이터포털 15049722, 2026-01-01 기준) + 관세청_HSK별 신성질별_성질별 분류(15049720)"
732619,73,제73류 철강의 제품,,철강,direct,A,제73류 철강의 제품. KICOX '철강'에 직접 대응,24010401,(주·단강),2026,"관세청_HS부호(공공데이터포털 15049722, 2026-01-01 기준) + 관세청_HSK별 신성질별_성질별 분류(15049720)"
732620,73,제73류 철강의 제품,,철강,direct,A,제73류 철강의 제품. KICOX '철강'에 직접 대응,32020290,(기타 공구류),2026,"관세청_HS부호(공공데이터포털 15049722, 2026-01-01 기준) + 관세청_HSK별 신성질별_성질별 분류(15049720)"
732690,73,제73류 철강의 제품,기타,철강,direct,A,제73류 철강의 제품. KICOX '철강'에 직접 대응,32031001,(섬유기계),2026,"관세청_HS부호(공공데이터포털 15049722, 2026-01-01 기준) + 관세청_HSK별 신성질별_성질별 분류(15049720)"
840110,84,제84류 원자로ㆍ보일러ㆍ기계류와 이들의 부분품,,기계,approximate,B,제84류 원자로·보일러·기계류. 전산기기(8471 등)가 섞여 있어 류 전체가 '기계'는 아니다 — 맥락 용도로만,32010301,(핵반응기),2026,"관세청_HS부호(공공데이터포털 15049722, 2026-01-01 기준) + 관세청_HSK별 신성질별_성질별 분류(15049720)"
840120,84,제84류 원자로ㆍ보일러ㆍ기계류와 이들의 부분품,,기계,approximate,B,제84류 원자로·보일러·기계류. 전산기기(8471 등)가 섞여 있어 류 전체가 '기계'는 아니다 — 맥락 용도로만,32010301,(핵반응기),2026,"관세청_HS부호(공공데이터포털 15049722, 2026-01-01 기준) + 관세청_HSK별 신성질별_성질별 분류(15049720)"
840130,84,제84류 원자로ㆍ보일러ㆍ기계류와 이들의 부분품,,기계,approximate,B,제84류 원자로·보일러·기계류. 전산기기(8471 등)가 섞여 있어 류 전체가 '기계'는 아니다 — 맥락 용도로만,32010301,(핵반응기),2026,"관세청_HS부호(공공데이터포털 15049722, 2026-01-01 기준) + 관세청_HSK별 신성질별_성질별 분류(15049720)"
840140,84,제84류 원자로ㆍ보일러ㆍ기계류와 이들의 부분품,,기계,approximate,B,제84류 원자로·보일러·기계류. 전산기기(8471 등)가 섞여 있어 류 전체가 '기계'는 아니다 — 맥락 용도로만,32010302,(핵반응기 부품),2026,"관세청_HS부호(공공데이터포털 15049722, 2026-01-01 기준) + 관세청_HSK별 신성질별_성질별 분류(15049720)"
840211,84,제84류 원자로ㆍ보일러ㆍ기계류와 이들의 부분품,,기계,approximate,B,제84류 원자로·보일러·기계류. 전산기기(8471 등)가 섞여 있어 류 전체가 '기계'는 아니다 — 맥락 용도로만,32030403,(증기발생 보일러),2026,"관세청_HS부호(공공데이터포털 15049722, 2026-01-01 기준) + 관세청_HSK별 신성질별_성질별 분류(15049720)"
840212,84,제84류 원자로ㆍ보일러ㆍ기계류와 이들의 부분품,,기계,approximate,B,제84류 원자로·보일러·기계류. 전산기기(8471 등)가 섞여 있어 류 전체가 '기계'는 아니다 — 맥락 용도로만,32030403,(증기발생 보일러),2026,"관세청_HS부호(공공데이터포털 15049722, 2026-01-01 기준) + 관세청_HSK별 신성질별_성질별 분류(15049720)"
840219,84,제84류 원자로ㆍ보일러ㆍ기계류와 이들의 부분품,그 밖의 증기발생보일러(복합보일러를 포함한다),기계,approximate,B,제84류 원자로·보일러·기계류. 전산기기(8471 등)가 섞여 있어 류 전체가 '기계'는 아니다 — 맥락 용도로만,32030403,(증기발생 보일러),2026,"관세청_HS부호(공공데이터포털 15049722, 2026-01-01 기준) + 관세청_HSK별 신성질별_성질별 분류(15049720)"
840220,84,제84류 원자로ㆍ보일러ㆍ기계류와 이들의 부분품,,기계,approximate,B,제84류 원자로·보일러·기계류. 전산기기(8471 등)가 섞여 있어 류 전체가 '기계'는 아니다 — 맥락 용도로만,32030403,(증기발생 보일러),2026,"관세청_HS부호(공공데이터포털 15049722, 2026-01-01 기준) + 관세청_HSK별 신성질별_성질별 분류(15049720)"
840290,84,제84류 원자로ㆍ보일러ㆍ기계류와 이들의 부분품,부분품,기계,approximate,B,제84류 원자로·보일러·기계류. 전산기기(8471 등)가 섞여 있어 류 전체가 '기계'는 아니다 — 맥락 용도로만,32030406,(냉난방기계 부품),2026,"관세청_HS부호(공공데이터포털 15049722, 2026-01-01 기준) + 관세청_HSK별 신성질별_성질별 분류(15049720)"
840310,84,제84류 원자로ㆍ보일러ㆍ기계류와 이들의 부분품,보일러,기계,approximate,B,제84류 원자로·보일러·기계류. 전산기기(8471 등)가 섞여 있어 류 전체가 '기계'는 아니다 — 맥락 용도로만,32030404,(온수 보일러),2026,"관세청_HS부호(공공데이터포털 15049722, 2026-01-01 기준) + 관세청_HSK별 신성질별_성질별 분류(15049720)"
840390,84,제84류 원자로ㆍ보일러ㆍ기계류와 이들의 부분품,,기계,approximate,B,제84류 원자로·보일러·기계류. 전산기기(8471 등)가 섞여 있어 류 전체가 '기계'는 아니다 — 맥락 용도로만,32030406,(냉난방기계 부품),2026,"관세청_HS부호(공공데이터포털 15049722, 2026-01-01 기준) + 관세청_HSK별 신성질별_성질별 분류(15049720)"
840410,84,제84류 원자로ㆍ보일러ㆍ기계류와 이들의 부분품,제8402호나 제8403호의 보일러용 부속기기,기계,approximate,B,제84류 원자로·보일러·기계류. 전산기기(8471 등)가 섞여 있어 류 전체가 '기계'는 아니다 — 맥락 용도로만,32030406,(냉난방기계 부품),2026,"관세청_HS부호(공공데이터포털 15049722, 2026-01-01 기준) + 관세청_HSK별 신성질별_성질별 분류(15049720)"
840420,84,제84류 원자로ㆍ보일러ㆍ기계류와 이들의 부분품,,기계,approximate,B,제84류 원자로·보일러·기계류. 전산기기(8471 등)가 섞여 있어 류 전체가 '기계'는 아니다 — 맥락 용도로만,32030406,(냉난방기계 부품),2026,"관세청_HS부호(공공데이터포털 15049722, 2026-01-01 기준) + 관세청_HSK별 신성질별_성질별 분류(15049720)"
840490,84,제84류 원자로ㆍ보일러ㆍ기계류와 이들의 부분품,부분품,기계,approximate,B,제84류 원자로·보일러·기계류. 전산기기(8471 등)가 섞여 있어 류 전체가 '기계'는 아니다 — 맥락 용도로만,32030406,(냉난방기계 부품),2026,"관세청_HS부호(공공데이터포털 15049722, 2026-01-01 기준) + 관세청_HSK별 신성질별_성질별 분류(15049720)"
840510,84,제84류 원자로ㆍ보일러ㆍ기계류와 이들의 부분품,"발생로가스(producer gas)나 수성(水性)가스 발생기, 아세틸렌가스 발생기와 이와 유사한 습식가스 발생기(청정기를 갖춘 것인지에 상관없다)",기계,approximate,B,제84류 원자로·보일러·기계류. 전산기기(8471 등)가 섞여 있어 류 전체가 '기계'는 아니다 — 맥락 용도로만,32031701,(용접기),2026,"관세청_HS부호(공공데이터포털 15049722, 2026-01-01 기준) + 관세청_HSK별 신성질별_성질별 분류(15049720)"
840590,84,제84류 원자로ㆍ보일러ㆍ기계류와 이들의 부분품,부분품,기계,approximate,B,제84류 원자로·보일러·기계류. 전산기기(8471 등)가 섞여 있어 류 전체가 '기계'는 아니다 — 맥락 용도로만,32031702,(용접기 부품),2026,"관세청_HS부호(공공데이터포털 15049722, 2026-01-01 기준) + 관세청_HSK별 신성질별_성질별 분류(15049720)"
840610,84,제84류 원자로ㆍ보일러ㆍ기계류와 이들의 부분품,,기계,approximate,B,제84류 원자로·보일러·기계류. 전산기기(8471 등)가 섞여 있어 류 전체가 '기계'는 아니다 — 맥락 용도로만,31060401,(선박 엔진),2026,"관세청_HS부호(공공데이터포털 15049722, 2026-01-01 기준) + 관세청_HSK별 신성질별_성질별 분류(15049720)"
840681,84,제84류 원자로ㆍ보일러ㆍ기계류와 이들의 부분품,출력이 40메가와트를 초과하는 것,기계,approximate,B,제84류 원자로·보일러·기계류. 전산기기(8471 등)가 섞여 있어 류 전체가 '기계'는 아니다 — 맥락 용도로만,32030101,(증기터빈),2026,"관세청_HS부호(공공데이터포털 15049722, 2026-01-01 기준) + 관세청_HSK별 신성질별_성질별 분류(15049720)"
840682,84,제84류 원자로ㆍ보일러ㆍ기계류와 이들의 부분품,,기계,approximate,B,제84류 원자로·보일러·기계류. 전산기기(8471 등)가 섞여 있어 류 전체가 '기계'는 아니다 — 맥락 용도로만,32030101,(증기터빈),2026,"관세청_HS부호(공공데이터포털 15049722, 2026-01-01 기준) + 관세청_HSK별 신성질별_성질별 분류(15049720)"
840690,84,제84류 원자로ㆍ보일러ㆍ기계류와 이들의 부분품,부분품,기계,approximate,B,제84류 원자로·보일러·기계류. 전산기기(8471 등)가 섞여 있어 류 전체가 '기계'는 아니다 — 맥락 용도로만,31060401,(선박 엔진),2026,"관세청_HS부호(공공데이터포털 15049722, 2026-01-01 기준) + 관세청_HSK별 신성질별_성질별 분류(15049720)"
840710,84,제84류 원자로ㆍ보일러ㆍ기계류와 이들의 부분품,,기계,approximate,B,제84류 원자로·보일러·기계류. 전산기기(8471 등)가 섞여 있어 류 전체가 '기계'는 아니다 — 맥락 용도로만,31060301,(항공기 엔진),2026,"관세청_HS부호(공공데이터포털 15049722, 2026-01-01 기준) + 관세청_HSK별 신성질별_성질별 분류(15049720)"
840721,84,제84류 원자로ㆍ보일러ㆍ기계류와 이들의 부분품,,기계,approximate,B,제84류 원자로·보일러·기계류. 전산기기(8471 등)가 섞여 있어 류 전체가 '기계'는 아니다 — 맥락 용도로만,31060401,(선박 엔진),2026,"관세청_HS부호(공공데이터포털 15049722, 2026-01-01 기준) + 관세청_HSK별 신성질별_성질별 분류(15049720)"
840729,84,제84류 원자로ㆍ보일러ㆍ기계류와 이들의 부분품,,기계,approximate,B,제84류 원자로·보일러·기계류. 전산기기(8471 등)가 섞여 있어 류 전체가 '기계'는 아니다 — 맥락 용도로만,32030103,(불꽃 점화식 내연기관),2026,"관세청_HS부호(공공데이터포털 15049722, 2026-01-01 기준) + 관세청_HSK별 신성질별_성질별 분류(15049720)"
840731,84,제84류 원자로ㆍ보일러ㆍ기계류와 이들의 부분품,실린더용량이 50시시 이하인 것,기계,approximate,B,제84류 원자로·보일러·기계류. 전산기기(8471 등)가 섞여 있어 류 전체가 '기계'는 아니다 — 맥락 용도로만,32030103,(불꽃 점화식 내연기관),2026,"관세청_HS부호(공공데이터포털 15049722, 2026-01-01 기준) + 관세청_HSK별 신성질별_성질별 분류(15049720)"
840732,84,제84류 원자로ㆍ보일러ㆍ기계류와 이들의 부분품,실린더용량이 50시시 초과 250시시 이하인 것,기계,approximate,B,제84류 원자로·보일러·기계류. 전산기기(8471 등)가 섞여 있어 류 전체가 '기계'는 아니다 — 맥락 용도로만,32030103,(불꽃 점화식 내연기관),2026,"관세청_HS부호(공공데이터포털 15049722, 2026-01-01 기준) + 관세청_HSK별 신성질별_성질별 분류(15049720)"
840733,84,제84류 원자로ㆍ보일러ㆍ기계류와 이들의 부분품,"실린더용량이 250시시 초과 1,000시시 이하인 것",기계,approximate,B,제84류 원자로·보일러·기계류. 전산기기(8471 등)가 섞여 있어 류 전체가 '기계'는 아니다 — 맥락 용도로만,32030103,(불꽃 점화식 내연기관),2026,"관세청_HS부호(공공데이터포털 15049722, 2026-01-01 기준) + 관세청_HSK별 신성질별_성질별 분류(15049720)"
840734,84,제84류 원자로ㆍ보일러ㆍ기계류와 이들의 부분품,"실린더용량이 1,000시시를 초과하는 것",기계,approximate,B,제84류 원자로·보일러·기계류. 전산기기(8471 등)가 섞여 있어 류 전체가 '기계'는 아니다 — 맥락 용도로만,32030103,(불꽃 점화식 내연기관),2026,"관세청_HS부호(공공데이터포털 15049722, 2026-01-01 기준) + 관세청_HSK별 신성질별_성질별 분류(15049720)"
840790,84,제84류 원자로ㆍ보일러ㆍ기계류와 이들의 부분품,그 밖의 엔진,기계,approximate,B,제84류 원자로·보일러·기계류. 전산기기(8471 등)가 섞여 있어 류 전체가 '기계'는 아니다 — 맥락 용도로만,31060201,(철도차량 부품),2026,"관세청_HS부호(공공데이터포털 15049722, 2026-01-01 기준) + 관세청_HSK별 신성질별_성질별 분류(15049720)"
840810,84,제84류 원자로ㆍ보일러ㆍ기계류와 이들의 부분품,선박추진용 엔진,기계,approximate,B,제84류 원자로·보일러·기계류. 전산기기(8471 등)가 섞여 있어 류 전체가 '기계'는 아니다 — 맥락 용도로만,31060401,(선박 엔진),2026,"관세청_HS부호(공공데이터포털 15049722, 2026-01-01 기준) + 관세청_HSK별 신성질별_성질별 분류(15049720)"
840820,84,제84류 원자로ㆍ보일러ㆍ기계류와 이들의 부분품,제87류의 차량 추진용 엔진,기계,approximate,B,제84류 원자로·보일러·기계류. 전산기기(8471 등)가 섞여 있어 류 전체가 '기계'는 아니다 — 맥락 용도로만,32030104,(압축 점화식 내연기관),2026,"관세청_HS부호(공공데이터포털 15049722, 2026-01-01 기준) + 관세청_HSK별 신성질별_성질별 분류(15049720)"
840890,84,제84류 원자로ㆍ보일러ㆍ기계류와 이들의 부분품,그 밖의 엔진,기계,approximate,B,제84류 원자로·보일러·기계류. 전산기기(8471 등)가 섞여 있어 류 전체가 '기계'는 아니다 — 맥락 용도로만,,,2026,"관세청_HS부호(공공데이터포털 15049722, 2026-01-01 기준) + 관세청_HSK별 신성질별_성질별 분류(15049720)"
840910,84,제84류 원자로ㆍ보일러ㆍ기계류와 이들의 부분품,,기계,approximate,B,제84류 원자로·보일러·기계류. 전산기기(8471 등)가 섞여 있어 류 전체가 '기계'는 아니다 — 맥락 용도로만,31060301,(항공기 엔진),2026,"관세청_HS부호(공공데이터포털 15049722, 2026-01-01 기준) + 관세청_HSK별 신성질별_성질별 분류(15049720)"
840991,84,제84류 원자로ㆍ보일러ㆍ기계류와 이들의 부분품,불꽃점화식 피스톤 내연기관에 전용되거나 주로 사용되는 것,기계,approximate,B,제84류 원자로·보일러·기계류. 전산기기(8471 등)가 섞여 있어 류 전체가 '기계'는 아니다 — 맥락 용도로만,32030103,(불꽃 점화식 내연기관),2026,"관세청_HS부호(공공데이터포털 15049722, 2026-01-01 기준) + 관세청_HSK별 신성질별_성질별 분류(15049720)"
840999,84,제84류 원자로ㆍ보일러ㆍ기계류와 이들의 부분품,기타,기계,approximate,B,제84류 원자로·보일러·기계류. 전산기기(8471 등)가 섞여 있어 류 전체가 '기계'는 아니다 — 맥락 용도로만,,,2026,"관세청_HS부호(공공데이터포털 15049722, 2026-01-01 기준) + 관세청_HSK별 신성질별_성질별 분류(15049720)"
841011,84,제84류 원자로ㆍ보일러ㆍ기계류와 이들의 부분품,"동력이 1,000킬로와트 이하인 것",기계,approximate,B,제84류 원자로·보일러·기계류. 전산기기(8471 등)가 섞여 있어 류 전체가 '기계'는 아니다 — 맥락 용도로만,32030102,(수력터빈),2026,"관세청_HS부호(공공데이터포털 15049722, 2026-01-01 기준) + 관세청_HSK별 신성질별_성질별 분류(15049720)"
841012,84,제84류 원자로ㆍ보일러ㆍ기계류와 이들의 부분품,,기계,approximate,B,제84류 원자로·보일러·기계류. 전산기기(8471 등)가 섞여 있어 류 전체가 '기계'는 아니다 — 맥락 용도로만,32030102,(수력터빈),2026,"관세청_HS부호(공공데이터포털 15049722, 2026-01-01 기준) + 관세청_HSK별 신성질별_성질별 분류(15049720)"
841013,84,제84류 원자로ㆍ보일러ㆍ기계류와 이들의 부분품,,기계,approximate,B,제84류 원자로·보일러·기계류. 전산기기(8471 등)가 섞여 있어 류 전체가 '기계'는 아니다 — 맥락 용도로만,32030102,(수력터빈),2026,"관세청_HS부호(공공데이터포털 15049722, 2026-01-01 기준) + 관세청_HSK별 신성질별_성질별 분류(15049720)"
841090,84,제84류 원자로ㆍ보일러ㆍ기계류와 이들의 부분품,부분품(조정기를 포함한다),기계,approximate,B,제84류 원자로·보일러·기계류. 전산기기(8471 등)가 섞여 있어 류 전체가 '기계'는 아니다 — 맥락 용도로만,,,2026,"관세청_HS부호(공공데이터포털 15049722, 2026-01-01 기준) + 관세청_HSK별 신성질별_성질별 분류(15049720)"
841111,84,제84류 원자로ㆍ보일러ㆍ기계류와 이들의 부분품,추진력이 25킬로뉴턴 이하인 것,기계,approximate,B,제84류 원자로·보일러·기계류. 전산기기(8471 등)가 섞여 있어 류 전체가 '기계'는 아니다 — 맥락 용도로만,31060301,(항공기 엔진),2026,"관세청_HS부호(공공데이터포털 15049722, 2026-01-01 기준) + 관세청_HSK별 신성질별_성질별 분류(15049720)"
841112,84,제84류 원자로ㆍ보일러ㆍ기계류와 이들의 부분품,추진력이 25킬로뉴턴을 초과하는 것,기계,approximate,B,제84류 원자로·보일러·기계류. 전산기기(8471 등)가 섞여 있어 류 전체가 '기계'는 아니다 — 맥락 용도로만,31060301,(항공기 엔진),2026,"관세청_HS부호(공공데이터포털 15049722, 2026-01-01 기준) + 관세청_HSK별 신성질별_성질별 분류(15049720)"
841121,84,제84류 원자로ㆍ보일러ㆍ기계류와 이들의 부분품,"출력이 1,100킬로와트 이하인 것",기계,approximate,B,제84류 원자로·보일러·기계류. 전산기기(8471 등)가 섞여 있어 류 전체가 '기계'는 아니다 — 맥락 용도로만,31060301,(항공기 엔진),2026,"관세청_HS부호(공공데이터포털 15049722, 2026-01-01 기준) + 관세청_HSK별 신성질별_성질별 분류(15049720)"
841122,84,제84류 원자로ㆍ보일러ㆍ기계류와 이들의 부분품,"출력이 1,100킬로와트를 초과하는 것",기계,approximate,B,제84류 원자로·보일러·기계류. 전산기기(8471 등)가 섞여 있어 류 전체가 '기계'는 아니다 — 맥락 용도로만,31060301,(항공기 엔진),2026,"관세청_HS부호(공공데이터포털 15049722, 2026-01-01 기준) + 관세청_HSK별 신성질별_성질별 분류(15049720)"
841181,84,제84류 원자로ㆍ보일러ㆍ기계류와 이들의 부분품,"출력이 5,000킬로와트 이하인 것",기계,approximate,B,제84류 원자로·보일러·기계류. 전산기기(8471 등)가 섞여 있어 류 전체가 '기계'는 아니다 — 맥락 용도로만,31060301,(항공기 엔진),2026,"관세청_HS부호(공공데이터포털 15049722, 2026-01-01 기준) + 관세청_HSK별 신성질별_성질별 분류(15049720)"
841182,84,제84류 원자로ㆍ보일러ㆍ기계류와 이들의 부분품,"출력이 5,000킬로와트를 초과하는 것",기계,approximate,B,제84류 원자로·보일러·기계류. 전산기기(8471 등)가 섞여 있어 류 전체가 '기계'는 아니다 — 맥락 용도로만,31060301,(항공기 엔진),2026,"관세청_HS부호(공공데이터포털 15049722, 2026-01-01 기준) + 관세청_HSK별 신성질별_성질별 분류(15049720)"
841191,84,제84류 원자로ㆍ보일러ㆍ기계류와 이들의 부분품,터보제트나 터보프로펠러의 것,기계,approximate,B,제84류 원자로·보일러·기계류. 전산기기(8471 등)가 섞여 있어 류 전체가 '기계'는 아니다 — 맥락 용도로만,31060301,(항공기 엔진),2026,"관세청_HS부호(공공데이터포털 15049722, 2026-01-01 기준) + 관세청_HSK별 신성질별_성질별 분류(15049720)"
841199,84,제84류 원자로ㆍ보일러ㆍ기계류와 이들의 부분품,기타,기계,approximate,B,제84류 원자로·보일러·기계류. 전산기기(8471 등)가 섞여 있어 류 전체가 '기계'는 아니다 — 맥락 용도로만,31060301,(항공기 엔진),2026,"관세청_HS부호(공공데이터포털 15049722, 2026-01-01 기준) + 관세청_HSK별 신성질별_성질별 분류(15049720)"
841210,84,제84류 원자로ㆍ보일러ㆍ기계류와 이들의 부분품,터보제트 외의 반동 엔진,기계,approximate,B,제84류 원자로·보일러·기계류. 전산기기(8471 등)가 섞여 있어 류 전체가 '기계'는 아니다 — 맥락 용도로만,31060301,(항공기 엔진),2026,"관세청_HS부호(공공데이터포털 15049722, 2026-01-01 기준) + 관세청_HSK별 신성질별_성질별 분류(15049720)"
841221,84,제84류 원자로ㆍ보일러ㆍ기계류와 이들의 부분품,리니어 액팅식(실린더),기계,approximate,B,제84류 원자로·보일러·기계류. 전산기기(8471 등)가 섞여 있어 류 전체가 '기계'는 아니다 — 맥락 용도로만,32039001,(기타 일반기계),2026,"관세청_HS부호(공공데이터포털 15049722, 2026-01-01 기준) + 관세청_HSK별 신성질별_성질별 분류(15049720)"
841229,84,제84류 원자로ㆍ보일러ㆍ기계류와 이들의 부분품,,기계,approximate,B,제84류 원자로·보일러·기계류. 전산기기(8471 등)가 섞여 있어 류 전체가 '기계'는 아니다 — 맥락 용도로만,32039001,(기타 일반기계),2026,"관세청_HS부호(공공데이터포털 15049722, 2026-01-01 기준) + 관세청_HSK별 신성질별_성질별 분류(15049720)"
841231,84,제84류 원자로ㆍ보일러ㆍ기계류와 이들의 부분품,,기계,approximate,B,제84류 원자로·보일러·기계류. 전산기기(8471 등)가 섞여 있어 류 전체가 '기계'는 아니다 — 맥락 용도로만,32039001,(기타 일반기계),2026,"관세청_HS부호(공공데이터포털 15049722, 2026-01-01 기준) + 관세청_HSK별 신성질별_성질별 분류(15049720)"
841239,84,제84류 원자로ㆍ보일러ㆍ기계류와 이들의 부분품,,기계,approximate,B,제84류 원자로·보일러·기계류. 전산기기(8471 등)가 섞여 있어 류 전체가 '기계'는 아니다 — 맥락 용도로만,32039001,(기타 일반기계),2026,"관세청_HS부호(공공데이터포털 15049722, 2026-01-01 기준) + 관세청_HSK별 신성질별_성질별 분류(15049720)"
841280,84,제84류 원자로ㆍ보일러ㆍ기계류와 이들의 부분품,,기계,approximate,B,제84류 원자로·보일러·기계류. 전산기기(8471 등)가 섞여 있어 류 전체가 '기계'는 아니다 — 맥락 용도로만,32030190,(기타 내연기관 및 터빈),2026,"관세청_HS부호(공공데이터포털 15049722, 2026-01-01 기준) + 관세청_HSK별 신성질별_성질별 분류(15049720)"
841290,84,제84류 원자로ㆍ보일러ㆍ기계류와 이들의 부분품,부분품,기계,approximate,B,제84류 원자로·보일러·기계류. 전산기기(8471 등)가 섞여 있어 류 전체가 '기계'는 아니다 — 맥락 용도로만,,,2026,"관세청_HS부호(공공데이터포털 15049722, 2026-01-01 기준) + 관세청_HSK별 신성질별_성질별 분류(15049720)"
841311,84,제84류 원자로ㆍ보일러ㆍ기계류와 이들의 부분품,,기계,approximate,B,제84류 원자로·보일러·기계류. 전산기기(8471 등)가 섞여 있어 류 전체가 '기계'는 아니다 — 맥락 용도로만,32030201,(액체펌프),2026,"관세청_HS부호(공공데이터포털 15049722, 2026-01-01 기준) + 관세청_HSK별 신성질별_성질별 분류(15049720)"
841319,84,제84류 원자로ㆍ보일러ㆍ기계류와 이들의 부분품,,기계,approximate,B,제84류 원자로·보일러·기계류. 전산기기(8471 등)가 섞여 있어 류 전체가 '기계'는 아니다 — 맥락 용도로만,32030201,(액체펌프),2026,"관세청_HS부호(공공데이터포털 15049722, 2026-01-01 기준) + 관세청_HSK별 신성질별_성질별 분류(15049720)"
841320,84,제84류 원자로ㆍ보일러ㆍ기계류와 이들의 부분품,,기계,approximate,B,제84류 원자로·보일러·기계류. 전산기기(8471 등)가 섞여 있어 류 전체가 '기계'는 아니다 — 맥락 용도로만,32030201,(액체펌프),2026,"관세청_HS부호(공공데이터포털 15049722, 2026-01-01 기준) + 관세청_HSK별 신성질별_성질별 분류(15049720)"
841330,84,제84류 원자로ㆍ보일러ㆍ기계류와 이들의 부분품,연료ㆍ윤활유 급유용이나 냉각 냉매용 펌프(피스톤 내연기관용으로 한정한다),기계,approximate,B,제84류 원자로·보일러·기계류. 전산기기(8471 등)가 섞여 있어 류 전체가 '기계'는 아니다 — 맥락 용도로만,31060390,(기타 항공기 부품),2026,"관세청_HS부호(공공데이터포털 15049722, 2026-01-01 기준) + 관세청_HSK별 신성질별_성질별 분류(15049720)"
841340,84,제84류 원자로ㆍ보일러ㆍ기계류와 이들의 부분품,,기계,approximate,B,제84류 원자로·보일러·기계류. 전산기기(8471 등)가 섞여 있어 류 전체가 '기계'는 아니다 — 맥락 용도로만,32030201,(액체펌프),2026,"관세청_HS부호(공공데이터포털 15049722, 2026-01-01 기준) + 관세청_HSK별 신성질별_성질별 분류(15049720)"
841350,84,제84류 원자로ㆍ보일러ㆍ기계류와 이들의 부분품,그 밖의 용적형 왕복펌프,기계,approximate,B,제84류 원자로·보일러·기계류. 전산기기(8471 등)가 섞여 있어 류 전체가 '기계'는 아니다 — 맥락 용도로만,32030201,(액체펌프),2026,"관세청_HS부호(공공데이터포털 15049722, 2026-01-01 기준) + 관세청_HSK별 신성질별_성질별 분류(15049720)"
841360,84,제84류 원자로ㆍ보일러ㆍ기계류와 이들의 부분품,그 밖의 용적형 회전펌프,기계,approximate,B,제84류 원자로·보일러·기계류. 전산기기(8471 등)가 섞여 있어 류 전체가 '기계'는 아니다 — 맥락 용도로만,32030201,(액체펌프),2026,"관세청_HS부호(공공데이터포털 15049722, 2026-01-01 기준) + 관세청_HSK별 신성질별_성질별 분류(15049720)"
841370,84,제84류 원자로ㆍ보일러ㆍ기계류와 이들의 부분품,그 밖의 원심펌프,기계,approximate,B,제84류 원자로·보일러·기계류. 전산기기(8471 등)가 섞여 있어 류 전체가 '기계'는 아니다 — 맥락 용도로만,32030201,(액체펌프),2026,"관세청_HS부호(공공데이터포털 15049722, 2026-01-01 기준) + 관세청_HSK별 신성질별_성질별 분류(15049720)"
841381,84,제84류 원자로ㆍ보일러ㆍ기계류와 이들의 부분품,펌프,기계,approximate,B,제84류 원자로·보일러·기계류. 전산기기(8471 등)가 섞여 있어 류 전체가 '기계'는 아니다 — 맥락 용도로만,32030201,(액체펌프),2026,"관세청_HS부호(공공데이터포털 15049722, 2026-01-01 기준) + 관세청_HSK별 신성질별_성질별 분류(15049720)"
841382,84,제84류 원자로ㆍ보일러ㆍ기계류와 이들의 부분품,,기계,approximate,B,제84류 원자로·보일러·기계류. 전산기기(8471 등)가 섞여 있어 류 전체가 '기계'는 아니다 — 맥락 용도로만,32030201,(액체펌프),2026,"관세청_HS부호(공공데이터포털 15049722, 2026-01-01 기준) + 관세청_HSK별 신성질별_성질별 분류(15049720)"
841391,84,제84류 원자로ㆍ보일러ㆍ기계류와 이들의 부분품,펌프의 것,기계,approximate,B,제84류 원자로·보일러·기계류. 전산기기(8471 등)가 섞여 있어 류 전체가 '기계'는 아니다 — 맥락 용도로만,32030203,(펌프 부품),2026,"관세청_HS부호(공공데이터포털 15049722, 2026-01-01 기준) + 관세청_HSK별 신성질별_성질별 분류(15049720)"
841392,84,제84류 원자로ㆍ보일러ㆍ기계류와 이들의 부분품,,기계,approximate,B,제84류 원자로·보일러·기계류. 전산기기(8471 등)가 섞여 있어 류 전체가 '기계'는 아니다 — 맥락 용도로만,32030203,(펌프 부품),2026,"관세청_HS부호(공공데이터포털 15049722, 2026-01-01 기준) + 관세청_HSK별 신성질별_성질별 분류(15049720)"
841410,84,제84류 원자로ㆍ보일러ㆍ기계류와 이들의 부분품,진공펌프,기계,approximate,B,제84류 원자로·보일러·기계류. 전산기기(8471 등)가 섞여 있어 류 전체가 '기계'는 아니다 — 맥락 용도로만,31060390,(기타 항공기 부품),2026,"관세청_HS부호(공공데이터포털 15049722, 2026-01-01 기준) + 관세청_HSK별 신성질별_성질별 분류(15049720)"
841420,84,제84류 원자로ㆍ보일러ㆍ기계류와 이들의 부분품,,기계,approximate,B,제84류 원자로·보일러·기계류. 전산기기(8471 등)가 섞여 있어 류 전체가 '기계'는 아니다 — 맥락 용도로만,32030202,(기체펌프),2026,"관세청_HS부호(공공데이터포털 15049722, 2026-01-01 기준) + 관세청_HSK별 신성질별_성질별 분류(15049720)"
841430,84,제84류 원자로ㆍ보일러ㆍ기계류와 이들의 부분품,냉장ㆍ냉동 설비용 압축기,기계,approximate,B,제84류 원자로·보일러·기계류. 전산기기(8471 등)가 섞여 있어 류 전체가 '기계'는 아니다 — 맥락 용도로만,32030202,(기체펌프),2026,"관세청_HS부호(공공데이터포털 15049722, 2026-01-01 기준) + 관세청_HSK별 신성질별_성질별 분류(15049720)"
841440,84,제84류 원자로ㆍ보일러ㆍ기계류와 이들의 부분품,,기계,approximate,B,제84류 원자로·보일러·기계류. 전산기기(8471 등)가 섞여 있어 류 전체가 '기계'는 아니다 — 맥락 용도로만,32030202,(기체펌프),2026,"관세청_HS부호(공공데이터포털 15049722, 2026-01-01 기준) + 관세청_HSK별 신성질별_성질별 분류(15049720)"
841451,84,제84류 원자로ㆍ보일러ㆍ기계류와 이들의 부분품,테이블용ㆍ바닥용ㆍ벽용ㆍ창용ㆍ천장용ㆍ지붕용 팬(출력이 125와트 이하인 전동기를 갖춘 것으로 한정한다),기계,approximate,B,제84류 원자로·보일러·기계류. 전산기기(8471 등)가 섞여 있어 류 전체가 '기계'는 아니다 — 맥락 용도로만,31060390,(기타 항공기 부품),2026,"관세청_HS부호(공공데이터포털 15049722, 2026-01-01 기준) + 관세청_HSK별 신성질별_성질별 분류(15049720)"
841459,84,제84류 원자로ㆍ보일러ㆍ기계류와 이들의 부분품,기타,기계,approximate,B,제84류 원자로·보일러·기계류. 전산기기(8471 등)가 섞여 있어 류 전체가 '기계'는 아니다 — 맥락 용도로만,31060390,(기타 항공기 부품),2026,"관세청_HS부호(공공데이터포털 15049722, 2026-01-01 기준) + 관세청_HSK별 신성질별_성질별 분류(15049720)"
841460,84,제84류 원자로ㆍ보일러ㆍ기계류와 이들의 부분품,후드(hood)(수평면의 최대길이가 120센티미터 이하인 것으로 한정한다),기계,approximate,B,제84류 원자로·보일러·기계류. 전산기기(8471 등)가 섞여 있어 류 전체가 '기계'는 아니다 — 맥락 용도로만,31060390,(기타 항공기 부품),2026,"관세청_HS부호(공공데이터포털 15049722, 2026-01-01 기준) + 관세청_HSK별 신성질별_성질별 분류(15049720)"
841470,84,제84류 원자로ㆍ보일러ㆍ기계류와 이들의 부분품,,기계,approximate,B,제84류 원자로·보일러·기계류. 전산기기(8471 등)가 섞여 있어 류 전체가 '기계'는 아니다 — 맥락 용도로만,32030202,(기체펌프),2026,"관세청_HS부호(공공데이터포털 15049722, 2026-01-01 기준) + 관세청_HSK별 신성질별_성질별 분류(15049720)"
841480,84,제84류 원자로ㆍ보일러ㆍ기계류와 이들의 부분품,기타,기계,approximate,B,제84류 원자로·보일러·기계류. 전산기기(8471 등)가 섞여 있어 류 전체가 '기계'는 아니다 — 맥락 용도로만,32030202,(기체펌프),2026,"관세청_HS부호(공공데이터포털 15049722, 2026-01-01 기준) + 관세청_HSK별 신성질별_성질별 분류(15049720)"
841490,84,제84류 원자로ㆍ보일러ㆍ기계류와 이들의 부분품,부분품,기계,approximate,B,제84류 원자로·보일러·기계류. 전산기기(8471 등)가 섞여 있어 류 전체가 '기계'는 아니다 — 맥락 용도로만,32030203,(펌프 부품),2026,"관세청_HS부호(공공데이터포털 15049722, 2026-01-01 기준) + 관세청_HSK별 신성질별_성질별 분류(15049720)"
841510,84,제84류 원자로ㆍ보일러ㆍ기계류와 이들의 부분품,"창문, 벽, 천장 또는 바닥에 고정되도록 설계된 것(일체형이나 분리형으로 한정한다)",기계,approximate,B,제84류 원자로·보일러·기계류. 전산기기(8471 등)가 섞여 있어 류 전체가 '기계'는 아니다 — 맥락 용도로만,,,2026,"관세청_HS부호(공공데이터포털 15049722, 2026-01-01 기준) + 관세청_HSK별 신성질별_성질별 분류(15049720)"
841520,84,제84류 원자로ㆍ보일러ㆍ기계류와 이들의 부분품,,기계,approximate,B,제84류 원자로·보일러·기계류. 전산기기(8471 등)가 섞여 있어 류 전체가 '기계'는 아니다 — 맥락 용도로만,32030405,(공기조절기),2026,"관세청_HS부호(공공데이터포털 15049722, 2026-01-01 기준) + 관세청_HSK별 신성질별_성질별 분류(15049720)"
841581,84,제84류 원자로ㆍ보일러ㆍ기계류와 이들의 부분품,,기계,approximate,B,제84류 원자로·보일러·기계류. 전산기기(8471 등)가 섞여 있어 류 전체가 '기계'는 아니다 — 맥락 용도로만,32030405,(공기조절기),2026,"관세청_HS부호(공공데이터포털 15049722, 2026-01-01 기준) + 관세청_HSK별 신성질별_성질별 분류(15049720)"
841582,84,제84류 원자로ㆍ보일러ㆍ기계류와 이들의 부분품,,기계,approximate,B,제84류 원자로·보일러·기계류. 전산기기(8471 등)가 섞여 있어 류 전체가 '기계'는 아니다 — 맥락 용도로만,32030405,(공기조절기),2026,"관세청_HS부호(공공데이터포털 15049722, 2026-01-01 기준) + 관세청_HSK별 신성질별_성질별 분류(15049720)"
841583,84,제84류 원자로ㆍ보일러ㆍ기계류와 이들의 부분품,,기계,approximate,B,제84류 원자로·보일러·기계류. 전산기기(8471 등)가 섞여 있어 류 전체가 '기계'는 아니다 — 맥락 용도로만,32030405,(공기조절기),2026,"관세청_HS부호(공공데이터포털 15049722, 2026-01-01 기준) + 관세청_HSK별 신성질별_성질별 분류(15049720)"
841590,84,제84류 원자로ㆍ보일러ㆍ기계류와 이들의 부분품,,기계,approximate,B,제84류 원자로·보일러·기계류. 전산기기(8471 등)가 섞여 있어 류 전체가 '기계'는 아니다 — 맥락 용도로만,32030406,(냉난방기계 부품),2026,"관세청_HS부호(공공데이터포털 15049722, 2026-01-01 기준) + 관세청_HSK별 신성질별_성질별 분류(15049720)"
841610,84,제84류 원자로ㆍ보일러ㆍ기계류와 이들의 부분품,액체연료를 사용하는 노(爐)용 버너,기계,approximate,B,제84류 원자로·보일러·기계류. 전산기기(8471 등)가 섞여 있어 류 전체가 '기계'는 아니다 — 맥락 용도로만,32030406,(냉난방기계 부품),2026,"관세청_HS부호(공공데이터포털 15049722, 2026-01-01 기준) + 관세청_HSK별 신성질별_성질별 분류(15049720)"
841620,84,제84류 원자로ㆍ보일러ㆍ기계류와 이들의 부분품,그 밖의 노(爐)용 버너[콤비네이션 버너(combination burner)를 포함한다],기계,approximate,B,제84류 원자로·보일러·기계류. 전산기기(8471 등)가 섞여 있어 류 전체가 '기계'는 아니다 — 맥락 용도로만,32030406,(냉난방기계 부품),2026,"관세청_HS부호(공공데이터포털 15049722, 2026-01-01 기준) + 관세청_HSK별 신성질별_성질별 분류(15049720)"
841630,84,제84류 원자로ㆍ보일러ㆍ기계류와 이들의 부분품,,기계,approximate,B,제84류 원자로·보일러·기계류. 전산기기(8471 등)가 섞여 있어 류 전체가 '기계'는 아니다 — 맥락 용도로만,32030406,(냉난방기계 부품),2026,"관세청_HS부호(공공데이터포털 15049722, 2026-01-01 기준) + 관세청_HSK별 신성질별_성질별 분류(15049720)"
841690,84,제84류 원자로ㆍ보일러ㆍ기계류와 이들의 부분품,부분품,기계,approximate,B,제84류 원자로·보일러·기계류. 전산기기(8471 등)가 섞여 있어 류 전체가 '기계'는 아니다 — 맥락 용도로만,32030406,(냉난방기계 부품),2026,"관세청_HS부호(공공데이터포털 15049722, 2026-01-01 기준) + 관세청_HSK별 신성질별_성질별 분류(15049720)"
841710,84,제84류 원자로ㆍ보일러ㆍ기계류와 이들의 부분품,배소(焙燒)용ㆍ용해용이나 그 밖의 열처리용 노(爐)와 오븐(광석ㆍ황철광이나 금속의 처리용으로 한정한다),기계,approximate,B,제84류 원자로·보일러·기계류. 전산기기(8471 등)가 섞여 있어 류 전체가 '기계'는 아니다 — 맥락 용도로만,,,2026,"관세청_HS부호(공공데이터포털 15049722, 2026-01-01 기준) + 관세청_HSK별 신성질별_성질별 분류(15049720)"
841720,84,제84류 원자로ㆍ보일러ㆍ기계류와 이들의 부분품,,기계,approximate,B,제84류 원자로·보일러·기계류. 전산기기(8471 등)가 섞여 있어 류 전체가 '기계'는 아니다 — 맥락 용도로만,32039001,(기타 일반기계),2026,"관세청_HS부호(공공데이터포털 15049722, 2026-01-01 기준) + 관세청_HSK별 신성질별_성질별 분류(15049720)"
841780,84,제84류 원자로ㆍ보일러ㆍ기계류와 이들의 부분품,기타,기계,approximate,B,제84류 원자로·보일러·기계류. 전산기기(8471 등)가 섞여 있어 류 전체가 '기계'는 아니다 — 맥락 용도로만,,,2026,"관세청_HS부호(공공데이터포털 15049722, 2026-01-01 기준) + 관세청_HSK별 신성질별_성질별 분류(15049720)"
841790,84,제84류 원자로ㆍ보일러ㆍ기계류와 이들의 부분품,,기계,approximate,B,제84류 원자로·보일러·기계류. 전산기기(8471 등)가 섞여 있어 류 전체가 '기계'는 아니다 — 맥락 용도로만,32039002,(기타 일반기계 부품),2026,"관세청_HS부호(공공데이터포털 15049722, 2026-01-01 기준) + 관세청_HSK별 신성질별_성질별 분류(15049720)"
841810,84,제84류 원자로ㆍ보일러ㆍ기계류와 이들의 부분품,"일체형 냉장ㆍ냉동고(분리된 외부 문, 서랍이나 그 결합물을 갖춘 것으로 한정한다)",기계,approximate,B,제84류 원자로·보일러·기계류. 전산기기(8471 등)가 섞여 있어 류 전체가 '기계'는 아니다 — 맥락 용도로만,,,2026,"관세청_HS부호(공공데이터포털 15049722, 2026-01-01 기준) + 관세청_HSK별 신성질별_성질별 분류(15049720)"
841821,84,제84류 원자로ㆍ보일러ㆍ기계류와 이들의 부분품,압축식,기계,approximate,B,제84류 원자로·보일러·기계류. 전산기기(8471 등)가 섞여 있어 류 전체가 '기계'는 아니다 — 맥락 용도로만,12010201,(냉장고),2026,"관세청_HS부호(공공데이터포털 15049722, 2026-01-01 기준) + 관세청_HSK별 신성질별_성질별 분류(15049720)"
841829,84,제84류 원자로ㆍ보일러ㆍ기계류와 이들의 부분품,기타,기계,approximate,B,제84류 원자로·보일러·기계류. 전산기기(8471 등)가 섞여 있어 류 전체가 '기계'는 아니다 — 맥락 용도로만,12010201,(냉장고),2026,"관세청_HS부호(공공데이터포털 15049722, 2026-01-01 기준) + 관세청_HSK별 신성질별_성질별 분류(15049720)"
841830,84,제84류 원자로ㆍ보일러ㆍ기계류와 이들의 부분품,,기계,approximate,B,제84류 원자로·보일러·기계류. 전산기기(8471 등)가 섞여 있어 류 전체가 '기계'는 아니다 — 맥락 용도로만,32030401,(냉방기),2026,"관세청_HS부호(공공데이터포털 15049722, 2026-01-01 기준) + 관세청_HSK별 신성질별_성질별 분류(15049720)"
841840,84,제84류 원자로ㆍ보일러ㆍ기계류와 이들의 부분품,,기계,approximate,B,제84류 원자로·보일러·기계류. 전산기기(8471 등)가 섞여 있어 류 전체가 '기계'는 아니다 — 맥락 용도로만,32030401,(냉방기),2026,"관세청_HS부호(공공데이터포털 15049722, 2026-01-01 기준) + 관세청_HSK별 신성질별_성질별 분류(15049720)"
841850,84,제84류 원자로ㆍ보일러ㆍ기계류와 이들의 부분품,"냉장용이나 냉동용 장치를 갖춘 저장과 전시 목적의 그 밖의 가구[체스트(chest), 캐비닛, 전시용 카운터, 쇼케이스와 이와 유사한 것으로 한정한다]",기계,approximate,B,제84류 원자로·보일러·기계류. 전산기기(8471 등)가 섞여 있어 류 전체가 '기계'는 아니다 — 맥락 용도로만,32030401,(냉방기),2026,"관세청_HS부호(공공데이터포털 15049722, 2026-01-01 기준) + 관세청_HSK별 신성질별_성질별 분류(15049720)"
841861,84,제84류 원자로ㆍ보일러ㆍ기계류와 이들의 부분품,,기계,approximate,B,제84류 원자로·보일러·기계류. 전산기기(8471 등)가 섞여 있어 류 전체가 '기계'는 아니다 — 맥락 용도로만,32030401,(냉방기),2026,"관세청_HS부호(공공데이터포털 15049722, 2026-01-01 기준) + 관세청_HSK별 신성질별_성질별 분류(15049720)"
841869,84,제84류 원자로ㆍ보일러ㆍ기계류와 이들의 부분품,기타,기계,approximate,B,제84류 원자로·보일러·기계류. 전산기기(8471 등)가 섞여 있어 류 전체가 '기계'는 아니다 — 맥락 용도로만,32030401,(냉방기),2026,"관세청_HS부호(공공데이터포털 15049722, 2026-01-01 기준) + 관세청_HSK별 신성질별_성질별 분류(15049720)"
841891,84,제84류 원자로ㆍ보일러ㆍ기계류와 이들의 부분품,,기계,approximate,B,제84류 원자로·보일러·기계류. 전산기기(8471 등)가 섞여 있어 류 전체가 '기계'는 아니다 — 맥락 용도로만,32030406,(냉난방기계 부품),2026,"관세청_HS부호(공공데이터포털 15049722, 2026-01-01 기준) + 관세청_HSK별 신성질별_성질별 분류(15049720)"
841899,84,제84류 원자로ㆍ보일러ㆍ기계류와 이들의 부분품,기타,기계,approximate,B,제84류 원자로·보일러·기계류. 전산기기(8471 등)가 섞여 있어 류 전체가 '기계'는 아니다 — 맥락 용도로만,12010201,(냉장고),2026,"관세청_HS부호(공공데이터포털 15049722, 2026-01-01 기준) + 관세청_HSK별 신성질별_성질별 분류(15049720)"
841911,84,제84류 원자로ㆍ보일러ㆍ기계류와 이들의 부분품,,기계,approximate,B,제84류 원자로·보일러·기계류. 전산기기(8471 등)가 섞여 있어 류 전체가 '기계'는 아니다 — 맥락 용도로만,32031101,(화학기계),2026,"관세청_HS부호(공공데이터포털 15049722, 2026-01-01 기준) + 관세청_HSK별 신성질별_성질별 분류(15049720)"
841912,84,제84류 원자로ㆍ보일러ㆍ기계류와 이들의 부분품,,기계,approximate,B,제84류 원자로·보일러·기계류. 전산기기(8471 등)가 섞여 있어 류 전체가 '기계'는 아니다 — 맥락 용도로만,32031101,(화학기계),2026,"관세청_HS부호(공공데이터포털 15049722, 2026-01-01 기준) + 관세청_HSK별 신성질별_성질별 분류(15049720)"
841919,84,제84류 원자로ㆍ보일러ㆍ기계류와 이들의 부분품,,기계,approximate,B,제84류 원자로·보일러·기계류. 전산기기(8471 등)가 섞여 있어 류 전체가 '기계'는 아니다 — 맥락 용도로만,32031101,(화학기계),2026,"관세청_HS부호(공공데이터포털 15049722, 2026-01-01 기준) + 관세청_HSK별 신성질별_성질별 분류(15049720)"
841920,84,제84류 원자로ㆍ보일러ㆍ기계류와 이들의 부분품,,기계,approximate,B,제84류 원자로·보일러·기계류. 전산기기(8471 등)가 섞여 있어 류 전체가 '기계'는 아니다 — 맥락 용도로만,32031101,(화학기계),2026,"관세청_HS부호(공공데이터포털 15049722, 2026-01-01 기준) + 관세청_HSK별 신성질별_성질별 분류(15049720)"
841933,84,제84류 원자로ㆍ보일러ㆍ기계류와 이들의 부분품,,기계,approximate,B,제84류 원자로·보일러·기계류. 전산기기(8471 등)가 섞여 있어 류 전체가 '기계'는 아니다 — 맥락 용도로만,32031101,(화학기계),2026,"관세청_HS부호(공공데이터포털 15049722, 2026-01-01 기준) + 관세청_HSK별 신성질별_성질별 분류(15049720)"
841934,84,제84류 원자로ㆍ보일러ㆍ기계류와 이들의 부분품,,기계,approximate,B,제84류 원자로·보일러·기계류. 전산기기(8471 등)가 섞여 있어 류 전체가 '기계'는 아니다 — 맥락 용도로만,32030690,(기타 농기계),2026,"관세청_HS부호(공공데이터포털 15049722, 2026-01-01 기준) + 관세청_HSK별 신성질별_성질별 분류(15049720)"
841935,84,제84류 원자로ㆍ보일러ㆍ기계류와 이들의 부분품,,기계,approximate,B,제84류 원자로·보일러·기계류. 전산기기(8471 등)가 섞여 있어 류 전체가 '기계'는 아니다 — 맥락 용도로만,32031101,(화학기계),2026,"관세청_HS부호(공공데이터포털 15049722, 2026-01-01 기준) + 관세청_HSK별 신성질별_성질별 분류(15049720)"
841939,84,제84류 원자로ㆍ보일러ㆍ기계류와 이들의 부분품,,기계,approximate,B,제84류 원자로·보일러·기계류. 전산기기(8471 등)가 섞여 있어 류 전체가 '기계'는 아니다 — 맥락 용도로만,32031101,(화학기계),2026,"관세청_HS부호(공공데이터포털 15049722, 2026-01-01 기준) + 관세청_HSK별 신성질별_성질별 분류(15049720)"
841940,84,제84류 원자로ㆍ보일러ㆍ기계류와 이들의 부분품,,기계,approximate,B,제84류 원자로·보일러·기계류. 전산기기(8471 등)가 섞여 있어 류 전체가 '기계'는 아니다 — 맥락 용도로만,32031101,(화학기계),2026,"관세청_HS부호(공공데이터포털 15049722, 2026-01-01 기준) + 관세청_HSK별 신성질별_성질별 분류(15049720)"
841950,84,제84류 원자로ㆍ보일러ㆍ기계류와 이들의 부분품,열교환기,기계,approximate,B,제84류 원자로·보일러·기계류. 전산기기(8471 등)가 섞여 있어 류 전체가 '기계'는 아니다 — 맥락 용도로만,31060390,(기타 항공기 부품),2026,"관세청_HS부호(공공데이터포털 15049722, 2026-01-01 기준) + 관세청_HSK별 신성질별_성질별 분류(15049720)"
841960,84,제84류 원자로ㆍ보일러ㆍ기계류와 이들의 부분품,,기계,approximate,B,제84류 원자로·보일러·기계류. 전산기기(8471 등)가 섞여 있어 류 전체가 '기계'는 아니다 — 맥락 용도로만,32031101,(화학기계),2026,"관세청_HS부호(공공데이터포털 15049722, 2026-01-01 기준) + 관세청_HSK별 신성질별_성질별 분류(15049720)"
841981,84,제84류 원자로ㆍ보일러ㆍ기계류와 이들의 부분품,,기계,approximate,B,제84류 원자로·보일러·기계류. 전산기기(8471 등)가 섞여 있어 류 전체가 '기계'는 아니다 — 맥락 용도로만,32031101,(화학기계),2026,"관세청_HS부호(공공데이터포털 15049722, 2026-01-01 기준) + 관세청_HSK별 신성질별_성질별 분류(15049720)"
841989,84,제84류 원자로ㆍ보일러ㆍ기계류와 이들의 부분품,기타,기계,approximate,B,제84류 원자로·보일러·기계류. 전산기기(8471 등)가 섞여 있어 류 전체가 '기계'는 아니다 — 맥락 용도로만,32031001,(섬유기계),2026,"관세청_HS부호(공공데이터포털 15049722, 2026-01-01 기준) + 관세청_HSK별 신성질별_성질별 분류(15049720)"
841990,84,제84류 원자로ㆍ보일러ㆍ기계류와 이들의 부분품,부분품,기계,approximate,B,제84류 원자로·보일러·기계류. 전산기기(8471 등)가 섞여 있어 류 전체가 '기계'는 아니다 — 맥락 용도로만,32031102,(화학기계 부품),2026,"관세청_HS부호(공공데이터포털 15049722, 2026-01-01 기준) + 관세청_HSK별 신성질별_성질별 분류(15049720)"
842010,84,제84류 원자로ㆍ보일러ㆍ기계류와 이들의 부분품,캘린더기(calendering machine)나 그 밖의 로울기(rolling machine),기계,approximate,B,제84류 원자로·보일러·기계류. 전산기기(8471 등)가 섞여 있어 류 전체가 '기계'는 아니다 — 맥락 용도로만,32031305,(인쇄·제본기계 부품),2026,"관세청_HS부호(공공데이터포털 15049722, 2026-01-01 기준) + 관세청_HSK별 신성질별_성질별 분류(15049720)"
842091,84,제84류 원자로ㆍ보일러ㆍ기계류와 이들의 부분품,,기계,approximate,B,제84류 원자로·보일러·기계류. 전산기기(8471 등)가 섞여 있어 류 전체가 '기계'는 아니다 — 맥락 용도로만,32031305,(인쇄·제본기계 부품),2026,"관세청_HS부호(공공데이터포털 15049722, 2026-01-01 기준) + 관세청_HSK별 신성질별_성질별 분류(15049720)"
842099,84,제84류 원자로ㆍ보일러ㆍ기계류와 이들의 부분품,,기계,approximate,B,제84류 원자로·보일러·기계류. 전산기기(8471 등)가 섞여 있어 류 전체가 '기계'는 아니다 — 맥락 용도로만,32031305,(인쇄·제본기계 부품),2026,"관세청_HS부호(공공데이터포털 15049722, 2026-01-01 기준) + 관세청_HSK별 신성질별_성질별 분류(15049720)"
842111,84,제84류 원자로ㆍ보일러ㆍ기계류와 이들의 부분품,,기계,approximate,B,제84류 원자로·보일러·기계류. 전산기기(8471 등)가 섞여 있어 류 전체가 '기계'는 아니다 — 맥락 용도로만,32031004,(섬유 및 피혁가공기계 부품),2026,"관세청_HS부호(공공데이터포털 15049722, 2026-01-01 기준) + 관세청_HSK별 신성질별_성질별 분류(15049720)"
842112,84,제84류 원자로ㆍ보일러ㆍ기계류와 이들의 부분품,,기계,approximate,B,제84류 원자로·보일러·기계류. 전산기기(8471 등)가 섞여 있어 류 전체가 '기계'는 아니다 — 맥락 용도로만,32039001,(기타 일반기계),2026,"관세청_HS부호(공공데이터포털 15049722, 2026-01-01 기준) + 관세청_HSK별 신성질별_성질별 분류(15049720)"
842119,84,제84류 원자로ㆍ보일러ㆍ기계류와 이들의 부분품,기타,기계,approximate,B,제84류 원자로·보일러·기계류. 전산기기(8471 등)가 섞여 있어 류 전체가 '기계'는 아니다 — 맥락 용도로만,32039001,(기타 일반기계),2026,"관세청_HS부호(공공데이터포털 15049722, 2026-01-01 기준) + 관세청_HSK별 신성질별_성질별 분류(15049720)"
842121,84,제84류 원자로ㆍ보일러ㆍ기계류와 이들의 부분품,물의 여과용이나 청정용,기계,approximate,B,제84류 원자로·보일러·기계류. 전산기기(8471 등)가 섞여 있어 류 전체가 '기계'는 아니다 — 맥락 용도로만,12019001,(기타 가전제품),2026,"관세청_HS부호(공공데이터포털 15049722, 2026-01-01 기준) + 관세청_HSK별 신성질별_성질별 분류(15049720)"
842122,84,제84류 원자로ㆍ보일러ㆍ기계류와 이들의 부분품,,기계,approximate,B,제84류 원자로·보일러·기계류. 전산기기(8471 등)가 섞여 있어 류 전체가 '기계'는 아니다 — 맥락 용도로만,32030501,(액체 및 기체 여과기계),2026,"관세청_HS부호(공공데이터포털 15049722, 2026-01-01 기준) + 관세청_HSK별 신성질별_성질별 분류(15049720)"
842123,84,제84류 원자로ㆍ보일러ㆍ기계류와 이들의 부분품,내연기관용 유류 여과기,기계,approximate,B,제84류 원자로·보일러·기계류. 전산기기(8471 등)가 섞여 있어 류 전체가 '기계'는 아니다 — 맥락 용도로만,31060101,(자동차 부품),2026,"관세청_HS부호(공공데이터포털 15049722, 2026-01-01 기준) + 관세청_HSK별 신성질별_성질별 분류(15049720)"
842129,84,제84류 원자로ㆍ보일러ㆍ기계류와 이들의 부분품,기타,기계,approximate,B,제84류 원자로·보일러·기계류. 전산기기(8471 등)가 섞여 있어 류 전체가 '기계'는 아니다 — 맥락 용도로만,32030501,(액체 및 기체 여과기계),2026,"관세청_HS부호(공공데이터포털 15049722, 2026-01-01 기준) + 관세청_HSK별 신성질별_성질별 분류(15049720)"
842131,84,제84류 원자로ㆍ보일러ㆍ기계류와 이들의 부분품,내연기관용 공기 여과기,기계,approximate,B,제84류 원자로·보일러·기계류. 전산기기(8471 등)가 섞여 있어 류 전체가 '기계'는 아니다 — 맥락 용도로만,31060101,(자동차 부품),2026,"관세청_HS부호(공공데이터포털 15049722, 2026-01-01 기준) + 관세청_HSK별 신성질별_성질별 분류(15049720)"
842132,84,제84류 원자로ㆍ보일러ㆍ기계류와 이들의 부분품,,기계,approximate,B,제84류 원자로·보일러·기계류. 전산기기(8471 등)가 섞여 있어 류 전체가 '기계'는 아니다 — 맥락 용도로만,32030501,(액체 및 기체 여과기계),2026,"관세청_HS부호(공공데이터포털 15049722, 2026-01-01 기준) + 관세청_HSK별 신성질별_성질별 분류(15049720)"
842139,84,제84류 원자로ㆍ보일러ㆍ기계류와 이들의 부분품,기타,기계,approximate,B,제84류 원자로·보일러·기계류. 전산기기(8471 등)가 섞여 있어 류 전체가 '기계'는 아니다 — 맥락 용도로만,12019001,(기타 가전제품),2026,"관세청_HS부호(공공데이터포털 15049722, 2026-01-01 기준) + 관세청_HSK별 신성질별_성질별 분류(15049720)"
842191,84,제84류 원자로ㆍ보일러ㆍ기계류와 이들의 부분품,,기계,approximate,B,제84류 원자로·보일러·기계류. 전산기기(8471 등)가 섞여 있어 류 전체가 '기계'는 아니다 — 맥락 용도로만,32030502,(액체 및 기체 여과기계 부품),2026,"관세청_HS부호(공공데이터포털 15049722, 2026-01-01 기준) + 관세청_HSK별 신성질별_성질별 분류(15049720)"
842199,84,제84류 원자로ㆍ보일러ㆍ기계류와 이들의 부분품,기타,기계,approximate,B,제84류 원자로·보일러·기계류. 전산기기(8471 등)가 섞여 있어 류 전체가 '기계'는 아니다 — 맥락 용도로만,32039002,(기타 일반기계 부품),2026,"관세청_HS부호(공공데이터포털 15049722, 2026-01-01 기준) + 관세청_HSK별 신성질별_성질별 분류(15049720)"
842211,84,제84류 원자로ㆍ보일러ㆍ기계류와 이들의 부분품,,기계,approximate,B,제84류 원자로·보일러·기계류. 전산기기(8471 등)가 섞여 있어 류 전체가 '기계'는 아니다 — 맥락 용도로만,12010601,"(청소,세척기)",2026,"관세청_HS부호(공공데이터포털 15049722, 2026-01-01 기준) + 관세청_HSK별 신성질별_성질별 분류(15049720)"
842219,84,제84류 원자로ㆍ보일러ㆍ기계류와 이들의 부분품,,기계,approximate,B,제84류 원자로·보일러·기계류. 전산기기(8471 등)가 섞여 있어 류 전체가 '기계'는 아니다 — 맥락 용도로만,32032001,(식품포장기계),2026,"관세청_HS부호(공공데이터포털 15049722, 2026-01-01 기준) + 관세청_HSK별 신성질별_성질별 분류(15049720)"
842220,84,제84류 원자로ㆍ보일러ㆍ기계류와 이들의 부분품,,기계,approximate,B,제84류 원자로·보일러·기계류. 전산기기(8471 등)가 섞여 있어 류 전체가 '기계'는 아니다 — 맥락 용도로만,32032001,(식품포장기계),2026,"관세청_HS부호(공공데이터포털 15049722, 2026-01-01 기준) + 관세청_HSK별 신성질별_성질별 분류(15049720)"
842230,84,제84류 원자로ㆍ보일러ㆍ기계류와 이들의 부분품,"병ㆍ깡통ㆍ상자ㆍ자루ㆍ그 밖의 용기의 충전용ㆍ봉함용ㆍ실링(sealing)용ㆍ레이블 부착용 기계, 병ㆍ단지ㆍ통과 이와 유사한 용기의 캡슐 부착(capsuling)용 기계, 음료용 탄산가스 주입기",기계,approximate,B,제84류 원자로·보일러·기계류. 전산기기(8471 등)가 섞여 있어 류 전체가 '기계'는 아니다 — 맥락 용도로만,32032001,(식품포장기계),2026,"관세청_HS부호(공공데이터포털 15049722, 2026-01-01 기준) + 관세청_HSK별 신성질별_성질별 분류(15049720)"
842240,84,제84류 원자로ㆍ보일러ㆍ기계류와 이들의 부분품,그 밖의 포장기계(열수축 포장기계를 포함한다),기계,approximate,B,제84류 원자로·보일러·기계류. 전산기기(8471 등)가 섞여 있어 류 전체가 '기계'는 아니다 — 맥락 용도로만,32032001,(식품포장기계),2026,"관세청_HS부호(공공데이터포털 15049722, 2026-01-01 기준) + 관세청_HSK별 신성질별_성질별 분류(15049720)"
842290,84,제84류 원자로ㆍ보일러ㆍ기계류와 이들의 부분품,부분품,기계,approximate,B,제84류 원자로·보일러·기계류. 전산기기(8471 등)가 섞여 있어 류 전체가 '기계'는 아니다 — 맥락 용도로만,12019001,(기타 가전제품),2026,"관세청_HS부호(공공데이터포털 15049722, 2026-01-01 기준) + 관세청_HSK별 신성질별_성질별 분류(15049720)"
842310,84,제84류 원자로ㆍ보일러ㆍ기계류와 이들의 부분품,,기계,approximate,B,제84류 원자로·보일러·기계류. 전산기기(8471 등)가 섞여 있어 류 전체가 '기계'는 아니다 — 맥락 용도로만,32050201,(중량계),2026,"관세청_HS부호(공공데이터포털 15049722, 2026-01-01 기준) + 관세청_HSK별 신성질별_성질별 분류(15049720)"
842320,84,제84류 원자로ㆍ보일러ㆍ기계류와 이들의 부분품,컨베이어용 연속계량식 저울,기계,approximate,B,제84류 원자로·보일러·기계류. 전산기기(8471 등)가 섞여 있어 류 전체가 '기계'는 아니다 — 맥락 용도로만,32050201,(중량계),2026,"관세청_HS부호(공공데이터포털 15049722, 2026-01-01 기준) + 관세청_HSK별 신성질별_성질별 분류(15049720)"
842330,84,제84류 원자로ㆍ보일러ㆍ기계류와 이들의 부분품,정량저울과 설정된 양의 재료를 포대나 용기에 주입하기 위한 저울[호퍼스케일(hopper scale)을 포함한다],기계,approximate,B,제84류 원자로·보일러·기계류. 전산기기(8471 등)가 섞여 있어 류 전체가 '기계'는 아니다 — 맥락 용도로만,32050201,(중량계),2026,"관세청_HS부호(공공데이터포털 15049722, 2026-01-01 기준) + 관세청_HSK별 신성질별_성질별 분류(15049720)"
842381,84,제84류 원자로ㆍ보일러ㆍ기계류와 이들의 부분품,최대 측정용량이 30킬로그램 이하인 것,기계,approximate,B,제84류 원자로·보일러·기계류. 전산기기(8471 등)가 섞여 있어 류 전체가 '기계'는 아니다 — 맥락 용도로만,32050201,(중량계),2026,"관세청_HS부호(공공데이터포털 15049722, 2026-01-01 기준) + 관세청_HSK별 신성질별_성질별 분류(15049720)"
842382,84,제84류 원자로ㆍ보일러ㆍ기계류와 이들의 부분품,"최대 측정용량이 30킬로그램 초과 5,000킬로그램 이하인 것",기계,approximate,B,제84류 원자로·보일러·기계류. 전산기기(8471 등)가 섞여 있어 류 전체가 '기계'는 아니다 — 맥락 용도로만,32050201,(중량계),2026,"관세청_HS부호(공공데이터포털 15049722, 2026-01-01 기준) + 관세청_HSK별 신성질별_성질별 분류(15049720)"
842389,84,제84류 원자로ㆍ보일러ㆍ기계류와 이들의 부분품,기타,기계,approximate,B,제84류 원자로·보일러·기계류. 전산기기(8471 등)가 섞여 있어 류 전체가 '기계'는 아니다 — 맥락 용도로만,,,2026,"관세청_HS부호(공공데이터포털 15049722, 2026-01-01 기준) + 관세청_HSK별 신성질별_성질별 분류(15049720)"
842390,84,제84류 원자로ㆍ보일러ㆍ기계류와 이들의 부분품,각종 저울 추와 저울 부분품,기계,approximate,B,제84류 원자로·보일러·기계류. 전산기기(8471 등)가 섞여 있어 류 전체가 '기계'는 아니다 — 맥락 용도로만,,,2026,"관세청_HS부호(공공데이터포털 15049722, 2026-01-01 기준) + 관세청_HSK별 신성질별_성질별 분류(15049720)"
842410,84,제84류 원자로ㆍ보일러ㆍ기계류와 이들의 부분품,,기계,approximate,B,제84류 원자로·보일러·기계류. 전산기기(8471 등)가 섞여 있어 류 전체가 '기계'는 아니다 — 맥락 용도로만,32039001,(기타 일반기계),2026,"관세청_HS부호(공공데이터포털 15049722, 2026-01-01 기준) + 관세청_HSK별 신성질별_성질별 분류(15049720)"
842420,84,제84류 원자로ㆍ보일러ㆍ기계류와 이들의 부분품,스프레이건과 이와 유사한 기기,기계,approximate,B,제84류 원자로·보일러·기계류. 전산기기(8471 등)가 섞여 있어 류 전체가 '기계'는 아니다 — 맥락 용도로만,32020206,(공기압공구),2026,"관세청_HS부호(공공데이터포털 15049722, 2026-01-01 기준) + 관세청_HSK별 신성질별_성질별 분류(15049720)"
842430,84,제84류 원자로ㆍ보일러ㆍ기계류와 이들의 부분품,증기나 모래의 분사기와 이와 유사한 제트분사기,기계,approximate,B,제84류 원자로·보일러·기계류. 전산기기(8471 등)가 섞여 있어 류 전체가 '기계'는 아니다 — 맥락 용도로만,32039001,(기타 일반기계),2026,"관세청_HS부호(공공데이터포털 15049722, 2026-01-01 기준) + 관세청_HSK별 신성질별_성질별 분류(15049720)"
842441,84,제84류 원자로ㆍ보일러ㆍ기계류와 이들의 부분품,,기계,approximate,B,제84류 원자로·보일러·기계류. 전산기기(8471 등)가 섞여 있어 류 전체가 '기계'는 아니다 — 맥락 용도로만,32039001,(기타 일반기계),2026,"관세청_HS부호(공공데이터포털 15049722, 2026-01-01 기준) + 관세청_HSK별 신성질별_성질별 분류(15049720)"
842449,84,제84류 원자로ㆍ보일러ㆍ기계류와 이들의 부분품,기타,기계,approximate,B,제84류 원자로·보일러·기계류. 전산기기(8471 등)가 섞여 있어 류 전체가 '기계'는 아니다 — 맥락 용도로만,32039001,(기타 일반기계),2026,"관세청_HS부호(공공데이터포털 15049722, 2026-01-01 기준) + 관세청_HSK별 신성질별_성질별 분류(15049720)"
842482,84,제84류 원자로ㆍ보일러ㆍ기계류와 이들의 부분품,,기계,approximate,B,제84류 원자로·보일러·기계류. 전산기기(8471 등)가 섞여 있어 류 전체가 '기계'는 아니다 — 맥락 용도로만,32039001,(기타 일반기계),2026,"관세청_HS부호(공공데이터포털 15049722, 2026-01-01 기준) + 관세청_HSK별 신성질별_성질별 분류(15049720)"
842489,84,제84류 원자로ㆍ보일러ㆍ기계류와 이들의 부분품,기타,기계,approximate,B,제84류 원자로·보일러·기계류. 전산기기(8471 등)가 섞여 있어 류 전체가 '기계'는 아니다 — 맥락 용도로만,32050701,(반도체제조용장비),2026,"관세청_HS부호(공공데이터포털 15049722, 2026-01-01 기준) + 관세청_HSK별 신성질별_성질별 분류(15049720)"
842490,84,제84류 원자로ㆍ보일러ㆍ기계류와 이들의 부분품,부분품,기계,approximate,B,제84류 원자로·보일러·기계류. 전산기기(8471 등)가 섞여 있어 류 전체가 '기계'는 아니다 — 맥락 용도로만,32039002,(기타 일반기계 부품),2026,"관세청_HS부호(공공데이터포털 15049722, 2026-01-01 기준) + 관세청_HSK별 신성질별_성질별 분류(15049720)"
842511,84,제84류 원자로ㆍ보일러ㆍ기계류와 이들의 부분품,전동식,기계,approximate,B,제84류 원자로·보일러·기계류. 전산기기(8471 등)가 섞여 있어 류 전체가 '기계'는 아니다 — 맥락 용도로만,,,2026,"관세청_HS부호(공공데이터포털 15049722, 2026-01-01 기준) + 관세청_HSK별 신성질별_성질별 분류(15049720)"
842519,84,제84류 원자로ㆍ보일러ㆍ기계류와 이들의 부분품,,기계,approximate,B,제84류 원자로·보일러·기계류. 전산기기(8471 등)가 섞여 있어 류 전체가 '기계'는 아니다 — 맥락 용도로만,32030301,(운반하역기계),2026,"관세청_HS부호(공공데이터포털 15049722, 2026-01-01 기준) + 관세청_HSK별 신성질별_성질별 분류(15049720)"
842531,84,제84류 원자로ㆍ보일러ㆍ기계류와 이들의 부분품,전동식,기계,approximate,B,제84류 원자로·보일러·기계류. 전산기기(8471 등)가 섞여 있어 류 전체가 '기계'는 아니다 — 맥락 용도로만,32030301,(운반하역기계),2026,"관세청_HS부호(공공데이터포털 15049722, 2026-01-01 기준) + 관세청_HSK별 신성질별_성질별 분류(15049720)"
842539,84,제84류 원자로ㆍ보일러ㆍ기계류와 이들의 부분품,기타,기계,approximate,B,제84류 원자로·보일러·기계류. 전산기기(8471 등)가 섞여 있어 류 전체가 '기계'는 아니다 — 맥락 용도로만,32030301,(운반하역기계),2026,"관세청_HS부호(공공데이터포털 15049722, 2026-01-01 기준) + 관세청_HSK별 신성질별_성질별 분류(15049720)"
842541,84,제84류 원자로ㆍ보일러ㆍ기계류와 이들의 부분품,,기계,approximate,B,제84류 원자로·보일러·기계류. 전산기기(8471 등)가 섞여 있어 류 전체가 '기계'는 아니다 — 맥락 용도로만,32030301,(운반하역기계),2026,"관세청_HS부호(공공데이터포털 15049722, 2026-01-01 기준) + 관세청_HSK별 신성질별_성질별 분류(15049720)"
842542,84,제84류 원자로ㆍ보일러ㆍ기계류와 이들의 부분품,그 밖의 잭(jack)과 호이스트(hoist)(액압식으로 한정한다),기계,approximate,B,제84류 원자로·보일러·기계류. 전산기기(8471 등)가 섞여 있어 류 전체가 '기계'는 아니다 — 맥락 용도로만,32030301,(운반하역기계),2026,"관세청_HS부호(공공데이터포털 15049722, 2026-01-01 기준) + 관세청_HSK별 신성질별_성질별 분류(15049720)"
842549,84,제84류 원자로ㆍ보일러ㆍ기계류와 이들의 부분품,기타,기계,approximate,B,제84류 원자로·보일러·기계류. 전산기기(8471 등)가 섞여 있어 류 전체가 '기계'는 아니다 — 맥락 용도로만,32030301,(운반하역기계),2026,"관세청_HS부호(공공데이터포털 15049722, 2026-01-01 기준) + 관세청_HSK별 신성질별_성질별 분류(15049720)"
842611,84,제84류 원자로ㆍ보일러ㆍ기계류와 이들의 부분품,,기계,approximate,B,제84류 원자로·보일러·기계류. 전산기기(8471 등)가 섞여 있어 류 전체가 '기계'는 아니다 — 맥락 용도로만,32030301,(운반하역기계),2026,"관세청_HS부호(공공데이터포털 15049722, 2026-01-01 기준) + 관세청_HSK별 신성질별_성질별 분류(15049720)"
842612,84,제84류 원자로ㆍ보일러ㆍ기계류와 이들의 부분품,타이어가 달린 이동식 양하대와 스트래들 캐리어(straddle carrier),기계,approximate,B,제84류 원자로·보일러·기계류. 전산기기(8471 등)가 섞여 있어 류 전체가 '기계'는 아니다 — 맥락 용도로만,32030301,(운반하역기계),2026,"관세청_HS부호(공공데이터포털 15049722, 2026-01-01 기준) + 관세청_HSK별 신성질별_성질별 분류(15049720)"
842619,84,제84류 원자로ㆍ보일러ㆍ기계류와 이들의 부분품,,기계,approximate,B,제84류 원자로·보일러·기계류. 전산기기(8471 등)가 섞여 있어 류 전체가 '기계'는 아니다 — 맥락 용도로만,32030301,(운반하역기계),2026,"관세청_HS부호(공공데이터포털 15049722, 2026-01-01 기준) + 관세청_HSK별 신성질별_성질별 분류(15049720)"
842620,84,제84류 원자로ㆍ보일러ㆍ기계류와 이들의 부분품,,기계,approximate,B,제84류 원자로·보일러·기계류. 전산기기(8471 등)가 섞여 있어 류 전체가 '기계'는 아니다 — 맥락 용도로만,32030803,(기타 건설 중장비),2026,"관세청_HS부호(공공데이터포털 15049722, 2026-01-01 기준) + 관세청_HSK별 신성질별_성질별 분류(15049720)"
842630,84,제84류 원자로ㆍ보일러ㆍ기계류와 이들의 부분품,문형이나 정치형 지브 크레인(jib crane),기계,approximate,B,제84류 원자로·보일러·기계류. 전산기기(8471 등)가 섞여 있어 류 전체가 '기계'는 아니다 — 맥락 용도로만,32030301,(운반하역기계),2026,"관세청_HS부호(공공데이터포털 15049722, 2026-01-01 기준) + 관세청_HSK별 신성질별_성질별 분류(15049720)"
842641,84,제84류 원자로ㆍ보일러ㆍ기계류와 이들의 부분품,,기계,approximate,B,제84류 원자로·보일러·기계류. 전산기기(8471 등)가 섞여 있어 류 전체가 '기계'는 아니다 — 맥락 용도로만,32030301,(운반하역기계),2026,"관세청_HS부호(공공데이터포털 15049722, 2026-01-01 기준) + 관세청_HSK별 신성질별_성질별 분류(15049720)"
842649,84,제84류 원자로ㆍ보일러ㆍ기계류와 이들의 부분품,기타,기계,approximate,B,제84류 원자로·보일러·기계류. 전산기기(8471 등)가 섞여 있어 류 전체가 '기계'는 아니다 — 맥락 용도로만,32030301,(운반하역기계),2026,"관세청_HS부호(공공데이터포털 15049722, 2026-01-01 기준) + 관세청_HSK별 신성질별_성질별 분류(15049720)"
842691,84,제84류 원자로ㆍ보일러ㆍ기계류와 이들의 부분품,,기계,approximate,B,제84류 원자로·보일러·기계류. 전산기기(8471 등)가 섞여 있어 류 전체가 '기계'는 아니다 — 맥락 용도로만,32030301,(운반하역기계),2026,"관세청_HS부호(공공데이터포털 15049722, 2026-01-01 기준) + 관세청_HSK별 신성질별_성질별 분류(15049720)"
842699,84,제84류 원자로ㆍ보일러ㆍ기계류와 이들의 부분품,기타,기계,approximate,B,제84류 원자로·보일러·기계류. 전산기기(8471 등)가 섞여 있어 류 전체가 '기계'는 아니다 — 맥락 용도로만,31060490,(기타 선박용 부품),2026,"관세청_HS부호(공공데이터포털 15049722, 2026-01-01 기준) + 관세청_HSK별 신성질별_성질별 분류(15049720)"
842710,84,제84류 원자로ㆍ보일러ㆍ기계류와 이들의 부분품,전동기로 구동되는 자주식(自走式) 트럭,기계,approximate,B,제84류 원자로·보일러·기계류. 전산기기(8471 등)가 섞여 있어 류 전체가 '기계'는 아니다 — 맥락 용도로만,,,2026,"관세청_HS부호(공공데이터포털 15049722, 2026-01-01 기준) + 관세청_HSK별 신성질별_성질별 분류(15049720)"
842720,84,제84류 원자로ㆍ보일러ㆍ기계류와 이들의 부분품,그 밖의 자주식(自走式) 작업트럭,기계,approximate,B,제84류 원자로·보일러·기계류. 전산기기(8471 등)가 섞여 있어 류 전체가 '기계'는 아니다 — 맥락 용도로만,,,2026,"관세청_HS부호(공공데이터포털 15049722, 2026-01-01 기준) + 관세청_HSK별 신성질별_성질별 분류(15049720)"
842790,84,제84류 원자로ㆍ보일러ㆍ기계류와 이들의 부분품,그 밖의 작업트럭,기계,approximate,B,제84류 원자로·보일러·기계류. 전산기기(8471 등)가 섞여 있어 류 전체가 '기계'는 아니다 — 맥락 용도로만,31900101,(기타 수송장비),2026,"관세청_HS부호(공공데이터포털 15049722, 2026-01-01 기준) + 관세청_HSK별 신성질별_성질별 분류(15049720)"
842810,84,제84류 원자로ㆍ보일러ㆍ기계류와 이들의 부분품,리프트와 스킵호이스트(skip hoist),기계,approximate,B,제84류 원자로·보일러·기계류. 전산기기(8471 등)가 섞여 있어 류 전체가 '기계'는 아니다 — 맥락 용도로만,32030301,(운반하역기계),2026,"관세청_HS부호(공공데이터포털 15049722, 2026-01-01 기준) + 관세청_HSK별 신성질별_성질별 분류(15049720)"
842820,84,제84류 원자로ㆍ보일러ㆍ기계류와 이들의 부분품,압축공기식 엘리베이터와 컨베이어,기계,approximate,B,제84류 원자로·보일러·기계류. 전산기기(8471 등)가 섞여 있어 류 전체가 '기계'는 아니다 — 맥락 용도로만,31050101,(엘리베이터),2026,"관세청_HS부호(공공데이터포털 15049722, 2026-01-01 기준) + 관세청_HSK별 신성질별_성질별 분류(15049720)"
842831,84,제84류 원자로ㆍ보일러ㆍ기계류와 이들의 부분품,,기계,approximate,B,제84류 원자로·보일러·기계류. 전산기기(8471 등)가 섞여 있어 류 전체가 '기계'는 아니다 — 맥락 용도로만,32030301,(운반하역기계),2026,"관세청_HS부호(공공데이터포털 15049722, 2026-01-01 기준) + 관세청_HSK별 신성질별_성질별 분류(15049720)"
842832,84,제84류 원자로ㆍ보일러ㆍ기계류와 이들의 부분품,,기계,approximate,B,제84류 원자로·보일러·기계류. 전산기기(8471 등)가 섞여 있어 류 전체가 '기계'는 아니다 — 맥락 용도로만,32030301,(운반하역기계),2026,"관세청_HS부호(공공데이터포털 15049722, 2026-01-01 기준) + 관세청_HSK별 신성질별_성질별 분류(15049720)"
842833,84,제84류 원자로ㆍ보일러ㆍ기계류와 이들의 부분품,그 밖의 벨트형,기계,approximate,B,제84류 원자로·보일러·기계류. 전산기기(8471 등)가 섞여 있어 류 전체가 '기계'는 아니다 — 맥락 용도로만,,,2026,"관세청_HS부호(공공데이터포털 15049722, 2026-01-01 기준) + 관세청_HSK별 신성질별_성질별 분류(15049720)"
842839,84,제84류 원자로ㆍ보일러ㆍ기계류와 이들의 부분품,,기계,approximate,B,제84류 원자로·보일러·기계류. 전산기기(8471 등)가 섞여 있어 류 전체가 '기계'는 아니다 — 맥락 용도로만,32030301,(운반하역기계),2026,"관세청_HS부호(공공데이터포털 15049722, 2026-01-01 기준) + 관세청_HSK별 신성질별_성질별 분류(15049720)"
842840,84,제84류 원자로ㆍ보일러ㆍ기계류와 이들의 부분품,에스컬레이터와 무빙 워크웨이(moving walkway),기계,approximate,B,제84류 원자로·보일러·기계류. 전산기기(8471 등)가 섞여 있어 류 전체가 '기계'는 아니다 — 맥락 용도로만,31050201,(에스컬레이터),2026,"관세청_HS부호(공공데이터포털 15049722, 2026-01-01 기준) + 관세청_HSK별 신성질별_성질별 분류(15049720)"
842860,84,제84류 원자로ㆍ보일러ㆍ기계류와 이들의 부분품,,기계,approximate,B,제84류 원자로·보일러·기계류. 전산기기(8471 등)가 섞여 있어 류 전체가 '기계'는 아니다 — 맥락 용도로만,32030301,(운반하역기계),2026,"관세청_HS부호(공공데이터포털 15049722, 2026-01-01 기준) + 관세청_HSK별 신성질별_성질별 분류(15049720)"
842870,84,제84류 원자로ㆍ보일러ㆍ기계류와 이들의 부분품,산업용 로봇,기계,approximate,B,제84류 원자로·보일러·기계류. 전산기기(8471 등)가 섞여 있어 류 전체가 '기계'는 아니다 — 맥락 용도로만,32030301,(운반하역기계),2026,"관세청_HS부호(공공데이터포털 15049722, 2026-01-01 기준) + 관세청_HSK별 신성질별_성질별 분류(15049720)"
842890,84,제84류 원자로ㆍ보일러ㆍ기계류와 이들의 부분품,그 밖의 기계,기계,approximate,B,제84류 원자로·보일러·기계류. 전산기기(8471 등)가 섞여 있어 류 전체가 '기계'는 아니다 — 맥락 용도로만,32030301,(운반하역기계),2026,"관세청_HS부호(공공데이터포털 15049722, 2026-01-01 기준) + 관세청_HSK별 신성질별_성질별 분류(15049720)"
842911,84,제84류 원자로ㆍ보일러ㆍ기계류와 이들의 부분품,무한궤도식,기계,approximate,B,제84류 원자로·보일러·기계류. 전산기기(8471 등)가 섞여 있어 류 전체가 '기계'는 아니다 — 맥락 용도로만,32030801,(불도우저),2026,"관세청_HS부호(공공데이터포털 15049722, 2026-01-01 기준) + 관세청_HSK별 신성질별_성질별 분류(15049720)"
842919,84,제84류 원자로ㆍ보일러ㆍ기계류와 이들의 부분품,,기계,approximate,B,제84류 원자로·보일러·기계류. 전산기기(8471 등)가 섞여 있어 류 전체가 '기계'는 아니다 — 맥락 용도로만,32030803,(기타 건설 중장비),2026,"관세청_HS부호(공공데이터포털 15049722, 2026-01-01 기준) + 관세청_HSK별 신성질별_성질별 분류(15049720)"
842920,84,제84류 원자로ㆍ보일러ㆍ기계류와 이들의 부분품,,기계,approximate,B,제84류 원자로·보일러·기계류. 전산기기(8471 등)가 섞여 있어 류 전체가 '기계'는 아니다 — 맥락 용도로만,32030803,(기타 건설 중장비),2026,"관세청_HS부호(공공데이터포털 15049722, 2026-01-01 기준) + 관세청_HSK별 신성질별_성질별 분류(15049720)"
842930,84,제84류 원자로ㆍ보일러ㆍ기계류와 이들의 부분품,,기계,approximate,B,제84류 원자로·보일러·기계류. 전산기기(8471 등)가 섞여 있어 류 전체가 '기계'는 아니다 — 맥락 용도로만,32030803,(기타 건설 중장비),2026,"관세청_HS부호(공공데이터포털 15049722, 2026-01-01 기준) + 관세청_HSK별 신성질별_성질별 분류(15049720)"
842940,84,제84류 원자로ㆍ보일러ㆍ기계류와 이들의 부분품,탬핑머신(tamping machine)과 로드롤러(road roller),기계,approximate,B,제84류 원자로·보일러·기계류. 전산기기(8471 등)가 섞여 있어 류 전체가 '기계'는 아니다 — 맥락 용도로만,32030803,(기타 건설 중장비),2026,"관세청_HS부호(공공데이터포털 15049722, 2026-01-01 기준) + 관세청_HSK별 신성질별_성질별 분류(15049720)"
842951,84,제84류 원자로ㆍ보일러ㆍ기계류와 이들의 부분품,프론트엔드 셔블로더(front-end shovel loader),기계,approximate,B,제84류 원자로·보일러·기계류. 전산기기(8471 등)가 섞여 있어 류 전체가 '기계'는 아니다 — 맥락 용도로만,,,2026,"관세청_HS부호(공공데이터포털 15049722, 2026-01-01 기준) + 관세청_HSK별 신성질별_성질별 분류(15049720)"
842952,84,제84류 원자로ㆍ보일러ㆍ기계류와 이들의 부분품,360도 회전의 상부구조를 가진 기계,기계,approximate,B,제84류 원자로·보일러·기계류. 전산기기(8471 등)가 섞여 있어 류 전체가 '기계'는 아니다 — 맥락 용도로만,,,2026,"관세청_HS부호(공공데이터포털 15049722, 2026-01-01 기준) + 관세청_HSK별 신성질별_성질별 분류(15049720)"
842959,84,제84류 원자로ㆍ보일러ㆍ기계류와 이들의 부분품,,기계,approximate,B,제84류 원자로·보일러·기계류. 전산기기(8471 등)가 섞여 있어 류 전체가 '기계'는 아니다 — 맥락 용도로만,32030803,(기타 건설 중장비),2026,"관세청_HS부호(공공데이터포털 15049722, 2026-01-01 기준) + 관세청_HSK별 신성질별_성질별 분류(15049720)"
843010,84,제84류 원자로ㆍ보일러ㆍ기계류와 이들의 부분품,,기계,approximate,B,제84류 원자로·보일러·기계류. 전산기기(8471 등)가 섞여 있어 류 전체가 '기계'는 아니다 — 맥락 용도로만,32030803,(기타 건설 중장비),2026,"관세청_HS부호(공공데이터포털 15049722, 2026-01-01 기준) + 관세청_HSK별 신성질별_성질별 분류(15049720)"
843020,84,제84류 원자로ㆍ보일러ㆍ기계류와 이들의 부분품,,기계,approximate,B,제84류 원자로·보일러·기계류. 전산기기(8471 등)가 섞여 있어 류 전체가 '기계'는 아니다 — 맥락 용도로만,32030803,(기타 건설 중장비),2026,"관세청_HS부호(공공데이터포털 15049722, 2026-01-01 기준) + 관세청_HSK별 신성질별_성질별 분류(15049720)"
843031,84,제84류 원자로ㆍ보일러ㆍ기계류와 이들의 부분품,,기계,approximate,B,제84류 원자로·보일러·기계류. 전산기기(8471 등)가 섞여 있어 류 전체가 '기계'는 아니다 — 맥락 용도로만,32030803,(기타 건설 중장비),2026,"관세청_HS부호(공공데이터포털 15049722, 2026-01-01 기준) + 관세청_HSK별 신성질별_성질별 분류(15049720)"
843039,84,제84류 원자로ㆍ보일러ㆍ기계류와 이들의 부분품,,기계,approximate,B,제84류 원자로·보일러·기계류. 전산기기(8471 등)가 섞여 있어 류 전체가 '기계'는 아니다 — 맥락 용도로만,32030803,(기타 건설 중장비),2026,"관세청_HS부호(공공데이터포털 15049722, 2026-01-01 기준) + 관세청_HSK별 신성질별_성질별 분류(15049720)"
843041,84,제84류 원자로ㆍ보일러ㆍ기계류와 이들의 부분품,자주식(自走式),기계,approximate,B,제84류 원자로·보일러·기계류. 전산기기(8471 등)가 섞여 있어 류 전체가 '기계'는 아니다 — 맥락 용도로만,32030803,(기타 건설 중장비),2026,"관세청_HS부호(공공데이터포털 15049722, 2026-01-01 기준) + 관세청_HSK별 신성질별_성질별 분류(15049720)"
843049,84,제84류 원자로ㆍ보일러ㆍ기계류와 이들의 부분품,기타,기계,approximate,B,제84류 원자로·보일러·기계류. 전산기기(8471 등)가 섞여 있어 류 전체가 '기계'는 아니다 — 맥락 용도로만,32030803,(기타 건설 중장비),2026,"관세청_HS부호(공공데이터포털 15049722, 2026-01-01 기준) + 관세청_HSK별 신성질별_성질별 분류(15049720)"
843050,84,제84류 원자로ㆍ보일러ㆍ기계류와 이들의 부분품,,기계,approximate,B,제84류 원자로·보일러·기계류. 전산기기(8471 등)가 섞여 있어 류 전체가 '기계'는 아니다 — 맥락 용도로만,32030803,(기타 건설 중장비),2026,"관세청_HS부호(공공데이터포털 15049722, 2026-01-01 기준) + 관세청_HSK별 신성질별_성질별 분류(15049720)"
843061,84,제84류 원자로ㆍ보일러ㆍ기계류와 이들의 부분품,,기계,approximate,B,제84류 원자로·보일러·기계류. 전산기기(8471 등)가 섞여 있어 류 전체가 '기계'는 아니다 — 맥락 용도로만,32030803,(기타 건설 중장비),2026,"관세청_HS부호(공공데이터포털 15049722, 2026-01-01 기준) + 관세청_HSK별 신성질별_성질별 분류(15049720)"
843069,84,제84류 원자로ㆍ보일러ㆍ기계류와 이들의 부분품,,기계,approximate,B,제84류 원자로·보일러·기계류. 전산기기(8471 등)가 섞여 있어 류 전체가 '기계'는 아니다 — 맥락 용도로만,32030803,(기타 건설 중장비),2026,"관세청_HS부호(공공데이터포털 15049722, 2026-01-01 기준) + 관세청_HSK별 신성질별_성질별 분류(15049720)"
843110,84,제84류 원자로ㆍ보일러ㆍ기계류와 이들의 부분품,,기계,approximate,B,제84류 원자로·보일러·기계류. 전산기기(8471 등)가 섞여 있어 류 전체가 '기계'는 아니다 — 맥락 용도로만,32030302,(운반하역기계 부품),2026,"관세청_HS부호(공공데이터포털 15049722, 2026-01-01 기준) + 관세청_HSK별 신성질별_성질별 분류(15049720)"
843120,84,제84류 원자로ㆍ보일러ㆍ기계류와 이들의 부분품,,기계,approximate,B,제84류 원자로·보일러·기계류. 전산기기(8471 등)가 섞여 있어 류 전체가 '기계'는 아니다 — 맥락 용도로만,32030302,(운반하역기계 부품),2026,"관세청_HS부호(공공데이터포털 15049722, 2026-01-01 기준) + 관세청_HSK별 신성질별_성질별 분류(15049720)"
843131,84,제84류 원자로ㆍ보일러ㆍ기계류와 이들의 부분품,,기계,approximate,B,제84류 원자로·보일러·기계류. 전산기기(8471 등)가 섞여 있어 류 전체가 '기계'는 아니다 — 맥락 용도로만,32030302,(운반하역기계 부품),2026,"관세청_HS부호(공공데이터포털 15049722, 2026-01-01 기준) + 관세청_HSK별 신성질별_성질별 분류(15049720)"
843139,84,제84류 원자로ㆍ보일러ㆍ기계류와 이들의 부분품,,기계,approximate,B,제84류 원자로·보일러·기계류. 전산기기(8471 등)가 섞여 있어 류 전체가 '기계'는 아니다 — 맥락 용도로만,32030302,(운반하역기계 부품),2026,"관세청_HS부호(공공데이터포털 15049722, 2026-01-01 기준) + 관세청_HSK별 신성질별_성질별 분류(15049720)"
843141,84,제84류 원자로ㆍ보일러ㆍ기계류와 이들의 부분품,버켓(bucket)ㆍ셔블(shovel)ㆍ그랩(grab)과 그립(grip),기계,approximate,B,제84류 원자로·보일러·기계류. 전산기기(8471 등)가 섞여 있어 류 전체가 '기계'는 아니다 — 맥락 용도로만,32030804,(건설기계 부품),2026,"관세청_HS부호(공공데이터포털 15049722, 2026-01-01 기준) + 관세청_HSK별 신성질별_성질별 분류(15049720)"
843142,84,제84류 원자로ㆍ보일러ㆍ기계류와 이들의 부분품,,기계,approximate,B,제84류 원자로·보일러·기계류. 전산기기(8471 등)가 섞여 있어 류 전체가 '기계'는 아니다 — 맥락 용도로만,32030804,(건설기계 부품),2026,"관세청_HS부호(공공데이터포털 15049722, 2026-01-01 기준) + 관세청_HSK별 신성질별_성질별 분류(15049720)"
843143,84,제84류 원자로ㆍ보일러ㆍ기계류와 이들의 부분품,,기계,approximate,B,제84류 원자로·보일러·기계류. 전산기기(8471 등)가 섞여 있어 류 전체가 '기계'는 아니다 — 맥락 용도로만,32030804,(건설기계 부품),2026,"관세청_HS부호(공공데이터포털 15049722, 2026-01-01 기준) + 관세청_HSK별 신성질별_성질별 분류(15049720)"
843149,84,제84류 원자로ㆍ보일러ㆍ기계류와 이들의 부분품,기타,기계,approximate,B,제84류 원자로·보일러·기계류. 전산기기(8471 등)가 섞여 있어 류 전체가 '기계'는 아니다 — 맥락 용도로만,32030804,(건설기계 부품),2026,"관세청_HS부호(공공데이터포털 15049722, 2026-01-01 기준) + 관세청_HSK별 신성질별_성질별 분류(15049720)"
843210,84,제84류 원자로ㆍ보일러ㆍ기계류와 이들의 부분품,,기계,approximate,B,제84류 원자로·보일러·기계류. 전산기기(8471 등)가 섞여 있어 류 전체가 '기계'는 아니다 — 맥락 용도로만,32030601,(경작기계),2026,"관세청_HS부호(공공데이터포털 15049722, 2026-01-01 기준) + 관세청_HSK별 신성질별_성질별 분류(15049720)"
843221,84,제84류 원자로ㆍ보일러ㆍ기계류와 이들의 부분품,,기계,approximate,B,제84류 원자로·보일러·기계류. 전산기기(8471 등)가 섞여 있어 류 전체가 '기계'는 아니다 — 맥락 용도로만,32030601,(경작기계),2026,"관세청_HS부호(공공데이터포털 15049722, 2026-01-01 기준) + 관세청_HSK별 신성질별_성질별 분류(15049720)"
843229,84,제84류 원자로ㆍ보일러ㆍ기계류와 이들의 부분품,기타,기계,approximate,B,제84류 원자로·보일러·기계류. 전산기기(8471 등)가 섞여 있어 류 전체가 '기계'는 아니다 — 맥락 용도로만,32030601,(경작기계),2026,"관세청_HS부호(공공데이터포털 15049722, 2026-01-01 기준) + 관세청_HSK별 신성질별_성질별 분류(15049720)"
843231,84,제84류 원자로ㆍ보일러ㆍ기계류와 이들의 부분품,,기계,approximate,B,제84류 원자로·보일러·기계류. 전산기기(8471 등)가 섞여 있어 류 전체가 '기계'는 아니다 — 맥락 용도로만,32030601,(경작기계),2026,"관세청_HS부호(공공데이터포털 15049722, 2026-01-01 기준) + 관세청_HSK별 신성질별_성질별 분류(15049720)"
843239,84,제84류 원자로ㆍ보일러ㆍ기계류와 이들의 부분품,기타,기계,approximate,B,제84류 원자로·보일러·기계류. 전산기기(8471 등)가 섞여 있어 류 전체가 '기계'는 아니다 — 맥락 용도로만,32030601,(경작기계),2026,"관세청_HS부호(공공데이터포털 15049722, 2026-01-01 기준) + 관세청_HSK별 신성질별_성질별 분류(15049720)"
843241,84,제84류 원자로ㆍ보일러ㆍ기계류와 이들의 부분품,,기계,approximate,B,제84류 원자로·보일러·기계류. 전산기기(8471 등)가 섞여 있어 류 전체가 '기계'는 아니다 — 맥락 용도로만,32030601,(경작기계),2026,"관세청_HS부호(공공데이터포털 15049722, 2026-01-01 기준) + 관세청_HSK별 신성질별_성질별 분류(15049720)"
843242,84,제84류 원자로ㆍ보일러ㆍ기계류와 이들의 부분품,,기계,approximate,B,제84류 원자로·보일러·기계류. 전산기기(8471 등)가 섞여 있어 류 전체가 '기계'는 아니다 — 맥락 용도로만,32030601,(경작기계),2026,"관세청_HS부호(공공데이터포털 15049722, 2026-01-01 기준) + 관세청_HSK별 신성질별_성질별 분류(15049720)"
843280,84,제84류 원자로ㆍ보일러ㆍ기계류와 이들의 부분품,,기계,approximate,B,제84류 원자로·보일러·기계류. 전산기기(8471 등)가 섞여 있어 류 전체가 '기계'는 아니다 — 맥락 용도로만,32030601,(경작기계),2026,"관세청_HS부호(공공데이터포털 15049722, 2026-01-01 기준) + 관세청_HSK별 신성질별_성질별 분류(15049720)"
843290,84,제84류 원자로ㆍ보일러ㆍ기계류와 이들의 부분품,부분품,기계,approximate,B,제84류 원자로·보일러·기계류. 전산기기(8471 등)가 섞여 있어 류 전체가 '기계'는 아니다 — 맥락 용도로만,32030604,(농기계 부품),2026,"관세청_HS부호(공공데이터포털 15049722, 2026-01-01 기준) + 관세청_HSK별 신성질별_성질별 분류(15049720)"
843311,84,제84류 원자로ㆍ보일러ㆍ기계류와 이들의 부분품,,기계,approximate,B,제84류 원자로·보일러·기계류. 전산기기(8471 등)가 섞여 있어 류 전체가 '기계'는 아니다 — 맥락 용도로만,32030602,(수확·탈곡기계),2026,"관세청_HS부호(공공데이터포털 15049722, 2026-01-01 기준) + 관세청_HSK별 신성질별_성질별 분류(15049720)"
843319,84,제84류 원자로ㆍ보일러ㆍ기계류와 이들의 부분품,,기계,approximate,B,제84류 원자로·보일러·기계류. 전산기기(8471 등)가 섞여 있어 류 전체가 '기계'는 아니다 — 맥락 용도로만,32030602,(수확·탈곡기계),2026,"관세청_HS부호(공공데이터포털 15049722, 2026-01-01 기준) + 관세청_HSK별 신성질별_성질별 분류(15049720)"
843320,84,제84류 원자로ㆍ보일러ㆍ기계류와 이들의 부분품,,기계,approximate,B,제84류 원자로·보일러·기계류. 전산기기(8471 등)가 섞여 있어 류 전체가 '기계'는 아니다 — 맥락 용도로만,32030602,(수확·탈곡기계),2026,"관세청_HS부호(공공데이터포털 15049722, 2026-01-01 기준) + 관세청_HSK별 신성질별_성질별 분류(15049720)"
843330,84,제84류 원자로ㆍ보일러ㆍ기계류와 이들의 부분품,,기계,approximate,B,제84류 원자로·보일러·기계류. 전산기기(8471 등)가 섞여 있어 류 전체가 '기계'는 아니다 — 맥락 용도로만,32030602,(수확·탈곡기계),2026,"관세청_HS부호(공공데이터포털 15049722, 2026-01-01 기준) + 관세청_HSK별 신성질별_성질별 분류(15049720)"
843340,84,제84류 원자로ㆍ보일러ㆍ기계류와 이들의 부분품,,기계,approximate,B,제84류 원자로·보일러·기계류. 전산기기(8471 등)가 섞여 있어 류 전체가 '기계'는 아니다 — 맥락 용도로만,32030602,(수확·탈곡기계),2026,"관세청_HS부호(공공데이터포털 15049722, 2026-01-01 기준) + 관세청_HSK별 신성질별_성질별 분류(15049720)"
843351,84,제84류 원자로ㆍ보일러ㆍ기계류와 이들의 부분품,,기계,approximate,B,제84류 원자로·보일러·기계류. 전산기기(8471 등)가 섞여 있어 류 전체가 '기계'는 아니다 — 맥락 용도로만,32030602,(수확·탈곡기계),2026,"관세청_HS부호(공공데이터포털 15049722, 2026-01-01 기준) + 관세청_HSK별 신성질별_성질별 분류(15049720)"
843352,84,제84류 원자로ㆍ보일러ㆍ기계류와 이들의 부분품,,기계,approximate,B,제84류 원자로·보일러·기계류. 전산기기(8471 등)가 섞여 있어 류 전체가 '기계'는 아니다 — 맥락 용도로만,32030602,(수확·탈곡기계),2026,"관세청_HS부호(공공데이터포털 15049722, 2026-01-01 기준) + 관세청_HSK별 신성질별_성질별 분류(15049720)"
843353,84,제84류 원자로ㆍ보일러ㆍ기계류와 이들의 부분품,,기계,approximate,B,제84류 원자로·보일러·기계류. 전산기기(8471 등)가 섞여 있어 류 전체가 '기계'는 아니다 — 맥락 용도로만,32030602,(수확·탈곡기계),2026,"관세청_HS부호(공공데이터포털 15049722, 2026-01-01 기준) + 관세청_HSK별 신성질별_성질별 분류(15049720)"
843359,84,제84류 원자로ㆍ보일러ㆍ기계류와 이들의 부분품,,기계,approximate,B,제84류 원자로·보일러·기계류. 전산기기(8471 등)가 섞여 있어 류 전체가 '기계'는 아니다 — 맥락 용도로만,32030602,(수확·탈곡기계),2026,"관세청_HS부호(공공데이터포털 15049722, 2026-01-01 기준) + 관세청_HSK별 신성질별_성질별 분류(15049720)"
843360,84,제84류 원자로ㆍ보일러ㆍ기계류와 이들의 부분품,새의 알ㆍ과실이나 그 밖의 농산물의 세정기ㆍ분류기ㆍ선별기,기계,approximate,B,제84류 원자로·보일러·기계류. 전산기기(8471 등)가 섞여 있어 류 전체가 '기계'는 아니다 — 맥락 용도로만,32030690,(기타 농기계),2026,"관세청_HS부호(공공데이터포털 15049722, 2026-01-01 기준) + 관세청_HSK별 신성질별_성질별 분류(15049720)"
843390,84,제84류 원자로ㆍ보일러ㆍ기계류와 이들의 부분품,부분품,기계,approximate,B,제84류 원자로·보일러·기계류. 전산기기(8471 등)가 섞여 있어 류 전체가 '기계'는 아니다 — 맥락 용도로만,32030604,(농기계 부품),2026,"관세청_HS부호(공공데이터포털 15049722, 2026-01-01 기준) + 관세청_HSK별 신성질별_성질별 분류(15049720)"
843410,84,제84류 원자로ㆍ보일러ㆍ기계류와 이들의 부분품,,기계,approximate,B,제84류 원자로·보일러·기계류. 전산기기(8471 등)가 섞여 있어 류 전체가 '기계'는 아니다 — 맥락 용도로만,32030603,(낙농기계),2026,"관세청_HS부호(공공데이터포털 15049722, 2026-01-01 기준) + 관세청_HSK별 신성질별_성질별 분류(15049720)"
843420,84,제84류 원자로ㆍ보일러ㆍ기계류와 이들의 부분품,낙농기계,기계,approximate,B,제84류 원자로·보일러·기계류. 전산기기(8471 등)가 섞여 있어 류 전체가 '기계'는 아니다 — 맥락 용도로만,32030603,(낙농기계),2026,"관세청_HS부호(공공데이터포털 15049722, 2026-01-01 기준) + 관세청_HSK별 신성질별_성질별 분류(15049720)"
843490,84,제84류 원자로ㆍ보일러ㆍ기계류와 이들의 부분품,부분품,기계,approximate,B,제84류 원자로·보일러·기계류. 전산기기(8471 등)가 섞여 있어 류 전체가 '기계'는 아니다 — 맥락 용도로만,32030604,(농기계 부품),2026,"관세청_HS부호(공공데이터포털 15049722, 2026-01-01 기준) + 관세청_HSK별 신성질별_성질별 분류(15049720)"
843510,84,제84류 원자로ㆍ보일러ㆍ기계류와 이들의 부분품,기계,기계,approximate,B,제84류 원자로·보일러·기계류. 전산기기(8471 등)가 섞여 있어 류 전체가 '기계'는 아니다 — 맥락 용도로만,32031901,(식품가공기계),2026,"관세청_HS부호(공공데이터포털 15049722, 2026-01-01 기준) + 관세청_HSK별 신성질별_성질별 분류(15049720)"
843590,84,제84류 원자로ㆍ보일러ㆍ기계류와 이들의 부분품,,기계,approximate,B,제84류 원자로·보일러·기계류. 전산기기(8471 등)가 섞여 있어 류 전체가 '기계'는 아니다 — 맥락 용도로만,32031902,(식품가공기계 부품),2026,"관세청_HS부호(공공데이터포털 15049722, 2026-01-01 기준) + 관세청_HSK별 신성질별_성질별 분류(15049720)"
843610,84,제84류 원자로ㆍ보일러ㆍ기계류와 이들의 부분품,동물사료 조제용 기계,기계,approximate,B,제84류 원자로·보일러·기계류. 전산기기(8471 등)가 섞여 있어 류 전체가 '기계'는 아니다 — 맥락 용도로만,32030690,(기타 농기계),2026,"관세청_HS부호(공공데이터포털 15049722, 2026-01-01 기준) + 관세청_HSK별 신성질별_성질별 분류(15049720)"
843621,84,제84류 원자로ㆍ보일러ㆍ기계류와 이들의 부분품,가금(家禽)의 부란기와 양육기,기계,approximate,B,제84류 원자로·보일러·기계류. 전산기기(8471 등)가 섞여 있어 류 전체가 '기계'는 아니다 — 맥락 용도로만,32030690,(기타 농기계),2026,"관세청_HS부호(공공데이터포털 15049722, 2026-01-01 기준) + 관세청_HSK별 신성질별_성질별 분류(15049720)"
843629,84,제84류 원자로ㆍ보일러ㆍ기계류와 이들의 부분품,,기계,approximate,B,제84류 원자로·보일러·기계류. 전산기기(8471 등)가 섞여 있어 류 전체가 '기계'는 아니다 — 맥락 용도로만,32030690,(기타 농기계),2026,"관세청_HS부호(공공데이터포털 15049722, 2026-01-01 기준) + 관세청_HSK별 신성질별_성질별 분류(15049720)"
843680,84,제84류 원자로ㆍ보일러ㆍ기계류와 이들의 부분품,,기계,approximate,B,제84류 원자로·보일러·기계류. 전산기기(8471 등)가 섞여 있어 류 전체가 '기계'는 아니다 — 맥락 용도로만,32030690,(기타 농기계),2026,"관세청_HS부호(공공데이터포털 15049722, 2026-01-01 기준) + 관세청_HSK별 신성질별_성질별 분류(15049720)"
843691,84,제84류 원자로ㆍ보일러ㆍ기계류와 이들의 부분품,,기계,approximate,B,제84류 원자로·보일러·기계류. 전산기기(8471 등)가 섞여 있어 류 전체가 '기계'는 아니다 — 맥락 용도로만,32030604,(농기계 부품),2026,"관세청_HS부호(공공데이터포털 15049722, 2026-01-01 기준) + 관세청_HSK별 신성질별_성질별 분류(15049720)"
843699,84,제84류 원자로ㆍ보일러ㆍ기계류와 이들의 부분품,,기계,approximate,B,제84류 원자로·보일러·기계류. 전산기기(8471 등)가 섞여 있어 류 전체가 '기계'는 아니다 — 맥락 용도로만,32030604,(농기계 부품),2026,"관세청_HS부호(공공데이터포털 15049722, 2026-01-01 기준) + 관세청_HSK별 신성질별_성질별 분류(15049720)"
843710,84,제84류 원자로ㆍ보일러ㆍ기계류와 이들의 부분품,종자ㆍ곡물ㆍ건조한 채두류(菜豆類)의 세정기ㆍ분류기ㆍ선별기,기계,approximate,B,제84류 원자로·보일러·기계류. 전산기기(8471 등)가 섞여 있어 류 전체가 '기계'는 아니다 — 맥락 용도로만,32030690,(기타 농기계),2026,"관세청_HS부호(공공데이터포털 15049722, 2026-01-01 기준) + 관세청_HSK별 신성질별_성질별 분류(15049720)"
843780,84,제84류 원자로ㆍ보일러ㆍ기계류와 이들의 부분품,그 밖의 기계,기계,approximate,B,제84류 원자로·보일러·기계류. 전산기기(8471 등)가 섞여 있어 류 전체가 '기계'는 아니다 — 맥락 용도로만,32030690,(기타 농기계),2026,"관세청_HS부호(공공데이터포털 15049722, 2026-01-01 기준) + 관세청_HSK별 신성질별_성질별 분류(15049720)"
843790,84,제84류 원자로ㆍ보일러ㆍ기계류와 이들의 부분품,부분품,기계,approximate,B,제84류 원자로·보일러·기계류. 전산기기(8471 등)가 섞여 있어 류 전체가 '기계'는 아니다 — 맥락 용도로만,32030604,(농기계 부품),2026,"관세청_HS부호(공공데이터포털 15049722, 2026-01-01 기준) + 관세청_HSK별 신성질별_성질별 분류(15049720)"
843810,84,제84류 원자로ㆍ보일러ㆍ기계류와 이들의 부분품,베이커리 기계와 마카로니ㆍ스파게티ㆍ그 밖에 이와 유사한 식품의 제조용 기계,기계,approximate,B,제84류 원자로·보일러·기계류. 전산기기(8471 등)가 섞여 있어 류 전체가 '기계'는 아니다 — 맥락 용도로만,32031901,(식품가공기계),2026,"관세청_HS부호(공공데이터포털 15049722, 2026-01-01 기준) + 관세청_HSK별 신성질별_성질별 분류(15049720)"
843820,84,제84류 원자로ㆍ보일러ㆍ기계류와 이들의 부분품,,기계,approximate,B,제84류 원자로·보일러·기계류. 전산기기(8471 등)가 섞여 있어 류 전체가 '기계'는 아니다 — 맥락 용도로만,32031901,(식품가공기계),2026,"관세청_HS부호(공공데이터포털 15049722, 2026-01-01 기준) + 관세청_HSK별 신성질별_성질별 분류(15049720)"
843830,84,제84류 원자로ㆍ보일러ㆍ기계류와 이들의 부분품,,기계,approximate,B,제84류 원자로·보일러·기계류. 전산기기(8471 등)가 섞여 있어 류 전체가 '기계'는 아니다 — 맥락 용도로만,32031901,(식품가공기계),2026,"관세청_HS부호(공공데이터포털 15049722, 2026-01-01 기준) + 관세청_HSK별 신성질별_성질별 분류(15049720)"
843840,84,제84류 원자로ㆍ보일러ㆍ기계류와 이들의 부분품,,기계,approximate,B,제84류 원자로·보일러·기계류. 전산기기(8471 등)가 섞여 있어 류 전체가 '기계'는 아니다 — 맥락 용도로만,32031901,(식품가공기계),2026,"관세청_HS부호(공공데이터포털 15049722, 2026-01-01 기준) + 관세청_HSK별 신성질별_성질별 분류(15049720)"
843850,84,제84류 원자로ㆍ보일러ㆍ기계류와 이들의 부분품,육류나 가금(家禽)육의 조제용 기계,기계,approximate,B,제84류 원자로·보일러·기계류. 전산기기(8471 등)가 섞여 있어 류 전체가 '기계'는 아니다 — 맥락 용도로만,32031901,(식품가공기계),2026,"관세청_HS부호(공공데이터포털 15049722, 2026-01-01 기준) + 관세청_HSK별 신성질별_성질별 분류(15049720)"
843860,84,제84류 원자로ㆍ보일러ㆍ기계류와 이들의 부분품,,기계,approximate,B,제84류 원자로·보일러·기계류. 전산기기(8471 등)가 섞여 있어 류 전체가 '기계'는 아니다 — 맥락 용도로만,32031901,(식품가공기계),2026,"관세청_HS부호(공공데이터포털 15049722, 2026-01-01 기준) + 관세청_HSK별 신성질별_성질별 분류(15049720)"
843880,84,제84류 원자로ㆍ보일러ㆍ기계류와 이들의 부분품,그 밖의 기계,기계,approximate,B,제84류 원자로·보일러·기계류. 전산기기(8471 등)가 섞여 있어 류 전체가 '기계'는 아니다 — 맥락 용도로만,32031901,(식품가공기계),2026,"관세청_HS부호(공공데이터포털 15049722, 2026-01-01 기준) + 관세청_HSK별 신성질별_성질별 분류(15049720)"
843890,84,제84류 원자로ㆍ보일러ㆍ기계류와 이들의 부분품,,기계,approximate,B,제84류 원자로·보일러·기계류. 전산기기(8471 등)가 섞여 있어 류 전체가 '기계'는 아니다 — 맥락 용도로만,32031902,(식품가공기계 부품),2026,"관세청_HS부호(공공데이터포털 15049722, 2026-01-01 기준) + 관세청_HSK별 신성질별_성질별 분류(15049720)"
843910,84,제84류 원자로ㆍ보일러ㆍ기계류와 이들의 부분품,,기계,approximate,B,제84류 원자로·보일러·기계류. 전산기기(8471 등)가 섞여 있어 류 전체가 '기계'는 아니다 — 맥락 용도로만,32031301,(제지기계),2026,"관세청_HS부호(공공데이터포털 15049722, 2026-01-01 기준) + 관세청_HSK별 신성질별_성질별 분류(15049720)"
843920,84,제84류 원자로ㆍ보일러ㆍ기계류와 이들의 부분품,종이ㆍ판지의 제조용 기계,기계,approximate,B,제84류 원자로·보일러·기계류. 전산기기(8471 등)가 섞여 있어 류 전체가 '기계'는 아니다 — 맥락 용도로만,32031301,(제지기계),2026,"관세청_HS부호(공공데이터포털 15049722, 2026-01-01 기준) + 관세청_HSK별 신성질별_성질별 분류(15049720)"
843930,84,제84류 원자로ㆍ보일러ㆍ기계류와 이들의 부분품,종이ㆍ판지의 완성가공용 기계,기계,approximate,B,제84류 원자로·보일러·기계류. 전산기기(8471 등)가 섞여 있어 류 전체가 '기계'는 아니다 — 맥락 용도로만,32031301,(제지기계),2026,"관세청_HS부호(공공데이터포털 15049722, 2026-01-01 기준) + 관세청_HSK별 신성질별_성질별 분류(15049720)"
843991,84,제84류 원자로ㆍ보일러ㆍ기계류와 이들의 부분품,,기계,approximate,B,제84류 원자로·보일러·기계류. 전산기기(8471 등)가 섞여 있어 류 전체가 '기계'는 아니다 — 맥락 용도로만,32031301,(제지기계),2026,"관세청_HS부호(공공데이터포털 15049722, 2026-01-01 기준) + 관세청_HSK별 신성질별_성질별 분류(15049720)"
843999,84,제84류 원자로ㆍ보일러ㆍ기계류와 이들의 부분품,,기계,approximate,B,제84류 원자로·보일러·기계류. 전산기기(8471 등)가 섞여 있어 류 전체가 '기계'는 아니다 — 맥락 용도로만,32031301,(제지기계),2026,"관세청_HS부호(공공데이터포털 15049722, 2026-01-01 기준) + 관세청_HSK별 신성질별_성질별 분류(15049720)"
844010,84,제84류 원자로ㆍ보일러ㆍ기계류와 이들의 부분품,기계,기계,approximate,B,제84류 원자로·보일러·기계류. 전산기기(8471 등)가 섞여 있어 류 전체가 '기계'는 아니다 — 맥락 용도로만,32031302,(제본기계),2026,"관세청_HS부호(공공데이터포털 15049722, 2026-01-01 기준) + 관세청_HSK별 신성질별_성질별 분류(15049720)"
844090,84,제84류 원자로ㆍ보일러ㆍ기계류와 이들의 부분품,부분품,기계,approximate,B,제84류 원자로·보일러·기계류. 전산기기(8471 등)가 섞여 있어 류 전체가 '기계'는 아니다 — 맥락 용도로만,32031305,(인쇄·제본기계 부품),2026,"관세청_HS부호(공공데이터포털 15049722, 2026-01-01 기준) + 관세청_HSK별 신성질별_성질별 분류(15049720)"
844110,84,제84류 원자로ㆍ보일러ㆍ기계류와 이들의 부분품,,기계,approximate,B,제84류 원자로·보일러·기계류. 전산기기(8471 등)가 섞여 있어 류 전체가 '기계'는 아니다 — 맥락 용도로만,32031303,(지가공기계),2026,"관세청_HS부호(공공데이터포털 15049722, 2026-01-01 기준) + 관세청_HSK별 신성질별_성질별 분류(15049720)"
844120,84,제84류 원자로ㆍ보일러ㆍ기계류와 이들의 부분품,종이백ㆍ봉지ㆍ봉투 제조용 기계,기계,approximate,B,제84류 원자로·보일러·기계류. 전산기기(8471 등)가 섞여 있어 류 전체가 '기계'는 아니다 — 맥락 용도로만,32031303,(지가공기계),2026,"관세청_HS부호(공공데이터포털 15049722, 2026-01-01 기준) + 관세청_HSK별 신성질별_성질별 분류(15049720)"
844130,84,제84류 원자로ㆍ보일러ㆍ기계류와 이들의 부분품,,기계,approximate,B,제84류 원자로·보일러·기계류. 전산기기(8471 등)가 섞여 있어 류 전체가 '기계'는 아니다 — 맥락 용도로만,32031303,(지가공기계),2026,"관세청_HS부호(공공데이터포털 15049722, 2026-01-01 기준) + 관세청_HSK별 신성질별_성질별 분류(15049720)"
844140,84,제84류 원자로ㆍ보일러ㆍ기계류와 이들의 부분품,,기계,approximate,B,제84류 원자로·보일러·기계류. 전산기기(8471 등)가 섞여 있어 류 전체가 '기계'는 아니다 — 맥락 용도로만,32031303,(지가공기계),2026,"관세청_HS부호(공공데이터포털 15049722, 2026-01-01 기준) + 관세청_HSK별 신성질별_성질별 분류(15049720)"
844180,84,제84류 원자로ㆍ보일러ㆍ기계류와 이들의 부분품,그 밖의 기계,기계,approximate,B,제84류 원자로·보일러·기계류. 전산기기(8471 등)가 섞여 있어 류 전체가 '기계'는 아니다 — 맥락 용도로만,32031303,(지가공기계),2026,"관세청_HS부호(공공데이터포털 15049722, 2026-01-01 기준) + 관세청_HSK별 신성질별_성질별 분류(15049720)"
844190,84,제84류 원자로ㆍ보일러ㆍ기계류와 이들의 부분품,,기계,approximate,B,제84류 원자로·보일러·기계류. 전산기기(8471 등)가 섞여 있어 류 전체가 '기계'는 아니다 — 맥락 용도로만,32031303,(지가공기계),2026,"관세청_HS부호(공공데이터포털 15049722, 2026-01-01 기준) + 관세청_HSK별 신성질별_성질별 분류(15049720)"
844230,84,제84류 원자로ㆍ보일러ㆍ기계류와 이들의 부분품,,기계,approximate,B,제84류 원자로·보일러·기계류. 전산기기(8471 등)가 섞여 있어 류 전체가 '기계'는 아니다 — 맥락 용도로만,32031304,(인쇄기계),2026,"관세청_HS부호(공공데이터포털 15049722, 2026-01-01 기준) + 관세청_HSK별 신성질별_성질별 분류(15049720)"
844240,84,제84류 원자로ㆍ보일러ㆍ기계류와 이들의 부분품,,기계,approximate,B,제84류 원자로·보일러·기계류. 전산기기(8471 등)가 섞여 있어 류 전체가 '기계'는 아니다 — 맥락 용도로만,32031305,(인쇄·제본기계 부품),2026,"관세청_HS부호(공공데이터포털 15049722, 2026-01-01 기준) + 관세청_HSK별 신성질별_성질별 분류(15049720)"
844250,84,제84류 원자로ㆍ보일러ㆍ기계류와 이들의 부분품,,기계,approximate,B,제84류 원자로·보일러·기계류. 전산기기(8471 등)가 섞여 있어 류 전체가 '기계'는 아니다 — 맥락 용도로만,32031305,(인쇄·제본기계 부품),2026,"관세청_HS부호(공공데이터포털 15049722, 2026-01-01 기준) + 관세청_HSK별 신성질별_성질별 분류(15049720)"
844311,84,제84류 원자로ㆍ보일러ㆍ기계류와 이들의 부분품,,기계,approximate,B,제84류 원자로·보일러·기계류. 전산기기(8471 등)가 섞여 있어 류 전체가 '기계'는 아니다 — 맥락 용도로만,32031304,(인쇄기계),2026,"관세청_HS부호(공공데이터포털 15049722, 2026-01-01 기준) + 관세청_HSK별 신성질별_성질별 분류(15049720)"
844312,84,제84류 원자로ㆍ보일러ㆍ기계류와 이들의 부분품,,기계,approximate,B,제84류 원자로·보일러·기계류. 전산기기(8471 등)가 섞여 있어 류 전체가 '기계'는 아니다 — 맥락 용도로만,32031304,(인쇄기계),2026,"관세청_HS부호(공공데이터포털 15049722, 2026-01-01 기준) + 관세청_HSK별 신성질별_성질별 분류(15049720)"
844313,84,제84류 원자로ㆍ보일러ㆍ기계류와 이들의 부분품,,기계,approximate,B,제84류 원자로·보일러·기계류. 전산기기(8471 등)가 섞여 있어 류 전체가 '기계'는 아니다 — 맥락 용도로만,32031304,(인쇄기계),2026,"관세청_HS부호(공공데이터포털 15049722, 2026-01-01 기준) + 관세청_HSK별 신성질별_성질별 분류(15049720)"
844314,84,제84류 원자로ㆍ보일러ㆍ기계류와 이들의 부분품,,기계,approximate,B,제84류 원자로·보일러·기계류. 전산기기(8471 등)가 섞여 있어 류 전체가 '기계'는 아니다 — 맥락 용도로만,32031304,(인쇄기계),2026,"관세청_HS부호(공공데이터포털 15049722, 2026-01-01 기준) + 관세청_HSK별 신성질별_성질별 분류(15049720)"
844315,84,제84류 원자로ㆍ보일러ㆍ기계류와 이들의 부분품,,기계,approximate,B,제84류 원자로·보일러·기계류. 전산기기(8471 등)가 섞여 있어 류 전체가 '기계'는 아니다 — 맥락 용도로만,32031304,(인쇄기계),2026,"관세청_HS부호(공공데이터포털 15049722, 2026-01-01 기준) + 관세청_HSK별 신성질별_성질별 분류(15049720)"
844316,84,제84류 원자로ㆍ보일러ㆍ기계류와 이들의 부분품,,기계,approximate,B,제84류 원자로·보일러·기계류. 전산기기(8471 등)가 섞여 있어 류 전체가 '기계'는 아니다 — 맥락 용도로만,32031304,(인쇄기계),2026,"관세청_HS부호(공공데이터포털 15049722, 2026-01-01 기준) + 관세청_HSK별 신성질별_성질별 분류(15049720)"
844317,84,제84류 원자로ㆍ보일러ㆍ기계류와 이들의 부분품,,기계,approximate,B,제84류 원자로·보일러·기계류. 전산기기(8471 등)가 섞여 있어 류 전체가 '기계'는 아니다 — 맥락 용도로만,32031304,(인쇄기계),2026,"관세청_HS부호(공공데이터포털 15049722, 2026-01-01 기준) + 관세청_HSK별 신성질별_성질별 분류(15049720)"
844319,84,제84류 원자로ㆍ보일러ㆍ기계류와 이들의 부분품,기타,기계,approximate,B,제84류 원자로·보일러·기계류. 전산기기(8471 등)가 섞여 있어 류 전체가 '기계'는 아니다 — 맥락 용도로만,32031304,(인쇄기계),2026,"관세청_HS부호(공공데이터포털 15049722, 2026-01-01 기준) + 관세청_HSK별 신성질별_성질별 분류(15049720)"
844331,84,제84류 원자로ㆍ보일러ㆍ기계류와 이들의 부분품,"자동자료처리기계나 네트워크로 연결되며, 인쇄ㆍ복사ㆍ팩시밀리 전송의 기능 중 둘 이상의 기능을 수행하는 기계",기계,approximate,B,제84류 원자로·보일러·기계류. 전산기기(8471 등)가 섞여 있어 류 전체가 '기계'는 아니다 — 맥락 용도로만,,,2026,"관세청_HS부호(공공데이터포털 15049722, 2026-01-01 기준) + 관세청_HSK별 신성질별_성질별 분류(15049720)"
844332,84,제84류 원자로ㆍ보일러ㆍ기계류와 이들의 부분품,자동자료처리기계나 네트워크로 연결되는 그 밖의 기기,기계,approximate,B,제84류 원자로·보일러·기계류. 전산기기(8471 등)가 섞여 있어 류 전체가 '기계'는 아니다 — 맥락 용도로만,,,2026,"관세청_HS부호(공공데이터포털 15049722, 2026-01-01 기준) + 관세청_HSK별 신성질별_성질별 분류(15049720)"
844339,84,제84류 원자로ㆍ보일러ㆍ기계류와 이들의 부분품,기타,기계,approximate,B,제84류 원자로·보일러·기계류. 전산기기(8471 등)가 섞여 있어 류 전체가 '기계'는 아니다 — 맥락 용도로만,,,2026,"관세청_HS부호(공공데이터포털 15049722, 2026-01-01 기준) + 관세청_HSK별 신성질별_성질별 분류(15049720)"
844391,84,제84류 원자로ㆍ보일러ㆍ기계류와 이들의 부분품,제8442호의 플레이트ㆍ실린더와 그 밖의 인쇄용 구성 부품을 사용하는 인쇄기의 부분품과 부속품,기계,approximate,B,제84류 원자로·보일러·기계류. 전산기기(8471 등)가 섞여 있어 류 전체가 '기계'는 아니다 — 맥락 용도로만,,,2026,"관세청_HS부호(공공데이터포털 15049722, 2026-01-01 기준) + 관세청_HSK별 신성질별_성질별 분류(15049720)"
844399,84,제84류 원자로ㆍ보일러ㆍ기계류와 이들의 부분품,기타,기계,approximate,B,제84류 원자로·보일러·기계류. 전산기기(8471 등)가 섞여 있어 류 전체가 '기계'는 아니다 — 맥락 용도로만,33030301,(정보기기 부품),2026,"관세청_HS부호(공공데이터포털 15049722, 2026-01-01 기준) + 관세청_HSK별 신성질별_성질별 분류(15049720)"
844400,84,제84류 원자로ㆍ보일러ㆍ기계류와 이들의 부분품,인조섬유의 방사(紡絲)용ㆍ늘림(drawing)용ㆍ텍스처(texture)용ㆍ절단용 기계,기계,approximate,B,제84류 원자로·보일러·기계류. 전산기기(8471 등)가 섞여 있어 류 전체가 '기계'는 아니다 — 맥락 용도로만,32031001,(섬유기계),2026,"관세청_HS부호(공공데이터포털 15049722, 2026-01-01 기준) + 관세청_HSK별 신성질별_성질별 분류(15049720)"
844511,84,제84류 원자로ㆍ보일러ㆍ기계류와 이들의 부분품,,기계,approximate,B,제84류 원자로·보일러·기계류. 전산기기(8471 등)가 섞여 있어 류 전체가 '기계'는 아니다 — 맥락 용도로만,32031001,(섬유기계),2026,"관세청_HS부호(공공데이터포털 15049722, 2026-01-01 기준) + 관세청_HSK별 신성질별_성질별 분류(15049720)"
844512,84,제84류 원자로ㆍ보일러ㆍ기계류와 이들의 부분품,,기계,approximate,B,제84류 원자로·보일러·기계류. 전산기기(8471 등)가 섞여 있어 류 전체가 '기계'는 아니다 — 맥락 용도로만,32031001,(섬유기계),2026,"관세청_HS부호(공공데이터포털 15049722, 2026-01-01 기준) + 관세청_HSK별 신성질별_성질별 분류(15049720)"
844513,84,제84류 원자로ㆍ보일러ㆍ기계류와 이들의 부분품,,기계,approximate,B,제84류 원자로·보일러·기계류. 전산기기(8471 등)가 섞여 있어 류 전체가 '기계'는 아니다 — 맥락 용도로만,32031001,(섬유기계),2026,"관세청_HS부호(공공데이터포털 15049722, 2026-01-01 기준) + 관세청_HSK별 신성질별_성질별 분류(15049720)"
844519,84,제84류 원자로ㆍ보일러ㆍ기계류와 이들의 부분품,기타,기계,approximate,B,제84류 원자로·보일러·기계류. 전산기기(8471 등)가 섞여 있어 류 전체가 '기계'는 아니다 — 맥락 용도로만,32031001,(섬유기계),2026,"관세청_HS부호(공공데이터포털 15049722, 2026-01-01 기준) + 관세청_HSK별 신성질별_성질별 분류(15049720)"
844520,84,제84류 원자로ㆍ보일러ㆍ기계류와 이들의 부분품,방적기계,기계,approximate,B,제84류 원자로·보일러·기계류. 전산기기(8471 등)가 섞여 있어 류 전체가 '기계'는 아니다 — 맥락 용도로만,,,2026,"관세청_HS부호(공공데이터포털 15049722, 2026-01-01 기준) + 관세청_HSK별 신성질별_성질별 분류(15049720)"
844530,84,제84류 원자로ㆍ보일러ㆍ기계류와 이들의 부분품,합사기(合絲機)나 연사기(撚絲機),기계,approximate,B,제84류 원자로·보일러·기계류. 전산기기(8471 등)가 섞여 있어 류 전체가 '기계'는 아니다 — 맥락 용도로만,32031001,(섬유기계),2026,"관세청_HS부호(공공데이터포털 15049722, 2026-01-01 기준) + 관세청_HSK별 신성질별_성질별 분류(15049720)"
844540,84,제84류 원자로ㆍ보일러ㆍ기계류와 이들의 부분품,권사기(捲絲機)[위권기(緯捲機)를 포함한다],기계,approximate,B,제84류 원자로·보일러·기계류. 전산기기(8471 등)가 섞여 있어 류 전체가 '기계'는 아니다 — 맥락 용도로만,32031001,(섬유기계),2026,"관세청_HS부호(공공데이터포털 15049722, 2026-01-01 기준) + 관세청_HSK별 신성질별_성질별 분류(15049720)"
844590,84,제84류 원자로ㆍ보일러ㆍ기계류와 이들의 부분품,기타,기계,approximate,B,제84류 원자로·보일러·기계류. 전산기기(8471 등)가 섞여 있어 류 전체가 '기계'는 아니다 — 맥락 용도로만,32031001,(섬유기계),2026,"관세청_HS부호(공공데이터포털 15049722, 2026-01-01 기준) + 관세청_HSK별 신성질별_성질별 분류(15049720)"
844610,84,제84류 원자로ㆍ보일러ㆍ기계류와 이들의 부분품,,기계,approximate,B,제84류 원자로·보일러·기계류. 전산기기(8471 등)가 섞여 있어 류 전체가 '기계'는 아니다 — 맥락 용도로만,32031001,(섬유기계),2026,"관세청_HS부호(공공데이터포털 15049722, 2026-01-01 기준) + 관세청_HSK별 신성질별_성질별 분류(15049720)"
844621,84,제84류 원자로ㆍ보일러ㆍ기계류와 이들의 부분품,,기계,approximate,B,제84류 원자로·보일러·기계류. 전산기기(8471 등)가 섞여 있어 류 전체가 '기계'는 아니다 — 맥락 용도로만,32031001,(섬유기계),2026,"관세청_HS부호(공공데이터포털 15049722, 2026-01-01 기준) + 관세청_HSK별 신성질별_성질별 분류(15049720)"
844629,84,제84류 원자로ㆍ보일러ㆍ기계류와 이들의 부분품,,기계,approximate,B,제84류 원자로·보일러·기계류. 전산기기(8471 등)가 섞여 있어 류 전체가 '기계'는 아니다 — 맥락 용도로만,32031001,(섬유기계),2026,"관세청_HS부호(공공데이터포털 15049722, 2026-01-01 기준) + 관세청_HSK별 신성질별_성질별 분류(15049720)"
844630,84,제84류 원자로ㆍ보일러ㆍ기계류와 이들의 부분품,폭이 30센티미터를 초과하는 직기[셔틀리스(shuttleless)형으로 한정한다],기계,approximate,B,제84류 원자로·보일러·기계류. 전산기기(8471 등)가 섞여 있어 류 전체가 '기계'는 아니다 — 맥락 용도로만,,,2026,"관세청_HS부호(공공데이터포털 15049722, 2026-01-01 기준) + 관세청_HSK별 신성질별_성질별 분류(15049720)"
844711,84,제84류 원자로ㆍ보일러ㆍ기계류와 이들의 부분품,실린더 지름이 165밀리미터 이하인 것,기계,approximate,B,제84류 원자로·보일러·기계류. 전산기기(8471 등)가 섞여 있어 류 전체가 '기계'는 아니다 — 맥락 용도로만,32031001,(섬유기계),2026,"관세청_HS부호(공공데이터포털 15049722, 2026-01-01 기준) + 관세청_HSK별 신성질별_성질별 분류(15049720)"
844712,84,제84류 원자로ㆍ보일러ㆍ기계류와 이들의 부분품,,기계,approximate,B,제84류 원자로·보일러·기계류. 전산기기(8471 등)가 섞여 있어 류 전체가 '기계'는 아니다 — 맥락 용도로만,32031001,(섬유기계),2026,"관세청_HS부호(공공데이터포털 15049722, 2026-01-01 기준) + 관세청_HSK별 신성질별_성질별 분류(15049720)"
844720,84,제84류 원자로ㆍ보일러ㆍ기계류와 이들의 부분품,횡(橫) 편직기와 스티치 본딩기(stitch-bonding machine),기계,approximate,B,제84류 원자로·보일러·기계류. 전산기기(8471 등)가 섞여 있어 류 전체가 '기계'는 아니다 — 맥락 용도로만,,,2026,"관세청_HS부호(공공데이터포털 15049722, 2026-01-01 기준) + 관세청_HSK별 신성질별_성질별 분류(15049720)"
844790,84,제84류 원자로ㆍ보일러ㆍ기계류와 이들의 부분품,기타,기계,approximate,B,제84류 원자로·보일러·기계류. 전산기기(8471 등)가 섞여 있어 류 전체가 '기계'는 아니다 — 맥락 용도로만,32031001,(섬유기계),2026,"관세청_HS부호(공공데이터포털 15049722, 2026-01-01 기준) + 관세청_HSK별 신성질별_성질별 분류(15049720)"
844811,84,제84류 원자로ㆍ보일러ㆍ기계류와 이들의 부분품,도비(dobby)기ㆍ자카드기와 이들을 사용하기 위한 카드의 축소용ㆍ복사용ㆍ천공용ㆍ조립용 기계,기계,approximate,B,제84류 원자로·보일러·기계류. 전산기기(8471 등)가 섞여 있어 류 전체가 '기계'는 아니다 — 맥락 용도로만,32031004,(섬유 및 피혁가공기계 부품),2026,"관세청_HS부호(공공데이터포털 15049722, 2026-01-01 기준) + 관세청_HSK별 신성질별_성질별 분류(15049720)"
844819,84,제84류 원자로ㆍ보일러ㆍ기계류와 이들의 부분품,기타,기계,approximate,B,제84류 원자로·보일러·기계류. 전산기기(8471 등)가 섞여 있어 류 전체가 '기계'는 아니다 — 맥락 용도로만,32031004,(섬유 및 피혁가공기계 부품),2026,"관세청_HS부호(공공데이터포털 15049722, 2026-01-01 기준) + 관세청_HSK별 신성질별_성질별 분류(15049720)"
844820,84,제84류 원자로ㆍ보일러ㆍ기계류와 이들의 부분품,제8444호에서 규정한 기계나 이들의 보조기계의 부분품과 부속품,기계,approximate,B,제84류 원자로·보일러·기계류. 전산기기(8471 등)가 섞여 있어 류 전체가 '기계'는 아니다 — 맥락 용도로만,32031004,(섬유 및 피혁가공기계 부품),2026,"관세청_HS부호(공공데이터포털 15049722, 2026-01-01 기준) + 관세청_HSK별 신성질별_성질별 분류(15049720)"
844831,84,제84류 원자로ㆍ보일러ㆍ기계류와 이들의 부분품,,기계,approximate,B,제84류 원자로·보일러·기계류. 전산기기(8471 등)가 섞여 있어 류 전체가 '기계'는 아니다 — 맥락 용도로만,32031004,(섬유 및 피혁가공기계 부품),2026,"관세청_HS부호(공공데이터포털 15049722, 2026-01-01 기준) + 관세청_HSK별 신성질별_성질별 분류(15049720)"
844832,84,제84류 원자로ㆍ보일러ㆍ기계류와 이들의 부분품,,기계,approximate,B,제84류 원자로·보일러·기계류. 전산기기(8471 등)가 섞여 있어 류 전체가 '기계'는 아니다 — 맥락 용도로만,32031004,(섬유 및 피혁가공기계 부품),2026,"관세청_HS부호(공공데이터포털 15049722, 2026-01-01 기준) + 관세청_HSK별 신성질별_성질별 분류(15049720)"
844833,84,제84류 원자로ㆍ보일러ㆍ기계류와 이들의 부분품,,기계,approximate,B,제84류 원자로·보일러·기계류. 전산기기(8471 등)가 섞여 있어 류 전체가 '기계'는 아니다 — 맥락 용도로만,32031004,(섬유 및 피혁가공기계 부품),2026,"관세청_HS부호(공공데이터포털 15049722, 2026-01-01 기준) + 관세청_HSK별 신성질별_성질별 분류(15049720)"
844839,84,제84류 원자로ㆍ보일러ㆍ기계류와 이들의 부분품,기타,기계,approximate,B,제84류 원자로·보일러·기계류. 전산기기(8471 등)가 섞여 있어 류 전체가 '기계'는 아니다 — 맥락 용도로만,32031004,(섬유 및 피혁가공기계 부품),2026,"관세청_HS부호(공공데이터포털 15049722, 2026-01-01 기준) + 관세청_HSK별 신성질별_성질별 분류(15049720)"
844842,84,제84류 원자로ㆍ보일러ㆍ기계류와 이들의 부분품,,기계,approximate,B,제84류 원자로·보일러·기계류. 전산기기(8471 등)가 섞여 있어 류 전체가 '기계'는 아니다 — 맥락 용도로만,32031004,(섬유 및 피혁가공기계 부품),2026,"관세청_HS부호(공공데이터포털 15049722, 2026-01-01 기준) + 관세청_HSK별 신성질별_성질별 분류(15049720)"
844849,84,제84류 원자로ㆍ보일러ㆍ기계류와 이들의 부분품,,기계,approximate,B,제84류 원자로·보일러·기계류. 전산기기(8471 등)가 섞여 있어 류 전체가 '기계'는 아니다 — 맥락 용도로만,32031004,(섬유 및 피혁가공기계 부품),2026,"관세청_HS부호(공공데이터포털 15049722, 2026-01-01 기준) + 관세청_HSK별 신성질별_성질별 분류(15049720)"
844851,84,제84류 원자로ㆍ보일러ㆍ기계류와 이들의 부분품,바늘땀(stitch) 형성에 사용하는 싱커(sinker)ㆍ바늘과 그 밖의 물품,기계,approximate,B,제84류 원자로·보일러·기계류. 전산기기(8471 등)가 섞여 있어 류 전체가 '기계'는 아니다 — 맥락 용도로만,32031004,(섬유 및 피혁가공기계 부품),2026,"관세청_HS부호(공공데이터포털 15049722, 2026-01-01 기준) + 관세청_HSK별 신성질별_성질별 분류(15049720)"
844859,84,제84류 원자로ㆍ보일러ㆍ기계류와 이들의 부분품,,기계,approximate,B,제84류 원자로·보일러·기계류. 전산기기(8471 등)가 섞여 있어 류 전체가 '기계'는 아니다 — 맥락 용도로만,32031004,(섬유 및 피혁가공기계 부품),2026,"관세청_HS부호(공공데이터포털 15049722, 2026-01-01 기준) + 관세청_HSK별 신성질별_성질별 분류(15049720)"
844900,84,제84류 원자로ㆍ보일러ㆍ기계류와 이들의 부분품,펠트나 부직포(성형인 것을 포함한다)의 제조ㆍ완성가공용 기계(펠트모자 제조용 기계를 포함한다)와 모자 제조용 형(型),기계,approximate,B,제84류 원자로·보일러·기계류. 전산기기(8471 등)가 섞여 있어 류 전체가 '기계'는 아니다 — 맥락 용도로만,32031001,(섬유기계),2026,"관세청_HS부호(공공데이터포털 15049722, 2026-01-01 기준) + 관세청_HSK별 신성질별_성질별 분류(15049720)"
845011,84,제84류 원자로ㆍ보일러ㆍ기계류와 이들의 부분품,,기계,approximate,B,제84류 원자로·보일러·기계류. 전산기기(8471 등)가 섞여 있어 류 전체가 '기계'는 아니다 — 맥락 용도로만,12010301,(세탁기),2026,"관세청_HS부호(공공데이터포털 15049722, 2026-01-01 기준) + 관세청_HSK별 신성질별_성질별 분류(15049720)"
845012,84,제84류 원자로ㆍ보일러ㆍ기계류와 이들의 부분품,,기계,approximate,B,제84류 원자로·보일러·기계류. 전산기기(8471 등)가 섞여 있어 류 전체가 '기계'는 아니다 — 맥락 용도로만,12010301,(세탁기),2026,"관세청_HS부호(공공데이터포털 15049722, 2026-01-01 기준) + 관세청_HSK별 신성질별_성질별 분류(15049720)"
845019,84,제84류 원자로ㆍ보일러ㆍ기계류와 이들의 부분품,,기계,approximate,B,제84류 원자로·보일러·기계류. 전산기기(8471 등)가 섞여 있어 류 전체가 '기계'는 아니다 — 맥락 용도로만,12010301,(세탁기),2026,"관세청_HS부호(공공데이터포털 15049722, 2026-01-01 기준) + 관세청_HSK별 신성질별_성질별 분류(15049720)"
845020,84,제84류 원자로ㆍ보일러ㆍ기계류와 이들의 부분품,,기계,approximate,B,제84류 원자로·보일러·기계류. 전산기기(8471 등)가 섞여 있어 류 전체가 '기계'는 아니다 — 맥락 용도로만,32031001,(섬유기계),2026,"관세청_HS부호(공공데이터포털 15049722, 2026-01-01 기준) + 관세청_HSK별 신성질별_성질별 분류(15049720)"
845090,84,제84류 원자로ㆍ보일러ㆍ기계류와 이들의 부분품,,기계,approximate,B,제84류 원자로·보일러·기계류. 전산기기(8471 등)가 섞여 있어 류 전체가 '기계'는 아니다 — 맥락 용도로만,12019001,(기타 가전제품),2026,"관세청_HS부호(공공데이터포털 15049722, 2026-01-01 기준) + 관세청_HSK별 신성질별_성질별 분류(15049720)"
845110,84,제84류 원자로ㆍ보일러ㆍ기계류와 이들의 부분품,,기계,approximate,B,제84류 원자로·보일러·기계류. 전산기기(8471 등)가 섞여 있어 류 전체가 '기계'는 아니다 — 맥락 용도로만,32031001,(섬유기계),2026,"관세청_HS부호(공공데이터포털 15049722, 2026-01-01 기준) + 관세청_HSK별 신성질별_성질별 분류(15049720)"
845121,84,제84류 원자로ㆍ보일러ㆍ기계류와 이들의 부분품,,기계,approximate,B,제84류 원자로·보일러·기계류. 전산기기(8471 등)가 섞여 있어 류 전체가 '기계'는 아니다 — 맥락 용도로만,32031001,(섬유기계),2026,"관세청_HS부호(공공데이터포털 15049722, 2026-01-01 기준) + 관세청_HSK별 신성질별_성질별 분류(15049720)"
845129,84,제84류 원자로ㆍ보일러ㆍ기계류와 이들의 부분품,,기계,approximate,B,제84류 원자로·보일러·기계류. 전산기기(8471 등)가 섞여 있어 류 전체가 '기계'는 아니다 — 맥락 용도로만,32031001,(섬유기계),2026,"관세청_HS부호(공공데이터포털 15049722, 2026-01-01 기준) + 관세청_HSK별 신성질별_성질별 분류(15049720)"
845130,84,제84류 원자로ㆍ보일러ㆍ기계류와 이들의 부분품,다림질기와 프레스[퓨징프레스(fusing press)를 포함한다],기계,approximate,B,제84류 원자로·보일러·기계류. 전산기기(8471 등)가 섞여 있어 류 전체가 '기계'는 아니다 — 맥락 용도로만,32031001,(섬유기계),2026,"관세청_HS부호(공공데이터포털 15049722, 2026-01-01 기준) + 관세청_HSK별 신성질별_성질별 분류(15049720)"
845140,84,제84류 원자로ㆍ보일러ㆍ기계류와 이들의 부분품,세탁기ㆍ표백기ㆍ염색기,기계,approximate,B,제84류 원자로·보일러·기계류. 전산기기(8471 등)가 섞여 있어 류 전체가 '기계'는 아니다 — 맥락 용도로만,32031001,(섬유기계),2026,"관세청_HS부호(공공데이터포털 15049722, 2026-01-01 기준) + 관세청_HSK별 신성질별_성질별 분류(15049720)"
845150,84,제84류 원자로ㆍ보일러ㆍ기계류와 이들의 부분품,감기(reeling)용 기계ㆍ풀기(unreeling)용 기계ㆍ접음기ㆍ절단기ㆍ핑킹(pinking)용 기계(직물용으로 한정한다),기계,approximate,B,제84류 원자로·보일러·기계류. 전산기기(8471 등)가 섞여 있어 류 전체가 '기계'는 아니다 — 맥락 용도로만,32031001,(섬유기계),2026,"관세청_HS부호(공공데이터포털 15049722, 2026-01-01 기준) + 관세청_HSK별 신성질별_성질별 분류(15049720)"
845180,84,제84류 원자로ㆍ보일러ㆍ기계류와 이들의 부분품,그 밖의 기계,기계,approximate,B,제84류 원자로·보일러·기계류. 전산기기(8471 등)가 섞여 있어 류 전체가 '기계'는 아니다 — 맥락 용도로만,32031001,(섬유기계),2026,"관세청_HS부호(공공데이터포털 15049722, 2026-01-01 기준) + 관세청_HSK별 신성질별_성질별 분류(15049720)"
845190,84,제84류 원자로ㆍ보일러ㆍ기계류와 이들의 부분품,부분품,기계,approximate,B,제84류 원자로·보일러·기계류. 전산기기(8471 등)가 섞여 있어 류 전체가 '기계'는 아니다 — 맥락 용도로만,32031001,(섬유기계),2026,"관세청_HS부호(공공데이터포털 15049722, 2026-01-01 기준) + 관세청_HSK별 신성질별_성질별 분류(15049720)"
845210,84,제84류 원자로ㆍ보일러ㆍ기계류와 이들의 부분품,가정형 재봉기,기계,approximate,B,제84류 원자로·보일러·기계류. 전산기기(8471 등)가 섞여 있어 류 전체가 '기계'는 아니다 — 맥락 용도로만,,,2026,"관세청_HS부호(공공데이터포털 15049722, 2026-01-01 기준) + 관세청_HSK별 신성질별_성질별 분류(15049720)"
845221,84,제84류 원자로ㆍ보일러ㆍ기계류와 이들의 부분품,자동식,기계,approximate,B,제84류 원자로·보일러·기계류. 전산기기(8471 등)가 섞여 있어 류 전체가 '기계'는 아니다 — 맥락 용도로만,32031003,(재봉기),2026,"관세청_HS부호(공공데이터포털 15049722, 2026-01-01 기준) + 관세청_HSK별 신성질별_성질별 분류(15049720)"
845229,84,제84류 원자로ㆍ보일러ㆍ기계류와 이들의 부분품,기타,기계,approximate,B,제84류 원자로·보일러·기계류. 전산기기(8471 등)가 섞여 있어 류 전체가 '기계'는 아니다 — 맥락 용도로만,32031003,(재봉기),2026,"관세청_HS부호(공공데이터포털 15049722, 2026-01-01 기준) + 관세청_HSK별 신성질별_성질별 분류(15049720)"
845230,84,제84류 원자로ㆍ보일러ㆍ기계류와 이들의 부분품,,기계,approximate,B,제84류 원자로·보일러·기계류. 전산기기(8471 등)가 섞여 있어 류 전체가 '기계'는 아니다 — 맥락 용도로만,32031003,(재봉기),2026,"관세청_HS부호(공공데이터포털 15049722, 2026-01-01 기준) + 관세청_HSK별 신성질별_성질별 분류(15049720)"
845290,84,제84류 원자로ㆍ보일러ㆍ기계류와 이들의 부분품,"재봉기용으로 특수 제작된 가구ㆍ밑판ㆍ덮개와 그 부분품, 그 밖의 재봉기의 부분품",기계,approximate,B,제84류 원자로·보일러·기계류. 전산기기(8471 등)가 섞여 있어 류 전체가 '기계'는 아니다 — 맥락 용도로만,32031003,(재봉기),2026,"관세청_HS부호(공공데이터포털 15049722, 2026-01-01 기준) + 관세청_HSK별 신성질별_성질별 분류(15049720)"
845310,84,제84류 원자로ㆍ보일러ㆍ기계류와 이들의 부분품,원피ㆍ가죽의 유피(柔皮)준비기ㆍ유피(柔皮)기ㆍ가공기계,기계,approximate,B,제84류 원자로·보일러·기계류. 전산기기(8471 등)가 섞여 있어 류 전체가 '기계'는 아니다 — 맥락 용도로만,32031002,(피혁가공기계),2026,"관세청_HS부호(공공데이터포털 15049722, 2026-01-01 기준) + 관세청_HSK별 신성질별_성질별 분류(15049720)"
845320,84,제84류 원자로ㆍ보일러ㆍ기계류와 이들의 부분품,,기계,approximate,B,제84류 원자로·보일러·기계류. 전산기기(8471 등)가 섞여 있어 류 전체가 '기계'는 아니다 — 맥락 용도로만,32031002,(피혁가공기계),2026,"관세청_HS부호(공공데이터포털 15049722, 2026-01-01 기준) + 관세청_HSK별 신성질별_성질별 분류(15049720)"
845380,84,제84류 원자로ㆍ보일러ㆍ기계류와 이들의 부분품,,기계,approximate,B,제84류 원자로·보일러·기계류. 전산기기(8471 등)가 섞여 있어 류 전체가 '기계'는 아니다 — 맥락 용도로만,32031002,(피혁가공기계),2026,"관세청_HS부호(공공데이터포털 15049722, 2026-01-01 기준) + 관세청_HSK별 신성질별_성질별 분류(15049720)"
845390,84,제84류 원자로ㆍ보일러ㆍ기계류와 이들의 부분품,,기계,approximate,B,제84류 원자로·보일러·기계류. 전산기기(8471 등)가 섞여 있어 류 전체가 '기계'는 아니다 — 맥락 용도로만,32031004,(섬유 및 피혁가공기계 부품),2026,"관세청_HS부호(공공데이터포털 15049722, 2026-01-01 기준) + 관세청_HSK별 신성질별_성질별 분류(15049720)"
845410,84,제84류 원자로ㆍ보일러ㆍ기계류와 이들의 부분품,,기계,approximate,B,제84류 원자로·보일러·기계류. 전산기기(8471 등)가 섞여 있어 류 전체가 '기계'는 아니다 — 맥락 용도로만,32031801,(주조설비),2026,"관세청_HS부호(공공데이터포털 15049722, 2026-01-01 기준) + 관세청_HSK별 신성질별_성질별 분류(15049720)"
845420,84,제84류 원자로ㆍ보일러ㆍ기계류와 이들의 부분품,,기계,approximate,B,제84류 원자로·보일러·기계류. 전산기기(8471 등)가 섞여 있어 류 전체가 '기계'는 아니다 — 맥락 용도로만,32031801,(주조설비),2026,"관세청_HS부호(공공데이터포털 15049722, 2026-01-01 기준) + 관세청_HSK별 신성질별_성질별 분류(15049720)"
845430,84,제84류 원자로ㆍ보일러ㆍ기계류와 이들의 부분품,주조기,기계,approximate,B,제84류 원자로·보일러·기계류. 전산기기(8471 등)가 섞여 있어 류 전체가 '기계'는 아니다 — 맥락 용도로만,,,2026,"관세청_HS부호(공공데이터포털 15049722, 2026-01-01 기준) + 관세청_HSK별 신성질별_성질별 분류(15049720)"
845490,84,제84류 원자로ㆍ보일러ㆍ기계류와 이들의 부분품,부분품,기계,approximate,B,제84류 원자로·보일러·기계류. 전산기기(8471 등)가 섞여 있어 류 전체가 '기계'는 아니다 — 맥락 용도로만,32031802,(주조설비 부품),2026,"관세청_HS부호(공공데이터포털 15049722, 2026-01-01 기준) + 관세청_HSK별 신성질별_성질별 분류(15049720)"
845510,84,제84류 원자로ㆍ보일러ㆍ기계류와 이들의 부분품,,기계,approximate,B,제84류 원자로·보일러·기계류. 전산기기(8471 등)가 섞여 있어 류 전체가 '기계'는 아니다 — 맥락 용도로만,32031601,(압연기),2026,"관세청_HS부호(공공데이터포털 15049722, 2026-01-01 기준) + 관세청_HSK별 신성질별_성질별 분류(15049720)"
845521,84,제84류 원자로ㆍ보일러ㆍ기계류와 이들의 부분품,,기계,approximate,B,제84류 원자로·보일러·기계류. 전산기기(8471 등)가 섞여 있어 류 전체가 '기계'는 아니다 — 맥락 용도로만,32031601,(압연기),2026,"관세청_HS부호(공공데이터포털 15049722, 2026-01-01 기준) + 관세청_HSK별 신성질별_성질별 분류(15049720)"
845522,84,제84류 원자로ㆍ보일러ㆍ기계류와 이들의 부분품,,기계,approximate,B,제84류 원자로·보일러·기계류. 전산기기(8471 등)가 섞여 있어 류 전체가 '기계'는 아니다 — 맥락 용도로만,32031601,(압연기),2026,"관세청_HS부호(공공데이터포털 15049722, 2026-01-01 기준) + 관세청_HSK별 신성질별_성질별 분류(15049720)"
845530,84,제84류 원자로ㆍ보일러ㆍ기계류와 이들의 부분품,압연기용 롤,기계,approximate,B,제84류 원자로·보일러·기계류. 전산기기(8471 등)가 섞여 있어 류 전체가 '기계'는 아니다 — 맥락 용도로만,32031601,(압연기),2026,"관세청_HS부호(공공데이터포털 15049722, 2026-01-01 기준) + 관세청_HSK별 신성질별_성질별 분류(15049720)"
845590,84,제84류 원자로ㆍ보일러ㆍ기계류와 이들의 부분품,,기계,approximate,B,제84류 원자로·보일러·기계류. 전산기기(8471 등)가 섞여 있어 류 전체가 '기계'는 아니다 — 맥락 용도로만,32031602,(압연기 부품),2026,"관세청_HS부호(공공데이터포털 15049722, 2026-01-01 기준) + 관세청_HSK별 신성질별_성질별 분류(15049720)"
845611,84,제84류 원자로ㆍ보일러ㆍ기계류와 이들의 부분품,레이저 방식으로 하는 것,기계,approximate,B,제84류 원자로·보일러·기계류. 전산기기(8471 등)가 섞여 있어 류 전체가 '기계'는 아니다 — 맥락 용도로만,32030701,(금속절삭가공기계),2026,"관세청_HS부호(공공데이터포털 15049722, 2026-01-01 기준) + 관세청_HSK별 신성질별_성질별 분류(15049720)"
845612,84,제84류 원자로ㆍ보일러ㆍ기계류와 이들의 부분품,그 밖의 광선ㆍ광자빔 방식으로 하는 것,기계,approximate,B,제84류 원자로·보일러·기계류. 전산기기(8471 등)가 섞여 있어 류 전체가 '기계'는 아니다 — 맥락 용도로만,32030701,(금속절삭가공기계),2026,"관세청_HS부호(공공데이터포털 15049722, 2026-01-01 기준) + 관세청_HSK별 신성질별_성질별 분류(15049720)"
845620,84,제84류 원자로ㆍ보일러ㆍ기계류와 이들의 부분품,,기계,approximate,B,제84류 원자로·보일러·기계류. 전산기기(8471 등)가 섞여 있어 류 전체가 '기계'는 아니다 — 맥락 용도로만,32030701,(금속절삭가공기계),2026,"관세청_HS부호(공공데이터포털 15049722, 2026-01-01 기준) + 관세청_HSK별 신성질별_성질별 분류(15049720)"
845630,84,제84류 원자로ㆍ보일러ㆍ기계류와 이들의 부분품,방전 방식으로 하는 것,기계,approximate,B,제84류 원자로·보일러·기계류. 전산기기(8471 등)가 섞여 있어 류 전체가 '기계'는 아니다 — 맥락 용도로만,,,2026,"관세청_HS부호(공공데이터포털 15049722, 2026-01-01 기준) + 관세청_HSK별 신성질별_성질별 분류(15049720)"
845640,84,제84류 원자로ㆍ보일러ㆍ기계류와 이들의 부분품,,기계,approximate,B,제84류 원자로·보일러·기계류. 전산기기(8471 등)가 섞여 있어 류 전체가 '기계'는 아니다 — 맥락 용도로만,32030701,(금속절삭가공기계),2026,"관세청_HS부호(공공데이터포털 15049722, 2026-01-01 기준) + 관세청_HSK별 신성질별_성질별 분류(15049720)"
845650,84,제84류 원자로ㆍ보일러ㆍ기계류와 이들의 부분품,,기계,approximate,B,제84류 원자로·보일러·기계류. 전산기기(8471 등)가 섞여 있어 류 전체가 '기계'는 아니다 — 맥락 용도로만,32030701,(금속절삭가공기계),2026,"관세청_HS부호(공공데이터포털 15049722, 2026-01-01 기준) + 관세청_HSK별 신성질별_성질별 분류(15049720)"
845690,84,제84류 원자로ㆍ보일러ㆍ기계류와 이들의 부분품,,기계,approximate,B,제84류 원자로·보일러·기계류. 전산기기(8471 등)가 섞여 있어 류 전체가 '기계'는 아니다 — 맥락 용도로만,32030701,(금속절삭가공기계),2026,"관세청_HS부호(공공데이터포털 15049722, 2026-01-01 기준) + 관세청_HSK별 신성질별_성질별 분류(15049720)"
845710,84,제84류 원자로ㆍ보일러ㆍ기계류와 이들의 부분품,머시닝센터(machining centre),기계,approximate,B,제84류 원자로·보일러·기계류. 전산기기(8471 등)가 섞여 있어 류 전체가 '기계'는 아니다 — 맥락 용도로만,32030701,(금속절삭가공기계),2026,"관세청_HS부호(공공데이터포털 15049722, 2026-01-01 기준) + 관세청_HSK별 신성질별_성질별 분류(15049720)"
845720,84,제84류 원자로ㆍ보일러ㆍ기계류와 이들의 부분품,,기계,approximate,B,제84류 원자로·보일러·기계류. 전산기기(8471 등)가 섞여 있어 류 전체가 '기계'는 아니다 — 맥락 용도로만,32030701,(금속절삭가공기계),2026,"관세청_HS부호(공공데이터포털 15049722, 2026-01-01 기준) + 관세청_HSK별 신성질별_성질별 분류(15049720)"
845730,84,제84류 원자로ㆍ보일러ㆍ기계류와 이들의 부분품,,기계,approximate,B,제84류 원자로·보일러·기계류. 전산기기(8471 등)가 섞여 있어 류 전체가 '기계'는 아니다 — 맥락 용도로만,32030701,(금속절삭가공기계),2026,"관세청_HS부호(공공데이터포털 15049722, 2026-01-01 기준) + 관세청_HSK별 신성질별_성질별 분류(15049720)"
845811,84,제84류 원자로ㆍ보일러ㆍ기계류와 이들의 부분품,,기계,approximate,B,제84류 원자로·보일러·기계류. 전산기기(8471 등)가 섞여 있어 류 전체가 '기계'는 아니다 — 맥락 용도로만,32030701,(금속절삭가공기계),2026,"관세청_HS부호(공공데이터포털 15049722, 2026-01-01 기준) + 관세청_HSK별 신성질별_성질별 분류(15049720)"
845819,84,제84류 원자로ㆍ보일러ㆍ기계류와 이들의 부분품,,기계,approximate,B,제84류 원자로·보일러·기계류. 전산기기(8471 등)가 섞여 있어 류 전체가 '기계'는 아니다 — 맥락 용도로만,32030701,(금속절삭가공기계),2026,"관세청_HS부호(공공데이터포털 15049722, 2026-01-01 기준) + 관세청_HSK별 신성질별_성질별 분류(15049720)"
845891,84,제84류 원자로ㆍ보일러ㆍ기계류와 이들의 부분품,,기계,approximate,B,제84류 원자로·보일러·기계류. 전산기기(8471 등)가 섞여 있어 류 전체가 '기계'는 아니다 — 맥락 용도로만,32030701,(금속절삭가공기계),2026,"관세청_HS부호(공공데이터포털 15049722, 2026-01-01 기준) + 관세청_HSK별 신성질별_성질별 분류(15049720)"
845899,84,제84류 원자로ㆍ보일러ㆍ기계류와 이들의 부분품,,기계,approximate,B,제84류 원자로·보일러·기계류. 전산기기(8471 등)가 섞여 있어 류 전체가 '기계'는 아니다 — 맥락 용도로만,32030701,(금속절삭가공기계),2026,"관세청_HS부호(공공데이터포털 15049722, 2026-01-01 기준) + 관세청_HSK별 신성질별_성질별 분류(15049720)"
845910,84,제84류 원자로ㆍ보일러ㆍ기계류와 이들의 부분품,,기계,approximate,B,제84류 원자로·보일러·기계류. 전산기기(8471 등)가 섞여 있어 류 전체가 '기계'는 아니다 — 맥락 용도로만,32030701,(금속절삭가공기계),2026,"관세청_HS부호(공공데이터포털 15049722, 2026-01-01 기준) + 관세청_HSK별 신성질별_성질별 분류(15049720)"
845921,84,제84류 원자로ㆍ보일러ㆍ기계류와 이들의 부분품,수치제어식,기계,approximate,B,제84류 원자로·보일러·기계류. 전산기기(8471 등)가 섞여 있어 류 전체가 '기계'는 아니다 — 맥락 용도로만,32030701,(금속절삭가공기계),2026,"관세청_HS부호(공공데이터포털 15049722, 2026-01-01 기준) + 관세청_HSK별 신성질별_성질별 분류(15049720)"
845929,84,제84류 원자로ㆍ보일러ㆍ기계류와 이들의 부분품,기타,기계,approximate,B,제84류 원자로·보일러·기계류. 전산기기(8471 등)가 섞여 있어 류 전체가 '기계'는 아니다 — 맥락 용도로만,32030701,(금속절삭가공기계),2026,"관세청_HS부호(공공데이터포털 15049722, 2026-01-01 기준) + 관세청_HSK별 신성질별_성질별 분류(15049720)"
845931,84,제84류 원자로ㆍ보일러ㆍ기계류와 이들의 부분품,,기계,approximate,B,제84류 원자로·보일러·기계류. 전산기기(8471 등)가 섞여 있어 류 전체가 '기계'는 아니다 — 맥락 용도로만,32030701,(금속절삭가공기계),2026,"관세청_HS부호(공공데이터포털 15049722, 2026-01-01 기준) + 관세청_HSK별 신성질별_성질별 분류(15049720)"
845939,84,제84류 원자로ㆍ보일러ㆍ기계류와 이들의 부분품,,기계,approximate,B,제84류 원자로·보일러·기계류. 전산기기(8471 등)가 섞여 있어 류 전체가 '기계'는 아니다 — 맥락 용도로만,32030701,(금속절삭가공기계),2026,"관세청_HS부호(공공데이터포털 15049722, 2026-01-01 기준) + 관세청_HSK별 신성질별_성질별 분류(15049720)"
845941,84,제84류 원자로ㆍ보일러ㆍ기계류와 이들의 부분품,수치제어식,기계,approximate,B,제84류 원자로·보일러·기계류. 전산기기(8471 등)가 섞여 있어 류 전체가 '기계'는 아니다 — 맥락 용도로만,32030701,(금속절삭가공기계),2026,"관세청_HS부호(공공데이터포털 15049722, 2026-01-01 기준) + 관세청_HSK별 신성질별_성질별 분류(15049720)"
845949,84,제84류 원자로ㆍ보일러ㆍ기계류와 이들의 부분품,,기계,approximate,B,제84류 원자로·보일러·기계류. 전산기기(8471 등)가 섞여 있어 류 전체가 '기계'는 아니다 — 맥락 용도로만,32030701,(금속절삭가공기계),2026,"관세청_HS부호(공공데이터포털 15049722, 2026-01-01 기준) + 관세청_HSK별 신성질별_성질별 분류(15049720)"
845951,84,제84류 원자로ㆍ보일러ㆍ기계류와 이들의 부분품,,기계,approximate,B,제84류 원자로·보일러·기계류. 전산기기(8471 등)가 섞여 있어 류 전체가 '기계'는 아니다 — 맥락 용도로만,32030701,(금속절삭가공기계),2026,"관세청_HS부호(공공데이터포털 15049722, 2026-01-01 기준) + 관세청_HSK별 신성질별_성질별 분류(15049720)"
845959,84,제84류 원자로ㆍ보일러ㆍ기계류와 이들의 부분품,,기계,approximate,B,제84류 원자로·보일러·기계류. 전산기기(8471 등)가 섞여 있어 류 전체가 '기계'는 아니다 — 맥락 용도로만,32030701,(금속절삭가공기계),2026,"관세청_HS부호(공공데이터포털 15049722, 2026-01-01 기준) + 관세청_HSK별 신성질별_성질별 분류(15049720)"
845961,84,제84류 원자로ㆍ보일러ㆍ기계류와 이들의 부분품,수치제어식,기계,approximate,B,제84류 원자로·보일러·기계류. 전산기기(8471 등)가 섞여 있어 류 전체가 '기계'는 아니다 — 맥락 용도로만,32030701,(금속절삭가공기계),2026,"관세청_HS부호(공공데이터포털 15049722, 2026-01-01 기준) + 관세청_HSK별 신성질별_성질별 분류(15049720)"
845969,84,제84류 원자로ㆍ보일러ㆍ기계류와 이들의 부분품,기타,기계,approximate,B,제84류 원자로·보일러·기계류. 전산기기(8471 등)가 섞여 있어 류 전체가 '기계'는 아니다 — 맥락 용도로만,32030701,(금속절삭가공기계),2026,"관세청_HS부호(공공데이터포털 15049722, 2026-01-01 기준) + 관세청_HSK별 신성질별_성질별 분류(15049720)"
845970,84,제84류 원자로ㆍ보일러ㆍ기계류와 이들의 부분품,그 밖의 나사 절삭용 기계나 태핑머신(tapping machine),기계,approximate,B,제84류 원자로·보일러·기계류. 전산기기(8471 등)가 섞여 있어 류 전체가 '기계'는 아니다 — 맥락 용도로만,32030701,(금속절삭가공기계),2026,"관세청_HS부호(공공데이터포털 15049722, 2026-01-01 기준) + 관세청_HSK별 신성질별_성질별 분류(15049720)"
846012,84,제84류 원자로ㆍ보일러ㆍ기계류와 이들의 부분품,,기계,approximate,B,제84류 원자로·보일러·기계류. 전산기기(8471 등)가 섞여 있어 류 전체가 '기계'는 아니다 — 맥락 용도로만,32030701,(금속절삭가공기계),2026,"관세청_HS부호(공공데이터포털 15049722, 2026-01-01 기준) + 관세청_HSK별 신성질별_성질별 분류(15049720)"
846019,84,제84류 원자로ㆍ보일러ㆍ기계류와 이들의 부분품,,기계,approximate,B,제84류 원자로·보일러·기계류. 전산기기(8471 등)가 섞여 있어 류 전체가 '기계'는 아니다 — 맥락 용도로만,32030701,(금속절삭가공기계),2026,"관세청_HS부호(공공데이터포털 15049722, 2026-01-01 기준) + 관세청_HSK별 신성질별_성질별 분류(15049720)"
846022,84,제84류 원자로ㆍ보일러ㆍ기계류와 이들의 부분품,,기계,approximate,B,제84류 원자로·보일러·기계류. 전산기기(8471 등)가 섞여 있어 류 전체가 '기계'는 아니다 — 맥락 용도로만,32030701,(금속절삭가공기계),2026,"관세청_HS부호(공공데이터포털 15049722, 2026-01-01 기준) + 관세청_HSK별 신성질별_성질별 분류(15049720)"
846023,84,제84류 원자로ㆍ보일러ㆍ기계류와 이들의 부분품,,기계,approximate,B,제84류 원자로·보일러·기계류. 전산기기(8471 등)가 섞여 있어 류 전체가 '기계'는 아니다 — 맥락 용도로만,32030701,(금속절삭가공기계),2026,"관세청_HS부호(공공데이터포털 15049722, 2026-01-01 기준) + 관세청_HSK별 신성질별_성질별 분류(15049720)"
846024,84,제84류 원자로ㆍ보일러ㆍ기계류와 이들의 부분품,기타(수치제어식으로 한정한다),기계,approximate,B,제84류 원자로·보일러·기계류. 전산기기(8471 등)가 섞여 있어 류 전체가 '기계'는 아니다 — 맥락 용도로만,32030701,(금속절삭가공기계),2026,"관세청_HS부호(공공데이터포털 15049722, 2026-01-01 기준) + 관세청_HSK별 신성질별_성질별 분류(15049720)"
846029,84,제84류 원자로ㆍ보일러ㆍ기계류와 이들의 부분품,기타,기계,approximate,B,제84류 원자로·보일러·기계류. 전산기기(8471 등)가 섞여 있어 류 전체가 '기계'는 아니다 — 맥락 용도로만,32030701,(금속절삭가공기계),2026,"관세청_HS부호(공공데이터포털 15049722, 2026-01-01 기준) + 관세청_HSK별 신성질별_성질별 분류(15049720)"
846031,84,제84류 원자로ㆍ보일러ㆍ기계류와 이들의 부분품,,기계,approximate,B,제84류 원자로·보일러·기계류. 전산기기(8471 등)가 섞여 있어 류 전체가 '기계'는 아니다 — 맥락 용도로만,32030701,(금속절삭가공기계),2026,"관세청_HS부호(공공데이터포털 15049722, 2026-01-01 기준) + 관세청_HSK별 신성질별_성질별 분류(15049720)"
846039,84,제84류 원자로ㆍ보일러ㆍ기계류와 이들의 부분품,,기계,approximate,B,제84류 원자로·보일러·기계류. 전산기기(8471 등)가 섞여 있어 류 전체가 '기계'는 아니다 — 맥락 용도로만,32030701,(금속절삭가공기계),2026,"관세청_HS부호(공공데이터포털 15049722, 2026-01-01 기준) + 관세청_HSK별 신성질별_성질별 분류(15049720)"
846040,84,제84류 원자로ㆍ보일러ㆍ기계류와 이들의 부분품,호닝머신(honing machine)이나 래핑머신(lapping machine),기계,approximate,B,제84류 원자로·보일러·기계류. 전산기기(8471 등)가 섞여 있어 류 전체가 '기계'는 아니다 — 맥락 용도로만,32030701,(금속절삭가공기계),2026,"관세청_HS부호(공공데이터포털 15049722, 2026-01-01 기준) + 관세청_HSK별 신성질별_성질별 분류(15049720)"
846090,84,제84류 원자로ㆍ보일러ㆍ기계류와 이들의 부분품,,기계,approximate,B,제84류 원자로·보일러·기계류. 전산기기(8471 등)가 섞여 있어 류 전체가 '기계'는 아니다 — 맥락 용도로만,32030701,(금속절삭가공기계),2026,"관세청_HS부호(공공데이터포털 15049722, 2026-01-01 기준) + 관세청_HSK별 신성질별_성질별 분류(15049720)"
846120,84,제84류 원자로ㆍ보일러ㆍ기계류와 이들의 부분품,,기계,approximate,B,제84류 원자로·보일러·기계류. 전산기기(8471 등)가 섞여 있어 류 전체가 '기계'는 아니다 — 맥락 용도로만,32030701,(금속절삭가공기계),2026,"관세청_HS부호(공공데이터포털 15049722, 2026-01-01 기준) + 관세청_HSK별 신성질별_성질별 분류(15049720)"
846130,84,제84류 원자로ㆍ보일러ㆍ기계류와 이들의 부분품,,기계,approximate,B,제84류 원자로·보일러·기계류. 전산기기(8471 등)가 섞여 있어 류 전체가 '기계'는 아니다 — 맥락 용도로만,32030701,(금속절삭가공기계),2026,"관세청_HS부호(공공데이터포털 15049722, 2026-01-01 기준) + 관세청_HSK별 신성질별_성질별 분류(15049720)"
846140,84,제84류 원자로ㆍ보일러ㆍ기계류와 이들의 부분품,기어절삭기ㆍ기어연삭기ㆍ기어완성가공기,기계,approximate,B,제84류 원자로·보일러·기계류. 전산기기(8471 등)가 섞여 있어 류 전체가 '기계'는 아니다 — 맥락 용도로만,,,2026,"관세청_HS부호(공공데이터포털 15049722, 2026-01-01 기준) + 관세청_HSK별 신성질별_성질별 분류(15049720)"
846150,84,제84류 원자로ㆍ보일러ㆍ기계류와 이들의 부분품,,기계,approximate,B,제84류 원자로·보일러·기계류. 전산기기(8471 등)가 섞여 있어 류 전체가 '기계'는 아니다 — 맥락 용도로만,32030701,(금속절삭가공기계),2026,"관세청_HS부호(공공데이터포털 15049722, 2026-01-01 기준) + 관세청_HSK별 신성질별_성질별 분류(15049720)"
846190,84,제84류 원자로ㆍ보일러ㆍ기계류와 이들의 부분품,,기계,approximate,B,제84류 원자로·보일러·기계류. 전산기기(8471 등)가 섞여 있어 류 전체가 '기계'는 아니다 — 맥락 용도로만,32030701,(금속절삭가공기계),2026,"관세청_HS부호(공공데이터포털 15049722, 2026-01-01 기준) + 관세청_HSK별 신성질별_성질별 분류(15049720)"
846211,84,제84류 원자로ㆍ보일러ㆍ기계류와 이들의 부분품,,기계,approximate,B,제84류 원자로·보일러·기계류. 전산기기(8471 등)가 섞여 있어 류 전체가 '기계'는 아니다 — 맥락 용도로만,32030702,(금속성형가공기계),2026,"관세청_HS부호(공공데이터포털 15049722, 2026-01-01 기준) + 관세청_HSK별 신성질별_성질별 분류(15049720)"
846219,84,제84류 원자로ㆍ보일러ㆍ기계류와 이들의 부분품,기타,기계,approximate,B,제84류 원자로·보일러·기계류. 전산기기(8471 등)가 섞여 있어 류 전체가 '기계'는 아니다 — 맥락 용도로만,32030702,(금속성형가공기계),2026,"관세청_HS부호(공공데이터포털 15049722, 2026-01-01 기준) + 관세청_HSK별 신성질별_성질별 분류(15049720)"
846222,84,제84류 원자로ㆍ보일러ㆍ기계류와 이들의 부분품,프로파일 성형기,기계,approximate,B,제84류 원자로·보일러·기계류. 전산기기(8471 등)가 섞여 있어 류 전체가 '기계'는 아니다 — 맥락 용도로만,32030702,(금속성형가공기계),2026,"관세청_HS부호(공공데이터포털 15049722, 2026-01-01 기준) + 관세청_HSK별 신성질별_성질별 분류(15049720)"
846223,84,제84류 원자로ㆍ보일러ㆍ기계류와 이들의 부분품,,기계,approximate,B,제84류 원자로·보일러·기계류. 전산기기(8471 등)가 섞여 있어 류 전체가 '기계'는 아니다 — 맥락 용도로만,32030702,(금속성형가공기계),2026,"관세청_HS부호(공공데이터포털 15049722, 2026-01-01 기준) + 관세청_HSK별 신성질별_성질별 분류(15049720)"
846224,84,제84류 원자로ㆍ보일러ㆍ기계류와 이들의 부분품,,기계,approximate,B,제84류 원자로·보일러·기계류. 전산기기(8471 등)가 섞여 있어 류 전체가 '기계'는 아니다 — 맥락 용도로만,32030702,(금속성형가공기계),2026,"관세청_HS부호(공공데이터포털 15049722, 2026-01-01 기준) + 관세청_HSK별 신성질별_성질별 분류(15049720)"
846225,84,제84류 원자로ㆍ보일러ㆍ기계류와 이들의 부분품,,기계,approximate,B,제84류 원자로·보일러·기계류. 전산기기(8471 등)가 섞여 있어 류 전체가 '기계'는 아니다 — 맥락 용도로만,32030702,(금속성형가공기계),2026,"관세청_HS부호(공공데이터포털 15049722, 2026-01-01 기준) + 관세청_HSK별 신성질별_성질별 분류(15049720)"
846226,84,제84류 원자로ㆍ보일러ㆍ기계류와 이들의 부분품,,기계,approximate,B,제84류 원자로·보일러·기계류. 전산기기(8471 등)가 섞여 있어 류 전체가 '기계'는 아니다 — 맥락 용도로만,32030702,(금속성형가공기계),2026,"관세청_HS부호(공공데이터포털 15049722, 2026-01-01 기준) + 관세청_HSK별 신성질별_성질별 분류(15049720)"
846229,84,제84류 원자로ㆍ보일러ㆍ기계류와 이들의 부분품,기타,기계,approximate,B,제84류 원자로·보일러·기계류. 전산기기(8471 등)가 섞여 있어 류 전체가 '기계'는 아니다 — 맥락 용도로만,32030702,(금속성형가공기계),2026,"관세청_HS부호(공공데이터포털 15049722, 2026-01-01 기준) + 관세청_HSK별 신성질별_성질별 분류(15049720)"
846232,84,제84류 원자로ㆍ보일러ㆍ기계류와 이들의 부분품,슬리팅(slitting) 설비와 일정한 길이로 절단하는 설비(cut-to-length line),기계,approximate,B,제84류 원자로·보일러·기계류. 전산기기(8471 등)가 섞여 있어 류 전체가 '기계'는 아니다 — 맥락 용도로만,,,2026,"관세청_HS부호(공공데이터포털 15049722, 2026-01-01 기준) + 관세청_HSK별 신성질별_성질별 분류(15049720)"
846233,84,제84류 원자로ㆍ보일러ㆍ기계류와 이들의 부분품,,기계,approximate,B,제84류 원자로·보일러·기계류. 전산기기(8471 등)가 섞여 있어 류 전체가 '기계'는 아니다 — 맥락 용도로만,32030702,(금속성형가공기계),2026,"관세청_HS부호(공공데이터포털 15049722, 2026-01-01 기준) + 관세청_HSK별 신성질별_성질별 분류(15049720)"
846239,84,제84류 원자로ㆍ보일러ㆍ기계류와 이들의 부분품,,기계,approximate,B,제84류 원자로·보일러·기계류. 전산기기(8471 등)가 섞여 있어 류 전체가 '기계'는 아니다 — 맥락 용도로만,32030702,(금속성형가공기계),2026,"관세청_HS부호(공공데이터포털 15049722, 2026-01-01 기준) + 관세청_HSK별 신성질별_성질별 분류(15049720)"
846242,84,제84류 원자로ㆍ보일러ㆍ기계류와 이들의 부분품,,기계,approximate,B,제84류 원자로·보일러·기계류. 전산기기(8471 등)가 섞여 있어 류 전체가 '기계'는 아니다 — 맥락 용도로만,32030702,(금속성형가공기계),2026,"관세청_HS부호(공공데이터포털 15049722, 2026-01-01 기준) + 관세청_HSK별 신성질별_성질별 분류(15049720)"
846249,84,제84류 원자로ㆍ보일러ㆍ기계류와 이들의 부분품,,기계,approximate,B,제84류 원자로·보일러·기계류. 전산기기(8471 등)가 섞여 있어 류 전체가 '기계'는 아니다 — 맥락 용도로만,32030702,(금속성형가공기계),2026,"관세청_HS부호(공공데이터포털 15049722, 2026-01-01 기준) + 관세청_HSK별 신성질별_성질별 분류(15049720)"
846251,84,제84류 원자로ㆍ보일러ㆍ기계류와 이들의 부분품,,기계,approximate,B,제84류 원자로·보일러·기계류. 전산기기(8471 등)가 섞여 있어 류 전체가 '기계'는 아니다 — 맥락 용도로만,32030702,(금속성형가공기계),2026,"관세청_HS부호(공공데이터포털 15049722, 2026-01-01 기준) + 관세청_HSK별 신성질별_성질별 분류(15049720)"
846259,84,제84류 원자로ㆍ보일러ㆍ기계류와 이들의 부분품,,기계,approximate,B,제84류 원자로·보일러·기계류. 전산기기(8471 등)가 섞여 있어 류 전체가 '기계'는 아니다 — 맥락 용도로만,32030702,(금속성형가공기계),2026,"관세청_HS부호(공공데이터포털 15049722, 2026-01-01 기준) + 관세청_HSK별 신성질별_성질별 분류(15049720)"
846261,84,제84류 원자로ㆍ보일러ㆍ기계류와 이들의 부분품,,기계,approximate,B,제84류 원자로·보일러·기계류. 전산기기(8471 등)가 섞여 있어 류 전체가 '기계'는 아니다 — 맥락 용도로만,32030702,(금속성형가공기계),2026,"관세청_HS부호(공공데이터포털 15049722, 2026-01-01 기준) + 관세청_HSK별 신성질별_성질별 분류(15049720)"
846262,84,제84류 원자로ㆍ보일러ㆍ기계류와 이들의 부분품,,기계,approximate,B,제84류 원자로·보일러·기계류. 전산기기(8471 등)가 섞여 있어 류 전체가 '기계'는 아니다 — 맥락 용도로만,32030702,(금속성형가공기계),2026,"관세청_HS부호(공공데이터포털 15049722, 2026-01-01 기준) + 관세청_HSK별 신성질별_성질별 분류(15049720)"
846263,84,제84류 원자로ㆍ보일러ㆍ기계류와 이들의 부분품,,기계,approximate,B,제84류 원자로·보일러·기계류. 전산기기(8471 등)가 섞여 있어 류 전체가 '기계'는 아니다 — 맥락 용도로만,32030702,(금속성형가공기계),2026,"관세청_HS부호(공공데이터포털 15049722, 2026-01-01 기준) + 관세청_HSK별 신성질별_성질별 분류(15049720)"
846269,84,제84류 원자로ㆍ보일러ㆍ기계류와 이들의 부분품,,기계,approximate,B,제84류 원자로·보일러·기계류. 전산기기(8471 등)가 섞여 있어 류 전체가 '기계'는 아니다 — 맥락 용도로만,32030702,(금속성형가공기계),2026,"관세청_HS부호(공공데이터포털 15049722, 2026-01-01 기준) + 관세청_HSK별 신성질별_성질별 분류(15049720)"
846290,84,제84류 원자로ㆍ보일러ㆍ기계류와 이들의 부분품,,기계,approximate,B,제84류 원자로·보일러·기계류. 전산기기(8471 등)가 섞여 있어 류 전체가 '기계'는 아니다 — 맥락 용도로만,32030702,(금속성형가공기계),2026,"관세청_HS부호(공공데이터포털 15049722, 2026-01-01 기준) + 관세청_HSK별 신성질별_성질별 분류(15049720)"
846310,84,제84류 원자로ㆍ보일러ㆍ기계류와 이들의 부분품,,기계,approximate,B,제84류 원자로·보일러·기계류. 전산기기(8471 등)가 섞여 있어 류 전체가 '기계'는 아니다 — 맥락 용도로만,32030702,(금속성형가공기계),2026,"관세청_HS부호(공공데이터포털 15049722, 2026-01-01 기준) + 관세청_HSK별 신성질별_성질별 분류(15049720)"
846320,84,제84류 원자로ㆍ보일러ㆍ기계류와 이들의 부분품,,기계,approximate,B,제84류 원자로·보일러·기계류. 전산기기(8471 등)가 섞여 있어 류 전체가 '기계'는 아니다 — 맥락 용도로만,32030702,(금속성형가공기계),2026,"관세청_HS부호(공공데이터포털 15049722, 2026-01-01 기준) + 관세청_HSK별 신성질별_성질별 분류(15049720)"
846330,84,제84류 원자로ㆍ보일러ㆍ기계류와 이들의 부분품,,기계,approximate,B,제84류 원자로·보일러·기계류. 전산기기(8471 등)가 섞여 있어 류 전체가 '기계'는 아니다 — 맥락 용도로만,32030702,(금속성형가공기계),2026,"관세청_HS부호(공공데이터포털 15049722, 2026-01-01 기준) + 관세청_HSK별 신성질별_성질별 분류(15049720)"
846390,84,제84류 원자로ㆍ보일러ㆍ기계류와 이들의 부분품,,기계,approximate,B,제84류 원자로·보일러·기계류. 전산기기(8471 등)가 섞여 있어 류 전체가 '기계'는 아니다 — 맥락 용도로만,32030702,(금속성형가공기계),2026,"관세청_HS부호(공공데이터포털 15049722, 2026-01-01 기준) + 관세청_HSK별 신성질별_성질별 분류(15049720)"
846410,84,제84류 원자로ㆍ보일러ㆍ기계류와 이들의 부분품,,기계,approximate,B,제84류 원자로·보일러·기계류. 전산기기(8471 등)가 섞여 있어 류 전체가 '기계'는 아니다 — 맥락 용도로만,32030703,(광물가공기계),2026,"관세청_HS부호(공공데이터포털 15049722, 2026-01-01 기준) + 관세청_HSK별 신성질별_성질별 분류(15049720)"
846420,84,제84류 원자로ㆍ보일러ㆍ기계류와 이들의 부분품,연마기나 광택기,기계,approximate,B,제84류 원자로·보일러·기계류. 전산기기(8471 등)가 섞여 있어 류 전체가 '기계'는 아니다 — 맥락 용도로만,32030703,(광물가공기계),2026,"관세청_HS부호(공공데이터포털 15049722, 2026-01-01 기준) + 관세청_HSK별 신성질별_성질별 분류(15049720)"
846490,84,제84류 원자로ㆍ보일러ㆍ기계류와 이들의 부분품,기타,기계,approximate,B,제84류 원자로·보일러·기계류. 전산기기(8471 등)가 섞여 있어 류 전체가 '기계'는 아니다 — 맥락 용도로만,32030703,(광물가공기계),2026,"관세청_HS부호(공공데이터포털 15049722, 2026-01-01 기준) + 관세청_HSK별 신성질별_성질별 분류(15049720)"
846510,84,제84류 원자로ㆍ보일러ㆍ기계류와 이들의 부분품,여러 가지 작업을 할 수 있는 기계(공구의 교환없이 여러 가지 작업을 할 수 있는 것으로 한정한다),기계,approximate,B,제84류 원자로·보일러·기계류. 전산기기(8471 등)가 섞여 있어 류 전체가 '기계'는 아니다 — 맥락 용도로만,32030704,(목재가공기계),2026,"관세청_HS부호(공공데이터포털 15049722, 2026-01-01 기준) + 관세청_HSK별 신성질별_성질별 분류(15049720)"
846520,84,제84류 원자로ㆍ보일러ㆍ기계류와 이들의 부분품,머시닝센터(machining centre),기계,approximate,B,제84류 원자로·보일러·기계류. 전산기기(8471 등)가 섞여 있어 류 전체가 '기계'는 아니다 — 맥락 용도로만,32030704,(목재가공기계),2026,"관세청_HS부호(공공데이터포털 15049722, 2026-01-01 기준) + 관세청_HSK별 신성질별_성질별 분류(15049720)"
846591,84,제84류 원자로ㆍ보일러ㆍ기계류와 이들의 부분품,톱 기계,기계,approximate,B,제84류 원자로·보일러·기계류. 전산기기(8471 등)가 섞여 있어 류 전체가 '기계'는 아니다 — 맥락 용도로만,32030704,(목재가공기계),2026,"관세청_HS부호(공공데이터포털 15049722, 2026-01-01 기준) + 관세청_HSK별 신성질별_성질별 분류(15049720)"
846592,84,제84류 원자로ㆍ보일러ㆍ기계류와 이들의 부분품,평삭기ㆍ밀링머신(milling machine)ㆍ몰딩머신(moulding machine)(절단 방식으로 한정한다),기계,approximate,B,제84류 원자로·보일러·기계류. 전산기기(8471 등)가 섞여 있어 류 전체가 '기계'는 아니다 — 맥락 용도로만,32030704,(목재가공기계),2026,"관세청_HS부호(공공데이터포털 15049722, 2026-01-01 기준) + 관세청_HSK별 신성질별_성질별 분류(15049720)"
846593,84,제84류 원자로ㆍ보일러ㆍ기계류와 이들의 부분품,연삭기ㆍ샌딩머신(sanding machine)ㆍ광택기,기계,approximate,B,제84류 원자로·보일러·기계류. 전산기기(8471 등)가 섞여 있어 류 전체가 '기계'는 아니다 — 맥락 용도로만,32030704,(목재가공기계),2026,"관세청_HS부호(공공데이터포털 15049722, 2026-01-01 기준) + 관세청_HSK별 신성질별_성질별 분류(15049720)"
846594,84,제84류 원자로ㆍ보일러ㆍ기계류와 이들의 부분품,굽힘기나 조립기,기계,approximate,B,제84류 원자로·보일러·기계류. 전산기기(8471 등)가 섞여 있어 류 전체가 '기계'는 아니다 — 맥락 용도로만,32030704,(목재가공기계),2026,"관세청_HS부호(공공데이터포털 15049722, 2026-01-01 기준) + 관세청_HSK별 신성질별_성질별 분류(15049720)"
846595,84,제84류 원자로ㆍ보일러ㆍ기계류와 이들의 부분품,드릴링머신(drilling machine)이나 모티싱머신(morticing machine),기계,approximate,B,제84류 원자로·보일러·기계류. 전산기기(8471 등)가 섞여 있어 류 전체가 '기계'는 아니다 — 맥락 용도로만,32030704,(목재가공기계),2026,"관세청_HS부호(공공데이터포털 15049722, 2026-01-01 기준) + 관세청_HSK별 신성질별_성질별 분류(15049720)"
846596,84,제84류 원자로ㆍ보일러ㆍ기계류와 이들의 부분품,스플리팅(splitting)기ㆍ슬라이싱(slicing)기ㆍ박피기,기계,approximate,B,제84류 원자로·보일러·기계류. 전산기기(8471 등)가 섞여 있어 류 전체가 '기계'는 아니다 — 맥락 용도로만,32030704,(목재가공기계),2026,"관세청_HS부호(공공데이터포털 15049722, 2026-01-01 기준) + 관세청_HSK별 신성질별_성질별 분류(15049720)"
846599,84,제84류 원자로ㆍ보일러ㆍ기계류와 이들의 부분품,기타,기계,approximate,B,제84류 원자로·보일러·기계류. 전산기기(8471 등)가 섞여 있어 류 전체가 '기계'는 아니다 — 맥락 용도로만,32030704,(목재가공기계),2026,"관세청_HS부호(공공데이터포털 15049722, 2026-01-01 기준) + 관세청_HSK별 신성질별_성질별 분류(15049720)"
846610,84,제84류 원자로ㆍ보일러ㆍ기계류와 이들의 부분품,,기계,approximate,B,제84류 원자로·보일러·기계류. 전산기기(8471 등)가 섞여 있어 류 전체가 '기계'는 아니다 — 맥락 용도로만,32030706,(가공공작기계 부품),2026,"관세청_HS부호(공공데이터포털 15049722, 2026-01-01 기준) + 관세청_HSK별 신성질별_성질별 분류(15049720)"
846620,84,제84류 원자로ㆍ보일러ㆍ기계류와 이들의 부분품,가공용 홀더,기계,approximate,B,제84류 원자로·보일러·기계류. 전산기기(8471 등)가 섞여 있어 류 전체가 '기계'는 아니다 — 맥락 용도로만,32030706,(가공공작기계 부품),2026,"관세청_HS부호(공공데이터포털 15049722, 2026-01-01 기준) + 관세청_HSK별 신성질별_성질별 분류(15049720)"
846630,84,제84류 원자로ㆍ보일러ㆍ기계류와 이들의 부분품,,기계,approximate,B,제84류 원자로·보일러·기계류. 전산기기(8471 등)가 섞여 있어 류 전체가 '기계'는 아니다 — 맥락 용도로만,32030706,(가공공작기계 부품),2026,"관세청_HS부호(공공데이터포털 15049722, 2026-01-01 기준) + 관세청_HSK별 신성질별_성질별 분류(15049720)"
846691,84,제84류 원자로ㆍ보일러ㆍ기계류와 이들의 부분품,,기계,approximate,B,제84류 원자로·보일러·기계류. 전산기기(8471 등)가 섞여 있어 류 전체가 '기계'는 아니다 — 맥락 용도로만,32030706,(가공공작기계 부품),2026,"관세청_HS부호(공공데이터포털 15049722, 2026-01-01 기준) + 관세청_HSK별 신성질별_성질별 분류(15049720)"
846692,84,제84류 원자로ㆍ보일러ㆍ기계류와 이들의 부분품,,기계,approximate,B,제84류 원자로·보일러·기계류. 전산기기(8471 등)가 섞여 있어 류 전체가 '기계'는 아니다 — 맥락 용도로만,32030706,(가공공작기계 부품),2026,"관세청_HS부호(공공데이터포털 15049722, 2026-01-01 기준) + 관세청_HSK별 신성질별_성질별 분류(15049720)"
846693,84,제84류 원자로ㆍ보일러ㆍ기계류와 이들의 부분품,제8456호부터 제8461호까지의 기계용,기계,approximate,B,제84류 원자로·보일러·기계류. 전산기기(8471 등)가 섞여 있어 류 전체가 '기계'는 아니다 — 맥락 용도로만,32030706,(가공공작기계 부품),2026,"관세청_HS부호(공공데이터포털 15049722, 2026-01-01 기준) + 관세청_HSK별 신성질별_성질별 분류(15049720)"
846694,84,제84류 원자로ㆍ보일러ㆍ기계류와 이들의 부분품,,기계,approximate,B,제84류 원자로·보일러·기계류. 전산기기(8471 등)가 섞여 있어 류 전체가 '기계'는 아니다 — 맥락 용도로만,32030706,(가공공작기계 부품),2026,"관세청_HS부호(공공데이터포털 15049722, 2026-01-01 기준) + 관세청_HSK별 신성질별_성질별 분류(15049720)"
846711,84,제84류 원자로ㆍ보일러ㆍ기계류와 이들의 부분품,회전방식의 것(회전 진동자가 결합된 것을 포함한다),기계,approximate,B,제84류 원자로·보일러·기계류. 전산기기(8471 등)가 섞여 있어 류 전체가 '기계'는 아니다 — 맥락 용도로만,32020206,(공기압공구),2026,"관세청_HS부호(공공데이터포털 15049722, 2026-01-01 기준) + 관세청_HSK별 신성질별_성질별 분류(15049720)"
846719,84,제84류 원자로ㆍ보일러ㆍ기계류와 이들의 부분품,기타,기계,approximate,B,제84류 원자로·보일러·기계류. 전산기기(8471 등)가 섞여 있어 류 전체가 '기계'는 아니다 — 맥락 용도로만,32020206,(공기압공구),2026,"관세청_HS부호(공공데이터포털 15049722, 2026-01-01 기준) + 관세청_HSK별 신성질별_성질별 분류(15049720)"
846721,84,제84류 원자로ㆍ보일러ㆍ기계류와 이들의 부분품,,기계,approximate,B,제84류 원자로·보일러·기계류. 전산기기(8471 등)가 섞여 있어 류 전체가 '기계'는 아니다 — 맥락 용도로만,32020205,(전동공구),2026,"관세청_HS부호(공공데이터포털 15049722, 2026-01-01 기준) + 관세청_HSK별 신성질별_성질별 분류(15049720)"
846722,84,제84류 원자로ㆍ보일러ㆍ기계류와 이들의 부분품,,기계,approximate,B,제84류 원자로·보일러·기계류. 전산기기(8471 등)가 섞여 있어 류 전체가 '기계'는 아니다 — 맥락 용도로만,32020205,(전동공구),2026,"관세청_HS부호(공공데이터포털 15049722, 2026-01-01 기준) + 관세청_HSK별 신성질별_성질별 분류(15049720)"
846729,84,제84류 원자로ㆍ보일러ㆍ기계류와 이들의 부분품,,기계,approximate,B,제84류 원자로·보일러·기계류. 전산기기(8471 등)가 섞여 있어 류 전체가 '기계'는 아니다 — 맥락 용도로만,32020205,(전동공구),2026,"관세청_HS부호(공공데이터포털 15049722, 2026-01-01 기준) + 관세청_HSK별 신성질별_성질별 분류(15049720)"
846781,84,제84류 원자로ㆍ보일러ㆍ기계류와 이들의 부분품,,기계,approximate,B,제84류 원자로·보일러·기계류. 전산기기(8471 등)가 섞여 있어 류 전체가 '기계'는 아니다 — 맥락 용도로만,32020290,(기타 공구류),2026,"관세청_HS부호(공공데이터포털 15049722, 2026-01-01 기준) + 관세청_HSK별 신성질별_성질별 분류(15049720)"
846789,84,제84류 원자로ㆍ보일러ㆍ기계류와 이들의 부분품,기타,기계,approximate,B,제84류 원자로·보일러·기계류. 전산기기(8471 등)가 섞여 있어 류 전체가 '기계'는 아니다 — 맥락 용도로만,,,2026,"관세청_HS부호(공공데이터포털 15049722, 2026-01-01 기준) + 관세청_HSK별 신성질별_성질별 분류(15049720)"
846791,84,제84류 원자로ㆍ보일러ㆍ기계류와 이들의 부분품,,기계,approximate,B,제84류 원자로·보일러·기계류. 전산기기(8471 등)가 섞여 있어 류 전체가 '기계'는 아니다 — 맥락 용도로만,32020206,(공기압공구),2026,"관세청_HS부호(공공데이터포털 15049722, 2026-01-01 기준) + 관세청_HSK별 신성질별_성질별 분류(15049720)"
846792,84,제84류 원자로ㆍ보일러ㆍ기계류와 이들의 부분품,,기계,approximate,B,제84류 원자로·보일러·기계류. 전산기기(8471 등)가 섞여 있어 류 전체가 '기계'는 아니다 — 맥락 용도로만,32020206,(공기압공구),2026,"관세청_HS부호(공공데이터포털 15049722, 2026-01-01 기준) + 관세청_HSK별 신성질별_성질별 분류(15049720)"
846799,84,제84류 원자로ㆍ보일러ㆍ기계류와 이들의 부분품,,기계,approximate,B,제84류 원자로·보일러·기계류. 전산기기(8471 등)가 섞여 있어 류 전체가 '기계'는 아니다 — 맥락 용도로만,32020206,(공기압공구),2026,"관세청_HS부호(공공데이터포털 15049722, 2026-01-01 기준) + 관세청_HSK별 신성질별_성질별 분류(15049720)"
846810,84,제84류 원자로ㆍ보일러ㆍ기계류와 이들의 부분품,,기계,approximate,B,제84류 원자로·보일러·기계류. 전산기기(8471 등)가 섞여 있어 류 전체가 '기계'는 아니다 — 맥락 용도로만,32031701,(용접기),2026,"관세청_HS부호(공공데이터포털 15049722, 2026-01-01 기준) + 관세청_HSK별 신성질별_성질별 분류(15049720)"
846820,84,제84류 원자로ㆍ보일러ㆍ기계류와 이들의 부분품,가스를 사용하는 그 밖의 기기,기계,approximate,B,제84류 원자로·보일러·기계류. 전산기기(8471 등)가 섞여 있어 류 전체가 '기계'는 아니다 — 맥락 용도로만,32031701,(용접기),2026,"관세청_HS부호(공공데이터포털 15049722, 2026-01-01 기준) + 관세청_HSK별 신성질별_성질별 분류(15049720)"
846880,84,제84류 원자로ㆍ보일러ㆍ기계류와 이들의 부분품,,기계,approximate,B,제84류 원자로·보일러·기계류. 전산기기(8471 등)가 섞여 있어 류 전체가 '기계'는 아니다 — 맥락 용도로만,32031701,(용접기),2026,"관세청_HS부호(공공데이터포털 15049722, 2026-01-01 기준) + 관세청_HSK별 신성질별_성질별 분류(15049720)"
846890,84,제84류 원자로ㆍ보일러ㆍ기계류와 이들의 부분품,,기계,approximate,B,제84류 원자로·보일러·기계류. 전산기기(8471 등)가 섞여 있어 류 전체가 '기계'는 아니다 — 맥락 용도로만,32031702,(용접기 부품),2026,"관세청_HS부호(공공데이터포털 15049722, 2026-01-01 기준) + 관세청_HSK별 신성질별_성질별 분류(15049720)"
847010,84,제84류 원자로ㆍ보일러ㆍ기계류와 이들의 부분품,전자계산기(외부의 전원 공급 없이 작동되는 것으로 한정한다)와 계산 기능을 갖춘 포켓사이즈형 전자수첩,기계,approximate,B,제84류 원자로·보일러·기계류. 전산기기(8471 등)가 섞여 있어 류 전체가 '기계'는 아니다 — 맥락 용도로만,32050301,(전자계산기),2026,"관세청_HS부호(공공데이터포털 15049722, 2026-01-01 기준) + 관세청_HSK별 신성질별_성질별 분류(15049720)"
847021,84,제84류 원자로ㆍ보일러ㆍ기계류와 이들의 부분품,,기계,approximate,B,제84류 원자로·보일러·기계류. 전산기기(8471 등)가 섞여 있어 류 전체가 '기계'는 아니다 — 맥락 용도로만,32050301,(전자계산기),2026,"관세청_HS부호(공공데이터포털 15049722, 2026-01-01 기준) + 관세청_HSK별 신성질별_성질별 분류(15049720)"
847029,84,제84류 원자로ㆍ보일러ㆍ기계류와 이들의 부분품,,기계,approximate,B,제84류 원자로·보일러·기계류. 전산기기(8471 등)가 섞여 있어 류 전체가 '기계'는 아니다 — 맥락 용도로만,32050301,(전자계산기),2026,"관세청_HS부호(공공데이터포털 15049722, 2026-01-01 기준) + 관세청_HSK별 신성질별_성질별 분류(15049720)"
847030,84,제84류 원자로ㆍ보일러ㆍ기계류와 이들의 부분품,,기계,approximate,B,제84류 원자로·보일러·기계류. 전산기기(8471 등)가 섞여 있어 류 전체가 '기계'는 아니다 — 맥락 용도로만,32059001,(기타 정밀기계),2026,"관세청_HS부호(공공데이터포털 15049722, 2026-01-01 기준) + 관세청_HSK별 신성질별_성질별 분류(15049720)"
847050,84,제84류 원자로ㆍ보일러ㆍ기계류와 이들의 부분품,,기계,approximate,B,제84류 원자로·보일러·기계류. 전산기기(8471 등)가 섞여 있어 류 전체가 '기계'는 아니다 — 맥락 용도로만,32059001,(기타 정밀기계),2026,"관세청_HS부호(공공데이터포털 15049722, 2026-01-01 기준) + 관세청_HSK별 신성질별_성질별 분류(15049720)"
847090,84,제84류 원자로ㆍ보일러ㆍ기계류와 이들의 부분품,기타,기계,approximate,B,제84류 원자로·보일러·기계류. 전산기기(8471 등)가 섞여 있어 류 전체가 '기계'는 아니다 — 맥락 용도로만,32059001,(기타 정밀기계),2026,"관세청_HS부호(공공데이터포털 15049722, 2026-01-01 기준) + 관세청_HSK별 신성질별_성질별 분류(15049720)"
847130,84,제84류 원자로ㆍ보일러ㆍ기계류와 이들의 부분품,,기계,approximate,B,제84류 원자로·보일러·기계류. 전산기기(8471 등)가 섞여 있어 류 전체가 '기계'는 아니다 — 맥락 용도로만,33030101,(컴퓨터),2026,"관세청_HS부호(공공데이터포털 15049722, 2026-01-01 기준) + 관세청_HSK별 신성질별_성질별 분류(15049720)"
847141,84,제84류 원자로ㆍ보일러ㆍ기계류와 이들의 부분품,적어도 동일 하우징 속에 중앙처리장치와 입출력장치를 내장한 것(이들이 상호 결합한 것인지에 상관없다),기계,approximate,B,제84류 원자로·보일러·기계류. 전산기기(8471 등)가 섞여 있어 류 전체가 '기계'는 아니다 — 맥락 용도로만,33030101,(컴퓨터),2026,"관세청_HS부호(공공데이터포털 15049722, 2026-01-01 기준) + 관세청_HSK별 신성질별_성질별 분류(15049720)"
847149,84,제84류 원자로ㆍ보일러ㆍ기계류와 이들의 부분품,기타(시스템 형태로 제시된 것으로 한정한다),기계,approximate,B,제84류 원자로·보일러·기계류. 전산기기(8471 등)가 섞여 있어 류 전체가 '기계'는 아니다 — 맥락 용도로만,,,2026,"관세청_HS부호(공공데이터포털 15049722, 2026-01-01 기준) + 관세청_HSK별 신성질별_성질별 분류(15049720)"
847150,84,제84류 원자로ㆍ보일러ㆍ기계류와 이들의 부분품,처리장치(소호 제8471.41호나 제8471.49호 외의 것으로서 기억장치ㆍ입력장치ㆍ출력장치 중 한 가지나 두 가지 장치를 동일 하우징 속에 내장한 것인지에 상관없다),기계,approximate,B,제84류 원자로·보일러·기계류. 전산기기(8471 등)가 섞여 있어 류 전체가 '기계'는 아니다 — 맥락 용도로만,33030101,(컴퓨터),2026,"관세청_HS부호(공공데이터포털 15049722, 2026-01-01 기준) + 관세청_HSK별 신성질별_성질별 분류(15049720)"
847160,84,제84류 원자로ㆍ보일러ㆍ기계류와 이들의 부분품,입력장치나 출력장치(동일 하우징 속에 기억장치를 내장하였는지에 상관없다),기계,approximate,B,제84류 원자로·보일러·기계류. 전산기기(8471 등)가 섞여 있어 류 전체가 '기계'는 아니다 — 맥락 용도로만,,,2026,"관세청_HS부호(공공데이터포털 15049722, 2026-01-01 기준) + 관세청_HSK별 신성질별_성질별 분류(15049720)"
847170,84,제84류 원자로ㆍ보일러ㆍ기계류와 이들의 부분품,기억장치,기계,approximate,B,제84류 원자로·보일러·기계류. 전산기기(8471 등)가 섞여 있어 류 전체가 '기계'는 아니다 — 맥락 용도로만,33030290,(기타 컴퓨터 주변기기),2026,"관세청_HS부호(공공데이터포털 15049722, 2026-01-01 기준) + 관세청_HSK별 신성질별_성질별 분류(15049720)"
847180,84,제84류 원자로ㆍ보일러ㆍ기계류와 이들의 부분품,그 밖의 자동자료처리기계의 단위 기기,기계,approximate,B,제84류 원자로·보일러·기계류. 전산기기(8471 등)가 섞여 있어 류 전체가 '기계'는 아니다 — 맥락 용도로만,33030290,(기타 컴퓨터 주변기기),2026,"관세청_HS부호(공공데이터포털 15049722, 2026-01-01 기준) + 관세청_HSK별 신성질별_성질별 분류(15049720)"
847190,84,제84류 원자로ㆍ보일러ㆍ기계류와 이들의 부분품,,기계,approximate,B,제84류 원자로·보일러·기계류. 전산기기(8471 등)가 섞여 있어 류 전체가 '기계'는 아니다 — 맥락 용도로만,33030290,(기타 컴퓨터 주변기기),2026,"관세청_HS부호(공공데이터포털 15049722, 2026-01-01 기준) + 관세청_HSK별 신성질별_성질별 분류(15049720)"
847210,84,제84류 원자로ㆍ보일러ㆍ기계류와 이들의 부분품,,기계,approximate,B,제84류 원자로·보일러·기계류. 전산기기(8471 등)가 섞여 있어 류 전체가 '기계'는 아니다 — 맥락 용도로만,32039001,(기타 일반기계),2026,"관세청_HS부호(공공데이터포털 15049722, 2026-01-01 기준) + 관세청_HSK별 신성질별_성질별 분류(15049720)"
847230,84,제84류 원자로ㆍ보일러ㆍ기계류와 이들의 부분품,,기계,approximate,B,제84류 원자로·보일러·기계류. 전산기기(8471 등)가 섞여 있어 류 전체가 '기계'는 아니다 — 맥락 용도로만,32039001,(기타 일반기계),2026,"관세청_HS부호(공공데이터포털 15049722, 2026-01-01 기준) + 관세청_HSK별 신성질별_성질별 분류(15049720)"
847290,84,제84류 원자로ㆍ보일러ㆍ기계류와 이들의 부분품,기타,기계,approximate,B,제84류 원자로·보일러·기계류. 전산기기(8471 등)가 섞여 있어 류 전체가 '기계'는 아니다 — 맥락 용도로만,,,2026,"관세청_HS부호(공공데이터포털 15049722, 2026-01-01 기준) + 관세청_HSK별 신성질별_성질별 분류(15049720)"
847321,84,제84류 원자로ㆍ보일러ㆍ기계류와 이들의 부분품,,기계,approximate,B,제84류 원자로·보일러·기계류. 전산기기(8471 등)가 섞여 있어 류 전체가 '기계'는 아니다 — 맥락 용도로만,32050302,(전자계산기 부품),2026,"관세청_HS부호(공공데이터포털 15049722, 2026-01-01 기준) + 관세청_HSK별 신성질별_성질별 분류(15049720)"
847329,84,제84류 원자로ㆍ보일러ㆍ기계류와 이들의 부분품,기타,기계,approximate,B,제84류 원자로·보일러·기계류. 전산기기(8471 등)가 섞여 있어 류 전체가 '기계'는 아니다 — 맥락 용도로만,32050302,(전자계산기 부품),2026,"관세청_HS부호(공공데이터포털 15049722, 2026-01-01 기준) + 관세청_HSK별 신성질별_성질별 분류(15049720)"
847330,84,제84류 원자로ㆍ보일러ㆍ기계류와 이들의 부분품,제8471호에 해당하는 기계의 부분품과 부속품,기계,approximate,B,제84류 원자로·보일러·기계류. 전산기기(8471 등)가 섞여 있어 류 전체가 '기계'는 아니다 — 맥락 용도로만,33030301,(정보기기 부품),2026,"관세청_HS부호(공공데이터포털 15049722, 2026-01-01 기준) + 관세청_HSK별 신성질별_성질별 분류(15049720)"
847340,84,제84류 원자로ㆍ보일러ㆍ기계류와 이들의 부분품,,기계,approximate,B,제84류 원자로·보일러·기계류. 전산기기(8471 등)가 섞여 있어 류 전체가 '기계'는 아니다 — 맥락 용도로만,32059002,(기타 정밀기계 부품),2026,"관세청_HS부호(공공데이터포털 15049722, 2026-01-01 기준) + 관세청_HSK별 신성질별_성질별 분류(15049720)"
847350,84,제84류 원자로ㆍ보일러ㆍ기계류와 이들의 부분품,,기계,approximate,B,제84류 원자로·보일러·기계류. 전산기기(8471 등)가 섞여 있어 류 전체가 '기계'는 아니다 — 맥락 용도로만,33030290,(기타 컴퓨터 주변기기),2026,"관세청_HS부호(공공데이터포털 15049722, 2026-01-01 기준) + 관세청_HSK별 신성질별_성질별 분류(15049720)"
847410,84,제84류 원자로ㆍ보일러ㆍ기계류와 이들의 부분품,,기계,approximate,B,제84류 원자로·보일러·기계류. 전산기기(8471 등)가 섞여 있어 류 전체가 '기계'는 아니다 — 맥락 용도로만,32030901,(광산기계),2026,"관세청_HS부호(공공데이터포털 15049722, 2026-01-01 기준) + 관세청_HSK별 신성질별_성질별 분류(15049720)"
847420,84,제84류 원자로ㆍ보일러ㆍ기계류와 이들의 부분품,파쇄기나 분쇄기,기계,approximate,B,제84류 원자로·보일러·기계류. 전산기기(8471 등)가 섞여 있어 류 전체가 '기계'는 아니다 — 맥락 용도로만,32030901,(광산기계),2026,"관세청_HS부호(공공데이터포털 15049722, 2026-01-01 기준) + 관세청_HSK별 신성질별_성질별 분류(15049720)"
847431,84,제84류 원자로ㆍ보일러ㆍ기계류와 이들의 부분품,콘크리트 혼합기나 모르타르 혼합기,기계,approximate,B,제84류 원자로·보일러·기계류. 전산기기(8471 등)가 섞여 있어 류 전체가 '기계'는 아니다 — 맥락 용도로만,32030901,(광산기계),2026,"관세청_HS부호(공공데이터포털 15049722, 2026-01-01 기준) + 관세청_HSK별 신성질별_성질별 분류(15049720)"
847432,84,제84류 원자로ㆍ보일러ㆍ기계류와 이들의 부분품,역청질과 광물성 재료의 혼합기,기계,approximate,B,제84류 원자로·보일러·기계류. 전산기기(8471 등)가 섞여 있어 류 전체가 '기계'는 아니다 — 맥락 용도로만,32030901,(광산기계),2026,"관세청_HS부호(공공데이터포털 15049722, 2026-01-01 기준) + 관세청_HSK별 신성질별_성질별 분류(15049720)"
847439,84,제84류 원자로ㆍ보일러ㆍ기계류와 이들의 부분품,,기계,approximate,B,제84류 원자로·보일러·기계류. 전산기기(8471 등)가 섞여 있어 류 전체가 '기계'는 아니다 — 맥락 용도로만,32030901,(광산기계),2026,"관세청_HS부호(공공데이터포털 15049722, 2026-01-01 기준) + 관세청_HSK별 신성질별_성질별 분류(15049720)"
847480,84,제84류 원자로ㆍ보일러ㆍ기계류와 이들의 부분품,그 밖의 기계,기계,approximate,B,제84류 원자로·보일러·기계류. 전산기기(8471 등)가 섞여 있어 류 전체가 '기계'는 아니다 — 맥락 용도로만,32031801,(주조설비),2026,"관세청_HS부호(공공데이터포털 15049722, 2026-01-01 기준) + 관세청_HSK별 신성질별_성질별 분류(15049720)"
847490,84,제84류 원자로ㆍ보일러ㆍ기계류와 이들의 부분품,,기계,approximate,B,제84류 원자로·보일러·기계류. 전산기기(8471 등)가 섞여 있어 류 전체가 '기계'는 아니다 — 맥락 용도로만,32030902,(광산기계 부품),2026,"관세청_HS부호(공공데이터포털 15049722, 2026-01-01 기준) + 관세청_HSK별 신성질별_성질별 분류(15049720)"
847510,84,제84류 원자로ㆍ보일러ㆍ기계류와 이들의 부분품,,기계,approximate,B,제84류 원자로·보일러·기계류. 전산기기(8471 등)가 섞여 있어 류 전체가 '기계'는 아니다 — 맥락 용도로만,32030705,(유리가공기계),2026,"관세청_HS부호(공공데이터포털 15049722, 2026-01-01 기준) + 관세청_HSK별 신성질별_성질별 분류(15049720)"
847521,84,제84류 원자로ㆍ보일러ㆍ기계류와 이들의 부분품,,기계,approximate,B,제84류 원자로·보일러·기계류. 전산기기(8471 등)가 섞여 있어 류 전체가 '기계'는 아니다 — 맥락 용도로만,32030705,(유리가공기계),2026,"관세청_HS부호(공공데이터포털 15049722, 2026-01-01 기준) + 관세청_HSK별 신성질별_성질별 분류(15049720)"
847529,84,제84류 원자로ㆍ보일러ㆍ기계류와 이들의 부분품,기타,기계,approximate,B,제84류 원자로·보일러·기계류. 전산기기(8471 등)가 섞여 있어 류 전체가 '기계'는 아니다 — 맥락 용도로만,32030705,(유리가공기계),2026,"관세청_HS부호(공공데이터포털 15049722, 2026-01-01 기준) + 관세청_HSK별 신성질별_성질별 분류(15049720)"
847590,84,제84류 원자로ㆍ보일러ㆍ기계류와 이들의 부분품,부분품,기계,approximate,B,제84류 원자로·보일러·기계류. 전산기기(8471 등)가 섞여 있어 류 전체가 '기계'는 아니다 — 맥락 용도로만,32030706,(가공공작기계 부품),2026,"관세청_HS부호(공공데이터포털 15049722, 2026-01-01 기준) + 관세청_HSK별 신성질별_성질별 분류(15049720)"
847621,84,제84류 원자로ㆍ보일러ㆍ기계류와 이들의 부분품,,기계,approximate,B,제84류 원자로·보일러·기계류. 전산기기(8471 등)가 섞여 있어 류 전체가 '기계'는 아니다 — 맥락 용도로만,32059001,(기타 정밀기계),2026,"관세청_HS부호(공공데이터포털 15049722, 2026-01-01 기준) + 관세청_HSK별 신성질별_성질별 분류(15049720)"
847629,84,제84류 원자로ㆍ보일러ㆍ기계류와 이들의 부분품,,기계,approximate,B,제84류 원자로·보일러·기계류. 전산기기(8471 등)가 섞여 있어 류 전체가 '기계'는 아니다 — 맥락 용도로만,32059001,(기타 정밀기계),2026,"관세청_HS부호(공공데이터포털 15049722, 2026-01-01 기준) + 관세청_HSK별 신성질별_성질별 분류(15049720)"
847681,84,제84류 원자로ㆍ보일러ㆍ기계류와 이들의 부분품,,기계,approximate,B,제84류 원자로·보일러·기계류. 전산기기(8471 등)가 섞여 있어 류 전체가 '기계'는 아니다 — 맥락 용도로만,32059001,(기타 정밀기계),2026,"관세청_HS부호(공공데이터포털 15049722, 2026-01-01 기준) + 관세청_HSK별 신성질별_성질별 분류(15049720)"
847689,84,제84류 원자로ㆍ보일러ㆍ기계류와 이들의 부분품,기타,기계,approximate,B,제84류 원자로·보일러·기계류. 전산기기(8471 등)가 섞여 있어 류 전체가 '기계'는 아니다 — 맥락 용도로만,32059001,(기타 정밀기계),2026,"관세청_HS부호(공공데이터포털 15049722, 2026-01-01 기준) + 관세청_HSK별 신성질별_성질별 분류(15049720)"
847690,84,제84류 원자로ㆍ보일러ㆍ기계류와 이들의 부분품,부분품,기계,approximate,B,제84류 원자로·보일러·기계류. 전산기기(8471 등)가 섞여 있어 류 전체가 '기계'는 아니다 — 맥락 용도로만,32059002,(기타 정밀기계 부품),2026,"관세청_HS부호(공공데이터포털 15049722, 2026-01-01 기준) + 관세청_HSK별 신성질별_성질별 분류(15049720)"
847710,84,제84류 원자로ㆍ보일러ㆍ기계류와 이들의 부분품,사출 성형기,기계,approximate,B,제84류 원자로·보일러·기계류. 전산기기(8471 등)가 섞여 있어 류 전체가 '기계'는 아니다 — 맥락 용도로만,32031201,(고무·플라스틱 가공기계),2026,"관세청_HS부호(공공데이터포털 15049722, 2026-01-01 기준) + 관세청_HSK별 신성질별_성질별 분류(15049720)"
847720,84,제84류 원자로ㆍ보일러ㆍ기계류와 이들의 부분품,압출기,기계,approximate,B,제84류 원자로·보일러·기계류. 전산기기(8471 등)가 섞여 있어 류 전체가 '기계'는 아니다 — 맥락 용도로만,32031201,(고무·플라스틱 가공기계),2026,"관세청_HS부호(공공데이터포털 15049722, 2026-01-01 기준) + 관세청_HSK별 신성질별_성질별 분류(15049720)"
847730,84,제84류 원자로ㆍ보일러ㆍ기계류와 이들의 부분품,,기계,approximate,B,제84류 원자로·보일러·기계류. 전산기기(8471 등)가 섞여 있어 류 전체가 '기계'는 아니다 — 맥락 용도로만,32031201,(고무·플라스틱 가공기계),2026,"관세청_HS부호(공공데이터포털 15049722, 2026-01-01 기준) + 관세청_HSK별 신성질별_성질별 분류(15049720)"
847740,84,제84류 원자로ㆍ보일러ㆍ기계류와 이들의 부분품,,기계,approximate,B,제84류 원자로·보일러·기계류. 전산기기(8471 등)가 섞여 있어 류 전체가 '기계'는 아니다 — 맥락 용도로만,32031201,(고무·플라스틱 가공기계),2026,"관세청_HS부호(공공데이터포털 15049722, 2026-01-01 기준) + 관세청_HSK별 신성질별_성질별 분류(15049720)"
847751,84,제84류 원자로ㆍ보일러ㆍ기계류와 이들의 부분품,,기계,approximate,B,제84류 원자로·보일러·기계류. 전산기기(8471 등)가 섞여 있어 류 전체가 '기계'는 아니다 — 맥락 용도로만,32031201,(고무·플라스틱 가공기계),2026,"관세청_HS부호(공공데이터포털 15049722, 2026-01-01 기준) + 관세청_HSK별 신성질별_성질별 분류(15049720)"
847759,84,제84류 원자로ㆍ보일러ㆍ기계류와 이들의 부분품,,기계,approximate,B,제84류 원자로·보일러·기계류. 전산기기(8471 등)가 섞여 있어 류 전체가 '기계'는 아니다 — 맥락 용도로만,32031201,(고무·플라스틱 가공기계),2026,"관세청_HS부호(공공데이터포털 15049722, 2026-01-01 기준) + 관세청_HSK별 신성질별_성질별 분류(15049720)"
847780,84,제84류 원자로ㆍ보일러ㆍ기계류와 이들의 부분품,,기계,approximate,B,제84류 원자로·보일러·기계류. 전산기기(8471 등)가 섞여 있어 류 전체가 '기계'는 아니다 — 맥락 용도로만,32031201,(고무·플라스틱 가공기계),2026,"관세청_HS부호(공공데이터포털 15049722, 2026-01-01 기준) + 관세청_HSK별 신성질별_성질별 분류(15049720)"
847790,84,제84류 원자로ㆍ보일러ㆍ기계류와 이들의 부분품,,기계,approximate,B,제84류 원자로·보일러·기계류. 전산기기(8471 등)가 섞여 있어 류 전체가 '기계'는 아니다 — 맥락 용도로만,32031202,(고무·플라스틱 가공기계 부품),2026,"관세청_HS부호(공공데이터포털 15049722, 2026-01-01 기준) + 관세청_HSK별 신성질별_성질별 분류(15049720)"
847810,84,제84류 원자로ㆍ보일러ㆍ기계류와 이들의 부분품,,기계,approximate,B,제84류 원자로·보일러·기계류. 전산기기(8471 등)가 섞여 있어 류 전체가 '기계'는 아니다 — 맥락 용도로만,32039001,(기타 일반기계),2026,"관세청_HS부호(공공데이터포털 15049722, 2026-01-01 기준) + 관세청_HSK별 신성질별_성질별 분류(15049720)"
847890,84,제84류 원자로ㆍ보일러ㆍ기계류와 이들의 부분품,,기계,approximate,B,제84류 원자로·보일러·기계류. 전산기기(8471 등)가 섞여 있어 류 전체가 '기계'는 아니다 — 맥락 용도로만,32039002,(기타 일반기계 부품),2026,"관세청_HS부호(공공데이터포털 15049722, 2026-01-01 기준) + 관세청_HSK별 신성질별_성질별 분류(15049720)"
847910,84,제84류 원자로ㆍ보일러ㆍ기계류와 이들의 부분품,토목공사ㆍ건축이나 이와 유사한 용도에 사용하는 기계류,기계,approximate,B,제84류 원자로·보일러·기계류. 전산기기(8471 등)가 섞여 있어 류 전체가 '기계'는 아니다 — 맥락 용도로만,32030803,(기타 건설 중장비),2026,"관세청_HS부호(공공데이터포털 15049722, 2026-01-01 기준) + 관세청_HSK별 신성질별_성질별 분류(15049720)"
847920,84,제84류 원자로ㆍ보일러ㆍ기계류와 이들의 부분품,,기계,approximate,B,제84류 원자로·보일러·기계류. 전산기기(8471 등)가 섞여 있어 류 전체가 '기계'는 아니다 — 맥락 용도로만,32039001,(기타 일반기계),2026,"관세청_HS부호(공공데이터포털 15049722, 2026-01-01 기준) + 관세청_HSK별 신성질별_성질별 분류(15049720)"
847930,84,제84류 원자로ㆍ보일러ㆍ기계류와 이들의 부분품,,기계,approximate,B,제84류 원자로·보일러·기계류. 전산기기(8471 등)가 섞여 있어 류 전체가 '기계'는 아니다 — 맥락 용도로만,32039001,(기타 일반기계),2026,"관세청_HS부호(공공데이터포털 15049722, 2026-01-01 기준) + 관세청_HSK별 신성질별_성질별 분류(15049720)"
847940,84,제84류 원자로ㆍ보일러ㆍ기계류와 이들의 부분품,,기계,approximate,B,제84류 원자로·보일러·기계류. 전산기기(8471 등)가 섞여 있어 류 전체가 '기계'는 아니다 — 맥락 용도로만,32039001,(기타 일반기계),2026,"관세청_HS부호(공공데이터포털 15049722, 2026-01-01 기준) + 관세청_HSK별 신성질별_성질별 분류(15049720)"
847950,84,제84류 원자로ㆍ보일러ㆍ기계류와 이들의 부분품,산업용 로봇(따로 분류되지 않은 것으로 한정한다),기계,approximate,B,제84류 원자로·보일러·기계류. 전산기기(8471 등)가 섞여 있어 류 전체가 '기계'는 아니다 — 맥락 용도로만,32039001,(기타 일반기계),2026,"관세청_HS부호(공공데이터포털 15049722, 2026-01-01 기준) + 관세청_HSK별 신성질별_성질별 분류(15049720)"
847960,84,제84류 원자로ㆍ보일러ㆍ기계류와 이들의 부분품,,기계,approximate,B,제84류 원자로·보일러·기계류. 전산기기(8471 등)가 섞여 있어 류 전체가 '기계'는 아니다 — 맥락 용도로만,32039001,(기타 일반기계),2026,"관세청_HS부호(공공데이터포털 15049722, 2026-01-01 기준) + 관세청_HSK별 신성질별_성질별 분류(15049720)"
847971,84,제84류 원자로ㆍ보일러ㆍ기계류와 이들의 부분품,,기계,approximate,B,제84류 원자로·보일러·기계류. 전산기기(8471 등)가 섞여 있어 류 전체가 '기계'는 아니다 — 맥락 용도로만,32039001,(기타 일반기계),2026,"관세청_HS부호(공공데이터포털 15049722, 2026-01-01 기준) + 관세청_HSK별 신성질별_성질별 분류(15049720)"
847979,84,제84류 원자로ㆍ보일러ㆍ기계류와 이들의 부분품,,기계,approximate,B,제84류 원자로·보일러·기계류. 전산기기(8471 등)가 섞여 있어 류 전체가 '기계'는 아니다 — 맥락 용도로만,32039001,(기타 일반기계),2026,"관세청_HS부호(공공데이터포털 15049722, 2026-01-01 기준) + 관세청_HSK별 신성질별_성질별 분류(15049720)"
847981,84,제84류 원자로ㆍ보일러ㆍ기계류와 이들의 부분품,금속 처리용(전선권선기를 포함한다),기계,approximate,B,제84류 원자로·보일러·기계류. 전산기기(8471 등)가 섞여 있어 류 전체가 '기계'는 아니다 — 맥락 용도로만,32039001,(기타 일반기계),2026,"관세청_HS부호(공공데이터포털 15049722, 2026-01-01 기준) + 관세청_HSK별 신성질별_성질별 분류(15049720)"
847982,84,제84류 원자로ㆍ보일러ㆍ기계류와 이들의 부분품,혼합기ㆍ반죽기ㆍ파쇄기ㆍ분쇄기ㆍ기계식 체ㆍ시프팅기(sifting machine)ㆍ균질기ㆍ유화기ㆍ교반기,기계,approximate,B,제84류 원자로·보일러·기계류. 전산기기(8471 등)가 섞여 있어 류 전체가 '기계'는 아니다 — 맥락 용도로만,32039001,(기타 일반기계),2026,"관세청_HS부호(공공데이터포털 15049722, 2026-01-01 기준) + 관세청_HSK별 신성질별_성질별 분류(15049720)"
847983,84,제84류 원자로ㆍ보일러ㆍ기계류와 이들의 부분품,,기계,approximate,B,제84류 원자로·보일러·기계류. 전산기기(8471 등)가 섞여 있어 류 전체가 '기계'는 아니다 — 맥락 용도로만,32039001,(기타 일반기계),2026,"관세청_HS부호(공공데이터포털 15049722, 2026-01-01 기준) + 관세청_HSK별 신성질별_성질별 분류(15049720)"
847989,84,제84류 원자로ㆍ보일러ㆍ기계류와 이들의 부분품,기타,기계,approximate,B,제84류 원자로·보일러·기계류. 전산기기(8471 등)가 섞여 있어 류 전체가 '기계'는 아니다 — 맥락 용도로만,,,2026,"관세청_HS부호(공공데이터포털 15049722, 2026-01-01 기준) + 관세청_HSK별 신성질별_성질별 분류(15049720)"
847990,84,제84류 원자로ㆍ보일러ㆍ기계류와 이들의 부분품,부분품,기계,approximate,B,제84류 원자로·보일러·기계류. 전산기기(8471 등)가 섞여 있어 류 전체가 '기계'는 아니다 — 맥락 용도로만,,,2026,"관세청_HS부호(공공데이터포털 15049722, 2026-01-01 기준) + 관세청_HSK별 신성질별_성질별 분류(15049720)"
848010,84,제84류 원자로ㆍ보일러ㆍ기계류와 이들의 부분품,,기계,approximate,B,제84류 원자로·보일러·기계류. 전산기기(8471 등)가 섞여 있어 류 전체가 '기계'는 아니다 — 맥락 용도로만,32031504,(기타 금형),2026,"관세청_HS부호(공공데이터포털 15049722, 2026-01-01 기준) + 관세청_HSK별 신성질별_성질별 분류(15049720)"
848020,84,제84류 원자로ㆍ보일러ㆍ기계류와 이들의 부분품,,기계,approximate,B,제84류 원자로·보일러·기계류. 전산기기(8471 등)가 섞여 있어 류 전체가 '기계'는 아니다 — 맥락 용도로만,32031504,(기타 금형),2026,"관세청_HS부호(공공데이터포털 15049722, 2026-01-01 기준) + 관세청_HSK별 신성질별_성질별 분류(15049720)"
848030,84,제84류 원자로ㆍ보일러ㆍ기계류와 이들의 부분품,,기계,approximate,B,제84류 원자로·보일러·기계류. 전산기기(8471 등)가 섞여 있어 류 전체가 '기계'는 아니다 — 맥락 용도로만,32031504,(기타 금형),2026,"관세청_HS부호(공공데이터포털 15049722, 2026-01-01 기준) + 관세청_HSK별 신성질별_성질별 분류(15049720)"
848041,84,제84류 원자로ㆍ보일러ㆍ기계류와 이들의 부분품,,기계,approximate,B,제84류 원자로·보일러·기계류. 전산기기(8471 등)가 섞여 있어 류 전체가 '기계'는 아니다 — 맥락 용도로만,32031502,(다이캐스팅 금형),2026,"관세청_HS부호(공공데이터포털 15049722, 2026-01-01 기준) + 관세청_HSK별 신성질별_성질별 분류(15049720)"
848049,84,제84류 원자로ㆍ보일러ㆍ기계류와 이들의 부분품,,기계,approximate,B,제84류 원자로·보일러·기계류. 전산기기(8471 등)가 섞여 있어 류 전체가 '기계'는 아니다 — 맥락 용도로만,32031502,(다이캐스팅 금형),2026,"관세청_HS부호(공공데이터포털 15049722, 2026-01-01 기준) + 관세청_HSK별 신성질별_성질별 분류(15049720)"
848050,84,제84류 원자로ㆍ보일러ㆍ기계류와 이들의 부분품,,기계,approximate,B,제84류 원자로·보일러·기계류. 전산기기(8471 등)가 섞여 있어 류 전체가 '기계'는 아니다 — 맥락 용도로만,32031504,(기타 금형),2026,"관세청_HS부호(공공데이터포털 15049722, 2026-01-01 기준) + 관세청_HSK별 신성질별_성질별 분류(15049720)"
848060,84,제84류 원자로ㆍ보일러ㆍ기계류와 이들의 부분품,,기계,approximate,B,제84류 원자로·보일러·기계류. 전산기기(8471 등)가 섞여 있어 류 전체가 '기계'는 아니다 — 맥락 용도로만,32031504,(기타 금형),2026,"관세청_HS부호(공공데이터포털 15049722, 2026-01-01 기준) + 관세청_HSK별 신성질별_성질별 분류(15049720)"
848071,84,제84류 원자로ㆍ보일러ㆍ기계류와 이들의 부분품,,기계,approximate,B,제84류 원자로·보일러·기계류. 전산기기(8471 등)가 섞여 있어 류 전체가 '기계'는 아니다 — 맥락 용도로만,32031503,(플라스틱 금형),2026,"관세청_HS부호(공공데이터포털 15049722, 2026-01-01 기준) + 관세청_HSK별 신성질별_성질별 분류(15049720)"
848079,84,제84류 원자로ㆍ보일러ㆍ기계류와 이들의 부분품,,기계,approximate,B,제84류 원자로·보일러·기계류. 전산기기(8471 등)가 섞여 있어 류 전체가 '기계'는 아니다 — 맥락 용도로만,32031503,(플라스틱 금형),2026,"관세청_HS부호(공공데이터포털 15049722, 2026-01-01 기준) + 관세청_HSK별 신성질별_성질별 분류(15049720)"
848110,84,제84류 원자로ㆍ보일러ㆍ기계류와 이들의 부분품,,기계,approximate,B,제84류 원자로·보일러·기계류. 전산기기(8471 등)가 섞여 있어 류 전체가 '기계'는 아니다 — 맥락 용도로만,32020102,(밸브),2026,"관세청_HS부호(공공데이터포털 15049722, 2026-01-01 기준) + 관세청_HSK별 신성질별_성질별 분류(15049720)"
848120,84,제84류 원자로ㆍ보일러ㆍ기계류와 이들의 부분품,유압이나 공기압 전송용 밸브,기계,approximate,B,제84류 원자로·보일러·기계류. 전산기기(8471 등)가 섞여 있어 류 전체가 '기계'는 아니다 — 맥락 용도로만,32020102,(밸브),2026,"관세청_HS부호(공공데이터포털 15049722, 2026-01-01 기준) + 관세청_HSK별 신성질별_성질별 분류(15049720)"
848130,84,제84류 원자로ㆍ보일러ㆍ기계류와 이들의 부분품,,기계,approximate,B,제84류 원자로·보일러·기계류. 전산기기(8471 등)가 섞여 있어 류 전체가 '기계'는 아니다 — 맥락 용도로만,32020102,(밸브),2026,"관세청_HS부호(공공데이터포털 15049722, 2026-01-01 기준) + 관세청_HSK별 신성질별_성질별 분류(15049720)"
848140,84,제84류 원자로ㆍ보일러ㆍ기계류와 이들의 부분품,,기계,approximate,B,제84류 원자로·보일러·기계류. 전산기기(8471 등)가 섞여 있어 류 전체가 '기계'는 아니다 — 맥락 용도로만,32020102,(밸브),2026,"관세청_HS부호(공공데이터포털 15049722, 2026-01-01 기준) + 관세청_HSK별 신성질별_성질별 분류(15049720)"
848180,84,제84류 원자로ㆍ보일러ㆍ기계류와 이들의 부분품,그 밖의 기기,기계,approximate,B,제84류 원자로·보일러·기계류. 전산기기(8471 등)가 섞여 있어 류 전체가 '기계'는 아니다 — 맥락 용도로만,,,2026,"관세청_HS부호(공공데이터포털 15049722, 2026-01-01 기준) + 관세청_HSK별 신성질별_성질별 분류(15049720)"
848190,84,제84류 원자로ㆍ보일러ㆍ기계류와 이들의 부분품,,기계,approximate,B,제84류 원자로·보일러·기계류. 전산기기(8471 등)가 섞여 있어 류 전체가 '기계'는 아니다 — 맥락 용도로만,32020190,(기타 기계요소),2026,"관세청_HS부호(공공데이터포털 15049722, 2026-01-01 기준) + 관세청_HSK별 신성질별_성질별 분류(15049720)"
848210,84,제84류 원자로ㆍ보일러ㆍ기계류와 이들의 부분품,볼베어링(ball bearing),기계,approximate,B,제84류 원자로·보일러·기계류. 전산기기(8471 등)가 섞여 있어 류 전체가 '기계'는 아니다 — 맥락 용도로만,32020103,(베어링),2026,"관세청_HS부호(공공데이터포털 15049722, 2026-01-01 기준) + 관세청_HSK별 신성질별_성질별 분류(15049720)"
848220,84,제84류 원자로ㆍ보일러ㆍ기계류와 이들의 부분품,,기계,approximate,B,제84류 원자로·보일러·기계류. 전산기기(8471 등)가 섞여 있어 류 전체가 '기계'는 아니다 — 맥락 용도로만,32020103,(베어링),2026,"관세청_HS부호(공공데이터포털 15049722, 2026-01-01 기준) + 관세청_HSK별 신성질별_성질별 분류(15049720)"
848230,84,제84류 원자로ㆍ보일러ㆍ기계류와 이들의 부분품,,기계,approximate,B,제84류 원자로·보일러·기계류. 전산기기(8471 등)가 섞여 있어 류 전체가 '기계'는 아니다 — 맥락 용도로만,32020103,(베어링),2026,"관세청_HS부호(공공데이터포털 15049722, 2026-01-01 기준) + 관세청_HSK별 신성질별_성질별 분류(15049720)"
848240,84,제84류 원자로ㆍ보일러ㆍ기계류와 이들의 부분품,,기계,approximate,B,제84류 원자로·보일러·기계류. 전산기기(8471 등)가 섞여 있어 류 전체가 '기계'는 아니다 — 맥락 용도로만,32020103,(베어링),2026,"관세청_HS부호(공공데이터포털 15049722, 2026-01-01 기준) + 관세청_HSK별 신성질별_성질별 분류(15049720)"
848250,84,제84류 원자로ㆍ보일러ㆍ기계류와 이들의 부분품,,기계,approximate,B,제84류 원자로·보일러·기계류. 전산기기(8471 등)가 섞여 있어 류 전체가 '기계'는 아니다 — 맥락 용도로만,32020103,(베어링),2026,"관세청_HS부호(공공데이터포털 15049722, 2026-01-01 기준) + 관세청_HSK별 신성질별_성질별 분류(15049720)"
848280,84,제84류 원자로ㆍ보일러ㆍ기계류와 이들의 부분품,,기계,approximate,B,제84류 원자로·보일러·기계류. 전산기기(8471 등)가 섞여 있어 류 전체가 '기계'는 아니다 — 맥락 용도로만,32020103,(베어링),2026,"관세청_HS부호(공공데이터포털 15049722, 2026-01-01 기준) + 관세청_HSK별 신성질별_성질별 분류(15049720)"
848291,84,제84류 원자로ㆍ보일러ㆍ기계류와 이들의 부분품,,기계,approximate,B,제84류 원자로·보일러·기계류. 전산기기(8471 등)가 섞여 있어 류 전체가 '기계'는 아니다 — 맥락 용도로만,32020190,(기타 기계요소),2026,"관세청_HS부호(공공데이터포털 15049722, 2026-01-01 기준) + 관세청_HSK별 신성질별_성질별 분류(15049720)"
848299,84,제84류 원자로ㆍ보일러ㆍ기계류와 이들의 부분품,,기계,approximate,B,제84류 원자로·보일러·기계류. 전산기기(8471 등)가 섞여 있어 류 전체가 '기계'는 아니다 — 맥락 용도로만,32020190,(기타 기계요소),2026,"관세청_HS부호(공공데이터포털 15049722, 2026-01-01 기준) + 관세청_HSK별 신성질별_성질별 분류(15049720)"
848310,84,제84류 원자로ㆍ보일러ㆍ기계류와 이들의 부분품,"전동축[캠샤프트(cam shaft)와 크랭크샤프트(crank shaft)를 포함한다], 크랭크(crank)",기계,approximate,B,제84류 원자로·보일러·기계류. 전산기기(8471 등)가 섞여 있어 류 전체가 '기계'는 아니다 — 맥락 용도로만,31060390,(기타 항공기 부품),2026,"관세청_HS부호(공공데이터포털 15049722, 2026-01-01 기준) + 관세청_HSK별 신성질별_성질별 분류(15049720)"
848320,84,제84류 원자로ㆍ보일러ㆍ기계류와 이들의 부분품,베어링하우징(bearing housing)[볼베어링(ball bearing)이나 롤러베어링(roller bearing)을 갖춘 것으로 한정한다],기계,approximate,B,제84류 원자로·보일러·기계류. 전산기기(8471 등)가 섞여 있어 류 전체가 '기계'는 아니다 — 맥락 용도로만,31060390,(기타 항공기 부품),2026,"관세청_HS부호(공공데이터포털 15049722, 2026-01-01 기준) + 관세청_HSK별 신성질별_성질별 분류(15049720)"
848330,84,제84류 원자로ㆍ보일러ㆍ기계류와 이들의 부분품,베어링하우징(bearing housing)[볼베어링(ball bearing)이나 롤러베어링(roller bearing)을 갖추지 않은 것으로 한정한다]과 플레인 샤프트베어링(plain shaft bearing),기계,approximate,B,제84류 원자로·보일러·기계류. 전산기기(8471 등)가 섞여 있어 류 전체가 '기계'는 아니다 — 맥락 용도로만,31060390,(기타 항공기 부품),2026,"관세청_HS부호(공공데이터포털 15049722, 2026-01-01 기준) + 관세청_HSK별 신성질별_성질별 분류(15049720)"
848340,84,제84류 원자로ㆍ보일러ㆍ기계류와 이들의 부분품,"기어(gear)와 기어링(gearing)[날이 붙은 휠ㆍ체인스프로켓(chain sprocket)과 분리되어 제시된 그 밖의 전동(transmission)용 엘리먼트는 제외한다], 볼이나 롤러스크루(roller screw), 기어박스와 그 밖의 변속기[토크컨버터(torque converter)를 포함한다]",기계,approximate,B,제84류 원자로·보일러·기계류. 전산기기(8471 등)가 섞여 있어 류 전체가 '기계'는 아니다 — 맥락 용도로만,,,2026,"관세청_HS부호(공공데이터포털 15049722, 2026-01-01 기준) + 관세청_HSK별 신성질별_성질별 분류(15049720)"
848350,84,제84류 원자로ㆍ보일러ㆍ기계류와 이들의 부분품,플라이휠(flywheel)과 풀리(pulley)[풀리블록(pulley block)을 포함한다],기계,approximate,B,제84류 원자로·보일러·기계류. 전산기기(8471 등)가 섞여 있어 류 전체가 '기계'는 아니다 — 맥락 용도로만,31060390,(기타 항공기 부품),2026,"관세청_HS부호(공공데이터포털 15049722, 2026-01-01 기준) + 관세청_HSK별 신성질별_성질별 분류(15049720)"
848360,84,제84류 원자로ㆍ보일러ㆍ기계류와 이들의 부분품,클러치(clutch)와 샤프트커플링(shaft coupling)[유니버설조인트(universal joint)를 포함한다],기계,approximate,B,제84류 원자로·보일러·기계류. 전산기기(8471 등)가 섞여 있어 류 전체가 '기계'는 아니다 — 맥락 용도로만,31060390,(기타 항공기 부품),2026,"관세청_HS부호(공공데이터포털 15049722, 2026-01-01 기준) + 관세청_HSK별 신성질별_성질별 분류(15049720)"
848390,84,제84류 원자로ㆍ보일러ㆍ기계류와 이들의 부분품,"날이 붙은 휠, 체인스프로켓(chain sprocket), 분리되어 제시된 그 밖의 전동(transmission)용 엘리먼트와 부분품",기계,approximate,B,제84류 원자로·보일러·기계류. 전산기기(8471 등)가 섞여 있어 류 전체가 '기계'는 아니다 — 맥락 용도로만,31060390,(기타 항공기 부품),2026,"관세청_HS부호(공공데이터포털 15049722, 2026-01-01 기준) + 관세청_HSK별 신성질별_성질별 분류(15049720)"
848410,84,제84류 원자로ㆍ보일러ㆍ기계류와 이들의 부분품,개스킷(gasket)과 이와 유사한 조인트(금속 외의 재료와 결합한 금속판으로 만든 것이나 금속을 두 개 이상 적층한 것으로 한정한다),기계,approximate,B,제84류 원자로·보일러·기계류. 전산기기(8471 등)가 섞여 있어 류 전체가 '기계'는 아니다 — 맥락 용도로만,32039001,(기타 일반기계),2026,"관세청_HS부호(공공데이터포털 15049722, 2026-01-01 기준) + 관세청_HSK별 신성질별_성질별 분류(15049720)"
848420,84,제84류 원자로ㆍ보일러ㆍ기계류와 이들의 부분품,,기계,approximate,B,제84류 원자로·보일러·기계류. 전산기기(8471 등)가 섞여 있어 류 전체가 '기계'는 아니다 — 맥락 용도로만,32020190,(기타 기계요소),2026,"관세청_HS부호(공공데이터포털 15049722, 2026-01-01 기준) + 관세청_HSK별 신성질별_성질별 분류(15049720)"
848490,84,제84류 원자로ㆍ보일러ㆍ기계류와 이들의 부분품,,기계,approximate,B,제84류 원자로·보일러·기계류. 전산기기(8471 등)가 섞여 있어 류 전체가 '기계'는 아니다 — 맥락 용도로만,32039001,(기타 일반기계),2026,"관세청_HS부호(공공데이터포털 15049722, 2026-01-01 기준) + 관세청_HSK별 신성질별_성질별 분류(15049720)"
848510,84,제84류 원자로ㆍ보일러ㆍ기계류와 이들의 부분품,,기계,approximate,B,제84류 원자로·보일러·기계류. 전산기기(8471 등)가 섞여 있어 류 전체가 '기계'는 아니다 — 맥락 용도로만,32030702,(금속성형가공기계),2026,"관세청_HS부호(공공데이터포털 15049722, 2026-01-01 기준) + 관세청_HSK별 신성질별_성질별 분류(15049720)"
848520,84,제84류 원자로ㆍ보일러ㆍ기계류와 이들의 부분품,플라스틱ㆍ고무용,기계,approximate,B,제84류 원자로·보일러·기계류. 전산기기(8471 등)가 섞여 있어 류 전체가 '기계'는 아니다 — 맥락 용도로만,32031201,(고무·플라스틱 가공기계),2026,"관세청_HS부호(공공데이터포털 15049722, 2026-01-01 기준) + 관세청_HSK별 신성질별_성질별 분류(15049720)"
848530,84,제84류 원자로ㆍ보일러ㆍ기계류와 이들의 부분품,,기계,approximate,B,제84류 원자로·보일러·기계류. 전산기기(8471 등)가 섞여 있어 류 전체가 '기계'는 아니다 — 맥락 용도로만,32030705,(유리가공기계),2026,"관세청_HS부호(공공데이터포털 15049722, 2026-01-01 기준) + 관세청_HSK별 신성질별_성질별 분류(15049720)"
848580,84,제84류 원자로ㆍ보일러ㆍ기계류와 이들의 부분품,,기계,approximate,B,제84류 원자로·보일러·기계류. 전산기기(8471 등)가 섞여 있어 류 전체가 '기계'는 아니다 — 맥락 용도로만,32039001,(기타 일반기계),2026,"관세청_HS부호(공공데이터포털 15049722, 2026-01-01 기준) + 관세청_HSK별 신성질별_성질별 분류(15049720)"
848590,84,제84류 원자로ㆍ보일러ㆍ기계류와 이들의 부분품,,기계,approximate,B,제84류 원자로·보일러·기계류. 전산기기(8471 등)가 섞여 있어 류 전체가 '기계'는 아니다 — 맥락 용도로만,32039002,(기타 일반기계 부품),2026,"관세청_HS부호(공공데이터포털 15049722, 2026-01-01 기준) + 관세청_HSK별 신성질별_성질별 분류(15049720)"
848610,84,제84류 원자로ㆍ보일러ㆍ기계류와 이들의 부분품,보울(boule)이나 웨이퍼(wafer) 제조용 기계와 기기,기계,approximate,B,제84류 원자로·보일러·기계류. 전산기기(8471 등)가 섞여 있어 류 전체가 '기계'는 아니다 — 맥락 용도로만,32050701,(반도체제조용장비),2026,"관세청_HS부호(공공데이터포털 15049722, 2026-01-01 기준) + 관세청_HSK별 신성질별_성질별 분류(15049720)"
848620,84,제84류 원자로ㆍ보일러ㆍ기계류와 이들의 부분품,반도체 디바이스나 전자집적회로 제조용 기계와 기기,기계,approximate,B,제84류 원자로·보일러·기계류. 전산기기(8471 등)가 섞여 있어 류 전체가 '기계'는 아니다 — 맥락 용도로만,32050701,(반도체제조용장비),2026,"관세청_HS부호(공공데이터포털 15049722, 2026-01-01 기준) + 관세청_HSK별 신성질별_성질별 분류(15049720)"
848630,84,제84류 원자로ㆍ보일러ㆍ기계류와 이들의 부분품,평판디스플레이 제조용 기계와 기기,기계,approximate,B,제84류 원자로·보일러·기계류. 전산기기(8471 등)가 섞여 있어 류 전체가 '기계'는 아니다 — 맥락 용도로만,,,2026,"관세청_HS부호(공공데이터포털 15049722, 2026-01-01 기준) + 관세청_HSK별 신성질별_성질별 분류(15049720)"
848640,84,제84류 원자로ㆍ보일러ㆍ기계류와 이들의 부분품,이 류의 주 제11호다목에서 특정한 기계와 기기,기계,approximate,B,제84류 원자로·보일러·기계류. 전산기기(8471 등)가 섞여 있어 류 전체가 '기계'는 아니다 — 맥락 용도로만,,,2026,"관세청_HS부호(공공데이터포털 15049722, 2026-01-01 기준) + 관세청_HSK별 신성질별_성질별 분류(15049720)"
848690,84,제84류 원자로ㆍ보일러ㆍ기계류와 이들의 부분품,부분품과 부속품,기계,approximate,B,제84류 원자로·보일러·기계류. 전산기기(8471 등)가 섞여 있어 류 전체가 '기계'는 아니다 — 맥락 용도로만,32050702,(반도체제조용장비 부품),2026,"관세청_HS부호(공공데이터포털 15049722, 2026-01-01 기준) + 관세청_HSK별 신성질별_성질별 분류(15049720)"
848710,84,제84류 원자로ㆍ보일러ㆍ기계류와 이들의 부분품,,기계,approximate,B,제84류 원자로·보일러·기계류. 전산기기(8471 등)가 섞여 있어 류 전체가 '기계'는 아니다 — 맥락 용도로만,31060490,(기타 선박용 부품),2026,"관세청_HS부호(공공데이터포털 15049722, 2026-01-01 기준) + 관세청_HSK별 신성질별_성질별 분류(15049720)"
848790,84,제84류 원자로ㆍ보일러ㆍ기계류와 이들의 부분품,기타,기계,approximate,B,제84류 원자로·보일러·기계류. 전산기기(8471 등)가 섞여 있어 류 전체가 '기계'는 아니다 — 맥락 용도로만,32039002,(기타 일반기계 부품),2026,"관세청_HS부호(공공데이터포털 15049722, 2026-01-01 기준) + 관세청_HSK별 신성질별_성질별 분류(15049720)"
850110,85,"제85류 전기기기와 그 부분품, 녹음기ㆍ음성 재생기ㆍ텔레비전의 영상과 음성의 기록기ㆍ재생기와 이들의 부분품ㆍ부속품",전동기(출력이 37.5와트 이하인 것으로 한정한다),전기전자,approximate,B,제85류 전기기기·음향영상기기. KICOX '전기전자'가 중심이나 일부 부품이 다른 업종과 겹친다,32040201,(소형 직류 전동기),2026,"관세청_HS부호(공공데이터포털 15049722, 2026-01-01 기준) + 관세청_HSK별 신성질별_성질별 분류(15049720)"
850120,85,"제85류 전기기기와 그 부분품, 녹음기ㆍ음성 재생기ㆍ텔레비전의 영상과 음성의 기록기ㆍ재생기와 이들의 부분품ㆍ부속품",교류ㆍ직류 겸용 전동기(출력이 37.5와트를 초과하는 것으로 한정한다),전기전자,approximate,B,제85류 전기기기·음향영상기기. KICOX '전기전자'가 중심이나 일부 부품이 다른 업종과 겹친다,32040203,(소형 직류·교류 겸용 전동기),2026,"관세청_HS부호(공공데이터포털 15049722, 2026-01-01 기준) + 관세청_HSK별 신성질별_성질별 분류(15049720)"
850131,85,"제85류 전기기기와 그 부분품, 녹음기ㆍ음성 재생기ㆍ텔레비전의 영상과 음성의 기록기ㆍ재생기와 이들의 부분품ㆍ부속품",출력이 750와트 이하인 것,전기전자,approximate,B,제85류 전기기기·음향영상기기. KICOX '전기전자'가 중심이나 일부 부품이 다른 업종과 겹친다,,,2026,"관세청_HS부호(공공데이터포털 15049722, 2026-01-01 기준) + 관세청_HSK별 신성질별_성질별 분류(15049720)"
850132,85,"제85류 전기기기와 그 부분품, 녹음기ㆍ음성 재생기ㆍ텔레비전의 영상과 음성의 기록기ㆍ재생기와 이들의 부분품ㆍ부속품",출력이 750와트 초과 75킬로와트 이하인 것,전기전자,approximate,B,제85류 전기기기·음향영상기기. KICOX '전기전자'가 중심이나 일부 부품이 다른 업종과 겹친다,32040204,(중대형 직류 전동기),2026,"관세청_HS부호(공공데이터포털 15049722, 2026-01-01 기준) + 관세청_HSK별 신성질별_성질별 분류(15049720)"
850133,85,"제85류 전기기기와 그 부분품, 녹음기ㆍ음성 재생기ㆍ텔레비전의 영상과 음성의 기록기ㆍ재생기와 이들의 부분품ㆍ부속품",출력이 75킬로와트 초과 375킬로와트 이하인 것,전기전자,approximate,B,제85류 전기기기·음향영상기기. KICOX '전기전자'가 중심이나 일부 부품이 다른 업종과 겹친다,32040204,(중대형 직류 전동기),2026,"관세청_HS부호(공공데이터포털 15049722, 2026-01-01 기준) + 관세청_HSK별 신성질별_성질별 분류(15049720)"
850134,85,"제85류 전기기기와 그 부분품, 녹음기ㆍ음성 재생기ㆍ텔레비전의 영상과 음성의 기록기ㆍ재생기와 이들의 부분품ㆍ부속품",출력이 375킬로와트를 초과하는 것,전기전자,approximate,B,제85류 전기기기·음향영상기기. KICOX '전기전자'가 중심이나 일부 부품이 다른 업종과 겹친다,32040204,(중대형 직류 전동기),2026,"관세청_HS부호(공공데이터포털 15049722, 2026-01-01 기준) + 관세청_HSK별 신성질별_성질별 분류(15049720)"
850140,85,"제85류 전기기기와 그 부분품, 녹음기ㆍ음성 재생기ㆍ텔레비전의 영상과 음성의 기록기ㆍ재생기와 이들의 부분품ㆍ부속품",그 밖의 단상(單相) 교류 전동기,전기전자,approximate,B,제85류 전기기기·음향영상기기. KICOX '전기전자'가 중심이나 일부 부품이 다른 업종과 겹친다,32040202,(소형 교류 전동기),2026,"관세청_HS부호(공공데이터포털 15049722, 2026-01-01 기준) + 관세청_HSK별 신성질별_성질별 분류(15049720)"
850151,85,"제85류 전기기기와 그 부분품, 녹음기ㆍ음성 재생기ㆍ텔레비전의 영상과 음성의 기록기ㆍ재생기와 이들의 부분품ㆍ부속품",,전기전자,approximate,B,제85류 전기기기·음향영상기기. KICOX '전기전자'가 중심이나 일부 부품이 다른 업종과 겹친다,32040205,(중대형 교류 전동기),2026,"관세청_HS부호(공공데이터포털 15049722, 2026-01-01 기준) + 관세청_HSK별 신성질별_성질별 분류(15049720)"
850152,85,"제85류 전기기기와 그 부분품, 녹음기ㆍ음성 재생기ㆍ텔레비전의 영상과 음성의 기록기ㆍ재생기와 이들의 부분품ㆍ부속품",출력이 750와트 초과 75킬로와트 이하인 것,전기전자,approximate,B,제85류 전기기기·음향영상기기. KICOX '전기전자'가 중심이나 일부 부품이 다른 업종과 겹친다,32040205,(중대형 교류 전동기),2026,"관세청_HS부호(공공데이터포털 15049722, 2026-01-01 기준) + 관세청_HSK별 신성질별_성질별 분류(15049720)"
850153,85,"제85류 전기기기와 그 부분품, 녹음기ㆍ음성 재생기ㆍ텔레비전의 영상과 음성의 기록기ㆍ재생기와 이들의 부분품ㆍ부속품",출력이 75킬로와트를 초과하는 것,전기전자,approximate,B,제85류 전기기기·음향영상기기. KICOX '전기전자'가 중심이나 일부 부품이 다른 업종과 겹친다,,,2026,"관세청_HS부호(공공데이터포털 15049722, 2026-01-01 기준) + 관세청_HSK별 신성질별_성질별 분류(15049720)"
850161,85,"제85류 전기기기와 그 부분품, 녹음기ㆍ음성 재생기ㆍ텔레비전의 영상과 음성의 기록기ㆍ재생기와 이들의 부분품ㆍ부속품",출력이 75킬로볼트암페어 이하인 것,전기전자,approximate,B,제85류 전기기기·음향영상기기. KICOX '전기전자'가 중심이나 일부 부품이 다른 업종과 겹친다,32040103,(교류 발전기),2026,"관세청_HS부호(공공데이터포털 15049722, 2026-01-01 기준) + 관세청_HSK별 신성질별_성질별 분류(15049720)"
850162,85,"제85류 전기기기와 그 부분품, 녹음기ㆍ음성 재생기ㆍ텔레비전의 영상과 음성의 기록기ㆍ재생기와 이들의 부분품ㆍ부속품",출력이 75킬로볼트암페어 초과 375킬로볼트암페어 이하인 것,전기전자,approximate,B,제85류 전기기기·음향영상기기. KICOX '전기전자'가 중심이나 일부 부품이 다른 업종과 겹친다,32040103,(교류 발전기),2026,"관세청_HS부호(공공데이터포털 15049722, 2026-01-01 기준) + 관세청_HSK별 신성질별_성질별 분류(15049720)"
850163,85,"제85류 전기기기와 그 부분품, 녹음기ㆍ음성 재생기ㆍ텔레비전의 영상과 음성의 기록기ㆍ재생기와 이들의 부분품ㆍ부속품",출력이 375킬로볼트암페어 초과 750킬로볼트암페어 이하인 것,전기전자,approximate,B,제85류 전기기기·음향영상기기. KICOX '전기전자'가 중심이나 일부 부품이 다른 업종과 겹친다,32040103,(교류 발전기),2026,"관세청_HS부호(공공데이터포털 15049722, 2026-01-01 기준) + 관세청_HSK별 신성질별_성질별 분류(15049720)"
850164,85,"제85류 전기기기와 그 부분품, 녹음기ㆍ음성 재생기ㆍ텔레비전의 영상과 음성의 기록기ㆍ재생기와 이들의 부분품ㆍ부속품",,전기전자,approximate,B,제85류 전기기기·음향영상기기. KICOX '전기전자'가 중심이나 일부 부품이 다른 업종과 겹친다,32040103,(교류 발전기),2026,"관세청_HS부호(공공데이터포털 15049722, 2026-01-01 기준) + 관세청_HSK별 신성질별_성질별 분류(15049720)"
850171,85,"제85류 전기기기와 그 부분품, 녹음기ㆍ음성 재생기ㆍ텔레비전의 영상과 음성의 기록기ㆍ재생기와 이들의 부분품ㆍ부속품",,전기전자,approximate,B,제85류 전기기기·음향영상기기. KICOX '전기전자'가 중심이나 일부 부품이 다른 업종과 겹친다,32040102,(직류 발전기),2026,"관세청_HS부호(공공데이터포털 15049722, 2026-01-01 기준) + 관세청_HSK별 신성질별_성질별 분류(15049720)"
850172,85,"제85류 전기기기와 그 부분품, 녹음기ㆍ음성 재생기ㆍ텔레비전의 영상과 음성의 기록기ㆍ재생기와 이들의 부분품ㆍ부속품",출력이 50와트를 초과하는 것,전기전자,approximate,B,제85류 전기기기·음향영상기기. KICOX '전기전자'가 중심이나 일부 부품이 다른 업종과 겹친다,32040102,(직류 발전기),2026,"관세청_HS부호(공공데이터포털 15049722, 2026-01-01 기준) + 관세청_HSK별 신성질별_성질별 분류(15049720)"
850180,85,"제85류 전기기기와 그 부분품, 녹음기ㆍ음성 재생기ㆍ텔레비전의 영상과 음성의 기록기ㆍ재생기와 이들의 부분품ㆍ부속품",태양광 교류 발전기,전기전자,approximate,B,제85류 전기기기·음향영상기기. KICOX '전기전자'가 중심이나 일부 부품이 다른 업종과 겹친다,32040103,(교류 발전기),2026,"관세청_HS부호(공공데이터포털 15049722, 2026-01-01 기준) + 관세청_HSK별 신성질별_성질별 분류(15049720)"
850211,85,"제85류 전기기기와 그 부분품, 녹음기ㆍ음성 재생기ㆍ텔레비전의 영상과 음성의 기록기ㆍ재생기와 이들의 부분품ㆍ부속품",출력이 75킬로볼트암페어 이하인 것,전기전자,approximate,B,제85류 전기기기·음향영상기기. KICOX '전기전자'가 중심이나 일부 부품이 다른 업종과 겹친다,32040101,(엔진결합 발전기),2026,"관세청_HS부호(공공데이터포털 15049722, 2026-01-01 기준) + 관세청_HSK별 신성질별_성질별 분류(15049720)"
850212,85,"제85류 전기기기와 그 부분품, 녹음기ㆍ음성 재생기ㆍ텔레비전의 영상과 음성의 기록기ㆍ재생기와 이들의 부분품ㆍ부속품",,전기전자,approximate,B,제85류 전기기기·음향영상기기. KICOX '전기전자'가 중심이나 일부 부품이 다른 업종과 겹친다,32040101,(엔진결합 발전기),2026,"관세청_HS부호(공공데이터포털 15049722, 2026-01-01 기준) + 관세청_HSK별 신성질별_성질별 분류(15049720)"
850213,85,"제85류 전기기기와 그 부분품, 녹음기ㆍ음성 재생기ㆍ텔레비전의 영상과 음성의 기록기ㆍ재생기와 이들의 부분품ㆍ부속품",출력이 375킬로볼트암페어를 초과하는 것,전기전자,approximate,B,제85류 전기기기·음향영상기기. KICOX '전기전자'가 중심이나 일부 부품이 다른 업종과 겹친다,,,2026,"관세청_HS부호(공공데이터포털 15049722, 2026-01-01 기준) + 관세청_HSK별 신성질별_성질별 분류(15049720)"
850220,85,"제85류 전기기기와 그 부분품, 녹음기ㆍ음성 재생기ㆍ텔레비전의 영상과 음성의 기록기ㆍ재생기와 이들의 부분품ㆍ부속품",불꽃점화식 피스톤 내연기관을 갖춘 발전세트,전기전자,approximate,B,제85류 전기기기·음향영상기기. KICOX '전기전자'가 중심이나 일부 부품이 다른 업종과 겹친다,32040101,(엔진결합 발전기),2026,"관세청_HS부호(공공데이터포털 15049722, 2026-01-01 기준) + 관세청_HSK별 신성질별_성질별 분류(15049720)"
850231,85,"제85류 전기기기와 그 부분품, 녹음기ㆍ음성 재생기ㆍ텔레비전의 영상과 음성의 기록기ㆍ재생기와 이들의 부분품ㆍ부속품",풍력의 것,전기전자,approximate,B,제85류 전기기기·음향영상기기. KICOX '전기전자'가 중심이나 일부 부품이 다른 업종과 겹친다,32040101,(엔진결합 발전기),2026,"관세청_HS부호(공공데이터포털 15049722, 2026-01-01 기준) + 관세청_HSK별 신성질별_성질별 분류(15049720)"
850239,85,"제85류 전기기기와 그 부분품, 녹음기ㆍ음성 재생기ㆍ텔레비전의 영상과 음성의 기록기ㆍ재생기와 이들의 부분품ㆍ부속품",기타,전기전자,approximate,B,제85류 전기기기·음향영상기기. KICOX '전기전자'가 중심이나 일부 부품이 다른 업종과 겹친다,32040101,(엔진결합 발전기),2026,"관세청_HS부호(공공데이터포털 15049722, 2026-01-01 기준) + 관세청_HSK별 신성질별_성질별 분류(15049720)"
850240,85,"제85류 전기기기와 그 부분품, 녹음기ㆍ음성 재생기ㆍ텔레비전의 영상과 음성의 기록기ㆍ재생기와 이들의 부분품ㆍ부속품",,전기전자,approximate,B,제85류 전기기기·음향영상기기. KICOX '전기전자'가 중심이나 일부 부품이 다른 업종과 겹친다,32040101,(엔진결합 발전기),2026,"관세청_HS부호(공공데이터포털 15049722, 2026-01-01 기준) + 관세청_HSK별 신성질별_성질별 분류(15049720)"
850300,85,"제85류 전기기기와 그 부분품, 녹음기ㆍ음성 재생기ㆍ텔레비전의 영상과 음성의 기록기ㆍ재생기와 이들의 부분품ㆍ부속품",부분품(제8501호나 제8502호의 기계에 전용되거나 주로 사용되는 것으로 한정한다),전기전자,approximate,B,제85류 전기기기·음향영상기기. KICOX '전기전자'가 중심이나 일부 부품이 다른 업종과 겹친다,32040207,(전동기 부품),2026,"관세청_HS부호(공공데이터포털 15049722, 2026-01-01 기준) + 관세청_HSK별 신성질별_성질별 분류(15049720)"
850410,85,"제85류 전기기기와 그 부분품, 녹음기ㆍ음성 재생기ㆍ텔레비전의 영상과 음성의 기록기ㆍ재생기와 이들의 부분품ㆍ부속품",방전등용이나 방전관용 안정기,전기전자,approximate,B,제85류 전기기기·음향영상기기. KICOX '전기전자'가 중심이나 일부 부품이 다른 업종과 겹친다,,,2026,"관세청_HS부호(공공데이터포털 15049722, 2026-01-01 기준) + 관세청_HSK별 신성질별_성질별 분류(15049720)"
850421,85,"제85류 전기기기와 그 부분품, 녹음기ㆍ음성 재생기ㆍ텔레비전의 영상과 음성의 기록기ㆍ재생기와 이들의 부분품ㆍ부속품",용량이 650킬로볼트암페어 이하인 것,전기전자,approximate,B,제85류 전기기기·음향영상기기. KICOX '전기전자'가 중심이나 일부 부품이 다른 업종과 겹친다,32040401,(유압식 변압기),2026,"관세청_HS부호(공공데이터포털 15049722, 2026-01-01 기준) + 관세청_HSK별 신성질별_성질별 분류(15049720)"
850422,85,"제85류 전기기기와 그 부분품, 녹음기ㆍ음성 재생기ㆍ텔레비전의 영상과 음성의 기록기ㆍ재생기와 이들의 부분품ㆍ부속품","용량이 650킬로볼트암페어 초과 10,000킬로볼트암페어 이하인 것",전기전자,approximate,B,제85류 전기기기·음향영상기기. KICOX '전기전자'가 중심이나 일부 부품이 다른 업종과 겹친다,32040401,(유압식 변압기),2026,"관세청_HS부호(공공데이터포털 15049722, 2026-01-01 기준) + 관세청_HSK별 신성질별_성질별 분류(15049720)"
850423,85,"제85류 전기기기와 그 부분품, 녹음기ㆍ음성 재생기ㆍ텔레비전의 영상과 음성의 기록기ㆍ재생기와 이들의 부분품ㆍ부속품",,전기전자,approximate,B,제85류 전기기기·음향영상기기. KICOX '전기전자'가 중심이나 일부 부품이 다른 업종과 겹친다,32040401,(유압식 변압기),2026,"관세청_HS부호(공공데이터포털 15049722, 2026-01-01 기준) + 관세청_HSK별 신성질별_성질별 분류(15049720)"
850431,85,"제85류 전기기기와 그 부분품, 녹음기ㆍ음성 재생기ㆍ텔레비전의 영상과 음성의 기록기ㆍ재생기와 이들의 부분품ㆍ부속품",용량이 1킬로볼트암페어 이하인 것,전기전자,approximate,B,제85류 전기기기·음향영상기기. KICOX '전기전자'가 중심이나 일부 부품이 다른 업종과 겹친다,32040490,(기타 변압기),2026,"관세청_HS부호(공공데이터포털 15049722, 2026-01-01 기준) + 관세청_HSK별 신성질별_성질별 분류(15049720)"
850432,85,"제85류 전기기기와 그 부분품, 녹음기ㆍ음성 재생기ㆍ텔레비전의 영상과 음성의 기록기ㆍ재생기와 이들의 부분품ㆍ부속품",용량이 1킬로볼트암페어 초과 16킬로볼트암페어 이하인 것,전기전자,approximate,B,제85류 전기기기·음향영상기기. KICOX '전기전자'가 중심이나 일부 부품이 다른 업종과 겹친다,32040490,(기타 변압기),2026,"관세청_HS부호(공공데이터포털 15049722, 2026-01-01 기준) + 관세청_HSK별 신성질별_성질별 분류(15049720)"
850433,85,"제85류 전기기기와 그 부분품, 녹음기ㆍ음성 재생기ㆍ텔레비전의 영상과 음성의 기록기ㆍ재생기와 이들의 부분품ㆍ부속품",용량이 16킬로볼트암페어 초과 500킬로볼트암페어 이하인 것,전기전자,approximate,B,제85류 전기기기·음향영상기기. KICOX '전기전자'가 중심이나 일부 부품이 다른 업종과 겹친다,32040490,(기타 변압기),2026,"관세청_HS부호(공공데이터포털 15049722, 2026-01-01 기준) + 관세청_HSK별 신성질별_성질별 분류(15049720)"
850434,85,"제85류 전기기기와 그 부분품, 녹음기ㆍ음성 재생기ㆍ텔레비전의 영상과 음성의 기록기ㆍ재생기와 이들의 부분품ㆍ부속품",용량이 500킬로볼트암페어를 초과하는 것,전기전자,approximate,B,제85류 전기기기·음향영상기기. KICOX '전기전자'가 중심이나 일부 부품이 다른 업종과 겹친다,32040490,(기타 변압기),2026,"관세청_HS부호(공공데이터포털 15049722, 2026-01-01 기준) + 관세청_HSK별 신성질별_성질별 분류(15049720)"
850440,85,"제85류 전기기기와 그 부분품, 녹음기ㆍ음성 재생기ㆍ텔레비전의 영상과 음성의 기록기ㆍ재생기와 이들의 부분품ㆍ부속품",정지형 변환기,전기전자,approximate,B,제85류 전기기기·음향영상기기. KICOX '전기전자'가 중심이나 일부 부품이 다른 업종과 겹친다,,,2026,"관세청_HS부호(공공데이터포털 15049722, 2026-01-01 기준) + 관세청_HSK별 신성질별_성질별 분류(15049720)"
850450,85,"제85류 전기기기와 그 부분품, 녹음기ㆍ음성 재생기ㆍ텔레비전의 영상과 음성의 기록기ㆍ재생기와 이들의 부분품ㆍ부속품",그 밖의 유도자,전기전자,approximate,B,제85류 전기기기·음향영상기기. KICOX '전기전자'가 중심이나 일부 부품이 다른 업종과 겹친다,,,2026,"관세청_HS부호(공공데이터포털 15049722, 2026-01-01 기준) + 관세청_HSK별 신성질별_성질별 분류(15049720)"
850490,85,"제85류 전기기기와 그 부분품, 녹음기ㆍ음성 재생기ㆍ텔레비전의 영상과 음성의 기록기ㆍ재생기와 이들의 부분품ㆍ부속품",부분품,전기전자,approximate,B,제85류 전기기기·음향영상기기. KICOX '전기전자'가 중심이나 일부 부품이 다른 업종과 겹친다,32040402,(변압기 부품),2026,"관세청_HS부호(공공데이터포털 15049722, 2026-01-01 기준) + 관세청_HSK별 신성질별_성질별 분류(15049720)"
850511,85,"제85류 전기기기와 그 부분품, 녹음기ㆍ음성 재생기ㆍ텔레비전의 영상과 음성의 기록기ㆍ재생기와 이들의 부분품ㆍ부속품",금속으로 만든 것,전기전자,approximate,B,제85류 전기기기·음향영상기기. KICOX '전기전자'가 중심이나 일부 부품이 다른 업종과 겹친다,34900101,(기타 IT부품),2026,"관세청_HS부호(공공데이터포털 15049722, 2026-01-01 기준) + 관세청_HSK별 신성질별_성질별 분류(15049720)"
850519,85,"제85류 전기기기와 그 부분품, 녹음기ㆍ음성 재생기ㆍ텔레비전의 영상과 음성의 기록기ㆍ재생기와 이들의 부분품ㆍ부속품",기타,전기전자,approximate,B,제85류 전기기기·음향영상기기. KICOX '전기전자'가 중심이나 일부 부품이 다른 업종과 겹친다,34900101,(기타 IT부품),2026,"관세청_HS부호(공공데이터포털 15049722, 2026-01-01 기준) + 관세청_HSK별 신성질별_성질별 분류(15049720)"
850520,85,"제85류 전기기기와 그 부분품, 녹음기ㆍ음성 재생기ㆍ텔레비전의 영상과 음성의 기록기ㆍ재생기와 이들의 부분품ㆍ부속품",,전기전자,approximate,B,제85류 전기기기·음향영상기기. KICOX '전기전자'가 중심이나 일부 부품이 다른 업종과 겹친다,32049001,(기타 전기기계),2026,"관세청_HS부호(공공데이터포털 15049722, 2026-01-01 기준) + 관세청_HSK별 신성질별_성질별 분류(15049720)"
850590,85,"제85류 전기기기와 그 부분품, 녹음기ㆍ음성 재생기ㆍ텔레비전의 영상과 음성의 기록기ㆍ재생기와 이들의 부분품ㆍ부속품",기타(부분품을 포함한다),전기전자,approximate,B,제85류 전기기기·음향영상기기. KICOX '전기전자'가 중심이나 일부 부품이 다른 업종과 겹친다,,,2026,"관세청_HS부호(공공데이터포털 15049722, 2026-01-01 기준) + 관세청_HSK별 신성질별_성질별 분류(15049720)"
850610,85,"제85류 전기기기와 그 부분품, 녹음기ㆍ음성 재생기ㆍ텔레비전의 영상과 음성의 기록기ㆍ재생기와 이들의 부분품ㆍ부속품",이산화망간으로 만든 것,전기전자,approximate,B,제85류 전기기기·음향영상기기. KICOX '전기전자'가 중심이나 일부 부품이 다른 업종과 겹친다,32040601,(일차전지 및 축전지),2026,"관세청_HS부호(공공데이터포털 15049722, 2026-01-01 기준) + 관세청_HSK별 신성질별_성질별 분류(15049720)"
850630,85,"제85류 전기기기와 그 부분품, 녹음기ㆍ음성 재생기ㆍ텔레비전의 영상과 음성의 기록기ㆍ재생기와 이들의 부분품ㆍ부속품",,전기전자,approximate,B,제85류 전기기기·음향영상기기. KICOX '전기전자'가 중심이나 일부 부품이 다른 업종과 겹친다,32040601,(일차전지 및 축전지),2026,"관세청_HS부호(공공데이터포털 15049722, 2026-01-01 기준) + 관세청_HSK별 신성질별_성질별 분류(15049720)"
850640,85,"제85류 전기기기와 그 부분품, 녹음기ㆍ음성 재생기ㆍ텔레비전의 영상과 음성의 기록기ㆍ재생기와 이들의 부분품ㆍ부속품",,전기전자,approximate,B,제85류 전기기기·음향영상기기. KICOX '전기전자'가 중심이나 일부 부품이 다른 업종과 겹친다,32040601,(일차전지 및 축전지),2026,"관세청_HS부호(공공데이터포털 15049722, 2026-01-01 기준) + 관세청_HSK별 신성질별_성질별 분류(15049720)"
850650,85,"제85류 전기기기와 그 부분품, 녹음기ㆍ음성 재생기ㆍ텔레비전의 영상과 음성의 기록기ㆍ재생기와 이들의 부분품ㆍ부속품",,전기전자,approximate,B,제85류 전기기기·음향영상기기. KICOX '전기전자'가 중심이나 일부 부품이 다른 업종과 겹친다,32040601,(일차전지 및 축전지),2026,"관세청_HS부호(공공데이터포털 15049722, 2026-01-01 기준) + 관세청_HSK별 신성질별_성질별 분류(15049720)"
850660,85,"제85류 전기기기와 그 부분품, 녹음기ㆍ음성 재생기ㆍ텔레비전의 영상과 음성의 기록기ㆍ재생기와 이들의 부분품ㆍ부속품",,전기전자,approximate,B,제85류 전기기기·음향영상기기. KICOX '전기전자'가 중심이나 일부 부품이 다른 업종과 겹친다,32040601,(일차전지 및 축전지),2026,"관세청_HS부호(공공데이터포털 15049722, 2026-01-01 기준) + 관세청_HSK별 신성질별_성질별 분류(15049720)"
850680,85,"제85류 전기기기와 그 부분품, 녹음기ㆍ음성 재생기ㆍ텔레비전의 영상과 음성의 기록기ㆍ재생기와 이들의 부분품ㆍ부속품",그 밖의 일차전지,전기전자,approximate,B,제85류 전기기기·음향영상기기. KICOX '전기전자'가 중심이나 일부 부품이 다른 업종과 겹친다,32040601,(일차전지 및 축전지),2026,"관세청_HS부호(공공데이터포털 15049722, 2026-01-01 기준) + 관세청_HSK별 신성질별_성질별 분류(15049720)"
850690,85,"제85류 전기기기와 그 부분품, 녹음기ㆍ음성 재생기ㆍ텔레비전의 영상과 음성의 기록기ㆍ재생기와 이들의 부분품ㆍ부속품",,전기전자,approximate,B,제85류 전기기기·음향영상기기. KICOX '전기전자'가 중심이나 일부 부품이 다른 업종과 겹친다,32049002,(기타 전기기계 부품),2026,"관세청_HS부호(공공데이터포털 15049722, 2026-01-01 기준) + 관세청_HSK별 신성질별_성질별 분류(15049720)"
850710,85,"제85류 전기기기와 그 부분품, 녹음기ㆍ음성 재생기ㆍ텔레비전의 영상과 음성의 기록기ㆍ재생기와 이들의 부분품ㆍ부속품",,전기전자,approximate,B,제85류 전기기기·음향영상기기. KICOX '전기전자'가 중심이나 일부 부품이 다른 업종과 겹친다,32040601,(일차전지 및 축전지),2026,"관세청_HS부호(공공데이터포털 15049722, 2026-01-01 기준) + 관세청_HSK별 신성질별_성질별 분류(15049720)"
850720,85,"제85류 전기기기와 그 부분품, 녹음기ㆍ음성 재생기ㆍ텔레비전의 영상과 음성의 기록기ㆍ재생기와 이들의 부분품ㆍ부속품",,전기전자,approximate,B,제85류 전기기기·음향영상기기. KICOX '전기전자'가 중심이나 일부 부품이 다른 업종과 겹친다,32040601,(일차전지 및 축전지),2026,"관세청_HS부호(공공데이터포털 15049722, 2026-01-01 기준) + 관세청_HSK별 신성질별_성질별 분류(15049720)"
850730,85,"제85류 전기기기와 그 부분품, 녹음기ㆍ음성 재생기ㆍ텔레비전의 영상과 음성의 기록기ㆍ재생기와 이들의 부분품ㆍ부속품",,전기전자,approximate,B,제85류 전기기기·음향영상기기. KICOX '전기전자'가 중심이나 일부 부품이 다른 업종과 겹친다,32040601,(일차전지 및 축전지),2026,"관세청_HS부호(공공데이터포털 15049722, 2026-01-01 기준) + 관세청_HSK별 신성질별_성질별 분류(15049720)"
850750,85,"제85류 전기기기와 그 부분품, 녹음기ㆍ음성 재생기ㆍ텔레비전의 영상과 음성의 기록기ㆍ재생기와 이들의 부분품ㆍ부속품",,전기전자,approximate,B,제85류 전기기기·음향영상기기. KICOX '전기전자'가 중심이나 일부 부품이 다른 업종과 겹친다,32040601,(일차전지 및 축전지),2026,"관세청_HS부호(공공데이터포털 15049722, 2026-01-01 기준) + 관세청_HSK별 신성질별_성질별 분류(15049720)"
850760,85,"제85류 전기기기와 그 부분품, 녹음기ㆍ음성 재생기ㆍ텔레비전의 영상과 음성의 기록기ㆍ재생기와 이들의 부분품ㆍ부속품",리튬이온 축전지,전기전자,approximate,B,제85류 전기기기·음향영상기기. KICOX '전기전자'가 중심이나 일부 부품이 다른 업종과 겹친다,32040601,(일차전지 및 축전지),2026,"관세청_HS부호(공공데이터포털 15049722, 2026-01-01 기준) + 관세청_HSK별 신성질별_성질별 분류(15049720)"
850780,85,"제85류 전기기기와 그 부분품, 녹음기ㆍ음성 재생기ㆍ텔레비전의 영상과 음성의 기록기ㆍ재생기와 이들의 부분품ㆍ부속품",,전기전자,approximate,B,제85류 전기기기·음향영상기기. KICOX '전기전자'가 중심이나 일부 부품이 다른 업종과 겹친다,32040601,(일차전지 및 축전지),2026,"관세청_HS부호(공공데이터포털 15049722, 2026-01-01 기준) + 관세청_HSK별 신성질별_성질별 분류(15049720)"
850790,85,"제85류 전기기기와 그 부분품, 녹음기ㆍ음성 재생기ㆍ텔레비전의 영상과 음성의 기록기ㆍ재생기와 이들의 부분품ㆍ부속품",부분품,전기전자,approximate,B,제85류 전기기기·음향영상기기. KICOX '전기전자'가 중심이나 일부 부품이 다른 업종과 겹친다,32049002,(기타 전기기계 부품),2026,"관세청_HS부호(공공데이터포털 15049722, 2026-01-01 기준) + 관세청_HSK별 신성질별_성질별 분류(15049720)"
850811,85,"제85류 전기기기와 그 부분품, 녹음기ㆍ음성 재생기ㆍ텔레비전의 영상과 음성의 기록기ㆍ재생기와 이들의 부분품ㆍ부속품","출력이 1,500와트 이하이고, 먼지 백이나 그 밖의 20리터 이하 용량의 저장조를 갖춘 것",전기전자,approximate,B,제85류 전기기기·음향영상기기. KICOX '전기전자'가 중심이나 일부 부품이 다른 업종과 겹친다,12010601,"(청소,세척기)",2026,"관세청_HS부호(공공데이터포털 15049722, 2026-01-01 기준) + 관세청_HSK별 신성질별_성질별 분류(15049720)"
850819,85,"제85류 전기기기와 그 부분품, 녹음기ㆍ음성 재생기ㆍ텔레비전의 영상과 음성의 기록기ㆍ재생기와 이들의 부분품ㆍ부속품",기타,전기전자,approximate,B,제85류 전기기기·음향영상기기. KICOX '전기전자'가 중심이나 일부 부품이 다른 업종과 겹친다,12010601,"(청소,세척기)",2026,"관세청_HS부호(공공데이터포털 15049722, 2026-01-01 기준) + 관세청_HSK별 신성질별_성질별 분류(15049720)"
850860,85,"제85류 전기기기와 그 부분품, 녹음기ㆍ음성 재생기ㆍ텔레비전의 영상과 음성의 기록기ㆍ재생기와 이들의 부분품ㆍ부속품",,전기전자,approximate,B,제85류 전기기기·음향영상기기. KICOX '전기전자'가 중심이나 일부 부품이 다른 업종과 겹친다,32039001,(기타 일반기계),2026,"관세청_HS부호(공공데이터포털 15049722, 2026-01-01 기준) + 관세청_HSK별 신성질별_성질별 분류(15049720)"
850870,85,"제85류 전기기기와 그 부분품, 녹음기ㆍ음성 재생기ㆍ텔레비전의 영상과 음성의 기록기ㆍ재생기와 이들의 부분품ㆍ부속품",부분품,전기전자,approximate,B,제85류 전기기기·음향영상기기. KICOX '전기전자'가 중심이나 일부 부품이 다른 업종과 겹친다,12019001,(기타 가전제품),2026,"관세청_HS부호(공공데이터포털 15049722, 2026-01-01 기준) + 관세청_HSK별 신성질별_성질별 분류(15049720)"
850940,85,"제85류 전기기기와 그 부분품, 녹음기ㆍ음성 재생기ㆍ텔레비전의 영상과 음성의 기록기ㆍ재생기와 이들의 부분품ㆍ부속품",,전기전자,approximate,B,제85류 전기기기·음향영상기기. KICOX '전기전자'가 중심이나 일부 부품이 다른 업종과 겹친다,12019001,(기타 가전제품),2026,"관세청_HS부호(공공데이터포털 15049722, 2026-01-01 기준) + 관세청_HSK별 신성질별_성질별 분류(15049720)"
850980,85,"제85류 전기기기와 그 부분품, 녹음기ㆍ음성 재생기ㆍ텔레비전의 영상과 음성의 기록기ㆍ재생기와 이들의 부분품ㆍ부속품",그 밖의 기기,전기전자,approximate,B,제85류 전기기기·음향영상기기. KICOX '전기전자'가 중심이나 일부 부품이 다른 업종과 겹친다,12019001,(기타 가전제품),2026,"관세청_HS부호(공공데이터포털 15049722, 2026-01-01 기준) + 관세청_HSK별 신성질별_성질별 분류(15049720)"
850990,85,"제85류 전기기기와 그 부분품, 녹음기ㆍ음성 재생기ㆍ텔레비전의 영상과 음성의 기록기ㆍ재생기와 이들의 부분품ㆍ부속품",,전기전자,approximate,B,제85류 전기기기·음향영상기기. KICOX '전기전자'가 중심이나 일부 부품이 다른 업종과 겹친다,12019001,(기타 가전제품),2026,"관세청_HS부호(공공데이터포털 15049722, 2026-01-01 기준) + 관세청_HSK별 신성질별_성질별 분류(15049720)"
851010,85,"제85류 전기기기와 그 부분품, 녹음기ㆍ음성 재생기ㆍ텔레비전의 영상과 음성의 기록기ㆍ재생기와 이들의 부분품ㆍ부속품",,전기전자,approximate,B,제85류 전기기기·음향영상기기. KICOX '전기전자'가 중심이나 일부 부품이 다른 업종과 겹친다,12019001,(기타 가전제품),2026,"관세청_HS부호(공공데이터포털 15049722, 2026-01-01 기준) + 관세청_HSK별 신성질별_성질별 분류(15049720)"
851020,85,"제85류 전기기기와 그 부분품, 녹음기ㆍ음성 재생기ㆍ텔레비전의 영상과 음성의 기록기ㆍ재생기와 이들의 부분품ㆍ부속품",,전기전자,approximate,B,제85류 전기기기·음향영상기기. KICOX '전기전자'가 중심이나 일부 부품이 다른 업종과 겹친다,12019001,(기타 가전제품),2026,"관세청_HS부호(공공데이터포털 15049722, 2026-01-01 기준) + 관세청_HSK별 신성질별_성질별 분류(15049720)"
851030,85,"제85류 전기기기와 그 부분품, 녹음기ㆍ음성 재생기ㆍ텔레비전의 영상과 음성의 기록기ㆍ재생기와 이들의 부분품ㆍ부속품",,전기전자,approximate,B,제85류 전기기기·음향영상기기. KICOX '전기전자'가 중심이나 일부 부품이 다른 업종과 겹친다,12019001,(기타 가전제품),2026,"관세청_HS부호(공공데이터포털 15049722, 2026-01-01 기준) + 관세청_HSK별 신성질별_성질별 분류(15049720)"
851090,85,"제85류 전기기기와 그 부분품, 녹음기ㆍ음성 재생기ㆍ텔레비전의 영상과 음성의 기록기ㆍ재생기와 이들의 부분품ㆍ부속품",부분품,전기전자,approximate,B,제85류 전기기기·음향영상기기. KICOX '전기전자'가 중심이나 일부 부품이 다른 업종과 겹친다,12019001,(기타 가전제품),2026,"관세청_HS부호(공공데이터포털 15049722, 2026-01-01 기준) + 관세청_HSK별 신성질별_성질별 분류(15049720)"
851110,85,"제85류 전기기기와 그 부분품, 녹음기ㆍ음성 재생기ㆍ텔레비전의 영상과 음성의 기록기ㆍ재생기와 이들의 부분품ㆍ부속품",점화플러그,전기전자,approximate,B,제85류 전기기기·음향영상기기. KICOX '전기전자'가 중심이나 일부 부품이 다른 업종과 겹친다,31060390,(기타 항공기 부품),2026,"관세청_HS부호(공공데이터포털 15049722, 2026-01-01 기준) + 관세청_HSK별 신성질별_성질별 분류(15049720)"
851120,85,"제85류 전기기기와 그 부분품, 녹음기ㆍ음성 재생기ㆍ텔레비전의 영상과 음성의 기록기ㆍ재생기와 이들의 부분품ㆍ부속품","점화용 자석발전기, 직류 자석발전기와 마그네틱 플라이휠",전기전자,approximate,B,제85류 전기기기·음향영상기기. KICOX '전기전자'가 중심이나 일부 부품이 다른 업종과 겹친다,31060390,(기타 항공기 부품),2026,"관세청_HS부호(공공데이터포털 15049722, 2026-01-01 기준) + 관세청_HSK별 신성질별_성질별 분류(15049720)"
851130,85,"제85류 전기기기와 그 부분품, 녹음기ㆍ음성 재생기ㆍ텔레비전의 영상과 음성의 기록기ㆍ재생기와 이들의 부분품ㆍ부속품",배전기와 점화코일,전기전자,approximate,B,제85류 전기기기·음향영상기기. KICOX '전기전자'가 중심이나 일부 부품이 다른 업종과 겹친다,31060390,(기타 항공기 부품),2026,"관세청_HS부호(공공데이터포털 15049722, 2026-01-01 기준) + 관세청_HSK별 신성질별_성질별 분류(15049720)"
851140,85,"제85류 전기기기와 그 부분품, 녹음기ㆍ음성 재생기ㆍ텔레비전의 영상과 음성의 기록기ㆍ재생기와 이들의 부분품ㆍ부속품",시동전동기와 겸용 시동발전기,전기전자,approximate,B,제85류 전기기기·음향영상기기. KICOX '전기전자'가 중심이나 일부 부품이 다른 업종과 겹친다,31060390,(기타 항공기 부품),2026,"관세청_HS부호(공공데이터포털 15049722, 2026-01-01 기준) + 관세청_HSK별 신성질별_성질별 분류(15049720)"
851150,85,"제85류 전기기기와 그 부분품, 녹음기ㆍ음성 재생기ㆍ텔레비전의 영상과 음성의 기록기ㆍ재생기와 이들의 부분품ㆍ부속품",그 밖의 발전기,전기전자,approximate,B,제85류 전기기기·음향영상기기. KICOX '전기전자'가 중심이나 일부 부품이 다른 업종과 겹친다,31060390,(기타 항공기 부품),2026,"관세청_HS부호(공공데이터포털 15049722, 2026-01-01 기준) + 관세청_HSK별 신성질별_성질별 분류(15049720)"
851180,85,"제85류 전기기기와 그 부분품, 녹음기ㆍ음성 재생기ㆍ텔레비전의 영상과 음성의 기록기ㆍ재생기와 이들의 부분품ㆍ부속품",그 밖의 기기,전기전자,approximate,B,제85류 전기기기·음향영상기기. KICOX '전기전자'가 중심이나 일부 부품이 다른 업종과 겹친다,31060390,(기타 항공기 부품),2026,"관세청_HS부호(공공데이터포털 15049722, 2026-01-01 기준) + 관세청_HSK별 신성질별_성질별 분류(15049720)"
851190,85,"제85류 전기기기와 그 부분품, 녹음기ㆍ음성 재생기ㆍ텔레비전의 영상과 음성의 기록기ㆍ재생기와 이들의 부분품ㆍ부속품",부분품,전기전자,approximate,B,제85류 전기기기·음향영상기기. KICOX '전기전자'가 중심이나 일부 부품이 다른 업종과 겹친다,31060390,(기타 항공기 부품),2026,"관세청_HS부호(공공데이터포털 15049722, 2026-01-01 기준) + 관세청_HSK별 신성질별_성질별 분류(15049720)"
851210,85,"제85류 전기기기와 그 부분품, 녹음기ㆍ음성 재생기ㆍ텔레비전의 영상과 음성의 기록기ㆍ재생기와 이들의 부분품ㆍ부속품",자전거에 사용되는 조명용이나 시각 신호용 기구,전기전자,approximate,B,제85류 전기기기·음향영상기기. KICOX '전기전자'가 중심이나 일부 부품이 다른 업종과 겹친다,32040901,(발광다이오드(LED) 장치),2026,"관세청_HS부호(공공데이터포털 15049722, 2026-01-01 기준) + 관세청_HSK별 신성질별_성질별 분류(15049720)"
851220,85,"제85류 전기기기와 그 부분품, 녹음기ㆍ음성 재생기ㆍ텔레비전의 영상과 음성의 기록기ㆍ재생기와 이들의 부분품ㆍ부속품",그 밖의 조명용이나 시각 신호용 기구,전기전자,approximate,B,제85류 전기기기·음향영상기기. KICOX '전기전자'가 중심이나 일부 부품이 다른 업종과 겹친다,,,2026,"관세청_HS부호(공공데이터포털 15049722, 2026-01-01 기준) + 관세청_HSK별 신성질별_성질별 분류(15049720)"
851230,85,"제85류 전기기기와 그 부분품, 녹음기ㆍ음성 재생기ㆍ텔레비전의 영상과 음성의 기록기ㆍ재생기와 이들의 부분품ㆍ부속품",,전기전자,approximate,B,제85류 전기기기·음향영상기기. KICOX '전기전자'가 중심이나 일부 부품이 다른 업종과 겹친다,31060101,(자동차 부품),2026,"관세청_HS부호(공공데이터포털 15049722, 2026-01-01 기준) + 관세청_HSK별 신성질별_성질별 분류(15049720)"
851240,85,"제85류 전기기기와 그 부분품, 녹음기ㆍ음성 재생기ㆍ텔레비전의 영상과 음성의 기록기ㆍ재생기와 이들의 부분품ㆍ부속품",,전기전자,approximate,B,제85류 전기기기·음향영상기기. KICOX '전기전자'가 중심이나 일부 부품이 다른 업종과 겹친다,31060101,(자동차 부품),2026,"관세청_HS부호(공공데이터포털 15049722, 2026-01-01 기준) + 관세청_HSK별 신성질별_성질별 분류(15049720)"
851290,85,"제85류 전기기기와 그 부분품, 녹음기ㆍ음성 재생기ㆍ텔레비전의 영상과 음성의 기록기ㆍ재생기와 이들의 부분품ㆍ부속품",,전기전자,approximate,B,제85류 전기기기·음향영상기기. KICOX '전기전자'가 중심이나 일부 부품이 다른 업종과 겹친다,31060101,(자동차 부품),2026,"관세청_HS부호(공공데이터포털 15049722, 2026-01-01 기준) + 관세청_HSK별 신성질별_성질별 분류(15049720)"
851310,85,"제85류 전기기기와 그 부분품, 녹음기ㆍ음성 재생기ㆍ텔레비전의 영상과 음성의 기록기ㆍ재생기와 이들의 부분품ㆍ부속품",전등,전기전자,approximate,B,제85류 전기기기·음향영상기기. KICOX '전기전자'가 중심이나 일부 부품이 다른 업종과 겹친다,32040990,(기타 조명장치),2026,"관세청_HS부호(공공데이터포털 15049722, 2026-01-01 기준) + 관세청_HSK별 신성질별_성질별 분류(15049720)"
851390,85,"제85류 전기기기와 그 부분품, 녹음기ㆍ음성 재생기ㆍ텔레비전의 영상과 음성의 기록기ㆍ재생기와 이들의 부분품ㆍ부속품",,전기전자,approximate,B,제85류 전기기기·음향영상기기. KICOX '전기전자'가 중심이나 일부 부품이 다른 업종과 겹친다,32040902,(조명장치 부품),2026,"관세청_HS부호(공공데이터포털 15049722, 2026-01-01 기준) + 관세청_HSK별 신성질별_성질별 분류(15049720)"
851411,85,"제85류 전기기기와 그 부분품, 녹음기ㆍ음성 재생기ㆍ텔레비전의 영상과 음성의 기록기ㆍ재생기와 이들의 부분품ㆍ부속품",,전기전자,approximate,B,제85류 전기기기·음향영상기기. KICOX '전기전자'가 중심이나 일부 부품이 다른 업종과 겹친다,32039001,(기타 일반기계),2026,"관세청_HS부호(공공데이터포털 15049722, 2026-01-01 기준) + 관세청_HSK별 신성질별_성질별 분류(15049720)"
851419,85,"제85류 전기기기와 그 부분품, 녹음기ㆍ음성 재생기ㆍ텔레비전의 영상과 음성의 기록기ㆍ재생기와 이들의 부분품ㆍ부속품",기타,전기전자,approximate,B,제85류 전기기기·음향영상기기. KICOX '전기전자'가 중심이나 일부 부품이 다른 업종과 겹친다,32039001,(기타 일반기계),2026,"관세청_HS부호(공공데이터포털 15049722, 2026-01-01 기준) + 관세청_HSK별 신성질별_성질별 분류(15049720)"
851420,85,"제85류 전기기기와 그 부분품, 녹음기ㆍ음성 재생기ㆍ텔레비전의 영상과 음성의 기록기ㆍ재생기와 이들의 부분품ㆍ부속품",전자유도식이나 유전손실(dielectric loss)식 노(爐)와 오븐,전기전자,approximate,B,제85류 전기기기·음향영상기기. KICOX '전기전자'가 중심이나 일부 부품이 다른 업종과 겹친다,32039001,(기타 일반기계),2026,"관세청_HS부호(공공데이터포털 15049722, 2026-01-01 기준) + 관세청_HSK별 신성질별_성질별 분류(15049720)"
851431,85,"제85류 전기기기와 그 부분품, 녹음기ㆍ음성 재생기ㆍ텔레비전의 영상과 음성의 기록기ㆍ재생기와 이들의 부분품ㆍ부속품",전자 빔 노(爐),전기전자,approximate,B,제85류 전기기기·음향영상기기. KICOX '전기전자'가 중심이나 일부 부품이 다른 업종과 겹친다,32039001,(기타 일반기계),2026,"관세청_HS부호(공공데이터포털 15049722, 2026-01-01 기준) + 관세청_HSK별 신성질별_성질별 분류(15049720)"
851432,85,"제85류 전기기기와 그 부분품, 녹음기ㆍ음성 재생기ㆍ텔레비전의 영상과 음성의 기록기ㆍ재생기와 이들의 부분품ㆍ부속품",플라즈마ㆍ진공 아크식 노(爐),전기전자,approximate,B,제85류 전기기기·음향영상기기. KICOX '전기전자'가 중심이나 일부 부품이 다른 업종과 겹친다,32039001,(기타 일반기계),2026,"관세청_HS부호(공공데이터포털 15049722, 2026-01-01 기준) + 관세청_HSK별 신성질별_성질별 분류(15049720)"
851439,85,"제85류 전기기기와 그 부분품, 녹음기ㆍ음성 재생기ㆍ텔레비전의 영상과 음성의 기록기ㆍ재생기와 이들의 부분품ㆍ부속품",기타,전기전자,approximate,B,제85류 전기기기·음향영상기기. KICOX '전기전자'가 중심이나 일부 부품이 다른 업종과 겹친다,32039001,(기타 일반기계),2026,"관세청_HS부호(공공데이터포털 15049722, 2026-01-01 기준) + 관세청_HSK별 신성질별_성질별 분류(15049720)"
851440,85,"제85류 전기기기와 그 부분품, 녹음기ㆍ음성 재생기ㆍ텔레비전의 영상과 음성의 기록기ㆍ재생기와 이들의 부분품ㆍ부속품",그 밖의 전자유도식이나 유전손실(dielectric loss)식 가열기,전기전자,approximate,B,제85류 전기기기·음향영상기기. KICOX '전기전자'가 중심이나 일부 부품이 다른 업종과 겹친다,32050701,(반도체제조용장비),2026,"관세청_HS부호(공공데이터포털 15049722, 2026-01-01 기준) + 관세청_HSK별 신성질별_성질별 분류(15049720)"
851490,85,"제85류 전기기기와 그 부분품, 녹음기ㆍ음성 재생기ㆍ텔레비전의 영상과 음성의 기록기ㆍ재생기와 이들의 부분품ㆍ부속품",부분품,전기전자,approximate,B,제85류 전기기기·음향영상기기. KICOX '전기전자'가 중심이나 일부 부품이 다른 업종과 겹친다,32050702,(반도체제조용장비 부품),2026,"관세청_HS부호(공공데이터포털 15049722, 2026-01-01 기준) + 관세청_HSK별 신성질별_성질별 분류(15049720)"
851511,85,"제85류 전기기기와 그 부분품, 녹음기ㆍ음성 재생기ㆍ텔레비전의 영상과 음성의 기록기ㆍ재생기와 이들의 부분품ㆍ부속품",,전기전자,approximate,B,제85류 전기기기·음향영상기기. KICOX '전기전자'가 중심이나 일부 부품이 다른 업종과 겹친다,32020201,(수공구),2026,"관세청_HS부호(공공데이터포털 15049722, 2026-01-01 기준) + 관세청_HSK별 신성질별_성질별 분류(15049720)"
851519,85,"제85류 전기기기와 그 부분품, 녹음기ㆍ음성 재생기ㆍ텔레비전의 영상과 음성의 기록기ㆍ재생기와 이들의 부분품ㆍ부속품",기타,전기전자,approximate,B,제85류 전기기기·음향영상기기. KICOX '전기전자'가 중심이나 일부 부품이 다른 업종과 겹친다,32031701,(용접기),2026,"관세청_HS부호(공공데이터포털 15049722, 2026-01-01 기준) + 관세청_HSK별 신성질별_성질별 분류(15049720)"
851521,85,"제85류 전기기기와 그 부분품, 녹음기ㆍ음성 재생기ㆍ텔레비전의 영상과 음성의 기록기ㆍ재생기와 이들의 부분품ㆍ부속품",전자동식이나 반자동식,전기전자,approximate,B,제85류 전기기기·음향영상기기. KICOX '전기전자'가 중심이나 일부 부품이 다른 업종과 겹친다,,,2026,"관세청_HS부호(공공데이터포털 15049722, 2026-01-01 기준) + 관세청_HSK별 신성질별_성질별 분류(15049720)"
851529,85,"제85류 전기기기와 그 부분품, 녹음기ㆍ음성 재생기ㆍ텔레비전의 영상과 음성의 기록기ㆍ재생기와 이들의 부분품ㆍ부속품",기타,전기전자,approximate,B,제85류 전기기기·음향영상기기. KICOX '전기전자'가 중심이나 일부 부품이 다른 업종과 겹친다,32031701,(용접기),2026,"관세청_HS부호(공공데이터포털 15049722, 2026-01-01 기준) + 관세청_HSK별 신성질별_성질별 분류(15049720)"
851531,85,"제85류 전기기기와 그 부분품, 녹음기ㆍ음성 재생기ㆍ텔레비전의 영상과 음성의 기록기ㆍ재생기와 이들의 부분품ㆍ부속품",자동식이나 반자동식,전기전자,approximate,B,제85류 전기기기·음향영상기기. KICOX '전기전자'가 중심이나 일부 부품이 다른 업종과 겹친다,,,2026,"관세청_HS부호(공공데이터포털 15049722, 2026-01-01 기준) + 관세청_HSK별 신성질별_성질별 분류(15049720)"
851539,85,"제85류 전기기기와 그 부분품, 녹음기ㆍ음성 재생기ㆍ텔레비전의 영상과 음성의 기록기ㆍ재생기와 이들의 부분품ㆍ부속품",기타,전기전자,approximate,B,제85류 전기기기·음향영상기기. KICOX '전기전자'가 중심이나 일부 부품이 다른 업종과 겹친다,32031701,(용접기),2026,"관세청_HS부호(공공데이터포털 15049722, 2026-01-01 기준) + 관세청_HSK별 신성질별_성질별 분류(15049720)"
851580,85,"제85류 전기기기와 그 부분품, 녹음기ㆍ음성 재생기ㆍ텔레비전의 영상과 음성의 기록기ㆍ재생기와 이들의 부분품ㆍ부속품",그 밖의 기기,전기전자,approximate,B,제85류 전기기기·음향영상기기. KICOX '전기전자'가 중심이나 일부 부품이 다른 업종과 겹친다,32031701,(용접기),2026,"관세청_HS부호(공공데이터포털 15049722, 2026-01-01 기준) + 관세청_HSK별 신성질별_성질별 분류(15049720)"
851590,85,"제85류 전기기기와 그 부분품, 녹음기ㆍ음성 재생기ㆍ텔레비전의 영상과 음성의 기록기ㆍ재생기와 이들의 부분품ㆍ부속품",부분품,전기전자,approximate,B,제85류 전기기기·음향영상기기. KICOX '전기전자'가 중심이나 일부 부품이 다른 업종과 겹친다,,,2026,"관세청_HS부호(공공데이터포털 15049722, 2026-01-01 기준) + 관세청_HSK별 신성질별_성질별 분류(15049720)"
851610,85,"제85류 전기기기와 그 부분품, 녹음기ㆍ음성 재생기ㆍ텔레비전의 영상과 음성의 기록기ㆍ재생기와 이들의 부분품ㆍ부속품",,전기전자,approximate,B,제85류 전기기기·음향영상기기. KICOX '전기전자'가 중심이나 일부 부품이 다른 업종과 겹친다,12019001,(기타 가전제품),2026,"관세청_HS부호(공공데이터포털 15049722, 2026-01-01 기준) + 관세청_HSK별 신성질별_성질별 분류(15049720)"
851621,85,"제85류 전기기기와 그 부분품, 녹음기ㆍ음성 재생기ㆍ텔레비전의 영상과 음성의 기록기ㆍ재생기와 이들의 부분품ㆍ부속품",,전기전자,approximate,B,제85류 전기기기·음향영상기기. KICOX '전기전자'가 중심이나 일부 부품이 다른 업종과 겹친다,12019001,(기타 가전제품),2026,"관세청_HS부호(공공데이터포털 15049722, 2026-01-01 기준) + 관세청_HSK별 신성질별_성질별 분류(15049720)"
851629,85,"제85류 전기기기와 그 부분품, 녹음기ㆍ음성 재생기ㆍ텔레비전의 영상과 음성의 기록기ㆍ재생기와 이들의 부분품ㆍ부속품",,전기전자,approximate,B,제85류 전기기기·음향영상기기. KICOX '전기전자'가 중심이나 일부 부품이 다른 업종과 겹친다,12019001,(기타 가전제품),2026,"관세청_HS부호(공공데이터포털 15049722, 2026-01-01 기준) + 관세청_HSK별 신성질별_성질별 분류(15049720)"
851631,85,"제85류 전기기기와 그 부분품, 녹음기ㆍ음성 재생기ㆍ텔레비전의 영상과 음성의 기록기ㆍ재생기와 이들의 부분품ㆍ부속품",,전기전자,approximate,B,제85류 전기기기·음향영상기기. KICOX '전기전자'가 중심이나 일부 부품이 다른 업종과 겹친다,12019001,(기타 가전제품),2026,"관세청_HS부호(공공데이터포털 15049722, 2026-01-01 기준) + 관세청_HSK별 신성질별_성질별 분류(15049720)"
851632,85,"제85류 전기기기와 그 부분품, 녹음기ㆍ음성 재생기ㆍ텔레비전의 영상과 음성의 기록기ㆍ재생기와 이들의 부분품ㆍ부속품",,전기전자,approximate,B,제85류 전기기기·음향영상기기. KICOX '전기전자'가 중심이나 일부 부품이 다른 업종과 겹친다,12019001,(기타 가전제품),2026,"관세청_HS부호(공공데이터포털 15049722, 2026-01-01 기준) + 관세청_HSK별 신성질별_성질별 분류(15049720)"
851633,85,"제85류 전기기기와 그 부분품, 녹음기ㆍ음성 재생기ㆍ텔레비전의 영상과 음성의 기록기ㆍ재생기와 이들의 부분품ㆍ부속품",,전기전자,approximate,B,제85류 전기기기·음향영상기기. KICOX '전기전자'가 중심이나 일부 부품이 다른 업종과 겹친다,12019001,(기타 가전제품),2026,"관세청_HS부호(공공데이터포털 15049722, 2026-01-01 기준) + 관세청_HSK별 신성질별_성질별 분류(15049720)"
851640,85,"제85류 전기기기와 그 부분품, 녹음기ㆍ음성 재생기ㆍ텔레비전의 영상과 음성의 기록기ㆍ재생기와 이들의 부분품ㆍ부속품",,전기전자,approximate,B,제85류 전기기기·음향영상기기. KICOX '전기전자'가 중심이나 일부 부품이 다른 업종과 겹친다,12019001,(기타 가전제품),2026,"관세청_HS부호(공공데이터포털 15049722, 2026-01-01 기준) + 관세청_HSK별 신성질별_성질별 분류(15049720)"
851650,85,"제85류 전기기기와 그 부분품, 녹음기ㆍ음성 재생기ㆍ텔레비전의 영상과 음성의 기록기ㆍ재생기와 이들의 부분품ㆍ부속품",,전기전자,approximate,B,제85류 전기기기·음향영상기기. KICOX '전기전자'가 중심이나 일부 부품이 다른 업종과 겹친다,12019001,(기타 가전제품),2026,"관세청_HS부호(공공데이터포털 15049722, 2026-01-01 기준) + 관세청_HSK별 신성질별_성질별 분류(15049720)"
851660,85,"제85류 전기기기와 그 부분품, 녹음기ㆍ음성 재생기ㆍ텔레비전의 영상과 음성의 기록기ㆍ재생기와 이들의 부분품ㆍ부속품","그 밖의 오븐, 쿠커ㆍ조리판ㆍ보일링링ㆍ그릴러ㆍ로스터",전기전자,approximate,B,제85류 전기기기·음향영상기기. KICOX '전기전자'가 중심이나 일부 부품이 다른 업종과 겹친다,12019001,(기타 가전제품),2026,"관세청_HS부호(공공데이터포털 15049722, 2026-01-01 기준) + 관세청_HSK별 신성질별_성질별 분류(15049720)"
851671,85,"제85류 전기기기와 그 부분품, 녹음기ㆍ음성 재생기ㆍ텔레비전의 영상과 음성의 기록기ㆍ재생기와 이들의 부분품ㆍ부속품",,전기전자,approximate,B,제85류 전기기기·음향영상기기. KICOX '전기전자'가 중심이나 일부 부품이 다른 업종과 겹친다,12019001,(기타 가전제품),2026,"관세청_HS부호(공공데이터포털 15049722, 2026-01-01 기준) + 관세청_HSK별 신성질별_성질별 분류(15049720)"
851672,85,"제85류 전기기기와 그 부분품, 녹음기ㆍ음성 재생기ㆍ텔레비전의 영상과 음성의 기록기ㆍ재생기와 이들의 부분품ㆍ부속품",,전기전자,approximate,B,제85류 전기기기·음향영상기기. KICOX '전기전자'가 중심이나 일부 부품이 다른 업종과 겹친다,12019001,(기타 가전제품),2026,"관세청_HS부호(공공데이터포털 15049722, 2026-01-01 기준) + 관세청_HSK별 신성질별_성질별 분류(15049720)"
851679,85,"제85류 전기기기와 그 부분품, 녹음기ㆍ음성 재생기ㆍ텔레비전의 영상과 음성의 기록기ㆍ재생기와 이들의 부분품ㆍ부속품",기타,전기전자,approximate,B,제85류 전기기기·음향영상기기. KICOX '전기전자'가 중심이나 일부 부품이 다른 업종과 겹친다,12019001,(기타 가전제품),2026,"관세청_HS부호(공공데이터포털 15049722, 2026-01-01 기준) + 관세청_HSK별 신성질별_성질별 분류(15049720)"
851680,85,"제85류 전기기기와 그 부분품, 녹음기ㆍ음성 재생기ㆍ텔레비전의 영상과 음성의 기록기ㆍ재생기와 이들의 부분품ㆍ부속품",,전기전자,approximate,B,제85류 전기기기·음향영상기기. KICOX '전기전자'가 중심이나 일부 부품이 다른 업종과 겹친다,12019001,(기타 가전제품),2026,"관세청_HS부호(공공데이터포털 15049722, 2026-01-01 기준) + 관세청_HSK별 신성질별_성질별 분류(15049720)"
851690,85,"제85류 전기기기와 그 부분품, 녹음기ㆍ음성 재생기ㆍ텔레비전의 영상과 음성의 기록기ㆍ재생기와 이들의 부분품ㆍ부속품",,전기전자,approximate,B,제85류 전기기기·음향영상기기. KICOX '전기전자'가 중심이나 일부 부품이 다른 업종과 겹친다,12019001,(기타 가전제품),2026,"관세청_HS부호(공공데이터포털 15049722, 2026-01-01 기준) + 관세청_HSK별 신성질별_성질별 분류(15049720)"
851711,85,"제85류 전기기기와 그 부분품, 녹음기ㆍ음성 재생기ㆍ텔레비전의 영상과 음성의 기록기ㆍ재생기와 이들의 부분품ㆍ부속품",,전기전자,approximate,B,제85류 전기기기·음향영상기기. KICOX '전기전자'가 중심이나 일부 부품이 다른 업종과 겹친다,33010101,(유선통신기기),2026,"관세청_HS부호(공공데이터포털 15049722, 2026-01-01 기준) + 관세청_HSK별 신성질별_성질별 분류(15049720)"
851713,85,"제85류 전기기기와 그 부분품, 녹음기ㆍ음성 재생기ㆍ텔레비전의 영상과 음성의 기록기ㆍ재생기와 이들의 부분품ㆍ부속품",,전기전자,approximate,B,제85류 전기기기·음향영상기기. KICOX '전기전자'가 중심이나 일부 부품이 다른 업종과 겹친다,33020104,(스마트폰),2026,"관세청_HS부호(공공데이터포털 15049722, 2026-01-01 기준) + 관세청_HSK별 신성질별_성질별 분류(15049720)"
851714,85,"제85류 전기기기와 그 부분품, 녹음기ㆍ음성 재생기ㆍ텔레비전의 영상과 음성의 기록기ㆍ재생기와 이들의 부분품ㆍ부속품",그 밖의 전화기(셀룰러 통신망용이나 그 밖의 무선통신망용으로 한정한다),전기전자,approximate,B,제85류 전기기기·음향영상기기. KICOX '전기전자'가 중심이나 일부 부품이 다른 업종과 겹친다,33020101,(CDMA 방식 휴대전화),2026,"관세청_HS부호(공공데이터포털 15049722, 2026-01-01 기준) + 관세청_HSK별 신성질별_성질별 분류(15049720)"
851718,85,"제85류 전기기기와 그 부분품, 녹음기ㆍ음성 재생기ㆍ텔레비전의 영상과 음성의 기록기ㆍ재생기와 이들의 부분품ㆍ부속품",,전기전자,approximate,B,제85류 전기기기·음향영상기기. KICOX '전기전자'가 중심이나 일부 부품이 다른 업종과 겹친다,33010101,(유선통신기기),2026,"관세청_HS부호(공공데이터포털 15049722, 2026-01-01 기준) + 관세청_HSK별 신성질별_성질별 분류(15049720)"
851761,85,"제85류 전기기기와 그 부분품, 녹음기ㆍ음성 재생기ㆍ텔레비전의 영상과 음성의 기록기ㆍ재생기와 이들의 부분품ㆍ부속품",,전기전자,approximate,B,제85류 전기기기·음향영상기기. KICOX '전기전자'가 중심이나 일부 부품이 다른 업종과 겹친다,33029001,(기타 무선통신기기),2026,"관세청_HS부호(공공데이터포털 15049722, 2026-01-01 기준) + 관세청_HSK별 신성질별_성질별 분류(15049720)"
851762,85,"제85류 전기기기와 그 부분품, 녹음기ㆍ음성 재생기ㆍ텔레비전의 영상과 음성의 기록기ㆍ재생기와 이들의 부분품ㆍ부속품",음성ㆍ영상이나 그 밖의 자료의 수신용ㆍ변환용ㆍ송신용ㆍ재생용 기기[교환기와 라우팅(routing)기기를 포함한다],전기전자,approximate,B,제85류 전기기기·음향영상기기. KICOX '전기전자'가 중심이나 일부 부품이 다른 업종과 겹친다,,,2026,"관세청_HS부호(공공데이터포털 15049722, 2026-01-01 기준) + 관세청_HSK별 신성질별_성질별 분류(15049720)"
851769,85,"제85류 전기기기와 그 부분품, 녹음기ㆍ음성 재생기ㆍ텔레비전의 영상과 음성의 기록기ㆍ재생기와 이들의 부분품ㆍ부속품",기타,전기전자,approximate,B,제85류 전기기기·음향영상기기. KICOX '전기전자'가 중심이나 일부 부품이 다른 업종과 겹친다,33010101,(유선통신기기),2026,"관세청_HS부호(공공데이터포털 15049722, 2026-01-01 기준) + 관세청_HSK별 신성질별_성질별 분류(15049720)"
851771,85,"제85류 전기기기와 그 부분품, 녹음기ㆍ음성 재생기ㆍ텔레비전의 영상과 음성의 기록기ㆍ재생기와 이들의 부분품ㆍ부속품","각종 안테나와 반사식 안테나, 그 부분품",전기전자,approximate,B,제85류 전기기기·음향영상기기. KICOX '전기전자'가 중심이나 일부 부품이 다른 업종과 겹친다,33029002,(기타 무선통신기기 부품),2026,"관세청_HS부호(공공데이터포털 15049722, 2026-01-01 기준) + 관세청_HSK별 신성질별_성질별 분류(15049720)"
851779,85,"제85류 전기기기와 그 부분품, 녹음기ㆍ음성 재생기ㆍ텔레비전의 영상과 음성의 기록기ㆍ재생기와 이들의 부분품ㆍ부속품",기타,전기전자,approximate,B,제85류 전기기기·음향영상기기. KICOX '전기전자'가 중심이나 일부 부품이 다른 업종과 겹친다,,,2026,"관세청_HS부호(공공데이터포털 15049722, 2026-01-01 기준) + 관세청_HSK별 신성질별_성질별 분류(15049720)"
851810,85,"제85류 전기기기와 그 부분품, 녹음기ㆍ음성 재생기ㆍ텔레비전의 영상과 음성의 기록기ㆍ재생기와 이들의 부분품ㆍ부속품",마이크로폰과 그 스탠드,전기전자,approximate,B,제85류 전기기기·음향영상기기. KICOX '전기전자'가 중심이나 일부 부품이 다른 업종과 겹친다,12019001,(기타 가전제품),2026,"관세청_HS부호(공공데이터포털 15049722, 2026-01-01 기준) + 관세청_HSK별 신성질별_성질별 분류(15049720)"
851821,85,"제85류 전기기기와 그 부분품, 녹음기ㆍ음성 재생기ㆍ텔레비전의 영상과 음성의 기록기ㆍ재생기와 이들의 부분품ㆍ부속품",,전기전자,approximate,B,제85류 전기기기·음향영상기기. KICOX '전기전자'가 중심이나 일부 부품이 다른 업종과 겹친다,12019001,(기타 가전제품),2026,"관세청_HS부호(공공데이터포털 15049722, 2026-01-01 기준) + 관세청_HSK별 신성질별_성질별 분류(15049720)"
851822,85,"제85류 전기기기와 그 부분품, 녹음기ㆍ음성 재생기ㆍ텔레비전의 영상과 음성의 기록기ㆍ재생기와 이들의 부분품ㆍ부속품",,전기전자,approximate,B,제85류 전기기기·음향영상기기. KICOX '전기전자'가 중심이나 일부 부품이 다른 업종과 겹친다,12019001,(기타 가전제품),2026,"관세청_HS부호(공공데이터포털 15049722, 2026-01-01 기준) + 관세청_HSK별 신성질별_성질별 분류(15049720)"
851829,85,"제85류 전기기기와 그 부분품, 녹음기ㆍ음성 재생기ㆍ텔레비전의 영상과 음성의 기록기ㆍ재생기와 이들의 부분품ㆍ부속품",기타,전기전자,approximate,B,제85류 전기기기·음향영상기기. KICOX '전기전자'가 중심이나 일부 부품이 다른 업종과 겹친다,12019001,(기타 가전제품),2026,"관세청_HS부호(공공데이터포털 15049722, 2026-01-01 기준) + 관세청_HSK별 신성질별_성질별 분류(15049720)"
851830,85,"제85류 전기기기와 그 부분품, 녹음기ㆍ음성 재생기ㆍ텔레비전의 영상과 음성의 기록기ㆍ재생기와 이들의 부분품ㆍ부속품","헤드폰과 이어폰(마이크로폰이 부착된 것인지에 상관없다), 마이크로폰과 한 개 이상의 확성기로 구성된 세트",전기전자,approximate,B,제85류 전기기기·음향영상기기. KICOX '전기전자'가 중심이나 일부 부품이 다른 업종과 겹친다,33010101,(유선통신기기),2026,"관세청_HS부호(공공데이터포털 15049722, 2026-01-01 기준) + 관세청_HSK별 신성질별_성질별 분류(15049720)"
851840,85,"제85류 전기기기와 그 부분품, 녹음기ㆍ음성 재생기ㆍ텔레비전의 영상과 음성의 기록기ㆍ재생기와 이들의 부분품ㆍ부속품",,전기전자,approximate,B,제85류 전기기기·음향영상기기. KICOX '전기전자'가 중심이나 일부 부품이 다른 업종과 겹친다,12010501,(음향기기),2026,"관세청_HS부호(공공데이터포털 15049722, 2026-01-01 기준) + 관세청_HSK별 신성질별_성질별 분류(15049720)"
851850,85,"제85류 전기기기와 그 부분품, 녹음기ㆍ음성 재생기ㆍ텔레비전의 영상과 음성의 기록기ㆍ재생기와 이들의 부분품ㆍ부속품",,전기전자,approximate,B,제85류 전기기기·음향영상기기. KICOX '전기전자'가 중심이나 일부 부품이 다른 업종과 겹친다,12010501,(음향기기),2026,"관세청_HS부호(공공데이터포털 15049722, 2026-01-01 기준) + 관세청_HSK별 신성질별_성질별 분류(15049720)"
851890,85,"제85류 전기기기와 그 부분품, 녹음기ㆍ음성 재생기ㆍ텔레비전의 영상과 음성의 기록기ㆍ재생기와 이들의 부분품ㆍ부속품",부분품,전기전자,approximate,B,제85류 전기기기·음향영상기기. KICOX '전기전자'가 중심이나 일부 부품이 다른 업종과 겹친다,34900101,(기타 IT부품),2026,"관세청_HS부호(공공데이터포털 15049722, 2026-01-01 기준) + 관세청_HSK별 신성질별_성질별 분류(15049720)"
851920,85,"제85류 전기기기와 그 부분품, 녹음기ㆍ음성 재생기ㆍ텔레비전의 영상과 음성의 기록기ㆍ재생기와 이들의 부분품ㆍ부속품",,전기전자,approximate,B,제85류 전기기기·음향영상기기. KICOX '전기전자'가 중심이나 일부 부품이 다른 업종과 겹친다,12010501,(음향기기),2026,"관세청_HS부호(공공데이터포털 15049722, 2026-01-01 기준) + 관세청_HSK별 신성질별_성질별 분류(15049720)"
851930,85,"제85류 전기기기와 그 부분품, 녹음기ㆍ음성 재생기ㆍ텔레비전의 영상과 음성의 기록기ㆍ재생기와 이들의 부분품ㆍ부속품",,전기전자,approximate,B,제85류 전기기기·음향영상기기. KICOX '전기전자'가 중심이나 일부 부품이 다른 업종과 겹친다,12010501,(음향기기),2026,"관세청_HS부호(공공데이터포털 15049722, 2026-01-01 기준) + 관세청_HSK별 신성질별_성질별 분류(15049720)"
851981,85,"제85류 전기기기와 그 부분품, 녹음기ㆍ음성 재생기ㆍ텔레비전의 영상과 음성의 기록기ㆍ재생기와 이들의 부분품ㆍ부속품",자기식ㆍ광학식이나 그 밖의 반도체 매체를 이용하는 기기,전기전자,approximate,B,제85류 전기기기·음향영상기기. KICOX '전기전자'가 중심이나 일부 부품이 다른 업종과 겹친다,12010501,(음향기기),2026,"관세청_HS부호(공공데이터포털 15049722, 2026-01-01 기준) + 관세청_HSK별 신성질별_성질별 분류(15049720)"
851989,85,"제85류 전기기기와 그 부분품, 녹음기ㆍ음성 재생기ㆍ텔레비전의 영상과 음성의 기록기ㆍ재생기와 이들의 부분품ㆍ부속품",,전기전자,approximate,B,제85류 전기기기·음향영상기기. KICOX '전기전자'가 중심이나 일부 부품이 다른 업종과 겹친다,12010501,(음향기기),2026,"관세청_HS부호(공공데이터포털 15049722, 2026-01-01 기준) + 관세청_HSK별 신성질별_성질별 분류(15049720)"
852110,85,"제85류 전기기기와 그 부분품, 녹음기ㆍ음성 재생기ㆍ텔레비전의 영상과 음성의 기록기ㆍ재생기와 이들의 부분품ㆍ부속품",,전기전자,approximate,B,제85류 전기기기·음향영상기기. KICOX '전기전자'가 중심이나 일부 부품이 다른 업종과 겹친다,12019001,(기타 가전제품),2026,"관세청_HS부호(공공데이터포털 15049722, 2026-01-01 기준) + 관세청_HSK별 신성질별_성질별 분류(15049720)"
852190,85,"제85류 전기기기와 그 부분품, 녹음기ㆍ음성 재생기ㆍ텔레비전의 영상과 음성의 기록기ㆍ재생기와 이들의 부분품ㆍ부속품",기타,전기전자,approximate,B,제85류 전기기기·음향영상기기. KICOX '전기전자'가 중심이나 일부 부품이 다른 업종과 겹친다,12019001,(기타 가전제품),2026,"관세청_HS부호(공공데이터포털 15049722, 2026-01-01 기준) + 관세청_HSK별 신성질별_성질별 분류(15049720)"
852210,85,"제85류 전기기기와 그 부분품, 녹음기ㆍ음성 재생기ㆍ텔레비전의 영상과 음성의 기록기ㆍ재생기와 이들의 부분품ㆍ부속품",,전기전자,approximate,B,제85류 전기기기·음향영상기기. KICOX '전기전자'가 중심이나 일부 부품이 다른 업종과 겹친다,33040201,(방송기기 부품),2026,"관세청_HS부호(공공데이터포털 15049722, 2026-01-01 기준) + 관세청_HSK별 신성질별_성질별 분류(15049720)"
852290,85,"제85류 전기기기와 그 부분품, 녹음기ㆍ음성 재생기ㆍ텔레비전의 영상과 음성의 기록기ㆍ재생기와 이들의 부분품ㆍ부속품",기타,전기전자,approximate,B,제85류 전기기기·음향영상기기. KICOX '전기전자'가 중심이나 일부 부품이 다른 업종과 겹친다,33040201,(방송기기 부품),2026,"관세청_HS부호(공공데이터포털 15049722, 2026-01-01 기준) + 관세청_HSK별 신성질별_성질별 분류(15049720)"
852321,85,"제85류 전기기기와 그 부분품, 녹음기ㆍ음성 재생기ㆍ텔레비전의 영상과 음성의 기록기ㆍ재생기와 이들의 부분품ㆍ부속품",,전기전자,approximate,B,제85류 전기기기·음향영상기기. KICOX '전기전자'가 중심이나 일부 부품이 다른 업종과 겹친다,33030290,(기타 컴퓨터 주변기기),2026,"관세청_HS부호(공공데이터포털 15049722, 2026-01-01 기준) + 관세청_HSK별 신성질별_성질별 분류(15049720)"
852329,85,"제85류 전기기기와 그 부분품, 녹음기ㆍ음성 재생기ㆍ텔레비전의 영상과 음성의 기록기ㆍ재생기와 이들의 부분품ㆍ부속품",기타,전기전자,approximate,B,제85류 전기기기·음향영상기기. KICOX '전기전자'가 중심이나 일부 부품이 다른 업종과 겹친다,33030290,(기타 컴퓨터 주변기기),2026,"관세청_HS부호(공공데이터포털 15049722, 2026-01-01 기준) + 관세청_HSK별 신성질별_성질별 분류(15049720)"
852341,85,"제85류 전기기기와 그 부분품, 녹음기ㆍ음성 재생기ㆍ텔레비전의 영상과 음성의 기록기ㆍ재생기와 이들의 부분품ㆍ부속품",,전기전자,approximate,B,제85류 전기기기·음향영상기기. KICOX '전기전자'가 중심이나 일부 부품이 다른 업종과 겹친다,33030290,(기타 컴퓨터 주변기기),2026,"관세청_HS부호(공공데이터포털 15049722, 2026-01-01 기준) + 관세청_HSK별 신성질별_성질별 분류(15049720)"
852349,85,"제85류 전기기기와 그 부분품, 녹음기ㆍ음성 재생기ㆍ텔레비전의 영상과 음성의 기록기ㆍ재생기와 이들의 부분품ㆍ부속품",기타,전기전자,approximate,B,제85류 전기기기·음향영상기기. KICOX '전기전자'가 중심이나 일부 부품이 다른 업종과 겹친다,,,2026,"관세청_HS부호(공공데이터포털 15049722, 2026-01-01 기준) + 관세청_HSK별 신성질별_성질별 분류(15049720)"
852351,85,"제85류 전기기기와 그 부분품, 녹음기ㆍ음성 재생기ㆍ텔레비전의 영상과 음성의 기록기ㆍ재생기와 이들의 부분품ㆍ부속품",솔리드 스테이트(solid-state)의 비휘발성 기억장치,전기전자,approximate,B,제85류 전기기기·음향영상기기. KICOX '전기전자'가 중심이나 일부 부품이 다른 업종과 겹친다,33030290,(기타 컴퓨터 주변기기),2026,"관세청_HS부호(공공데이터포털 15049722, 2026-01-01 기준) + 관세청_HSK별 신성질별_성질별 분류(15049720)"
852352,85,"제85류 전기기기와 그 부분품, 녹음기ㆍ음성 재생기ㆍ텔레비전의 영상과 음성의 기록기ㆍ재생기와 이들의 부분품ㆍ부속품",스마트카드,전기전자,approximate,B,제85류 전기기기·음향영상기기. KICOX '전기전자'가 중심이나 일부 부품이 다른 업종과 겹친다,34010102,(시스템반도체),2026,"관세청_HS부호(공공데이터포털 15049722, 2026-01-01 기준) + 관세청_HSK별 신성질별_성질별 분류(15049720)"
852359,85,"제85류 전기기기와 그 부분품, 녹음기ㆍ음성 재생기ㆍ텔레비전의 영상과 음성의 기록기ㆍ재생기와 이들의 부분품ㆍ부속품",기타,전기전자,approximate,B,제85류 전기기기·음향영상기기. KICOX '전기전자'가 중심이나 일부 부품이 다른 업종과 겹친다,33030290,(기타 컴퓨터 주변기기),2026,"관세청_HS부호(공공데이터포털 15049722, 2026-01-01 기준) + 관세청_HSK별 신성질별_성질별 분류(15049720)"
852380,85,"제85류 전기기기와 그 부분품, 녹음기ㆍ음성 재생기ㆍ텔레비전의 영상과 음성의 기록기ㆍ재생기와 이들의 부분품ㆍ부속품",기타,전기전자,approximate,B,제85류 전기기기·음향영상기기. KICOX '전기전자'가 중심이나 일부 부품이 다른 업종과 겹친다,33030290,(기타 컴퓨터 주변기기),2026,"관세청_HS부호(공공데이터포털 15049722, 2026-01-01 기준) + 관세청_HSK별 신성질별_성질별 분류(15049720)"
852411,85,"제85류 전기기기와 그 부분품, 녹음기ㆍ음성 재생기ㆍ텔레비전의 영상과 음성의 기록기ㆍ재생기와 이들의 부분품ㆍ부속품",액정의 것,전기전자,approximate,B,제85류 전기기기·음향영상기기. KICOX '전기전자'가 중심이나 일부 부품이 다른 업종과 겹친다,34020101,(액정 디바이스),2026,"관세청_HS부호(공공데이터포털 15049722, 2026-01-01 기준) + 관세청_HSK별 신성질별_성질별 분류(15049720)"
852412,85,"제85류 전기기기와 그 부분품, 녹음기ㆍ음성 재생기ㆍ텔레비전의 영상과 음성의 기록기ㆍ재생기와 이들의 부분품ㆍ부속품",유기발광다이오드(오엘이디)의 것,전기전자,approximate,B,제85류 전기기기·음향영상기기. KICOX '전기전자'가 중심이나 일부 부품이 다른 업종과 겹친다,33030301,(정보기기 부품),2026,"관세청_HS부호(공공데이터포털 15049722, 2026-01-01 기준) + 관세청_HSK별 신성질별_성질별 분류(15049720)"
852419,85,"제85류 전기기기와 그 부분품, 녹음기ㆍ음성 재생기ㆍ텔레비전의 영상과 음성의 기록기ㆍ재생기와 이들의 부분품ㆍ부속품",기타,전기전자,approximate,B,제85류 전기기기·음향영상기기. KICOX '전기전자'가 중심이나 일부 부품이 다른 업종과 겹친다,33030301,(정보기기 부품),2026,"관세청_HS부호(공공데이터포털 15049722, 2026-01-01 기준) + 관세청_HSK별 신성질별_성질별 분류(15049720)"
852491,85,"제85류 전기기기와 그 부분품, 녹음기ㆍ음성 재생기ㆍ텔레비전의 영상과 음성의 기록기ㆍ재생기와 이들의 부분품ㆍ부속품",액정의 것,전기전자,approximate,B,제85류 전기기기·음향영상기기. KICOX '전기전자'가 중심이나 일부 부품이 다른 업종과 겹친다,33030301,(정보기기 부품),2026,"관세청_HS부호(공공데이터포털 15049722, 2026-01-01 기준) + 관세청_HSK별 신성질별_성질별 분류(15049720)"
852492,85,"제85류 전기기기와 그 부분품, 녹음기ㆍ음성 재생기ㆍ텔레비전의 영상과 음성의 기록기ㆍ재생기와 이들의 부분품ㆍ부속품",유기발광다이오드(오엘이디)의 것,전기전자,approximate,B,제85류 전기기기·음향영상기기. KICOX '전기전자'가 중심이나 일부 부품이 다른 업종과 겹친다,33030301,(정보기기 부품),2026,"관세청_HS부호(공공데이터포털 15049722, 2026-01-01 기준) + 관세청_HSK별 신성질별_성질별 분류(15049720)"
852499,85,"제85류 전기기기와 그 부분품, 녹음기ㆍ음성 재생기ㆍ텔레비전의 영상과 음성의 기록기ㆍ재생기와 이들의 부분품ㆍ부속품",기타,전기전자,approximate,B,제85류 전기기기·음향영상기기. KICOX '전기전자'가 중심이나 일부 부품이 다른 업종과 겹친다,33030301,(정보기기 부품),2026,"관세청_HS부호(공공데이터포털 15049722, 2026-01-01 기준) + 관세청_HSK별 신성질별_성질별 분류(15049720)"
852550,85,"제85류 전기기기와 그 부분품, 녹음기ㆍ음성 재생기ㆍ텔레비전의 영상과 음성의 기록기ㆍ재생기와 이들의 부분품ㆍ부속품",송신기기,전기전자,approximate,B,제85류 전기기기·음향영상기기. KICOX '전기전자'가 중심이나 일부 부품이 다른 업종과 겹친다,33020301,(방송용 통신기기),2026,"관세청_HS부호(공공데이터포털 15049722, 2026-01-01 기준) + 관세청_HSK별 신성질별_성질별 분류(15049720)"
852560,85,"제85류 전기기기와 그 부분품, 녹음기ㆍ음성 재생기ㆍ텔레비전의 영상과 음성의 기록기ㆍ재생기와 이들의 부분품ㆍ부속품",수신기기를 갖춘 송신기기,전기전자,approximate,B,제85류 전기기기·음향영상기기. KICOX '전기전자'가 중심이나 일부 부품이 다른 업종과 겹친다,33020301,(방송용 통신기기),2026,"관세청_HS부호(공공데이터포털 15049722, 2026-01-01 기준) + 관세청_HSK별 신성질별_성질별 분류(15049720)"
852581,85,"제85류 전기기기와 그 부분품, 녹음기ㆍ음성 재생기ㆍ텔레비전의 영상과 음성의 기록기ㆍ재생기와 이들의 부분품ㆍ부속품",,전기전자,approximate,B,제85류 전기기기·음향영상기기. KICOX '전기전자'가 중심이나 일부 부품이 다른 업종과 겹친다,12019001,(기타 가전제품),2026,"관세청_HS부호(공공데이터포털 15049722, 2026-01-01 기준) + 관세청_HSK별 신성질별_성질별 분류(15049720)"
852582,85,"제85류 전기기기와 그 부분품, 녹음기ㆍ음성 재생기ㆍ텔레비전의 영상과 음성의 기록기ㆍ재생기와 이들의 부분품ㆍ부속품",,전기전자,approximate,B,제85류 전기기기·음향영상기기. KICOX '전기전자'가 중심이나 일부 부품이 다른 업종과 겹친다,12019001,(기타 가전제품),2026,"관세청_HS부호(공공데이터포털 15049722, 2026-01-01 기준) + 관세청_HSK별 신성질별_성질별 분류(15049720)"
852583,85,"제85류 전기기기와 그 부분품, 녹음기ㆍ음성 재생기ㆍ텔레비전의 영상과 음성의 기록기ㆍ재생기와 이들의 부분품ㆍ부속품",,전기전자,approximate,B,제85류 전기기기·음향영상기기. KICOX '전기전자'가 중심이나 일부 부품이 다른 업종과 겹친다,12019001,(기타 가전제품),2026,"관세청_HS부호(공공데이터포털 15049722, 2026-01-01 기준) + 관세청_HSK별 신성질별_성질별 분류(15049720)"
852589,85,"제85류 전기기기와 그 부분품, 녹음기ㆍ음성 재생기ㆍ텔레비전의 영상과 음성의 기록기ㆍ재생기와 이들의 부분품ㆍ부속품",기타,전기전자,approximate,B,제85류 전기기기·음향영상기기. KICOX '전기전자'가 중심이나 일부 부품이 다른 업종과 겹친다,33040101,(방송기기),2026,"관세청_HS부호(공공데이터포털 15049722, 2026-01-01 기준) + 관세청_HSK별 신성질별_성질별 분류(15049720)"
852610,85,"제85류 전기기기와 그 부분품, 녹음기ㆍ음성 재생기ㆍ텔레비전의 영상과 음성의 기록기ㆍ재생기와 이들의 부분품ㆍ부속품",레이더기기,전기전자,approximate,B,제85류 전기기기·음향영상기기. KICOX '전기전자'가 중심이나 일부 부품이 다른 업종과 겹친다,33020201,(레이더),2026,"관세청_HS부호(공공데이터포털 15049722, 2026-01-01 기준) + 관세청_HSK별 신성질별_성질별 분류(15049720)"
852691,85,"제85류 전기기기와 그 부분품, 녹음기ㆍ음성 재생기ㆍ텔레비전의 영상과 음성의 기록기ㆍ재생기와 이들의 부분품ㆍ부속품",항행용 무선기기,전기전자,approximate,B,제85류 전기기기·음향영상기기. KICOX '전기전자'가 중심이나 일부 부품이 다른 업종과 겹친다,,,2026,"관세청_HS부호(공공데이터포털 15049722, 2026-01-01 기준) + 관세청_HSK별 신성질별_성질별 분류(15049720)"
852692,85,"제85류 전기기기와 그 부분품, 녹음기ㆍ음성 재생기ㆍ텔레비전의 영상과 음성의 기록기ㆍ재생기와 이들의 부분품ㆍ부속품",,전기전자,approximate,B,제85류 전기기기·음향영상기기. KICOX '전기전자'가 중심이나 일부 부품이 다른 업종과 겹친다,33029001,(기타 무선통신기기),2026,"관세청_HS부호(공공데이터포털 15049722, 2026-01-01 기준) + 관세청_HSK별 신성질별_성질별 분류(15049720)"
852712,85,"제85류 전기기기와 그 부분품, 녹음기ㆍ음성 재생기ㆍ텔레비전의 영상과 음성의 기록기ㆍ재생기와 이들의 부분품ㆍ부속품",,전기전자,approximate,B,제85류 전기기기·음향영상기기. KICOX '전기전자'가 중심이나 일부 부품이 다른 업종과 겹친다,12010501,(음향기기),2026,"관세청_HS부호(공공데이터포털 15049722, 2026-01-01 기준) + 관세청_HSK별 신성질별_성질별 분류(15049720)"
852713,85,"제85류 전기기기와 그 부분품, 녹음기ㆍ음성 재생기ㆍ텔레비전의 영상과 음성의 기록기ㆍ재생기와 이들의 부분품ㆍ부속품",그 밖의 기기(음성기록기기나 음성재생기기와 결합된 것으로 한정한다),전기전자,approximate,B,제85류 전기기기·음향영상기기. KICOX '전기전자'가 중심이나 일부 부품이 다른 업종과 겹친다,12010501,(음향기기),2026,"관세청_HS부호(공공데이터포털 15049722, 2026-01-01 기준) + 관세청_HSK별 신성질별_성질별 분류(15049720)"
852719,85,"제85류 전기기기와 그 부분품, 녹음기ㆍ음성 재생기ㆍ텔레비전의 영상과 음성의 기록기ㆍ재생기와 이들의 부분품ㆍ부속품",,전기전자,approximate,B,제85류 전기기기·음향영상기기. KICOX '전기전자'가 중심이나 일부 부품이 다른 업종과 겹친다,12010501,(음향기기),2026,"관세청_HS부호(공공데이터포털 15049722, 2026-01-01 기준) + 관세청_HSK별 신성질별_성질별 분류(15049720)"
852721,85,"제85류 전기기기와 그 부분품, 녹음기ㆍ음성 재생기ㆍ텔레비전의 영상과 음성의 기록기ㆍ재생기와 이들의 부분품ㆍ부속품",음성기록기기나 재생기기와 결합된 것,전기전자,approximate,B,제85류 전기기기·음향영상기기. KICOX '전기전자'가 중심이나 일부 부품이 다른 업종과 겹친다,12010501,(음향기기),2026,"관세청_HS부호(공공데이터포털 15049722, 2026-01-01 기준) + 관세청_HSK별 신성질별_성질별 분류(15049720)"
852729,85,"제85류 전기기기와 그 부분품, 녹음기ㆍ음성 재생기ㆍ텔레비전의 영상과 음성의 기록기ㆍ재생기와 이들의 부분품ㆍ부속품",,전기전자,approximate,B,제85류 전기기기·음향영상기기. KICOX '전기전자'가 중심이나 일부 부품이 다른 업종과 겹친다,12010501,(음향기기),2026,"관세청_HS부호(공공데이터포털 15049722, 2026-01-01 기준) + 관세청_HSK별 신성질별_성질별 분류(15049720)"
852791,85,"제85류 전기기기와 그 부분품, 녹음기ㆍ음성 재생기ㆍ텔레비전의 영상과 음성의 기록기ㆍ재생기와 이들의 부분품ㆍ부속품",음성기록기기나 재생기기와 결합된 것,전기전자,approximate,B,제85류 전기기기·음향영상기기. KICOX '전기전자'가 중심이나 일부 부품이 다른 업종과 겹친다,,,2026,"관세청_HS부호(공공데이터포털 15049722, 2026-01-01 기준) + 관세청_HSK별 신성질별_성질별 분류(15049720)"
852792,85,"제85류 전기기기와 그 부분품, 녹음기ㆍ음성 재생기ㆍ텔레비전의 영상과 음성의 기록기ㆍ재생기와 이들의 부분품ㆍ부속품",,전기전자,approximate,B,제85류 전기기기·음향영상기기. KICOX '전기전자'가 중심이나 일부 부품이 다른 업종과 겹친다,12010501,(음향기기),2026,"관세청_HS부호(공공데이터포털 15049722, 2026-01-01 기준) + 관세청_HSK별 신성질별_성질별 분류(15049720)"
852799,85,"제85류 전기기기와 그 부분품, 녹음기ㆍ음성 재생기ㆍ텔레비전의 영상과 음성의 기록기ㆍ재생기와 이들의 부분품ㆍ부속품",,전기전자,approximate,B,제85류 전기기기·음향영상기기. KICOX '전기전자'가 중심이나 일부 부품이 다른 업종과 겹친다,12010501,(음향기기),2026,"관세청_HS부호(공공데이터포털 15049722, 2026-01-01 기준) + 관세청_HSK별 신성질별_성질별 분류(15049720)"
852842,85,"제85류 전기기기와 그 부분품, 녹음기ㆍ음성 재생기ㆍ텔레비전의 영상과 음성의 기록기ㆍ재생기와 이들의 부분품ㆍ부속품",,전기전자,approximate,B,제85류 전기기기·음향영상기기. KICOX '전기전자'가 중심이나 일부 부품이 다른 업종과 겹친다,33030201,(모니터),2026,"관세청_HS부호(공공데이터포털 15049722, 2026-01-01 기준) + 관세청_HSK별 신성질별_성질별 분류(15049720)"
852849,85,"제85류 전기기기와 그 부분품, 녹음기ㆍ음성 재생기ㆍ텔레비전의 영상과 음성의 기록기ㆍ재생기와 이들의 부분품ㆍ부속품",기타,전기전자,approximate,B,제85류 전기기기·음향영상기기. KICOX '전기전자'가 중심이나 일부 부품이 다른 업종과 겹친다,,,2026,"관세청_HS부호(공공데이터포털 15049722, 2026-01-01 기준) + 관세청_HSK별 신성질별_성질별 분류(15049720)"
852852,85,"제85류 전기기기와 그 부분품, 녹음기ㆍ음성 재생기ㆍ텔레비전의 영상과 음성의 기록기ㆍ재생기와 이들의 부분품ㆍ부속품",제8471호의 자동자료처리기계에 사용하도록 설계된 것으로 직접 연결하여 사용할 수 있는 것,전기전자,approximate,B,제85류 전기기기·음향영상기기. KICOX '전기전자'가 중심이나 일부 부품이 다른 업종과 겹친다,33030201,(모니터),2026,"관세청_HS부호(공공데이터포털 15049722, 2026-01-01 기준) + 관세청_HSK별 신성질별_성질별 분류(15049720)"
852859,85,"제85류 전기기기와 그 부분품, 녹음기ㆍ음성 재생기ㆍ텔레비전의 영상과 음성의 기록기ㆍ재생기와 이들의 부분품ㆍ부속품",기타,전기전자,approximate,B,제85류 전기기기·음향영상기기. KICOX '전기전자'가 중심이나 일부 부품이 다른 업종과 겹친다,,,2026,"관세청_HS부호(공공데이터포털 15049722, 2026-01-01 기준) + 관세청_HSK별 신성질별_성질별 분류(15049720)"
852862,85,"제85류 전기기기와 그 부분품, 녹음기ㆍ음성 재생기ㆍ텔레비전의 영상과 음성의 기록기ㆍ재생기와 이들의 부분품ㆍ부속품",,전기전자,approximate,B,제85류 전기기기·음향영상기기. KICOX '전기전자'가 중심이나 일부 부품이 다른 업종과 겹친다,33030290,(기타 컴퓨터 주변기기),2026,"관세청_HS부호(공공데이터포털 15049722, 2026-01-01 기준) + 관세청_HSK별 신성질별_성질별 분류(15049720)"
852869,85,"제85류 전기기기와 그 부분품, 녹음기ㆍ음성 재생기ㆍ텔레비전의 영상과 음성의 기록기ㆍ재생기와 이들의 부분품ㆍ부속품",,전기전자,approximate,B,제85류 전기기기·음향영상기기. KICOX '전기전자'가 중심이나 일부 부품이 다른 업종과 겹친다,33040101,(방송기기),2026,"관세청_HS부호(공공데이터포털 15049722, 2026-01-01 기준) + 관세청_HSK별 신성질별_성질별 분류(15049720)"
852871,85,"제85류 전기기기와 그 부분품, 녹음기ㆍ음성 재생기ㆍ텔레비전의 영상과 음성의 기록기ㆍ재생기와 이들의 부분품ㆍ부속품",영상디스플레이나 스크린을 장착하도록 설계되지 않은 것,전기전자,approximate,B,제85류 전기기기·음향영상기기. KICOX '전기전자'가 중심이나 일부 부품이 다른 업종과 겹친다,33040201,(방송기기 부품),2026,"관세청_HS부호(공공데이터포털 15049722, 2026-01-01 기준) + 관세청_HSK별 신성질별_성질별 분류(15049720)"
852872,85,"제85류 전기기기와 그 부분품, 녹음기ㆍ음성 재생기ㆍ텔레비전의 영상과 음성의 기록기ㆍ재생기와 이들의 부분품ㆍ부속품",기타(천연색으로 한정한다),전기전자,approximate,B,제85류 전기기기·음향영상기기. KICOX '전기전자'가 중심이나 일부 부품이 다른 업종과 겹친다,12010102,(LCD TV),2026,"관세청_HS부호(공공데이터포털 15049722, 2026-01-01 기준) + 관세청_HSK별 신성질별_성질별 분류(15049720)"
852873,85,"제85류 전기기기와 그 부분품, 녹음기ㆍ음성 재생기ㆍ텔레비전의 영상과 음성의 기록기ㆍ재생기와 이들의 부분품ㆍ부속품",,전기전자,approximate,B,제85류 전기기기·음향영상기기. KICOX '전기전자'가 중심이나 일부 부품이 다른 업종과 겹친다,12010105,(흑백 TV),2026,"관세청_HS부호(공공데이터포털 15049722, 2026-01-01 기준) + 관세청_HSK별 신성질별_성질별 분류(15049720)"
852910,85,"제85류 전기기기와 그 부분품, 녹음기ㆍ음성 재생기ㆍ텔레비전의 영상과 음성의 기록기ㆍ재생기와 이들의 부분품ㆍ부속품","각종 안테나와 반사식 안테나, 그 부분품",전기전자,approximate,B,제85류 전기기기·음향영상기기. KICOX '전기전자'가 중심이나 일부 부품이 다른 업종과 겹친다,33020202,(레이더 부품),2026,"관세청_HS부호(공공데이터포털 15049722, 2026-01-01 기준) + 관세청_HSK별 신성질별_성질별 분류(15049720)"
852990,85,"제85류 전기기기와 그 부분품, 녹음기ㆍ음성 재생기ㆍ텔레비전의 영상과 음성의 기록기ㆍ재생기와 이들의 부분품ㆍ부속품",기타,전기전자,approximate,B,제85류 전기기기·음향영상기기. KICOX '전기전자'가 중심이나 일부 부품이 다른 업종과 겹친다,34020102,(평판디스플레이 부품),2026,"관세청_HS부호(공공데이터포털 15049722, 2026-01-01 기준) + 관세청_HSK별 신성질별_성질별 분류(15049720)"
853010,85,"제85류 전기기기와 그 부분품, 녹음기ㆍ음성 재생기ㆍ텔레비전의 영상과 음성의 기록기ㆍ재생기와 이들의 부분품ㆍ부속품",철도용이나 궤도용 기기,전기전자,approximate,B,제85류 전기기기·음향영상기기. KICOX '전기전자'가 중심이나 일부 부품이 다른 업종과 겹친다,32049001,(기타 전기기계),2026,"관세청_HS부호(공공데이터포털 15049722, 2026-01-01 기준) + 관세청_HSK별 신성질별_성질별 분류(15049720)"
853080,85,"제85류 전기기기와 그 부분품, 녹음기ㆍ음성 재생기ㆍ텔레비전의 영상과 음성의 기록기ㆍ재생기와 이들의 부분품ㆍ부속품",,전기전자,approximate,B,제85류 전기기기·음향영상기기. KICOX '전기전자'가 중심이나 일부 부품이 다른 업종과 겹친다,32049001,(기타 전기기계),2026,"관세청_HS부호(공공데이터포털 15049722, 2026-01-01 기준) + 관세청_HSK별 신성질별_성질별 분류(15049720)"
853090,85,"제85류 전기기기와 그 부분품, 녹음기ㆍ음성 재생기ㆍ텔레비전의 영상과 음성의 기록기ㆍ재생기와 이들의 부분품ㆍ부속품",,전기전자,approximate,B,제85류 전기기기·음향영상기기. KICOX '전기전자'가 중심이나 일부 부품이 다른 업종과 겹친다,32049002,(기타 전기기계 부품),2026,"관세청_HS부호(공공데이터포털 15049722, 2026-01-01 기준) + 관세청_HSK별 신성질별_성질별 분류(15049720)"
853110,85,"제85류 전기기기와 그 부분품, 녹음기ㆍ음성 재생기ㆍ텔레비전의 영상과 음성의 기록기ㆍ재생기와 이들의 부분품ㆍ부속품",도난경보기나 화재경보기와 이와 유사한 기기,전기전자,approximate,B,제85류 전기기기·음향영상기기. KICOX '전기전자'가 중심이나 일부 부품이 다른 업종과 겹친다,32049001,(기타 전기기계),2026,"관세청_HS부호(공공데이터포털 15049722, 2026-01-01 기준) + 관세청_HSK별 신성질별_성질별 분류(15049720)"
853120,85,"제85류 전기기기와 그 부분품, 녹음기ㆍ음성 재생기ㆍ텔레비전의 영상과 음성의 기록기ㆍ재생기와 이들의 부분품ㆍ부속품",액정 디바이스(엘시디)나 발광다이오드(엘이디)가 결합된 표시반,전기전자,approximate,B,제85류 전기기기·음향영상기기. KICOX '전기전자'가 중심이나 일부 부품이 다른 업종과 겹친다,32049001,(기타 전기기계),2026,"관세청_HS부호(공공데이터포털 15049722, 2026-01-01 기준) + 관세청_HSK별 신성질별_성질별 분류(15049720)"
853180,85,"제85류 전기기기와 그 부분품, 녹음기ㆍ음성 재생기ㆍ텔레비전의 영상과 음성의 기록기ㆍ재생기와 이들의 부분품ㆍ부속품",그 밖의 기기,전기전자,approximate,B,제85류 전기기기·음향영상기기. KICOX '전기전자'가 중심이나 일부 부품이 다른 업종과 겹친다,32049001,(기타 전기기계),2026,"관세청_HS부호(공공데이터포털 15049722, 2026-01-01 기준) + 관세청_HSK별 신성질별_성질별 분류(15049720)"
853190,85,"제85류 전기기기와 그 부분품, 녹음기ㆍ음성 재생기ㆍ텔레비전의 영상과 음성의 기록기ㆍ재생기와 이들의 부분품ㆍ부속품",부분품,전기전자,approximate,B,제85류 전기기기·음향영상기기. KICOX '전기전자'가 중심이나 일부 부품이 다른 업종과 겹친다,32049002,(기타 전기기계 부품),2026,"관세청_HS부호(공공데이터포털 15049722, 2026-01-01 기준) + 관세청_HSK별 신성질별_성질별 분류(15049720)"
853210,85,"제85류 전기기기와 그 부분품, 녹음기ㆍ음성 재생기ㆍ텔레비전의 영상과 음성의 기록기ㆍ재생기와 이들의 부분품ㆍ부속품",,전기전자,approximate,B,제85류 전기기기·음향영상기기. KICOX '전기전자'가 중심이나 일부 부품이 다른 업종과 겹친다,34900101,(기타 IT부품),2026,"관세청_HS부호(공공데이터포털 15049722, 2026-01-01 기준) + 관세청_HSK별 신성질별_성질별 분류(15049720)"
853221,85,"제85류 전기기기와 그 부분품, 녹음기ㆍ음성 재생기ㆍ텔레비전의 영상과 음성의 기록기ㆍ재생기와 이들의 부분품ㆍ부속품",,전기전자,approximate,B,제85류 전기기기·음향영상기기. KICOX '전기전자'가 중심이나 일부 부품이 다른 업종과 겹친다,34900101,(기타 IT부품),2026,"관세청_HS부호(공공데이터포털 15049722, 2026-01-01 기준) + 관세청_HSK별 신성질별_성질별 분류(15049720)"
853222,85,"제85류 전기기기와 그 부분품, 녹음기ㆍ음성 재생기ㆍ텔레비전의 영상과 음성의 기록기ㆍ재생기와 이들의 부분품ㆍ부속품",,전기전자,approximate,B,제85류 전기기기·음향영상기기. KICOX '전기전자'가 중심이나 일부 부품이 다른 업종과 겹친다,34900101,(기타 IT부품),2026,"관세청_HS부호(공공데이터포털 15049722, 2026-01-01 기준) + 관세청_HSK별 신성질별_성질별 분류(15049720)"
853223,85,"제85류 전기기기와 그 부분품, 녹음기ㆍ음성 재생기ㆍ텔레비전의 영상과 음성의 기록기ㆍ재생기와 이들의 부분품ㆍ부속품",,전기전자,approximate,B,제85류 전기기기·음향영상기기. KICOX '전기전자'가 중심이나 일부 부품이 다른 업종과 겹친다,34900101,(기타 IT부품),2026,"관세청_HS부호(공공데이터포털 15049722, 2026-01-01 기준) + 관세청_HSK별 신성질별_성질별 분류(15049720)"
853224,85,"제85류 전기기기와 그 부분품, 녹음기ㆍ음성 재생기ㆍ텔레비전의 영상과 음성의 기록기ㆍ재생기와 이들의 부분품ㆍ부속품",,전기전자,approximate,B,제85류 전기기기·음향영상기기. KICOX '전기전자'가 중심이나 일부 부품이 다른 업종과 겹친다,34900101,(기타 IT부품),2026,"관세청_HS부호(공공데이터포털 15049722, 2026-01-01 기준) + 관세청_HSK별 신성질별_성질별 분류(15049720)"
853225,85,"제85류 전기기기와 그 부분품, 녹음기ㆍ음성 재생기ㆍ텔레비전의 영상과 음성의 기록기ㆍ재생기와 이들의 부분품ㆍ부속품",,전기전자,approximate,B,제85류 전기기기·음향영상기기. KICOX '전기전자'가 중심이나 일부 부품이 다른 업종과 겹친다,34900101,(기타 IT부품),2026,"관세청_HS부호(공공데이터포털 15049722, 2026-01-01 기준) + 관세청_HSK별 신성질별_성질별 분류(15049720)"
853229,85,"제85류 전기기기와 그 부분품, 녹음기ㆍ음성 재생기ㆍ텔레비전의 영상과 음성의 기록기ㆍ재생기와 이들의 부분품ㆍ부속품",,전기전자,approximate,B,제85류 전기기기·음향영상기기. KICOX '전기전자'가 중심이나 일부 부품이 다른 업종과 겹친다,34900101,(기타 IT부품),2026,"관세청_HS부호(공공데이터포털 15049722, 2026-01-01 기준) + 관세청_HSK별 신성질별_성질별 분류(15049720)"
853230,85,"제85류 전기기기와 그 부분품, 녹음기ㆍ음성 재생기ㆍ텔레비전의 영상과 음성의 기록기ㆍ재생기와 이들의 부분품ㆍ부속품",,전기전자,approximate,B,제85류 전기기기·음향영상기기. KICOX '전기전자'가 중심이나 일부 부품이 다른 업종과 겹친다,34900101,(기타 IT부품),2026,"관세청_HS부호(공공데이터포털 15049722, 2026-01-01 기준) + 관세청_HSK별 신성질별_성질별 분류(15049720)"
853290,85,"제85류 전기기기와 그 부분품, 녹음기ㆍ음성 재생기ㆍ텔레비전의 영상과 음성의 기록기ㆍ재생기와 이들의 부분품ㆍ부속품",부분품,전기전자,approximate,B,제85류 전기기기·음향영상기기. KICOX '전기전자'가 중심이나 일부 부품이 다른 업종과 겹친다,34900101,(기타 IT부품),2026,"관세청_HS부호(공공데이터포털 15049722, 2026-01-01 기준) + 관세청_HSK별 신성질별_성질별 분류(15049720)"
853310,85,"제85류 전기기기와 그 부분품, 녹음기ㆍ음성 재생기ㆍ텔레비전의 영상과 음성의 기록기ㆍ재생기와 이들의 부분품ㆍ부속품",,전기전자,approximate,B,제85류 전기기기·음향영상기기. KICOX '전기전자'가 중심이나 일부 부품이 다른 업종과 겹친다,34900101,(기타 IT부품),2026,"관세청_HS부호(공공데이터포털 15049722, 2026-01-01 기준) + 관세청_HSK별 신성질별_성질별 분류(15049720)"
853321,85,"제85류 전기기기와 그 부분품, 녹음기ㆍ음성 재생기ㆍ텔레비전의 영상과 음성의 기록기ㆍ재생기와 이들의 부분품ㆍ부속품",용량이 20와트 이하인 것,전기전자,approximate,B,제85류 전기기기·음향영상기기. KICOX '전기전자'가 중심이나 일부 부품이 다른 업종과 겹친다,34900101,(기타 IT부품),2026,"관세청_HS부호(공공데이터포털 15049722, 2026-01-01 기준) + 관세청_HSK별 신성질별_성질별 분류(15049720)"
853329,85,"제85류 전기기기와 그 부분품, 녹음기ㆍ음성 재생기ㆍ텔레비전의 영상과 음성의 기록기ㆍ재생기와 이들의 부분품ㆍ부속품",기타,전기전자,approximate,B,제85류 전기기기·음향영상기기. KICOX '전기전자'가 중심이나 일부 부품이 다른 업종과 겹친다,34900101,(기타 IT부품),2026,"관세청_HS부호(공공데이터포털 15049722, 2026-01-01 기준) + 관세청_HSK별 신성질별_성질별 분류(15049720)"
853331,85,"제85류 전기기기와 그 부분품, 녹음기ㆍ음성 재생기ㆍ텔레비전의 영상과 음성의 기록기ㆍ재생기와 이들의 부분품ㆍ부속품",,전기전자,approximate,B,제85류 전기기기·음향영상기기. KICOX '전기전자'가 중심이나 일부 부품이 다른 업종과 겹친다,34900101,(기타 IT부품),2026,"관세청_HS부호(공공데이터포털 15049722, 2026-01-01 기준) + 관세청_HSK별 신성질별_성질별 분류(15049720)"
853339,85,"제85류 전기기기와 그 부분품, 녹음기ㆍ음성 재생기ㆍ텔레비전의 영상과 음성의 기록기ㆍ재생기와 이들의 부분품ㆍ부속품",,전기전자,approximate,B,제85류 전기기기·음향영상기기. KICOX '전기전자'가 중심이나 일부 부품이 다른 업종과 겹친다,34900101,(기타 IT부품),2026,"관세청_HS부호(공공데이터포털 15049722, 2026-01-01 기준) + 관세청_HSK별 신성질별_성질별 분류(15049720)"
853340,85,"제85류 전기기기와 그 부분품, 녹음기ㆍ음성 재생기ㆍ텔레비전의 영상과 음성의 기록기ㆍ재생기와 이들의 부분품ㆍ부속품",그 밖의 가변저항기[가감저항기(rheostat)와 전위차계(potentiometer)를 포함한다],전기전자,approximate,B,제85류 전기기기·음향영상기기. KICOX '전기전자'가 중심이나 일부 부품이 다른 업종과 겹친다,34900101,(기타 IT부품),2026,"관세청_HS부호(공공데이터포털 15049722, 2026-01-01 기준) + 관세청_HSK별 신성질별_성질별 분류(15049720)"
853390,85,"제85류 전기기기와 그 부분품, 녹음기ㆍ음성 재생기ㆍ텔레비전의 영상과 음성의 기록기ㆍ재생기와 이들의 부분품ㆍ부속품",부분품,전기전자,approximate,B,제85류 전기기기·음향영상기기. KICOX '전기전자'가 중심이나 일부 부품이 다른 업종과 겹친다,34900101,(기타 IT부품),2026,"관세청_HS부호(공공데이터포털 15049722, 2026-01-01 기준) + 관세청_HSK별 신성질별_성질별 분류(15049720)"
853400,85,"제85류 전기기기와 그 부분품, 녹음기ㆍ음성 재생기ㆍ텔레비전의 영상과 음성의 기록기ㆍ재생기와 이들의 부분품ㆍ부속품",인쇄회로,전기전자,approximate,B,제85류 전기기기·음향영상기기. KICOX '전기전자'가 중심이나 일부 부품이 다른 업종과 겹친다,34900101,(기타 IT부품),2026,"관세청_HS부호(공공데이터포털 15049722, 2026-01-01 기준) + 관세청_HSK별 신성질별_성질별 분류(15049720)"
853510,85,"제85류 전기기기와 그 부분품, 녹음기ㆍ음성 재생기ㆍ텔레비전의 영상과 음성의 기록기ㆍ재생기와 이들의 부분품ㆍ부속품",,전기전자,approximate,B,제85류 전기기기·음향영상기기. KICOX '전기전자'가 중심이나 일부 부품이 다른 업종과 겹친다,34900101,(기타 IT부품),2026,"관세청_HS부호(공공데이터포털 15049722, 2026-01-01 기준) + 관세청_HSK별 신성질별_성질별 분류(15049720)"
853521,85,"제85류 전기기기와 그 부분품, 녹음기ㆍ음성 재생기ㆍ텔레비전의 영상과 음성의 기록기ㆍ재생기와 이들의 부분품ㆍ부속품",전압이 72.5킬로볼트 미만인 것,전기전자,approximate,B,제85류 전기기기·음향영상기기. KICOX '전기전자'가 중심이나 일부 부품이 다른 업종과 겹친다,32040501,(차단기),2026,"관세청_HS부호(공공데이터포털 15049722, 2026-01-01 기준) + 관세청_HSK별 신성질별_성질별 분류(15049720)"
853529,85,"제85류 전기기기와 그 부분품, 녹음기ㆍ음성 재생기ㆍ텔레비전의 영상과 음성의 기록기ㆍ재생기와 이들의 부분품ㆍ부속품",기타,전기전자,approximate,B,제85류 전기기기·음향영상기기. KICOX '전기전자'가 중심이나 일부 부품이 다른 업종과 겹친다,32040501,(차단기),2026,"관세청_HS부호(공공데이터포털 15049722, 2026-01-01 기준) + 관세청_HSK별 신성질별_성질별 분류(15049720)"
853530,85,"제85류 전기기기와 그 부분품, 녹음기ㆍ음성 재생기ㆍ텔레비전의 영상과 음성의 기록기ㆍ재생기와 이들의 부분품ㆍ부속품",격리용 개폐기와 회로단속용 개폐기,전기전자,approximate,B,제85류 전기기기·음향영상기기. KICOX '전기전자'가 중심이나 일부 부품이 다른 업종과 겹친다,34900101,(기타 IT부품),2026,"관세청_HS부호(공공데이터포털 15049722, 2026-01-01 기준) + 관세청_HSK별 신성질별_성질별 분류(15049720)"
853540,85,"제85류 전기기기와 그 부분품, 녹음기ㆍ음성 재생기ㆍ텔레비전의 영상과 음성의 기록기ㆍ재생기와 이들의 부분품ㆍ부속품",,전기전자,approximate,B,제85류 전기기기·음향영상기기. KICOX '전기전자'가 중심이나 일부 부품이 다른 업종과 겹친다,32040302,(안정기),2026,"관세청_HS부호(공공데이터포털 15049722, 2026-01-01 기준) + 관세청_HSK별 신성질별_성질별 분류(15049720)"
853590,85,"제85류 전기기기와 그 부분품, 녹음기ㆍ음성 재생기ㆍ텔레비전의 영상과 음성의 기록기ㆍ재생기와 이들의 부분품ㆍ부속품",기타,전기전자,approximate,B,제85류 전기기기·음향영상기기. KICOX '전기전자'가 중심이나 일부 부품이 다른 업종과 겹친다,34900101,(기타 IT부품),2026,"관세청_HS부호(공공데이터포털 15049722, 2026-01-01 기준) + 관세청_HSK별 신성질별_성질별 분류(15049720)"
853610,85,"제85류 전기기기와 그 부분품, 녹음기ㆍ음성 재생기ㆍ텔레비전의 영상과 음성의 기록기ㆍ재생기와 이들의 부분품ㆍ부속품",퓨즈,전기전자,approximate,B,제85류 전기기기·음향영상기기. KICOX '전기전자'가 중심이나 일부 부품이 다른 업종과 겹친다,34900101,(기타 IT부품),2026,"관세청_HS부호(공공데이터포털 15049722, 2026-01-01 기준) + 관세청_HSK별 신성질별_성질별 분류(15049720)"
853620,85,"제85류 전기기기와 그 부분품, 녹음기ㆍ음성 재생기ㆍ텔레비전의 영상과 음성의 기록기ㆍ재생기와 이들의 부분품ㆍ부속품",,전기전자,approximate,B,제85류 전기기기·음향영상기기. KICOX '전기전자'가 중심이나 일부 부품이 다른 업종과 겹친다,32040501,(차단기),2026,"관세청_HS부호(공공데이터포털 15049722, 2026-01-01 기준) + 관세청_HSK별 신성질별_성질별 분류(15049720)"
853630,85,"제85류 전기기기와 그 부분품, 녹음기ㆍ음성 재생기ㆍ텔레비전의 영상과 음성의 기록기ㆍ재생기와 이들의 부분품ㆍ부속품",,전기전자,approximate,B,제85류 전기기기·음향영상기기. KICOX '전기전자'가 중심이나 일부 부품이 다른 업종과 겹친다,32040501,(차단기),2026,"관세청_HS부호(공공데이터포털 15049722, 2026-01-01 기준) + 관세청_HSK별 신성질별_성질별 분류(15049720)"
853641,85,"제85류 전기기기와 그 부분품, 녹음기ㆍ음성 재생기ㆍ텔레비전의 영상과 음성의 기록기ㆍ재생기와 이들의 부분품ㆍ부속품",,전기전자,approximate,B,제85류 전기기기·음향영상기기. KICOX '전기전자'가 중심이나 일부 부품이 다른 업종과 겹친다,34900101,(기타 IT부품),2026,"관세청_HS부호(공공데이터포털 15049722, 2026-01-01 기준) + 관세청_HSK별 신성질별_성질별 분류(15049720)"
853649,85,"제85류 전기기기와 그 부분품, 녹음기ㆍ음성 재생기ㆍ텔레비전의 영상과 음성의 기록기ㆍ재생기와 이들의 부분품ㆍ부속품",,전기전자,approximate,B,제85류 전기기기·음향영상기기. KICOX '전기전자'가 중심이나 일부 부품이 다른 업종과 겹친다,34900101,(기타 IT부품),2026,"관세청_HS부호(공공데이터포털 15049722, 2026-01-01 기준) + 관세청_HSK별 신성질별_성질별 분류(15049720)"
853650,85,"제85류 전기기기와 그 부분품, 녹음기ㆍ음성 재생기ㆍ텔레비전의 영상과 음성의 기록기ㆍ재생기와 이들의 부분품ㆍ부속품",그 밖의 개폐기,전기전자,approximate,B,제85류 전기기기·음향영상기기. KICOX '전기전자'가 중심이나 일부 부품이 다른 업종과 겹친다,34900101,(기타 IT부품),2026,"관세청_HS부호(공공데이터포털 15049722, 2026-01-01 기준) + 관세청_HSK별 신성질별_성질별 분류(15049720)"
853661,85,"제85류 전기기기와 그 부분품, 녹음기ㆍ음성 재생기ㆍ텔레비전의 영상과 음성의 기록기ㆍ재생기와 이들의 부분품ㆍ부속품",,전기전자,approximate,B,제85류 전기기기·음향영상기기. KICOX '전기전자'가 중심이나 일부 부품이 다른 업종과 겹친다,34900101,(기타 IT부품),2026,"관세청_HS부호(공공데이터포털 15049722, 2026-01-01 기준) + 관세청_HSK별 신성질별_성질별 분류(15049720)"
853669,85,"제85류 전기기기와 그 부분품, 녹음기ㆍ음성 재생기ㆍ텔레비전의 영상과 음성의 기록기ㆍ재생기와 이들의 부분품ㆍ부속품",기타,전기전자,approximate,B,제85류 전기기기·음향영상기기. KICOX '전기전자'가 중심이나 일부 부품이 다른 업종과 겹친다,34900101,(기타 IT부품),2026,"관세청_HS부호(공공데이터포털 15049722, 2026-01-01 기준) + 관세청_HSK별 신성질별_성질별 분류(15049720)"
853670,85,"제85류 전기기기와 그 부분품, 녹음기ㆍ음성 재생기ㆍ텔레비전의 영상과 음성의 기록기ㆍ재생기와 이들의 부분품ㆍ부속품",광섬유용ㆍ광섬유 다발용ㆍ케이블용 커넥터,전기전자,approximate,B,제85류 전기기기·음향영상기기. KICOX '전기전자'가 중심이나 일부 부품이 다른 업종과 겹친다,34900101,(기타 IT부품),2026,"관세청_HS부호(공공데이터포털 15049722, 2026-01-01 기준) + 관세청_HSK별 신성질별_성질별 분류(15049720)"
853690,85,"제85류 전기기기와 그 부분품, 녹음기ㆍ음성 재생기ㆍ텔레비전의 영상과 음성의 기록기ㆍ재생기와 이들의 부분품ㆍ부속품",그 밖의 기기,전기전자,approximate,B,제85류 전기기기·음향영상기기. KICOX '전기전자'가 중심이나 일부 부품이 다른 업종과 겹친다,34900101,(기타 IT부품),2026,"관세청_HS부호(공공데이터포털 15049722, 2026-01-01 기준) + 관세청_HSK별 신성질별_성질별 분류(15049720)"
853710,85,"제85류 전기기기와 그 부분품, 녹음기ㆍ음성 재생기ㆍ텔레비전의 영상과 음성의 기록기ㆍ재생기와 이들의 부분품ㆍ부속품","전압이 1,000볼트 이하인 것",전기전자,approximate,B,제85류 전기기기·음향영상기기. KICOX '전기전자'가 중심이나 일부 부품이 다른 업종과 겹친다,32040504,(기타 전기공급 및 제어장치),2026,"관세청_HS부호(공공데이터포털 15049722, 2026-01-01 기준) + 관세청_HSK별 신성질별_성질별 분류(15049720)"
853720,85,"제85류 전기기기와 그 부분품, 녹음기ㆍ음성 재생기ㆍ텔레비전의 영상과 음성의 기록기ㆍ재생기와 이들의 부분품ㆍ부속품","전압이 1,000볼트를 초과하는 것",전기전자,approximate,B,제85류 전기기기·음향영상기기. KICOX '전기전자'가 중심이나 일부 부품이 다른 업종과 겹친다,32040502,(배전반),2026,"관세청_HS부호(공공데이터포털 15049722, 2026-01-01 기준) + 관세청_HSK별 신성질별_성질별 분류(15049720)"
853810,85,"제85류 전기기기와 그 부분품, 녹음기ㆍ음성 재생기ㆍ텔레비전의 영상과 음성의 기록기ㆍ재생기와 이들의 부분품ㆍ부속품",,전기전자,approximate,B,제85류 전기기기·음향영상기기. KICOX '전기전자'가 중심이나 일부 부품이 다른 업종과 겹친다,32040505,(전기공급 및 제어장치 부품),2026,"관세청_HS부호(공공데이터포털 15049722, 2026-01-01 기준) + 관세청_HSK별 신성질별_성질별 분류(15049720)"
853890,85,"제85류 전기기기와 그 부분품, 녹음기ㆍ음성 재생기ㆍ텔레비전의 영상과 음성의 기록기ㆍ재생기와 이들의 부분품ㆍ부속품",기타,전기전자,approximate,B,제85류 전기기기·음향영상기기. KICOX '전기전자'가 중심이나 일부 부품이 다른 업종과 겹친다,34900101,(기타 IT부품),2026,"관세청_HS부호(공공데이터포털 15049722, 2026-01-01 기준) + 관세청_HSK별 신성질별_성질별 분류(15049720)"
853910,85,"제85류 전기기기와 그 부분품, 녹음기ㆍ음성 재생기ㆍ텔레비전의 영상과 음성의 기록기ㆍ재생기와 이들의 부분품ㆍ부속품",,전기전자,approximate,B,제85류 전기기기·음향영상기기. KICOX '전기전자'가 중심이나 일부 부품이 다른 업종과 겹친다,32040990,(기타 조명장치),2026,"관세청_HS부호(공공데이터포털 15049722, 2026-01-01 기준) + 관세청_HSK별 신성질별_성질별 분류(15049720)"
853921,85,"제85류 전기기기와 그 부분품, 녹음기ㆍ음성 재생기ㆍ텔레비전의 영상과 음성의 기록기ㆍ재생기와 이들의 부분품ㆍ부속품",,전기전자,approximate,B,제85류 전기기기·음향영상기기. KICOX '전기전자'가 중심이나 일부 부품이 다른 업종과 겹친다,32040990,(기타 조명장치),2026,"관세청_HS부호(공공데이터포털 15049722, 2026-01-01 기준) + 관세청_HSK별 신성질별_성질별 분류(15049720)"
853922,85,"제85류 전기기기와 그 부분품, 녹음기ㆍ음성 재생기ㆍ텔레비전의 영상과 음성의 기록기ㆍ재생기와 이들의 부분품ㆍ부속품",기타(전력이 200와트 이하 전압이 100볼트를 초과하는 것으로 한정한다),전기전자,approximate,B,제85류 전기기기·음향영상기기. KICOX '전기전자'가 중심이나 일부 부품이 다른 업종과 겹친다,32040990,(기타 조명장치),2026,"관세청_HS부호(공공데이터포털 15049722, 2026-01-01 기준) + 관세청_HSK별 신성질별_성질별 분류(15049720)"
853929,85,"제85류 전기기기와 그 부분품, 녹음기ㆍ음성 재생기ㆍ텔레비전의 영상과 음성의 기록기ㆍ재생기와 이들의 부분품ㆍ부속품",,전기전자,approximate,B,제85류 전기기기·음향영상기기. KICOX '전기전자'가 중심이나 일부 부품이 다른 업종과 겹친다,32040990,(기타 조명장치),2026,"관세청_HS부호(공공데이터포털 15049722, 2026-01-01 기준) + 관세청_HSK별 신성질별_성질별 분류(15049720)"
853931,85,"제85류 전기기기와 그 부분품, 녹음기ㆍ음성 재생기ㆍ텔레비전의 영상과 음성의 기록기ㆍ재생기와 이들의 부분품ㆍ부속품",,전기전자,approximate,B,제85류 전기기기·음향영상기기. KICOX '전기전자'가 중심이나 일부 부품이 다른 업종과 겹친다,32040990,(기타 조명장치),2026,"관세청_HS부호(공공데이터포털 15049722, 2026-01-01 기준) + 관세청_HSK별 신성질별_성질별 분류(15049720)"
853932,85,"제85류 전기기기와 그 부분품, 녹음기ㆍ음성 재생기ㆍ텔레비전의 영상과 음성의 기록기ㆍ재생기와 이들의 부분품ㆍ부속품","수은램프나 나트륨증기 램프, 메탈 할라이드(metal halide) 램프",전기전자,approximate,B,제85류 전기기기·음향영상기기. KICOX '전기전자'가 중심이나 일부 부품이 다른 업종과 겹친다,32040990,(기타 조명장치),2026,"관세청_HS부호(공공데이터포털 15049722, 2026-01-01 기준) + 관세청_HSK별 신성질별_성질별 분류(15049720)"
853939,85,"제85류 전기기기와 그 부분품, 녹음기ㆍ음성 재생기ㆍ텔레비전의 영상과 음성의 기록기ㆍ재생기와 이들의 부분품ㆍ부속품",기타,전기전자,approximate,B,제85류 전기기기·음향영상기기. KICOX '전기전자'가 중심이나 일부 부품이 다른 업종과 겹친다,,,2026,"관세청_HS부호(공공데이터포털 15049722, 2026-01-01 기준) + 관세청_HSK별 신성질별_성질별 분류(15049720)"
853941,85,"제85류 전기기기와 그 부분품, 녹음기ㆍ음성 재생기ㆍ텔레비전의 영상과 음성의 기록기ㆍ재생기와 이들의 부분품ㆍ부속품",,전기전자,approximate,B,제85류 전기기기·음향영상기기. KICOX '전기전자'가 중심이나 일부 부품이 다른 업종과 겹친다,32040990,(기타 조명장치),2026,"관세청_HS부호(공공데이터포털 15049722, 2026-01-01 기준) + 관세청_HSK별 신성질별_성질별 분류(15049720)"
853949,85,"제85류 전기기기와 그 부분품, 녹음기ㆍ음성 재생기ㆍ텔레비전의 영상과 음성의 기록기ㆍ재생기와 이들의 부분품ㆍ부속품",기타,전기전자,approximate,B,제85류 전기기기·음향영상기기. KICOX '전기전자'가 중심이나 일부 부품이 다른 업종과 겹친다,,,2026,"관세청_HS부호(공공데이터포털 15049722, 2026-01-01 기준) + 관세청_HSK별 신성질별_성질별 분류(15049720)"
853951,85,"제85류 전기기기와 그 부분품, 녹음기ㆍ음성 재생기ㆍ텔레비전의 영상과 음성의 기록기ㆍ재생기와 이들의 부분품ㆍ부속품",,전기전자,approximate,B,제85류 전기기기·음향영상기기. KICOX '전기전자'가 중심이나 일부 부품이 다른 업종과 겹친다,32040901,(발광다이오드(LED) 장치),2026,"관세청_HS부호(공공데이터포털 15049722, 2026-01-01 기준) + 관세청_HSK별 신성질별_성질별 분류(15049720)"
853952,85,"제85류 전기기기와 그 부분품, 녹음기ㆍ음성 재생기ㆍ텔레비전의 영상과 음성의 기록기ㆍ재생기와 이들의 부분품ㆍ부속품",,전기전자,approximate,B,제85류 전기기기·음향영상기기. KICOX '전기전자'가 중심이나 일부 부품이 다른 업종과 겹친다,32040901,(발광다이오드(LED) 장치),2026,"관세청_HS부호(공공데이터포털 15049722, 2026-01-01 기준) + 관세청_HSK별 신성질별_성질별 분류(15049720)"
853990,85,"제85류 전기기기와 그 부분품, 녹음기ㆍ음성 재생기ㆍ텔레비전의 영상과 음성의 기록기ㆍ재생기와 이들의 부분품ㆍ부속품",부분품,전기전자,approximate,B,제85류 전기기기·음향영상기기. KICOX '전기전자'가 중심이나 일부 부품이 다른 업종과 겹친다,32040902,(조명장치 부품),2026,"관세청_HS부호(공공데이터포털 15049722, 2026-01-01 기준) + 관세청_HSK별 신성질별_성질별 분류(15049720)"
854011,85,"제85류 전기기기와 그 부분품, 녹음기ㆍ음성 재생기ㆍ텔레비전의 영상과 음성의 기록기ㆍ재생기와 이들의 부분품ㆍ부속품",,전기전자,approximate,B,제85류 전기기기·음향영상기기. KICOX '전기전자'가 중심이나 일부 부품이 다른 업종과 겹친다,34900101,(기타 IT부품),2026,"관세청_HS부호(공공데이터포털 15049722, 2026-01-01 기준) + 관세청_HSK별 신성질별_성질별 분류(15049720)"
854012,85,"제85류 전기기기와 그 부분품, 녹음기ㆍ음성 재생기ㆍ텔레비전의 영상과 음성의 기록기ㆍ재생기와 이들의 부분품ㆍ부속품",,전기전자,approximate,B,제85류 전기기기·음향영상기기. KICOX '전기전자'가 중심이나 일부 부품이 다른 업종과 겹친다,34900101,(기타 IT부품),2026,"관세청_HS부호(공공데이터포털 15049722, 2026-01-01 기준) + 관세청_HSK별 신성질별_성질별 분류(15049720)"
854020,85,"제85류 전기기기와 그 부분품, 녹음기ㆍ음성 재생기ㆍ텔레비전의 영상과 음성의 기록기ㆍ재생기와 이들의 부분품ㆍ부속품",,전기전자,approximate,B,제85류 전기기기·음향영상기기. KICOX '전기전자'가 중심이나 일부 부품이 다른 업종과 겹친다,34900101,(기타 IT부품),2026,"관세청_HS부호(공공데이터포털 15049722, 2026-01-01 기준) + 관세청_HSK별 신성질별_성질별 분류(15049720)"
854040,85,"제85류 전기기기와 그 부분품, 녹음기ㆍ음성 재생기ㆍ텔레비전의 영상과 음성의 기록기ㆍ재생기와 이들의 부분품ㆍ부속품",,전기전자,approximate,B,제85류 전기기기·음향영상기기. KICOX '전기전자'가 중심이나 일부 부품이 다른 업종과 겹친다,34900101,(기타 IT부품),2026,"관세청_HS부호(공공데이터포털 15049722, 2026-01-01 기준) + 관세청_HSK별 신성질별_성질별 분류(15049720)"
854060,85,"제85류 전기기기와 그 부분품, 녹음기ㆍ음성 재생기ㆍ텔레비전의 영상과 음성의 기록기ㆍ재생기와 이들의 부분품ㆍ부속품",그 밖의 음극선관,전기전자,approximate,B,제85류 전기기기·음향영상기기. KICOX '전기전자'가 중심이나 일부 부품이 다른 업종과 겹친다,34900101,(기타 IT부품),2026,"관세청_HS부호(공공데이터포털 15049722, 2026-01-01 기준) + 관세청_HSK별 신성질별_성질별 분류(15049720)"
854071,85,"제85류 전기기기와 그 부분품, 녹음기ㆍ음성 재생기ㆍ텔레비전의 영상과 음성의 기록기ㆍ재생기와 이들의 부분품ㆍ부속품",,전기전자,approximate,B,제85류 전기기기·음향영상기기. KICOX '전기전자'가 중심이나 일부 부품이 다른 업종과 겹친다,34900101,(기타 IT부품),2026,"관세청_HS부호(공공데이터포털 15049722, 2026-01-01 기준) + 관세청_HSK별 신성질별_성질별 분류(15049720)"
854079,85,"제85류 전기기기와 그 부분품, 녹음기ㆍ음성 재생기ㆍ텔레비전의 영상과 음성의 기록기ㆍ재생기와 이들의 부분품ㆍ부속품",기타,전기전자,approximate,B,제85류 전기기기·음향영상기기. KICOX '전기전자'가 중심이나 일부 부품이 다른 업종과 겹친다,34900101,(기타 IT부품),2026,"관세청_HS부호(공공데이터포털 15049722, 2026-01-01 기준) + 관세청_HSK별 신성질별_성질별 분류(15049720)"
854081,85,"제85류 전기기기와 그 부분품, 녹음기ㆍ음성 재생기ㆍ텔레비전의 영상과 음성의 기록기ㆍ재생기와 이들의 부분품ㆍ부속품",,전기전자,approximate,B,제85류 전기기기·음향영상기기. KICOX '전기전자'가 중심이나 일부 부품이 다른 업종과 겹친다,34900101,(기타 IT부품),2026,"관세청_HS부호(공공데이터포털 15049722, 2026-01-01 기준) + 관세청_HSK별 신성질별_성질별 분류(15049720)"
854089,85,"제85류 전기기기와 그 부분품, 녹음기ㆍ음성 재생기ㆍ텔레비전의 영상과 음성의 기록기ㆍ재생기와 이들의 부분품ㆍ부속품",기타,전기전자,approximate,B,제85류 전기기기·음향영상기기. KICOX '전기전자'가 중심이나 일부 부품이 다른 업종과 겹친다,34900101,(기타 IT부품),2026,"관세청_HS부호(공공데이터포털 15049722, 2026-01-01 기준) + 관세청_HSK별 신성질별_성질별 분류(15049720)"
854091,85,"제85류 전기기기와 그 부분품, 녹음기ㆍ음성 재생기ㆍ텔레비전의 영상과 음성의 기록기ㆍ재생기와 이들의 부분품ㆍ부속품",,전기전자,approximate,B,제85류 전기기기·음향영상기기. KICOX '전기전자'가 중심이나 일부 부품이 다른 업종과 겹친다,34900101,(기타 IT부품),2026,"관세청_HS부호(공공데이터포털 15049722, 2026-01-01 기준) + 관세청_HSK별 신성질별_성질별 분류(15049720)"
854099,85,"제85류 전기기기와 그 부분품, 녹음기ㆍ음성 재생기ㆍ텔레비전의 영상과 음성의 기록기ㆍ재생기와 이들의 부분품ㆍ부속품",,전기전자,approximate,B,제85류 전기기기·음향영상기기. KICOX '전기전자'가 중심이나 일부 부품이 다른 업종과 겹친다,34900101,(기타 IT부품),2026,"관세청_HS부호(공공데이터포털 15049722, 2026-01-01 기준) + 관세청_HSK별 신성질별_성질별 분류(15049720)"
854110,85,"제85류 전기기기와 그 부분품, 녹음기ㆍ음성 재생기ㆍ텔레비전의 영상과 음성의 기록기ㆍ재생기와 이들의 부분품ㆍ부속품",다이오드(감광성 다이오드나 발광다이오드는 제외한다),전기전자,approximate,B,제85류 전기기기·음향영상기기. KICOX '전기전자'가 중심이나 일부 부품이 다른 업종과 겹친다,34010201,(다이오드),2026,"관세청_HS부호(공공데이터포털 15049722, 2026-01-01 기준) + 관세청_HSK별 신성질별_성질별 분류(15049720)"
854121,85,"제85류 전기기기와 그 부분품, 녹음기ㆍ음성 재생기ㆍ텔레비전의 영상과 음성의 기록기ㆍ재생기와 이들의 부분품ㆍ부속품",전력 낭비율이 1와트 미만인 것,전기전자,approximate,B,제85류 전기기기·음향영상기기. KICOX '전기전자'가 중심이나 일부 부품이 다른 업종과 겹친다,34010202,(트랜지스터),2026,"관세청_HS부호(공공데이터포털 15049722, 2026-01-01 기준) + 관세청_HSK별 신성질별_성질별 분류(15049720)"
854129,85,"제85류 전기기기와 그 부분품, 녹음기ㆍ음성 재생기ㆍ텔레비전의 영상과 음성의 기록기ㆍ재생기와 이들의 부분품ㆍ부속품",기타,전기전자,approximate,B,제85류 전기기기·음향영상기기. KICOX '전기전자'가 중심이나 일부 부품이 다른 업종과 겹친다,34010202,(트랜지스터),2026,"관세청_HS부호(공공데이터포털 15049722, 2026-01-01 기준) + 관세청_HSK별 신성질별_성질별 분류(15049720)"
854130,85,"제85류 전기기기와 그 부분품, 녹음기ㆍ음성 재생기ㆍ텔레비전의 영상과 음성의 기록기ㆍ재생기와 이들의 부분품ㆍ부속품","사이리스터(thyristor), 다이액(diac), 트라이액(triac)(감광성 디바이스는 제외한다)",전기전자,approximate,B,제85류 전기기기·음향영상기기. KICOX '전기전자'가 중심이나 일부 부품이 다른 업종과 겹친다,34010290,(기타 개별소자반도체),2026,"관세청_HS부호(공공데이터포털 15049722, 2026-01-01 기준) + 관세청_HSK별 신성질별_성질별 분류(15049720)"
854141,85,"제85류 전기기기와 그 부분품, 녹음기ㆍ음성 재생기ㆍ텔레비전의 영상과 음성의 기록기ㆍ재생기와 이들의 부분품ㆍ부속품",발광다이오드(엘이디),전기전자,approximate,B,제85류 전기기기·음향영상기기. KICOX '전기전자'가 중심이나 일부 부품이 다른 업종과 겹친다,34010203,(발광다이오드(LED)),2026,"관세청_HS부호(공공데이터포털 15049722, 2026-01-01 기준) + 관세청_HSK별 신성질별_성질별 분류(15049720)"
854142,85,"제85류 전기기기와 그 부분품, 녹음기ㆍ음성 재생기ㆍ텔레비전의 영상과 음성의 기록기ㆍ재생기와 이들의 부분품ㆍ부속품",,전기전자,approximate,B,제85류 전기기기·음향영상기기. KICOX '전기전자'가 중심이나 일부 부품이 다른 업종과 겹친다,34010290,(기타 개별소자반도체),2026,"관세청_HS부호(공공데이터포털 15049722, 2026-01-01 기준) + 관세청_HSK별 신성질별_성질별 분류(15049720)"
854143,85,"제85류 전기기기와 그 부분품, 녹음기ㆍ음성 재생기ㆍ텔레비전의 영상과 음성의 기록기ㆍ재생기와 이들의 부분품ㆍ부속품",,전기전자,approximate,B,제85류 전기기기·음향영상기기. KICOX '전기전자'가 중심이나 일부 부품이 다른 업종과 겹친다,34010290,(기타 개별소자반도체),2026,"관세청_HS부호(공공데이터포털 15049722, 2026-01-01 기준) + 관세청_HSK별 신성질별_성질별 분류(15049720)"
854149,85,"제85류 전기기기와 그 부분품, 녹음기ㆍ음성 재생기ㆍ텔레비전의 영상과 음성의 기록기ㆍ재생기와 이들의 부분품ㆍ부속품",기타,전기전자,approximate,B,제85류 전기기기·음향영상기기. KICOX '전기전자'가 중심이나 일부 부품이 다른 업종과 겹친다,34010290,(기타 개별소자반도체),2026,"관세청_HS부호(공공데이터포털 15049722, 2026-01-01 기준) + 관세청_HSK별 신성질별_성질별 분류(15049720)"
854151,85,"제85류 전기기기와 그 부분품, 녹음기ㆍ음성 재생기ㆍ텔레비전의 영상과 음성의 기록기ㆍ재생기와 이들의 부분품ㆍ부속품",반도체 기반 트랜스듀서,전기전자,approximate,B,제85류 전기기기·음향영상기기. KICOX '전기전자'가 중심이나 일부 부품이 다른 업종과 겹친다,34010290,(기타 개별소자반도체),2026,"관세청_HS부호(공공데이터포털 15049722, 2026-01-01 기준) + 관세청_HSK별 신성질별_성질별 분류(15049720)"
854159,85,"제85류 전기기기와 그 부분품, 녹음기ㆍ음성 재생기ㆍ텔레비전의 영상과 음성의 기록기ㆍ재생기와 이들의 부분품ㆍ부속품",기타,전기전자,approximate,B,제85류 전기기기·음향영상기기. KICOX '전기전자'가 중심이나 일부 부품이 다른 업종과 겹친다,34010290,(기타 개별소자반도체),2026,"관세청_HS부호(공공데이터포털 15049722, 2026-01-01 기준) + 관세청_HSK별 신성질별_성질별 분류(15049720)"
854160,85,"제85류 전기기기와 그 부분품, 녹음기ㆍ음성 재생기ㆍ텔레비전의 영상과 음성의 기록기ㆍ재생기와 이들의 부분품ㆍ부속품",장착된 압전기 결정소자,전기전자,approximate,B,제85류 전기기기·음향영상기기. KICOX '전기전자'가 중심이나 일부 부품이 다른 업종과 겹친다,34010290,(기타 개별소자반도체),2026,"관세청_HS부호(공공데이터포털 15049722, 2026-01-01 기준) + 관세청_HSK별 신성질별_성질별 분류(15049720)"
854190,85,"제85류 전기기기와 그 부분품, 녹음기ㆍ음성 재생기ㆍ텔레비전의 영상과 음성의 기록기ㆍ재생기와 이들의 부분품ㆍ부속품",부분품,전기전자,approximate,B,제85류 전기기기·음향영상기기. KICOX '전기전자'가 중심이나 일부 부품이 다른 업종과 겹친다,34010204,(개별소자반도체 부품),2026,"관세청_HS부호(공공데이터포털 15049722, 2026-01-01 기준) + 관세청_HSK별 신성질별_성질별 분류(15049720)"
854231,85,"제85류 전기기기와 그 부분품, 녹음기ㆍ음성 재생기ㆍ텔레비전의 영상과 음성의 기록기ㆍ재생기와 이들의 부분품ㆍ부속품",프로세서와 컨트롤러[메모리ㆍ변환기ㆍ논리회로ㆍ증폭기ㆍ클록(clock)ㆍ타이밍(timing) 회로나 그 밖의 회로를 갖춘 것인지는 상관없다],전기전자,approximate,B,제85류 전기기기·음향영상기기. KICOX '전기전자'가 중심이나 일부 부품이 다른 업종과 겹친다,34010102,(시스템반도체),2026,"관세청_HS부호(공공데이터포털 15049722, 2026-01-01 기준) + 관세청_HSK별 신성질별_성질별 분류(15049720)"
854232,85,"제85류 전기기기와 그 부분품, 녹음기ㆍ음성 재생기ㆍ텔레비전의 영상과 음성의 기록기ㆍ재생기와 이들의 부분품ㆍ부속품",메모리,전기전자,approximate,B,제85류 전기기기·음향영상기기. KICOX '전기전자'가 중심이나 일부 부품이 다른 업종과 겹친다,,,2026,"관세청_HS부호(공공데이터포털 15049722, 2026-01-01 기준) + 관세청_HSK별 신성질별_성질별 분류(15049720)"
854233,85,"제85류 전기기기와 그 부분품, 녹음기ㆍ음성 재생기ㆍ텔레비전의 영상과 음성의 기록기ㆍ재생기와 이들의 부분품ㆍ부속품",증폭기,전기전자,approximate,B,제85류 전기기기·음향영상기기. KICOX '전기전자'가 중심이나 일부 부품이 다른 업종과 겹친다,34010102,(시스템반도체),2026,"관세청_HS부호(공공데이터포털 15049722, 2026-01-01 기준) + 관세청_HSK별 신성질별_성질별 분류(15049720)"
854239,85,"제85류 전기기기와 그 부분품, 녹음기ㆍ음성 재생기ㆍ텔레비전의 영상과 음성의 기록기ㆍ재생기와 이들의 부분품ㆍ부속품",기타,전기전자,approximate,B,제85류 전기기기·음향영상기기. KICOX '전기전자'가 중심이나 일부 부품이 다른 업종과 겹친다,34010190,(기타 집적회로반도체),2026,"관세청_HS부호(공공데이터포털 15049722, 2026-01-01 기준) + 관세청_HSK별 신성질별_성질별 분류(15049720)"
854290,85,"제85류 전기기기와 그 부분품, 녹음기ㆍ음성 재생기ㆍ텔레비전의 영상과 음성의 기록기ㆍ재생기와 이들의 부분품ㆍ부속품",,전기전자,approximate,B,제85류 전기기기·음향영상기기. KICOX '전기전자'가 중심이나 일부 부품이 다른 업종과 겹친다,34010103,(집적회로반도체 부품),2026,"관세청_HS부호(공공데이터포털 15049722, 2026-01-01 기준) + 관세청_HSK별 신성질별_성질별 분류(15049720)"
854310,85,"제85류 전기기기와 그 부분품, 녹음기ㆍ음성 재생기ㆍ텔레비전의 영상과 음성의 기록기ㆍ재생기와 이들의 부분품ㆍ부속품",,전기전자,approximate,B,제85류 전기기기·음향영상기기. KICOX '전기전자'가 중심이나 일부 부품이 다른 업종과 겹친다,32049001,(기타 전기기계),2026,"관세청_HS부호(공공데이터포털 15049722, 2026-01-01 기준) + 관세청_HSK별 신성질별_성질별 분류(15049720)"
854320,85,"제85류 전기기기와 그 부분품, 녹음기ㆍ음성 재생기ㆍ텔레비전의 영상과 음성의 기록기ㆍ재생기와 이들의 부분품ㆍ부속품",,전기전자,approximate,B,제85류 전기기기·음향영상기기. KICOX '전기전자'가 중심이나 일부 부품이 다른 업종과 겹친다,32049001,(기타 전기기계),2026,"관세청_HS부호(공공데이터포털 15049722, 2026-01-01 기준) + 관세청_HSK별 신성질별_성질별 분류(15049720)"
854330,85,"제85류 전기기기와 그 부분품, 녹음기ㆍ음성 재생기ㆍ텔레비전의 영상과 음성의 기록기ㆍ재생기와 이들의 부분품ㆍ부속품",전기도금용ㆍ전기분해용ㆍ전기영동(泳動)용 기기,전기전자,approximate,B,제85류 전기기기·음향영상기기. KICOX '전기전자'가 중심이나 일부 부품이 다른 업종과 겹친다,32049001,(기타 전기기계),2026,"관세청_HS부호(공공데이터포털 15049722, 2026-01-01 기준) + 관세청_HSK별 신성질별_성질별 분류(15049720)"
854340,85,"제85류 전기기기와 그 부분품, 녹음기ㆍ음성 재생기ㆍ텔레비전의 영상과 음성의 기록기ㆍ재생기와 이들의 부분품ㆍ부속품",전자담배와 이와 유사한 개인용 전기 기화장치,전기전자,approximate,B,제85류 전기기기·음향영상기기. KICOX '전기전자'가 중심이나 일부 부품이 다른 업종과 겹친다,11070101,(담배),2026,"관세청_HS부호(공공데이터포털 15049722, 2026-01-01 기준) + 관세청_HSK별 신성질별_성질별 분류(15049720)"
854370,85,"제85류 전기기기와 그 부분품, 녹음기ㆍ음성 재생기ㆍ텔레비전의 영상과 음성의 기록기ㆍ재생기와 이들의 부분품ㆍ부속품",그 밖의 기기,전기전자,approximate,B,제85류 전기기기·음향영상기기. KICOX '전기전자'가 중심이나 일부 부품이 다른 업종과 겹친다,32049001,(기타 전기기계),2026,"관세청_HS부호(공공데이터포털 15049722, 2026-01-01 기준) + 관세청_HSK별 신성질별_성질별 분류(15049720)"
854390,85,"제85류 전기기기와 그 부분품, 녹음기ㆍ음성 재생기ㆍ텔레비전의 영상과 음성의 기록기ㆍ재생기와 이들의 부분품ㆍ부속품",부분품,전기전자,approximate,B,제85류 전기기기·음향영상기기. KICOX '전기전자'가 중심이나 일부 부품이 다른 업종과 겹친다,34010103,(집적회로반도체 부품),2026,"관세청_HS부호(공공데이터포털 15049722, 2026-01-01 기준) + 관세청_HSK별 신성질별_성질별 분류(15049720)"
854411,85,"제85류 전기기기와 그 부분품, 녹음기ㆍ음성 재생기ㆍ텔레비전의 영상과 음성의 기록기ㆍ재생기와 이들의 부분품ㆍ부속품",구리로 만든 것,전기전자,approximate,B,제85류 전기기기·음향영상기기. KICOX '전기전자'가 중심이나 일부 부품이 다른 업종과 겹친다,32040701,(전선 및 케이블),2026,"관세청_HS부호(공공데이터포털 15049722, 2026-01-01 기준) + 관세청_HSK별 신성질별_성질별 분류(15049720)"
854419,85,"제85류 전기기기와 그 부분품, 녹음기ㆍ음성 재생기ㆍ텔레비전의 영상과 음성의 기록기ㆍ재생기와 이들의 부분품ㆍ부속품",,전기전자,approximate,B,제85류 전기기기·음향영상기기. KICOX '전기전자'가 중심이나 일부 부품이 다른 업종과 겹친다,32040701,(전선 및 케이블),2026,"관세청_HS부호(공공데이터포털 15049722, 2026-01-01 기준) + 관세청_HSK별 신성질별_성질별 분류(15049720)"
854420,85,"제85류 전기기기와 그 부분품, 녹음기ㆍ음성 재생기ㆍ텔레비전의 영상과 음성의 기록기ㆍ재생기와 이들의 부분품ㆍ부속품",,전기전자,approximate,B,제85류 전기기기·음향영상기기. KICOX '전기전자'가 중심이나 일부 부품이 다른 업종과 겹친다,32040701,(전선 및 케이블),2026,"관세청_HS부호(공공데이터포털 15049722, 2026-01-01 기준) + 관세청_HSK별 신성질별_성질별 분류(15049720)"
854430,85,"제85류 전기기기와 그 부분품, 녹음기ㆍ음성 재생기ㆍ텔레비전의 영상과 음성의 기록기ㆍ재생기와 이들의 부분품ㆍ부속품",,전기전자,approximate,B,제85류 전기기기·음향영상기기. KICOX '전기전자'가 중심이나 일부 부품이 다른 업종과 겹친다,32040701,(전선 및 케이블),2026,"관세청_HS부호(공공데이터포털 15049722, 2026-01-01 기준) + 관세청_HSK별 신성질별_성질별 분류(15049720)"
854442,85,"제85류 전기기기와 그 부분품, 녹음기ㆍ음성 재생기ㆍ텔레비전의 영상과 음성의 기록기ㆍ재생기와 이들의 부분품ㆍ부속품",접속자가 부착된 것,전기전자,approximate,B,제85류 전기기기·음향영상기기. KICOX '전기전자'가 중심이나 일부 부품이 다른 업종과 겹친다,,,2026,"관세청_HS부호(공공데이터포털 15049722, 2026-01-01 기준) + 관세청_HSK별 신성질별_성질별 분류(15049720)"
854449,85,"제85류 전기기기와 그 부분품, 녹음기ㆍ음성 재생기ㆍ텔레비전의 영상과 음성의 기록기ㆍ재생기와 이들의 부분품ㆍ부속품",기타,전기전자,approximate,B,제85류 전기기기·음향영상기기. KICOX '전기전자'가 중심이나 일부 부품이 다른 업종과 겹친다,,,2026,"관세청_HS부호(공공데이터포털 15049722, 2026-01-01 기준) + 관세청_HSK별 신성질별_성질별 분류(15049720)"
854460,85,"제85류 전기기기와 그 부분품, 녹음기ㆍ음성 재생기ㆍ텔레비전의 영상과 음성의 기록기ㆍ재생기와 이들의 부분품ㆍ부속품","그 밖의 전기도체(전압이 1,000볼트를 초과하는 것으로 한정한다)",전기전자,approximate,B,제85류 전기기기·음향영상기기. KICOX '전기전자'가 중심이나 일부 부품이 다른 업종과 겹친다,,,2026,"관세청_HS부호(공공데이터포털 15049722, 2026-01-01 기준) + 관세청_HSK별 신성질별_성질별 분류(15049720)"
854470,85,"제85류 전기기기와 그 부분품, 녹음기ㆍ음성 재생기ㆍ텔레비전의 영상과 음성의 기록기ㆍ재생기와 이들의 부분품ㆍ부속품",,전기전자,approximate,B,제85류 전기기기·음향영상기기. KICOX '전기전자'가 중심이나 일부 부품이 다른 업종과 겹친다,32040701,(전선 및 케이블),2026,"관세청_HS부호(공공데이터포털 15049722, 2026-01-01 기준) + 관세청_HSK별 신성질별_성질별 분류(15049720)"
854511,85,"제85류 전기기기와 그 부분품, 녹음기ㆍ음성 재생기ㆍ텔레비전의 영상과 음성의 기록기ㆍ재생기와 이들의 부분품ㆍ부속품",,전기전자,approximate,B,제85류 전기기기·음향영상기기. KICOX '전기전자'가 중심이나 일부 부품이 다른 업종과 겹친다,34900101,(기타 IT부품),2026,"관세청_HS부호(공공데이터포털 15049722, 2026-01-01 기준) + 관세청_HSK별 신성질별_성질별 분류(15049720)"
854519,85,"제85류 전기기기와 그 부분품, 녹음기ㆍ음성 재생기ㆍ텔레비전의 영상과 음성의 기록기ㆍ재생기와 이들의 부분품ㆍ부속품",,전기전자,approximate,B,제85류 전기기기·음향영상기기. KICOX '전기전자'가 중심이나 일부 부품이 다른 업종과 겹친다,34900101,(기타 IT부품),2026,"관세청_HS부호(공공데이터포털 15049722, 2026-01-01 기준) + 관세청_HSK별 신성질별_성질별 분류(15049720)"
854520,85,"제85류 전기기기와 그 부분품, 녹음기ㆍ음성 재생기ㆍ텔레비전의 영상과 음성의 기록기ㆍ재생기와 이들의 부분품ㆍ부속품",,전기전자,approximate,B,제85류 전기기기·음향영상기기. KICOX '전기전자'가 중심이나 일부 부품이 다른 업종과 겹친다,34900101,(기타 IT부품),2026,"관세청_HS부호(공공데이터포털 15049722, 2026-01-01 기준) + 관세청_HSK별 신성질별_성질별 분류(15049720)"
854590,85,"제85류 전기기기와 그 부분품, 녹음기ㆍ음성 재생기ㆍ텔레비전의 영상과 음성의 기록기ㆍ재생기와 이들의 부분품ㆍ부속품",기타,전기전자,approximate,B,제85류 전기기기·음향영상기기. KICOX '전기전자'가 중심이나 일부 부품이 다른 업종과 겹친다,34900101,(기타 IT부품),2026,"관세청_HS부호(공공데이터포털 15049722, 2026-01-01 기준) + 관세청_HSK별 신성질별_성질별 분류(15049720)"
854610,85,"제85류 전기기기와 그 부분품, 녹음기ㆍ음성 재생기ㆍ텔레비전의 영상과 음성의 기록기ㆍ재생기와 이들의 부분품ㆍ부속품",,전기전자,approximate,B,제85류 전기기기·음향영상기기. KICOX '전기전자'가 중심이나 일부 부품이 다른 업종과 겹친다,32049001,(기타 전기기계),2026,"관세청_HS부호(공공데이터포털 15049722, 2026-01-01 기준) + 관세청_HSK별 신성질별_성질별 분류(15049720)"
854620,85,"제85류 전기기기와 그 부분품, 녹음기ㆍ음성 재생기ㆍ텔레비전의 영상과 음성의 기록기ㆍ재생기와 이들의 부분품ㆍ부속품",,전기전자,approximate,B,제85류 전기기기·음향영상기기. KICOX '전기전자'가 중심이나 일부 부품이 다른 업종과 겹친다,32049001,(기타 전기기계),2026,"관세청_HS부호(공공데이터포털 15049722, 2026-01-01 기준) + 관세청_HSK별 신성질별_성질별 분류(15049720)"
854690,85,"제85류 전기기기와 그 부분품, 녹음기ㆍ음성 재생기ㆍ텔레비전의 영상과 음성의 기록기ㆍ재생기와 이들의 부분품ㆍ부속품",기타,전기전자,approximate,B,제85류 전기기기·음향영상기기. KICOX '전기전자'가 중심이나 일부 부품이 다른 업종과 겹친다,32049001,(기타 전기기계),2026,"관세청_HS부호(공공데이터포털 15049722, 2026-01-01 기준) + 관세청_HSK별 신성질별_성질별 분류(15049720)"
854710,85,"제85류 전기기기와 그 부분품, 녹음기ㆍ음성 재생기ㆍ텔레비전의 영상과 음성의 기록기ㆍ재생기와 이들의 부분품ㆍ부속품",,전기전자,approximate,B,제85류 전기기기·음향영상기기. KICOX '전기전자'가 중심이나 일부 부품이 다른 업종과 겹친다,32049001,(기타 전기기계),2026,"관세청_HS부호(공공데이터포털 15049722, 2026-01-01 기준) + 관세청_HSK별 신성질별_성질별 분류(15049720)"
854720,85,"제85류 전기기기와 그 부분품, 녹음기ㆍ음성 재생기ㆍ텔레비전의 영상과 음성의 기록기ㆍ재생기와 이들의 부분품ㆍ부속품",,전기전자,approximate,B,제85류 전기기기·음향영상기기. KICOX '전기전자'가 중심이나 일부 부품이 다른 업종과 겹친다,32049001,(기타 전기기계),2026,"관세청_HS부호(공공데이터포털 15049722, 2026-01-01 기준) + 관세청_HSK별 신성질별_성질별 분류(15049720)"
854790,85,"제85류 전기기기와 그 부분품, 녹음기ㆍ음성 재생기ㆍ텔레비전의 영상과 음성의 기록기ㆍ재생기와 이들의 부분품ㆍ부속품",,전기전자,approximate,B,제85류 전기기기·음향영상기기. KICOX '전기전자'가 중심이나 일부 부품이 다른 업종과 겹친다,32049001,(기타 전기기계),2026,"관세청_HS부호(공공데이터포털 15049722, 2026-01-01 기준) + 관세청_HSK별 신성질별_성질별 분류(15049720)"
854800,85,"제85류 전기기기와 그 부분품, 녹음기ㆍ음성 재생기ㆍ텔레비전의 영상과 음성의 기록기ㆍ재생기와 이들의 부분품ㆍ부속품",기기의 전기식 부분품(이 류에 따로 분류되지 않은 것으로 한정한다),전기전자,approximate,B,제85류 전기기기·음향영상기기. KICOX '전기전자'가 중심이나 일부 부품이 다른 업종과 겹친다,34010103,(집적회로반도체 부품),2026,"관세청_HS부호(공공데이터포털 15049722, 2026-01-01 기준) + 관세청_HSK별 신성질별_성질별 분류(15049720)"
854911,85,"제85류 전기기기와 그 부분품, 녹음기ㆍ음성 재생기ㆍ텔레비전의 영상과 음성의 기록기ㆍ재생기와 이들의 부분품ㆍ부속품",,전기전자,approximate,B,제85류 전기기기·음향영상기기. KICOX '전기전자'가 중심이나 일부 부품이 다른 업종과 겹친다,32049002,(기타 전기기계 부품),2026,"관세청_HS부호(공공데이터포털 15049722, 2026-01-01 기준) + 관세청_HSK별 신성질별_성질별 분류(15049720)"
854912,85,"제85류 전기기기와 그 부분품, 녹음기ㆍ음성 재생기ㆍ텔레비전의 영상과 음성의 기록기ㆍ재생기와 이들의 부분품ㆍ부속품",기타(납ㆍ카드뮴ㆍ수은을 함유한 것으로 한정한다),전기전자,approximate,B,제85류 전기기기·음향영상기기. KICOX '전기전자'가 중심이나 일부 부품이 다른 업종과 겹친다,32049002,(기타 전기기계 부품),2026,"관세청_HS부호(공공데이터포털 15049722, 2026-01-01 기준) + 관세청_HSK별 신성질별_성질별 분류(15049720)"
854913,85,"제85류 전기기기와 그 부분품, 녹음기ㆍ음성 재생기ㆍ텔레비전의 영상과 음성의 기록기ㆍ재생기와 이들의 부분품ㆍ부속품",,전기전자,approximate,B,제85류 전기기기·음향영상기기. KICOX '전기전자'가 중심이나 일부 부품이 다른 업종과 겹친다,32049002,(기타 전기기계 부품),2026,"관세청_HS부호(공공데이터포털 15049722, 2026-01-01 기준) + 관세청_HSK별 신성질별_성질별 분류(15049720)"
854914,85,"제85류 전기기기와 그 부분품, 녹음기ㆍ음성 재생기ㆍ텔레비전의 영상과 음성의 기록기ㆍ재생기와 이들의 부분품ㆍ부속품",선별되지 않은 것(납ㆍ카드뮴ㆍ수은을 함유하지 않은 것으로 한정한다),전기전자,approximate,B,제85류 전기기기·음향영상기기. KICOX '전기전자'가 중심이나 일부 부품이 다른 업종과 겹친다,32049002,(기타 전기기계 부품),2026,"관세청_HS부호(공공데이터포털 15049722, 2026-01-01 기준) + 관세청_HSK별 신성질별_성질별 분류(15049720)"
854919,85,"제85류 전기기기와 그 부분품, 녹음기ㆍ음성 재생기ㆍ텔레비전의 영상과 음성의 기록기ㆍ재생기와 이들의 부분품ㆍ부속품",,전기전자,approximate,B,제85류 전기기기·음향영상기기. KICOX '전기전자'가 중심이나 일부 부품이 다른 업종과 겹친다,32049002,(기타 전기기계 부품),2026,"관세청_HS부호(공공데이터포털 15049722, 2026-01-01 기준) + 관세청_HSK별 신성질별_성질별 분류(15049720)"
854921,85,"제85류 전기기기와 그 부분품, 녹음기ㆍ음성 재생기ㆍ텔레비전의 영상과 음성의 기록기ㆍ재생기와 이들의 부분품ㆍ부속품",일차전지·축전지·수은 스위치·음극선관에서 얻어진 유리·그 밖의 활성화된 유리를 함유하는 것 또는 카드뮴·수은·납·폴리염화비페닐(PCBs)을 함유한 전기·전자부품,전기전자,approximate,B,제85류 전기기기·음향영상기기. KICOX '전기전자'가 중심이나 일부 부품이 다른 업종과 겹친다,23010290,(기타 금속광물),2026,"관세청_HS부호(공공데이터포털 15049722, 2026-01-01 기준) + 관세청_HSK별 신성질별_성질별 분류(15049720)"
854929,85,"제85류 전기기기와 그 부분품, 녹음기ㆍ음성 재생기ㆍ텔레비전의 영상과 음성의 기록기ㆍ재생기와 이들의 부분품ㆍ부속품",기타,전기전자,approximate,B,제85류 전기기기·음향영상기기. KICOX '전기전자'가 중심이나 일부 부품이 다른 업종과 겹친다,23010290,(기타 금속광물),2026,"관세청_HS부호(공공데이터포털 15049722, 2026-01-01 기준) + 관세청_HSK별 신성질별_성질별 분류(15049720)"
854931,85,"제85류 전기기기와 그 부분품, 녹음기ㆍ음성 재생기ㆍ텔레비전의 영상과 음성의 기록기ㆍ재생기와 이들의 부분품ㆍ부속품",일차전지ㆍ축전지ㆍ수은 스위치ㆍ음극선관에서 얻어진 유리ㆍ그 밖의 활성화된 유리를 함유하는 것 또는 카드뮴ㆍ수은ㆍ납ㆍ폴리염화비페닐(PCBs)을 함유한 전기ㆍ전자부품,전기전자,approximate,B,제85류 전기기기·음향영상기기. KICOX '전기전자'가 중심이나 일부 부품이 다른 업종과 겹친다,32049002,(기타 전기기계 부품),2026,"관세청_HS부호(공공데이터포털 15049722, 2026-01-01 기준) + 관세청_HSK별 신성질별_성질별 분류(15049720)"
854939,85,"제85류 전기기기와 그 부분품, 녹음기ㆍ음성 재생기ㆍ텔레비전의 영상과 음성의 기록기ㆍ재생기와 이들의 부분품ㆍ부속품",기타,전기전자,approximate,B,제85류 전기기기·음향영상기기. KICOX '전기전자'가 중심이나 일부 부품이 다른 업종과 겹친다,32049002,(기타 전기기계 부품),2026,"관세청_HS부호(공공데이터포털 15049722, 2026-01-01 기준) + 관세청_HSK별 신성질별_성질별 분류(15049720)"
854991,85,"제85류 전기기기와 그 부분품, 녹음기ㆍ음성 재생기ㆍ텔레비전의 영상과 음성의 기록기ㆍ재생기와 이들의 부분품ㆍ부속품",일차전지ㆍ축전지ㆍ수은 스위치ㆍ음극선관에서 얻어진 유리ㆍ그 밖의 활성화된 유리를 함유하는 것 또는 카드뮴ㆍ수은ㆍ납ㆍ폴리염화비페닐(PCBs)을 함유한 전기ㆍ전자부품,전기전자,approximate,B,제85류 전기기기·음향영상기기. KICOX '전기전자'가 중심이나 일부 부품이 다른 업종과 겹친다,32049002,(기타 전기기계 부품),2026,"관세청_HS부호(공공데이터포털 15049722, 2026-01-01 기준) + 관세청_HSK별 신성질별_성질별 분류(15049720)"
854999,85,"제85류 전기기기와 그 부분품, 녹음기ㆍ음성 재생기ㆍ텔레비전의 영상과 음성의 기록기ㆍ재생기와 이들의 부분품ㆍ부속품",기타,전기전자,approximate,B,제85류 전기기기·음향영상기기. KICOX '전기전자'가 중심이나 일부 부품이 다른 업종과 겹친다,32049002,(기타 전기기계 부품),2026,"관세청_HS부호(공공데이터포털 15049722, 2026-01-01 기준) + 관세청_HSK별 신성질별_성질별 분류(15049720)"
870110,87,제87류 철도용이나 궤도용 외의 차량과 그 부분품ㆍ부속품,,운송장비,direct,A,제87류 철도 외 차량과 부품. KICOX '운송장비'에 직접 대응,32030601,(경작기계),2026,"관세청_HS부호(공공데이터포털 15049722, 2026-01-01 기준) + 관세청_HSK별 신성질별_성질별 분류(15049720)"
870121,87,제87류 철도용이나 궤도용 외의 차량과 그 부분품ㆍ부속품,압축점화식 피스톤 내연기관[디젤이나 세미디젤(semi-diesel)]만을 갖춘 것,운송장비,direct,A,제87류 철도 외 차량과 부품. KICOX '운송장비'에 직접 대응,31019001,(기타 자동차(수송장비)),2026,"관세청_HS부호(공공데이터포털 15049722, 2026-01-01 기준) + 관세청_HSK별 신성질별_성질별 분류(15049720)"
870122,87,제87류 철도용이나 궤도용 외의 차량과 그 부분품ㆍ부속품,압축점화식 피스톤 내연기관[디젤이나 세미디젤(semi-diesel)]과 추진용 모터로서의 전동기를 둘 다 갖춘 것,운송장비,direct,A,제87류 철도 외 차량과 부품. KICOX '운송장비'에 직접 대응,31019001,(기타 자동차(수송장비)),2026,"관세청_HS부호(공공데이터포털 15049722, 2026-01-01 기준) + 관세청_HSK별 신성질별_성질별 분류(15049720)"
870123,87,제87류 철도용이나 궤도용 외의 차량과 그 부분품ㆍ부속품,불꽃점화식 피스톤 내연기관과 추진용 모터로서의 전동기를 둘 다 갖춘 것,운송장비,direct,A,제87류 철도 외 차량과 부품. KICOX '운송장비'에 직접 대응,31019001,(기타 자동차(수송장비)),2026,"관세청_HS부호(공공데이터포털 15049722, 2026-01-01 기준) + 관세청_HSK별 신성질별_성질별 분류(15049720)"
870124,87,제87류 철도용이나 궤도용 외의 차량과 그 부분품ㆍ부속품,추진용 전동기만 갖춘 것,운송장비,direct,A,제87류 철도 외 차량과 부품. KICOX '운송장비'에 직접 대응,31019001,(기타 자동차(수송장비)),2026,"관세청_HS부호(공공데이터포털 15049722, 2026-01-01 기준) + 관세청_HSK별 신성질별_성질별 분류(15049720)"
870129,87,제87류 철도용이나 궤도용 외의 차량과 그 부분품ㆍ부속품,기타,운송장비,direct,A,제87류 철도 외 차량과 부품. KICOX '운송장비'에 직접 대응,31019001,(기타 자동차(수송장비)),2026,"관세청_HS부호(공공데이터포털 15049722, 2026-01-01 기준) + 관세청_HSK별 신성질별_성질별 분류(15049720)"
870130,87,제87류 철도용이나 궤도용 외의 차량과 그 부분품ㆍ부속품,,운송장비,direct,A,제87류 철도 외 차량과 부품. KICOX '운송장비'에 직접 대응,31019001,(기타 자동차(수송장비)),2026,"관세청_HS부호(공공데이터포털 15049722, 2026-01-01 기준) + 관세청_HSK별 신성질별_성질별 분류(15049720)"
870191,87,제87류 철도용이나 궤도용 외의 차량과 그 부분품ㆍ부속품,엔진의 동력이 18킬로와트 이하인 것,운송장비,direct,A,제87류 철도 외 차량과 부품. KICOX '운송장비'에 직접 대응,,,2026,"관세청_HS부호(공공데이터포털 15049722, 2026-01-01 기준) + 관세청_HSK별 신성질별_성질별 분류(15049720)"
870192,87,제87류 철도용이나 궤도용 외의 차량과 그 부분품ㆍ부속품,엔진의 동력이 18킬로와트 초과 37킬로와트 이하인 것,운송장비,direct,A,제87류 철도 외 차량과 부품. KICOX '운송장비'에 직접 대응,,,2026,"관세청_HS부호(공공데이터포털 15049722, 2026-01-01 기준) + 관세청_HSK별 신성질별_성질별 분류(15049720)"
870193,87,제87류 철도용이나 궤도용 외의 차량과 그 부분품ㆍ부속품,엔진의 동력이 37킬로와트 초과 75킬로와트 이하인 것,운송장비,direct,A,제87류 철도 외 차량과 부품. KICOX '운송장비'에 직접 대응,,,2026,"관세청_HS부호(공공데이터포털 15049722, 2026-01-01 기준) + 관세청_HSK별 신성질별_성질별 분류(15049720)"
870194,87,제87류 철도용이나 궤도용 외의 차량과 그 부분품ㆍ부속품,엔진의 동력이 75킬로와트 초과130킬로와트 이하인 것,운송장비,direct,A,제87류 철도 외 차량과 부품. KICOX '운송장비'에 직접 대응,,,2026,"관세청_HS부호(공공데이터포털 15049722, 2026-01-01 기준) + 관세청_HSK별 신성질별_성질별 분류(15049720)"
870195,87,제87류 철도용이나 궤도용 외의 차량과 그 부분품ㆍ부속품,엔진의 동력이 130킬로와트를 초과하는 것,운송장비,direct,A,제87류 철도 외 차량과 부품. KICOX '운송장비'에 직접 대응,,,2026,"관세청_HS부호(공공데이터포털 15049722, 2026-01-01 기준) + 관세청_HSK별 신성질별_성질별 분류(15049720)"
870210,87,제87류 철도용이나 궤도용 외의 차량과 그 부분품ㆍ부속품,압축점화식 피스톤 내연기관[디젤이나 세미디젤(semi-diesel)]만을 갖춘 것,운송장비,direct,A,제87류 철도 외 차량과 부품. KICOX '운송장비'에 직접 대응,,,2026,"관세청_HS부호(공공데이터포털 15049722, 2026-01-01 기준) + 관세청_HSK별 신성질별_성질별 분류(15049720)"
870220,87,제87류 철도용이나 궤도용 외의 차량과 그 부분품ㆍ부속품,압축점화식 피스톤 내연기관[디젤이나 세미디젤(semi-diesel)]과 추진용 모터로서의 전동기를 둘 다 갖춘 것,운송장비,direct,A,제87류 철도 외 차량과 부품. KICOX '운송장비'에 직접 대응,31010101,(화물자동차),2026,"관세청_HS부호(공공데이터포털 15049722, 2026-01-01 기준) + 관세청_HSK별 신성질별_성질별 분류(15049720)"
870230,87,제87류 철도용이나 궤도용 외의 차량과 그 부분품ㆍ부속품,불꽃점화식 피스톤 내연기관과 추진용 모터로서의 전동기를 둘 다 갖춘 것,운송장비,direct,A,제87류 철도 외 차량과 부품. KICOX '운송장비'에 직접 대응,31010101,(화물자동차),2026,"관세청_HS부호(공공데이터포털 15049722, 2026-01-01 기준) + 관세청_HSK별 신성질별_성질별 분류(15049720)"
870240,87,제87류 철도용이나 궤도용 외의 차량과 그 부분품ㆍ부속품,추진용 전동기만 갖춘 것,운송장비,direct,A,제87류 철도 외 차량과 부품. KICOX '운송장비'에 직접 대응,12020501,(전기자동차),2026,"관세청_HS부호(공공데이터포털 15049722, 2026-01-01 기준) + 관세청_HSK별 신성질별_성질별 분류(15049720)"
870290,87,제87류 철도용이나 궤도용 외의 차량과 그 부분품ㆍ부속품,기타,운송장비,direct,A,제87류 철도 외 차량과 부품. KICOX '운송장비'에 직접 대응,,,2026,"관세청_HS부호(공공데이터포털 15049722, 2026-01-01 기준) + 관세청_HSK별 신성질별_성질별 분류(15049720)"
870310,87,제87류 철도용이나 궤도용 외의 차량과 그 부분품ㆍ부속품,"설상(雪上)주행용 차량, 골프용 차와 이와 유사한 차량",운송장비,direct,A,제87류 철도 외 차량과 부품. KICOX '운송장비'에 직접 대응,31900101,(기타 수송장비),2026,"관세청_HS부호(공공데이터포털 15049722, 2026-01-01 기준) + 관세청_HSK별 신성질별_성질별 분류(15049720)"
870321,87,제87류 철도용이나 궤도용 외의 차량과 그 부분품ㆍ부속품,"실린더용량이 1,000시시 이하인 것",운송장비,direct,A,제87류 철도 외 차량과 부품. KICOX '운송장비'에 직접 대응,12020101,"(가솔린 1,000cc이하 승용차 - 신차)",2026,"관세청_HS부호(공공데이터포털 15049722, 2026-01-01 기준) + 관세청_HSK별 신성질별_성질별 분류(15049720)"
870322,87,제87류 철도용이나 궤도용 외의 차량과 그 부분품ㆍ부속품,"실린더용량이 1,000시시 초과 1,500시시 이하인 것",운송장비,direct,A,제87류 철도 외 차량과 부품. KICOX '운송장비'에 직접 대응,12020102,"(가솔린 1,000cc초과 승용차(1,500cc이하) - 신차)",2026,"관세청_HS부호(공공데이터포털 15049722, 2026-01-01 기준) + 관세청_HSK별 신성질별_성질별 분류(15049720)"
870323,87,제87류 철도용이나 궤도용 외의 차량과 그 부분품ㆍ부속품,"실린더용량이 1,500시시 초과 3,000시시 이하인 것",운송장비,direct,A,제87류 철도 외 차량과 부품. KICOX '운송장비'에 직접 대응,,,2026,"관세청_HS부호(공공데이터포털 15049722, 2026-01-01 기준) + 관세청_HSK별 신성질별_성질별 분류(15049720)"
870324,87,제87류 철도용이나 궤도용 외의 차량과 그 부분품ㆍ부속품,"실린더용량이 3,000시시를 초과하는 것",운송장비,direct,A,제87류 철도 외 차량과 부품. KICOX '운송장비'에 직접 대응,,,2026,"관세청_HS부호(공공데이터포털 15049722, 2026-01-01 기준) + 관세청_HSK별 신성질별_성질별 분류(15049720)"
870331,87,제87류 철도용이나 궤도용 외의 차량과 그 부분품ㆍ부속품,"실린더용량이 1,500시시 이하인 것",운송장비,direct,A,제87류 철도 외 차량과 부품. KICOX '운송장비'에 직접 대응,12020301,"(디젤 1,500cc이하 승용차 - 신차)",2026,"관세청_HS부호(공공데이터포털 15049722, 2026-01-01 기준) + 관세청_HSK별 신성질별_성질별 분류(15049720)"
870332,87,제87류 철도용이나 궤도용 외의 차량과 그 부분품ㆍ부속품,"실린더용량이 1,500시시 초과 2,500시시 이하인 것",운송장비,direct,A,제87류 철도 외 차량과 부품. KICOX '운송장비'에 직접 대응,,,2026,"관세청_HS부호(공공데이터포털 15049722, 2026-01-01 기준) + 관세청_HSK별 신성질별_성질별 분류(15049720)"
870333,87,제87류 철도용이나 궤도용 외의 차량과 그 부분품ㆍ부속품,"실린더용량이 2,500시시를 초과하는 것",운송장비,direct,A,제87류 철도 외 차량과 부품. KICOX '운송장비'에 직접 대응,12020304,"(디젤 2,500cc초과 승용차 - 신차)",2026,"관세청_HS부호(공공데이터포털 15049722, 2026-01-01 기준) + 관세청_HSK별 신성질별_성질별 분류(15049720)"
870340,87,제87류 철도용이나 궤도용 외의 차량과 그 부분품ㆍ부속품,"그 밖의 차량(불꽃점화식 피스톤 내연기관과 추진용 모터로서의 전동기를 둘 다 갖춘 것으로서, 외부 전원에 플러그를 꽂아 충전할 수 있는 방식의 것은 제외한다)",운송장비,direct,A,제87류 철도 외 차량과 부품. KICOX '운송장비'에 직접 대응,31900101,(기타 수송장비),2026,"관세청_HS부호(공공데이터포털 15049722, 2026-01-01 기준) + 관세청_HSK별 신성질별_성질별 분류(15049720)"
870350,87,제87류 철도용이나 궤도용 외의 차량과 그 부분품ㆍ부속품,"그 밖의 차량[압축점화식 피스톤 내연기관(디젤이나 세미디젤)과 추진용 모터로서의 전동기를 둘 다 갖춘 것으로서, 외부 전원에 플러그를 꽂아 충전할 수 있는 방식의 것은 제외한다]",운송장비,direct,A,제87류 철도 외 차량과 부품. KICOX '운송장비'에 직접 대응,31900101,(기타 수송장비),2026,"관세청_HS부호(공공데이터포털 15049722, 2026-01-01 기준) + 관세청_HSK별 신성질별_성질별 분류(15049720)"
870360,87,제87류 철도용이나 궤도용 외의 차량과 그 부분품ㆍ부속품,"그 밖의 차량(불꽃점화식 피스톤 내연기관과 추진용 모터로서의 전동기를 둘 다 갖춘 것으로서, 외부 전원에 플러그를 꽂아 충전할 수 있는 방식의 것으로 한정한다)",운송장비,direct,A,제87류 철도 외 차량과 부품. KICOX '운송장비'에 직접 대응,31900101,(기타 수송장비),2026,"관세청_HS부호(공공데이터포털 15049722, 2026-01-01 기준) + 관세청_HSK별 신성질별_성질별 분류(15049720)"
870370,87,제87류 철도용이나 궤도용 외의 차량과 그 부분품ㆍ부속품,"그 밖의 차량[압축점화식 피스톤 내연기관(디젤이나 세미디젤)과 추진용 모터로서의 전동기를 둘 다 갖춘 것으로서, 외부 전원에 플러그를 꽂아 충전할 수 있는 방식의 것으로 한정한다]",운송장비,direct,A,제87류 철도 외 차량과 부품. KICOX '운송장비'에 직접 대응,31900101,(기타 수송장비),2026,"관세청_HS부호(공공데이터포털 15049722, 2026-01-01 기준) + 관세청_HSK별 신성질별_성질별 분류(15049720)"
870380,87,제87류 철도용이나 궤도용 외의 차량과 그 부분품ㆍ부속품,그 밖의 차량(추진용 전동기만을 갖춘 것),운송장비,direct,A,제87류 철도 외 차량과 부품. KICOX '운송장비'에 직접 대응,12020501,(전기자동차),2026,"관세청_HS부호(공공데이터포털 15049722, 2026-01-01 기준) + 관세청_HSK별 신성질별_성질별 분류(15049720)"
870390,87,제87류 철도용이나 궤도용 외의 차량과 그 부분품ㆍ부속품,,운송장비,direct,A,제87류 철도 외 차량과 부품. KICOX '운송장비'에 직접 대응,31900101,(기타 수송장비),2026,"관세청_HS부호(공공데이터포털 15049722, 2026-01-01 기준) + 관세청_HSK별 신성질별_성질별 분류(15049720)"
870410,87,제87류 철도용이나 궤도용 외의 차량과 그 부분품ㆍ부속품,,운송장비,direct,A,제87류 철도 외 차량과 부품. KICOX '운송장비'에 직접 대응,31010101,(화물자동차),2026,"관세청_HS부호(공공데이터포털 15049722, 2026-01-01 기준) + 관세청_HSK별 신성질별_성질별 분류(15049720)"
870421,87,제87류 철도용이나 궤도용 외의 차량과 그 부분품ㆍ부속품,총중량이 5톤 이하인 것,운송장비,direct,A,제87류 철도 외 차량과 부품. KICOX '운송장비'에 직접 대응,,,2026,"관세청_HS부호(공공데이터포털 15049722, 2026-01-01 기준) + 관세청_HSK별 신성질별_성질별 분류(15049720)"
870422,87,제87류 철도용이나 궤도용 외의 차량과 그 부분품ㆍ부속품,총중량이 5톤 초과 20톤 이하인 것,운송장비,direct,A,제87류 철도 외 차량과 부품. KICOX '운송장비'에 직접 대응,,,2026,"관세청_HS부호(공공데이터포털 15049722, 2026-01-01 기준) + 관세청_HSK별 신성질별_성질별 분류(15049720)"
870423,87,제87류 철도용이나 궤도용 외의 차량과 그 부분품ㆍ부속품,총중량이 20톤을 초과하는 것,운송장비,direct,A,제87류 철도 외 차량과 부품. KICOX '운송장비'에 직접 대응,,,2026,"관세청_HS부호(공공데이터포털 15049722, 2026-01-01 기준) + 관세청_HSK별 신성질별_성질별 분류(15049720)"
870431,87,제87류 철도용이나 궤도용 외의 차량과 그 부분품ㆍ부속품,총중량이 5톤 이하인 것,운송장비,direct,A,제87류 철도 외 차량과 부품. KICOX '운송장비'에 직접 대응,,,2026,"관세청_HS부호(공공데이터포털 15049722, 2026-01-01 기준) + 관세청_HSK별 신성질별_성질별 분류(15049720)"
870432,87,제87류 철도용이나 궤도용 외의 차량과 그 부분품ㆍ부속품,총중량이 5톤을 초과하는 것,운송장비,direct,A,제87류 철도 외 차량과 부품. KICOX '운송장비'에 직접 대응,,,2026,"관세청_HS부호(공공데이터포털 15049722, 2026-01-01 기준) + 관세청_HSK별 신성질별_성질별 분류(15049720)"
870441,87,제87류 철도용이나 궤도용 외의 차량과 그 부분품ㆍ부속품,총중량이 5톤 이하인 것,운송장비,direct,A,제87류 철도 외 차량과 부품. KICOX '운송장비'에 직접 대응,,,2026,"관세청_HS부호(공공데이터포털 15049722, 2026-01-01 기준) + 관세청_HSK별 신성질별_성질별 분류(15049720)"
870442,87,제87류 철도용이나 궤도용 외의 차량과 그 부분품ㆍ부속품,총중량이 5톤 초과 20톤 이하인 것,운송장비,direct,A,제87류 철도 외 차량과 부품. KICOX '운송장비'에 직접 대응,,,2026,"관세청_HS부호(공공데이터포털 15049722, 2026-01-01 기준) + 관세청_HSK별 신성질별_성질별 분류(15049720)"
870443,87,제87류 철도용이나 궤도용 외의 차량과 그 부분품ㆍ부속품,총중량이 20톤을 초과하는 것,운송장비,direct,A,제87류 철도 외 차량과 부품. KICOX '운송장비'에 직접 대응,,,2026,"관세청_HS부호(공공데이터포털 15049722, 2026-01-01 기준) + 관세청_HSK별 신성질별_성질별 분류(15049720)"
870451,87,제87류 철도용이나 궤도용 외의 차량과 그 부분품ㆍ부속품,총중량이 5톤 이하인 것,운송장비,direct,A,제87류 철도 외 차량과 부품. KICOX '운송장비'에 직접 대응,,,2026,"관세청_HS부호(공공데이터포털 15049722, 2026-01-01 기준) + 관세청_HSK별 신성질별_성질별 분류(15049720)"
870452,87,제87류 철도용이나 궤도용 외의 차량과 그 부분품ㆍ부속품,총중량이 5톤을 초과하는 것,운송장비,direct,A,제87류 철도 외 차량과 부품. KICOX '운송장비'에 직접 대응,,,2026,"관세청_HS부호(공공데이터포털 15049722, 2026-01-01 기준) + 관세청_HSK별 신성질별_성질별 분류(15049720)"
870460,87,제87류 철도용이나 궤도용 외의 차량과 그 부분품ㆍ부속품,기타(추진용 전동기만을 갖춘 것으로 한정한다),운송장비,direct,A,제87류 철도 외 차량과 부품. KICOX '운송장비'에 직접 대응,,,2026,"관세청_HS부호(공공데이터포털 15049722, 2026-01-01 기준) + 관세청_HSK별 신성질별_성질별 분류(15049720)"
870490,87,제87류 철도용이나 궤도용 외의 차량과 그 부분품ㆍ부속품,기타,운송장비,direct,A,제87류 철도 외 차량과 부품. KICOX '운송장비'에 직접 대응,,,2026,"관세청_HS부호(공공데이터포털 15049722, 2026-01-01 기준) + 관세청_HSK별 신성질별_성질별 분류(15049720)"
870510,87,제87류 철도용이나 궤도용 외의 차량과 그 부분품ㆍ부속품,기중기차(crane lorry),운송장비,direct,A,제87류 철도 외 차량과 부품. KICOX '운송장비'에 직접 대응,31010201,(특장차),2026,"관세청_HS부호(공공데이터포털 15049722, 2026-01-01 기준) + 관세청_HSK별 신성질별_성질별 분류(15049720)"
870520,87,제87류 철도용이나 궤도용 외의 차량과 그 부분품ㆍ부속품,,운송장비,direct,A,제87류 철도 외 차량과 부품. KICOX '운송장비'에 직접 대응,31010201,(특장차),2026,"관세청_HS부호(공공데이터포털 15049722, 2026-01-01 기준) + 관세청_HSK별 신성질별_성질별 분류(15049720)"
870530,87,제87류 철도용이나 궤도용 외의 차량과 그 부분품ㆍ부속품,,운송장비,direct,A,제87류 철도 외 차량과 부품. KICOX '운송장비'에 직접 대응,31010201,(특장차),2026,"관세청_HS부호(공공데이터포털 15049722, 2026-01-01 기준) + 관세청_HSK별 신성질별_성질별 분류(15049720)"
870540,87,제87류 철도용이나 궤도용 외의 차량과 그 부분품ㆍ부속품,,운송장비,direct,A,제87류 철도 외 차량과 부품. KICOX '운송장비'에 직접 대응,31010201,(특장차),2026,"관세청_HS부호(공공데이터포털 15049722, 2026-01-01 기준) + 관세청_HSK별 신성질별_성질별 분류(15049720)"
870590,87,제87류 철도용이나 궤도용 외의 차량과 그 부분품ㆍ부속품,기타,운송장비,direct,A,제87류 철도 외 차량과 부품. KICOX '운송장비'에 직접 대응,,,2026,"관세청_HS부호(공공데이터포털 15049722, 2026-01-01 기준) + 관세청_HSK별 신성질별_성질별 분류(15049720)"
870600,87,제87류 철도용이나 궤도용 외의 차량과 그 부분품ㆍ부속품,,운송장비,direct,A,제87류 철도 외 차량과 부품. KICOX '운송장비'에 직접 대응,31060101,(자동차 부품),2026,"관세청_HS부호(공공데이터포털 15049722, 2026-01-01 기준) + 관세청_HSK별 신성질별_성질별 분류(15049720)"
870710,87,제87류 철도용이나 궤도용 외의 차량과 그 부분품ㆍ부속품,,운송장비,direct,A,제87류 철도 외 차량과 부품. KICOX '운송장비'에 직접 대응,31060101,(자동차 부품),2026,"관세청_HS부호(공공데이터포털 15049722, 2026-01-01 기준) + 관세청_HSK별 신성질별_성질별 분류(15049720)"
870790,87,제87류 철도용이나 궤도용 외의 차량과 그 부분품ㆍ부속품,기타,운송장비,direct,A,제87류 철도 외 차량과 부품. KICOX '운송장비'에 직접 대응,31060101,(자동차 부품),2026,"관세청_HS부호(공공데이터포털 15049722, 2026-01-01 기준) + 관세청_HSK별 신성질별_성질별 분류(15049720)"
870810,87,제87류 철도용이나 궤도용 외의 차량과 그 부분품ㆍ부속품,,운송장비,direct,A,제87류 철도 외 차량과 부품. KICOX '운송장비'에 직접 대응,31060101,(자동차 부품),2026,"관세청_HS부호(공공데이터포털 15049722, 2026-01-01 기준) + 관세청_HSK별 신성질별_성질별 분류(15049720)"
870821,87,제87류 철도용이나 궤도용 외의 차량과 그 부분품ㆍ부속품,,운송장비,direct,A,제87류 철도 외 차량과 부품. KICOX '운송장비'에 직접 대응,31060101,(자동차 부품),2026,"관세청_HS부호(공공데이터포털 15049722, 2026-01-01 기준) + 관세청_HSK별 신성질별_성질별 분류(15049720)"
870822,87,제87류 철도용이나 궤도용 외의 차량과 그 부분품ㆍ부속품,,운송장비,direct,A,제87류 철도 외 차량과 부품. KICOX '운송장비'에 직접 대응,31060101,(자동차 부품),2026,"관세청_HS부호(공공데이터포털 15049722, 2026-01-01 기준) + 관세청_HSK별 신성질별_성질별 분류(15049720)"
870829,87,제87류 철도용이나 궤도용 외의 차량과 그 부분품ㆍ부속품,,운송장비,direct,A,제87류 철도 외 차량과 부품. KICOX '운송장비'에 직접 대응,31060101,(자동차 부품),2026,"관세청_HS부호(공공데이터포털 15049722, 2026-01-01 기준) + 관세청_HSK별 신성질별_성질별 분류(15049720)"
870830,87,제87류 철도용이나 궤도용 외의 차량과 그 부분품ㆍ부속품,제동장치와 그 부분품,운송장비,direct,A,제87류 철도 외 차량과 부품. KICOX '운송장비'에 직접 대응,31060101,(자동차 부품),2026,"관세청_HS부호(공공데이터포털 15049722, 2026-01-01 기준) + 관세청_HSK별 신성질별_성질별 분류(15049720)"
870840,87,제87류 철도용이나 궤도용 외의 차량과 그 부분품ㆍ부속품,,운송장비,direct,A,제87류 철도 외 차량과 부품. KICOX '운송장비'에 직접 대응,31060101,(자동차 부품),2026,"관세청_HS부호(공공데이터포털 15049722, 2026-01-01 기준) + 관세청_HSK별 신성질별_성질별 분류(15049720)"
870850,87,제87류 철도용이나 궤도용 외의 차량과 그 부분품ㆍ부속품,"차동장치를 갖춘 구동 차축(그 밖의 동력전달장치의 부분품과 구성품을 갖추었는지는 상관없다), 비구동 차축, 그 부분품",운송장비,direct,A,제87류 철도 외 차량과 부품. KICOX '운송장비'에 직접 대응,31060101,(자동차 부품),2026,"관세청_HS부호(공공데이터포털 15049722, 2026-01-01 기준) + 관세청_HSK별 신성질별_성질별 분류(15049720)"
870870,87,제87류 철도용이나 궤도용 외의 차량과 그 부분품ㆍ부속품,,운송장비,direct,A,제87류 철도 외 차량과 부품. KICOX '운송장비'에 직접 대응,31060101,(자동차 부품),2026,"관세청_HS부호(공공데이터포털 15049722, 2026-01-01 기준) + 관세청_HSK별 신성질별_성질별 분류(15049720)"
870880,87,제87류 철도용이나 궤도용 외의 차량과 그 부분품ㆍ부속품,,운송장비,direct,A,제87류 철도 외 차량과 부품. KICOX '운송장비'에 직접 대응,31060101,(자동차 부품),2026,"관세청_HS부호(공공데이터포털 15049722, 2026-01-01 기준) + 관세청_HSK별 신성질별_성질별 분류(15049720)"
870891,87,제87류 철도용이나 궤도용 외의 차량과 그 부분품ㆍ부속품,,운송장비,direct,A,제87류 철도 외 차량과 부품. KICOX '운송장비'에 직접 대응,31060101,(자동차 부품),2026,"관세청_HS부호(공공데이터포털 15049722, 2026-01-01 기준) + 관세청_HSK별 신성질별_성질별 분류(15049720)"
870892,87,제87류 철도용이나 궤도용 외의 차량과 그 부분품ㆍ부속품,,운송장비,direct,A,제87류 철도 외 차량과 부품. KICOX '운송장비'에 직접 대응,31060101,(자동차 부품),2026,"관세청_HS부호(공공데이터포털 15049722, 2026-01-01 기준) + 관세청_HSK별 신성질별_성질별 분류(15049720)"
870893,87,제87류 철도용이나 궤도용 외의 차량과 그 부분품ㆍ부속품,,운송장비,direct,A,제87류 철도 외 차량과 부품. KICOX '운송장비'에 직접 대응,31060101,(자동차 부품),2026,"관세청_HS부호(공공데이터포털 15049722, 2026-01-01 기준) + 관세청_HSK별 신성질별_성질별 분류(15049720)"
870894,87,제87류 철도용이나 궤도용 외의 차량과 그 부분품ㆍ부속품,,운송장비,direct,A,제87류 철도 외 차량과 부품. KICOX '운송장비'에 직접 대응,31060101,(자동차 부품),2026,"관세청_HS부호(공공데이터포털 15049722, 2026-01-01 기준) + 관세청_HSK별 신성질별_성질별 분류(15049720)"
870895,87,제87류 철도용이나 궤도용 외의 차량과 그 부분품ㆍ부속품,팽창 시스템을 갖춘 안전 에어백과 그 부분품,운송장비,direct,A,제87류 철도 외 차량과 부품. KICOX '운송장비'에 직접 대응,31060101,(자동차 부품),2026,"관세청_HS부호(공공데이터포털 15049722, 2026-01-01 기준) + 관세청_HSK별 신성질별_성질별 분류(15049720)"
870899,87,제87류 철도용이나 궤도용 외의 차량과 그 부분품ㆍ부속품,기타,운송장비,direct,A,제87류 철도 외 차량과 부품. KICOX '운송장비'에 직접 대응,,,2026,"관세청_HS부호(공공데이터포털 15049722, 2026-01-01 기준) + 관세청_HSK별 신성질별_성질별 분류(15049720)"
870911,87,제87류 철도용이나 궤도용 외의 차량과 그 부분품ㆍ부속품,,운송장비,direct,A,제87류 철도 외 차량과 부품. KICOX '운송장비'에 직접 대응,31900101,(기타 수송장비),2026,"관세청_HS부호(공공데이터포털 15049722, 2026-01-01 기준) + 관세청_HSK별 신성질별_성질별 분류(15049720)"
870919,87,제87류 철도용이나 궤도용 외의 차량과 그 부분품ㆍ부속품,,운송장비,direct,A,제87류 철도 외 차량과 부품. KICOX '운송장비'에 직접 대응,31900101,(기타 수송장비),2026,"관세청_HS부호(공공데이터포털 15049722, 2026-01-01 기준) + 관세청_HSK별 신성질별_성질별 분류(15049720)"
870990,87,제87류 철도용이나 궤도용 외의 차량과 그 부분품ㆍ부속품,,운송장비,direct,A,제87류 철도 외 차량과 부품. KICOX '운송장비'에 직접 대응,31060101,(자동차 부품),2026,"관세청_HS부호(공공데이터포털 15049722, 2026-01-01 기준) + 관세청_HSK별 신성질별_성질별 분류(15049720)"
871000,87,제87류 철도용이나 궤도용 외의 차량과 그 부분품ㆍ부속품,,운송장비,direct,A,제87류 철도 외 차량과 부품. KICOX '운송장비'에 직접 대응,31900101,(기타 수송장비),2026,"관세청_HS부호(공공데이터포털 15049722, 2026-01-01 기준) + 관세청_HSK별 신성질별_성질별 분류(15049720)"
871110,87,제87류 철도용이나 궤도용 외의 차량과 그 부분품ㆍ부속품,실린더용량이 50시시 이하인 피스톤 내연기관의 것,운송장비,direct,A,제87류 철도 외 차량과 부품. KICOX '운송장비'에 직접 대응,12020701,(모터사이클),2026,"관세청_HS부호(공공데이터포털 15049722, 2026-01-01 기준) + 관세청_HSK별 신성질별_성질별 분류(15049720)"
871120,87,제87류 철도용이나 궤도용 외의 차량과 그 부분품ㆍ부속품,실린더용량이 50시시 초과 250시시 이하인 피스톤 내연기관의 것,운송장비,direct,A,제87류 철도 외 차량과 부품. KICOX '운송장비'에 직접 대응,12020701,(모터사이클),2026,"관세청_HS부호(공공데이터포털 15049722, 2026-01-01 기준) + 관세청_HSK별 신성질별_성질별 분류(15049720)"
871130,87,제87류 철도용이나 궤도용 외의 차량과 그 부분품ㆍ부속품,실린더용량이 250시시 초과 500시시 이하인 피스톤 내연기관의 것,운송장비,direct,A,제87류 철도 외 차량과 부품. KICOX '운송장비'에 직접 대응,12020701,(모터사이클),2026,"관세청_HS부호(공공데이터포털 15049722, 2026-01-01 기준) + 관세청_HSK별 신성질별_성질별 분류(15049720)"
871140,87,제87류 철도용이나 궤도용 외의 차량과 그 부분품ㆍ부속품,실린더용량이 500시시 초과 800시시 이하인 피스톤？내연기관의 것,운송장비,direct,A,제87류 철도 외 차량과 부품. KICOX '운송장비'에 직접 대응,12020701,(모터사이클),2026,"관세청_HS부호(공공데이터포털 15049722, 2026-01-01 기준) + 관세청_HSK별 신성질별_성질별 분류(15049720)"
871150,87,제87류 철도용이나 궤도용 외의 차량과 그 부분품ㆍ부속품,실린더용량이 800시시를 초과하는 피스톤 내연기관의 것,운송장비,direct,A,제87류 철도 외 차량과 부품. KICOX '운송장비'에 직접 대응,12020701,(모터사이클),2026,"관세청_HS부호(공공데이터포털 15049722, 2026-01-01 기준) + 관세청_HSK별 신성질별_성질별 분류(15049720)"
871160,87,제87류 철도용이나 궤도용 외의 차량과 그 부분품ㆍ부속품,추진용 전동기를 갖춘 것,운송장비,direct,A,제87류 철도 외 차량과 부품. KICOX '운송장비'에 직접 대응,12020701,(모터사이클),2026,"관세청_HS부호(공공데이터포털 15049722, 2026-01-01 기준) + 관세청_HSK별 신성질별_성질별 분류(15049720)"
871190,87,제87류 철도용이나 궤도용 외의 차량과 그 부분품ㆍ부속품,기타,운송장비,direct,A,제87류 철도 외 차량과 부품. KICOX '운송장비'에 직접 대응,12030201,(전기 자전거),2026,"관세청_HS부호(공공데이터포털 15049722, 2026-01-01 기준) + 관세청_HSK별 신성질별_성질별 분류(15049720)"
871200,87,제87류 철도용이나 궤도용 외의 차량과 그 부분품ㆍ부속품,,운송장비,direct,A,제87류 철도 외 차량과 부품. KICOX '운송장비'에 직접 대응,12030101,(페달식 자전거),2026,"관세청_HS부호(공공데이터포털 15049722, 2026-01-01 기준) + 관세청_HSK별 신성질별_성질별 분류(15049720)"
871310,87,제87류 철도용이나 궤도용 외의 차량과 그 부분품ㆍ부속품,,운송장비,direct,A,제87류 철도 외 차량과 부품. KICOX '운송장비'에 직접 대응,12020601,(신체장애인용 차량),2026,"관세청_HS부호(공공데이터포털 15049722, 2026-01-01 기준) + 관세청_HSK별 신성질별_성질별 분류(15049720)"
871390,87,제87류 철도용이나 궤도용 외의 차량과 그 부분품ㆍ부속품,,운송장비,direct,A,제87류 철도 외 차량과 부품. KICOX '운송장비'에 직접 대응,12020601,(신체장애인용 차량),2026,"관세청_HS부호(공공데이터포털 15049722, 2026-01-01 기준) + 관세청_HSK별 신성질별_성질별 분류(15049720)"
871410,87,제87류 철도용이나 궤도용 외의 차량과 그 부분품ㆍ부속품,모터사이클의 것[모페드(moped)의 것을 포함한다],운송장비,direct,A,제87류 철도 외 차량과 부품. KICOX '운송장비'에 직접 대응,31909001,(기타 수송장비 부품),2026,"관세청_HS부호(공공데이터포털 15049722, 2026-01-01 기준) + 관세청_HSK별 신성질별_성질별 분류(15049720)"
871420,87,제87류 철도용이나 궤도용 외의 차량과 그 부분품ㆍ부속품,,운송장비,direct,A,제87류 철도 외 차량과 부품. KICOX '운송장비'에 직접 대응,31060101,(자동차 부품),2026,"관세청_HS부호(공공데이터포털 15049722, 2026-01-01 기준) + 관세청_HSK별 신성질별_성질별 분류(15049720)"
871491,87,제87류 철도용이나 궤도용 외의 차량과 그 부분품ㆍ부속품,"프레임과 포크, 이들의 부분품",운송장비,direct,A,제87류 철도 외 차량과 부품. KICOX '운송장비'에 직접 대응,31060501,(자전거 부품),2026,"관세청_HS부호(공공데이터포털 15049722, 2026-01-01 기준) + 관세청_HSK별 신성질별_성질별 분류(15049720)"
871492,87,제87류 철도용이나 궤도용 외의 차량과 그 부분품ㆍ부속품,휠 림(wheel rim)과 스포크(spoke),운송장비,direct,A,제87류 철도 외 차량과 부품. KICOX '운송장비'에 직접 대응,31060501,(자전거 부품),2026,"관세청_HS부호(공공데이터포털 15049722, 2026-01-01 기준) + 관세청_HSK별 신성질별_성질별 분류(15049720)"
871493,87,제87류 철도용이나 궤도용 외의 차량과 그 부분품ㆍ부속품,"허브(hub)[코스터 브레이킹허브(coaster braking hub)와 허브브레이크(hub brake)는 제외한다], 프리휠(free-wheel) 스프로켓 휠(sprocket-wheel)",운송장비,direct,A,제87류 철도 외 차량과 부품. KICOX '운송장비'에 직접 대응,31060501,(자전거 부품),2026,"관세청_HS부호(공공데이터포털 15049722, 2026-01-01 기준) + 관세청_HSK별 신성질별_성질별 분류(15049720)"
871494,87,제87류 철도용이나 궤도용 외의 차량과 그 부분품ㆍ부속품,"브레이크[코스터 브레이킹허브(coaster braking hub)와 허브브레이크(hub brake)를 포함한다], 그 부분품",운송장비,direct,A,제87류 철도 외 차량과 부품. KICOX '운송장비'에 직접 대응,31060501,(자전거 부품),2026,"관세청_HS부호(공공데이터포털 15049722, 2026-01-01 기준) + 관세청_HSK별 신성질별_성질별 분류(15049720)"
871495,87,제87류 철도용이나 궤도용 외의 차량과 그 부분품ㆍ부속품,,운송장비,direct,A,제87류 철도 외 차량과 부품. KICOX '운송장비'에 직접 대응,31060501,(자전거 부품),2026,"관세청_HS부호(공공데이터포털 15049722, 2026-01-01 기준) + 관세청_HSK별 신성질별_성질별 분류(15049720)"
871496,87,제87류 철도용이나 궤도용 외의 차량과 그 부분품ㆍ부속품,"페달과 크랭크기어(crankgear), 이들의 부분품",운송장비,direct,A,제87류 철도 외 차량과 부품. KICOX '운송장비'에 직접 대응,31060501,(자전거 부품),2026,"관세청_HS부호(공공데이터포털 15049722, 2026-01-01 기준) + 관세청_HSK별 신성질별_성질별 분류(15049720)"
871499,87,제87류 철도용이나 궤도용 외의 차량과 그 부분품ㆍ부속품,,운송장비,direct,A,제87류 철도 외 차량과 부품. KICOX '운송장비'에 직접 대응,31060501,(자전거 부품),2026,"관세청_HS부호(공공데이터포털 15049722, 2026-01-01 기준) + 관세청_HSK별 신성질별_성질별 분류(15049720)"
871500,87,제87류 철도용이나 궤도용 외의 차량과 그 부분품ㆍ부속품,,운송장비,direct,A,제87류 철도 외 차량과 부품. KICOX '운송장비'에 직접 대응,31900101,(기타 수송장비),2026,"관세청_HS부호(공공데이터포털 15049722, 2026-01-01 기준) + 관세청_HSK별 신성질별_성질별 분류(15049720)"
871610,87,제87류 철도용이나 궤도용 외의 차량과 그 부분품ㆍ부속품,,운송장비,direct,A,제87류 철도 외 차량과 부품. KICOX '운송장비'에 직접 대응,31019001,(기타 자동차(수송장비)),2026,"관세청_HS부호(공공데이터포털 15049722, 2026-01-01 기준) + 관세청_HSK별 신성질별_성질별 분류(15049720)"
871620,87,제87류 철도용이나 궤도용 외의 차량과 그 부분품ㆍ부속품,,운송장비,direct,A,제87류 철도 외 차량과 부품. KICOX '운송장비'에 직접 대응,32030601,(경작기계),2026,"관세청_HS부호(공공데이터포털 15049722, 2026-01-01 기준) + 관세청_HSK별 신성질별_성질별 분류(15049720)"
871631,87,제87류 철도용이나 궤도용 외의 차량과 그 부분품ㆍ부속품,,운송장비,direct,A,제87류 철도 외 차량과 부품. KICOX '운송장비'에 직접 대응,31019001,(기타 자동차(수송장비)),2026,"관세청_HS부호(공공데이터포털 15049722, 2026-01-01 기준) + 관세청_HSK별 신성질별_성질별 분류(15049720)"
871639,87,제87류 철도용이나 궤도용 외의 차량과 그 부분품ㆍ부속품,,운송장비,direct,A,제87류 철도 외 차량과 부품. KICOX '운송장비'에 직접 대응,31019001,(기타 자동차(수송장비)),2026,"관세청_HS부호(공공데이터포털 15049722, 2026-01-01 기준) + 관세청_HSK별 신성질별_성질별 분류(15049720)"
871640,87,제87류 철도용이나 궤도용 외의 차량과 그 부분품ㆍ부속품,,운송장비,direct,A,제87류 철도 외 차량과 부품. KICOX '운송장비'에 직접 대응,31019001,(기타 자동차(수송장비)),2026,"관세청_HS부호(공공데이터포털 15049722, 2026-01-01 기준) + 관세청_HSK별 신성질별_성질별 분류(15049720)"
871680,87,제87류 철도용이나 궤도용 외의 차량과 그 부분품ㆍ부속품,그 밖의 차량,운송장비,direct,A,제87류 철도 외 차량과 부품. KICOX '운송장비'에 직접 대응,31019001,(기타 자동차(수송장비)),2026,"관세청_HS부호(공공데이터포털 15049722, 2026-01-01 기준) + 관세청_HSK별 신성질별_성질별 분류(15049720)"
871690,87,제87류 철도용이나 궤도용 외의 차량과 그 부분품ㆍ부속품,부분품,운송장비,direct,A,제87류 철도 외 차량과 부품. KICOX '운송장비'에 직접 대응,31060101,(자동차 부품),2026,"관세청_HS부호(공공데이터포털 15049722, 2026-01-01 기준) + 관세청_HSK별 신성질별_성질별 분류(15049720)"
890110,89,제89류 선박과 수상 구조물,,운송장비,direct,A,제89류 선박. KICOX '운송장비'(조선)에 직접 대응,31040101,(여객선),2026,"관세청_HS부호(공공데이터포털 15049722, 2026-01-01 기준) + 관세청_HSK별 신성질별_성질별 분류(15049720)"
890120,89,제89류 선박과 수상 구조물,,운송장비,direct,A,제89류 선박. KICOX '운송장비'(조선)에 직접 대응,31040201,(화물선),2026,"관세청_HS부호(공공데이터포털 15049722, 2026-01-01 기준) + 관세청_HSK별 신성질별_성질별 분류(15049720)"
890130,89,제89류 선박과 수상 구조물,,운송장비,direct,A,제89류 선박. KICOX '운송장비'(조선)에 직접 대응,31040201,(화물선),2026,"관세청_HS부호(공공데이터포털 15049722, 2026-01-01 기준) + 관세청_HSK별 신성질별_성질별 분류(15049720)"
890190,89,제89류 선박과 수상 구조물,그 밖의 화물선과 화객선,운송장비,direct,A,제89류 선박. KICOX '운송장비'(조선)에 직접 대응,31040201,(화물선),2026,"관세청_HS부호(공공데이터포털 15049722, 2026-01-01 기준) + 관세청_HSK별 신성질별_성질별 분류(15049720)"
890200,89,제89류 선박과 수상 구조물,,운송장비,direct,A,제89류 선박. KICOX '운송장비'(조선)에 직접 대응,,,2026,"관세청_HS부호(공공데이터포털 15049722, 2026-01-01 기준) + 관세청_HSK별 신성질별_성질별 분류(15049720)"
890311,89,제89류 선박과 수상 구조물,,운송장비,direct,A,제89류 선박. KICOX '운송장비'(조선)에 직접 대응,31040401,(요트),2026,"관세청_HS부호(공공데이터포털 15049722, 2026-01-01 기준) + 관세청_HSK별 신성질별_성질별 분류(15049720)"
890312,89,제89류 선박과 수상 구조물,,운송장비,direct,A,제89류 선박. KICOX '운송장비'(조선)에 직접 대응,31040401,(요트),2026,"관세청_HS부호(공공데이터포털 15049722, 2026-01-01 기준) + 관세청_HSK별 신성질별_성질별 분류(15049720)"
890319,89,제89류 선박과 수상 구조물,,운송장비,direct,A,제89류 선박. KICOX '운송장비'(조선)에 직접 대응,31040401,(요트),2026,"관세청_HS부호(공공데이터포털 15049722, 2026-01-01 기준) + 관세청_HSK별 신성질별_성질별 분류(15049720)"
890321,89,제89류 선박과 수상 구조물,,운송장비,direct,A,제89류 선박. KICOX '운송장비'(조선)에 직접 대응,31040401,(요트),2026,"관세청_HS부호(공공데이터포털 15049722, 2026-01-01 기준) + 관세청_HSK별 신성질별_성질별 분류(15049720)"
890322,89,제89류 선박과 수상 구조물,,운송장비,direct,A,제89류 선박. KICOX '운송장비'(조선)에 직접 대응,31040401,(요트),2026,"관세청_HS부호(공공데이터포털 15049722, 2026-01-01 기준) + 관세청_HSK별 신성질별_성질별 분류(15049720)"
890323,89,제89류 선박과 수상 구조물,,운송장비,direct,A,제89류 선박. KICOX '운송장비'(조선)에 직접 대응,31040401,(요트),2026,"관세청_HS부호(공공데이터포털 15049722, 2026-01-01 기준) + 관세청_HSK별 신성질별_성질별 분류(15049720)"
890331,89,제89류 선박과 수상 구조물,,운송장비,direct,A,제89류 선박. KICOX '운송장비'(조선)에 직접 대응,31040501,(모터보트),2026,"관세청_HS부호(공공데이터포털 15049722, 2026-01-01 기준) + 관세청_HSK별 신성질별_성질별 분류(15049720)"
890332,89,제89류 선박과 수상 구조물,,운송장비,direct,A,제89류 선박. KICOX '운송장비'(조선)에 직접 대응,31040501,(모터보트),2026,"관세청_HS부호(공공데이터포털 15049722, 2026-01-01 기준) + 관세청_HSK별 신성질별_성질별 분류(15049720)"
890333,89,제89류 선박과 수상 구조물,,운송장비,direct,A,제89류 선박. KICOX '운송장비'(조선)에 직접 대응,31040501,(모터보트),2026,"관세청_HS부호(공공데이터포털 15049722, 2026-01-01 기준) + 관세청_HSK별 신성질별_성질별 분류(15049720)"
890393,89,제89류 선박과 수상 구조물,길이가 7.5미터 이하인 것,운송장비,direct,A,제89류 선박. KICOX '운송장비'(조선)에 직접 대응,31040501,(모터보트),2026,"관세청_HS부호(공공데이터포털 15049722, 2026-01-01 기준) + 관세청_HSK별 신성질별_성질별 분류(15049720)"
890399,89,제89류 선박과 수상 구조물,기타,운송장비,direct,A,제89류 선박. KICOX '운송장비'(조선)에 직접 대응,31040501,(모터보트),2026,"관세청_HS부호(공공데이터포털 15049722, 2026-01-01 기준) + 관세청_HSK별 신성질별_성질별 분류(15049720)"
890400,89,제89류 선박과 수상 구조물,,운송장비,direct,A,제89류 선박. KICOX '운송장비'(조선)에 직접 대응,31040601,(예인선),2026,"관세청_HS부호(공공데이터포털 15049722, 2026-01-01 기준) + 관세청_HSK별 신성질별_성질별 분류(15049720)"
890510,89,제89류 선박과 수상 구조물,,운송장비,direct,A,제89류 선박. KICOX '운송장비'(조선)에 직접 대응,31049001,(기타 선박),2026,"관세청_HS부호(공공데이터포털 15049722, 2026-01-01 기준) + 관세청_HSK별 신성질별_성질별 분류(15049720)"
890520,89,제89류 선박과 수상 구조물,시추대나 작업대(물에 뜨거나 잠길 수 있는 것으로 한정한다),운송장비,direct,A,제89류 선박. KICOX '운송장비'(조선)에 직접 대응,31900101,(기타 수송장비),2026,"관세청_HS부호(공공데이터포털 15049722, 2026-01-01 기준) + 관세청_HSK별 신성질별_성질별 분류(15049720)"
890590,89,제89류 선박과 수상 구조물,기타,운송장비,direct,A,제89류 선박. KICOX '운송장비'(조선)에 직접 대응,31049001,(기타 선박),2026,"관세청_HS부호(공공데이터포털 15049722, 2026-01-01 기준) + 관세청_HSK별 신성질별_성질별 분류(15049720)"
890610,89,제89류 선박과 수상 구조물,,운송장비,direct,A,제89류 선박. KICOX '운송장비'(조선)에 직접 대응,31040701,(군함),2026,"관세청_HS부호(공공데이터포털 15049722, 2026-01-01 기준) + 관세청_HSK별 신성질별_성질별 분류(15049720)"
890690,89,제89류 선박과 수상 구조물,,운송장비,direct,A,제89류 선박. KICOX '운송장비'(조선)에 직접 대응,31049001,(기타 선박),2026,"관세청_HS부호(공공데이터포털 15049722, 2026-01-01 기준) + 관세청_HSK별 신성질별_성질별 분류(15049720)"
890710,89,제89류 선박과 수상 구조물,,운송장비,direct,A,제89류 선박. KICOX '운송장비'(조선)에 직접 대응,31900101,(기타 수송장비),2026,"관세청_HS부호(공공데이터포털 15049722, 2026-01-01 기준) + 관세청_HSK별 신성질별_성질별 분류(15049720)"
890790,89,제89류 선박과 수상 구조물,기타,운송장비,direct,A,제89류 선박. KICOX '운송장비'(조선)에 직접 대응,31900101,(기타 수송장비),2026,"관세청_HS부호(공공데이터포털 15049722, 2026-01-01 기준) + 관세청_HSK별 신성질별_성질별 분류(15049720)"
890800,89,제89류 선박과 수상 구조물,,운송장비,direct,A,제89류 선박. KICOX '운송장비'(조선)에 직접 대응,31900101,(기타 수송장비),2026,"관세청_HS부호(공공데이터포털 15049722, 2026-01-01 기준) + 관세청_HSK별 신성질별_성질별 분류(15049720)"
