industry,quarter,quarter_index,analysis_window_n,employment,employment_lag4,emp_delta,employment_yoy,production,production_lag4,production_yoy,state,run_length,run_left_censored,run_right_censored,previous_state,transition_type,g1_emp_abs_decline,g2_emp_rel_decline,g3_prod_decline_nominal,g4_delta00,g4_delta00_left_censored,g4_delta00_open_run,g4_delta00_window_saturated,g4_delta00_start_after_break,g4_delta05,g4_delta05_left_censored,g4_delta05_open_run,g4_delta05_window_saturated,g4_delta05_start_after_break,g4_delta10,g4_delta10_left_censored,g4_delta10_open_run,g4_delta10_window_saturated,g4_delta10_start_after_break,state_t0,state_t05,state_t10,state_t20,threshold_flag,first_neutral_threshold,core_data_status,scorable,unscorable_reason,unscorable_root_cause,unscorable_propagation,q1_routing_status,residual_category,routeability_status,emp_qoq_delta,qoq_recovery_while_yoy_below,firm_count_delta_qoq,firm_count_delta_yoy,firm_count_changed_yoy,emp_per_firm,small_firm_count_flag,small_firm_caution,firms_op,firms_op_lag4,firms_in,firms_op_yoy,recent4_emp_yoy_negative_count,recent4_emp_valid_n,emp_yoy_negative_entry,employment_share_pct,mfg_emp_delta,net_gross_ratio,contrib_usable,contribution_pct,proportional_expected_delta,excess_delta,op_rate_used,op_rate_used_source,op_rate_is_approx,op_rate_used_yoy_pp,op_rate_yoy_basis,op_rate_prod_direction_differs,ppi_source,ppi_candidate_n,ppi_candidate_items,ppi_yoy_min,ppi_yoy_max,ppi_adjusted_prod_yoy_lower,ppi_adjusted_prod_yoy_upper,ppi_direction_status,ppi_comparison_reason,ppi_alt_state_set,ppi_alt_state_all_same,ppi_mapping_review_type,ppi_mapping_confirmed,ppi_mapping_confirmation_status,run_id,run_started_at,input_sha256,input_sha256_raw_bytes,model_spec_version,parameter_set_id,parameter_status,effective_parameter_status,parameter_file_sha256
기계,2022Q1,208,18,62805.0,65199.0,-2394.0,-3.6718354575990375,45395.66533,39493.49277,14.944670997758426,S2,1.0,True,False,,S2->S2,2394.0,3.6718354575990375,0.0,1,True,False,False,False,1,True,False,False,False,1,True,False,False,False,S2,S2,S2,S2,STABLE_2_0,,COMPLETE,True,,,,ROUTABLE_S2,False,SINGLE_INDUSTRY_CATEGORY,,,,-18.0,True,43.16494845360825,False,,1455.0,1473.0,1511.0,-1.2219959266802416,1,1,,53.54493836001841,280.0,0.04953998584571833,False,,156.01312663441982,-2550.0131266344197,77.73051687,op_rate_approx,True,1.2625845099999964,SAME_SOURCE,False,PPI_candidate_quarterly_yoy.csv,1,기계및장비,4.590678418803429,4.590678418803429,9.899536684804167,9.899536684804167,SAME_ALL,COMPARABLE,S2,True,단일 후보·근접 분류,False,NOT_CONFIRMED,20260916T061849980743Z-d1794cbf,2026-09-16T06:18:49.980743+00:00,58499908a6af50344a1362c55c840a58cfd80d4373c7098c4c97a9e0271a573b,9eab0a418a59d45db45d451cd60b05233a7a4f1c756a49150fbd3e50c78ddd6a,changwon-transition-diagnosis-model/1.0.0,changwon-electre-pilot-v1,SCENARIO_REGISTERED,SCENARIO_REGISTERED,bef58985e0714e5a149bbbbf667ed271296f86fc1b7d056f18d3518723da70f0
기계,2022Q2,209,18,62203.0,64728.0,-2525.0,-3.9009393152885874,46598.71267,43263.61685,7.70877717312255,S2,2.0,True,False,S2,S2->S2,2525.0,3.9009393152885874,0.0,2,True,False,False,False,2,True,False,False,False,2,True,False,False,False,S2,S2,S2,S2,STABLE_2_0,,COMPLETE,True,,,,ROUTABLE_S2,False,SINGLE_INDUSTRY_CATEGORY,-602.0,False,2.0,-4.0,True,42.692518874399454,False,,1457.0,1461.0,1522.0,-0.2737850787132068,2,2,False,53.23411611666439,-70.0,0.011990407673860911,False,,-38.75331428864675,-2486.246685711353,80.90615908,op_rate_approx,True,2.28471098,SAME_SOURCE,False,PPI_candidate_quarterly_yoy.csv,1,기계및장비,5.603806861668503,5.603806861668503,1.9932712408856412,1.9932712408856412,SAME_ALL,COMPARABLE,S2,True,단일 후보·근접 분류,False,NOT_CONFIRMED,20260916T061849980743Z-d1794cbf,2026-09-16T06:18:49.980743+00:00,58499908a6af50344a1362c55c840a58cfd80d4373c7098c4c97a9e0271a573b,9eab0a418a59d45db45d451cd60b05233a7a4f1c756a49150fbd3e50c78ddd6a,changwon-transition-diagnosis-model/1.0.0,changwon-electre-pilot-v1,SCENARIO_REGISTERED,SCENARIO_REGISTERED,bef58985e0714e5a149bbbbf667ed271296f86fc1b7d056f18d3518723da70f0
기계,2022Q3,210,18,61680.0,64112.0,-2432.0,-3.7933616171699542,45784.71976,41697.10204,9.803121847841489,S2,3.0,True,False,S2,S2->S4,2432.0,3.7933616171699542,0.0,3,True,False,False,False,3,True,False,False,False,3,True,False,False,False,S2,S2,S2,S2,STABLE_2_0,,COMPLETE,True,,,,ROUTABLE_S2,False,SINGLE_INDUSTRY_CATEGORY,-523.0,False,-13.0,-14.0,True,42.714681440443215,False,,1444.0,1458.0,1512.0,-0.9602194787380004,3,3,False,53.319963001063286,-266.0,0.05453054530545305,False,,-147.0851869420846,-2284.9148130579156,76.31102524,op_rate_approx,True,3.2322821400000095,SAME_SOURCE,False,PPI_candidate_quarterly_yoy.csv,1,기계및장비,5.902253169546068,5.902253169546068,3.6834614576615854,3.6834614576615854,SAME_ALL,COMPARABLE,S2,True,단일 후보·근접 분류,False,NOT_CONFIRMED,20260916T061849980743Z-d1794cbf,2026-09-16T06:18:49.980743+00:00,58499908a6af50344a1362c55c840a58cfd80d4373c7098c4c97a9e0271a573b,9eab0a418a59d45db45d451cd60b05233a7a4f1c756a49150fbd3e50c78ddd6a,changwon-transition-diagnosis-model/1.0.0,changwon-electre-pilot-v1,SCENARIO_REGISTERED,SCENARIO_REGISTERED,bef58985e0714e5a149bbbbf667ed271296f86fc1b7d056f18d3518723da70f0
기계,2022Q4,211,18,60589.0,63534.0,-2945.0,-4.635313375515471,43131.31384666667,47110.82155,-8.447120157116705,S4,1.0,False,False,S2,S4->S4,2945.0,4.635313375515471,8.447120157116705,4,True,False,False,False,4,True,False,False,False,4,True,False,False,False,S4,S4,S4,S4,STABLE_2_0,,COMPLETE,True,,,,ROUTABLE_S4,False,SINGLE_INDUSTRY_CATEGORY,-1091.0,False,11.0,-6.0,True,41.64192439862543,False,,1455.0,1461.0,1521.0,-0.4106776180698102,4,4,False,53.936955302537996,-3381.0,0.7354796606482489,True,87.10440698018338,-1856.3739391949118,-1088.6260608050882,77.9403692296882,op_rate_approx,True,-6.373717240311805,SAME_SOURCE,False,PPI_candidate_quarterly_yoy.csv,1,기계및장비,4.222394520902006,4.222394520902006,-12.156230660655009,-12.156230660655009,SAME_ALL,COMPARABLE,S4,True,단일 후보·근접 분류,False,NOT_CONFIRMED,20260916T061849980743Z-d1794cbf,2026-09-16T06:18:49.980743+00:00,58499908a6af50344a1362c55c840a58cfd80d4373c7098c4c97a9e0271a573b,9eab0a418a59d45db45d451cd60b05233a7a4f1c756a49150fbd3e50c78ddd6a,changwon-transition-diagnosis-model/1.0.0,changwon-electre-pilot-v1,SCENARIO_REGISTERED,SCENARIO_REGISTERED,bef58985e0714e5a149bbbbf667ed271296f86fc1b7d056f18d3518723da70f0
기계,2023Q1,212,18,56683.0,62805.0,-6122.0,-9.747631557996971,43783.11930276925,45395.66533,-3.5522026508665205,S4,2.0,False,False,S4,S4->S2,6122.0,9.747631557996971,3.5522026508665205,5,True,False,False,False,5,True,False,False,False,5,True,False,False,False,S4,S4,S4,S4,STABLE_2_0,,COMPLETE,True,,,,ROUTABLE_S4,False,SINGLE_INDUSTRY_CATEGORY,-3906.0,False,0.0,0.0,False,38.9573883161512,False,,1455.0,1455.0,1525.0,0.0,4,4,False,49.84303966655821,-3571.0,0.3711672383328136,True,171.43657238868664,-1912.0897488362575,-4209.910251163743,75.82136824877699,op_rate_approx,True,-1.9091486212230109,SAME_SOURCE,False,PPI_candidate_quarterly_yoy.csv,1,기계및장비,3.591151402943149,3.591151402943149,-6.895718366932558,-6.895718366932558,SAME_ALL,COMPARABLE,S4,True,단일 후보·근접 분류,False,NOT_CONFIRMED,20260916T061849980743Z-d1794cbf,2026-09-16T06:18:49.980743+00:00,58499908a6af50344a1362c55c840a58cfd80d4373c7098c4c97a9e0271a573b,9eab0a418a59d45db45d451cd60b05233a7a4f1c756a49150fbd3e50c78ddd6a,changwon-transition-diagnosis-model/1.0.0,changwon-electre-pilot-v1,SCENARIO_REGISTERED,SCENARIO_REGISTERED,bef58985e0714e5a149bbbbf667ed271296f86fc1b7d056f18d3518723da70f0
기계,2023Q2,213,18,56736.0,62203.0,-5467.0,-8.788965162451968,46779.95319025642,46598.71267,0.3889388995355292,S2,1.0,False,False,S4,S2->S4,5467.0,8.788965162451968,0.0,6,True,False,False,False,6,True,False,False,False,6,True,False,False,False,S2,N,N,N,SENSITIVE_0_5,0.5,COMPLETE,True,,,,ROUTABLE_S2,False,SINGLE_INDUSTRY_CATEGORY,53.0,True,5.0,3.0,True,38.86027397260274,False,,1460.0,1457.0,1530.0,0.205902539464664,4,4,False,50.049400141143266,-3488.0,0.42966247844296623,True,156.7373853211009,-1856.8059701492539,-3610.194029850746,78.0547293009608,op_rate_approx,True,-2.8514297790391936,SAME_SOURCE,True,PPI_candidate_quarterly_yoy.csv,1,기계및장비,2.7540570348195903,2.7540570348195903,-2.301727253924979,-2.301727253924979,OPPOSITE_ALL,COMPARABLE,S4,True,단일 후보·근접 분류,False,NOT_CONFIRMED,20260916T061849980743Z-d1794cbf,2026-09-16T06:18:49.980743+00:00,58499908a6af50344a1362c55c840a58cfd80d4373c7098c4c97a9e0271a573b,9eab0a418a59d45db45d451cd60b05233a7a4f1c756a49150fbd3e50c78ddd6a,changwon-transition-diagnosis-model/1.0.0,changwon-electre-pilot-v1,SCENARIO_REGISTERED,SCENARIO_REGISTERED,bef58985e0714e5a149bbbbf667ed271296f86fc1b7d056f18d3518723da70f0
기계,2023Q3,214,18,56526.0,61680.0,-5154.0,-8.356031128404673,44858.85667900002,45784.71976,-2.0222097805846277,S4,1.0,False,True,S2,,5154.0,8.356031128404673,2.0222097805846277,7,True,False,False,False,7,True,False,False,False,7,True,False,False,False,S4,S4,S4,S4,STABLE_2_0,,COMPLETE,True,,,,ROUTABLE_S4,False,SINGLE_INDUSTRY_CATEGORY,-210.0,False,-4.0,12.0,True,38.8228021978022,False,,1456.0,1444.0,1525.0,0.8310249307479145,4,4,False,49.807909206259694,-2191.0,0.2515210653197107,False,,-1168.2403893532967,-3985.7596106467035,75.99927126026344,op_rate_approx,True,-0.31175397973656516,SAME_SOURCE,False,PPI_candidate_quarterly_yoy.csv,1,기계및장비,1.4235648047638216,1.4235648047638216,-3.397410248773469,-3.397410248773469,SAME_ALL,COMPARABLE,S4,True,단일 후보·근접 분류,False,NOT_CONFIRMED,20260916T061849980743Z-d1794cbf,2026-09-16T06:18:49.980743+00:00,58499908a6af50344a1362c55c840a58cfd80d4373c7098c4c97a9e0271a573b,9eab0a418a59d45db45d451cd60b05233a7a4f1c756a49150fbd3e50c78ddd6a,changwon-transition-diagnosis-model/1.0.0,changwon-electre-pilot-v1,SCENARIO_REGISTERED,SCENARIO_REGISTERED,bef58985e0714e5a149bbbbf667ed271296f86fc1b7d056f18d3518723da70f0
기계,2023Q4,215,18,56487.0,60589.0,-4102.0,-6.770205812936336,,43131.31384666667,,INVALID,,False,False,S4,,4102.0,6.770205812936336,,8,True,False,False,False,8,True,False,False,False,8,True,False,False,False,INVALID,INVALID,INVALID,INVALID,INVALID,,PROD_YOY_MISSING,False,PROD_YOY_MISSING,2023Q4_PRODUCTION_SOURCE_MISSING,,DATA_REVIEW,False,SINGLE_INDUSTRY_CATEGORY,-39.0,False,3.0,4.0,True,38.716244002741604,False,,1459.0,1455.0,1528.0,0.274914089347078,4,4,False,49.76345904802178,1178.0,0.12379150903741068,False,,635.3773334638976,-4737.377333463897,78.86420553665049,op_rate_approx,True,0.9238363069622864,SAME_SOURCE,,PPI_candidate_quarterly_yoy.csv,1,기계및장비,,,,,NOT_COMPARABLE,NOMINAL_PRODUCTION_YOY_MISSING,,,단일 후보·근접 분류,False,NOT_CONFIRMED,20260916T061849980743Z-d1794cbf,2026-09-16T06:18:49.980743+00:00,58499908a6af50344a1362c55c840a58cfd80d4373c7098c4c97a9e0271a573b,9eab0a418a59d45db45d451cd60b05233a7a4f1c756a49150fbd3e50c78ddd6a,changwon-transition-diagnosis-model/1.0.0,changwon-electre-pilot-v1,SCENARIO_REGISTERED,SCENARIO_REGISTERED,bef58985e0714e5a149bbbbf667ed271296f86fc1b7d056f18d3518723da70f0
기계,2024Q1,216,18,56321.0,56683.0,-362.0,-0.6386394509817706,50754.041424,43783.11930276925,15.921483512916002,S2,1.0,True,False,INVALID,S2->S1,362.0,0.6386394509817706,0.0,9,True,False,False,False,9,True,False,False,False,0,False,False,False,False,S2,S2,N,N,SENSITIVE_1_0,1.0,COMPLETE,True,,,,ROUTABLE_S2,False,SINGLE_INDUSTRY_CATEGORY,-166.0,False,10.0,14.0,True,38.339686861810755,False,,1469.0,1455.0,1536.0,0.9621993127147732,4,4,False,49.40785318267948,269.0,0.2506989748369059,False,,134.0777767030416,-496.0777767030416,76.30885327240794,op_rate_approx,True,0.4874850236309527,SAME_SOURCE,False,PPI_candidate_quarterly_yoy.csv,1,기계및장비,1.7102181683717357,1.7102181683717357,13.97230838795258,13.97230838795258,SAME_ALL,COMPARABLE,S2,True,단일 후보·근접 분류,False,NOT_CONFIRMED,20260916T061849980743Z-d1794cbf,2026-09-16T06:18:49.980743+00:00,58499908a6af50344a1362c55c840a58cfd80d4373c7098c4c97a9e0271a573b,9eab0a418a59d45db45d451cd60b05233a7a4f1c756a49150fbd3e50c78ddd6a,changwon-transition-diagnosis-model/1.0.0,changwon-electre-pilot-v1,SCENARIO_REGISTERED,SCENARIO_REGISTERED,bef58985e0714e5a149bbbbf667ed271296f86fc1b7d056f18d3518723da70f0
기계,2024Q2,217,18,58282.0,56736.0,1546.0,2.7249012972363262,54973.24675475004,46779.95319025642,17.514539895264726,S1,1.0,False,True,S2,S1->S1,0.0,0.0,0.0,0,False,False,False,False,0,False,False,False,False,0,False,False,False,False,S1,S1,S1,S1,STABLE_2_0,,COMPLETE,True,,,,ROUTABLE_S1,False,SINGLE_INDUSTRY_CATEGORY,1961.0,False,-3.0,6.0,True,39.755798090040926,False,,1466.0,1460.0,1546.0,0.4109589041095818,3,4,False,50.11393047231705,2939.0,0.9702872235061076,True,52.602926165362376,1470.9518701482004,75.04812985179956,79.53408182108247,op_rate_official,False,,MIXED_SOURCE_NOT_COMPUTED,,PPI_candidate_quarterly_yoy.csv,1,기계및장비,1.5210524701769534,1.5210524701769534,15.753862904234616,15.753862904234616,SAME_ALL,COMPARABLE,S1,True,단일 후보·근접 분류,False,NOT_CONFIRMED,20260916T061849980743Z-d1794cbf,2026-09-16T06:18:49.980743+00:00,58499908a6af50344a1362c55c840a58cfd80d4373c7098c4c97a9e0271a573b,9eab0a418a59d45db45d451cd60b05233a7a4f1c756a49150fbd3e50c78ddd6a,changwon-transition-diagnosis-model/1.0.0,changwon-electre-pilot-v1,SCENARIO_REGISTERED,SCENARIO_REGISTERED,bef58985e0714e5a149bbbbf667ed271296f86fc1b7d056f18d3518723da70f0
기계,2024Q3,218,18,58477.0,56526.0,1951.0,3.4515090400877524,54672.122736750025,44858.85667900002,21.87587197768224,S1,2.0,False,True,S1,,0.0,0.0,0.0,0,False,False,False,False,0,False,False,False,False,0,False,False,False,False,S1,S1,S1,S1,STABLE_2_0,,COMPLETE,True,,,,ROUTABLE_S1,False,SINGLE_INDUSTRY_CATEGORY,195.0,False,-3.0,7.0,True,39.97060833902939,False,,1463.0,1456.0,1546.0,0.480769230769229,2,4,False,50.22416517795795,2944.0,0.9602087410306588,True,66.27038043478261,1466.3448470322853,484.6551529677147,77.87633742978133,op_rate_official,False,,MIXED_SOURCE_NOT_COMPUTED,,PPI_candidate_quarterly_yoy.csv,1,기계및장비,1.6940859886245496,1.6940859886245496,19.84558471897295,19.84558471897295,SAME_ALL,COMPARABLE,S1,True,단일 후보·근접 분류,False,NOT_CONFIRMED,20260916T061849980743Z-d1794cbf,2026-09-16T06:18:49.980743+00:00,58499908a6af50344a1362c55c840a58cfd80d4373c7098c4c97a9e0271a573b,9eab0a418a59d45db45d451cd60b05233a7a4f1c756a49150fbd3e50c78ddd6a,changwon-transition-diagnosis-model/1.0.0,changwon-electre-pilot-v1,SCENARIO_REGISTERED,SCENARIO_REGISTERED,bef58985e0714e5a149bbbbf667ed271296f86fc1b7d056f18d3518723da70f0
기계,2024Q4,219,18,55959.0,56487.0,-528.0,-0.9347283445748532,52778.54172229284,,,INVALID,,False,False,S1,,528.0,0.9347283445748532,,1,False,False,False,False,1,False,False,False,False,0,False,False,False,False,INVALID,INVALID,INVALID,INVALID,INVALID,,PROD_YOY_MISSING,False,PROD_YOY_MISSING,2023Q4_PRODUCTION_SOURCE_MISSING,LAG4_FROM_2023Q4_SOURCE_MISSING,DATA_REVIEW,False,SINGLE_INDUSTRY_CATEGORY,-2518.0,False,6.0,10.0,True,38.093260721579306,False,,1469.0,1459.0,1550.0,0.6854009595613331,2,4,True,48.8409237697907,1063.0,0.4816492976891708,True,-49.67074317968015,528.9855696804715,-1056.9855696804716,76.9252196840637,op_rate_official,False,,MIXED_SOURCE_NOT_COMPUTED,,PPI_candidate_quarterly_yoy.csv,1,기계및장비,,,,,NOT_COMPARABLE,NOMINAL_PRODUCTION_YOY_MISSING,,,단일 후보·근접 분류,False,NOT_CONFIRMED,20260916T061849980743Z-d1794cbf,2026-09-16T06:18:49.980743+00:00,58499908a6af50344a1362c55c840a58cfd80d4373c7098c4c97a9e0271a573b,9eab0a418a59d45db45d451cd60b05233a7a4f1c756a49150fbd3e50c78ddd6a,changwon-transition-diagnosis-model/1.0.0,changwon-electre-pilot-v1,SCENARIO_REGISTERED,SCENARIO_REGISTERED,bef58985e0714e5a149bbbbf667ed271296f86fc1b7d056f18d3518723da70f0
기계,2025Q1,220,18,60029.0,56321.0,3708.0,6.583689920278402,58847.16777272728,50754.041424,15.94577716701846,S1,1.0,True,False,INVALID,S1->S1,0.0,0.0,0.0,0,False,False,False,False,0,False,False,False,False,0,False,False,False,False,S1,S1,S1,S1,STABLE_2_0,,COMPLETE,True,,,,ROUTABLE_S1,False,SINGLE_INDUSTRY_CATEGORY,4070.0,False,-7.0,-7.0,True,41.05950752393981,False,,1462.0,1469.0,1540.0,-0.4765146358066685,1,4,False,51.34633478744334,2918.0,0.498122226015705,True,127.07333790267306,1441.7211558705874,2266.2788441294124,81.74595656889782,op_rate_official,False,,MIXED_SOURCE_NOT_COMPUTED,,PPI_candidate_quarterly_yoy.csv,1,기계및장비,1.1815675462780728,1.1815675462780728,14.591797674994101,14.591797674994101,SAME_ALL,COMPARABLE,S1,True,단일 후보·근접 분류,False,NOT_CONFIRMED,20260916T061849980743Z-d1794cbf,2026-09-16T06:18:49.980743+00:00,58499908a6af50344a1362c55c840a58cfd80d4373c7098c4c97a9e0271a573b,9eab0a418a59d45db45d451cd60b05233a7a4f1c756a49150fbd3e50c78ddd6a,changwon-transition-diagnosis-model/1.0.0,changwon-electre-pilot-v1,SCENARIO_REGISTERED,SCENARIO_REGISTERED,bef58985e0714e5a149bbbbf667ed271296f86fc1b7d056f18d3518723da70f0
기계,2025Q2,221,18,62763.0,58282.0,4481.0,7.688480148244747,66747.17383,54973.24675475004,21.41755812200161,S1,2.0,True,False,S1,S1->S3,0.0,0.0,0.0,0,False,False,False,False,0,False,False,False,False,0,False,False,False,False,S1,S1,S1,S1,STABLE_2_0,,COMPLETE,True,,,,ROUTABLE_S1,False,SINGLE_INDUSTRY_CATEGORY,2734.0,False,-9.0,-13.0,True,43.19545767377839,False,,1453.0,1466.0,1535.0,-0.8867667121418843,1,4,False,52.670314361961026,2863.0,0.3998044965786901,True,156.51414600069856,1434.7618294224371,3046.238170577563,85.50016256,op_rate_official,False,5.96608073891754,SAME_SOURCE,False,PPI_candidate_quarterly_yoy.csv,1,기계및장비,1.298897447515479,1.298897447515479,19.860690670310532,19.860690670310532,SAME_ALL,COMPARABLE,S1,True,단일 후보·근접 분류,False,NOT_CONFIRMED,20260916T061849980743Z-d1794cbf,2026-09-16T06:18:49.980743+00:00,58499908a6af50344a1362c55c840a58cfd80d4373c7098c4c97a9e0271a573b,9eab0a418a59d45db45d451cd60b05233a7a4f1c756a49150fbd3e50c78ddd6a,changwon-transition-diagnosis-model/1.0.0,changwon-electre-pilot-v1,SCENARIO_REGISTERED,SCENARIO_REGISTERED,bef58985e0714e5a149bbbbf667ed271296f86fc1b7d056f18d3518723da70f0
기계,2025Q3,222,18,60445.0,58477.0,1968.0,3.3654257229338125,54619.3335,54672.122736750025,-0.0965560400941645,S3,1.0,False,False,S1,S3->S1,0.0,0.0,0.0965560400941645,0,False,False,False,False,0,False,False,False,False,0,False,False,False,False,S3,N,N,N,SENSITIVE_0_5,0.5,COMPLETE,True,,,,ROUTABLE_S3,False,SINGLE_INDUSTRY_CATEGORY,-2318.0,False,1.0,-9.0,True,41.57152682255846,False,,1454.0,1463.0,1541.0,-0.6151742993848242,1,4,False,51.82451086304165,202.0,0.04713019132057863,False,,101.45281365947505,1866.547186340525,80.42348571,op_rate_official,False,2.5471482802186642,SAME_SOURCE,True,PPI_candidate_quarterly_yoy.csv,1,기계및장비,0.8269184508058691,0.8269184508058691,-0.9159007387006479,-0.9159007387006479,SAME_ALL,COMPARABLE,S3,True,단일 후보·근접 분류,False,NOT_CONFIRMED,20260916T061849980743Z-d1794cbf,2026-09-16T06:18:49.980743+00:00,58499908a6af50344a1362c55c840a58cfd80d4373c7098c4c97a9e0271a573b,9eab0a418a59d45db45d451cd60b05233a7a4f1c756a49150fbd3e50c78ddd6a,changwon-transition-diagnosis-model/1.0.0,changwon-electre-pilot-v1,SCENARIO_REGISTERED,SCENARIO_REGISTERED,bef58985e0714e5a149bbbbf667ed271296f86fc1b7d056f18d3518723da70f0
기계,2025Q4,223,18,59349.0,55959.0,3390.0,6.0580067549455885,54735.27441,52778.54172229284,3.707439849329264,S1,1.0,False,False,S3,S1->S4,0.0,0.0,0.0,0,False,False,False,False,0,False,False,False,False,0,False,False,False,False,S1,S1,S1,S1,STABLE_2_0,,COMPLETE,True,,,,ROUTABLE_S1,False,SINGLE_INDUSTRY_CATEGORY,-1096.0,False,3.0,-12.0,True,40.73369938229238,False,,1457.0,1469.0,1553.0,-0.8168822328114334,0,4,False,51.40800540507765,873.0,0.13470143496374015,False,,426.38126451027284,2963.618735489727,80.3061316,op_rate_official,False,3.380911915936295,SAME_SOURCE,False,PPI_candidate_quarterly_yoy.csv,1,기계및장비,0.9856065386580016,0.9856065386580016,2.6952685674362264,2.6952685674362264,SAME_ALL,COMPARABLE,S1,True,단일 후보·근접 분류,False,NOT_CONFIRMED,20260916T061849980743Z-d1794cbf,2026-09-16T06:18:49.980743+00:00,58499908a6af50344a1362c55c840a58cfd80d4373c7098c4c97a9e0271a573b,9eab0a418a59d45db45d451cd60b05233a7a4f1c756a49150fbd3e50c78ddd6a,changwon-transition-diagnosis-model/1.0.0,changwon-electre-pilot-v1,SCENARIO_REGISTERED,SCENARIO_REGISTERED,bef58985e0714e5a149bbbbf667ed271296f86fc1b7d056f18d3518723da70f0
기계,2026Q1,224,18,58888.0,60029.0,-1141.0,-1.900747971813621,53182.39562121213,58847.16777272728,-9.626244330726308,S4,1.0,False,True,S1,S4->S4,1141.0,1.900747971813621,9.626244330726308,1,False,True,False,False,1,False,True,False,False,1,False,True,False,False,S4,S4,S4,N,SENSITIVE_2_0,2.0,COMPLETE,True,,,,ROUTABLE_S4,False,SINGLE_INDUSTRY_CATEGORY,-461.0,False,5.0,0.0,False,40.27906976744186,False,,1462.0,1462.0,1559.0,0.0,1,4,True,51.231458523641734,-1965.0,0.978098556495769,True,58.06615776081425,-1008.9554785732615,-132.04452142673847,81.20676732960955,op_rate_official,False,-0.5391892392882767,SAME_SOURCE,False,PPI_candidate_quarterly_yoy.csv,1,기계및장비,0.961164176423024,0.961164176423024,-10.48661492120726,-10.48661492120726,SAME_ALL,COMPARABLE,S4,True,단일 후보·근접 분류,False,NOT_CONFIRMED,20260916T061849980743Z-d1794cbf,2026-09-16T06:18:49.980743+00:00,58499908a6af50344a1362c55c840a58cfd80d4373c7098c4c97a9e0271a573b,9eab0a418a59d45db45d451cd60b05233a7a4f1c756a49150fbd3e50c78ddd6a,changwon-transition-diagnosis-model/1.0.0,changwon-electre-pilot-v1,SCENARIO_REGISTERED,SCENARIO_REGISTERED,bef58985e0714e5a149bbbbf667ed271296f86fc1b7d056f18d3518723da70f0
기계,2026Q2,225,18,58784.0,62763.0,-3979.0,-6.339722447939078,53699.86956060604,66747.17383,-19.547350877543444,S4,2.0,False,True,S4,,3979.0,6.339722447939078,19.547350877543444,2,False,True,False,False,2,False,True,False,False,2,False,True,False,False,S4,S4,S4,S4,STABLE_2_0,,COMPLETE,True,,,,ROUTABLE_S4,False,SINGLE_INDUSTRY_CATEGORY,-104.0,False,-4.0,5.0,True,40.31824417009602,False,,1458.0,1453.0,1556.0,0.3441156228492836,2,4,False,51.19219716102064,-4332.0,0.9648106904231626,True,91.85133887349953,-2281.6780181601516,-1697.3219818398484,80.61136243111459,op_rate_official,False,-4.888800128885421,SAME_SOURCE,False,PPI_candidate_quarterly_yoy.csv,1,기계및장비,1.258386760101371,1.258386760101371,-20.547174711500393,-20.547174711500393,SAME_ALL,COMPARABLE,S4,True,단일 후보·근접 분류,False,NOT_CONFIRMED,20260916T061849980743Z-d1794cbf,2026-09-16T06:18:49.980743+00:00,58499908a6af50344a1362c55c840a58cfd80d4373c7098c4c97a9e0271a573b,9eab0a418a59d45db45d451cd60b05233a7a4f1c756a49150fbd3e50c78ddd6a,changwon-transition-diagnosis-model/1.0.0,changwon-electre-pilot-v1,SCENARIO_REGISTERED,SCENARIO_REGISTERED,bef58985e0714e5a149bbbbf667ed271296f86fc1b7d056f18d3518723da70f0
기타,2022Q1,208,18,195.0,198.0,-3.0,-1.5151515151515138,161.92000001,182.26055556,-11.160152281717316,S4,1.0,True,True,,S4->S4,3.0,1.5151515151515138,11.160152281717316,1,True,False,False,False,1,True,False,False,False,1,True,False,False,False,S4,S4,S4,N,SENSITIVE_2_0,2.0,COMPLETE,True,,,,ROUTABLE_S4,True,REQUIRES_DISAGGREGATION,,,,-3.0,True,8.125,False,,24.0,27.0,25.0,-11.111111111111116,1,1,,0.1662489129878766,280.0,0.04953998584571833,False,,0.47378946109012593,-3.473789461090126,77.52522324,op_rate_approx,True,-11.38192549,SAME_SOURCE,False,PPI_candidate_quarterly_yoy.csv,,,,,,,NOT_COMPARABLE,NO_MAPPING_CANDIDATE,,,매핑 불가,False,NOT_CONFIRMED,20260916T061849980743Z-d1794cbf,2026-09-16T06:18:49.980743+00:00,58499908a6af50344a1362c55c840a58cfd80d4373c7098c4c97a9e0271a573b,9eab0a418a59d45db45d451cd60b05233a7a4f1c756a49150fbd3e50c78ddd6a,changwon-transition-diagnosis-model/1.0.0,changwon-electre-pilot-v1,SCENARIO_REGISTERED,SCENARIO_REGISTERED,bef58985e0714e5a149bbbbf667ed271296f86fc1b7d056f18d3518723da70f0
기타,2022Q2,209,18,194.0,197.0,-3.0,-1.5228426395939132,130.69000001,164.20666667,-20.41127034589721,S4,2.0,True,True,S4,S4->S4,3.0,1.5228426395939132,20.41127034589721,2,True,False,False,False,2,True,False,False,False,2,True,False,False,False,S4,S4,S4,N,SENSITIVE_2_0,2.0,COMPLETE,True,,,,ROUTABLE_S4,True,REQUIRES_DISAGGREGATION,-1.0,False,0.0,-3.0,True,8.083333333333334,False,,24.0,27.0,25.0,-11.111111111111116,2,2,False,0.16602765986580859,-70.0,0.011990407673860911,False,,-0.11794591080928514,-2.882054089190715,78.53378616,op_rate_approx,True,7.530562190000012,SAME_SOURCE,True,PPI_candidate_quarterly_yoy.csv,,,,,,,NOT_COMPARABLE,NO_MAPPING_CANDIDATE,,,매핑 불가,False,NOT_CONFIRMED,20260916T061849980743Z-d1794cbf,2026-09-16T06:18:49.980743+00:00,58499908a6af50344a1362c55c840a58cfd80d4373c7098c4c97a9e0271a573b,9eab0a418a59d45db45d451cd60b05233a7a4f1c756a49150fbd3e50c78ddd6a,changwon-transition-diagnosis-model/1.0.0,changwon-electre-pilot-v1,SCENARIO_REGISTERED,SCENARIO_REGISTERED,bef58985e0714e5a149bbbbf667ed271296f86fc1b7d056f18d3518723da70f0
기타,2022Q3,210,18,194.0,200.0,-6.0,-3.0000000000000027,132.36000001,152.16333334,-13.014523864136596,S4,3.0,True,True,S4,S4->S4,6.0,3.0000000000000027,13.014523864136596,3,True,False,False,False,3,True,False,False,False,3,True,False,False,False,S4,S4,S4,S4,STABLE_2_0,,COMPLETE,True,,,,ROUTABLE_S4,True,REQUIRES_DISAGGREGATION,0.0,False,-1.0,-3.0,True,8.434782608695652,False,,23.0,26.0,24.0,-11.538461538461542,3,3,False,0.1677054608010097,-266.0,0.05453054530545305,False,,-0.45883824227004183,-5.541161757729959,78.92982355,op_rate_approx,True,11.317518859999993,SAME_SOURCE,True,PPI_candidate_quarterly_yoy.csv,,,,,,,NOT_COMPARABLE,NO_MAPPING_CANDIDATE,,,매핑 불가,False,NOT_CONFIRMED,20260916T061849980743Z-d1794cbf,2026-09-16T06:18:49.980743+00:00,58499908a6af50344a1362c55c840a58cfd80d4373c7098c4c97a9e0271a573b,9eab0a418a59d45db45d451cd60b05233a7a4f1c756a49150fbd3e50c78ddd6a,changwon-transition-diagnosis-model/1.0.0,changwon-electre-pilot-v1,SCENARIO_REGISTERED,SCENARIO_REGISTERED,bef58985e0714e5a149bbbbf667ed271296f86fc1b7d056f18d3518723da70f0
기타,2022Q4,211,18,158.0,196.0,-38.0,-19.387755102040817,97.7825,159.39000001,-38.65204843850605,S4,4.0,True,True,S4,S4->S4,38.0,19.387755102040817,38.65204843850605,4,True,False,False,False,4,True,False,False,False,4,True,False,False,False,S4,S4,S4,S4,STABLE_2_0,,COMPLETE,True,,,,ROUTABLE_S4,True,REQUIRES_DISAGGREGATION,-36.0,False,0.0,-1.0,True,6.869565217391305,False,,23.0,24.0,24.0,-4.166666666666663,4,4,False,0.1406532363597518,-3381.0,0.7354796606482489,True,1.1239278320023662,-5.726843769984617,-32.27315623001538,83.29490718526534,op_rate_approx,True,0.5478940952653488,SAME_SOURCE,True,PPI_candidate_quarterly_yoy.csv,,,,,,,NOT_COMPARABLE,NO_MAPPING_CANDIDATE,,,매핑 불가,False,NOT_CONFIRMED,20260916T061849980743Z-d1794cbf,2026-09-16T06:18:49.980743+00:00,58499908a6af50344a1362c55c840a58cfd80d4373c7098c4c97a9e0271a573b,9eab0a418a59d45db45d451cd60b05233a7a4f1c756a49150fbd3e50c78ddd6a,changwon-transition-diagnosis-model/1.0.0,changwon-electre-pilot-v1,SCENARIO_REGISTERED,SCENARIO_REGISTERED,bef58985e0714e5a149bbbbf667ed271296f86fc1b7d056f18d3518723da70f0
기타,2023Q1,212,18,147.0,195.0,-48.0,-24.615384615384617,77.53250000000001,161.92000001,-52.11678607015089,S4,5.0,True,True,S4,S4->S4,48.0,24.615384615384617,52.11678607015089,5,True,False,False,False,5,True,False,False,False,5,True,False,False,False,S4,S4,S4,S4,STABLE_2_0,,COMPLETE,True,,,,ROUTABLE_S4,True,REQUIRES_DISAGGREGATION,-11.0,False,-1.0,-2.0,True,6.681818181818182,False,,22.0,24.0,24.0,-8.333333333333337,4,4,False,0.12926145106970446,-3571.0,0.3711672383328136,True,1.3441612993559227,-5.936748682797075,-42.063251317202926,67.40051724512638,op_rate_approx,True,-10.124705994873622,SAME_SOURCE,False,PPI_candidate_quarterly_yoy.csv,,,,,,,NOT_COMPARABLE,NO_MAPPING_CANDIDATE,,,매핑 불가,False,NOT_CONFIRMED,20260916T061849980743Z-d1794cbf,2026-09-16T06:18:49.980743+00:00,58499908a6af50344a1362c55c840a58cfd80d4373c7098c4c97a9e0271a573b,9eab0a418a59d45db45d451cd60b05233a7a4f1c756a49150fbd3e50c78ddd6a,changwon-transition-diagnosis-model/1.0.0,changwon-electre-pilot-v1,SCENARIO_REGISTERED,SCENARIO_REGISTERED,bef58985e0714e5a149bbbbf667ed271296f86fc1b7d056f18d3518723da70f0
기타,2023Q2,213,18,158.0,194.0,-36.0,-18.55670103092784,78.78250000000001,130.69000001,-39.718035049375,S4,6.0,True,True,S4,S4->S4,36.0,18.55670103092784,39.718035049375,6,True,False,False,False,6,True,False,False,False,6,True,False,False,False,S4,S4,S4,S4,STABLE_2_0,,COMPLETE,True,,,,ROUTABLE_S4,True,REQUIRES_DISAGGREGATION,11.0,True,1.0,-1.0,True,6.869565217391305,False,,23.0,24.0,25.0,-4.166666666666663,4,4,False,0.13937896965419902,-3488.0,0.42966247844296623,True,1.0321100917431194,-5.791044776119404,-30.208955223880597,65.89548700385443,op_rate_approx,True,-12.638299156145578,SAME_SOURCE,False,PPI_candidate_quarterly_yoy.csv,,,,,,,NOT_COMPARABLE,NO_MAPPING_CANDIDATE,,,매핑 불가,False,NOT_CONFIRMED,20260916T061849980743Z-d1794cbf,2026-09-16T06:18:49.980743+00:00,58499908a6af50344a1362c55c840a58cfd80d4373c7098c4c97a9e0271a573b,9eab0a418a59d45db45d451cd60b05233a7a4f1c756a49150fbd3e50c78ddd6a,changwon-transition-diagnosis-model/1.0.0,changwon-electre-pilot-v1,SCENARIO_REGISTERED,SCENARIO_REGISTERED,bef58985e0714e5a149bbbbf667ed271296f86fc1b7d056f18d3518723da70f0
기타,2023Q3,214,18,170.0,194.0,-24.0,-12.371134020618555,77.53250000000001,132.36000001,-41.42301299928807,S4,7.0,True,True,S4,,24.0,12.371134020618555,41.42301299928807,7,True,False,False,False,7,True,False,False,False,7,True,False,False,False,S4,S4,S4,S4,STABLE_2_0,,COMPLETE,True,,,,ROUTABLE_S4,True,REQUIRES_DISAGGREGATION,12.0,True,0.0,0.0,False,7.391304347826087,False,,23.0,23.0,26.0,0.0,4,4,False,0.14979557310023967,-2191.0,0.2515210653197107,False,,-3.6744266461501227,-20.325573353849876,59.62547824582316,op_rate_approx,True,-19.304345304176834,SAME_SOURCE,False,PPI_candidate_quarterly_yoy.csv,,,,,,,NOT_COMPARABLE,NO_MAPPING_CANDIDATE,,,매핑 불가,False,NOT_CONFIRMED,20260916T061849980743Z-d1794cbf,2026-09-16T06:18:49.980743+00:00,58499908a6af50344a1362c55c840a58cfd80d4373c7098c4c97a9e0271a573b,9eab0a418a59d45db45d451cd60b05233a7a4f1c756a49150fbd3e50c78ddd6a,changwon-transition-diagnosis-model/1.0.0,changwon-electre-pilot-v1,SCENARIO_REGISTERED,SCENARIO_REGISTERED,bef58985e0714e5a149bbbbf667ed271296f86fc1b7d056f18d3518723da70f0
기타,2023Q4,215,18,170.0,158.0,12.0,7.594936708860756,,97.7825,,INVALID,,False,False,S4,,0.0,0.0,,0,False,False,False,False,0,False,False,False,False,0,False,False,False,False,INVALID,INVALID,INVALID,INVALID,INVALID,,PROD_YOY_MISSING,False,PROD_YOY_MISSING,2023Q4_PRODUCTION_SOURCE_MISSING,,DATA_REVIEW,True,REQUIRES_DISAGGREGATION,0.0,False,0.0,0.0,False,7.391304347826087,False,,23.0,23.0,26.0,0.0,3,4,False,0.14976522099179815,1178.0,0.12379150903741068,False,,1.6568951243178762,10.343104875682124,59.62547824582316,op_rate_approx,True,-23.669428939442184,SAME_SOURCE,,PPI_candidate_quarterly_yoy.csv,,,,,,,NOT_COMPARABLE,NO_MAPPING_CANDIDATE,,,매핑 불가,False,NOT_CONFIRMED,20260916T061849980743Z-d1794cbf,2026-09-16T06:18:49.980743+00:00,58499908a6af50344a1362c55c840a58cfd80d4373c7098c4c97a9e0271a573b,9eab0a418a59d45db45d451cd60b05233a7a4f1c756a49150fbd3e50c78ddd6a,changwon-transition-diagnosis-model/1.0.0,changwon-electre-pilot-v1,SCENARIO_REGISTERED,SCENARIO_REGISTERED,bef58985e0714e5a149bbbbf667ed271296f86fc1b7d056f18d3518723da70f0
기타,2024Q1,216,18,173.0,147.0,26.0,17.68707482993197,78.53250000000001,77.53250000000001,1.2897817044465132,S1,1.0,True,True,INVALID,S1->S1,0.0,0.0,0.0,0,False,False,False,False,0,False,False,False,False,0,False,False,False,False,S1,S1,S1,N,SENSITIVE_2_0,2.0,COMPLETE,True,,,,ROUTABLE_S1,True,REQUIRES_DISAGGREGATION,3.0,False,0.0,1.0,True,7.521739130434782,False,,23.0,22.0,26.0,4.545454545454541,2,4,False,0.15176503614288722,269.0,0.2506989748369059,False,,0.347713303377505,25.652286696622497,64.03653932376722,op_rate_approx,True,-3.363977921359165,SAME_SOURCE,True,PPI_candidate_quarterly_yoy.csv,,,,,,,NOT_COMPARABLE,NO_MAPPING_CANDIDATE,,,매핑 불가,False,NOT_CONFIRMED,20260916T061849980743Z-d1794cbf,2026-09-16T06:18:49.980743+00:00,58499908a6af50344a1362c55c840a58cfd80d4373c7098c4c97a9e0271a573b,9eab0a418a59d45db45d451cd60b05233a7a4f1c756a49150fbd3e50c78ddd6a,changwon-transition-diagnosis-model/1.0.0,changwon-electre-pilot-v1,SCENARIO_REGISTERED,SCENARIO_REGISTERED,bef58985e0714e5a149bbbbf667ed271296f86fc1b7d056f18d3518723da70f0
기타,2024Q2,217,18,173.0,158.0,15.0,9.493670886075956,80.16083333333333,78.78250000000001,1.7495425168448708,S1,2.0,True,True,S1,S1->S1,0.0,0.0,0.0,0,False,False,False,False,0,False,False,False,False,0,False,False,False,False,S1,S1,S1,N,SENSITIVE_2_0,2.0,COMPLETE,True,,,,ROUTABLE_S1,True,REQUIRES_DISAGGREGATION,0.0,False,-1.0,-1.0,True,7.863636363636363,False,,22.0,23.0,26.0,-4.347826086956519,1,4,False,0.14875450347810384,2939.0,0.9702872235061076,True,0.5103776794828173,4.096347918136909,10.90365208186309,70.91630235249883,op_rate_official,False,,MIXED_SOURCE_NOT_COMPUTED,,PPI_candidate_quarterly_yoy.csv,,,,,,,NOT_COMPARABLE,NO_MAPPING_CANDIDATE,,,매핑 불가,False,NOT_CONFIRMED,20260916T061849980743Z-d1794cbf,2026-09-16T06:18:49.980743+00:00,58499908a6af50344a1362c55c840a58cfd80d4373c7098c4c97a9e0271a573b,9eab0a418a59d45db45d451cd60b05233a7a4f1c756a49150fbd3e50c78ddd6a,changwon-transition-diagnosis-model/1.0.0,changwon-electre-pilot-v1,SCENARIO_REGISTERED,SCENARIO_REGISTERED,bef58985e0714e5a149bbbbf667ed271296f86fc1b7d056f18d3518723da70f0
기타,2024Q3,218,18,173.0,170.0,3.0,1.764705882352935,79.4125,77.53250000000001,2.424789604359434,S1,3.0,True,True,S1,,0.0,0.0,0.0,0,False,False,False,False,0,False,False,False,False,0,False,False,False,False,S1,S1,S1,N,SENSITIVE_2_0,2.0,COMPLETE,True,,,,ROUTABLE_S1,True,REQUIRES_DISAGGREGATION,0.0,False,4.0,3.0,True,6.653846153846154,False,,26.0,23.0,37.0,13.043478260869556,0,4,False,0.14858458155833448,2944.0,0.9602087410306588,True,0.10190217391304347,4.409981672071056,-1.4099816720710558,67.27734830032827,op_rate_official,False,,MIXED_SOURCE_NOT_COMPUTED,,PPI_candidate_quarterly_yoy.csv,,,,,,,NOT_COMPARABLE,NO_MAPPING_CANDIDATE,,,매핑 불가,False,NOT_CONFIRMED,20260916T061849980743Z-d1794cbf,2026-09-16T06:18:49.980743+00:00,58499908a6af50344a1362c55c840a58cfd80d4373c7098c4c97a9e0271a573b,9eab0a418a59d45db45d451cd60b05233a7a4f1c756a49150fbd3e50c78ddd6a,changwon-transition-diagnosis-model/1.0.0,changwon-electre-pilot-v1,SCENARIO_REGISTERED,SCENARIO_REGISTERED,bef58985e0714e5a149bbbbf667ed271296f86fc1b7d056f18d3518723da70f0
기타,2024Q4,219,18,196.0,170.0,26.0,15.294117647058814,79.58953333333334,,,INVALID,,False,False,S1,,0.0,0.0,,0,False,False,False,False,0,False,False,False,False,0,False,False,False,False,INVALID,INVALID,INVALID,INVALID,INVALID,,PROD_YOY_MISSING,False,PROD_YOY_MISSING,2023Q4_PRODUCTION_SOURCE_MISSING,LAG4_FROM_2023Q4_SOURCE_MISSING,DATA_REVIEW,True,REQUIRES_DISAGGREGATION,23.0,False,0.0,3.0,True,7.538461538461538,False,,26.0,23.0,37.0,13.043478260869556,0,4,False,0.17106847975980588,1063.0,0.4816492976891708,True,2.4459078080903107,1.5920042991428145,24.407995700857185,63.02831763797507,op_rate_official,False,,MIXED_SOURCE_NOT_COMPUTED,,PPI_candidate_quarterly_yoy.csv,,,,,,,NOT_COMPARABLE,NO_MAPPING_CANDIDATE,,,매핑 불가,False,NOT_CONFIRMED,20260916T061849980743Z-d1794cbf,2026-09-16T06:18:49.980743+00:00,58499908a6af50344a1362c55c840a58cfd80d4373c7098c4c97a9e0271a573b,9eab0a418a59d45db45d451cd60b05233a7a4f1c756a49150fbd3e50c78ddd6a,changwon-transition-diagnosis-model/1.0.0,changwon-electre-pilot-v1,SCENARIO_REGISTERED,SCENARIO_REGISTERED,bef58985e0714e5a149bbbbf667ed271296f86fc1b7d056f18d3518723da70f0
기타,2025Q1,220,18,147.0,173.0,-26.0,-15.02890173410405,81.18,78.53250000000001,3.3712157387068897,S2,1.0,True,False,INVALID,S2->S2,26.0,15.02890173410405,0.0,1,False,False,False,False,1,False,False,False,False,1,False,False,False,False,S2,S2,S2,S2,STABLE_2_0,,COMPLETE,True,,,,ROUTABLE_S2,True,REQUIRES_DISAGGREGATION,-49.0,False,0.0,3.0,True,5.653846153846154,False,,26.0,23.0,36.0,13.043478260869556,1,4,True,0.12573774698486015,2918.0,0.498122226015705,True,-0.8910212474297465,4.428503754649449,-30.428503754649448,66.78183613030603,op_rate_official,False,,MIXED_SOURCE_NOT_COMPUTED,,PPI_candidate_quarterly_yoy.csv,,,,,,,NOT_COMPARABLE,NO_MAPPING_CANDIDATE,,,매핑 불가,False,NOT_CONFIRMED,20260916T061849980743Z-d1794cbf,2026-09-16T06:18:49.980743+00:00,58499908a6af50344a1362c55c840a58cfd80d4373c7098c4c97a9e0271a573b,9eab0a418a59d45db45d451cd60b05233a7a4f1c756a49150fbd3e50c78ddd6a,changwon-transition-diagnosis-model/1.0.0,changwon-electre-pilot-v1,SCENARIO_REGISTERED,SCENARIO_REGISTERED,bef58985e0714e5a149bbbbf667ed271296f86fc1b7d056f18d3518723da70f0
기타,2025Q2,221,18,146.0,173.0,-27.0,-15.606936416184968,82.09,80.16083333333333,2.4066200243261004,S2,2.0,True,False,S2,S2->S2,27.0,15.606936416184968,0.0,2,False,False,False,False,2,False,False,False,False,2,False,False,False,False,S2,S2,S2,S2,STABLE_2_0,,COMPLETE,True,,,,ROUTABLE_S2,True,REQUIRES_DISAGGREGATION,-1.0,False,1.0,5.0,True,5.407407407407407,False,,27.0,22.0,37.0,22.72727272727273,2,4,False,0.12252228059280643,2863.0,0.3998044965786901,True,-0.9430667132378624,4.258841434578113,-31.258841434578112,67.53043764,op_rate_official,False,-3.3858647124988295,SAME_SOURCE,True,PPI_candidate_quarterly_yoy.csv,,,,,,,NOT_COMPARABLE,NO_MAPPING_CANDIDATE,,,매핑 불가,False,NOT_CONFIRMED,20260916T061849980743Z-d1794cbf,2026-09-16T06:18:49.980743+00:00,58499908a6af50344a1362c55c840a58cfd80d4373c7098c4c97a9e0271a573b,9eab0a418a59d45db45d451cd60b05233a7a4f1c756a49150fbd3e50c78ddd6a,changwon-transition-diagnosis-model/1.0.0,changwon-electre-pilot-v1,SCENARIO_REGISTERED,SCENARIO_REGISTERED,bef58985e0714e5a149bbbbf667ed271296f86fc1b7d056f18d3518723da70f0
기타,2025Q3,222,18,145.0,173.0,-28.0,-16.184971098265898,81.89,79.4125,3.119785927908092,S2,3.0,True,False,S2,S2->S2,28.0,16.184971098265898,0.0,3,False,False,False,False,3,False,False,False,False,3,False,False,False,False,S2,S2,S2,S2,STABLE_2_0,,COMPLETE,True,,,,ROUTABLE_S2,True,REQUIRES_DISAGGREGATION,-1.0,False,0.0,1.0,True,5.37037037037037,False,,27.0,26.0,37.0,3.846153846153855,3,4,False,0.12432052403244338,202.0,0.04713019132057863,False,,0.30014085474783564,-28.300140854747834,67.58831297,op_rate_official,False,0.3109646696717334,SAME_SOURCE,False,PPI_candidate_quarterly_yoy.csv,,,,,,,NOT_COMPARABLE,NO_MAPPING_CANDIDATE,,,매핑 불가,False,NOT_CONFIRMED,20260916T061849980743Z-d1794cbf,2026-09-16T06:18:49.980743+00:00,58499908a6af50344a1362c55c840a58cfd80d4373c7098c4c97a9e0271a573b,9eab0a418a59d45db45d451cd60b05233a7a4f1c756a49150fbd3e50c78ddd6a,changwon-transition-diagnosis-model/1.0.0,changwon-electre-pilot-v1,SCENARIO_REGISTERED,SCENARIO_REGISTERED,bef58985e0714e5a149bbbbf667ed271296f86fc1b7d056f18d3518723da70f0
기타,2025Q4,223,18,143.0,196.0,-53.0,-27.040816326530614,84.06,79.58953333333334,5.616902725065187,S2,4.0,True,False,S2,S2->S1,53.0,27.040816326530614,0.0,4,False,False,False,False,4,False,False,False,False,4,False,False,False,False,S2,S2,S2,S2,STABLE_2_0,,COMPLETE,True,,,,ROUTABLE_S2,True,REQUIRES_DISAGGREGATION,-2.0,False,-1.0,0.0,False,5.5,False,,26.0,26.0,36.0,0.0,4,4,False,0.12386636291978137,873.0,0.13470143496374015,False,,1.4934278283031053,-54.493427828303105,68.55884512,op_rate_official,False,5.5305274820249295,SAME_SOURCE,False,PPI_candidate_quarterly_yoy.csv,,,,,,,NOT_COMPARABLE,NO_MAPPING_CANDIDATE,,,매핑 불가,False,NOT_CONFIRMED,20260916T061849980743Z-d1794cbf,2026-09-16T06:18:49.980743+00:00,58499908a6af50344a1362c55c840a58cfd80d4373c7098c4c97a9e0271a573b,9eab0a418a59d45db45d451cd60b05233a7a4f1c756a49150fbd3e50c78ddd6a,changwon-transition-diagnosis-model/1.0.0,changwon-electre-pilot-v1,SCENARIO_REGISTERED,SCENARIO_REGISTERED,bef58985e0714e5a149bbbbf667ed271296f86fc1b7d056f18d3518723da70f0
기타,2026Q1,224,18,169.0,147.0,22.0,14.965986394557817,85.56,81.18,5.395417590539542,S1,1.0,False,True,S2,S1->S1,0.0,0.0,0.0,0,False,False,False,False,0,False,False,False,False,0,False,False,False,False,S1,S1,S1,S1,STABLE_2_0,,COMPLETE,True,,,,ROUTABLE_S1,True,REQUIRES_DISAGGREGATION,26.0,False,0.0,0.0,False,6.5,False,,26.0,26.0,36.0,0.0,3,4,False,0.14702683892296317,-1965.0,0.978098556495769,True,-1.1195928753180662,-2.470746728252502,24.4707467282525,69.7708554187393,op_rate_official,False,2.989019288433269,SAME_SOURCE,False,PPI_candidate_quarterly_yoy.csv,,,,,,,NOT_COMPARABLE,NO_MAPPING_CANDIDATE,,,매핑 불가,False,NOT_CONFIRMED,20260916T061849980743Z-d1794cbf,2026-09-16T06:18:49.980743+00:00,58499908a6af50344a1362c55c840a58cfd80d4373c7098c4c97a9e0271a573b,9eab0a418a59d45db45d451cd60b05233a7a4f1c756a49150fbd3e50c78ddd6a,changwon-transition-diagnosis-model/1.0.0,changwon-electre-pilot-v1,SCENARIO_REGISTERED,SCENARIO_REGISTERED,bef58985e0714e5a149bbbbf667ed271296f86fc1b7d056f18d3518723da70f0
기타,2026Q2,225,18,171.0,146.0,25.0,17.12328767123288,84.58,82.09,3.033256182238997,S1,2.0,False,True,S1,,0.0,0.0,0.0,0,False,False,False,False,0,False,False,False,False,0,False,False,False,False,S1,S1,S1,S1,STABLE_2_0,,COMPLETE,True,,,,ROUTABLE_S1,True,REQUIRES_DISAGGREGATION,2.0,False,-1.0,-2.0,True,6.84,False,,25.0,27.0,35.0,-7.4074074074074066,2,4,False,0.1489157885569973,-4332.0,0.9648106904231626,True,-0.577100646352724,-5.307665195280374,30.307665195280375,69.14084852448296,op_rate_official,False,1.6104108844829597,SAME_SOURCE,False,PPI_candidate_quarterly_yoy.csv,,,,,,,NOT_COMPARABLE,NO_MAPPING_CANDIDATE,,,매핑 불가,False,NOT_CONFIRMED,20260916T061849980743Z-d1794cbf,2026-09-16T06:18:49.980743+00:00,58499908a6af50344a1362c55c840a58cfd80d4373c7098c4c97a9e0271a573b,9eab0a418a59d45db45d451cd60b05233a7a4f1c756a49150fbd3e50c78ddd6a,changwon-transition-diagnosis-model/1.0.0,changwon-electre-pilot-v1,SCENARIO_REGISTERED,SCENARIO_REGISTERED,bef58985e0714e5a149bbbbf667ed271296f86fc1b7d056f18d3518723da70f0
목재종이,2022Q1,208,18,267.0,261.0,6.0,2.298850574712641,135.06666666,122.35222222,10.391674306608278,S1,1.0,True,False,,S1->S1,0.0,0.0,0.0,0,False,False,False,False,0,False,False,False,False,0,False,False,False,False,S1,S1,S1,S1,STABLE_2_0,,COMPLETE,True,,,,ROUTABLE_S1,False,SINGLE_INDUSTRY_CATEGORY,,,,5.0,True,6.675,False,,40.0,35.0,43.0,14.28571428571428,0,1,,0.22763312701416955,280.0,0.04953998584571833,False,,0.6245406532551661,5.375459346744834,86.50453956,op_rate_approx,True,5.459506899999994,SAME_SOURCE,False,PPI_candidate_quarterly_yoy.csv,1,목재및종이제품,15.017174408526213,15.017174408526213,-4.021573409105628,-4.021573409105628,OPPOSITE_ALL,COMPARABLE,S3,True,단일 후보·근접 분류,False,NOT_CONFIRMED,20260916T061849980743Z-d1794cbf,2026-09-16T06:18:49.980743+00:00,58499908a6af50344a1362c55c840a58cfd80d4373c7098c4c97a9e0271a573b,9eab0a418a59d45db45d451cd60b05233a7a4f1c756a49150fbd3e50c78ddd6a,changwon-transition-diagnosis-model/1.0.0,changwon-electre-pilot-v1,SCENARIO_REGISTERED,SCENARIO_REGISTERED,bef58985e0714e5a149bbbbf667ed271296f86fc1b7d056f18d3518723da70f0
목재종이,2022Q2,209,18,267.0,264.0,3.0,1.1363636363636465,134.97,118.15666667,14.229695034439294,S1,2.0,True,False,S1,S1->S1,0.0,0.0,0.0,0,False,False,False,False,0,False,False,False,False,0,False,False,False,False,S1,S1,S1,N,SENSITIVE_2_0,2.0,COMPLETE,True,,,,ROUTABLE_S1,False,SINGLE_INDUSTRY_CATEGORY,0.0,False,0.0,4.0,True,6.675,False,,40.0,36.0,43.0,11.111111111111116,0,2,False,0.22850198548541695,-70.0,0.011990407673860911,False,,-0.15805949468858516,3.158059494688585,88.38133069,op_rate_approx,True,6.370134620000002,SAME_SOURCE,False,PPI_candidate_quarterly_yoy.csv,1,목재및종이제품,9.565868263473051,9.565868263473051,4.256642004379629,4.256642004379629,SAME_ALL,COMPARABLE,S1,True,단일 후보·근접 분류,False,NOT_CONFIRMED,20260916T061849980743Z-d1794cbf,2026-09-16T06:18:49.980743+00:00,58499908a6af50344a1362c55c840a58cfd80d4373c7098c4c97a9e0271a573b,9eab0a418a59d45db45d451cd60b05233a7a4f1c756a49150fbd3e50c78ddd6a,changwon-transition-diagnosis-model/1.0.0,changwon-electre-pilot-v1,SCENARIO_REGISTERED,SCENARIO_REGISTERED,bef58985e0714e5a149bbbbf667ed271296f86fc1b7d056f18d3518723da70f0
목재종이,2022Q3,210,18,267.0,261.0,6.0,2.298850574712641,137.53666666,126.64666667,8.598726106527387,S1,3.0,True,False,S1,S1->S4,0.0,0.0,0.0,0,False,False,False,False,0,False,False,False,False,0,False,False,False,False,S1,S1,S1,S1,STABLE_2_0,,COMPLETE,True,,,,ROUTABLE_S1,False,SINGLE_INDUSTRY_CATEGORY,0.0,False,-1.0,0.0,False,6.846153846153846,False,,39.0,39.0,45.0,0.0,0,3,False,0.23081112388592567,-266.0,0.05453054530545305,False,,-0.5987839061624045,6.598783906162405,88.20415879,op_rate_approx,True,1.8276853099999926,SAME_SOURCE,False,PPI_candidate_quarterly_yoy.csv,1,목재및종이제품,7.811724882546911,7.811724882546911,0.7299773979480007,0.7299773979480007,SAME_ALL,COMPARABLE,S1,True,단일 후보·근접 분류,False,NOT_CONFIRMED,20260916T061849980743Z-d1794cbf,2026-09-16T06:18:49.980743+00:00,58499908a6af50344a1362c55c840a58cfd80d4373c7098c4c97a9e0271a573b,9eab0a418a59d45db45d451cd60b05233a7a4f1c756a49150fbd3e50c78ddd6a,changwon-transition-diagnosis-model/1.0.0,changwon-electre-pilot-v1,SCENARIO_REGISTERED,SCENARIO_REGISTERED,bef58985e0714e5a149bbbbf667ed271296f86fc1b7d056f18d3518723da70f0
목재종이,2022Q4,211,18,263.0,267.0,-4.0,-1.4981273408239737,69.14124999999999,137.88,-49.854039744705545,S4,1.0,False,True,S1,S4->S4,4.0,1.4981273408239737,49.854039744705545,1,False,False,False,False,1,False,False,False,False,1,False,False,False,False,S4,S4,S4,N,SENSITIVE_2_0,2.0,COMPLETE,True,,,,ROUTABLE_S4,False,SINGLE_INDUSTRY_CATEGORY,-4.0,False,1.0,1.0,True,6.575,False,,40.0,39.0,45.0,2.564102564102555,1,4,True,0.23412532381401727,-3381.0,0.7354796606482489,True,0.11830819284235432,-7.801363707070881,3.8013637070708812,76.02979319150306,op_rate_approx,True,-10.18160306849694,SAME_SOURCE,False,PPI_candidate_quarterly_yoy.csv,1,목재및종이제품,6.684453624809938,6.684453624809938,-52.996000306053226,-52.996000306053226,SAME_ALL,COMPARABLE,S4,True,단일 후보·근접 분류,False,NOT_CONFIRMED,20260916T061849980743Z-d1794cbf,2026-09-16T06:18:49.980743+00:00,58499908a6af50344a1362c55c840a58cfd80d4373c7098c4c97a9e0271a573b,9eab0a418a59d45db45d451cd60b05233a7a4f1c756a49150fbd3e50c78ddd6a,changwon-transition-diagnosis-model/1.0.0,changwon-electre-pilot-v1,SCENARIO_REGISTERED,SCENARIO_REGISTERED,bef58985e0714e5a149bbbbf667ed271296f86fc1b7d056f18d3518723da70f0
목재종이,2023Q1,212,18,258.0,267.0,-9.0,-3.3707865168539297,68.37,135.06666666,-49.38055281092698,S4,2.0,False,True,S4,S4->S4,9.0,3.3707865168539297,49.38055281092698,2,False,False,False,False,2,False,False,False,False,2,False,False,False,False,S4,S4,S4,S4,STABLE_2_0,,COMPLETE,True,,,,ROUTABLE_S4,False,SINGLE_INDUSTRY_CATEGORY,-5.0,False,-1.0,-1.0,True,6.615384615384615,False,,39.0,40.0,44.0,-2.500000000000002,2,4,False,0.22686703657131801,-3571.0,0.3711672383328136,True,0.2520302436292355,-8.128778965675995,-0.8712210343240052,61.78714647068784,op_rate_approx,True,-24.71739308931216,SAME_SOURCE,False,PPI_candidate_quarterly_yoy.csv,1,목재및종이제품,3.290630494850566,3.290630494850566,-50.993185977699504,-50.993185977699504,SAME_ALL,COMPARABLE,S4,True,단일 후보·근접 분류,False,NOT_CONFIRMED,20260916T061849980743Z-d1794cbf,2026-09-16T06:18:49.980743+00:00,58499908a6af50344a1362c55c840a58cfd80d4373c7098c4c97a9e0271a573b,9eab0a418a59d45db45d451cd60b05233a7a4f1c756a49150fbd3e50c78ddd6a,changwon-transition-diagnosis-model/1.0.0,changwon-electre-pilot-v1,SCENARIO_REGISTERED,SCENARIO_REGISTERED,bef58985e0714e5a149bbbbf667ed271296f86fc1b7d056f18d3518723da70f0
목재종이,2023Q2,213,18,258.0,267.0,-9.0,-3.3707865168539297,64.205,134.97,-52.43016966733348,S4,3.0,False,True,S4,S4->S4,9.0,3.3707865168539297,52.43016966733348,3,False,False,False,False,3,False,False,False,False,3,False,False,False,False,S4,S4,S4,S4,STABLE_2_0,,COMPLETE,True,,,,ROUTABLE_S4,False,SINGLE_INDUSTRY_CATEGORY,0.0,False,0.0,-1.0,True,6.615384615384615,False,,39.0,40.0,44.0,-2.500000000000002,3,4,False,0.22759350741002118,-3488.0,0.42966247844296623,True,0.25802752293577985,-7.970149253731343,-1.0298507462686572,71.8779736915757,op_rate_approx,True,-16.503356998424294,SAME_SOURCE,False,PPI_candidate_quarterly_yoy.csv,1,목재및종이제품,0.3716354693264145,0.3716354693264145,-52.60630146132882,-52.60630146132882,SAME_ALL,COMPARABLE,S4,True,단일 후보·근접 분류,False,NOT_CONFIRMED,20260916T061849980743Z-d1794cbf,2026-09-16T06:18:49.980743+00:00,58499908a6af50344a1362c55c840a58cfd80d4373c7098c4c97a9e0271a573b,9eab0a418a59d45db45d451cd60b05233a7a4f1c756a49150fbd3e50c78ddd6a,changwon-transition-diagnosis-model/1.0.0,changwon-electre-pilot-v1,SCENARIO_REGISTERED,SCENARIO_REGISTERED,bef58985e0714e5a149bbbbf667ed271296f86fc1b7d056f18d3518723da70f0
목재종이,2023Q3,214,18,252.0,267.0,-15.0,-5.61797752808989,74.61500000000001,137.53666666,-45.749012381946585,S4,4.0,False,True,S4,,15.0,5.61797752808989,45.749012381946585,4,False,False,False,False,4,False,False,False,False,4,False,False,False,False,S4,S4,S4,S4,STABLE_2_0,,COMPLETE,True,,,,ROUTABLE_S4,False,SINGLE_INDUSTRY_CATEGORY,-6.0,False,4.0,4.0,True,5.8604651162790695,False,,43.0,39.0,48.0,10.256410256410264,4,4,False,0.2220499083603553,-2191.0,0.2515210653197107,False,,-5.057071724340632,-9.94292827565937,76.57918585348939,op_rate_approx,True,-11.624972936510602,SAME_SOURCE,False,PPI_candidate_quarterly_yoy.csv,1,목재및종이제품,-1.4155794943972344,-1.4155794943972344,-44.97001925880346,-44.97001925880346,SAME_ALL,COMPARABLE,S4,True,단일 후보·근접 분류,False,NOT_CONFIRMED,20260916T061849980743Z-d1794cbf,2026-09-16T06:18:49.980743+00:00,58499908a6af50344a1362c55c840a58cfd80d4373c7098c4c97a9e0271a573b,9eab0a418a59d45db45d451cd60b05233a7a4f1c756a49150fbd3e50c78ddd6a,changwon-transition-diagnosis-model/1.0.0,changwon-electre-pilot-v1,SCENARIO_REGISTERED,SCENARIO_REGISTERED,bef58985e0714e5a149bbbbf667ed271296f86fc1b7d056f18d3518723da70f0
목재종이,2023Q4,215,18,239.0,263.0,-24.0,-9.125475285171104,,69.14124999999999,,INVALID,,False,False,S4,,24.0,9.125475285171104,,5,False,False,False,False,5,False,False,False,False,5,False,False,False,False,INVALID,INVALID,INVALID,INVALID,INVALID,,PROD_YOY_MISSING,False,PROD_YOY_MISSING,2023Q4_PRODUCTION_SOURCE_MISSING,,DATA_REVIEW,False,SINGLE_INDUSTRY_CATEGORY,-13.0,False,0.0,3.0,True,5.558139534883721,False,,43.0,40.0,48.0,7.499999999999996,4,4,False,0.21055228127670444,1178.0,0.12379150903741068,False,,2.7579963145291235,-26.757996314529123,71.53558052434458,op_rate_approx,True,-4.494212667158479,SAME_SOURCE,,PPI_candidate_quarterly_yoy.csv,1,목재및종이제품,,,,,NOT_COMPARABLE,NOMINAL_PRODUCTION_YOY_MISSING,,,단일 후보·근접 분류,False,NOT_CONFIRMED,20260916T061849980743Z-d1794cbf,2026-09-16T06:18:49.980743+00:00,58499908a6af50344a1362c55c840a58cfd80d4373c7098c4c97a9e0271a573b,9eab0a418a59d45db45d451cd60b05233a7a4f1c756a49150fbd3e50c78ddd6a,changwon-transition-diagnosis-model/1.0.0,changwon-electre-pilot-v1,SCENARIO_REGISTERED,SCENARIO_REGISTERED,bef58985e0714e5a149bbbbf667ed271296f86fc1b7d056f18d3518723da70f0
목재종이,2024Q1,216,18,239.0,258.0,-19.0,-7.36434108527132,80.165,68.37,17.251718590024858,S2,1.0,True,True,INVALID,S2->S2,19.0,7.36434108527132,0.0,6,False,False,False,False,6,False,False,False,False,6,False,False,False,False,S2,S2,S2,S2,STABLE_2_0,,COMPLETE,True,,,,ROUTABLE_S2,False,SINGLE_INDUSTRY_CATEGORY,0.0,False,0.0,4.0,True,5.558139534883721,False,,43.0,39.0,48.0,10.256410256410264,4,4,False,0.20966383605867078,269.0,0.2506989748369059,False,,0.6102723283768454,-19.610272328376844,74.97182629500344,op_rate_approx,True,13.184679824315602,SAME_SOURCE,False,PPI_candidate_quarterly_yoy.csv,1,목재및종이제품,-2.013078253350642,-2.013078253350642,19.660579697753654,19.660579697753654,SAME_ALL,COMPARABLE,S2,True,단일 후보·근접 분류,False,NOT_CONFIRMED,20260916T061849980743Z-d1794cbf,2026-09-16T06:18:49.980743+00:00,58499908a6af50344a1362c55c840a58cfd80d4373c7098c4c97a9e0271a573b,9eab0a418a59d45db45d451cd60b05233a7a4f1c756a49150fbd3e50c78ddd6a,changwon-transition-diagnosis-model/1.0.0,changwon-electre-pilot-v1,SCENARIO_REGISTERED,SCENARIO_REGISTERED,bef58985e0714e5a149bbbbf667ed271296f86fc1b7d056f18d3518723da70f0
목재종이,2024Q2,217,18,237.0,258.0,-21.0,-8.139534883720934,80.875,64.205,25.96370999143369,S2,2.0,True,True,S2,S2->S2,21.0,8.139534883720934,0.0,7,False,False,False,False,7,False,False,False,False,7,False,False,False,False,S2,S2,S2,S2,STABLE_2_0,,COMPLETE,True,,,,ROUTABLE_S2,False,SINGLE_INDUSTRY_CATEGORY,-2.0,False,0.0,4.0,True,5.511627906976744,False,,43.0,39.0,48.0,10.256410256410264,4,4,False,0.2037850712387897,2939.0,0.9702872235061076,True,-0.7145287512759442,6.688973182780523,-27.688973182780522,76.22525918944392,op_rate_official,False,,MIXED_SOURCE_NOT_COMPUTED,,PPI_candidate_quarterly_yoy.csv,1,목재및종이제품,-0.999156026244874,-0.999156026244874,27.234986021761955,27.234986021761955,SAME_ALL,COMPARABLE,S2,True,단일 후보·근접 분류,False,NOT_CONFIRMED,20260916T061849980743Z-d1794cbf,2026-09-16T06:18:49.980743+00:00,58499908a6af50344a1362c55c840a58cfd80d4373c7098c4c97a9e0271a573b,9eab0a418a59d45db45d451cd60b05233a7a4f1c756a49150fbd3e50c78ddd6a,changwon-transition-diagnosis-model/1.0.0,changwon-electre-pilot-v1,SCENARIO_REGISTERED,SCENARIO_REGISTERED,bef58985e0714e5a149bbbbf667ed271296f86fc1b7d056f18d3518723da70f0
목재종이,2024Q3,218,18,211.0,252.0,-41.0,-16.26984126984127,78.03,74.61500000000001,4.576827715606768,S2,3.0,True,True,S2,,41.0,16.26984126984127,0.0,8,False,False,False,False,8,False,False,False,False,8,False,False,False,False,S2,S2,S2,S2,STABLE_2_0,,COMPLETE,True,,,,ROUTABLE_S2,False,SINGLE_INDUSTRY_CATEGORY,-26.0,False,1.0,1.0,True,4.795454545454546,False,,44.0,43.0,50.0,2.3255813953488413,4,4,False,0.18122165727635015,2944.0,0.9602087410306588,True,-1.3926630434782608,6.537149302128859,-47.53714930212886,75.05771450557907,op_rate_official,False,,MIXED_SOURCE_NOT_COMPUTED,,PPI_candidate_quarterly_yoy.csv,1,목재및종이제품,1.1503720176811338,1.1503720176811338,3.3874869954276576,3.3874869954276576,SAME_ALL,COMPARABLE,S2,True,단일 후보·근접 분류,False,NOT_CONFIRMED,20260916T061849980743Z-d1794cbf,2026-09-16T06:18:49.980743+00:00,58499908a6af50344a1362c55c840a58cfd80d4373c7098c4c97a9e0271a573b,9eab0a418a59d45db45d451cd60b05233a7a4f1c756a49150fbd3e50c78ddd6a,changwon-transition-diagnosis-model/1.0.0,changwon-electre-pilot-v1,SCENARIO_REGISTERED,SCENARIO_REGISTERED,bef58985e0714e5a149bbbbf667ed271296f86fc1b7d056f18d3518723da70f0
목재종이,2024Q4,219,18,214.0,239.0,-25.0,-10.460251046025103,62.71,,,INVALID,,False,False,S2,,25.0,10.460251046025103,,9,False,False,False,False,9,False,False,False,False,9,False,False,False,False,INVALID,INVALID,INVALID,INVALID,INVALID,,PROD_YOY_MISSING,False,PROD_YOY_MISSING,2023Q4_PRODUCTION_SOURCE_MISSING,LAG4_FROM_2023Q4_SOURCE_MISSING,DATA_REVIEW,False,SINGLE_INDUSTRY_CATEGORY,3.0,True,0.0,1.0,True,4.863636363636363,False,,44.0,43.0,50.0,2.3255813953488413,4,4,False,0.18677885034999214,1063.0,0.4816492976891708,True,-2.351834430856068,2.2381707499713683,-27.238170749971367,71.94814134924276,op_rate_official,False,,MIXED_SOURCE_NOT_COMPUTED,,PPI_candidate_quarterly_yoy.csv,1,목재및종이제품,,,,,NOT_COMPARABLE,NOMINAL_PRODUCTION_YOY_MISSING,,,단일 후보·근접 분류,False,NOT_CONFIRMED,20260916T061849980743Z-d1794cbf,2026-09-16T06:18:49.980743+00:00,58499908a6af50344a1362c55c840a58cfd80d4373c7098c4c97a9e0271a573b,9eab0a418a59d45db45d451cd60b05233a7a4f1c756a49150fbd3e50c78ddd6a,changwon-transition-diagnosis-model/1.0.0,changwon-electre-pilot-v1,SCENARIO_REGISTERED,SCENARIO_REGISTERED,bef58985e0714e5a149bbbbf667ed271296f86fc1b7d056f18d3518723da70f0
목재종이,2025Q1,220,18,479.0,239.0,240.0,100.418410041841,183.7,80.165,129.15237323021267,S1,1.0,True,False,INVALID,S1->S1,0.0,0.0,0.0,0,False,False,False,False,0,False,False,False,False,0,False,False,False,False,S1,S1,S1,S1,STABLE_2_0,,COMPLETE,True,,,,ROUTABLE_S1,False,SINGLE_INDUSTRY_CATEGORY,265.0,False,1.0,2.0,True,10.644444444444444,False,,45.0,43.0,50.0,4.651162790697683,3,4,False,0.4097168762295783,2918.0,0.498122226015705,True,8.224811514736121,6.117990736192013,233.882009263808,67.51194413818449,op_rate_official,False,,MIXED_SOURCE_NOT_COMPUTED,,PPI_candidate_quarterly_yoy.csv,1,목재및종이제품,2.1812867109726186,2.1812867109726186,124.26060642433212,124.26060642433212,SAME_ALL,COMPARABLE,S1,True,단일 후보·근접 분류,False,NOT_CONFIRMED,20260916T061849980743Z-d1794cbf,2026-09-16T06:18:49.980743+00:00,58499908a6af50344a1362c55c840a58cfd80d4373c7098c4c97a9e0271a573b,9eab0a418a59d45db45d451cd60b05233a7a4f1c756a49150fbd3e50c78ddd6a,changwon-transition-diagnosis-model/1.0.0,changwon-electre-pilot-v1,SCENARIO_REGISTERED,SCENARIO_REGISTERED,bef58985e0714e5a149bbbbf667ed271296f86fc1b7d056f18d3518723da70f0
목재종이,2025Q2,221,18,476.0,237.0,239.0,100.84388185654008,190.43,80.875,135.46213292117466,S1,2.0,True,False,S1,S1->S1,0.0,0.0,0.0,0,False,False,False,False,0,False,False,False,False,0,False,False,False,False,S1,S1,S1,S1,STABLE_2_0,,COMPLETE,True,,,,ROUTABLE_S1,False,SINGLE_INDUSTRY_CATEGORY,-3.0,False,0.0,2.0,True,10.577777777777778,False,,45.0,43.0,50.0,4.651162790697683,2,4,False,0.39945620248065655,2863.0,0.3998044965786901,True,8.347886831994412,5.834366589566549,233.16563341043346,68.6976912,op_rate_official,False,-7.527567989443924,SAME_SOURCE,True,PPI_candidate_quarterly_yoy.csv,1,목재및종이제품,1.2787372126278784,1.2787372126278784,132.48920691698376,132.48920691698376,SAME_ALL,COMPARABLE,S1,True,단일 후보·근접 분류,False,NOT_CONFIRMED,20260916T061849980743Z-d1794cbf,2026-09-16T06:18:49.980743+00:00,58499908a6af50344a1362c55c840a58cfd80d4373c7098c4c97a9e0271a573b,9eab0a418a59d45db45d451cd60b05233a7a4f1c756a49150fbd3e50c78ddd6a,changwon-transition-diagnosis-model/1.0.0,changwon-electre-pilot-v1,SCENARIO_REGISTERED,SCENARIO_REGISTERED,bef58985e0714e5a149bbbbf667ed271296f86fc1b7d056f18d3518723da70f0
목재종이,2025Q3,222,18,471.0,211.0,260.0,123.22274881516586,178.87,78.03,129.23234653338457,S1,3.0,True,False,S1,S1->S1,0.0,0.0,0.0,0,False,False,False,False,0,False,False,False,False,0,False,False,False,False,S1,S1,S1,S1,STABLE_2_0,,COMPLETE,True,,,,ROUTABLE_S1,False,SINGLE_INDUSTRY_CATEGORY,-5.0,False,-1.0,0.0,False,10.704545454545455,False,,44.0,44.0,49.0,0.0,1,4,False,0.4038273573743505,202.0,0.04713019132057863,False,,0.3660677476982273,259.63393225230175,66.07683783,op_rate_official,False,-8.980876675579069,SAME_SOURCE,True,PPI_candidate_quarterly_yoy.csv,1,목재및종이제품,-0.4695727702079155,-0.4695727702079155,130.31383760077873,130.31383760077873,SAME_ALL,COMPARABLE,S1,True,단일 후보·근접 분류,False,NOT_CONFIRMED,20260916T061849980743Z-d1794cbf,2026-09-16T06:18:49.980743+00:00,58499908a6af50344a1362c55c840a58cfd80d4373c7098c4c97a9e0271a573b,9eab0a418a59d45db45d451cd60b05233a7a4f1c756a49150fbd3e50c78ddd6a,changwon-transition-diagnosis-model/1.0.0,changwon-electre-pilot-v1,SCENARIO_REGISTERED,SCENARIO_REGISTERED,bef58985e0714e5a149bbbbf667ed271296f86fc1b7d056f18d3518723da70f0
목재종이,2025Q4,223,18,471.0,214.0,257.0,120.09345794392524,175.72,62.71,180.21049274437888,S1,4.0,True,False,S1,S1->S4,0.0,0.0,0.0,0,False,False,False,False,0,False,False,False,False,0,False,False,False,False,S1,S1,S1,S1,STABLE_2_0,,COMPLETE,True,,,,ROUTABLE_S1,False,SINGLE_INDUSTRY_CATEGORY,0.0,False,1.0,1.0,True,10.466666666666667,False,,45.0,44.0,49.0,2.2727272727272707,0,4,False,0.4079794191273918,873.0,0.13470143496374015,False,,1.6305793635554313,255.36942063644457,64.79351032,op_rate_official,False,-7.154631029242765,SAME_SOURCE,True,PPI_candidate_quarterly_yoy.csv,1,목재및종이제품,-1.5638831513720808,-1.5638831513720808,184.66227815068942,184.66227815068942,SAME_ALL,COMPARABLE,S1,True,단일 후보·근접 분류,False,NOT_CONFIRMED,20260916T061849980743Z-d1794cbf,2026-09-16T06:18:49.980743+00:00,58499908a6af50344a1362c55c840a58cfd80d4373c7098c4c97a9e0271a573b,9eab0a418a59d45db45d451cd60b05233a7a4f1c756a49150fbd3e50c78ddd6a,changwon-transition-diagnosis-model/1.0.0,changwon-electre-pilot-v1,SCENARIO_REGISTERED,SCENARIO_REGISTERED,bef58985e0714e5a149bbbbf667ed271296f86fc1b7d056f18d3518723da70f0
목재종이,2026Q1,224,18,428.0,479.0,-51.0,-10.647181628392488,157.45,183.7,-14.28960261295591,S4,1.0,False,True,S1,S4->S4,51.0,10.647181628392488,14.28960261295591,1,False,True,False,False,1,False,True,False,False,1,False,True,False,False,S4,S4,S4,S4,STABLE_2_0,,COMPLETE,True,,,,ROUTABLE_S4,False,SINGLE_INDUSTRY_CATEGORY,-43.0,False,1.0,1.0,True,9.304347826086957,False,,46.0,45.0,50.0,2.2222222222222143,1,4,True,0.3723519944321197,-1965.0,0.978098556495769,True,2.595419847328244,-8.050936617911214,-42.94906338208879,70.18364981724169,op_rate_official,False,2.6717056790571974,SAME_SOURCE,True,PPI_candidate_quarterly_yoy.csv,1,목재및종이제품,-0.6584984077292577,-0.6584984077292577,-13.721459799523728,-13.721459799523728,SAME_ALL,COMPARABLE,S4,True,단일 후보·근접 분류,False,NOT_CONFIRMED,20260916T061849980743Z-d1794cbf,2026-09-16T06:18:49.980743+00:00,58499908a6af50344a1362c55c840a58cfd80d4373c7098c4c97a9e0271a573b,9eab0a418a59d45db45d451cd60b05233a7a4f1c756a49150fbd3e50c78ddd6a,changwon-transition-diagnosis-model/1.0.0,changwon-electre-pilot-v1,SCENARIO_REGISTERED,SCENARIO_REGISTERED,bef58985e0714e5a149bbbbf667ed271296f86fc1b7d056f18d3518723da70f0
목재종이,2026Q2,225,18,428.0,476.0,-48.0,-10.084033613445376,165.87,190.43,-12.897127553431709,S4,2.0,False,True,S4,,48.0,10.084033613445376,12.897127553431709,2,False,True,False,False,2,False,True,False,False,2,False,True,False,False,S4,S4,S4,S4,STABLE_2_0,,COMPLETE,True,,,,ROUTABLE_S4,False,SINGLE_INDUSTRY_CATEGORY,0.0,False,-2.0,-1.0,True,9.727272727272727,False,,44.0,45.0,48.0,-2.222222222222225,2,4,False,0.37272489767482364,-4332.0,0.9648106904231626,True,1.10803324099723,-17.304442691462043,-30.695557308537957,74.70612079448723,op_rate_official,False,6.0084295944872395,SAME_SOURCE,True,PPI_candidate_quarterly_yoy.csv,1,목재및종이제품,2.8238616307801,2.8238616307801,-15.289242141734317,-15.289242141734317,SAME_ALL,COMPARABLE,S4,True,단일 후보·근접 분류,False,NOT_CONFIRMED,20260916T061849980743Z-d1794cbf,2026-09-16T06:18:49.980743+00:00,58499908a6af50344a1362c55c840a58cfd80d4373c7098c4c97a9e0271a573b,9eab0a418a59d45db45d451cd60b05233a7a4f1c756a49150fbd3e50c78ddd6a,changwon-transition-diagnosis-model/1.0.0,changwon-electre-pilot-v1,SCENARIO_REGISTERED,SCENARIO_REGISTERED,bef58985e0714e5a149bbbbf667ed271296f86fc1b7d056f18d3518723da70f0
비금속,2022Q1,208,18,263.0,273.0,-10.0,-3.663003663003661,115.695,104.315,10.909265206346165,S2,1.0,True,False,,S2->S2,10.0,3.663003663003661,0.0,1,True,True,False,False,1,True,True,False,False,1,True,True,False,False,S2,S2,S2,S2,STABLE_2_0,,COMPLETE,True,,,,ROUTABLE_S2,False,SINGLE_INDUSTRY_CATEGORY,,,,0.0,False,52.6,True,가동업체 수가 적어 개별 업체 수준 변화가 업종 집계에 크게 반영될 수 있음. 현재 집계자료만으로 업체 수 변화가 고용 변화의 원인이라고 판단할 수 없음.,5.0,5.0,5.0,0.0,1,1,,0.22422289290159766,280.0,0.04953998584571833,False,,0.653255166048507,-10.653255166048506,52.93643946,op_rate_approx,True,24.59201562,SAME_SOURCE,False,PPI_candidate_quarterly_yoy.csv,1,비금속광물제품,9.639907499174116,9.639907499174116,1.1577515305561503,1.1577515305561503,SAME_ALL,COMPARABLE,S2,True,단일 후보·근접 분류,False,NOT_CONFIRMED,20260916T061849980743Z-d1794cbf,2026-09-16T06:18:49.980743+00:00,58499908a6af50344a1362c55c840a58cfd80d4373c7098c4c97a9e0271a573b,9eab0a418a59d45db45d451cd60b05233a7a4f1c756a49150fbd3e50c78ddd6a,changwon-transition-diagnosis-model/1.0.0,changwon-electre-pilot-v1,SCENARIO_REGISTERED,SCENARIO_REGISTERED,bef58985e0714e5a149bbbbf667ed271296f86fc1b7d056f18d3518723da70f0
비금속,2022Q2,209,18,259.0,267.0,-8.0,-2.9962546816479363,137.225,130.345,5.278299896428695,S2,2.0,True,False,S2,S2->S2,8.0,2.9962546816479363,0.0,2,True,True,False,False,2,True,True,False,False,2,True,True,False,False,S2,S2,S2,S2,STABLE_2_0,,COMPLETE,True,,,,ROUTABLE_S2,False,SINGLE_INDUSTRY_CATEGORY,-4.0,False,0.0,0.0,False,51.8,True,가동업체 수가 적어 개별 업체 수준 변화가 업종 집계에 크게 반영될 수 있음. 현재 집계자료만으로 업체 수 변화가 고용 변화의 원인이라고 판단할 수 없음.,5.0,5.0,5.0,0.0,2,2,False,0.22165548404765165,-70.0,0.011990407673860911,False,,-0.15985562531004635,-7.840144374689953,41.9707846,op_rate_approx,True,11.584662610000002,SAME_SOURCE,False,PPI_candidate_quarterly_yoy.csv,1,비금속광물제품,12.493563336766211,12.493563336766211,-6.413934474399707,-6.413934474399707,OPPOSITE_ALL,COMPARABLE,S4,True,단일 후보·근접 분류,False,NOT_CONFIRMED,20260916T061849980743Z-d1794cbf,2026-09-16T06:18:49.980743+00:00,58499908a6af50344a1362c55c840a58cfd80d4373c7098c4c97a9e0271a573b,9eab0a418a59d45db45d451cd60b05233a7a4f1c756a49150fbd3e50c78ddd6a,changwon-transition-diagnosis-model/1.0.0,changwon-electre-pilot-v1,SCENARIO_REGISTERED,SCENARIO_REGISTERED,bef58985e0714e5a149bbbbf667ed271296f86fc1b7d056f18d3518723da70f0
비금속,2022Q3,210,18,257.0,267.0,-10.0,-3.745318352059923,161.555,120.835,33.69884553316507,S2,3.0,True,False,S2,S2->S2,10.0,3.745318352059923,0.0,3,True,True,False,False,3,True,True,False,False,3,True,True,False,False,S2,S2,S2,S2,STABLE_2_0,,COMPLETE,True,,,,ROUTABLE_S2,False,SINGLE_INDUSTRY_CATEGORY,-2.0,False,0.0,0.0,False,51.4,True,가동업체 수가 적어 개별 업체 수준 변화가 업종 집계에 크게 반영될 수 있음. 현재 집계자료만으로 업체 수 변화가 고용 변화의 원인이라고 판단할 수 없음.,5.0,5.0,5.0,0.0,3,3,False,0.22216651250443037,-266.0,0.05453054530545305,False,,-0.6125490534305058,-9.387450946569494,47.36730022,op_rate_approx,True,18.31674995,SAME_SOURCE,False,PPI_candidate_quarterly_yoy.csv,1,비금속광물제품,15.508038380885814,15.508038380885814,15.748520542176792,15.748520542176792,SAME_ALL,COMPARABLE,S2,True,단일 후보·근접 분류,False,NOT_CONFIRMED,20260916T061849980743Z-d1794cbf,2026-09-16T06:18:49.980743+00:00,58499908a6af50344a1362c55c840a58cfd80d4373c7098c4c97a9e0271a573b,9eab0a418a59d45db45d451cd60b05233a7a4f1c756a49150fbd3e50c78ddd6a,changwon-transition-diagnosis-model/1.0.0,changwon-electre-pilot-v1,SCENARIO_REGISTERED,SCENARIO_REGISTERED,bef58985e0714e5a149bbbbf667ed271296f86fc1b7d056f18d3518723da70f0
비금속,2022Q4,211,18,257.0,266.0,-9.0,-3.383458646616544,144.14499999999998,126.025,14.37809958341596,S2,4.0,True,False,S2,S2->S2,9.0,3.383458646616544,0.0,4,True,True,False,False,4,True,True,False,False,4,True,True,False,False,S2,S2,S2,S2,STABLE_2_0,,COMPLETE,True,,,,ROUTABLE_S2,False,SINGLE_INDUSTRY_CATEGORY,0.0,False,0.0,0.0,False,51.4,True,가동업체 수가 적어 개별 업체 수준 변화가 업종 집계에 크게 반영될 수 있음. 현재 집계자료만으로 업체 수 변화가 고용 변화의 원인이라고 판단할 수 없음.,5.0,5.0,5.0,0.0,4,4,False,0.22878406167377352,-3381.0,0.7354796606482489,True,0.26619343389529726,-7.772145116407694,-1.2278548835923058,50.84295421136765,op_rate_approx,True,3.11528574136765,SAME_SOURCE,False,PPI_candidate_quarterly_yoy.csv,1,비금속광물제품,14.939392999969003,14.939392999969003,-0.4883385947176522,-0.4883385947176522,OPPOSITE_ALL,COMPARABLE,S4,True,단일 후보·근접 분류,False,NOT_CONFIRMED,20260916T061849980743Z-d1794cbf,2026-09-16T06:18:49.980743+00:00,58499908a6af50344a1362c55c840a58cfd80d4373c7098c4c97a9e0271a573b,9eab0a418a59d45db45d451cd60b05233a7a4f1c756a49150fbd3e50c78ddd6a,changwon-transition-diagnosis-model/1.0.0,changwon-electre-pilot-v1,SCENARIO_REGISTERED,SCENARIO_REGISTERED,bef58985e0714e5a149bbbbf667ed271296f86fc1b7d056f18d3518723da70f0
비금속,2023Q1,212,18,256.0,263.0,-7.0,-2.661596958174905,152.485,115.695,31.799127014996344,S2,5.0,True,False,S2,S2->S2,7.0,2.661596958174905,0.0,5,True,True,False,False,5,True,True,False,False,5,True,True,False,False,S2,S2,S2,S2,STABLE_2_0,,COMPLETE,True,,,,ROUTABLE_S2,False,SINGLE_INDUSTRY_CATEGORY,-1.0,False,0.0,0.0,False,51.2,True,가동업체 수가 적어 개별 업체 수준 변화가 업종 집계에 크게 반영될 수 있음. 현재 집계자료만으로 업체 수 변화가 고용 변화의 원인이라고 판단할 수 없음.,5.0,5.0,5.0,0.0,4,4,False,0.22510837737309075,-3571.0,0.3711672383328136,True,0.19602352282273874,-8.006999505516053,1.0069995055160526,53.51662951983209,op_rate_approx,True,0.5801900598320842,SAME_SOURCE,False,PPI_candidate_quarterly_yoy.csv,1,비금속광물제품,14.140653248161982,14.140653248161982,15.470801387864586,15.470801387864586,SAME_ALL,COMPARABLE,S2,True,단일 후보·근접 분류,False,NOT_CONFIRMED,20260916T061849980743Z-d1794cbf,2026-09-16T06:18:49.980743+00:00,58499908a6af50344a1362c55c840a58cfd80d4373c7098c4c97a9e0271a573b,9eab0a418a59d45db45d451cd60b05233a7a4f1c756a49150fbd3e50c78ddd6a,changwon-transition-diagnosis-model/1.0.0,changwon-electre-pilot-v1,SCENARIO_REGISTERED,SCENARIO_REGISTERED,bef58985e0714e5a149bbbbf667ed271296f86fc1b7d056f18d3518723da70f0
비금속,2023Q2,213,18,251.0,259.0,-8.0,-3.0888030888030937,170.315,137.225,24.113681909273097,S2,6.0,True,False,S2,S2->S4,8.0,3.0888030888030937,0.0,6,True,True,False,False,6,True,True,False,False,6,True,True,False,False,S2,S2,S2,S2,STABLE_2_0,,COMPLETE,True,,,,ROUTABLE_S2,False,SINGLE_INDUSTRY_CATEGORY,-5.0,False,0.0,0.0,False,50.2,True,가동업체 수가 적어 개별 업체 수준 변화가 업종 집계에 크게 반영될 수 있음. 현재 집계자료만으로 업체 수 변화가 고용 변화의 원인이라고 판단할 수 없음.,5.0,5.0,5.0,0.0,4,4,False,0.22141848976711365,-3488.0,0.42966247844296623,True,0.22935779816513763,-7.731343283582089,-0.2686567164179108,56.23159505279668,op_rate_approx,True,14.260810452796676,SAME_SOURCE,False,PPI_candidate_quarterly_yoy.csv,1,비금속광물제품,9.77284430966412,9.77284430966412,13.064103139346695,13.064103139346695,SAME_ALL,COMPARABLE,S2,True,단일 후보·근접 분류,False,NOT_CONFIRMED,20260916T061849980743Z-d1794cbf,2026-09-16T06:18:49.980743+00:00,58499908a6af50344a1362c55c840a58cfd80d4373c7098c4c97a9e0271a573b,9eab0a418a59d45db45d451cd60b05233a7a4f1c756a49150fbd3e50c78ddd6a,changwon-transition-diagnosis-model/1.0.0,changwon-electre-pilot-v1,SCENARIO_REGISTERED,SCENARIO_REGISTERED,bef58985e0714e5a149bbbbf667ed271296f86fc1b7d056f18d3518723da70f0
비금속,2023Q3,214,18,251.0,257.0,-6.0,-2.334630350194556,150.64499999999998,161.555,-6.753118133143532,S4,1.0,False,True,S2,,6.0,2.334630350194556,6.753118133143532,7,True,True,False,False,7,True,True,False,False,7,True,True,False,False,S4,S4,S4,S4,STABLE_2_0,,COMPLETE,True,,,,ROUTABLE_S4,False,SINGLE_INDUSTRY_CATEGORY,0.0,False,0.0,0.0,False,50.2,True,가동업체 수가 적어 개별 업체 수준 변화가 업종 집계에 크게 반영될 수 있음. 현재 집계자료만으로 업체 수 변화가 고용 변화의 원인이라고 판단할 수 없음.,5.0,5.0,5.0,0.0,4,4,False,0.22116875793035387,-2191.0,0.2515210653197107,False,,-4.8676682889720695,-1.1323317110279305,52.62173788328099,op_rate_approx,True,5.254437663280996,SAME_SOURCE,True,PPI_candidate_quarterly_yoy.csv,1,비금속광물제품,6.309998624673363,6.309998624673363,-12.287759314094371,-12.287759314094371,SAME_ALL,COMPARABLE,S4,True,단일 후보·근접 분류,False,NOT_CONFIRMED,20260916T061849980743Z-d1794cbf,2026-09-16T06:18:49.980743+00:00,58499908a6af50344a1362c55c840a58cfd80d4373c7098c4c97a9e0271a573b,9eab0a418a59d45db45d451cd60b05233a7a4f1c756a49150fbd3e50c78ddd6a,changwon-transition-diagnosis-model/1.0.0,changwon-electre-pilot-v1,SCENARIO_REGISTERED,SCENARIO_REGISTERED,bef58985e0714e5a149bbbbf667ed271296f86fc1b7d056f18d3518723da70f0
비금속,2023Q4,215,18,251.0,257.0,-6.0,-2.334630350194556,,144.14499999999998,,INVALID,,False,False,S4,,6.0,2.334630350194556,,8,True,True,False,False,8,True,True,False,False,8,True,True,False,False,INVALID,INVALID,INVALID,INVALID,INVALID,,PROD_YOY_MISSING,False,PROD_YOY_MISSING,2023Q4_PRODUCTION_SOURCE_MISSING,,DATA_REVIEW,False,SINGLE_INDUSTRY_CATEGORY,0.0,False,0.0,0.0,False,50.2,True,가동업체 수가 적어 개별 업체 수준 변화가 업종 집계에 크게 반영될 수 있음. 현재 집계자료만으로 업체 수 변화가 고용 변화의 원인이라고 판단할 수 없음.,5.0,5.0,5.0,0.0,4,4,False,0.22112394393494902,1178.0,0.12379150903741068,False,,2.6950762465170524,-8.695076246517052,59.25030378325136,op_rate_approx,True,8.407349571883714,SAME_SOURCE,,PPI_candidate_quarterly_yoy.csv,1,비금속광물제품,,,,,NOT_COMPARABLE,NOMINAL_PRODUCTION_YOY_MISSING,,,단일 후보·근접 분류,False,NOT_CONFIRMED,20260916T061849980743Z-d1794cbf,2026-09-16T06:18:49.980743+00:00,58499908a6af50344a1362c55c840a58cfd80d4373c7098c4c97a9e0271a573b,9eab0a418a59d45db45d451cd60b05233a7a4f1c756a49150fbd3e50c78ddd6a,changwon-transition-diagnosis-model/1.0.0,changwon-electre-pilot-v1,SCENARIO_REGISTERED,SCENARIO_REGISTERED,bef58985e0714e5a149bbbbf667ed271296f86fc1b7d056f18d3518723da70f0
비금속,2024Q1,216,18,250.0,256.0,-6.0,-2.34375,145.145,152.485,-4.813588221792308,S4,1.0,True,False,INVALID,S4->S2,6.0,2.34375,4.813588221792308,9,True,True,False,False,9,True,True,False,False,9,True,True,False,False,S4,S4,S4,S4,STABLE_2_0,,COMPLETE,True,,,,ROUTABLE_S4,False,SINGLE_INDUSTRY_CATEGORY,-1.0,False,0.0,0.0,False,50.0,True,가동업체 수가 적어 개별 업체 수준 변화가 업종 집계에 크게 반영될 수 있음. 현재 집계자료만으로 업체 수 변화가 고용 변화의 원인이라고 판단할 수 없음.,5.0,5.0,5.0,0.0,4,4,False,0.21931363604463472,269.0,0.2506989748369059,False,,0.6055415351336141,-6.605541535133614,49.16586216825025,op_rate_approx,True,-4.350767351581837,SAME_SOURCE,False,PPI_candidate_quarterly_yoy.csv,1,비금속광물제품,3.1123782371109687,3.1123782371109687,-7.686726457493986,-7.686726457493986,SAME_ALL,COMPARABLE,S4,True,단일 후보·근접 분류,False,NOT_CONFIRMED,20260916T061849980743Z-d1794cbf,2026-09-16T06:18:49.980743+00:00,58499908a6af50344a1362c55c840a58cfd80d4373c7098c4c97a9e0271a573b,9eab0a418a59d45db45d451cd60b05233a7a4f1c756a49150fbd3e50c78ddd6a,changwon-transition-diagnosis-model/1.0.0,changwon-electre-pilot-v1,SCENARIO_REGISTERED,SCENARIO_REGISTERED,bef58985e0714e5a149bbbbf667ed271296f86fc1b7d056f18d3518723da70f0
비금속,2024Q2,217,18,233.0,251.0,-18.0,-7.171314741035861,179.545,170.315,5.419369990899203,S2,1.0,False,False,S4,S2->S4,18.0,7.171314741035861,0.0,10,True,True,False,False,10,True,True,False,False,10,True,True,False,False,S2,S2,S2,S2,STABLE_2_0,,COMPLETE,True,,,,ROUTABLE_S2,False,SINGLE_INDUSTRY_CATEGORY,-17.0,False,0.0,0.0,False,46.6,True,가동업체 수가 적어 개별 업체 수준 변화가 업종 집계에 크게 반영될 수 있음. 현재 집계자료만으로 업체 수 변화가 고용 변화의 원인이라고 판단할 수 없음.,5.0,5.0,6.0,0.0,4,4,False,0.2003456607537468,2939.0,0.9702872235061076,True,-0.6124532153793808,6.50748941425547,-24.50748941425547,59.31156368201114,op_rate_official,False,,MIXED_SOURCE_NOT_COMPUTED,,PPI_candidate_quarterly_yoy.csv,1,비금속광물제품,1.3864998696898612,1.3864998696898612,3.977719051740336,3.977719051740336,SAME_ALL,COMPARABLE,S2,True,단일 후보·근접 분류,False,NOT_CONFIRMED,20260916T061849980743Z-d1794cbf,2026-09-16T06:18:49.980743+00:00,58499908a6af50344a1362c55c840a58cfd80d4373c7098c4c97a9e0271a573b,9eab0a418a59d45db45d451cd60b05233a7a4f1c756a49150fbd3e50c78ddd6a,changwon-transition-diagnosis-model/1.0.0,changwon-electre-pilot-v1,SCENARIO_REGISTERED,SCENARIO_REGISTERED,bef58985e0714e5a149bbbbf667ed271296f86fc1b7d056f18d3518723da70f0
비금속,2024Q3,218,18,236.0,251.0,-15.0,-5.976095617529875,136.385,150.64499999999998,-9.465963025656343,S4,1.0,False,True,S2,,15.0,5.976095617529875,9.465963025656343,11,True,True,False,False,11,True,True,False,False,11,True,True,False,False,S4,S4,S4,S4,STABLE_2_0,,COMPLETE,True,,,,ROUTABLE_S4,False,SINGLE_INDUSTRY_CATEGORY,3.0,True,0.0,0.0,False,47.2,True,가동업체 수가 적어 개별 업체 수준 변화가 업종 집계에 크게 반영될 수 있음. 현재 집계자료만으로 업체 수 변화가 고용 변화의 원인이라고 판단할 수 없음.,5.0,5.0,6.0,0.0,4,4,False,0.2026934176171499,2944.0,0.9602087410306588,True,-0.5095108695652174,6.511208233469618,-21.511208233469617,46.98313726165665,op_rate_official,False,,MIXED_SOURCE_NOT_COMPUTED,,PPI_candidate_quarterly_yoy.csv,1,비금속광물제품,0.2380397940438205,0.2380397940438205,-9.680958286533436,-9.680958286533436,SAME_ALL,COMPARABLE,S4,True,단일 후보·근접 분류,False,NOT_CONFIRMED,20260916T061849980743Z-d1794cbf,2026-09-16T06:18:49.980743+00:00,58499908a6af50344a1362c55c840a58cfd80d4373c7098c4c97a9e0271a573b,9eab0a418a59d45db45d451cd60b05233a7a4f1c756a49150fbd3e50c78ddd6a,changwon-transition-diagnosis-model/1.0.0,changwon-electre-pilot-v1,SCENARIO_REGISTERED,SCENARIO_REGISTERED,bef58985e0714e5a149bbbbf667ed271296f86fc1b7d056f18d3518723da70f0
비금속,2024Q4,219,18,246.0,251.0,-5.0,-1.9920318725099584,101.475,,,INVALID,,False,False,S4,,5.0,1.9920318725099584,,12,True,True,False,False,12,True,True,False,False,12,True,True,False,False,INVALID,INVALID,INVALID,INVALID,INVALID,,PROD_YOY_MISSING,False,PROD_YOY_MISSING,2023Q4_PRODUCTION_SOURCE_MISSING,LAG4_FROM_2023Q4_SOURCE_MISSING,DATA_REVIEW,False,SINGLE_INDUSTRY_CATEGORY,10.0,True,1.0,1.0,True,41.0,True,가동업체 수가 적어 개별 업체 수준 변화가 업종 집계에 크게 반영될 수 있음. 현재 집계자료만으로 업체 수 변화가 고용 변화의 원인이라고 판단할 수 없음.,6.0,5.0,6.0,20.0,4,4,False,0.21470839806587882,1063.0,0.4816492976891708,True,-0.4703668861712135,2.3505475240285083,-7.350547524028508,32.91917406043697,op_rate_official,False,,MIXED_SOURCE_NOT_COMPUTED,,PPI_candidate_quarterly_yoy.csv,1,비금속광물제품,,,,,NOT_COMPARABLE,NOMINAL_PRODUCTION_YOY_MISSING,,,단일 후보·근접 분류,False,NOT_CONFIRMED,20260916T061849980743Z-d1794cbf,2026-09-16T06:18:49.980743+00:00,58499908a6af50344a1362c55c840a58cfd80d4373c7098c4c97a9e0271a573b,9eab0a418a59d45db45d451cd60b05233a7a4f1c756a49150fbd3e50c78ddd6a,changwon-transition-diagnosis-model/1.0.0,changwon-electre-pilot-v1,SCENARIO_REGISTERED,SCENARIO_REGISTERED,bef58985e0714e5a149bbbbf667ed271296f86fc1b7d056f18d3518723da70f0
비금속,2025Q1,220,18,186.0,250.0,-64.0,-25.6,98.24,145.145,-32.3159599021668,S4,1.0,True,False,INVALID,S4->S4,64.0,25.6,32.3159599021668,13,True,True,False,False,13,True,True,False,False,13,True,True,False,False,S4,S4,S4,S4,STABLE_2_0,,COMPLETE,True,,,,ROUTABLE_S4,False,SINGLE_INDUSTRY_CATEGORY,-60.0,False,-1.0,0.0,False,37.2,True,가동업체 수가 적어 개별 업체 수준 변화가 업종 집계에 크게 반영될 수 있음. 현재 집계자료만으로 업체 수 변화가 고용 변화의 원인이라고 판단할 수 없음.,5.0,5.0,5.0,0.0,4,4,False,0.15909674108288427,2918.0,0.498122226015705,True,-2.193283070596299,6.399571899782441,-70.39957189978244,40.1356375372799,op_rate_official,False,,MIXED_SOURCE_NOT_COMPUTED,,PPI_candidate_quarterly_yoy.csv,1,비금속광물제품,-1.067588325652857,-1.067588325652857,-31.58557549306821,-31.58557549306821,SAME_ALL,COMPARABLE,S4,True,단일 후보·근접 분류,False,NOT_CONFIRMED,20260916T061849980743Z-d1794cbf,2026-09-16T06:18:49.980743+00:00,58499908a6af50344a1362c55c840a58cfd80d4373c7098c4c97a9e0271a573b,9eab0a418a59d45db45d451cd60b05233a7a4f1c756a49150fbd3e50c78ddd6a,changwon-transition-diagnosis-model/1.0.0,changwon-electre-pilot-v1,SCENARIO_REGISTERED,SCENARIO_REGISTERED,bef58985e0714e5a149bbbbf667ed271296f86fc1b7d056f18d3518723da70f0
비금속,2025Q2,221,18,185.0,233.0,-48.0,-20.60085836909872,111.45,179.545,-37.9264251301902,S4,2.0,True,False,S4,S4->S4,48.0,20.60085836909872,37.9264251301902,14,True,True,False,False,14,True,True,False,False,14,True,True,False,False,S4,S4,S4,S4,STABLE_2_0,,COMPLETE,True,,,,ROUTABLE_S4,False,SINGLE_INDUSTRY_CATEGORY,-1.0,False,0.0,0.0,False,37.0,True,가동업체 수가 적어 개별 업체 수준 변화가 업종 집계에 크게 반영될 수 있음. 현재 집계자료만으로 업체 수 변화가 고용 변화의 원인이라고 판단할 수 없음.,5.0,5.0,5.0,0.0,4,4,False,0.15525083499773418,2863.0,0.3998044965786901,True,-1.6765630457562,5.735896267379771,-53.73589626737977,43.18261072,op_rate_official,False,-16.12895296201114,SAME_SOURCE,False,PPI_candidate_quarterly_yoy.csv,1,비금속광물제품,-0.8585676828954725,-0.8585676828954725,-37.388866169224734,-37.388866169224734,SAME_ALL,COMPARABLE,S4,True,단일 후보·근접 분류,False,NOT_CONFIRMED,20260916T061849980743Z-d1794cbf,2026-09-16T06:18:49.980743+00:00,58499908a6af50344a1362c55c840a58cfd80d4373c7098c4c97a9e0271a573b,9eab0a418a59d45db45d451cd60b05233a7a4f1c756a49150fbd3e50c78ddd6a,changwon-transition-diagnosis-model/1.0.0,changwon-electre-pilot-v1,SCENARIO_REGISTERED,SCENARIO_REGISTERED,bef58985e0714e5a149bbbbf667ed271296f86fc1b7d056f18d3518723da70f0
비금속,2025Q3,222,18,182.0,236.0,-54.0,-22.881355932203384,73.12,136.385,-46.38706602632253,S4,3.0,True,False,S4,S4->S2,54.0,22.881355932203384,46.38706602632253,15,True,True,False,False,15,True,True,False,False,15,True,True,False,False,S4,S4,S4,S4,STABLE_2_0,,COMPLETE,True,,,,ROUTABLE_S4,False,SINGLE_INDUSTRY_CATEGORY,-3.0,False,0.0,0.0,False,36.4,True,가동업체 수가 적어 개별 업체 수준 변화가 업종 집계에 크게 반영될 수 있음. 현재 집계자료만으로 업체 수 변화가 고용 변화의 원인이라고 판단할 수 없음.,5.0,5.0,5.0,0.0,4,4,False,0.15604369223382547,202.0,0.04713019132057863,False,,0.4094407035866428,-54.40944070358664,30.26740624,op_rate_official,False,-16.71573102165665,SAME_SOURCE,False,PPI_candidate_quarterly_yoy.csv,1,비금속광물제품,-0.8905294132830699,-0.8905294132830699,-45.90533714256071,-45.90533714256071,SAME_ALL,COMPARABLE,S4,True,단일 후보·근접 분류,False,NOT_CONFIRMED,20260916T061849980743Z-d1794cbf,2026-09-16T06:18:49.980743+00:00,58499908a6af50344a1362c55c840a58cfd80d4373c7098c4c97a9e0271a573b,9eab0a418a59d45db45d451cd60b05233a7a4f1c756a49150fbd3e50c78ddd6a,changwon-transition-diagnosis-model/1.0.0,changwon-electre-pilot-v1,SCENARIO_REGISTERED,SCENARIO_REGISTERED,bef58985e0714e5a149bbbbf667ed271296f86fc1b7d056f18d3518723da70f0
비금속,2025Q4,223,18,178.0,246.0,-68.0,-27.642276422764223,133.83,101.475,31.884700665188493,S2,1.0,False,True,S4,S2->S2,68.0,27.642276422764223,0.0,16,True,True,False,False,16,True,True,False,False,16,True,True,False,False,S2,S2,S2,S2,STABLE_2_0,,COMPLETE,True,,,,ROUTABLE_S2,False,SINGLE_INDUSTRY_CATEGORY,-4.0,False,0.0,-1.0,True,35.6,True,가동업체 수가 적어 개별 업체 수준 변화가 업종 집계에 크게 반영될 수 있음. 현재 집계자료만으로 업체 수 변화가 고용 변화의 원인이라고 판단할 수 없음.,5.0,6.0,5.0,-16.666666666666664,4,4,False,0.15418330489315443,873.0,0.13470143496374015,False,,1.8744043151151222,-69.87440431511513,48.82524626,op_rate_official,False,15.906072199563027,SAME_SOURCE,False,PPI_candidate_quarterly_yoy.csv,1,비금속광물제품,-1.131139920458657,-1.131139920458657,33.39356857061511,33.39356857061511,SAME_ALL,COMPARABLE,S2,True,단일 후보·근접 분류,False,NOT_CONFIRMED,20260916T061849980743Z-d1794cbf,2026-09-16T06:18:49.980743+00:00,58499908a6af50344a1362c55c840a58cfd80d4373c7098c4c97a9e0271a573b,9eab0a418a59d45db45d451cd60b05233a7a4f1c756a49150fbd3e50c78ddd6a,changwon-transition-diagnosis-model/1.0.0,changwon-electre-pilot-v1,SCENARIO_REGISTERED,SCENARIO_REGISTERED,bef58985e0714e5a149bbbbf667ed271296f86fc1b7d056f18d3518723da70f0
비금속,2026Q1,224,18,182.0,186.0,-4.0,-2.1505376344086,138.44,98.24,40.920195439739416,S2,2.0,False,True,S2,S2->S2,4.0,2.1505376344086,0.0,17,True,True,False,False,17,True,True,False,False,17,True,True,False,False,S2,S2,S2,S2,STABLE_2_0,,COMPLETE,True,,,,ROUTABLE_S2,False,SINGLE_INDUSTRY_CATEGORY,4.0,True,0.0,0.0,False,36.4,True,가동업체 수가 적어 개별 업체 수준 변화가 업종 집계에 크게 반영될 수 있음. 현재 집계자료만으로 업체 수 변화가 고용 변화의 원인이라고 판단할 수 없음.,5.0,5.0,5.0,0.0,4,4,False,0.1583365957631911,-1965.0,0.978098556495769,True,0.2035623409669211,-3.126250962278676,-0.873749037721324,49.24937744574884,op_rate_official,False,9.113739908468943,SAME_SOURCE,False,PPI_candidate_quarterly_yoy.csv,1,비금속광물제품,-1.0920477188624211,-1.0920477188624211,42.476102466650566,42.476102466650566,SAME_ALL,COMPARABLE,S2,True,단일 후보·근접 분류,False,NOT_CONFIRMED,20260916T061849980743Z-d1794cbf,2026-09-16T06:18:49.980743+00:00,58499908a6af50344a1362c55c840a58cfd80d4373c7098c4c97a9e0271a573b,9eab0a418a59d45db45d451cd60b05233a7a4f1c756a49150fbd3e50c78ddd6a,changwon-transition-diagnosis-model/1.0.0,changwon-electre-pilot-v1,SCENARIO_REGISTERED,SCENARIO_REGISTERED,bef58985e0714e5a149bbbbf667ed271296f86fc1b7d056f18d3518723da70f0
비금속,2026Q2,225,18,183.0,185.0,-2.0,-1.0810810810810811,162.35,111.45,45.67070435172722,S2,3.0,False,True,S2,,2.0,1.0810810810810811,0.0,18,True,True,True,False,18,True,True,True,False,18,True,True,True,False,S2,S2,S2,N,SENSITIVE_2_0,2.0,COMPLETE,True,,,,ROUTABLE_S2,False,SINGLE_INDUSTRY_CATEGORY,1.0,True,-1.0,-1.0,True,45.75,True,가동업체 수가 적어 개별 업체 수준 변화가 업종 집계에 크게 반영될 수 있음. 현재 집계자료만으로 업체 수 변화가 고용 변화의 원인이라고 판단할 수 없음.,4.0,5.0,4.0,-20.0,4,4,False,0.15936601933292693,-4332.0,0.9648106904231626,True,0.04616805170821791,-6.725466172101845,4.725466172101845,57.29662961002294,op_rate_official,False,14.11401889002294,SAME_SOURCE,False,PPI_candidate_quarterly_yoy.csv,1,비금속광물제품,3.4147479775980205,3.4147479775980205,40.860667555156446,40.860667555156446,SAME_ALL,COMPARABLE,S2,True,단일 후보·근접 분류,False,NOT_CONFIRMED,20260916T061849980743Z-d1794cbf,2026-09-16T06:18:49.980743+00:00,58499908a6af50344a1362c55c840a58cfd80d4373c7098c4c97a9e0271a573b,9eab0a418a59d45db45d451cd60b05233a7a4f1c756a49150fbd3e50c78ddd6a,changwon-transition-diagnosis-model/1.0.0,changwon-electre-pilot-v1,SCENARIO_REGISTERED,SCENARIO_REGISTERED,bef58985e0714e5a149bbbbf667ed271296f86fc1b7d056f18d3518723da70f0
석유화학,2022Q1,208,18,508.0,488.0,20.0,4.098360655737698,517.0966667,419.6266667,23.22778977954787,S1,1.0,True,True,,S1->S1,0.0,0.0,0.0,0,False,False,False,False,0,False,False,False,False,0,False,False,False,False,S1,S1,S1,S1,STABLE_2_0,,COMPLETE,True,,,,ROUTABLE_S1,False,SINGLE_INDUSTRY_CATEGORY,,,,0.0,False,13.368421052631579,False,,38.0,38.0,39.0,0.0,0,1,,0.4330997322966222,280.0,0.04953998584571833,False,,1.1677235202625327,18.832276479737466,72.51020746,op_rate_approx,True,-9.826573699999997,SAME_SOURCE,True,PPI_candidate_quarterly_yoy.csv,2,석탄및석유제품; 화학제품,15.625979562409896,63.55543418896779,-24.6568661013283,6.574482867870413,CANDIDATE_DEPENDENT,COMPARABLE,S1|S3,False,복수 후보·범위 제시,False,NOT_CONFIRMED,20260916T061849980743Z-d1794cbf,2026-09-16T06:18:49.980743+00:00,58499908a6af50344a1362c55c840a58cfd80d4373c7098c4c97a9e0271a573b,9eab0a418a59d45db45d451cd60b05233a7a4f1c756a49150fbd3e50c78ddd6a,changwon-transition-diagnosis-model/1.0.0,changwon-electre-pilot-v1,SCENARIO_REGISTERED,SCENARIO_REGISTERED,bef58985e0714e5a149bbbbf667ed271296f86fc1b7d056f18d3518723da70f0
석유화학,2022Q2,209,18,516.0,501.0,15.0,2.9940119760478945,683.0533334,513.22,33.09172156190328,S1,2.0,True,True,S1,S1->S1,0.0,0.0,0.0,0,False,False,False,False,0,False,False,False,False,0,False,False,False,False,S1,S1,S1,S1,STABLE_2_0,,COMPLETE,True,,,,ROUTABLE_S1,False,SINGLE_INDUSTRY_CATEGORY,8.0,False,1.0,1.0,True,13.23076923076923,False,,39.0,38.0,40.0,2.631578947368429,0,2,False,0.441599342735862,-70.0,0.011990407673860911,False,,-0.2999538137840196,15.29995381378402,81.79766405,op_rate_approx,True,-6.368333270000008,SAME_SOURCE,True,PPI_candidate_quarterly_yoy.csv,2,석탄및석유제품; 화학제품,15.317010082008188,81.99224371326133,-26.8695638636136,15.413781078138022,CANDIDATE_DEPENDENT,COMPARABLE,S1|S3,False,복수 후보·범위 제시,False,NOT_CONFIRMED,20260916T061849980743Z-d1794cbf,2026-09-16T06:18:49.980743+00:00,58499908a6af50344a1362c55c840a58cfd80d4373c7098c4c97a9e0271a573b,9eab0a418a59d45db45d451cd60b05233a7a4f1c756a49150fbd3e50c78ddd6a,changwon-transition-diagnosis-model/1.0.0,changwon-electre-pilot-v1,SCENARIO_REGISTERED,SCENARIO_REGISTERED,bef58985e0714e5a149bbbbf667ed271296f86fc1b7d056f18d3518723da70f0
석유화학,2022Q3,210,18,521.0,509.0,12.0,2.357563850687616,657.2433333,541.4266666999999,21.39101631360414,S1,3.0,True,True,S1,S1->S1,0.0,0.0,0.0,0,False,False,False,False,0,False,False,False,False,0,False,False,False,False,S1,S1,S1,S1,STABLE_2_0,,COMPLETE,True,,,,ROUTABLE_S1,False,SINGLE_INDUSTRY_CATEGORY,5.0,False,0.0,1.0,True,13.35897435897436,False,,39.0,38.0,43.0,2.631578947368429,0,3,False,0.45038425297590745,-266.0,0.05453054530545305,False,,-1.1677433265772565,13.167743326577256,71.51071089,op_rate_approx,True,-13.5373163,SAME_SOURCE,True,PPI_candidate_quarterly_yoy.csv,2,석탄및석유제품; 화학제품,11.16241486782872,55.12205850010994,-21.74483920124223,9.201492660929645,CANDIDATE_DEPENDENT,COMPARABLE,S1|S3,False,복수 후보·범위 제시,False,NOT_CONFIRMED,20260916T061849980743Z-d1794cbf,2026-09-16T06:18:49.980743+00:00,58499908a6af50344a1362c55c840a58cfd80d4373c7098c4c97a9e0271a573b,9eab0a418a59d45db45d451cd60b05233a7a4f1c756a49150fbd3e50c78ddd6a,changwon-transition-diagnosis-model/1.0.0,changwon-electre-pilot-v1,SCENARIO_REGISTERED,SCENARIO_REGISTERED,bef58985e0714e5a149bbbbf667ed271296f86fc1b7d056f18d3518723da70f0
석유화학,2022Q4,211,18,564.0,508.0,56.0,11.023622047244096,885.7425,620.8466667,42.66686889180007,S1,4.0,True,True,S1,S1->S1,0.0,0.0,0.0,0,False,False,False,False,0,False,False,False,False,0,False,False,False,False,S1,S1,S1,S1,STABLE_2_0,,COMPLETE,True,,,,ROUTABLE_S1,False,SINGLE_INDUSTRY_CATEGORY,43.0,False,1.0,0.0,False,14.1,False,,40.0,40.0,44.0,0.0,0,4,False,0.5020786411829116,-3381.0,0.7354796606482489,True,-1.6563146997929608,-14.843044056898906,70.8430440568989,85.51131730419269,op_rate_approx,True,-6.3181213758073085,SAME_SOURCE,True,PPI_candidate_quarterly_yoy.csv,2,석탄및석유제품; 화학제품,4.99958057209966,27.324116979753494,12.050153793319684,35.87375122306851,SAME_ALL,COMPARABLE,S1,True,복수 후보·범위 제시,False,NOT_CONFIRMED,20260916T061849980743Z-d1794cbf,2026-09-16T06:18:49.980743+00:00,58499908a6af50344a1362c55c840a58cfd80d4373c7098c4c97a9e0271a573b,9eab0a418a59d45db45d451cd60b05233a7a4f1c756a49150fbd3e50c78ddd6a,changwon-transition-diagnosis-model/1.0.0,changwon-electre-pilot-v1,SCENARIO_REGISTERED,SCENARIO_REGISTERED,bef58985e0714e5a149bbbbf667ed271296f86fc1b7d056f18d3518723da70f0
석유화학,2023Q1,212,18,624.0,508.0,116.0,22.83464566929134,871.9124999999999,517.0966667,68.6169252577779,S1,5.0,True,True,S1,S1->S1,0.0,0.0,0.0,0,False,False,False,False,0,False,False,False,False,0,False,False,False,False,S1,S1,S1,S1,STABLE_2_0,,COMPLETE,True,,,,ROUTABLE_S1,False,SINGLE_INDUSTRY_CATEGORY,60.0,False,1.0,3.0,True,15.21951219512195,False,,41.0,38.0,44.0,7.8947368421052655,0,4,False,0.5487016698469087,-3571.0,0.3711672383328136,True,-3.2483898067768138,-15.46599144031238,131.4659914403124,60.95741049013469,op_rate_approx,True,-11.552796969865312,SAME_SOURCE,True,PPI_candidate_quarterly_yoy.csv,2,석탄및석유제품; 화학제품,-2.467692924166032,1.1792772521484585,66.65164037253237,72.8831505304942,SAME_ALL,COMPARABLE,S1,True,복수 후보·범위 제시,False,NOT_CONFIRMED,20260916T061849980743Z-d1794cbf,2026-09-16T06:18:49.980743+00:00,58499908a6af50344a1362c55c840a58cfd80d4373c7098c4c97a9e0271a573b,9eab0a418a59d45db45d451cd60b05233a7a4f1c756a49150fbd3e50c78ddd6a,changwon-transition-diagnosis-model/1.0.0,changwon-electre-pilot-v1,SCENARIO_REGISTERED,SCENARIO_REGISTERED,bef58985e0714e5a149bbbbf667ed271296f86fc1b7d056f18d3518723da70f0
석유화학,2023Q2,213,18,625.0,516.0,109.0,21.12403100775193,991.6875,683.0533334,45.18449021597293,S1,6.0,True,True,S1,S1->S1,0.0,0.0,0.0,0,False,False,False,False,0,False,False,False,False,0,False,False,False,False,S1,S1,S1,S1,STABLE_2_0,,COMPLETE,True,,,,ROUTABLE_S1,False,SINGLE_INDUSTRY_CATEGORY,1.0,False,-1.0,1.0,True,15.625,False,,40.0,39.0,42.0,2.564102564102555,0,4,False,0.5513408609738886,-3488.0,0.42966247844296623,True,-3.125,-15.402985074626866,124.40298507462687,74.07561010908357,op_rate_approx,True,-7.722053940916425,SAME_SOURCE,True,PPI_candidate_quarterly_yoy.csv,2,석탄및석유제품; 화학제품,-27.25055283790124,-5.261011419249595,53.2468230777295,99.56782612034966,SAME_ALL,COMPARABLE,S1,True,복수 후보·범위 제시,False,NOT_CONFIRMED,20260916T061849980743Z-d1794cbf,2026-09-16T06:18:49.980743+00:00,58499908a6af50344a1362c55c840a58cfd80d4373c7098c4c97a9e0271a573b,9eab0a418a59d45db45d451cd60b05233a7a4f1c756a49150fbd3e50c78ddd6a,changwon-transition-diagnosis-model/1.0.0,changwon-electre-pilot-v1,SCENARIO_REGISTERED,SCENARIO_REGISTERED,bef58985e0714e5a149bbbbf667ed271296f86fc1b7d056f18d3518723da70f0
석유화학,2023Q3,214,18,627.0,521.0,106.0,20.345489443378128,1000.6625,657.2433333,52.25144924265754,S1,7.0,True,True,S1,,0.0,0.0,0.0,0,False,False,False,False,0,False,False,False,False,0,False,False,False,False,S1,S1,S1,S1,STABLE_2_0,,COMPLETE,True,,,,ROUTABLE_S1,False,SINGLE_INDUSTRY_CATEGORY,2.0,False,0.0,1.0,True,15.675,False,,40.0,39.0,42.0,2.564102564102555,0,4,False,0.552481319610884,-2191.0,0.2515210653197107,False,,-9.867918982702133,115.86791898270214,74.47053942371916,op_rate_approx,True,2.959828533719161,SAME_SOURCE,False,PPI_candidate_quarterly_yoy.csv,2,석탄및석유제품; 화학제품,-16.962032494966962,-4.789719626168232,59.91072460333113,83.35160868843445,SAME_ALL,COMPARABLE,S1,True,복수 후보·범위 제시,False,NOT_CONFIRMED,20260916T061849980743Z-d1794cbf,2026-09-16T06:18:49.980743+00:00,58499908a6af50344a1362c55c840a58cfd80d4373c7098c4c97a9e0271a573b,9eab0a418a59d45db45d451cd60b05233a7a4f1c756a49150fbd3e50c78ddd6a,changwon-transition-diagnosis-model/1.0.0,changwon-electre-pilot-v1,SCENARIO_REGISTERED,SCENARIO_REGISTERED,bef58985e0714e5a149bbbbf667ed271296f86fc1b7d056f18d3518723da70f0
석유화학,2023Q4,215,18,633.0,564.0,69.0,12.234042553191491,,885.7425,,INVALID,,False,False,S1,,0.0,0.0,,0,False,False,False,False,0,False,False,False,False,0,False,False,False,False,INVALID,INVALID,INVALID,INVALID,INVALID,,PROD_YOY_MISSING,False,PROD_YOY_MISSING,2023Q4_PRODUCTION_SOURCE_MISSING,,DATA_REVIEW,False,SINGLE_INDUSTRY_CATEGORY,6.0,False,2.0,2.0,True,15.071428571428571,False,,42.0,40.0,43.0,5.000000000000004,0,4,False,0.5576552052224013,1178.0,0.12379150903741068,False,,5.914486393134697,63.085513606865305,76.8577744044061,op_rate_approx,True,-8.653542899786586,SAME_SOURCE,,PPI_candidate_quarterly_yoy.csv,2,석탄및석유제품; 화학제품,,,,,NOT_COMPARABLE,NOMINAL_PRODUCTION_YOY_MISSING,,,복수 후보·범위 제시,False,NOT_CONFIRMED,20260916T061849980743Z-d1794cbf,2026-09-16T06:18:49.980743+00:00,58499908a6af50344a1362c55c840a58cfd80d4373c7098c4c97a9e0271a573b,9eab0a418a59d45db45d451cd60b05233a7a4f1c756a49150fbd3e50c78ddd6a,changwon-transition-diagnosis-model/1.0.0,changwon-electre-pilot-v1,SCENARIO_REGISTERED,SCENARIO_REGISTERED,bef58985e0714e5a149bbbbf667ed271296f86fc1b7d056f18d3518723da70f0
석유화학,2024Q1,216,18,634.0,624.0,10.0,1.6025641025640969,843.7024999999999,871.9124999999999,-3.235416397861024,S3,1.0,True,False,INVALID,S3->S3,0.0,0.0,3.235416397861024,0,False,False,False,False,0,False,False,False,False,0,False,False,False,False,S3,S3,S3,N,SENSITIVE_2_0,2.0,COMPLETE,True,,,,ROUTABLE_S3,False,SINGLE_INDUSTRY_CATEGORY,1.0,False,-1.0,0.0,False,15.463414634146341,False,,41.0,41.0,42.0,0.0,0,4,False,0.5561793810091936,269.0,0.2506989748369059,False,,1.4760074918881845,8.523992508111816,75.92698000589452,op_rate_approx,True,14.96956951575983,SAME_SOURCE,True,PPI_candidate_quarterly_yoy.csv,2,석탄및석유제품; 화학제품,-0.4126252612400294,-0.2396603670227315,-3.0029529188250637,-2.8344869457858635,SAME_ALL,COMPARABLE,S3,True,복수 후보·범위 제시,False,NOT_CONFIRMED,20260916T061849980743Z-d1794cbf,2026-09-16T06:18:49.980743+00:00,58499908a6af50344a1362c55c840a58cfd80d4373c7098c4c97a9e0271a573b,9eab0a418a59d45db45d451cd60b05233a7a4f1c756a49150fbd3e50c78ddd6a,changwon-transition-diagnosis-model/1.0.0,changwon-electre-pilot-v1,SCENARIO_REGISTERED,SCENARIO_REGISTERED,bef58985e0714e5a149bbbbf667ed271296f86fc1b7d056f18d3518723da70f0
석유화학,2024Q2,217,18,628.0,625.0,3.0,0.4799999999999915,901.9691666666664,991.6875,-9.047036826957443,S3,2.0,True,False,S3,S3->S4,0.0,0.0,9.047036826957443,0,False,False,False,False,0,False,False,False,False,0,False,False,False,False,S3,N,N,N,SENSITIVE_0_5,0.5,COMPLETE,True,,,,ROUTABLE_S3,False,SINGLE_INDUSTRY_CATEGORY,-6.0,False,0.0,1.0,True,15.317073170731707,False,,41.0,40.0,43.0,2.499999999999991,0,4,False,0.5399874461517296,2939.0,0.9702872235061076,True,0.10207553589656344,16.203907904022582,-13.203907904022582,81.1704269767407,op_rate_official,False,,MIXED_SOURCE_NOT_COMPUTED,,PPI_candidate_quarterly_yoy.csv,2,석탄및석유제품; 화학제품,1.3533146792940045,8.255038502634404,-15.98269749742023,-10.261481372524061,SAME_ALL,COMPARABLE,S3,True,복수 후보·범위 제시,False,NOT_CONFIRMED,20260916T061849980743Z-d1794cbf,2026-09-16T06:18:49.980743+00:00,58499908a6af50344a1362c55c840a58cfd80d4373c7098c4c97a9e0271a573b,9eab0a418a59d45db45d451cd60b05233a7a4f1c756a49150fbd3e50c78ddd6a,changwon-transition-diagnosis-model/1.0.0,changwon-electre-pilot-v1,SCENARIO_REGISTERED,SCENARIO_REGISTERED,bef58985e0714e5a149bbbbf667ed271296f86fc1b7d056f18d3518723da70f0
석유화학,2024Q3,218,18,623.0,627.0,-4.0,-0.6379585326953707,842.5100000000001,1000.6625,-15.80477933369142,S4,1.0,False,True,S3,,4.0,0.6379585326953707,15.80477933369142,1,False,False,False,False,1,False,False,False,False,0,False,False,False,False,S4,S4,N,N,SENSITIVE_1_0,1.0,COMPLETE,True,,,,ROUTABLE_S4,False,SINGLE_INDUSTRY_CATEGORY,-5.0,False,-1.0,0.0,False,15.575,False,,40.0,40.0,43.0,0.0,1,4,True,0.5350762676927305,2944.0,0.9602087410306588,True,-0.1358695652173913,16.265050049344424,-20.265050049344424,79.01617819460728,op_rate_official,False,,MIXED_SOURCE_NOT_COMPUTED,,PPI_candidate_quarterly_yoy.csv,2,석탄및석유제품; 화학제품,-2.832508109953902,1.706884798909325,-17.21777652242922,-13.350423039031234,SAME_ALL,COMPARABLE,S4,True,복수 후보·범위 제시,False,NOT_CONFIRMED,20260916T061849980743Z-d1794cbf,2026-09-16T06:18:49.980743+00:00,58499908a6af50344a1362c55c840a58cfd80d4373c7098c4c97a9e0271a573b,9eab0a418a59d45db45d451cd60b05233a7a4f1c756a49150fbd3e50c78ddd6a,changwon-transition-diagnosis-model/1.0.0,changwon-electre-pilot-v1,SCENARIO_REGISTERED,SCENARIO_REGISTERED,bef58985e0714e5a149bbbbf667ed271296f86fc1b7d056f18d3518723da70f0
석유화학,2024Q4,219,18,623.0,633.0,-10.0,-1.579778830963663,719.2716666666668,,,INVALID,,False,False,S4,,10.0,1.579778830963663,,2,False,False,False,False,2,False,False,False,False,1,False,False,False,False,INVALID,INVALID,INVALID,INVALID,INVALID,,PROD_YOY_MISSING,False,PROD_YOY_MISSING,2023Q4_PRODUCTION_SOURCE_MISSING,LAG4_FROM_2023Q4_SOURCE_MISSING,DATA_REVIEW,False,SINGLE_INDUSTRY_CATEGORY,0.0,False,2.0,0.0,False,14.833333333333334,False,,42.0,42.0,44.0,0.0,2,4,False,0.5437533820936687,1063.0,0.4816492976891708,True,-0.940733772342427,5.927874831514126,-15.927874831514126,72.51916478183573,op_rate_official,False,,MIXED_SOURCE_NOT_COMPUTED,,PPI_candidate_quarterly_yoy.csv,2,석탄및석유제품; 화학제품,,,,,NOT_COMPARABLE,NOMINAL_PRODUCTION_YOY_MISSING,,,복수 후보·범위 제시,False,NOT_CONFIRMED,20260916T061849980743Z-d1794cbf,2026-09-16T06:18:49.980743+00:00,58499908a6af50344a1362c55c840a58cfd80d4373c7098c4c97a9e0271a573b,9eab0a418a59d45db45d451cd60b05233a7a4f1c756a49150fbd3e50c78ddd6a,changwon-transition-diagnosis-model/1.0.0,changwon-electre-pilot-v1,SCENARIO_REGISTERED,SCENARIO_REGISTERED,bef58985e0714e5a149bbbbf667ed271296f86fc1b7d056f18d3518723da70f0
석유화학,2025Q1,220,18,627.0,634.0,-7.0,-1.104100946372244,478.24,843.7024999999999,-43.3165126333038,S4,1.0,True,False,INVALID,S4->S4,7.0,1.104100946372244,43.3165126333038,3,False,False,False,False,3,False,False,False,False,2,False,False,False,False,S4,S4,S4,N,SENSITIVE_2_0,2.0,COMPLETE,True,,,,ROUTABLE_S4,False,SINGLE_INDUSTRY_CATEGORY,4.0,True,-1.0,0.0,False,15.292682926829269,False,,41.0,41.0,43.0,0.0,3,4,False,0.5363099820374647,2918.0,0.498122226015705,True,-0.23989033584647018,16.22931433784827,-23.22931433784827,84.7207213591029,op_rate_official,False,,MIXED_SOURCE_NOT_COMPUTED,,PPI_candidate_quarterly_yoy.csv,2,석탄및석유제품; 화학제품,0.4520017219113326,0.8116548836570869,-43.77288277619045,-43.571570108062886,SAME_ALL,COMPARABLE,S4,True,복수 후보·범위 제시,False,NOT_CONFIRMED,20260916T061849980743Z-d1794cbf,2026-09-16T06:18:49.980743+00:00,58499908a6af50344a1362c55c840a58cfd80d4373c7098c4c97a9e0271a573b,9eab0a418a59d45db45d451cd60b05233a7a4f1c756a49150fbd3e50c78ddd6a,changwon-transition-diagnosis-model/1.0.0,changwon-electre-pilot-v1,SCENARIO_REGISTERED,SCENARIO_REGISTERED,bef58985e0714e5a149bbbbf667ed271296f86fc1b7d056f18d3518723da70f0
석유화학,2025Q2,221,18,565.0,628.0,-63.0,-10.031847133757966,449.49,901.9691666666664,-50.165702264397424,S4,2.0,True,False,S4,S4->S3,63.0,10.031847133757966,50.165702264397424,4,False,False,False,False,4,False,False,False,False,3,False,False,False,False,S4,S4,S4,S4,STABLE_2_0,,COMPLETE,True,,,,ROUTABLE_S4,False,SINGLE_INDUSTRY_CATEGORY,-62.0,False,0.0,0.0,False,13.78048780487805,False,,41.0,41.0,45.0,0.0,4,4,False,0.4741444420201071,2863.0,0.3998044965786901,True,-2.2004889975550124,15.459840583324016,-78.45984058332402,79.62762848,op_rate_official,False,-1.5427984967407014,SAME_SOURCE,False,PPI_candidate_quarterly_yoy.csv,2,석탄및석유제품; 화학제품,-9.100964892874774,-2.383796554378692,-48.948744187368874,-45.176208221712734,SAME_ALL,COMPARABLE,S4,True,복수 후보·범위 제시,False,NOT_CONFIRMED,20260916T061849980743Z-d1794cbf,2026-09-16T06:18:49.980743+00:00,58499908a6af50344a1362c55c840a58cfd80d4373c7098c4c97a9e0271a573b,9eab0a418a59d45db45d451cd60b05233a7a4f1c756a49150fbd3e50c78ddd6a,changwon-transition-diagnosis-model/1.0.0,changwon-electre-pilot-v1,SCENARIO_REGISTERED,SCENARIO_REGISTERED,bef58985e0714e5a149bbbbf667ed271296f86fc1b7d056f18d3518723da70f0
석유화학,2025Q3,222,18,639.0,623.0,16.0,2.5682182985553803,467.72,842.5100000000001,-44.48493192959134,S3,1.0,False,False,S4,S3->S3,0.0,0.0,44.48493192959134,0,False,False,False,False,0,False,False,False,False,0,False,False,False,False,S3,S3,S3,S3,STABLE_2_0,,COMPLETE,True,,,,ROUTABLE_S3,False,SINGLE_INDUSTRY_CATEGORY,74.0,False,2.0,3.0,True,14.86046511627907,False,,43.0,40.0,45.0,7.499999999999996,3,4,False,0.5478676886671126,202.0,0.04713019132057863,False,,1.0808540607393156,14.919145939260684,84.35138596,op_rate_official,False,5.335207765392724,SAME_SOURCE,True,PPI_candidate_quarterly_yoy.csv,2,석탄및석유제품; 화학제품,-5.115004129254452,-1.6460684700141948,-43.55582211425537,-41.492258537869866,SAME_ALL,COMPARABLE,S3,True,복수 후보·범위 제시,False,NOT_CONFIRMED,20260916T061849980743Z-d1794cbf,2026-09-16T06:18:49.980743+00:00,58499908a6af50344a1362c55c840a58cfd80d4373c7098c4c97a9e0271a573b,9eab0a418a59d45db45d451cd60b05233a7a4f1c756a49150fbd3e50c78ddd6a,changwon-transition-diagnosis-model/1.0.0,changwon-electre-pilot-v1,SCENARIO_REGISTERED,SCENARIO_REGISTERED,bef58985e0714e5a149bbbbf667ed271296f86fc1b7d056f18d3518723da70f0
석유화학,2025Q4,223,18,653.0,623.0,30.0,4.815409309791341,439.93,719.2716666666668,-38.83673994295156,S3,2.0,False,False,S3,S3->S4,0.0,0.0,38.83673994295156,0,False,False,False,False,0,False,False,False,False,0,False,False,False,False,S3,S3,S3,S3,STABLE_2_0,,COMPLETE,True,,,,ROUTABLE_S3,False,SINGLE_INDUSTRY_CATEGORY,14.0,False,0.0,1.0,True,15.186046511627907,False,,43.0,42.0,47.0,2.3809523809523725,2,4,False,0.5656275173889318,873.0,0.13470143496374015,False,,4.746967025677728,25.253032974322274,79.85514875,op_rate_official,False,7.335983968164271,SAME_SOURCE,True,PPI_candidate_quarterly_yoy.csv,2,석탄및석유제품; 화학제품,-1.76678445229681,0.1084628108137586,-38.90300745838486,-37.73668130883199,SAME_ALL,COMPARABLE,S3,True,복수 후보·범위 제시,False,NOT_CONFIRMED,20260916T061849980743Z-d1794cbf,2026-09-16T06:18:49.980743+00:00,58499908a6af50344a1362c55c840a58cfd80d4373c7098c4c97a9e0271a573b,9eab0a418a59d45db45d451cd60b05233a7a4f1c756a49150fbd3e50c78ddd6a,changwon-transition-diagnosis-model/1.0.0,changwon-electre-pilot-v1,SCENARIO_REGISTERED,SCENARIO_REGISTERED,bef58985e0714e5a149bbbbf667ed271296f86fc1b7d056f18d3518723da70f0
석유화학,2026Q1,224,18,622.0,627.0,-5.0,-0.797448165869219,430.24,478.24,-10.036801605888256,S4,1.0,False,False,S3,S4->S3,5.0,0.797448165869219,10.036801605888256,1,False,False,False,False,1,False,False,False,False,0,False,False,False,False,S4,S4,N,N,SENSITIVE_1_0,1.0,COMPLETE,True,,,,ROUTABLE_S4,False,SINGLE_INDUSTRY_CATEGORY,-31.0,False,0.0,2.0,True,14.465116279069768,False,,43.0,41.0,47.0,4.878048780487809,2,4,True,0.5411283657401367,-1965.0,0.978098556495769,True,0.2544529262086514,-10.538491147036181,5.538491147036181,78.09624076527926,op_rate_official,False,-6.624480593823634,SAME_SOURCE,False,PPI_candidate_quarterly_yoy.csv,2,석탄및석유제품; 화학제품,1.7736472110163382,2.8846153846153744,-12.559134271143712,-11.604623731737684,SAME_ALL,COMPARABLE,S4,True,복수 후보·범위 제시,False,NOT_CONFIRMED,20260916T061849980743Z-d1794cbf,2026-09-16T06:18:49.980743+00:00,58499908a6af50344a1362c55c840a58cfd80d4373c7098c4c97a9e0271a573b,9eab0a418a59d45db45d451cd60b05233a7a4f1c756a49150fbd3e50c78ddd6a,changwon-transition-diagnosis-model/1.0.0,changwon-electre-pilot-v1,SCENARIO_REGISTERED,SCENARIO_REGISTERED,bef58985e0714e5a149bbbbf667ed271296f86fc1b7d056f18d3518723da70f0
석유화학,2026Q2,225,18,619.0,565.0,54.0,9.557522123893802,419.24,449.49,-6.729849384858399,S3,1.0,False,True,S4,,0.0,0.0,6.729849384858399,0,False,False,False,False,0,False,False,False,False,0,False,False,False,False,S3,S3,S3,S3,STABLE_2_0,,COMPLETE,True,,,,ROUTABLE_S3,False,SINGLE_INDUSTRY_CATEGORY,-3.0,False,2.0,4.0,True,13.755555555555556,False,,45.0,41.0,49.0,9.756097560975618,1,4,False,0.539057737525037,-4332.0,0.9648106904231626,True,-1.2465373961218837,-20.53993722831104,74.53993722831103,76.3073114795872,op_rate_official,False,-3.3203170004127998,SAME_SOURCE,False,PPI_candidate_quarterly_yoy.csv,2,석탄및석유제품; 화학제품,19.15535855111088,71.25526537489473,-45.53735302037926,-21.723914266823343,SAME_ALL,COMPARABLE,S3,True,복수 후보·범위 제시,False,NOT_CONFIRMED,20260916T061849980743Z-d1794cbf,2026-09-16T06:18:49.980743+00:00,58499908a6af50344a1362c55c840a58cfd80d4373c7098c4c97a9e0271a573b,9eab0a418a59d45db45d451cd60b05233a7a4f1c756a49150fbd3e50c78ddd6a,changwon-transition-diagnosis-model/1.0.0,changwon-electre-pilot-v1,SCENARIO_REGISTERED,SCENARIO_REGISTERED,bef58985e0714e5a149bbbbf667ed271296f86fc1b7d056f18d3518723da70f0
섬유의복,2022Q1,208,18,39.0,44.0,-5.0,-11.363636363636363,1.5,0.75,100.0,S2,1.0,True,False,,S2->S2,5.0,11.363636363636363,0.0,1,True,False,False,False,1,True,False,False,False,1,True,False,False,False,S2,S2,S2,S2,STABLE_2_0,,COMPLETE,True,,,,ROUTABLE_S2,False,SINGLE_INDUSTRY_CATEGORY,,,,-1.0,True,4.333333333333333,True,가동업체 수가 적어 개별 업체 수준 변화가 업종 집계에 크게 반영될 수 있음. 현재 집계자료만으로 업체 수 변화가 고용 변화의 원인이라고 판단할 수 없음.,9.0,10.0,10.0,-9.999999999999998,1,1,,0.03324978259757533,280.0,0.04953998584571833,False,,0.10528654690891688,-5.105286546908917,50.0,op_rate_approx,True,25.0,SAME_SOURCE,False,PPI_candidate_quarterly_yoy.csv,1,섬유및의복,7.355679702048401,7.355679702048401,86.29661751951434,86.29661751951434,SAME_ALL,COMPARABLE,S2,True,단일 후보·분류 선택,False,NOT_CONFIRMED,20260916T061849980743Z-d1794cbf,2026-09-16T06:18:49.980743+00:00,58499908a6af50344a1362c55c840a58cfd80d4373c7098c4c97a9e0271a573b,9eab0a418a59d45db45d451cd60b05233a7a4f1c756a49150fbd3e50c78ddd6a,changwon-transition-diagnosis-model/1.0.0,changwon-electre-pilot-v1,SCENARIO_REGISTERED,SCENARIO_REGISTERED,bef58985e0714e5a149bbbbf667ed271296f86fc1b7d056f18d3518723da70f0
섬유의복,2022Q2,209,18,39.0,44.0,-5.0,-11.363636363636363,2.4000000000000004,0.75,220.00000000000009,S2,2.0,True,False,S2,S2->S2,5.0,11.363636363636363,0.0,2,True,False,False,False,2,True,False,False,False,2,True,False,False,False,S2,S2,S2,S2,STABLE_2_0,,COMPLETE,True,,,,ROUTABLE_S2,False,SINGLE_INDUSTRY_CATEGORY,0.0,False,-1.0,-3.0,True,4.875,True,가동업체 수가 적어 개별 업체 수준 변화가 업종 집계에 크게 반영될 수 있음. 현재 집계자료만으로 업체 수 변화가 고용 변화의 원인이라고 판단할 수 없음.,8.0,11.0,9.0,-27.27272727272727,2,2,False,0.033376694509105846,-70.0,0.011990407673860911,False,,-0.02634324911476419,-4.973656750885236,80.0,op_rate_approx,True,55.0,SAME_SOURCE,False,PPI_candidate_quarterly_yoy.csv,1,섬유및의복,8.482523444160272,8.482523444160272,194.97838899803548,194.97838899803548,SAME_ALL,COMPARABLE,S2,True,단일 후보·분류 선택,False,NOT_CONFIRMED,20260916T061849980743Z-d1794cbf,2026-09-16T06:18:49.980743+00:00,58499908a6af50344a1362c55c840a58cfd80d4373c7098c4c97a9e0271a573b,9eab0a418a59d45db45d451cd60b05233a7a4f1c756a49150fbd3e50c78ddd6a,changwon-transition-diagnosis-model/1.0.0,changwon-electre-pilot-v1,SCENARIO_REGISTERED,SCENARIO_REGISTERED,bef58985e0714e5a149bbbbf667ed271296f86fc1b7d056f18d3518723da70f0
섬유의복,2022Q3,210,18,39.0,44.0,-5.0,-11.363636363636363,2.97,0.75,296.00000000000006,S2,3.0,True,False,S2,S2->S1,5.0,11.363636363636363,0.0,3,True,False,False,False,3,True,False,False,False,3,True,False,False,False,S2,S2,S2,S2,STABLE_2_0,,COMPLETE,True,,,,ROUTABLE_S2,False,SINGLE_INDUSTRY_CATEGORY,0.0,False,0.0,-3.0,True,4.875,True,가동업체 수가 적어 개별 업체 수준 변화가 업종 집계에 크게 반영될 수 있음. 현재 집계자료만으로 업체 수 변화가 고용 변화의 원인이라고 판단할 수 없음.,8.0,11.0,9.0,-27.27272727272727,3,3,False,0.033713984387831845,-266.0,0.05453054530545305,False,,-0.1009444132994092,-4.899055586700591,100.0,op_rate_approx,True,75.0,SAME_SOURCE,False,PPI_candidate_quarterly_yoy.csv,1,섬유및의복,8.431664937759331,8.431664937759331,265.2069718078269,265.2069718078269,SAME_ALL,COMPARABLE,S2,True,단일 후보·분류 선택,False,NOT_CONFIRMED,20260916T061849980743Z-d1794cbf,2026-09-16T06:18:49.980743+00:00,58499908a6af50344a1362c55c840a58cfd80d4373c7098c4c97a9e0271a573b,9eab0a418a59d45db45d451cd60b05233a7a4f1c756a49150fbd3e50c78ddd6a,changwon-transition-diagnosis-model/1.0.0,changwon-electre-pilot-v1,SCENARIO_REGISTERED,SCENARIO_REGISTERED,bef58985e0714e5a149bbbbf667ed271296f86fc1b7d056f18d3518723da70f0
섬유의복,2022Q4,211,18,64.0,39.0,25.0,64.1025641025641,11.9725,1.5,698.1666666666666,S1,1.0,False,False,S2,S1->S1,0.0,0.0,0.0,0,False,False,False,False,0,False,False,False,False,0,False,False,False,False,S1,S1,S1,S1,STABLE_2_0,,COMPLETE,True,,,,ROUTABLE_S1,False,SINGLE_INDUSTRY_CATEGORY,25.0,False,0.0,-3.0,True,8.0,True,가동업체 수가 적어 개별 업체 수준 변화가 업종 집계에 크게 반영될 수 있음. 현재 집계자료만으로 업체 수 변화가 고용 변화의 원인이라고 판단할 수 없음.,8.0,11.0,9.0,-27.27272727272727,3,4,False,0.056973462829266554,-3381.0,0.7354796606482489,True,-0.7394262052647146,-1.139525035864286,26.139525035864285,100.0,op_rate_approx,True,50.0,SAME_SOURCE,False,PPI_candidate_quarterly_yoy.csv,1,섬유및의복,7.980595453248362,7.980595453248362,639.1760189100305,639.1760189100305,SAME_ALL,COMPARABLE,S1,True,단일 후보·분류 선택,False,NOT_CONFIRMED,20260916T061849980743Z-d1794cbf,2026-09-16T06:18:49.980743+00:00,58499908a6af50344a1362c55c840a58cfd80d4373c7098c4c97a9e0271a573b,9eab0a418a59d45db45d451cd60b05233a7a4f1c756a49150fbd3e50c78ddd6a,changwon-transition-diagnosis-model/1.0.0,changwon-electre-pilot-v1,SCENARIO_REGISTERED,SCENARIO_REGISTERED,bef58985e0714e5a149bbbbf667ed271296f86fc1b7d056f18d3518723da70f0
섬유의복,2023Q1,212,18,53.0,39.0,14.0,35.897435897435905,7.105,1.5,373.66666666666674,S1,2.0,False,False,S1,S1->S1,0.0,0.0,0.0,0,False,False,False,False,0,False,False,False,False,0,False,False,False,False,S1,S1,S1,S1,STABLE_2_0,,COMPLETE,True,,,,ROUTABLE_S1,False,SINGLE_INDUSTRY_CATEGORY,-11.0,False,-1.0,-2.0,True,7.571428571428571,True,가동업체 수가 적어 개별 업체 수준 변화가 업종 집계에 크게 반영될 수 있음. 현재 집계자료만으로 업체 수 변화가 고용 변화의 원인이라고 판단할 수 없음.,7.0,9.0,8.0,-22.22222222222222,2,4,False,0.046604468753022696,-3571.0,0.3711672383328136,True,-0.3920470456454775,-1.1873497365594148,15.187349736559415,100.0,op_rate_approx,True,50.0,SAME_SOURCE,False,PPI_candidate_quarterly_yoy.csv,1,섬유및의복,6.582207904844517,6.582207904844517,344.41438770864215,344.41438770864215,SAME_ALL,COMPARABLE,S1,True,단일 후보·분류 선택,False,NOT_CONFIRMED,20260916T061849980743Z-d1794cbf,2026-09-16T06:18:49.980743+00:00,58499908a6af50344a1362c55c840a58cfd80d4373c7098c4c97a9e0271a573b,9eab0a418a59d45db45d451cd60b05233a7a4f1c756a49150fbd3e50c78ddd6a,changwon-transition-diagnosis-model/1.0.0,changwon-electre-pilot-v1,SCENARIO_REGISTERED,SCENARIO_REGISTERED,bef58985e0714e5a149bbbbf667ed271296f86fc1b7d056f18d3518723da70f0
섬유의복,2023Q2,213,18,44.0,39.0,5.0,12.82051282051282,8.975,2.4000000000000004,273.95833333333326,S1,3.0,False,False,S1,S1->N,0.0,0.0,0.0,0,False,False,False,False,0,False,False,False,False,0,False,False,False,False,S1,S1,S1,S1,STABLE_2_0,,COMPLETE,True,,,,ROUTABLE_S1,False,SINGLE_INDUSTRY_CATEGORY,-9.0,False,0.0,-1.0,True,6.285714285714286,True,가동업체 수가 적어 개별 업체 수준 변화가 업종 집계에 크게 반영될 수 있음. 현재 집계자료만으로 업체 수 변화가 고용 변화의 원인이라고 판단할 수 없음.,7.0,8.0,8.0,-12.5,1,4,False,0.03881439661256175,-3488.0,0.42966247844296623,True,-0.143348623853211,-1.164179104477612,6.164179104477612,100.0,op_rate_approx,True,20.0,SAME_SOURCE,False,PPI_candidate_quarterly_yoy.csv,1,섬유및의복,5.080852350007525,5.080852350007525,255.87676058026045,255.87676058026045,SAME_ALL,COMPARABLE,S1,True,단일 후보·분류 선택,False,NOT_CONFIRMED,20260916T061849980743Z-d1794cbf,2026-09-16T06:18:49.980743+00:00,58499908a6af50344a1362c55c840a58cfd80d4373c7098c4c97a9e0271a573b,9eab0a418a59d45db45d451cd60b05233a7a4f1c756a49150fbd3e50c78ddd6a,changwon-transition-diagnosis-model/1.0.0,changwon-electre-pilot-v1,SCENARIO_REGISTERED,SCENARIO_REGISTERED,bef58985e0714e5a149bbbbf667ed271296f86fc1b7d056f18d3518723da70f0
섬유의복,2023Q3,214,18,39.0,39.0,0.0,0.0,7.915,2.97,166.49831649831648,N,,False,False,S1,,0.0,0.0,0.0,0,False,False,False,False,0,False,False,False,False,0,False,False,False,False,N,N,N,N,EXACT_ZERO,0.0,COMPLETE,True,,,,NEUTRAL_REVIEW,False,SINGLE_INDUSTRY_CATEGORY,-5.0,False,0.0,-1.0,True,5.571428571428571,True,가동업체 수가 적어 개별 업체 수준 변화가 업종 집계에 크게 반영될 수 있음. 현재 집계자료만으로 업체 수 변화가 고용 변화의 원인이라고 판단할 수 없음.,7.0,8.0,8.0,-12.5,0,4,False,0.034364866770054986,-2191.0,0.2515210653197107,False,,-0.7386733979373957,0.7386733979373957,100.0,op_rate_approx,True,0.0,SAME_SOURCE,,PPI_candidate_quarterly_yoy.csv,1,섬유및의복,3.913420431104075,3.913420431104075,156.46188470430369,156.46188470430369,SAME_ALL,COMPARABLE,N,True,단일 후보·분류 선택,False,NOT_CONFIRMED,20260916T061849980743Z-d1794cbf,2026-09-16T06:18:49.980743+00:00,58499908a6af50344a1362c55c840a58cfd80d4373c7098c4c97a9e0271a573b,9eab0a418a59d45db45d451cd60b05233a7a4f1c756a49150fbd3e50c78ddd6a,changwon-transition-diagnosis-model/1.0.0,changwon-electre-pilot-v1,SCENARIO_REGISTERED,SCENARIO_REGISTERED,bef58985e0714e5a149bbbbf667ed271296f86fc1b7d056f18d3518723da70f0
섬유의복,2023Q4,215,18,38.0,64.0,-26.0,-40.625,,11.9725,,INVALID,,False,False,N,,26.0,40.625,,1,False,False,False,False,1,False,False,False,False,1,False,False,False,False,INVALID,INVALID,INVALID,INVALID,INVALID,,PROD_YOY_MISSING,False,PROD_YOY_MISSING,2023Q4_PRODUCTION_SOURCE_MISSING,,DATA_REVIEW,False,SINGLE_INDUSTRY_CATEGORY,-1.0,False,0.0,-1.0,True,5.428571428571429,True,가동업체 수가 적어 개별 업체 수준 변화가 업종 집계에 크게 반영될 수 있음. 현재 집계자료만으로 업체 수 변화가 고용 변화의 원인이라고 판단할 수 없음.,7.0,8.0,8.0,-12.5,1,4,True,0.03347693175110782,1178.0,0.12379150903741068,False,,0.67114739212876,-26.67114739212876,100.0,op_rate_approx,True,0.0,SAME_SOURCE,,PPI_candidate_quarterly_yoy.csv,1,섬유및의복,,,,,NOT_COMPARABLE,NOMINAL_PRODUCTION_YOY_MISSING,,,단일 후보·분류 선택,False,NOT_CONFIRMED,20260916T061849980743Z-d1794cbf,2026-09-16T06:18:49.980743+00:00,58499908a6af50344a1362c55c840a58cfd80d4373c7098c4c97a9e0271a573b,9eab0a418a59d45db45d451cd60b05233a7a4f1c756a49150fbd3e50c78ddd6a,changwon-transition-diagnosis-model/1.0.0,changwon-electre-pilot-v1,SCENARIO_REGISTERED,SCENARIO_REGISTERED,bef58985e0714e5a149bbbbf667ed271296f86fc1b7d056f18d3518723da70f0
섬유의복,2024Q1,216,18,38.0,53.0,-15.0,-28.301886792452837,8.535,7.105,20.126671358198458,S2,1.0,True,False,INVALID,S2->S4,15.0,28.301886792452837,0.0,2,False,False,False,False,2,False,False,False,False,2,False,False,False,False,S2,S2,S2,S2,STABLE_2_0,,COMPLETE,True,,,,ROUTABLE_S2,False,SINGLE_INDUSTRY_CATEGORY,0.0,False,0.0,0.0,False,5.428571428571429,True,가동업체 수가 적어 개별 업체 수준 변화가 업종 집계에 크게 반영될 수 있음. 현재 집계자료만으로 업체 수 변화가 고용 변화의 원인이라고 판단할 수 없음.,7.0,7.0,8.0,0.0,2,4,False,0.03333567267878448,269.0,0.2506989748369059,False,,0.12536602094563104,-15.12536602094563,96.62860250135944,op_rate_approx,True,-3.3713974986405617,SAME_SOURCE,True,PPI_candidate_quarterly_yoy.csv,1,섬유및의복,1.5257636083582549,1.5257636083582549,18.321366999606447,18.321366999606447,SAME_ALL,COMPARABLE,S2,True,단일 후보·분류 선택,False,NOT_CONFIRMED,20260916T061849980743Z-d1794cbf,2026-09-16T06:18:49.980743+00:00,58499908a6af50344a1362c55c840a58cfd80d4373c7098c4c97a9e0271a573b,9eab0a418a59d45db45d451cd60b05233a7a4f1c756a49150fbd3e50c78ddd6a,changwon-transition-diagnosis-model/1.0.0,changwon-electre-pilot-v1,SCENARIO_REGISTERED,SCENARIO_REGISTERED,bef58985e0714e5a149bbbbf667ed271296f86fc1b7d056f18d3518723da70f0
섬유의복,2024Q2,217,18,38.0,44.0,-6.0,-13.636363636363637,8.355,8.975,-6.908077994428963,S4,1.0,False,False,S2,S4->S2,6.0,13.636363636363637,6.908077994428963,3,False,False,False,False,3,False,False,False,False,3,False,False,False,False,S4,S4,S4,S4,STABLE_2_0,,COMPLETE,True,,,,ROUTABLE_S4,False,SINGLE_INDUSTRY_CATEGORY,0.0,False,0.0,0.0,False,5.428571428571429,True,가동업체 수가 적어 개별 업체 수준 변화가 업종 집계에 크게 반영될 수 있음. 현재 집계자료만으로 업체 수 변화가 고용 변화의 원인이라고 판단할 수 없음.,7.0,7.0,9.0,0.0,3,4,False,0.032674399607907204,2939.0,0.9702872235061076,True,-0.2041510717931269,1.14075511644319,-7.14075511644319,90.86460032626428,op_rate_official,False,,MIXED_SOURCE_NOT_COMPUTED,,PPI_candidate_quarterly_yoy.csv,1,섬유및의복,0.6500604038428337,0.6500604038428337,-7.509323261154477,-7.509323261154477,SAME_ALL,COMPARABLE,S4,True,단일 후보·분류 선택,False,NOT_CONFIRMED,20260916T061849980743Z-d1794cbf,2026-09-16T06:18:49.980743+00:00,58499908a6af50344a1362c55c840a58cfd80d4373c7098c4c97a9e0271a573b,9eab0a418a59d45db45d451cd60b05233a7a4f1c756a49150fbd3e50c78ddd6a,changwon-transition-diagnosis-model/1.0.0,changwon-electre-pilot-v1,SCENARIO_REGISTERED,SCENARIO_REGISTERED,bef58985e0714e5a149bbbbf667ed271296f86fc1b7d056f18d3518723da70f0
섬유의복,2024Q3,218,18,38.0,39.0,-1.0,-2.564102564102566,11.095,7.915,40.17687934301959,S2,1.0,False,True,S4,,1.0,2.564102564102566,0.0,4,False,False,False,False,4,False,False,False,False,4,False,False,False,False,S2,S2,S2,S2,STABLE_2_0,,COMPLETE,True,,,,ROUTABLE_S2,False,SINGLE_INDUSTRY_CATEGORY,0.0,False,0.0,0.0,False,5.428571428571429,True,가동업체 수가 적어 개별 업체 수준 변화가 업종 집계에 크게 반영될 수 있음. 현재 집계자료만으로 업체 수 변화가 고용 변화의 원인이라고 판단할 수 없음.,7.0,7.0,9.0,0.0,4,4,False,0.03263707571801567,2944.0,0.9602087410306588,True,-0.033967391304347824,1.0117016777104189,-2.011701677710419,99.64077233947016,op_rate_official,False,,MIXED_SOURCE_NOT_COMPUTED,,PPI_candidate_quarterly_yoy.csv,1,섬유및의복,0.2790724437539582,0.2790724437539582,39.786772979620565,39.786772979620565,SAME_ALL,COMPARABLE,S2,True,단일 후보·분류 선택,False,NOT_CONFIRMED,20260916T061849980743Z-d1794cbf,2026-09-16T06:18:49.980743+00:00,58499908a6af50344a1362c55c840a58cfd80d4373c7098c4c97a9e0271a573b,9eab0a418a59d45db45d451cd60b05233a7a4f1c756a49150fbd3e50c78ddd6a,changwon-transition-diagnosis-model/1.0.0,changwon-electre-pilot-v1,SCENARIO_REGISTERED,SCENARIO_REGISTERED,bef58985e0714e5a149bbbbf667ed271296f86fc1b7d056f18d3518723da70f0
섬유의복,2024Q4,219,18,34.0,38.0,-4.0,-10.526315789473683,9.9792,,,INVALID,,False,False,S2,,4.0,10.526315789473683,,5,False,False,False,False,5,False,False,False,False,5,False,False,False,False,INVALID,INVALID,INVALID,INVALID,INVALID,,PROD_YOY_MISSING,False,PROD_YOY_MISSING,2023Q4_PRODUCTION_SOURCE_MISSING,LAG4_FROM_2023Q4_SOURCE_MISSING,DATA_REVIEW,False,SINGLE_INDUSTRY_CATEGORY,-4.0,False,0.0,0.0,False,4.857142857142857,True,가동업체 수가 적어 개별 업체 수준 변화가 업종 집계에 크게 반영될 수 있음. 현재 집계자료만으로 업체 수 변화가 고용 변화의 원인이라고 판단할 수 없음.,7.0,7.0,9.0,0.0,4,4,False,0.029675144448129593,1063.0,0.4816492976891708,True,-0.37629350893697083,0.35585978451427613,-4.355859784514276,90.89186825998252,op_rate_official,False,,MIXED_SOURCE_NOT_COMPUTED,,PPI_candidate_quarterly_yoy.csv,1,섬유및의복,,,,,NOT_COMPARABLE,NOMINAL_PRODUCTION_YOY_MISSING,,,단일 후보·분류 선택,False,NOT_CONFIRMED,20260916T061849980743Z-d1794cbf,2026-09-16T06:18:49.980743+00:00,58499908a6af50344a1362c55c840a58cfd80d4373c7098c4c97a9e0271a573b,9eab0a418a59d45db45d451cd60b05233a7a4f1c756a49150fbd3e50c78ddd6a,changwon-transition-diagnosis-model/1.0.0,changwon-electre-pilot-v1,SCENARIO_REGISTERED,SCENARIO_REGISTERED,bef58985e0714e5a149bbbbf667ed271296f86fc1b7d056f18d3518723da70f0
섬유의복,2025Q1,220,18,34.0,38.0,-4.0,-10.526315789473683,8.1171,8.535,-4.896309314586988,S4,1.0,True,False,INVALID,S4->S4,4.0,10.526315789473683,4.896309314586988,6,False,False,False,False,6,False,False,False,False,6,False,False,False,False,S4,S4,S4,S4,STABLE_2_0,,COMPLETE,True,,,,ROUTABLE_S4,False,SINGLE_INDUSTRY_CATEGORY,0.0,False,0.0,0.0,False,4.857142857142857,True,가동업체 수가 적어 개별 업체 수준 변화가 업종 집계에 크게 반영될 수 있음. 현재 집계자료만으로 업체 수 변화가 고용 변화의 원인이라고 판단할 수 없음.,7.0,7.0,9.0,0.0,4,4,False,0.029082199982892822,2918.0,0.498122226015705,True,-0.1370801919122687,0.9727349287669309,-4.972734928766931,73.01454516015868,op_rate_official,False,,MIXED_SOURCE_NOT_COMPUTED,,PPI_candidate_quarterly_yoy.csv,1,섬유및의복,-0.300566783076639,-0.300566783076639,-4.609597450279434,-4.609597450279434,SAME_ALL,COMPARABLE,S4,True,단일 후보·분류 선택,False,NOT_CONFIRMED,20260916T061849980743Z-d1794cbf,2026-09-16T06:18:49.980743+00:00,58499908a6af50344a1362c55c840a58cfd80d4373c7098c4c97a9e0271a573b,9eab0a418a59d45db45d451cd60b05233a7a4f1c756a49150fbd3e50c78ddd6a,changwon-transition-diagnosis-model/1.0.0,changwon-electre-pilot-v1,SCENARIO_REGISTERED,SCENARIO_REGISTERED,bef58985e0714e5a149bbbbf667ed271296f86fc1b7d056f18d3518723da70f0
섬유의복,2025Q2,221,18,34.0,38.0,-4.0,-10.526315789473683,8.1171,8.355,-2.847396768402155,S4,2.0,True,False,S4,S4->S4,4.0,10.526315789473683,2.847396768402155,7,False,False,False,False,7,False,False,False,False,7,False,False,False,False,S4,S4,S4,S4,STABLE_2_0,,COMPLETE,True,,,,ROUTABLE_S4,False,SINGLE_INDUSTRY_CATEGORY,0.0,False,0.0,0.0,False,4.857142857142857,True,가동업체 수가 적어 개별 업체 수준 변화가 업종 집계에 크게 반영될 수 있음. 현재 집계자료만으로 업체 수 변화가 고용 변화의 원인이라고 판단할 수 없음.,7.0,7.0,9.0,0.0,4,4,False,0.02853258589147547,2863.0,0.3998044965786901,True,-0.13971358714635,0.9354680607743833,-4.935468060774383,73.01454516,op_rate_official,False,-17.850055166264283,SAME_SOURCE,False,PPI_candidate_quarterly_yoy.csv,1,섬유및의복,-0.4801097393690057,-0.4801097393690057,-2.378707435100158,-2.378707435100158,SAME_ALL,COMPARABLE,S4,True,단일 후보·분류 선택,False,NOT_CONFIRMED,20260916T061849980743Z-d1794cbf,2026-09-16T06:18:49.980743+00:00,58499908a6af50344a1362c55c840a58cfd80d4373c7098c4c97a9e0271a573b,9eab0a418a59d45db45d451cd60b05233a7a4f1c756a49150fbd3e50c78ddd6a,changwon-transition-diagnosis-model/1.0.0,changwon-electre-pilot-v1,SCENARIO_REGISTERED,SCENARIO_REGISTERED,bef58985e0714e5a149bbbbf667ed271296f86fc1b7d056f18d3518723da70f0
섬유의복,2025Q3,222,18,34.0,38.0,-4.0,-10.526315789473683,8.1171,11.095,-26.8400180261379,S4,3.0,True,False,S4,S4->N,4.0,10.526315789473683,26.8400180261379,8,False,False,False,False,8,False,False,False,False,8,False,False,False,False,S4,S4,S4,S4,STABLE_2_0,,COMPLETE,True,,,,ROUTABLE_S4,False,SINGLE_INDUSTRY_CATEGORY,0.0,False,0.0,0.0,False,4.857142857142857,True,가동업체 수가 적어 개별 업체 수준 변화가 업종 집계에 크게 반영될 수 있음. 현재 집계자료만으로 업체 수 변화가 고용 변화의 원인이라고 판단할 수 없음.,7.0,7.0,9.0,0.0,4,4,False,0.029151019428297065,202.0,0.04713019132057863,False,,0.06592689295039164,-4.065926892950392,73.01454516,op_rate_official,False,-26.626227179470163,SAME_SOURCE,False,PPI_candidate_quarterly_yoy.csv,1,섬유및의복,-0.0487734901735814,-0.0487734901735814,-26.804317937339583,-26.804317937339583,SAME_ALL,COMPARABLE,S4,True,단일 후보·분류 선택,False,NOT_CONFIRMED,20260916T061849980743Z-d1794cbf,2026-09-16T06:18:49.980743+00:00,58499908a6af50344a1362c55c840a58cfd80d4373c7098c4c97a9e0271a573b,9eab0a418a59d45db45d451cd60b05233a7a4f1c756a49150fbd3e50c78ddd6a,changwon-transition-diagnosis-model/1.0.0,changwon-electre-pilot-v1,SCENARIO_REGISTERED,SCENARIO_REGISTERED,bef58985e0714e5a149bbbbf667ed271296f86fc1b7d056f18d3518723da70f0
섬유의복,2025Q4,223,18,34.0,34.0,0.0,0.0,8.1171,9.9792,-18.659812409812403,N,,False,False,S4,N->N,0.0,0.0,18.659812409812403,0,False,False,False,False,0,False,False,False,False,0,False,False,False,False,N,N,N,N,EXACT_ZERO,0.0,COMPLETE,True,,,,NEUTRAL_REVIEW,False,SINGLE_INDUSTRY_CATEGORY,0.0,False,0.0,0.0,False,4.857142857142857,True,가동업체 수가 적어 개별 업체 수준 변화가 업종 집계에 크게 반영될 수 있음. 현재 집계자료만으로 업체 수 변화가 고용 변화의 원인이라고 판단할 수 없음.,7.0,7.0,9.0,0.0,3,4,False,0.02945074363127669,873.0,0.13470143496374015,False,,0.25906401103217136,-0.25906401103217136,73.01454516,op_rate_official,False,-17.87732309998252,SAME_SOURCE,False,PPI_candidate_quarterly_yoy.csv,1,섬유및의복,0.0687226183317513,0.0687226183317513,-18.715673127532504,-18.715673127532504,SAME_ALL,COMPARABLE,N,True,단일 후보·분류 선택,False,NOT_CONFIRMED,20260916T061849980743Z-d1794cbf,2026-09-16T06:18:49.980743+00:00,58499908a6af50344a1362c55c840a58cfd80d4373c7098c4c97a9e0271a573b,9eab0a418a59d45db45d451cd60b05233a7a4f1c756a49150fbd3e50c78ddd6a,changwon-transition-diagnosis-model/1.0.0,changwon-electre-pilot-v1,SCENARIO_REGISTERED,SCENARIO_REGISTERED,bef58985e0714e5a149bbbbf667ed271296f86fc1b7d056f18d3518723da70f0
섬유의복,2026Q1,224,18,34.0,34.0,0.0,0.0,7.367100000000001,8.1171,-9.2397531137968,N,,False,False,N,N->N,0.0,0.0,9.2397531137968,0,False,False,False,False,0,False,False,False,False,0,False,False,False,False,N,N,N,N,EXACT_ZERO,0.0,COMPLETE,True,,,,NEUTRAL_REVIEW,False,SINGLE_INDUSTRY_CATEGORY,0.0,False,1.0,1.0,True,4.25,True,가동업체 수가 적어 개별 업체 수준 변화가 업종 집계에 크게 반영될 수 있음. 현재 집계자료만으로 업체 수 변화가 고용 변화의 원인이라고 판단할 수 없음.,8.0,7.0,10.0,14.28571428571428,2,4,False,0.02957936404367306,-1965.0,0.978098556495769,True,-0.0,-0.5714652296638439,0.5714652296638439,66.26818145019836,op_rate_official,False,-6.74636370996032,SAME_SOURCE,False,PPI_candidate_quarterly_yoy.csv,1,섬유및의복,1.0910448189726862,1.0910448189726862,-10.219300781062469,-10.219300781062469,SAME_ALL,COMPARABLE,N,True,단일 후보·분류 선택,False,NOT_CONFIRMED,20260916T061849980743Z-d1794cbf,2026-09-16T06:18:49.980743+00:00,58499908a6af50344a1362c55c840a58cfd80d4373c7098c4c97a9e0271a573b,9eab0a418a59d45db45d451cd60b05233a7a4f1c756a49150fbd3e50c78ddd6a,changwon-transition-diagnosis-model/1.0.0,changwon-electre-pilot-v1,SCENARIO_REGISTERED,SCENARIO_REGISTERED,bef58985e0714e5a149bbbbf667ed271296f86fc1b7d056f18d3518723da70f0
섬유의복,2026Q2,225,18,34.0,34.0,0.0,0.0,7.117100000000001,8.1171,-12.319670818395734,N,,False,False,N,,0.0,0.0,12.319670818395734,0,False,False,False,False,0,False,False,False,False,0,False,False,False,False,N,N,N,N,EXACT_ZERO,0.0,COMPLETE,True,,,,NEUTRAL_REVIEW,False,SINGLE_INDUSTRY_CATEGORY,0.0,False,0.0,1.0,True,4.25,True,가동업체 수가 적어 개별 업체 수준 변화가 업종 집계에 크게 반영될 수 있음. 현재 집계자료만으로 업체 수 변화가 고용 변화의 원인이라고 판단할 수 없음.,8.0,7.0,10.0,14.28571428571428,1,4,False,0.029608987198467298,-4332.0,0.9648106904231626,True,-0.0,-1.2360316208187174,1.2360316208187174,64.01939354687823,op_rate_official,False,-8.995151613121763,SAME_SOURCE,False,PPI_candidate_quarterly_yoy.csv,1,섬유및의복,3.359751895244667,3.359751895244667,-15.169756531083323,-15.169756531083323,SAME_ALL,COMPARABLE,N,True,단일 후보·분류 선택,False,NOT_CONFIRMED,20260916T061849980743Z-d1794cbf,2026-09-16T06:18:49.980743+00:00,58499908a6af50344a1362c55c840a58cfd80d4373c7098c4c97a9e0271a573b,9eab0a418a59d45db45d451cd60b05233a7a4f1c756a49150fbd3e50c78ddd6a,changwon-transition-diagnosis-model/1.0.0,changwon-electre-pilot-v1,SCENARIO_REGISTERED,SCENARIO_REGISTERED,bef58985e0714e5a149bbbbf667ed271296f86fc1b7d056f18d3518723da70f0
운송장비,2022Q1,208,18,15500.0,15774.0,-274.0,-1.7370356282490174,26878.613143,25648.142856,4.797502469899695,S2,1.0,True,False,,S2->S2,274.0,1.7370356282490174,0.0,1,True,False,False,False,1,True,False,False,False,1,True,False,False,False,S2,S2,S2,N,SENSITIVE_2_0,2.0,COMPLETE,True,,,,ROUTABLE_S2,False,SINGLE_INDUSTRY_CATEGORY,,,,-5.0,True,64.58333333333333,False,,240.0,245.0,244.0,-2.0408163265306145,1,1,,13.214657186215833,280.0,0.04953998584571833,False,,37.7452270668467,-311.7452270668467,90.57298391,op_rate_approx,True,2.925306020000008,SAME_SOURCE,False,PPI_candidate_quarterly_yoy.csv,1,운송장비,1.8476209397039645,1.8476209397039645,2.896367635275565,2.896367635275565,SAME_ALL,COMPARABLE,S2,True,단일 후보·범위 주의,False,NOT_CONFIRMED,20260916T061849980743Z-d1794cbf,2026-09-16T06:18:49.980743+00:00,58499908a6af50344a1362c55c840a58cfd80d4373c7098c4c97a9e0271a573b,9eab0a418a59d45db45d451cd60b05233a7a4f1c756a49150fbd3e50c78ddd6a,changwon-transition-diagnosis-model/1.0.0,changwon-electre-pilot-v1,SCENARIO_REGISTERED,SCENARIO_REGISTERED,bef58985e0714e5a149bbbbf667ed271296f86fc1b7d056f18d3518723da70f0
운송장비,2022Q2,209,18,15657.0,16070.0,-413.0,-2.570006222775356,27717.628937,26004.347619,6.588441837118797,S2,2.0,True,False,S2,S2->S2,413.0,2.570006222775356,0.0,2,True,False,False,False,2,True,False,False,False,2,True,False,False,False,S2,S2,S2,S2,STABLE_2_0,,COMPLETE,True,,,,ROUTABLE_S2,False,SINGLE_INDUSTRY_CATEGORY,157.0,True,0.0,1.0,True,65.2375,False,,240.0,239.0,243.0,0.4184100418409997,2,2,False,13.399459126386418,-70.0,0.011990407673860911,False,,-9.621273028960468,-403.37872697103955,90.06301838,op_rate_approx,True,4.396847379999997,SAME_SOURCE,False,PPI_candidate_quarterly_yoy.csv,1,운송장비,1.8075667117458891,1.8075667117458891,4.69599193830974,4.69599193830974,SAME_ALL,COMPARABLE,S2,True,단일 후보·범위 주의,False,NOT_CONFIRMED,20260916T061849980743Z-d1794cbf,2026-09-16T06:18:49.980743+00:00,58499908a6af50344a1362c55c840a58cfd80d4373c7098c4c97a9e0271a573b,9eab0a418a59d45db45d451cd60b05233a7a4f1c756a49150fbd3e50c78ddd6a,changwon-transition-diagnosis-model/1.0.0,changwon-electre-pilot-v1,SCENARIO_REGISTERED,SCENARIO_REGISTERED,bef58985e0714e5a149bbbbf667ed271296f86fc1b7d056f18d3518723da70f0
운송장비,2022Q3,210,18,15628.0,15747.0,-119.0,-0.7556994983171417,28600.85946,26161.816888,9.322909729250297,S2,3.0,True,False,S2,S2->S1,119.0,0.7556994983171417,0.0,3,True,False,False,False,3,True,False,False,False,0,False,False,False,False,S2,S2,N,N,SENSITIVE_1_0,1.0,COMPLETE,True,,,,ROUTABLE_S2,False,SINGLE_INDUSTRY_CATEGORY,-29.0,False,3.0,4.0,True,64.3127572016461,False,,243.0,239.0,246.0,1.673640167364021,3,3,False,13.509798667000924,-266.0,0.05453054530545305,False,,-36.12662900513175,-82.87337099486825,92.01615978,op_rate_approx,True,6.910013929999991,SAME_SOURCE,False,PPI_candidate_quarterly_yoy.csv,1,운송장비,2.384706346078036,2.384706346078036,6.776601340946309,6.776601340946309,SAME_ALL,COMPARABLE,S2,True,단일 후보·범위 주의,False,NOT_CONFIRMED,20260916T061849980743Z-d1794cbf,2026-09-16T06:18:49.980743+00:00,58499908a6af50344a1362c55c840a58cfd80d4373c7098c4c97a9e0271a573b,9eab0a418a59d45db45d451cd60b05233a7a4f1c756a49150fbd3e50c78ddd6a,changwon-transition-diagnosis-model/1.0.0,changwon-electre-pilot-v1,SCENARIO_REGISTERED,SCENARIO_REGISTERED,bef58985e0714e5a149bbbbf667ed271296f86fc1b7d056f18d3518723da70f0
운송장비,2022Q4,211,18,16045.0,15652.0,393.0,2.5108612317914725,38041.10960633333,27174.136159,39.99013394114541,S1,1.0,False,True,S2,S1->S1,0.0,0.0,0.0,0,False,False,False,False,0,False,False,False,False,0,False,False,False,False,S1,S1,S1,S1,STABLE_2_0,,COMPLETE,True,,,,ROUTABLE_S1,False,SINGLE_INDUSTRY_CATEGORY,417.0,False,-1.0,0.0,False,66.30165289256199,False,,242.0,242.0,247.0,0.0,3,4,False,14.283425173368466,-3381.0,0.7354796606482489,True,-11.623779946761314,-457.3293810602001,850.3293810602001,93.3321226539203,op_rate_approx,True,6.7349206839202935,SAME_SOURCE,False,PPI_candidate_quarterly_yoy.csv,1,운송장비,2.782238243486823,2.782238243486823,36.200705816032766,36.200705816032766,SAME_ALL,COMPARABLE,S1,True,단일 후보·범위 주의,False,NOT_CONFIRMED,20260916T061849980743Z-d1794cbf,2026-09-16T06:18:49.980743+00:00,58499908a6af50344a1362c55c840a58cfd80d4373c7098c4c97a9e0271a573b,9eab0a418a59d45db45d451cd60b05233a7a4f1c756a49150fbd3e50c78ddd6a,changwon-transition-diagnosis-model/1.0.0,changwon-electre-pilot-v1,SCENARIO_REGISTERED,SCENARIO_REGISTERED,bef58985e0714e5a149bbbbf667ed271296f86fc1b7d056f18d3518723da70f0
운송장비,2023Q1,212,18,16916.0,15500.0,1416.0,9.135483870967745,36202.67666263637,26878.613143,34.689526092846926,S1,2.0,False,True,S1,S1->S1,0.0,0.0,0.0,0,False,False,False,False,0,False,False,False,False,0,False,False,False,False,S1,S1,S1,S1,STABLE_2_0,,COMPLETE,True,,,,ROUTABLE_S1,False,SINGLE_INDUSTRY_CATEGORY,871.0,False,0.0,2.0,True,69.90082644628099,False,,242.0,240.0,245.0,0.8333333333333304,2,4,False,14.874739498606262,-3571.0,0.3711672383328136,True,-39.652758330999724,-471.8954081197674,1887.8954081197674,92.48257670235238,op_rate_approx,True,1.9095927923523703,SAME_SOURCE,False,PPI_candidate_quarterly_yoy.csv,1,운송장비,2.1294580447998923,2.1294580447998923,31.881171868908087,31.881171868908087,SAME_ALL,COMPARABLE,S1,True,단일 후보·범위 주의,False,NOT_CONFIRMED,20260916T061849980743Z-d1794cbf,2026-09-16T06:18:49.980743+00:00,58499908a6af50344a1362c55c840a58cfd80d4373c7098c4c97a9e0271a573b,9eab0a418a59d45db45d451cd60b05233a7a4f1c756a49150fbd3e50c78ddd6a,changwon-transition-diagnosis-model/1.0.0,changwon-electre-pilot-v1,SCENARIO_REGISTERED,SCENARIO_REGISTERED,bef58985e0714e5a149bbbbf667ed271296f86fc1b7d056f18d3518723da70f0
운송장비,2023Q2,213,18,16513.0,15657.0,856.0,5.467203167912116,40053.86899536364,27717.628937,44.506837458582574,S1,3.0,False,True,S1,S1->S1,0.0,0.0,0.0,0,False,False,False,False,0,False,False,False,False,0,False,False,False,False,S1,S1,S1,S1,STABLE_2_0,,COMPLETE,True,,,,ROUTABLE_S1,False,SINGLE_INDUSTRY_CATEGORY,-403.0,False,-2.0,0.0,False,68.80416666666666,False,,240.0,240.0,244.0,0.0,1,4,False,14.566866619618912,-3488.0,0.42966247844296623,True,-24.541284403669724,-467.3731343283583,1323.3731343283582,92.5159709313861,op_rate_approx,True,2.4529525513860904,SAME_SOURCE,False,PPI_candidate_quarterly_yoy.csv,1,운송장비,1.6750364490523362,1.6750364490523362,42.12617226942677,42.12617226942677,SAME_ALL,COMPARABLE,S1,True,단일 후보·범위 주의,False,NOT_CONFIRMED,20260916T061849980743Z-d1794cbf,2026-09-16T06:18:49.980743+00:00,58499908a6af50344a1362c55c840a58cfd80d4373c7098c4c97a9e0271a573b,9eab0a418a59d45db45d451cd60b05233a7a4f1c756a49150fbd3e50c78ddd6a,changwon-transition-diagnosis-model/1.0.0,changwon-electre-pilot-v1,SCENARIO_REGISTERED,SCENARIO_REGISTERED,bef58985e0714e5a149bbbbf667ed271296f86fc1b7d056f18d3518723da70f0
운송장비,2023Q3,214,18,16734.0,15628.0,1106.0,7.077041208088053,39080.14339936363,28600.85946,36.63975187186082,S1,4.0,False,True,S1,,0.0,0.0,0.0,0,False,False,False,False,0,False,False,False,False,0,False,False,False,False,S1,S1,S1,S1,STABLE_2_0,,COMPLETE,True,,,,ROUTABLE_S1,False,SINGLE_INDUSTRY_CATEGORY,221.0,False,-1.0,-4.0,True,70.01673640167364,False,,239.0,243.0,246.0,-1.6460905349794277,0,4,False,14.745171295643592,-2191.0,0.2515210653197107,False,,-295.99968879399023,1401.9996887939901,91.28132388357078,op_rate_approx,True,-0.7348358964292174,SAME_SOURCE,True,PPI_candidate_quarterly_yoy.csv,1,운송장비,1.30574270131536,1.30574270131536,34.878584597837104,34.878584597837104,SAME_ALL,COMPARABLE,S1,True,단일 후보·범위 주의,False,NOT_CONFIRMED,20260916T061849980743Z-d1794cbf,2026-09-16T06:18:49.980743+00:00,58499908a6af50344a1362c55c840a58cfd80d4373c7098c4c97a9e0271a573b,9eab0a418a59d45db45d451cd60b05233a7a4f1c756a49150fbd3e50c78ddd6a,changwon-transition-diagnosis-model/1.0.0,changwon-electre-pilot-v1,SCENARIO_REGISTERED,SCENARIO_REGISTERED,bef58985e0714e5a149bbbbf667ed271296f86fc1b7d056f18d3518723da70f0
운송장비,2023Q4,215,18,16819.0,16045.0,774.0,4.823932689311317,,38041.10960633333,,INVALID,,False,False,S1,,0.0,0.0,,0,False,False,False,False,0,False,False,False,False,0,False,False,False,False,INVALID,INVALID,INVALID,INVALID,INVALID,,PROD_YOY_MISSING,False,PROD_YOY_MISSING,2023Q4_PRODUCTION_SOURCE_MISSING,,DATA_REVIEW,False,SINGLE_INDUSTRY_CATEGORY,85.0,False,2.0,-1.0,True,69.7883817427386,False,,241.0,242.0,244.0,-0.4132231404958664,0,4,False,14.81706618741796,1178.0,0.12379150903741068,False,,168.25874854228053,605.7412514577195,92.08951956140017,op_rate_approx,True,-1.2426030925201275,SAME_SOURCE,,PPI_candidate_quarterly_yoy.csv,1,운송장비,,,,,NOT_COMPARABLE,NOMINAL_PRODUCTION_YOY_MISSING,,,단일 후보·범위 주의,False,NOT_CONFIRMED,20260916T061849980743Z-d1794cbf,2026-09-16T06:18:49.980743+00:00,58499908a6af50344a1362c55c840a58cfd80d4373c7098c4c97a9e0271a573b,9eab0a418a59d45db45d451cd60b05233a7a4f1c756a49150fbd3e50c78ddd6a,changwon-transition-diagnosis-model/1.0.0,changwon-electre-pilot-v1,SCENARIO_REGISTERED,SCENARIO_REGISTERED,bef58985e0714e5a149bbbbf667ed271296f86fc1b7d056f18d3518723da70f0
운송장비,2024Q1,216,18,16925.0,16916.0,9.0,0.0532040671553657,36734.521823363626,36202.67666263637,1.4690769019191308,S1,1.0,True,False,INVALID,S1->S3,0.0,0.0,0.0,0,False,False,False,False,0,False,False,False,False,0,False,False,False,False,S1,N,N,N,SENSITIVE_0_5,0.5,COMPLETE,True,,,,ROUTABLE_S1,False,SINGLE_INDUSTRY_CATEGORY,106.0,False,-1.0,-2.0,True,70.52083333333333,False,,240.0,242.0,244.0,-0.8264462809917328,0,4,False,14.84753316022177,269.0,0.2506989748369059,False,,40.01304925125085,-31.013049251250848,91.55905142520356,op_rate_approx,True,-0.923525277148812,SAME_SOURCE,True,PPI_candidate_quarterly_yoy.csv,1,운송장비,2.081874323550026,2.081874323550026,-0.6002999314928537,-0.6002999314928537,OPPOSITE_ALL,COMPARABLE,S3,True,단일 후보·범위 주의,False,NOT_CONFIRMED,20260916T061849980743Z-d1794cbf,2026-09-16T06:18:49.980743+00:00,58499908a6af50344a1362c55c840a58cfd80d4373c7098c4c97a9e0271a573b,9eab0a418a59d45db45d451cd60b05233a7a4f1c756a49150fbd3e50c78ddd6a,changwon-transition-diagnosis-model/1.0.0,changwon-electre-pilot-v1,SCENARIO_REGISTERED,SCENARIO_REGISTERED,bef58985e0714e5a149bbbbf667ed271296f86fc1b7d056f18d3518723da70f0
운송장비,2024Q2,217,18,16805.0,16513.0,292.0,1.7683037606734064,39643.61302627273,40053.86899536364,-1.0242605255896708,S3,1.0,False,False,S1,S3->S1,0.0,0.0,1.0242605255896708,0,False,False,False,False,0,False,False,False,False,0,False,False,False,False,S3,S3,S3,N,SENSITIVE_2_0,2.0,COMPLETE,True,,,,ROUTABLE_S3,False,SINGLE_INDUSTRY_CATEGORY,-120.0,False,-3.0,-3.0,True,70.90717299578058,False,,237.0,240.0,243.0,-1.2499999999999956,0,4,False,14.44982330028633,2939.0,0.9702872235061076,True,9.935352160598843,428.1202099505998,-136.12020995059981,91.283876842257,op_rate_official,False,,MIXED_SOURCE_NOT_COMPUTED,,PPI_candidate_quarterly_yoy.csv,1,운송장비,2.3644127206678967,2.3644127206678967,-3.310401687649578,-3.310401687649578,SAME_ALL,COMPARABLE,S3,True,단일 후보·범위 주의,False,NOT_CONFIRMED,20260916T061849980743Z-d1794cbf,2026-09-16T06:18:49.980743+00:00,58499908a6af50344a1362c55c840a58cfd80d4373c7098c4c97a9e0271a573b,9eab0a418a59d45db45d451cd60b05233a7a4f1c756a49150fbd3e50c78ddd6a,changwon-transition-diagnosis-model/1.0.0,changwon-electre-pilot-v1,SCENARIO_REGISTERED,SCENARIO_REGISTERED,bef58985e0714e5a149bbbbf667ed271296f86fc1b7d056f18d3518723da70f0
운송장비,2024Q3,218,18,16786.0,16734.0,52.0,0.3107445918489215,41393.52678963636,39080.14339936363,5.919587772828883,S1,1.0,False,True,S3,,0.0,0.0,0.0,0,False,False,False,False,0,False,False,False,False,0,False,False,False,False,S1,N,N,N,SENSITIVE_0_5,0.5,COMPLETE,True,,,,ROUTABLE_S1,False,SINGLE_INDUSTRY_CATEGORY,-19.0,False,2.0,0.0,False,70.23430962343096,False,,239.0,239.0,247.0,0.0,0,4,False,14.416998763226605,2944.0,0.9602087410306588,True,1.766304347826087,434.0978429437473,-382.0978429437473,91.15549779576008,op_rate_official,False,,MIXED_SOURCE_NOT_COMPUTED,,PPI_candidate_quarterly_yoy.csv,1,운송장비,2.1566329923678573,2.1566329923678573,3.6835148832109255,3.6835148832109255,SAME_ALL,COMPARABLE,S1,True,단일 후보·범위 주의,False,NOT_CONFIRMED,20260916T061849980743Z-d1794cbf,2026-09-16T06:18:49.980743+00:00,58499908a6af50344a1362c55c840a58cfd80d4373c7098c4c97a9e0271a573b,9eab0a418a59d45db45d451cd60b05233a7a4f1c756a49150fbd3e50c78ddd6a,changwon-transition-diagnosis-model/1.0.0,changwon-electre-pilot-v1,SCENARIO_REGISTERED,SCENARIO_REGISTERED,bef58985e0714e5a149bbbbf667ed271296f86fc1b7d056f18d3518723da70f0
운송장비,2024Q4,219,18,17204.0,16819.0,385.0,2.28907782864618,53588.47858727274,,,INVALID,,False,False,S1,,0.0,0.0,,0,False,False,False,False,0,False,False,False,False,0,False,False,False,False,INVALID,INVALID,INVALID,INVALID,INVALID,,PROD_YOY_MISSING,False,PROD_YOY_MISSING,2023Q4_PRODUCTION_SOURCE_MISSING,LAG4_FROM_2023Q4_SOURCE_MISSING,DATA_REVIEW,False,SINGLE_INDUSTRY_CATEGORY,418.0,False,3.0,1.0,True,71.0909090909091,False,,242.0,241.0,247.0,0.4149377593360981,0,4,False,15.015623090753575,1063.0,0.4816492976891708,True,36.21825023518344,157.5054135722529,227.4945864277471,93.01256277338726,op_rate_official,False,,MIXED_SOURCE_NOT_COMPUTED,,PPI_candidate_quarterly_yoy.csv,1,운송장비,,,,,NOT_COMPARABLE,NOMINAL_PRODUCTION_YOY_MISSING,,,단일 후보·범위 주의,False,NOT_CONFIRMED,20260916T061849980743Z-d1794cbf,2026-09-16T06:18:49.980743+00:00,58499908a6af50344a1362c55c840a58cfd80d4373c7098c4c97a9e0271a573b,9eab0a418a59d45db45d451cd60b05233a7a4f1c756a49150fbd3e50c78ddd6a,changwon-transition-diagnosis-model/1.0.0,changwon-electre-pilot-v1,SCENARIO_REGISTERED,SCENARIO_REGISTERED,bef58985e0714e5a149bbbbf667ed271296f86fc1b7d056f18d3518723da70f0
운송장비,2025Q1,220,18,16541.0,16925.0,-384.0,-2.2688330871491917,39050.48430555556,36734.521823363626,6.304594063666169,S2,1.0,True,False,INVALID,S2->S4,384.0,2.2688330871491917,0.0,1,False,True,False,False,1,False,True,False,False,1,False,False,False,False,S2,S2,S2,S2,STABLE_2_0,,COMPLETE,True,,,,ROUTABLE_S2,False,SINGLE_INDUSTRY_CATEGORY,-663.0,False,1.0,3.0,True,68.06995884773663,False,,243.0,240.0,253.0,1.2499999999999956,1,4,True,14.14849029167736,2918.0,0.498122226015705,True,-13.159698423577792,433.2510176152713,-817.2510176152713,91.22149294890312,op_rate_official,False,,MIXED_SOURCE_NOT_COMPUTED,,PPI_candidate_quarterly_yoy.csv,1,운송장비,1.284769864038915,1.284769864038915,4.956149089705875,4.956149089705875,SAME_ALL,COMPARABLE,S2,True,단일 후보·범위 주의,False,NOT_CONFIRMED,20260916T061849980743Z-d1794cbf,2026-09-16T06:18:49.980743+00:00,58499908a6af50344a1362c55c840a58cfd80d4373c7098c4c97a9e0271a573b,9eab0a418a59d45db45d451cd60b05233a7a4f1c756a49150fbd3e50c78ddd6a,changwon-transition-diagnosis-model/1.0.0,changwon-electre-pilot-v1,SCENARIO_REGISTERED,SCENARIO_REGISTERED,bef58985e0714e5a149bbbbf667ed271296f86fc1b7d056f18d3518723da70f0
운송장비,2025Q2,221,18,16437.0,16805.0,-368.0,-2.1898244570068397,39202.48792,39643.61302627273,-1.1127267990946987,S4,1.0,False,False,S2,S4->S2,368.0,2.1898244570068397,1.1127267990946987,2,False,True,False,False,2,False,True,False,False,2,False,False,False,False,S4,S4,S4,N,SENSITIVE_2_0,2.0,COMPLETE,True,,,,ROUTABLE_S4,False,SINGLE_INDUSTRY_CATEGORY,-104.0,False,1.0,7.0,True,67.36475409836065,False,,244.0,237.0,252.0,2.953586497890304,2,4,False,13.79382689112301,2863.0,0.3998044965786901,True,-12.853650017464199,413.69844108719764,-781.6984410871976,91.30815673,op_rate_official,False,0.024279887742991946,SAME_SOURCE,True,PPI_candidate_quarterly_yoy.csv,1,운송장비,1.1548997634167613,1.1548997634167613,-2.2417367500882635,-2.2417367500882635,SAME_ALL,COMPARABLE,S4,True,단일 후보·범위 주의,False,NOT_CONFIRMED,20260916T061849980743Z-d1794cbf,2026-09-16T06:18:49.980743+00:00,58499908a6af50344a1362c55c840a58cfd80d4373c7098c4c97a9e0271a573b,9eab0a418a59d45db45d451cd60b05233a7a4f1c756a49150fbd3e50c78ddd6a,changwon-transition-diagnosis-model/1.0.0,changwon-electre-pilot-v1,SCENARIO_REGISTERED,SCENARIO_REGISTERED,bef58985e0714e5a149bbbbf667ed271296f86fc1b7d056f18d3518723da70f0
운송장비,2025Q3,222,18,16275.0,16786.0,-511.0,-3.044203502919096,43309.09042,41393.52678963636,4.627688865697821,S2,1.0,False,False,S4,S2->S4,511.0,3.044203502919096,0.0,3,False,True,False,False,3,False,True,False,False,3,False,False,False,False,S2,S2,S2,S2,STABLE_2_0,,COMPLETE,True,,,,ROUTABLE_S2,False,SINGLE_INDUSTRY_CATEGORY,-162.0,False,4.0,9.0,True,65.625,False,,248.0,239.0,251.0,3.765690376569042,3,4,False,13.953907093986317,202.0,0.04713019132057863,False,,29.12233750171774,-540.1223375017178,92.52531478,op_rate_official,False,1.3698169842399182,SAME_SOURCE,False,PPI_candidate_quarterly_yoy.csv,1,운송장비,1.5128030256060576,1.5128030256060576,3.0684659936993874,3.0684659936993874,SAME_ALL,COMPARABLE,S2,True,단일 후보·범위 주의,False,NOT_CONFIRMED,20260916T061849980743Z-d1794cbf,2026-09-16T06:18:49.980743+00:00,58499908a6af50344a1362c55c840a58cfd80d4373c7098c4c97a9e0271a573b,9eab0a418a59d45db45d451cd60b05233a7a4f1c756a49150fbd3e50c78ddd6a,changwon-transition-diagnosis-model/1.0.0,changwon-electre-pilot-v1,SCENARIO_REGISTERED,SCENARIO_REGISTERED,bef58985e0714e5a149bbbbf667ed271296f86fc1b7d056f18d3518723da70f0
운송장비,2025Q4,223,18,16293.0,17204.0,-911.0,-5.295280167402927,46213.96278,53588.47858727274,-13.761383046661424,S4,1.0,False,False,S2,S4->S2,911.0,5.295280167402927,13.761383046661424,4,False,True,False,False,4,False,True,False,False,4,False,False,False,False,S4,S4,S4,S4,STABLE_2_0,,COMPLETE,True,,,,ROUTABLE_S4,False,SINGLE_INDUSTRY_CATEGORY,18.0,True,-1.0,5.0,True,65.96356275303644,False,,247.0,242.0,253.0,2.066115702479343,4,4,False,14.112969587776208,873.0,0.13470143496374015,False,,131.0863895822787,-1042.0863895822788,92.52272966,op_rate_official,False,-0.4898331133872631,SAME_SOURCE,False,PPI_candidate_quarterly_yoy.csv,1,운송장비,1.3057570612748923,1.3057570612748923,-14.87293569981708,-14.87293569981708,SAME_ALL,COMPARABLE,S4,True,단일 후보·범위 주의,False,NOT_CONFIRMED,20260916T061849980743Z-d1794cbf,2026-09-16T06:18:49.980743+00:00,58499908a6af50344a1362c55c840a58cfd80d4373c7098c4c97a9e0271a573b,9eab0a418a59d45db45d451cd60b05233a7a4f1c756a49150fbd3e50c78ddd6a,changwon-transition-diagnosis-model/1.0.0,changwon-electre-pilot-v1,SCENARIO_REGISTERED,SCENARIO_REGISTERED,bef58985e0714e5a149bbbbf667ed271296f86fc1b7d056f18d3518723da70f0
운송장비,2026Q1,224,18,16375.0,16541.0,-166.0,-1.0035668943836562,46907.35888888889,39050.48430555556,20.119787815833988,S2,1.0,False,True,S4,S2->S2,166.0,1.0035668943836562,0.0,5,False,True,False,False,5,False,True,False,False,5,False,False,False,False,S2,S2,S2,N,SENSITIVE_2_0,2.0,COMPLETE,True,,,,ROUTABLE_S2,False,SINGLE_INDUSTRY_CATEGORY,82.0,True,-1.0,3.0,True,66.5650406504065,False,,246.0,243.0,252.0,1.2345679012345734,4,4,False,14.245943712210188,-1965.0,0.978098556495769,True,8.447837150127228,-278.01783423146014,112.01783423146014,92.542012337215,op_rate_official,False,1.3205193883118795,SAME_SOURCE,False,PPI_candidate_quarterly_yoy.csv,1,운송장비,1.379310344827589,1.379310344827589,18.485504988407662,18.485504988407662,SAME_ALL,COMPARABLE,S2,True,단일 후보·범위 주의,False,NOT_CONFIRMED,20260916T061849980743Z-d1794cbf,2026-09-16T06:18:49.980743+00:00,58499908a6af50344a1362c55c840a58cfd80d4373c7098c4c97a9e0271a573b,9eab0a418a59d45db45d451cd60b05233a7a4f1c756a49150fbd3e50c78ddd6a,changwon-transition-diagnosis-model/1.0.0,changwon-electre-pilot-v1,SCENARIO_REGISTERED,SCENARIO_REGISTERED,bef58985e0714e5a149bbbbf667ed271296f86fc1b7d056f18d3518723da70f0
운송장비,2026Q2,225,18,16308.0,16437.0,-129.0,-0.7848147472166445,46903.16277777778,39202.48792,19.64333200865325,S2,2.0,False,True,S2,,129.0,0.7848147472166445,0.0,6,False,True,False,False,6,False,True,False,False,0,False,False,False,False,S2,S2,N,N,SENSITIVE_1_0,1.0,COMPLETE,True,,,,ROUTABLE_S2,False,SINGLE_INDUSTRY_CATEGORY,-67.0,False,-1.0,1.0,True,66.56326530612245,False,,245.0,244.0,254.0,0.4098360655737654,4,4,False,14.201863624488373,-4332.0,0.9648106904231626,True,2.9778393351800556,-597.5485809234488,468.54858092344875,92.2763222787122,op_rate_official,False,0.9681655487122072,SAME_SOURCE,False,PPI_candidate_quarterly_yoy.csv,1,운송장비,2.049546084012932,2.049546084012932,17.240435258924247,17.240435258924247,SAME_ALL,COMPARABLE,S2,True,단일 후보·범위 주의,False,NOT_CONFIRMED,20260916T061849980743Z-d1794cbf,2026-09-16T06:18:49.980743+00:00,58499908a6af50344a1362c55c840a58cfd80d4373c7098c4c97a9e0271a573b,9eab0a418a59d45db45d451cd60b05233a7a4f1c756a49150fbd3e50c78ddd6a,changwon-transition-diagnosis-model/1.0.0,changwon-electre-pilot-v1,SCENARIO_REGISTERED,SCENARIO_REGISTERED,bef58985e0714e5a149bbbbf667ed271296f86fc1b7d056f18d3518723da70f0
음식료,2022Q1,208,18,733.0,719.0,14.0,1.9471488178025127,1158.86,1115.35,3.9010176177881375,S1,1.0,True,True,,S1->S1,0.0,0.0,0.0,0,False,False,False,False,0,False,False,False,False,0,False,False,False,False,S1,S1,S1,N,SENSITIVE_2_0,2.0,COMPLETE,True,,,,ROUTABLE_S1,False,SINGLE_INDUSTRY_CATEGORY,,,,2.0,True,122.16666666666667,True,가동업체 수가 적어 개별 업체 수준 변화가 업종 집계에 크게 반영될 수 있음. 현재 집계자료만으로 업체 수 변화가 고용 변화의 원인이라고 판단할 수 없음.,6.0,4.0,9.0,50.0,0,1,,0.6249254011287875,280.0,0.04953998584571833,False,,1.7204778915343464,12.279522108465654,95.90321823,op_rate_approx,True,-2.081019420000004,SAME_SOURCE,True,PPI_candidate_quarterly_yoy.csv,1,음식료품,5.631698603442681,5.631698603442681,-1.6384106367083762,-1.6384106367083762,OPPOSITE_ALL,COMPARABLE,S3,True,단일 후보·근접 분류,False,NOT_CONFIRMED,20260916T061849980743Z-d1794cbf,2026-09-16T06:18:49.980743+00:00,58499908a6af50344a1362c55c840a58cfd80d4373c7098c4c97a9e0271a573b,9eab0a418a59d45db45d451cd60b05233a7a4f1c756a49150fbd3e50c78ddd6a,changwon-transition-diagnosis-model/1.0.0,changwon-electre-pilot-v1,SCENARIO_REGISTERED,SCENARIO_REGISTERED,bef58985e0714e5a149bbbbf667ed271296f86fc1b7d056f18d3518723da70f0
음식료,2022Q2,209,18,797.0,789.0,8.0,1.0139416983523386,1246.41,1191.9816667,4.56620557350389,S1,2.0,True,True,S1,S1->S1,0.0,0.0,0.0,0,False,False,False,False,0,False,False,False,False,0,False,False,False,False,S1,S1,S1,N,SENSITIVE_2_0,2.0,COMPLETE,True,,,,ROUTABLE_S1,False,SINGLE_INDUSTRY_CATEGORY,64.0,False,0.0,1.0,True,132.83333333333334,True,가동업체 수가 적어 개별 업체 수준 변화가 업종 집계에 크게 반영될 수 있음. 현재 집계자료만으로 업체 수 변화가 고용 변화의 원인이라고 판단할 수 없음.,6.0,5.0,9.0,20.0,0,2,False,0.6820827057373682,-70.0,0.011990407673860911,False,,-0.4723823534442943,8.472382353444294,95.86259542,op_rate_approx,True,3.045798760000011,SAME_SOURCE,False,PPI_candidate_quarterly_yoy.csv,1,음식료품,8.08343779127696,8.08343779127696,-3.25418240726697,-3.25418240726697,OPPOSITE_ALL,COMPARABLE,S3,True,단일 후보·근접 분류,False,NOT_CONFIRMED,20260916T061849980743Z-d1794cbf,2026-09-16T06:18:49.980743+00:00,58499908a6af50344a1362c55c840a58cfd80d4373c7098c4c97a9e0271a573b,9eab0a418a59d45db45d451cd60b05233a7a4f1c756a49150fbd3e50c78ddd6a,changwon-transition-diagnosis-model/1.0.0,changwon-electre-pilot-v1,SCENARIO_REGISTERED,SCENARIO_REGISTERED,bef58985e0714e5a149bbbbf667ed271296f86fc1b7d056f18d3518723da70f0
음식료,2022Q3,210,18,770.0,728.0,42.0,5.769230769230771,1292.09,1134.7550001,13.86510743606637,S1,3.0,True,True,S1,S1->S1,0.0,0.0,0.0,0,False,False,False,False,0,False,False,False,False,0,False,False,False,False,S1,S1,S1,S1,STABLE_2_0,,COMPLETE,True,,,,ROUTABLE_S1,False,SINGLE_INDUSTRY_CATEGORY,-27.0,False,0.0,0.0,False,128.33333333333334,True,가동업체 수가 적어 개별 업체 수준 변화가 업종 집계에 크게 반영될 수 있음. 현재 집계자료만으로 업체 수 변화가 고용 변화의 원인이라고 판단할 수 없음.,6.0,6.0,9.0,0.0,0,3,False,0.6656350763751415,-266.0,0.05453054530545305,False,,-1.6701712018629522,43.67017120186295,87.81845754,op_rate_approx,True,-1.6766285799999991,SAME_SOURCE,True,PPI_candidate_quarterly_yoy.csv,1,음식료품,10.1247388083328,10.1247388083328,3.396483540581663,3.396483540581663,SAME_ALL,COMPARABLE,S1,True,단일 후보·근접 분류,False,NOT_CONFIRMED,20260916T061849980743Z-d1794cbf,2026-09-16T06:18:49.980743+00:00,58499908a6af50344a1362c55c840a58cfd80d4373c7098c4c97a9e0271a573b,9eab0a418a59d45db45d451cd60b05233a7a4f1c756a49150fbd3e50c78ddd6a,changwon-transition-diagnosis-model/1.0.0,changwon-electre-pilot-v1,SCENARIO_REGISTERED,SCENARIO_REGISTERED,bef58985e0714e5a149bbbbf667ed271296f86fc1b7d056f18d3518723da70f0
음식료,2022Q4,211,18,924.0,790.0,134.0,16.962025316455698,1584.72,1188.6050001,33.32604186139836,S1,4.0,True,True,S1,S1->S1,0.0,0.0,0.0,0,False,False,False,False,0,False,False,False,False,0,False,False,False,False,S1,S1,S1,S1,STABLE_2_0,,COMPLETE,True,,,,ROUTABLE_S1,False,SINGLE_INDUSTRY_CATEGORY,154.0,False,-1.0,-1.0,True,184.8,True,가동업체 수가 적어 개별 업체 수준 변화가 업종 집계에 크게 반영될 수 있음. 현재 집계자료만으로 업체 수 변화가 고용 변화의 원인이라고 판단할 수 없음.,5.0,6.0,8.0,-16.666666666666664,0,4,False,0.8225543695975359,-3381.0,0.7354796606482489,True,-3.96332446021887,-23.08268662391759,157.0826866239176,92.08697562524418,op_rate_approx,True,-4.047614694755822,SAME_SOURCE,True,PPI_candidate_quarterly_yoy.csv,1,음식료품,11.582391995217268,11.582391995217268,19.48663178605554,19.48663178605554,SAME_ALL,COMPARABLE,S1,True,단일 후보·근접 분류,False,NOT_CONFIRMED,20260916T061849980743Z-d1794cbf,2026-09-16T06:18:49.980743+00:00,58499908a6af50344a1362c55c840a58cfd80d4373c7098c4c97a9e0271a573b,9eab0a418a59d45db45d451cd60b05233a7a4f1c756a49150fbd3e50c78ddd6a,changwon-transition-diagnosis-model/1.0.0,changwon-electre-pilot-v1,SCENARIO_REGISTERED,SCENARIO_REGISTERED,bef58985e0714e5a149bbbbf667ed271296f86fc1b7d056f18d3518723da70f0
음식료,2023Q1,212,18,859.0,733.0,126.0,17.189631650750336,1561.18,1158.86,34.716876930776806,S1,5.0,True,True,S1,S1->S1,0.0,0.0,0.0,0,False,False,False,False,0,False,False,False,False,0,False,False,False,False,S1,S1,S1,S1,STABLE_2_0,,COMPLETE,True,,,,ROUTABLE_S1,False,SINGLE_INDUSTRY_CATEGORY,-65.0,False,0.0,-1.0,True,171.8,True,가동업체 수가 적어 개별 업체 수준 변화가 업종 집계에 크게 반영될 수 있음. 현재 집계자료만으로 업체 수 변화가 고용 변화의 원인이라고 판단할 수 없음.,5.0,6.0,8.0,-16.666666666666664,0,4,False,0.7553441256386131,-3571.0,0.3711672383328136,True,-3.528423410809297,-22.316086074309002,148.316086074309,89.11143911324119,op_rate_approx,True,-6.7917791167588035,SAME_SOURCE,True,PPI_candidate_quarterly_yoy.csv,1,음식료품,10.21092116590825,10.21092116590825,22.23550579708704,22.23550579708704,SAME_ALL,COMPARABLE,S1,True,단일 후보·근접 분류,False,NOT_CONFIRMED,20260916T061849980743Z-d1794cbf,2026-09-16T06:18:49.980743+00:00,58499908a6af50344a1362c55c840a58cfd80d4373c7098c4c97a9e0271a573b,9eab0a418a59d45db45d451cd60b05233a7a4f1c756a49150fbd3e50c78ddd6a,changwon-transition-diagnosis-model/1.0.0,changwon-electre-pilot-v1,SCENARIO_REGISTERED,SCENARIO_REGISTERED,bef58985e0714e5a149bbbbf667ed271296f86fc1b7d056f18d3518723da70f0
음식료,2023Q2,213,18,909.0,797.0,112.0,14.052697616060229,1522.72,1246.41,22.16846783963542,S1,6.0,True,True,S1,S1->S1,0.0,0.0,0.0,0,False,False,False,False,0,False,False,False,False,0,False,False,False,False,S1,S1,S1,S1,STABLE_2_0,,COMPLETE,True,,,,ROUTABLE_S1,False,SINGLE_INDUSTRY_CATEGORY,50.0,False,0.0,-1.0,True,181.8,True,가동업체 수가 적어 개별 업체 수준 변화가 업종 집계에 크게 반영될 수 있음. 현재 집계자료만으로 업체 수 변화가 고용 변화의 원인이라고 판단할 수 없음.,5.0,6.0,8.0,-16.666666666666664,0,4,False,0.8018701482004235,-3488.0,0.42966247844296623,True,-3.211009174311927,-23.791044776119403,135.7910447761194,89.05397356657603,op_rate_approx,True,-6.808621853423972,SAME_SOURCE,True,PPI_candidate_quarterly_yoy.csv,1,음식료품,7.217199952420628,7.217199952420628,13.944840840695027,13.944840840695027,SAME_ALL,COMPARABLE,S1,True,단일 후보·근접 분류,False,NOT_CONFIRMED,20260916T061849980743Z-d1794cbf,2026-09-16T06:18:49.980743+00:00,58499908a6af50344a1362c55c840a58cfd80d4373c7098c4c97a9e0271a573b,9eab0a418a59d45db45d451cd60b05233a7a4f1c756a49150fbd3e50c78ddd6a,changwon-transition-diagnosis-model/1.0.0,changwon-electre-pilot-v1,SCENARIO_REGISTERED,SCENARIO_REGISTERED,bef58985e0714e5a149bbbbf667ed271296f86fc1b7d056f18d3518723da70f0
음식료,2023Q3,214,18,868.0,770.0,98.0,12.72727272727272,1523.87,1292.09,17.93837890549419,S1,7.0,True,True,S1,,0.0,0.0,0.0,0,False,False,False,False,0,False,False,False,False,0,False,False,False,False,S1,S1,S1,S1,STABLE_2_0,,COMPLETE,True,,,,ROUTABLE_S1,False,SINGLE_INDUSTRY_CATEGORY,-41.0,False,0.0,-1.0,True,173.6,True,가동업체 수가 적어 개별 업체 수준 변화가 업종 집계에 크게 반영될 수 있음. 현재 집계자료만으로 업체 수 변화가 고용 변화의 원인이라고 판단할 수 없음.,5.0,6.0,8.0,-16.666666666666664,0,4,False,0.7648385732412237,-2191.0,0.2515210653197107,False,,-14.584064523379352,112.58406452337935,87.90179898913426,op_rate_approx,True,0.08334144913426655,SAME_SOURCE,False,PPI_candidate_quarterly_yoy.csv,1,음식료품,4.274954001839926,4.274954001839926,13.103266296730443,13.103266296730443,SAME_ALL,COMPARABLE,S1,True,단일 후보·근접 분류,False,NOT_CONFIRMED,20260916T061849980743Z-d1794cbf,2026-09-16T06:18:49.980743+00:00,58499908a6af50344a1362c55c840a58cfd80d4373c7098c4c97a9e0271a573b,9eab0a418a59d45db45d451cd60b05233a7a4f1c756a49150fbd3e50c78ddd6a,changwon-transition-diagnosis-model/1.0.0,changwon-electre-pilot-v1,SCENARIO_REGISTERED,SCENARIO_REGISTERED,bef58985e0714e5a149bbbbf667ed271296f86fc1b7d056f18d3518723da70f0
음식료,2023Q4,215,18,913.0,924.0,-11.0,-1.1904761904761862,,1584.72,,INVALID,,False,False,S1,,11.0,1.1904761904761862,,1,False,False,False,False,1,False,False,False,False,1,False,False,False,False,INVALID,INVALID,INVALID,INVALID,INVALID,,PROD_YOY_MISSING,False,PROD_YOY_MISSING,2023Q4_PRODUCTION_SOURCE_MISSING,,DATA_REVIEW,False,SINGLE_INDUSTRY_CATEGORY,45.0,True,0.0,0.0,False,182.6,True,가동업체 수가 적어 개별 업체 수준 변화가 업종 집계에 크게 반영될 수 있음. 현재 집계자료만으로 업체 수 변화가 고용 변화의 원인이라고 판단할 수 없음.,5.0,5.0,8.0,0.0,1,4,True,0.8043273339147748,1178.0,0.12379150903741068,False,,9.689690473858972,-20.689690473858974,91.04249953095034,op_rate_approx,True,-1.0444760942938416,SAME_SOURCE,,PPI_candidate_quarterly_yoy.csv,1,음식료품,,,,,NOT_COMPARABLE,NOMINAL_PRODUCTION_YOY_MISSING,,,단일 후보·근접 분류,False,NOT_CONFIRMED,20260916T061849980743Z-d1794cbf,2026-09-16T06:18:49.980743+00:00,58499908a6af50344a1362c55c840a58cfd80d4373c7098c4c97a9e0271a573b,9eab0a418a59d45db45d451cd60b05233a7a4f1c756a49150fbd3e50c78ddd6a,changwon-transition-diagnosis-model/1.0.0,changwon-electre-pilot-v1,SCENARIO_REGISTERED,SCENARIO_REGISTERED,bef58985e0714e5a149bbbbf667ed271296f86fc1b7d056f18d3518723da70f0
음식료,2024Q1,216,18,878.0,859.0,19.0,2.211874272409786,1541.09,1561.18,-1.2868471284541272,S3,1.0,True,False,INVALID,S3->S1,0.0,0.0,1.2868471284541272,0,False,False,False,False,0,False,False,False,False,0,False,False,False,False,S3,S3,S3,N,SENSITIVE_2_0,2.0,COMPLETE,True,,,,ROUTABLE_S3,False,SINGLE_INDUSTRY_CATEGORY,-35.0,False,0.0,0.0,False,175.6,True,가동업체 수가 적어 개별 업체 수준 변화가 업종 집계에 크게 반영될 수 있음. 현재 집계자료만으로 업체 수 변화가 고용 변화의 원인이라고 판단할 수 없음.,5.0,5.0,8.0,0.0,1,4,False,0.770229489788757,269.0,0.2506989748369059,False,,2.031875697967869,16.96812430203213,88.57493818682833,op_rate_approx,True,-0.536500926412856,SAME_SOURCE,False,PPI_candidate_quarterly_yoy.csv,1,음식료품,1.3363091086622925,1.3363091086622925,-2.5885650071423294,-2.5885650071423294,SAME_ALL,COMPARABLE,S3,True,단일 후보·근접 분류,False,NOT_CONFIRMED,20260916T061849980743Z-d1794cbf,2026-09-16T06:18:49.980743+00:00,58499908a6af50344a1362c55c840a58cfd80d4373c7098c4c97a9e0271a573b,9eab0a418a59d45db45d451cd60b05233a7a4f1c756a49150fbd3e50c78ddd6a,changwon-transition-diagnosis-model/1.0.0,changwon-electre-pilot-v1,SCENARIO_REGISTERED,SCENARIO_REGISTERED,bef58985e0714e5a149bbbbf667ed271296f86fc1b7d056f18d3518723da70f0
음식료,2024Q2,217,18,949.0,909.0,40.0,4.4004400440043945,1609.32,1522.72,5.6871913418093945,S1,1.0,False,True,S3,S1->S1,0.0,0.0,0.0,0,False,False,False,False,0,False,False,False,False,0,False,False,False,False,S1,S1,S1,S1,STABLE_2_0,,COMPLETE,True,,,,ROUTABLE_S1,False,SINGLE_INDUSTRY_CATEGORY,71.0,False,-1.0,-1.0,True,237.25,True,가동업체 수가 적어 개별 업체 수준 변화가 업종 집계에 크게 반영될 수 있음. 현재 집계자료만으로 업체 수 변화가 고용 변화의 원인이라고 판단할 수 없음.,4.0,5.0,7.0,-20.0,1,4,False,0.8160001375764194,2939.0,0.9702872235061076,True,1.3610071452875128,23.566963655610447,16.433036344389553,89.08423124081449,op_rate_official,False,,MIXED_SOURCE_NOT_COMPUTED,,PPI_candidate_quarterly_yoy.csv,1,음식료품,1.0539453612536498,1.0539453612536498,4.584923393136742,4.584923393136742,SAME_ALL,COMPARABLE,S1,True,단일 후보·근접 분류,False,NOT_CONFIRMED,20260916T061849980743Z-d1794cbf,2026-09-16T06:18:49.980743+00:00,58499908a6af50344a1362c55c840a58cfd80d4373c7098c4c97a9e0271a573b,9eab0a418a59d45db45d451cd60b05233a7a4f1c756a49150fbd3e50c78ddd6a,changwon-transition-diagnosis-model/1.0.0,changwon-electre-pilot-v1,SCENARIO_REGISTERED,SCENARIO_REGISTERED,bef58985e0714e5a149bbbbf667ed271296f86fc1b7d056f18d3518723da70f0
음식료,2024Q3,218,18,913.0,868.0,45.0,5.184331797235031,1638.83,1523.87,7.54395059946058,S1,2.0,False,True,S1,,0.0,0.0,0.0,0,False,False,False,False,0,False,False,False,False,0,False,False,False,False,S1,S1,S1,S1,STABLE_2_0,,COMPLETE,True,,,,ROUTABLE_S1,False,SINGLE_INDUSTRY_CATEGORY,-36.0,False,0.0,-1.0,True,228.25,True,가동업체 수가 적어 개별 업체 수준 변화가 업종 집계에 크게 반영될 수 있음. 현재 집계자료만으로 업체 수 변화가 고용 변화의 원인이라고 판단할 수 없음.,4.0,5.0,7.0,-20.0,1,4,False,0.784148687646008,2944.0,0.9602087410306588,True,1.528532608695652,22.516847596221627,22.483152403778373,87.87221550496913,op_rate_official,False,,MIXED_SOURCE_NOT_COMPUTED,,PPI_candidate_quarterly_yoy.csv,1,음식료품,0.8436491963276227,0.8436491963276227,6.6442472644841155,6.6442472644841155,SAME_ALL,COMPARABLE,S1,True,단일 후보·근접 분류,False,NOT_CONFIRMED,20260916T061849980743Z-d1794cbf,2026-09-16T06:18:49.980743+00:00,58499908a6af50344a1362c55c840a58cfd80d4373c7098c4c97a9e0271a573b,9eab0a418a59d45db45d451cd60b05233a7a4f1c756a49150fbd3e50c78ddd6a,changwon-transition-diagnosis-model/1.0.0,changwon-electre-pilot-v1,SCENARIO_REGISTERED,SCENARIO_REGISTERED,bef58985e0714e5a149bbbbf667ed271296f86fc1b7d056f18d3518723da70f0
음식료,2024Q4,219,18,969.0,913.0,56.0,6.133625410733834,1582.54,,,INVALID,,False,False,S1,,0.0,0.0,,0,False,False,False,False,0,False,False,False,False,0,False,False,False,False,INVALID,INVALID,INVALID,INVALID,INVALID,,PROD_YOY_MISSING,False,PROD_YOY_MISSING,2023Q4_PRODUCTION_SOURCE_MISSING,LAG4_FROM_2023Q4_SOURCE_MISSING,DATA_REVIEW,False,SINGLE_INDUSTRY_CATEGORY,56.0,False,0.0,-1.0,True,242.25,True,가동업체 수가 적어 개별 업체 수준 변화가 업종 집계에 크게 반영될 수 있음. 현재 집계자료만으로 업체 수 변화가 고용 변화의 원인이라고 판단할 수 없음.,4.0,5.0,7.0,-20.0,0,4,False,0.8457416167716935,1063.0,0.4816492976891708,True,5.268109125117592,8.549999559514056,47.450000440485944,88.47851549942274,op_rate_official,False,,MIXED_SOURCE_NOT_COMPUTED,,PPI_candidate_quarterly_yoy.csv,1,음식료품,,,,,NOT_COMPARABLE,NOMINAL_PRODUCTION_YOY_MISSING,,,단일 후보·근접 분류,False,NOT_CONFIRMED,20260916T061849980743Z-d1794cbf,2026-09-16T06:18:49.980743+00:00,58499908a6af50344a1362c55c840a58cfd80d4373c7098c4c97a9e0271a573b,9eab0a418a59d45db45d451cd60b05233a7a4f1c756a49150fbd3e50c78ddd6a,changwon-transition-diagnosis-model/1.0.0,changwon-electre-pilot-v1,SCENARIO_REGISTERED,SCENARIO_REGISTERED,bef58985e0714e5a149bbbbf667ed271296f86fc1b7d056f18d3518723da70f0
음식료,2025Q1,220,18,800.0,878.0,-78.0,-8.883826879271073,1341.71,1541.09,-12.937596117034044,S4,1.0,True,False,INVALID,S4->S4,78.0,8.883826879271073,12.937596117034044,1,False,True,False,False,1,False,True,False,False,1,False,True,False,False,S4,S4,S4,S4,STABLE_2_0,,COMPLETE,True,,,,ROUTABLE_S4,False,SINGLE_INDUSTRY_CATEGORY,-169.0,False,0.0,-1.0,True,200.0,True,가동업체 수가 적어 개별 업체 수준 변화가 업종 집계에 크게 반영될 수 있음. 현재 집계자료만으로 업체 수 변화가 고용 변화의 원인이라고 판단할 수 없음.,4.0,5.0,7.0,-20.0,1,4,True,0.6842870584210076,2918.0,0.498122226015705,True,-2.6730637422892394,22.475296512035932,-100.47529651203592,96.33323281494565,op_rate_official,False,,MIXED_SOURCE_NOT_COMPUTED,,PPI_candidate_quarterly_yoy.csv,1,음식료품,1.816980508754562,1.816980508754562,-14.491273019552919,-14.491273019552919,SAME_ALL,COMPARABLE,S4,True,단일 후보·근접 분류,False,NOT_CONFIRMED,20260916T061849980743Z-d1794cbf,2026-09-16T06:18:49.980743+00:00,58499908a6af50344a1362c55c840a58cfd80d4373c7098c4c97a9e0271a573b,9eab0a418a59d45db45d451cd60b05233a7a4f1c756a49150fbd3e50c78ddd6a,changwon-transition-diagnosis-model/1.0.0,changwon-electre-pilot-v1,SCENARIO_REGISTERED,SCENARIO_REGISTERED,bef58985e0714e5a149bbbbf667ed271296f86fc1b7d056f18d3518723da70f0
음식료,2025Q2,221,18,660.0,949.0,-289.0,-30.45310853530031,1310.92,1609.32,-18.541992891407546,S4,2.0,True,False,S4,S4->S4,289.0,30.45310853530031,18.541992891407546,2,False,True,False,False,2,False,True,False,False,2,False,True,False,False,S4,S4,S4,S4,STABLE_2_0,,COMPLETE,True,,,,ROUTABLE_S4,False,SINGLE_INDUSTRY_CATEGORY,-140.0,False,0.0,0.0,False,165.0,True,가동업체 수가 적어 개별 업체 수준 변화가 업종 집계에 크게 반영될 수 있음. 현재 집계자료만으로 업체 수 변화가 고용 변화의 원인이라고 판단할 수 없음.,4.0,4.0,7.0,0.0,2,4,False,0.5538678437757003,2863.0,0.3998044965786901,True,-10.094306671323785,23.362083938812887,-312.3620839388129,93.7322141,op_rate_official,False,4.647982859185504,SAME_SOURCE,True,PPI_candidate_quarterly_yoy.csv,1,음식료품,2.651296829971184,2.651296829971184,-20.645905483768722,-20.645905483768722,SAME_ALL,COMPARABLE,S4,True,단일 후보·근접 분류,False,NOT_CONFIRMED,20260916T061849980743Z-d1794cbf,2026-09-16T06:18:49.980743+00:00,58499908a6af50344a1362c55c840a58cfd80d4373c7098c4c97a9e0271a573b,9eab0a418a59d45db45d451cd60b05233a7a4f1c756a49150fbd3e50c78ddd6a,changwon-transition-diagnosis-model/1.0.0,changwon-electre-pilot-v1,SCENARIO_REGISTERED,SCENARIO_REGISTERED,bef58985e0714e5a149bbbbf667ed271296f86fc1b7d056f18d3518723da70f0
음식료,2025Q3,222,18,654.0,913.0,-259.0,-28.368017524644028,1352.63,1638.83,-17.463678355900235,S4,3.0,True,False,S4,S4->S4,259.0,28.368017524644028,17.463678355900235,3,False,True,False,False,3,False,True,False,False,3,False,True,False,False,S4,S4,S4,S4,STABLE_2_0,,COMPLETE,True,,,,ROUTABLE_S4,False,SINGLE_INDUSTRY_CATEGORY,-6.0,False,0.0,0.0,False,163.5,True,가동업체 수가 적어 개별 업체 수준 변화가 업종 집계에 크게 반영될 수 있음. 현재 집계자료만으로 업체 수 변화가 고용 변화의 원인이라고 판단할 수 없음.,4.0,4.0,7.0,0.0,3,4,False,0.5607284325325377,202.0,0.04713019132057863,False,,1.583980349044936,-260.58398034904496,93.89482014,op_rate_official,False,6.022604635030859,SAME_SOURCE,True,PPI_candidate_quarterly_yoy.csv,1,음식료품,3.0155562238565192,3.0155562238565192,-19.879749554770775,-19.879749554770775,SAME_ALL,COMPARABLE,S4,True,단일 후보·근접 분류,False,NOT_CONFIRMED,20260916T061849980743Z-d1794cbf,2026-09-16T06:18:49.980743+00:00,58499908a6af50344a1362c55c840a58cfd80d4373c7098c4c97a9e0271a573b,9eab0a418a59d45db45d451cd60b05233a7a4f1c756a49150fbd3e50c78ddd6a,changwon-transition-diagnosis-model/1.0.0,changwon-electre-pilot-v1,SCENARIO_REGISTERED,SCENARIO_REGISTERED,bef58985e0714e5a149bbbbf667ed271296f86fc1b7d056f18d3518723da70f0
음식료,2025Q4,223,18,653.0,969.0,-316.0,-32.6109391124871,1340.59,1582.54,-15.288713081501893,S4,4.0,True,False,S4,S4->S2,316.0,32.6109391124871,15.288713081501893,4,False,True,False,False,4,False,True,False,False,4,False,True,False,False,S4,S4,S4,S4,STABLE_2_0,,COMPLETE,True,,,,ROUTABLE_S4,False,SINGLE_INDUSTRY_CATEGORY,-1.0,False,0.0,0.0,False,163.25,True,가동업체 수가 적어 개별 업체 수준 변화가 업종 집계에 크게 반영될 수 있음. 현재 집계자료만으로 업체 수 변화가 고용 변화의 원인이라고 판단할 수 없음.,4.0,4.0,7.0,0.0,4,4,False,0.5656275173889318,873.0,0.13470143496374015,False,,7.383324314416884,-323.3833243144169,93.84073696,op_rate_official,False,5.36222146057726,SAME_SOURCE,True,PPI_candidate_quarterly_yoy.csv,1,음식료품,2.6742919389978197,2.6742919389978197,-17.495134060600215,-17.495134060600215,SAME_ALL,COMPARABLE,S4,True,단일 후보·근접 분류,False,NOT_CONFIRMED,20260916T061849980743Z-d1794cbf,2026-09-16T06:18:49.980743+00:00,58499908a6af50344a1362c55c840a58cfd80d4373c7098c4c97a9e0271a573b,9eab0a418a59d45db45d451cd60b05233a7a4f1c756a49150fbd3e50c78ddd6a,changwon-transition-diagnosis-model/1.0.0,changwon-electre-pilot-v1,SCENARIO_REGISTERED,SCENARIO_REGISTERED,bef58985e0714e5a149bbbbf667ed271296f86fc1b7d056f18d3518723da70f0
음식료,2026Q1,224,18,628.0,800.0,-172.0,-21.5,1386.89,1341.71,3.367344657191196,S2,1.0,False,True,S4,S2->S2,172.0,21.5,0.0,5,False,True,False,False,5,False,True,False,False,5,False,True,False,False,S2,S2,S2,S2,STABLE_2_0,,COMPLETE,True,,,,ROUTABLE_S2,False,SINGLE_INDUSTRY_CATEGORY,-25.0,False,0.0,0.0,False,157.0,True,가동업체 수가 적어 개별 업체 수준 변화가 업종 집계에 크게 반영될 수 있음. 현재 집계자료만으로 업체 수 변화가 고용 변화의 원인이라고 판단할 수 없음.,4.0,4.0,7.0,0.0,4,4,False,0.5463482535125495,-1965.0,0.978098556495769,True,8.753180661577609,-13.446240697972799,-158.5537593020272,94.4992573009362,op_rate_official,False,-1.8339755140094525,SAME_SOURCE,True,PPI_candidate_quarterly_yoy.csv,1,음식료품,1.862967769846402,1.862967769846402,1.4768633982310986,1.4768633982310986,SAME_ALL,COMPARABLE,S2,True,단일 후보·근접 분류,False,NOT_CONFIRMED,20260916T061849980743Z-d1794cbf,2026-09-16T06:18:49.980743+00:00,58499908a6af50344a1362c55c840a58cfd80d4373c7098c4c97a9e0271a573b,9eab0a418a59d45db45d451cd60b05233a7a4f1c756a49150fbd3e50c78ddd6a,changwon-transition-diagnosis-model/1.0.0,changwon-electre-pilot-v1,SCENARIO_REGISTERED,SCENARIO_REGISTERED,bef58985e0714e5a149bbbbf667ed271296f86fc1b7d056f18d3518723da70f0
음식료,2026Q2,225,18,635.0,660.0,-25.0,-3.787878787878785,1322.37,1310.92,0.8734323986208103,S2,2.0,False,True,S2,,25.0,3.787878787878785,0.0,6,False,True,False,False,6,False,True,False,False,6,False,True,False,False,S2,S2,N,N,SENSITIVE_1_0,1.0,COMPLETE,True,,,,ROUTABLE_S2,False,SINGLE_INDUSTRY_CATEGORY,7.0,True,0.0,0.0,False,158.75,True,가동업체 수가 적어 개별 업체 수준 변화가 업종 집계에 크게 반영될 수 있음. 현재 집계자료만으로 업체 수 변화가 고용 변화의 원인이라고 판단할 수 없음.,4.0,4.0,7.0,0.0,4,4,False,0.5529913785596099,-4332.0,0.9648106904231626,True,0.577100646352724,-23.99355499236334,-1.0064450076366604,92.30430958663148,op_rate_official,False,-1.4279045133685173,SAME_SOURCE,True,PPI_candidate_quarterly_yoy.csv,1,음식료품,1.6657308628111656,1.6657308628111656,-0.7793171381018205,-0.7793171381018205,OPPOSITE_ALL,COMPARABLE,S4,True,단일 후보·근접 분류,False,NOT_CONFIRMED,20260916T061849980743Z-d1794cbf,2026-09-16T06:18:49.980743+00:00,58499908a6af50344a1362c55c840a58cfd80d4373c7098c4c97a9e0271a573b,9eab0a418a59d45db45d451cd60b05233a7a4f1c756a49150fbd3e50c78ddd6a,changwon-transition-diagnosis-model/1.0.0,changwon-electre-pilot-v1,SCENARIO_REGISTERED,SCENARIO_REGISTERED,bef58985e0714e5a149bbbbf667ed271296f86fc1b7d056f18d3518723da70f0
전기전자,2022Q1,208,18,27459.0,24654.0,2805.0,11.377464103188116,31403.87944,24992.083839,25.655306065332702,S1,1.0,True,False,,S1->S1,0.0,0.0,0.0,0,False,False,False,False,0,False,False,False,False,0,False,False,False,False,S1,S1,S1,S1,STABLE_2_0,,COMPLETE,True,,,,ROUTABLE_S1,False,SINGLE_INDUSTRY_CATEGORY,,,,11.0,True,51.03903345724907,False,,538.0,527.0,567.0,2.0872865275142205,0,1,,23.410404624277454,280.0,0.04953998584571833,False,,58.99396653391902,2746.006033466081,87.793593,op_rate_approx,True,10.14874184,SAME_SOURCE,False,PPI_candidate_quarterly_yoy.csv,2,전기장비; 컴퓨터전자및광학기기,0.8892133116560119,7.723630203922083,16.646000350587652,24.547810356268673,SAME_ALL,COMPARABLE,S1,True,복수 후보·범위 제시,False,NOT_CONFIRMED,20260916T061849980743Z-d1794cbf,2026-09-16T06:18:49.980743+00:00,58499908a6af50344a1362c55c840a58cfd80d4373c7098c4c97a9e0271a573b,9eab0a418a59d45db45d451cd60b05233a7a4f1c756a49150fbd3e50c78ddd6a,changwon-transition-diagnosis-model/1.0.0,changwon-electre-pilot-v1,SCENARIO_REGISTERED,SCENARIO_REGISTERED,bef58985e0714e5a149bbbbf667ed271296f86fc1b7d056f18d3518723da70f0
전기전자,2022Q2,209,18,27441.0,24671.0,2770.0,11.227757285882213,30777.93363,25849.345404,19.06658814361053,S1,2.0,True,False,S1,S1->S1,0.0,0.0,0.0,0,False,False,False,False,0,False,False,False,False,0,False,False,False,False,S1,S1,S1,S1,STABLE_2_0,,COMPLETE,True,,,,ROUTABLE_S1,False,SINGLE_INDUSTRY_CATEGORY,-18.0,False,7.0,6.0,True,50.35045871559633,False,,545.0,539.0,571.0,1.1131725417439675,0,2,False,23.484355744214707,-70.0,0.011990407673860911,False,,-14.770779520689713,2784.7707795206898,76.10766722,op_rate_approx,True,-1.8344229900000073,SAME_SOURCE,True,PPI_candidate_quarterly_yoy.csv,2,전기장비; 컴퓨터전자및광학기기,-2.715763023098461,6.558622436059758,11.738107552071764,22.390421967210195,SAME_ALL,COMPARABLE,S1,True,복수 후보·범위 제시,False,NOT_CONFIRMED,20260916T061849980743Z-d1794cbf,2026-09-16T06:18:49.980743+00:00,58499908a6af50344a1362c55c840a58cfd80d4373c7098c4c97a9e0271a573b,9eab0a418a59d45db45d451cd60b05233a7a4f1c756a49150fbd3e50c78ddd6a,changwon-transition-diagnosis-model/1.0.0,changwon-electre-pilot-v1,SCENARIO_REGISTERED,SCENARIO_REGISTERED,bef58985e0714e5a149bbbbf667ed271296f86fc1b7d056f18d3518723da70f0
전기전자,2022Q3,210,18,26880.0,24641.0,2239.0,9.08648187979384,30343.6995,26665.911161,13.792097021529548,S1,3.0,True,False,S1,S1->S4,0.0,0.0,0.0,0,False,False,False,False,0,False,False,False,False,0,False,False,False,False,S1,S1,S1,S1,STABLE_2_0,,COMPLETE,True,,,,ROUTABLE_S1,False,SINGLE_INDUSTRY_CATEGORY,-561.0,False,-3.0,0.0,False,49.59409594095941,False,,542.0,542.0,570.0,0.0,0,3,False,23.236715393459487,-266.0,0.05453054530545305,False,,-56.53116563888051,2295.5311656388803,80.67564574,op_rate_approx,True,-2.6914472300000085,SAME_SOURCE,True,PPI_candidate_quarterly_yoy.csv,2,전기장비; 컴퓨터전자및광학기기,-3.46510806384277,6.588635076458371,6.758189501070144,17.876650337771416,SAME_ALL,COMPARABLE,S1,True,복수 후보·범위 제시,False,NOT_CONFIRMED,20260916T061849980743Z-d1794cbf,2026-09-16T06:18:49.980743+00:00,58499908a6af50344a1362c55c840a58cfd80d4373c7098c4c97a9e0271a573b,9eab0a418a59d45db45d451cd60b05233a7a4f1c756a49150fbd3e50c78ddd6a,changwon-transition-diagnosis-model/1.0.0,changwon-electre-pilot-v1,SCENARIO_REGISTERED,SCENARIO_REGISTERED,bef58985e0714e5a149bbbbf667ed271296f86fc1b7d056f18d3518723da70f0
전기전자,2022Q4,211,18,24311.0,25019.0,-708.0,-2.82984931452096,26050.990760750003,28240.524192,-7.753161436961752,S4,1.0,False,False,S1,S4->S1,708.0,2.82984931452096,7.753161436961752,1,False,False,False,False,1,False,False,False,False,1,False,False,False,False,S4,S4,S4,S4,STABLE_2_0,,COMPLETE,True,,,,ROUTABLE_S4,False,SINGLE_INDUSTRY_CATEGORY,-2569.0,False,3.0,2.0,True,44.607339449541286,False,,545.0,543.0,570.0,0.3683241252302016,1,4,True,21.641903981910925,-3381.0,0.7354796606482489,True,20.940550133096718,-731.019919802271,23.019919802271033,79.32264643075656,op_rate_approx,True,-3.0424340392434317,SAME_SOURCE,False,PPI_candidate_quarterly_yoy.csv,2,전기장비; 컴퓨터전자및광학기기,-3.453106166726383,7.131335690799689,-13.893691357233495,-4.453851490718197,SAME_ALL,COMPARABLE,S4,True,복수 후보·범위 제시,False,NOT_CONFIRMED,20260916T061849980743Z-d1794cbf,2026-09-16T06:18:49.980743+00:00,58499908a6af50344a1362c55c840a58cfd80d4373c7098c4c97a9e0271a573b,9eab0a418a59d45db45d451cd60b05233a7a4f1c756a49150fbd3e50c78ddd6a,changwon-transition-diagnosis-model/1.0.0,changwon-electre-pilot-v1,SCENARIO_REGISTERED,SCENARIO_REGISTERED,bef58985e0714e5a149bbbbf667ed271296f86fc1b7d056f18d3518723da70f0
전기전자,2023Q1,212,18,28812.0,27459.0,1353.0,4.927346225281326,32541.05698775,31403.87944,3.621137158938215,S1,1.0,False,True,S4,S1->S1,0.0,0.0,0.0,0,False,False,False,False,0,False,False,False,False,0,False,False,False,False,S1,S1,S1,S1,STABLE_2_0,,COMPLETE,True,,,,ROUTABLE_S1,False,SINGLE_INDUSTRY_CATEGORY,4501.0,False,-1.0,6.0,True,52.963235294117645,False,,544.0,538.0,577.0,1.1152416356877248,1,4,False,25.33524440966207,-3571.0,0.3711672383328136,True,-37.88854662559507,-835.985549132948,2188.985549132948,75.42965424181767,op_rate_approx,True,-12.363938758182329,SAME_SOURCE,True,PPI_candidate_quarterly_yoy.csv,2,전기장비; 컴퓨터전자및광학기기,-5.725655276745489,6.728355861985547,-2.911333804359728,9.914460252279156,CANDIDATE_DEPENDENT,COMPARABLE,S1|S3,False,복수 후보·범위 제시,False,NOT_CONFIRMED,20260916T061849980743Z-d1794cbf,2026-09-16T06:18:49.980743+00:00,58499908a6af50344a1362c55c840a58cfd80d4373c7098c4c97a9e0271a573b,9eab0a418a59d45db45d451cd60b05233a7a4f1c756a49150fbd3e50c78ddd6a,changwon-transition-diagnosis-model/1.0.0,changwon-electre-pilot-v1,SCENARIO_REGISTERED,SCENARIO_REGISTERED,bef58985e0714e5a149bbbbf667ed271296f86fc1b7d056f18d3518723da70f0
전기전자,2023Q2,213,18,28674.0,27441.0,1233.0,4.493276484093145,33166.19101575,30777.93363,7.759641743531831,S1,2.0,False,True,S1,S1->S1,0.0,0.0,0.0,0,False,False,False,False,0,False,False,False,False,0,False,False,False,False,S1,S1,S1,S1,STABLE_2_0,,COMPLETE,True,,,,ROUTABLE_S1,False,SINGLE_INDUSTRY_CATEGORY,-138.0,False,10.0,9.0,True,51.75812274368231,False,,554.0,545.0,587.0,1.6513761467889854,1,4,False,25.294636556104443,-3488.0,0.42966247844296623,True,-35.34977064220183,-819.1343283582089,2052.134328358209,75.13633064590066,op_rate_approx,True,-0.9713365740993396,SAME_SOURCE,True,PPI_candidate_quarterly_yoy.csv,2,전기장비; 컴퓨터전자및광학기기,-5.88118418438307,5.284576996197732,2.3508331589948694,14.49319757128893,SAME_ALL,COMPARABLE,S1,True,복수 후보·범위 제시,False,NOT_CONFIRMED,20260916T061849980743Z-d1794cbf,2026-09-16T06:18:49.980743+00:00,58499908a6af50344a1362c55c840a58cfd80d4373c7098c4c97a9e0271a573b,9eab0a418a59d45db45d451cd60b05233a7a4f1c756a49150fbd3e50c78ddd6a,changwon-transition-diagnosis-model/1.0.0,changwon-electre-pilot-v1,SCENARIO_REGISTERED,SCENARIO_REGISTERED,bef58985e0714e5a149bbbbf667ed271296f86fc1b7d056f18d3518723da70f0
전기전자,2023Q3,214,18,28830.0,26880.0,1950.0,7.254464285714279,34407.77379875,30343.6995,13.393470030739008,S1,3.0,False,True,S1,,0.0,0.0,0.0,0,False,False,False,False,0,False,False,False,False,0,False,False,False,False,S1,S1,S1,S1,STABLE_2_0,,COMPLETE,True,,,,ROUTABLE_S1,False,SINGLE_INDUSTRY_CATEGORY,156.0,False,1.0,13.0,True,51.945945945945944,False,,555.0,542.0,589.0,2.398523985239853,1,4,False,25.403566896940642,-2191.0,0.2515210653197107,False,,-509.11643427069737,2459.1164342706975,75.64661996273509,op_rate_approx,True,-5.029025777264906,SAME_SOURCE,True,PPI_candidate_quarterly_yoy.csv,2,전기장비; 컴퓨터전자및광학기기,-5.7584830339321496,5.871413390010627,7.104898668933912,20.3222037178868,SAME_ALL,COMPARABLE,S1,True,복수 후보·범위 제시,False,NOT_CONFIRMED,20260916T061849980743Z-d1794cbf,2026-09-16T06:18:49.980743+00:00,58499908a6af50344a1362c55c840a58cfd80d4373c7098c4c97a9e0271a573b,9eab0a418a59d45db45d451cd60b05233a7a4f1c756a49150fbd3e50c78ddd6a,changwon-transition-diagnosis-model/1.0.0,changwon-electre-pilot-v1,SCENARIO_REGISTERED,SCENARIO_REGISTERED,bef58985e0714e5a149bbbbf667ed271296f86fc1b7d056f18d3518723da70f0
전기전자,2023Q4,215,18,28777.0,24311.0,4466.0,18.370285056147416,,26050.990760750003,,INVALID,,False,False,S1,,0.0,0.0,,0,False,False,False,False,0,False,False,False,False,0,False,False,False,False,INVALID,INVALID,INVALID,INVALID,INVALID,,PROD_YOY_MISSING,False,PROD_YOY_MISSING,2023Q4_PRODUCTION_SOURCE_MISSING,,DATA_REVIEW,False,SINGLE_INDUSTRY_CATEGORY,-53.0,False,4.0,14.0,True,51.47942754919499,False,,559.0,545.0,592.0,2.5688073394495303,0,4,False,25.35172802635868,1178.0,0.12379150903741068,False,,254.94162890691072,4211.05837109309,75.58760597291217,op_rate_approx,True,-3.7350404578443914,SAME_SOURCE,,PPI_candidate_quarterly_yoy.csv,2,전기장비; 컴퓨터전자및광학기기,,,,,NOT_COMPARABLE,NOMINAL_PRODUCTION_YOY_MISSING,,,복수 후보·범위 제시,False,NOT_CONFIRMED,20260916T061849980743Z-d1794cbf,2026-09-16T06:18:49.980743+00:00,58499908a6af50344a1362c55c840a58cfd80d4373c7098c4c97a9e0271a573b,9eab0a418a59d45db45d451cd60b05233a7a4f1c756a49150fbd3e50c78ddd6a,changwon-transition-diagnosis-model/1.0.0,changwon-electre-pilot-v1,SCENARIO_REGISTERED,SCENARIO_REGISTERED,bef58985e0714e5a149bbbbf667ed271296f86fc1b7d056f18d3518723da70f0
전기전자,2024Q1,216,18,29221.0,28812.0,409.0,1.4195474108010586,35508.87570375001,32541.05698775,9.120228384459782,S1,1.0,True,False,INVALID,S1->S1,0.0,0.0,0.0,0,False,False,False,False,0,False,False,False,False,0,False,False,False,False,S1,S1,S1,N,SENSITIVE_2_0,2.0,COMPLETE,True,,,,ROUTABLE_S1,False,SINGLE_INDUSTRY_CATEGORY,444.0,False,-3.0,12.0,True,52.555755395683455,False,,556.0,544.0,593.0,2.2058823529411686,0,4,False,25.634255035441083,269.0,0.2506989748369059,False,,68.15180746199097,340.848192538009,74.82780376119773,op_rate_approx,True,-0.6018504806199445,SAME_SOURCE,True,PPI_candidate_quarterly_yoy.csv,2,전기장비; 컴퓨터전자및광학기기,0.6279215795716331,4.026180087266962,4.89689066052359,8.439314527800178,SAME_ALL,COMPARABLE,S1,True,복수 후보·범위 제시,False,NOT_CONFIRMED,20260916T061849980743Z-d1794cbf,2026-09-16T06:18:49.980743+00:00,58499908a6af50344a1362c55c840a58cfd80d4373c7098c4c97a9e0271a573b,9eab0a418a59d45db45d451cd60b05233a7a4f1c756a49150fbd3e50c78ddd6a,changwon-transition-diagnosis-model/1.0.0,changwon-electre-pilot-v1,SCENARIO_REGISTERED,SCENARIO_REGISTERED,bef58985e0714e5a149bbbbf667ed271296f86fc1b7d056f18d3518723da70f0
전기전자,2024Q2,217,18,29445.0,28674.0,771.0,2.688847039129527,34875.72381375001,33166.19101575,5.154444166314365,S1,2.0,True,False,S1,S1->S3,0.0,0.0,0.0,0,False,False,False,False,0,False,False,False,False,0,False,False,False,False,S1,S1,S1,S1,STABLE_2_0,,COMPLETE,True,,,,ROUTABLE_S1,False,SINGLE_INDUSTRY_CATEGORY,224.0,False,6.0,8.0,True,52.3932384341637,False,,562.0,554.0,615.0,1.4440433212996373,0,4,False,25.31836043302178,2939.0,0.9702872235061076,True,26.23341272541681,743.4093683839096,27.590631616090377,75.62382840608421,op_rate_official,False,,MIXED_SOURCE_NOT_COMPUTED,,PPI_candidate_quarterly_yoy.csv,2,전기장비; 컴퓨터전자및광학기기,3.2932235592146863,6.3228282030302285,-1.0989023302547585,1.8018806490560424,CANDIDATE_DEPENDENT,COMPARABLE,S1|S3,False,복수 후보·범위 제시,False,NOT_CONFIRMED,20260916T061849980743Z-d1794cbf,2026-09-16T06:18:49.980743+00:00,58499908a6af50344a1362c55c840a58cfd80d4373c7098c4c97a9e0271a573b,9eab0a418a59d45db45d451cd60b05233a7a4f1c756a49150fbd3e50c78ddd6a,changwon-transition-diagnosis-model/1.0.0,changwon-electre-pilot-v1,SCENARIO_REGISTERED,SCENARIO_REGISTERED,bef58985e0714e5a149bbbbf667ed271296f86fc1b7d056f18d3518723da70f0
전기전자,2024Q3,218,18,29232.0,28830.0,402.0,1.3943808532778323,33573.62280075,34407.77379875,-2.424309700705773,S3,1.0,False,True,S1,,0.0,0.0,2.424309700705773,0,False,False,False,False,0,False,False,False,False,0,False,False,False,False,S3,S3,S3,N,SENSITIVE_2_0,2.0,COMPLETE,True,,,,ROUTABLE_S3,False,SINGLE_INDUSTRY_CATEGORY,-213.0,False,12.0,19.0,True,50.926829268292686,False,,574.0,555.0,624.0,3.423423423423433,0,4,False,25.106499931290365,2944.0,0.9602087410306588,True,13.654891304347828,747.8810094459326,-345.8810094459326,74.87957485472695,op_rate_official,False,,MIXED_SOURCE_NOT_COMPUTED,,PPI_candidate_quarterly_yoy.csv,2,전기장비; 컴퓨터전자및광학기기,3.77704825443892,4.112644639620799,-6.278732389282604,-5.975654597479307,SAME_ALL,COMPARABLE,S3,True,복수 후보·범위 제시,False,NOT_CONFIRMED,20260916T061849980743Z-d1794cbf,2026-09-16T06:18:49.980743+00:00,58499908a6af50344a1362c55c840a58cfd80d4373c7098c4c97a9e0271a573b,9eab0a418a59d45db45d451cd60b05233a7a4f1c756a49150fbd3e50c78ddd6a,changwon-transition-diagnosis-model/1.0.0,changwon-electre-pilot-v1,SCENARIO_REGISTERED,SCENARIO_REGISTERED,bef58985e0714e5a149bbbbf667ed271296f86fc1b7d056f18d3518723da70f0
전기전자,2024Q4,219,18,29392.0,28777.0,615.0,2.137123397157459,34606.54549375001,,,INVALID,,False,False,S3,,0.0,0.0,,0,False,False,False,False,0,False,False,False,False,0,False,False,False,False,INVALID,INVALID,INVALID,INVALID,INVALID,,PROD_YOY_MISSING,False,PROD_YOY_MISSING,2023Q4_PRODUCTION_SOURCE_MISSING,LAG4_FROM_2023Q4_SOURCE_MISSING,DATA_REVIEW,False,SINGLE_INDUSTRY_CATEGORY,160.0,False,6.0,21.0,True,50.675862068965515,False,,580.0,559.0,634.0,3.75670840787119,0,4,False,25.65328957704191,1063.0,0.4816492976891708,True,57.85512699905927,269.4888689201927,345.5111310798073,71.1807665205039,op_rate_official,False,,MIXED_SOURCE_NOT_COMPUTED,,PPI_candidate_quarterly_yoy.csv,2,전기장비; 컴퓨터전자및광학기기,,,,,NOT_COMPARABLE,NOMINAL_PRODUCTION_YOY_MISSING,,,복수 후보·범위 제시,False,NOT_CONFIRMED,20260916T061849980743Z-d1794cbf,2026-09-16T06:18:49.980743+00:00,58499908a6af50344a1362c55c840a58cfd80d4373c7098c4c97a9e0271a573b,9eab0a418a59d45db45d451cd60b05233a7a4f1c756a49150fbd3e50c78ddd6a,changwon-transition-diagnosis-model/1.0.0,changwon-electre-pilot-v1,SCENARIO_REGISTERED,SCENARIO_REGISTERED,bef58985e0714e5a149bbbbf667ed271296f86fc1b7d056f18d3518723da70f0
전기전자,2025Q1,220,18,28314.0,29221.0,-907.0,-3.1039321036241074,37044.858888888906,35508.87570375001,4.325631703897304,S2,1.0,True,False,INVALID,S2->S4,907.0,3.1039321036241074,0.0,1,False,True,False,False,1,False,False,False,False,1,False,False,False,False,S2,S2,S2,S2,STABLE_2_0,,COMPLETE,True,,,,ROUTABLE_S2,False,SINGLE_INDUSTRY_CATEGORY,-1078.0,False,-7.0,17.0,True,49.41361256544503,False,,573.0,556.0,633.0,3.057553956834536,1,4,True,24.218629715165513,2918.0,0.498122226015705,True,-31.08293351610692,748.0075619341708,-1655.0075619341708,79.32350370517987,op_rate_official,False,,MIXED_SOURCE_NOT_COMPUTED,,PPI_candidate_quarterly_yoy.csv,2,전기장비; 컴퓨터전자및광학기기,1.951743742633294,3.151300558354908,1.138455006563932,2.3284427260573892,SAME_ALL,COMPARABLE,S2,True,복수 후보·범위 제시,False,NOT_CONFIRMED,20260916T061849980743Z-d1794cbf,2026-09-16T06:18:49.980743+00:00,58499908a6af50344a1362c55c840a58cfd80d4373c7098c4c97a9e0271a573b,9eab0a418a59d45db45d451cd60b05233a7a4f1c756a49150fbd3e50c78ddd6a,changwon-transition-diagnosis-model/1.0.0,changwon-electre-pilot-v1,SCENARIO_REGISTERED,SCENARIO_REGISTERED,bef58985e0714e5a149bbbbf667ed271296f86fc1b7d056f18d3518723da70f0
전기전자,2025Q2,221,18,28095.0,29445.0,-1350.0,-4.584819154355579,33655.73,34875.72381375001,-3.498117545216406,S4,1.0,False,False,S2,S4->S4,1350.0,4.584819154355579,3.498117545216406,2,False,True,False,False,2,False,False,False,False,2,False,False,False,False,S4,S4,S4,S4,STABLE_2_0,,COMPLETE,True,,,,ROUTABLE_S4,False,SINGLE_INDUSTRY_CATEGORY,-219.0,False,-2.0,9.0,True,49.20315236427321,False,,571.0,562.0,639.0,1.6014234875444844,2,4,False,23.577147077088334,2863.0,0.3998044965786901,True,-47.15333566189312,724.8646591974136,-2074.864659197414,77.02966456,op_rate_official,False,1.4058361539157858,SAME_SOURCE,True,PPI_candidate_quarterly_yoy.csv,2,전기장비; 컴퓨터전자및광학기기,-0.7698072075754459,-0.0159218766585533,-3.4827501877470746,-2.7494760020754905,SAME_ALL,COMPARABLE,S4,True,복수 후보·범위 제시,False,NOT_CONFIRMED,20260916T061849980743Z-d1794cbf,2026-09-16T06:18:49.980743+00:00,58499908a6af50344a1362c55c840a58cfd80d4373c7098c4c97a9e0271a573b,9eab0a418a59d45db45d451cd60b05233a7a4f1c756a49150fbd3e50c78ddd6a,changwon-transition-diagnosis-model/1.0.0,changwon-electre-pilot-v1,SCENARIO_REGISTERED,SCENARIO_REGISTERED,bef58985e0714e5a149bbbbf667ed271296f86fc1b7d056f18d3518723da70f0
전기전자,2025Q3,222,18,28099.0,29232.0,-1133.0,-3.875889436234259,33382.45889,33573.62280075,-0.5693871998398992,S4,2.0,False,False,S4,S4->S2,1133.0,3.875889436234259,0.5693871998398992,3,False,True,False,False,3,False,False,False,False,3,False,False,False,False,S4,S4,N,N,SENSITIVE_1_0,1.0,COMPLETE,True,,,,ROUTABLE_S4,False,SINGLE_INDUSTRY_CATEGORY,4.0,True,1.0,-2.0,True,49.12412587412587,False,,572.0,574.0,634.0,-0.348432055749126,3,4,False,24.091602791638802,202.0,0.04713019132057863,False,,50.71512986120654,-1183.7151298612066,76.23409537,op_rate_official,False,1.3545205152730517,SAME_SOURCE,True,PPI_candidate_quarterly_yoy.csv,2,전기장비; 컴퓨터전자및광학기기,-0.9183985849859022,0.4686663095875731,-1.0332111966419255,0.3522464112021506,CANDIDATE_DEPENDENT,COMPARABLE,S2|S4,False,복수 후보·범위 제시,False,NOT_CONFIRMED,20260916T061849980743Z-d1794cbf,2026-09-16T06:18:49.980743+00:00,58499908a6af50344a1362c55c840a58cfd80d4373c7098c4c97a9e0271a573b,9eab0a418a59d45db45d451cd60b05233a7a4f1c756a49150fbd3e50c78ddd6a,changwon-transition-diagnosis-model/1.0.0,changwon-electre-pilot-v1,SCENARIO_REGISTERED,SCENARIO_REGISTERED,bef58985e0714e5a149bbbbf667ed271296f86fc1b7d056f18d3518723da70f0
전기전자,2025Q4,223,18,28002.0,29392.0,-1390.0,-4.729178007621126,34806.42444,34606.54549375001,0.5775755522494652,S2,1.0,False,False,S4,S2->S4,1390.0,4.729178007621126,0.0,4,False,True,False,False,4,False,False,False,False,4,False,False,False,False,S2,S2,N,N,SENSITIVE_1_0,1.0,COMPLETE,True,,,,ROUTABLE_S2,False,SINGLE_INDUSTRY_CATEGORY,-97.0,False,7.0,-1.0,True,48.362694300518136,False,,579.0,580.0,645.0,-0.172413793103443,4,4,False,24.25528597538264,873.0,0.13470143496374015,False,,223.95321800757588,-1613.953218007576,77.90497477,op_rate_official,False,6.724208249496101,SAME_SOURCE,False,PPI_candidate_quarterly_yoy.csv,2,전기장비; 컴퓨터전자및광학기기,2.4721977758220604,5.868649148651883,-4.997771898433445,-1.848913426954546,OPPOSITE_ALL,COMPARABLE,S4,True,복수 후보·범위 제시,False,NOT_CONFIRMED,20260916T061849980743Z-d1794cbf,2026-09-16T06:18:49.980743+00:00,58499908a6af50344a1362c55c840a58cfd80d4373c7098c4c97a9e0271a573b,9eab0a418a59d45db45d451cd60b05233a7a4f1c756a49150fbd3e50c78ddd6a,changwon-transition-diagnosis-model/1.0.0,changwon-electre-pilot-v1,SCENARIO_REGISTERED,SCENARIO_REGISTERED,bef58985e0714e5a149bbbbf667ed271296f86fc1b7d056f18d3518723da70f0
전기전자,2026Q1,224,18,27944.0,28314.0,-370.0,-1.3067740340467648,34433.41222222222,37044.858888888906,-7.049417233574484,S4,1.0,False,False,S2,S4->S2,370.0,1.3067740340467648,7.049417233574484,5,False,True,False,False,5,False,False,False,False,5,False,False,False,False,S4,S4,S4,N,SENSITIVE_2_0,2.0,COMPLETE,True,,,,ROUTABLE_S4,False,SINGLE_INDUSTRY_CATEGORY,-58.0,False,10.0,16.0,True,47.44312393887946,False,,589.0,573.0,647.0,2.7923211169284423,4,4,False,24.310757318717645,-1965.0,0.978098556495769,True,18.829516539440203,-475.89607390300233,105.89607390300233,76.60542630167004,op_rate_official,False,-2.718077403509838,SAME_SOURCE,False,PPI_candidate_quarterly_yoy.csv,2,전기장비; 컴퓨터전자및광학기기,4.1217786227292,10.955829848005694,-16.227400674885583,-10.728971406434539,SAME_ALL,COMPARABLE,S4,True,복수 후보·범위 제시,False,NOT_CONFIRMED,20260916T061849980743Z-d1794cbf,2026-09-16T06:18:49.980743+00:00,58499908a6af50344a1362c55c840a58cfd80d4373c7098c4c97a9e0271a573b,9eab0a418a59d45db45d451cd60b05233a7a4f1c756a49150fbd3e50c78ddd6a,changwon-transition-diagnosis-model/1.0.0,changwon-electre-pilot-v1,SCENARIO_REGISTERED,SCENARIO_REGISTERED,bef58985e0714e5a149bbbbf667ed271296f86fc1b7d056f18d3518723da70f0
전기전자,2026Q2,225,18,27979.0,28095.0,-116.0,-0.4128848549563968,34563.72,33655.73,2.697876409158262,S2,1.0,False,True,S4,,116.0,0.4128848549563968,0.0,6,False,True,False,False,0,False,False,False,False,0,False,False,False,False,S2,N,N,N,SENSITIVE_0_5,0.5,COMPLETE,True,,,,ROUTABLE_S2,False,SINGLE_INDUSTRY_CATEGORY,35.0,True,1.0,19.0,True,47.42203389830509,False,,590.0,571.0,651.0,3.327495621716281,4,4,False,24.365583906644606,-4332.0,0.9648106904231626,True,2.677746999076639,-1021.3620113794666,905.3620113794666,76.6519761263072,op_rate_official,False,-0.37768843369279637,SAME_SOURCE,True,PPI_candidate_quarterly_yoy.csv,2,전기장비; 컴퓨터전자및광학기기,8.291310579117805,20.983797885486744,-15.114355637633746,-5.165173585994209,OPPOSITE_ALL,COMPARABLE,S4,True,복수 후보·범위 제시,False,NOT_CONFIRMED,20260916T061849980743Z-d1794cbf,2026-09-16T06:18:49.980743+00:00,58499908a6af50344a1362c55c840a58cfd80d4373c7098c4c97a9e0271a573b,9eab0a418a59d45db45d451cd60b05233a7a4f1c756a49150fbd3e50c78ddd6a,changwon-transition-diagnosis-model/1.0.0,changwon-electre-pilot-v1,SCENARIO_REGISTERED,SCENARIO_REGISTERED,bef58985e0714e5a149bbbbf667ed271296f86fc1b7d056f18d3518723da70f0
철강,2022Q1,208,18,9525.0,9404.0,121.0,1.286686516376001,18189.790001,13751.96,32.270527263022885,S1,1.0,True,False,,S1->S1,0.0,0.0,0.0,0,False,False,False,False,0,False,False,False,False,0,False,False,False,False,S1,S1,S1,N,SENSITIVE_2_0,2.0,COMPLETE,True,,,,ROUTABLE_S1,False,SINGLE_INDUSTRY_CATEGORY,,,,2.0,True,127.0,False,,75.0,73.0,79.0,2.7397260273972712,0,1,,8.120619980561665,280.0,0.04953998584571833,False,,22.502606525714874,98.49739347428513,85.41205661,op_rate_approx,True,6.038465919999993,SAME_SOURCE,False,PPI_candidate_quarterly_yoy.csv,1,철강1차제품,36.02084232595424,36.02084232595424,-2.7571620634022187,-2.7571620634022187,OPPOSITE_ALL,COMPARABLE,S3,True,단일 후보·분류단계 민감,False,NOT_CONFIRMED,20260916T061849980743Z-d1794cbf,2026-09-16T06:18:49.980743+00:00,58499908a6af50344a1362c55c840a58cfd80d4373c7098c4c97a9e0271a573b,9eab0a418a59d45db45d451cd60b05233a7a4f1c756a49150fbd3e50c78ddd6a,changwon-transition-diagnosis-model/1.0.0,changwon-electre-pilot-v1,SCENARIO_REGISTERED,SCENARIO_REGISTERED,bef58985e0714e5a149bbbbf667ed271296f86fc1b7d056f18d3518723da70f0
철강,2022Q2,209,18,9475.0,9387.0,88.0,0.9374667092787892,20095.32,15842.77,26.842212567625488,S1,2.0,True,False,S1,S1->S1,0.0,0.0,0.0,0,False,False,False,False,0,False,False,False,False,0,False,False,False,False,S1,S1,N,N,SENSITIVE_1_0,1.0,COMPLETE,True,,,,ROUTABLE_S1,False,SINGLE_INDUSTRY_CATEGORY,-50.0,False,0.0,0.0,False,126.33333333333333,False,,75.0,75.0,79.0,0.0,0,2,False,8.108825140353279,-70.0,0.011990407673860911,False,,-5.620092714552079,93.62009271455207,81.38437066,op_rate_approx,True,0.8584704700000003,SAME_SOURCE,False,PPI_candidate_quarterly_yoy.csv,1,철강1차제품,30.216909652889832,30.216909652889832,-2.5915966630294274,-2.5915966630294274,OPPOSITE_ALL,COMPARABLE,S3,True,단일 후보·분류단계 민감,False,NOT_CONFIRMED,20260916T061849980743Z-d1794cbf,2026-09-16T06:18:49.980743+00:00,58499908a6af50344a1362c55c840a58cfd80d4373c7098c4c97a9e0271a573b,9eab0a418a59d45db45d451cd60b05233a7a4f1c756a49150fbd3e50c78ddd6a,changwon-transition-diagnosis-model/1.0.0,changwon-electre-pilot-v1,SCENARIO_REGISTERED,SCENARIO_REGISTERED,bef58985e0714e5a149bbbbf667ed271296f86fc1b7d056f18d3518723da70f0
철강,2022Q3,210,18,9443.0,9436.0,7.0,0.0741839762611329,17584.4,16108.686667,9.160978567067946,S1,3.0,True,False,S1,S1->S4,0.0,0.0,0.0,0,False,False,False,False,0,False,False,False,False,0,False,False,False,False,S1,N,N,N,SENSITIVE_0_5,0.5,COMPLETE,True,,,,ROUTABLE_S1,False,SINGLE_INDUSTRY_CATEGORY,-32.0,False,0.0,0.0,False,125.90666666666667,False,,75.0,75.0,80.0,0.0,0,3,False,8.163106527546054,-266.0,0.05453054530545305,False,,-21.647988270300573,28.647988270300573,69.31380158,op_rate_approx,True,-4.19336552,SAME_SOURCE,True,PPI_candidate_quarterly_yoy.csv,1,철강1차제품,10.491174399689251,10.491174399689251,-1.2038932881729303,-1.2038932881729303,OPPOSITE_ALL,COMPARABLE,S3,True,단일 후보·분류단계 민감,False,NOT_CONFIRMED,20260916T061849980743Z-d1794cbf,2026-09-16T06:18:49.980743+00:00,58499908a6af50344a1362c55c840a58cfd80d4373c7098c4c97a9e0271a573b,9eab0a418a59d45db45d451cd60b05233a7a4f1c756a49150fbd3e50c78ddd6a,changwon-transition-diagnosis-model/1.0.0,changwon-electre-pilot-v1,SCENARIO_REGISTERED,SCENARIO_REGISTERED,bef58985e0714e5a149bbbbf667ed271296f86fc1b7d056f18d3518723da70f0
철강,2022Q4,211,18,9158.0,9443.0,-285.0,-3.0181086519114664,15341.4745,18098.580001,-15.233822216149884,S4,1.0,False,True,S1,S4->S4,285.0,3.0181086519114664,15.233822216149884,1,False,False,False,False,1,False,False,False,False,1,False,False,False,False,S4,S4,S4,S4,STABLE_2_0,,COMPLETE,True,,,,ROUTABLE_S4,False,SINGLE_INDUSTRY_CATEGORY,-285.0,False,-1.0,-1.0,True,123.75675675675676,False,,74.0,75.0,79.0,-1.3333333333333308,1,4,True,8.152546446725362,-3381.0,0.7354796606482489,True,8.429458740017747,-275.91115163247315,-9.08884836752685,81.01602545241803,op_rate_approx,True,-2.335368847581961,SAME_SOURCE,False,PPI_candidate_quarterly_yoy.csv,1,철강1차제품,0.9007361346074604,0.9007361346074604,-15.99052590580995,-15.99052590580995,SAME_ALL,COMPARABLE,S4,True,단일 후보·분류단계 민감,False,NOT_CONFIRMED,20260916T061849980743Z-d1794cbf,2026-09-16T06:18:49.980743+00:00,58499908a6af50344a1362c55c840a58cfd80d4373c7098c4c97a9e0271a573b,9eab0a418a59d45db45d451cd60b05233a7a4f1c756a49150fbd3e50c78ddd6a,changwon-transition-diagnosis-model/1.0.0,changwon-electre-pilot-v1,SCENARIO_REGISTERED,SCENARIO_REGISTERED,bef58985e0714e5a149bbbbf667ed271296f86fc1b7d056f18d3518723da70f0
철강,2023Q1,212,18,9115.0,9525.0,-410.0,-4.304461942257221,16124.712499999998,18189.790001,-11.352948554581854,S4,2.0,False,True,S4,S4->S4,410.0,4.304461942257221,11.352948554581854,2,False,False,False,False,2,False,False,False,False,2,False,False,False,False,S4,S4,S4,S4,STABLE_2_0,,COMPLETE,True,,,,ROUTABLE_S4,False,SINGLE_INDUSTRY_CATEGORY,-43.0,False,1.0,0.0,False,121.53333333333333,False,,75.0,75.0,80.0,0.0,2,4,False,8.01508929592079,-3571.0,0.3711672383328136,True,11.48137776533184,-289.98733950585705,-120.01266049414295,90.27035056580856,op_rate_approx,True,4.858293955808563,SAME_SOURCE,True,PPI_candidate_quarterly_yoy.csv,1,철강1차제품,-1.117483056418167,-1.117483056418167,-10.351137708199332,-10.351137708199332,SAME_ALL,COMPARABLE,S4,True,단일 후보·분류단계 민감,False,NOT_CONFIRMED,20260916T061849980743Z-d1794cbf,2026-09-16T06:18:49.980743+00:00,58499908a6af50344a1362c55c840a58cfd80d4373c7098c4c97a9e0271a573b,9eab0a418a59d45db45d451cd60b05233a7a4f1c756a49150fbd3e50c78ddd6a,changwon-transition-diagnosis-model/1.0.0,changwon-electre-pilot-v1,SCENARIO_REGISTERED,SCENARIO_REGISTERED,bef58985e0714e5a149bbbbf667ed271296f86fc1b7d056f18d3518723da70f0
철강,2023Q2,213,18,9192.0,9475.0,-283.0,-2.9868073878628,17383.534499999998,20095.32,-13.494612178357956,S4,3.0,False,True,S4,S4->S4,283.0,2.9868073878628,13.494612178357956,3,False,False,False,False,3,False,False,False,False,3,False,False,False,False,S4,S4,S4,S4,STABLE_2_0,,COMPLETE,True,,,,ROUTABLE_S4,False,SINGLE_INDUSTRY_CATEGORY,77.0,True,0.0,0.0,False,122.56,False,,75.0,75.0,79.0,0.0,3,4,False,8.108680310515174,-3488.0,0.42966247844296623,True,8.113532110091743,-282.8358208955224,-0.16417910447762551,88.67485291161101,op_rate_approx,True,7.29048225161101,SAME_SOURCE,True,PPI_candidate_quarterly_yoy.csv,1,철강1차제품,-8.164937192790834,-8.164937192790834,-5.803529526359441,-5.803529526359441,SAME_ALL,COMPARABLE,S4,True,단일 후보·분류단계 민감,False,NOT_CONFIRMED,20260916T061849980743Z-d1794cbf,2026-09-16T06:18:49.980743+00:00,58499908a6af50344a1362c55c840a58cfd80d4373c7098c4c97a9e0271a573b,9eab0a418a59d45db45d451cd60b05233a7a4f1c756a49150fbd3e50c78ddd6a,changwon-transition-diagnosis-model/1.0.0,changwon-electre-pilot-v1,SCENARIO_REGISTERED,SCENARIO_REGISTERED,bef58985e0714e5a149bbbbf667ed271296f86fc1b7d056f18d3518723da70f0
철강,2023Q3,214,18,9191.0,9443.0,-252.0,-2.6686434395848724,15843.7605,17584.4,-9.898771069811884,S4,4.0,False,True,S4,,252.0,2.6686434395848724,9.898771069811884,4,False,False,False,False,4,False,False,False,False,4,False,False,False,False,S4,S4,S4,S4,STABLE_2_0,,COMPLETE,True,,,,ROUTABLE_S4,False,SINGLE_INDUSTRY_CATEGORY,-1.0,False,0.0,0.0,False,122.54666666666667,False,,75.0,75.0,80.0,0.0,4,4,False,8.098653602142958,-2191.0,0.2515210653197107,False,,-178.85366401853406,-73.14633598146594,71.41515073201658,op_rate_approx,True,2.1013491520165815,SAME_SOURCE,True,PPI_candidate_quarterly_yoy.csv,1,철강1차제품,-6.150566933286461,-6.150566933286461,-3.9938484592240253,-3.9938484592240253,SAME_ALL,COMPARABLE,S4,True,단일 후보·분류단계 민감,False,NOT_CONFIRMED,20260916T061849980743Z-d1794cbf,2026-09-16T06:18:49.980743+00:00,58499908a6af50344a1362c55c840a58cfd80d4373c7098c4c97a9e0271a573b,9eab0a418a59d45db45d451cd60b05233a7a4f1c756a49150fbd3e50c78ddd6a,changwon-transition-diagnosis-model/1.0.0,changwon-electre-pilot-v1,SCENARIO_REGISTERED,SCENARIO_REGISTERED,bef58985e0714e5a149bbbbf667ed271296f86fc1b7d056f18d3518723da70f0
철강,2023Q4,215,18,9184.0,9158.0,26.0,0.2839047827036367,,15341.4745,,INVALID,,False,False,S4,,0.0,0.0,,0,False,False,False,False,0,False,False,False,False,0,False,False,False,False,INVALID,INVALID,INVALID,INVALID,INVALID,,PROD_YOY_MISSING,False,PROD_YOY_MISSING,2023Q4_PRODUCTION_SOURCE_MISSING,,DATA_REVIEW,False,SINGLE_INDUSTRY_CATEGORY,-7.0,False,0.0,1.0,True,122.45333333333333,False,,75.0,74.0,81.0,1.3513513513513598,3,4,False,8.090845821109848,1178.0,0.12379150903741068,False,,96.03699714242477,-70.03699714242477,67.41598136385112,op_rate_approx,True,-13.600044088566918,SAME_SOURCE,,PPI_candidate_quarterly_yoy.csv,1,철강1차제품,,,,,NOT_COMPARABLE,NOMINAL_PRODUCTION_YOY_MISSING,,,단일 후보·분류단계 민감,False,NOT_CONFIRMED,20260916T061849980743Z-d1794cbf,2026-09-16T06:18:49.980743+00:00,58499908a6af50344a1362c55c840a58cfd80d4373c7098c4c97a9e0271a573b,9eab0a418a59d45db45d451cd60b05233a7a4f1c756a49150fbd3e50c78ddd6a,changwon-transition-diagnosis-model/1.0.0,changwon-electre-pilot-v1,SCENARIO_REGISTERED,SCENARIO_REGISTERED,bef58985e0714e5a149bbbbf667ed271296f86fc1b7d056f18d3518723da70f0
철강,2024Q1,216,18,9313.0,9115.0,198.0,2.1722435545803664,14707.2125,16124.712499999998,-8.790854410582504,S3,1.0,True,True,INVALID,S3->S3,0.0,0.0,8.790854410582504,0,False,False,False,False,0,False,False,False,False,0,False,False,False,False,S3,S3,S3,S3,STABLE_2_0,,COMPLETE,True,,,,ROUTABLE_S3,False,SINGLE_INDUSTRY_CATEGORY,129.0,False,-2.0,-2.0,True,127.57534246575342,False,,73.0,75.0,78.0,-2.6666666666666616,2,4,False,8.169871569934733,269.0,0.2506989748369059,False,,21.560590206026923,176.43940979397308,67.80483980236379,op_rate_approx,True,-22.46551076344477,SAME_SOURCE,False,PPI_candidate_quarterly_yoy.csv,1,철강1차제품,-6.950302585732615,-6.950302585732615,-1.9780309619445102,-1.9780309619445102,SAME_ALL,COMPARABLE,S3,True,단일 후보·분류단계 민감,False,NOT_CONFIRMED,20260916T061849980743Z-d1794cbf,2026-09-16T06:18:49.980743+00:00,58499908a6af50344a1362c55c840a58cfd80d4373c7098c4c97a9e0271a573b,9eab0a418a59d45db45d451cd60b05233a7a4f1c756a49150fbd3e50c78ddd6a,changwon-transition-diagnosis-model/1.0.0,changwon-electre-pilot-v1,SCENARIO_REGISTERED,SCENARIO_REGISTERED,bef58985e0714e5a149bbbbf667ed271296f86fc1b7d056f18d3518723da70f0
철강,2024Q2,217,18,9509.0,9192.0,317.0,3.4486510008703286,15230.0545,17383.534499999998,-12.388044560212986,S3,2.0,True,True,S3,S3->S3,0.0,0.0,12.388044560212986,0,False,False,False,False,0,False,False,False,False,0,False,False,False,False,S3,S3,S3,S3,STABLE_2_0,,COMPLETE,True,,,,ROUTABLE_S3,False,SINGLE_INDUSTRY_CATEGORY,196.0,False,1.0,-1.0,True,128.5,False,,74.0,75.0,79.0,-1.3333333333333308,1,4,False,8.176338575568147,2939.0,0.9702872235061076,True,10.785981626403538,238.31411432604094,78.68588567395906,68.83932144017402,op_rate_official,False,,MIXED_SOURCE_NOT_COMPUTED,,PPI_candidate_quarterly_yoy.csv,1,철강1차제품,-7.232553352089455,-7.232553352089455,-5.557435710924197,-5.557435710924197,SAME_ALL,COMPARABLE,S3,True,단일 후보·분류단계 민감,False,NOT_CONFIRMED,20260916T061849980743Z-d1794cbf,2026-09-16T06:18:49.980743+00:00,58499908a6af50344a1362c55c840a58cfd80d4373c7098c4c97a9e0271a573b,9eab0a418a59d45db45d451cd60b05233a7a4f1c756a49150fbd3e50c78ddd6a,changwon-transition-diagnosis-model/1.0.0,changwon-electre-pilot-v1,SCENARIO_REGISTERED,SCENARIO_REGISTERED,bef58985e0714e5a149bbbbf667ed271296f86fc1b7d056f18d3518723da70f0
철강,2024Q3,218,18,9743.0,9191.0,552.0,6.005875312806008,13822.2445,15843.7605,-12.759066889454685,S3,3.0,True,True,S3,,0.0,0.0,12.759066889454685,0,False,False,False,False,0,False,False,False,False,0,False,False,False,False,S3,S3,S3,S3,STABLE_2_0,,COMPLETE,True,,,,ROUTABLE_S3,False,SINGLE_INDUSTRY_CATEGORY,234.0,False,0.0,-1.0,True,131.66216216216216,False,,74.0,75.0,80.0,-1.3333333333333308,0,4,False,8.36797444001649,2944.0,0.9602087410306588,True,18.75,238.42436204708866,313.57563795291134,61.345881396169744,op_rate_official,False,,MIXED_SOURCE_NOT_COMPUTED,,PPI_candidate_quarterly_yoy.csv,1,철강1차제품,-5.567913086234732,-5.567913086234732,-7.615159251734916,-7.615159251734916,SAME_ALL,COMPARABLE,S3,True,단일 후보·분류단계 민감,False,NOT_CONFIRMED,20260916T061849980743Z-d1794cbf,2026-09-16T06:18:49.980743+00:00,58499908a6af50344a1362c55c840a58cfd80d4373c7098c4c97a9e0271a573b,9eab0a418a59d45db45d451cd60b05233a7a4f1c756a49150fbd3e50c78ddd6a,changwon-transition-diagnosis-model/1.0.0,changwon-electre-pilot-v1,SCENARIO_REGISTERED,SCENARIO_REGISTERED,bef58985e0714e5a149bbbbf667ed271296f86fc1b7d056f18d3518723da70f0
철강,2024Q4,219,18,9737.0,9184.0,553.0,6.021341463414642,14687.109940000002,,,INVALID,,False,False,S3,,0.0,0.0,,0,False,False,False,False,0,False,False,False,False,0,False,False,False,False,INVALID,INVALID,INVALID,INVALID,INVALID,,PROD_YOY_MISSING,False,PROD_YOY_MISSING,2023Q4_PRODUCTION_SOURCE_MISSING,LAG4_FROM_2023Q4_SOURCE_MISSING,DATA_REVIEW,False,SINGLE_INDUSTRY_CATEGORY,-6.0,False,1.0,0.0,False,129.82666666666665,False,,75.0,75.0,79.0,0.0,0,4,False,8.498437690924643,1063.0,0.4816492976891708,True,52.02257761053622,86.00569107839769,466.9943089216023,65.23667062871093,op_rate_official,False,,MIXED_SOURCE_NOT_COMPUTED,,PPI_candidate_quarterly_yoy.csv,1,철강1차제품,,,,,NOT_COMPARABLE,NOMINAL_PRODUCTION_YOY_MISSING,,,단일 후보·분류단계 민감,False,NOT_CONFIRMED,20260916T061849980743Z-d1794cbf,2026-09-16T06:18:49.980743+00:00,58499908a6af50344a1362c55c840a58cfd80d4373c7098c4c97a9e0271a573b,9eab0a418a59d45db45d451cd60b05233a7a4f1c756a49150fbd3e50c78ddd6a,changwon-transition-diagnosis-model/1.0.0,changwon-electre-pilot-v1,SCENARIO_REGISTERED,SCENARIO_REGISTERED,bef58985e0714e5a149bbbbf667ed271296f86fc1b7d056f18d3518723da70f0
철강,2025Q1,220,18,9753.0,9313.0,440.0,4.724578546118319,13044.26,14707.2125,-11.307054276940642,S3,1.0,True,False,INVALID,S3->S1,0.0,0.0,11.307054276940642,0,False,False,False,False,0,False,False,False,False,0,False,False,False,False,S3,S3,S3,S3,STABLE_2_0,,COMPLETE,True,,,,ROUTABLE_S3,False,SINGLE_INDUSTRY_CATEGORY,16.0,False,1.0,3.0,True,128.32894736842104,False,,76.0,73.0,80.0,4.109589041095885,0,4,False,8.34231460097511,2918.0,0.498122226015705,True,15.078821110349555,238.3968524106955,201.6031475893045,53.45114423489843,op_rate_official,False,,MIXED_SOURCE_NOT_COMPUTED,,PPI_candidate_quarterly_yoy.csv,1,철강1차제품,-2.761627906976727,-2.761627906976727,-8.788121588243902,-8.788121588243902,SAME_ALL,COMPARABLE,S3,True,단일 후보·분류단계 민감,False,NOT_CONFIRMED,20260916T061849980743Z-d1794cbf,2026-09-16T06:18:49.980743+00:00,58499908a6af50344a1362c55c840a58cfd80d4373c7098c4c97a9e0271a573b,9eab0a418a59d45db45d451cd60b05233a7a4f1c756a49150fbd3e50c78ddd6a,changwon-transition-diagnosis-model/1.0.0,changwon-electre-pilot-v1,SCENARIO_REGISTERED,SCENARIO_REGISTERED,bef58985e0714e5a149bbbbf667ed271296f86fc1b7d056f18d3518723da70f0
철강,2025Q2,221,18,9801.0,9509.0,292.0,3.0707750552108504,15438.65,15230.0545,1.369630686482437,S1,1.0,False,False,S3,S1->S2,0.0,0.0,0.0,0,False,False,False,False,0,False,False,False,False,0,False,False,False,False,S1,S1,S1,N,SENSITIVE_2_0,2.0,COMPLETE,True,,,,ROUTABLE_S1,False,SINGLE_INDUSTRY_CATEGORY,48.0,False,-1.0,1.0,True,130.68,False,,75.0,74.0,79.0,1.3513513513513598,0,4,False,8.22493748006915,2863.0,0.3998044965786901,True,10.199091861683549,234.08857341851603,57.911426581483965,63.43900714,op_rate_official,False,-5.400314300174017,SAME_SOURCE,True,PPI_candidate_quarterly_yoy.csv,1,철강1차제품,-2.6481248613063224,-2.6481248613063224,4.127044848458028,4.127044848458028,SAME_ALL,COMPARABLE,S1,True,단일 후보·분류단계 민감,False,NOT_CONFIRMED,20260916T061849980743Z-d1794cbf,2026-09-16T06:18:49.980743+00:00,58499908a6af50344a1362c55c840a58cfd80d4373c7098c4c97a9e0271a573b,9eab0a418a59d45db45d451cd60b05233a7a4f1c756a49150fbd3e50c78ddd6a,changwon-transition-diagnosis-model/1.0.0,changwon-electre-pilot-v1,SCENARIO_REGISTERED,SCENARIO_REGISTERED,bef58985e0714e5a149bbbbf667ed271296f86fc1b7d056f18d3518723da70f0
철강,2025Q3,222,18,9690.0,9743.0,-53.0,-0.5439802935440774,15478.16,13822.2445,11.980076752368252,S2,1.0,False,True,S1,S2->S2,53.0,0.5439802935440774,0.0,1,False,True,False,False,1,False,True,False,False,0,False,False,False,False,S2,S2,N,N,SENSITIVE_1_0,1.0,COMPLETE,True,,,,ROUTABLE_S2,False,SINGLE_INDUSTRY_CATEGORY,-111.0,False,0.0,1.0,True,129.2,False,,75.0,74.0,79.0,1.3513513513513598,1,4,True,8.308040537064663,202.0,0.04713019132057863,False,,16.90330836883331,-69.90330836883331,64.23976399,op_rate_official,False,2.8938825938302557,SAME_SOURCE,False,PPI_candidate_quarterly_yoy.csv,1,철강1차제품,-2.675361384542929,-2.675361384542929,15.058302137464707,15.058302137464707,SAME_ALL,COMPARABLE,S2,True,단일 후보·분류단계 민감,False,NOT_CONFIRMED,20260916T061849980743Z-d1794cbf,2026-09-16T06:18:49.980743+00:00,58499908a6af50344a1362c55c840a58cfd80d4373c7098c4c97a9e0271a573b,9eab0a418a59d45db45d451cd60b05233a7a4f1c756a49150fbd3e50c78ddd6a,changwon-transition-diagnosis-model/1.0.0,changwon-electre-pilot-v1,SCENARIO_REGISTERED,SCENARIO_REGISTERED,bef58985e0714e5a149bbbbf667ed271296f86fc1b7d056f18d3518723da70f0
철강,2025Q4,223,18,9671.0,9737.0,-66.0,-0.6778268460511438,15378.82,14687.109940000002,4.7096403773498,S2,2.0,False,True,S2,S2->S2,66.0,0.6778268460511438,0.0,2,False,True,False,False,2,False,True,False,False,0,False,False,False,False,S2,S2,N,N,SENSITIVE_1_0,1.0,COMPLETE,True,,,,ROUTABLE_S2,False,SINGLE_INDUSTRY_CATEGORY,-19.0,False,-1.0,-1.0,True,130.6891891891892,False,,74.0,75.0,78.0,-1.3333333333333308,2,4,False,8.377004166414025,873.0,0.13470143496374015,False,,74.19136104177213,-140.19136104177213,62.87128794,op_rate_official,False,-2.3653826887109233,SAME_SOURCE,True,PPI_candidate_quarterly_yoy.csv,1,철강1차제품,-0.2419395915040922,-0.2419395915040922,4.963588855454715,4.963588855454715,SAME_ALL,COMPARABLE,S2,True,단일 후보·분류단계 민감,False,NOT_CONFIRMED,20260916T061849980743Z-d1794cbf,2026-09-16T06:18:49.980743+00:00,58499908a6af50344a1362c55c840a58cfd80d4373c7098c4c97a9e0271a573b,9eab0a418a59d45db45d451cd60b05233a7a4f1c756a49150fbd3e50c78ddd6a,changwon-transition-diagnosis-model/1.0.0,changwon-electre-pilot-v1,SCENARIO_REGISTERED,SCENARIO_REGISTERED,bef58985e0714e5a149bbbbf667ed271296f86fc1b7d056f18d3518723da70f0
철강,2026Q1,224,18,9675.0,9753.0,-78.0,-0.7997539218701943,20065.36,13044.26,53.82520740923593,S2,3.0,False,True,S2,S2->S2,78.0,0.7997539218701943,0.0,3,False,True,False,False,3,False,True,False,False,0,False,False,False,False,S2,S2,N,N,SENSITIVE_1_0,1.0,COMPLETE,True,,,,ROUTABLE_S2,False,SINGLE_INDUSTRY_CATEGORY,4.0,True,1.0,-1.0,True,129.0,False,,75.0,76.0,80.0,-1.3157894736842146,3,4,False,8.41706903301579,-1965.0,0.978098556495769,True,3.969465648854962,-163.92648190916088,85.92648190916088,63.696158427106106,op_rate_official,False,10.245014192207677,SAME_SOURCE,False,PPI_candidate_quarterly_yoy.csv,1,철강1차제품,0.9475310987813844,0.9475310987813844,52.38134675994357,52.38134675994357,SAME_ALL,COMPARABLE,S2,True,단일 후보·분류단계 민감,False,NOT_CONFIRMED,20260916T061849980743Z-d1794cbf,2026-09-16T06:18:49.980743+00:00,58499908a6af50344a1362c55c840a58cfd80d4373c7098c4c97a9e0271a573b,9eab0a418a59d45db45d451cd60b05233a7a4f1c756a49150fbd3e50c78ddd6a,changwon-transition-diagnosis-model/1.0.0,changwon-electre-pilot-v1,SCENARIO_REGISTERED,SCENARIO_REGISTERED,bef58985e0714e5a149bbbbf667ed271296f86fc1b7d056f18d3518723da70f0
철강,2026Q2,225,18,9689.0,9801.0,-112.0,-1.1427405366799317,20479.17,15438.65,32.648709569813406,S2,4.0,False,True,S2,,112.0,1.1427405366799317,0.0,4,False,True,False,False,4,False,True,False,False,1,False,True,False,False,S2,S2,S2,N,SENSITIVE_2_0,2.0,COMPLETE,True,,,,ROUTABLE_S2,False,SINGLE_INDUSTRY_CATEGORY,14.0,True,-1.0,-1.0,True,130.93243243243242,False,,74.0,75.0,80.0,-1.3333333333333308,4,4,False,8.437690498998519,-4332.0,0.9648106904231626,True,2.585410895660203,-356.30429163659556,244.30429163659556,63.682159659013,op_rate_official,False,0.24315251901300172,SAME_SOURCE,False,PPI_candidate_quarterly_yoy.csv,1,철강1차제품,5.88101208114884,5.88101208114884,25.280923333212368,25.280923333212368,SAME_ALL,COMPARABLE,S2,True,단일 후보·분류단계 민감,False,NOT_CONFIRMED,20260916T061849980743Z-d1794cbf,2026-09-16T06:18:49.980743+00:00,58499908a6af50344a1362c55c840a58cfd80d4373c7098c4c97a9e0271a573b,9eab0a418a59d45db45d451cd60b05233a7a4f1c756a49150fbd3e50c78ddd6a,changwon-transition-diagnosis-model/1.0.0,changwon-electre-pilot-v1,SCENARIO_REGISTERED,SCENARIO_REGISTERED,bef58985e0714e5a149bbbbf667ed271296f86fc1b7d056f18d3518723da70f0
